shot_id,cohort,era,block,n_cal,n_pro,gasa_cal_min,gasa_cal_max,gasa_cal_median,gasa_pro_min,gasa_pro_max,gasa_pro_median,gasa_cal_absmax,gasa_pro_absmax,gasa_pro_over_cal_max,gasa_cal_sd,gasa_z_pro_max,gasb_cal_min,gasb_cal_max,gasb_cal_median,gasb_pro_min,gasb_pro_max,gasb_pro_median,gasb_cal_absmax,gasb_pro_absmax,gasb_pro_over_cal_max,gasb_cal_sd,gasb_z_pro_max,gasc_cal_min,gasc_cal_max,gasc_cal_median,gasc_pro_min,gasc_pro_max,gasc_pro_median,gasc_cal_absmax,gasc_pro_absmax,gasc_pro_over_cal_max,gasc_cal_sd,gasc_z_pro_max,gasd_cal_min,gasd_cal_max,gasd_cal_median,gasd_pro_min,gasd_pro_max,gasd_pro_median,gasd_cal_absmax,gasd_pro_absmax,gasd_pro_over_cal_max,gasd_cal_sd,gasd_z_pro_max,pinj_cal_min,pinj_cal_max,pinj_cal_median,pinj_pro_min,pinj_pro_max,pinj_pro_median,pinj_cal_absmax,pinj_pro_absmax,pinj_pro_over_cal_max,pinj_cal_sd,pinj_z_pro_max,tinj_cal_min,tinj_cal_max,tinj_cal_median,tinj_pro_min,tinj_pro_max,tinj_pro_median,tinj_cal_absmax,tinj_pro_absmax,tinj_pro_over_cal_max,tinj_cal_sd,tinj_z_pro_max,operational_state
160715,development,earlier,A,291,73,0.0760740931807382,4.778950750130609,0.4151940175096559,0.0912670063680912,1.8404090494830323,1.0174864297574302,4.778950750130609,1.8404090494830323,0.3851073479743924,1.1696719360280454,0.8189649370909867,-0.279508773006947,0.4077084675540774,-0.0173526516943225,-0.7160050490596873,1.95239808211518,-0.0556338208942558,0.4077084675540774,1.95239808211518,4.7887111440878245,0.1007409904197674,19.365387812662902,-0.0550670808400736,0.0573784403821961,-0.0013266420384589,-0.0459101698074338,0.0628227733320974,0.0001335926731931,0.0573784403821961,0.0628227733320974,1.094884645062445,0.0171424358825772,3.68956751834572,-0.0146521497848821,0.0145089901668145,-0.0013584683430318,-0.0193671989640106,0.0137747935926205,-0.0010122990557656,0.0146521497848821,0.0193671989640106,0.9493971278667456,0.0055639526832325,3.260599902816467,1958.2992807946891,11189.986913616412,6301.052992786641,9343.775567732187,11230.892267683375,11110.901592933466,11189.986913616412,11230.892267683375,1.0036555318949647,2290.356880209781,2.0876329738422,1.2433615217719,8.949895778587955,4.872345885966284,7.788798088517429,8.968801814128975,8.879683650378759,8.949895778587955,8.968801814128975,1.0021124308046414,1.8931223685754448,2.093759837299468,NOT_ASSIGNED__NO_RULE_FROZEN
160715,development,earlier,B,437,73,0.0760740931807382,4.778950750130609,0.6308156599301508,1.6576137785544678,2.33724933460786,2.0365480983610147,4.778950750130609,2.33724933460786,0.4890716512498026,1.0785431437563624,1.1535198037590253,-0.7160050490596873,1.95239808211518,-0.0226061505243171,-0.8523368670011263,2.8038303156741264,-0.0539503814701089,1.95239808211518,2.8038303156741264,1.4360956104999478,0.1811492587257689,15.477454744926154,-0.0550670808400736,0.0628227733320974,-0.0015912195003185,-0.0448431221826951,0.0434442948183648,-0.0012061586758077,0.0628227733320974,0.0448431221826951,0.6915373600064914,0.0174712780029594,2.5420558697727853,-0.0193671989640106,0.0145089901668145,-0.0012728418907543,-0.0198209029688264,0.0120662716602954,-0.0014564340429804,0.0193671989640106,0.0198209029688264,0.8316410392153861,0.0057317233952824,3.225706716880531,1958.2992807946891,11234.708321498214,8160.6590678836865,9328.071421127455,11232.08027704764,11100.684812081692,11234.708321498214,11232.08027704764,0.9997660780880672,2874.775732560357,1.1267054640108625,1.2433615217719,8.991550016376712,6.335913106481689,7.776865188631557,8.983392284693663,8.87921497865239,8.991550016376712,8.983392284693663,0.9990927335478098,2.386861704104447,1.127540242220167,NOT_ASSIGNED__NO_RULE_FROZEN
160715,development,earlier,C,583,73,0.0760740931807382,4.778950750130609,1.374905583966206,0.5564911218327419,1.5841707012267,1.1674558794346983,4.778950750130609,1.5841707012267,0.3314892293425298,1.0125017331171564,0.7466895225661964,-1.099611298358229,3.894939697293165,-0.0298547271225165,-1.307534835881856,4.171098927588274,-0.085740153767844,3.894939697293165,4.171098927588274,1.0709020554251534,0.3339100913354721,12.492602870939344,-0.0550670808400736,0.0628227733320974,-0.0014615828863789,-0.0410275317782912,0.0513964536580606,-0.0036919293916195,0.0628227733320974,0.0513964536580606,0.818118190777183,0.0173962635604214,2.9791337021816986,-0.0198209029688264,0.0145089901668145,-0.0013708430887974,-0.0154546575576373,0.0082254746935066,-0.0009825182945743,0.0198209029688264,0.0154546575576373,0.5669226182481134,0.0057124763406501,2.468763281456704,1958.2992807946891,11234.708321498214,11011.006995303998,9365.070392637368,11217.902948182007,11088.2144096738,11234.708321498214,11217.902948182007,0.9985041557969024,2825.8084779039395,0.868842683531447,1.2433615217719,8.991550016376712,8.800229560615154,7.801947343373204,8.976582324498642,8.869192839898416,8.991550016376712,8.976582324498642,0.9983353602158906,2.347920444228645,0.8697269902006326,NOT_ASSIGNED__NO_RULE_FROZEN
160720,development,earlier,A,292,73,0.0937906390267233,4.386794858325228,0.2662135294352349,0.96416812782348,2.920282680092954,2.8800553621714577,4.386794858325228,2.920282680092954,0.6656984824696925,1.0282780372074682,2.1306620602323814,-0.1849197854156864,0.5256669367175297,-0.0091793036237324,-1.048741078098484,3.830067590787088,-0.0270107610093732,0.5256669367175297,3.830067590787088,7.286110887444301,0.0891446356926367,42.90648156917975,-0.0661507642109767,0.0687058819778407,-0.0033858103251498,-0.050033743334454,0.0429813349585197,0.0005488892516821,0.0687058819778407,0.050033743334454,0.6255845019554835,0.017950243891305,2.663422806308772,-0.0212548329987137,0.0150109329862084,-0.0041063177884905,-0.0190756870352034,0.0103222530727618,-0.002445089456516,0.0212548329987137,0.0190756870352034,0.6876490010478095,0.005326156991987,2.8781184663838206,1497.0081758096935,11202.212024344662,6289.741277877042,9225.383174119122,11254.35385104094,11114.452702369288,11202.212024344662,11254.35385104094,1.0046546009469346,2289.7786476579563,2.10972858377095,1.2378053731047944,8.940969889698717,4.828265039649235,7.6764878722723,8.989753753289692,8.879584395140588,8.940969889698717,8.989753753289692,1.005456216069711,1.9049078782471656,2.103436356060897,NOT_ASSIGNED__NO_RULE_FROZEN
160720,development,earlier,B,438,72,0.0937906390267233,4.386794858325228,0.7193559189791994,2.8465168852455296,2.963567704486478,2.900315709944121,4.386794858325228,2.963567704486478,0.6755656008993082,1.264400458947313,1.2699470280827905,-1.048741078098484,3.830067590787088,-0.0133934430500814,-0.4877282361065658,1.511195290680947,-0.0077832188086322,3.830067590787088,1.511195290680947,0.3945609979092804,0.2334454274758847,6.456974089355216,-0.0661507642109767,0.0733483028191283,-0.0025479265417515,-0.0437347984203251,0.0537731890330381,-0.0014895600181675,0.0733483028191283,0.0537731890330381,0.7331211080048972,0.0180637521978377,3.0742493603937566,-0.0212548329987137,0.0150109329862084,-0.0036456683176487,-0.016540444169498,0.0137733147558572,-0.0030988726881651,0.0212548329987137,0.016540444169498,0.9175522113456732,0.0057144464092664,3.034011283010688,1497.0081758096935,13290.129881898352,8011.457516276533,10301.43667756035,13206.76891463982,11112.820126474617,13290.129881898352,13206.76891463982,0.993727603266536,2934.430916156786,1.7713163903300844,1.2378053731047944,8.989753753289692,6.251856140328755,7.05989741454049,8.989596947729067,8.876295835331241,8.989753753289692,8.989596947729067,0.9999825573019095,2.3846081633069462,1.1470024078449783,NOT_ASSIGNED__NO_RULE_FROZEN
160720,development,earlier,C,584,73,0.0937906390267233,4.386794858325228,2.3852429571102407,2.8731197825436268,2.931736036612994,2.896719679132149,4.386794858325228,2.931736036612994,0.6683093537071072,1.2822318614421706,0.9270837017030916,-1.048741078098484,3.830067590787088,-0.0135850475698719,-0.7808976833195626,2.6297258171755344,-0.0374778806190576,3.830067590787088,2.6297258171755344,0.686600367967689,0.2179260670654892,12.050897866280662,-0.0661507642109767,0.0733483028191283,-0.0028213299881679,-0.0741217568912993,0.0807264567987827,-0.0046503754610481,0.0733483028191283,0.0807264567987827,1.1005906571260191,0.0196715332721113,4.199033055333991,-0.0212548329987137,0.0163326436178748,-0.0036831310595496,-0.0161162417658605,0.0113013489239599,-0.004654810122749,0.0212548329987137,0.0161162417658605,0.6919485411162399,0.0059512285421973,2.51197732049514,1497.0081758096935,13290.129881898352,11026.741303147646,9281.151172520602,13287.340080866046,13114.77721242816,13290.129881898352,13287.340080866046,0.9997900847428056,2937.559202199258,1.5148213379605573,1.2378053731047944,8.989753753289692,7.860620339775444,7.483271668393408,8.958070738183418,7.597008033495095,8.989753753289692,8.958070738183418,0.996475652617884,2.329407233314477,0.8993421589823042,NOT_ASSIGNED__NO_RULE_FROZEN
161138,development,earlier,A,152,38,0.071546049777234,3.653175753494647,0.0877135145069822,0.0712070448579396,0.0845209749116826,0.0778072360965645,3.653175753494647,0.0845209749116826,0.0231363012936975,1.069509888181721,0.4504581284532485,-0.092138438527217,0.2773251234532162,0.0015729382116191,-0.0695967416270309,0.0407349264602727,0.0021883822500279,0.2773251234532162,0.0695967416270309,0.1468850926776728,0.0287633676871569,2.574861896380233,-0.0031738871900789,0.0474252642553444,0.0165688626253693,-0.0051320001923439,0.0326609941456252,0.0089657932959206,0.0474252642553444,0.0326609941456252,0.6886834403235744,0.0084179819303344,2.6138414722794865,-0.0176429459184377,0.00344876838716,-0.0063150305354088,-0.0135181064405288,0.0024053038526871,-0.0055860037067851,0.0176429459184377,0.0135181064405288,0.6974385005505641,0.0035305923509415,2.444926353761767,3644.7574248691526,5424.521570649525,3701.4860664355338,3639.071956585267,3764.37446708587,3696.6721678433687,5424.521570649525,3764.37446708587,0.6939551107057593,664.6052497912219,0.5745143128940745,2.456780709043967,4.119753850712147,3.1439097149056874,2.3401095573887973,3.538914230073393,2.9268835974890344,4.119753850712147,3.538914230073393,0.8590110861748816,0.5086182609394092,1.5657955750403636,NOT_ASSIGNED__NO_RULE_FROZEN
161138,development,earlier,B,228,38,0.0673253218247536,3.653175753494647,0.0821526185086718,0.0664276610022375,0.0844738554426873,0.0746513523593056,3.653175753494647,0.0844738554426873,0.0231234030724854,0.9017259049352302,0.3632926092854561,-0.092138438527217,0.2773251234532162,0.0019776745636181,-0.1166390979663198,0.2285861109868074,-0.0005260976050011,0.2773251234532162,0.2285861109868074,0.8242531658887697,0.025417269039843,8.839635252353382,-0.0081884425178367,0.0474252642553444,0.0133435928279757,-0.0082507349192246,0.0143751024407858,0.001615029256707,0.0474252642553444,0.0143751024407858,0.3031106450643737,0.0093276284090499,2.355907958677759,-0.0176429459184377,0.00344876838716,-0.0063150305354088,-0.0142409708073753,0.0010278366337506,-0.0056280150627673,0.0176429459184377,0.0142409708073753,0.2980300554764291,0.0035333059050631,2.2616816703508014,3639.071956585267,5424.521570649525,3700.6296938611463,3637.507637668488,3751.367212310275,3695.174401325528,5424.521570649525,3751.367212310275,0.6915572485890386,564.0728689923342,0.4878685211473046,2.3401095573887973,4.119753850712147,3.1439097149056874,2.473558448433588,3.378189593167125,2.929209913333884,4.119753850712147,3.378189593167125,0.8199979211338478,0.521434263100558,1.1414256129703482,NOT_ASSIGNED__NO_RULE_FROZEN
161138,development,earlier,C,304,38,0.0655133388632966,3.653175753494647,0.0793448810435206,0.0617154836327335,0.0846104377763227,0.0737852624964857,3.653175753494647,0.0846104377763227,0.0231607903603827,0.7930942085512802,0.318224693926499,-0.1166390979663198,0.2773251234532162,0.0018902246617463,-0.0281903057202487,0.0970039079100099,0.0008010162355813,0.2773251234532162,0.0970039079100099,0.3497840610404493,0.0271299522855743,3.4346198810842625,-0.0082507349192246,0.0474252642553444,0.0099064332661163,-0.0183353096137635,0.0032791610214937,-0.0028305888785637,0.0474252642553444,0.0183353096137635,0.0691437585637529,0.0101517839691718,2.8387207248876587,-0.0176429459184377,0.00344876838716,-0.006068474664173,-0.0173812768165522,3.9431043650931146e-05,-0.0063974309593783,0.0176429459184377,0.0173812768165522,0.0114333696045622,0.0035828547550093,3.152059785113745,3625.662843532475,5424.521570649525,3699.522416750125,3617.05291806611,3778.4420938243247,3697.579197071969,5424.521570649525,3778.4420938243247,0.6965484503312427,497.91489342597856,0.4840059271308228,2.3401095573887973,4.119753850712147,3.1439097149056874,2.69371177522998,3.183745272263597,2.929785786978137,4.119753850712147,3.183745272263597,0.7727998777677578,0.4875862384150504,0.6995210246528639,NOT_ASSIGNED__NO_RULE_FROZEN
165022,development,earlier,A,292,73,0.0579131142259042,4.700728473055598,0.1050333154033031,0.0874452103876639,3.5506779666963246,1.5893809471212432,4.700728473055598,3.5506779666963246,0.7553463228196821,1.614594624046588,1.27513470722152,-0.0352270380712113,0.0232382847398429,-0.0049071538362187,-0.0280829598392707,0.0123540571612599,-0.0063366014304814,0.0352270380712113,0.0280829598392707,0.5316251736978856,0.008216534715558,2.775070617622926,-0.087050121701675,0.1382978397913375,-0.0068823401444226,-0.0715146020292957,0.0569258660111516,-0.0085883295695214,0.1382978397913375,0.0715146020292957,0.4116178972646346,0.0321907961640452,2.088221074022271,-0.05883163956621,0.3088017948059338,-0.0192638300539278,-0.0568532673617577,0.1881411296368034,-0.0237570560808392,0.3088017948059338,0.1881411296368034,0.6092617750328833,0.0557339874482369,3.411988252276261,1533.6621996476033,10945.119656990591,6171.896197059072,8335.917714316784,11039.774026263462,10863.251582987205,10945.119656990591,11039.774026263462,1.008648089033217,2181.6432737879195,2.1704652253608385,1.1187906305370867,8.897944819458251,4.7413235703161165,6.498640960883321,8.975361791514633,8.832073726580838,8.897944819458251,8.975361791514633,1.008700545308742,1.8484803200626567,2.147669099328633,NOT_ASSIGNED__NO_RULE_FROZEN
165022,development,earlier,B,438,72,0.0579131142259042,4.700728473055598,1.8072232599380045,1.023650226833917,3.823654623306175,3.6985694246914194,4.700728473055598,3.823654623306175,0.813417461830272,1.593088239087661,1.2320479847733756,-0.0352270380712113,0.0232382847398429,-0.0050643249964634,-0.019882694160693,0.0118585312618797,-0.0066341681883758,0.0352270380712113,0.019882694160693,0.5103014871638895,0.0081669802262361,2.1198840362966536,-0.087050121701675,0.1382978397913375,-0.006375071851905,-0.0518733835514319,0.0346122459216481,-0.0083474696238723,0.1382978397913375,0.0518733835514319,0.2502732217211112,0.030128155864386,1.5580503322651882,-0.05883163956621,0.3088017948059338,-0.0210958684761899,-0.0257850923389205,0.1289584466782277,-0.012365710723524,0.3088017948059338,0.1289584466782277,0.4176091228979789,0.0541306447119378,2.4500658113467817,1533.6621996476033,11039.774026263462,7850.925291945171,7475.026270195981,11039.523816588006,10864.553119394855,11039.774026263462,11039.523816588006,0.9999773356162128,2690.054196418094,1.242111027235737,1.1187906305370867,8.975361791514633,6.34154664394392,5.454988976789183,8.97206130321757,8.835795833235412,8.975361791514633,8.97206130321757,0.9996322723948372,2.2693268128317814,1.232035853638696,NOT_ASSIGNED__NO_RULE_FROZEN
165022,development,earlier,C,584,73,0.0579131142259042,4.700728473055598,2.842289097062942,2.824318441389068,3.787985010355447,3.7708822309116328,4.700728473055598,3.787985010355447,0.8058293585915539,1.5659580040445855,0.9828498299295269,-0.0352270380712113,0.0232382847398429,-0.0053498853613071,-0.0224990881252131,0.0102901888087297,-0.0066018804483149,0.0352270380712113,0.0224990881252131,0.4428118909777738,0.0078671046645719,2.140195238645002,-0.087050121701675,0.1382978397913375,-0.0065752758132151,-0.0414021397394222,0.0426413731720595,-0.0079296878046725,0.1382978397913375,0.0426413731720595,0.3083300016572672,0.0285151197606485,1.6895431145059794,-0.05883163956621,0.3088017948059338,-0.0159194644536628,-0.0449402494548105,0.2166181834684268,-0.0188669218357341,0.3088017948059338,0.2166181834684268,0.7014796776183259,0.0487487352201822,4.531862883945368,1533.6621996476033,11039.774026263462,9140.234669710266,6794.795326620219,11088.759641479935,10152.071096607298,11039.774026263462,11088.759641479935,1.0044371936508791,2637.5191840454136,1.0327147666625542,1.1187906305370867,8.975361791514633,7.442649771132338,5.786784027380369,9.00554228344931,8.37739491831984,8.975361791514633,9.00554228344931,1.0033625933567614,2.225256025120872,1.0190525472314038,NOT_ASSIGNED__NO_RULE_FROZEN
165028,development,earlier,A,292,73,0.0691993530663772,4.685899107566611,0.3769369114681937,1.6228335268699563,4.490142508269499,2.780865203762739,4.685899107566611,4.490142508269499,0.9582243247659749,1.448095462376943,2.2395911399155946,-0.0340162288354589,0.0215565363941508,-0.0052803571583066,-0.0425457085179757,0.0283560931292249,-0.0080546601615155,0.0340162288354589,0.0425457085179757,1.3154290007795093,0.0067086144154958,5.530311311872872,-0.0913248455649635,0.1179423210491596,-0.0066295436584167,-0.0536302787350419,0.0718846609387739,-0.0099853294846197,0.1179423210491596,0.0718846609387739,0.6094899633933066,0.0315388648560291,2.4297465956258586,-0.0702915133561792,0.2528777579386428,-0.0208716114796297,-0.0708529474438632,0.305361667739729,-0.0337829509056052,0.2528777579386428,0.305361667739729,1.207546564114273,0.0558534952964895,5.520318416660615,1856.8175975120812,10960.126756837391,6320.220199530866,9318.214427869403,11014.351534480242,10895.71420157044,10960.126756837391,11014.351534480242,1.004947458988923,2194.4064518527057,2.066170582374488,1.1750784451796217,8.914165935069681,5.095125430137215,7.864930385030849,8.94222546569964,8.861855203795717,8.914165935069681,8.94222546569964,1.0031477460521088,1.8831846877325715,2.04337047877682,NOT_ASSIGNED__NO_RULE_FROZEN
165028,development,earlier,B,438,72,0.0691993530663772,4.685899107566611,1.6749434753766272,0.0848040570353012,4.723703143074214,1.0070027575361844,4.685899107566611,4.723703143074214,1.0080676161905746,1.409019723034085,2.156510283563662,-0.0468719545660585,0.0343405296082322,-0.0057275160815977,-0.0394149283455442,0.0272011387177174,-0.0077863044734869,0.0468719545660585,0.0394149283455442,0.7921001518624414,0.0113721420716967,2.934687908116476,-0.0913248455649635,0.1179423210491596,-0.0076759267461935,-0.0684502585433901,0.0669552355525872,-0.0080224436895764,0.1179423210491596,0.0684502585433901,0.5676947422857617,0.029820362221568,2.4289877178707893,-0.0708529474438632,0.305361667739729,-0.0218887217605067,-0.0872727497382944,0.2891622834479588,-0.0329216063088186,0.305361667739729,0.2891622834479588,0.9469501708853072,0.0604153107704751,4.80943844715853,1856.8175975120812,11067.187281670733,8200.614800811507,9336.557462333143,11069.257367323897,10904.928353447469,11067.187281670733,11069.257367323897,1.0001870471331586,2739.534653928049,1.1411872864421864,1.1750784451796217,8.986787681840552,6.484126203168881,7.883601158101438,8.997491880974627,8.871439638881125,8.986787681840552,8.997491880974627,1.0011911040421824,2.345117183805592,1.131116058701375,NOT_ASSIGNED__NO_RULE_FROZEN
165028,development,earlier,C,584,73,0.0691993530663772,4.723703143074214,1.6809160757807011,0.1006876351728753,4.809693309024426,2.515804861311302,4.723703143074214,4.809693309024426,1.018203973311974,1.4506052545924513,2.1080287581726496,-0.047976127311008,0.0343405296082322,-0.005704435395492,-0.0346973484154043,0.0244241267758747,-0.0043699683032048,0.047976127311008,0.0346973484154043,0.7112332586163636,0.0133514857998846,2.294771878819227,-0.0913248455649635,0.1179423210491596,-0.0082359775543328,-0.0643137720837899,0.0615140208289302,-0.0113099699602888,0.1179423210491596,0.0643137720837899,0.5215602023237322,0.0296062972475426,2.279030002303878,-0.0872727497382944,0.305361667739729,-0.024002112103456,-0.0479879746359965,0.2034546796485535,-0.0210529733253068,0.305361667739729,0.2034546796485535,0.6662744579387265,0.0637335746105181,3.23502661370442,1856.8175975120812,11069.257367323897,10809.781507517951,7471.134563729255,11081.08793168558,10909.062705791714,11069.257367323897,11081.08793168558,1.001068776700107,2689.7537337668805,0.900717801733175,1.1750784451796217,8.997491880974627,8.796255640741169,6.106068935804498,9.00793066981279,8.871978602664317,8.997491880974627,9.00793066981279,1.0011601887477373,2.300848918245879,0.8913987261020966,NOT_ASSIGNED__NO_RULE_FROZEN
165042,development,earlier,A,293,73,0.0520108206669391,4.782069635179991,0.4685295221390524,2.5085036192108774,4.757340027421619,4.184118229977567,4.782069635179991,4.757340027421619,0.9948286809592972,1.6157283331925272,2.0893599546480126,-0.0282342509302791,0.0254313049464642,-0.00431369201728,-0.0350913160984913,0.0248685912865909,-0.0058444569864625,0.0282342509302791,0.0350913160984913,0.9778731897141002,0.0074493573970016,4.1350928418432655,-0.0712121983151054,0.0779850315927023,-0.0065028437562576,-0.0367378280322137,0.063237562980696,-0.0133124702392399,0.0779850315927023,0.063237562980696,0.8108935995688393,0.0313512789443655,2.172172980825685,-0.0687155988052198,0.2098618022514604,-0.0164634482530922,-0.040747327931379,0.2150480569316891,-0.0174633179777139,0.2098618022514604,0.2150480569316891,1.0247127139126273,0.0453985208569322,4.826446607655623,1831.297660582519,11676.550461366143,5860.367336927678,7948.000991955532,13704.386232216628,10459.914638763408,11676.550461366143,13704.386232216628,1.17366736670731,2092.413279743089,3.614365793144367,1.162972514130595,6.619101971136234,3.8470420625428856,2.464473517615858,5.917256414087941,4.056725779044561,6.619101971136234,5.917256414087941,0.8939666498402933,1.0734436609596278,1.892917222373156,NOT_ASSIGNED__NO_RULE_FROZEN
165042,development,earlier,B,439,74,0.0520108206669391,4.782069635179991,2.204194824049597,2.910292837778446,4.76093001525366,4.355615985892909,4.782069635179991,4.76093001525366,0.995579399394184,1.8428529813418737,1.3587143546555018,-0.0419208495830301,0.0254313049464642,-0.0043547626104061,-0.0415574936535712,0.0288994632579499,-0.0024257559923466,0.0419208495830301,0.0415574936535712,1.1363735883308612,0.0112665195477049,3.273915983553658,-0.0712121983151054,0.0779850315927023,-0.0090471167985307,-0.0372538706368076,0.0538112403453421,-0.0075284824160816,0.0779850315927023,0.0538112403453421,0.6900201134287629,0.0273890625555582,2.161144674165231,-0.0687155988052198,0.2150480569316891,-0.017122711530943,-0.0550675330907578,0.2313838881506718,-0.0226115196700448,0.2150480569316891,0.2313838881506718,1.075963630883546,0.046093831136172,5.093119338772769,1831.297660582519,13704.386232216628,7451.228136985113,7859.193193561646,12912.076140147228,10893.378613168215,13704.386232216628,12912.076140147228,0.9421856565741836,2801.432213584533,1.879424696002882,1.162972514130595,7.047331529543632,3.940815823086369,2.550147244786936,6.4181389366406245,3.983646921164991,7.047331529543632,6.4181389366406245,0.9107190302790036,1.0361948743300218,2.3430740468567333,NOT_ASSIGNED__NO_RULE_FROZEN
165042,development,earlier,C,586,73,0.0520108206669391,4.782069635179991,3.615371146706764,2.7780778013932497,4.756194769304962,4.173896369797215,4.782069635179991,4.756194769304962,0.9945891909049844,1.825509393596505,1.095430313141769,-0.0419208495830301,0.043367887737533,-0.0044014113506561,-0.0785165534455517,0.1495467099521993,-0.0069856278969263,0.043367887737533,0.1495467099521993,3.4483281929078857,0.0133365179465744,11.560509380997107,-0.0712121983151054,0.0779850315927023,-0.0085859526820792,-0.031298975998875,0.0278532068861786,-0.007903386396366,0.0779850315927023,0.031298975998875,0.3571609361095014,0.0245473809839026,1.3625922231464604,-0.076300918568168,0.3565105600123932,-0.0183723463507342,-0.0640771272029882,0.2145538035297873,-0.0381812996146488,0.3565105600123932,0.2145538035297873,0.6018161243872522,0.0530338142152913,4.082240348278416,1831.297660582519,14084.303372266457,9348.490762523754,7842.588530814654,13918.721193764017,11034.451929367347,14084.303372266457,13918.721193764017,0.9882434953205784,2899.1838950117917,1.8742137900196272,1.162972514130595,7.057241696857833,4.008607594598509,2.530083512110944,7.066081417888176,4.313322205871609,7.057241696857833,7.066081417888176,1.001252574505742,1.039217704244887,2.889225259696063,NOT_ASSIGNED__NO_RULE_FROZEN
165861,development,earlier,A,292,73,0.0529828618605426,4.779832333515535,1.3431330716129382,0.3942625445179923,3.637404288684651,2.4395654604172266,4.779832333515535,3.637404288684651,0.7609899333036572,1.6967442627609166,1.1260987354829453,-0.0298661018788521,0.0300565399695988,-0.0021066916456149,-0.026179622716729,0.0257098599254145,-0.0043713440896924,0.0300565399695988,0.026179622716729,0.8553832194730075,0.0082608831919465,3.377784299990955,-0.0958437010002425,0.09068175245181,-0.0042735923263722,-0.0487245590548332,0.0601195126400524,-0.0062263564341931,0.0958437010002425,0.0601195126400524,0.6629725497640896,0.0278642834374326,2.216505793373305,-0.0092234010170759,0.0048078987882615,-0.0017771890674469,-0.0105853548736534,0.0029495173598297,-0.0024705195828004,0.0092234010170759,0.0105853548736534,0.6134732634203907,0.0021132696443322,4.169808042474444,1972.3758925393145,11468.596494359466,5920.173163331817,8092.372088534291,11540.190076297453,11378.892155898367,11468.596494359466,11540.190076297453,1.006242575713009,1914.6528594996803,2.8789457130298985,1.247211552355645,9.241887691672083,4.596363210630655,6.448957201732997,9.32420813501707,9.19926063589281,9.241887691672083,9.32420813501707,1.0089073191637206,1.6366914463133295,2.805724867188707,NOT_ASSIGNED__NO_RULE_FROZEN
165861,development,earlier,B,438,73,0.0529828618605426,4.779832333515535,2.243033663214586,3.671579403000553,4.738638349919385,4.52259318123629,4.779832333515535,4.738638349919385,0.9913817094990334,1.545651934623931,1.704305146734601,-0.0298661018788521,0.0300565399695988,-0.0026353425836698,-0.0351315783081221,0.0173273779201736,-0.0037668212310484,0.0300565399695988,0.0351315783081221,0.5764927678867802,0.0087049480929283,3.7561877325135526,-0.0958437010002425,0.09068175245181,-0.0049468649128973,-0.034873683984637,0.049588455758479,-0.0051599783340122,0.0958437010002425,0.049588455758479,0.5468405100004134,0.0258554096416638,2.010373820153976,-0.0105853548736534,0.0116331760490352,-0.0019693427833555,-0.0075221233881001,0.0011504055225741,-0.002697379829833,0.0116331760490352,0.0075221233881001,0.098890063876373,0.0024442141488001,2.2649976576229047,1972.3758925393145,11547.426095265026,7096.125905281556,9716.755079496876,11535.277401392508,11433.161938810235,11547.426095265026,11535.277401392508,0.9989479305801752,2819.530212364161,1.382481842857543,1.247211552355645,9.327357434801986,5.654616802554472,8.147285468966638,9.304136037075097,9.23408604947952,9.327357434801986,9.304136037075097,0.997510399071848,2.3722359433382096,1.3602294795954195,NOT_ASSIGNED__NO_RULE_FROZEN
165861,development,earlier,C,584,73,0.0529828618605426,4.779832333515535,2.989105527515413,2.5832101471714544,4.748132703673762,3.8939458375863176,4.779832333515535,4.748132703673762,0.9933680456489028,1.6421186867710051,1.282454910121606,-0.0351315783081221,0.0300565399695988,-0.0027005075910996,-0.0249587648757105,0.0172944158975389,-0.0035135221070537,0.0351315783081221,0.0249587648757105,0.5753961006500299,0.0086503503077813,2.581882111673195,-0.0958437010002425,0.09068175245181,-0.0049420913856897,-0.0316701818028727,0.0420261529572817,-0.0041599226532776,0.0958437010002425,0.0420261529572817,0.4634466342014643,0.0237071152831782,1.8885469993641524,-0.0105853548736534,0.0116331760490352,-0.0020691567209983,-0.0074382595275684,0.0027255337092396,-0.0031159308630295,0.0116331760490352,0.0074382595275684,0.2342897328941977,0.0024465337005045,2.152748522657526,1972.3758925393145,11559.069396712091,9465.043453415314,9133.14032607725,11526.131113909967,11431.55269632016,11559.069396712091,11526.131113909967,0.9971504381822042,2935.170814225732,1.005686255736162,1.247211552355645,9.32758525060192,7.736868193880358,6.97083234426946,9.301685834456714,9.23186277515568,9.32758525060192,9.301685834456714,0.9972233525130704,2.462270957061948,0.9919178010451088,NOT_ASSIGNED__NO_RULE_FROZEN
170396,development,earlier,A,130,33,0.0172135453021434,4.6592531217704405,1.2576003219427692,0.8265515356128711,1.855350709521574,1.7437380870293644,4.6592531217704405,1.855350709521574,0.3982077515497957,1.5518907751065532,0.4200359192504923,-0.0483858000250207,0.043133607169107,-0.000915579686331,-0.0435830277300803,0.0455433153377518,-0.0033974903949975,0.0483858000250207,0.0455433153377518,1.0558661407379506,0.0163238239405988,2.812664562829699,-0.0168003857398238,0.0277733224354324,-7.410452678471318e-05,-0.0109468465405716,0.0115840973286643,-0.001661900380474,0.0277733224354324,0.0115840973286643,0.4170944025726527,0.0066744583560862,1.7275465992332353,-0.0072279545794379,0.0216580510717854,-0.0002945963255737,-0.0039939285323153,0.010998577750673,-0.0017488535827958,0.0216580510717854,0.010998577750673,0.5078285998226868,0.0041862769166508,2.4927899510932727,651.3843107551628,11292.336588881546,5635.974830913334,8899.803303807592,11545.736402281029,11429.688480072931,11292.336588881546,11545.736402281029,1.022439980548311,2659.200087941728,2.1556792064668198,0.627117912549696,9.280824539969563,4.461690775914777,6.905700057809661,9.454871751320388,9.350934862631869,9.280824539969563,9.454871751320388,1.0187534211643867,2.1234507641638527,2.253109296952366,NOT_ASSIGNED__NO_RULE_FROZEN
170396,development,earlier,B,195,33,0.0172135453021434,4.6592531217704405,1.188369639173941,0.8734179841510248,1.8432283222988248,1.1504873154427795,4.6592531217704405,1.8432283222988248,0.3956059639014477,1.3257080882914951,0.3669855005525227,-0.0483858000250207,0.0455433153377518,-0.0011612045709619,-0.0268775025435656,0.0232094599401384,0.0034130293832397,0.0483858000250207,0.0268775025435656,0.5096128766212064,0.0163942063493773,1.592436821904851,-0.0168003857398238,0.0277733224354324,-0.0005092876156454,-0.0085612057232365,0.0048905259635937,-0.0004354725270411,0.0277733224354324,0.0085612057232365,0.176087177721112,0.0062574545185457,1.3734970431804816,-0.0072279545794379,0.0216580510717854,-0.0009647662313497,-0.0121949944759843,0.0058682151079111,-0.0017264550013704,0.0216580510717854,0.0121949944759843,0.2709484379947672,0.0038713590323138,3.164950756826752,651.3843107551628,11545.736402281029,7913.308463063083,10311.413669000169,11513.131469223325,11460.072245419726,11545.736402281029,11513.131469223325,0.9971760196212982,3349.0690000181976,1.168658758860834,0.627117912549696,9.454871751320388,6.3501608596336165,8.656977030665093,9.414735511847503,9.376028177770866,9.454871751320388,9.414735511847503,0.9957549673302256,2.7445286519425696,1.1866260069319416,NOT_ASSIGNED__NO_RULE_FROZEN
170396,development,earlier,C,260,33,0.0172135453021434,4.6592531217704405,1.3626674345560728,1.1488072259946769,1.9334420071023843,1.5212928504205243,4.6592531217704405,1.9334420071023843,0.4149682270036678,1.1729712067486648,0.4398112886425375,-0.0483858000250207,0.0455433153377518,0.0002171519589429,-0.0306898838536431,0.0325103334416822,-0.0045022641083572,0.0483858000250207,0.0325103334416822,0.7138332640165469,0.0160760754172157,2.088022715353274,-0.0168003857398238,0.0277733224354324,-0.0006104339918204,-0.0095366676487248,0.0069179038290532,-0.0018477595106282,0.0277733224354324,0.0095366676487248,0.249084489086102,0.0057530025360874,1.6004400811271562,-0.0121949944759843,0.0216580510717854,-0.0011280850175437,-0.0092779221715637,0.0043392613843631,-0.0020860474715618,0.0216580510717854,0.0092779221715637,0.2003532713991991,0.0038276393999861,2.322290267021049,651.3843107551628,11545.736402281029,10135.49391895496,10119.053491876428,11505.1358065885,11467.852075161902,11545.736402281029,11505.1358065885,0.9964834988191392,3333.4103878005662,0.8880144619387996,0.627117912549696,9.454871751320388,8.293016039322032,8.541912664791836,9.40833945528429,9.384341500358891,9.454871751320388,9.40833945528429,0.995078484694454,2.746315159503804,0.8947632956413153,NOT_ASSIGNED__NO_RULE_FROZEN
187017,development,earlier,A,240,60,-0.0139680988420143,1.5125517194106943,0.0241637217851837,0.0104670431432467,0.0392166763677992,0.0249474199125329,1.5125517194106943,0.0392166763677992,0.0259274944879759,0.1945045019109839,0.2387631789911747,-0.0938668737861246,1.7973629078764295,0.022874892878244,1.8202502832380143,3.830421736359725,2.8585856617968792,1.7973629078764295,3.830421736359725,2.131134296570824,0.4630117092588615,7.830080809654397,-0.0202681544522872,0.0224268436371251,-0.0007010432944453,-0.019197929830088,0.0165517979860423,-0.0007117088315024,0.0224268436371251,0.019197929830088,0.7380351089014908,0.0064113971472493,2.8776556293916307,-0.1250812782992487,0.8453543986202472,0.0093122510788818,-0.8676489340770509,1.0352544862599915,-0.0156525959670934,0.8453543986202472,1.0352544862599915,1.224639616177181,0.1120194991277988,8.834156812892283,3712.6936808748496,6848.197213732197,5961.343056257582,5136.8208589579735,6832.318627064722,5968.84150418044,6848.197213732197,6832.318627064722,0.9976813479267748,597.486741859615,1.4419645224719595,3.4345980183484985,5.710261612811255,5.1595399719881545,4.62363173002625,5.69770894806923,5.147481999021961,5.710261612811255,5.69770894806923,0.9978017356133276,0.3905355167160894,1.40914830293354,NOT_ASSIGNED__NO_RULE_FROZEN
187017,development,earlier,B,360,60,-0.0139680988420143,1.5125517194106943,0.0244093893014583,0.0084490028256383,0.0445186754170959,0.0248544224259802,1.5125517194106943,0.0445186754170959,0.0294328285411892,0.1595676389427641,0.2368705516785169,-0.0938668737861246,5.850632185670476,0.0882404985848752,5.858911070292443,7.854346893974246,6.853011418151022,5.850632185670476,7.854346893974246,1.34247832451531,1.8830521767821489,3.4165873112363365,-0.0224392576463049,0.0224268436371251,-0.0008576394929792,-0.0159604979150163,0.0139380846803852,-0.0010375542920091,0.0224392576463049,0.0159604979150163,0.6214911427532451,0.0065582169500711,2.314895164159568,-0.8676489340770509,1.0352544862599915,0.0026831361242137,-0.0151717569820825,0.0109085547747679,0.0001453132589763,1.0352544862599915,0.0151717569820825,0.0105370755882224,0.1782596838502864,0.1823916840560293,3712.6936808748496,6848.197213732197,5984.82035312735,3742.371865402669,6850.868710603784,5916.644258780851,6848.197213732197,6850.868710603784,1.0003901022105832,590.9832940238668,3.781546293704684,3.4345980183484985,5.710261612811255,5.1595399719881545,2.99276583548312,5.686831861743262,5.149835675189365,5.710261612811255,5.686831861743262,0.9958969040900986,0.3848270600738219,5.614624892461506,NOT_ASSIGNED__NO_RULE_FROZEN
187017,development,earlier,C,480,60,-0.0139680988420143,1.5125517194106943,0.0244093893014583,-0.0161494543694753,0.0208434931071159,-0.0002911261473601,1.5125517194106943,0.0208434931071159,0.0137803506747106,0.1385524043888488,0.4110401733642148,-0.0938668737861246,9.851186258454526,1.808806595557222,-0.0907191630347449,9.902923357645577,-0.0098156317859919,9.851186258454526,9.902923357645577,1.005251864885475,3.2785250318967303,2.0967788366594915,-0.0224392576463049,0.0224268436371251,-0.0009402849372046,-0.0187267448354597,0.0172955088718709,-0.0012313619978437,0.0224392576463049,0.0187267448354597,0.7711967475993852,0.0062435317672743,2.9074874470898835,-0.8676489340770509,1.0352544862599915,0.0020391206601947,-0.3624144485519001,0.5241647464303818,-0.0072861354660766,1.0352544862599915,0.5241647464303818,0.5063148756051314,0.1546535686646882,3.2970277544250663,3712.6936808748496,6873.951590875367,5958.568396639156,5128.049609898756,6839.176058785465,5973.924502257729,6873.951590875367,6839.176058785465,0.9949409693056228,597.7792465678144,1.4456155530941708,2.99276583548312,5.710261612811255,5.15449520282,4.6276117807026536,5.686239706174618,5.142361217541485,5.710261612811255,5.686239706174618,0.9957932038380268,0.3954978584435707,1.3527243866749463,NOT_ASSIGNED__NO_RULE_FROZEN
187020,development,earlier,A,247,62,0.007440565283931,0.0404430659635607,0.0233548311608764,0.0149357227165083,0.0351815708313719,0.0228289850614548,0.0404430659635607,0.0351815708313719,0.86990365327571,0.0057485172459736,2.0122773583011115,-0.1019159708745301,2.1538717419013635,0.043364606061794,2.000999080616898,4.083575234959394,3.1025689254926525,2.1538717419013635,4.083575234959394,1.8959231209164549,0.5389635168575636,7.101150098412814,-0.0109513552985077,0.0476843290478978,-0.0004585738950989,-0.0107321625596393,0.0112565519166492,-0.0002080049314267,0.0476843290478978,0.0112565519166492,0.2360639677941635,0.0052325885510166,2.183312119607399,-0.0110014572156648,0.0126631522992911,-0.000680772827974,-0.0143220306252187,0.00872163828004,0.0001657308432083,0.0126631522992911,0.0143220306252187,0.6887414818921695,0.0038721666313119,3.492449435536699,3692.763982801346,6901.950783576811,5963.333463903458,5110.897448989979,6851.801917082798,6010.652880136029,6901.950783576811,6851.801917082798,0.9927341025651268,600.4289274073249,1.459924300757759,3.4132526150558826,5.757814441781457,5.150848541109414,4.611112278901981,5.708192001331026,5.167278417221256,5.757814441781457,5.708192001331026,0.9913817228824974,0.391405961176373,1.4126663916585755,NOT_ASSIGNED__NO_RULE_FROZEN
187020,development,earlier,B,371,62,0.007440565283931,0.0404430659635607,0.0231594018498636,0.0109892563509891,0.0373430249432287,0.0235319551335039,0.0404430659635607,0.0373430249432287,0.923348021558873,0.0055844412195482,2.4629869572101617,-0.1019159708745301,6.205748367320996,0.1068463223115072,6.209094435894206,8.195202296902258,7.190699778518287,6.205748367320996,8.195202296902258,1.3205824361260887,1.999699704395331,3.322788316377032,-0.0121699578169931,0.0476843290478978,-0.0005229697406144,-0.0118567877915462,0.008163397637057,-0.0002999646377221,0.0476843290478978,0.0118567877915462,0.1711966551706566,0.0054104711376499,2.1526417109704763,-0.0143220306252187,0.0126631522992911,-0.0004546930867507,-0.0112514869575888,0.0075374560846368,-0.0007524919536818,0.0143220306252187,0.0112514869575888,0.5952274683657335,0.0039313742901584,2.672732642698264,3692.763982801346,6901.950783576811,5963.333463903458,5095.678508353844,6863.778847876793,6006.885859432825,6901.950783576811,6863.778847876793,0.9944693990297864,596.0197358805866,1.4874630389760477,3.4132526150558826,5.757814441781457,5.158880167293147,4.600890135007715,5.705495734231634,5.157248188619272,5.757814441781457,5.705495734231634,0.99091344327282,0.3870430368507287,1.446819064204602,NOT_ASSIGNED__NO_RULE_FROZEN
187020,development,earlier,C,495,62,-0.0104668200743388,0.0404430659635607,0.0230805034467319,-0.0184719774145496,0.011086762661945,-0.002557118917935,0.0404430659635607,0.0184719774145496,0.2741325959791033,0.006721890614265,6.171971878314972,-0.1019159708745301,9.947192613482684,1.7256186196112742,-0.1021592588264815,0.1487658773370431,-0.0224844264641195,9.947192613482684,0.1487658773370431,0.0149555641594194,3.2793521994600248,0.9411835233147527,-0.0121699578169931,0.0476843290478978,-0.0005628489241128,-0.0076935907913066,0.0074343897808692,-0.0007305607444135,0.0476843290478978,0.0076935907913066,0.1559084489455973,0.0050583313818971,1.5258975724347936,-0.0337484362579817,0.0269529959529362,-0.0005024832091624,-0.1410161047404258,0.2161795745121012,0.0013211352144733,0.0337484362579817,0.2161795745121012,8.02061391949085,0.0052534162710771,41.30995448339827,3692.763982801346,6901.950783576811,5966.890425124443,4186.432394432015,6846.254073672834,5970.190994781585,6901.950783576811,6846.254073672834,0.991930294542739,592.995565989426,3.0291146016090478,3.4132526150558826,5.757814441781457,5.158880167293147,3.5900424663401918,5.690346222770494,5.158997118278904,5.757814441781457,5.690346222770494,0.9882823214097728,0.3843930746672875,4.088329877287447,NOT_ASSIGNED__NO_RULE_FROZEN
187024,development,earlier,A,258,64,0.0050824915008748,0.0452607148993059,0.0237630547035465,0.0141089225224439,0.0363103452658204,0.0249256772830554,0.0452607148993059,0.0363103452658204,0.8022486022724574,0.0052975450515657,2.322073086212829,-0.0914833015265317,2.1139474474840827,0.0418784180334919,2.076807011591647,4.101723296395373,3.13499644375864,2.1139474474840827,4.101723296395373,1.9403146948033376,0.544918313465549,7.038103160421983,-0.0276771267888955,0.0673171036053477,-0.0014294106595825,-0.0118536989668396,0.0173120697720879,-0.0010182443647489,0.0673171036053477,0.0173120697720879,0.2571719346925767,0.0077992720473441,2.347567339202141,-0.0112968816784083,0.0130905610442487,-0.0002318883694023,-0.0081223076787737,0.0124950470369232,-0.0003471053923973,0.0130905610442487,0.0124950470369232,0.9545081371751344,0.0042595058579828,2.9804530379681835,3687.566388816936,6915.021753062977,5937.088877262785,5172.452668783124,6844.745985094992,6072.631244634813,6915.021753062977,6844.745985094992,0.9898372311067776,613.4993955454131,1.4366399446414682,3.4198957373293446,5.790983763018903,5.159916736473968,4.625670643861863,5.70761542801763,5.15128297269811,5.790983763018903,5.70761542801763,0.9856037698579536,0.4021569581730322,1.389159535357733,NOT_ASSIGNED__NO_RULE_FROZEN
187024,development,earlier,B,387,64,0.0050824915008748,0.0452607148993059,0.0238769604482019,0.0095716497230043,0.0431307904411446,0.0235611953291227,0.0452607148993059,0.0431307904411446,0.9529409894894534,0.0053401265170336,3.5852113418062546,-0.0914833015265317,6.183350731077069,0.1297153361306093,6.212023554990493,8.238398848973235,7.217551798093231,6.183350731077069,8.238398848973235,1.3323518602248523,2.0069191029356763,3.3259578761411213,-0.0276771267888955,0.0673171036053477,-0.0014669519194319,-0.0192966038659056,0.0474847446050625,-0.0009268839446485,0.0673171036053477,0.0474847446050625,0.7053890031194138,0.0079761566710555,6.078286325037297,-0.0192082782558584,0.0140294170388918,-0.0002891867611148,-0.0117759323216445,0.0105744852156131,1.346755266982589e-05,0.0192082782558584,0.0117759323216445,0.7537366083208504,0.0043705883270929,2.624905154184332,3687.566388816936,6915.021753062977,5941.706961509689,5064.566979027723,6859.178594090437,6072.501809231793,6915.021753062977,6859.178594090437,0.991924369732054,607.9182482639669,1.4852862431831129,3.4198957373293446,5.790983763018903,5.13614859639002,4.574406616873211,5.7094490468161725,5.228983356329877,5.790983763018903,5.7094490468161725,0.9859204032441932,0.3972047643944058,1.4547164967423172,NOT_ASSIGNED__NO_RULE_FROZEN
187024,development,earlier,C,516,64,-0.0131643936644434,0.0452607148993059,0.023513114869921,-0.0175125241549923,0.0142191876723253,-0.0025622818215945,0.0452607148993059,0.0175125241549923,0.3141618002269633,0.006436905481237,6.346045105391899,-0.0914833015265317,9.938477939073897,1.6634055424767378,-0.0984794543458468,0.1344206250429992,-0.0456966235832681,9.938477939073897,0.1344206250429992,0.0135252727698387,3.2804688687131485,0.9402889259110128,-0.0276771267888955,0.0673171036053477,-0.0015593445856656,-0.0191102395480461,0.0327973502977006,-0.0020286472156604,0.0673171036053477,0.0327973502977006,0.4872067950216327,0.0085224863914765,3.970610852606021,-0.0507036504241027,0.46806934659087,-5.961261129281171e-05,-0.4324594722226012,0.3889244561960191,0.0209787774035217,0.46806934659087,0.4324594722226012,0.8309120411936954,0.0403700616508795,10.846549455616245,3687.566388816936,6915.021753062977,5958.260889582703,5044.2089829638335,6833.22100008181,5885.951691035277,6915.021753062977,6833.22100008181,0.988170571850344,605.156566686927,1.5273809234182614,3.4198957373293446,5.790983763018903,5.153839899307288,4.55394063322424,5.686832460754995,5.170581996450735,5.790983763018903,5.686832460754995,0.9820149206894664,0.3944150292398073,1.5203532736218552,NOT_ASSIGNED__NO_RULE_FROZEN
189647,development,later,A,234,58,-0.0127657752162649,1.2878872731042517,0.0143025140605085,0.0050102439244699,0.0159699259778726,0.0107358619595774,1.2878872731042517,0.0159699259778726,0.0124000961197323,0.1941225304026612,0.2985707795508723,-0.063954569176904,0.5604141248069354,-0.0188960920564894,-0.0210340638383005,2.611602591185568,1.196418020814173,0.5604141248069354,2.611602591185568,4.660129849663004,0.0418585311252354,62.75095095805113,0.1482454271698049,0.1525600224582309,0.1500041803037441,0.1492413564483984,0.1526263287727919,0.150802501712496,0.1525600224582309,0.1526263287727919,1.0004346244415316,0.0007987243940776,3.2875668544231416,-0.0406897148043469,-0.03971308202955,-0.0402001742599161,-0.0407814200130672,-0.0395535980206065,-0.0401956723501182,0.0406897148043469,0.0407814200130672,,0.0001920154145479,3.3830654177239783,-0.0030985472968806,7316.20031494366,4615.605293539284,5304.2213584749925,10500.840528990648,8897.330917213725,7316.20031494366,10500.840528990648,1.435286087990541,2226.903843131296,2.8654541397813893,-1.8921632274074768e-06,6.366575106191111,3.872733570082578,5.145117846832846,9.123436576215571,7.539277063678175,6.366575106191111,9.123436576215571,1.4330211179545465,2.029388385011601,2.732403164524651,NOT_ASSIGNED__NO_RULE_FROZEN
189647,development,later,B,351,58,-0.0127657752162649,1.2878872731042517,0.0113327772023115,0.0040424848654402,0.0149786910610849,0.0104347375301388,1.2878872731042517,0.0149786910610849,0.0116304364317392,0.1604262012571074,0.2581737602855784,-0.063954569176904,5.515037381271419,-0.0154277669744988,5.564955741582615,8.369675881879541,6.972344605469738,5.515037381271419,8.369675881879541,1.5176100003061126,1.5865874799978748,4.725220427586889,0.1482454271698049,0.1526263287727919,0.1503073925908571,0.1496285623729024,0.152518003568734,0.1508798578635976,0.1526263287727919,0.152518003568734,0.9992902587323638,0.0008381777716864,2.666911893745605,-0.0407814200130672,-0.0395424880852884,-0.0401977533613701,-0.0407313974601731,-0.0396710941731032,-0.0402762396063536,0.0407814200130672,0.0407313974601731,,0.0002037423933315,2.608338052414861,-0.0030985472968806,10500.840528990648,6041.548216048562,7206.895963632342,10174.518302294564,8796.073619027742,10500.840528990648,10174.518302294564,0.9689241803267866,2838.631866343467,1.6049311088082332,-1.8921632274074768e-06,9.123436576215571,5.455059611057944,5.426225729462366,8.919741680281499,7.476068509544918,9.123436576215571,8.919741680281499,0.9776734463781886,2.503606172027944,1.6234720554416076,NOT_ASSIGNED__NO_RULE_FROZEN
189647,development,later,C,468,58,-0.0127657752162649,1.2878872731042517,0.0111925770869368,0.0047679123068084,0.0162329064035033,0.011771704196253,1.2878872731042517,0.0162329064035033,0.0126042913401701,0.1397491344920488,0.2289992072164388,-0.063954569176904,9.92814477891299,-0.0033494014671629,-0.0099021689667129,0.0300787469381585,0.0037153130798305,9.92814477891299,0.0300787469381585,0.0030296442696972,3.10780866710746,0.694616329234581,0.1482454271698049,0.1527302796344734,0.1505287593773983,0.1494836412387148,0.1525416072106355,0.1509496814000455,0.1527302796344734,0.1525416072106355,0.998764669165214,0.0008578905625888,2.405999129300479,-0.0407814200130672,-0.0394586193913006,-0.0402126357829111,-0.0406950376166169,-0.0394090678381118,-0.0401457778925235,0.0407814200130672,0.0406950376166169,,0.0002232876133886,3.582825602938687,-0.0030985472968806,10500.840528990648,7162.816814345599,4709.30152710847,10846.292534194055,8440.834416887403,10500.840528990648,10846.292534194055,1.0328975575097716,2825.6020432266064,1.5754065528403216,-1.8921632274074768e-06,9.123436576215571,6.149855754494255,4.033603597628016,8.715303433691611,6.773696216993024,9.123436576215571,8.715303433691611,0.9552654157110112,2.485329920004941,1.2868689214900766,NOT_ASSIGNED__NO_RULE_FROZEN
189651,development,later,A,242,61,-0.0105853326301062,3.747132169400171,0.0168898375683336,0.0080665681625992,0.0143019651067922,0.0116662522910225,3.747132169400171,0.0143019651067922,0.0038167762598781,0.8598144650218664,0.7006092946191474,-0.0642327943605544,-0.0043722605372304,-0.0262751607088822,-0.0243559238832774,2.569187052932306,1.176413157579188,0.0642327943605544,2.569187052932306,,0.0096278301251732,269.6296056655147,0.1462981676678856,0.1544625695315496,0.1490124218107448,0.1483121297979679,0.1513279888140594,0.1492514116367158,0.1544625695315496,0.1513279888140594,0.9797065352013972,0.0009216300777791,2.6148837176276194,-0.0402872571780003,-0.0395526311893507,-0.0399331650980932,-0.04024747160629,-0.0396327891796374,-0.0399157168242109,0.0402872571780003,0.04024747160629,,0.000128716647538,2.431852461178075,-0.0023661113714834,8071.000655884119,4661.661662586208,4199.727329168848,7274.960673890366,5696.084645960392,8071.000655884119,7274.960673890366,0.9013703484940984,2222.654155842059,1.42310843199317,-1.4959778705619927e-06,6.801356543206604,3.9064570898796687,3.9447459351778176,6.334139689558462,5.233933614072329,6.801356543206604,6.334139689558462,0.9313053431796908,2.0222006341498786,1.3659758424559525,NOT_ASSIGNED__NO_RULE_FROZEN
189651,development,later,B,364,60,-0.0105853326301062,3.747132169400171,0.0128096536800297,0.0070499093161351,0.0159974937425158,0.0108717108438336,3.747132169400171,0.0159974937425158,0.0042692632710302,0.75596166697488,0.5325856879492579,-0.0642327943605544,5.401362272933974,-0.0200376514930897,5.447437461883244,6.511371690082527,6.4994151729811325,5.401362272933974,6.511371690082527,1.2055054560422227,1.5577243889721364,3.634083665125563,0.1462981676678856,0.1544625695315496,0.1490882202219396,0.1479639537426446,0.1504959059602598,0.1492887539691435,0.1544625695315496,0.1504959059602598,0.97431958057334,0.0008326974041558,1.7542975819932949,-0.0402872571780003,-0.0395526311893507,-0.0399327285096683,-0.0403783645787563,-0.0396744814618321,-0.0399979908752417,0.0402872571780003,0.0403783645787563,,0.0001280829267079,3.474657088067962,-0.0023661113714834,8071.000655884119,5220.091451934377,4116.206592706872,7266.563171149221,5771.77865230652,8071.000655884119,7266.563171149221,0.9003298947636156,2068.9272715022757,1.2311794775444689,-1.4959778705619927e-06,6.801356543206604,4.911899467242861,3.8624765662219582,6.323864412532223,5.266883632086245,6.801356543206604,6.323864412532223,0.929794574414524,1.891542690096928,1.1436309363517685,NOT_ASSIGNED__NO_RULE_FROZEN
189651,development,later,C,485,61,-0.0105853326301062,3.747132169400171,0.0123956220186179,0.0078222934812368,0.0161558785877963,0.0130522541516451,3.747132169400171,0.0161558785877963,0.0043115315546455,0.6772099466667764,0.4466335233433905,-0.0642327943605544,6.518104334514291,-0.01425429213918,-0.0173321338165161,0.0247196242375281,0.0012948307092084,6.518104334514291,0.0247196242375281,0.0037924560530021,2.576924338450378,0.7282611069249862,0.1462981676678856,0.1544625695315496,0.1491330851984062,0.1483619892136407,0.1501441291644413,0.1493333084023122,0.1544625695315496,0.1501441291644413,0.9720421563605656,0.0007642696029874,1.3895738815725978,-0.0403783645787563,-0.0395526311893507,-0.0399440594881254,-0.0402756397859888,-0.0396542459342072,-0.0399483207720987,0.0403783645787563,0.0402756397859888,,0.0001279281087856,2.591673520366389,-0.0023661113714834,8071.000655884119,5524.593454600062,3091.449563058832,7145.358797765304,6131.79908344668,8071.000655884119,7145.358797765304,0.8853126275681839,1921.989484415288,1.10160108700364,-1.4959778705619927e-06,6.801356543206604,5.057275520945362,2.972555085811305,6.225225782292728,4.963054218080994,6.801356543206604,6.225225782292728,0.9152917866819772,1.7533701790694336,1.0087493932164404,NOT_ASSIGNED__NO_RULE_FROZEN
195264,development,later,A,310,77,0.0068191417117518,2.5342138087174715,0.0198890731903914,0.0053049969266228,0.0303256799277645,0.0183209516362362,2.5342138087174715,0.0303256799277645,0.0119665040982125,0.7753947549918923,0.5567868966077371,-0.0173072287514929,-0.0082334250636278,-0.0127065656431666,-0.0168876547567542,-0.0071095119330891,-0.0125431947298291,0.0173072287514929,0.0168876547567542,,0.0015079780004566,3.6368132307649854,-0.0363277271974368,-0.0319529630732901,-0.0340860560580575,-0.0359079805577243,-0.0317735669626324,-0.0338018068316407,0.0363277271974368,0.0359079805577243,,0.0007793913254891,2.955331478058265,-0.1172542279809357,-0.0922256939396339,-0.1098142195161019,-0.1168904688112559,-0.1097070859413423,-0.1128052900804779,0.1172542279809357,0.1168904688112559,,0.0052269934570366,1.4791362083197666,-1.4392953401967462e-06,9501.605751849764,4347.333671581679,3406.8433476326145,11181.65479356718,7467.209754383882,9501.605751849764,11181.65479356718,1.1768173807243418,2302.315181949467,2.947187395741027,-1.3418556995325975e-09,8.164131778611278,3.620076745874308,3.0195229184282617,9.235635140280396,6.838570828945754,8.164131778611278,9.235635140280396,1.131245231057672,1.857343233313276,2.969388303345377,NOT_ASSIGNED__NO_RULE_FROZEN
195264,development,later,B,465,77,0.0053049969266228,2.5342138087174715,0.0193656458797131,0.0100914516431335,0.0309993584119984,0.0193403385065241,2.5342138087174715,0.0309993584119984,0.0122323374236867,0.6631219070300327,0.4335268476008747,-0.0173072287514929,-0.00581136342727,-0.0125786363014417,-0.0166280314629885,-0.0069827411176093,-0.0119831381266339,0.0173072287514929,0.0166280314629885,,0.0016983982809317,3.24228482236946,-0.0363277271974368,-0.0317735669626324,-0.033990874334281,-0.0357406450030968,-0.030345543596185,-0.0336767625662447,0.0363277271974368,0.0357406450030968,,0.0008037892982983,4.538328373785817,-0.1172542279809357,-0.0922256939396339,-0.1123060083160004,-0.1182222912989583,-0.1129582065110899,-0.1150929396227665,0.1172542279809357,0.1182222912989583,,0.0048882369087844,1.5352567700907984,-1.4392953401967462e-06,11181.65479356718,5766.874957092839,5125.851817952725,10896.26191132537,8335.878058313401,11181.65479356718,10896.26191132537,0.9744766863661364,2597.074968461529,2.08256195474532,-1.3418556995325975e-09,9.235635140280396,4.931628589821019,4.698077050058875,9.053445192770278,7.36055117176521,9.235635140280396,9.053445192770278,0.9802731544996278,2.213995111136151,1.947678529571352,NOT_ASSIGNED__NO_RULE_FROZEN
195264,development,later,C,620,77,0.0053049969266228,2.5342138087174715,0.019241633681912,0.0077516524938326,0.0327640433079878,0.0193089231108641,2.5342138087174715,0.0327640433079878,0.0129286815482112,0.5867933438993339,0.3753317751970801,-0.0173072287514929,-0.00581136342727,-0.0124277473111648,-0.0174219424409075,-0.0074289204945785,-0.0124214039735381,0.0173072287514929,0.0174219424409075,,0.0017531762588664,2.852342018841886,-0.0363277271974368,-0.030345543596185,-0.0338880078697956,-0.0350746908353025,-0.0324100983607982,-0.0337895517244979,0.0363277271974368,0.0350746908353025,,0.0008339236774345,1.797904088920511,-0.1182222912989583,-0.0922256939396339,-0.1136702749475108,-0.117333371062321,-0.1135255461253971,-0.1151594207583544,0.1182222912989583,0.117333371062321,,0.0046967628387183,1.1654948232046378,-1.4392953401967462e-06,11201.461329543396,6775.886556516207,4295.65025038563,11113.018699670543,8120.531292555772,11201.461329543396,11113.018699670543,0.992104366807964,2609.204442208709,1.899024977224744,-1.3418556995325975e-09,9.26237188931848,5.696363702957154,3.411238472250848,9.173549004361828,7.247660757986917,9.26237188931848,9.173549004361828,0.9904103521195166,2.241622927776787,1.7064792183563808,NOT_ASSIGNED__NO_RULE_FROZEN
195267,development,later,A,312,78,0.0086023301191703,2.6114974437944274,0.0200339788397783,0.0112219676260541,0.0266118786028927,0.018024148514052,2.6114974437944274,0.0266118786028927,0.010190275570106,0.8190017851522882,0.5438565132851991,-0.0186009207578828,-0.0062100231719847,-0.0135271586234856,-0.0170261018595856,-0.0093729304404058,-0.0131659728292001,0.0186009207578828,0.0170261018595856,,0.0014575501347394,2.7765796756942285,-0.0367894680751771,-0.0318435985068595,-0.0345067197115186,-0.0359551796806859,-0.0327974490380482,-0.0343222665759921,0.0367894680751771,0.0359551796806859,,0.0008406406186168,2.01480156429492,-0.1068447489569928,-0.0920778873826845,-0.1026614180512396,-0.1067518096865285,-0.103259905500924,-0.1047661583728444,0.1068447489569928,0.1067518096865285,,0.0036087089577371,1.475274779014743,-3.072124807080946e-05,11607.632904133688,4919.788492751743,6334.030137321672,10058.724351174304,8734.034171214624,11607.632904133688,10058.724351174304,0.8665612045322532,2488.315215424622,2.1229346369773325,-3.108844984006692e-08,9.300783598464218,4.06819873512857,5.025574221804812,9.18238457928631,7.619833972805445,9.300783598464218,9.18238457928631,0.9872699952724996,2.037453875219516,2.5167442241995226,NOT_ASSIGNED__NO_RULE_FROZEN
195267,development,later,B,468,78,0.0086023301191703,2.6114974437944274,0.0195006417511437,0.0098149917233535,0.0334151561419263,0.0177651056939349,2.6114974437944274,0.0334151561419263,0.0127954006699601,0.6998353247387582,0.4299569357763066,-0.0186009207578828,-0.0062100231719847,-0.0134220115967247,-0.0183903023367821,-0.0070564222368374,-0.0134623266978585,0.0186009207578828,0.0183903023367821,,0.0014387435793581,4.345163546442182,-0.0367894680751771,-0.0318435985068595,-0.0344147326777221,-0.0362983245667877,-0.0328871475731635,-0.034236481222682,0.0367894680751771,0.0362983245667877,,0.0008234166756453,2.2995451434566583,-0.1068447489569928,-0.0920778873826845,-0.1041752500143357,-0.1059298963224473,-0.1019839784433461,-0.1043113607124703,0.1068447489569928,0.1059298963224473,,0.0033952314364672,0.9853460099121144,-3.072124807080946e-05,12949.026861389231,6682.620422403213,9637.68500011327,13493.314865118884,10977.170228512394,12949.026861389231,13493.314865118884,1.0420331202920416,2862.2965204654324,2.568241475605187,-3.108844984006692e-08,10.506863099706166,5.503173505793495,7.559661816426945,11.424916151035918,9.328334826557342,10.506863099706166,11.424916151035918,1.0873765121537964,2.4936237854690133,2.4505275138991496,NOT_ASSIGNED__NO_RULE_FROZEN
195267,development,later,C,624,78,0.0086023301191703,2.6114974437944274,0.019165097713763,0.0078316883393188,0.0279157431929723,0.0185891763304276,2.6114974437944274,0.0279157431929723,0.0106895540944553,0.6191353947187845,0.3712592919328302,-0.0186009207578828,-0.0062100231719847,-0.0133927173808498,-0.0179427621376901,-0.0080497421767292,-0.0130567016690903,0.0186009207578828,0.0179427621376901,,0.0015372364247087,3.3902961056758207,-0.0367894680751771,-0.0318435985068595,-0.03434234672084,-0.0359584017842932,-0.0320973155412928,-0.0340899111861229,0.0367894680751771,0.0359584017842932,,0.0008231233367632,2.6988539210290177,-0.106942255322702,-0.0920778873826845,-0.1042701338985072,-0.1062995716743939,-0.1010539223508507,-0.1047365453788749,0.106942255322702,0.1062995716743939,,0.0030893956927883,1.0494915113035683,-3.072124807080946e-05,14618.678052200585,7981.534069654981,7329.971687095875,14616.558491456652,12206.686067723977,14618.678052200585,14616.558491456652,0.9998550100948688,3761.163852535511,1.83941180513072,-3.108844984006692e-08,12.184444284061849,6.838071009900115,5.559404371196743,12.18214351623014,10.130554221222384,12.184444284061849,12.18214351623014,0.9998111717056544,3.166209811749729,1.765656638682741,NOT_ASSIGNED__NO_RULE_FROZEN
195273,development,later,A,312,79,0.0086259972463108,2.8643034997755694,0.0212301545487167,0.0136402965720853,0.7324221827760895,0.2933345067613309,2.8643034997755694,0.7324221827760895,0.2557069049538493,0.884307419183254,0.547636244747922,-0.0181876997840287,-0.0095651222130436,-0.0143846229934487,-0.0170167890687526,-0.0110961157973291,-0.0140145178013176,0.0181876997840287,0.0170167890687526,,0.0012770096495517,2.537823296881794,-0.0369125741285444,-0.0326533711157957,-0.0348177071085624,-0.0359293739040615,-0.0327521747840928,-0.0344474771517149,0.0369125741285444,0.0359293739040615,,0.0007464064616371,2.728515257043296,-0.0896834467256856,-0.0737538363313688,-0.084830054420231,-0.0884617229994695,-0.0848292631863696,-0.086900050640192,0.0896834467256856,0.0884617229994695,,0.0034701365600446,1.4981501889567672,-8.0842002392933625e-25,11019.765797651206,4636.270305661239,6097.032132794807,9615.80312725094,8806.566737251682,11019.765797651206,9615.80312725094,0.8725959610956966,2555.4591079902607,1.9507635102569656,-7.555734720400616e-28,9.08142122368496,3.995489017379776,4.8750428952564535,8.807811844772852,7.626012633405759,9.08142122368496,8.807811844772852,0.9698715242721572,2.1461030780289843,2.2520726047577,NOT_ASSIGNED__NO_RULE_FROZEN
195273,development,later,B,469,78,0.0086259972463108,2.8643034997755694,0.0244431151585895,0.007221068020476,1.7935575025496575,0.0203099025087267,2.8643034997755694,1.7935575025496575,0.6261757885259682,0.7912672455428255,1.534570317116718,-0.0185331275728497,-0.0095651222130436,-0.0143504833781754,-0.017592588053996,-0.009877922967828,-0.0143935549252759,0.0185331275728497,0.017592588053996,,0.0013323371805655,3.3581001382835667,-0.0369125741285444,-0.0326533711157957,-0.0346495635490583,-0.0360998523128425,-0.0331308371034591,-0.0345507843115302,0.0369125741285444,0.0360998523128425,,0.0007116343361455,2.1565144350602004,-0.0896834467256856,-0.0737538363313688,-0.0858553745765309,-0.0882670604119227,-0.0833398309612135,-0.0868738232397686,0.0896834467256856,0.0882670604119227,,0.0033089952434478,1.1572257549514502,-8.0842002392933625e-25,11019.765797651206,6628.46016380226,8000.717012354072,9637.560830191022,8992.195627111396,11019.765797651206,9637.560830191022,0.8745703862640355,2846.346099056511,1.2867886296125093,-7.555734720400616e-28,9.08142122368496,5.61407723996635,6.7700254125655,8.854686257856665,7.963181566862046,9.08142122368496,8.854686257856665,0.975033096665866,2.5081708293519704,1.4518043676123258,NOT_ASSIGNED__NO_RULE_FROZEN
195273,development,later,C,625,78,0.007221068020476,2.8643034997755694,0.0227685537863667,0.0117807480409517,0.0290348686944354,0.0197220102809101,2.8643034997755694,0.0290348686944354,0.0101367989449129,0.7422334709545672,0.6141453673085072,-0.0185331275728497,-0.0084046706391466,-0.0143143491947725,-0.0181038454231202,-0.0103079395780352,-0.0138971924957967,0.0185331275728497,0.0181038454231202,,0.0014355894769338,2.727979010213323,-0.0369125741285444,-0.0324111552665577,-0.0345886698660593,-0.0370082441040273,-0.0328616151872581,-0.0345592798447913,0.0369125741285444,0.0370082441040273,,0.0006909358877956,3.461479745439859,-0.0896834467256856,-0.0737538363313688,-0.0861733029026881,-0.0892825212283526,-0.0851332588500832,-0.0870102058486388,0.0896834467256856,0.0892825212283526,,0.0031063649633839,1.3571914526322142,-8.0842002392933625e-25,11019.765797651206,7883.185719976708,4057.954378600967,9531.270075165035,8363.59587043626,11019.765797651206,9531.270075165035,0.8649249221972184,2783.3329433207173,1.012890126464785,-7.555734720400616e-28,9.08142122368496,6.794715522276969,3.663811818805264,8.714854860091885,7.448894218032271,9.08142122368496,8.714854860091885,0.959635573049178,2.48735382568102,1.1325722863867502,NOT_ASSIGNED__NO_RULE_FROZEN
195638,development,later,A,281,71,0.0049461552513991,3.807370498083664,0.8066781231745473,0.0134978050157816,1.496415173751726,0.3290810176462903,3.807370498083664,1.496415173751726,0.3930311417039412,1.1522043688649335,0.935624467168748,-0.0381505133811593,-0.0260667338690368,-0.031847651085442,-0.0359245490770705,-0.0253643406514767,-0.0315125029690621,0.0381505133811593,0.0359245490770705,,0.001989303556004,3.231881294804626,-0.0322621175228649,-0.0205071222178741,-0.0257189789541823,-0.0297431373152237,-0.0210649017648803,-0.025512197588211,0.0322621175228649,0.0297431373152237,,0.0019752213929362,2.3659168904394416,0.0691418909570636,0.0862638723549379,0.0772215331775279,0.067824535466213,0.0758100299285905,0.0718646926242219,0.0862638723549379,0.0758100299285905,0.8788155210174845,0.0044709399869053,2.202741093377496,-0.0003739141781655,15464.323747817913,6883.802271638044,9098.725429017357,15527.456787857302,13093.095018874772,15464.323747817913,15527.456787857302,1.0040824960126884,3669.649524378905,2.3514939992510926,-2.0391358209522044,7.732810337665452,3.17591353269338,2.3949303781125515,7.819233714400468,5.4872381140421735,7.732810337665452,7.819233714400468,1.0111761924786982,1.6672341845681469,2.7748286140285465,NOT_ASSIGNED__NO_RULE_FROZEN
195638,development,later,B,422,70,0.0049461552513991,3.807370498083664,0.8764841083157053,1.873579468423929,3.0274022296177976,2.745827898398323,3.807370498083664,3.0274022296177976,0.7951425350229397,1.1668210829739196,1.6129482390793497,-0.0381505133811593,-0.0253643406514767,-0.0317234713217577,-0.0377413008687827,-0.0266052424000076,-0.0315094749535582,0.0381505133811593,0.0377413008687827,,0.0021255108823931,2.8677603538881065,-0.0322621175228649,-0.019957908027025,-0.0256603876585606,-0.0305583378007842,-0.0202764762778409,-0.0252741660877175,0.0322621175228649,0.0305583378007842,,0.0019330467255003,2.7890106262229475,0.067479308808508,0.0862638723549379,0.0741378702650806,0.0682582693481259,0.0757375627876712,0.0721399003779276,0.0862638723549379,0.0757375627876712,0.8779754573970947,0.0047700348465586,1.5394984994311658,-0.0003739141781655,15527.456787857302,9573.465314247676,13467.879496801668,15505.960548160778,15287.440578974029,15527.456787857302,15505.960548160778,0.9986155981632914,4439.316908085324,1.4308165416553618,-2.0391358209522044,7.819233714400468,4.226173042521915,5.47001166182188,6.758121404844952,6.60029293478461,7.819233714400468,6.758121404844952,0.8642945909646754,1.846098578961164,1.5055547396982305,NOT_ASSIGNED__NO_RULE_FROZEN
195638,development,later,C,563,70,0.0049461552513991,3.807370498083664,1.4489991214346902,3.007297797378372,3.029019544648778,3.0195125997724226,3.807370498083664,3.029019544648778,0.7955673203260235,1.2594986420313965,1.156406402195997,-0.0381505133811593,-0.0253643406514767,-0.0316616152984899,-0.036107046241651,-0.0267247475853722,-0.0311901516282968,0.0381505133811593,0.036107046241651,,0.0021024682526718,2.328244153854435,-0.0322621175228649,-0.019957908027025,-0.0255459299350222,-0.0294028453837189,-0.0207439850412928,-0.0253748820902117,0.0322621175228649,0.0294028453837189,,0.0019354443938071,2.5179998028974446,0.067479308808508,0.0862638723549379,0.0730176916896703,0.0676374523680811,0.0743034070248006,0.070349678497816,0.0862638723549379,0.0743034070248006,0.8613502384761345,0.0045418602337006,1.5368376313806764,-0.0003739141781655,15527.456787857302,12753.307941245328,13489.309443310694,15511.86362233308,15291.89929018056,15527.456787857302,15511.86362233308,0.9989957682228804,4580.258032063994,1.0775728918182683,-2.0391358209522044,7.819233714400468,4.8024349284707855,5.481818277324496,6.769556560553727,6.606323024208986,7.819233714400468,6.769556560553727,0.8657570303962676,1.909002413894843,1.1546801680057392,NOT_ASSIGNED__NO_RULE_FROZEN
195647,development,later,A,267,67,0.0014093340922703,4.1544812845365335,1.340025841475292,0.0202020692454555,1.4550823105377375,0.5662973169388711,4.1544812845365335,1.4550823105377375,0.3502440403218868,1.30285279944842,1.0929012561712137,-0.0429346598312019,-0.0312575265515259,-0.0368318899250496,-0.039073134077983,-0.0322430005492952,-0.0362369522882607,0.0429346598312019,0.039073134077983,,0.0017636649707168,2.5443135841612428,-0.0289397517719731,-0.022163898524201,-0.0251850956143828,-0.0273292077864697,-0.0220443698790946,-0.0249125123441548,0.0289397517719731,0.0273292077864697,,0.0012264309897331,2.59432038888654,0.1231090890566485,0.1392351847071787,0.132574562594546,0.1220501661908339,0.1279584176640777,0.1246661159653164,0.1392351847071787,0.1279584176640777,0.919009214037265,0.0049258852915654,1.9201828790774145,-5.144091196740967e-07,12270.400860596048,5839.772774683651,7242.387617112585,12001.41821415708,10344.491469675328,12270.400860596048,12001.41821415708,0.9780787400921226,2772.7228908533407,2.1966177745189053,-4.94345927396357e-10,8.449268071913865,3.8165108600176,1.4568870360313706,5.192391968671228,3.914681489730036,8.449268071913865,5.192391968671228,0.6145374870908891,1.6681573849261233,1.4200814889036086,NOT_ASSIGNED__NO_RULE_FROZEN
195647,development,later,B,401,67,0.0014093340922703,4.1544812845365335,0.7409986771845587,0.1058315299008527,1.9515735148704283,0.7809322201973004,4.1544812845365335,1.9515735148704283,0.4697514277256258,1.1872914781340151,0.8451819565407648,-0.0429346598312019,-0.0304577018129226,-0.0365769054442834,-0.0401567957141765,-0.0307343526097863,-0.0358891159518578,0.0429346598312019,0.0401567957141765,,0.0018213966758922,3.145348408228038,-0.0289397517719731,-0.0220443698790946,-0.0250974055136373,-0.0272290757913172,-0.0224939708019041,-0.0249556999682504,0.0289397517719731,0.0272290757913172,,0.0012119559174571,2.1600445605583607,0.1207813855810474,0.1392351847071787,0.126768752340976,0.1207243821677703,0.1272995235966255,0.1246013041056766,0.1392351847071787,0.1272995235966255,0.914276975782704,0.005285420625694,1.5974180720240696,-5.144091196740967e-07,12270.400860596048,7679.692493405008,9469.09173196755,12034.903475465975,11858.817060740786,12270.400860596048,12034.903475465975,0.980807686089024,3317.8632602189587,1.3551798898892424,-4.94345927396357e-10,8.449268071913865,3.9159851023521863,1.721062861154993,4.1052655042812525,3.941056938948795,8.449268071913865,4.1052655042812525,0.485872322826107,1.5352766627249976,1.2464801923141098,NOT_ASSIGNED__NO_RULE_FROZEN
195647,development,later,C,535,67,0.0014093340922703,4.1544812845365335,0.8825853061498221,0.6428715033114332,2.5639932568371018,1.802105968510154,4.1544812845365335,2.5639932568371018,0.6171632705099876,1.0663416827127503,1.3461504830936972,-0.0429346598312019,-0.0304577018129226,-0.0365303733174251,-0.0405754421298576,-0.0314880476252453,-0.0365936497947026,0.0429346598312019,0.0405754421298576,,0.0018857092779051,2.6363716584336365,-0.0289397517719731,-0.0220443698790946,-0.0250532276095636,-0.026801098658288,-0.0227424735470106,-0.0248565777919259,0.0289397517719731,0.026801098658288,,0.001175147776456,1.9700077360151456,0.1207243821677703,0.1392351847071787,0.1257452943066201,0.1211006369981333,0.1276101376446901,0.1247608475142362,0.1392351847071787,0.1276101376446901,0.916507834661642,0.0050352038776313,1.3718055796295086,-5.144091196740967e-07,12270.400860596048,9387.39119815507,11795.624346803164,11990.315169103986,11895.625382832784,12270.400860596048,11990.315169103986,0.977173876006651,3429.0833651521,0.9831932703048402,-4.94345927396357e-10,8.449268071913865,3.936877144961759,3.9094382643618126,4.031018871076092,3.953323053490127,8.449268071913865,4.031018871076092,0.4770849778663745,1.340302458425997,0.2399439659326239,NOT_ASSIGNED__NO_RULE_FROZEN
195650,development,later,A,286,72,-0.0024331484544397,7.505603903295197,0.8759822816136691,4.410254605598823,7.447247930365925,6.689773771381098,7.505603903295197,7.447247930365925,0.9922250129794816,2.28090695526043,2.491119302590082,-0.0466804108042837,-0.0299859481642308,-0.0382114289388178,-0.0396877874023086,-0.0334686301602624,-0.0366083409472668,0.0466804108042837,0.0396877874023086,,0.0018325620284717,2.524222287327264,-0.0296830954202311,-0.0236414298077215,-0.0264209367150548,-0.0282600724873756,-0.0232017507965117,-0.0259140013311543,0.0296830954202311,0.0282600724873756,,0.0012297842231822,2.588767821603258,0.141250562001682,0.1584432496360054,0.150681459323338,0.1403194324648405,0.1454977979236716,0.1429211911173891,0.1584432496360054,0.1454977979236716,0.9182959719516384,0.0049559347401843,1.9856452140624568,31.289758296104097,11923.322587669583,6144.896453346519,6554.169843388791,11951.111151200395,9974.909567949708,11923.322587669583,11951.111151200395,1.0023306056953911,3052.0201428091327,1.8486977123733723,0.0300407382575501,9.609821270959786,4.994607562781816,5.671658174931024,9.63744037646588,8.362177298829872,9.609821270959786,9.63744037646588,1.002874049862879,2.4059728584491413,1.9317099956830324,NOT_ASSIGNED__NO_RULE_FROZEN
195650,development,later,B,430,71,-0.0024331484544397,7.505603903295197,2.326623175488636,3.920181863217476,6.299615662738534,5.587055974254997,7.505603903295197,6.299615662738534,0.8393216247359928,2.797076064594821,1.1084333175171186,-0.0466804108042837,-0.0299859481642308,-0.0377149242840685,-0.0402144200440903,-0.0330931068362693,-0.0371594469513485,0.0466804108042837,0.0402144200440903,,0.0018324052066353,2.494563315198854,-0.0296830954202311,-0.0232017507965117,-0.0263074775746882,-0.0283398950805601,-0.0230921238790302,-0.0258817152165061,0.0296830954202311,0.0283398950805601,,0.0012173712605061,2.583084155054244,0.1403194324648405,0.1584432496360054,0.1453343870002719,0.1402839495534444,0.1462042008796464,0.1429004286706768,0.1584432496360054,0.1462042008796464,0.9227543692490782,0.0053175014015298,1.4028529308155704,31.289758296104097,11967.535115670731,9169.193706755188,6552.106035140782,11972.273393623636,11821.803672524096,11967.535115670731,11972.273393623636,1.0003959276414989,3228.949026934586,1.3256779481877858,0.0300407382575501,9.6536114522306,7.086133187517667,5.668836498885527,9.658933408523486,9.526102437233664,9.6536114522306,9.658933408523486,1.0005512917439467,2.604696674114768,1.3539254122842443,NOT_ASSIGNED__NO_RULE_FROZEN
195650,development,later,C,573,72,-0.0024331484544397,7.505603903295197,4.831434651359131,3.984033520690845,6.347064514477651,5.697358435368843,7.505603903295197,6.347064514477651,0.8456434147412295,2.6281880355363088,0.9831312592034308,-0.0466804108042837,-0.0299859481642308,-0.0374401399136513,-0.0407627114566202,-0.0338414437502768,-0.036871793179889,0.0466804108042837,0.0407627114566202,,0.0017722283227631,2.0660979136310607,-0.0296830954202311,-0.0230921238790302,-0.0261875706942856,-0.0287265937161089,-0.0236356443105264,-0.0258528314984204,0.0296830954202311,0.0287265937161089,,0.0011937531250153,2.1615206302687886,0.1397951066806036,0.1584432496360054,0.1439045641953388,0.1397467494515517,0.1445271622373216,0.1425432552229696,0.1584432496360054,0.1445271622373216,0.9121698940746708,0.0051155809011121,1.318805498167796,31.289758296104097,12005.52210108402,9404.80584099152,6579.013867062849,12020.640069313287,10180.323340553728,12005.52210108402,12020.640069313287,1.001259251209733,3219.4153216300506,1.0749608477428914,0.0300407382575501,9.687170778724148,7.247872392692609,5.696751699749627,9.697661862038125,8.53722662137321,9.687170778724148,9.697661862038125,1.0010829873400209,2.6225630036238514,1.077197909120896,NOT_ASSIGNED__NO_RULE_FROZEN
195655,development,later,A,269,68,-0.0001786120998657,6.167463723890926,2.4719595286964835,1.6226595608479926,4.925730196750231,3.978403366346071,6.167463723890926,4.925730196750231,0.7986638296175805,2.098605228482608,1.1567067426082525,-0.0453023717874111,-0.0343222441996611,-0.0398713855566979,-0.0422274383764823,-0.0367723280311313,-0.0395852136301884,0.0453023717874111,0.0422274383764823,,0.0016643305988029,1.8509451085548403,-0.0312202092096649,-0.0233845631562302,-0.0272603993379017,-0.0296908059945554,-0.0239684100890363,-0.0267184100742555,0.0312202092096649,0.0296908059945554,,0.0012806246328403,2.5405849321192244,0.1604218397148296,0.1803596591273833,0.1700322762344477,0.1652917630238791,0.1695592990211136,0.1676875373927032,0.1803596591273833,0.1695592990211136,0.9401176507067932,0.0044027628847496,1.2492385249608993,-1.8456217184460323e-10,11704.806552559325,5713.398718062281,7142.595810986028,11981.554210382496,10145.593076138262,11704.806552559325,11981.554210382496,1.0236439326511262,2643.4956212540774,2.360619021873883,-1.7716740146164738e-13,7.198913078995654,3.5884904360253627,1.4444939358126323,5.243174470278446,3.9152209584891,7.198913078995654,5.243174470278446,0.7283286258277674,1.5987650345202074,1.411493083800622,NOT_ASSIGNED__NO_RULE_FROZEN
195655,development,later,B,404,67,-0.0001786120998657,6.167463723890926,2.748576694058084,0.5347453048092397,3.437643496976873,2.63830200303783,6.167463723890926,3.437643496976873,0.5573836589683474,1.818388004083699,1.179829059399121,-0.0453023717874111,-0.0343222441996611,-0.0398225722463505,-0.0424579645047235,-0.0375613779531792,-0.039854341260504,0.0453023717874111,0.0424579645047235,,0.0015394724687247,1.6943296191872523,-0.0312202092096649,-0.0233845631562302,-0.0271244714431803,-0.0300877955506882,-0.0233601530394467,-0.0267183346577713,0.0312202092096649,0.0300877955506882,,0.0012736071332474,2.917512704177408,0.1604218397148296,0.1803596591273833,0.1682189038323125,0.1654392657596957,0.1695407441759312,0.1674893665707176,0.1803596591273833,0.1695407441759312,0.9400147737925644,0.0039226849838708,1.0958928111660773,-1.8456217184460323e-10,11992.723971457244,7629.956065219985,11791.246777906012,12011.161800110583,11895.175026614475,11992.723971457244,12011.161800110583,1.0015374179124965,3300.249177218956,1.3899301830098485,-1.7716740146164738e-13,7.198913078995654,3.837962566728648,3.902163236067627,4.0641115275867055,3.97049770184096,7.198913078995654,4.0641115275867055,0.5645451588302417,1.4757352793015284,0.3501381319262262,NOT_ASSIGNED__NO_RULE_FROZEN
195655,development,later,C,539,67,-0.0001786120998657,6.167463723890926,2.786655792413613,3.028431128802293,3.99226189780364,3.765767693957494,6.167463723890926,3.99226189780364,0.6473101547948797,1.610029214092907,0.8002737847833582,-0.0453023717874111,-0.0343222441996611,-0.0398383645914649,-0.0423742809545532,-0.037166528743999,-0.039590758316176,0.0453023717874111,0.0423742809545532,,0.0014894181608919,1.8028489561169343,-0.0312202092096649,-0.0232461320771068,-0.0270265082622967,-0.0301945889946411,-0.0240461462222436,-0.0266665730063739,0.0312202092096649,0.0301945889946411,,0.0012821870924914,2.510969612422984,0.1604218397148296,0.1803596591273833,0.1679982484014524,0.165539283721266,0.1700910820182759,0.1680367270979619,0.1803596591273833,0.1700910820182759,0.9430661093573318,0.0035412450720575,1.040171870213144,-1.8456217184460323e-10,12032.954500771266,9263.254071990588,11821.794643218424,12024.989194279471,11918.212354306825,12032.954500771266,12024.989194279471,0.9993380423327218,3454.513798679565,1.0070110442289035,-1.7716740146164738e-13,7.198913078995654,3.943718763927378,3.919902249574916,4.083003133458638,3.9816990503832033,7.198913078995654,4.083003133458638,0.56716938913621,1.2916249737123422,0.3305025267044809,NOT_ASSIGNED__NO_RULE_FROZEN
155537,external,earlier,A,291,73,0.0756313374862406,5.742425828603488,0.8332703881295777,0.0808054141948909,2.872104172143789,1.3029796234581552,5.742425828603488,2.872104172143789,0.5001552058082502,1.131430872769149,1.505627135329685,-0.024162440013419,0.0776740584026549,-0.0004165296960277,-0.0154705135119874,0.012650213612684,-5.991391135081164e-05,0.0776740584026549,0.0154705135119874,0.1628627867892078,0.0145851055171979,1.1526886296589556,-0.0185745885946828,0.0193014918746419,0.0012132202277959,-0.0123365600206253,0.014548654374322,0.0011271177229045,0.0193014918746419,0.014548654374322,0.7537580239295334,0.0050583315422707,2.710830637680783,-0.0114804660897387,0.0152504625512166,0.0001119782664751,-0.0158442764019371,0.0097393392965602,-0.0010931637548613,0.0152504625512166,0.0158442764019371,0.6386258294692352,0.0045897435068555,3.4792450187175588,1848.267802355192,11038.821433967953,5917.032904226129,9111.503365201954,11084.388655140185,10990.21907199277,11038.821433967953,11084.388655140185,1.0041279063571058,2172.0524646651284,2.246183399212672,1.2332473955045309,8.883227307497272,4.699397871428841,7.64739645971194,8.920527525844609,8.846256295466345,8.883227307497272,8.920527525844609,1.0041989489918666,1.824999700915282,2.2302139251201103,NOT_ASSIGNED__NO_RULE_FROZEN
155537,external,earlier,B,436,73,0.0756313374862406,5.742425828603488,1.3968746136890728,1.72674577778291,2.8967042174306847,2.840128545633109,5.742425828603488,2.8967042174306847,0.504439117524508,1.1139920744888998,1.3137741983057727,-0.024162440013419,0.0776740584026549,-0.0001001261779584,-0.0108350136720996,0.0187847310109007,0.0025076638446543,0.0776740584026549,0.0187847310109007,0.2418404728322868,0.0124075821086331,1.4336245909215812,-0.0185745885946828,0.0193014918746419,0.0011119590236928,-0.0106930058832889,0.0179711003372809,0.0029561501272322,0.0193014918746419,0.0179711003372809,0.9310731239843248,0.0053422440452081,3.1242370761311173,-0.0158442764019371,0.0152504625512166,-0.0002068712124821,-0.0081996341622684,0.0126222068068282,0.00096623786862,0.0158442764019371,0.0126222068068282,0.8276605882895872,0.0046683794164239,2.721496601799049,1848.267802355192,11088.200274417326,7509.642362550995,9122.321088759498,11091.426487385294,10997.513372261668,11088.200274417326,11091.426487385294,1.0002909591176317,2859.863511531823,1.1560165175793775,1.2332473955045309,8.923542350258117,6.1329594950132655,7.657305395462063,8.925254330955022,8.8484048723531,8.923542350258117,8.925254330955022,1.0001918498988078,2.3953837620858187,1.1493333047113927,NOT_ASSIGNED__NO_RULE_FROZEN
155537,external,earlier,C,582,73,0.0756313374862406,5.742425828603488,2.055619186668236,2.709822018968732,2.8775448402754766,2.8605679172211125,5.742425828603488,2.8775448402754766,0.5011026569890016,1.1116866747229792,1.0246808151511282,-0.024162440013419,0.0776740584026549,0.0002716243729918,-0.0102606712975978,0.0213281892338377,0.0007528331141465,0.0776740584026549,0.0213281892338377,0.274585745517177,0.0112244011442112,1.8016310297375708,-0.0185745885946828,0.0193014918746419,0.0016071278276642,-0.0081023530437181,0.0144794792694193,0.0018019233267885,0.0193014918746419,0.0144794792694193,0.7501740986375407,0.0054914522291188,2.368381581166045,-0.0158442764019371,0.0152504625512166,1.0810826013983615e-05,-0.0102083358631023,0.0112685311564858,0.0008382478719896,0.0158442764019371,0.0112685311564858,0.7388976641621204,0.0047661304564161,2.3532567020144333,1848.267802355192,11091.426487385294,10864.66606111763,9104.867708650414,11071.12716940193,10989.002199942996,11091.426487385294,11071.12716940193,0.998169819003313,2834.625780264415,0.8783318763758232,1.2332473955045309,8.925254330955022,8.75589069648532,7.641344516645754,8.905223496908036,8.841731009625239,8.925254330955022,8.905223496908036,0.9977557128005288,2.3726448696289424,0.8712157198501205,NOT_ASSIGNED__NO_RULE_FROZEN
159310,external,earlier,A,269,67,0.0558708345885927,3.1102342896378823,1.2660001968820356,1.5141671789957396,2.2682984681304674,1.926614831177271,3.1102342896378823,2.2682984681304674,0.7293014792125389,0.9652256034555988,0.9860172659364778,-0.0263817175726949,0.0606105627045328,0.0005597453418525,-0.0237371401405923,0.0162859934548843,0.0007195034133121,0.0606105627045328,0.0237371401405923,0.2686989318062606,0.0101741555113317,2.375678904735428,-0.0435863614193703,0.0796341017645889,-0.0048561864277247,-0.0180363571821117,0.0108854153706064,-0.0033330119504753,0.0796341017645889,0.0180363571821117,0.1366928882149695,0.0152246617438432,0.978743325362926,-0.0255320040454425,0.0112782585612898,-0.0102245182887833,-0.0246746186123755,0.0032026067944772,-0.0104889514141947,0.0255320040454425,0.0246746186123755,0.2839628810665416,0.0055438902617648,2.639037149389501,-1.232495513924953e-06,9439.954082938686,4221.902546306171,4599.372858030491,8240.897378155296,6246.468678577214,9439.954082938686,8240.897378155296,0.8729806634387653,2202.771041227433,1.9321785916927727,-1.1992767411062951e-09,7.858328777840859,3.5139734357471046,4.297803519362592,6.581766439173055,5.324131044152431,7.858328777840859,6.581766439173055,0.8375529486285315,1.815471496529136,1.7203655432235443,NOT_ASSIGNED__NO_RULE_FROZEN
159310,external,earlier,B,403,68,0.0558708345885927,3.1102342896378823,1.7121989071365444,0.9638766972570768,1.632637298284437,1.1944523163768717,3.1102342896378823,1.632637298284437,0.524924216713758,0.8311704071724277,0.6073571947319272,-0.0274733630795621,0.0606105627045328,0.000253251756734,-0.0410228961169885,0.0254195002596061,0.0006964421256639,0.0606105627045328,0.0410228961169885,0.419390600010138,0.009667398361721,4.257978215465776,-0.0435863614193703,0.0796341017645889,-0.0046606985669996,-0.0202463230199067,0.0136510172128016,-0.0042707925847733,0.0796341017645889,0.0202463230199067,0.1714217516153593,0.012983942769866,1.3672934999581638,-0.0255320040454425,0.0112782585612898,-0.0103109233309642,-0.0231483373993715,0.001716001878509,-0.0102733958760994,0.0255320040454425,0.0231483373993715,0.1521513156648914,0.0055624043035592,2.314854074835949,-1.232495513924953e-06,9439.954082938686,5332.249137444159,5061.97142350707,8246.121845492275,8077.8863451427505,9439.954082938686,8246.121845492275,0.8735341054673046,2415.864901345224,1.3234507225463736,-1.1992767411062951e-09,7.858328777840859,4.575744406293336,4.559242176951542,6.5806199033038695,6.449505822830901,7.858328777840859,6.5806199033038695,0.8374070479031229,1.9100890635611052,1.20993624259009,NOT_ASSIGNED__NO_RULE_FROZEN
159310,external,earlier,C,538,67,0.0558708345885927,3.1102342896378823,1.338746675962471,0.4145569531393344,0.7903758606084064,0.6324306241827293,3.1102342896378823,0.7903758606084064,0.2541210040805087,0.7544843494800854,1.251745278471976,-0.0410228961169885,0.0606105627045328,0.0004545859502071,-0.0220620337131841,0.0204636677645345,-7.075559801038127e-05,0.0606105627045328,0.0220620337131841,0.3376254377358576,0.009537646341835,2.338367233496374,-0.0435863614193703,0.0796341017645889,-0.0045791131234642,-0.0187690811159953,0.0087657786339626,-0.0038912999419822,0.0796341017645889,0.0187690811159953,0.1100756891799404,0.0116418659412689,1.249899512779953,-0.0263323196169067,0.0112782585612898,-0.0102789411239208,-0.0213721557989417,0.0041785986502461,-0.0105040000699087,0.0263323196169067,0.0213721557989417,0.3705003416563194,0.0055164860885426,2.616968418638389,-1.232495513924953e-06,9439.954082938686,6218.8263760614045,6101.079175872917,8266.813914421129,8089.753943503832,9439.954082938686,8266.813914421129,0.8757260725835697,2429.1558737833125,1.041189212431337,-1.1992767411062951e-09,7.858328777840859,5.29619520529061,5.197354000786141,6.602977489679284,6.455456169553401,7.858328777840859,6.602977489679284,0.8402521294729421,1.8804949253127936,0.9727860420517712,NOT_ASSIGNED__NO_RULE_FROZEN
160717,external,earlier,A,291,73,0.0758850827058035,4.301274210934442,0.1246185836085527,0.5620326282097304,3.8619408990349298,3.822982893895338,4.301274210934442,3.8619408990349298,0.8978597293837568,1.0059042349622065,3.211925604503896,-1.6906450712425256,4.462365622902074,-0.0163904525586589,-1.330324290847888,0.1418264272387484,-0.0031718610624837,4.462365622902074,1.330324290847888,0.0317827894941769,0.432534930096711,3.11440248345898,-0.065906501829879,0.0745166069963642,-0.0071830927438462,-0.0502937280499744,0.0412587009669295,-0.004815209631001,0.0745166069963642,0.0502937280499744,0.5536846433298103,0.019514995227695,2.3949513197947265,-0.0243374633202501,0.016409150893001,-0.0045500983576099,-0.016603882481155,0.0107867149810802,-0.0039392802685729,0.0243374633202501,0.016603882481155,0.657359728813335,0.0057947036546213,2.6373771881332795,1727.5842905854388,11189.355724976616,6704.540317188727,9264.599059757857,11210.757982163075,11089.217539105986,11189.355724976616,11210.757982163075,1.0019127336472722,2239.262355617469,2.135031733703358,1.235369859923083,8.944970677467662,5.275585922516338,7.721599858838014,8.963964471008174,8.868063593861624,8.944970677467662,8.963964471008174,1.0021234047852563,1.8490651367867643,2.1323785935222763,NOT_ASSIGNED__NO_RULE_FROZEN
160717,external,earlier,B,436,73,0.0758850827058035,4.301274210934442,0.5619776177541519,3.812803991757313,3.881880872296747,3.849257988174339,4.301274210934442,3.881880872296747,0.9024955587412824,1.6187859978953945,1.4861121659106828,-1.6906450712425256,4.462365622902074,-0.0134849899984759,-0.5610525008900095,1.4517950983849677,-0.0416235336605089,4.462365622902074,1.4517950983849677,0.3253420317989992,0.3711063448654652,3.909597256346592,-0.065906501829879,0.0745166069963642,-0.0068870940668219,-0.0412944290483779,0.044532931965684,-0.0074474822323227,0.0745166069963642,0.044532931965684,0.5976242580107929,0.0204363738485802,2.41097713630735,-0.0243374633202501,0.016409150893001,-0.0042788670790309,-0.0165280409885819,0.0056503855321528,-0.0050948422892667,0.0243374633202501,0.0165280409885819,0.3443435659161901,0.0059291718602246,2.0818128453721,1727.5842905854388,13282.792004571756,8099.857831624213,9264.474178945862,13309.152202717652,11143.635680047712,13282.792004571756,13309.152202717652,1.0019845374479115,2884.2486657034046,1.8431863976007588,1.235369859923083,8.963964471008174,6.320341680133428,7.481205735615519,8.957301621517257,8.835717682247724,8.963964471008174,8.957301621517257,0.999256707284766,2.3421967168211677,1.1433128297520845,NOT_ASSIGNED__NO_RULE_FROZEN
160717,external,earlier,C,582,73,0.0758850827058035,4.301274210934442,2.137546477106618,3.8140090704601337,3.894018701221995,3.85098220331744,4.301274210934442,3.894018701221995,0.9053174734414406,1.7384130420364283,1.0482870346285336,-1.6906450712425256,4.462365622902074,-0.0159817789327349,-0.915597981291102,2.8197448100936406,-0.0759894131501656,4.462365622902074,2.8197448100936406,0.6318946156321086,0.3753876412597239,7.498580427415405,-0.065906501829879,0.0745166069963642,-0.0066649447336532,-0.0955907884290843,0.0914846279360577,-0.012039349170643,0.0745166069963642,0.0955907884290843,1.2277079113454723,0.0208671775444283,4.60674895443336,-0.0243374633202501,0.016409150893001,-0.0043979073737009,-0.0217727753257392,0.0113239285102092,-0.0043317556014217,0.0243374633202501,0.0217727753257392,0.6900983837645848,0.0057265984417192,3.0716912639755045,1727.5842905854388,13309.152202717652,11007.341532444296,10957.235301691477,13309.83072082069,13050.727110432705,13309.152202717652,13309.83072082069,1.0000509813166687,2983.274127011495,1.4788817032843662,1.235369859923083,8.986824963938673,7.613429679729054,6.486315358374311,8.936674753323876,7.636335444225088,8.986824963938673,8.936674753323876,0.9944195852466212,2.262857823122213,0.9275091229203432,NOT_ASSIGNED__NO_RULE_FROZEN
160719,external,earlier,A,291,73,0.0799108518234692,4.388635201140219,0.1516851808029379,0.9483721729674088,2.9940936910080693,2.87269745984336,4.388635201140219,2.9940936910080693,0.6822379974143599,1.0472979094232775,2.17211371933982,-0.4610557750584269,2.028256167091314,-0.0141459786856059,-0.3818861373775526,1.5505302860222796,-0.0286885897593559,2.028256167091314,1.5505302860222796,0.7644647215572713,0.1481853369741358,10.419059919469309,-0.0450658274325715,0.0547808848991309,-0.0009710715755849,-0.0454396921288855,0.0601750662507429,-0.00277216951776,0.0547808848991309,0.0601750662507429,1.098468313564931,0.0160450679543943,3.686314259199841,-0.014033591586851,0.015235462633256,0.0002334825952479,-0.012607474301661,0.0188779900558204,0.001428717144674,0.015235462633256,0.0188779900558204,1.2390821670628795,0.0052735733302974,3.5708338576037995,1953.6141274631843,11330.670109994891,6877.750632731931,9386.108443065868,11367.73784314458,11211.378844517203,11330.670109994891,11367.73784314458,1.003271451095994,2274.2474249161246,2.087147259110618,1.2406828165753,9.030765079282538,5.395817311218043,7.796150776001198,9.05369808936466,8.936437497792538,9.030765079282538,9.05369808936466,1.0025394315853406,1.8766058006154256,2.072085080539909,NOT_ASSIGNED__NO_RULE_FROZEN
160719,external,earlier,B,437,73,0.0799108518234692,4.388635201140219,0.8857628186161359,2.864411554197187,2.9214312620555525,2.8954623936509933,4.388635201140219,2.9214312620555525,0.665681043914639,1.2728389858480942,1.2476840557972169,-1.1050452061450045,2.0987808632322005,-0.0183833816109195,-0.7234737832008432,2.3946981057887133,-0.0203731747701956,2.0987808632322005,2.3946981057887133,1.1409948259680571,0.2070368715142183,11.552724604860474,-0.0454396921288855,0.0651283381358068,-0.0005844603564733,-0.0317670833096374,0.0733479934921515,-0.0002266692698161,0.0651283381358068,0.0733479934921515,1.1262070489071128,0.01765277546728,4.089109593537104,-0.0157713121324113,0.0188779900558204,0.0004354243810321,-0.0099486189954212,0.0159785719746223,-0.0004459665068074,0.0188779900558204,0.0159785719746223,0.8464127763271012,0.0055881878702999,2.812501883704667,1953.6141274631843,13400.318578599945,8596.90358991248,10100.147770355386,13444.97743464695,11309.438066123515,13400.318578599945,13444.97743464695,1.0033326712186026,2888.7234551394777,1.8239835758564649,1.2406828165753,9.05369808936466,6.657132598181144,6.618414277706556,9.044445468177498,8.901893972330871,9.05369808936466,9.044445468177498,0.9989780285253788,2.327062621080825,1.136308091158554,NOT_ASSIGNED__NO_RULE_FROZEN
160719,external,earlier,C,583,73,0.0799108518234692,4.388635201140219,2.426289777812786,2.8641098511860137,2.9360125061214823,2.8942985377996355,4.388635201140219,2.9360125061214823,0.6690035447372504,1.2930482002589567,0.9370930935850916,-1.1050452061450045,3.457526336620013,-0.0200307658359924,-2.056489989277241,6.904541248516274,-0.034408212638206,3.457526336620013,6.904541248516274,1.9969598424710693,0.34572366179647,19.96327827061874,-0.0454396921288855,0.0733479934921515,-0.0010271863167464,-0.0315038393728847,0.0585071245774297,-0.0027662068114229,0.0733479934921515,0.0585071245774297,0.7976649638505815,0.0177407469981842,3.2495158942727995,-0.0157713121324113,0.0188779900558204,0.0004256081501398,-0.0141555848279939,0.0145850675449262,0.0001209391786555,0.0188779900558204,0.0145850675449262,0.7725964205828911,0.0056826740812651,2.538590289171312,1953.6141274631843,13444.97743464695,11119.211687406434,10042.140190606187,13399.547262417253,11224.716914757442,13444.97743464695,13399.547262417253,0.996621030235973,2993.4591075030594,1.439395145138697,1.2406828165753,9.05369808936466,7.685070790519272,7.249772076161306,9.042659653391336,8.924406347409596,9.05369808936466,9.042659653391336,0.9987807815254752,2.233896097715125,0.9456967855013608,NOT_ASSIGNED__NO_RULE_FROZEN
160721,external,earlier,A,291,73,0.0825265699811557,4.381939359883419,0.4633948914424559,1.47573212346905,2.477391816050393,2.0967295552956777,4.381939359883419,2.477391816050393,0.5653642400282562,1.010295234739276,1.5827561645855162,-1.0887781241347163,4.140586401881012,-0.0127640449448013,-2.113993004740976,2.768463187744848,-0.0209819495257881,4.140586401881012,2.768463187744848,0.6686162101308095,0.2920797508960236,9.426182734160903,-0.0508140498934648,0.0878316023282259,0.0015387260946334,-0.0295774651058864,0.0525259823844783,0.0021495574246579,0.0878316023282259,0.0525259823844783,0.5980305606652739,0.0186181807725818,2.656402273058543,-0.0114800885126383,0.0208178713111585,0.001887949723023,-0.0066326741346862,0.0168297592674917,0.0024526785515478,0.0208178713111585,0.0168297592674917,0.8084284418873724,0.0055458369975928,2.5993413411856947,1928.9275873421225,11236.500931732337,6824.9990266084815,9287.95898206366,11223.6809973358,11103.743023357594,11236.500931732337,11223.6809973358,0.9988590812678766,2241.9105528869127,2.129127785957234,1.2244210219122904,8.968400377608154,5.240231438031093,7.743447089773922,8.977135626327009,8.879400956630336,8.968400377608154,8.977135626327009,1.0009740029828134,1.862003680757053,2.1276456260067667,NOT_ASSIGNED__NO_RULE_FROZEN
160721,external,earlier,B,437,73,0.0825265699811557,4.381939359883419,1.1404504917519354,2.341089979258171,2.997897494475989,2.6167092514421717,4.381939359883419,2.997897494475989,0.6841485580384088,1.0581755212138173,1.5709198822703625,-2.113993004740976,4.140586401881012,-0.0155033020180064,-1.7316228230988255,5.728052711367195,-0.0260245731338709,4.140586401881012,5.728052711367195,1.383391663742367,0.4475880334040202,12.809508858188597,-0.0508140498934648,0.0878316023282259,0.0017698068213757,-0.0369020868596619,0.0721677107568782,-0.0006938506811117,0.0878316023282259,0.0721677107568782,0.8216599588743486,0.0187852846127714,3.6789574683913377,-0.0116435200263813,0.0208178713111585,0.0020651242222834,-0.0155180538263991,0.0180776860314719,0.0024495051248649,0.0208178713111585,0.0180776860314719,0.8683734163435882,0.0057183246855261,3.161491191493854,1928.9275873421225,13255.207080561897,8128.801727144028,11289.790860278965,13296.920459891156,13150.146437757468,13255.207080561897,13296.920459891156,1.0031469428637163,2981.796861530975,1.7466359932738762,1.2244210219122904,8.994094546631864,6.327528944997494,6.418523912776163,7.709114689849399,7.590299277361428,8.994094546631864,7.709114689849399,0.8571307150352708,2.313743806546615,0.6362817937399581,NOT_ASSIGNED__NO_RULE_FROZEN
160721,external,earlier,C,583,73,0.0825265699811557,4.381939359883419,2.0967295552956777,0.5453567056471396,2.549524063183527,1.6713137573220322,4.381939359883419,2.549524063183527,0.5818255009469955,1.0629411256098713,1.0339380208067643,-2.113993004740976,5.728052711367195,-0.0172620875745898,-1.0191921539335769,4.308125488373669,-0.0377898044428029,5.728052711367195,4.308125488373669,0.752109958734194,0.5100565597870869,8.45917108817798,-0.0508140498934648,0.0878316023282259,0.0014911754194138,-0.0374882833857804,0.041994117907844,0.0002907547045256,0.0878316023282259,0.041994117907844,0.4781208220580152,0.0199848845333231,2.0270098213205623,-0.0155180538263991,0.0208178713111585,0.0022166055082188,-0.0097179837032503,0.0144585088474974,0.0025054201679354,0.0208178713111585,0.0144585088474974,0.6945238843775352,0.0058654612147249,2.0812310991213816,1928.9275873421225,13296.920459891156,11040.092604064648,11348.888485100237,13262.78849035242,13107.330989401047,13296.920459891156,13262.78849035242,0.997433092147788,3377.882311334406,1.1596430463255274,1.2244210219122904,8.994094546631864,7.523954884455761,6.458533351398629,7.657707085465936,7.556374234924983,8.994094546631864,7.657707085465936,0.8514150085662172,2.084904540948175,0.5229271920454039,NOT_ASSIGNED__NO_RULE_FROZEN
161136,external,earlier,A,152,38,0.0661843048364164,2.691519312446372,0.0803327798973876,0.0644569535890816,0.0807088932472547,0.07225813038067,2.691519312446372,0.0807088932472547,0.0299863697332704,0.7538081739805189,0.3872985857485998,-0.0108107979784605,0.0183730199869714,0.0030841643047542,-0.0245350099809234,0.0729544967528718,0.0019078493481747,0.0183730199869714,0.0729544967528718,3.970740618831566,0.0052996626891627,13.26864527501776,-0.000105384474995,0.0388347369602547,0.0160752273469119,-0.0009274690352003,0.0205862090753142,0.0075134775533719,0.0388347369602547,0.0205862090753142,0.5300978115645046,0.0067379353221602,2.5786859249151037,-0.0123397685942658,0.0059572056250977,-0.0018647160574951,-0.0102020967941849,0.0046444117583245,-0.0018656133389288,0.0123397685942658,0.0102020967941849,0.7796292507946364,0.0034584275346312,2.373326731341962,3638.8017428086537,5427.60126210585,3698.3184458383175,3633.486973003679,3762.965167905949,3698.887022088338,5427.60126210585,3762.965167905949,0.6933016974142937,654.8690799386836,0.5722878061765775,2.460550940713361,4.127544506549213,3.1341589035946784,2.3372400015439343,3.555561555574118,2.918811783886686,4.127544506549213,3.555561555574118,0.8614229476950462,0.5041050262199694,1.5752887165733822,NOT_ASSIGNED__NO_RULE_FROZEN
161136,external,earlier,B,228,38,0.0615441392912523,2.691519312446372,0.0766174131157119,0.0623960385876678,0.0819601304195184,0.0700282316218928,2.691519312446372,0.0819601304195184,0.0304512510984078,0.629951946022028,0.3160539036052362,-0.028397568955589,0.0729544967528718,0.002851019516606,-0.0313715940076651,0.0793848527681371,-0.0002807706883609,0.0729544967528718,0.0793848527681371,1.0881420104513588,0.0083580489070532,9.20156992206871,-0.00433323869076,0.0388347369602547,0.0117852782636709,-0.007089499431137,0.0146124770316514,-0.0009548895784321,0.0388347369602547,0.0146124770316514,0.376273361825691,0.0078839437400545,2.543739862875878,-0.0123397685942658,0.0059572056250977,-0.0018647160574951,-0.008719677556751,0.0080144037564634,-0.0029270864109316,0.0123397685942658,0.008719677556751,1.3453293810605844,0.0033751711111678,2.9644645754604886,3633.486973003679,5427.60126210585,3698.5084093339487,3672.649649200368,3726.5482706470375,3698.927428597732,5427.60126210585,3726.5482706470375,0.6865921225025984,554.5754469459606,0.4186899600370121,2.3372400015439343,4.127544506549213,3.1341589035946784,2.4924402016327893,3.381850209236469,2.940701327001401,4.127544506549213,3.381850209236469,0.8193370668373064,0.5161313420073633,1.1124780799397986,NOT_ASSIGNED__NO_RULE_FROZEN
161136,external,earlier,C,304,38,0.0615441392912523,2.691519312446372,0.0741145265404419,0.0570088703178209,0.0738460956514462,0.0695766775361028,2.691519312446372,0.0738460956514462,0.0274365839806388,0.551827496747446,0.2837793835957196,-0.0313715940076651,0.0793848527681371,0.0025216066110232,-0.010078994400582,0.0195809371210364,0.0008550517564545,0.0793848527681371,0.0195809371210364,0.2466583540593997,0.0093990680850982,1.8240529561974348,-0.0118230857302921,0.0388347369602547,0.0091711458012364,-0.0138952705872245,0.0047339447998652,-0.0060255606464389,0.0388347369602547,0.0138952705872245,0.1218997518821914,0.009333725543529,2.509838909325793,-0.0123397685942658,0.0080144037564634,-0.0019562163515836,-0.0099679174705886,0.0049200755471526,-0.0024227723225097,0.0123397685942658,0.0099679174705886,0.6139041277006677,0.003327418205727,2.3775239042991183,3633.486973003679,5427.60126210585,3698.68770024199,3631.336309364331,3766.2007911973137,3706.1894689603687,5427.60126210585,3766.2007911973137,0.6938978398232719,488.6112352529493,0.454266495400744,2.3372400015439343,4.127544506549213,3.1341589035946784,2.714822035273932,3.153382055145121,2.937383002573124,4.127544506549213,3.153382055145121,0.7639849915952743,0.4807605183155733,0.6654326656056132,NOT_ASSIGNED__NO_RULE_FROZEN
161145,external,earlier,A,152,38,0.9546039668013364,4.783485131289297,2.372425750037125,1.3016100170289726,2.0920078576619208,1.8106445901939776,4.783485131289297,2.0920078576619208,0.4373396802214079,0.9424411272193006,1.420053491337975,-0.0537752830846611,0.0917881135870175,-0.0011759121407647,-0.0511800912074152,0.1160703270587149,-0.001596929475268,0.0917881135870175,0.1160703270587149,1.2645463832163537,0.0168291543205676,6.932508308938086,-0.0151182502781878,0.0410545803964312,0.0086527369639629,-0.0083846730816019,0.0161644716505684,0.0007371810566178,0.0410545803964312,0.0161644716505684,0.3937312595691167,0.0080465590968283,2.0709039247658296,-0.0072882184936265,0.0125378603203711,0.0008445929887008,-0.0040318301649677,0.0071630287223245,0.0009998215183197,0.0125378603203711,0.0071630287223245,0.5713118936798409,0.0034241884070333,1.7807059032136598,3635.4210968225934,5431.281622274671,3712.9577656293673,3619.4266943021225,3799.907433653432,3706.833284556128,5431.281622274671,3799.907433653432,0.6996336588530638,657.0383857563122,0.611010741695387,2.487696776815232,4.1333776928122425,3.1333602763434447,2.3529785023891363,3.5408213426616677,2.937778254926484,4.1333776928122425,3.5408213426616677,0.856641131251808,0.4991786009941893,1.568480948920745,NOT_ASSIGNED__NO_RULE_FROZEN
161145,external,earlier,B,228,38,0.9546039668013364,4.783485131289297,1.98142534649999,1.4432153616329897,1.8015957159654783,1.7126485451042743,4.783485131289297,1.8015957159654783,0.3766282671563133,0.8756852815808073,1.03683210721394,-0.0537752830846611,0.1160703270587149,-0.0016493921536229,-0.0067753555757466,0.0068510473068996,-0.0004354796671613,0.1160703270587149,0.0068510473068996,0.0590249677114632,0.0175825524087047,0.4189525989323873,-0.0151182502781878,0.0410545803964312,0.0046656059451876,-0.0140478802472692,0.0034984088712916,-0.0051920394805089,0.0410545803964312,0.0140478802472692,0.0852136068012466,0.0084096811556767,2.295740641408352,-0.007982288302593,0.0125378603203711,0.000819504603964,-0.0085289181220979,0.0088980438894867,0.0007736937150426,0.0125378603203711,0.0088980438894867,0.7096939718677097,0.0032482384710172,2.905251992118166,3619.4266943021225,5431.281622274671,3709.062904350488,3669.0344800531457,3739.503282456715,3711.626104033932,5431.281622274671,3739.503282456715,0.6885121307501961,556.9460495779222,0.4444430122451154,2.3529785023891363,4.1333776928122425,3.1333602763434447,2.493097107075217,3.375098311657672,2.9436008393898865,4.1333776928122425,3.375098311657672,0.8165472798497984,0.508160044405274,1.1366154074077064,NOT_ASSIGNED__NO_RULE_FROZEN
161145,external,earlier,C,304,38,0.9546039668013364,4.783485131289297,1.828294323572372,0.3790652415222031,1.6379461361238694,0.997110495804499,4.783485131289297,1.6379461361238694,0.3424168971300622,0.8173385969781068,2.2001169344401266,-0.0537752830846611,0.1160703270587149,-0.0012808863834504,-0.0205214061624684,0.0332225471850342,-0.0009392171273289,0.1160703270587149,0.0332225471850342,0.286227738190385,0.015452357272183,2.1873625388620104,-0.0181830008144166,0.0410545803964312,0.0014400533191848,-0.0173881843087988,-0.0002205451364646,-0.0088398771864343,0.0410545803964312,0.0173881843087988,-0.0053719983089581,0.009088025847799,2.178036756090896,-0.010145647016011,0.0125378603203711,0.0008050663136704,-0.0059028627072297,0.0059829136461841,5.175947568357821e-05,0.0125378603203711,0.0059829136461841,0.4771877731372828,0.0033208636139937,2.008418369974242,3619.4266943021225,5431.281622274671,3710.238655363744,3629.4114532875647,3785.38281025382,3706.3595240702953,5431.281622274671,3785.38281025382,0.6969594054429582,490.9336983883111,0.4781137902825175,2.3529785023891363,4.1333776928122425,3.1333602763434447,2.705064538361327,3.158487734041884,2.9417132747626376,4.1333776928122425,3.158487734041884,0.7641420573625177,0.4744119861391165,0.7019651412112068,NOT_ASSIGNED__NO_RULE_FROZEN
161414,external,earlier,A,333,83,-0.0144041228177382,2.7393530434583986,0.1033817251351012,0.0470427803776717,0.5466788166606837,0.0672988243166892,2.7393530434583986,0.5466788166606837,0.1995649366795411,0.8629096920016011,0.7113054110966681,-0.0813475422844079,8.78959481839084,0.0004522108132171,-0.0142199607905101,0.0237837561364721,0.0030104497319175,8.78959481839084,0.0237837561364721,0.0027058990349257,0.6140338414438004,0.1189444436264912,-0.013783793132917,0.0341535734375349,0.0041252277130475,-0.0215923447881565,0.0300259174426022,0.0017138771524301,0.0341535734375349,0.0300259174426022,0.8791442423299592,0.006132693866169,4.263921251438607,-0.0115599620088327,0.0149945190914384,0.0009090067648579,-0.0108329271060533,0.0191648341595788,0.0002838800438194,0.0149945190914384,0.0191648341595788,1.2781226288558682,0.0050124412217459,3.640931893587041,-2.9378906279330028e-12,10548.820958917018,4559.761431049878,3285.305292459139,10698.634145834563,7698.997626866054,10548.820958917018,10698.634145834563,1.0142018892444,2272.352856855924,2.785649533426126,-2.8608783901745512e-15,8.660986212489355,3.646721977432553,2.814620700049165,8.830929761315977,6.761539253043768,8.660986212489355,8.830929761315977,1.019621731827902,1.7922123629052662,2.910237063084256,NOT_ASSIGNED__NO_RULE_FROZEN
161414,external,earlier,B,499,84,-0.0144041228177382,2.7393530434583986,0.0659582520707152,0.0409149238758943,0.0735337161516659,0.0545136259546078,2.7393530434583986,0.0735337161516659,0.0268434608409694,0.756074714543033,0.5689672084935699,-0.0813475422844079,8.78959481839084,0.0021724530287091,-0.0147141973898606,8.482865938984427,0.0070014919082447,8.78959481839084,8.482865938984427,0.9651031832815964,0.5023013714198896,16.807313841583518,-0.0247882376324857,0.0528135115742976,0.0037621184298724,-0.0347248953439775,0.0534374839634883,0.0038838727450693,0.0528135115742976,0.0534374839634883,1.011814635508811,0.0087563968548098,5.654037957102,-0.012961237852849,0.0191648341595788,0.0007275263182064,-0.0153635359590858,0.0191139596057705,0.0006793120435414,0.0191648341595788,0.0191139596057705,0.9973454216517256,0.005386647271244,3.363754012348428,-2.9378906279330028e-12,10698.634145834563,5563.935807411019,4847.6176006555,10721.029152078758,9176.554257400468,10698.634145834563,10721.029152078758,1.002093258442052,2734.681974446067,1.8769452049572777,-2.8608783901745512e-15,8.830929761315977,4.618376411016651,4.371312588072081,8.831520703543166,7.811043848466008,8.830929761315977,8.831520703543166,1.0000669173284311,2.277460239717138,1.813174318536007,NOT_ASSIGNED__NO_RULE_FROZEN
161414,external,earlier,C,666,83,-0.0144041228177382,2.7393530434583986,0.0600776159928598,0.0393153656724679,0.06878168253453,0.0521300143219425,2.7393530434583986,0.06878168253453,0.0251087324062815,0.6788696643366071,0.4822965158702766,-0.0813475422844079,8.78959481839084,0.0030914040267037,-0.0273060808025756,0.076895080175718,0.0031213979528849,8.78959481839084,0.076895080175718,0.0087484214875101,0.6362556045505585,0.138761623580714,-0.0457838207527885,0.0643339439078896,0.0036669742528683,-0.047946095487713,0.0794593803826564,0.0012752863795646,0.0643339439078896,0.0794593803826564,1.235108180161047,0.0126343495621569,5.9482534161844605,-0.0153635359590858,0.0549228562679586,0.0008126970743005,-0.0125761652037152,0.0156753881480886,0.0001713839962798,0.0549228562679586,0.0156753881480886,0.2854073734186589,0.0060503403784553,2.378786921096272,-2.9378906279330028e-12,10721.029152078758,7031.455461632777,5418.883818267362,10723.79645980738,10486.433992658303,10721.029152078758,10723.79645980738,1.0002581195974165,2970.4847063290376,1.407042162093769,-2.8608783901745512e-15,8.831520703543166,5.73153978929437,4.864575516540741,8.85023573134575,8.64644095498074,8.831520703543166,8.85023573134575,1.0021191172427502,2.4538468939554847,1.370076486131889,NOT_ASSIGNED__NO_RULE_FROZEN
165017,external,earlier,A,289,72,0.077430468891869,5.6968724484439806,0.0989178137313937,0.0767745576255438,1.902889599902765,1.890990345334424,5.6968724484439806,1.902889599902765,0.3340235571576668,1.6753503428639498,0.6494437310850375,-0.028336751119479,0.0194423242028729,-0.0050923110424597,-0.0289222098564149,0.0122137012534623,-0.006044486308428,0.028336751119479,0.0289222098564149,0.6282017070601859,0.0070639083620495,3.3945593132838723,-0.0580120361947932,0.0806662974056963,-0.0053761133284355,-0.037335895534589,0.0375060480430628,-0.0100694375536977,0.0806662974056963,0.0375060480430628,0.4649531371749107,0.0246440998987939,1.6999959969679184,-0.0902257842886832,0.2467129496556191,-0.0211925921920834,-0.0551549174680046,0.2014197569046613,-0.0293044708071098,0.2467129496556191,0.2014197569046613,0.8164133953479882,0.0601674488426526,3.441203976503475,1841.202785491638,11019.330996499004,6130.827817932175,6995.688411230929,11026.737818924536,10913.194378015169,11019.330996499004,11026.737818924536,1.000672166252914,2224.3714485864507,2.082865880771809,1.1664625221002898,8.96311746507944,4.881490489908146,5.704909191903788,8.96692538653903,8.874077585452298,8.96311746507944,8.96692538653903,1.0004248434179766,1.8840611048962288,2.0667833765997488,NOT_ASSIGNED__NO_RULE_FROZEN
165017,external,earlier,B,433,73,0.0767745576255438,5.6968724484439806,1.3847843153349153,1.8898874153503784,1.9053172061519756,1.8994228550647925,5.6968724484439806,1.9053172061519756,0.3344496868053252,1.432610951944041,0.4078645359442879,-0.0289222098564149,0.0194423242028729,-0.0055386015951446,-0.0189966570595712,0.0100189917178641,-0.0063988298396709,0.0289222098564149,0.0189966570595712,0.5153186220597882,0.0074046960096431,2.09846618635532,-0.0580120361947932,0.0806662974056963,-0.00708636017425,-0.0297865822963552,0.0449386571445273,-0.0089912140056593,0.0806662974056963,0.0449386571445273,0.5570933412068811,0.0218540679634864,2.2923650615335576,-0.0902257842886832,0.2467129496556191,-0.0246846599035807,-0.0477960476998205,0.157787927888738,-0.0263590989393154,0.2467129496556191,0.157787927888738,0.6395607855566174,0.0609984254965887,2.655330444733428,1841.202785491638,11035.734096729857,8302.076539627904,9406.739736217112,11024.168960092982,10938.315140766616,11035.734096729857,11024.168960092982,0.9989520283349068,2770.2974907143685,1.145169115620254,1.1664625221002898,8.97370324482886,6.544104757624331,7.919104146257304,8.967438194799557,8.891902511717614,8.97370324482886,8.967438194799557,0.9993018434130956,2.33965087985768,1.1390580556142436,NOT_ASSIGNED__NO_RULE_FROZEN
165017,external,earlier,C,578,72,0.0767745576255438,5.6968724484439806,1.8906098885975395,1.0852745584234296,1.9686998762279029,1.8921771767484272,5.6968724484439806,1.9686998762279029,0.3455755581758944,1.2717261924240966,0.4225641231304585,-0.0295011978174616,0.114794933694216,-0.0056780143720546,-0.0398242682189637,0.0103651576236676,-0.0068253895730713,0.114794933694216,0.0398242682189637,0.090292814239326,0.0088692046617036,3.8747099778800864,-0.0580120361947932,0.0806662974056963,-0.0077426165637135,-0.0450518539963657,0.0356180562638211,-0.0069796783240457,0.0806662974056963,0.0450518539963657,0.4415481732685298,0.0208050952888708,1.962499817368032,-0.0902257842886832,0.2467129496556191,-0.023431317018925,-0.0460515083566798,0.1837070268758805,-0.0242593291153017,0.2467129496556191,0.1837070268758805,0.7446185015108159,0.0590825343010068,3.1795250187122592,1841.202785491638,11035.734096729857,10332.61395252723,7071.374512480867,11048.090898990897,10924.381295867031,11035.734096729857,11048.090898990897,1.0011197082271763,2738.2717650160166,0.889631327420604,1.1664625221002898,8.97370324482886,8.473498407450066,5.762158087777302,8.990483767714665,8.888845908921933,8.97370324482886,8.990483767714665,1.001869966325828,2.310459908856445,0.8863698706637106,NOT_ASSIGNED__NO_RULE_FROZEN
165026,external,earlier,A,286,72,0.0593094962393874,4.787392049263837,1.0150165596695466,0.0911951525206774,4.6899656643033305,2.655234519484039,4.787392049263837,4.6899656643033305,0.979649382386494,1.713221907320052,1.7737520199599024,-0.0493515776254133,0.1469796697718834,-0.0045575215546408,-0.0352822330187162,0.021532060916448,-0.0059198443195377,0.1469796697718834,0.0352822330187162,0.1464968655179754,0.0132026786713792,2.336167584498956,-0.0579755883619635,0.0995894372336552,-0.0069105730682485,-0.0387887932789177,0.0331297681629241,-0.0078538869164538,0.0995894372336552,0.0387887932789177,0.3326634739906766,0.0234367494357648,1.5871323914819222,-0.0698002868370799,0.3145524228700984,-0.0211097819656377,-0.0424078349658733,0.293274245630906,-0.0208955803932818,0.3145524228700984,0.293274245630906,0.9323541143156931,0.0592470335402055,5.014710377004981,489.0307475658945,11002.90147594272,6220.13464931718,6987.606266098571,11104.046529655016,10859.90072324154,11002.90147594272,11104.046529655016,1.0091925801511032,2276.3491414025616,2.09764295985845,0.4790403341215638,8.952764779078656,5.074490397770243,5.69356659858872,9.026684132582256,8.835498210153688,8.952764779078656,9.026684132582256,1.0082565950661788,1.923133454651659,2.086093494513798,NOT_ASSIGNED__NO_RULE_FROZEN
165026,external,earlier,B,430,71,0.0593094962393874,4.787392049263837,2.282576616626032,0.9707787341641292,4.731371614377228,3.4674434596023773,4.787392049263837,4.731371614377228,0.98829833982466,1.705363514542323,1.522906466800829,-0.0493515776254133,0.1469796697718834,-0.0047808728701856,-0.0420267804057723,0.0345337621332021,-0.008118232296003,0.1469796697718834,0.0420267804057723,0.2349560465525575,0.0145452383317348,2.7075325855418773,-0.0579755883619635,0.0995894372336552,-0.0073202360037277,-0.0250494116792244,0.0411837325087592,-0.0082072419558187,0.0995894372336552,0.0411837325087592,0.4135351464245611,0.0205968718880935,2.234153321224415,-0.0698002868370799,0.3145524228700984,-0.020696204170737,-0.0465887844897186,0.2597790943034992,-0.0188726809111804,0.3145524228700984,0.2597790943034992,0.8258689980295618,0.0561990047211581,4.692810531630808,489.0307475658945,11104.046529655016,7908.517706814915,8698.298333388297,11033.87691682639,10913.440077515766,11104.046529655016,11033.87691682639,0.993680716967348,2736.3444105555677,1.209730715135499,0.4790403341215638,9.026684132582256,6.341112031485627,6.706206627243973,8.963508348708473,8.881511455837352,9.026684132582256,8.963508348708473,0.9930012191690916,2.31063788273752,1.1998584547575462,NOT_ASSIGNED__NO_RULE_FROZEN
165026,external,earlier,C,573,72,0.0593094962393874,4.787392049263837,2.986027183933242,2.546187699114171,4.73399348347892,4.318974729082166,4.787392049263837,4.73399348347892,0.988846001072102,1.747966571392928,1.2198986304102255,-0.0493515776254133,0.1469796697718834,-0.0048328801637225,-0.0356489063516912,0.0265543380107858,-0.0072025572079227,0.1469796697718834,0.0356489063516912,0.1806667415432281,0.0155161324807227,2.0385335350703357,-0.0579755883619635,0.0995894372336552,-0.0074208616700332,-0.0504820079438079,0.0590701347329659,-0.0080012496216987,0.0995894372336552,0.0590701347329659,0.5931365451375786,0.0189424328977146,3.3920477838330347,-0.0698002868370799,0.3145524228700984,-0.0212546855437376,-0.0630995247327739,0.2407282719665305,-0.0375629683255938,0.3145524228700984,0.2407282719665305,0.7653041415800659,0.0611910153658173,3.982950583386196,489.0307475658945,11104.046529655016,9296.6736079897,9332.288714017068,11007.74454133,10919.156515247758,11104.046529655016,11007.74454133,0.9913273068454976,2719.410130310469,0.9344293207773244,0.4790403341215638,9.026684132582256,7.687934572085853,7.549254712325863,8.95367062383696,8.880998894167176,9.026684132582256,8.95367062383696,0.9919113699257792,2.2944996396963977,0.932173789259612,NOT_ASSIGNED__NO_RULE_FROZEN
165027,external,earlier,A,292,74,0.0544408741087952,4.838931812109784,0.8145345165733489,1.7043125159174188,4.7849627945249855,3.772796677888105,4.838931812109784,4.7849627945249855,0.9888469150464704,1.6007455977591012,2.032601573938244,-0.0366948352572528,0.0331204016682275,-0.0040021054970153,-0.0349120614487266,0.0354535965257148,-0.006201744606463,0.0366948352572528,0.0354535965257148,1.070445850290685,0.0076036997820886,5.255164110314354,-0.0578141456954464,0.0732991607120655,-0.0060609590414103,-0.0366937167081489,0.0319302882277777,-0.011010269075795,0.0732991607120655,0.0366937167081489,0.4356160141206335,0.022523927225964,1.6192222298449148,-0.0512925809765132,0.2256764802993988,-0.0220806361700404,-0.0555970612538849,0.1734448574622171,-0.0230253813653858,0.2256764802993988,0.1734448574622171,0.7685553108242055,0.0515789878772107,3.4034070200899444,1870.357143034116,10961.29173564367,6375.304985999263,7661.289112643229,10995.216328908527,10750.169524215791,10961.29173564367,10995.216328908527,1.0030949448370707,2131.92996704712,2.155065452334956,1.1868034453842689,8.912001937153333,4.933725392782835,6.24163747807374,8.928662648283021,8.73256513936918,8.912001937153333,8.928662648283021,1.0018694689753411,1.8144398420324,2.148704291854844,NOT_ASSIGNED__NO_RULE_FROZEN
165027,external,earlier,B,439,73,0.0544408741087952,4.838931812109784,2.891387976477304,3.0213919855334,4.738855434331644,4.407866688253727,4.838931812109784,4.738855434331644,0.9793184980355186,1.8674684163852504,1.2364407289357742,-0.037537339931474,0.0354535965257148,-0.0043203368409676,-0.0551442349412679,0.1144513165369394,-0.0101304770934481,0.037537339931474,0.1144513165369394,3.2282004578555763,0.011600021921666,10.302789649440845,-0.0578141456954464,0.0732991607120655,-0.0067563570703253,-0.0386222792054945,0.0309163596874486,-0.006914009996285,0.0732991607120655,0.0386222792054945,0.4217832699189368,0.0203728350051451,1.7821674856923762,-0.0595014884039155,0.2314681192506531,-0.0236484657442997,-0.0609958443627118,0.2989352997246614,-0.0346420031625373,0.2314681192506531,0.2989352997246614,1.2914750449972296,0.0527136731924109,5.720336489580656,1870.357143034116,11020.016355845568,8057.286653776947,9267.416131495462,10998.355301543876,10898.653494504582,11020.016355845568,10998.355301543876,0.9980343900043124,2637.6194299998933,1.2204884963292333,1.1868034453842689,8.9512134177686,6.344347173447007,7.8304162662827554,8.938931959870928,8.859691510324227,8.9512134177686,8.938931959870928,0.998627956085452,2.24839559862579,1.2161023850964645,NOT_ASSIGNED__NO_RULE_FROZEN
165027,external,earlier,C,585,73,0.0544408741087952,4.838931812109784,3.759505231784983,3.755858881635824,4.786885366457764,4.65411835804731,4.838931812109784,4.786885366457764,0.989244228339451,1.8316932969320496,1.023130108257806,-0.0551442349412679,0.1144513165369394,-0.0046565723834326,-0.038973002270617,0.032091289098659,-0.0071277752501461,0.1144513165369394,0.038973002270617,0.2803924853787199,0.015402953797744,2.42080864701618,-0.0578141456954464,0.0732991607120655,-0.0070722135373352,-0.0330433292332104,0.0322010723342751,-0.0066854500546702,0.0732991607120655,0.0330433292332104,0.4393102461400298,0.0190353029470338,1.9985334405270705,-0.0889477145086625,0.2989352997246614,-0.0245698425090308,-0.0746048369165221,0.3159499669193783,-0.0401913469723535,0.2989352997246614,0.3159499669193783,1.056917557780525,0.0600244037663358,5.288546775428186,1870.357143034116,11020.016355845568,9552.911716153088,9350.394445171276,11013.98190872253,10894.60152374502,11020.016355845568,11013.98190872253,0.9994524103296965,2644.4074495005725,0.9346188352607108,1.1868034453842689,8.95264136222345,7.848596972530167,7.878959476317836,8.945524999871182,8.855047722798671,8.95264136222345,8.945524999871182,0.9992051103060716,2.255228183730608,0.9255625701945552,NOT_ASSIGNED__NO_RULE_FROZEN
165029,external,earlier,A,267,67,0.0623756896313824,5.249612113914253,0.1089160293846376,1.768508947740399,4.7933247560766565,3.5886630615889588,5.249612113914253,4.7933247560766565,0.9130817005263696,1.6033242111784225,2.131461948100392,-0.0384566282037786,0.0299935720929981,-0.0047743384087207,-0.0331883680109388,0.0291857721920316,-0.0056204783810897,0.0384566282037786,0.0331883680109388,0.9730675659950808,0.0095218998274907,3.594926155122088,-0.1035087944227596,0.154579545564303,-0.0066481710854627,-0.0569656878015652,0.0813238276222107,-0.0075613646512328,0.154579545564303,0.0813238276222107,0.5260969510896973,0.0337358969307231,2.5466534433943577,-0.0607626240550326,0.2792926684609083,-0.0157563144784485,-0.0656139744956266,0.2215202183225989,-0.0269247486887878,0.2792926684609083,0.2215202183225989,0.7931472728708752,0.0536215925136977,4.094200293199904,1846.598116187493,11023.565322898909,7025.587168627733,8134.072958003631,10993.84379463714,10865.489547542136,11023.565322898909,10993.84379463714,0.9973038189196352,2223.0219967015973,1.7629297154881212,1.1701136328789747,8.969445548662254,5.687451976153696,6.628667532535411,8.936864717626674,8.840027724719402,8.969445548662254,8.936864717626674,0.9963675758040096,1.908544544498181,1.74307474670547,NOT_ASSIGNED__NO_RULE_FROZEN
165029,external,earlier,B,400,67,0.0623756896313824,5.249612113914253,1.8331644166006584,4.474903598455275,4.743087115706985,4.728906491131631,5.249612113914253,4.743087115706985,0.9035119191254706,1.6463262432434935,1.693016473633584,-0.048962704565229,0.0354819986043318,-0.0048128695647658,-0.0412001828957873,0.0268846954087143,-0.0057372445260799,0.048962704565229,0.0412001828957873,0.7576995791164963,0.0132636081916196,2.6900055489680947,-0.1035087944227596,0.154579545564303,-0.0067519801840247,-0.0711641746392644,0.0538459927358125,-0.0076217429185462,0.154579545564303,0.0711641746392644,0.348338407512094,0.0322082017136659,2.058708821490958,-0.0684728560143108,0.2792926684609083,-0.0179214677804828,-0.063181645714223,0.2779526227289709,-0.0313839365839469,0.2792926684609083,0.2779526227289709,0.9952020017592228,0.0593899304856881,4.629259464803413,1846.598116187493,11023.565322898909,8632.65686469031,9316.2541276251,11022.12811133476,10893.631536052915,11023.565322898909,11022.12811133476,0.9998696237086598,2489.9916375110524,1.112768381475221,1.1701136328789747,8.969445548662254,6.755515714457257,7.580395336991352,8.955716735074393,8.862854484402066,8.969445548662254,8.955716735074393,0.9984693799061072,2.130020620106898,1.1007404442369384,NOT_ASSIGNED__NO_RULE_FROZEN
165029,external,earlier,C,534,67,0.0623756896313824,5.249612113914253,2.970943372640673,3.0819755754305107,4.75660301534701,4.6200104306977465,5.249612113914253,4.75660301534701,0.906086566422592,1.8440757842311812,1.1536732371723968,-0.048962704565229,0.0354819986043318,-0.0049693135318539,-0.043906125052518,0.0212561514811181,-0.0055090725864478,0.048962704565229,0.043906125052518,0.599068607102732,0.01458914038226,2.614399082990258,-0.1035087944227596,0.154579545564303,-0.0075184780857605,-0.0432381871189612,0.0504987754046453,-0.0049944975001683,0.154579545564303,0.0504987754046453,0.326684718992388,0.0299604052442147,1.8738985249800448,-0.0689482650305293,0.2792926684609083,-0.0209829031898305,-0.0553390209611162,0.2800087856267446,-0.0300575653785455,0.2792926684609083,0.2800087856267446,1.0025640385398678,0.0649252850865654,4.27110356838619,1846.598116187493,11023.565322898909,10067.508917267549,9272.992339544022,10983.46280813634,10893.891336878904,11023.565322898909,10983.46280813634,0.9963621102984472,2424.160928468177,0.8676400054230975,1.1701136328789747,8.969445548662254,8.262256506603663,7.836723284692958,8.93433354811232,8.861721993099819,8.969445548662254,8.93433354811232,0.9960853766980982,2.0727057160382114,0.8615282980715441,NOT_ASSIGNED__NO_RULE_FROZEN
165031,external,earlier,A,266,67,0.0537922714313254,4.672915202086906,0.0856633059434856,0.0505299935918813,1.6340561873749022,0.4074763305154521,4.672915202086906,1.6340561873749022,0.3496866766692318,0.884511748624314,1.255471483430254,-0.0335574333784826,0.0364477869304348,-0.0059760246025581,-0.0441907894279286,0.0294867918502477,-0.0082303376988992,0.0364477869304348,0.0441907894279286,0.8090146023550628,0.0088521831043679,4.3237241256643015,-0.0812723843786603,0.0970446891157801,-0.0076022740164016,-0.0592516573940215,0.0435380513981598,-0.0099402296361821,0.0970446891157801,0.0592516573940215,0.4486391970014595,0.0312040127549013,1.705525474926197,-0.0688581154694129,0.224308749223762,-0.0212110187486445,-0.0399414053730241,0.2722406693127362,-0.0187977700678643,0.224308749223762,0.2722406693127362,1.2136872514105956,0.0517700711870776,5.361779395437278,1809.855262931066,10954.552237745143,6928.132901642708,7888.478068621673,10945.44915473824,10831.519185116556,10954.552237745143,10945.44915473824,0.999169013684052,2160.0860809893616,1.879785026403002,1.1450501543340048,8.907558282758387,5.619361749666741,5.88739921945397,8.896382731792265,8.796937815665052,8.907558282758387,8.896382731792265,0.9987453855914976,1.835388545526876,1.886405810554612,NOT_ASSIGNED__NO_RULE_FROZEN
165031,external,earlier,B,400,66,0.0505299935918813,4.672915202086906,0.1015844326577489,0.0792668619500337,4.737339055251256,2.178529186872077,4.672915202086906,4.737339055251256,1.013786651453803,0.9663342903278312,4.121108254731325,-0.0441907894279286,0.0364477869304348,-0.0060852161880601,-0.0376830236963833,0.0330207229395353,-0.0081678001116213,0.0441907894279286,0.0376830236963833,0.905973331180836,0.0125225538547021,3.1521536498263774,-0.0812723843786603,0.0970446891157801,-0.0090128740895132,-0.0457221140013159,0.0451022821478794,-0.0082283530487118,0.0970446891157801,0.0457221140013159,0.4647578611341593,0.0287034262500659,1.798869713052432,-0.0688581154694129,0.2722406693127362,-0.0190310637962224,-0.0513637258573996,0.2278960962688268,-0.0214978325338143,0.2722406693127362,0.2278960962688268,0.8371126064454071,0.0499362342943181,4.661941170234391,1809.855262931066,10954.552237745143,8419.415442951555,9236.452300681707,10946.985402982526,10853.88841704316,10954.552237745143,10946.985402982526,0.9993092520261534,2537.8382948656254,1.0965940200955322,1.1450501543340048,8.907558282758387,6.667191836194547,7.797611729395593,8.894696592846048,8.820577572094463,8.907558282758387,8.894696592846048,0.998556092533547,2.162668427667042,1.0949841796705864,NOT_ASSIGNED__NO_RULE_FROZEN
165031,external,earlier,C,533,67,0.0505299935918813,4.737339055251256,0.6463105921634663,0.0896001642223706,3.5032086980079824,1.1982354378955733,4.737339055251256,3.5032086980079824,0.7394886997004655,1.3389016252013066,1.7259544776540308,-0.0441907894279286,0.0364477869304348,-0.0064504053826902,-0.0358214898001589,0.0258282562359952,-0.0053553507449958,0.0441907894279286,0.0358214898001589,0.7086371604753863,0.0139509036646459,2.3261491858321284,-0.0812723843786603,0.0970446891157801,-0.0088589744611701,-0.0571776620513978,0.0411128378004937,-0.0068425288525009,0.0970446891157801,0.0571776620513978,0.4236485084870916,0.0272700526842891,1.846327678790298,-0.0688581154694129,0.2722406693127362,-0.0202144488353602,-0.0373844987408243,0.178507786907451,-0.0203671369609735,0.2722406693127362,0.178507786907451,0.6556984573909872,0.0495220846090207,3.718842635811314,1809.855262931066,10954.552237745143,10763.25181077764,9243.865354398587,10928.57613981892,10851.716340870926,10954.552237745143,10928.57613981892,0.9976287394169592,2482.307127011806,0.8472829510115846,1.1450501543340048,8.907558282758387,8.743363615069383,7.802932666129314,8.879313379569954,8.815400949900766,8.907558282758387,8.879313379569954,0.996829108236866,2.1161508460490954,0.8444216845039119,NOT_ASSIGNED__NO_RULE_FROZEN
165043,external,earlier,A,292,74,0.0672240871864603,4.719749414193205,0.8706680741902857,4.708974582722858,4.734073051889858,4.719391176682912,4.719749414193205,4.734073051889858,1.0030348301233067,1.6673547119678576,1.9544272164565704,-0.0239171740638985,0.0161481933131813,-0.0051961633831727,-0.0407231586672609,0.022660442538308,-0.0042301302077938,0.0239171740638985,0.0407231586672609,1.4032803607702036,0.0063637562755946,5.570339909562237,-0.0450092132878535,0.035366742761686,-0.0072103273833636,-0.0294038115812579,0.036281496153968,-0.009889270109919,0.0450092132878535,0.036281496153968,1.0258647905023646,0.0163189799364334,2.5540829556394185,-0.0631538371895253,0.2626982197586864,-0.0258022473241568,-0.040797591411097,0.2799214634786491,-0.0194977503765088,0.2626982197586864,0.2799214634786491,1.0655628490203848,0.0578683745780113,4.891340803987736,1840.040539787532,12152.361112986968,6115.786056067136,11090.797709672182,14478.08602292531,12643.476156420196,12152.361112986968,14478.08602292531,1.1913804970338555,2384.478185585816,3.324595261077925,-0.5670096815421962,6.920352881674897,2.9756923229432184,3.626152721697152,6.098258632797504,4.691130968411763,6.920352881674897,6.098258632797504,0.8812063108726291,1.3787637634626737,2.28488698421809,NOT_ASSIGNED__NO_RULE_FROZEN
165043,external,earlier,B,439,73,0.0672240871864603,4.734678479798391,2.4511274077304304,0.3932175375908335,4.731979278871539,4.22502671104349,4.734678479798391,4.731979278871539,0.9994299082950684,2.048451485612694,1.0591646287629477,-0.0407231586672609,0.0379304854500662,-0.0051986399029203,-0.0347209085308741,0.0214987845041171,-0.0070458080344707,0.0407231586672609,0.0347209085308741,0.5667943409904239,0.0114012081285724,2.557434939171465,-0.0450092132878535,0.036281496153968,-0.0078967504524556,-0.02841381430152,0.029852313859958,-0.0079072053347131,0.0450092132878535,0.029852313859958,0.822797211373908,0.0145684563842995,2.4448495276591773,-0.0631538371895253,0.2799214634786491,-0.0228626930620026,-0.0441218217563888,0.1922366144982255,-0.0205528228310504,0.2799214634786491,0.1922366144982255,0.6867519628872202,0.0550636874986738,3.56651501593786,1840.040539787532,14501.297150092983,8014.135707761101,10601.203984271462,14499.038653675088,13126.21263035065,14501.297150092983,14499.038653675088,0.9998442555590356,3697.128823684504,1.5570036973816426,-0.5670096815421962,6.920352881674897,3.821545171868839,3.277811950397275,6.103853656324292,5.083894486512457,6.920352881674897,6.103853656324292,0.882014799055595,1.5713322115679813,1.5515065503889198,NOT_ASSIGNED__NO_RULE_FROZEN
165043,external,earlier,C,585,73,0.0672240871864603,4.734678479798391,3.531153383146904,1.690949891844676,4.678336866325246,3.6957733428676858,4.734678479798391,4.678336866325246,0.9881002239722212,1.937498206712855,0.95318669571126,-0.0407231586672609,0.0379304854500662,-0.0054209487921068,-0.039977454915545,0.0269279766419818,-0.0086179565863035,0.0407231586672609,0.039977454915545,0.7099296600733274,0.0130656568452711,2.6179113445804365,-0.0450092132878535,0.036281496153968,-0.0079072053347131,-0.0332878086313927,0.0248252421978471,-0.006738308145461,0.0450092132878535,0.0332878086313927,0.6842397593664861,0.0140779173703996,2.1816951755375538,-0.0797243149822715,0.2799214634786491,-0.0230256185575939,-0.0775695207108243,0.2397160893187762,-0.0249550252563738,0.2799214634786491,0.2397160893187762,0.8563690913150018,0.0569802357650395,4.268285067711962,1840.040539787532,14501.297150092983,11090.797709672182,10779.986444307104,13298.76003923688,12205.66832501006,14501.297150092983,13298.76003923688,0.917073824609656,3658.027994057282,0.9827514514097888,-0.5670096815421962,6.920352881674897,4.062832176388373,3.298686361445545,5.231543577689176,4.46132869505173,6.920352881674897,5.231543577689176,0.7559648571595691,1.4991796343934705,0.8696252373918277,NOT_ASSIGNED__NO_RULE_FROZEN
165860,external,earlier,A,292,74,0.0548107273642191,4.692976319756424,1.0965137843245645,1.4713256396582572,4.113005310403028,2.6046214622081845,4.692976319756424,4.113005310403028,0.8764172308068459,1.363088066900322,1.9592866576385504,-0.0218494683347154,0.0555167074306381,-0.0020569074620879,-0.0280027709409016,0.0151962806751037,-0.0013076380795199,0.0555167074306381,0.0280027709409016,0.273724458427038,0.0085291223590609,3.0808407390040258,-0.0640471977313729,0.0788326887611383,-0.0031449440202916,-0.0217552666940555,0.0333983862301563,-0.0045405227543533,0.0788326887611383,0.0333983862301563,0.4236616403044793,0.0179161384775035,1.9334829214354556,-0.0090355041515418,0.0068123974449225,-0.0018785278307153,-0.0053136789489745,0.0019630076060446,-0.0016510094366848,0.0090355041515418,0.0053136789489745,0.2881522433057236,0.0020590269852907,1.876770110984793,1961.422057949288,11468.929502812773,5616.031409546968,8427.987468388908,11543.22162561496,11402.681508112822,11468.929502812773,11543.22162561496,1.0064776858889894,1942.5880265859091,2.9091808068927616,1.2388717278213692,9.261002660436372,4.4857495648413375,6.827260394666742,9.318329657643629,9.20498200053252,9.261002660436372,9.318329657643629,1.006190150171553,1.6609169185597177,2.82641395847435,NOT_ASSIGNED__NO_RULE_FROZEN
165860,external,earlier,B,439,73,0.0548107273642191,4.804568521762228,2.1723185866687253,1.8279830755759072,4.084396590354975,3.5574445602179434,4.804568521762228,4.084396590354975,0.8501068455689113,1.4379706775313386,1.4434602322686096,-0.0280027709409016,0.0555167074306381,-0.0016379883496897,-0.0202855466934859,0.0205513728833054,-0.002219039544639,0.0555167074306381,0.0205513728833054,0.370183568774896,0.0085806239248194,2.6223829093936617,-0.0640471977313729,0.0788326887611383,-0.0036298022250582,-0.02154179904294,0.0275808675136554,-0.0036049154305751,0.0788326887611383,0.0275808675136554,0.3498658734985552,0.01612221226531,1.794906506502424,-0.0090355041515418,0.0068123974449225,-0.0019250227453101,-0.0064281039381561,0.002345310489503,-0.0012101993817973,0.0090355041515418,0.0064281039381561,0.3442709425667836,0.001958814381731,2.2664701285366493,1961.422057949288,11543.22162561496,7124.573165772782,9723.73989298239,11534.536980530596,11438.045910033778,11543.22162561496,11534.536980530596,0.999247641138147,2981.4505979408505,1.2977834465493714,1.2388717278213692,9.318329657643629,5.625103613571332,8.150976968521395,9.313626993878756,9.241878439712226,9.318329657643629,9.313626993878756,0.99949533189556,2.5003471285024563,1.2857255330860755,NOT_ASSIGNED__NO_RULE_FROZEN
165860,external,earlier,C,585,73,0.0548107273642191,4.804568521762228,2.8309967038770005,2.362218682728592,4.546753719751534,3.668598683069261,4.804568521762228,4.546753719751534,0.9463396555085176,1.450780253135175,1.4754226054226136,-0.0280027709409016,0.0555167074306381,-0.0019500154656929,-0.0193740659219177,0.0171601599819763,-0.0022685635327294,0.0555167074306381,0.0193740659219177,0.3090990221892392,0.008467231550512,2.264810339125487,-0.0640471977313729,0.0788326887611383,-0.0036900166821887,-0.0300561616666867,0.0261033699880444,-0.004143808291234,0.0788326887611383,0.0300561616666867,0.3311236797610339,0.015146379269565,1.8732398680200888,-0.0090355041515418,0.0068123974449225,-0.0018299519991997,-0.004819234520022,0.0002014662625388,-0.0021123470692364,0.0090355041515418,0.004819234520022,0.0295734745612975,0.0019135380148946,1.5413873521377723,1961.422057949288,11602.126914912142,9604.285249065842,9554.20733612192,11549.545415641422,11429.538298882366,11602.126914912142,11549.545415641422,0.99546794310592,3026.869501169306,0.9889454107167296,1.2388717278213692,9.353881115154312,7.707789726971896,8.06653908662016,9.314472009280388,9.231173446621984,9.353881115154312,9.314472009280388,0.9957868712047154,2.5330061406030997,0.9773475410154072,NOT_ASSIGNED__NO_RULE_FROZEN
165955,external,earlier,A,293,74,0.0964935864069494,5.869317023719596,0.1214989832106922,0.0950716097378226,2.2755011494375026,0.1097459141603335,5.869317023719596,2.2755011494375026,0.3876943672051703,1.8520847195827683,0.715763888105275,-0.020765465742937,0.0257810916479254,-0.001897286276633,-0.0286296942745588,0.0202407868198974,-0.0033333340182426,0.0257810916479254,0.0286296942745588,0.7851020079487696,0.0070518208239064,3.81457970627618,-0.0713941631452154,0.1242902401641313,-0.0044167450557117,-0.0331262242836949,0.0305480581714703,-0.0030835328967545,0.1242902401641313,0.0331262242836949,0.245780023685932,0.0210928030930084,1.5210284785588242,-0.006554364470517,0.0058939379201136,-0.0015730448999526,-0.0043211782210001,0.0015817455629982,-0.0023414424517947,0.006554364470517,0.0043211782210001,0.2683682089016201,0.0020119810877402,1.5458063649065878,1119.3036656580534,11562.511516241046,6703.536870595861,8163.492975731807,11541.870253259784,10003.303030255373,11562.511516241046,11541.870253259784,0.9982148114661534,2649.950637550996,1.8204678932808624,0.9142410775010632,9.325649062649,5.368799331546005,6.635489172825294,9.311849115773402,7.808334071486564,9.325649062649,9.311849115773402,0.9985202159353316,2.2062590195614846,1.82254130769274,NOT_ASSIGNED__NO_RULE_FROZEN
165955,external,earlier,B,440,73,0.0950716097378226,5.869317023719596,0.139381516873027,2.852859372988796,2.873548733800784,2.86191838070565,5.869317023719596,2.873548733800784,0.4895882642201721,1.6376458175504631,0.8645394755282471,-0.0286296942745588,0.0257810916479254,-0.0021823641043013,-0.0216178553509591,0.027616772351974,-0.0027292349485781,0.0286296942745588,0.027616772351974,1.071202597978287,0.0073784083576351,4.012577056077647,-0.0713941631452154,0.1242902401641313,-0.0039874871857233,-0.0235344972080553,0.0282268340617496,-0.0042503017948944,0.1242902401641313,0.0282268340617496,0.2271041879432746,0.0183724360352108,1.6433462367355127,-0.006554364470517,0.0058939379201136,-0.0017708096845916,-0.0040315007751843,0.0007381709722263,-0.0019108415266691,0.006554364470517,0.0040315007751843,0.1252424070683244,0.0017944042179051,1.348960376748129,1119.3036656580534,11562.511516241046,8672.41628086692,8268.702867250242,10139.917536494431,10007.267586968726,11562.511516241046,10139.917536494431,0.8769649675376846,2656.466017133745,0.8813027383423564,0.9142410775010632,9.325649062649,6.866624591566955,6.706804057370864,7.909337429480688,7.811328241980536,9.325649062649,7.909337429480688,0.8481272859772401,2.1578864650317526,0.8268033400838678,NOT_ASSIGNED__NO_RULE_FROZEN
165955,external,earlier,C,587,73,0.0950716097378226,5.869317023719596,2.3935842072439706,1.3979939383074005,2.9749363396243327,2.832849577304841,5.869317023719596,2.9749363396243327,0.5068624386111298,1.542886247945466,0.7554255032384951,-0.0286296942745588,0.027616772351974,-0.0023487469110141,-0.0249035343995067,0.0178547050292037,-0.0018382502948155,0.0286296942745588,0.0249035343995067,0.6465167182336408,0.007893580728473,2.879003946943016,-0.0713941631452154,0.1242902401641313,-0.0042399645360419,-0.0204781171060028,0.0373956049533015,-0.002181707687405,0.1242902401641313,0.0373956049533015,0.3008732214526163,0.0167307566826413,2.365642982519084,-0.007042629060548,0.0058939379201136,-0.0019108415266691,-0.0053327126371729,0.000457678147689,-0.0019111381373889,0.007042629060548,0.0053327126371729,0.0776523529586462,0.0016838418087676,2.081046600928317,1119.3036656580534,11562.511516241046,9921.440053543773,8353.011613046407,10091.468890419044,9996.681966486767,11562.511516241046,10091.468890419044,0.8727748185369819,2473.994877214997,0.7267483159734456,0.9142410775010632,9.325649062649,7.754450191203992,6.776070500196066,7.870586712271993,7.797538283240453,9.325649062649,7.870586712271993,0.8439720023129749,1.995387952993488,0.6893602135188631,NOT_ASSIGNED__NO_RULE_FROZEN
165965,external,earlier,A,244,61,0.0929014769054161,4.3729823202341285,0.1190035418198582,0.4313441442840837,2.859453930444739,2.850802180996144,4.3729823202341285,2.859453930444739,0.6538910338635086,1.500812876343537,1.0769780004677345,-0.01707795647163,0.0198624899380044,-0.0008662921437605,-0.0173150925399535,0.0134807966480583,-0.0017167139534479,0.0198624899380044,0.0173150925399535,0.6787062795316788,0.00655078231906,2.505120937840227,-0.068527019733867,0.0760592204847893,-0.001006842583714,-0.0392511619751372,0.0806166037378489,-0.0043219644111881,0.0760592204847893,0.0806166037378489,1.059918879315506,0.0247884946935622,3.2283776365303654,-0.0070371167319221,0.0048602057114217,-0.0006204285813063,-0.0043463081259464,0.0015597704676501,-0.0015110326450808,0.0070371167319221,0.0043463081259464,0.3209268414266205,0.001822267116107,2.049121356216518,1971.9204990787407,10950.671676034966,5984.912240298315,7282.05997972457,11503.391744465953,9459.329016063924,10950.671676034966,11503.391744465953,1.0504736225121776,1776.7172161106262,3.0541745072700435,1.243669046348776,8.937836425048225,4.765280186043614,5.807378612450934,9.27592420084648,7.695384453064299,8.937836425048225,9.27592420084648,1.0378265790198136,1.5586302548828883,2.892653940392095,NOT_ASSIGNED__NO_RULE_FROZEN
165965,external,earlier,B,366,61,0.0929014769054161,4.3729823202341285,2.4921157825789053,2.8494937957580064,2.866425665335012,2.8581997291848795,4.3729823202341285,2.866425665335012,0.6554853085208778,1.4323592525373454,0.7859021716734307,-0.0173150925399535,0.0198624899380044,-0.0011741100414252,-0.0166844199507861,0.0093555128857421,-0.0026052944611607,0.0198624899380044,0.0166844199507861,0.4710141032137939,0.0066731790192546,2.3030733229835594,-0.068527019733867,0.0806166037378489,-0.0014675825508457,-0.0304052256328887,0.0441327032496691,-0.0028582926332303,0.0806166037378489,0.0441327032496691,0.5474393760518732,0.022125353022604,2.0016978922876887,-0.0070371167319221,0.0048602057114217,-0.0010277574912782,-0.0032480171715322,-1.388734205000049e-05,-0.0015193651221393,0.0070371167319221,0.0032480171715322,-0.0028573568434283,0.0016731929980366,1.3878430081434967,1971.9204990787407,11503.391744465953,7380.786257313225,8141.816899324513,11468.69277664941,10740.000802213464,11503.391744465953,11468.69277664941,0.9969835880940736,2408.313186223432,1.7112696167781292,1.243669046348776,9.27592420084648,5.83606563328863,5.949511721849365,9.26189715816534,8.783032917560897,9.27592420084648,9.26189715816534,0.9984878010667808,2.074531476446333,1.643868232132678,NOT_ASSIGNED__NO_RULE_FROZEN
165965,external,earlier,C,488,61,0.0929014769054161,4.3729823202341285,2.8521938595983287,2.3934120614646948,2.870330000051144,2.855701864240648,4.3729823202341285,2.870330000051144,0.656378139643946,1.3309242968980997,0.6395789841664637,-0.0224102417258077,0.0198624899380044,-0.0013286582952781,-0.0183285826118498,0.0187148755786392,-0.0021845487965921,0.0224102417258077,0.0187148755786392,0.9422220294158896,0.0068626203445943,2.950062446627494,-0.068527019733867,0.0806166037378489,-0.0018255669524338,-0.0492184322025325,0.1580199536468513,-0.0049999197366578,0.0806166037378489,0.1580199536468513,1.9601415380968488,0.0199967207241503,7.927359120650153,-0.0070371167319221,0.0048602057114217,-0.0011912421236068,-0.0045933241494966,0.0055062294612947,-0.0021035300161578,0.0070371167319221,0.0055062294612947,1.132921071294325,0.0015733174834359,4.193327071099353,1971.9204990787407,11503.391744465953,8449.728538302808,6910.654698477356,11517.857529277522,11198.617515421902,11503.391744465953,11517.857529277522,1.0012575234446424,2526.25632547879,1.3426327545189072,1.243669046348776,9.27592420084648,6.8247682581127815,5.317004642919902,9.278829483932238,9.020429556385906,9.27592420084648,9.278829483932238,1.0003132068592682,2.1528165285533767,1.2934909247448696,NOT_ASSIGNED__NO_RULE_FROZEN
170394,external,earlier,A,132,33,0.0165740982293253,4.733778451307733,1.4109460537995386,0.0088743120161727,2.638314383381867,2.0074125688053805,4.733778451307733,2.638314383381867,0.5573379511778837,1.581120019786511,1.0240647782611918,-0.0549502414696824,0.0795711955746253,-0.0006527160137058,-0.0347125566334174,0.0377681559566416,-0.000600315326876,0.0795711955746253,0.0377681559566416,0.4746460786959154,0.0205066620232161,1.8501351663310408,-0.0162945670870574,0.0223014990789985,-0.0005110026447446,-0.0117926943733305,0.0101515585388101,-0.0011463870128868,0.0223014990789985,0.0117926943733305,0.4551962405240266,0.0057560698293801,2.0368336950411745,-0.0061189863005341,0.0175237257263461,-0.0005070524822393,-0.0052923879038493,0.0080840585250021,-0.001428859724873,0.0175237257263461,0.0080840585250021,0.4613207631324759,0.0039268275028789,2.071150241983774,615.8646115938121,11486.495703038225,5414.306120620648,8997.02112565496,11495.522312780877,11426.540037403278,11486.495703038225,11495.522312780877,1.000785845394106,2625.6382584313164,2.170061441883191,0.5915965142562002,9.390351203721162,4.37627412994102,6.969909722205335,9.407846700996394,9.349156958282704,9.390351203721162,9.407846700996394,1.0018631355628425,2.106335621924261,2.2549727107552537,NOT_ASSIGNED__NO_RULE_FROZEN
170394,external,earlier,B,198,33,-0.0075694888293779,4.733778451307733,0.3469245166498161,-0.0099106809574236,0.0099442090311957,-0.0007073918783568,4.733778451307733,0.0099442090311957,0.0021006916849791,1.499182816754454,0.8684007637227227,-0.0549502414696824,0.0795711955746253,-0.0003349465816028,-0.0230449744781422,0.023155314566025,-0.0055281260540609,0.0795711955746253,0.023155314566025,0.2910012146833836,0.0194121467489148,1.2259069578156887,-0.0162945670870574,0.0223014990789985,-0.000812078961775,-0.0113471615330109,0.0108327570804347,-0.0003571158755772,0.0223014990789985,0.0113471615330109,0.4857412069951864,0.0056007071284981,1.9976403062370445,-0.0061189863005341,0.0175237257263461,-0.000873206645448,-0.0037867554365295,0.0018527894455981,-0.0010185038907962,0.0175237257263461,0.0037867554365295,0.1057303380874393,0.0034579702540793,0.9973199932622172,615.8646115938121,11495.522312780877,7902.005741125271,10120.679674692356,11493.386399694353,11455.41499789696,11495.522312780877,11493.386399694353,0.9998141960818824,3361.357543678933,1.1530349731127243,0.5915965142562002,9.407846700996394,6.356504005404073,8.538318030827403,9.399886050052702,9.373233362054393,9.407846700996394,9.399886050052702,0.9991538285862108,2.761550561702552,1.1673465302877797,NOT_ASSIGNED__NO_RULE_FROZEN
170394,external,earlier,C,264,33,-0.0099106809574236,4.733778451307733,0.0329652878012887,-0.0089551796517413,0.008484234630394,-0.0023152365820475,4.733778451307733,0.0089551796517413,0.0017922753921975,1.4137812599447408,0.6916715217326859,-0.0549502414696824,0.0795711955746253,-0.0010116497560436,-0.0231602477761251,0.0352199145753164,-0.0040555606896227,0.0795711955746253,0.0352199145753164,0.4426214074197953,0.0183626905837217,1.956091444776015,-0.0162945670870574,0.0223014990789985,-0.0008918896134516,-0.0113759120729985,0.0090719353577596,7.780768305585031e-05,0.0223014990789985,0.0113759120729985,0.4067858992628325,0.0053608920255385,2.024484070533122,-0.0061189863005341,0.0175237257263461,-0.0008887554990326,-0.0041554730870149,0.002975890723188,-0.0004648590166774,0.0175237257263461,0.0041554730870149,0.1698206631203973,0.0030805319909863,1.1992499442631277,615.8646115938121,11526.813357477382,10166.657806600548,10132.886408511518,11496.288486309875,11451.482814160328,11526.813357477382,11496.288486309875,0.9973518378218812,3329.633756748482,0.8861958106192482,0.5915965142562002,9.440823942693871,8.491051578285065,8.545844611973806,9.399810139710096,9.366869948792914,9.440823942693871,9.399810139710096,0.995655696660299,2.7469864523515937,0.8905980459231165,NOT_ASSIGNED__NO_RULE_FROZEN
170411,external,earlier,A,130,32,0.0210751322964367,4.8684946421220525,1.772426610043785,0.0624318322178712,1.6752988376046876,1.2788359245404246,4.8684946421220525,1.6752988376046876,0.3441102354534928,1.5860939598307957,1.003701729628979,-0.0745887761078824,0.1032107553644108,-0.0037706785888851,-0.0410222978149996,0.0547755592310607,0.0009656766874872,0.1032107553644108,0.0547755592310607,0.5307156123183306,0.01757038818408,3.18401257974905,-0.0117597645720071,0.0198726672984967,-0.0005626194656027,-0.0065564109885775,0.0056076674762514,-0.0002224120821959,0.0198726672984967,0.0065564109885775,0.2821799103271677,0.0041630305400856,1.5267376557560404,-0.0077222871428065,0.0068790529570831,-4.570742597408057e-05,-0.0056063714305766,0.0040189541270856,-0.0005622716373655,0.0077222871428065,0.0056063714305766,0.5842307294563666,0.0023026409911313,2.2786793389170352,663.926464091266,11485.612991203438,6167.630507002808,9032.322112982403,11441.546144321504,11387.824113618211,11485.612991203438,11441.546144321504,0.9961633003901764,2649.586063143125,2.0693700435288247,0.6370870761488104,9.395603916284804,4.921872776544689,7.035445096205325,9.351934378811704,9.307978732144214,9.395603916284804,9.351934378811704,0.9953521308622418,2.0997431614530653,2.167909558424777,NOT_ASSIGNED__NO_RULE_FROZEN
170411,external,earlier,B,195,32,0.0210751322964367,4.8684946421220525,1.248322698515469,0.8263798842564112,1.631600627406743,1.299733543006003,4.8684946421220525,1.631600627406743,0.3351345225462895,1.3344351768505862,0.4867834991919155,-0.0745887761078824,0.1032107553644108,-0.0031018930939113,-0.030621092656191,0.0221754228077612,-0.0009857712336104,0.1032107553644108,0.030621092656191,0.2148557360079918,0.0177878039325557,1.658582741922045,-0.0117597645720071,0.0198726672984967,-0.000624455238614,-0.0121894601024231,0.0105553882238454,-0.0014542555593354,0.0198726672984967,0.0121894601024231,0.5311510561364798,0.0040731667298041,2.795263483940384,-0.0077222871428065,0.0079300446323033,-0.0002203268256323,-0.0054955333656964,0.0020227216121246,-0.0011642101927776,0.0079300446323033,0.0054955333656964,0.2550706466247341,0.0023661112908522,2.2009245144492224,663.926464091266,11485.612991203438,8238.329006330303,9735.07921961272,11469.414887142317,11414.347809079636,11485.612991203438,11469.414887142317,0.9985897048704732,3272.3795174149623,1.15846827327764,0.6370870761488104,9.395603916284804,6.630368787759924,7.713528605159392,9.373134496182969,9.334561238292164,9.395603916284804,9.373134496182969,0.997608517738504,2.6668243744819096,1.1793411742343751,NOT_ASSIGNED__NO_RULE_FROZEN
170411,external,earlier,C,260,32,0.0210751322964367,4.8684946421220525,1.36597913062551,1.4993769753309756,2.0336252423058614,1.6500552180055132,4.8684946421220525,2.0336252423058614,0.4177113033484732,1.1699425060245685,0.4599362878549352,-0.0745887761078824,0.1032107553644108,-0.002151756402153,-0.0202538361390314,0.0215316245916809,-0.0040621469924739,0.1032107553644108,0.0215316245916809,0.2086180312861613,0.0170538048422989,1.341053278233885,-0.0121894601024231,0.0198726672984967,-0.0008078487398938,-0.0065920747103688,0.0074574951941634,-0.0021146789366591,0.0198726672984967,0.0074574951941634,0.3752639281958658,0.0040648907314248,2.079272187495998,-0.0077222871428065,0.0079300446323033,-0.0004978986372628,-0.0032682239601135,0.0015480698609656,-0.0007778741528726,0.0079300446323033,0.0032682239601135,0.1952157815933955,0.0022479554215033,1.2274323558134292,663.926464091266,11485.612991203438,9857.842371615458,10104.622370573305,11451.35273464602,11425.655973358644,11485.612991203438,11451.35273464602,0.9970171155354391,3242.079280355926,0.8853749254378565,0.6370870761488104,9.395603916284804,7.864900888178013,8.518567683602699,9.36438158228678,9.344665063928057,9.395603916284804,9.36438158228678,0.9966769210072904,2.656910331130339,0.8970444572452114,NOT_ASSIGNED__NO_RULE_FROZEN
186997,external,earlier,A,247,62,0.0019109518181004,4.282156694370996,0.0340485195678491,0.0084434180966089,0.0421165391625306,0.0250213467279643,4.282156694370996,0.0421165391625306,0.0098353568466782,1.1721152822925514,0.7283267145952426,-0.1046369208592112,0.1890878143988871,-0.0175228138744567,-0.0610213440826636,0.1038024214822333,-0.0095760891333019,0.1890878143988871,0.1038024214822333,0.5489640980420804,0.0698108765137318,1.481703954754873,-0.0195210184961699,0.0384536720404965,-0.0005560429849195,-0.0112858691784013,0.0114033847073192,-0.0005578809122809,0.0384536720404965,0.0114033847073192,0.2965486545812857,0.0071104658177754,1.6160165026460944,-0.0324110798199736,0.0418786759471691,0.0006362772546891,-0.0127370846981191,0.0114953082039841,-0.0004348710746533,0.0418786759471691,0.0127370846981191,0.2744907269390696,0.0091877516799028,1.4597075522329384,2214.737500538562,13135.5061267163,6558.69937073768,7806.85814568276,14611.39331734449,11133.806964525942,13135.5061267163,14611.39331734449,1.1123586085218584,2602.8250545778483,2.979314903103606,1.4074811222706234,11.10618501795229,5.246359320512025,6.500168460933998,11.987423221542496,9.304264107728187,11.10618501795229,11.987423221542496,1.0793466165173506,2.2924174730537783,2.8536853060772627,NOT_ASSIGNED__NO_RULE_FROZEN
186997,external,earlier,B,370,62,0.0019109518181004,4.282156694370996,0.0280600795177417,0.0130010530198618,0.0432072426826406,0.0252597883758226,4.282156694370996,0.0432072426826406,0.0100900657697644,1.03555471607524,0.5514953987455539,-0.1046369208592112,0.1890878143988871,-0.0129494973814627,-0.0524663529339987,0.0956412555984437,-0.0093714246849926,0.1890878143988871,0.0956412555984437,0.5058033797814453,0.0599016307514546,1.5895278476702523,-0.0195210184961699,0.0384536720404965,-0.000568856558779,-0.0112525540732803,0.0069567392249438,0.0004279249115987,0.0384536720404965,0.0112525540732803,0.1809122212728492,0.0064396512944339,1.7076604958398205,-0.0324110798199736,0.0418786759471691,0.0001901942357069,-0.0125467376776227,0.0087254459053376,-0.0004337501624728,0.0418786759471691,0.0125467376776227,0.2083505676336316,0.0079621939278201,1.6114875034574228,2214.737500538562,14739.448621427562,8852.259905673262,8566.91953019554,15189.30010581342,12099.215171617509,14739.448621427562,15189.30010581342,1.0305202383033436,3148.549671888289,2.15637079993317,1.4074811222706234,12.12242321611486,7.248344542035454,7.146622920772166,12.37585681626544,10.037774589061245,12.12242321611486,12.37585681626544,1.020906183164244,2.787737541582913,1.99341487610568,NOT_ASSIGNED__NO_RULE_FROZEN
186997,external,earlier,C,494,62,0.0019109518181004,4.282156694370996,0.0274633644587376,0.0132175878285078,0.0454713857269845,0.0254067385102485,4.282156694370996,0.0454713857269845,0.0106188047221059,0.9282719850645156,0.4641799030771437,-0.1046369208592112,0.1890878143988871,-0.0120806310214174,-0.0473787907935674,0.0978148779450208,-0.0054319283343241,0.1890878143988871,0.0978148779450208,0.5172986860944783,0.0546572010126667,1.7804081115205752,-0.0195210184961699,0.0384536720404965,-0.0004163398787958,-0.0140260062775289,0.0083950886247477,-0.0010603175907098,0.0384536720404965,0.0140260062775289,0.2183169559439398,0.0059765137543853,2.297969087377546,-0.0324110798199736,0.0418786759471691,0.000135079292087,-0.0117254242750129,0.0085739976523763,-0.0010856738499945,0.0418786759471691,0.0117254242750129,0.2047342103936767,0.0071652108998379,1.6640231368547396,2214.737500538562,15382.210414678706,10106.758533295895,9857.979467884104,15368.394846910263,12896.64226311005,15382.210414678706,15368.394846910263,0.999101847693147,3238.0785024193865,1.864933474156473,1.4074811222706234,12.55147587672568,8.33253588300274,7.866821786192556,12.55178676754435,10.737444365104103,12.55147587672568,12.55178676754435,1.0000247692639277,2.854875760124641,1.723912205341203,NOT_ASSIGNED__NO_RULE_FROZEN
187018,external,earlier,A,200,50,0.006500556520046,0.608392623881071,0.0222014164547036,0.0104581319702094,0.032928259210124,0.0211363494368167,0.608392623881071,0.032928259210124,0.0541233702014127,0.0502479215826822,0.3444435338350728,-0.098502324137929,1.8173439246592549,0.0445571375436372,1.863105627761917,3.828893693215639,2.858753088578522,1.8173439246592549,3.828893693215639,2.1068624607934585,0.4652400416763556,7.782008230114757,-0.0177043944799164,0.0289087874749722,-0.0012876144132317,-0.0115700656384441,0.0109334579432418,-0.000654699656081,0.0289087874749722,0.0115700656384441,0.3782053450947226,0.0056166473869803,2.192641074587149,-0.0137893929275442,0.0140860935248563,0.0006888681233537,-0.1016657838156219,0.6604827163828066,0.0010468683999262,0.0140860935248563,0.6604827163828066,46.88899127478584,0.0046188754363173,142.8951165264828,2919.3633054621578,4999.8872237740425,3434.663288503174,2816.443064198937,3715.100344840832,3269.4362466571265,4999.8872237740425,3715.100344840832,0.743036828346016,738.6363165018855,1.1687380908472094,3.0807409039979103,4.515874234404444,3.458369732611128,2.995468482177663,3.681472368080589,3.3449714267313078,4.515874234404444,3.681472368080589,0.8152291620597145,0.503768823970245,1.2370615143202122,NOT_ASSIGNED__NO_RULE_FROZEN
187018,external,earlier,B,300,50,0.006500556520046,0.608392623881071,0.0218451704572163,0.008790935119149,0.0349348300512792,0.0206197572064518,0.608392623881071,0.0349348300512792,0.0574215213662885,0.0412587040852368,0.4061001623012066,-0.098502324137929,5.833302434970235,0.0759777101997167,5.835621411728822,7.840211701401958,6.840653793863245,5.833302434970235,7.840211701401958,1.3440434108817063,1.878788648289158,3.416373613438201,-0.0177043944799164,0.0289087874749722,-0.0010185985240872,-0.0162674615240103,0.0076962873043953,-0.0014749196191234,0.0289087874749722,0.0162674615240103,0.2662265690340148,0.005445633117764,2.756146041782093,-0.6836007141286299,0.6604827163828066,0.0006634796342102,-0.5708365227006202,0.4562241240081844,-0.0378154573909799,0.6836007141286299,0.5708365227006202,0.69074347093704,0.1471750187730313,3.974197251742381,2765.721619128293,4999.8872237740425,3434.663288503174,2844.9965577191765,3680.699083571401,3269.2127107905862,4999.8872237740425,3680.699083571401,0.7361564209028529,681.4495220060105,1.022483971117293,2.9478312468149426,4.515874234404444,3.458369732611128,3.006278491940013,3.6698159802941577,3.345246784009113,4.515874234404444,3.6698159802941577,0.8126479591339052,0.4730070035051589,1.098691317073412,NOT_ASSIGNED__NO_RULE_FROZEN
187018,external,earlier,C,400,50,0.006500556520046,0.608392623881071,0.0215881710787186,-0.0153328013428519,0.0240949346135625,-0.0024877108750946,0.608392623881071,0.0240949346135625,0.0396042517081414,0.0358976650717998,1.107895800154828,-0.098502324137929,9.80219741983031,1.8402247762105857,-0.0738136572782186,9.871709950641732,0.0258418511067907,9.80219741983031,9.871709950641732,1.007091525280933,3.2688126798933133,2.09474173760789,-0.0177043944799164,0.0289087874749722,-0.0011209917176704,-0.0096975875196091,0.0083219504193679,-0.001126566547035,0.0289087874749722,0.0096975875196091,0.2878692309932642,0.005272606345159,1.8230256476883575,-0.6836007141286299,0.6604827163828066,0.0008807282910379,-0.805922609582575,0.0911454886604513,-0.0106323355895189,0.6836007141286299,0.805922609582575,0.1379982948828969,0.1548310432979262,5.305347972175242,2765.721619128293,4999.8872237740425,3434.663288503174,3032.566238197908,3498.234646529481,3263.9276484880525,4999.8872237740425,3498.234646529481,0.6996627103698799,624.0294067404941,0.7052081891384118,2.9478312468149426,4.515874234404444,3.458369732611128,3.150372653706063,3.526551427406279,3.338577881773616,4.515874234404444,3.526551427406279,0.7809233039616221,0.4371254268839227,0.7530173444085226,NOT_ASSIGNED__NO_RULE_FROZEN
187019,external,earlier,A,227,57,0.005294279075939,0.0404655052458239,0.0231570989546634,0.0114386616379364,0.0405796628473514,0.0213589702475717,0.0404655052458239,0.0405796628473514,1.0028211090120835,0.0063848114148565,2.742098352729573,-0.1078752744006634,1.3436987728977965,0.0091289719539447,1.3223316570128738,3.2241789192841126,2.308527137319242,1.3436987728977965,3.2241789192841126,2.399480437368345,0.3210121554120529,9.658456537628078,-0.0203652724472182,0.0146204502014117,-0.0002120761728435,-0.0140088013268508,0.0118493037645542,-0.0003461210322742,0.0203652724472182,0.0140088013268508,0.8104609366550233,0.0057198756160479,2.434137362573864,-0.9229805591118628,0.4491335572442323,-0.0387209860408398,-0.0528782835150758,-0.0249179284228682,-0.0389973535271077,0.9229805591118628,0.0528782835150758,-0.0554799970319702,0.1408496805799915,0.1016762862397041,3901.626411459918,9886.193458920565,8641.6137354733,8112.399355121208,9866.439441373426,9032.965768360871,9886.193458920565,9866.439441373426,0.9980018580832736,1063.9797418752123,1.2279009349805876,3.566242755035603,8.439708213047263,7.631016444363992,7.3231331664344355,8.434124794093641,7.910094879759878,8.439708213047263,8.434124794093641,0.999338434598368,0.8908974962314389,1.0310476957330692,NOT_ASSIGNED__NO_RULE_FROZEN
187019,external,earlier,B,340,57,0.005294279075939,0.0405796628473514,0.0227604578483488,0.011707401462041,1.6305554048962283,0.2217821076394003,0.0405796628473514,1.6305554048962283,40.18159073992037,0.0063980540868682,251.3021468673468,-0.1078752744006634,5.175640576640298,0.0896147413954462,5.040072296828526,6.971854042626783,6.032657195167232,5.175640576640298,6.971854042626783,1.3470514305211811,1.613571114340467,3.6037324484571935,-0.0203652724472182,0.0168168695821178,-0.0002364408033989,-0.0159206058551527,0.0156926997755744,0.0007739088923139,0.0203652724472182,0.0159206058551527,0.93315225517722,0.005684454983781,2.7959950608686475,-0.9229805591118628,0.4491335572442323,-0.0389893651201016,-0.5774276674352774,0.7058874643575442,-0.0359225158140423,0.9229805591118628,0.7058874643575442,1.5716649379055256,0.1151255151288268,6.47284244666992,3901.626411459918,9886.193458920565,8752.091366810317,8101.228712047276,9884.851764426952,9097.653896722552,9886.193458920565,9884.851764426952,0.999864286036968,955.079762339573,1.2325795530830062,3.566242755035603,8.439708213047263,7.723949755792395,7.321606174684573,8.449599287765322,7.901983749725362,8.439708213047263,8.449599287765322,1.0011719688013343,0.7806848901357699,1.0322950152587498,NOT_ASSIGNED__NO_RULE_FROZEN
187019,external,earlier,C,454,57,0.005294279075939,4.408570065165784,0.0244905819602173,-0.0104312640121375,5.9372746642482905,4.5539919876501695,4.408570065165784,5.9372746642482905,1.3467574693122224,1.045920019687717,5.237907805842016,-0.1078752744006634,8.90189191960281,1.333015214955335,-0.0854034741197186,9.84913792934258,8.918095726719077,8.90189191960281,9.84913792934258,1.106409515897833,2.932313495718949,2.4665703787543314,-0.0203652724472182,0.0230649889264552,-0.0001144950450302,-0.0245102106829866,0.0270393743790437,-0.0003091859674256,0.0230649889264552,0.0270393743790437,1.172312480411814,0.0060201622414291,4.516108517372177,-0.9229805591118628,0.7058874643575442,-0.0386883269257164,-0.0896577523222423,0.0662140388603527,-0.0276379854947316,0.9229805591118628,0.0896577523222423,0.0938025424783774,0.1577900681449951,0.602524570908312,3901.626411459918,9892.022574671568,8823.961356150086,8171.613972460651,9889.441595904971,8989.378455954135,9892.022574671568,9889.441595904971,0.9997390848284956,886.2853899826213,1.2465303296165664,3.566242755035603,8.455533000970531,7.764333562516496,7.36008170544584,8.466983652257037,7.890151474665288,8.455533000970531,8.466983652257037,1.0013542199273766,0.710565404109022,1.0643696095365265,NOT_ASSIGNED__NO_RULE_FROZEN
187021,external,earlier,A,199,50,0.0110661380859386,0.0382700149191826,0.0231952145566438,0.0128520970600177,0.0332785433223116,0.0224851910028345,0.0382700149191826,0.0332785433223116,0.8695722589235525,0.005044093137925,2.0623572735122084,-0.0840184867919626,1.8248137045748567,0.0476979524773774,1.820697734263269,3.830977961068316,2.8391302608118174,1.8248137045748567,3.830977961068316,2.0993803101456066,0.4582284590808643,7.907951721863072,-0.0090028324031315,0.0162404459734205,0.0011875520958054,-0.0073220501207661,0.0086321280961316,0.0010404294837848,0.0162404459734205,0.0086321280961316,0.5315203849856788,0.0032860714303683,2.570617901782033,-0.0059697001816798,0.0080380910409258,0.0017308603082309,-0.0085456264242474,0.0070188822838259,0.0011142153542659,0.0080380910409258,0.0085456264242474,0.8732026358110889,0.0027671252401016,3.727575240636904,3167.738471176565,4925.912807326313,3252.7319200474394,3175.231392261334,3267.886954091025,3220.0030819939493,4925.912807326313,3267.886954091025,0.6634073890286274,712.7653054637931,0.6495244457712266,3.2454252731932143,4.469794751435841,3.336883086325543,3.2536564327935027,3.351222165546875,3.3014504934677977,4.469794751435841,3.351222165546875,0.7497485571278983,0.4835502098389637,0.6824020818809754,NOT_ASSIGNED__NO_RULE_FROZEN
187021,external,earlier,B,299,50,0.0096475711024249,0.0382700149191826,0.0228706125278118,0.0117307084645944,0.0326309625351737,0.0230051080511962,0.0382700149191826,0.0326309625351737,0.8526508966375583,0.0049874495868766,2.2059450480371128,-0.0840184867919626,5.812642367619558,0.0736800399417726,5.860126788365555,7.797274682296115,6.83318283365146,5.812642367619558,7.797274682296115,1.3414337557962164,1.8764151503407027,3.397636737917644,-0.0090028324031315,0.0162404459734205,0.0012323902512323,-0.0077624544239535,0.0087266144567772,0.0018093466542793,0.0162404459734205,0.0087266144567772,0.5373383508716104,0.0032235041272829,2.7501229739197512,-0.0085456264242474,0.0094668420507184,0.0016842958058401,-0.0064501373766656,0.0091404431775044,0.0018798973119762,0.0094668420507184,0.0091404431775044,0.9655218845455192,0.0028063800184618,2.8809564305644417,3167.738471176565,4925.912807326313,3245.608892873612,3176.723146925159,3267.263405977717,3221.4580827614527,4925.912807326313,3267.263405977717,0.6632808037361754,613.4056307593896,0.5275687183298647,3.2454252731932143,4.469794751435841,3.3273817190004213,3.255075217896721,3.352350467007484,3.3023147217526203,4.469794751435841,3.352350467007484,0.7500009851527527,0.4159988774213141,0.5674089739106628,NOT_ASSIGNED__NO_RULE_FROZEN
187021,external,earlier,C,399,50,0.0096475711024249,0.0382700149191826,0.0230353383159953,-0.0132274097274157,0.0253700144774658,-0.001836893514114,0.0382700149191826,0.0253700144774658,0.6629214681792365,0.0049897279918783,7.214562573314168,-0.0840184867919626,9.79227768613632,1.8248137045748567,-0.0889311693262756,9.85445595271718,0.0566950627735421,9.79227768613632,9.85445595271718,1.0063497246068591,3.268393532505503,2.08866938169124,-0.0090028324031315,0.0162404459734205,0.0012057691983577,-0.0084841500437877,0.0100286504440182,0.0009182837127964,0.0162404459734205,0.0100286504440182,0.6175107789793077,0.003220330975524,2.973739412679168,-0.2703799064848715,0.5240316937972173,0.0016947456130479,-0.1786392684153624,0.5610128964889919,0.0128237149532866,0.5240316937972173,0.5610128964889919,1.070570545883977,0.0444623134470567,12.577313897482725,3167.738471176565,4925.912807326313,3240.0755612110083,3178.74782747962,3267.109708063373,3224.149747736448,4925.912807326313,3267.109708063373,0.663249601820844,544.3221298013319,0.4647873706226266,3.2454252731932143,4.469794751435841,3.325129236518754,3.256307192828236,3.352893280989091,3.3057511516462,4.469794751435841,3.352893280989091,0.7501224256241373,0.3691934151483554,0.5116225041387317,NOT_ASSIGNED__NO_RULE_FROZEN
187022,external,earlier,A,228,57,0.0047661429724878,0.0395946884892349,0.0231619613424668,0.00663120597167,0.0358061460414365,0.0218512727797181,0.0395946884892349,0.0358061460414365,0.9043169022827788,0.0064660686302913,2.560250810648244,-0.1065478734091025,1.3288091912787952,0.0144999551387175,1.3607315604385994,3.243308189338327,2.3212959563032927,1.3288091912787952,3.243308189338327,2.440762910600499,0.3193591228100733,9.76829364070149,-0.0129489311621018,0.0141025674538278,-3.177153348073572e-05,-0.0088036679377466,0.0066500138745148,-0.000336011291513,0.0141025674538278,0.0088036679377466,0.4715463263187499,0.0048211364269309,1.8618661986054543,-0.793397163299177,0.9659081088367604,0.0026675299094786,-0.0914116398069699,0.0999834406416887,0.0172070260963247,0.9659081088367604,0.0999834406416887,0.1035123732029732,0.2423160122869526,0.4912965216368347,3897.2095146736697,9896.353019927044,8648.067579585,8118.2819828367265,9842.470281941778,8997.090868699303,9896.353019927044,9842.470281941778,0.9945552934624736,1063.6749889099583,1.2052865667252175,3.5684887971813986,8.454586553599434,7.623180185618125,7.31724695971794,8.426845601359506,7.894288265570795,8.454586553599434,8.426845601359506,0.996718828051016,0.8904263414254752,1.0222447323500192,NOT_ASSIGNED__NO_RULE_FROZEN
187022,external,earlier,B,342,57,0.0047661429724878,0.0395946884892349,0.0232250859365587,0.0146726794868198,1.6236147175650633,0.2427564825746514,0.0395946884892349,1.6236147175650633,41.005871734702296,0.0062945925647716,254.26269877439364,-0.1065478734091025,5.097228204041377,0.0885770027291067,5.148091291426892,6.984636717555934,6.031142844211251,5.097228204041377,6.984636717555934,1.3702813446763302,1.619199906155233,3.5952981253349723,-0.0129489311621018,0.0141025674538278,-3.177153348073572e-05,-0.0115971586954367,0.014000804654242,0.0008634047319104,0.0141025674538278,0.014000804654242,0.9927840941077604,0.0044908941589054,3.0925443243198134,-0.793397163299177,0.9659081088367604,0.0052606678030429,-0.114594592717269,0.1037804538243729,0.0155395161307962,0.9659081088367604,0.114594592717269,0.1074434026124445,0.2246093010504787,0.6154614773960304,3897.2095146736697,9896.353019927044,8750.57491473884,8107.768870197226,9882.566222892126,9013.1187289847,9896.353019927044,9882.566222892126,0.9986068810391914,954.4006519024996,1.2343120414129614,3.5684887971813986,8.454586553599434,7.71036283812509,7.321120321568661,8.43291551781351,7.902738432691591,8.454586553599434,8.43291551781351,0.9974367716684268,0.779687354816999,1.0149337118957449,NOT_ASSIGNED__NO_RULE_FROZEN
187022,external,earlier,C,456,57,0.0047661429724878,4.406529041249117,0.0247704762768169,-0.010328551601935,5.922753765444915,4.604742972959406,4.406529041249117,5.922753765444915,1.344085948374005,1.0442020631879307,5.233060554906181,-0.1065478734091025,8.880267305147385,1.3447703758586973,-0.0459231502728548,9.859465450194438,8.911076155525087,8.880267305147385,9.859465450194438,1.110266742137308,2.9332162694680144,2.468929645366108,-0.0129489311621018,0.0141025674538278,0.0001299815164664,-0.0090288495495607,0.0123183280647993,-0.0001912517179631,0.0141025674538278,0.0123183280647993,0.8734812370250883,0.004397494913447,2.783410642786541,-0.793397163299177,0.9659081088367604,0.0069348458038498,-0.0786915946229547,0.1026822192631452,0.0086179700412947,0.9659081088367604,0.1026822192631452,0.1063064056753857,0.2054911628177277,0.4892675763789886,3897.2095146736697,9896.353019927044,8799.905559158718,8133.702893786628,9886.820729596157,9024.385672780174,9896.353019927044,9886.820729596157,0.9990367875608628,886.2611967141856,1.251079330744614,3.5684887971813986,8.454586553599434,7.760224338594535,7.324982176668231,8.441650351599248,7.890087542433209,8.454586553599434,8.441650351599248,0.9984699190293724,0.7100617656681973,1.037273800270308,NOT_ASSIGNED__NO_RULE_FROZEN
189646,external,later,A,235,59,-0.0016892512466432,1.7158688144208745,0.0147542363928683,0.0062727921808882,0.0139269692202544,0.0108068861627747,1.7158688144208745,0.0139269692202544,0.0081165699284271,0.3429466547975314,0.4670793376499387,-0.0405937152341044,0.0045351318745786,-0.0162519675052877,-0.0333358431071824,2.604453319918287,1.2272247671647685,0.0405937152341044,2.604453319918287,574.2839220436731,0.0070375924367577,372.47700518170245,0.1486138600693816,0.1515578763009003,0.1500768132940545,0.1492249870664431,0.1514423574332124,0.1501641905769364,0.1515578763009003,0.1514423574332124,0.999237790403855,0.0004736131175093,2.887619013014688,-0.0406625712108231,-0.0399638562281296,-0.0403103899672443,-0.0405900461038435,-0.0400725396208237,-0.0403676286396211,0.0406625712108231,0.0405900461038435,,0.0001263420490083,2.2348570284839515,-1.2599715927643269e-05,7247.534271939561,4579.00512379518,4898.088346211877,11061.838390461571,8809.107395680367,7247.534271939561,11061.838390461571,1.5262899043182088,2231.776508935221,3.1241095578219977,-1.182551407141958e-08,6.309749277526207,3.847048543317759,4.871328363750979,9.400361811598756,7.373889016731945,6.309749277526207,9.400361811598756,1.489815426593979,2.0314991883423867,2.875731971530294,NOT_ASSIGNED__NO_RULE_FROZEN
189646,external,later,B,353,59,-0.0016892512466432,1.7158688144208745,0.0114565144667184,0.0067160270376941,0.0150197334979565,0.0107789352011827,1.7158688144208745,0.0150197334979565,0.008753427634866,0.2893253751994158,0.3719524905836818,-0.0405937152341044,5.502411158582533,-0.0132892590810201,5.548446057435792,8.386817461072548,6.97391701255912,5.502411158582533,8.386817461072548,1.524207700835112,1.579628979740971,4.759879776921893,0.1486138600693816,0.1515578763009003,0.1501151142912326,0.1492553633538135,0.1512054834473344,0.1501025521348565,0.1515578763009003,0.1512054834473344,0.997674862816986,0.00046925468341,2.3716162962924603,-0.040674566220584,-0.0399638562281296,-0.040327554208253,-0.0406556219408044,-0.0399598090726654,-0.0403447538320419,0.040674566220584,0.0406556219408044,,0.0001258079804604,2.888369531617994,-1.2599715927643269e-05,11061.838390461571,6122.849840505047,6129.654368490907,10084.974640992,8960.024692262425,11061.838390461571,10084.974640992,0.9116906507771888,2865.767467008574,1.5612003746494043,-1.182551407141958e-08,9.400361811598756,5.3699338593918,5.284734784870059,8.59547293888665,7.536163376891796,9.400361811598756,8.59547293888665,0.9143768198667648,2.5128487862225075,1.4922582471865595,NOT_ASSIGNED__NO_RULE_FROZEN
189646,external,later,C,471,59,-0.0016892512466432,1.7158688144208745,0.011149028735288,0.0072675956813248,0.0160291555234325,0.0112842415137838,1.7158688144208745,0.0160291555234325,0.0093417138820385,0.2544606262078588,0.3188291916745104,-0.0405937152341044,9.929771797109016,-0.006180623099293,-0.0089641243244429,0.0379578435003441,0.0062438637888035,9.929771797109016,0.0379578435003441,0.0038226299935105,3.1079249513121763,0.6946933973802139,0.1486138600693816,0.1515578763009003,0.1501276513620953,0.1491687118565851,0.1512503981679452,0.1501485580298547,0.1515578763009003,0.1512503981679452,0.9979712164061696,0.0004535586320708,2.514693638685473,-0.040674566220584,-0.0399598090726654,-0.0403350894305752,-0.0405953416988978,-0.0400444380891455,-0.0403494124384019,0.040674566220584,0.0405953416988978,,0.000125841530536,2.2948472330708083,-1.2599715927643269e-05,11061.838390461571,7110.398147749333,6182.233167616062,9517.253574146584,8321.804460143874,11061.838390461571,9517.253574146584,0.8603681628863015,2852.25357732636,1.0960421793914563,-1.182551407141958e-08,9.400361811598756,6.148828864381695,4.961217514232284,8.486024305955715,6.686833118205512,9.400361811598756,8.486024305955715,0.9027337964252744,2.4937672409488267,1.1943052405163068,NOT_ASSIGNED__NO_RULE_FROZEN
189649,external,later,A,241,61,-0.0053053254168112,1.8548465922052688,0.0134201499045261,0.0050861855399438,0.0140945485286875,0.0104398618335189,1.8548465922052688,0.0140945485286875,0.0075987677837713,0.3222458927834308,0.3270371315317867,-0.0518978536768708,-0.0052887452272986,-0.0226717208124877,-0.0257343563423083,2.662778959922042,1.2612788704374858,0.0518978536768708,2.662778959922042,,0.0080948808983451,331.7630803275637,0.1468474856216646,0.1534469287531735,0.1498132728269593,0.1488220877875032,0.1523110454873155,0.1503459856791431,0.1534469287531735,0.1523110454873155,0.9925975496864776,0.0009322345069613,2.681057967286829,-0.0410578819328197,-0.039389196893143,-0.0403130645545639,-0.0410584815785115,-0.0396912717990427,-0.0403637822483865,0.0410578819328197,0.0410584815785115,,0.0003133921052012,2.3593946943567943,-0.0004348785175199,7564.500582713467,4566.577127558307,3802.867037272774,7556.091979753039,6131.516388814521,7564.500582713467,7556.091979753039,0.9988884126759612,2218.9104490533296,1.5653053796963554,-6.756400358780529e-07,6.412857228251051,3.863291580603109,3.3882963808539177,6.332803330522035,5.372469684429383,6.412857228251051,6.332803330522035,0.987516656791243,2.004390965219409,1.396085427956522,NOT_ASSIGNED__NO_RULE_FROZEN
189649,external,later,B,362,60,-0.0053053254168112,1.8548465922052688,0.0113038985580895,0.0052864180741012,0.0134489575084328,0.0098471929197457,1.8548465922052688,0.0134489575084328,0.0072507114954682,0.2671511649616552,0.2683101898191301,-0.0518978536768708,5.528684620365573,-0.0182210335683702,5.577554780098401,8.400098941772287,6.986253931066205,5.528684620365573,8.400098941772287,1.519366633942098,1.5926831495787213,4.726175133251358,0.1468474856216646,0.1540309574652219,0.1500982339560639,0.1493146158383671,0.1523600763922162,0.1506712377912757,0.1540309574652219,0.1523600763922162,0.9891523035336384,0.0009694925089835,2.34219038898099,-0.0410584815785115,-0.039389196893143,-0.0403013880391687,-0.0410959408728349,-0.0396301075579587,-0.0403205289259151,0.0410584815785115,0.0410959408728349,,0.0003051110150526,2.558737362345088,-0.0004348785175199,7692.805935049226,5389.719064119472,4176.710373614488,7291.536840565016,6197.085722184246,7692.805935049226,7291.536840565016,0.9478383963053084,2071.795885473469,1.248154320596775,-6.756400358780529e-07,6.56545268216596,4.67480607541373,3.5474401387015257,5.946635400914452,5.257574070190932,6.56545268216596,5.946635400914452,0.9057464410744396,1.8420889981414896,1.0265387257997032,NOT_ASSIGNED__NO_RULE_FROZEN
189649,external,later,C,483,60,-0.0053053254168112,1.8548465922052688,0.0110950771827959,0.0070881093026311,0.0146676058723571,0.0117459096532931,1.8548465922052688,0.0146676058723571,0.0079077191256655,0.2330675221442631,0.228376600441256,-0.0518978536768708,9.89543863846414,-0.0105759039741167,-0.0162480827791596,0.028609795924383,0.0028264126498924,9.89543863846414,0.028609795924383,0.0028912104828961,3.107487902804363,0.6952549800086497,0.1468474856216646,0.1540309574652219,0.1502910040712013,0.1491350323928466,0.1520924519862257,0.1505640854930066,0.1540309574652219,0.1520924519862257,0.987414831986395,0.0009354472439725,1.993041471489064,-0.0410959408728349,-0.039389196893143,-0.040317965774773,-0.0408045884780844,-0.0396052193607516,-0.040314386453622,0.0410959408728349,0.0408045884780844,,0.0003009948203065,2.3896845587685247,-0.0004348785175199,7692.805935049226,5674.0348293700645,2451.571201953921,7133.121539903915,5865.121566256444,7692.805935049226,7133.121539903915,0.9272457410376972,1913.0731137385333,1.3471797081178878,-6.756400358780529e-07,6.56545268216596,4.92906655390332,1.589164987650823,5.881127678085687,4.5651734156381,6.56545268216596,5.881127678085687,0.8957688011461667,1.6748398260125257,1.610180083866683,NOT_ASSIGNED__NO_RULE_FROZEN
189650,external,later,A,236,59,-0.0102546243306507,3.542038621563907,0.0167374161924729,0.0058276680730583,0.0155005974090556,0.0113124251283294,3.542038621563907,0.0155005974090556,0.0043761796708505,0.904417892899287,0.6975942698587289,-0.0625812465289848,0.3334463488074738,-0.0248103271700317,-0.0319105638513602,2.6339736294622167,1.207753432017047,0.3334463488074738,2.6339736294622167,7.8992426784166945,0.0359983541247887,73.74130253421761,0.1469501011339628,0.1516211780272164,0.1496222662145838,0.1483227498793169,0.1516039176717082,0.1495977800240907,0.1516211780272164,0.1516039176717082,0.9998861613151095,0.0008447689171197,2.4387191116197258,-0.040793903888112,-0.0398481137469619,-0.0402074225855021,-0.0405862992510887,-0.0399002719812565,-0.0402184339259812,0.040793903888112,0.0405862992510887,,0.0001470956128748,2.606904272463917,-0.0016436214030573,7712.695068781762,4669.633732712918,5349.957429085948,10737.921884475896,9072.4161869247,7712.695068781762,10737.921884475896,1.3922399094888598,2245.9969747331584,2.945259502158642,-8.656719331497144e-07,6.564580106895102,3.863954264916507,4.633186863778263,9.27573157740986,7.540822291547887,6.564580106895102,9.27573157740986,1.41299693603664,2.038745410469188,2.796061515208725,NOT_ASSIGNED__NO_RULE_FROZEN
189650,external,later,B,354,59,-0.0102546243306507,3.542038621563907,0.0131452457874894,0.0069813193896654,0.016215286080299,0.0111851387475985,3.542038621563907,0.016215286080299,0.0045779529284577,0.795131100094796,0.5298438381923868,-0.0625812465289848,5.51500441714195,-0.0190349722849284,5.567137926350079,8.40199276735704,6.985011974897011,5.51500441714195,8.40199276735704,1.523478882671724,1.5885462569039532,4.742260947788833,0.1469501011339628,0.1516211780272164,0.1496228600950211,0.1490026101616222,0.1509268419227525,0.1497589142668867,0.1516211780272164,0.1509268419227525,0.9954205862696884,0.0007704988144869,1.7269474908698923,-0.040793903888112,-0.0397855676523911,-0.0402080959670886,-0.040583891535161,-0.0399809712497815,-0.0402784687062832,0.040793903888112,0.040583891535161,,0.0001481103302407,2.5605777371015948,-0.0016436214030573,10737.921884475896,5921.242247463214,7392.943129807709,10135.345868008755,9086.576435558414,10737.921884475896,10135.345868008755,0.9438833674755726,2881.9213962588065,1.557388424376838,-8.656719331497144e-07,9.27573157740986,5.360897762278371,5.836696681733746,8.877699500223839,7.77340799037173,9.27573157740986,8.877699500223839,0.9570888749998556,2.5563795087584427,1.5579644842831082,NOT_ASSIGNED__NO_RULE_FROZEN
189650,external,later,C,472,59,-0.0102546243306507,3.542038621563907,0.0123471254416555,0.0074141228757807,0.0167474389206727,0.0120729714000431,3.542038621563907,0.0167474389206727,0.0047281920695936,0.7118574706633095,0.4448573696534765,-0.0625812465289848,9.950267522909636,-0.0044209533671904,-0.0169105133604154,0.0343242622940481,0.0019082354072312,9.950267522909636,0.0343242622940481,0.0034495818544596,3.1085197748505777,0.6959652792912725,0.1469501011339628,0.1516211780272164,0.1495964876961052,0.1489276581117377,0.150953961362806,0.1497794554813845,0.1516211780272164,0.150953961362806,0.9955994494100908,0.0006984627100259,1.9304336095119,-0.040793903888112,-0.0397855676523911,-0.0402213610125672,-0.0406186283137066,-0.0398565781169241,-0.0402001032307139,0.040793903888112,0.0406186283137066,,0.0001449616160495,2.753646318880244,-0.0016436214030573,10737.921884475896,7238.306294732391,6023.094288319466,9824.388664412963,8433.227112877095,10737.921884475896,9824.388664412963,0.9149245794585588,2881.425991612993,1.169236057187343,-8.656719331497144e-07,9.27573157740986,6.1533566718059465,5.246593792258099,8.647804186996215,7.055598731625419,9.27573157740986,8.647804186996215,0.9323042732345878,2.551746126480348,1.1949278160183177,NOT_ASSIGNED__NO_RULE_FROZEN
189652,external,later,A,257,65,-0.0076947551766861,3.486019681703207,0.0165868879304978,0.0063172450159234,0.0178632057502058,0.012074901747641,3.486019681703207,0.0178632057502058,0.0051242412210014,0.8433188245761475,0.726185373095724,-0.063540975368121,-0.0028902992373499,-0.0275127796373985,-0.0826423839240701,2.0839437868299857,0.8047004740650836,0.063540975368121,2.0839437868299857,,0.0098032961810261,215.4430405585105,0.1458346226654829,0.1515190490396817,0.148746178303352,0.147855521280571,0.1509849716005417,0.1489159025493135,0.1515190490396817,0.1509849716005417,0.9964751795729648,0.0010907951369321,2.109416772335007,-0.0406753069322799,-0.039212859195163,-0.0397820753392226,-0.0401611214823564,-0.0395351399435838,-0.0399262248189017,0.0406753069322799,0.0401611214823564,,0.0003771441950279,0.8354409155036635,-3.1285682662351174e-07,7330.481971920321,4576.7540247995,4340.78641273275,13174.29779735792,11157.41021841491,7330.481971920321,13174.29779735792,1.7971939427479051,2245.858186672958,4.031927571176844,-3.486967740263417e-10,6.379090611847777,3.867241457219705,3.839669014102624,10.776059743480062,8.962351624092136,6.379090611847777,10.776059743480062,1.689278362571911,2.025978433710623,3.559984406986443,NOT_ASSIGNED__NO_RULE_FROZEN
189652,external,later,B,386,64,-0.0076947551766861,3.486019681703207,0.013246331280771,0.0029271418217346,0.015592882196689,0.0107246323342013,3.486019681703207,0.015592882196689,0.0044729759497716,0.7453325025935902,0.5539899678032644,-0.0826423839240701,4.740198647174267,-0.0220256733259272,4.781502094516728,6.509362330132869,6.081250913390283,4.740198647174267,6.509362330132869,1.373225641928158,1.334264496867344,4.3636241260366,0.1458346226654829,0.1515190490396817,0.1488059958641455,0.1475368106071759,0.150566482172818,0.1486914836137386,0.1515190490396817,0.150566482172818,0.9937132203976924,0.0009765566298852,1.8369594021788889,-0.0406753069322799,-0.039212859195163,-0.0398368453770477,-0.0403601131756714,-0.0396323835131458,-0.0400359220345939,0.0406753069322799,0.0403601131756714,,0.0003238358766255,1.5458030618552654,-3.1285682662351174e-07,13179.949139372236,6000.806996649322,9871.260608266755,13232.142403481246,11579.311245271558,13179.949139372236,13232.142403481246,1.0039600504946635,3869.27135788986,1.7620505064812653,-3.486967740263417e-10,10.80005523517654,5.287684935805631,7.410073867206959,10.827040753226129,9.705522451643354,10.80005523517654,10.827040753226129,1.0024986462996686,3.165749464954712,1.7221260887620868,NOT_ASSIGNED__NO_RULE_FROZEN
189652,external,later,C,515,64,-0.0076947551766861,3.486019681703207,0.0125821924019024,0.0049530760155903,0.0152285180312542,0.0114858202434775,3.486019681703207,0.0152285180312542,0.0043684544040823,0.6686626588819838,0.4629061539301176,-0.0826423839240701,6.518833062536125,-0.0161260882814382,-0.0135009755166744,0.1116534723603344,0.0094209660662447,6.518833062536125,0.1116534723603344,0.0171278312067859,2.6153089996661185,0.7554506206759356,0.1458346226654829,0.1515190490396817,0.1489051876087239,0.1479759235264733,0.1510653507507671,0.1492282515692592,0.1515190490396817,0.1510653507507671,0.9970056683183394,0.0009363468023489,2.3471449728010887,-0.0406753069322799,-0.039212859195163,-0.0398418111819889,-0.0402139960141366,-0.0394132101226052,-0.0397926738807549,0.0406753069322799,0.0402139960141366,,0.0002989633662009,1.5079664978234049,-3.1285682662351174e-07,13232.142403481246,7194.0109701811525,8531.474463754463,13118.42275544588,10731.33295350066,13232.142403481246,13118.42275544588,0.9914058022829736,4078.56307299814,1.321888245218566,-3.486967740263417e-10,10.827040753226129,6.236961820972965,6.819943715976565,10.734583038439986,8.509303555443935,10.827040753226129,10.734583038439986,0.9914604815024278,3.2984992565223723,1.3141991410595018,NOT_ASSIGNED__NO_RULE_FROZEN
195261,external,later,A,316,79,0.004641939599204,1.6270753552949286,0.0201620868494423,0.0087857261276747,0.0289208043745154,0.0184055102201275,1.6270753552949286,0.0289208043745154,0.0177747172436725,0.3780270661214159,0.4413066447766282,-0.0160223588303139,-0.0079631472808603,-0.0124184678700022,-0.0163354750961408,-0.0090541422820529,-0.0119445568530014,0.0160223588303139,0.0163354750961408,,0.0014838554099548,2.710184009324362,-0.0369541024398233,-0.0309107999767033,-0.0341330070116078,-0.0362023581926559,-0.0316582059442521,-0.0339249713685708,0.0369541024398233,0.0362023581926559,,0.00094135571069,2.5391747761683843,-0.1276549115725729,-0.1141738820804123,-0.1232891329742898,-0.1267047230124955,-0.1221564590550705,-0.124650196537193,0.1276549115725729,0.1267047230124955,,0.0028761449015591,1.4778259669772769,-0.002022978098665,11238.831234292944,4878.162734816445,3805.476227660052,11262.85108311034,7486.116957161612,11238.831234292944,11262.85108311034,1.0021372194596272,2633.375227346688,2.435197370003414,-1.888497326669584e-06,9.27775295102768,3.990770487906176,3.268188355646525,9.30099296397274,6.90894490927113,9.27775295102768,9.30099296397274,1.0025049182779204,2.0656540744395624,2.553950658946604,NOT_ASSIGNED__NO_RULE_FROZEN
195261,external,later,B,474,79,0.004641939599204,1.6270753552949286,0.0194956292353783,0.009841343285356,0.0327636793479035,0.0190310443420174,1.6270753552949286,0.0327636793479035,0.0201365469898379,0.3173587095038643,0.3579908501437623,-0.0163354750961408,-0.0079631472808603,-0.0123314830651638,-0.0165058277676817,-0.0072928986493231,-0.0118857727434778,0.0163354750961408,0.0165058277676817,,0.0015157277493056,3.2589395283439577,-0.0369541024398233,-0.0309107999767033,-0.0341252640241862,-0.037901901334075,-0.0316169400089061,-0.0340850462002782,0.0369541024398233,0.037901901334075,,0.0009753398622853,3.9687361106437713,-0.1276549115725729,-0.1141738820804123,-0.1239308663228991,-0.126904364676017,-0.1225869382716663,-0.1246786523439216,0.1276549115725729,0.126904364676017,,0.0026357048169802,1.4059525270634754,-0.002022978098665,11262.85108311034,6119.312450619789,5121.11188588578,9627.759042406788,7548.016763535884,11262.85108311034,9627.759042406788,0.8548243221331834,2678.040086673669,1.4268629179448025,-1.888497326669584e-06,9.30099296397274,5.182008828987625,4.694545273764939,8.280022370803385,6.96687545343542,9.30099296397274,8.280022370803385,0.8902299359730657,2.2542791064953565,1.4687103493656672,NOT_ASSIGNED__NO_RULE_FROZEN
195261,external,later,C,632,79,0.004641939599204,1.6270753552949286,0.019458783770943,0.0098993760406883,0.0300557557952303,0.0191214502049599,1.6270753552949286,0.0300557557952303,0.0184722580287514,0.2785403196186628,0.3140071546751243,-0.0168905088454605,-0.007264381500188,-0.0122438762696175,-0.0158738510485597,-0.0081983094097892,-0.0124466386531706,0.0168905088454605,0.0158738510485597,,0.0015919709054961,2.514913354187061,-0.037901901334075,-0.0292852309199293,-0.0341083001320561,-0.03603349998996,-0.031778791285551,-0.0340405689072487,0.037901901334075,0.03603349998996,,0.0010159973797003,2.219391384088946,-0.1276549115725729,-0.1141738820804123,-0.1241612086503924,-0.1274933882484864,-0.1211337761875653,-0.1243132260190964,0.1276549115725729,0.1274933882484864,,0.0024108082527278,1.6336072876431444,-0.002022978098665,11262.85108311034,7220.134298736006,5397.279421411019,11231.163234848858,8525.835576856585,11262.85108311034,11231.163234848858,0.9971865162712662,2556.319325601576,1.9238417567027333,-1.888497326669584e-06,9.30099296397274,5.998026911603244,4.105043958354759,9.278163549899736,7.2375589013455714,9.30099296397274,9.278163549899736,0.9975454863624312,2.192196554379848,1.7375155356039458,NOT_ASSIGNED__NO_RULE_FROZEN
195265,external,later,A,306,77,0.006560206637584,2.793745326282524,0.0197889517700373,0.0090732421168399,0.0285146956776315,0.0176675749840644,2.793745326282524,0.0285146956776315,0.010206619554537,0.8068343212437142,0.5510813034428698,-0.0172186593359268,-0.0066996054817632,-0.0131535542619859,-0.0163453063057042,-0.0087956796988547,-0.0129077755415987,0.0172186593359268,0.0163453063057042,,0.001508092852585,2.7754938216990417,-0.0366989407398453,-0.0321779317063679,-0.0344412709340182,-0.0359600281391099,-0.0327208260422511,-0.034173071137425,0.0366989407398453,0.0359600281391099,,0.0007476979820215,2.3227215595856903,-0.1140795152135744,-0.0977698828569252,-0.109361188132519,-0.1150417973571302,-0.0971582638521718,-0.1122052516260909,0.1140795152135744,0.1150417973571302,,0.0037230958724784,3.0955883441551157,-3.5399270509485505e-06,11095.198211993407,3995.6199213085583,3439.192732951377,9527.961562147946,7388.297756104615,11095.198211993407,9527.961562147946,0.8587464036332988,2270.248832297927,2.3336645255475768,-3.2969387158236437e-09,9.168055560498129,3.536180856675605,3.038526907605075,8.179029516728825,6.579811611781738,9.168055560498129,8.179029516728825,0.8921225948901682,1.8190840447315075,2.52521268532648,NOT_ASSIGNED__NO_RULE_FROZEN
195265,external,later,B,459,77,0.0063406410917332,2.793745326282524,0.0190894920397774,0.0054484346742594,0.0257791562667751,0.0192108610196364,2.793745326282524,0.0257791562667751,0.0092274539215347,0.6899973614385405,0.439369200300008,-0.0172186593359268,-0.0066996054817632,-0.0129967270658407,-0.0169406250277564,-0.0092914132666454,-0.0124799696886865,0.0172186593359268,0.0169406250277564,,0.0015181857701847,2.6637081689573194,-0.0366989407398453,-0.0321779317063679,-0.0344170947994328,-0.0359814668077507,-0.0327392697635505,-0.0341936489761153,0.0366989407398453,0.0359814668077507,,0.0007454890980057,2.216088312131158,-0.1150417973571302,-0.0971582638521718,-0.1105025295257007,-0.1149908924708394,-0.1101984431681768,-0.1126605381556816,0.1150417973571302,0.1149908924708394,,0.004009716921667,1.4637824340890524,-3.5399270509485505e-06,11095.198211993407,5723.406679292888,5118.935506194227,11040.252034112678,7495.010930583915,11095.198211993407,11040.252034112678,0.9950477515740695,2488.480183566801,2.3064059649586524,-3.2969387158236437e-09,9.168055560498129,4.763020403469491,4.694346522933704,9.128547872484276,6.906609636403511,9.168055560498129,9.128547872484276,0.9956907233215214,2.1458804116933763,2.1080083097197977,NOT_ASSIGNED__NO_RULE_FROZEN
195265,external,later,C,612,77,0.0054484346742594,2.793745326282524,0.0190594176568224,0.0042108107662815,0.0347191865161125,0.0191916661476258,2.793745326282524,0.0347191865161125,0.0124274701024059,0.6106428977601218,0.3796187652169604,-0.0172186593359268,-0.0066996054817632,-0.0129778062966882,-0.0180387306508193,-0.0073681726149182,-0.0125057763490627,0.0172186593359268,0.0180387306508193,,0.0015775407835805,3.4796124976572678,-0.0366989407398453,-0.0321779317063679,-0.0344014961233994,-0.0362227316204029,-0.0327664687127897,-0.0343599291344601,0.0366989407398453,0.0362227316204029,,0.0007484024657861,2.462059193250732,-0.1150417973571302,-0.0971582638521718,-0.1115339158416199,-0.1139711044504392,-0.1055603766049166,-0.1109482161987658,0.1150417973571302,0.1139711044504392,,0.0037949562857007,1.1609421645847595,-3.5399270509485505e-06,11095.198211993407,6524.024990245307,4523.755484028972,11210.24587197467,8004.570903424469,11095.198211993407,11210.24587197467,1.0103691396749364,2522.776490415005,2.083975974128363,-3.2969387158236437e-09,9.168055560498129,5.521507288721201,4.051364552235897,9.25413904178127,6.96241458356848,9.168055560498129,9.25413904178127,1.0093895025739206,2.192264031107901,1.8468488466719477,NOT_ASSIGNED__NO_RULE_FROZEN
195266,external,later,A,309,77,0.0069070188992333,2.708428026821624,0.0196858973948913,0.0061735758810471,0.0292812846632384,0.0177312569267865,2.708428026821624,0.0292812846632384,0.0108111732611187,0.8130797879110206,0.5534820903744883,-0.0166624526318149,-0.0087210728604117,-0.0132546427251023,-0.0167996145702497,-0.009033371133634,-0.012944620215954,0.0166624526318149,0.0167996145702497,,0.0013927189978682,2.9324009202817445,-0.0370483841885038,-0.0326304696445268,-0.0344969567932491,-0.0356767664312053,-0.0330452240856133,-0.0343240900311457,0.0370483841885038,0.0356767664312053,,0.0007714418988934,1.9002483541562043,-0.1128862687694353,-0.0997960919419782,-0.1090275024649572,-0.1126038048797816,-0.1075530072174904,-0.1102131660646211,0.1128862687694353,0.1126038048797816,,0.0028181815091993,1.563571395226088,-5.91100890772466e-12,9106.483737849398,4264.516408715594,4389.26552036376,9516.198837128666,7376.824511779641,9106.483737849398,9516.198837128666,1.0449915808421602,2110.2944307065286,2.528606238257653,-5.437163606521741e-15,7.799612630747364,3.583929419027372,3.8877236557618366,8.169632164613933,6.432978956142569,7.799612630747364,8.169632164613933,1.04744075781506,1.7055671050806276,2.703732613349884,NOT_ASSIGNED__NO_RULE_FROZEN
195266,external,later,B,463,78,0.0061735758810471,2.708428026821624,0.0188800347537076,0.0064040537067628,0.0272537923279377,0.0182247889232352,2.708428026821624,0.0272537923279377,0.0100625868799328,0.6955539001209825,0.4372290229351872,-0.0167996145702497,-0.0087210728604117,-0.0130536627037095,-0.0170738751196827,-0.007851168728728,-0.0128769965561518,0.0167996145702497,0.0170738751196827,,0.0013874494355595,3.742722558253588,-0.0370483841885038,-0.0322017211466412,-0.0344058901630044,-0.0364927759434607,-0.0328834017531782,-0.0342518561651505,0.0370483841885038,0.0364927759434607,,0.0007312858050267,2.8240452151632573,-0.1128862687694353,-0.0997960919419782,-0.1097491741462865,-0.1114999387715252,-0.1066173373221001,-0.1094555273326177,0.1128862687694353,0.1114999387715252,,0.0025195201436537,1.0631667843574233,-5.91100890772466e-12,9516.198837128666,5677.8671091135175,5118.611067493704,9534.337616989693,7445.469303491101,9516.198837128666,9534.337616989693,1.00190609508812,2307.87266808955,1.887929494214298,-5.437163606521741e-15,8.1711356884272,4.733079161871413,4.69398443112829,8.186314910490367,6.860718057833076,8.1711356884272,8.186314910490367,1.0018576636886187,2.020539783982452,1.8137188156808688,NOT_ASSIGNED__NO_RULE_FROZEN
195266,external,later,C,618,77,0.0061735758810471,2.708428026821624,0.0187328814542816,0.0094318177326007,0.0307629317472613,0.019391751194452,2.708428026821624,0.0307629317472613,0.011358223826742,0.6152558371893216,0.3701205651711642,-0.0170738751196827,-0.007851168728728,-0.0130103588255684,-0.016176689562256,-0.0079661401795793,-0.0125080222669192,0.0170738751196827,0.016176689562256,,0.0014709962473967,3.441760964058235,-0.0370483841885038,-0.0322017211466412,-0.0343777185006076,-0.0359412566292967,-0.0321104489321582,-0.0341476603772806,0.0370483841885038,0.0359412566292967,,0.0007338109089235,3.1245065465213537,-0.1128862687694353,-0.0997960919419782,-0.1096294489463117,-0.1121470494573813,-0.1061208349895533,-0.1094128611358547,0.1128862687694353,0.1121470494573813,,0.0022459300063547,1.412286484364521,-5.91100890772466e-12,9548.548094971606,6319.820238312125,3146.414070042892,9559.868862488867,7447.48273633769,9548.548094971606,9559.868862488867,1.0011856009316455,2283.84107444391,1.669541818659309,-5.437163606521741e-15,8.204447850779374,5.436529197880231,2.7705532970302222,8.21751029793198,6.870359071991379,8.204447850779374,8.21751029793198,1.001592117762241,2.035036917170495,1.5456605318875698,NOT_ASSIGNED__NO_RULE_FROZEN
195268,external,later,A,311,78,0.007703908214382,2.515129033379702,0.0204051343475682,0.0119859387456288,0.0254300793567739,0.0186065513617802,2.515129033379702,0.0254300793567739,0.0101108448192029,0.7773269597847714,0.5447016640159279,-0.0174899379411223,-0.0092686225737261,-0.0137468600359447,-0.0160650011352994,-0.0112415382203701,-0.0134628624185112,0.0174899379411223,0.0160650011352994,,0.0013779015244337,1.766664846735417,-0.0371982979665224,-0.0326814191648201,-0.0345189952863645,-0.0361638240040957,-0.0324306313457922,-0.034437875876863,0.0371982979665224,0.0361638240040957,,0.0007902697645055,2.708063437336783,-0.1027118543454673,-0.0884920001203492,-0.099107727403204,-0.102879148454712,-0.0982363746209948,-0.1003741514644122,0.1027118543454673,0.102879148454712,,0.0032834040300001,1.53574144334066,-3.2597179190280256e-05,10932.755701801188,5062.488501562219,6381.054160508483,11057.081409714248,9589.491982280604,10932.755701801188,11057.081409714248,1.011371854572089,2534.40044457267,2.4590583757324134,-3.339336300453021e-08,9.13863116894488,4.09911489443408,5.198253416441036,9.78221613277377,8.214111422276972,9.13863116894488,9.78221613277377,1.0704246568146811,2.104493471520562,2.6897540680426943,NOT_ASSIGNED__NO_RULE_FROZEN
195268,external,later,B,467,78,0.007703908214382,2.515129033379702,0.0199535987217167,0.012654862267042,0.0297171021753383,0.0183648260383129,2.515129033379702,0.0297171021753383,0.0118153390068445,0.6640345832459703,0.4272304471400117,-0.0180749501480829,-0.0077330711604512,-0.013690415566237,-0.0170841662184023,-0.0083628005627843,-0.0135351970545368,0.0180749501480829,0.0170841662184023,,0.0014377720177531,3.630626829868494,-0.0371982979665224,-0.0320035458608534,-0.0344811814979343,-0.0358412841380062,-0.0317847933840362,-0.034018250856687,0.0371982979665224,0.0358412841380062,,0.0008203072143053,3.285587798786027,-0.102879148454712,-0.0884920001203492,-0.0997599541621305,-0.1012193122520068,-0.0925153280799997,-0.0984158810498477,0.102879148454712,0.1012193122520068,,0.0029628367685649,2.069134994678903,-3.2597179190280256e-05,14597.956299980244,6758.104934735716,12075.591264273393,14652.423612253537,14443.505793433218,14597.956299980244,14652.423612253537,1.0037311601126908,3299.5314941676097,2.4698052997029487,-3.339336300453021e-08,12.15978752092986,5.609139249758114,9.824770153727371,12.219604063295742,12.034437419683936,12.15978752092986,12.219604063295742,1.0049192095061632,2.829333452332821,2.3372708450514,NOT_ASSIGNED__NO_RULE_FROZEN
195268,external,later,C,623,78,0.007703908214382,2.515129033379702,0.0195828553842719,0.0113582661599315,0.0299834235301914,0.0190754926724666,2.515129033379702,0.0299834235301914,0.0119212267570627,0.5873300863820833,0.367049864879803,-0.0180749501480829,-0.0077330711604512,-0.0136478734243402,-0.0181656670821759,-0.0079811894608957,-0.0134009249931845,0.0180749501480829,0.0181656670821759,,0.0014949640484373,3.709515605680511,-0.0371982979665224,-0.0317847933840362,-0.0343805612776455,-0.0360349379682481,-0.0325964548549995,-0.0341263119130461,0.0371982979665224,0.0360349379682481,,0.0008427776506224,2.105868149739825,-0.102879148454712,-0.0884920001203492,-0.099614096499576,-0.1018681661165381,-0.0982465881586302,-0.0998428754218613,0.102879148454712,0.1018681661165381,,0.0027120364666944,1.1695035783470242,-3.2597179190280256e-05,14652.423612253537,8294.11343560024,7754.828083506718,14670.697275756069,12174.12325264249,14652.423612253537,14670.697275756069,1.0012471427243783,4370.0848999369,1.4348332427786048,-3.339336300453021e-08,12.219604063295742,7.143195166324363,6.378877536709257,12.234118935443902,10.219890042735148,12.219604063295742,12.234118935443902,1.0011878348981664,3.615280734049581,1.4126077955095224,NOT_ASSIGNED__NO_RULE_FROZEN
195269,external,later,A,312,78,0.0094792099011813,2.2446335477312496,0.0204595585102344,0.0118473880654272,0.0269935528972313,0.0192601276737604,2.2446335477312496,0.0269935528972313,0.0120258172762832,0.7356562445947841,0.5467136002552581,-0.0180204964470299,-0.0092213661604529,-0.0136899477125998,-0.0166446011036683,-0.0105322083186775,-0.0133414107463623,0.0180204964470299,0.0166446011036683,,0.0013564314081254,2.2954075633662883,-0.0364862771611134,-0.0324417340001571,-0.0345447577216016,-0.0356278484536856,-0.0325287057946043,-0.0341123726616673,0.0364862771611134,0.0356278484536856,,0.0007276124825986,2.7302722002005635,-0.101735691392718,-0.0889120874802824,-0.0979266566810017,-0.1015404948332178,-0.0980903353383681,-0.0996346061396297,0.101735691392718,0.1015404948332178,,0.0028873070954688,1.5562194530492786,-0.0067783590979975,9513.538971197848,5504.821290854778,6374.112284270084,11000.37466036386,8924.17457378286,9513.538971197848,11000.37466036386,1.1562862877492166,2439.0293767950657,2.4527635451538905,-6.640265894930928e-06,8.174119704499587,4.59329934036276,5.417894434429488,9.083711811679324,7.492595685414757,8.174119704499587,9.083711811679324,1.1112770720349294,1.9255964954134075,2.555258191527122,NOT_ASSIGNED__NO_RULE_FROZEN
195269,external,later,B,468,78,0.0094792099011813,2.2446335477312496,0.0199518689749422,0.0087008996874703,0.0286089123192212,0.0202587126899198,2.2446335477312496,0.0286089123192212,0.0127454712365577,0.6288512884980544,0.4352427194437507,-0.0180204964470299,-0.0090054784356887,-0.0136177517503098,-0.0191393128086868,-0.0080738690914538,-0.0130746450417171,0.0180204964470299,0.0191393128086868,,0.0014010711640808,3.991261947959445,-0.0364862771611134,-0.0324417340001571,-0.0343608260444024,-0.0366129885881124,-0.0322944885430147,-0.0341131352777034,0.0364862771611134,0.0366129885881124,,0.0007189787095876,3.114672317134199,-0.101735691392718,-0.0889120874802824,-0.09888639574673,-0.1018754479901617,-0.0973715260647831,-0.0999311483213913,0.101735691392718,0.1018754479901617,,0.0026886093533368,1.476926390706243,-0.0067783590979975,11000.37466036386,6790.08566357505,7274.569724219,10062.11231041862,9135.349442678513,11000.37466036386,10062.11231041862,0.914706327837546,2731.511880168167,1.380147910999002,-6.640265894930928e-06,9.083711811679324,5.630740928204174,6.078385394078993,8.49255518927335,7.927937752965213,9.083711811679324,8.49255518927335,0.9349212486413432,2.27468598542347,1.4098408053394664,NOT_ASSIGNED__NO_RULE_FROZEN
195269,external,later,C,624,78,0.0087008996874703,2.2446335477312496,0.0199296573981908,0.0094704048768136,0.029239070557961,0.0194637569989986,2.2446335477312496,0.029239070557961,0.0130262111548294,0.5563343718417874,0.3726627696011063,-0.0191393128086868,-0.0080738690914538,-0.0135528993263405,-0.0172000490311546,-0.0093602385567798,-0.0130930638473829,0.0191393128086868,0.0172000490311546,,0.0015795246259929,2.5847942790806013,-0.0366129885881124,-0.0322743968927461,-0.0342588421430946,-0.0358062708167089,-0.0315706559734585,-0.0341332833171295,0.0366129885881124,0.0358062708167089,,0.0007210081429038,3.7901613978364335,-0.1018754479901617,-0.0889120874802824,-0.0990922454706042,-0.101340123218175,-0.0982203380605414,-0.0997425367666913,0.1018754479901617,0.101340123218175,,0.0024885965940093,1.218596245130204,-0.0067783590979975,11000.37466036386,7845.63255238624,3041.3447671526837,9963.930390350604,8516.162382378932,11000.37466036386,9963.930390350604,0.905781002737322,2681.3197911100037,1.4778058730517392,-6.640265894930928e-06,9.083711811679324,6.509951837731824,2.6203519247766898,8.387389363784578,7.383310994226089,9.083711811679324,8.387389363784578,0.9233438419964564,2.262896739892723,1.4531909117313475,NOT_ASSIGNED__NO_RULE_FROZEN
195274,external,later,A,300,75,0.0053125847728854,2.753695270352891,0.0202332415460599,0.0052472320972596,0.7981157251498718,0.2845097885774036,2.753695270352891,0.7981157251498718,0.2898344394685297,0.8715503775801781,0.5571200347691319,-0.0189023991721836,-0.0105743521910313,-0.0145287862590371,-0.0171046450300527,-0.0097163245855858,-0.0138185536939361,0.0189023991721836,0.0171046450300527,,0.0013740976424558,3.5491803544484206,-0.0369547310216123,-0.0316414160939687,-0.0347271187391866,-0.0356642848427937,-0.0328039919440799,-0.0342953578468809,0.0369547310216123,0.0356642848427937,,0.0006965000479211,2.7334175688217277,-0.0859239350709795,-0.0715018404712767,-0.0820229020035607,-0.0859344692107063,-0.0816376996906871,-0.0838151084845132,0.0859239350709795,0.0859344692107063,,0.0034178821945968,1.521325667191891,-2.143379575311637e-07,11442.5323566387,4783.473809504116,6163.902527601852,9572.093721149822,8605.237510832349,11442.5323566387,9572.093721149822,0.8365363035741218,2476.529558878208,1.9587611960905904,-2.2057812502004998e-10,9.865407768886934,3.9322254115670807,4.971139467610408,8.655125267381663,7.528071296126309,9.865407768886934,8.655125267381663,0.8773205801667718,2.0313270411227773,2.2798609953112057,NOT_ASSIGNED__NO_RULE_FROZEN
195274,external,later,B,450,75,0.0052472320972596,2.753695270352891,0.0240216590012451,1.9592661743934872,3.085536531940558,2.518945729653413,2.753695270352891,3.085536531940558,1.1205076194015982,0.8141848963986162,3.0465193217608197,-0.0189023991721836,-0.0097163245855858,-0.0145177977309486,-0.0193264505924867,-0.0104079793256323,-0.0148412319428131,0.0189023991721836,0.0193264505924867,,0.0013737354233192,3.468831581411742,-0.0369547310216123,-0.0316414160939687,-0.0345938424879644,-0.0361391734466287,-0.0322045538199707,-0.0343240240458281,0.0369547310216123,0.0361391734466287,,0.0006807330542867,3.494916356741536,-0.0859344692107063,-0.0715018404712767,-0.0830144428758108,-0.0852229969514824,-0.0816418834680348,-0.0834878581719982,0.0859344692107063,0.0852229969514824,,0.0031884676340889,1.0833473132369753,-2.143379575311637e-07,11442.5323566387,6597.136901567343,5581.188888588011,11234.437377128685,8942.295136344159,11442.5323566387,11234.437377128685,0.9818139050846308,2757.1378548956136,1.8949749183836253,-2.2057812502004998e-10,9.865407768886934,5.40482255428458,5.080096511146601,9.837641873678768,7.9183072475520815,9.865407768886934,9.837641873678768,0.9971855298981424,2.413006490613114,1.9122476246659617,NOT_ASSIGNED__NO_RULE_FROZEN
195274,external,later,C,600,75,0.0052472320972596,3.332724638533465,0.0284381440848524,0.0071695024254341,0.0269859409514221,0.0183877172226026,3.332724638533465,0.0269859409514221,0.00809726091361,1.0450361771880758,0.7981023853968362,-0.0193264505924867,-0.0086623551566269,-0.0144833506260404,-0.0185300734347302,-0.0099949677048094,-0.0142591181177102,0.0193264505924867,0.0185300734347302,,0.0014986263920924,3.0282212584867856,-0.0369547310216123,-0.0316414160939687,-0.034517897839296,-0.0359118541406951,-0.0333462315980148,-0.0343706648328412,0.0369547310216123,0.0359118541406951,,0.0006725784133369,2.042063300357765,-0.0859344692107063,-0.0715018404712767,-0.083249385823536,-0.0856328368353713,-0.0818448433005216,-0.083814001725461,0.0859344692107063,0.0856328368353713,,0.0029158955938439,1.1591958253681596,-2.143379575311637e-07,11442.5323566387,7652.212465696722,4572.48970951158,9659.951254071397,8637.795166847549,11442.5323566387,9659.951254071397,0.8442144582153539,2714.9127285553427,1.0809511913568863,-2.2057812502004998e-10,9.865407768886934,6.638889990733761,3.587779625975026,8.786956024220768,7.699992597478405,9.865407768886934,8.786956024220768,0.8906835105116144,2.414159029427659,1.199816690197897,NOT_ASSIGNED__NO_RULE_FROZEN
195626,external,later,A,304,76,-0.0049830897403135,3.9091306887785167,0.0151764214948825,-0.0047239608173474,0.0279952427911496,0.0111951542972456,3.9091306887785167,0.0279952427911496,0.0071615008604118,1.251861017320031,0.6064432521866604,-0.0324496750664501,-0.0183488639466103,-0.0266659030827355,-0.0312496924662095,-0.018516622208723,-0.0261237163074684,0.0324496750664501,0.0312496924662095,,0.0022089032619885,3.624761993819604,-0.0264208764710308,-0.018187892136123,-0.0223158488086411,-0.0253061163787144,-0.0193040400899246,-0.0219518445611788,0.0264208764710308,0.0253061163787144,,0.001446822783978,2.08414412553407,0.0193179519181214,0.0355477399368491,0.0263389719623088,0.018025505948184,0.0236232835754839,0.020770076355544,0.0355477399368491,0.0236232835754839,0.6645509283417437,0.0045918496189486,1.8816538400944192,30.428156598598232,11876.182822820983,5829.3125632798,7138.170579735292,11888.940693672756,9830.767969314587,11876.182822820983,11888.940693672756,1.001074240018203,2982.620606935163,1.9659024290212868,0.0291957969528122,9.55729942822675,4.527258431263469,5.126493044875878,9.567774313528275,8.223796789243043,9.55729942822675,9.567774313528275,1.0010960089071383,2.3530931325426505,2.049280657258643,NOT_ASSIGNED__NO_RULE_FROZEN
195626,external,later,B,456,76,-0.0049830897403135,3.9091306887785167,0.0135491434954501,-0.0045984042428658,1.3869654767789428,0.0137974819990629,3.9091306887785167,1.3869654767789428,0.3548015114358652,1.0805683419379593,0.8147018885920905,-0.0327918383962867,-0.0183488639466103,-0.026454898305155,-0.0334025723135954,-0.0180431809080871,-0.0256045348126193,0.0327918383962867,0.0334025723135954,,0.0024872991443304,3.310784770552696,-0.0264208764710308,-0.018187892136123,-0.0221718946444054,-0.0258486599194535,-0.0187711974782957,-0.0219394965184204,0.0264208764710308,0.0258486599194535,,0.0014178001594211,2.552038880069558,0.018025505948184,0.0355477399368491,0.0236113879528219,0.0175919232725425,0.0230232511207714,0.020725679970455,0.0355477399368491,0.0230232511207714,0.647671305170805,0.0046445308456013,1.63530561078585,30.428156598598232,11888.940693672756,8134.53899600405,9087.249722330616,11854.509271151665,9880.922707644962,11888.940693672756,11854.509271151665,0.9971039116597312,3074.183440691881,1.4810318360530157,0.0291957969528122,9.567774313528275,6.401459920415536,7.0161899879132585,9.537835518069254,8.272695864820644,9.567774313528275,9.537835518069254,0.9968708714819192,2.492533309416664,1.4958065654150654,NOT_ASSIGNED__NO_RULE_FROZEN
195626,external,later,C,608,76,-0.0049830897403135,3.9091306887785167,0.0141292809373104,-0.0077823713896593,0.0262374765753973,0.0099014659405309,3.9091306887785167,0.0262374765753973,0.0067118443112465,0.9571904945579128,0.4242090362784059,-0.0342169993771936,-0.0180431809080871,-0.0263186024170319,-0.0342212102937501,-0.0152870135943185,-0.0264038838352438,0.0342169993771936,0.0342212102937501,,0.0026629309769008,4.08188693135178,-0.0264208764710308,-0.018187892136123,-0.0221286937758561,-0.0262231251020139,-0.0190380088843125,-0.0219460945631555,0.0264208764710308,0.0262231251020139,,0.0013952925672614,2.8987885420125736,0.0175919232725425,0.0355477399368491,0.0219840241881599,0.0165502556401089,0.0226914005237481,0.0197730970411847,0.0355477399368491,0.0226914005237481,0.6383359550863038,0.0045640167258044,1.6305804636023935,30.428156598598232,11888.940693672756,9333.476346551726,7909.432697242135,11887.447459699924,10530.49581192898,11888.940693672756,11887.447459699924,0.9998744014280746,2974.3205015762146,1.302331160452317,0.0291957969528122,9.567774313528275,7.183859108174508,6.353277796509379,9.570847793248682,8.58638398221266,9.567774313528275,9.570847793248682,1.0003212324642796,2.4355594996474537,1.2979879270708374,NOT_ASSIGNED__NO_RULE_FROZEN
195642,external,later,A,280,70,0.0054681771490997,3.814501903200764,0.2788023063523644,0.0076512230088106,0.0217147544777063,0.0150218315139471,3.814501903200764,0.0217147544777063,0.0056926841377338,1.18652411882883,0.8322264464314161,-0.0402686998226516,-0.0264699837441135,-0.0341254193237466,-0.0361272098878456,-0.0298364897840861,-0.0328148239644165,0.0402686998226516,0.0361272098878456,,0.0019281244369449,2.14464874186892,-0.0294588747683299,-0.0223202006480422,-0.0255102839376109,-0.0274519989100472,-0.0226002500507602,-0.0251459963984307,0.0294588747683299,0.0274519989100472,,0.0013164263167113,2.302296580583433,0.0990286187845639,0.1167359230997719,0.1095210056560097,0.099458111938585,0.1063441382986172,0.1028009600443589,0.1167359230997719,0.1063441382986172,0.9109804032450836,0.0047164390464859,1.965193560505044,-0.0010275282703189,15403.966085384118,7600.306400292795,10928.37643626402,15492.396518196678,13070.769357220215,15403.966085384118,15492.396518196678,1.005740757433663,3894.925613226143,2.109635959984881,-9.863808534368129e-07,7.858508692685956,3.554041445861004,4.3454288980922575,7.625869735440169,5.528386323322801,7.858508692685956,7.625869735440169,0.9703965515158992,1.7277823844901896,2.373944671514288,NOT_ASSIGNED__NO_RULE_FROZEN
195642,external,later,B,420,69,0.0054681771490997,3.814501903200764,0.0202575503750687,0.0089939103882528,0.724441457541101,0.0164558524747156,3.814501903200764,0.724441457541101,0.1899177077178069,1.0733811181939108,0.6142499731985424,-0.0402686998226516,-0.0264699837441135,-0.0338835043199505,-0.03693705667893,-0.0262023918548149,-0.0331766699008316,0.0402686998226516,0.03693705667893,,0.0019825827746571,3.776541575616229,-0.0294588747683299,-0.0223202006480422,-0.0254860880130804,-0.027787897046236,-0.0222370216768887,-0.0250135176941507,0.0294588747683299,0.027787897046236,,0.0012732386057594,2.5670757083872333,0.0988918331067306,0.1167359230997719,0.1045482288973261,0.1001032157621093,0.104964343812722,0.1025936432434459,0.1167359230997719,0.104964343812722,0.8991606099093515,0.0048762524431816,1.3494440975034467,-0.0010275282703189,15492.396518196678,10315.355493158477,13427.74251862033,15445.80875135349,15308.103090675457,15492.396518196678,15445.80875135349,0.9969928624800904,4466.499269717892,1.3446962625956738,-9.863808534368129e-07,7.858508692685956,4.405596007046691,5.425476188529757,6.721138212698345,6.628876780163669,7.858508692685956,6.721138212698345,0.8552689162199208,1.8145485317795051,1.3667013402302906,NOT_ASSIGNED__NO_RULE_FROZEN
195642,external,later,C,560,70,0.0054681771490997,3.814501903200764,0.0212511200486285,0.0196533708190582,0.909125155013324,0.2378224307857124,3.814501903200764,0.909125155013324,0.2383339104511845,0.9657431165264716,0.5206324543858357,-0.0402686998226516,-0.0262023918548149,-0.0336832359434107,-0.0406298018206154,-0.0288767113966963,-0.0331505275151581,0.0402686998226516,0.0406298018206154,,0.0020095877892737,3.5247699297824666,-0.0294588747683299,-0.0222370216768887,-0.025386056977427,-0.0284100003473102,-0.0225498705469771,-0.0251442740395081,0.0294588747683299,0.0284100003473102,,0.0012531558091978,2.374882605636964,0.0988918331067306,0.1167359230997719,0.1037059257030079,0.0991161596509451,0.1046385895383472,0.1021904070839995,0.1167359230997719,0.1046385895383472,0.8963700869432855,0.0046503974641191,1.4010668996086335,-0.0010275282703189,15492.396518196678,12941.095980695029,11867.53768437849,15466.640847788973,15306.437073528768,15492.396518196678,15466.640847788973,0.9983375283238164,4534.303008854826,1.032106911021158,-9.863808534368129e-07,7.858508692685956,5.312436192545261,3.921650069994692,6.722931147024493,6.624522857013631,7.858508692685956,6.722931147024493,0.8554970682009471,1.82940211059172,1.0713582396233614,NOT_ASSIGNED__NO_RULE_FROZEN
195645,external,later,A,279,70,0.0098333005755759,5.105377700894009,1.6894199689326082,2.964512122875757,4.632596408888042,3.780322458146548,5.105377700894009,4.632596408888042,0.9073954328740108,1.4937539844807814,1.860899074771901,-0.0407250291457007,-0.0286575502001193,-0.0356887282153801,-0.039342697852321,-0.0281065837061338,-0.0349346553488706,0.0407250291457007,0.039342697852321,,0.001733927855643,4.286333965248558,-0.0296560394175903,-0.021921671819255,-0.0253850171223037,-0.0280586707979131,-0.0221872218968783,-0.0250100248106212,0.0296560394175903,0.0280586707979131,,0.0013096624680136,2.4643256348853213,0.1143548243173679,0.1315767848544574,0.1247435968585377,0.114184251871743,0.1197143265083386,0.1173091168280498,0.1315767848544574,0.1197143265083386,0.9098438348433556,0.0050685798191729,1.8804558566653624,-1.9126098017631026e-06,13879.809003698603,6813.757219473184,9724.574840316,15493.675018529097,13406.47843806083,13879.809003698603,15493.675018529097,1.116274367637223,3476.5446205993258,2.5062735035686243,-1.8375065711645626e-09,8.136631634659569,3.7337290065129527,2.4101666174421448,8.033558885704423,5.549759002033843,8.136631634659569,8.033558885704423,0.9873322581649036,1.777284716540111,2.351723551162771,NOT_ASSIGNED__NO_RULE_FROZEN
195645,external,later,B,419,70,0.0098333005755759,5.105377700894009,3.178753412635905,3.440726574382021,6.008703479813485,4.59310997518514,5.105377700894009,6.008703479813485,1.1769361312408468,1.579474599261297,2.193052525203326,-0.0407250291457007,-0.0281065837061338,-0.0354869015737473,-0.0379861540979102,-0.0272320271482017,-0.0347386090652926,0.0407250291457007,0.0379861540979102,,0.0017894261697893,4.514175012042775,-0.0296560394175903,-0.021921671819255,-0.02524965904378,-0.0276910601197659,-0.0217659588870474,-0.0249805345197202,0.0296560394175903,0.0276910601197659,,0.0012790568979347,2.7238640850375413,0.114184251871743,0.1315767848544574,0.1188781725590703,0.1132140213068255,0.1195833590078727,0.1167935333922417,0.1315767848544574,0.1195833590078727,0.9088484654808132,0.0051953124045265,1.6012354188899005,-1.9126098017631026e-06,15493.675018529097,9464.324243351142,13426.246895540186,15482.224692247592,15311.86383248808,15493.675018529097,15482.224692247592,0.9992609677001866,4390.234387114762,1.4541494645952924,-1.8375065711645626e-09,8.136631634659569,4.437595847537888,5.428947341380518,6.736374562248654,6.618151240104107,8.136631634659569,6.736374562248654,0.8279070338583049,1.7719608523660504,1.292222465894316,NOT_ASSIGNED__NO_RULE_FROZEN
195645,external,later,C,559,70,0.0098333005755759,6.008703479813485,3.641119727842458,5.982699803407634,5.99525865953657,5.989829294915274,6.008703479813485,5.99525865953657,0.9977624423767818,1.9036165472093955,1.4302723662485093,-0.0407250291457007,-0.0272320271482017,-0.0350943441238732,-0.0368515728987647,-0.0312955468513688,-0.0340385827591849,0.0407250291457007,0.0368515728987647,,0.0017871156814663,2.108075346742574,-0.0296560394175903,-0.0217607917515912,-0.0251864357283302,-0.0273359659543719,-0.0228133272551432,-0.0252034542229337,0.0296560394175903,0.0273359659543719,,0.001245951932873,1.9088947892376975,0.1132140213068255,0.1315767848544574,0.1180571231468644,0.1148014858969599,0.1183921361392824,0.1166123537517951,0.1315767848544574,0.1183921361392824,0.8997950228852374,0.0049858596736499,1.1109817552355772,-1.9126098017631026e-06,15493.675018529097,12365.30300946609,11669.225115622005,15470.795900421012,15265.2877534764,15493.675018529097,15470.795900421012,0.9985233252872076,4539.870753951198,1.0933190776682573,-1.8375065711645626e-09,8.136631634659569,5.456432583586137,3.758892217097243,6.718826625583282,6.599692608223752,8.136631634659569,6.718826625583282,0.8257503752490318,1.7737070455331905,1.0137741339645667,NOT_ASSIGNED__NO_RULE_FROZEN
195648,external,later,A,268,68,0.0103392667101814,5.929566799195948,2.22635027842044,4.496439906324454,5.503304187757145,5.100847631466892,5.929566799195948,5.503304187757145,0.9281123519012208,1.7865183744443212,1.8632240878737087,-0.0412697219826797,-0.0311003902312331,-0.0371364226307387,-0.0387521365164956,-0.0321589115695652,-0.0360419421058882,0.0412697219826797,0.0387521365164956,,0.0016829467613204,2.864375541393993,-0.0293842688814293,-0.0224241840466579,-0.0255314996483675,-0.0276250357555081,-0.0226107338427248,-0.0254401902399768,0.0293842688814293,0.0276250357555081,,0.0012231249290405,2.4184518686364447,0.1358102085872884,0.1523226700887368,0.1450596529050829,0.1357420547184123,0.1397325995568863,0.1378627318003167,0.1523226700887368,0.1397325995568863,0.9173460488546056,0.0049158874813432,1.7421139417970195,-9.633403944050078e-05,11004.367442847531,5856.436512722911,7130.75667311329,11955.524269340362,10455.500813930676,11004.367442847531,11955.524269340362,1.0864344844383629,2739.866131930361,2.212426995774981,-9.250700072352913e-08,8.43804082449621,3.875986269227328,1.4290145061515038,5.144118196132628,3.884063817515019,8.43804082449621,5.144118196132628,0.6096341915292588,1.6791297958715918,1.4307012297734627,NOT_ASSIGNED__NO_RULE_FROZEN
195648,external,later,B,403,67,0.0103392667101814,5.929566799195948,3.373676593956683,4.498322128803572,5.99416991853902,5.393010422015862,5.929566799195948,5.99416991853902,1.0108950824791842,1.9715735023075964,1.4630811601768747,-0.0412697219826797,-0.0311003902312331,-0.0367467851313198,-0.0391823949845954,-0.0330494838940898,-0.0359741282401803,0.0412697219826797,0.0391823949845954,,0.0016411813631141,2.2274584478808044,-0.0293842688814293,-0.0224241840466579,-0.0254827885793189,-0.0277912455266153,-0.0227930067385515,-0.0250623560264519,0.0293842688814293,0.0277912455266153,,0.0011724032597518,2.285631039391955,0.1352441612816305,0.1523226700887368,0.1393934174310165,0.1348901850415945,0.1395453148253543,0.1373154876031462,0.1523226700887368,0.1395453148253543,0.9161165225377224,0.0051536839825191,1.387919436776044,-9.633403944050078e-05,11972.10559434811,7644.053110547423,11778.495287226584,11982.943070804164,11878.985556703748,11972.10559434811,11982.943070804164,1.0009052272693928,3303.560501718879,1.347555101123997,-9.250700072352913e-08,8.43804082449621,3.898615012250704,3.890013334801473,4.036978153228536,3.949558108905834,8.43804082449621,4.036978153228536,0.4784260039971496,1.5385979105884828,0.2575118940315761,NOT_ASSIGNED__NO_RULE_FROZEN
195648,external,later,C,537,67,0.0103392667101814,5.999089103405464,4.767348709966205,5.280171844202699,5.995443628880189,5.95168069695277,5.999089103405464,5.995443628880189,0.9993923286581614,2.052202560997624,1.091691177017578,-0.0412697219826797,-0.0311003902312331,-0.0364614656839556,-0.0381068188262079,-0.0330601550624668,-0.035768411970123,0.0412697219826797,0.0381068188262079,,0.0016291277762201,2.107541652173557,-0.0293842688814293,-0.0224241840466579,-0.0254461157707122,-0.027227322740887,-0.0228577516634452,-0.0249764778720629,0.0293842688814293,0.027227322740887,,0.0011501652945361,2.2166338477805207,0.1348071347237858,0.1523226700887368,0.1383946314279013,0.1340169271838238,0.1390121337571023,0.1360610199700099,0.1523226700887368,0.1390121337571023,0.9126161829760449,0.0049860302474358,1.358638423193488,-9.633403944050078e-05,11983.287611718546,9319.314263603144,11790.131975619315,11991.190314151128,11887.865506234792,11983.287611718546,11991.190314151128,1.0006594769890071,3424.7127574343394,0.9856100631096856,-9.250700072352913e-08,8.43804082449621,3.938717436182413,3.90452732073929,4.052109260386034,3.95616684652534,8.43804082449621,4.052109260386034,0.4802192054608794,1.3403234100130117,0.246895274166739,NOT_ASSIGNED__NO_RULE_FROZEN
195649,external,later,A,284,71,0.000844019854723,7.199291340140124,0.1366035551587962,5.923511019180221,7.671057513471798,6.939458095464616,7.199291340140124,7.671057513471798,1.0655295293720524,2.1292152937989663,2.9713465068380254,-0.0430600494102261,-0.0295674527979923,-0.0374213108867307,-0.039046189495353,-0.0325477509291555,-0.0361725158998009,0.0430600494102261,0.039046189495353,,0.0018350670278934,2.6182876767887278,-0.0293989366941451,-0.0227646201798354,-0.0256008917246333,-0.0280890464697301,-0.0231088522740438,-0.0251232637926451,0.0293989366941451,0.0280890464697301,,0.0012878743507446,2.0453343515861957,0.1354937449991183,0.1541931797836192,0.1461842799701592,0.1369520220542854,0.1420196370137789,0.1393219791737003,0.1541931797836192,0.1420196370137789,0.9210500569031423,0.0049597346572438,1.6726292167695356,-1.9173081877515838e-06,14127.014563381948,5859.420404576948,9624.265442124126,15553.162752935445,13331.55591240031,14127.014563381948,15553.162752935445,1.1009518453566371,3437.778741853021,2.6335586217626674,-1.8405820029197355e-09,8.335837152010907,4.357655432084624,2.5684870772412367,8.010041609572385,5.606369341157774,8.335837152010907,8.010041609572385,0.9609162779337732,1.9336246843807616,1.9224888328291891,NOT_ASSIGNED__NO_RULE_FROZEN
195649,external,later,B,426,71,0.000844019854723,7.979538282942031,1.604872969043151,6.84268127120284,7.981857800722885,7.558169052521724,7.979538282942031,7.981857800722885,1.0002906832072993,3.319335478250253,1.4004944346741413,-0.0430600494102261,-0.0295674527979923,-0.0368128439325129,-0.0383516841768094,-0.0325558329066219,-0.0354868545451595,0.0430600494102261,0.0383516841768094,,0.0017938625995016,2.395019414252439,-0.0293989366941451,-0.0227646201798354,-0.0254323026399572,-0.028097700946651,-0.022560838274287,-0.0248388641629583,0.0293989366941451,0.028097700946651,,0.0012661998547182,2.3459434134381905,0.1354937449991183,0.1541931797836192,0.1410263641308919,0.1381174967321216,0.1418935965519587,0.1402647955432265,0.1541931797836192,0.1418935965519587,0.920232637728072,0.0048983765304424,1.068776689731879,-1.9173081877515838e-06,15584.757999046122,9385.67370844464,13571.964055498038,15605.202522117635,15406.657208393492,15584.757999046122,15605.202522117635,1.00131182807412,4507.660015603867,1.479520441279331,-1.8405820029197355e-09,8.335837152010907,4.886424564134185,5.583714418965343,6.870348103094643,6.731121544868,8.335837152010907,6.870348103094643,0.8241941364506221,1.810491717271302,1.1653875330608818,NOT_ASSIGNED__NO_RULE_FROZEN
195649,external,later,C,568,71,0.000844019854723,7.98209762188744,6.599984291295866,6.615734601821728,7.981003458675119,7.9156016209508415,7.98209762188744,7.981003458675119,0.9998629228475832,3.408822950947569,1.0546226725386585,-0.0430600494102261,-0.0295674527979923,-0.0364667055616825,-0.0382928746276272,-0.0321684709565643,-0.0356802043236329,0.0430600494102261,0.0382928746276272,,0.0017830665714932,2.456915046297634,-0.0293989366941451,-0.022560838274287,-0.0253411560339673,-0.0269759574560844,-0.0226660845465451,-0.0251306341085832,0.0293989366941451,0.0269759574560844,,0.0012564830389459,2.1867360488884016,0.1354937449991183,0.1541931797836192,0.1407562266279394,0.1382888877047171,0.1432782009828599,0.1405136750063477,0.1541931797836192,0.1432782009828599,0.9292123113611354,0.0044522544559057,0.974081211032835,-1.9173081877515838e-06,15605.202522117635,12426.20717610168,11821.53688748516,15624.04738250958,14407.670209923705,15605.202522117635,15624.04738250958,1.0012076011423263,4709.282116188416,1.1007624120799744,-1.8405820029197355e-09,8.335837152010907,5.650740477843476,3.932462099105353,6.876650955348546,6.0923930898952365,8.335837152010907,6.876650955348546,0.8249502515400805,1.746982203210062,0.9695823448262496,NOT_ASSIGNED__NO_RULE_FROZEN
195651,external,later,A,288,72,0.003504710370346,4.056532297872311,1.0482919027396047,1.8497157955705064,3.8025040930904623,3.019518838730633,4.056532297872311,3.8025040930904623,0.9373779903305371,1.4148615243960354,1.6555796533007516,-0.0449072578116435,-0.0321133880193538,-0.0387676033775226,-0.0422297415341925,-0.035039660557737,-0.0383655895897314,0.0449072578116435,0.0422297415341925,,0.0018562001189129,1.9413956549191385,-0.0299487357571673,-0.0227922687668129,-0.0265934737032845,-0.0287256916926735,-0.022979308945421,-0.026248092391298,0.0299487357571673,0.0287256916926735,,0.0013053294898736,2.790782385341916,0.1437107193531424,0.1618575222751805,0.1516783881134069,0.1459999263502218,0.1497850430139911,0.1477734827322242,0.1618575222751805,0.1497850430139911,0.9254129243331396,0.0046837882874166,1.348054396223457,62.85799056164229,11997.480214266316,5751.652840373959,9117.859932577294,11977.065325711452,10003.2561849076,11997.480214266316,11977.065325711452,0.9982984019818936,3028.615378244541,1.948599831326477,0.0603522565139988,9.680283354610337,4.534995890314503,7.033583969501319,9.661326640391426,8.387639617133644,9.680283354610337,9.661326640391426,0.9980417190773778,2.3923749464171715,2.026279976612438,NOT_ASSIGNED__NO_RULE_FROZEN
195651,external,later,B,432,72,0.003504710370346,4.056532297872311,2.0853556151674657,0.6571026035296009,3.0161035921066337,2.1173640542266616,4.056532297872311,3.0161035921066337,0.7435177069066129,1.333232528594493,0.9031378003864896,-0.0449072578116435,-0.0321133880193538,-0.038623848406449,-0.0411582168770727,-0.035690974919168,-0.0388635863046301,0.0449072578116435,0.0411582168770727,,0.0017916506722177,1.637415419789616,-0.0299487357571673,-0.0227922687668129,-0.0264628425385472,-0.0286797010574283,-0.0243058090881201,-0.0259493357518893,0.0299487357571673,0.0286797010574283,,0.0012886239896511,1.7081358536678162,0.1437107193531424,0.1618575222751805,0.1488686578188398,0.1444717888482781,0.1495038415313391,0.1470819256337178,0.1618575222751805,0.1495038415313391,0.9236755847353304,0.0043906238833879,1.44979396645922,62.85799056164229,11997.480214266316,8867.071442813449,10030.91772998484,11992.613067228443,11805.678940087246,11997.480214266316,11992.613067228443,0.9995943192277922,3284.3523815985823,1.3583612616870326,0.0603522565139988,9.680283354610337,6.944294499578584,8.410216607739368,9.672286837008151,9.509093742580347,9.680283354610337,9.672286837008151,0.9991739376514864,2.650248392423085,1.3815865012187227,NOT_ASSIGNED__NO_RULE_FROZEN
195651,external,later,C,576,72,0.003504710370346,4.056532297872311,2.210782011246621,0.8173860551496892,3.02778286169899,2.7380593103413107,4.056532297872311,3.02778286169899,0.7463968333956298,1.2118085571968722,0.9214976322651174,-0.0449072578116435,-0.0321133880193538,-0.0385960591034585,-0.0413173695080305,-0.0353562339769171,-0.0387113066317108,0.0449072578116435,0.0413173695080305,,0.0017038715740413,1.912117589616521,-0.0299487357571673,-0.0227922687668129,-0.0263914062532545,-0.0286983767149514,-0.0238860777953254,-0.0261935774459826,0.0299487357571673,0.0286983767149514,,0.0012522570401773,1.996102503144336,0.1437107193531424,0.1618575222751805,0.1482691810703598,0.1455879711501573,0.1495970742284787,0.1479361947666292,0.1618575222751805,0.1495970742284787,0.9242516018139868,0.0041154781479378,1.0670168084136584,62.85799056164229,12003.77943960826,9396.768877069557,7056.566253398842,11979.443605533224,10409.757580881258,12003.77943960826,11979.443605533224,0.9979726523469156,3304.2295707724747,1.0614899401264404,0.0603522565139988,9.680283354610337,7.246967153584418,6.068765607385909,9.6644124369207,8.654630994562812,9.680283354610337,9.6644124369207,0.9983604903794394,2.6928001025231496,1.0605225347129728,NOT_ASSIGNED__NO_RULE_FROZEN
195652,external,later,A,283,71,0.009772728202426,3.546388891315221,1.396997782245648,0.415451755560315,3.141068952640204,2.3493749623445925,3.546388891315221,3.141068952640204,0.8857091111277702,1.183430951070216,1.489342564227799,-0.0445137475847261,-0.0336595060150599,-0.0393721993502,-0.0439653941668916,-0.0327347547840502,-0.0391310837810212,0.0445137475847261,0.0439653941668916,,0.0018319512742596,3.518135439667464,-0.0301955159550507,-0.0233300232404651,-0.0269454234921744,-0.0290338510387405,-0.0242624934644657,-0.0264787200718248,0.0301955159550507,0.0290338510387405,,0.0012269180246349,2.156651086895245,0.1498616017389941,0.1659890605499238,0.1565998399967645,0.1501225270549698,0.1542804219804423,0.1520401884630867,0.1659890605499238,0.1542804219804423,0.9294613841979068,0.0045720154389222,1.579596194553756,-5.420908130552292e-12,14057.787567180609,5769.209538976005,9127.990248024644,13881.996381504292,11585.40346359208,14057.787567180609,13881.996381504292,0.9874951029928266,3296.01325687903,2.335550026821957,-5.307628364058096e-15,8.35102177555817,3.955614607195322,2.5974576235140225,6.227017373550297,3.96524483816482,8.35102177555817,6.227017373550297,0.7456593385704701,1.885274495473251,1.1747758125719672,NOT_ASSIGNED__NO_RULE_FROZEN
195652,external,later,B,425,71,0.009772728202426,3.546388891315221,1.3126919632471847,1.0900792410008553,4.023938910164603,2.3914918629131074,3.546388891315221,4.023938910164603,1.134658108144557,1.0710365761895235,2.3901337540326706,-0.0445137475847261,-0.0327347547840502,-0.0392695391808828,-0.045577649009259,-0.0352474320228278,-0.03905441570893,0.0445137475847261,0.045577649009259,,0.0019251827888754,3.31971315099586,-0.0301955159550507,-0.0233300232404651,-0.0268289001366644,-0.0295736188681296,-0.022425403139424,-0.0266629209843206,0.0301955159550507,0.0295736188681296,,0.0012061424227463,3.624341212399905,0.1491249514220698,0.1799652679164878,0.1548195382917038,0.1772946474479872,0.1838934869916806,0.1808627472611536,0.1799652679164878,0.1838934869916806,1.021827651083295,0.0064274790909728,4.161597615560515,-5.420908130552292e-12,14057.787567180609,8343.445480040158,8220.755774017623,11797.0939763994,11599.99070909806,14057.787567180609,11797.0939763994,0.839185676979567,3740.4005881660382,1.0385694944949089,-5.307628364058096e-15,8.35102177555817,4.110291788533983,5.104735075815097,7.826628027558671,6.246879460199058,8.35102177555817,7.826628027558671,0.9372060375253364,1.7479101370320664,2.0696934876394857,NOT_ASSIGNED__NO_RULE_FROZEN
195652,external,later,C,567,71,0.009772728202426,4.023938910164603,1.817021058034342,4.006043230819004,4.021224480092601,4.012117423947739,4.023938910164603,4.021224480092601,0.9993254296020389,1.3289483149997083,1.5767297332328547,-0.045577649009259,-0.0327347547840502,-0.0391310837810212,-0.0415338144959819,-0.0341834952298791,-0.0386332222619874,0.045577649009259,0.0415338144959819,,0.0018804536318822,2.625703340175743,-0.0301955159550507,-0.022425403139424,-0.0268228635293456,-0.0313300826333681,-0.0234279329941871,-0.0267991959758457,0.0301955159550507,0.0313300826333681,,0.0012055624182389,3.7908819684957535,0.1491249514220698,0.1869277522386497,0.1582853696587669,0.1810579104873229,0.1861040422773118,0.1836547984870815,0.1869277522386497,0.1861040422773118,0.995593431411478,0.0122276286458526,1.8558185250403751,-5.420908130552292e-12,14057.787567180609,9872.255907474037,9807.692075738029,11811.541892589576,11613.467484710593,14057.787567180609,11811.541892589576,0.8402134287592216,3544.624624868436,0.8776205605245292,-5.307628364058096e-15,8.35102177555817,5.108607197496991,5.133895130699052,6.392490228396046,6.242912244705331,8.35102177555817,6.392490228396046,0.7654740222454732,1.721712864004858,1.0097706801288069,NOT_ASSIGNED__NO_RULE_FROZEN
195659,external,later,A,152,38,0.012110307592724,4.4405692888847055,0.6424098866829138,0.010390156134563,0.0324946353267419,0.0190111182737671,4.4405692888847055,0.0324946353267419,0.0073176733010517,1.4922936110794924,0.8837559538991108,-0.0452845159441897,-0.0347539173842105,-0.0408208657998404,-0.0434625371561489,-0.0358069508552911,-0.0397345034221252,0.0452845159441897,0.0434625371561489,,0.0016149112425587,2.935036357756761,-0.0296757977790311,-0.0251556389202734,-0.0274078032578157,-0.0286922281561099,-0.0249397073675442,-0.0268202155628517,0.0296757977790311,0.0286922281561099,,0.0009635759750566,2.5732984010835955,0.1722904361751389,0.188832141323676,0.1847963373942009,0.1703298589540183,0.1792271336622159,0.1744508898759666,0.188832141323676,0.1792271336622159,0.9491346780578194,0.0046055128540119,2.661132527472327,823.2218542389018,13805.334017223598,5074.394251847132,7009.603737626832,13354.05839064402,10178.571601515763,13805.334017223598,13354.05839064402,0.9673115024948644,2841.875952365299,2.827404676734839,0.7909905487672623,9.285891564448246,3.6385961603521353,2.8111594263056734,8.314074648784567,5.662064522438072,9.285891564448246,8.314074648784567,0.8953447917285234,1.8405790447282544,2.456091910619711,NOT_ASSIGNED__NO_RULE_FROZEN
195659,external,later,B,228,38,0.010390156134563,4.4405692888847055,0.0254527290929121,0.0123693275117012,0.0239014559659462,0.017139656155106,4.4405692888847055,0.0239014559659462,0.0053825206659368,1.366243205296861,0.6439666086741677,-0.0452845159441897,-0.0347539173842105,-0.0404631199578231,-0.0434697020417556,-0.0366721541176232,-0.0394989414116935,0.0452845159441897,0.0434697020417556,,0.0016945906353822,2.099839501144137,-0.0296757977790311,-0.0249397073675442,-0.0272280649577014,-0.028686023175125,-0.0252394802546186,-0.0266786043817742,0.0296757977790311,0.028686023175125,,0.0009606918106736,2.097406714169211,0.1703298589540183,0.188832141323676,0.1785281565303532,0.1716461126042956,0.1778726367103369,0.1742374609609289,0.188832141323676,0.1778726367103369,0.9419616568635236,0.0055732435719466,1.4600858886145112,823.2218542389018,13805.334017223598,7369.1905317555265,11039.925376338162,13746.582557126652,11895.497831008695,13805.334017223598,13746.582557126652,0.9957442927477418,3628.915134382713,1.8107611865663145,0.7909905487672623,9.285891564448246,4.019341468180615,2.702345984117429,5.146349889388747,3.9843054945575673,9.285891564448246,5.146349889388747,0.554211715016353,1.7657506000671088,0.8136004182851961,NOT_ASSIGNED__NO_RULE_FROZEN
195659,external,later,C,304,38,0.0101826617142651,4.4405692888847055,0.0206051267025222,0.011011018440313,0.0232663506851278,0.0182082264551537,4.4405692888847055,0.0232663506851278,0.005239497274227,1.2423652009166026,0.5332263062404679,-0.0452845159441897,-0.0347539173842105,-0.040116758842631,-0.0424642640880056,-0.0368537316067956,-0.0396493926328659,0.0452845159441897,0.0424642640880056,,0.0017499965419119,1.838734953681435,-0.0296757977790311,-0.0249397073675442,-0.0271418935876972,-0.028942239162723,-0.0253696863697416,-0.026735315520721,0.0296757977790311,0.028942239162723,,0.0009444757337618,1.9032623186448203,0.1703298589540183,0.188832141323676,0.1761869793429086,0.1710348860271056,0.1776509639315586,0.1738597315878927,0.188832141323676,0.1776509639315586,0.9407877424164148,0.0054572711070822,1.3459324090922054,823.2218542389018,13805.334017223598,9550.027436694763,11875.756398566971,13759.944606553372,13624.960990132178,13805.334017223598,13759.944606553372,0.996712183087088,3946.414694811692,1.327827174049902,0.7909905487672623,9.285891564448246,4.043194968886885,3.952618626159964,5.141022440642189,5.047634264760341,9.285891564448246,5.141022440642189,0.5536380007198222,1.596915957000416,0.6186648394320753,NOT_ASSIGNED__NO_RULE_FROZEN
