package_path,original_path,size_bytes,sha256,modified_utc,category,paper_sections,run_id,status,redistributable,notes
01_MANUSCRIPT_SNAPSHOT/main_manuscript/SIR_paper_2026-09-02.pdf,D:\SIR_paper\draft\SIR_paper.pdf,2249526,94ccf533b841fe39a0468735eb2dbc31a80cceba70b094bcaa480a4029ea7b70,2026-09-02T15:45:33.564703+00:00,manuscript,all,,STALE_ONLY_MANUSCRIPT_ARTIFACT_IN_REPO,yes,"The ONLY manuscript artifact in the repository. Contains main text and Supplementary Notes S1-S8 in one PDF. Demonstrably stale on the q_rec branch: 16 occurrences of REL10, zero of 'cross-fitted' or '3451'. No TeX source, and no \releasepending placeholder, exists anywhere under D:\SIR_paper."
02_CONTROLLED_STUDIES/01_Lorenz_Generator_Containment/BENCHMARK_REPORT.md,D:\SIR_paper\Lorenz\benchmark\BENCHMARK_REPORT.md,9527,1bfc28ad7c97e60ab12d1f5848699553e79a709fb45cef54244e3432cc686645,2026-08-27T20:27:55.773981+00:00,controlled_study,"Results 1.3, 1.4; Supplement S6",SIR-LORENZ-BENCHMARK,CANONICAL,yes,"Lorenz fixed-representation containment benchmark: config, run manifest, results, SIR/pySINDy/MLP arms, audits, tables, tests, report."
02_CONTROLLED_STUDIES/01_Lorenz_Generator_Containment/README.md,D:\SIR_paper\Lorenz\benchmark\README.md,2865,eca5480334ee47773bdd954c15960245ee8c28adcc17224bf9b4d6e5d99881fa,2026-08-27T20:30:00.686774+00:00,controlled_study,"Results 1.3, 1.4; Supplement S6",SIR-LORENZ-BENCHMARK,CANONICAL,yes,"Lorenz fixed-representation containment benchmark: config, run manifest, results, SIR/pySINDy/MLP arms, audits, tables, tests, report."
02_CONTROLLED_STUDIES/01_Lorenz_Generator_Containment/SECTION_1_4_RESULTS.tex,D:\SIR_paper\Lorenz\benchmark\SECTION_1_4_RESULTS.tex,5144,c98410c53c2b5f24eda51fbb770193ee5f9a756a6266d8a2c9ec380972b7496f,2026-08-27T20:29:01.935991+00:00,controlled_study,"Results 1.3, 1.4; Supplement S6",SIR-LORENZ-BENCHMARK,CANONICAL,yes,"Lorenz fixed-representation containment benchmark: config, run manifest, results, SIR/pySINDy/MLP arms, audits, tables, tests, report."
02_CONTROLLED_STUDIES/01_Lorenz_Generator_Containment/audit/COORDINATE_AUDIT.md,D:\SIR_paper\Lorenz\benchmark\audit\COORDINATE_AUDIT.md,3132,7c517e4f560b63adf78b84b2007c5c0e4d42fec61782e33df1e55e6a7ec4b93b,2026-08-27T20:26:42.984989+00:00,controlled_study,"Results 1.3, 1.4; Supplement S6",SIR-LORENZ-BENCHMARK,CANONICAL,yes,"Lorenz fixed-representation containment benchmark: config, run manifest, results, SIR/pySINDy/MLP arms, audits, tables, tests, report."
02_CONTROLLED_STUDIES/01_Lorenz_Generator_Containment/audit/DATA_AUDIT.md,D:\SIR_paper\Lorenz\benchmark\audit\DATA_AUDIT.md,1619,80e0bf7bf819920aaf04721d87266818a785878658a4b9dd48af99368844b2c2,2026-08-27T20:25:55.850289+00:00,controlled_study,"Results 1.3, 1.4; Supplement S6",SIR-LORENZ-BENCHMARK,CANONICAL,yes,"Lorenz fixed-representation containment benchmark: config, run manifest, results, SIR/pySINDy/MLP arms, audits, tables, tests, report."
02_CONTROLLED_STUDIES/01_Lorenz_Generator_Containment/audit/FAIRNESS_AUDIT.md,D:\SIR_paper\Lorenz\benchmark\audit\FAIRNESS_AUDIT.md,2496,b43c52c8583997429bc1db9aa0d3f5a27c0b679f0b3c60df0fe2ba0c7e5babf0,2026-08-27T20:26:24.806352+00:00,controlled_study,"Results 1.3, 1.4; Supplement S6",SIR-LORENZ-BENCHMARK,CANONICAL,yes,"Lorenz fixed-representation containment benchmark: config, run manifest, results, SIR/pySINDy/MLP arms, audits, tables, tests, report."
02_CONTROLLED_STUDIES/01_Lorenz_Generator_Containment/audit/FINAL_REVIEWER_AUDIT.md,D:\SIR_paper\Lorenz\benchmark\audit\FINAL_REVIEWER_AUDIT.md,6839,ec62e50f1279086ee818762f287dc96b0766dc3b0c57cf09baecbc450d4fac49,2026-08-27T20:28:32.880328+00:00,controlled_study,"Results 1.3, 1.4; Supplement S6",SIR-LORENZ-BENCHMARK,CANONICAL,yes,"Lorenz fixed-representation containment benchmark: config, run manifest, results, SIR/pySINDy/MLP arms, audits, tables, tests, report."
02_CONTROLLED_STUDIES/01_Lorenz_Generator_Containment/audit/LEAKAGE_AUDIT.md,D:\SIR_paper\Lorenz\benchmark\audit\LEAKAGE_AUDIT.md,2746,92af60bf324e2b1d6327288ed8e76f19ef2c456fcf9ffb1ff661a5cd83080561,2026-08-27T20:26:11.137419+00:00,controlled_study,"Results 1.3, 1.4; Supplement S6",SIR-LORENZ-BENCHMARK,CANONICAL,yes,"Lorenz fixed-representation containment benchmark: config, run manifest, results, SIR/pySINDy/MLP arms, audits, tables, tests, report."
02_CONTROLLED_STUDIES/01_Lorenz_Generator_Containment/audit/REPRODUCIBILITY_AUDIT.md,D:\SIR_paper\Lorenz\benchmark\audit\REPRODUCIBILITY_AUDIT.md,3032,081001d7e95ca7370501213d44a6cc3ebb09b667eab71c723b0ca64a996312d8,2026-08-27T20:27:02.038070+00:00,controlled_study,"Results 1.3, 1.4; Supplement S6",SIR-LORENZ-BENCHMARK,CANONICAL,yes,"Lorenz fixed-representation containment benchmark: config, run manifest, results, SIR/pySINDy/MLP arms, audits, tables, tests, report."
02_CONTROLLED_STUDIES/01_Lorenz_Generator_Containment/audit/SIR_MCP_CAPABILITY_AUDIT.md,D:\SIR_paper\Lorenz\benchmark\audit\SIR_MCP_CAPABILITY_AUDIT.md,6423,82678d3055de45fa2a6aef56f905743a40e2ef6d18545a634dcc671e9bea50bb,2026-08-27T20:15:44.112953+00:00,controlled_study,"Results 1.3, 1.4; Supplement S6",SIR-LORENZ-BENCHMARK,CANONICAL,yes,"Lorenz fixed-representation containment benchmark: config, run manifest, results, SIR/pySINDy/MLP arms, audits, tables, tests, report."
02_CONTROLLED_STUDIES/01_Lorenz_Generator_Containment/benchmark_config.yaml,D:\SIR_paper\Lorenz\benchmark\benchmark_config.yaml,3013,328827607a10b7fb7659619b9844b90ce8a6f09f191f9a5a61d56d9771c74ae4,2026-08-27T19:44:27.418751+00:00,controlled_study,"Results 1.3, 1.4; Supplement S6",SIR-LORENZ-BENCHMARK,CANONICAL,yes,"Lorenz fixed-representation containment benchmark: config, run manifest, results, SIR/pySINDy/MLP arms, audits, tables, tests, report."
02_CONTROLLED_STUDIES/01_Lorenz_Generator_Containment/benchmark_results.json,D:\SIR_paper\Lorenz\benchmark\benchmark_results.json,4928,e132527bb449fdc35610e8a3a8f1fcec4739e62be758e52f502513a9700491b6,2026-08-27T20:02:36.980653+00:00,controlled_study,"Results 1.3, 1.4; Supplement S6",SIR-LORENZ-BENCHMARK,CANONICAL,yes,"Lorenz fixed-representation containment benchmark: config, run manifest, results, SIR/pySINDy/MLP arms, audits, tables, tests, report."
02_CONTROLLED_STUDIES/01_Lorenz_Generator_Containment/benchmark_run_manifest.json,D:\SIR_paper\Lorenz\benchmark\benchmark_run_manifest.json,2826,afe3afd6a36670a573856610a93e3ca48e39d6f0a33fb6df0071f62696fc3105,2026-08-27T20:30:01.350242+00:00,controlled_study,"Results 1.3, 1.4; Supplement S6",SIR-LORENZ-BENCHMARK,CANONICAL,yes,"Lorenz fixed-representation containment benchmark: config, run manifest, results, SIR/pySINDy/MLP arms, audits, tables, tests, report."
02_CONTROLLED_STUDIES/01_Lorenz_Generator_Containment/figures/sir_nested_model_benchmark.pdf,D:\SIR_paper\Lorenz\benchmark\figures\sir_nested_model_benchmark.pdf,50255,f92eddc017b1b7b0794509470d0d85cee9a5a19dcb47d3343ce1c4a5086b54af,2026-08-27T20:23:43.802076+00:00,controlled_study,"Results 1.3, 1.4; Supplement S6",SIR-LORENZ-BENCHMARK,CANONICAL,yes,"Lorenz fixed-representation containment benchmark: config, run manifest, results, SIR/pySINDy/MLP arms, audits, tables, tests, report."
02_CONTROLLED_STUDIES/01_Lorenz_Generator_Containment/figures/sir_nested_model_benchmark.png,D:\SIR_paper\Lorenz\benchmark\figures\sir_nested_model_benchmark.png,432233,9d0b49a5632c92a8bd41440f3eacc3cfcfb7fda79ac0616a5fd051a163ebfed3,2026-08-27T20:23:43.375632+00:00,controlled_study,"Results 1.3, 1.4; Supplement S6",SIR-LORENZ-BENCHMARK,CANONICAL,yes,"Lorenz fixed-representation containment benchmark: config, run manifest, results, SIR/pySINDy/MLP arms, audits, tables, tests, report."
02_CONTROLLED_STUDIES/01_Lorenz_Generator_Containment/figures/sir_nested_model_benchmark.svg,D:\SIR_paper\Lorenz\benchmark\figures\sir_nested_model_benchmark.svg,68186,1714938abc8eaca8088a56b447b77c82a7ab734a211091b9f9abf6e3ff4cbbf7,2026-08-27T20:23:44.031521+00:00,controlled_study,"Results 1.3, 1.4; Supplement S6",SIR-LORENZ-BENCHMARK,CANONICAL,yes,"Lorenz fixed-representation containment benchmark: config, run manifest, results, SIR/pySINDy/MLP arms, audits, tables, tests, report."
02_CONTROLLED_STUDIES/01_Lorenz_Generator_Containment/logs/pytest_final.txt,D:\SIR_paper\Lorenz\benchmark\logs\pytest_final.txt,101,b56f7b628a689c85d3ddf2c0894e578d6457850f763fb7bcda9878f5a9d5b23a,2026-08-27T20:33:16.830993+00:00,controlled_study,"Results 1.3, 1.4; Supplement S6",SIR-LORENZ-BENCHMARK,CANONICAL,yes,"Lorenz fixed-representation containment benchmark: config, run manifest, results, SIR/pySINDy/MLP arms, audits, tables, tests, report."
02_CONTROLLED_STUDIES/01_Lorenz_Generator_Containment/pysindy/containment/containment_pysindy.json,D:\SIR_paper\Lorenz\benchmark\pysindy\containment\containment_pysindy.json,2331,085f4997d263b4af11ef75ba22fd7a119352f9e06aa68ff41ea97f5da8079797,2026-08-27T19:54:44.435772+00:00,controlled_study,"Results 1.3, 1.4; Supplement S6",SIR-LORENZ-BENCHMARK,CANONICAL,yes,"Lorenz fixed-representation containment benchmark: config, run manifest, results, SIR/pySINDy/MLP arms, audits, tables, tests, report."
02_CONTROLLED_STUDIES/01_Lorenz_Generator_Containment/scripts/features.py,D:\SIR_paper\Lorenz\benchmark\scripts\features.py,12549,5b7f3692fbc6ae824c60cb26c24956550b1a57558d932bdafdadeb8e3069c239,2026-08-27T20:16:56.351638+00:00,controlled_study,"Results 1.3, 1.4; Supplement S6",SIR-LORENZ-BENCHMARK,CANONICAL,yes,"Lorenz fixed-representation containment benchmark: config, run manifest, results, SIR/pySINDy/MLP arms, audits, tables, tests, report."
02_CONTROLLED_STUDIES/01_Lorenz_Generator_Containment/scripts/make_dataset.py,D:\SIR_paper\Lorenz\benchmark\scripts\make_dataset.py,6292,3356c7a2cc114524ff91ca2f4e7f967bcbe42ac9132eaf5a649a5c1fe138b098,2026-08-27T19:44:08.907947+00:00,controlled_study,"Results 1.3, 1.4; Supplement S6",SIR-LORENZ-BENCHMARK,CANONICAL,yes,"Lorenz fixed-representation containment benchmark: config, run manifest, results, SIR/pySINDy/MLP arms, audits, tables, tests, report."
02_CONTROLLED_STUDIES/01_Lorenz_Generator_Containment/scripts/make_figure.py,D:\SIR_paper\Lorenz\benchmark\scripts\make_figure.py,9207,191cd780f7be1ea1d5e699d00e326e55dbd78b4aca3b5d2c2959859153ca6d35,2026-08-27T20:23:41.828899+00:00,controlled_study,"Results 1.3, 1.4; Supplement S6",SIR-LORENZ-BENCHMARK,CANONICAL,yes,"Lorenz fixed-representation containment benchmark: config, run manifest, results, SIR/pySINDy/MLP arms, audits, tables, tests, report."
02_CONTROLLED_STUDIES/01_Lorenz_Generator_Containment/scripts/make_tables.py,D:\SIR_paper\Lorenz\benchmark\scripts\make_tables.py,2586,66f46a1c21774440c206dddc6cf51f7fbd7db28d0810676a7b9fb0cd4a243f83,2026-08-27T20:24:24.580513+00:00,controlled_study,"Results 1.3, 1.4; Supplement S6",SIR-LORENZ-BENCHMARK,CANONICAL,yes,"Lorenz fixed-representation containment benchmark: config, run manifest, results, SIR/pySINDy/MLP arms, audits, tables, tests, report."
02_CONTROLLED_STUDIES/01_Lorenz_Generator_Containment/scripts/run_ablations.py,D:\SIR_paper\Lorenz\benchmark\scripts\run_ablations.py,7251,4ee01cce9f350a3da25474eb1b00df5f960395254b62e824091d8d70217a8587,2026-08-27T20:05:02.248007+00:00,controlled_study,"Results 1.3, 1.4; Supplement S6",SIR-LORENZ-BENCHMARK,CANONICAL,yes,"Lorenz fixed-representation containment benchmark: config, run manifest, results, SIR/pySINDy/MLP arms, audits, tables, tests, report."
02_CONTROLLED_STUDIES/01_Lorenz_Generator_Containment/scripts/run_benchmark.py,D:\SIR_paper\Lorenz\benchmark\scripts\run_benchmark.py,14821,1374333c2f8a9deda15e0d471b0d9627dea144b009af4796000a121871f64e10,2026-08-27T19:59:17.882613+00:00,controlled_study,"Results 1.3, 1.4; Supplement S6",SIR-LORENZ-BENCHMARK,CANONICAL,yes,"Lorenz fixed-representation containment benchmark: config, run manifest, results, SIR/pySINDy/MLP arms, audits, tables, tests, report."
02_CONTROLLED_STUDIES/01_Lorenz_Generator_Containment/scripts/run_containment.py,D:\SIR_paper\Lorenz\benchmark\scripts\run_containment.py,8421,0a884d0a4cecc128267e6191c262fb027536e630d0857858703bf58d2f786c2e,2026-08-27T19:54:39.300696+00:00,controlled_study,"Results 1.3, 1.4; Supplement S6",SIR-LORENZ-BENCHMARK,CANONICAL,yes,"Lorenz fixed-representation containment benchmark: config, run manifest, results, SIR/pySINDy/MLP arms, audits, tables, tests, report."
02_CONTROLLED_STUDIES/01_Lorenz_Generator_Containment/shared/data/containment.parquet,D:\SIR_paper\Lorenz\benchmark\shared\data\containment.parquet,2638856,26de71778eb56795ba84fc8a14b19264b39897b06cc715f4d860ab7f69282854,2026-08-27T19:48:46.586921+00:00,controlled_study,"Results 1.3, 1.4; Supplement S6",SIR-LORENZ-BENCHMARK,CANONICAL,yes,"Lorenz fixed-representation containment benchmark: config, run manifest, results, SIR/pySINDy/MLP arms, audits, tables, tests, report."
02_CONTROLLED_STUDIES/01_Lorenz_Generator_Containment/shared/data/ensemble/traj_000.parquet,D:\SIR_paper\Lorenz\benchmark\shared\data\ensemble\traj_000.parquet,154698,24efda1dcdaba6f14bfa737346195ecd105e235261d9b70d22371334705ac99d,2026-08-27T19:48:49.058039+00:00,controlled_study,"Results 1.3, 1.4; Supplement S6",SIR-LORENZ-BENCHMARK,CANONICAL,yes,"Lorenz fixed-representation containment benchmark: config, run manifest, results, SIR/pySINDy/MLP arms, audits, tables, tests, report."
02_CONTROLLED_STUDIES/01_Lorenz_Generator_Containment/shared/data/ensemble/traj_001.parquet,D:\SIR_paper\Lorenz\benchmark\shared\data\ensemble\traj_001.parquet,154698,6a96916e6d5e1e0aadf0a4a2577bda55d997fc284ea3525f32191be0a0fe4b3a,2026-08-27T19:48:49.143799+00:00,controlled_study,"Results 1.3, 1.4; Supplement S6",SIR-LORENZ-BENCHMARK,CANONICAL,yes,"Lorenz fixed-representation containment benchmark: config, run manifest, results, SIR/pySINDy/MLP arms, audits, tables, tests, report."
02_CONTROLLED_STUDIES/01_Lorenz_Generator_Containment/shared/data/ensemble/traj_002.parquet,D:\SIR_paper\Lorenz\benchmark\shared\data\ensemble\traj_002.parquet,154698,347ba0ccd8bc4299c3b8adca90a33ee95ea81b6e2f90bb909ebae703843e081e,2026-08-27T19:48:49.228406+00:00,controlled_study,"Results 1.3, 1.4; Supplement S6",SIR-LORENZ-BENCHMARK,CANONICAL,yes,"Lorenz fixed-representation containment benchmark: config, run manifest, results, SIR/pySINDy/MLP arms, audits, tables, tests, report."
02_CONTROLLED_STUDIES/01_Lorenz_Generator_Containment/shared/data/ensemble/traj_003.parquet,D:\SIR_paper\Lorenz\benchmark\shared\data\ensemble\traj_003.parquet,154698,2c9a89a2c86285e8d2ad96ee3e006536c498811178558bc9a6c1371f7f13fdd0,2026-08-27T19:48:49.311563+00:00,controlled_study,"Results 1.3, 1.4; Supplement S6",SIR-LORENZ-BENCHMARK,CANONICAL,yes,"Lorenz fixed-representation containment benchmark: config, run manifest, results, SIR/pySINDy/MLP arms, audits, tables, tests, report."
02_CONTROLLED_STUDIES/01_Lorenz_Generator_Containment/shared/data/ensemble/traj_004.parquet,D:\SIR_paper\Lorenz\benchmark\shared\data\ensemble\traj_004.parquet,154698,56d6951de6db531c8ec283e5c6a37cb3d2fa09c19a2c4f4a7ae1920d23081eed,2026-08-27T19:48:49.392722+00:00,controlled_study,"Results 1.3, 1.4; Supplement S6",SIR-LORENZ-BENCHMARK,CANONICAL,yes,"Lorenz fixed-representation containment benchmark: config, run manifest, results, SIR/pySINDy/MLP arms, audits, tables, tests, report."
02_CONTROLLED_STUDIES/01_Lorenz_Generator_Containment/shared/data/ensemble/traj_005.parquet,D:\SIR_paper\Lorenz\benchmark\shared\data\ensemble\traj_005.parquet,154698,17f5327fd048644c02dab8d7e14c08627e61867a4fbf4153b9cce547eef536c8,2026-08-27T19:48:49.474354+00:00,controlled_study,"Results 1.3, 1.4; Supplement S6",SIR-LORENZ-BENCHMARK,CANONICAL,yes,"Lorenz fixed-representation containment benchmark: config, run manifest, results, SIR/pySINDy/MLP arms, audits, tables, tests, report."
02_CONTROLLED_STUDIES/01_Lorenz_Generator_Containment/shared/data/ensemble/traj_006.parquet,D:\SIR_paper\Lorenz\benchmark\shared\data\ensemble\traj_006.parquet,154698,7be3c73cf6fecd98f020da958365207e87892549aa840ae8b6a25a34a11f26d6,2026-08-27T19:48:49.560230+00:00,controlled_study,"Results 1.3, 1.4; Supplement S6",SIR-LORENZ-BENCHMARK,CANONICAL,yes,"Lorenz fixed-representation containment benchmark: config, run manifest, results, SIR/pySINDy/MLP arms, audits, tables, tests, report."
02_CONTROLLED_STUDIES/01_Lorenz_Generator_Containment/shared/data/ensemble/traj_007.parquet,D:\SIR_paper\Lorenz\benchmark\shared\data\ensemble\traj_007.parquet,154698,f2bef98f19510de8ba0a183c95d49ad86bdafafcfba30163bde6672a11530629,2026-08-27T19:48:49.642966+00:00,controlled_study,"Results 1.3, 1.4; Supplement S6",SIR-LORENZ-BENCHMARK,CANONICAL,yes,"Lorenz fixed-representation containment benchmark: config, run manifest, results, SIR/pySINDy/MLP arms, audits, tables, tests, report."
02_CONTROLLED_STUDIES/01_Lorenz_Generator_Containment/shared/data/ensemble/traj_008.parquet,D:\SIR_paper\Lorenz\benchmark\shared\data\ensemble\traj_008.parquet,154698,717e41aa5fdadc20544294cd6275d1a12b2f9f4291b7ac7151532ba2a89e68a9,2026-08-27T19:48:49.723734+00:00,controlled_study,"Results 1.3, 1.4; Supplement S6",SIR-LORENZ-BENCHMARK,CANONICAL,yes,"Lorenz fixed-representation containment benchmark: config, run manifest, results, SIR/pySINDy/MLP arms, audits, tables, tests, report."
02_CONTROLLED_STUDIES/01_Lorenz_Generator_Containment/shared/data/ensemble/traj_009.parquet,D:\SIR_paper\Lorenz\benchmark\shared\data\ensemble\traj_009.parquet,154698,78021eabebaa191aa6e031c09a29cc1aad554610f30c0a1d3dc29905ab39c014,2026-08-27T19:48:49.807209+00:00,controlled_study,"Results 1.3, 1.4; Supplement S6",SIR-LORENZ-BENCHMARK,CANONICAL,yes,"Lorenz fixed-representation containment benchmark: config, run manifest, results, SIR/pySINDy/MLP arms, audits, tables, tests, report."
02_CONTROLLED_STUDIES/01_Lorenz_Generator_Containment/shared/data/ensemble/traj_010.parquet,D:\SIR_paper\Lorenz\benchmark\shared\data\ensemble\traj_010.parquet,154698,a69d20fd66cb837020b19d6dd60665f573dd4927054f52549dd92568f637ab62,2026-08-27T19:48:49.891020+00:00,controlled_study,"Results 1.3, 1.4; Supplement S6",SIR-LORENZ-BENCHMARK,CANONICAL,yes,"Lorenz fixed-representation containment benchmark: config, run manifest, results, SIR/pySINDy/MLP arms, audits, tables, tests, report."
02_CONTROLLED_STUDIES/01_Lorenz_Generator_Containment/shared/data/ensemble/traj_011.parquet,D:\SIR_paper\Lorenz\benchmark\shared\data\ensemble\traj_011.parquet,154698,ac876c9830bf575f2efd9f7203509a5a05348e0160713702b0cce07720be2392,2026-08-27T19:48:49.975025+00:00,controlled_study,"Results 1.3, 1.4; Supplement S6",SIR-LORENZ-BENCHMARK,CANONICAL,yes,"Lorenz fixed-representation containment benchmark: config, run manifest, results, SIR/pySINDy/MLP arms, audits, tables, tests, report."
02_CONTROLLED_STUDIES/01_Lorenz_Generator_Containment/shared/data/ensemble/traj_012.parquet,D:\SIR_paper\Lorenz\benchmark\shared\data\ensemble\traj_012.parquet,154698,391a20629053fe4a37f9fef245b2f712a49408dd6a5d272aaa22a80f6dfc8da4,2026-08-27T19:48:50.058150+00:00,controlled_study,"Results 1.3, 1.4; Supplement S6",SIR-LORENZ-BENCHMARK,CANONICAL,yes,"Lorenz fixed-representation containment benchmark: config, run manifest, results, SIR/pySINDy/MLP arms, audits, tables, tests, report."
02_CONTROLLED_STUDIES/01_Lorenz_Generator_Containment/shared/data/ensemble/traj_013.parquet,D:\SIR_paper\Lorenz\benchmark\shared\data\ensemble\traj_013.parquet,154698,36396d79836bccc08be84e9731f9ffc6a44cf7f3d80432adb413551e10bcb919,2026-08-27T19:48:50.143077+00:00,controlled_study,"Results 1.3, 1.4; Supplement S6",SIR-LORENZ-BENCHMARK,CANONICAL,yes,"Lorenz fixed-representation containment benchmark: config, run manifest, results, SIR/pySINDy/MLP arms, audits, tables, tests, report."
02_CONTROLLED_STUDIES/01_Lorenz_Generator_Containment/shared/data/ensemble/traj_014.parquet,D:\SIR_paper\Lorenz\benchmark\shared\data\ensemble\traj_014.parquet,154698,dcac4c656dbb4fab7024179b10cff850104d8290d6311f22c14f77da3e0dc72f,2026-08-27T19:48:50.225445+00:00,controlled_study,"Results 1.3, 1.4; Supplement S6",SIR-LORENZ-BENCHMARK,CANONICAL,yes,"Lorenz fixed-representation containment benchmark: config, run manifest, results, SIR/pySINDy/MLP arms, audits, tables, tests, report."
02_CONTROLLED_STUDIES/01_Lorenz_Generator_Containment/shared/data/ensemble/traj_015.parquet,D:\SIR_paper\Lorenz\benchmark\shared\data\ensemble\traj_015.parquet,154698,48038185cae4abe825978212fa868f87a223a2c6c682ad894e8cfccc850c077a,2026-08-27T19:48:50.308640+00:00,controlled_study,"Results 1.3, 1.4; Supplement S6",SIR-LORENZ-BENCHMARK,CANONICAL,yes,"Lorenz fixed-representation containment benchmark: config, run manifest, results, SIR/pySINDy/MLP arms, audits, tables, tests, report."
02_CONTROLLED_STUDIES/01_Lorenz_Generator_Containment/shared/data/ensemble/traj_016.parquet,D:\SIR_paper\Lorenz\benchmark\shared\data\ensemble\traj_016.parquet,154698,4b9d946962a5f3c6421b84d27e75b2ac37c9c9f6892e70db282bcf2a77dfe95a,2026-08-27T19:48:50.394939+00:00,controlled_study,"Results 1.3, 1.4; Supplement S6",SIR-LORENZ-BENCHMARK,CANONICAL,yes,"Lorenz fixed-representation containment benchmark: config, run manifest, results, SIR/pySINDy/MLP arms, audits, tables, tests, report."
02_CONTROLLED_STUDIES/01_Lorenz_Generator_Containment/shared/data/ensemble/traj_017.parquet,D:\SIR_paper\Lorenz\benchmark\shared\data\ensemble\traj_017.parquet,154698,75592a78cffb25f9b5289a8362f5ad8ab92607b596e9de729854d5a248741d9a,2026-08-27T19:48:50.476252+00:00,controlled_study,"Results 1.3, 1.4; Supplement S6",SIR-LORENZ-BENCHMARK,CANONICAL,yes,"Lorenz fixed-representation containment benchmark: config, run manifest, results, SIR/pySINDy/MLP arms, audits, tables, tests, report."
02_CONTROLLED_STUDIES/01_Lorenz_Generator_Containment/shared/data/ensemble/traj_018.parquet,D:\SIR_paper\Lorenz\benchmark\shared\data\ensemble\traj_018.parquet,154698,d4e611176ac564001336114951449baae86438ed2125c446b04c308837a7c72a,2026-08-27T19:48:50.561434+00:00,controlled_study,"Results 1.3, 1.4; Supplement S6",SIR-LORENZ-BENCHMARK,CANONICAL,yes,"Lorenz fixed-representation containment benchmark: config, run manifest, results, SIR/pySINDy/MLP arms, audits, tables, tests, report."
02_CONTROLLED_STUDIES/01_Lorenz_Generator_Containment/shared/data/ensemble/traj_019.parquet,D:\SIR_paper\Lorenz\benchmark\shared\data\ensemble\traj_019.parquet,154698,1d06d54ffed5edc0f09659c82efafe52e6214a5eb13301d100b7a2310aa6ab71,2026-08-27T19:48:50.645900+00:00,controlled_study,"Results 1.3, 1.4; Supplement S6",SIR-LORENZ-BENCHMARK,CANONICAL,yes,"Lorenz fixed-representation containment benchmark: config, run manifest, results, SIR/pySINDy/MLP arms, audits, tables, tests, report."
02_CONTROLLED_STUDIES/01_Lorenz_Generator_Containment/shared/data/ensemble/traj_020.parquet,D:\SIR_paper\Lorenz\benchmark\shared\data\ensemble\traj_020.parquet,154698,bee47ed32c944adda57a76b2889ea65a92aa94245d7ebc0fe61b480d3745a48a,2026-08-27T19:48:50.729212+00:00,controlled_study,"Results 1.3, 1.4; Supplement S6",SIR-LORENZ-BENCHMARK,CANONICAL,yes,"Lorenz fixed-representation containment benchmark: config, run manifest, results, SIR/pySINDy/MLP arms, audits, tables, tests, report."
02_CONTROLLED_STUDIES/01_Lorenz_Generator_Containment/shared/data/ensemble/traj_021.parquet,D:\SIR_paper\Lorenz\benchmark\shared\data\ensemble\traj_021.parquet,154698,7b794be7b42d1b2e2012851907b8d362f288043273985d4e8a8deeebd51c9515,2026-08-27T19:48:50.808723+00:00,controlled_study,"Results 1.3, 1.4; Supplement S6",SIR-LORENZ-BENCHMARK,CANONICAL,yes,"Lorenz fixed-representation containment benchmark: config, run manifest, results, SIR/pySINDy/MLP arms, audits, tables, tests, report."
02_CONTROLLED_STUDIES/01_Lorenz_Generator_Containment/shared/data/ensemble/traj_022.parquet,D:\SIR_paper\Lorenz\benchmark\shared\data\ensemble\traj_022.parquet,154698,b7d53d5bbe7d297ac5707347486ce3732a112ce74a3bc0d24fc9b49e6da95da6,2026-08-27T19:48:50.882315+00:00,controlled_study,"Results 1.3, 1.4; Supplement S6",SIR-LORENZ-BENCHMARK,CANONICAL,yes,"Lorenz fixed-representation containment benchmark: config, run manifest, results, SIR/pySINDy/MLP arms, audits, tables, tests, report."
02_CONTROLLED_STUDIES/01_Lorenz_Generator_Containment/shared/data/ensemble/traj_023.parquet,D:\SIR_paper\Lorenz\benchmark\shared\data\ensemble\traj_023.parquet,154698,06b49415af00ed19e91395a062fa0c03fc01a488ddf1fb124d4a38b15b79f55a,2026-08-27T19:48:50.956941+00:00,controlled_study,"Results 1.3, 1.4; Supplement S6",SIR-LORENZ-BENCHMARK,CANONICAL,yes,"Lorenz fixed-representation containment benchmark: config, run manifest, results, SIR/pySINDy/MLP arms, audits, tables, tests, report."
02_CONTROLLED_STUDIES/01_Lorenz_Generator_Containment/shared/data/ensemble/traj_024.parquet,D:\SIR_paper\Lorenz\benchmark\shared\data\ensemble\traj_024.parquet,154698,9687ad2297623b9e53aad6b1b9667daf9ae3003a7dfe9f7436acda7187e5627f,2026-08-27T19:48:51.039482+00:00,controlled_study,"Results 1.3, 1.4; Supplement S6",SIR-LORENZ-BENCHMARK,CANONICAL,yes,"Lorenz fixed-representation containment benchmark: config, run manifest, results, SIR/pySINDy/MLP arms, audits, tables, tests, report."
02_CONTROLLED_STUDIES/01_Lorenz_Generator_Containment/shared/data/ensemble/traj_025.parquet,D:\SIR_paper\Lorenz\benchmark\shared\data\ensemble\traj_025.parquet,154698,c09d497351e71a647905fff07d26fff0789f03a3491001bdade0bed327e03b02,2026-08-27T19:48:51.123418+00:00,controlled_study,"Results 1.3, 1.4; Supplement S6",SIR-LORENZ-BENCHMARK,CANONICAL,yes,"Lorenz fixed-representation containment benchmark: config, run manifest, results, SIR/pySINDy/MLP arms, audits, tables, tests, report."
02_CONTROLLED_STUDIES/01_Lorenz_Generator_Containment/shared/data/ensemble/traj_026.parquet,D:\SIR_paper\Lorenz\benchmark\shared\data\ensemble\traj_026.parquet,154698,c86e9a4483f07ee3447945fbe36fa26f1267cf0dedcfc931157442ef9821e2d3,2026-08-27T19:48:51.203717+00:00,controlled_study,"Results 1.3, 1.4; Supplement S6",SIR-LORENZ-BENCHMARK,CANONICAL,yes,"Lorenz fixed-representation containment benchmark: config, run manifest, results, SIR/pySINDy/MLP arms, audits, tables, tests, report."
02_CONTROLLED_STUDIES/01_Lorenz_Generator_Containment/shared/data/ensemble/traj_027.parquet,D:\SIR_paper\Lorenz\benchmark\shared\data\ensemble\traj_027.parquet,154698,51d71656cef400add71b3dd3fe57cc1c1ae22c07b3693bd2d59a0fe8f7e65124,2026-08-27T19:48:51.284090+00:00,controlled_study,"Results 1.3, 1.4; Supplement S6",SIR-LORENZ-BENCHMARK,CANONICAL,yes,"Lorenz fixed-representation containment benchmark: config, run manifest, results, SIR/pySINDy/MLP arms, audits, tables, tests, report."
02_CONTROLLED_STUDIES/01_Lorenz_Generator_Containment/shared/data/ensemble/traj_028.parquet,D:\SIR_paper\Lorenz\benchmark\shared\data\ensemble\traj_028.parquet,154698,dc958aa67e287f711e51f59f5a71c7fdc613f659b7c623d1eea670517459903b,2026-08-27T19:48:51.365181+00:00,controlled_study,"Results 1.3, 1.4; Supplement S6",SIR-LORENZ-BENCHMARK,CANONICAL,yes,"Lorenz fixed-representation containment benchmark: config, run manifest, results, SIR/pySINDy/MLP arms, audits, tables, tests, report."
02_CONTROLLED_STUDIES/01_Lorenz_Generator_Containment/shared/data/ensemble/traj_029.parquet,D:\SIR_paper\Lorenz\benchmark\shared\data\ensemble\traj_029.parquet,154698,c86d4ed690c6c2bb8d7382d0f4cfe78257120d5716c50b998affce4285523e06,2026-08-27T19:48:51.460891+00:00,controlled_study,"Results 1.3, 1.4; Supplement S6",SIR-LORENZ-BENCHMARK,CANONICAL,yes,"Lorenz fixed-representation containment benchmark: config, run manifest, results, SIR/pySINDy/MLP arms, audits, tables, tests, report."
02_CONTROLLED_STUDIES/01_Lorenz_Generator_Containment/shared/data/ensemble/traj_030.parquet,D:\SIR_paper\Lorenz\benchmark\shared\data\ensemble\traj_030.parquet,154698,90e393688073760cc6a9d3a5aa882df1589caa2de79fe69bb84ca0f08ed3d443,2026-08-27T19:48:51.542298+00:00,controlled_study,"Results 1.3, 1.4; Supplement S6",SIR-LORENZ-BENCHMARK,CANONICAL,yes,"Lorenz fixed-representation containment benchmark: config, run manifest, results, SIR/pySINDy/MLP arms, audits, tables, tests, report."
02_CONTROLLED_STUDIES/01_Lorenz_Generator_Containment/shared/data/ensemble/traj_031.parquet,D:\SIR_paper\Lorenz\benchmark\shared\data\ensemble\traj_031.parquet,154698,4dc72106344feacd8beb22a3a0b20198d9031702e40bbfdbfd8b664bd4772f85,2026-08-27T19:48:51.627607+00:00,controlled_study,"Results 1.3, 1.4; Supplement S6",SIR-LORENZ-BENCHMARK,CANONICAL,yes,"Lorenz fixed-representation containment benchmark: config, run manifest, results, SIR/pySINDy/MLP arms, audits, tables, tests, report."
02_CONTROLLED_STUDIES/01_Lorenz_Generator_Containment/shared/data/ensemble/traj_032.parquet,D:\SIR_paper\Lorenz\benchmark\shared\data\ensemble\traj_032.parquet,154698,260999114525560a6d8b06f0ebfd3cdf77019074a50510537621509ece08b32c,2026-08-27T19:48:51.710371+00:00,controlled_study,"Results 1.3, 1.4; Supplement S6",SIR-LORENZ-BENCHMARK,CANONICAL,yes,"Lorenz fixed-representation containment benchmark: config, run manifest, results, SIR/pySINDy/MLP arms, audits, tables, tests, report."
02_CONTROLLED_STUDIES/01_Lorenz_Generator_Containment/shared/data/ensemble/traj_033.parquet,D:\SIR_paper\Lorenz\benchmark\shared\data\ensemble\traj_033.parquet,154698,438291f623478d2a1d204e5cb81a1075e6b51630345f224afc8b198988c67072,2026-08-27T19:48:51.795451+00:00,controlled_study,"Results 1.3, 1.4; Supplement S6",SIR-LORENZ-BENCHMARK,CANONICAL,yes,"Lorenz fixed-representation containment benchmark: config, run manifest, results, SIR/pySINDy/MLP arms, audits, tables, tests, report."
02_CONTROLLED_STUDIES/01_Lorenz_Generator_Containment/shared/data/ensemble/traj_034.parquet,D:\SIR_paper\Lorenz\benchmark\shared\data\ensemble\traj_034.parquet,154698,ad8a564f3160a75cbfa60e46082d0e3e8e936d7997b3b913a2dfd9be92319fd3,2026-08-27T19:48:51.878734+00:00,controlled_study,"Results 1.3, 1.4; Supplement S6",SIR-LORENZ-BENCHMARK,CANONICAL,yes,"Lorenz fixed-representation containment benchmark: config, run manifest, results, SIR/pySINDy/MLP arms, audits, tables, tests, report."
02_CONTROLLED_STUDIES/01_Lorenz_Generator_Containment/shared/data/ensemble/traj_035.parquet,D:\SIR_paper\Lorenz\benchmark\shared\data\ensemble\traj_035.parquet,154698,1714c688b51927ef798c552a8b9c00417bc88b70bb44d456f0e9cd817b6d2728,2026-08-27T19:48:51.961284+00:00,controlled_study,"Results 1.3, 1.4; Supplement S6",SIR-LORENZ-BENCHMARK,CANONICAL,yes,"Lorenz fixed-representation containment benchmark: config, run manifest, results, SIR/pySINDy/MLP arms, audits, tables, tests, report."
02_CONTROLLED_STUDIES/01_Lorenz_Generator_Containment/shared/data/ensemble/traj_036.parquet,D:\SIR_paper\Lorenz\benchmark\shared\data\ensemble\traj_036.parquet,154698,851d02f94749828432c80e61222322d8ff54b5b36006233c4cc09a22511e8367,2026-08-27T19:48:52.042666+00:00,controlled_study,"Results 1.3, 1.4; Supplement S6",SIR-LORENZ-BENCHMARK,CANONICAL,yes,"Lorenz fixed-representation containment benchmark: config, run manifest, results, SIR/pySINDy/MLP arms, audits, tables, tests, report."
02_CONTROLLED_STUDIES/01_Lorenz_Generator_Containment/shared/data/ensemble/traj_037.parquet,D:\SIR_paper\Lorenz\benchmark\shared\data\ensemble\traj_037.parquet,154698,bdec664c9a59926a233d72590926a2f4849721fd62fda5a194ea3fa31bac68cb,2026-08-27T19:48:52.123828+00:00,controlled_study,"Results 1.3, 1.4; Supplement S6",SIR-LORENZ-BENCHMARK,CANONICAL,yes,"Lorenz fixed-representation containment benchmark: config, run manifest, results, SIR/pySINDy/MLP arms, audits, tables, tests, report."
02_CONTROLLED_STUDIES/01_Lorenz_Generator_Containment/shared/data/ensemble/traj_038.parquet,D:\SIR_paper\Lorenz\benchmark\shared\data\ensemble\traj_038.parquet,154698,20055ca0bce0149285a07e9aea4eba759966565260b9d493e50b58aebbd98b71,2026-08-27T19:48:52.204006+00:00,controlled_study,"Results 1.3, 1.4; Supplement S6",SIR-LORENZ-BENCHMARK,CANONICAL,yes,"Lorenz fixed-representation containment benchmark: config, run manifest, results, SIR/pySINDy/MLP arms, audits, tables, tests, report."
02_CONTROLLED_STUDIES/01_Lorenz_Generator_Containment/shared/data/ensemble/traj_039.parquet,D:\SIR_paper\Lorenz\benchmark\shared\data\ensemble\traj_039.parquet,154698,181cf08afef7684aeb56d7df94b23ee79b4a9af3f4edb9b46fd98587dee442c5,2026-08-27T19:48:52.286671+00:00,controlled_study,"Results 1.3, 1.4; Supplement S6",SIR-LORENZ-BENCHMARK,CANONICAL,yes,"Lorenz fixed-representation containment benchmark: config, run manifest, results, SIR/pySINDy/MLP arms, audits, tables, tests, report."
02_CONTROLLED_STUDIES/01_Lorenz_Generator_Containment/shared/data/ensemble/traj_040.parquet,D:\SIR_paper\Lorenz\benchmark\shared\data\ensemble\traj_040.parquet,154698,75915bacb18590b78c2248a848113253322d78451442beab432520a947f54fb7,2026-08-27T19:48:52.369862+00:00,controlled_study,"Results 1.3, 1.4; Supplement S6",SIR-LORENZ-BENCHMARK,CANONICAL,yes,"Lorenz fixed-representation containment benchmark: config, run manifest, results, SIR/pySINDy/MLP arms, audits, tables, tests, report."
02_CONTROLLED_STUDIES/01_Lorenz_Generator_Containment/shared/data/ensemble/traj_041.parquet,D:\SIR_paper\Lorenz\benchmark\shared\data\ensemble\traj_041.parquet,154698,f92e03e1c6a2d63ec7e480a27fcf7c4737c1fc38966f737aaadcea233047c827,2026-08-27T19:48:52.451092+00:00,controlled_study,"Results 1.3, 1.4; Supplement S6",SIR-LORENZ-BENCHMARK,CANONICAL,yes,"Lorenz fixed-representation containment benchmark: config, run manifest, results, SIR/pySINDy/MLP arms, audits, tables, tests, report."
02_CONTROLLED_STUDIES/01_Lorenz_Generator_Containment/shared/data/ensemble/traj_042.parquet,D:\SIR_paper\Lorenz\benchmark\shared\data\ensemble\traj_042.parquet,154698,abcf4877ee2929055c7f58774463ba25b9b0af8f3cae5d1e85e3fdca24c78ed1,2026-08-27T19:48:52.533507+00:00,controlled_study,"Results 1.3, 1.4; Supplement S6",SIR-LORENZ-BENCHMARK,CANONICAL,yes,"Lorenz fixed-representation containment benchmark: config, run manifest, results, SIR/pySINDy/MLP arms, audits, tables, tests, report."
02_CONTROLLED_STUDIES/01_Lorenz_Generator_Containment/shared/data/ensemble/traj_043.parquet,D:\SIR_paper\Lorenz\benchmark\shared\data\ensemble\traj_043.parquet,154698,6ee6672902b1ac750cabf8dad785bf0414eadde24d72b330b9fc195d433dad16,2026-08-27T19:48:52.615759+00:00,controlled_study,"Results 1.3, 1.4; Supplement S6",SIR-LORENZ-BENCHMARK,CANONICAL,yes,"Lorenz fixed-representation containment benchmark: config, run manifest, results, SIR/pySINDy/MLP arms, audits, tables, tests, report."
02_CONTROLLED_STUDIES/01_Lorenz_Generator_Containment/shared/data/ensemble/traj_044.parquet,D:\SIR_paper\Lorenz\benchmark\shared\data\ensemble\traj_044.parquet,154698,b01c6c5198c29cc89ba80a5fa5891e6b7f569ced5e04ce0fb750ecfa40383648,2026-08-27T19:48:52.697651+00:00,controlled_study,"Results 1.3, 1.4; Supplement S6",SIR-LORENZ-BENCHMARK,CANONICAL,yes,"Lorenz fixed-representation containment benchmark: config, run manifest, results, SIR/pySINDy/MLP arms, audits, tables, tests, report."
02_CONTROLLED_STUDIES/01_Lorenz_Generator_Containment/shared/data/ensemble/traj_045.parquet,D:\SIR_paper\Lorenz\benchmark\shared\data\ensemble\traj_045.parquet,154698,209e0e72edc19ea09b6dcb82289a8860cfecbd0b7889b4dea7bbe57f6d529c08,2026-08-27T19:48:52.779109+00:00,controlled_study,"Results 1.3, 1.4; Supplement S6",SIR-LORENZ-BENCHMARK,CANONICAL,yes,"Lorenz fixed-representation containment benchmark: config, run manifest, results, SIR/pySINDy/MLP arms, audits, tables, tests, report."
02_CONTROLLED_STUDIES/01_Lorenz_Generator_Containment/shared/data/ensemble/traj_046.parquet,D:\SIR_paper\Lorenz\benchmark\shared\data\ensemble\traj_046.parquet,154698,ebe7ff95c0e52575c52bde872c56db97a6a87bac1aebe0bd0573bc0e11f3488f,2026-08-27T19:48:52.862457+00:00,controlled_study,"Results 1.3, 1.4; Supplement S6",SIR-LORENZ-BENCHMARK,CANONICAL,yes,"Lorenz fixed-representation containment benchmark: config, run manifest, results, SIR/pySINDy/MLP arms, audits, tables, tests, report."
02_CONTROLLED_STUDIES/01_Lorenz_Generator_Containment/shared/data/ensemble/traj_047.parquet,D:\SIR_paper\Lorenz\benchmark\shared\data\ensemble\traj_047.parquet,154698,973a1a482f696328dadd54f558c095f2440f28eb6b97db17f2cb3d5c71ab6e3d,2026-08-27T19:48:52.944089+00:00,controlled_study,"Results 1.3, 1.4; Supplement S6",SIR-LORENZ-BENCHMARK,CANONICAL,yes,"Lorenz fixed-representation containment benchmark: config, run manifest, results, SIR/pySINDy/MLP arms, audits, tables, tests, report."
02_CONTROLLED_STUDIES/01_Lorenz_Generator_Containment/shared/manifests/environment_freeze.txt,D:\SIR_paper\Lorenz\benchmark\shared\manifests\environment_freeze.txt,539,9cd7ca9f716b722eb14f420f18e01be60b162521c67f958eac6261f8f7f969c1,2026-08-27T19:42:12.976293+00:00,controlled_study,"Results 1.3, 1.4; Supplement S6",SIR-LORENZ-BENCHMARK,CANONICAL,yes,"Lorenz fixed-representation containment benchmark: config, run manifest, results, SIR/pySINDy/MLP arms, audits, tables, tests, report."
02_CONTROLLED_STUDIES/01_Lorenz_Generator_Containment/shared/manifests/source_lineage.json,D:\SIR_paper\Lorenz\benchmark\shared\manifests\source_lineage.json,21811,8374fc29c4701d9eadf05daee3e4337395e4dc2110299ed72d8fddfd0892a126,2026-08-27T19:48:52.951557+00:00,controlled_study,"Results 1.3, 1.4; Supplement S6",SIR-LORENZ-BENCHMARK,CANONICAL,yes,"Lorenz fixed-representation containment benchmark: config, run manifest, results, SIR/pySINDy/MLP arms, audits, tables, tests, report."
02_CONTROLLED_STUDIES/01_Lorenz_Generator_Containment/shared/splits/test.txt,D:\SIR_paper\Lorenz\benchmark\shared\splits\test.txt,80,f881568c04a09fa7b4ef76caeb30e99a17c62392000b529a01063edd0d392262,2026-08-27T19:48:52.951047+00:00,controlled_study,"Results 1.3, 1.4; Supplement S6",SIR-LORENZ-BENCHMARK,CANONICAL,yes,"Lorenz fixed-representation containment benchmark: config, run manifest, results, SIR/pySINDy/MLP arms, audits, tables, tests, report."
02_CONTROLLED_STUDIES/01_Lorenz_Generator_Containment/shared/splits/train.txt,D:\SIR_paper\Lorenz\benchmark\shared\splits\train.txt,320,38fb4aecdebbd117cced0e3a8338c24e33d45335c53e4f59bd8904da41eb630f,2026-08-27T19:48:52.950545+00:00,controlled_study,"Results 1.3, 1.4; Supplement S6",SIR-LORENZ-BENCHMARK,CANONICAL,yes,"Lorenz fixed-representation containment benchmark: config, run manifest, results, SIR/pySINDy/MLP arms, audits, tables, tests, report."
02_CONTROLLED_STUDIES/01_Lorenz_Generator_Containment/shared/splits/validation.txt,D:\SIR_paper\Lorenz\benchmark\shared\splits\validation.txt,80,b8f871b5fc366bc9d1413f9b64b3f5631586034545f65d032dbb0226b8fc54d8,2026-08-27T19:48:52.951047+00:00,controlled_study,"Results 1.3, 1.4; Supplement S6",SIR-LORENZ-BENCHMARK,CANONICAL,yes,"Lorenz fixed-representation containment benchmark: config, run manifest, results, SIR/pySINDy/MLP arms, audits, tables, tests, report."
02_CONTROLLED_STUDIES/01_Lorenz_Generator_Containment/sir/containment/containment_full.json,D:\SIR_paper\Lorenz\benchmark\sir\containment\containment_full.json,5992,7b2aa2621791c68adfa9ccadfb016ec16721d3c9c22429080cead8496fffeb81,2026-08-27T19:54:44.438643+00:00,controlled_study,"Results 1.3, 1.4; Supplement S6",SIR-LORENZ-BENCHMARK,CANONICAL,yes,"Lorenz fixed-representation containment benchmark: config, run manifest, results, SIR/pySINDy/MLP arms, audits, tables, tests, report."
02_CONTROLLED_STUDIES/01_Lorenz_Generator_Containment/sir/containment/containment_restricted_sir.json,D:\SIR_paper\Lorenz\benchmark\sir\containment\containment_restricted_sir.json,2311,0759a660b0d67b7c04eb7819bd41a16ad5593762c6273eb664e91c9aeb6953fd,2026-08-27T19:54:44.435772+00:00,controlled_study,"Results 1.3, 1.4; Supplement S6",SIR-LORENZ-BENCHMARK,CANONICAL,yes,"Lorenz fixed-representation containment benchmark: config, run manifest, results, SIR/pySINDy/MLP arms, audits, tables, tests, report."
02_CONTROLLED_STUDIES/01_Lorenz_Generator_Containment/sir/frozen_selection/FROZEN_REPRESENTATION.json,D:\SIR_paper\Lorenz\benchmark\sir\frozen_selection\FROZEN_REPRESENTATION.json,4462,ad460fc84702b7480159635d3fc34a63ee144ed3981b3d485c7c1263516462fc,2026-08-27T19:59:36.998091+00:00,controlled_study,"Results 1.3, 1.4; Supplement S6",SIR-LORENZ-BENCHMARK,CANONICAL,yes,"Lorenz fixed-representation containment benchmark: config, run manifest, results, SIR/pySINDy/MLP arms, audits, tables, tests, report."
02_CONTROLLED_STUDIES/01_Lorenz_Generator_Containment/tables/ablation_results.csv,D:\SIR_paper\Lorenz\benchmark\tables\ablation_results.csv,5136,0b9ed74223818f92953787da3c7d38e20d24932baf73f34ef3772889263cceea,2026-08-27T20:18:14.478007+00:00,controlled_study,"Results 1.3, 1.4; Supplement S6",SIR-LORENZ-BENCHMARK,CANONICAL,yes,"Lorenz fixed-representation containment benchmark: config, run manifest, results, SIR/pySINDy/MLP arms, audits, tables, tests, report."
02_CONTROLLED_STUDIES/01_Lorenz_Generator_Containment/tables/benchmark_results.csv,D:\SIR_paper\Lorenz\benchmark\tables\benchmark_results.csv,1737,52165fa97578c5d2898e3a3b1d6b351862315b1cc4130fcdf76691c5d673d79d,2026-08-27T20:02:36.976597+00:00,controlled_study,"Results 1.3, 1.4; Supplement S6",SIR-LORENZ-BENCHMARK,CANONICAL,yes,"Lorenz fixed-representation containment benchmark: config, run manifest, results, SIR/pySINDy/MLP arms, audits, tables, tests, report."
02_CONTROLLED_STUDIES/01_Lorenz_Generator_Containment/tables/benchmark_summary.csv,D:\SIR_paper\Lorenz\benchmark\tables\benchmark_summary.csv,955,ecf0acdc39b077483b9b5f739ea4c7a36ea48226718a6e7972d884f263550f09,2026-08-27T20:30:01.288696+00:00,controlled_study,"Results 1.3, 1.4; Supplement S6",SIR-LORENZ-BENCHMARK,CANONICAL,yes,"Lorenz fixed-representation containment benchmark: config, run manifest, results, SIR/pySINDy/MLP arms, audits, tables, tests, report."
02_CONTROLLED_STUDIES/01_Lorenz_Generator_Containment/tables/benchmark_summary.tex,D:\SIR_paper\Lorenz\benchmark\tables\benchmark_summary.tex,606,16cee833b24005e4ede6212c260ed936b98cdacc92f63d1de8c258696b35fa56,2026-08-27T20:30:01.289702+00:00,controlled_study,"Results 1.3, 1.4; Supplement S6",SIR-LORENZ-BENCHMARK,CANONICAL,yes,"Lorenz fixed-representation containment benchmark: config, run manifest, results, SIR/pySINDy/MLP arms, audits, tables, tests, report."
02_CONTROLLED_STUDIES/01_Lorenz_Generator_Containment/tables/per_trajectory_results.csv,D:\SIR_paper\Lorenz\benchmark\tables\per_trajectory_results.csv,14159,75cf713a2df24be8c888f50f9329430607c8e05947447ea088e074d1872628dc,2026-08-27T20:02:36.979131+00:00,controlled_study,"Results 1.3, 1.4; Supplement S6",SIR-LORENZ-BENCHMARK,CANONICAL,yes,"Lorenz fixed-representation containment benchmark: config, run manifest, results, SIR/pySINDy/MLP arms, audits, tables, tests, report."
02_CONTROLLED_STUDIES/01_Lorenz_Generator_Containment/tables/selected_coordinates.csv,D:\SIR_paper\Lorenz\benchmark\tables\selected_coordinates.csv,901,38a360fee59a7385a1f941a91634afd5125d77b9b555199b456e7876e8428b5b,2026-08-27T20:02:36.980130+00:00,controlled_study,"Results 1.3, 1.4; Supplement S6",SIR-LORENZ-BENCHMARK,CANONICAL,yes,"Lorenz fixed-representation containment benchmark: config, run manifest, results, SIR/pySINDy/MLP arms, audits, tables, tests, report."
02_CONTROLLED_STUDIES/01_Lorenz_Generator_Containment/tables/support_comparison.csv,D:\SIR_paper\Lorenz\benchmark\tables\support_comparison.csv,712,59f0b5d666cf6bb147ec782fc84e7f256997149d920fb611a42d9658d40b2920,2026-08-27T19:54:44.438139+00:00,controlled_study,"Results 1.3, 1.4; Supplement S6",SIR-LORENZ-BENCHMARK,CANONICAL,yes,"Lorenz fixed-representation containment benchmark: config, run manifest, results, SIR/pySINDy/MLP arms, audits, tables, tests, report."
02_CONTROLLED_STUDIES/01_Lorenz_Generator_Containment/tests/test_benchmark.py,D:\SIR_paper\Lorenz\benchmark\tests\test_benchmark.py,12758,85f2c18ee500177ebc8b1bc85022e7e81819f8343727596848fcec13b2c860c4,2026-08-27T20:16:40.402972+00:00,controlled_study,"Results 1.3, 1.4; Supplement S6",SIR-LORENZ-BENCHMARK,CANONICAL,yes,"Lorenz fixed-representation containment benchmark: config, run manifest, results, SIR/pySINDy/MLP arms, audits, tables, tests, report."
02_CONTROLLED_STUDIES/02_Lorenz_Representation_Discovery/FIGURE_6_CAPTION.tex,D:\SIR_paper\Lorenz\task_conditioning_benchmark\FIGURE_6_CAPTION.tex,2190,81d6bee50829025f30ede46956d5af7415eb11d00d0e5cb1fa2ac4f3ccf78447,2026-08-28T03:35:39.442862+00:00,controlled_study,"Results 1.3, 1.4; Supplement S6",SIR-LORENZ-TASK-CONDITIONING,CANONICAL,yes,"Partially observed Lorenz representation discovery and task conditioning: contracts, preconfirmation freeze, benchmark results, audits, report."
02_CONTROLLED_STUDIES/02_Lorenz_Representation_Discovery/PRECONFIRMATION_FREEZE.json,D:\SIR_paper\Lorenz\task_conditioning_benchmark\PRECONFIRMATION_FREEZE.json,1643,0549e149f25114e690cd5991150f9630f19f062cf972ef874f724e5d45a037ff,2026-08-28T03:32:08.831123+00:00,controlled_study,"Results 1.3, 1.4; Supplement S6",SIR-LORENZ-TASK-CONDITIONING,CANONICAL,yes,"Partially observed Lorenz representation discovery and task conditioning: contracts, preconfirmation freeze, benchmark results, audits, report."
02_CONTROLLED_STUDIES/02_Lorenz_Representation_Discovery/README.md,D:\SIR_paper\Lorenz\task_conditioning_benchmark\README.md,3297,b0ba90214cb4bc24d19412d6a5bf5435ccaab9bbb978bbc9aa3282708f248640,2026-08-27T23:46:39.410392+00:00,controlled_study,"Results 1.3, 1.4; Supplement S6",SIR-LORENZ-TASK-CONDITIONING,CANONICAL,yes,"Partially observed Lorenz representation discovery and task conditioning: contracts, preconfirmation freeze, benchmark results, audits, report."
02_CONTROLLED_STUDIES/02_Lorenz_Representation_Discovery/SECTION_1_4_TASK_CONDITIONING_RESULTS.tex,D:\SIR_paper\Lorenz\task_conditioning_benchmark\SECTION_1_4_TASK_CONDITIONING_RESULTS.tex,3168,f540339101aa175dbdd208b5ee1f2640a99c7b455ca150bd11a3d9ee48e5f2d2,2026-08-28T04:18:28.054634+00:00,controlled_study,"Results 1.3, 1.4; Supplement S6",SIR-LORENZ-TASK-CONDITIONING,CANONICAL,yes,"Partially observed Lorenz representation discovery and task conditioning: contracts, preconfirmation freeze, benchmark results, audits, report."
02_CONTROLLED_STUDIES/02_Lorenz_Representation_Discovery/SUPPLEMENTARY_TASK_CONDITIONING_NOTE.tex,D:\SIR_paper\Lorenz\task_conditioning_benchmark\SUPPLEMENTARY_TASK_CONDITIONING_NOTE.tex,4296,69f84e4d9a7b70b21590175b1cf48b5a74b36f6cdca9ba509715c0e5a65cc76b,2026-08-28T04:18:53.126684+00:00,controlled_study,"Results 1.3, 1.4; Supplement S6",SIR-LORENZ-TASK-CONDITIONING,CANONICAL,yes,"Partially observed Lorenz representation discovery and task conditioning: contracts, preconfirmation freeze, benchmark results, audits, report."
02_CONTROLLED_STUDIES/02_Lorenz_Representation_Discovery/TASK_CONDITIONING_BENCHMARK_REPORT.md,D:\SIR_paper\Lorenz\task_conditioning_benchmark\TASK_CONDITIONING_BENCHMARK_REPORT.md,10959,2ddbcb1a5d90d46eeecc6291efeb914efd199eaf5949e1eb97bf93d621640c67,2026-08-28T04:16:10.025899+00:00,controlled_study,"Results 1.3, 1.4; Supplement S6",SIR-LORENZ-TASK-CONDITIONING,CANONICAL,yes,"Partially observed Lorenz representation discovery and task conditioning: contracts, preconfirmation freeze, benchmark results, audits, report."
02_CONTROLLED_STUDIES/02_Lorenz_Representation_Discovery/audit/CONFIRMATION_INTEGRITY_AUDIT.md,D:\SIR_paper\Lorenz\task_conditioning_benchmark\audit\CONFIRMATION_INTEGRITY_AUDIT.md,2314,4739747bc2c043622f53bce3e71abc643f6180fe1e4b0319feedb34777f1044f,2026-08-28T04:17:05.218928+00:00,controlled_study,"Results 1.3, 1.4; Supplement S6",SIR-LORENZ-TASK-CONDITIONING,CANONICAL,yes,"Partially observed Lorenz representation discovery and task conditioning: contracts, preconfirmation freeze, benchmark results, audits, report."
02_CONTROLLED_STUDIES/02_Lorenz_Representation_Discovery/audit/EQUIVALENCE_RULE_AUDIT.md,D:\SIR_paper\Lorenz\task_conditioning_benchmark\audit\EQUIVALENCE_RULE_AUDIT.md,3905,60cf1c71dae6e11eba63c79d879fd19183ace0d4fc339881646a53483af14c22,2026-08-28T03:32:53.178286+00:00,controlled_study,"Results 1.3, 1.4; Supplement S6",SIR-LORENZ-TASK-CONDITIONING,CANONICAL,yes,"Partially observed Lorenz representation discovery and task conditioning: contracts, preconfirmation freeze, benchmark results, audits, report."
02_CONTROLLED_STUDIES/02_Lorenz_Representation_Discovery/audit/FINAL_REVIEWER_AUDIT.md,D:\SIR_paper\Lorenz\task_conditioning_benchmark\audit\FINAL_REVIEWER_AUDIT.md,6482,2bc31499a547f16b959571b5d9a86ab6bb22e952349537da509bd6873b7b84c9,2026-08-28T04:18:10.346609+00:00,controlled_study,"Results 1.3, 1.4; Supplement S6",SIR-LORENZ-TASK-CONDITIONING,CANONICAL,yes,"Partially observed Lorenz representation discovery and task conditioning: contracts, preconfirmation freeze, benchmark results, audits, report."
02_CONTROLLED_STUDIES/02_Lorenz_Representation_Discovery/audit/FRAMEWORK_VS_MCP_IMPLEMENTATION_AUDIT.md,D:\SIR_paper\Lorenz\task_conditioning_benchmark\audit\FRAMEWORK_VS_MCP_IMPLEMENTATION_AUDIT.md,6124,257e4a633f19ab6766c7229b66479e0e664fe1dfb5a0e2f24f12a05143668160,2026-08-28T03:30:31.453326+00:00,controlled_study,"Results 1.3, 1.4; Supplement S6",SIR-LORENZ-TASK-CONDITIONING,CANONICAL,yes,"Partially observed Lorenz representation discovery and task conditioning: contracts, preconfirmation freeze, benchmark results, audits, report."
02_CONTROLLED_STUDIES/02_Lorenz_Representation_Discovery/audit/MCP_EQUIVALENCE_AUDIT.md,D:\SIR_paper\Lorenz\task_conditioning_benchmark\audit\MCP_EQUIVALENCE_AUDIT.md,2874,d1131453d54eb850542249e4f10ba0cd84ec7ef57d10643f05ff88be7a186865,2026-08-28T04:17:05.243503+00:00,controlled_study,"Results 1.3, 1.4; Supplement S6",SIR-LORENZ-TASK-CONDITIONING,CANONICAL,yes,"Partially observed Lorenz representation discovery and task conditioning: contracts, preconfirmation freeze, benchmark results, audits, report."
02_CONTROLLED_STUDIES/02_Lorenz_Representation_Discovery/audit/PRIOR_KNOWLEDGE_AND_POSTHOC_DESIGN_AUDIT.md,D:\SIR_paper\Lorenz\task_conditioning_benchmark\audit\PRIOR_KNOWLEDGE_AND_POSTHOC_DESIGN_AUDIT.md,3555,ed81b0713ce19607ced45d41fd164ac861bc79b09d2020663f20b59f5b5b4af8,2026-08-27T23:13:56.777815+00:00,controlled_study,"Results 1.3, 1.4; Supplement S6",SIR-LORENZ-TASK-CONDITIONING,CANONICAL,yes,"Partially observed Lorenz representation discovery and task conditioning: contracts, preconfirmation freeze, benchmark results, audits, report."
02_CONTROLLED_STUDIES/02_Lorenz_Representation_Discovery/audit/PYSINDY_CAPABILITY_AUDIT.md,D:\SIR_paper\Lorenz\task_conditioning_benchmark\audit\PYSINDY_CAPABILITY_AUDIT.md,6169,6bc4b932e576a704816cedae1d266f9e333cbcf239bf6006928a28d95bcd5c6c,2026-08-27T23:13:18.357882+00:00,controlled_study,"Results 1.3, 1.4; Supplement S6",SIR-LORENZ-TASK-CONDITIONING,CANONICAL,yes,"Partially observed Lorenz representation discovery and task conditioning: contracts, preconfirmation freeze, benchmark results, audits, report."
02_CONTROLLED_STUDIES/02_Lorenz_Representation_Discovery/audit/SIR_MCP_CAPABILITY_AUDIT.md,D:\SIR_paper\Lorenz\task_conditioning_benchmark\audit\SIR_MCP_CAPABILITY_AUDIT.md,5708,23d550969f11ce3ea9b22e7926425588ce47822c7a0dd4de623684c2f2941959,2026-08-27T23:16:04.724303+00:00,controlled_study,"Results 1.3, 1.4; Supplement S6",SIR-LORENZ-TASK-CONDITIONING,CANONICAL,yes,"Partially observed Lorenz representation discovery and task conditioning: contracts, preconfirmation freeze, benchmark results, audits, report."
02_CONTROLLED_STUDIES/02_Lorenz_Representation_Discovery/audit/TASK_CONDITIONING_AUDIT.md,D:\SIR_paper\Lorenz\task_conditioning_benchmark\audit\TASK_CONDITIONING_AUDIT.md,4422,1565314ef1ce4ed32961ab56cccf529ee71c559cd1084cba21773dd43b92bfd0,2026-08-28T04:17:33.117611+00:00,controlled_study,"Results 1.3, 1.4; Supplement S6",SIR-LORENZ-TASK-CONDITIONING,CANONICAL,yes,"Partially observed Lorenz representation discovery and task conditioning: contracts, preconfirmation freeze, benchmark results, audits, report."
02_CONTROLLED_STUDIES/02_Lorenz_Representation_Discovery/benchmark_config.yaml,D:\SIR_paper\Lorenz\task_conditioning_benchmark\benchmark_config.yaml,4282,c5a2a86cb6d3f621ee5aafb9c27219e4534fbe56e79ff5bf2b2c4a8a76dbfc26,2026-08-28T03:25:18.646953+00:00,controlled_study,"Results 1.3, 1.4; Supplement S6",SIR-LORENZ-TASK-CONDITIONING,CANONICAL,yes,"Partially observed Lorenz representation discovery and task conditioning: contracts, preconfirmation freeze, benchmark results, audits, report."
02_CONTROLLED_STUDIES/02_Lorenz_Representation_Discovery/benchmark_results.json,D:\SIR_paper\Lorenz\task_conditioning_benchmark\benchmark_results.json,12955,3292d1be3247325ea06525b48bb0756eea1af00dd4fcda0af7bf2da5a8088733,2026-08-28T03:44:30.394070+00:00,controlled_study,"Results 1.3, 1.4; Supplement S6",SIR-LORENZ-TASK-CONDITIONING,CANONICAL,yes,"Partially observed Lorenz representation discovery and task conditioning: contracts, preconfirmation freeze, benchmark results, audits, report."
02_CONTROLLED_STUDIES/02_Lorenz_Representation_Discovery/benchmark_run_manifest.json,D:\SIR_paper\Lorenz\task_conditioning_benchmark\benchmark_run_manifest.json,3599,b911ab3c11d4e34b27666c3fe201597451c97edaa630ef6d22459f4e48544c6e,2026-08-28T04:27:18.658332+00:00,controlled_study,"Results 1.3, 1.4; Supplement S6",SIR-LORENZ-TASK-CONDITIONING,CANONICAL,yes,"Partially observed Lorenz representation discovery and task conditioning: contracts, preconfirmation freeze, benchmark results, audits, report."
02_CONTROLLED_STUDIES/02_Lorenz_Representation_Discovery/contracts/CONTRACT_DEFINITIONS.md,D:\SIR_paper\Lorenz\task_conditioning_benchmark\contracts\CONTRACT_DEFINITIONS.md,6479,eaa0bb4cd914d979f279c85d6ed895c831730912ccd59f08628c56628b1f9e9a,2026-08-27T23:15:31.961685+00:00,controlled_study,"Results 1.3, 1.4; Supplement S6",SIR-LORENZ-TASK-CONDITIONING,CANONICAL,yes,"Partially observed Lorenz representation discovery and task conditioning: contracts, preconfirmation freeze, benchmark results, audits, report."
02_CONTROLLED_STUDIES/02_Lorenz_Representation_Discovery/contracts/contract_selections.json,D:\SIR_paper\Lorenz\task_conditioning_benchmark\contracts\contract_selections.json,13134,2b49896bb6edefa1540590603f2f57b1e9e621a2506b0816612a9d5b57a08412,2026-08-28T03:32:08.814759+00:00,controlled_study,"Results 1.3, 1.4; Supplement S6",SIR-LORENZ-TASK-CONDITIONING,CANONICAL,yes,"Partially observed Lorenz representation discovery and task conditioning: contracts, preconfirmation freeze, benchmark results, audits, report."
02_CONTROLLED_STUDIES/02_Lorenz_Representation_Discovery/fig5_augmentation/AUGMENTATION_MANIFEST.json,D:\SIR_paper\Lorenz\task_conditioning_benchmark\fig5_augmentation\AUGMENTATION_MANIFEST.json,3424,12744d467224611faa4b359e53b488bf8e1e89bc59a49bf3b36d4a3f76d89b27,2026-09-01T00:10:27.524955+00:00,controlled_study,"Results 1.3, 1.4; Supplement S6",SIR-LORENZ-TASK-CONDITIONING,CANONICAL,yes,"Partially observed Lorenz representation discovery and task conditioning: contracts, preconfirmation freeze, benchmark results, audits, report."
02_CONTROLLED_STUDIES/02_Lorenz_Representation_Discovery/fig5_augmentation/noise_sweep_trajectory_level.csv,D:\SIR_paper\Lorenz\task_conditioning_benchmark\fig5_augmentation\noise_sweep_trajectory_level.csv,779464,423f0b46bf81f7348552dcc4853a3f991f72e3951f6535c2c1beb96f4a625938,2026-09-01T00:10:27.517643+00:00,controlled_study,"Results 1.3, 1.4; Supplement S6",SIR-LORENZ-TASK-CONDITIONING,CANONICAL,yes,"Partially observed Lorenz representation discovery and task conditioning: contracts, preconfirmation freeze, benchmark results, audits, report."
02_CONTROLLED_STUDIES/02_Lorenz_Representation_Discovery/fig5_augmentation/run_log.txt,D:\SIR_paper\Lorenz\task_conditioning_benchmark\fig5_augmentation\run_log.txt,2589,296c908b6105635e7f7cd6def7d558a77b06f567476a8356b81aeeeeeb913fd5,2026-09-01T00:10:27.535371+00:00,controlled_study,"Results 1.3, 1.4; Supplement S6",SIR-LORENZ-TASK-CONDITIONING,CANONICAL,yes,"Partially observed Lorenz representation discovery and task conditioning: contracts, preconfirmation freeze, benchmark results, audits, report."
02_CONTROLLED_STUDIES/02_Lorenz_Representation_Discovery/fig5_augmentation/run_noise_sweep.py,D:\SIR_paper\Lorenz\task_conditioning_benchmark\fig5_augmentation\run_noise_sweep.py,10295,348d762a6b9c3d07f4b36131591a0a3b6e19313b976986919fb6401bd7f0883e,2026-09-01T00:07:49.049439+00:00,controlled_study,"Results 1.3, 1.4; Supplement S6",SIR-LORENZ-TASK-CONDITIONING,CANONICAL,yes,"Partially observed Lorenz representation discovery and task conditioning: contracts, preconfirmation freeze, benchmark results, audits, report."
02_CONTROLLED_STUDIES/02_Lorenz_Representation_Discovery/figure5_frozen_data/PROVENANCE_MANIFEST.json,D:\SIR_paper\Lorenz\fig5data\PROVENANCE_MANIFEST.json,7294,4b02d98230119b1832d6dab137a9e352b232f96261579f4d1a5b2f3aea9c45bf,2026-09-01T00:10:47.162572+00:00,controlled_study,Figure 5,SIR-LORENZ-TASK-CONDITIONING,CANONICAL,yes,Frozen numerical inputs for main-text Figure 5.
02_CONTROLLED_STUDIES/02_Lorenz_Representation_Discovery/figure5_frozen_data/README.md,D:\SIR_paper\Lorenz\fig5data\README.md,5649,9ca94176f87396a198a9267f75daaee9d10329414343656b710d21f216b50955,2026-09-01T00:14:38.218515+00:00,controlled_study,Figure 5,SIR-LORENZ-TASK-CONDITIONING,CANONICAL,yes,Frozen numerical inputs for main-text Figure 5.
02_CONTROLLED_STUDIES/02_Lorenz_Representation_Discovery/figure5_frozen_data/SOURCE_INVENTORY.md,D:\SIR_paper\Lorenz\fig5data\SOURCE_INVENTORY.md,4057,ec83ebeed50ffe5ace803283ac37ad94c871ec4f720ba3cf36d0ca7a060e3078,2026-09-01T00:14:12.880873+00:00,controlled_study,Figure 5,SIR-LORENZ-TASK-CONDITIONING,CANONICAL,yes,Frozen numerical inputs for main-text Figure 5.
02_CONTROLLED_STUDIES/02_Lorenz_Representation_Discovery/figure5_frozen_data/canonical_attractor.csv,D:\SIR_paper\Lorenz\fig5data\canonical_attractor.csv,260367,67564c6acc0464f0164089ce59735b88c86ef9ab8e9c478acdf3dc80b66d8b26,2026-09-01T00:10:46.146473+00:00,controlled_study,Figure 5,SIR-LORENZ-TASK-CONDITIONING,CANONICAL,yes,Frozen numerical inputs for main-text Figure 5.
02_CONTROLLED_STUDIES/02_Lorenz_Representation_Discovery/figure5_frozen_data/canonical_recovery.json,D:\SIR_paper\Lorenz\fig5data\canonical_recovery.json,2264,59ae7d2e8c469a5f1a0b345e96d72153e5c7ad87043e84496dac654418bff57c,2026-09-01T00:10:45.035091+00:00,controlled_study,Figure 5,SIR-LORENZ-TASK-CONDITIONING,CANONICAL,yes,Frozen numerical inputs for main-text Figure 5.
02_CONTROLLED_STUDIES/02_Lorenz_Representation_Discovery/figure5_frozen_data/confirmation_trajectory_rmse.csv,D:\SIR_paper\Lorenz\fig5data\confirmation_trajectory_rmse.csv,59329,ce1b5d4ef50b8135226ba14b88e0c2cffdc5c03039c286367d1a1b6fb027684c,2026-09-01T00:10:46.180656+00:00,controlled_study,Figure 5,SIR-LORENZ-TASK-CONDITIONING,CANONICAL,yes,Frozen numerical inputs for main-text Figure 5.
02_CONTROLLED_STUDIES/02_Lorenz_Representation_Discovery/figure5_frozen_data/noise_robustness.csv,D:\SIR_paper\Lorenz\fig5data\noise_robustness.csv,39877,3c82ce0f508fd7c05dfa0f5dc70f3eff86b25d933340c23df3f0e94997919694,2026-09-01T00:10:46.193063+00:00,controlled_study,Figure 5,SIR-LORENZ-TASK-CONDITIONING,CANONICAL,yes,Frozen numerical inputs for main-text Figure 5.
02_CONTROLLED_STUDIES/02_Lorenz_Representation_Discovery/figure5_frozen_data/noise_robustness_augmented.csv,D:\SIR_paper\Lorenz\fig5data\noise_robustness_augmented.csv,776288,aabd5ececbefa01dbaaa7e5957cf8e5684ba7707cca9a7dd0fada56f1a24e6d2,2026-09-01T00:10:46.222216+00:00,controlled_study,Figure 5,SIR-LORENZ-TASK-CONDITIONING,CANONICAL,yes,Frozen numerical inputs for main-text Figure 5.
02_CONTROLLED_STUDIES/02_Lorenz_Representation_Discovery/figure5_frozen_data/noise_robustness_summary.csv,D:\SIR_paper\Lorenz\fig5data\noise_robustness_summary.csv,16957,56d680489d755eb8cc0952dda28f7bf53b87dab841ddfa5952fefbb5e9e986d5,2026-09-01T00:10:47.126565+00:00,controlled_study,Figure 5,SIR-LORENZ-TASK-CONDITIONING,CANONICAL,yes,Frozen numerical inputs for main-text Figure 5.
02_CONTROLLED_STUDIES/02_Lorenz_Representation_Discovery/figure5_frozen_data/representation_landscape.csv,D:\SIR_paper\Lorenz\fig5data\representation_landscape.csv,8013,612afcf02fc1659d920902c38f5b5fc66764cabd41431198ed05dee9cecd974c,2026-09-01T00:10:46.161971+00:00,controlled_study,Figure 5,SIR-LORENZ-TASK-CONDITIONING,CANONICAL,yes,Frozen numerical inputs for main-text Figure 5.
02_CONTROLLED_STUDIES/02_Lorenz_Representation_Discovery/figure5_frozen_data/selected_representations.json,D:\SIR_paper\Lorenz\fig5data\selected_representations.json,4324,a181ea23e487fa76088e5598bf69f71a6db513f9c81746cb1adb9788287b97f1,2026-09-01T00:10:47.149222+00:00,controlled_study,Figure 5,SIR-LORENZ-TASK-CONDITIONING,CANONICAL,yes,Frozen numerical inputs for main-text Figure 5.
02_CONTROLLED_STUDIES/02_Lorenz_Representation_Discovery/figures/sir_task_conditioning_benchmark.pdf,D:\SIR_paper\Lorenz\task_conditioning_benchmark\figures\sir_task_conditioning_benchmark.pdf,63209,b5b3b910d36894d8412a84d383cd59500225cc0907eb29b51210061e7b09fc8e,2026-08-28T03:57:58.303476+00:00,controlled_study,"Results 1.3, 1.4; Supplement S6",SIR-LORENZ-TASK-CONDITIONING,CANONICAL,yes,"Partially observed Lorenz representation discovery and task conditioning: contracts, preconfirmation freeze, benchmark results, audits, report."
02_CONTROLLED_STUDIES/02_Lorenz_Representation_Discovery/figures/sir_task_conditioning_benchmark.png,D:\SIR_paper\Lorenz\task_conditioning_benchmark\figures\sir_task_conditioning_benchmark.png,593676,fe76c70f24bccc57c598ec3f97369efa5c3cd9f7adcaa6f83fe87e21cab87be9,2026-08-28T03:57:57.656765+00:00,controlled_study,"Results 1.3, 1.4; Supplement S6",SIR-LORENZ-TASK-CONDITIONING,CANONICAL,yes,"Partially observed Lorenz representation discovery and task conditioning: contracts, preconfirmation freeze, benchmark results, audits, report."
02_CONTROLLED_STUDIES/02_Lorenz_Representation_Discovery/figures/sir_task_conditioning_benchmark.svg,D:\SIR_paper\Lorenz\task_conditioning_benchmark\figures\sir_task_conditioning_benchmark.svg,156783,4879ae1951523ad9da63fac29cefdc902511b778f0d69fb2f8a502e846903deb,2026-08-28T03:57:58.814737+00:00,controlled_study,"Results 1.3, 1.4; Supplement S6",SIR-LORENZ-TASK-CONDITIONING,CANONICAL,yes,"Partially observed Lorenz representation discovery and task conditioning: contracts, preconfirmation freeze, benchmark results, audits, report."
02_CONTROLLED_STUDIES/02_Lorenz_Representation_Discovery/logs/confirmation_run.txt,D:\SIR_paper\Lorenz\task_conditioning_benchmark\logs\confirmation_run.txt,2120,03f0b50c87f1a7226af947815147310fe5b61cf07a95ba491ed1ad36bb202dcf,2026-08-28T03:44:30.394070+00:00,controlled_study,"Results 1.3, 1.4; Supplement S6",SIR-LORENZ-TASK-CONDITIONING,CANONICAL,yes,"Partially observed Lorenz representation discovery and task conditioning: contracts, preconfirmation freeze, benchmark results, audits, report."
02_CONTROLLED_STUDIES/02_Lorenz_Representation_Discovery/logs/contracts_run.txt,D:\SIR_paper\Lorenz\task_conditioning_benchmark\logs\contracts_run.txt,15416,529daaba631aab727969f7b8f8d2ea5cac14e38c16119cb8bb5539605cc46832,2026-08-28T03:32:08.831123+00:00,controlled_study,"Results 1.3, 1.4; Supplement S6",SIR-LORENZ-TASK-CONDITIONING,CANONICAL,yes,"Partially observed Lorenz representation discovery and task conditioning: contracts, preconfirmation freeze, benchmark results, audits, report."
02_CONTROLLED_STUDIES/02_Lorenz_Representation_Discovery/logs/pytest_final.txt,D:\SIR_paper\Lorenz\task_conditioning_benchmark\logs\pytest_final.txt,101,7afe596c43451925527589653f3d33b52008b97c18318cca2f92273ac123fa34,2026-08-28T04:27:20.789467+00:00,controlled_study,"Results 1.3, 1.4; Supplement S6",SIR-LORENZ-TASK-CONDITIONING,CANONICAL,yes,"Partially observed Lorenz representation discovery and task conditioning: contracts, preconfirmation freeze, benchmark results, audits, report."
02_CONTROLLED_STUDIES/02_Lorenz_Representation_Discovery/prior_benchmark_reference/imported_hashes.json,D:\SIR_paper\Lorenz\task_conditioning_benchmark\prior_benchmark_reference\imported_hashes.json,10918,9b37ddbd08a2c43e744eada1bdc76faab14fd56fff085ce4f4023d3312c78367,2026-08-27T22:25:12.716856+00:00,controlled_study,"Results 1.3, 1.4; Supplement S6",SIR-LORENZ-TASK-CONDITIONING,CANONICAL,yes,"Partially observed Lorenz representation discovery and task conditioning: contracts, preconfirmation freeze, benchmark results, audits, report."
02_CONTROLLED_STUDIES/02_Lorenz_Representation_Discovery/pysindy/external_contract_wrapper/wrapper.py,D:\SIR_paper\Lorenz\task_conditioning_benchmark\pysindy\external_contract_wrapper\wrapper.py,5146,2ff4c59a8939c3de340c4de653f72f0a4fabecce3cf8ff69500c727d8c802b25,2026-08-28T03:28:09.188155+00:00,controlled_study,"Results 1.3, 1.4; Supplement S6",SIR-LORENZ-TASK-CONDITIONING,CANONICAL,yes,"Partially observed Lorenz representation discovery and task conditioning: contracts, preconfirmation freeze, benchmark results, audits, report."
02_CONTROLLED_STUDIES/02_Lorenz_Representation_Discovery/scripts/Lorenz_attractor.py,D:\SIR_paper\Lorenz\Lorenz_attractor.py,11460,b09e093cd5273609fa55eb06de485b37357d7ade4f67e4a2bc5c3363bc7fb663,2026-07-18T05:50:02.439758+00:00,controlled_study,"Results 1.3, 1.4",SIR-LORENZ-TASK-CONDITIONING,CANONICAL,yes,Lorenz generator / provider / figure-data builder.
02_CONTROLLED_STUDIES/02_Lorenz_Representation_Discovery/scripts/README.md,D:\SIR_paper\Lorenz\README.md,435,eca4d73d338ac4dc0a836359e97c754fd5dbd2beb5077b49945f4be3e283d3f2,2026-08-15T23:54:09.635089+00:00,controlled_study,"Results 1.3, 1.4",SIR-LORENZ-TASK-CONDITIONING,CANONICAL,yes,Lorenz generator / provider / figure-data builder.
02_CONTROLLED_STUDIES/02_Lorenz_Representation_Discovery/scripts/build_fig5data.py,D:\SIR_paper\Lorenz\build_fig5data.py,20790,4f7ce399e59b55832d23592fb8688a94078ffea1962bf896a8e2769db77a2463,2026-09-01T00:09:25.694722+00:00,controlled_study,"Results 1.3, 1.4",SIR-LORENZ-TASK-CONDITIONING,CANONICAL,yes,Lorenz generator / provider / figure-data builder.
02_CONTROLLED_STUDIES/02_Lorenz_Representation_Discovery/scripts/custom_graphs.py,D:\SIR_paper\Lorenz\custom_graphs.py,3867,ae8c7ab22a20398278b39e5522402ab95336b6bff608ffa8ea4b7e943d47f7fb,2026-08-15T23:48:08.465670+00:00,controlled_study,"Results 1.3, 1.4",SIR-LORENZ-TASK-CONDITIONING,CANONICAL,yes,Lorenz generator / provider / figure-data builder.
02_CONTROLLED_STUDIES/02_Lorenz_Representation_Discovery/scripts/data_provider.py,D:\SIR_paper\Lorenz\data_provider.py,5319,962f8d1f4828c3f1490f73278e58ae1ff7e9200e1e52936ca54a8d5008abe1d2,2026-08-15T23:48:02.938314+00:00,controlled_study,"Results 1.3, 1.4",SIR-LORENZ-TASK-CONDITIONING,CANONICAL,yes,Lorenz generator / provider / figure-data builder.
02_CONTROLLED_STUDIES/02_Lorenz_Representation_Discovery/scripts/engine.py,D:\SIR_paper\Lorenz\task_conditioning_benchmark\scripts\engine.py,10962,c251ad096fb0ff487187973b7a2d6fa9bef4f099933b95de96c7d0d553c4af8f,2026-08-27T23:43:43.607525+00:00,controlled_study,"Results 1.3, 1.4; Supplement S6",SIR-LORENZ-TASK-CONDITIONING,CANONICAL,yes,"Partially observed Lorenz representation discovery and task conditioning: contracts, preconfirmation freeze, benchmark results, audits, report."
02_CONTROLLED_STUDIES/02_Lorenz_Representation_Discovery/scripts/figure5_lorenz_nested_representation_discovery.py,D:\SIR_paper\Lorenz\figure5_lorenz_nested_representation_discovery.py,10469,1c5a536e21ec4401fcb3a9f703c75671d3da779eb9bd06923c31d807defd829a,2026-08-31T23:17:57.234354+00:00,controlled_study,"Results 1.3, 1.4",SIR-LORENZ-TASK-CONDITIONING,CANONICAL,yes,Lorenz generator / provider / figure-data builder.
02_CONTROLLED_STUDIES/02_Lorenz_Representation_Discovery/scripts/lorenz_data_provider.py,D:\SIR_paper\Lorenz\lorenz_data_provider.py,10334,3339ceaf666ba03cd10a19ed9400af538a07460125ce0aa796e7cd8efa890014,2026-07-18T05:50:02.517154+00:00,controlled_study,"Results 1.3, 1.4",SIR-LORENZ-TASK-CONDITIONING,CANONICAL,yes,Lorenz generator / provider / figure-data builder.
02_CONTROLLED_STUDIES/02_Lorenz_Representation_Discovery/scripts/make_confirmation.py,D:\SIR_paper\Lorenz\task_conditioning_benchmark\scripts\make_confirmation.py,5562,c898df2b3f231793554ff4a8962535138f870c3330c80c1a31428592080cd5e9,2026-08-27T22:24:59.833673+00:00,controlled_study,"Results 1.3, 1.4; Supplement S6",SIR-LORENZ-TASK-CONDITIONING,CANONICAL,yes,"Partially observed Lorenz representation discovery and task conditioning: contracts, preconfirmation freeze, benchmark results, audits, report."
02_CONTROLLED_STUDIES/02_Lorenz_Representation_Discovery/scripts/make_figure.py,D:\SIR_paper\Lorenz\task_conditioning_benchmark\scripts\make_figure.py,10630,215bc3e138e3071f41891b6a6fa4bd846e36fa1f8e89a2398f9bd502ca0aafc1,2026-08-28T03:57:51.014151+00:00,controlled_study,"Results 1.3, 1.4; Supplement S6",SIR-LORENZ-TASK-CONDITIONING,CANONICAL,yes,"Partially observed Lorenz representation discovery and task conditioning: contracts, preconfirmation freeze, benchmark results, audits, report."
02_CONTROLLED_STUDIES/02_Lorenz_Representation_Discovery/scripts/make_tables.py,D:\SIR_paper\Lorenz\task_conditioning_benchmark\scripts\make_tables.py,4139,588b029533993641756244ef3595e79b3b0e7852b8007eec6f724084eedd30fe,2026-08-28T04:15:08.033355+00:00,controlled_study,"Results 1.3, 1.4; Supplement S6",SIR-LORENZ-TASK-CONDITIONING,CANONICAL,yes,"Partially observed Lorenz representation discovery and task conditioning: contracts, preconfirmation freeze, benchmark results, audits, report."
02_CONTROLLED_STUDIES/02_Lorenz_Representation_Discovery/scripts/run_confirmation.py,D:\SIR_paper\Lorenz\task_conditioning_benchmark\scripts\run_confirmation.py,9514,c25c7dfd9a1722cee5ecc5e2770aff49ce0b4e811b1a6e316a3f7cb67b323f1d,2026-08-27T23:16:58.548342+00:00,controlled_study,"Results 1.3, 1.4; Supplement S6",SIR-LORENZ-TASK-CONDITIONING,CANONICAL,yes,"Partially observed Lorenz representation discovery and task conditioning: contracts, preconfirmation freeze, benchmark results, audits, report."
02_CONTROLLED_STUDIES/02_Lorenz_Representation_Discovery/scripts/run_contracts.py,D:\SIR_paper\Lorenz\task_conditioning_benchmark\scripts\run_contracts.py,6467,206f44770da613af1e56a3cb583ac908d804a95b1ff74ddda1c39560e8448bb6,2026-08-28T03:27:44.676353+00:00,controlled_study,"Results 1.3, 1.4; Supplement S6",SIR-LORENZ-TASK-CONDITIONING,CANONICAL,yes,"Partially observed Lorenz representation discovery and task conditioning: contracts, preconfirmation freeze, benchmark results, audits, report."
02_CONTROLLED_STUDIES/02_Lorenz_Representation_Discovery/shared/confirmation/conf_000.parquet,D:\SIR_paper\Lorenz\task_conditioning_benchmark\shared\confirmation\conf_000.parquet,154698,176713cfdd1bf43cf8e8695f3391f1639e2f640302315e59207517df823918ea,2026-08-27T22:25:10.785483+00:00,controlled_study,"Results 1.3, 1.4; Supplement S6",SIR-LORENZ-TASK-CONDITIONING,CANONICAL,yes,"Partially observed Lorenz representation discovery and task conditioning: contracts, preconfirmation freeze, benchmark results, audits, report."
02_CONTROLLED_STUDIES/02_Lorenz_Representation_Discovery/shared/confirmation/conf_001.parquet,D:\SIR_paper\Lorenz\task_conditioning_benchmark\shared\confirmation\conf_001.parquet,154698,c421c31bdb1d96bb369d876bf00f3952e6df20e43a79b427741e4691e2b001d7,2026-08-27T22:25:10.872635+00:00,controlled_study,"Results 1.3, 1.4; Supplement S6",SIR-LORENZ-TASK-CONDITIONING,CANONICAL,yes,"Partially observed Lorenz representation discovery and task conditioning: contracts, preconfirmation freeze, benchmark results, audits, report."
02_CONTROLLED_STUDIES/02_Lorenz_Representation_Discovery/shared/confirmation/conf_002.parquet,D:\SIR_paper\Lorenz\task_conditioning_benchmark\shared\confirmation\conf_002.parquet,154698,f0123c553a568d0e96f85f2df8649e070f23950a57cb876efe30a1bfd8723027,2026-08-27T22:25:10.959779+00:00,controlled_study,"Results 1.3, 1.4; Supplement S6",SIR-LORENZ-TASK-CONDITIONING,CANONICAL,yes,"Partially observed Lorenz representation discovery and task conditioning: contracts, preconfirmation freeze, benchmark results, audits, report."
02_CONTROLLED_STUDIES/02_Lorenz_Representation_Discovery/shared/confirmation/conf_003.parquet,D:\SIR_paper\Lorenz\task_conditioning_benchmark\shared\confirmation\conf_003.parquet,154698,b189be58ab61f1eac24ee63cf81adc9fbef4108effac207e33e037b1c993641a,2026-08-27T22:25:11.038837+00:00,controlled_study,"Results 1.3, 1.4; Supplement S6",SIR-LORENZ-TASK-CONDITIONING,CANONICAL,yes,"Partially observed Lorenz representation discovery and task conditioning: contracts, preconfirmation freeze, benchmark results, audits, report."
02_CONTROLLED_STUDIES/02_Lorenz_Representation_Discovery/shared/confirmation/conf_004.parquet,D:\SIR_paper\Lorenz\task_conditioning_benchmark\shared\confirmation\conf_004.parquet,154698,ae251b1efce6108c87ebddd3d1542a0ae0d5c46830ba7b275bcedd73094dddb3,2026-08-27T22:25:11.120698+00:00,controlled_study,"Results 1.3, 1.4; Supplement S6",SIR-LORENZ-TASK-CONDITIONING,CANONICAL,yes,"Partially observed Lorenz representation discovery and task conditioning: contracts, preconfirmation freeze, benchmark results, audits, report."
02_CONTROLLED_STUDIES/02_Lorenz_Representation_Discovery/shared/confirmation/conf_005.parquet,D:\SIR_paper\Lorenz\task_conditioning_benchmark\shared\confirmation\conf_005.parquet,154698,3ece56e6cb86bc8c1b5306f12168ae3d11a95b7f7710fccd7fd0cb121bc703a3,2026-08-27T22:25:11.200268+00:00,controlled_study,"Results 1.3, 1.4; Supplement S6",SIR-LORENZ-TASK-CONDITIONING,CANONICAL,yes,"Partially observed Lorenz representation discovery and task conditioning: contracts, preconfirmation freeze, benchmark results, audits, report."
02_CONTROLLED_STUDIES/02_Lorenz_Representation_Discovery/shared/confirmation/conf_006.parquet,D:\SIR_paper\Lorenz\task_conditioning_benchmark\shared\confirmation\conf_006.parquet,154698,a3a210cd61c393c27f95481682150f0d72cbb9b8f61e57b350c4bae5bb674142,2026-08-27T22:25:11.284408+00:00,controlled_study,"Results 1.3, 1.4; Supplement S6",SIR-LORENZ-TASK-CONDITIONING,CANONICAL,yes,"Partially observed Lorenz representation discovery and task conditioning: contracts, preconfirmation freeze, benchmark results, audits, report."
02_CONTROLLED_STUDIES/02_Lorenz_Representation_Discovery/shared/confirmation/conf_007.parquet,D:\SIR_paper\Lorenz\task_conditioning_benchmark\shared\confirmation\conf_007.parquet,154698,0145c2702d73565d5fcc337769dc41e66d31b336c83dd142954614eb4c786711,2026-08-27T22:25:11.363851+00:00,controlled_study,"Results 1.3, 1.4; Supplement S6",SIR-LORENZ-TASK-CONDITIONING,CANONICAL,yes,"Partially observed Lorenz representation discovery and task conditioning: contracts, preconfirmation freeze, benchmark results, audits, report."
02_CONTROLLED_STUDIES/02_Lorenz_Representation_Discovery/shared/confirmation/conf_008.parquet,D:\SIR_paper\Lorenz\task_conditioning_benchmark\shared\confirmation\conf_008.parquet,154698,71261dd13e37154948f2d6337086bd2538bb7dc553e554d9a635edd54b518060,2026-08-27T22:25:11.445396+00:00,controlled_study,"Results 1.3, 1.4; Supplement S6",SIR-LORENZ-TASK-CONDITIONING,CANONICAL,yes,"Partially observed Lorenz representation discovery and task conditioning: contracts, preconfirmation freeze, benchmark results, audits, report."
02_CONTROLLED_STUDIES/02_Lorenz_Representation_Discovery/shared/confirmation/conf_009.parquet,D:\SIR_paper\Lorenz\task_conditioning_benchmark\shared\confirmation\conf_009.parquet,154698,5ce410255c342c4172c81013953bfe8ffb43f0e9f751f6643d75f2127ee4aa5a,2026-08-27T22:25:11.529613+00:00,controlled_study,"Results 1.3, 1.4; Supplement S6",SIR-LORENZ-TASK-CONDITIONING,CANONICAL,yes,"Partially observed Lorenz representation discovery and task conditioning: contracts, preconfirmation freeze, benchmark results, audits, report."
02_CONTROLLED_STUDIES/02_Lorenz_Representation_Discovery/shared/confirmation/conf_010.parquet,D:\SIR_paper\Lorenz\task_conditioning_benchmark\shared\confirmation\conf_010.parquet,154698,d42d7c608459e37e2f8a9be0f5836f9b8a457fc2af7ee81514ef2ddd14eb342c,2026-08-27T22:25:11.609504+00:00,controlled_study,"Results 1.3, 1.4; Supplement S6",SIR-LORENZ-TASK-CONDITIONING,CANONICAL,yes,"Partially observed Lorenz representation discovery and task conditioning: contracts, preconfirmation freeze, benchmark results, audits, report."
02_CONTROLLED_STUDIES/02_Lorenz_Representation_Discovery/shared/confirmation/conf_011.parquet,D:\SIR_paper\Lorenz\task_conditioning_benchmark\shared\confirmation\conf_011.parquet,154698,9d5d2fb17cb557afac6bb7863997d5436539e4bfbbb0adbd42b952c00f9b6f30,2026-08-27T22:25:11.693727+00:00,controlled_study,"Results 1.3, 1.4; Supplement S6",SIR-LORENZ-TASK-CONDITIONING,CANONICAL,yes,"Partially observed Lorenz representation discovery and task conditioning: contracts, preconfirmation freeze, benchmark results, audits, report."
02_CONTROLLED_STUDIES/02_Lorenz_Representation_Discovery/shared/confirmation/conf_012.parquet,D:\SIR_paper\Lorenz\task_conditioning_benchmark\shared\confirmation\conf_012.parquet,154698,45963d96a038e8a53beaba2dd9150313aeaa7d16f063e149b9a29d9253ff8cb7,2026-08-27T22:25:11.777803+00:00,controlled_study,"Results 1.3, 1.4; Supplement S6",SIR-LORENZ-TASK-CONDITIONING,CANONICAL,yes,"Partially observed Lorenz representation discovery and task conditioning: contracts, preconfirmation freeze, benchmark results, audits, report."
02_CONTROLLED_STUDIES/02_Lorenz_Representation_Discovery/shared/confirmation/conf_013.parquet,D:\SIR_paper\Lorenz\task_conditioning_benchmark\shared\confirmation\conf_013.parquet,154698,b795451a270577cd12cee26abeeda1a5d778b338a3cc7f13cff7f7d89714f4ec,2026-08-27T22:25:11.860313+00:00,controlled_study,"Results 1.3, 1.4; Supplement S6",SIR-LORENZ-TASK-CONDITIONING,CANONICAL,yes,"Partially observed Lorenz representation discovery and task conditioning: contracts, preconfirmation freeze, benchmark results, audits, report."
02_CONTROLLED_STUDIES/02_Lorenz_Representation_Discovery/shared/confirmation/conf_014.parquet,D:\SIR_paper\Lorenz\task_conditioning_benchmark\shared\confirmation\conf_014.parquet,154698,007e6f20f6b6f324809f45ea21961cef9201481009d6a5f497781bd90e0f1654,2026-08-27T22:25:11.940012+00:00,controlled_study,"Results 1.3, 1.4; Supplement S6",SIR-LORENZ-TASK-CONDITIONING,CANONICAL,yes,"Partially observed Lorenz representation discovery and task conditioning: contracts, preconfirmation freeze, benchmark results, audits, report."
02_CONTROLLED_STUDIES/02_Lorenz_Representation_Discovery/shared/confirmation/conf_015.parquet,D:\SIR_paper\Lorenz\task_conditioning_benchmark\shared\confirmation\conf_015.parquet,154698,7268cada774582c50a08ab9feb0a47fbf51c4688ecd6da7dc462e8ed2bc112a2,2026-08-27T22:25:12.021964+00:00,controlled_study,"Results 1.3, 1.4; Supplement S6",SIR-LORENZ-TASK-CONDITIONING,CANONICAL,yes,"Partially observed Lorenz representation discovery and task conditioning: contracts, preconfirmation freeze, benchmark results, audits, report."
02_CONTROLLED_STUDIES/02_Lorenz_Representation_Discovery/shared/confirmation/conf_016.parquet,D:\SIR_paper\Lorenz\task_conditioning_benchmark\shared\confirmation\conf_016.parquet,154698,b69e1b2186c910f151b6d7ce9440abbc871c43281dc73acc36c80bbf64f780d4,2026-08-27T22:25:12.102363+00:00,controlled_study,"Results 1.3, 1.4; Supplement S6",SIR-LORENZ-TASK-CONDITIONING,CANONICAL,yes,"Partially observed Lorenz representation discovery and task conditioning: contracts, preconfirmation freeze, benchmark results, audits, report."
02_CONTROLLED_STUDIES/02_Lorenz_Representation_Discovery/shared/confirmation/conf_017.parquet,D:\SIR_paper\Lorenz\task_conditioning_benchmark\shared\confirmation\conf_017.parquet,154698,04ddf66ac13b8e974b0c2db12bb2d94cd482c394aacb26293327d878fd7f4670,2026-08-27T22:25:12.185040+00:00,controlled_study,"Results 1.3, 1.4; Supplement S6",SIR-LORENZ-TASK-CONDITIONING,CANONICAL,yes,"Partially observed Lorenz representation discovery and task conditioning: contracts, preconfirmation freeze, benchmark results, audits, report."
02_CONTROLLED_STUDIES/02_Lorenz_Representation_Discovery/shared/confirmation/conf_018.parquet,D:\SIR_paper\Lorenz\task_conditioning_benchmark\shared\confirmation\conf_018.parquet,154698,99306b42d4880cc4ac5bf12f543c688cbf9d217e88e3d68ebd017b13f5de27ce,2026-08-27T22:25:12.270229+00:00,controlled_study,"Results 1.3, 1.4; Supplement S6",SIR-LORENZ-TASK-CONDITIONING,CANONICAL,yes,"Partially observed Lorenz representation discovery and task conditioning: contracts, preconfirmation freeze, benchmark results, audits, report."
02_CONTROLLED_STUDIES/02_Lorenz_Representation_Discovery/shared/confirmation/conf_019.parquet,D:\SIR_paper\Lorenz\task_conditioning_benchmark\shared\confirmation\conf_019.parquet,154698,cb747db12a391ebfbf157242d1850268cb1fc6b030224cf16cc07debab1c1632,2026-08-27T22:25:12.352600+00:00,controlled_study,"Results 1.3, 1.4; Supplement S6",SIR-LORENZ-TASK-CONDITIONING,CANONICAL,yes,"Partially observed Lorenz representation discovery and task conditioning: contracts, preconfirmation freeze, benchmark results, audits, report."
02_CONTROLLED_STUDIES/02_Lorenz_Representation_Discovery/shared/confirmation/conf_020.parquet,D:\SIR_paper\Lorenz\task_conditioning_benchmark\shared\confirmation\conf_020.parquet,154698,4ff980ce730bfdc4e05460428d7f240fa3b89709be8bb81eb38bdd896c5fe3c0,2026-08-27T22:25:12.435722+00:00,controlled_study,"Results 1.3, 1.4; Supplement S6",SIR-LORENZ-TASK-CONDITIONING,CANONICAL,yes,"Partially observed Lorenz representation discovery and task conditioning: contracts, preconfirmation freeze, benchmark results, audits, report."
02_CONTROLLED_STUDIES/02_Lorenz_Representation_Discovery/shared/confirmation/conf_021.parquet,D:\SIR_paper\Lorenz\task_conditioning_benchmark\shared\confirmation\conf_021.parquet,154698,148ef350937ad7a1a3cf6e79ab892bbd12047d69d0f5759acc1c4d3a93693250,2026-08-27T22:25:12.517698+00:00,controlled_study,"Results 1.3, 1.4; Supplement S6",SIR-LORENZ-TASK-CONDITIONING,CANONICAL,yes,"Partially observed Lorenz representation discovery and task conditioning: contracts, preconfirmation freeze, benchmark results, audits, report."
02_CONTROLLED_STUDIES/02_Lorenz_Representation_Discovery/shared/confirmation/conf_022.parquet,D:\SIR_paper\Lorenz\task_conditioning_benchmark\shared\confirmation\conf_022.parquet,154698,84018fbafa75ccf25c457675c07f5a98873997964b467d07f2c41fc2bcaf73c3,2026-08-27T22:25:12.599725+00:00,controlled_study,"Results 1.3, 1.4; Supplement S6",SIR-LORENZ-TASK-CONDITIONING,CANONICAL,yes,"Partially observed Lorenz representation discovery and task conditioning: contracts, preconfirmation freeze, benchmark results, audits, report."
02_CONTROLLED_STUDIES/02_Lorenz_Representation_Discovery/shared/confirmation/conf_023.parquet,D:\SIR_paper\Lorenz\task_conditioning_benchmark\shared\confirmation\conf_023.parquet,154698,8330c20b03ce7fa120666e83637f4805049cf0ce56c6c900094fdcc9b060825d,2026-08-27T22:25:12.684161+00:00,controlled_study,"Results 1.3, 1.4; Supplement S6",SIR-LORENZ-TASK-CONDITIONING,CANONICAL,yes,"Partially observed Lorenz representation discovery and task conditioning: contracts, preconfirmation freeze, benchmark results, audits, report."
02_CONTROLLED_STUDIES/02_Lorenz_Representation_Discovery/shared/manifests/confirmation_lineage.json,D:\SIR_paper\Lorenz\task_conditioning_benchmark\shared\manifests\confirmation_lineage.json,8586,545338502a1999f56e87d89d204ece3fb3b791db476b3a4a0b610323fca58ae5,2026-08-27T22:25:12.690047+00:00,controlled_study,"Results 1.3, 1.4; Supplement S6",SIR-LORENZ-TASK-CONDITIONING,CANONICAL,yes,"Partially observed Lorenz representation discovery and task conditioning: contracts, preconfirmation freeze, benchmark results, audits, report."
02_CONTROLLED_STUDIES/02_Lorenz_Representation_Discovery/sir_contract/__init__.py,D:\SIR_paper\Lorenz\task_conditioning_benchmark\sir_contract\__init__.py,1203,b8fcd3d9a7aba44a413f995e95fd7e5b99b4724d94ba0998340c63b9dfef42e4,2026-08-28T03:26:05.083479+00:00,controlled_study,"Results 1.3, 1.4; Supplement S6",SIR-LORENZ-TASK-CONDITIONING,CANONICAL,yes,"Partially observed Lorenz representation discovery and task conditioning: contracts, preconfirmation freeze, benchmark results, audits, report."
02_CONTROLLED_STUDIES/02_Lorenz_Representation_Discovery/sir_contract/candidate_registry.py,D:\SIR_paper\Lorenz\task_conditioning_benchmark\sir_contract\candidate_registry.py,1703,eb15cc4ce37f4e42ac476ce850a7bed5b6aeb16c621c5d9066897363d1160101,2026-08-28T03:26:49.799578+00:00,controlled_study,"Results 1.3, 1.4; Supplement S6",SIR-LORENZ-TASK-CONDITIONING,CANONICAL,yes,"Partially observed Lorenz representation discovery and task conditioning: contracts, preconfirmation freeze, benchmark results, audits, report."
02_CONTROLLED_STUDIES/02_Lorenz_Representation_Discovery/sir_contract/contract_runner.py,D:\SIR_paper\Lorenz\task_conditioning_benchmark\sir_contract\contract_runner.py,6618,56e9ce3f6f636f86a82e44c66923c58df616967f654c5b723561d906f6f23ef6,2026-08-28T03:27:17.328466+00:00,controlled_study,"Results 1.3, 1.4; Supplement S6",SIR-LORENZ-TASK-CONDITIONING,CANONICAL,yes,"Partially observed Lorenz representation discovery and task conditioning: contracts, preconfirmation freeze, benchmark results, audits, report."
02_CONTROLLED_STUDIES/02_Lorenz_Representation_Discovery/sir_contract/discovery_contract.py,D:\SIR_paper\Lorenz\task_conditioning_benchmark\sir_contract\discovery_contract.py,839,0771138eace4716bcacecdc295fae7d3f2b3147206adea9626260351aebac33f,2026-08-28T03:26:20.180736+00:00,controlled_study,"Results 1.3, 1.4; Supplement S6",SIR-LORENZ-TASK-CONDITIONING,CANONICAL,yes,"Partially observed Lorenz representation discovery and task conditioning: contracts, preconfirmation freeze, benchmark results, audits, report."
02_CONTROLLED_STUDIES/02_Lorenz_Representation_Discovery/sir_contract/qualification.py,D:\SIR_paper\Lorenz\task_conditioning_benchmark\sir_contract\qualification.py,2931,2697163f9ddcbaf5ab69837d9ab9594ddfd37e5e16f5e96dbf2ef6d54c62bef7,2026-08-28T03:26:35.008193+00:00,controlled_study,"Results 1.3, 1.4; Supplement S6",SIR-LORENZ-TASK-CONDITIONING,CANONICAL,yes,"Partially observed Lorenz representation discovery and task conditioning: contracts, preconfirmation freeze, benchmark results, audits, report."
02_CONTROLLED_STUDIES/02_Lorenz_Representation_Discovery/sir_contract/scientific_object.py,D:\SIR_paper\Lorenz\task_conditioning_benchmark\sir_contract\scientific_object.py,1971,e795b16c27e928d62c5cff1f833bfe71c7188953b809fbe0ee35dd0db6143509,2026-08-28T03:26:14.348886+00:00,controlled_study,"Results 1.3, 1.4; Supplement S6",SIR-LORENZ-TASK-CONDITIONING,CANONICAL,yes,"Partially observed Lorenz representation discovery and task conditioning: contracts, preconfirmation freeze, benchmark results, audits, report."
02_CONTROLLED_STUDIES/02_Lorenz_Representation_Discovery/sir_contract/validation.py,D:\SIR_paper\Lorenz\task_conditioning_benchmark\sir_contract\validation.py,683,aac141f33291bd8a16981550bb16941587a065a2df991292193125f568a63c22,2026-08-28T03:26:49.803329+00:00,controlled_study,"Results 1.3, 1.4; Supplement S6",SIR-LORENZ-TASK-CONDITIONING,CANONICAL,yes,"Partially observed Lorenz representation discovery and task conditioning: contracts, preconfirmation freeze, benchmark results, audits, report."
02_CONTROLLED_STUDIES/02_Lorenz_Representation_Discovery/sir_mcp/containment/mcp_containment.json,D:\SIR_paper\Lorenz\task_conditioning_benchmark\sir_mcp\containment\mcp_containment.json,2159,5fb3e9a40ed48dac5f9527dd6731df5cf8f91ffc5490641772f45b1f68ca4bab,2026-08-28T03:34:11.262472+00:00,controlled_study,"Results 1.3, 1.4; Supplement S6",SIR-LORENZ-TASK-CONDITIONING,CANONICAL,yes,"Partially observed Lorenz representation discovery and task conditioning: contracts, preconfirmation freeze, benchmark results, audits, report."
02_CONTROLLED_STUDIES/02_Lorenz_Representation_Discovery/tables/benchmark_summary.tex,D:\SIR_paper\Lorenz\task_conditioning_benchmark\tables\benchmark_summary.tex,862,6f7a7b872c6443409ea84ac88889aee6c42ef33eb9c78d164a89375edfee414f,2026-08-28T04:27:18.600046+00:00,controlled_study,"Results 1.3, 1.4; Supplement S6",SIR-LORENZ-TASK-CONDITIONING,CANONICAL,yes,"Partially observed Lorenz representation discovery and task conditioning: contracts, preconfirmation freeze, benchmark results, audits, report."
02_CONTROLLED_STUDIES/02_Lorenz_Representation_Discovery/tables/confirmation_per_trajectory.csv,D:\SIR_paper\Lorenz\task_conditioning_benchmark\tables\confirmation_per_trajectory.csv,26603,0d19521c29e3380ede69bf7d907a7809bd8907d103aa7921a49dab3adbfeee1f,2026-08-28T03:44:30.393567+00:00,controlled_study,"Results 1.3, 1.4; Supplement S6",SIR-LORENZ-TASK-CONDITIONING,CANONICAL,yes,"Partially observed Lorenz representation discovery and task conditioning: contracts, preconfirmation freeze, benchmark results, audits, report."
02_CONTROLLED_STUDIES/02_Lorenz_Representation_Discovery/tables/confirmation_results.csv,D:\SIR_paper\Lorenz\task_conditioning_benchmark\tables\confirmation_results.csv,3709,e89fbca1c6c947050436f2dbb1525cd4a8033763fd09e187370bc7a3f7449d10,2026-08-28T03:44:30.391798+00:00,controlled_study,"Results 1.3, 1.4; Supplement S6",SIR-LORENZ-TASK-CONDITIONING,CANONICAL,yes,"Partially observed Lorenz representation discovery and task conditioning: contracts, preconfirmation freeze, benchmark results, audits, report."
02_CONTROLLED_STUDIES/02_Lorenz_Representation_Discovery/tables/containment.csv,D:\SIR_paper\Lorenz\task_conditioning_benchmark\tables\containment.csv,643,5a896d1fe09f9f340b39f529f5b571b7c6f979fc75b5644138b9e15400402db8,2026-08-28T04:27:18.592098+00:00,controlled_study,"Results 1.3, 1.4; Supplement S6",SIR-LORENZ-TASK-CONDITIONING,CANONICAL,yes,"Partially observed Lorenz representation discovery and task conditioning: contracts, preconfirmation freeze, benchmark results, audits, report."
02_CONTROLLED_STUDIES/02_Lorenz_Representation_Discovery/tables/contract_selections.csv,D:\SIR_paper\Lorenz\task_conditioning_benchmark\tables\contract_selections.csv,1341,4c8788071879b5723b2b8c75ad6096e13a0934b021d06ed15f7fdcdb1e3cc094,2026-08-28T04:27:18.593097+00:00,controlled_study,"Results 1.3, 1.4; Supplement S6",SIR-LORENZ-TASK-CONDITIONING,CANONICAL,yes,"Partially observed Lorenz representation discovery and task conditioning: contracts, preconfirmation freeze, benchmark results, audits, report."
02_CONTROLLED_STUDIES/02_Lorenz_Representation_Discovery/tables/equivalence_sensitivity.csv,D:\SIR_paper\Lorenz\task_conditioning_benchmark\tables\equivalence_sensitivity.csv,417,88ef4cc622841f3c338c5674168eab129752bcfa6ae292507f04fbcbc21a1010,2026-08-28T03:32:08.812228+00:00,controlled_study,"Results 1.3, 1.4; Supplement S6",SIR-LORENZ-TASK-CONDITIONING,CANONICAL,yes,"Partially observed Lorenz representation discovery and task conditioning: contracts, preconfirmation freeze, benchmark results, audits, report."
02_CONTROLLED_STUDIES/02_Lorenz_Representation_Discovery/tables/mlp_comparators.csv,D:\SIR_paper\Lorenz\task_conditioning_benchmark\tables\mlp_comparators.csv,928,6e87b61054b3e6d114b877f986f4923817caa1a3aebf32cac05351d5c48a0313,2026-08-28T04:27:18.595890+00:00,controlled_study,"Results 1.3, 1.4; Supplement S6",SIR-LORENZ-TASK-CONDITIONING,CANONICAL,yes,"Partially observed Lorenz representation discovery and task conditioning: contracts, preconfirmation freeze, benchmark results, audits, report."
02_CONTROLLED_STUDIES/02_Lorenz_Representation_Discovery/tables/noise_robustness.csv,D:\SIR_paper\Lorenz\task_conditioning_benchmark\tables\noise_robustness.csv,1885,6818b045bc690f8ee90200d1c80614ae426542340325057a783c9be36be51d82,2026-08-28T04:27:18.596894+00:00,controlled_study,"Results 1.3, 1.4; Supplement S6",SIR-LORENZ-TASK-CONDITIONING,CANONICAL,yes,"Partially observed Lorenz representation discovery and task conditioning: contracts, preconfirmation freeze, benchmark results, audits, report."
02_CONTROLLED_STUDIES/02_Lorenz_Representation_Discovery/tables/pysindy_comparators.csv,D:\SIR_paper\Lorenz\task_conditioning_benchmark\tables\pysindy_comparators.csv,2898,d79f7b815b62c875b90622a39ace0d4a949e37d48c464069783125e62e94b1c3,2026-08-28T04:27:18.594890+00:00,controlled_study,"Results 1.3, 1.4; Supplement S6",SIR-LORENZ-TASK-CONDITIONING,CANONICAL,yes,"Partially observed Lorenz representation discovery and task conditioning: contracts, preconfirmation freeze, benchmark results, audits, report."
02_CONTROLLED_STUDIES/02_Lorenz_Representation_Discovery/tables/representation_complexity.csv,D:\SIR_paper\Lorenz\task_conditioning_benchmark\tables\representation_complexity.csv,1406,6d6e5354616b77e135f4466cb3dff8a3d7963f357c0eadca0afa4173bf2c9e1b,2026-08-28T04:27:18.598109+00:00,controlled_study,"Results 1.3, 1.4; Supplement S6",SIR-LORENZ-TASK-CONDITIONING,CANONICAL,yes,"Partially observed Lorenz representation discovery and task conditioning: contracts, preconfirmation freeze, benchmark results, audits, report."
02_CONTROLLED_STUDIES/02_Lorenz_Representation_Discovery/tables/selection_stability.csv,D:\SIR_paper\Lorenz\task_conditioning_benchmark\tables\selection_stability.csv,4727,fed3e0b29967021ad16342adf2c20d263ce380fd873210f776b40b74d1a365ab,2026-08-28T03:32:08.814242+00:00,controlled_study,"Results 1.3, 1.4; Supplement S6",SIR-LORENZ-TASK-CONDITIONING,CANONICAL,yes,"Partially observed Lorenz representation discovery and task conditioning: contracts, preconfirmation freeze, benchmark results, audits, report."
02_CONTROLLED_STUDIES/02_Lorenz_Representation_Discovery/tests/test_task_conditioning.py,D:\SIR_paper\Lorenz\task_conditioning_benchmark\tests\test_task_conditioning.py,11511,adffacc59bc91d40003b8301ff32fcdf9c9a54561275f512bcbc3dbb3074cef4,2026-08-28T03:32:09.609884+00:00,controlled_study,"Results 1.3, 1.4; Supplement S6",SIR-LORENZ-TASK-CONDITIONING,CANONICAL,yes,"Partially observed Lorenz representation discovery and task conditioning: contracts, preconfirmation freeze, benchmark results, audits, report."
02_CONTROLLED_STUDIES/02_Lorenz_Representation_Discovery/tests/test_wrapper_independence.py,D:\SIR_paper\Lorenz\task_conditioning_benchmark\tests\test_wrapper_independence.py,3885,0f508ab91a45335582d5de6eb748d073cfbedda009b03500bb6695b780358486,2026-08-28T03:29:53.638695+00:00,controlled_study,"Results 1.3, 1.4; Supplement S6",SIR-LORENZ-TASK-CONDITIONING,CANONICAL,yes,"Partially observed Lorenz representation discovery and task conditioning: contracts, preconfirmation freeze, benchmark results, audits, report."
02_CONTROLLED_STUDIES/02_Lorenz_Representation_Discovery/trajectories/lorenz_dt001.parquet,D:\SIR_paper\Lorenz\data\lorenz_dt001.parquet,1443967,a8bce7d5c03e3b3ed2015f8e7ed5a2729e2b28bcee15095a08735377e734c83e,2026-07-14T22:59:14.221676+00:00,controlled_study,Results 1.3,SIR-LORENZ-TASK-CONDITIONING,CANONICAL,yes,Generated Lorenz trajectory realizations.
02_CONTROLLED_STUDIES/02_Lorenz_Representation_Discovery/trajectories/lorenz_dt001_exact_derivatives.parquet,D:\SIR_paper\Lorenz\data\lorenz_dt001_exact_derivatives.parquet,2638856,1ab2d69d649e4c981afce427bf833150ba268b71dab618d0fcaa2e454efc160f,2026-07-14T22:59:14.235531+00:00,controlled_study,Results 1.3,SIR-LORENZ-TASK-CONDITIONING,CANONICAL,yes,Generated Lorenz trajectory realizations.
02_CONTROLLED_STUDIES/03_Heterogeneous_Parameter_Oscillator/README.md,D:\SIR_paper\Stochastic oscillator\README.md,555,f9ec779f550756ec4b0c03f8a39023c9e5e02b9acfc2658895319d0c91f58c13,2026-09-10T20:23:26.525985+00:00,controlled_study,Results 1.3; Supplement S6,SIR-SHO-ENSEMBLE,CANONICAL,yes,"Shared structure with heterogeneous parameter alpha: 40 realizations, provider, coefficient-recovery outputs."
02_CONTROLLED_STUDIES/03_Heterogeneous_Parameter_Oscillator/coefficient_cdf_true_vs_recovered.pdf,D:\SIR_paper\Stochastic oscillator\coefficient_cdf_true_vs_recovered.pdf,21546,607082d8747e2c7e3eb56b19fd1eb286ed25c47905af3f678097c9e9375ed625,2026-07-14T22:59:14.258326+00:00,controlled_study,Results 1.3; Supplement S6,SIR-SHO-ENSEMBLE,CANONICAL,yes,"Shared structure with heterogeneous parameter alpha: 40 realizations, provider, coefficient-recovery outputs."
02_CONTROLLED_STUDIES/03_Heterogeneous_Parameter_Oscillator/coefficient_cdf_true_vs_recovered.png,D:\SIR_paper\Stochastic oscillator\coefficient_cdf_true_vs_recovered.png,163205,a191ef3fee139df7e0d6b59ad459604616a389640a5b5d3da94cfd5ba801ccfd,2026-07-14T22:59:14.260033+00:00,controlled_study,Results 1.3; Supplement S6,SIR-SHO-ENSEMBLE,CANONICAL,yes,"Shared structure with heterogeneous parameter alpha: 40 realizations, provider, coefficient-recovery outputs."
02_CONTROLLED_STUDIES/03_Heterogeneous_Parameter_Oscillator/coefficient_cdf_true_vs_recovered.svg,D:\SIR_paper\Stochastic oscillator\coefficient_cdf_true_vs_recovered.svg,39399,77d8a43d878401df3441bdc2123b96d787beee7c0acfb27ab8e8c8c37ac24a03,2026-07-14T22:59:14.260537+00:00,controlled_study,Results 1.3; Supplement S6,SIR-SHO-ENSEMBLE,CANONICAL,yes,"Shared structure with heterogeneous parameter alpha: 40 realizations, provider, coefficient-recovery outputs."
02_CONTROLLED_STUDIES/03_Heterogeneous_Parameter_Oscillator/custom_graphs.py,D:\SIR_paper\Stochastic oscillator\custom_graphs.py,6087,6d3c526ff352c3ec7473384b1efdb963ea6b521e734ee52c7ef28e24925e82bc,2026-08-15T23:48:28.269941+00:00,controlled_study,Results 1.3; Supplement S6,SIR-SHO-ENSEMBLE,CANONICAL,yes,"Shared structure with heterogeneous parameter alpha: 40 realizations, provider, coefficient-recovery outputs."
02_CONTROLLED_STUDIES/03_Heterogeneous_Parameter_Oscillator/data/realization_00.parquet,D:\SIR_paper\Stochastic oscillator\data\realization_00.parquet,383409,78da65f80bf5783c34220f2aba13900102174548be634925808fe1d419a36b8f,2026-08-21T22:27:41.841398+00:00,controlled_study,Results 1.3; Supplement S6,SIR-SHO-ENSEMBLE,CANONICAL,yes,"Shared structure with heterogeneous parameter alpha: 40 realizations, provider, coefficient-recovery outputs."
02_CONTROLLED_STUDIES/03_Heterogeneous_Parameter_Oscillator/data/realization_01.parquet,D:\SIR_paper\Stochastic oscillator\data\realization_01.parquet,383409,8cae4b7c941bab61ff3a444178558d0145791c0c341b68b4ef5da61f16dbc7cb,2026-08-21T22:27:41.845045+00:00,controlled_study,Results 1.3; Supplement S6,SIR-SHO-ENSEMBLE,CANONICAL,yes,"Shared structure with heterogeneous parameter alpha: 40 realizations, provider, coefficient-recovery outputs."
02_CONTROLLED_STUDIES/03_Heterogeneous_Parameter_Oscillator/data/realization_02.parquet,D:\SIR_paper\Stochastic oscillator\data\realization_02.parquet,383409,41437da8ec4b423a3da13a873f34cf43ebb156afceda2d9e4b644def5735b780,2026-08-21T22:27:41.848628+00:00,controlled_study,Results 1.3; Supplement S6,SIR-SHO-ENSEMBLE,CANONICAL,yes,"Shared structure with heterogeneous parameter alpha: 40 realizations, provider, coefficient-recovery outputs."
02_CONTROLLED_STUDIES/03_Heterogeneous_Parameter_Oscillator/data/realization_03.parquet,D:\SIR_paper\Stochastic oscillator\data\realization_03.parquet,383408,da865b5c6e0059d38642164b5f32b72aae165f496fb9796900d52ee12a6f2541,2026-08-21T22:27:41.853401+00:00,controlled_study,Results 1.3; Supplement S6,SIR-SHO-ENSEMBLE,CANONICAL,yes,"Shared structure with heterogeneous parameter alpha: 40 realizations, provider, coefficient-recovery outputs."
02_CONTROLLED_STUDIES/03_Heterogeneous_Parameter_Oscillator/data/realization_04.parquet,D:\SIR_paper\Stochastic oscillator\data\realization_04.parquet,383409,a9ba9e10d78ef74db3027ad2a6b83f1446242f1541e11425bd0347897de1c851,2026-08-21T22:27:41.857523+00:00,controlled_study,Results 1.3; Supplement S6,SIR-SHO-ENSEMBLE,CANONICAL,yes,"Shared structure with heterogeneous parameter alpha: 40 realizations, provider, coefficient-recovery outputs."
02_CONTROLLED_STUDIES/03_Heterogeneous_Parameter_Oscillator/data/realization_05.parquet,D:\SIR_paper\Stochastic oscillator\data\realization_05.parquet,383409,ad75d871289554012680ab29cc50181c12c72023871fb5c425034b1ad6d807cb,2026-08-21T22:27:41.861718+00:00,controlled_study,Results 1.3; Supplement S6,SIR-SHO-ENSEMBLE,CANONICAL,yes,"Shared structure with heterogeneous parameter alpha: 40 realizations, provider, coefficient-recovery outputs."
02_CONTROLLED_STUDIES/03_Heterogeneous_Parameter_Oscillator/data/realization_06.parquet,D:\SIR_paper\Stochastic oscillator\data\realization_06.parquet,383409,91326d039dbcf9a699b6d8be81d850159006ba250c46e8d77bc3a98df2de84b1,2026-08-21T22:27:41.865865+00:00,controlled_study,Results 1.3; Supplement S6,SIR-SHO-ENSEMBLE,CANONICAL,yes,"Shared structure with heterogeneous parameter alpha: 40 realizations, provider, coefficient-recovery outputs."
02_CONTROLLED_STUDIES/03_Heterogeneous_Parameter_Oscillator/data/realization_07.parquet,D:\SIR_paper\Stochastic oscillator\data\realization_07.parquet,383409,b45372b8a6fe27fb6f193e9e40a1bb0e3aa91fd27aba04e07f69957f0b7e776d,2026-08-21T22:27:41.870067+00:00,controlled_study,Results 1.3; Supplement S6,SIR-SHO-ENSEMBLE,CANONICAL,yes,"Shared structure with heterogeneous parameter alpha: 40 realizations, provider, coefficient-recovery outputs."
02_CONTROLLED_STUDIES/03_Heterogeneous_Parameter_Oscillator/data/realization_08.parquet,D:\SIR_paper\Stochastic oscillator\data\realization_08.parquet,383409,edbd30e56067c841ccbe26f3beac82305e25819f632f877538661ae4a68ff2c9,2026-08-21T22:27:41.873794+00:00,controlled_study,Results 1.3; Supplement S6,SIR-SHO-ENSEMBLE,CANONICAL,yes,"Shared structure with heterogeneous parameter alpha: 40 realizations, provider, coefficient-recovery outputs."
02_CONTROLLED_STUDIES/03_Heterogeneous_Parameter_Oscillator/data/realization_09.parquet,D:\SIR_paper\Stochastic oscillator\data\realization_09.parquet,383409,dac8f7e90c6f998042430ddce99ed5d9d749de65d05c05992bcb86248a212455,2026-08-21T22:27:41.877859+00:00,controlled_study,Results 1.3; Supplement S6,SIR-SHO-ENSEMBLE,CANONICAL,yes,"Shared structure with heterogeneous parameter alpha: 40 realizations, provider, coefficient-recovery outputs."
02_CONTROLLED_STUDIES/03_Heterogeneous_Parameter_Oscillator/data/realization_10.parquet,D:\SIR_paper\Stochastic oscillator\data\realization_10.parquet,383409,de1f74b15b281b6d4865f73c4279eac6cc9659c5b8725eff89f5bf9b060678d8,2026-08-21T22:27:41.884018+00:00,controlled_study,Results 1.3; Supplement S6,SIR-SHO-ENSEMBLE,CANONICAL,yes,"Shared structure with heterogeneous parameter alpha: 40 realizations, provider, coefficient-recovery outputs."
02_CONTROLLED_STUDIES/03_Heterogeneous_Parameter_Oscillator/data/realization_11.parquet,D:\SIR_paper\Stochastic oscillator\data\realization_11.parquet,383408,722ab98166ba77e32c47e18b0b7ee74af1f767e8dc0e1028b2f0d80dc17982d8,2026-08-21T22:27:41.887215+00:00,controlled_study,Results 1.3; Supplement S6,SIR-SHO-ENSEMBLE,CANONICAL,yes,"Shared structure with heterogeneous parameter alpha: 40 realizations, provider, coefficient-recovery outputs."
02_CONTROLLED_STUDIES/03_Heterogeneous_Parameter_Oscillator/data/realization_12.parquet,D:\SIR_paper\Stochastic oscillator\data\realization_12.parquet,383409,351294a11a3aa677b6fbc7440d6b2297306eafad9d61dc89dd59a5effba17d80,2026-08-21T22:27:41.890807+00:00,controlled_study,Results 1.3; Supplement S6,SIR-SHO-ENSEMBLE,CANONICAL,yes,"Shared structure with heterogeneous parameter alpha: 40 realizations, provider, coefficient-recovery outputs."
02_CONTROLLED_STUDIES/03_Heterogeneous_Parameter_Oscillator/data/realization_13.parquet,D:\SIR_paper\Stochastic oscillator\data\realization_13.parquet,383408,fd62d6043b20c63fb31b96ef125108aebf2755868415248dcdb86538ff2bcd3a,2026-08-21T22:27:41.894872+00:00,controlled_study,Results 1.3; Supplement S6,SIR-SHO-ENSEMBLE,CANONICAL,yes,"Shared structure with heterogeneous parameter alpha: 40 realizations, provider, coefficient-recovery outputs."
02_CONTROLLED_STUDIES/03_Heterogeneous_Parameter_Oscillator/data/realization_14.parquet,D:\SIR_paper\Stochastic oscillator\data\realization_14.parquet,383409,caf45c082cf37b6b57dab7505124eb8c0be1ff1fd79bcadd64d4804b6ec86be3,2026-08-21T22:27:41.898551+00:00,controlled_study,Results 1.3; Supplement S6,SIR-SHO-ENSEMBLE,CANONICAL,yes,"Shared structure with heterogeneous parameter alpha: 40 realizations, provider, coefficient-recovery outputs."
02_CONTROLLED_STUDIES/03_Heterogeneous_Parameter_Oscillator/data/realization_15.parquet,D:\SIR_paper\Stochastic oscillator\data\realization_15.parquet,383409,6489d47c11af89662aacdadff27013056f828d20c63dc3e320e72d22ea9d6385,2026-08-21T22:27:41.902116+00:00,controlled_study,Results 1.3; Supplement S6,SIR-SHO-ENSEMBLE,CANONICAL,yes,"Shared structure with heterogeneous parameter alpha: 40 realizations, provider, coefficient-recovery outputs."
02_CONTROLLED_STUDIES/03_Heterogeneous_Parameter_Oscillator/data/realization_16.parquet,D:\SIR_paper\Stochastic oscillator\data\realization_16.parquet,383409,a29c5434785a1365248ccc0c0407b629ebacf3405e86b7961b87474d14c93fd9,2026-08-21T22:27:41.905468+00:00,controlled_study,Results 1.3; Supplement S6,SIR-SHO-ENSEMBLE,CANONICAL,yes,"Shared structure with heterogeneous parameter alpha: 40 realizations, provider, coefficient-recovery outputs."
02_CONTROLLED_STUDIES/03_Heterogeneous_Parameter_Oscillator/data/realization_17.parquet,D:\SIR_paper\Stochastic oscillator\data\realization_17.parquet,383408,d077b636d77e362dfe73a29b720b0a3dc21c6f07cde0f882b7a21354ffa6b55e,2026-08-21T22:27:41.909240+00:00,controlled_study,Results 1.3; Supplement S6,SIR-SHO-ENSEMBLE,CANONICAL,yes,"Shared structure with heterogeneous parameter alpha: 40 realizations, provider, coefficient-recovery outputs."
02_CONTROLLED_STUDIES/03_Heterogeneous_Parameter_Oscillator/data/realization_18.parquet,D:\SIR_paper\Stochastic oscillator\data\realization_18.parquet,383409,6973ea956a64767487069792fc648583b0ea0c28f2fca8ba0785e4f7d8af315b,2026-08-21T22:27:41.912531+00:00,controlled_study,Results 1.3; Supplement S6,SIR-SHO-ENSEMBLE,CANONICAL,yes,"Shared structure with heterogeneous parameter alpha: 40 realizations, provider, coefficient-recovery outputs."
02_CONTROLLED_STUDIES/03_Heterogeneous_Parameter_Oscillator/data/realization_19.parquet,D:\SIR_paper\Stochastic oscillator\data\realization_19.parquet,383409,00467061232d84d67a8c692a5f31ba3772f184b406ddc2bec4d8f2c9ea23dfe8,2026-08-21T22:27:41.916341+00:00,controlled_study,Results 1.3; Supplement S6,SIR-SHO-ENSEMBLE,CANONICAL,yes,"Shared structure with heterogeneous parameter alpha: 40 realizations, provider, coefficient-recovery outputs."
02_CONTROLLED_STUDIES/03_Heterogeneous_Parameter_Oscillator/data/realization_20.parquet,D:\SIR_paper\Stochastic oscillator\data\realization_20.parquet,383409,399f0a11ec7740dbd22e1a9c5329c434b5f8bfcc5695e9ebff4b813955550d1b,2026-08-21T22:27:41.919881+00:00,controlled_study,Results 1.3; Supplement S6,SIR-SHO-ENSEMBLE,CANONICAL,yes,"Shared structure with heterogeneous parameter alpha: 40 realizations, provider, coefficient-recovery outputs."
02_CONTROLLED_STUDIES/03_Heterogeneous_Parameter_Oscillator/data/realization_21.parquet,D:\SIR_paper\Stochastic oscillator\data\realization_21.parquet,383409,f868be485513415acd3c088303770aa97b15b62476a6714896ea75ef3f7565aa,2026-08-21T22:27:41.923913+00:00,controlled_study,Results 1.3; Supplement S6,SIR-SHO-ENSEMBLE,CANONICAL,yes,"Shared structure with heterogeneous parameter alpha: 40 realizations, provider, coefficient-recovery outputs."
02_CONTROLLED_STUDIES/03_Heterogeneous_Parameter_Oscillator/data/realization_22.parquet,D:\SIR_paper\Stochastic oscillator\data\realization_22.parquet,383408,d67245b9375ab7061db3aaa3c2e724cea2c40842c9e45bd881b2354b3a364baf,2026-08-21T22:27:41.927332+00:00,controlled_study,Results 1.3; Supplement S6,SIR-SHO-ENSEMBLE,CANONICAL,yes,"Shared structure with heterogeneous parameter alpha: 40 realizations, provider, coefficient-recovery outputs."
02_CONTROLLED_STUDIES/03_Heterogeneous_Parameter_Oscillator/data/realization_23.parquet,D:\SIR_paper\Stochastic oscillator\data\realization_23.parquet,383409,a5137d3f55956f0d449f9de6862bdbacc906cb49e35112b9792e8a6d5f3757f2,2026-08-21T22:27:41.930794+00:00,controlled_study,Results 1.3; Supplement S6,SIR-SHO-ENSEMBLE,CANONICAL,yes,"Shared structure with heterogeneous parameter alpha: 40 realizations, provider, coefficient-recovery outputs."
02_CONTROLLED_STUDIES/03_Heterogeneous_Parameter_Oscillator/data/realization_24.parquet,D:\SIR_paper\Stochastic oscillator\data\realization_24.parquet,383409,eae6307345c29876144da4581a4efff1222335460dfc7a743c20feef4265b5b9,2026-08-21T22:27:41.934288+00:00,controlled_study,Results 1.3; Supplement S6,SIR-SHO-ENSEMBLE,CANONICAL,yes,"Shared structure with heterogeneous parameter alpha: 40 realizations, provider, coefficient-recovery outputs."
02_CONTROLLED_STUDIES/03_Heterogeneous_Parameter_Oscillator/data/realization_25.parquet,D:\SIR_paper\Stochastic oscillator\data\realization_25.parquet,383409,445fdad6618e8be0ac8bfc22e9681d88a9847d96a1c8748c610921ee40517641,2026-08-21T22:27:41.938329+00:00,controlled_study,Results 1.3; Supplement S6,SIR-SHO-ENSEMBLE,CANONICAL,yes,"Shared structure with heterogeneous parameter alpha: 40 realizations, provider, coefficient-recovery outputs."
02_CONTROLLED_STUDIES/03_Heterogeneous_Parameter_Oscillator/data/realization_26.parquet,D:\SIR_paper\Stochastic oscillator\data\realization_26.parquet,383409,3bac59b3c5af9b31311bcee25d878114f37188bc20d4115ccfbe937bc21f1269,2026-08-21T22:27:41.941331+00:00,controlled_study,Results 1.3; Supplement S6,SIR-SHO-ENSEMBLE,CANONICAL,yes,"Shared structure with heterogeneous parameter alpha: 40 realizations, provider, coefficient-recovery outputs."
02_CONTROLLED_STUDIES/03_Heterogeneous_Parameter_Oscillator/data/realization_27.parquet,D:\SIR_paper\Stochastic oscillator\data\realization_27.parquet,383409,3c748038fbc1c39008e0aaccc605fac18f0d861443618194fb5976c0f101ef1f,2026-08-21T22:27:41.944968+00:00,controlled_study,Results 1.3; Supplement S6,SIR-SHO-ENSEMBLE,CANONICAL,yes,"Shared structure with heterogeneous parameter alpha: 40 realizations, provider, coefficient-recovery outputs."
02_CONTROLLED_STUDIES/03_Heterogeneous_Parameter_Oscillator/data/realization_28.parquet,D:\SIR_paper\Stochastic oscillator\data\realization_28.parquet,383409,ecf08bcb01e5067458f0d422676147601d18cc41135affa81fab379959fb6ba4,2026-08-21T22:27:41.948982+00:00,controlled_study,Results 1.3; Supplement S6,SIR-SHO-ENSEMBLE,CANONICAL,yes,"Shared structure with heterogeneous parameter alpha: 40 realizations, provider, coefficient-recovery outputs."
02_CONTROLLED_STUDIES/03_Heterogeneous_Parameter_Oscillator/data/realization_29.parquet,D:\SIR_paper\Stochastic oscillator\data\realization_29.parquet,383409,d10234b9ca7de8797f2ee00e32d8a44a7c330d6d5eb888985217445bc3fe349a,2026-08-21T22:27:41.952500+00:00,controlled_study,Results 1.3; Supplement S6,SIR-SHO-ENSEMBLE,CANONICAL,yes,"Shared structure with heterogeneous parameter alpha: 40 realizations, provider, coefficient-recovery outputs."
02_CONTROLLED_STUDIES/03_Heterogeneous_Parameter_Oscillator/data/realization_30.parquet,D:\SIR_paper\Stochastic oscillator\data\realization_30.parquet,383409,5b5e4750d35f915e42104077ff10319e5b7d302038d2cbdce825fafdb61415d6,2026-08-21T22:27:41.956509+00:00,controlled_study,Results 1.3; Supplement S6,SIR-SHO-ENSEMBLE,CANONICAL,yes,"Shared structure with heterogeneous parameter alpha: 40 realizations, provider, coefficient-recovery outputs."
02_CONTROLLED_STUDIES/03_Heterogeneous_Parameter_Oscillator/data/realization_31.parquet,D:\SIR_paper\Stochastic oscillator\data\realization_31.parquet,383409,b392598e023e6cfd90ca0069f716be6a6228cd99b4a332616fd061987ba32462,2026-08-21T22:27:41.959696+00:00,controlled_study,Results 1.3; Supplement S6,SIR-SHO-ENSEMBLE,CANONICAL,yes,"Shared structure with heterogeneous parameter alpha: 40 realizations, provider, coefficient-recovery outputs."
02_CONTROLLED_STUDIES/03_Heterogeneous_Parameter_Oscillator/data/realization_32.parquet,D:\SIR_paper\Stochastic oscillator\data\realization_32.parquet,383409,35510a5791954420343a98fdd4d25ee91e02150eb6da3213f3b65b2fe15e571e,2026-08-21T22:27:41.963196+00:00,controlled_study,Results 1.3; Supplement S6,SIR-SHO-ENSEMBLE,CANONICAL,yes,"Shared structure with heterogeneous parameter alpha: 40 realizations, provider, coefficient-recovery outputs."
02_CONTROLLED_STUDIES/03_Heterogeneous_Parameter_Oscillator/data/realization_33.parquet,D:\SIR_paper\Stochastic oscillator\data\realization_33.parquet,383409,c67b9270fc2d236ec98b4f40c4fa16b64fb907d1f4db1ec4ac2b538cf4497e71,2026-08-21T22:27:41.966614+00:00,controlled_study,Results 1.3; Supplement S6,SIR-SHO-ENSEMBLE,CANONICAL,yes,"Shared structure with heterogeneous parameter alpha: 40 realizations, provider, coefficient-recovery outputs."
02_CONTROLLED_STUDIES/03_Heterogeneous_Parameter_Oscillator/data/realization_34.parquet,D:\SIR_paper\Stochastic oscillator\data\realization_34.parquet,383409,cf868d2ddd0117a61de984b03d67d1cb8c97eeb128cc616e99acb9dbd457ecc4,2026-08-21T22:27:41.969966+00:00,controlled_study,Results 1.3; Supplement S6,SIR-SHO-ENSEMBLE,CANONICAL,yes,"Shared structure with heterogeneous parameter alpha: 40 realizations, provider, coefficient-recovery outputs."
02_CONTROLLED_STUDIES/03_Heterogeneous_Parameter_Oscillator/data/realization_35.parquet,D:\SIR_paper\Stochastic oscillator\data\realization_35.parquet,383409,6199cb1fd854fa7675a4c07c0494a54a8246857157dcb8e6b1d8ee77c10f0097,2026-08-21T22:27:41.974030+00:00,controlled_study,Results 1.3; Supplement S6,SIR-SHO-ENSEMBLE,CANONICAL,yes,"Shared structure with heterogeneous parameter alpha: 40 realizations, provider, coefficient-recovery outputs."
02_CONTROLLED_STUDIES/03_Heterogeneous_Parameter_Oscillator/data/realization_36.parquet,D:\SIR_paper\Stochastic oscillator\data\realization_36.parquet,383408,bb30e40d4a7252bbf790a87d65e51a8db637ed786ce5d863a3947911e2d11299,2026-08-21T22:27:41.977951+00:00,controlled_study,Results 1.3; Supplement S6,SIR-SHO-ENSEMBLE,CANONICAL,yes,"Shared structure with heterogeneous parameter alpha: 40 realizations, provider, coefficient-recovery outputs."
02_CONTROLLED_STUDIES/03_Heterogeneous_Parameter_Oscillator/data/realization_37.parquet,D:\SIR_paper\Stochastic oscillator\data\realization_37.parquet,383409,132c37cb10a41e59612b47c7f39e217aba71c48ae5269d162a4a309594f15abf,2026-08-21T22:27:41.981966+00:00,controlled_study,Results 1.3; Supplement S6,SIR-SHO-ENSEMBLE,CANONICAL,yes,"Shared structure with heterogeneous parameter alpha: 40 realizations, provider, coefficient-recovery outputs."
02_CONTROLLED_STUDIES/03_Heterogeneous_Parameter_Oscillator/data/realization_38.parquet,D:\SIR_paper\Stochastic oscillator\data\realization_38.parquet,383409,4706a92d634242b9ed43d58a39a620996fd08eb69fc47fb557963e2b69d6009a,2026-08-21T22:27:41.985357+00:00,controlled_study,Results 1.3; Supplement S6,SIR-SHO-ENSEMBLE,CANONICAL,yes,"Shared structure with heterogeneous parameter alpha: 40 realizations, provider, coefficient-recovery outputs."
02_CONTROLLED_STUDIES/03_Heterogeneous_Parameter_Oscillator/data/realization_39.parquet,D:\SIR_paper\Stochastic oscillator\data\realization_39.parquet,383409,bdbcd37e7e70882e3aa005101621bc7d7bffdce26136f404dafaa158ee299da8,2026-08-21T22:27:41.989358+00:00,controlled_study,Results 1.3; Supplement S6,SIR-SHO-ENSEMBLE,CANONICAL,yes,"Shared structure with heterogeneous parameter alpha: 40 realizations, provider, coefficient-recovery outputs."
02_CONTROLLED_STUDIES/03_Heterogeneous_Parameter_Oscillator/data_provider.py,D:\SIR_paper\Stochastic oscillator\data_provider.py,5215,2d34e0cdee69ec0bbfe05994ac2302b34835a8072f053ac773322820796dd19c,2026-08-15T23:48:16.106782+00:00,controlled_study,Results 1.3; Supplement S6,SIR-SHO-ENSEMBLE,CANONICAL,yes,"Shared structure with heterogeneous parameter alpha: 40 realizations, provider, coefficient-recovery outputs."
02_CONTROLLED_STUDIES/03_Heterogeneous_Parameter_Oscillator/sho_ensemble.pdf,D:\SIR_paper\Stochastic oscillator\sho_ensemble.pdf,63912,d625da8b88dba9f026246151c8056222bde9e21380390d32c0287215a884d475,2026-08-21T22:27:42.705430+00:00,controlled_study,Results 1.3; Supplement S6,SIR-SHO-ENSEMBLE,CANONICAL,yes,"Shared structure with heterogeneous parameter alpha: 40 realizations, provider, coefficient-recovery outputs."
02_CONTROLLED_STUDIES/03_Heterogeneous_Parameter_Oscillator/sho_ensemble.png,D:\SIR_paper\Stochastic oscillator\sho_ensemble.png,1939524,32fe9129ad630743380f316add01407f16af16fc787c7c4f5607ec1abaaa4f18,2026-08-21T22:27:42.464674+00:00,controlled_study,Results 1.3; Supplement S6,SIR-SHO-ENSEMBLE,CANONICAL,yes,"Shared structure with heterogeneous parameter alpha: 40 realizations, provider, coefficient-recovery outputs."
02_CONTROLLED_STUDIES/03_Heterogeneous_Parameter_Oscillator/sho_parameter_distribution.pdf,D:\SIR_paper\Stochastic oscillator\sho_parameter_distribution.pdf,17372,70046479b2f4627c5a8a8f971bad0c37589c9f4af358f1876b42771237ff3078,2026-08-21T22:27:43.138103+00:00,controlled_study,Results 1.3; Supplement S6,SIR-SHO-ENSEMBLE,CANONICAL,yes,"Shared structure with heterogeneous parameter alpha: 40 realizations, provider, coefficient-recovery outputs."
02_CONTROLLED_STUDIES/03_Heterogeneous_Parameter_Oscillator/sho_parameter_distribution.png,D:\SIR_paper\Stochastic oscillator\sho_parameter_distribution.png,158293,a91462b9c2b95e00e8dda551a01c63498303b0156ae64993edcbdd1b42f5d8ba,2026-08-21T22:27:43.034805+00:00,controlled_study,Results 1.3; Supplement S6,SIR-SHO-ENSEMBLE,CANONICAL,yes,"Shared structure with heterogeneous parameter alpha: 40 realizations, provider, coefficient-recovery outputs."
02_CONTROLLED_STUDIES/03_Heterogeneous_Parameter_Oscillator/stochastic_oscillator.py,D:\SIR_paper\Stochastic oscillator\stochastic_oscillator.py,7705,e0d0ff6b9e450a461a42eb3d3f4de81703bb4ed812f53f1f6bbb43d4f03df434,2026-09-10T20:23:26.526488+00:00,controlled_study,Results 1.3; Supplement S6,SIR-SHO-ENSEMBLE,CANONICAL,yes,"Shared structure with heterogeneous parameter alpha: 40 realizations, provider, coefficient-recovery outputs."
02_CONTROLLED_STUDIES/03_Heterogeneous_Parameter_Oscillator/stochastic_oscillator_data_provider.py,D:\SIR_paper\Stochastic oscillator\stochastic_oscillator_data_provider.py,26266,8ea4b3bc955b8a15c4f819f0d64c29af8eeea46399eb56e6606f82dcb7238427,2026-07-14T22:59:14.291883+00:00,controlled_study,Results 1.3; Supplement S6,SIR-SHO-ENSEMBLE,CANONICAL,yes,"Shared structure with heterogeneous parameter alpha: 40 realizations, provider, coefficient-recovery outputs."
02_CONTROLLED_STUDIES/04_Pendulum_Task_Conditioning/IMPLEMENTATION_NOTES.md,D:\SIR_paper\Pendulum\IMPLEMENTATION_NOTES.md,7079,0321a2690b713be1ced1986cc2268ba8b6874095a662ae2eeac192521a74c2cd,2026-09-10T20:23:26.513200+00:00,controlled_study,"Results 1.3, 1.4; Figure 4; Supplement S6",SIR-PENDULUM,CANONICAL,yes,"Pendulum compression versus autonomous evolution, task-conditioning panels, held-out predictive phase, QC and tests."
02_CONTROLLED_STUDIES/04_Pendulum_Task_Conditioning/Plotter/PENDULUM_TASK_CONDITIONED_PANEL_REPORT.md,D:\SIR_paper\Pendulum\Plotter\PENDULUM_TASK_CONDITIONED_PANEL_REPORT.md,1669,89b2d70e9c261eeb556d9f587e7dffe32fa9a8b2ad0838adb9a8c7743ae62456,2026-09-10T20:23:26.509342+00:00,controlled_study,"Results 1.3, 1.4; Figure 4; Supplement S6",SIR-PENDULUM,CANONICAL,yes,"Pendulum compression versus autonomous evolution, task-conditioning panels, held-out predictive phase, QC and tests."
02_CONTROLLED_STUDIES/04_Pendulum_Task_Conditioning/Plotter/figure4_task_contracts_mathematical_representations_nature_one_row.py,D:\SIR_paper\Pendulum\Plotter\figure4_task_contracts_mathematical_representations_nature_one_row.py,15083,4a94cb7b8c3cb40aa6745229672f1007f69efa647b3f20d93b69434b2332ec70,2026-09-12T21:59:14.684165+00:00,controlled_study,"Results 1.3, 1.4; Figure 4; Supplement S6",SIR-PENDULUM,CANONICAL,yes,"Pendulum compression versus autonomous evolution, task-conditioning panels, held-out predictive phase, QC and tests."
02_CONTROLLED_STUDIES/04_Pendulum_Task_Conditioning/Plotter/make_pendulum_task_conditioned_panel.py,D:\SIR_paper\Pendulum\Plotter\make_pendulum_task_conditioned_panel.py,11826,5faedad8b643adc679cbe032a1c9ea3f6b672cd544e4ebba796c66805fe282f5,2026-09-10T20:23:26.526488+00:00,controlled_study,"Results 1.3, 1.4; Figure 4; Supplement S6",SIR-PENDULUM,CANONICAL,yes,"Pendulum compression versus autonomous evolution, task-conditioning panels, held-out predictive phase, QC and tests."
02_CONTROLLED_STUDIES/04_Pendulum_Task_Conditioning/Plotter/make_pendulum_task_conditioned_panel_compact.py,D:\SIR_paper\Pendulum\Plotter\make_pendulum_task_conditioned_panel_compact.py,8751,1221f6b78d2aa96df34540c2ee0fdaa298aa7f8b0e2b16f061d2a16d349e8ea0,2026-08-21T19:25:54.984435+00:00,controlled_study,"Results 1.3, 1.4; Figure 4; Supplement S6",SIR-PENDULUM,CANONICAL,yes,"Pendulum compression versus autonomous evolution, task-conditioning panels, held-out predictive phase, QC and tests."
02_CONTROLLED_STUDIES/04_Pendulum_Task_Conditioning/Plotter/panel_data.py,D:\SIR_paper\Pendulum\Plotter\panel_data.py,5227,f82e760e17621b0585b433ca5806f692bd9ddfd737615fe3198f8a52ae045bb7,2026-09-10T20:23:26.526488+00:00,controlled_study,"Results 1.3, 1.4; Figure 4; Supplement S6",SIR-PENDULUM,CANONICAL,yes,"Pendulum compression versus autonomous evolution, task-conditioning panels, held-out predictive phase, QC and tests."
02_CONTROLLED_STUDIES/04_Pendulum_Task_Conditioning/Plotter/pendulum_task_conditioned_panel_v5.py,D:\SIR_paper\Pendulum\Plotter\pendulum_task_conditioned_panel_v5.py,7968,61eb99182f4ef46914a10051cbff5eea575277c1d3587306ef3f4ca85338a96f,2026-09-10T20:23:26.526488+00:00,controlled_study,"Results 1.3, 1.4; Figure 4; Supplement S6",SIR-PENDULUM,CANONICAL,yes,"Pendulum compression versus autonomous evolution, task-conditioning panels, held-out predictive phase, QC and tests."
02_CONTROLLED_STUDIES/04_Pendulum_Task_Conditioning/Prediction_model/README.md,D:\SIR_paper\Pendulum\Prediction_model\README.md,1363,a2c80b12dded4dcb78c60898ca15daca625d54cd913907e840a0a49de1eff639,2026-09-10T20:23:26.509844+00:00,controlled_study,"Results 1.3, 1.4; Figure 4; Supplement S6",SIR-PENDULUM,CANONICAL,yes,"Pendulum compression versus autonomous evolution, task-conditioning panels, held-out predictive phase, QC and tests."
02_CONTROLLED_STUDIES/04_Pendulum_Task_Conditioning/Prediction_model/__init__.py,D:\SIR_paper\Pendulum\Prediction_model\__init__.py,73,1d7be18d5cf76efb059d8ab8bd5f2eaafde5cd22258babebceff6552c399df42,2026-09-10T20:23:26.525985+00:00,controlled_study,"Results 1.3, 1.4; Figure 4; Supplement S6",SIR-PENDULUM,CANONICAL,yes,"Pendulum compression versus autonomous evolution, task-conditioning panels, held-out predictive phase, QC and tests."
02_CONTROLLED_STUDIES/04_Pendulum_Task_Conditioning/Prediction_model/audit/pendulum_003_audit.parquet,D:\SIR_paper\Pendulum\Prediction_model\audit\pendulum_003_audit.parquet,164452,b793af96df0426146cb617146e8ec9b504b8e8b69e669993ad214c5e3cd9a3ff,2026-08-21T04:03:03.698991+00:00,controlled_study,"Results 1.3, 1.4; Figure 4; Supplement S6",SIR-PENDULUM,CANONICAL,yes,"Pendulum compression versus autonomous evolution, task-conditioning panels, held-out predictive phase, QC and tests."
02_CONTROLLED_STUDIES/04_Pendulum_Task_Conditioning/Prediction_model/audit/pendulum_007_audit.parquet,D:\SIR_paper\Pendulum\Prediction_model\audit\pendulum_007_audit.parquet,145483,50a6649f5e89cae369361f9755786693461ddf75792b9c2fc59ae7a28caf6d31,2026-08-21T04:03:03.758803+00:00,controlled_study,"Results 1.3, 1.4; Figure 4; Supplement S6",SIR-PENDULUM,CANONICAL,yes,"Pendulum compression versus autonomous evolution, task-conditioning panels, held-out predictive phase, QC and tests."
02_CONTROLLED_STUDIES/04_Pendulum_Task_Conditioning/Prediction_model/audit/pendulum_011_audit.parquet,D:\SIR_paper\Pendulum\Prediction_model\audit\pendulum_011_audit.parquet,144049,80513b2ee16974e84449af29b31fe42e5e8e65116afc71a4fe860a07f0ab6627,2026-08-21T04:03:03.820421+00:00,controlled_study,"Results 1.3, 1.4; Figure 4; Supplement S6",SIR-PENDULUM,CANONICAL,yes,"Pendulum compression versus autonomous evolution, task-conditioning panels, held-out predictive phase, QC and tests."
02_CONTROLLED_STUDIES/04_Pendulum_Task_Conditioning/Prediction_model/audit/pendulum_015_audit.parquet,D:\SIR_paper\Pendulum\Prediction_model\audit\pendulum_015_audit.parquet,141804,07a62159d266eb1e12bb524d65762bad448797c536f5c8888faf12f61eb6a451,2026-08-21T04:03:03.881380+00:00,controlled_study,"Results 1.3, 1.4; Figure 4; Supplement S6",SIR-PENDULUM,CANONICAL,yes,"Pendulum compression versus autonomous evolution, task-conditioning panels, held-out predictive phase, QC and tests."
02_CONTROLLED_STUDIES/04_Pendulum_Task_Conditioning/Prediction_model/audit/pendulum_019_audit.parquet,D:\SIR_paper\Pendulum\Prediction_model\audit\pendulum_019_audit.parquet,148349,d9800d86e9a989a8f62b46ccac44a486c5a27a015d73c1c8e9daaf0d6009e354,2026-08-21T04:03:03.943195+00:00,controlled_study,"Results 1.3, 1.4; Figure 4; Supplement S6",SIR-PENDULUM,CANONICAL,yes,"Pendulum compression versus autonomous evolution, task-conditioning panels, held-out predictive phase, QC and tests."
02_CONTROLLED_STUDIES/04_Pendulum_Task_Conditioning/Prediction_model/audit/pendulum_023_audit.parquet,D:\SIR_paper\Pendulum\Prediction_model\audit\pendulum_023_audit.parquet,149359,ac325725fb8227b03b11ed2c9f79be149648960f676bd395dae318388639d703,2026-08-21T04:03:04.004765+00:00,controlled_study,"Results 1.3, 1.4; Figure 4; Supplement S6",SIR-PENDULUM,CANONICAL,yes,"Pendulum compression versus autonomous evolution, task-conditioning panels, held-out predictive phase, QC and tests."
02_CONTROLLED_STUDIES/04_Pendulum_Task_Conditioning/Prediction_model/audit/pendulum_027_audit.parquet,D:\SIR_paper\Pendulum\Prediction_model\audit\pendulum_027_audit.parquet,144614,b432903751360be0f91b52f3d653a15f1478193f9816a0860d3e74d0144d3b4c,2026-08-21T04:03:04.069874+00:00,controlled_study,"Results 1.3, 1.4; Figure 4; Supplement S6",SIR-PENDULUM,CANONICAL,yes,"Pendulum compression versus autonomous evolution, task-conditioning panels, held-out predictive phase, QC and tests."
02_CONTROLLED_STUDIES/04_Pendulum_Task_Conditioning/Prediction_model/audit/pendulum_031_audit.parquet,D:\SIR_paper\Pendulum\Prediction_model\audit\pendulum_031_audit.parquet,154572,ad72a4e94ccd9a14d24c876a2baeaf9134549d9205fb13767008ee4ac7888a09,2026-08-21T04:03:04.137139+00:00,controlled_study,"Results 1.3, 1.4; Figure 4; Supplement S6",SIR-PENDULUM,CANONICAL,yes,"Pendulum compression versus autonomous evolution, task-conditioning panels, held-out predictive phase, QC and tests."
02_CONTROLLED_STUDIES/04_Pendulum_Task_Conditioning/Prediction_model/prediction_metrics.csv,D:\SIR_paper\Pendulum\Prediction_model\prediction_metrics.csv,49754,38ac5146db6c8d13340453b5a0a8c3c3526696e0460d6812af187f910caea45d,2026-08-21T04:03:04.147053+00:00,controlled_study,"Results 1.3, 1.4; Figure 4; Supplement S6",SIR-PENDULUM,CANONICAL,yes,"Pendulum compression versus autonomous evolution, task-conditioning panels, held-out predictive phase, QC and tests."
02_CONTROLLED_STUDIES/04_Pendulum_Task_Conditioning/Prediction_model/prediction_model.py,D:\SIR_paper\Pendulum\Prediction_model\prediction_model.py,11878,73be2ba33262a8d4f3cd4b65ad84b0e34652369c154a97dd24fb8d27685e9ed0,2026-09-10T20:23:26.509342+00:00,controlled_study,"Results 1.3, 1.4; Figure 4; Supplement S6",SIR-PENDULUM,CANONICAL,yes,"Pendulum compression versus autonomous evolution, task-conditioning panels, held-out predictive phase, QC and tests."
02_CONTROLLED_STUDIES/04_Pendulum_Task_Conditioning/Prediction_model/prediction_summary.json,D:\SIR_paper\Pendulum\Prediction_model\prediction_summary.json,22394,4a9937f3f0ba988c57c81afb652723b419f943dfa4b68c4a6564aadfa9baa0e2,2026-08-21T04:03:04.148576+00:00,controlled_study,"Results 1.3, 1.4; Figure 4; Supplement S6",SIR-PENDULUM,CANONICAL,yes,"Pendulum compression versus autonomous evolution, task-conditioning panels, held-out predictive phase, QC and tests."
02_CONTROLLED_STUDIES/04_Pendulum_Task_Conditioning/Prediction_model/run_prediction_holdouts.py,D:\SIR_paper\Pendulum\Prediction_model\run_prediction_holdouts.py,6340,20c152af5bd88ff4b570f12b7c0eafffe026aac1b007fe26e382cfaffacf9a9f,2026-09-10T20:23:26.525985+00:00,controlled_study,"Results 1.3, 1.4; Figure 4; Supplement S6",SIR-PENDULUM,CANONICAL,yes,"Pendulum compression versus autonomous evolution, task-conditioning panels, held-out predictive phase, QC and tests."
02_CONTROLLED_STUDIES/04_Pendulum_Task_Conditioning/Prediction_model/tests/test_prediction_model.py,D:\SIR_paper\Pendulum\Prediction_model\tests\test_prediction_model.py,5821,1c760609653b84910be5528492f05980e31eb38a5445f0581796bba11f6a2068,2026-09-10T20:23:26.526488+00:00,controlled_study,"Results 1.3, 1.4; Figure 4; Supplement S6",SIR-PENDULUM,CANONICAL,yes,"Pendulum compression versus autonomous evolution, task-conditioning panels, held-out predictive phase, QC and tests."
02_CONTROLLED_STUDIES/04_Pendulum_Task_Conditioning/Prediction_model/trajectories/pendulum_003_prediction.parquet,D:\SIR_paper\Pendulum\Prediction_model\trajectories\pendulum_003_prediction.parquet,280874,7b6ef1fcbe171291ceaa0c1c13e39ab7bd03cda842a9463022e055ca7febc20b,2026-08-21T04:03:03.694937+00:00,controlled_study,"Results 1.3, 1.4; Figure 4; Supplement S6",SIR-PENDULUM,CANONICAL,yes,"Pendulum compression versus autonomous evolution, task-conditioning panels, held-out predictive phase, QC and tests."
02_CONTROLLED_STUDIES/04_Pendulum_Task_Conditioning/Prediction_model/trajectories/pendulum_007_prediction.parquet,D:\SIR_paper\Pendulum\Prediction_model\trajectories\pendulum_007_prediction.parquet,261761,2be4f010d08ee22c3d568652ac8a4a57f9d066d2f32c699042a729c7dc86ad55,2026-08-21T04:03:03.754836+00:00,controlled_study,"Results 1.3, 1.4; Figure 4; Supplement S6",SIR-PENDULUM,CANONICAL,yes,"Pendulum compression versus autonomous evolution, task-conditioning panels, held-out predictive phase, QC and tests."
02_CONTROLLED_STUDIES/04_Pendulum_Task_Conditioning/Prediction_model/trajectories/pendulum_011_prediction.parquet,D:\SIR_paper\Pendulum\Prediction_model\trajectories\pendulum_011_prediction.parquet,260456,156beefd2d80464a7a479bb6a1e012a270dffb07d23fb0c2e2b087aa3f30d089,2026-08-21T04:03:03.816343+00:00,controlled_study,"Results 1.3, 1.4; Figure 4; Supplement S6",SIR-PENDULUM,CANONICAL,yes,"Pendulum compression versus autonomous evolution, task-conditioning panels, held-out predictive phase, QC and tests."
02_CONTROLLED_STUDIES/04_Pendulum_Task_Conditioning/Prediction_model/trajectories/pendulum_015_prediction.parquet,D:\SIR_paper\Pendulum\Prediction_model\trajectories\pendulum_015_prediction.parquet,258216,f6b9eea11ba2d3f0472b243443e767978338dc5d533e2428924b3fa39dd22f34,2026-08-21T04:03:03.877103+00:00,controlled_study,"Results 1.3, 1.4; Figure 4; Supplement S6",SIR-PENDULUM,CANONICAL,yes,"Pendulum compression versus autonomous evolution, task-conditioning panels, held-out predictive phase, QC and tests."
02_CONTROLLED_STUDIES/04_Pendulum_Task_Conditioning/Prediction_model/trajectories/pendulum_019_prediction.parquet,D:\SIR_paper\Pendulum\Prediction_model\trajectories\pendulum_019_prediction.parquet,264817,0ee1d689e6eb5d65a002619efcc1f8cd554e9c6cb9cadc525732cac7b05883fc,2026-08-21T04:03:03.938569+00:00,controlled_study,"Results 1.3, 1.4; Figure 4; Supplement S6",SIR-PENDULUM,CANONICAL,yes,"Pendulum compression versus autonomous evolution, task-conditioning panels, held-out predictive phase, QC and tests."
02_CONTROLLED_STUDIES/04_Pendulum_Task_Conditioning/Prediction_model/trajectories/pendulum_023_prediction.parquet,D:\SIR_paper\Pendulum\Prediction_model\trajectories\pendulum_023_prediction.parquet,265798,8a065f2e87d1e324a2b64961bfdab5263b90a77f114089f1a8543109dcb340ed,2026-08-21T04:03:04.001760+00:00,controlled_study,"Results 1.3, 1.4; Figure 4; Supplement S6",SIR-PENDULUM,CANONICAL,yes,"Pendulum compression versus autonomous evolution, task-conditioning panels, held-out predictive phase, QC and tests."
02_CONTROLLED_STUDIES/04_Pendulum_Task_Conditioning/Prediction_model/trajectories/pendulum_027_prediction.parquet,D:\SIR_paper\Pendulum\Prediction_model\trajectories\pendulum_027_prediction.parquet,261047,4fdcf4ed5edbc127a00961f2bb017a77985a4e8aba9ea419e5710c6be3b77866,2026-08-21T04:03:04.066343+00:00,controlled_study,"Results 1.3, 1.4; Figure 4; Supplement S6",SIR-PENDULUM,CANONICAL,yes,"Pendulum compression versus autonomous evolution, task-conditioning panels, held-out predictive phase, QC and tests."
02_CONTROLLED_STUDIES/04_Pendulum_Task_Conditioning/Prediction_model/trajectories/pendulum_031_prediction.parquet,D:\SIR_paper\Pendulum\Prediction_model\trajectories\pendulum_031_prediction.parquet,270892,029ce1543fbd5dd1c2084eb73026b2f6ba7210ebb83312966cf1934b43cdc8d9,2026-08-21T04:03:04.133894+00:00,controlled_study,"Results 1.3, 1.4; Figure 4; Supplement S6",SIR-PENDULUM,CANONICAL,yes,"Pendulum compression versus autonomous evolution, task-conditioning panels, held-out predictive phase, QC and tests."
02_CONTROLLED_STUDIES/04_Pendulum_Task_Conditioning/README.md,D:\SIR_paper\Pendulum\README.md,5299,2cb8156601a0c32a7b20fcdf611e1a21bc1856a017f4084afcb36ae58d25f89c,2026-09-10T20:23:26.513200+00:00,controlled_study,"Results 1.3, 1.4; Figure 4; Supplement S6",SIR-PENDULUM,CANONICAL,yes,"Pendulum compression versus autonomous evolution, task-conditioning panels, held-out predictive phase, QC and tests."
02_CONTROLLED_STUDIES/04_Pendulum_Task_Conditioning/autolabelers.py,D:\SIR_paper\Pendulum\autolabelers.py,1294,6d1c47e8ba40972d91a4887b590e28c4b8d82b74c05bf07f50ad7a5af0cf4313,2026-09-10T20:23:26.513200+00:00,controlled_study,"Results 1.3, 1.4; Figure 4; Supplement S6",SIR-PENDULUM,CANONICAL,yes,"Pendulum compression versus autonomous evolution, task-conditioning panels, held-out predictive phase, QC and tests."
02_CONTROLLED_STUDIES/04_Pendulum_Task_Conditioning/custom_graphs.py,D:\SIR_paper\Pendulum\custom_graphs.py,21817,40807622fcab646349f5b8e9d98a9965632da72259110ec07d1d43fd785152cc,2026-09-10T20:23:26.525985+00:00,controlled_study,"Results 1.3, 1.4; Figure 4; Supplement S6",SIR-PENDULUM,CANONICAL,yes,"Pendulum compression versus autonomous evolution, task-conditioning panels, held-out predictive phase, QC and tests."
02_CONTROLLED_STUDIES/04_Pendulum_Task_Conditioning/data/FEATURE_EXPORTS/omega_squared_none_2026-08-20_15-49-42/manifest.json,D:\SIR_paper\Pendulum\data\FEATURE_EXPORTS\omega_squared_none_2026-08-20_15-49-42\manifest.json,13035,7a7bc34a63376bfe27c77df0b50d08aaf8909aa3fad6af2bdaf9301d0afb923a,2026-08-20T20:49:42.500538+00:00,controlled_study,"Results 1.3, 1.4; Figure 4; Supplement S6",SIR-PENDULUM,CANONICAL,yes,"Pendulum compression versus autonomous evolution, task-conditioning panels, held-out predictive phase, QC and tests."
02_CONTROLLED_STUDIES/04_Pendulum_Task_Conditioning/data/FEATURE_EXPORTS/omega_squared_none_2026-08-20_15-49-42/pendulum_000__model.parquet,D:\SIR_paper\Pendulum\data\FEATURE_EXPORTS\omega_squared_none_2026-08-20_15-49-42\pendulum_000__model.parquet,76843,8106004d49d24743f7bd72bb039c7cf419aba2e3736b186f81cdb755d75dd0ea,2026-08-20T20:49:42.458294+00:00,controlled_study,"Results 1.3, 1.4; Figure 4; Supplement S6",SIR-PENDULUM,CANONICAL,yes,"Pendulum compression versus autonomous evolution, task-conditioning panels, held-out predictive phase, QC and tests."
02_CONTROLLED_STUDIES/04_Pendulum_Task_Conditioning/data/FEATURE_EXPORTS/omega_squared_none_2026-08-20_15-49-42/pendulum_001__model.parquet,D:\SIR_paper\Pendulum\data\FEATURE_EXPORTS\omega_squared_none_2026-08-20_15-49-42\pendulum_001__model.parquet,76843,492beb2e43c21ed817729956d94272f550e37f1a45ab5798e89dd5ed8904c13a,2026-08-20T20:49:42.460804+00:00,controlled_study,"Results 1.3, 1.4; Figure 4; Supplement S6",SIR-PENDULUM,CANONICAL,yes,"Pendulum compression versus autonomous evolution, task-conditioning panels, held-out predictive phase, QC and tests."
02_CONTROLLED_STUDIES/04_Pendulum_Task_Conditioning/data/FEATURE_EXPORTS/omega_squared_none_2026-08-20_15-49-42/pendulum_002__model.parquet,D:\SIR_paper\Pendulum\data\FEATURE_EXPORTS\omega_squared_none_2026-08-20_15-49-42\pendulum_002__model.parquet,76843,91221c927fb32b0c13dc6b581eaf8a39c792844410d3e9af00eaf989d16eb8f3,2026-08-20T20:49:42.462304+00:00,controlled_study,"Results 1.3, 1.4; Figure 4; Supplement S6",SIR-PENDULUM,CANONICAL,yes,"Pendulum compression versus autonomous evolution, task-conditioning panels, held-out predictive phase, QC and tests."
02_CONTROLLED_STUDIES/04_Pendulum_Task_Conditioning/data/FEATURE_EXPORTS/omega_squared_none_2026-08-20_15-49-42/pendulum_004__model.parquet,D:\SIR_paper\Pendulum\data\FEATURE_EXPORTS\omega_squared_none_2026-08-20_15-49-42\pendulum_004__model.parquet,76843,6cd780c05f427d0dc38bd87ca3dd3026b29ddf4f45b3682c3e516b55107c70a0,2026-08-20T20:49:42.464641+00:00,controlled_study,"Results 1.3, 1.4; Figure 4; Supplement S6",SIR-PENDULUM,CANONICAL,yes,"Pendulum compression versus autonomous evolution, task-conditioning panels, held-out predictive phase, QC and tests."
02_CONTROLLED_STUDIES/04_Pendulum_Task_Conditioning/data/FEATURE_EXPORTS/omega_squared_none_2026-08-20_15-49-42/pendulum_005__model.parquet,D:\SIR_paper\Pendulum\data\FEATURE_EXPORTS\omega_squared_none_2026-08-20_15-49-42\pendulum_005__model.parquet,76843,13d70456c39f411796253a087802334367c9c2b773ee3d0a14de91da67ac0538,2026-08-20T20:49:42.466701+00:00,controlled_study,"Results 1.3, 1.4; Figure 4; Supplement S6",SIR-PENDULUM,CANONICAL,yes,"Pendulum compression versus autonomous evolution, task-conditioning panels, held-out predictive phase, QC and tests."
02_CONTROLLED_STUDIES/04_Pendulum_Task_Conditioning/data/FEATURE_EXPORTS/omega_squared_none_2026-08-20_15-49-42/pendulum_006__model.parquet,D:\SIR_paper\Pendulum\data\FEATURE_EXPORTS\omega_squared_none_2026-08-20_15-49-42\pendulum_006__model.parquet,76843,faa6a2d5a12334a1b2ba6e688be7d654d255c312cae2ce68ee5cecdba12af919,2026-08-20T20:49:42.468347+00:00,controlled_study,"Results 1.3, 1.4; Figure 4; Supplement S6",SIR-PENDULUM,CANONICAL,yes,"Pendulum compression versus autonomous evolution, task-conditioning panels, held-out predictive phase, QC and tests."
02_CONTROLLED_STUDIES/04_Pendulum_Task_Conditioning/data/FEATURE_EXPORTS/omega_squared_none_2026-08-20_15-49-42/pendulum_008__model.parquet,D:\SIR_paper\Pendulum\data\FEATURE_EXPORTS\omega_squared_none_2026-08-20_15-49-42\pendulum_008__model.parquet,76843,1484faf34ecdf39645ad83a559e5cd73753368272bfe5705fd767febd7c5b2fe,2026-08-20T20:49:42.469908+00:00,controlled_study,"Results 1.3, 1.4; Figure 4; Supplement S6",SIR-PENDULUM,CANONICAL,yes,"Pendulum compression versus autonomous evolution, task-conditioning panels, held-out predictive phase, QC and tests."
02_CONTROLLED_STUDIES/04_Pendulum_Task_Conditioning/data/FEATURE_EXPORTS/omega_squared_none_2026-08-20_15-49-42/pendulum_009__model.parquet,D:\SIR_paper\Pendulum\data\FEATURE_EXPORTS\omega_squared_none_2026-08-20_15-49-42\pendulum_009__model.parquet,76843,e0dd33033f674d8994f52875e66142b242a0c7c54cbe55810aef38c3a4d0d82e,2026-08-20T20:49:42.471972+00:00,controlled_study,"Results 1.3, 1.4; Figure 4; Supplement S6",SIR-PENDULUM,CANONICAL,yes,"Pendulum compression versus autonomous evolution, task-conditioning panels, held-out predictive phase, QC and tests."
02_CONTROLLED_STUDIES/04_Pendulum_Task_Conditioning/data/FEATURE_EXPORTS/omega_squared_none_2026-08-20_15-49-42/pendulum_010__model.parquet,D:\SIR_paper\Pendulum\data\FEATURE_EXPORTS\omega_squared_none_2026-08-20_15-49-42\pendulum_010__model.parquet,76843,c6d1ca6bd263974d216a158dcf27216bc2e858c3fad29480a32cca2ad744c4b8,2026-08-20T20:49:42.473500+00:00,controlled_study,"Results 1.3, 1.4; Figure 4; Supplement S6",SIR-PENDULUM,CANONICAL,yes,"Pendulum compression versus autonomous evolution, task-conditioning panels, held-out predictive phase, QC and tests."
02_CONTROLLED_STUDIES/04_Pendulum_Task_Conditioning/data/FEATURE_EXPORTS/omega_squared_none_2026-08-20_15-49-42/pendulum_012__model.parquet,D:\SIR_paper\Pendulum\data\FEATURE_EXPORTS\omega_squared_none_2026-08-20_15-49-42\pendulum_012__model.parquet,76843,388f10526d1dda837486a411b418ec01092885f474df88555f676723e8734b88,2026-08-20T20:49:42.474986+00:00,controlled_study,"Results 1.3, 1.4; Figure 4; Supplement S6",SIR-PENDULUM,CANONICAL,yes,"Pendulum compression versus autonomous evolution, task-conditioning panels, held-out predictive phase, QC and tests."
02_CONTROLLED_STUDIES/04_Pendulum_Task_Conditioning/data/FEATURE_EXPORTS/omega_squared_none_2026-08-20_15-49-42/pendulum_013__model.parquet,D:\SIR_paper\Pendulum\data\FEATURE_EXPORTS\omega_squared_none_2026-08-20_15-49-42\pendulum_013__model.parquet,76843,66734c73bcf38079ba097243e438c40c38bb3c2fa07f116c69b6d353f61296f3,2026-08-20T20:49:42.476509+00:00,controlled_study,"Results 1.3, 1.4; Figure 4; Supplement S6",SIR-PENDULUM,CANONICAL,yes,"Pendulum compression versus autonomous evolution, task-conditioning panels, held-out predictive phase, QC and tests."
02_CONTROLLED_STUDIES/04_Pendulum_Task_Conditioning/data/FEATURE_EXPORTS/omega_squared_none_2026-08-20_15-49-42/pendulum_014__model.parquet,D:\SIR_paper\Pendulum\data\FEATURE_EXPORTS\omega_squared_none_2026-08-20_15-49-42\pendulum_014__model.parquet,76843,d24cce9674a1c79f2af0779b59ad414b571043aeeff0ba96860c9ea3fe606e89,2026-08-20T20:49:42.478696+00:00,controlled_study,"Results 1.3, 1.4; Figure 4; Supplement S6",SIR-PENDULUM,CANONICAL,yes,"Pendulum compression versus autonomous evolution, task-conditioning panels, held-out predictive phase, QC and tests."
02_CONTROLLED_STUDIES/04_Pendulum_Task_Conditioning/data/FEATURE_EXPORTS/omega_squared_none_2026-08-20_15-49-42/pendulum_016__model.parquet,D:\SIR_paper\Pendulum\data\FEATURE_EXPORTS\omega_squared_none_2026-08-20_15-49-42\pendulum_016__model.parquet,76843,05a25a18dfd1ca29635b64e7b1447cd7bc8418790dd4b89577e0927caf118ae5,2026-08-20T20:49:42.480748+00:00,controlled_study,"Results 1.3, 1.4; Figure 4; Supplement S6",SIR-PENDULUM,CANONICAL,yes,"Pendulum compression versus autonomous evolution, task-conditioning panels, held-out predictive phase, QC and tests."
02_CONTROLLED_STUDIES/04_Pendulum_Task_Conditioning/data/FEATURE_EXPORTS/omega_squared_none_2026-08-20_15-49-42/pendulum_017__model.parquet,D:\SIR_paper\Pendulum\data\FEATURE_EXPORTS\omega_squared_none_2026-08-20_15-49-42\pendulum_017__model.parquet,76843,264521446bc75d0bded9b815dcb1e5487547d9d1293ccfc155f99e9a1244a970,2026-08-20T20:49:42.482266+00:00,controlled_study,"Results 1.3, 1.4; Figure 4; Supplement S6",SIR-PENDULUM,CANONICAL,yes,"Pendulum compression versus autonomous evolution, task-conditioning panels, held-out predictive phase, QC and tests."
02_CONTROLLED_STUDIES/04_Pendulum_Task_Conditioning/data/FEATURE_EXPORTS/omega_squared_none_2026-08-20_15-49-42/pendulum_018__model.parquet,D:\SIR_paper\Pendulum\data\FEATURE_EXPORTS\omega_squared_none_2026-08-20_15-49-42\pendulum_018__model.parquet,76843,ab573e1df3ffe1908983fb609c7c89be22838d15bc7371eccdf6c0f7f510f601,2026-08-20T20:49:42.484254+00:00,controlled_study,"Results 1.3, 1.4; Figure 4; Supplement S6",SIR-PENDULUM,CANONICAL,yes,"Pendulum compression versus autonomous evolution, task-conditioning panels, held-out predictive phase, QC and tests."
02_CONTROLLED_STUDIES/04_Pendulum_Task_Conditioning/data/FEATURE_EXPORTS/omega_squared_none_2026-08-20_15-49-42/pendulum_020__model.parquet,D:\SIR_paper\Pendulum\data\FEATURE_EXPORTS\omega_squared_none_2026-08-20_15-49-42\pendulum_020__model.parquet,76843,8ea93dc3ddafa6fa2c97bad0d7fd5294a891fe61ddfcf2134176110358d82f52,2026-08-20T20:49:42.485909+00:00,controlled_study,"Results 1.3, 1.4; Figure 4; Supplement S6",SIR-PENDULUM,CANONICAL,yes,"Pendulum compression versus autonomous evolution, task-conditioning panels, held-out predictive phase, QC and tests."
02_CONTROLLED_STUDIES/04_Pendulum_Task_Conditioning/data/FEATURE_EXPORTS/omega_squared_none_2026-08-20_15-49-42/pendulum_021__model.parquet,D:\SIR_paper\Pendulum\data\FEATURE_EXPORTS\omega_squared_none_2026-08-20_15-49-42\pendulum_021__model.parquet,76843,6e4b59b910399f501060bbf69c66db660d8956fb9882818fad340e673b7cb95b,2026-08-20T20:49:42.488144+00:00,controlled_study,"Results 1.3, 1.4; Figure 4; Supplement S6",SIR-PENDULUM,CANONICAL,yes,"Pendulum compression versus autonomous evolution, task-conditioning panels, held-out predictive phase, QC and tests."
02_CONTROLLED_STUDIES/04_Pendulum_Task_Conditioning/data/FEATURE_EXPORTS/omega_squared_none_2026-08-20_15-49-42/pendulum_022__model.parquet,D:\SIR_paper\Pendulum\data\FEATURE_EXPORTS\omega_squared_none_2026-08-20_15-49-42\pendulum_022__model.parquet,76843,075662675360e665556805c2bf1754ffc81081c0af6c9e54aa87021a7a10b5e9,2026-08-20T20:49:42.489837+00:00,controlled_study,"Results 1.3, 1.4; Figure 4; Supplement S6",SIR-PENDULUM,CANONICAL,yes,"Pendulum compression versus autonomous evolution, task-conditioning panels, held-out predictive phase, QC and tests."
02_CONTROLLED_STUDIES/04_Pendulum_Task_Conditioning/data/FEATURE_EXPORTS/omega_squared_none_2026-08-20_15-49-42/pendulum_024__model.parquet,D:\SIR_paper\Pendulum\data\FEATURE_EXPORTS\omega_squared_none_2026-08-20_15-49-42\pendulum_024__model.parquet,76843,af17ba9ca6f83eaa18c28ff05e5bd08de9c490575d11596e59c4b8b96b91cfc5,2026-08-20T20:49:42.491667+00:00,controlled_study,"Results 1.3, 1.4; Figure 4; Supplement S6",SIR-PENDULUM,CANONICAL,yes,"Pendulum compression versus autonomous evolution, task-conditioning panels, held-out predictive phase, QC and tests."
02_CONTROLLED_STUDIES/04_Pendulum_Task_Conditioning/data/FEATURE_EXPORTS/omega_squared_none_2026-08-20_15-49-42/pendulum_025__model.parquet,D:\SIR_paper\Pendulum\data\FEATURE_EXPORTS\omega_squared_none_2026-08-20_15-49-42\pendulum_025__model.parquet,76843,e55dc603845bff45c6ad579e0083a24eceb7d7baa9b2b89e246984831b355686,2026-08-20T20:49:42.493473+00:00,controlled_study,"Results 1.3, 1.4; Figure 4; Supplement S6",SIR-PENDULUM,CANONICAL,yes,"Pendulum compression versus autonomous evolution, task-conditioning panels, held-out predictive phase, QC and tests."
02_CONTROLLED_STUDIES/04_Pendulum_Task_Conditioning/data/FEATURE_EXPORTS/omega_squared_none_2026-08-20_15-49-42/pendulum_026__model.parquet,D:\SIR_paper\Pendulum\data\FEATURE_EXPORTS\omega_squared_none_2026-08-20_15-49-42\pendulum_026__model.parquet,76843,ef74fddfc4c3a70295f0ee791cd89f814c529d7715bc1c597a81d40a2a72d559,2026-08-20T20:49:42.494998+00:00,controlled_study,"Results 1.3, 1.4; Figure 4; Supplement S6",SIR-PENDULUM,CANONICAL,yes,"Pendulum compression versus autonomous evolution, task-conditioning panels, held-out predictive phase, QC and tests."
02_CONTROLLED_STUDIES/04_Pendulum_Task_Conditioning/data/FEATURE_EXPORTS/omega_squared_none_2026-08-20_15-49-42/pendulum_028__model.parquet,D:\SIR_paper\Pendulum\data\FEATURE_EXPORTS\omega_squared_none_2026-08-20_15-49-42\pendulum_028__model.parquet,76843,01e3edd3ce2556db0fa73818f44b46d99cb4ac0513f343fdb99f16a18b187745,2026-08-20T20:49:42.497058+00:00,controlled_study,"Results 1.3, 1.4; Figure 4; Supplement S6",SIR-PENDULUM,CANONICAL,yes,"Pendulum compression versus autonomous evolution, task-conditioning panels, held-out predictive phase, QC and tests."
02_CONTROLLED_STUDIES/04_Pendulum_Task_Conditioning/data/FEATURE_EXPORTS/omega_squared_none_2026-08-20_15-49-42/pendulum_029__model.parquet,D:\SIR_paper\Pendulum\data\FEATURE_EXPORTS\omega_squared_none_2026-08-20_15-49-42\pendulum_029__model.parquet,76843,2f8578723155f21ff269fddf59a60c397b33541beee25ef27f46d56ab74d8349,2026-08-20T20:49:42.498496+00:00,controlled_study,"Results 1.3, 1.4; Figure 4; Supplement S6",SIR-PENDULUM,CANONICAL,yes,"Pendulum compression versus autonomous evolution, task-conditioning panels, held-out predictive phase, QC and tests."
02_CONTROLLED_STUDIES/04_Pendulum_Task_Conditioning/data/FEATURE_EXPORTS/omega_squared_none_2026-08-20_15-49-42/pendulum_030__model.parquet,D:\SIR_paper\Pendulum\data\FEATURE_EXPORTS\omega_squared_none_2026-08-20_15-49-42\pendulum_030__model.parquet,76843,e8c323cb4955c5eb725aec306678fbaba16c8ea64d87c92b027802113adbbd48,2026-08-20T20:49:42.500538+00:00,controlled_study,"Results 1.3, 1.4; Figure 4; Supplement S6",SIR-PENDULUM,CANONICAL,yes,"Pendulum compression versus autonomous evolution, task-conditioning panels, held-out predictive phase, QC and tests."
02_CONTROLLED_STUDIES/04_Pendulum_Task_Conditioning/data/pendulum_000.parquet,D:\SIR_paper\Pendulum\data\pendulum_000.parquet,76898,7c8dd275904afcc1c937795aab7eac1a937149a25c786651fbc938b91ad584a2,2026-08-20T20:07:21.534623+00:00,controlled_study,"Results 1.3, 1.4; Figure 4; Supplement S6",SIR-PENDULUM,CANONICAL,yes,"Pendulum compression versus autonomous evolution, task-conditioning panels, held-out predictive phase, QC and tests."
02_CONTROLLED_STUDIES/04_Pendulum_Task_Conditioning/data/pendulum_001.parquet,D:\SIR_paper\Pendulum\data\pendulum_001.parquet,76901,7ffd89ebe03e27757ef9b165d3598e00a57202f38a45f47ec2229e7657b61a12,2026-08-20T20:07:21.564611+00:00,controlled_study,"Results 1.3, 1.4; Figure 4; Supplement S6",SIR-PENDULUM,CANONICAL,yes,"Pendulum compression versus autonomous evolution, task-conditioning panels, held-out predictive phase, QC and tests."
02_CONTROLLED_STUDIES/04_Pendulum_Task_Conditioning/data/pendulum_002.parquet,D:\SIR_paper\Pendulum\data\pendulum_002.parquet,76898,fd7594d261d1b21f51f4cf0f32ee07b47541091f992bf39741d1b5a007a646c2,2026-08-20T20:07:21.594089+00:00,controlled_study,"Results 1.3, 1.4; Figure 4; Supplement S6",SIR-PENDULUM,CANONICAL,yes,"Pendulum compression versus autonomous evolution, task-conditioning panels, held-out predictive phase, QC and tests."
02_CONTROLLED_STUDIES/04_Pendulum_Task_Conditioning/data/pendulum_003.parquet,D:\SIR_paper\Pendulum\data\pendulum_003.parquet,76897,9004964700d408cb9f6077702aefe1bcced530b690bd22c2a916398c0c24c600,2026-08-20T20:07:21.624045+00:00,controlled_study,"Results 1.3, 1.4; Figure 4; Supplement S6",SIR-PENDULUM,CANONICAL,yes,"Pendulum compression versus autonomous evolution, task-conditioning panels, held-out predictive phase, QC and tests."
02_CONTROLLED_STUDIES/04_Pendulum_Task_Conditioning/data/pendulum_004.parquet,D:\SIR_paper\Pendulum\data\pendulum_004.parquet,76899,f3e5c185e5c554f381faf4e9e5eae92a7914b307c1e67ecfe776863e7c5f7a3b,2026-08-20T20:07:21.655510+00:00,controlled_study,"Results 1.3, 1.4; Figure 4; Supplement S6",SIR-PENDULUM,CANONICAL,yes,"Pendulum compression versus autonomous evolution, task-conditioning panels, held-out predictive phase, QC and tests."
02_CONTROLLED_STUDIES/04_Pendulum_Task_Conditioning/data/pendulum_005.parquet,D:\SIR_paper\Pendulum\data\pendulum_005.parquet,76897,c9eb9e7a50cce563d527cb25764ae62b0b16fa37147a54cdfb47dd7c60a45c12,2026-08-20T20:07:21.686739+00:00,controlled_study,"Results 1.3, 1.4; Figure 4; Supplement S6",SIR-PENDULUM,CANONICAL,yes,"Pendulum compression versus autonomous evolution, task-conditioning panels, held-out predictive phase, QC and tests."
02_CONTROLLED_STUDIES/04_Pendulum_Task_Conditioning/data/pendulum_006.parquet,D:\SIR_paper\Pendulum\data\pendulum_006.parquet,76897,8904327634a1c2851900ccd089b391bcef3b7b832c4f9584f25445fdd3d9da80,2026-08-20T20:07:21.718744+00:00,controlled_study,"Results 1.3, 1.4; Figure 4; Supplement S6",SIR-PENDULUM,CANONICAL,yes,"Pendulum compression versus autonomous evolution, task-conditioning panels, held-out predictive phase, QC and tests."
02_CONTROLLED_STUDIES/04_Pendulum_Task_Conditioning/data/pendulum_007.parquet,D:\SIR_paper\Pendulum\data\pendulum_007.parquet,76899,642d7dedf47c7529c391448fffc96e6bf7e4eb32d22647b8fb883cdcb941d7a3,2026-08-20T20:07:21.750751+00:00,controlled_study,"Results 1.3, 1.4; Figure 4; Supplement S6",SIR-PENDULUM,CANONICAL,yes,"Pendulum compression versus autonomous evolution, task-conditioning panels, held-out predictive phase, QC and tests."
02_CONTROLLED_STUDIES/04_Pendulum_Task_Conditioning/data/pendulum_008.parquet,D:\SIR_paper\Pendulum\data\pendulum_008.parquet,76900,ccdadadaf857f78c3e1f6565619340d354d0dbfa64c77f09ec3eff4c4cfbe574,2026-08-20T20:07:21.784218+00:00,controlled_study,"Results 1.3, 1.4; Figure 4; Supplement S6",SIR-PENDULUM,CANONICAL,yes,"Pendulum compression versus autonomous evolution, task-conditioning panels, held-out predictive phase, QC and tests."
02_CONTROLLED_STUDIES/04_Pendulum_Task_Conditioning/data/pendulum_009.parquet,D:\SIR_paper\Pendulum\data\pendulum_009.parquet,76898,a2d961cb29fbde470245f18b203aea7312b0ef10fe9b797cb4f0942c6c289852,2026-08-20T20:07:21.817004+00:00,controlled_study,"Results 1.3, 1.4; Figure 4; Supplement S6",SIR-PENDULUM,CANONICAL,yes,"Pendulum compression versus autonomous evolution, task-conditioning panels, held-out predictive phase, QC and tests."
02_CONTROLLED_STUDIES/04_Pendulum_Task_Conditioning/data/pendulum_010.parquet,D:\SIR_paper\Pendulum\data\pendulum_010.parquet,76898,bf5bf5abd7b5c1b1f4a78fbd54cd499d348b5371c2a32c0cb055477b3f1be3b2,2026-08-20T20:07:21.848492+00:00,controlled_study,"Results 1.3, 1.4; Figure 4; Supplement S6",SIR-PENDULUM,CANONICAL,yes,"Pendulum compression versus autonomous evolution, task-conditioning panels, held-out predictive phase, QC and tests."
02_CONTROLLED_STUDIES/04_Pendulum_Task_Conditioning/data/pendulum_011.parquet,D:\SIR_paper\Pendulum\data\pendulum_011.parquet,76897,ef79e87be2a1794b8cca99e290087ed5fc2ed5ae3d1e9435169557991c18ccd7,2026-08-20T20:07:21.882247+00:00,controlled_study,"Results 1.3, 1.4; Figure 4; Supplement S6",SIR-PENDULUM,CANONICAL,yes,"Pendulum compression versus autonomous evolution, task-conditioning panels, held-out predictive phase, QC and tests."
02_CONTROLLED_STUDIES/04_Pendulum_Task_Conditioning/data/pendulum_012.parquet,D:\SIR_paper\Pendulum\data\pendulum_012.parquet,76898,af515c5896c5a2498f1c49a477cc47f7156d9b249136fb04bf0d2169d29f08ce,2026-08-20T20:07:21.915333+00:00,controlled_study,"Results 1.3, 1.4; Figure 4; Supplement S6",SIR-PENDULUM,CANONICAL,yes,"Pendulum compression versus autonomous evolution, task-conditioning panels, held-out predictive phase, QC and tests."
02_CONTROLLED_STUDIES/04_Pendulum_Task_Conditioning/data/pendulum_013.parquet,D:\SIR_paper\Pendulum\data\pendulum_013.parquet,76898,2feb33b397c3a18fb8565f35e2c8a7f280f86743e00bd82f395f92a4d4bc63d1,2026-08-20T20:07:21.947367+00:00,controlled_study,"Results 1.3, 1.4; Figure 4; Supplement S6",SIR-PENDULUM,CANONICAL,yes,"Pendulum compression versus autonomous evolution, task-conditioning panels, held-out predictive phase, QC and tests."
02_CONTROLLED_STUDIES/04_Pendulum_Task_Conditioning/data/pendulum_014.parquet,D:\SIR_paper\Pendulum\data\pendulum_014.parquet,76898,64883aed7fe13f28605852a0b461d85071985910031aa9e6a33f9f57b8f36811,2026-08-20T20:07:21.983172+00:00,controlled_study,"Results 1.3, 1.4; Figure 4; Supplement S6",SIR-PENDULUM,CANONICAL,yes,"Pendulum compression versus autonomous evolution, task-conditioning panels, held-out predictive phase, QC and tests."
02_CONTROLLED_STUDIES/04_Pendulum_Task_Conditioning/data/pendulum_015.parquet,D:\SIR_paper\Pendulum\data\pendulum_015.parquet,76897,a1f41710642f4aa50efffbb072b14becdef8bb700c0474a3f7dd2ecfa099ff36,2026-08-20T20:07:22.016373+00:00,controlled_study,"Results 1.3, 1.4; Figure 4; Supplement S6",SIR-PENDULUM,CANONICAL,yes,"Pendulum compression versus autonomous evolution, task-conditioning panels, held-out predictive phase, QC and tests."
02_CONTROLLED_STUDIES/04_Pendulum_Task_Conditioning/data/pendulum_016.parquet,D:\SIR_paper\Pendulum\data\pendulum_016.parquet,76898,2da3433eb97e543b4917b3e155195af405528e2d11532483b35632a353bbfd2a,2026-08-20T20:07:22.050472+00:00,controlled_study,"Results 1.3, 1.4; Figure 4; Supplement S6",SIR-PENDULUM,CANONICAL,yes,"Pendulum compression versus autonomous evolution, task-conditioning panels, held-out predictive phase, QC and tests."
02_CONTROLLED_STUDIES/04_Pendulum_Task_Conditioning/data/pendulum_017.parquet,D:\SIR_paper\Pendulum\data\pendulum_017.parquet,76897,9d05bb20aac37f03f444fec4e4b96dc511a9c62ba287fd212807b8d8a956bc5b,2026-08-20T20:07:22.082687+00:00,controlled_study,"Results 1.3, 1.4; Figure 4; Supplement S6",SIR-PENDULUM,CANONICAL,yes,"Pendulum compression versus autonomous evolution, task-conditioning panels, held-out predictive phase, QC and tests."
02_CONTROLLED_STUDIES/04_Pendulum_Task_Conditioning/data/pendulum_018.parquet,D:\SIR_paper\Pendulum\data\pendulum_018.parquet,76897,9a70fac0f35ae88f280d8e93226267b623a79b79148377b8c126b2ea8b51fa2c,2026-08-20T20:07:22.116616+00:00,controlled_study,"Results 1.3, 1.4; Figure 4; Supplement S6",SIR-PENDULUM,CANONICAL,yes,"Pendulum compression versus autonomous evolution, task-conditioning panels, held-out predictive phase, QC and tests."
02_CONTROLLED_STUDIES/04_Pendulum_Task_Conditioning/data/pendulum_019.parquet,D:\SIR_paper\Pendulum\data\pendulum_019.parquet,76897,9f55a44ac199f3fee3c6164c45e1f36bcf3b55545fd7941a4fd86378d6d1d4b8,2026-08-20T20:07:22.149713+00:00,controlled_study,"Results 1.3, 1.4; Figure 4; Supplement S6",SIR-PENDULUM,CANONICAL,yes,"Pendulum compression versus autonomous evolution, task-conditioning panels, held-out predictive phase, QC and tests."
02_CONTROLLED_STUDIES/04_Pendulum_Task_Conditioning/data/pendulum_020.parquet,D:\SIR_paper\Pendulum\data\pendulum_020.parquet,76897,abee93d0cf8227de762036907cd24793ee510c4b6f26351f1c2063abc892cf77,2026-08-20T20:07:22.182439+00:00,controlled_study,"Results 1.3, 1.4; Figure 4; Supplement S6",SIR-PENDULUM,CANONICAL,yes,"Pendulum compression versus autonomous evolution, task-conditioning panels, held-out predictive phase, QC and tests."
02_CONTROLLED_STUDIES/04_Pendulum_Task_Conditioning/data/pendulum_021.parquet,D:\SIR_paper\Pendulum\data\pendulum_021.parquet,76899,5e7b8c91a37f146b76fa74009340d0b390b4d90668e39013bc1689340a1d2931,2026-08-20T20:07:22.215958+00:00,controlled_study,"Results 1.3, 1.4; Figure 4; Supplement S6",SIR-PENDULUM,CANONICAL,yes,"Pendulum compression versus autonomous evolution, task-conditioning panels, held-out predictive phase, QC and tests."
02_CONTROLLED_STUDIES/04_Pendulum_Task_Conditioning/data/pendulum_022.parquet,D:\SIR_paper\Pendulum\data\pendulum_022.parquet,76897,069b7a7186e0001a21fdb25766e29d09cdb8462584e4864a78ac537157caf087,2026-08-20T20:07:22.248286+00:00,controlled_study,"Results 1.3, 1.4; Figure 4; Supplement S6",SIR-PENDULUM,CANONICAL,yes,"Pendulum compression versus autonomous evolution, task-conditioning panels, held-out predictive phase, QC and tests."
02_CONTROLLED_STUDIES/04_Pendulum_Task_Conditioning/data/pendulum_023.parquet,D:\SIR_paper\Pendulum\data\pendulum_023.parquet,76896,179b7a1f695add38764d74e113534bfd2161766e624f62ecd174c60fb0f5b7f4,2026-08-20T20:07:22.281979+00:00,controlled_study,"Results 1.3, 1.4; Figure 4; Supplement S6",SIR-PENDULUM,CANONICAL,yes,"Pendulum compression versus autonomous evolution, task-conditioning panels, held-out predictive phase, QC and tests."
02_CONTROLLED_STUDIES/04_Pendulum_Task_Conditioning/data/pendulum_024.parquet,D:\SIR_paper\Pendulum\data\pendulum_024.parquet,76898,4b9d58959600180dfff23135fe2a7950994b54d8f3643ccacf137f8292d9383d,2026-08-20T20:07:22.316217+00:00,controlled_study,"Results 1.3, 1.4; Figure 4; Supplement S6",SIR-PENDULUM,CANONICAL,yes,"Pendulum compression versus autonomous evolution, task-conditioning panels, held-out predictive phase, QC and tests."
02_CONTROLLED_STUDIES/04_Pendulum_Task_Conditioning/data/pendulum_025.parquet,D:\SIR_paper\Pendulum\data\pendulum_025.parquet,76897,c38ffa55e3c4f39ac3d766a870beea3fc1c0a88b490d1802a7a933e646e39eec,2026-08-20T20:07:22.351013+00:00,controlled_study,"Results 1.3, 1.4; Figure 4; Supplement S6",SIR-PENDULUM,CANONICAL,yes,"Pendulum compression versus autonomous evolution, task-conditioning panels, held-out predictive phase, QC and tests."
02_CONTROLLED_STUDIES/04_Pendulum_Task_Conditioning/data/pendulum_026.parquet,D:\SIR_paper\Pendulum\data\pendulum_026.parquet,76897,c12e80bdc373112b1d28c4459ac980a77c2b264893886be9472903fd0e6ea173,2026-08-20T20:07:22.387845+00:00,controlled_study,"Results 1.3, 1.4; Figure 4; Supplement S6",SIR-PENDULUM,CANONICAL,yes,"Pendulum compression versus autonomous evolution, task-conditioning panels, held-out predictive phase, QC and tests."
02_CONTROLLED_STUDIES/04_Pendulum_Task_Conditioning/data/pendulum_027.parquet,D:\SIR_paper\Pendulum\data\pendulum_027.parquet,76899,cabf402668b66036b13716b4bf98e0899bc64450e6a2900719c00435ead4a6d4,2026-08-20T20:07:22.422319+00:00,controlled_study,"Results 1.3, 1.4; Figure 4; Supplement S6",SIR-PENDULUM,CANONICAL,yes,"Pendulum compression versus autonomous evolution, task-conditioning panels, held-out predictive phase, QC and tests."
02_CONTROLLED_STUDIES/04_Pendulum_Task_Conditioning/data/pendulum_028.parquet,D:\SIR_paper\Pendulum\data\pendulum_028.parquet,76897,75d7802939eb67d8ab8cfa9fd9d58f8ab51c518c4f4c9ee7027be332ee392f43,2026-08-20T20:07:22.461063+00:00,controlled_study,"Results 1.3, 1.4; Figure 4; Supplement S6",SIR-PENDULUM,CANONICAL,yes,"Pendulum compression versus autonomous evolution, task-conditioning panels, held-out predictive phase, QC and tests."
02_CONTROLLED_STUDIES/04_Pendulum_Task_Conditioning/data/pendulum_029.parquet,D:\SIR_paper\Pendulum\data\pendulum_029.parquet,76899,2284c5967ce5316141190d5fc65197c195a68fa95ee5254506d239143f94969e,2026-08-20T20:07:22.495901+00:00,controlled_study,"Results 1.3, 1.4; Figure 4; Supplement S6",SIR-PENDULUM,CANONICAL,yes,"Pendulum compression versus autonomous evolution, task-conditioning panels, held-out predictive phase, QC and tests."
02_CONTROLLED_STUDIES/04_Pendulum_Task_Conditioning/data/pendulum_030.parquet,D:\SIR_paper\Pendulum\data\pendulum_030.parquet,76897,5a0a6ff5f70818051600018b23981fad597638251dc85ecbf9b05a2dc436c473,2026-08-20T20:07:22.531719+00:00,controlled_study,"Results 1.3, 1.4; Figure 4; Supplement S6",SIR-PENDULUM,CANONICAL,yes,"Pendulum compression versus autonomous evolution, task-conditioning panels, held-out predictive phase, QC and tests."
02_CONTROLLED_STUDIES/04_Pendulum_Task_Conditioning/data/pendulum_031.parquet,D:\SIR_paper\Pendulum\data\pendulum_031.parquet,76897,a9fb8ec2704eb6df677c6aac0062e916997d944b3315ab8895ebb57bbf8f5f6c,2026-08-20T20:07:22.567879+00:00,controlled_study,"Results 1.3, 1.4; Figure 4; Supplement S6",SIR-PENDULUM,CANONICAL,yes,"Pendulum compression versus autonomous evolution, task-conditioning panels, held-out predictive phase, QC and tests."
02_CONTROLLED_STUDIES/04_Pendulum_Task_Conditioning/data_provider.py,D:\SIR_paper\Pendulum\data_provider.py,4856,87aea2e6b9c7eff7bdfdbca56b5ed7e10e26f886a7bfbac31772ee78e14c31dd,2026-09-10T20:23:26.526488+00:00,controlled_study,"Results 1.3, 1.4; Figure 4; Supplement S6",SIR-PENDULUM,CANONICAL,yes,"Pendulum compression versus autonomous evolution, task-conditioning panels, held-out predictive phase, QC and tests."
02_CONTROLLED_STUDIES/04_Pendulum_Task_Conditioning/generate_pendulum_data.py,D:\SIR_paper\Pendulum\generate_pendulum_data.py,14549,20d83bc12469e5d02068e21b47136c620c5ec954026e1f9b6583a5c14638458e,2026-09-10T20:23:26.526488+00:00,controlled_study,"Results 1.3, 1.4; Figure 4; Supplement S6",SIR-PENDULUM,CANONICAL,yes,"Pendulum compression versus autonomous evolution, task-conditioning panels, held-out predictive phase, QC and tests."
02_CONTROLLED_STUDIES/04_Pendulum_Task_Conditioning/heldout_predictive_phase.py,D:\SIR_paper\Pendulum\heldout_predictive_phase.py,6515,8b8f231b33c7f9f5fe85a697680e45a6c48923d2e92c2b5576a9de6de9e6285b,2026-09-10T20:23:26.525985+00:00,controlled_study,"Results 1.3, 1.4; Figure 4; Supplement S6",SIR-PENDULUM,CANONICAL,yes,"Pendulum compression versus autonomous evolution, task-conditioning panels, held-out predictive phase, QC and tests."
02_CONTROLLED_STUDIES/04_Pendulum_Task_Conditioning/manifest.csv,D:\SIR_paper\Pendulum\manifest.csv,9112,7bcebf30d0ba8e6d75892b6cf069b1e8735b392e2d6daea21c675e74ed15d468,2026-08-20T20:07:22.576191+00:00,controlled_study,"Results 1.3, 1.4; Figure 4; Supplement S6",SIR-PENDULUM,CANONICAL,yes,"Pendulum compression versus autonomous evolution, task-conditioning panels, held-out predictive phase, QC and tests."
02_CONTROLLED_STUDIES/04_Pendulum_Task_Conditioning/pendulum_coordinates.py,D:\SIR_paper\Pendulum\pendulum_coordinates.py,4061,b21882f88f2e25bb6cfba4a62aa845d8a08a36fb8eb6a92363f0d5506594ff68,2026-09-10T20:23:26.525985+00:00,controlled_study,"Results 1.3, 1.4; Figure 4; Supplement S6",SIR-PENDULUM,CANONICAL,yes,"Pendulum compression versus autonomous evolution, task-conditioning panels, held-out predictive phase, QC and tests."
02_CONTROLLED_STUDIES/04_Pendulum_Task_Conditioning/pendulum_data_provider.py,D:\SIR_paper\Pendulum\pendulum_data_provider.py,4081,92c417acabf4fa627d64cae08fb816f1fe30397d57f2674a2af307ab26c2951b,2026-09-10T20:23:26.513200+00:00,controlled_study,"Results 1.3, 1.4; Figure 4; Supplement S6",SIR-PENDULUM,CANONICAL,yes,"Pendulum compression versus autonomous evolution, task-conditioning panels, held-out predictive phase, QC and tests."
02_CONTROLLED_STUDIES/04_Pendulum_Task_Conditioning/qc/pendulum_dataset_qc.png,D:\SIR_paper\Pendulum\qc\pendulum_dataset_qc.png,463478,dd8bb8fa31fe54a6b5ef240023212946503db05edf79471d0dbe4aa194179a56,2026-08-20T20:07:23.256489+00:00,controlled_study,"Results 1.3, 1.4; Figure 4; Supplement S6",SIR-PENDULUM,CANONICAL,yes,"Pendulum compression versus autonomous evolution, task-conditioning panels, held-out predictive phase, QC and tests."
02_CONTROLLED_STUDIES/04_Pendulum_Task_Conditioning/qc/pendulum_qc_report.json,D:\SIR_paper\Pendulum\qc\pendulum_qc_report.json,1308,def1bb2e6aba169495fa4fb1b54a377d4fc88b71597436b47bfc8341c761dd3f,2026-08-20T20:07:23.257994+00:00,controlled_study,"Results 1.3, 1.4; Figure 4; Supplement S6",SIR-PENDULUM,CANONICAL,yes,"Pendulum compression versus autonomous evolution, task-conditioning panels, held-out predictive phase, QC and tests."
02_CONTROLLED_STUDIES/04_Pendulum_Task_Conditioning/task_conditioned_summary.py,D:\SIR_paper\Pendulum\task_conditioned_summary.py,7318,2e0c4e152cca567892cddac54f86810a9496109d162e1a91d18dd55362f0e6ca,2026-09-10T20:23:26.525985+00:00,controlled_study,"Results 1.3, 1.4; Figure 4; Supplement S6",SIR-PENDULUM,CANONICAL,yes,"Pendulum compression versus autonomous evolution, task-conditioning panels, held-out predictive phase, QC and tests."
02_CONTROLLED_STUDIES/04_Pendulum_Task_Conditioning/tests/test_pendulum_provider.py,D:\SIR_paper\Pendulum\tests\test_pendulum_provider.py,21716,a0f62d2784fabb426455f89ae8e1cca900f5000dc8e6e51b5e22f9f47a87cf2c,2026-09-10T20:23:26.509342+00:00,controlled_study,"Results 1.3, 1.4; Figure 4; Supplement S6",SIR-PENDULUM,CANONICAL,yes,"Pendulum compression versus autonomous evolution, task-conditioning panels, held-out predictive phase, QC and tests."
02_CONTROLLED_STUDIES/04_Pendulum_Task_Conditioning/transforms.py,D:\SIR_paper\Pendulum\transforms.py,479,319c512d5e53609bcf18b3a17895c078567697c6b12c235c7396d99c33c8d1e2,2026-09-10T20:23:26.525985+00:00,controlled_study,"Results 1.3, 1.4; Figure 4; Supplement S6",SIR-PENDULUM,CANONICAL,yes,"Pendulum compression versus autonomous evolution, task-conditioning panels, held-out predictive phase, QC and tests."
02_CONTROLLED_STUDIES/05_Heat_Equation_Degeneracy_and_Multimode/README.md,D:\SIR_paper\Heat Equation Degeneracy\README.md,377,8a93a069978e02d4d70507a53a422ff0f6037259ec7c8f0fd129f07c63248fd4,2026-08-15T23:54:08.602914+00:00,controlled_study,Results 1.3; Supplement S6,SIR-HEAT-DEGENERACY,CANONICAL,yes,Heat-equation single-mode ambiguity and multimode shared-coefficient resolution.
02_CONTROLLED_STUDIES/05_Heat_Equation_Degeneracy_and_Multimode/data/realization_00.parquet,D:\SIR_paper\Heat Equation Degeneracy\data\realization_00.parquet,536639,313103829f45e4534272b2cee795f7973f16c730e5d502ebfaf42ad6ef55c369,2026-07-14T22:59:14.212188+00:00,controlled_study,Results 1.3; Supplement S6,SIR-HEAT-DEGENERACY,CANONICAL,yes,Heat-equation single-mode ambiguity and multimode shared-coefficient resolution.
02_CONTROLLED_STUDIES/05_Heat_Equation_Degeneracy_and_Multimode/data_provider.py,D:\SIR_paper\Heat Equation Degeneracy\data_provider.py,5586,e68f62cd1d29350dbf949318c2e9dd17ac25eb38eb004f84b58b640a8957d827,2026-08-15T23:47:54.768216+00:00,controlled_study,Results 1.3; Supplement S6,SIR-HEAT-DEGENERACY,CANONICAL,yes,Heat-equation single-mode ambiguity and multimode shared-coefficient resolution.
02_CONTROLLED_STUDIES/05_Heat_Equation_Degeneracy_and_Multimode/heat_equation_degeneracy.py,D:\SIR_paper\Heat Equation Degeneracy\heat_equation_degeneracy.py,2843,177f0be870911130d973421a275cac3ff17323c98971328a3853c8b46d718c27,2026-07-14T22:59:14.213194+00:00,controlled_study,Results 1.3; Supplement S6,SIR-HEAT-DEGENERACY,CANONICAL,yes,Heat-equation single-mode ambiguity and multimode shared-coefficient resolution.
02_CONTROLLED_STUDIES/05_Heat_Equation_Degeneracy_and_Multimode/heat_equation_degeneracy_data_provider.py,D:\SIR_paper\Heat Equation Degeneracy\heat_equation_degeneracy_data_provider.py,4853,2e9d3afb9996ce214bc5f3822520440c6b22b6784469bf45ff8b9063b9e56394,2026-07-14T22:59:14.213194+00:00,controlled_study,Results 1.3; Supplement S6,SIR-HEAT-DEGENERACY,CANONICAL,yes,Heat-equation single-mode ambiguity and multimode shared-coefficient resolution.
02_CONTROLLED_STUDIES/06_Trajectory_Relational_Geometry/AUDIT_sensitivity_centered_phase.md,D:\SIR_paper\AUDIT_sensitivity_centered_phase.md,12934,8de8a834fde4b690cb5fb82442bc6d47a39164669a1f9bfd8739a6762fb593fc,2026-08-25T06:13:21.597327+00:00,audit,Results 1.2,,CANONICAL,yes,Audit of the sensitivity-centred phase construction used by Figure 2.
02_CONTROLLED_STUDIES/06_Trajectory_Relational_Geometry/phase_turning_manifold_reference_shifted.py,D:\SIR_paper\DIIID_example\phase_turning_manifold_reference_shifted.py,18225,983d4803b5ef8b37b13743b7066dcc1eb61b641b4f3d9807abc5b2b95a41d3d7,2026-08-26T03:57:38.595093+00:00,controlled_study,Results 1.2; Figure 2,,SUPERSEDED,yes,Trajectory-relational geometry / turning-manifold construction. v8 is the version whose output the current manuscript references.
02_CONTROLLED_STUDIES/06_Trajectory_Relational_Geometry/phase_turning_manifold_sensitivity_centered_with_x2_purple_v7.py,D:\SIR_paper\DIIID_example\phase_turning_manifold_sensitivity_centered_with_x2_purple_v7.py,15986,538a77d67b96524a0a12bdd2c452da2954f3ff444857fcb775b911e9097055ba,2026-08-27T16:45:56.888036+00:00,controlled_study,Results 1.2; Figure 2,,SUPERSEDED,yes,Trajectory-relational geometry / turning-manifold construction. v8 is the version whose output the current manuscript references.
02_CONTROLLED_STUDIES/06_Trajectory_Relational_Geometry/phase_turning_manifold_sensitivity_centered_with_x2_purple_v8.py,D:\SIR_paper\DIIID_example\phase_turning_manifold_sensitivity_centered_with_x2_purple_v8.py,28856,afd454a73bcb5b5a006ee9a3160cc77f0539dc3e169cec7521859968d0df29ac,2026-09-10T18:17:57.201382+00:00,controlled_study,Results 1.2; Figure 2,,CANONICAL,yes,Trajectory-relational geometry / turning-manifold construction. v8 is the version whose output the current manuscript references.
03_DIII_D_SOURCE_OBJECT/observational_object_S7_1/CONSISTENCY_CHECKS.json,D:\SIR_paper\DIIID_example\S7\01_observational_object\CONSISTENCY_CHECKS.json,1668,76b095275da7ef73bfba6eae8ea59a5723b226d0581e9396703cb12bb4c19239,2026-09-02T06:00:14.112581+00:00,source_object,Supplement S7.1,D3D-SIR-S7.1-OBSERVATIONAL-OBJECT-FINAL-V1,CANONICAL,yes,"The frozen 62-discharge / 95-quantity observational object: cohort and signal inventories, provenance graph, units registry, temporal support, availability, equilibrium lineage, quality summary and the S7.1 reconciliation history."
03_DIII_D_SOURCE_OBJECT/observational_object_S7_1/IMPLEMENTATION_PROVENANCE.md,D:\SIR_paper\DIIID_example\S7\01_observational_object\IMPLEMENTATION_PROVENANCE.md,3062,f045bbdf536881f0e9efe366ae229724707b116f69e87e028f92f8f40331242f,2026-09-02T06:02:39.550008+00:00,source_object,Supplement S7.1,D3D-SIR-S7.1-OBSERVATIONAL-OBJECT-FINAL-V1,CANONICAL,yes,"The frozen 62-discharge / 95-quantity observational object: cohort and signal inventories, provenance graph, units registry, temporal support, availability, equilibrium lineage, quality summary and the S7.1 reconciliation history."
03_DIII_D_SOURCE_OBJECT/observational_object_S7_1/MANIFEST.json,D:\SIR_paper\DIIID_example\S7\01_observational_object\MANIFEST.json,1898,77873635bc21252fd609d1b1540c759e462a00c29a2067adc915f4a98e04546e,2026-09-08T00:51:17.511586+00:00,source_object,Supplement S7.1,D3D-SIR-S7.1-OBSERVATIONAL-OBJECT-FINAL-V1,CANONICAL,yes,"The frozen 62-discharge / 95-quantity observational object: cohort and signal inventories, provenance graph, units registry, temporal support, availability, equilibrium lineage, quality summary and the S7.1 reconciliation history."
03_DIII_D_SOURCE_OBJECT/observational_object_S7_1/OBSERVATIONAL_DOMAIN.md,D:\SIR_paper\DIIID_example\S7\01_observational_object\OBSERVATIONAL_DOMAIN.md,1623,d2f111091cc97134ba4d7b6c889f02e1c60dc0a9ef414beacec142d4ea987567,2026-09-02T06:02:39.571454+00:00,source_object,Supplement S7.1,D3D-SIR-S7.1-OBSERVATIONAL-OBJECT-FINAL-V1,CANONICAL,yes,"The frozen 62-discharge / 95-quantity observational object: cohort and signal inventories, provenance graph, units registry, temporal support, availability, equilibrium lineage, quality summary and the S7.1 reconciliation history."
03_DIII_D_SOURCE_OBJECT/observational_object_S7_1/O_DIIID.json,D:\SIR_paper\DIIID_example\S7\01_observational_object\O_DIIID.json,6671,ecae2c49fc82ed47571f9b89fa6b5b8f5193b26cf511dc825bb97d20c87bb97b,2026-09-02T07:23:47.775447+00:00,source_object,Supplement S7.1,D3D-SIR-S7.1-OBSERVATIONAL-OBJECT-FINAL-V1,CANONICAL,yes,"The frozen 62-discharge / 95-quantity observational object: cohort and signal inventories, provenance graph, units registry, temporal support, availability, equilibrium lineage, quality summary and the S7.1 reconciliation history."
03_DIII_D_SOURCE_OBJECT/observational_object_S7_1/O_DIIID.md,D:\SIR_paper\DIIID_example\S7\01_observational_object\O_DIIID.md,6433,266f835a02a11671b49237ab8a1531ca6f49a246dbc10383bf1c793968c87349,2026-09-02T07:23:47.776172+00:00,source_object,Supplement S7.1,D3D-SIR-S7.1-OBSERVATIONAL-OBJECT-FINAL-V1,CANONICAL,yes,"The frozen 62-discharge / 95-quantity observational object: cohort and signal inventories, provenance graph, units registry, temporal support, availability, equilibrium lineage, quality summary and the S7.1 reconciliation history."
03_DIII_D_SOURCE_OBJECT/observational_object_S7_1/S7_1_OBSERVATIONAL_OBJECT_AND_PROVENANCE.md,D:\SIR_paper\DIIID_example\S7\01_observational_object\S7_1_OBSERVATIONAL_OBJECT_AND_PROVENANCE.md,12863,df59fc0dd61ac359b6163f352ab7dd9c0c5cf0838b79bb8b727b60d24a39eb0d,2026-09-02T07:23:47.776172+00:00,source_object,Supplement S7.1,D3D-SIR-S7.1-OBSERVATIONAL-OBJECT-FINAL-V1,CANONICAL,yes,"The frozen 62-discharge / 95-quantity observational object: cohort and signal inventories, provenance graph, units registry, temporal support, availability, equilibrium lineage, quality summary and the S7.1 reconciliation history."
03_DIII_D_SOURCE_OBJECT/observational_object_S7_1/S7_1_OBSERVATIONAL_OBJECT_AUDIT_REPORT.md,D:\SIR_paper\DIIID_example\S7\01_observational_object\S7_1_OBSERVATIONAL_OBJECT_AUDIT_REPORT.md,13282,5cd52cee59a1f0c19940fa79ff0e654e93ef44e9a2412fa5449a438f5bcbdfa1,2026-09-02T07:23:47.776931+00:00,source_object,Supplement S7.1,D3D-SIR-S7.1-OBSERVATIONAL-OBJECT-FINAL-V1,CANONICAL,yes,"The frozen 62-discharge / 95-quantity observational object: cohort and signal inventories, provenance graph, units registry, temporal support, availability, equilibrium lineage, quality summary and the S7.1 reconciliation history."
03_DIII_D_SOURCE_OBJECT/observational_object_S7_1/SOURCE_ARTIFACT_INVENTORY.csv,D:\SIR_paper\DIIID_example\S7\01_observational_object\SOURCE_ARTIFACT_INVENTORY.csv,5303,90329037befcbb876d263c1f2db2fe745226aff893e59f475bcd483983b080f6,2026-09-02T06:00:14.071223+00:00,source_object,Supplement S7.1,D3D-SIR-S7.1-OBSERVATIONAL-OBJECT-FINAL-V1,CANONICAL,yes,"The frozen 62-discharge / 95-quantity observational object: cohort and signal inventories, provenance graph, units registry, temporal support, availability, equilibrium lineage, quality summary and the S7.1 reconciliation history."
03_DIII_D_SOURCE_OBJECT/observational_object_S7_1/UNRESOLVED_PROVENANCE.csv,D:\SIR_paper\DIIID_example\S7\01_observational_object\UNRESOLVED_PROVENANCE.csv,2956,c89323ce51ca885ef52aba71ca5b99fc0f4e713376f580c7369016e8bc679e0e,2026-09-02T05:57:43.538737+00:00,source_object,Supplement S7.1,D3D-SIR-S7.1-OBSERVATIONAL-OBJECT-FINAL-V1,CANONICAL,yes,"The frozen 62-discharge / 95-quantity observational object: cohort and signal inventories, provenance graph, units registry, temporal support, availability, equilibrium lineage, quality summary and the S7.1 reconciliation history."
03_DIII_D_SOURCE_OBJECT/observational_object_S7_1/availability_by_shot.csv,D:\SIR_paper\DIIID_example\S7\01_observational_object\availability_by_shot.csv,378372,3d3ef83f612ca5bad91a0e08903d2cce6fc68b0c73fd55d42b9a2756f23976f1,2026-09-02T05:57:43.478188+00:00,source_object,Supplement S7.1,D3D-SIR-S7.1-OBSERVATIONAL-OBJECT-FINAL-V1,CANONICAL,yes,"The frozen 62-discharge / 95-quantity observational object: cohort and signal inventories, provenance graph, units registry, temporal support, availability, equilibrium lineage, quality summary and the S7.1 reconciliation history."
03_DIII_D_SOURCE_OBJECT/observational_object_S7_1/availability_matrix.csv,D:\SIR_paper\DIIID_example\S7\01_observational_object\availability_matrix.csv,24753,eafd8f1628d62ffa4be2f6d58bdadab4c37488b9041770c895711375c409b7d8,2026-09-02T05:57:43.493172+00:00,source_object,Supplement S7.1,D3D-SIR-S7.1-OBSERVATIONAL-OBJECT-FINAL-V1,CANONICAL,yes,"The frozen 62-discharge / 95-quantity observational object: cohort and signal inventories, provenance graph, units registry, temporal support, availability, equilibrium lineage, quality summary and the S7.1 reconciliation history."
03_DIII_D_SOURCE_OBJECT/observational_object_S7_1/build_s7_1_census.py,D:\SIR_paper\DIIID_example\S7\01_observational_object\build_s7_1_census.py,25813,cfa9bbb6652e3497cf89d76cf0244c779572e3e0f403d6c8a71dfe38848a1bdb,2026-09-02T05:57:01.946213+00:00,source_object,Supplement S7.1,D3D-SIR-S7.1-OBSERVATIONAL-OBJECT-FINAL-V1,CANONICAL,yes,"The frozen 62-discharge / 95-quantity observational object: cohort and signal inventories, provenance graph, units registry, temporal support, availability, equilibrium lineage, quality summary and the S7.1 reconciliation history."
03_DIII_D_SOURCE_OBJECT/observational_object_S7_1/finalize_s7_1.py,D:\SIR_paper\DIIID_example\S7\01_observational_object\finalize_s7_1.py,12902,3c7f0aa30890c9c0f18b93fec4292458e382e7d19d7d7799dc15f128fb601b37,2026-09-02T05:59:50.654038+00:00,source_object,Supplement S7.1,D3D-SIR-S7.1-OBSERVATIONAL-OBJECT-FINAL-V1,CANONICAL,yes,"The frozen 62-discharge / 95-quantity observational object: cohort and signal inventories, provenance graph, units registry, temporal support, availability, equilibrium lineage, quality summary and the S7.1 reconciliation history."
03_DIII_D_SOURCE_OBJECT/observational_object_S7_1/index.html,D:\SIR_paper\DIIID_example\S7\01_observational_object\index.html,7269,7d132e560379d28f607903cf1e5956987d942c9eb40b8e879dbc92bea0487043,2026-09-08T00:51:17.512816+00:00,source_object,Supplement S7.1,D3D-SIR-S7.1-OBSERVATIONAL-OBJECT-FINAL-V1,CANONICAL,yes,"The frozen 62-discharge / 95-quantity observational object: cohort and signal inventories, provenance graph, units registry, temporal support, availability, equilibrium lineage, quality summary and the S7.1 reconciliation history."
03_DIII_D_SOURCE_OBJECT/observational_object_S7_1/preprocessing_lineage.csv,D:\SIR_paper\DIIID_example\S7\01_observational_object\preprocessing_lineage.csv,711,c661ca3d2dc61eabc4791e1f4eaaf6d73f14715b1ff2bc693835fa4a10240a63,2026-09-02T05:57:43.539741+00:00,source_object,Supplement S7.1,D3D-SIR-S7.1-OBSERVATIONAL-OBJECT-FINAL-V1,CANONICAL,yes,"The frozen 62-discharge / 95-quantity observational object: cohort and signal inventories, provenance graph, units registry, temporal support, availability, equilibrium lineage, quality summary and the S7.1 reconciliation history."
03_DIII_D_SOURCE_OBJECT/observational_object_S7_1/provenance_edges.csv,D:\SIR_paper\DIIID_example\S7\01_observational_object\provenance_edges.csv,24254,033155ee8c4d4755f0b29de5ebc0aa46d8e3ec72be70a898c7de0dd15670bcbb,2026-09-02T05:57:43.533708+00:00,source_object,Supplement S7.1,D3D-SIR-S7.1-OBSERVATIONAL-OBJECT-FINAL-V1,CANONICAL,yes,"The frozen 62-discharge / 95-quantity observational object: cohort and signal inventories, provenance graph, units registry, temporal support, availability, equilibrium lineage, quality summary and the S7.1 reconciliation history."
03_DIII_D_SOURCE_OBJECT/observational_object_S7_1/provenance_graph.json,D:\SIR_paper\DIIID_example\S7\01_observational_object\provenance_graph.json,78643,ce35a8860a13f950716fdd1c59badd6e419bc444e4d25868226fddba8c1a4ac8,2026-09-02T05:57:43.536826+00:00,source_object,Supplement S7.1,D3D-SIR-S7.1-OBSERVATIONAL-OBJECT-FINAL-V1,CANONICAL,yes,"The frozen 62-discharge / 95-quantity observational object: cohort and signal inventories, provenance graph, units registry, temporal support, availability, equilibrium lineage, quality summary and the S7.1 reconciliation history."
03_DIII_D_SOURCE_OBJECT/observational_object_S7_1/provenance_nodes.csv,D:\SIR_paper\DIIID_example\S7\01_observational_object\provenance_nodes.csv,7765,5700f8b9efacb1fac94db7698e73f88659d5928fd5b89b3cb1abfc8ac454c093,2026-09-02T05:57:43.531250+00:00,source_object,Supplement S7.1,D3D-SIR-S7.1-OBSERVATIONAL-OBJECT-FINAL-V1,CANONICAL,yes,"The frozen 62-discharge / 95-quantity observational object: cohort and signal inventories, provenance graph, units registry, temporal support, availability, equilibrium lineage, quality summary and the S7.1 reconciliation history."
03_DIII_D_SOURCE_OBJECT/observational_object_S7_1/reconciliation/O_COMPONENT_A_ADDENDUM.md,D:\SIR_paper\DIIID_example\S7\01_observational_object\reconciliation\O_COMPONENT_A_ADDENDUM.md,6592,267f8ad95fcefb6a24047d8b2fc8c3b4981fc74259a6ef1b9db35f6ad6ad0bda,2026-09-02T07:23:11.264155+00:00,source_object,Supplement S7.1,D3D-SIR-S7.1-OBSERVATIONAL-OBJECT-FINAL-V1,CANONICAL,yes,"The frozen 62-discharge / 95-quantity observational object: cohort and signal inventories, provenance graph, units registry, temporal support, availability, equilibrium lineage, quality summary and the S7.1 reconciliation history."
03_DIII_D_SOURCE_OBJECT/observational_object_S7_1/reconciliation/S7_1R_FORMAL_AND_PROVENANCE_RECONCILIATION_REPORT.md,D:\SIR_paper\DIIID_example\S7\01_observational_object\reconciliation\S7_1R_FORMAL_AND_PROVENANCE_RECONCILIATION_REPORT.md,17276,9c188be076a0e90d30b3744ceb07a78b113dd7ce26b3805f4a33c37d9dcb522b,2026-09-02T07:25:09.819451+00:00,source_object,Supplement S7.1,D3D-SIR-S7.1-OBSERVATIONAL-OBJECT-FINAL-V1,CANONICAL,yes,"The frozen 62-discharge / 95-quantity observational object: cohort and signal inventories, provenance graph, units registry, temporal support, availability, equilibrium lineage, quality summary and the S7.1 reconciliation history."
03_DIII_D_SOURCE_OBJECT/observational_object_S7_1/reconciliation/S7_1R_VERDICT.json,D:\SIR_paper\DIIID_example\S7\01_observational_object\reconciliation\S7_1R_VERDICT.json,4091,ddc6131ec623e9743e2ee6910ed55d1af57352c2ff7e8e1d40e541637b1a9cc3,2026-09-02T07:25:50.864491+00:00,source_object,Supplement S7.1,D3D-SIR-S7.1-OBSERVATIONAL-OBJECT-FINAL-V1,CANONICAL,yes,"The frozen 62-discharge / 95-quantity observational object: cohort and signal inventories, provenance graph, units registry, temporal support, availability, equilibrium lineage, quality summary and the S7.1 reconciliation history."
03_DIII_D_SOURCE_OBJECT/observational_object_S7_1/reconciliation/TEMPORAL_GRID_RECONCILIATION_REPORT.md,D:\SIR_paper\DIIID_example\S7\01_observational_object\reconciliation\TEMPORAL_GRID_RECONCILIATION_REPORT.md,5787,7fb9602cb43c5c6b870723f75fa5e9fee39d3a786513ea243d9da5a757f5c1c8,2026-09-02T07:22:32.531340+00:00,source_object,Supplement S7.1,D3D-SIR-S7.1-OBSERVATIONAL-OBJECT-FINAL-V1,CANONICAL,yes,"The frozen 62-discharge / 95-quantity observational object: cohort and signal inventories, provenance graph, units registry, temporal support, availability, equilibrium lineage, quality summary and the S7.1 reconciliation history."
03_DIII_D_SOURCE_OBJECT/observational_object_S7_1/reconciliation/ancillary_metadata_inventory.csv,D:\SIR_paper\DIIID_example\S7\01_observational_object\reconciliation\ancillary_metadata_inventory.csv,496657,8f911aab59ee7195b8a17f09d2b604b7b643bdac4b28169c83b63d985ff85069,2026-09-02T07:25:50.824116+00:00,source_object,Supplement S7.1,D3D-SIR-S7.1-OBSERVATIONAL-OBJECT-FINAL-V1,CANONICAL,yes,"The frozen 62-discharge / 95-quantity observational object: cohort and signal inventories, provenance graph, units registry, temporal support, availability, equilibrium lineage, quality summary and the S7.1 reconciliation history."
03_DIII_D_SOURCE_OBJECT/observational_object_S7_1/reconciliation/apply_addenda.py,D:\SIR_paper\DIIID_example\S7\01_observational_object\reconciliation\apply_addenda.py,7163,6ffc11b36369c8570e7776ff94d92c14c78bf682820a0bde986065e341b1863f,2026-09-02T07:23:44.795267+00:00,source_object,Supplement S7.1,D3D-SIR-S7.1-OBSERVATIONAL-OBJECT-FINAL-V1,CANONICAL,yes,"The frozen 62-discharge / 95-quantity observational object: cohort and signal inventories, provenance graph, units registry, temporal support, availability, equilibrium lineage, quality summary and the S7.1 reconciliation history."
03_DIII_D_SOURCE_OBJECT/observational_object_S7_1/reconciliation/build_s7_1r.py,D:\SIR_paper\DIIID_example\S7\01_observational_object\reconciliation\build_s7_1r.py,31059,95527f09c315bb70235156a332b4cc1947a0bf8b2288b60ed527670b8bfd872a,2026-09-02T07:25:41.918045+00:00,source_object,Supplement S7.1,D3D-SIR-S7.1-OBSERVATIONAL-OBJECT-FINAL-V1,CANONICAL,yes,"The frozen 62-discharge / 95-quantity observational object: cohort and signal inventories, provenance graph, units registry, temporal support, availability, equilibrium lineage, quality summary and the S7.1 reconciliation history."
03_DIII_D_SOURCE_OBJECT/observational_object_S7_1/reconciliation/cohort_campaign_strata.csv,D:\SIR_paper\DIIID_example\S7\01_observational_object\reconciliation\cohort_campaign_strata.csv,1017,53094b8f2d38550fbcb25587a3a42992703aee8263c2f0e51795b30162237986,2026-09-02T07:25:50.826991+00:00,source_object,Supplement S7.1,D3D-SIR-S7.1-OBSERVATIONAL-OBJECT-FINAL-V1,CANONICAL,yes,"The frozen 62-discharge / 95-quantity observational object: cohort and signal inventories, provenance graph, units registry, temporal support, availability, equilibrium lineage, quality summary and the S7.1 reconciliation history."
03_DIII_D_SOURCE_OBJECT/observational_object_S7_1/reconciliation/equilibrium_lineage_audit.md,D:\SIR_paper\DIIID_example\S7\01_observational_object\reconciliation\equilibrium_lineage_audit.md,5291,fbe544e2069a753194abd2aecf2a513f6f29f686a4415bb8a242493382d34d3f,2026-09-02T07:22:01.165134+00:00,source_object,Supplement S7.1,D3D-SIR-S7.1-OBSERVATIONAL-OBJECT-FINAL-V1,CANONICAL,yes,"The frozen 62-discharge / 95-quantity observational object: cohort and signal inventories, provenance graph, units registry, temporal support, availability, equilibrium lineage, quality summary and the S7.1 reconciliation history."
03_DIII_D_SOURCE_OBJECT/observational_object_S7_1/reconciliation/equilibrium_lineage_edges.csv,D:\SIR_paper\DIIID_example\S7\01_observational_object\reconciliation\equilibrium_lineage_edges.csv,2744,060380d84f00c2608dea6e6851924e8d54ac2298fdfacaa0c2076774d2fc1c0b,2026-09-02T07:25:50.796438+00:00,source_object,Supplement S7.1,D3D-SIR-S7.1-OBSERVATIONAL-OBJECT-FINAL-V1,CANONICAL,yes,"The frozen 62-discharge / 95-quantity observational object: cohort and signal inventories, provenance graph, units registry, temporal support, availability, equilibrium lineage, quality summary and the S7.1 reconciliation history."
03_DIII_D_SOURCE_OBJECT/observational_object_S7_1/reconciliation/equilibrium_lineage_nodes.csv,D:\SIR_paper\DIIID_example\S7\01_observational_object\reconciliation\equilibrium_lineage_nodes.csv,2367,a91b09c37066016a1f05fa31b974ccd87caaf633f99b4c039efaf4632ff57922,2026-09-02T07:25:50.795939+00:00,source_object,Supplement S7.1,D3D-SIR-S7.1-OBSERVATIONAL-OBJECT-FINAL-V1,CANONICAL,yes,"The frozen 62-discharge / 95-quantity observational object: cohort and signal inventories, provenance graph, units registry, temporal support, availability, equilibrium lineage, quality summary and the S7.1 reconciliation history."
03_DIII_D_SOURCE_OBJECT/observational_object_S7_1/reconciliation/equilibrium_lineage_status.csv,D:\SIR_paper\DIIID_example\S7\01_observational_object\reconciliation\equilibrium_lineage_status.csv,5922,dac383542953e58080eaf63b0d44f33b87a29e69c564370deca2bf4aaac86a96,2026-09-02T07:25:50.797077+00:00,source_object,Supplement S7.1,D3D-SIR-S7.1-OBSERVATIONAL-OBJECT-FINAL-V1,CANONICAL,yes,"The frozen 62-discharge / 95-quantity observational object: cohort and signal inventories, provenance graph, units registry, temporal support, availability, equilibrium lineage, quality summary and the S7.1 reconciliation history."
03_DIII_D_SOURCE_OBJECT/observational_object_S7_1/reconciliation/temporal_grid_reconciliation.csv,D:\SIR_paper\DIIID_example\S7\01_observational_object\reconciliation\temporal_grid_reconciliation.csv,1817,c3ecbd5886aeb4f069e716e01e13a94417c9abd76b95f32a3069e8d71e760733,2026-09-02T07:25:50.799334+00:00,source_object,Supplement S7.1,D3D-SIR-S7.1-OBSERVATIONAL-OBJECT-FINAL-V1,CANONICAL,yes,"The frozen 62-discharge / 95-quantity observational object: cohort and signal inventories, provenance graph, units registry, temporal support, availability, equilibrium lineage, quality summary and the S7.1 reconciliation history."
03_DIII_D_SOURCE_OBJECT/observational_object_S7_1/reconciliation/units_recovery.csv,D:\SIR_paper\DIIID_example\S7\01_observational_object\reconciliation\units_recovery.csv,41157,96bc1e7f67c9af69b098751db7cceca76b2f2fde0450a7377a024a92ec73381f,2026-09-02T07:25:50.793416+00:00,source_object,Supplement S7.1,D3D-SIR-S7.1-OBSERVATIONAL-OBJECT-FINAL-V1,CANONICAL,yes,"The frozen 62-discharge / 95-quantity observational object: cohort and signal inventories, provenance graph, units registry, temporal support, availability, equilibrium lineage, quality summary and the S7.1 reconciliation history."
03_DIII_D_SOURCE_OBJECT/observational_object_S7_1/reconciliation/units_recovery_report.md,D:\SIR_paper\DIIID_example\S7\01_observational_object\reconciliation\units_recovery_report.md,4664,92b3e485e8f0785adca294d40814780b534474e56b5a0343ec140c8ee5b33a9e,2026-09-02T07:21:31.730505+00:00,source_object,Supplement S7.1,D3D-SIR-S7.1-OBSERVATIONAL-OBJECT-FINAL-V1,CANONICAL,yes,"The frozen 62-discharge / 95-quantity observational object: cohort and signal inventories, provenance graph, units registry, temporal support, availability, equilibrium lineage, quality summary and the S7.1 reconciliation history."
03_DIII_D_SOURCE_OBJECT/observational_object_S7_1/reconciliation/units_sources.md,D:\SIR_paper\DIIID_example\S7\01_observational_object\reconciliation\units_sources.md,6038,95d48a2a627eac8f0538bc37ca9cb9bf42f1a279e7289d176c98b3b4487b8714,2026-09-02T07:21:06.480161+00:00,source_object,Supplement S7.1,D3D-SIR-S7.1-OBSERVATIONAL-OBJECT-FINAL-V1,CANONICAL,yes,"The frozen 62-discharge / 95-quantity observational object: cohort and signal inventories, provenance graph, units registry, temporal support, availability, equilibrium lineage, quality summary and the S7.1 reconciliation history."
03_DIII_D_SOURCE_OBJECT/observational_object_S7_1/reconciliation/upstream_resampling_characterization.csv,D:\SIR_paper\DIIID_example\S7\01_observational_object\reconciliation\upstream_resampling_characterization.csv,12845,07abbf8b3c37d01f025cebe2120a7a1368bf0e8dc5e1fc8f209fe398ea1b29cb,2026-09-02T07:25:50.862825+00:00,source_object,Supplement S7.1,D3D-SIR-S7.1-OBSERVATIONAL-OBJECT-FINAL-V1,CANONICAL,yes,"The frozen 62-discharge / 95-quantity observational object: cohort and signal inventories, provenance graph, units registry, temporal support, availability, equilibrium lineage, quality summary and the S7.1 reconciliation history."
03_DIII_D_SOURCE_OBJECT/observational_object_S7_1/reconciliation_final/CENSUS_CHECKS.json,D:\SIR_paper\DIIID_example\S7\01_observational_object\reconciliation_final\CENSUS_CHECKS.json,1082,4ce3ce24824f82efe546362c009559e47b2929755738a36288abff74e260d398,2026-09-02T20:36:03.462725+00:00,source_object,Supplement S7.1,D3D-SIR-S7.1-OBSERVATIONAL-OBJECT-FINAL-V1,CANONICAL,yes,"The frozen 62-discharge / 95-quantity observational object: cohort and signal inventories, provenance graph, units registry, temporal support, availability, equilibrium lineage, quality summary and the S7.1 reconciliation history."
03_DIII_D_SOURCE_OBJECT/observational_object_S7_1/reconciliation_final/COHORT_PROVENANCE.md,D:\SIR_paper\DIIID_example\S7\01_observational_object\reconciliation_final\COHORT_PROVENANCE.md,3908,c7f87d2b0bb8383e01fb49d92266d450324e64d36b3432aac6800dc6896e008d,2026-09-02T20:47:36.489711+00:00,source_object,Supplement S7.1,D3D-SIR-S7.1-OBSERVATIONAL-OBJECT-FINAL-V1,CANONICAL,yes,"The frozen 62-discharge / 95-quantity observational object: cohort and signal inventories, provenance graph, units registry, temporal support, availability, equilibrium lineage, quality summary and the S7.1 reconciliation history."
03_DIII_D_SOURCE_OBJECT/observational_object_S7_1/reconciliation_final/DALIA_LOADING_AUDIT.md,D:\SIR_paper\DIIID_example\S7\01_observational_object\reconciliation_final\DALIA_LOADING_AUDIT.md,3088,5c11e68333ded7cba1b4ffc230e26b219467349906a2347b91649ba86d58c359,2026-09-02T20:45:44.232314+00:00,source_object,Supplement S7.1,D3D-SIR-S7.1-OBSERVATIONAL-OBJECT-FINAL-V1,CANONICAL,yes,"The frozen 62-discharge / 95-quantity observational object: cohort and signal inventories, provenance graph, units registry, temporal support, availability, equilibrium lineage, quality summary and the S7.1 reconciliation history."
03_DIII_D_SOURCE_OBJECT/observational_object_S7_1/reconciliation_final/DALIA_SIGNAL_PARITY.csv,D:\SIR_paper\DIIID_example\S7\01_observational_object\reconciliation_final\DALIA_SIGNAL_PARITY.csv,24996,405856b6f1220a782dffac6202b1a91396e939a6a1db2991517a2f15a6706506,2026-09-02T20:40:39.129824+00:00,source_object,Supplement S7.1,D3D-SIR-S7.1-OBSERVATIONAL-OBJECT-FINAL-V1,CANONICAL,yes,"The frozen 62-discharge / 95-quantity observational object: cohort and signal inventories, provenance graph, units registry, temporal support, availability, equilibrium lineage, quality summary and the S7.1 reconciliation history."
03_DIII_D_SOURCE_OBJECT/observational_object_S7_1/reconciliation_final/EQUILIBRIUM_LINEAGE_AUDIT.md,D:\SIR_paper\DIIID_example\S7\01_observational_object\reconciliation_final\EQUILIBRIUM_LINEAGE_AUDIT.md,3900,78d8b0b2219f4d89161b79aa4d81b75c6f643b32104a29fa81e3cff4c4280b16,2026-09-02T20:47:18.664717+00:00,source_object,Supplement S7.1,D3D-SIR-S7.1-OBSERVATIONAL-OBJECT-FINAL-V1,CANONICAL,yes,"The frozen 62-discharge / 95-quantity observational object: cohort and signal inventories, provenance graph, units registry, temporal support, availability, equilibrium lineage, quality summary and the S7.1 reconciliation history."
03_DIII_D_SOURCE_OBJECT/observational_object_S7_1/reconciliation_final/FINAL_SHOT_INVENTORY.csv,D:\SIR_paper\DIIID_example\S7\01_observational_object\reconciliation_final\FINAL_SHOT_INVENTORY.csv,8517,7d3c3ab1ab289ea2c7c038397ffb2524ae6dfd00813551dfe3efccf0a415cd8c,2026-09-02T20:36:03.459272+00:00,source_object,Supplement S7.1,D3D-SIR-S7.1-OBSERVATIONAL-OBJECT-FINAL-V1,CANONICAL,yes,"The frozen 62-discharge / 95-quantity observational object: cohort and signal inventories, provenance graph, units registry, temporal support, availability, equilibrium lineage, quality summary and the S7.1 reconciliation history."
03_DIII_D_SOURCE_OBJECT/observational_object_S7_1/reconciliation_final/FINAL_SIGNAL_INVENTORY.csv,D:\SIR_paper\DIIID_example\S7\01_observational_object\reconciliation_final\FINAL_SIGNAL_INVENTORY.csv,49015,6506c6ba0c80cd8f322cff28e4054c8f66bdb358d1c0315ccfa29d839dd1c0fb,2026-09-02T20:36:03.354898+00:00,source_object,Supplement S7.1,D3D-SIR-S7.1-OBSERVATIONAL-OBJECT-FINAL-V1,CANONICAL,yes,"The frozen 62-discharge / 95-quantity observational object: cohort and signal inventories, provenance graph, units registry, temporal support, availability, equilibrium lineage, quality summary and the S7.1 reconciliation history."
03_DIII_D_SOURCE_OBJECT/observational_object_S7_1/reconciliation_final/FINAL_TEMPORAL_LINEAGE.csv,D:\SIR_paper\DIIID_example\S7\01_observational_object\reconciliation_final\FINAL_TEMPORAL_LINEAGE.csv,2117,9bb6d09e365688ac8438376986f00009aa735af0cdfb6283c95ade7359e05a67,2026-09-02T20:40:39.138756+00:00,source_object,Supplement S7.1,D3D-SIR-S7.1-OBSERVATIONAL-OBJECT-FINAL-V1,CANONICAL,yes,"The frozen 62-discharge / 95-quantity observational object: cohort and signal inventories, provenance graph, units registry, temporal support, availability, equilibrium lineage, quality summary and the S7.1 reconciliation history."
03_DIII_D_SOURCE_OBJECT/observational_object_S7_1/reconciliation_final/IMPLEMENTATION_PROVENANCE_FINAL.md,D:\SIR_paper\DIIID_example\S7\01_observational_object\reconciliation_final\IMPLEMENTATION_PROVENANCE_FINAL.md,5655,ea5d6b34295f97fe337fe1606f8ca89c042ee9c211fdc750350c0fb341d0d13c,2026-09-02T20:49:24.977188+00:00,source_object,Supplement S7.1,D3D-SIR-S7.1-OBSERVATIONAL-OBJECT-FINAL-V1,CANONICAL,yes,"The frozen 62-discharge / 95-quantity observational object: cohort and signal inventories, provenance graph, units registry, temporal support, availability, equilibrium lineage, quality summary and the S7.1 reconciliation history."
03_DIII_D_SOURCE_OBJECT/observational_object_S7_1/reconciliation_final/O_DIIID_FINAL.json,D:\SIR_paper\DIIID_example\S7\01_observational_object\reconciliation_final\O_DIIID_FINAL.json,7026,41e8ecf988f74567e3adcfd60ee07d71796952ed336be166252799379df38afa,2026-09-02T20:40:39.177087+00:00,source_object,Supplement S7.1,D3D-SIR-S7.1-OBSERVATIONAL-OBJECT-FINAL-V1,CANONICAL,yes,"The frozen 62-discharge / 95-quantity observational object: cohort and signal inventories, provenance graph, units registry, temporal support, availability, equilibrium lineage, quality summary and the S7.1 reconciliation history."
03_DIII_D_SOURCE_OBJECT/observational_object_S7_1/reconciliation_final/O_DIIID_FINAL.md,D:\SIR_paper\DIIID_example\S7\01_observational_object\reconciliation_final\O_DIIID_FINAL.md,5671,25496ec366e9226415172757c45768e73957408cc3ade50ac676ff001f0115d5,2026-09-02T20:48:52.215484+00:00,source_object,Supplement S7.1,D3D-SIR-S7.1-OBSERVATIONAL-OBJECT-FINAL-V1,CANONICAL,yes,"The frozen 62-discharge / 95-quantity observational object: cohort and signal inventories, provenance graph, units registry, temporal support, availability, equilibrium lineage, quality summary and the S7.1 reconciliation history."
03_DIII_D_SOURCE_OBJECT/observational_object_S7_1/reconciliation_final/PROVIDER_SURFACE_COMPARISON.md,D:\SIR_paper\DIIID_example\S7\01_observational_object\reconciliation_final\PROVIDER_SURFACE_COMPARISON.md,2437,8b61f2bde10e65a76090549a0ab5e1971e476dc5e1f1fc22e486a227fda2a957,2026-09-02T20:46:20.470680+00:00,source_object,Supplement S7.1,D3D-SIR-S7.1-OBSERVATIONAL-OBJECT-FINAL-V1,CANONICAL,yes,"The frozen 62-discharge / 95-quantity observational object: cohort and signal inventories, provenance graph, units registry, temporal support, availability, equilibrium lineage, quality summary and the S7.1 reconciliation history."
03_DIII_D_SOURCE_OBJECT/observational_object_S7_1/reconciliation_final/S7_1_FINAL_AUDIT_REPORT.md,D:\SIR_paper\DIIID_example\S7\01_observational_object\reconciliation_final\S7_1_FINAL_AUDIT_REPORT.md,14599,a7d7c8e54ad565f07930415f508820404a051017c65e80bbabb289f378c28b07,2026-09-02T20:50:39.991627+00:00,source_object,Supplement S7.1,D3D-SIR-S7.1-OBSERVATIONAL-OBJECT-FINAL-V1,CANONICAL,yes,"The frozen 62-discharge / 95-quantity observational object: cohort and signal inventories, provenance graph, units registry, temporal support, availability, equilibrium lineage, quality summary and the S7.1 reconciliation history."
03_DIII_D_SOURCE_OBJECT/observational_object_S7_1/reconciliation_final/S7_1_FINAL_FREEZE.json,D:\SIR_paper\DIIID_example\S7\01_observational_object\reconciliation_final\S7_1_FINAL_FREEZE.json,3008,be4807c65cdcf330244f2d80f0007f8f0448208b56ff3095f19fbdcf3097600f,2026-09-02T20:40:39.211179+00:00,source_object,Supplement S7.1,D3D-SIR-S7.1-OBSERVATIONAL-OBJECT-FINAL-V1,CANONICAL,yes,"The frozen 62-discharge / 95-quantity observational object: cohort and signal inventories, provenance graph, units registry, temporal support, availability, equilibrium lineage, quality summary and the S7.1 reconciliation history."
03_DIII_D_SOURCE_OBJECT/observational_object_S7_1/reconciliation_final/S7_1_OBSERVATIONAL_OBJECT_AND_PROVENANCE_FINAL.md,D:\SIR_paper\DIIID_example\S7\01_observational_object\reconciliation_final\S7_1_OBSERVATIONAL_OBJECT_AND_PROVENANCE_FINAL.md,10391,df252a693fee514b38b876284737cb3ffc31e25488aae7998021b2d4c3bd0702,2026-09-02T20:48:17.281312+00:00,source_object,Supplement S7.1,D3D-SIR-S7.1-OBSERVATIONAL-OBJECT-FINAL-V1,CANONICAL,yes,"The frozen 62-discharge / 95-quantity observational object: cohort and signal inventories, provenance graph, units registry, temporal support, availability, equilibrium lineage, quality summary and the S7.1 reconciliation history."
03_DIII_D_SOURCE_OBJECT/observational_object_S7_1/reconciliation_final/S7_1_REVISION_LEDGER.md,D:\SIR_paper\DIIID_example\S7\01_observational_object\reconciliation_final\S7_1_REVISION_LEDGER.md,10002,5af5765c711d817975544c856fe08a048482a82750e2d9380d27606a707ee85d,2026-09-02T20:40:34.685030+00:00,source_object,Supplement S7.1,D3D-SIR-S7.1-OBSERVATIONAL-OBJECT-FINAL-V1,CANONICAL,yes,"The frozen 62-discharge / 95-quantity observational object: cohort and signal inventories, provenance graph, units registry, temporal support, availability, equilibrium lineage, quality summary and the S7.1 reconciliation history."
03_DIII_D_SOURCE_OBJECT/observational_object_S7_1/reconciliation_final/SIGNAL_ORIGIN_CLASSIFICATION.csv,D:\SIR_paper\DIIID_example\S7\01_observational_object\reconciliation_final\SIGNAL_ORIGIN_CLASSIFICATION.csv,19125,488ebb7e3f2ea8520639477e99d2e0a04c075c28c508582cd37385c65dc869a6,2026-09-02T20:36:03.357437+00:00,source_object,Supplement S7.1,D3D-SIR-S7.1-OBSERVATIONAL-OBJECT-FINAL-V1,CANONICAL,yes,"The frozen 62-discharge / 95-quantity observational object: cohort and signal inventories, provenance graph, units registry, temporal support, availability, equilibrium lineage, quality summary and the S7.1 reconciliation history."
03_DIII_D_SOURCE_OBJECT/observational_object_S7_1/reconciliation_final/SIGNAL_UNITS.post_S7_1R.sha256,D:\SIR_paper\DIIID_example\S7\01_observational_object\reconciliation_final\SIGNAL_UNITS.post_S7_1R.sha256,85,94949fd0814c55c2da3e2afb1ac04074e985d7c035297e152a6ef2eaa9b9bc0c,2026-09-02T20:34:31.990512+00:00,source_object,Supplement S7.1,D3D-SIR-S7.1-OBSERVATIONAL-OBJECT-FINAL-V1,CANONICAL,yes,"The frozen 62-discharge / 95-quantity observational object: cohort and signal inventories, provenance graph, units registry, temporal support, availability, equilibrium lineage, quality summary and the S7.1 reconciliation history."
03_DIII_D_SOURCE_OBJECT/observational_object_S7_1/reconciliation_final/SIGNAL_UNITS.pre_S7_1R.json,D:\SIR_paper\DIIID_example\S7\01_observational_object\reconciliation_final\SIGNAL_UNITS.pre_S7_1R.json,29265,bbebdc234b35eccb9682b7a38dc26137c721fe960642972d40c34a14a1d6d4f6,2026-09-02T20:20:29.325906+00:00,source_object,Supplement S7.1,D3D-SIR-S7.1-OBSERVATIONAL-OBJECT-FINAL-V1,CANONICAL,yes,"The frozen 62-discharge / 95-quantity observational object: cohort and signal inventories, provenance graph, units registry, temporal support, availability, equilibrium lineage, quality summary and the S7.1 reconciliation history."
03_DIII_D_SOURCE_OBJECT/observational_object_S7_1/reconciliation_final/SIGNAL_UNITS.pre_S7_1R.sha256,D:\SIR_paper\DIIID_example\S7\01_observational_object\reconciliation_final\SIGNAL_UNITS.pre_S7_1R.sha256,85,1c550a7e8e70ab9f905d2d0711d0fed6a4f3b5e549fbfa40f535748582900473,2026-09-02T20:34:31.976381+00:00,source_object,Supplement S7.1,D3D-SIR-S7.1-OBSERVATIONAL-OBJECT-FINAL-V1,CANONICAL,yes,"The frozen 62-discharge / 95-quantity observational object: cohort and signal inventories, provenance graph, units registry, temporal support, availability, equilibrium lineage, quality summary and the S7.1 reconciliation history."
03_DIII_D_SOURCE_OBJECT/observational_object_S7_1/reconciliation_final/SIGNAL_UNITS_AUDIT.csv,D:\SIR_paper\DIIID_example\S7\01_observational_object\reconciliation_final\SIGNAL_UNITS_AUDIT.csv,17632,7ae188033b4d043c249f5dfeb1491d79e6ee5f57657d39560bc01251fbd46280,2026-09-02T20:34:31.993532+00:00,source_object,Supplement S7.1,D3D-SIR-S7.1-OBSERVATIONAL-OBJECT-FINAL-V1,CANONICAL,yes,"The frozen 62-discharge / 95-quantity observational object: cohort and signal inventories, provenance graph, units registry, temporal support, availability, equilibrium lineage, quality summary and the S7.1 reconciliation history."
03_DIII_D_SOURCE_OBJECT/observational_object_S7_1/reconciliation_final/SIGNAL_UNITS_AUDIT.md,D:\SIR_paper\DIIID_example\S7\01_observational_object\reconciliation_final\SIGNAL_UNITS_AUDIT.md,3784,805823410861904ed150bbe8ae19c2a349a8a12caa3b12a299a19a73a999e021,2026-09-02T20:45:44.249931+00:00,source_object,Supplement S7.1,D3D-SIR-S7.1-OBSERVATIONAL-OBJECT-FINAL-V1,CANONICAL,yes,"The frozen 62-discharge / 95-quantity observational object: cohort and signal inventories, provenance graph, units registry, temporal support, availability, equilibrium lineage, quality summary and the S7.1 reconciliation history."
03_DIII_D_SOURCE_OBJECT/observational_object_S7_1/reconciliation_final/SOURCE_ARTIFACT_INVENTORY.csv,D:\SIR_paper\DIIID_example\S7\01_observational_object\reconciliation_final\SOURCE_ARTIFACT_INVENTORY.csv,3222,aa913025890d632ebab82ef65a5583e432c9eab0b6b7058ada0fe07471910754,2026-09-02T20:40:39.091932+00:00,source_object,Supplement S7.1,D3D-SIR-S7.1-OBSERVATIONAL-OBJECT-FINAL-V1,CANONICAL,yes,"The frozen 62-discharge / 95-quantity observational object: cohort and signal inventories, provenance graph, units registry, temporal support, availability, equilibrium lineage, quality summary and the S7.1 reconciliation history."
03_DIII_D_SOURCE_OBJECT/observational_object_S7_1/reconciliation_final/SOURCE_OF_TRUTH_MAP.md,D:\SIR_paper\DIIID_example\S7\01_observational_object\reconciliation_final\SOURCE_OF_TRUTH_MAP.md,2487,c558c6ad0982b6f2cf449fb5c88e4797a8baef576756b34745a7782b8e0405f7,2026-09-02T20:44:02.256132+00:00,source_object,Supplement S7.1,D3D-SIR-S7.1-OBSERVATIONAL-OBJECT-FINAL-V1,CANONICAL,yes,"The frozen 62-discharge / 95-quantity observational object: cohort and signal inventories, provenance graph, units registry, temporal support, availability, equilibrium lineage, quality summary and the S7.1 reconciliation history."
03_DIII_D_SOURCE_OBJECT/observational_object_S7_1/reconciliation_final/TEMPORAL_GRID_FINAL_VERDICT.md,D:\SIR_paper\DIIID_example\S7\01_observational_object\reconciliation_final\TEMPORAL_GRID_FINAL_VERDICT.md,4828,bdcfe445237e2a9c0de617c137bd848b8dbf0faa2b7d434509296199437e2566,2026-09-02T20:46:20.452749+00:00,source_object,Supplement S7.1,D3D-SIR-S7.1-OBSERVATIONAL-OBJECT-FINAL-V1,CANONICAL,yes,"The frozen 62-discharge / 95-quantity observational object: cohort and signal inventories, provenance graph, units registry, temporal support, availability, equilibrium lineage, quality summary and the S7.1 reconciliation history."
03_DIII_D_SOURCE_OBJECT/observational_object_S7_1/reconciliation_final/availability_by_shot.csv,D:\SIR_paper\DIIID_example\S7\01_observational_object\reconciliation_final\availability_by_shot.csv,1252,92e270ff72bebc0841414ede0a692f0f980c43f2621e168e0103b99d72c88335,2026-09-02T20:36:03.435098+00:00,source_object,Supplement S7.1,D3D-SIR-S7.1-OBSERVATIONAL-OBJECT-FINAL-V1,CANONICAL,yes,"The frozen 62-discharge / 95-quantity observational object: cohort and signal inventories, provenance graph, units registry, temporal support, availability, equilibrium lineage, quality summary and the S7.1 reconciliation history."
03_DIII_D_SOURCE_OBJECT/observational_object_S7_1/reconciliation_final/availability_matrix.csv,D:\SIR_paper\DIIID_example\S7\01_observational_object\reconciliation_final\availability_matrix.csv,24718,d8cf82ef89cbf4448180eec2618dc9f7ec97df27c9ed8e57cf8f4d5488b642f2,2026-09-02T20:36:03.384752+00:00,source_object,Supplement S7.1,D3D-SIR-S7.1-OBSERVATIONAL-OBJECT-FINAL-V1,CANONICAL,yes,"The frozen 62-discharge / 95-quantity observational object: cohort and signal inventories, provenance graph, units registry, temporal support, availability, equilibrium lineage, quality summary and the S7.1 reconciliation history."
03_DIII_D_SOURCE_OBJECT/observational_object_S7_1/reconciliation_final/equilibrium_lineage_edges.csv,D:\SIR_paper\DIIID_example\S7\01_observational_object\reconciliation_final\equilibrium_lineage_edges.csv,2477,7c013c348a897fa9e6445d97f8c37fcfdfd9ab1d257ce9b2e32626c3af45f6be,2026-09-02T20:40:39.134742+00:00,source_object,Supplement S7.1,D3D-SIR-S7.1-OBSERVATIONAL-OBJECT-FINAL-V1,CANONICAL,yes,"The frozen 62-discharge / 95-quantity observational object: cohort and signal inventories, provenance graph, units registry, temporal support, availability, equilibrium lineage, quality summary and the S7.1 reconciliation history."
03_DIII_D_SOURCE_OBJECT/observational_object_S7_1/reconciliation_final/equilibrium_lineage_nodes.csv,D:\SIR_paper\DIIID_example\S7\01_observational_object\reconciliation_final\equilibrium_lineage_nodes.csv,2541,76e30d1c105989a9796250b8612a4abb0ff9cc6bb4a631eb388bba51e28cf986,2026-09-02T20:40:39.134238+00:00,source_object,Supplement S7.1,D3D-SIR-S7.1-OBSERVATIONAL-OBJECT-FINAL-V1,CANONICAL,yes,"The frozen 62-discharge / 95-quantity observational object: cohort and signal inventories, provenance graph, units registry, temporal support, availability, equilibrium lineage, quality summary and the S7.1 reconciliation history."
03_DIII_D_SOURCE_OBJECT/observational_object_S7_1/reconciliation_final/equilibrium_lineage_status.csv,D:\SIR_paper\DIIID_example\S7\01_observational_object\reconciliation_final\equilibrium_lineage_status.csv,6593,e7f6f8049ed4a214e8a60069cfe3fc68fc42bd06f604da968add207171573b56,2026-09-02T20:40:39.135746+00:00,source_object,Supplement S7.1,D3D-SIR-S7.1-OBSERVATIONAL-OBJECT-FINAL-V1,CANONICAL,yes,"The frozen 62-discharge / 95-quantity observational object: cohort and signal inventories, provenance graph, units registry, temporal support, availability, equilibrium lineage, quality summary and the S7.1 reconciliation history."
03_DIII_D_SOURCE_OBJECT/observational_object_S7_1/reconciliation_final/provenance_edges.csv,D:\SIR_paper\DIIID_example\S7\01_observational_object\reconciliation_final\provenance_edges.csv,1813,fc5e3d6617c78c1c718db277c48e4e531f727258b9118220d2d96d96dcb82bcf,2026-09-02T20:40:39.131330+00:00,source_object,Supplement S7.1,D3D-SIR-S7.1-OBSERVATIONAL-OBJECT-FINAL-V1,CANONICAL,yes,"The frozen 62-discharge / 95-quantity observational object: cohort and signal inventories, provenance graph, units registry, temporal support, availability, equilibrium lineage, quality summary and the S7.1 reconciliation history."
03_DIII_D_SOURCE_OBJECT/observational_object_S7_1/reconciliation_final/provenance_graph.json,D:\SIR_paper\DIIID_example\S7\01_observational_object\reconciliation_final\provenance_graph.json,6776,aec053f80d951d37f2c1096158799b14112e84ca6db695e1a8fbdf2433d1b24c,2026-09-02T20:40:39.133232+00:00,source_object,Supplement S7.1,D3D-SIR-S7.1-OBSERVATIONAL-OBJECT-FINAL-V1,CANONICAL,yes,"The frozen 62-discharge / 95-quantity observational object: cohort and signal inventories, provenance graph, units registry, temporal support, availability, equilibrium lineage, quality summary and the S7.1 reconciliation history."
03_DIII_D_SOURCE_OBJECT/observational_object_S7_1/reconciliation_final/provenance_nodes.csv,D:\SIR_paper\DIIID_example\S7\01_observational_object\reconciliation_final\provenance_nodes.csv,1437,9ec8612e076eb86af09edf3cd421be90065ac872b90064c7b40693fd34d00f84,2026-09-02T20:40:39.130828+00:00,source_object,Supplement S7.1,D3D-SIR-S7.1-OBSERVATIONAL-OBJECT-FINAL-V1,CANONICAL,yes,"The frozen 62-discharge / 95-quantity observational object: cohort and signal inventories, provenance graph, units registry, temporal support, availability, equilibrium lineage, quality summary and the S7.1 reconciliation history."
03_DIII_D_SOURCE_OBJECT/observational_object_S7_1/reconciliation_final/s7_1r_final_census.py,D:\SIR_paper\DIIID_example\S7\01_observational_object\reconciliation_final\s7_1r_final_census.py,12944,1c03adb6ee173261549b33f32e65f815581d77bc9423a77cb842bc2692ddc794,2026-09-02T20:35:50.163463+00:00,source_object,Supplement S7.1,D3D-SIR-S7.1-OBSERVATIONAL-OBJECT-FINAL-V1,CANONICAL,yes,"The frozen 62-discharge / 95-quantity observational object: cohort and signal inventories, provenance graph, units registry, temporal support, availability, equilibrium lineage, quality summary and the S7.1 reconciliation history."
03_DIII_D_SOURCE_OBJECT/observational_object_S7_1/reconciliation_final/s7_1r_final_freeze.py,D:\SIR_paper\DIIID_example\S7\01_observational_object\reconciliation_final\s7_1r_final_freeze.py,34761,8fc8d0b7dd4b0931af95175ee01fe1f70963d199e76def1e6ceef3e196eca353,2026-09-02T20:39:42.923152+00:00,source_object,Supplement S7.1,D3D-SIR-S7.1-OBSERVATIONAL-OBJECT-FINAL-V1,CANONICAL,yes,"The frozen 62-discharge / 95-quantity observational object: cohort and signal inventories, provenance graph, units registry, temporal support, availability, equilibrium lineage, quality summary and the S7.1 reconciliation history."
03_DIII_D_SOURCE_OBJECT/observational_object_S7_1/reconciliation_final/s7_1r_final_units.py,D:\SIR_paper\DIIID_example\S7\01_observational_object\reconciliation_final\s7_1r_final_units.py,6923,0fb69610fd9a7296a4b2ea2dd07f69249be41f45dd93aae2ef86ab3ecd63e07d,2026-09-02T20:34:28.099051+00:00,source_object,Supplement S7.1,D3D-SIR-S7.1-OBSERVATIONAL-OBJECT-FINAL-V1,CANONICAL,yes,"The frozen 62-discharge / 95-quantity observational object: cohort and signal inventories, provenance graph, units registry, temporal support, availability, equilibrium lineage, quality summary and the S7.1 reconciliation history."
03_DIII_D_SOURCE_OBJECT/observational_object_S7_1/reconciliation_final/semantic_types_and_units.csv,D:\SIR_paper\DIIID_example\S7\01_observational_object\reconciliation_final\semantic_types_and_units.csv,16808,79dfa31cecf8a7e32004b58af0668fc8a8fec56a8a42812d8edc3cd4affbb8c5,2026-09-02T20:36:03.356403+00:00,source_object,Supplement S7.1,D3D-SIR-S7.1-OBSERVATIONAL-OBJECT-FINAL-V1,CANONICAL,yes,"The frozen 62-discharge / 95-quantity observational object: cohort and signal inventories, provenance graph, units registry, temporal support, availability, equilibrium lineage, quality summary and the S7.1 reconciliation history."
03_DIII_D_SOURCE_OBJECT/observational_object_S7_1/reconciliation_final/signal_quality_summary.csv,D:\SIR_paper\DIIID_example\S7\01_observational_object\reconciliation_final\signal_quality_summary.csv,767683,af2b6745743fe74ebe49d01d069983b8d38fce3b4382fe946d070445b3c4bb6d,2026-09-02T20:36:03.376906+00:00,source_object,Supplement S7.1,D3D-SIR-S7.1-OBSERVATIONAL-OBJECT-FINAL-V1,CANONICAL,yes,"The frozen 62-discharge / 95-quantity observational object: cohort and signal inventories, provenance graph, units registry, temporal support, availability, equilibrium lineage, quality summary and the S7.1 reconciliation history."
03_DIII_D_SOURCE_OBJECT/observational_object_S7_1/semantic_types_and_units.csv,D:\SIR_paper\DIIID_example\S7\01_observational_object\semantic_types_and_units.csv,18623,66d1c4abe6d6fd82021beaf24b328e791261a91586002ba88e9719d88eb03093,2026-09-02T05:57:43.537855+00:00,source_object,Supplement S7.1,D3D-SIR-S7.1-OBSERVATIONAL-OBJECT-FINAL-V1,CANONICAL,yes,"The frozen 62-discharge / 95-quantity observational object: cohort and signal inventories, provenance graph, units registry, temporal support, availability, equilibrium lineage, quality summary and the S7.1 reconciliation history."
03_DIII_D_SOURCE_OBJECT/observational_object_S7_1/shot_inventory.csv,D:\SIR_paper\DIIID_example\S7\01_observational_object\shot_inventory.csv,7031,c3eab30dc2bf9641c01dd7c254be7ea0d028614418fd9fb4ee03f9fea5f6447b,2026-09-02T05:57:43.467671+00:00,source_object,Supplement S7.1,D3D-SIR-S7.1-OBSERVATIONAL-OBJECT-FINAL-V1,CANONICAL,yes,"The frozen 62-discharge / 95-quantity observational object: cohort and signal inventories, provenance graph, units registry, temporal support, availability, equilibrium lineage, quality summary and the S7.1 reconciliation history."
03_DIII_D_SOURCE_OBJECT/observational_object_S7_1/signal_inventory.csv,D:\SIR_paper\DIIID_example\S7\01_observational_object\signal_inventory.csv,83377,bf10f12870ee7db931eb0e0570f77dbf8a5ea65c7b916e9adc51a99e3dbe27e9,2026-09-02T05:57:43.466663+00:00,source_object,Supplement S7.1,D3D-SIR-S7.1-OBSERVATIONAL-OBJECT-FINAL-V1,CANONICAL,yes,"The frozen 62-discharge / 95-quantity observational object: cohort and signal inventories, provenance graph, units registry, temporal support, availability, equilibrium lineage, quality summary and the S7.1 reconciliation history."
03_DIII_D_SOURCE_OBJECT/observational_object_S7_1/signal_quality_summary.csv,D:\SIR_paper\DIIID_example\S7\01_observational_object\signal_quality_summary.csv,1117991,16ee90625e3700e48da3061e619fac62ed8538f7056821e04182edacefdb7073,2026-09-02T05:57:43.521635+00:00,source_object,Supplement S7.1,D3D-SIR-S7.1-OBSERVATIONAL-OBJECT-FINAL-V1,CANONICAL,yes,"The frozen 62-discharge / 95-quantity observational object: cohort and signal inventories, provenance graph, units registry, temporal support, availability, equilibrium lineage, quality summary and the S7.1 reconciliation history."
03_DIII_D_SOURCE_OBJECT/observational_object_S7_1/temporal_support.csv,D:\SIR_paper\DIIID_example\S7\01_observational_object\temporal_support.csv,295870,3a38496b5df8529b3d910e8c410df61c37d11a48d7594ee639e3794ad582bf0d,2026-09-02T05:57:43.530246+00:00,source_object,Supplement S7.1,D3D-SIR-S7.1-OBSERVATIONAL-OBJECT-FINAL-V1,CANONICAL,yes,"The frozen 62-discharge / 95-quantity observational object: cohort and signal inventories, provenance graph, units registry, temporal support, availability, equilibrium lineage, quality summary and the S7.1 reconciliation history."
03_DIII_D_SOURCE_OBJECT/provenance/canonical_d3d_62_shot_provenance/D3D_CANONICAL_DATA_AND_PREPROCESSING_PROVENANCE.md,D:\sir-web\Paper Examples\Relational Coordinates for Multimodal Plasma Observations\canonical_d3d_62_shot_provenance\D3D_CANONICAL_DATA_AND_PREPROCESSING_PROVENANCE.md,30518,222dfaf085418849839d439e9b0ff6890af60a3663ed1978f254c706ec8eec39,2026-08-04T19:54:32.373960+00:00,source_object,"Supplement S7.1, S7.2",D3D-SIR-62-ALIGNED-V1,CANONICAL,yes,"Discharge ledger, preprocessing provenance and reconstruction validation audit for the canonical 62-shot object."
03_DIII_D_SOURCE_OBJECT/provenance/canonical_d3d_62_shot_provenance/D3D_DISCHARGE_RECONSTRUCTION_VALIDATION_AUDIT.md,D:\sir-web\Paper Examples\Relational Coordinates for Multimodal Plasma Observations\canonical_d3d_62_shot_provenance\D3D_DISCHARGE_RECONSTRUCTION_VALIDATION_AUDIT.md,17899,cd728b7366eba670634b9293f66adade884547083e2d88ffe3741eba713fac48,2026-08-04T21:38:36.758062+00:00,source_object,"Supplement S7.1, S7.2",D3D-SIR-62-ALIGNED-V1,CANONICAL,yes,"Discharge ledger, preprocessing provenance and reconstruction validation audit for the canonical 62-shot object."
03_DIII_D_SOURCE_OBJECT/provenance/canonical_d3d_62_shot_provenance/_audit_discharge_rmse.py,D:\sir-web\Paper Examples\Relational Coordinates for Multimodal Plasma Observations\canonical_d3d_62_shot_provenance\_audit_discharge_rmse.py,5951,7958ce1b0d595055d74065d137d54a11abb48e6c787751936c3b0429814b1df7,2026-08-04T21:36:31.741447+00:00,source_object,"Supplement S7.1, S7.2",D3D-SIR-62-ALIGNED-V1,CANONICAL,yes,"Discharge ledger, preprocessing provenance and reconstruction validation audit for the canonical 62-shot object."
03_DIII_D_SOURCE_OBJECT/provenance/canonical_d3d_62_shot_provenance/_audit_discharge_rmse_results.json,D:\sir-web\Paper Examples\Relational Coordinates for Multimodal Plasma Observations\canonical_d3d_62_shot_provenance\_audit_discharge_rmse_results.json,1890,236bbfcfa684c393ae2909010ce337e6d1efc694bdcf2d38088b8f3984be699c,2026-08-04T21:36:42.568186+00:00,source_object,"Supplement S7.1, S7.2",D3D-SIR-62-ALIGNED-V1,CANONICAL,yes,"Discharge ledger, preprocessing provenance and reconstruction validation audit for the canonical 62-shot object."
03_DIII_D_SOURCE_OBJECT/provenance/canonical_d3d_62_shot_provenance/_ledger_build_stats.json,D:\sir-web\Paper Examples\Relational Coordinates for Multimodal Plasma Observations\canonical_d3d_62_shot_provenance\_ledger_build_stats.json,1735,a15bedc9bd99e58f65ea5be08a7dd056ce7aeaa400a4d1496c695b52f805a742,2026-08-04T19:52:22.523595+00:00,source_object,"Supplement S7.1, S7.2",D3D-SIR-62-ALIGNED-V1,CANONICAL,yes,"Discharge ledger, preprocessing provenance and reconstruction validation audit for the canonical 62-shot object."
03_DIII_D_SOURCE_OBJECT/provenance/canonical_d3d_62_shot_provenance/_print_summary.py,D:\sir-web\Paper Examples\Relational Coordinates for Multimodal Plasma Observations\canonical_d3d_62_shot_provenance\_print_summary.py,1841,fca50e51490f8a4af7b42d6373a03b2f2929cc4eb5a84244a03888c2fde85562,2026-08-04T19:55:08.210414+00:00,source_object,"Supplement S7.1, S7.2",D3D-SIR-62-ALIGNED-V1,CANONICAL,yes,"Discharge ledger, preprocessing provenance and reconstruction validation audit for the canonical 62-shot object."
03_DIII_D_SOURCE_OBJECT/provenance/canonical_d3d_62_shot_provenance/build_d3d_discharge_ledger.py,D:\sir-web\Paper Examples\Relational Coordinates for Multimodal Plasma Observations\canonical_d3d_62_shot_provenance\build_d3d_discharge_ledger.py,14848,e8f377033825c80d4747a989bf79931bf6e6843c22283cb2740b97571bd255a4,2026-08-04T19:52:10.947151+00:00,source_object,"Supplement S7.1, S7.2",D3D-SIR-62-ALIGNED-V1,CANONICAL,yes,"Discharge ledger, preprocessing provenance and reconstruction validation audit for the canonical 62-shot object."
03_DIII_D_SOURCE_OBJECT/provenance/canonical_d3d_62_shot_provenance/d3d_discharge_ledger.csv,D:\sir-web\Paper Examples\Relational Coordinates for Multimodal Plasma Observations\canonical_d3d_62_shot_provenance\d3d_discharge_ledger.csv,79463,4e7d6275abdd0b23423f5862ad9f092de235509a3ee9a7572f0fd608b6f6d67e,2026-08-04T19:52:22.514109+00:00,source_object,"Supplement S7.1, S7.2",D3D-SIR-62-ALIGNED-V1,CANONICAL,yes,"Discharge ledger, preprocessing provenance and reconstruction validation audit for the canonical 62-shot object."
03_DIII_D_SOURCE_OBJECT/retrieval_metadata/ELM_AUTOLABELER_PARAMETERS.md,D:\SIR_paper\DIIID_example\ELM_AUTOLABELER_PARAMETERS.md,8502,cf7ed9006c08a0f04a327741566b35996ee71e1f7cf2404841b597935502dfa1,2026-07-16T18:41:51.086966+00:00,source_object,Methods; Supplement S7.2,,CANONICAL,yes,Data provider and transform realization used to read the archive and construct coordinates.
03_DIII_D_SOURCE_OBJECT/retrieval_metadata/README.md,D:\SIR_paper\DIIID_example\README.md,1084,464e466bee8d73af3b8de407da8018f8d91af4362ceae3f6779a42bb139cc4e6,2026-08-14T20:25:17.997144+00:00,source_object,Methods; Supplement S7.2,,CANONICAL,yes,Data provider and transform realization used to read the archive and construct coordinates.
03_DIII_D_SOURCE_OBJECT/retrieval_metadata/_dalia_prefix_transforms.py,D:\SIR_paper\DIIID_example\_dalia_prefix_transforms.py,16157,8c66b2ebafb723e8be4ca35fdc156b409e55647f4ea1c47e1d1a893d2ed03060,2026-08-25T23:26:51.336889+00:00,source_object,Methods; Supplement S7.2,,CANONICAL,yes,Data provider and transform realization used to read the archive and construct coordinates.
03_DIII_D_SOURCE_OBJECT/retrieval_metadata/_dalia_runtime_transforms.py,D:\SIR_paper\DIIID_example\_dalia_runtime_transforms.py,24011,9ee17163b1837cbb2d56d31d616a31d05da4c4b91ac63a456f48c2e38d994602,2026-08-25T23:21:15.071502+00:00,source_object,Methods; Supplement S7.2,,CANONICAL,yes,Data provider and transform realization used to read the archive and construct coordinates.
03_DIII_D_SOURCE_OBJECT/retrieval_metadata/dataset_statistics.json,D:\SIR_paper\DIIID_example\data\resampled_data_v6\dataset_statistics.json,15932,76a9090f1305cf8dcb1c28a87f861134aaa08dc7a06ac0f77299392bc5fe3edd,2026-07-02T21:49:55.873084+00:00,source_object,Supplement S7.2,D3D-SIR-62-ALIGNED-V1,CANONICAL,yes,Archive-level resampling statistics and processing checkpoint.
03_DIII_D_SOURCE_OBJECT/retrieval_metadata/diiid_sir_data_provider.py,D:\SIR_paper\DIIID_example\diiid_sir_data_provider.py,20517,81766962130d6605fc093078624171fec39cbc2bd107a90fb930d4bd9a1b84fe,2026-09-02T16:00:56.134241+00:00,source_object,Methods; Supplement S7.2,,CANONICAL,yes,Data provider and transform realization used to read the archive and construct coordinates.
03_DIII_D_SOURCE_OBJECT/retrieval_metadata/processing_checkpoint.json,D:\SIR_paper\DIIID_example\data\resampled_data_v6\processing_checkpoint.json,85,8ea760be8ea830f1ac0b5e3b7bfacabe65f013ac2a0983a069ed2ad4c3916e0f,2026-07-02T21:49:48.018212+00:00,source_object,Supplement S7.2,D3D-SIR-62-ALIGNED-V1,CANONICAL,yes,Archive-level resampling statistics and processing checkpoint.
03_DIII_D_SOURCE_OBJECT/retrieval_metadata/shot_metadata/shot_155537_metadata.json,D:\SIR_paper\DIIID_example\data\resampled_data_v6\shot_155537_metadata.json,13668,afda5a06b4055a5bf855daa55b695f1507d6a342a3ba42085bd0fe18bdc6190e,2026-07-02T21:49:38.565421+00:00,source_object,"Methods; Supplement S7.1, S7.2",D3D-SIR-62-ALIGNED-V1,CANONICAL,yes,"Per-shot resampling metadata: method, category, units and provenance for each admitted signal. Derived and redistributable; the .npz arrays themselves are not bundled."
03_DIII_D_SOURCE_OBJECT/retrieval_metadata/shot_metadata/shot_159310_metadata.json,D:\SIR_paper\DIIID_example\data\resampled_data_v6\shot_159310_metadata.json,13676,cbbf046675f34bfa1a3a44f058fa75ed633ccaaa6dc2657c8bd4db04b67312d3,2026-07-02T21:50:04.539480+00:00,source_object,"Methods; Supplement S7.1, S7.2",D3D-SIR-62-ALIGNED-V1,CANONICAL,yes,"Per-shot resampling metadata: method, category, units and provenance for each admitted signal. Derived and redistributable; the .npz arrays themselves are not bundled."
03_DIII_D_SOURCE_OBJECT/retrieval_metadata/shot_metadata/shot_160715_metadata.json,D:\SIR_paper\DIIID_example\data\resampled_data_v6\shot_160715_metadata.json,13642,bcdb63a5367d14385f15d291a03a0ca69a73492287560ca0be1e8eca1ef791f1,2026-07-02T21:49:47.588411+00:00,source_object,"Methods; Supplement S7.1, S7.2",D3D-SIR-62-ALIGNED-V1,CANONICAL,yes,"Per-shot resampling metadata: method, category, units and provenance for each admitted signal. Derived and redistributable; the .npz arrays themselves are not bundled."
03_DIII_D_SOURCE_OBJECT/retrieval_metadata/shot_metadata/shot_160717_metadata.json,D:\SIR_paper\DIIID_example\data\resampled_data_v6\shot_160717_metadata.json,13642,05be0acd335dd85d2e96e8e84fbe1ecc928b47e050fcdcdbd15f9e565d221039,2026-07-02T21:50:01.358431+00:00,source_object,"Methods; Supplement S7.1, S7.2",D3D-SIR-62-ALIGNED-V1,CANONICAL,yes,"Per-shot resampling metadata: method, category, units and provenance for each admitted signal. Derived and redistributable; the .npz arrays themselves are not bundled."
03_DIII_D_SOURCE_OBJECT/retrieval_metadata/shot_metadata/shot_160719_metadata.json,D:\SIR_paper\DIIID_example\data\resampled_data_v6\shot_160719_metadata.json,13642,f6b45bd56eb5ae18edee2a6ccec30f09dc46b87985d3dbad9d8e2114f29a7526,2026-07-02T21:49:48.004666+00:00,source_object,"Methods; Supplement S7.1, S7.2",D3D-SIR-62-ALIGNED-V1,CANONICAL,yes,"Per-shot resampling metadata: method, category, units and provenance for each admitted signal. Derived and redistributable; the .npz arrays themselves are not bundled."
03_DIII_D_SOURCE_OBJECT/retrieval_metadata/shot_metadata/shot_160720_metadata.json,D:\SIR_paper\DIIID_example\data\resampled_data_v6\shot_160720_metadata.json,13642,6390e1bf3885475050caad21b5d26c1d71173f649cecc78196840e28574fda67,2026-07-02T21:50:03.091514+00:00,source_object,"Methods; Supplement S7.1, S7.2",D3D-SIR-62-ALIGNED-V1,CANONICAL,yes,"Per-shot resampling metadata: method, category, units and provenance for each admitted signal. Derived and redistributable; the .npz arrays themselves are not bundled."
03_DIII_D_SOURCE_OBJECT/retrieval_metadata/shot_metadata/shot_160721_metadata.json,D:\SIR_paper\DIIID_example\data\resampled_data_v6\shot_160721_metadata.json,13642,51f8e8fd39004c4d87b1d21033753ee4a24c78e1d2e539eb9eeb39020cba4806,2026-07-02T21:49:55.901114+00:00,source_object,"Methods; Supplement S7.1, S7.2",D3D-SIR-62-ALIGNED-V1,CANONICAL,yes,"Per-shot resampling metadata: method, category, units and provenance for each admitted signal. Derived and redistributable; the .npz arrays themselves are not bundled."
03_DIII_D_SOURCE_OBJECT/retrieval_metadata/shot_metadata/shot_161136_metadata.json,D:\SIR_paper\DIIID_example\data\resampled_data_v6\shot_161136_metadata.json,13642,8c4dadd7669f4a01c1afa890ec54ffd9d3e925355482b929ee5941f299c8c8ae,2026-07-02T21:49:44.170604+00:00,source_object,"Methods; Supplement S7.1, S7.2",D3D-SIR-62-ALIGNED-V1,CANONICAL,yes,"Per-shot resampling metadata: method, category, units and provenance for each admitted signal. Derived and redistributable; the .npz arrays themselves are not bundled."
03_DIII_D_SOURCE_OBJECT/retrieval_metadata/shot_metadata/shot_161138_metadata.json,D:\SIR_paper\DIIID_example\data\resampled_data_v6\shot_161138_metadata.json,13642,d035b7e451f726e8db09ba4ed9a557b8e29f04a6278f0c7714046845f544ff19,2026-07-02T21:49:55.859130+00:00,source_object,"Methods; Supplement S7.1, S7.2",D3D-SIR-62-ALIGNED-V1,CANONICAL,yes,"Per-shot resampling metadata: method, category, units and provenance for each admitted signal. Derived and redistributable; the .npz arrays themselves are not bundled."
03_DIII_D_SOURCE_OBJECT/retrieval_metadata/shot_metadata/shot_161145_metadata.json,D:\SIR_paper\DIIID_example\data\resampled_data_v6\shot_161145_metadata.json,13642,18d84c8c1144b3d8034fd3ae030e9f153cafbb3120b338cd3efa1a3144542cd7,2026-07-02T21:49:58.900048+00:00,source_object,"Methods; Supplement S7.1, S7.2",D3D-SIR-62-ALIGNED-V1,CANONICAL,yes,"Per-shot resampling metadata: method, category, units and provenance for each admitted signal. Derived and redistributable; the .npz arrays themselves are not bundled."
03_DIII_D_SOURCE_OBJECT/retrieval_metadata/shot_metadata/shot_161414_metadata.json,D:\SIR_paper\DIIID_example\data\resampled_data_v6\shot_161414_metadata.json,13654,e261e0e1b5ef4dc5ca3ab1a94e0885af19d931a21e9a61837370ef24c2dabb0e,2026-07-02T21:50:04.525934+00:00,source_object,"Methods; Supplement S7.1, S7.2",D3D-SIR-62-ALIGNED-V1,CANONICAL,yes,"Per-shot resampling metadata: method, category, units and provenance for each admitted signal. Derived and redistributable; the .npz arrays themselves are not bundled."
03_DIII_D_SOURCE_OBJECT/retrieval_metadata/shot_metadata/shot_165017_metadata.json,D:\SIR_paper\DIIID_example\data\resampled_data_v6\shot_165017_metadata.json,13685,415ffcc715568c90b72ccf5a529a23be721fd39c4ededc13b7c2f5fa6b4e083b,2026-07-02T21:49:46.341697+00:00,source_object,"Methods; Supplement S7.1, S7.2",D3D-SIR-62-ALIGNED-V1,CANONICAL,yes,"Per-shot resampling metadata: method, category, units and provenance for each admitted signal. Derived and redistributable; the .npz arrays themselves are not bundled."
03_DIII_D_SOURCE_OBJECT/retrieval_metadata/shot_metadata/shot_165022_metadata.json,D:\SIR_paper\DIIID_example\data\resampled_data_v6\shot_165022_metadata.json,13671,25d2a9b223d400add10aea7877bd97995c02b031ce4dce4bca945f340eb3fee8,2026-07-02T21:49:46.355563+00:00,source_object,"Methods; Supplement S7.1, S7.2",D3D-SIR-62-ALIGNED-V1,CANONICAL,yes,"Per-shot resampling metadata: method, category, units and provenance for each admitted signal. Derived and redistributable; the .npz arrays themselves are not bundled."
03_DIII_D_SOURCE_OBJECT/retrieval_metadata/shot_metadata/shot_165026_metadata.json,D:\SIR_paper\DIIID_example\data\resampled_data_v6\shot_165026_metadata.json,13685,396dec1e62c9c11c61d959ddbad4a681baf17e1578550eadc850357ddb1f1c66,2026-07-02T21:50:00.445278+00:00,source_object,"Methods; Supplement S7.1, S7.2",D3D-SIR-62-ALIGNED-V1,CANONICAL,yes,"Per-shot resampling metadata: method, category, units and provenance for each admitted signal. Derived and redistributable; the .npz arrays themselves are not bundled."
03_DIII_D_SOURCE_OBJECT/retrieval_metadata/shot_metadata/shot_165027_metadata.json,D:\SIR_paper\DIIID_example\data\resampled_data_v6\shot_165027_metadata.json,13669,b7c812565d4d44cff2fcb5e506f3d80844f2f7a24d51e02b61447e6f02a09f8e,2026-07-02T21:50:03.575872+00:00,source_object,"Methods; Supplement S7.1, S7.2",D3D-SIR-62-ALIGNED-V1,CANONICAL,yes,"Per-shot resampling metadata: method, category, units and provenance for each admitted signal. Derived and redistributable; the .npz arrays themselves are not bundled."
03_DIII_D_SOURCE_OBJECT/retrieval_metadata/shot_metadata/shot_165028_metadata.json,D:\SIR_paper\DIIID_example\data\resampled_data_v6\shot_165028_metadata.json,13685,310016e1a32f09db4b1c069b6842291598cdbb65cbb13660a77e849dd8e1c4ac,2026-07-02T21:49:55.830312+00:00,source_object,"Methods; Supplement S7.1, S7.2",D3D-SIR-62-ALIGNED-V1,CANONICAL,yes,"Per-shot resampling metadata: method, category, units and provenance for each admitted signal. Derived and redistributable; the .npz arrays themselves are not bundled."
03_DIII_D_SOURCE_OBJECT/retrieval_metadata/shot_metadata/shot_165029_metadata.json,D:\SIR_paper\DIIID_example\data\resampled_data_v6\shot_165029_metadata.json,13686,ea17a215eb2d478bca1c7f7747f950971b6ace12399ef13e1eed9eecb4cd2114,2026-07-02T21:50:04.553937+00:00,source_object,"Methods; Supplement S7.1, S7.2",D3D-SIR-62-ALIGNED-V1,CANONICAL,yes,"Per-shot resampling metadata: method, category, units and provenance for each admitted signal. Derived and redistributable; the .npz arrays themselves are not bundled."
03_DIII_D_SOURCE_OBJECT/retrieval_metadata/shot_metadata/shot_165031_metadata.json,D:\SIR_paper\DIIID_example\data\resampled_data_v6\shot_165031_metadata.json,13685,00d4b8ce4ee65ad32aa5c47685c0c2491edf5634df0b06dd2eef0c6cc4410322,2026-07-02T21:49:45.909271+00:00,source_object,"Methods; Supplement S7.1, S7.2",D3D-SIR-62-ALIGNED-V1,CANONICAL,yes,"Per-shot resampling metadata: method, category, units and provenance for each admitted signal. Derived and redistributable; the .npz arrays themselves are not bundled."
03_DIII_D_SOURCE_OBJECT/retrieval_metadata/shot_metadata/shot_165042_metadata.json,D:\SIR_paper\DIIID_example\data\resampled_data_v6\shot_165042_metadata.json,13671,4b4779617a1191d011079398e4bcf127112e921e0b201729b20a450262d3f883,2026-07-02T21:49:53.203611+00:00,source_object,"Methods; Supplement S7.1, S7.2",D3D-SIR-62-ALIGNED-V1,CANONICAL,yes,"Per-shot resampling metadata: method, category, units and provenance for each admitted signal. Derived and redistributable; the .npz arrays themselves are not bundled."
03_DIII_D_SOURCE_OBJECT/retrieval_metadata/shot_metadata/shot_165043_metadata.json,D:\SIR_paper\DIIID_example\data\resampled_data_v6\shot_165043_metadata.json,13686,0804524abafeace4f0a4dedd0ebc275221e1996a3ec89873feff3b26cbca8d01,2026-07-02T21:50:01.344722+00:00,source_object,"Methods; Supplement S7.1, S7.2",D3D-SIR-62-ALIGNED-V1,CANONICAL,yes,"Per-shot resampling metadata: method, category, units and provenance for each admitted signal. Derived and redistributable; the .npz arrays themselves are not bundled."
03_DIII_D_SOURCE_OBJECT/retrieval_metadata/shot_metadata/shot_165860_metadata.json,D:\SIR_paper\DIIID_example\data\resampled_data_v6\shot_165860_metadata.json,13685,41afdd25f1eb13df1fbd32f82c7f76b7b5530018a9f9ed9522d77a46470cb25f,2026-07-02T21:49:56.724977+00:00,source_object,"Methods; Supplement S7.1, S7.2",D3D-SIR-62-ALIGNED-V1,CANONICAL,yes,"Per-shot resampling metadata: method, category, units and provenance for each admitted signal. Derived and redistributable; the .npz arrays themselves are not bundled."
03_DIII_D_SOURCE_OBJECT/retrieval_metadata/shot_metadata/shot_165861_metadata.json,D:\SIR_paper\DIIID_example\data\resampled_data_v6\shot_165861_metadata.json,13685,3515faee74971b7417af4a55b0b4f07698250c11cfac0fe1601d79c7175e5b51,2026-07-02T21:50:04.030466+00:00,source_object,"Methods; Supplement S7.1, S7.2",D3D-SIR-62-ALIGNED-V1,CANONICAL,yes,"Per-shot resampling metadata: method, category, units and provenance for each admitted signal. Derived and redistributable; the .npz arrays themselves are not bundled."
03_DIII_D_SOURCE_OBJECT/retrieval_metadata/shot_metadata/shot_165955_metadata.json,D:\SIR_paper\DIIID_example\data\resampled_data_v6\shot_165955_metadata.json,13685,8de985ec0ebad3db019227dfa8633b4384e32a774d6335b23fc8c46b370a6929,2026-07-02T21:49:44.141079+00:00,source_object,"Methods; Supplement S7.1, S7.2",D3D-SIR-62-ALIGNED-V1,CANONICAL,yes,"Per-shot resampling metadata: method, category, units and provenance for each admitted signal. Derived and redistributable; the .npz arrays themselves are not bundled."
03_DIII_D_SOURCE_OBJECT/retrieval_metadata/shot_metadata/shot_165965_metadata.json,D:\SIR_paper\DIIID_example\data\resampled_data_v6\shot_165965_metadata.json,13671,7197f2717dfef0d9da6d3c8e13c9abdee66af7d245c18226991867caa2ec50a6,2026-07-02T21:50:03.590827+00:00,source_object,"Methods; Supplement S7.1, S7.2",D3D-SIR-62-ALIGNED-V1,CANONICAL,yes,"Per-shot resampling metadata: method, category, units and provenance for each admitted signal. Derived and redistributable; the .npz arrays themselves are not bundled."
03_DIII_D_SOURCE_OBJECT/retrieval_metadata/shot_metadata/shot_170394_metadata.json,D:\SIR_paper\DIIID_example\data\resampled_data_v6\shot_170394_metadata.json,13658,a28189976b3869ec53728f589b6a0096dea31bcdf64919e285b5622e476417df,2026-07-02T21:50:01.331722+00:00,source_object,"Methods; Supplement S7.1, S7.2",D3D-SIR-62-ALIGNED-V1,CANONICAL,yes,"Per-shot resampling metadata: method, category, units and provenance for each admitted signal. Derived and redistributable; the .npz arrays themselves are not bundled."
03_DIII_D_SOURCE_OBJECT/retrieval_metadata/shot_metadata/shot_170396_metadata.json,D:\SIR_paper\DIIID_example\data\resampled_data_v6\shot_170396_metadata.json,13658,24a8a129d2418d328006aac27b41fcd67b2e5a8122fa44bfd6862c86033fc930,2026-07-02T21:49:51.957404+00:00,source_object,"Methods; Supplement S7.1, S7.2",D3D-SIR-62-ALIGNED-V1,CANONICAL,yes,"Per-shot resampling metadata: method, category, units and provenance for each admitted signal. Derived and redistributable; the .npz arrays themselves are not bundled."
03_DIII_D_SOURCE_OBJECT/retrieval_metadata/shot_metadata/shot_170411_metadata.json,D:\SIR_paper\DIIID_example\data\resampled_data_v6\shot_170411_metadata.json,13658,91169aa35176bf00dba52746851693dfb8a220bf452164adeb5da98e7603ad85,2026-07-02T21:49:54.104010+00:00,source_object,"Methods; Supplement S7.1, S7.2",D3D-SIR-62-ALIGNED-V1,CANONICAL,yes,"Per-shot resampling metadata: method, category, units and provenance for each admitted signal. Derived and redistributable; the .npz arrays themselves are not bundled."
03_DIII_D_SOURCE_OBJECT/retrieval_metadata/shot_metadata/shot_186997_metadata.json,D:\SIR_paper\DIIID_example\data\resampled_data_v6\shot_186997_metadata.json,13658,77f3569a262dc8c3ae6c2abbd049be3d48c12502cbbbd4a1c3e08b5d0b671873,2026-07-02T21:50:03.562546+00:00,source_object,"Methods; Supplement S7.1, S7.2",D3D-SIR-62-ALIGNED-V1,CANONICAL,yes,"Per-shot resampling metadata: method, category, units and provenance for each admitted signal. Derived and redistributable; the .npz arrays themselves are not bundled."
03_DIII_D_SOURCE_OBJECT/retrieval_metadata/shot_metadata/shot_187017_metadata.json,D:\SIR_paper\DIIID_example\data\resampled_data_v6\shot_187017_metadata.json,13668,3ebdb3f9180c83ee44bf177d7b7a2ec4df87848953a2b775fae4fa3ba13db297,2026-07-02T21:49:45.891198+00:00,source_object,"Methods; Supplement S7.1, S7.2",D3D-SIR-62-ALIGNED-V1,CANONICAL,yes,"Per-shot resampling metadata: method, category, units and provenance for each admitted signal. Derived and redistributable; the .npz arrays themselves are not bundled."
03_DIII_D_SOURCE_OBJECT/retrieval_metadata/shot_metadata/shot_187018_metadata.json,D:\SIR_paper\DIIID_example\data\resampled_data_v6\shot_187018_metadata.json,13658,ae9bcc5570339c1b8803d1b638ad2b7666d81b664d313936249d5a86d37edbe6,2026-07-02T21:49:43.281396+00:00,source_object,"Methods; Supplement S7.1, S7.2",D3D-SIR-62-ALIGNED-V1,CANONICAL,yes,"Per-shot resampling metadata: method, category, units and provenance for each admitted signal. Derived and redistributable; the .npz arrays themselves are not bundled."
03_DIII_D_SOURCE_OBJECT/retrieval_metadata/shot_metadata/shot_187019_metadata.json,D:\SIR_paper\DIIID_example\data\resampled_data_v6\shot_187019_metadata.json,13668,899d2cad8be26b74497dee3374a886ed29d323a56e0aab2fec1422d9353dc211,2026-07-02T21:50:01.303229+00:00,source_object,"Methods; Supplement S7.1, S7.2",D3D-SIR-62-ALIGNED-V1,CANONICAL,yes,"Per-shot resampling metadata: method, category, units and provenance for each admitted signal. Derived and redistributable; the .npz arrays themselves are not bundled."
03_DIII_D_SOURCE_OBJECT/retrieval_metadata/shot_metadata/shot_187020_metadata.json,D:\SIR_paper\DIIID_example\data\resampled_data_v6\shot_187020_metadata.json,13668,1f7d30d22dd3f58e1d1f1ca96611f09b61caa0932bdeb0174a104a3749f9f642,2026-07-02T21:49:58.412284+00:00,source_object,"Methods; Supplement S7.1, S7.2",D3D-SIR-62-ALIGNED-V1,CANONICAL,yes,"Per-shot resampling metadata: method, category, units and provenance for each admitted signal. Derived and redistributable; the .npz arrays themselves are not bundled."
03_DIII_D_SOURCE_OBJECT/retrieval_metadata/shot_metadata/shot_187021_metadata.json,D:\SIR_paper\DIIID_example\data\resampled_data_v6\shot_187021_metadata.json,13658,167c213fd36f0019fef256f5afcf76a2f5d758a68827fbcb78e6025785100ea4,2026-07-02T21:50:01.317597+00:00,source_object,"Methods; Supplement S7.1, S7.2",D3D-SIR-62-ALIGNED-V1,CANONICAL,yes,"Per-shot resampling metadata: method, category, units and provenance for each admitted signal. Derived and redistributable; the .npz arrays themselves are not bundled."
03_DIII_D_SOURCE_OBJECT/retrieval_metadata/shot_metadata/shot_187022_metadata.json,D:\SIR_paper\DIIID_example\data\resampled_data_v6\shot_187022_metadata.json,13668,274c7daafa7cb94acb4caeb646d7a2cbf8ff920fea530df4ef4e0e9134392b81,2026-07-02T21:49:40.778055+00:00,source_object,"Methods; Supplement S7.1, S7.2",D3D-SIR-62-ALIGNED-V1,CANONICAL,yes,"Per-shot resampling metadata: method, category, units and provenance for each admitted signal. Derived and redistributable; the .npz arrays themselves are not bundled."
03_DIII_D_SOURCE_OBJECT/retrieval_metadata/shot_metadata/shot_187024_metadata.json,D:\SIR_paper\DIIID_example\data\resampled_data_v6\shot_187024_metadata.json,13682,e28be433080155f8a4c177538ec1db2c4a1e5f88aa1e8907b5158c21fd100e70,2026-07-02T21:49:58.382934+00:00,source_object,"Methods; Supplement S7.1, S7.2",D3D-SIR-62-ALIGNED-V1,CANONICAL,yes,"Per-shot resampling metadata: method, category, units and provenance for each admitted signal. Derived and redistributable; the .npz arrays themselves are not bundled."
03_DIII_D_SOURCE_OBJECT/retrieval_metadata/shot_metadata/shot_189646_metadata.json,D:\SIR_paper\DIIID_example\data\resampled_data_v6\shot_189646_metadata.json,13688,e3861e03959000d3536091b0cc1d826adc56bf58ee9ba6733c5f19b4d8452bfa,2026-07-02T21:49:58.426433+00:00,source_object,"Methods; Supplement S7.1, S7.2",D3D-SIR-62-ALIGNED-V1,CANONICAL,yes,"Per-shot resampling metadata: method, category, units and provenance for each admitted signal. Derived and redistributable; the .npz arrays themselves are not bundled."
03_DIII_D_SOURCE_OBJECT/retrieval_metadata/shot_metadata/shot_189647_metadata.json,D:\SIR_paper\DIIID_example\data\resampled_data_v6\shot_189647_metadata.json,13688,5e7d3934f22997c5937b33c87f12a30fc7517bbd9b7e305d64b97d5b17fbf893,2026-07-02T21:50:04.975837+00:00,source_object,"Methods; Supplement S7.1, S7.2",D3D-SIR-62-ALIGNED-V1,CANONICAL,yes,"Per-shot resampling metadata: method, category, units and provenance for each admitted signal. Derived and redistributable; the .npz arrays themselves are not bundled."
03_DIII_D_SOURCE_OBJECT/retrieval_metadata/shot_metadata/shot_189649_metadata.json,D:\SIR_paper\DIIID_example\data\resampled_data_v6\shot_189649_metadata.json,13688,497c8454b1788bc9a594c8deeee9949d660f2957caa3222524ee2279739edab8,2026-07-02T21:49:56.313359+00:00,source_object,"Methods; Supplement S7.1, S7.2",D3D-SIR-62-ALIGNED-V1,CANONICAL,yes,"Per-shot resampling metadata: method, category, units and provenance for each admitted signal. Derived and redistributable; the .npz arrays themselves are not bundled."
03_DIII_D_SOURCE_OBJECT/retrieval_metadata/shot_metadata/shot_189650_metadata.json,D:\SIR_paper\DIIID_example\data\resampled_data_v6\shot_189650_metadata.json,13688,b97b951e0d79014478d05f83a1cf7baf24a324028c4994b386cc115cff22efbd,2026-07-02T21:49:38.580471+00:00,source_object,"Methods; Supplement S7.1, S7.2",D3D-SIR-62-ALIGNED-V1,CANONICAL,yes,"Per-shot resampling metadata: method, category, units and provenance for each admitted signal. Derived and redistributable; the .npz arrays themselves are not bundled."
03_DIII_D_SOURCE_OBJECT/retrieval_metadata/shot_metadata/shot_189651_metadata.json,D:\SIR_paper\DIIID_example\data\resampled_data_v6\shot_189651_metadata.json,13688,fa16711f8cd6a74152997980e7c911ea5c7fa7ba3df2d87a66f08b21d6322e53,2026-07-02T21:49:45.925030+00:00,source_object,"Methods; Supplement S7.1, S7.2",D3D-SIR-62-ALIGNED-V1,CANONICAL,yes,"Per-shot resampling metadata: method, category, units and provenance for each admitted signal. Derived and redistributable; the .npz arrays themselves are not bundled."
03_DIII_D_SOURCE_OBJECT/retrieval_metadata/shot_metadata/shot_189652_metadata.json,D:\SIR_paper\DIIID_example\data\resampled_data_v6\shot_189652_metadata.json,13680,68b92e5f8b91c5329545817d6687be8fb82f9840385486dc7b0cf9f171a89744,2026-07-02T21:49:40.792625+00:00,source_object,"Methods; Supplement S7.1, S7.2",D3D-SIR-62-ALIGNED-V1,CANONICAL,yes,"Per-shot resampling metadata: method, category, units and provenance for each admitted signal. Derived and redistributable; the .npz arrays themselves are not bundled."
03_DIII_D_SOURCE_OBJECT/retrieval_metadata/shot_metadata/shot_195261_metadata.json,D:\SIR_paper\DIIID_example\data\resampled_data_v6\shot_195261_metadata.json,13688,dad51116268e2c3ee46dc9c35ed7d9d8201405251a516f15b9ef16b8ee36472c,2026-07-02T21:49:52.376709+00:00,source_object,"Methods; Supplement S7.1, S7.2",D3D-SIR-62-ALIGNED-V1,CANONICAL,yes,"Per-shot resampling metadata: method, category, units and provenance for each admitted signal. Derived and redistributable; the .npz arrays themselves are not bundled."
03_DIII_D_SOURCE_OBJECT/retrieval_metadata/shot_metadata/shot_195264_metadata.json,D:\SIR_paper\DIIID_example\data\resampled_data_v6\shot_195264_metadata.json,13688,f2816ec1f38ff521cd948480863b225aeee9e0e8bde9336b46d19a7dcece890b,2026-07-02T21:49:55.887598+00:00,source_object,"Methods; Supplement S7.1, S7.2",D3D-SIR-62-ALIGNED-V1,CANONICAL,yes,"Per-shot resampling metadata: method, category, units and provenance for each admitted signal. Derived and redistributable; the .npz arrays themselves are not bundled."
03_DIII_D_SOURCE_OBJECT/retrieval_metadata/shot_metadata/shot_195265_metadata.json,D:\SIR_paper\DIIID_example\data\resampled_data_v6\shot_195265_metadata.json,13688,0268b8811041ad0f2276717911e5a4a1187faa510c5215a6b97b7f039423e92e,2026-07-02T21:49:52.780077+00:00,source_object,"Methods; Supplement S7.1, S7.2",D3D-SIR-62-ALIGNED-V1,CANONICAL,yes,"Per-shot resampling metadata: method, category, units and provenance for each admitted signal. Derived and redistributable; the .npz arrays themselves are not bundled."
03_DIII_D_SOURCE_OBJECT/retrieval_metadata/shot_metadata/shot_195266_metadata.json,D:\SIR_paper\DIIID_example\data\resampled_data_v6\shot_195266_metadata.json,13688,98468ac7ce15652738ce03e1bcd120a525e196da51ea199273941ebdf3b9ff95,2026-07-02T21:49:56.738412+00:00,source_object,"Methods; Supplement S7.1, S7.2",D3D-SIR-62-ALIGNED-V1,CANONICAL,yes,"Per-shot resampling metadata: method, category, units and provenance for each admitted signal. Derived and redistributable; the .npz arrays themselves are not bundled."
03_DIII_D_SOURCE_OBJECT/retrieval_metadata/shot_metadata/shot_195267_metadata.json,D:\SIR_paper\DIIID_example\data\resampled_data_v6\shot_195267_metadata.json,13688,aa90eee165d46a850aa4bced1c107b80dae4f8009e131a59b586ac39439a8e2c,2026-07-02T21:50:04.045693+00:00,source_object,"Methods; Supplement S7.1, S7.2",D3D-SIR-62-ALIGNED-V1,CANONICAL,yes,"Per-shot resampling metadata: method, category, units and provenance for each admitted signal. Derived and redistributable; the .npz arrays themselves are not bundled."
03_DIII_D_SOURCE_OBJECT/retrieval_metadata/shot_metadata/shot_195268_metadata.json,D:\SIR_paper\DIIID_example\data\resampled_data_v6\shot_195268_metadata.json,13688,b4fcb053c09761aa195ba6abe4a57da1aec60d9bb1fe9f121eeb17e4f88cd010,2026-07-02T21:49:48.930916+00:00,source_object,"Methods; Supplement S7.1, S7.2",D3D-SIR-62-ALIGNED-V1,CANONICAL,yes,"Per-shot resampling metadata: method, category, units and provenance for each admitted signal. Derived and redistributable; the .npz arrays themselves are not bundled."
03_DIII_D_SOURCE_OBJECT/retrieval_metadata/shot_metadata/shot_195269_metadata.json,D:\SIR_paper\DIIID_example\data\resampled_data_v6\shot_195269_metadata.json,13688,66e2dd8a61e0069d9d36a7d7c20e6178d18ae3ecd4e37b97b0553bdd171ad0c9,2026-07-02T21:50:04.016180+00:00,source_object,"Methods; Supplement S7.1, S7.2",D3D-SIR-62-ALIGNED-V1,CANONICAL,yes,"Per-shot resampling metadata: method, category, units and provenance for each admitted signal. Derived and redistributable; the .npz arrays themselves are not bundled."
03_DIII_D_SOURCE_OBJECT/retrieval_metadata/shot_metadata/shot_195273_metadata.json,D:\SIR_paper\DIIID_example\data\resampled_data_v6\shot_195273_metadata.json,13688,5c76210495b576ca70bef1e7f2a5f885187b4e3ec684ec19df93caf84c4e6584,2026-07-02T21:49:40.806377+00:00,source_object,"Methods; Supplement S7.1, S7.2",D3D-SIR-62-ALIGNED-V1,CANONICAL,yes,"Per-shot resampling metadata: method, category, units and provenance for each admitted signal. Derived and redistributable; the .npz arrays themselves are not bundled."
03_DIII_D_SOURCE_OBJECT/retrieval_metadata/shot_metadata/shot_195274_metadata.json,D:\SIR_paper\DIIID_example\data\resampled_data_v6\shot_195274_metadata.json,13688,c05e0d887f8fcdf9231a2c3cd6440453f602171e2c28e4b7028db9c1f02e79cb,2026-07-02T21:49:54.985302+00:00,source_object,"Methods; Supplement S7.1, S7.2",D3D-SIR-62-ALIGNED-V1,CANONICAL,yes,"Per-shot resampling metadata: method, category, units and provenance for each admitted signal. Derived and redistributable; the .npz arrays themselves are not bundled."
03_DIII_D_SOURCE_OBJECT/retrieval_metadata/shot_metadata/shot_195626_metadata.json,D:\SIR_paper\DIIID_example\data\resampled_data_v6\shot_195626_metadata.json,13688,b555c2034fed91b15fc44c9f4713919f561fbdd8a231ceee486c7f18623864ab,2026-07-02T21:49:54.971812+00:00,source_object,"Methods; Supplement S7.1, S7.2",D3D-SIR-62-ALIGNED-V1,CANONICAL,yes,"Per-shot resampling metadata: method, category, units and provenance for each admitted signal. Derived and redistributable; the .npz arrays themselves are not bundled."
03_DIII_D_SOURCE_OBJECT/retrieval_metadata/shot_metadata/shot_195638_metadata.json,D:\SIR_paper\DIIID_example\data\resampled_data_v6\shot_195638_metadata.json,13688,ed5e36c2d98968df1169e79e2ce9b3ff77ebb768d31274b7f44c21c4b22c0cae,2026-07-02T21:49:53.218283+00:00,source_object,"Methods; Supplement S7.1, S7.2",D3D-SIR-62-ALIGNED-V1,CANONICAL,yes,"Per-shot resampling metadata: method, category, units and provenance for each admitted signal. Derived and redistributable; the .npz arrays themselves are not bundled."
03_DIII_D_SOURCE_OBJECT/retrieval_metadata/shot_metadata/shot_195642_metadata.json,D:\SIR_paper\DIIID_example\data\resampled_data_v6\shot_195642_metadata.json,13688,489345003c5a3df417f42c3b8eac424f2530cf2643b395a4279c8382b67dba56,2026-07-02T21:49:47.559257+00:00,source_object,"Methods; Supplement S7.1, S7.2",D3D-SIR-62-ALIGNED-V1,CANONICAL,yes,"Per-shot resampling metadata: method, category, units and provenance for each admitted signal. Derived and redistributable; the .npz arrays themselves are not bundled."
03_DIII_D_SOURCE_OBJECT/retrieval_metadata/shot_metadata/shot_195645_metadata.json,D:\SIR_paper\DIIID_example\data\resampled_data_v6\shot_195645_metadata.json,13688,c80d2c9ee1aaeeccdb67d07cf390ff09cfc54eb60d0954d046c92cc609d2a303,2026-07-02T21:49:58.397485+00:00,source_object,"Methods; Supplement S7.1, S7.2",D3D-SIR-62-ALIGNED-V1,CANONICAL,yes,"Per-shot resampling metadata: method, category, units and provenance for each admitted signal. Derived and redistributable; the .npz arrays themselves are not bundled."
03_DIII_D_SOURCE_OBJECT/retrieval_metadata/shot_metadata/shot_195647_metadata.json,D:\SIR_paper\DIIID_example\data\resampled_data_v6\shot_195647_metadata.json,13688,9fda56748777bdce2f505e5b506ca84b4e0c22943afe97a8ef57e5b70e4d3613,2026-07-02T21:49:47.601957+00:00,source_object,"Methods; Supplement S7.1, S7.2",D3D-SIR-62-ALIGNED-V1,CANONICAL,yes,"Per-shot resampling metadata: method, category, units and provenance for each admitted signal. Derived and redistributable; the .npz arrays themselves are not bundled."
03_DIII_D_SOURCE_OBJECT/retrieval_metadata/shot_metadata/shot_195648_metadata.json,D:\SIR_paper\DIIID_example\data\resampled_data_v6\shot_195648_metadata.json,13688,a16250197488fa87949189ebd2113b094fed7655eec389610705f71fb6a2398e,2026-07-02T21:49:52.362158+00:00,source_object,"Methods; Supplement S7.1, S7.2",D3D-SIR-62-ALIGNED-V1,CANONICAL,yes,"Per-shot resampling metadata: method, category, units and provenance for each admitted signal. Derived and redistributable; the .npz arrays themselves are not bundled."
03_DIII_D_SOURCE_OBJECT/retrieval_metadata/shot_metadata/shot_195649_metadata.json,D:\SIR_paper\DIIID_example\data\resampled_data_v6\shot_195649_metadata.json,13688,e5be34b38843c4164de201143675c840de6b5a4bbbf2bfd598820d3bb7b1f0b3,2026-07-02T21:49:43.266704+00:00,source_object,"Methods; Supplement S7.1, S7.2",D3D-SIR-62-ALIGNED-V1,CANONICAL,yes,"Per-shot resampling metadata: method, category, units and provenance for each admitted signal. Derived and redistributable; the .npz arrays themselves are not bundled."
03_DIII_D_SOURCE_OBJECT/retrieval_metadata/shot_metadata/shot_195650_metadata.json,D:\SIR_paper\DIIID_example\data\resampled_data_v6\shot_195650_metadata.json,13688,cc8cc67753e456b2682fc58dca85a3e8d259a0d9c2de1a51e0fe61cee3997220,2026-07-02T21:49:44.155610+00:00,source_object,"Methods; Supplement S7.1, S7.2",D3D-SIR-62-ALIGNED-V1,CANONICAL,yes,"Per-shot resampling metadata: method, category, units and provenance for each admitted signal. Derived and redistributable; the .npz arrays themselves are not bundled."
03_DIII_D_SOURCE_OBJECT/retrieval_metadata/shot_metadata/shot_195651_metadata.json,D:\SIR_paper\DIIID_example\data\resampled_data_v6\shot_195651_metadata.json,13688,628e19f3b63709d6d0c88a197c20167cd99476111b440fd75e2ae59cfbeeaebd,2026-07-02T21:49:47.171274+00:00,source_object,"Methods; Supplement S7.1, S7.2",D3D-SIR-62-ALIGNED-V1,CANONICAL,yes,"Per-shot resampling metadata: method, category, units and provenance for each admitted signal. Derived and redistributable; the .npz arrays themselves are not bundled."
03_DIII_D_SOURCE_OBJECT/retrieval_metadata/shot_metadata/shot_195652_metadata.json,D:\SIR_paper\DIIID_example\data\resampled_data_v6\shot_195652_metadata.json,13688,dc031b60a674f54e5f74d3c55be282a460af471d36444eacd3b32729f64ec97d,2026-07-02T21:49:48.916375+00:00,source_object,"Methods; Supplement S7.1, S7.2",D3D-SIR-62-ALIGNED-V1,CANONICAL,yes,"Per-shot resampling metadata: method, category, units and provenance for each admitted signal. Derived and redistributable; the .npz arrays themselves are not bundled."
03_DIII_D_SOURCE_OBJECT/retrieval_metadata/shot_metadata/shot_195655_metadata.json,D:\SIR_paper\DIIID_example\data\resampled_data_v6\shot_195655_metadata.json,13688,ed607c34d38d69465600dbbda60c5e229d71ea3e385cd6956102453948436ce1,2026-07-02T21:49:47.573357+00:00,source_object,"Methods; Supplement S7.1, S7.2",D3D-SIR-62-ALIGNED-V1,CANONICAL,yes,"Per-shot resampling metadata: method, category, units and provenance for each admitted signal. Derived and redistributable; the .npz arrays themselves are not bundled."
03_DIII_D_SOURCE_OBJECT/retrieval_metadata/shot_metadata/shot_195659_metadata.json,D:\SIR_paper\DIIID_example\data\resampled_data_v6\shot_195659_metadata.json,13680,76c124bc1c2727acb70374e4a6f68324a748c8a949200b438ca5c7a0ddd1976b,2026-07-02T21:49:55.844263+00:00,source_object,"Methods; Supplement S7.1, S7.2",D3D-SIR-62-ALIGNED-V1,CANONICAL,yes,"Per-shot resampling metadata: method, category, units and provenance for each admitted signal. Derived and redistributable; the .npz arrays themselves are not bundled."
03_DIII_D_SOURCE_OBJECT/retrieval_metadata/transforms.py,D:\SIR_paper\DIIID_example\transforms.py,28509,82f83752d377ededf7cee68f8a45a6832edefad63366a207c8b8f73184d11d84,2026-08-25T23:17:09.233912+00:00,source_object,Methods; Supplement S7.2,,CANONICAL,yes,Data provider and transform realization used to read the archive and construct coordinates.
03_DIII_D_SOURCE_OBJECT/retrieval_metadata/verify_transforms_62shot.py,D:\SIR_paper\DIIID_example\verify_transforms_62shot.py,7457,ad06dc4fe2123cd9e7d3b0a75c156ba9256b2e8e88b89d3713cc8628273b750e,2026-08-25T23:26:46.598580+00:00,source_object,Methods; Supplement S7.2,,CANONICAL,yes,Data provider and transform realization used to read the archive and construct coordinates.
03_DIII_D_SOURCE_OBJECT/units_and_availability/SIGNAL_UNITS.json,D:\SIR_paper\DIIID_example\S7\SIGNAL_UNITS.json,37626,b8b3cead0d1d23d8fc42a54824421472847c0744fb293b6fd2196ac93e598e72,2026-09-02T20:34:31.983316+00:00,source_object,Supplement S7.1,D3D-SIR-S7.1-OBSERVATIONAL-OBJECT-FINAL-V1,CANONICAL,yes,"Frozen units registry. Units are read from here, never inferred from signal names. Hashed into the S7.1 freeze as units_registry_sha256."
04_DIII_D_DESCRIPTIVE/D3D-SIR-62-ALIGNED-V1/canonical_run/CANONICAL_RUN_FILE_INDEX.md,D:\sir-web\Paper Examples\Relational Coordinates for Multimodal Plasma Observations\canonical_d3d_62_shot_run_v1\CANONICAL_RUN_FILE_INDEX.md,3413,e01aff7feafd2a47de6dce634a158c486acf2aaeca5b5d9cd1e83536490ced1e,2026-08-05T18:08:02.902842+00:00,qdesc,Results 1.5; Supplement S7.1-S7.4,D3D-SIR-62-ALIGNED-V1,CANONICAL,yes,"The canonical descriptive run: run manifest, aligned 62x1000 export, coordinate construction and manifest, design-matrix contract and hashes, discharge-specific coefficients, per-discharge metrics, pooled metrics, predictions, structural-search provenance, model artifact."
04_DIII_D_DESCRIPTIVE/D3D-SIR-62-ALIGNED-V1/canonical_run/D3D_CANONICAL_RUN_COMPLETION_REPORT.md,D:\sir-web\Paper Examples\Relational Coordinates for Multimodal Plasma Observations\canonical_d3d_62_shot_run_v1\D3D_CANONICAL_RUN_COMPLETION_REPORT.md,4195,154c7df7825b0097994bb04c46d25145e72e7cfb8162b259fb33fbdb71ef6344,2026-08-05T18:08:02.902842+00:00,qdesc,Results 1.5; Supplement S7.1-S7.4,D3D-SIR-62-ALIGNED-V1,CANONICAL,yes,"The canonical descriptive run: run manifest, aligned 62x1000 export, coordinate construction and manifest, design-matrix contract and hashes, discharge-specific coefficients, per-discharge metrics, pooled metrics, predictions, structural-search provenance, model artifact."
04_DIII_D_DESCRIPTIVE/D3D-SIR-62-ALIGNED-V1/canonical_run/D3D_DESIGN_MATRIX_CONTRACT.md,D:\sir-web\Paper Examples\Relational Coordinates for Multimodal Plasma Observations\canonical_d3d_62_shot_run_v1\D3D_DESIGN_MATRIX_CONTRACT.md,2182,28f7a4226deae0b189f05c5a721a84c525d5700c2f3a964fc441be79a6bee1dd,2026-08-05T18:08:02.848734+00:00,qdesc,Results 1.5; Supplement S7.1-S7.4,D3D-SIR-62-ALIGNED-V1,CANONICAL,yes,"The canonical descriptive run: run manifest, aligned 62x1000 export, coordinate construction and manifest, design-matrix contract and hashes, discharge-specific coefficients, per-discharge metrics, pooled metrics, predictions, structural-search provenance, model artifact."
04_DIII_D_DESCRIPTIVE/D3D-SIR-62-ALIGNED-V1/canonical_run/D3D_RELATIONAL_COORDINATE_CONSTRUCTION.md,D:\sir-web\Paper Examples\Relational Coordinates for Multimodal Plasma Observations\canonical_d3d_62_shot_run_v1\D3D_RELATIONAL_COORDINATE_CONSTRUCTION.md,3506,0df014655be6139ba5304d5dcd9d604b8728b1d1c5d1ada260ec6921b0868810,2026-08-05T18:08:02.848734+00:00,qdesc,Results 1.5; Supplement S7.1-S7.4,D3D-SIR-62-ALIGNED-V1,CANONICAL,yes,"The canonical descriptive run: run manifest, aligned 62x1000 export, coordinate construction and manifest, design-matrix contract and hashes, discharge-specific coefficients, per-discharge metrics, pooled metrics, predictions, structural-search provenance, model artifact."
04_DIII_D_DESCRIPTIVE/D3D-SIR-62-ALIGNED-V1/canonical_run/D3D_STRUCTURAL_SEARCH_PROVENANCE.md,D:\sir-web\Paper Examples\Relational Coordinates for Multimodal Plasma Observations\canonical_d3d_62_shot_run_v1\D3D_STRUCTURAL_SEARCH_PROVENANCE.md,2851,00486fa7e9f00f0831d189d25b4cf31a05b4b0c1feaf466e92b6dc2fea0b34bd,2026-08-05T18:08:02.849235+00:00,qdesc,Results 1.5; Supplement S7.1-S7.4,D3D-SIR-62-ALIGNED-V1,CANONICAL,yes,"The canonical descriptive run: run manifest, aligned 62x1000 export, coordinate construction and manifest, design-matrix contract and hashes, discharge-specific coefficients, per-discharge metrics, pooled metrics, predictions, structural-search provenance, model artifact."
04_DIII_D_DESCRIPTIVE/D3D-SIR-62-ALIGNED-V1/canonical_run/_build_state.json,D:\sir-web\Paper Examples\Relational Coordinates for Multimodal Plasma Observations\canonical_d3d_62_shot_run_v1\_build_state.json,2814,f2d86f20f38f1bf03b66a137a3e49ccf1354945275654a979314299dc23bdeea,2026-08-05T18:06:38.140240+00:00,qdesc,Results 1.5; Supplement S7.1-S7.4,D3D-SIR-62-ALIGNED-V1,CANONICAL,yes,"The canonical descriptive run: run manifest, aligned 62x1000 export, coordinate construction and manifest, design-matrix contract and hashes, discharge-specific coefficients, per-discharge metrics, pooled metrics, predictions, structural-search provenance, model artifact."
04_DIII_D_DESCRIPTIVE/D3D-SIR-62-ALIGNED-V1/canonical_run/_inspect_psir.py,D:\sir-web\Paper Examples\Relational Coordinates for Multimodal Plasma Observations\canonical_d3d_62_shot_run_v1\_inspect_psir.py,2189,a7d8c174cacc602a6540496de6a5f65e10616f191e06511d3d83662391f96d4c,2026-08-05T18:04:19.819153+00:00,qdesc,Results 1.5; Supplement S7.1-S7.4,D3D-SIR-62-ALIGNED-V1,CANONICAL,yes,"The canonical descriptive run: run manifest, aligned 62x1000 export, coordinate construction and manifest, design-matrix contract and hashes, discharge-specific coefficients, per-discharge metrics, pooled metrics, predictions, structural-search provenance, model artifact."
04_DIII_D_DESCRIPTIVE/D3D-SIR-62-ALIGNED-V1/canonical_run/_verify_historical_psir.py,D:\sir-web\Paper Examples\Relational Coordinates for Multimodal Plasma Observations\canonical_d3d_62_shot_run_v1\_verify_historical_psir.py,3424,ca19403e236c7bb61449b7c23ca91d8ecf16fe3e58920ac1d41191824d3d4719,2026-08-05T18:04:46.644409+00:00,qdesc,Results 1.5; Supplement S7.1-S7.4,D3D-SIR-62-ALIGNED-V1,CANONICAL,yes,"The canonical descriptive run: run manifest, aligned 62x1000 export, coordinate construction and manifest, design-matrix contract and hashes, discharge-specific coefficients, per-discharge metrics, pooled metrics, predictions, structural-search provenance, model artifact."
04_DIII_D_DESCRIPTIVE/D3D-SIR-62-ALIGNED-V1/canonical_run/build_canonical_run_package.py,D:\sir-web\Paper Examples\Relational Coordinates for Multimodal Plasma Observations\canonical_d3d_62_shot_run_v1\build_canonical_run_package.py,38011,bda1fd40c974d60fa5138cdcf43e1b7dbee40004d36e9572a0fccb75418999e9,2026-08-05T18:06:26.630490+00:00,qdesc,Results 1.5; Supplement S7.1-S7.4,D3D-SIR-62-ALIGNED-V1,CANONICAL,yes,"The canonical descriptive run: run manifest, aligned 62x1000 export, coordinate construction and manifest, design-matrix contract and hashes, discharge-specific coefficients, per-discharge metrics, pooled metrics, predictions, structural-search provenance, model artifact."
04_DIII_D_DESCRIPTIVE/D3D-SIR-62-ALIGNED-V1/canonical_run/canonical_run_manifest.json,D:\sir-web\Paper Examples\Relational Coordinates for Multimodal Plasma Observations\canonical_d3d_62_shot_run_v1\canonical_run_manifest.json,4251,44fa7ff61ee770613933a89582d2ecc0f9334959bd448e67cb9cece977793851,2026-08-05T18:08:02.915811+00:00,qdesc,Results 1.5; Supplement S7.1-S7.4,D3D-SIR-62-ALIGNED-V1,CANONICAL,yes,"The canonical descriptive run: run manifest, aligned 62x1000 export, coordinate construction and manifest, design-matrix contract and hashes, discharge-specific coefficients, per-discharge metrics, pooled metrics, predictions, structural-search provenance, model artifact."
04_DIII_D_DESCRIPTIVE/D3D-SIR-62-ALIGNED-V1/canonical_run/d3d_coefficient_summary.csv,D:\sir-web\Paper Examples\Relational Coordinates for Multimodal Plasma Observations\canonical_d3d_62_shot_run_v1\d3d_coefficient_summary.csv,2333,bee33878a776788c52659de7ae8b8f3b3f9bb732bbf04582eb6b0791bfef40b0,2026-08-05T18:06:37.865727+00:00,qdesc,Results 1.5; Supplement S7.1-S7.4,D3D-SIR-62-ALIGNED-V1,CANONICAL,yes,"The canonical descriptive run: run manifest, aligned 62x1000 export, coordinate construction and manifest, design-matrix contract and hashes, discharge-specific coefficients, per-discharge metrics, pooled metrics, predictions, structural-search provenance, model artifact."
04_DIII_D_DESCRIPTIVE/D3D-SIR-62-ALIGNED-V1/canonical_run/d3d_design_matrix_hashes.csv,D:\sir-web\Paper Examples\Relational Coordinates for Multimodal Plasma Observations\canonical_d3d_62_shot_run_v1\d3d_design_matrix_hashes.csv,13286,7385ecd513cede70a25b5dd4138c01060cfd88f6f7bf758d27e5bfa05f6f0989,2026-08-05T18:06:37.918892+00:00,qdesc,Results 1.5; Supplement S7.1-S7.4,D3D-SIR-62-ALIGNED-V1,CANONICAL,yes,"The canonical descriptive run: run manifest, aligned 62x1000 export, coordinate construction and manifest, design-matrix contract and hashes, discharge-specific coefficients, per-discharge metrics, pooled metrics, predictions, structural-search provenance, model artifact."
04_DIII_D_DESCRIPTIVE/D3D-SIR-62-ALIGNED-V1/canonical_run/d3d_design_matrix_manifest.json,D:\sir-web\Paper Examples\Relational Coordinates for Multimodal Plasma Observations\canonical_d3d_62_shot_run_v1\d3d_design_matrix_manifest.json,2082,5351c35f84862f2bbfd9bdeda1d231a66ba6239ecdd519000904d01fa7af163c,2026-08-05T18:06:37.923176+00:00,qdesc,Results 1.5; Supplement S7.1-S7.4,D3D-SIR-62-ALIGNED-V1,CANONICAL,yes,"The canonical descriptive run: run manifest, aligned 62x1000 export, coordinate construction and manifest, design-matrix contract and hashes, discharge-specific coefficients, per-discharge metrics, pooled metrics, predictions, structural-search provenance, model artifact."
04_DIII_D_DESCRIPTIVE/D3D-SIR-62-ALIGNED-V1/canonical_run/d3d_discharge_coefficients.csv,D:\sir-web\Paper Examples\Relational Coordinates for Multimodal Plasma Observations\canonical_d3d_62_shot_run_v1\d3d_discharge_coefficients.csv,28497,154e9812dbda2928b97d24eec75493a03a35517424a851c02cabc2257d12c0bb,2026-08-05T18:06:37.920910+00:00,qdesc,Results 1.5; Supplement S7.1-S7.4,D3D-SIR-62-ALIGNED-V1,CANONICAL,yes,"The canonical descriptive run: run manifest, aligned 62x1000 export, coordinate construction and manifest, design-matrix contract and hashes, discharge-specific coefficients, per-discharge metrics, pooled metrics, predictions, structural-search provenance, model artifact."
04_DIII_D_DESCRIPTIVE/D3D-SIR-62-ALIGNED-V1/canonical_run/d3d_discharge_metrics.csv,D:\sir-web\Paper Examples\Relational Coordinates for Multimodal Plasma Observations\canonical_d3d_62_shot_run_v1\d3d_discharge_metrics.csv,12001,05eeb226d8cf23d2337895e14a7cafddf09a0d12152580dc517329af86cc316d,2026-08-05T18:06:37.917910+00:00,qdesc,Results 1.5; Supplement S7.1-S7.4,D3D-SIR-62-ALIGNED-V1,CANONICAL,yes,"The canonical descriptive run: run manifest, aligned 62x1000 export, coordinate construction and manifest, design-matrix contract and hashes, discharge-specific coefficients, per-discharge metrics, pooled metrics, predictions, structural-search provenance, model artifact."
04_DIII_D_DESCRIPTIVE/D3D-SIR-62-ALIGNED-V1/canonical_run/d3d_discharge_predictions.parquet,D:\sir-web\Paper Examples\Relational Coordinates for Multimodal Plasma Observations\canonical_d3d_62_shot_run_v1\d3d_discharge_predictions.parquet,3723030,eaa701dca39fe4fc8fd5041bcdbd65eb84b068a7723d695313c4e8c122248ccb,2026-08-05T18:06:37.916842+00:00,qdesc,Results 1.5; Supplement S7.1-S7.4,D3D-SIR-62-ALIGNED-V1,CANONICAL,yes,"The canonical descriptive run: run manifest, aligned 62x1000 export, coordinate construction and manifest, design-matrix contract and hashes, discharge-specific coefficients, per-discharge metrics, pooled metrics, predictions, structural-search provenance, model artifact."
04_DIII_D_DESCRIPTIVE/D3D-SIR-62-ALIGNED-V1/canonical_run/d3d_pooled_metrics.json,D:\sir-web\Paper Examples\Relational Coordinates for Multimodal Plasma Observations\canonical_d3d_62_shot_run_v1\d3d_pooled_metrics.json,783,3de7ce9281880041937e58edc3a54ca00f0ee375e7e2d4c7b01efec04aba3da1,2026-08-05T18:06:37.919393+00:00,qdesc,Results 1.5; Supplement S7.1-S7.4,D3D-SIR-62-ALIGNED-V1,CANONICAL,yes,"The canonical descriptive run: run manifest, aligned 62x1000 export, coordinate construction and manifest, design-matrix contract and hashes, discharge-specific coefficients, per-discharge metrics, pooled metrics, predictions, structural-search provenance, model artifact."
04_DIII_D_DESCRIPTIVE/D3D-SIR-62-ALIGNED-V1/canonical_run/d3d_relational_coordinate_manifest.json,D:\sir-web\Paper Examples\Relational Coordinates for Multimodal Plasma Observations\canonical_d3d_62_shot_run_v1\d3d_relational_coordinate_manifest.json,9830,851954b953a61a6b5ac83517e1f46f4f0dc97678c1ea8e33c163fd37858274db,2026-08-05T18:06:37.922173+00:00,qdesc,Results 1.5; Supplement S7.1-S7.4,D3D-SIR-62-ALIGNED-V1,CANONICAL,yes,"The canonical descriptive run: run manifest, aligned 62x1000 export, coordinate construction and manifest, design-matrix contract and hashes, discharge-specific coefficients, per-discharge metrics, pooled metrics, predictions, structural-search provenance, model artifact."
04_DIII_D_DESCRIPTIVE/D3D-SIR-62-ALIGNED-V1/canonical_run/model_artifact/model_artifact_meta.json,D:\sir-web\Paper Examples\Relational Coordinates for Multimodal Plasma Observations\canonical_d3d_62_shot_run_v1\model_artifact\model_artifact_meta.json,676,fe7625399aa71a9f5dd053c05ac1f8c4302212c4926b04900dc73b8605c8e95f,2026-08-05T18:06:37.747069+00:00,qdesc,Results 1.5; Supplement S7.1-S7.4,D3D-SIR-62-ALIGNED-V1,CANONICAL,yes,"The canonical descriptive run: run manifest, aligned 62x1000 export, coordinate construction and manifest, design-matrix contract and hashes, discharge-specific coefficients, per-discharge metrics, pooled metrics, predictions, structural-search provenance, model artifact."
04_DIII_D_DESCRIPTIVE/D3D-SIR-62-ALIGNED-V1/canonical_run/model_artifact/output.pcdiamag3.psir,D:\sir-web\Paper Examples\Relational Coordinates for Multimodal Plasma Observations\canonical_d3d_62_shot_run_v1\model_artifact\output.pcdiamag3.psir,66237771,ebb8cbbb9f604dbeeee01d71546c334dc192bbbc592d63bdb200af7aeb23c7e8,2026-08-04T20:31:44.661478+00:00,qdesc,Results 1.5; Supplement S7.1-S7.4,D3D-SIR-62-ALIGNED-V1,CANONICAL,yes,"The canonical descriptive run: run manifest, aligned 62x1000 export, coordinate construction and manifest, design-matrix contract and hashes, discharge-specific coefficients, per-discharge metrics, pooled metrics, predictions, structural-search provenance, model artifact."
04_DIII_D_DESCRIPTIVE/D3D-SIR-62-ALIGNED-V1/canonical_run/write_package_docs.py,D:\sir-web\Paper Examples\Relational Coordinates for Multimodal Plasma Observations\canonical_d3d_62_shot_run_v1\write_package_docs.py,18821,1cb3c7b4a77f91e0bcf0cd6311f834bea48d0c852e9ad88741a802c9e8a8f809,2026-08-05T18:07:56.002891+00:00,qdesc,Results 1.5; Supplement S7.1-S7.4,D3D-SIR-62-ALIGNED-V1,CANONICAL,yes,"The canonical descriptive run: run manifest, aligned 62x1000 export, coordinate construction and manifest, design-matrix contract and hashes, discharge-specific coefficients, per-discharge metrics, pooled metrics, predictions, structural-search provenance, model artifact."
04_DIII_D_DESCRIPTIVE/D3D-SIR-62-ALIGNED-V1/coefficient_conditioning/AUDIT_FILE_INDEX.md,D:\sir-web\Paper Examples\Relational Coordinates for Multimodal Plasma Observations\Coefficient_conditioning\AUDIT_FILE_INDEX.md,11344,9dde32b9da51016bc25a974a365700287c0af303cc6669940e74630185fd2200,2026-08-05T19:21:41.861777+00:00,qdesc,Supplement S7.7; Figure S1,D3D-SIR-62-COEFFICIENT-CONDITIONING-V1,CANONICAL_WITH_SUPERSEDED_ORIGINAL,yes,Coefficient conditioning and identifiability. The ORIGINAL audit is retained here because the manuscript documents its correction; Correction_audit/ is the canonical verdict. See the directory README.
04_DIII_D_DESCRIPTIVE/D3D-SIR-62-ALIGNED-V1/coefficient_conditioning/Correction_audit/CORRECTION_AUDIT_FILE_INDEX.md,D:\sir-web\Paper Examples\Relational Coordinates for Multimodal Plasma Observations\Coefficient_conditioning\Correction_audit\CORRECTION_AUDIT_FILE_INDEX.md,7792,24dc05fdaba987b3511f80aaee5dd02931a03afd330d0df55c55bf14364f0eb2,2026-08-05T19:57:28.827071+00:00,qdesc,Supplement S7.7; Figure S1,D3D-SIR-62-COEFFICIENT-CONDITIONING-V1,CANONICAL_WITH_SUPERSEDED_ORIGINAL,yes,Coefficient conditioning and identifiability. The ORIGINAL audit is retained here because the manuscript documents its correction; Correction_audit/ is the canonical verdict. See the directory README.
04_DIII_D_DESCRIPTIVE/D3D-SIR-62-ALIGNED-V1/coefficient_conditioning/Correction_audit/D3D_COEFFICIENT_CONDITIONING_CORRECTION_AUDIT.md,D:\sir-web\Paper Examples\Relational Coordinates for Multimodal Plasma Observations\Coefficient_conditioning\Correction_audit\D3D_COEFFICIENT_CONDITIONING_CORRECTION_AUDIT.md,13319,7050a32675709ed98acc659cb876fa3fb6434d6a1d763df12308c1d9f9b5778b,2026-08-05T19:57:28.750940+00:00,qdesc,Supplement S7.7; Figure S1,D3D-SIR-62-COEFFICIENT-CONDITIONING-V1,CANONICAL_WITH_SUPERSEDED_ORIGINAL,yes,Coefficient conditioning and identifiability. The ORIGINAL audit is retained here because the manuscript documents its correction; Correction_audit/ is the canonical verdict. See the directory README.
04_DIII_D_DESCRIPTIVE/D3D-SIR-62-ALIGNED-V1/coefficient_conditioning/Correction_audit/RANDOM_EFFECTS_ESTIMATOR_AUDIT.md,D:\sir-web\Paper Examples\Relational Coordinates for Multimodal Plasma Observations\Coefficient_conditioning\Correction_audit\RANDOM_EFFECTS_ESTIMATOR_AUDIT.md,2160,508021f933ea983331ff715cdbafd3442cb9c8d0a6d8b73737576ad380c54e9a,2026-08-05T19:54:45.463296+00:00,qdesc,Supplement S7.7; Figure S1,D3D-SIR-62-COEFFICIENT-CONDITIONING-V1,CANONICAL_WITH_SUPERSEDED_ORIGINAL,yes,Coefficient conditioning and identifiability. The ORIGINAL audit is retained here because the manuscript documents its correction; Correction_audit/ is the canonical verdict. See the directory README.
04_DIII_D_DESCRIPTIVE/D3D-SIR-62-ALIGNED-V1/coefficient_conditioning/Correction_audit/README.md,D:\sir-web\Paper Examples\Relational Coordinates for Multimodal Plasma Observations\Coefficient_conditioning\Correction_audit\README.md,857,473a4e8184dc7e6ada68b6b5b7c6b75507a790f897332923b0dd28254f81daec,2026-08-05T19:57:28.751938+00:00,qdesc,Supplement S7.7; Figure S1,D3D-SIR-62-COEFFICIENT-CONDITIONING-V1,CANONICAL_WITH_SUPERSEDED_ORIGINAL,yes,Coefficient conditioning and identifiability. The ORIGINAL audit is retained here because the manuscript documents its correction; Correction_audit/ is the canonical verdict. See the directory README.
04_DIII_D_DESCRIPTIVE/D3D-SIR-62-ALIGNED-V1/coefficient_conditioning/Correction_audit/STALE_ARTIFACT_RESOLUTION.md,D:\sir-web\Paper Examples\Relational Coordinates for Multimodal Plasma Observations\Coefficient_conditioning\Correction_audit\STALE_ARTIFACT_RESOLUTION.md,1165,9c931d4cd0bb122ecb17bf3a12d48b2c0b4470ca1cba1a7b6fb2456190619733,2026-08-05T19:54:47.044552+00:00,qdesc,Supplement S7.7; Figure S1,D3D-SIR-62-COEFFICIENT-CONDITIONING-V1,CANONICAL_WITH_SUPERSEDED_ORIGINAL,yes,Coefficient conditioning and identifiability. The ORIGINAL audit is retained here because the manuscript documents its correction; Correction_audit/ is the canonical verdict. See the directory README.
04_DIII_D_DESCRIPTIVE/D3D-SIR-62-ALIGNED-V1/coefficient_conditioning/Correction_audit/archived_artifacts/superseded_CONTRADICTION_REPORT.txt,D:\sir-web\Paper Examples\Relational Coordinates for Multimodal Plasma Observations\Coefficient_conditioning\Correction_audit\archived_artifacts\superseded_CONTRADICTION_REPORT.txt,1241,54a5706ad5fd889f88b8b68065c0921edeb1adbd47f84d4bae4751bb22b87f43,2026-08-05T19:16:02.873151+00:00,qdesc,Supplement S7.7; Figure S1,D3D-SIR-62-COEFFICIENT-CONDITIONING-V1,CANONICAL_WITH_SUPERSEDED_ORIGINAL,yes,Coefficient conditioning and identifiability. The ORIGINAL audit is retained here because the manuscript documents its correction; Correction_audit/ is the canonical verdict. See the directory README.
04_DIII_D_DESCRIPTIVE/D3D-SIR-62-ALIGNED-V1/coefficient_conditioning/Correction_audit/archived_artifacts/superseded_CONTRADICTION_REPORT_metadata.json,D:\sir-web\Paper Examples\Relational Coordinates for Multimodal Plasma Observations\Coefficient_conditioning\Correction_audit\archived_artifacts\superseded_CONTRADICTION_REPORT_metadata.json,735,f7415ac17b5856b2aa40a73c7026e928a736b831d2433f261f890a98c55dcbc3,2026-08-05T19:54:47.042034+00:00,qdesc,Supplement S7.7; Figure S1,D3D-SIR-62-COEFFICIENT-CONDITIONING-V1,CANONICAL_WITH_SUPERSEDED_ORIGINAL,yes,Coefficient conditioning and identifiability. The ORIGINAL audit is retained here because the manuscript documents its correction; Correction_audit/ is the canonical verdict. See the directory README.
04_DIII_D_DESCRIPTIVE/D3D-SIR-62-ALIGNED-V1/coefficient_conditioning/Correction_audit/correction_audit_config.json,D:\sir-web\Paper Examples\Relational Coordinates for Multimodal Plasma Observations\Coefficient_conditioning\Correction_audit\correction_audit_config.json,2110,d60de2aab2151c7fdbbd5fe63d38b3878da34c71ccc6d8359da6ec584d5bab08,2026-08-14T16:10:08.203714+00:00,qdesc,Supplement S7.7; Figure S1,D3D-SIR-62-COEFFICIENT-CONDITIONING-V1,CANONICAL_WITH_SUPERSEDED_ORIGINAL,yes,Coefficient conditioning and identifiability. The ORIGINAL audit is retained here because the manuscript documents its correction; Correction_audit/ is the canonical verdict. See the directory README.
04_DIII_D_DESCRIPTIVE/D3D-SIR-62-ALIGNED-V1/coefficient_conditioning/Correction_audit/correction_audit_manifest.json,D:\sir-web\Paper Examples\Relational Coordinates for Multimodal Plasma Observations\Coefficient_conditioning\Correction_audit\correction_audit_manifest.json,29113,0b55e306cbd5677de96bc3cfbee612a137ec088f81f0882730aadea25863389e,2026-08-05T19:57:28.827071+00:00,qdesc,Supplement S7.7; Figure S1,D3D-SIR-62-COEFFICIENT-CONDITIONING-V1,CANONICAL_WITH_SUPERSEDED_ORIGINAL,yes,Coefficient conditioning and identifiability. The ORIGINAL audit is retained here because the manuscript documents its correction; Correction_audit/ is the canonical verdict. See the directory README.
04_DIII_D_DESCRIPTIVE/D3D-SIR-62-ALIGNED-V1/coefficient_conditioning/Correction_audit/correction_audit_utils.py,D:\sir-web\Paper Examples\Relational Coordinates for Multimodal Plasma Observations\Coefficient_conditioning\Correction_audit\correction_audit_utils.py,12472,0653eac332c7b765e5a0247e7c940044aa1fca1a50bea91d5ff925edf2dbe99d,2026-08-14T16:10:08.183790+00:00,qdesc,Supplement S7.7; Figure S1,D3D-SIR-62-COEFFICIENT-CONDITIONING-V1,CANONICAL_WITH_SUPERSEDED_ORIGINAL,yes,Coefficient conditioning and identifiability. The ORIGINAL audit is retained here because the manuscript documents its correction; Correction_audit/ is the canonical verdict. See the directory README.
04_DIII_D_DESCRIPTIVE/D3D-SIR-62-ALIGNED-V1/coefficient_conditioning/Correction_audit/figures/actual_singular_direction_removal.pdf,D:\sir-web\Paper Examples\Relational Coordinates for Multimodal Plasma Observations\Coefficient_conditioning\Correction_audit\figures\actual_singular_direction_removal.pdf,19312,c0eadc2f80a19dc7dbaa14ad621ec3e5507835970e42ee8da2ac961a42cbffc7,2026-08-05T19:57:04.820716+00:00,qdesc,Supplement S7.7; Figure S1,D3D-SIR-62-COEFFICIENT-CONDITIONING-V1,CANONICAL_WITH_SUPERSEDED_ORIGINAL,yes,Coefficient conditioning and identifiability. The ORIGINAL audit is retained here because the manuscript documents its correction; Correction_audit/ is the canonical verdict. See the directory README.
04_DIII_D_DESCRIPTIVE/D3D-SIR-62-ALIGNED-V1/coefficient_conditioning/Correction_audit/figures/actual_singular_direction_removal.png,D:\sir-web\Paper Examples\Relational Coordinates for Multimodal Plasma Observations\Coefficient_conditioning\Correction_audit\figures\actual_singular_direction_removal.png,73191,542df583cde7ffa3cb20da8c2f1c186de3e7be89cbe316c24e55350709480d2f,2026-08-05T19:57:05.026763+00:00,qdesc,Supplement S7.7; Figure S1,D3D-SIR-62-COEFFICIENT-CONDITIONING-V1,CANONICAL_WITH_SUPERSEDED_ORIGINAL,yes,Coefficient conditioning and identifiability. The ORIGINAL audit is retained here because the manuscript documents its correction; Correction_audit/ is the canonical verdict. See the directory README.
04_DIII_D_DESCRIPTIVE/D3D-SIR-62-ALIGNED-V1/coefficient_conditioning/Correction_audit/figures/actual_singular_direction_removal.svg,D:\sir-web\Paper Examples\Relational Coordinates for Multimodal Plasma Observations\Coefficient_conditioning\Correction_audit\figures\actual_singular_direction_removal.svg,139435,43617624e1464781db2973c98fb6ecdcc8e7ed81ddac94a24019ce306a33db0b,2026-08-05T19:57:04.891300+00:00,qdesc,Supplement S7.7; Figure S1,D3D-SIR-62-COEFFICIENT-CONDITIONING-V1,CANONICAL_WITH_SUPERSEDED_ORIGINAL,yes,Coefficient conditioning and identifiability. The ORIGINAL audit is retained here because the manuscript documents its correction; Correction_audit/ is the canonical verdict. See the directory README.
04_DIII_D_DESCRIPTIVE/D3D-SIR-62-ALIGNED-V1/coefficient_conditioning/Correction_audit/figures/coefficient_change_vs_rank_removed.png,D:\sir-web\Paper Examples\Relational Coordinates for Multimodal Plasma Observations\Coefficient_conditioning\Correction_audit\figures\coefficient_change_vs_rank_removed.png,75853,2ff791d6063023516fc51740f707c17a2eb24081e2642e0236487491a51d3740,2026-08-05T19:57:05.393000+00:00,qdesc,Supplement S7.7; Figure S1,D3D-SIR-62-COEFFICIENT-CONDITIONING-V1,CANONICAL_WITH_SUPERSEDED_ORIGINAL,yes,Coefficient conditioning and identifiability. The ORIGINAL audit is retained here because the manuscript documents its correction; Correction_audit/ is the canonical verdict. See the directory README.
04_DIII_D_DESCRIPTIVE/D3D-SIR-62-ALIGNED-V1/coefficient_conditioning/Correction_audit/figures/coefficient_change_vs_rank_removed.svg,D:\sir-web\Paper Examples\Relational Coordinates for Multimodal Plasma Observations\Coefficient_conditioning\Correction_audit\figures\coefficient_change_vs_rank_removed.svg,54501,7e8e2c08a774ac5dec3fd771a70291e18ffe5b55e62faacf9494d9c8fcd4f0b8,2026-08-05T19:57:05.316471+00:00,qdesc,Supplement S7.7; Figure S1,D3D-SIR-62-COEFFICIENT-CONDITIONING-V1,CANONICAL_WITH_SUPERSEDED_ORIGINAL,yes,Coefficient conditioning and identifiability. The ORIGINAL audit is retained here because the manuscript documents its correction; Correction_audit/ is the canonical verdict. See the directory README.
04_DIII_D_DESCRIPTIVE/D3D-SIR-62-ALIGNED-V1/coefficient_conditioning/Correction_audit/figures/conditioning_vs_corrected_uncertainty.pdf,D:\sir-web\Paper Examples\Relational Coordinates for Multimodal Plasma Observations\Coefficient_conditioning\Correction_audit\figures\conditioning_vs_corrected_uncertainty.pdf,26201,bd9083afde38e2a5b74a6664d79d114dc198a2edc6350ef61ace102f8e69f733,2026-08-05T19:57:08.964997+00:00,qdesc,Supplement S7.7; Figure S1,D3D-SIR-62-COEFFICIENT-CONDITIONING-V1,CANONICAL_WITH_SUPERSEDED_ORIGINAL,yes,Coefficient conditioning and identifiability. The ORIGINAL audit is retained here because the manuscript documents its correction; Correction_audit/ is the canonical verdict. See the directory README.
04_DIII_D_DESCRIPTIVE/D3D-SIR-62-ALIGNED-V1/coefficient_conditioning/Correction_audit/figures/conditioning_vs_corrected_uncertainty.png,D:\sir-web\Paper Examples\Relational Coordinates for Multimodal Plasma Observations\Coefficient_conditioning\Correction_audit\figures\conditioning_vs_corrected_uncertainty.png,123962,ef9545da86016289caaa79fb4c2eeeb661249eeb2ed68866e6d220ded82b30cb,2026-08-05T19:57:09.144332+00:00,qdesc,Supplement S7.7; Figure S1,D3D-SIR-62-COEFFICIENT-CONDITIONING-V1,CANONICAL_WITH_SUPERSEDED_ORIGINAL,yes,Coefficient conditioning and identifiability. The ORIGINAL audit is retained here because the manuscript documents its correction; Correction_audit/ is the canonical verdict. See the directory README.
04_DIII_D_DESCRIPTIVE/D3D-SIR-62-ALIGNED-V1/coefficient_conditioning/Correction_audit/figures/conditioning_vs_corrected_uncertainty.svg,D:\sir-web\Paper Examples\Relational Coordinates for Multimodal Plasma Observations\Coefficient_conditioning\Correction_audit\figures\conditioning_vs_corrected_uncertainty.svg,111830,dd8117b56e18f3755492eec523cf335f84353b75df24ef5cb4bbf1559339bac6,2026-08-05T19:57:09.052187+00:00,qdesc,Supplement S7.7; Figure S1,D3D-SIR-62-COEFFICIENT-CONDITIONING-V1,CANONICAL_WITH_SUPERSEDED_ORIGINAL,yes,Coefficient conditioning and identifiability. The ORIGINAL audit is retained here because the manuscript documents its correction; Correction_audit/ is the canonical verdict. See the directory README.
04_DIII_D_DESCRIPTIVE/D3D-SIR-62-ALIGNED-V1/coefficient_conditioning/Correction_audit/figures/corrected_between_vs_within_variance.pdf,D:\sir-web\Paper Examples\Relational Coordinates for Multimodal Plasma Observations\Coefficient_conditioning\Correction_audit\figures\corrected_between_vs_within_variance.pdf,16202,b91558a360cbd2b72bb52fc457f67fde6fab606d320b2707a4970be8b8cbac2f,2026-08-05T19:57:06.052979+00:00,qdesc,Supplement S7.7; Figure S1,D3D-SIR-62-COEFFICIENT-CONDITIONING-V1,CANONICAL_WITH_SUPERSEDED_ORIGINAL,yes,Coefficient conditioning and identifiability. The ORIGINAL audit is retained here because the manuscript documents its correction; Correction_audit/ is the canonical verdict. See the directory README.
04_DIII_D_DESCRIPTIVE/D3D-SIR-62-ALIGNED-V1/coefficient_conditioning/Correction_audit/figures/corrected_between_vs_within_variance.png,D:\sir-web\Paper Examples\Relational Coordinates for Multimodal Plasma Observations\Coefficient_conditioning\Correction_audit\figures\corrected_between_vs_within_variance.png,61416,938f6d2bb88f273ad376bf27a68edb3f8e059d04f3c4650a8b7e40fcc0b7fc44,2026-08-05T19:57:06.157369+00:00,qdesc,Supplement S7.7; Figure S1,D3D-SIR-62-COEFFICIENT-CONDITIONING-V1,CANONICAL_WITH_SUPERSEDED_ORIGINAL,yes,Coefficient conditioning and identifiability. The ORIGINAL audit is retained here because the manuscript documents its correction; Correction_audit/ is the canonical verdict. See the directory README.
04_DIII_D_DESCRIPTIVE/D3D-SIR-62-ALIGNED-V1/coefficient_conditioning/Correction_audit/figures/corrected_between_vs_within_variance.svg,D:\sir-web\Paper Examples\Relational Coordinates for Multimodal Plasma Observations\Coefficient_conditioning\Correction_audit\figures\corrected_between_vs_within_variance.svg,43227,ce2e2a3d60ceeb1de1c0387e7488ac9adcb39cddc26d7f8f45868b3712581111,2026-08-05T19:57:06.091892+00:00,qdesc,Supplement S7.7; Figure S1,D3D-SIR-62-COEFFICIENT-CONDITIONING-V1,CANONICAL_WITH_SUPERSEDED_ORIGINAL,yes,Coefficient conditioning and identifiability. The ORIGINAL audit is retained here because the manuscript documents its correction; Correction_audit/ is the canonical verdict. See the directory README.
04_DIII_D_DESCRIPTIVE/D3D-SIR-62-ALIGNED-V1/coefficient_conditioning/Correction_audit/figures/corrected_coefficient_classification.pdf,D:\sir-web\Paper Examples\Relational Coordinates for Multimodal Plasma Observations\Coefficient_conditioning\Correction_audit\figures\corrected_coefficient_classification.pdf,20306,160273c2b097224658b53461bfdf0dfc951e250355930d6090f36c9042cebdcb,2026-08-05T19:57:08.520006+00:00,qdesc,Supplement S7.7; Figure S1,D3D-SIR-62-COEFFICIENT-CONDITIONING-V1,CANONICAL_WITH_SUPERSEDED_ORIGINAL,yes,Coefficient conditioning and identifiability. The ORIGINAL audit is retained here because the manuscript documents its correction; Correction_audit/ is the canonical verdict. See the directory README.
04_DIII_D_DESCRIPTIVE/D3D-SIR-62-ALIGNED-V1/coefficient_conditioning/Correction_audit/figures/corrected_coefficient_classification.png,D:\sir-web\Paper Examples\Relational Coordinates for Multimodal Plasma Observations\Coefficient_conditioning\Correction_audit\figures\corrected_coefficient_classification.png,46533,5c8f8f42f66f51d09ae180caaf0fbfaa210c1512f8f2f9934c8bb1499547aa92,2026-08-05T19:57:08.636956+00:00,qdesc,Supplement S7.7; Figure S1,D3D-SIR-62-COEFFICIENT-CONDITIONING-V1,CANONICAL_WITH_SUPERSEDED_ORIGINAL,yes,Coefficient conditioning and identifiability. The ORIGINAL audit is retained here because the manuscript documents its correction; Correction_audit/ is the canonical verdict. See the directory README.
04_DIII_D_DESCRIPTIVE/D3D-SIR-62-ALIGNED-V1/coefficient_conditioning/Correction_audit/figures/corrected_coefficient_classification.svg,D:\sir-web\Paper Examples\Relational Coordinates for Multimodal Plasma Observations\Coefficient_conditioning\Correction_audit\figures\corrected_coefficient_classification.svg,53346,7a4309f873504ae71300543727501a941201f28a81922bebca82e42f855164bd,2026-08-05T19:57:08.566831+00:00,qdesc,Supplement S7.7; Figure S1,D3D-SIR-62-COEFFICIENT-CONDITIONING-V1,CANONICAL_WITH_SUPERSEDED_ORIGINAL,yes,Coefficient conditioning and identifiability. The ORIGINAL audit is retained here because the manuscript documents its correction; Correction_audit/ is the canonical verdict. See the directory README.
04_DIII_D_DESCRIPTIVE/D3D-SIR-62-ALIGNED-V1/coefficient_conditioning/Correction_audit/figures/correction_figure_manifest.csv,D:\sir-web\Paper Examples\Relational Coordinates for Multimodal Plasma Observations\Coefficient_conditioning\Correction_audit\figures\correction_figure_manifest.csv,4781,88d41fcc83ceeb845f235bcedd2c868d15eb4b6d7f3d858dfc3186172747a0fd,2026-08-05T19:57:09.177722+00:00,qdesc,Supplement S7.7; Figure S1,D3D-SIR-62-COEFFICIENT-CONDITIONING-V1,CANONICAL_WITH_SUPERSEDED_ORIGINAL,yes,Coefficient conditioning and identifiability. The ORIGINAL audit is retained here because the manuscript documents its correction; Correction_audit/ is the canonical verdict. See the directory README.
04_DIII_D_DESCRIPTIVE/D3D-SIR-62-ALIGNED-V1/coefficient_conditioning/Correction_audit/figures/d3d_coefficient_change_vs_rank_removed.pdf,D:\sir-web\Paper Examples\Relational Coordinates for Multimodal Plasma Observations\Coefficient_conditioning\Correction_audit\figures\d3d_coefficient_change_vs_rank_removed.pdf,16938,8f1755ae7c694b28de3ba166b676f1b55f48c2d8dc299fbbe370d02bc7b725c7,2026-08-05T19:57:05.264752+00:00,qdesc,Supplement S7.7; Figure S1,D3D-SIR-62-COEFFICIENT-CONDITIONING-V1,CANONICAL_WITH_SUPERSEDED_ORIGINAL,yes,Coefficient conditioning and identifiability. The ORIGINAL audit is retained here because the manuscript documents its correction; Correction_audit/ is the canonical verdict. See the directory README.
04_DIII_D_DESCRIPTIVE/D3D-SIR-62-ALIGNED-V1/coefficient_conditioning/Correction_audit/figures/d3d_heterogeneity_interval_by_coefficient.pdf,D:\sir-web\Paper Examples\Relational Coordinates for Multimodal Plasma Observations\Coefficient_conditioning\Correction_audit\figures\d3d_heterogeneity_interval_by_coefficient.pdf,19324,98d53f28a131050a61a6cfe059d624086b860edb8615addfc5c7d3b4328aa1ab,2026-08-05T19:57:06.548631+00:00,qdesc,Supplement S7.7; Figure S1,D3D-SIR-62-COEFFICIENT-CONDITIONING-V1,CANONICAL_WITH_SUPERSEDED_ORIGINAL,yes,Coefficient conditioning and identifiability. The ORIGINAL audit is retained here because the manuscript documents its correction; Correction_audit/ is the canonical verdict. See the directory README.
04_DIII_D_DESCRIPTIVE/D3D-SIR-62-ALIGNED-V1/coefficient_conditioning/Correction_audit/figures/d3d_multivariate_eigenvalue_uncertainty.pdf,D:\sir-web\Paper Examples\Relational Coordinates for Multimodal Plasma Observations\Coefficient_conditioning\Correction_audit\figures\d3d_multivariate_eigenvalue_uncertainty.pdf,19680,a7f9f01d2abc9950bb7d26cda1aec8b0c4998a762df64265fe2a226339e647c3,2026-08-05T19:57:07.698741+00:00,qdesc,Supplement S7.7; Figure S1,D3D-SIR-62-COEFFICIENT-CONDITIONING-V1,CANONICAL_WITH_SUPERSEDED_ORIGINAL,yes,Coefficient conditioning and identifiability. The ORIGINAL audit is retained here because the manuscript documents its correction; Correction_audit/ is the canonical verdict. See the directory README.
04_DIII_D_DESCRIPTIVE/D3D-SIR-62-ALIGNED-V1/coefficient_conditioning/Correction_audit/figures/heterogeneity_interval_by_coefficient.png,D:\sir-web\Paper Examples\Relational Coordinates for Multimodal Plasma Observations\Coefficient_conditioning\Correction_audit\figures\heterogeneity_interval_by_coefficient.png,53614,7d6b63cd33dfedb0ab61c3a0ec251529592edb89176cbc275100d9b38d8128a4,2026-08-05T19:57:06.796140+00:00,qdesc,Supplement S7.7; Figure S1,D3D-SIR-62-COEFFICIENT-CONDITIONING-V1,CANONICAL_WITH_SUPERSEDED_ORIGINAL,yes,Coefficient conditioning and identifiability. The ORIGINAL audit is retained here because the manuscript documents its correction; Correction_audit/ is the canonical verdict. See the directory README.
04_DIII_D_DESCRIPTIVE/D3D-SIR-62-ALIGNED-V1/coefficient_conditioning/Correction_audit/figures/heterogeneity_interval_by_coefficient.svg,D:\sir-web\Paper Examples\Relational Coordinates for Multimodal Plasma Observations\Coefficient_conditioning\Correction_audit\figures\heterogeneity_interval_by_coefficient.svg,46401,cc8246d371ff4cdc1b4890cc5bed0bb1e3e4e5a5967227a51140b99a4bf21854,2026-08-05T19:57:06.659686+00:00,qdesc,Supplement S7.7; Figure S1,D3D-SIR-62-COEFFICIENT-CONDITIONING-V1,CANONICAL_WITH_SUPERSEDED_ORIGINAL,yes,Coefficient conditioning and identifiability. The ORIGINAL audit is retained here because the manuscript documents its correction; Correction_audit/ is the canonical verdict. See the directory README.
04_DIII_D_DESCRIPTIVE/D3D-SIR-62-ALIGNED-V1/coefficient_conditioning/Correction_audit/figures/leave_one_out_heterogeneity.pdf,D:\sir-web\Paper Examples\Relational Coordinates for Multimodal Plasma Observations\Coefficient_conditioning\Correction_audit\figures\leave_one_out_heterogeneity.pdf,19436,966c349bed197f7da9b0dfa18b4bb2800f5d8c4c41bca5780a5385c6def22497,2026-08-05T19:57:07.153302+00:00,qdesc,Supplement S7.7; Figure S1,D3D-SIR-62-COEFFICIENT-CONDITIONING-V1,CANONICAL_WITH_SUPERSEDED_ORIGINAL,yes,Coefficient conditioning and identifiability. The ORIGINAL audit is retained here because the manuscript documents its correction; Correction_audit/ is the canonical verdict. See the directory README.
04_DIII_D_DESCRIPTIVE/D3D-SIR-62-ALIGNED-V1/coefficient_conditioning/Correction_audit/figures/leave_one_out_heterogeneity.png,D:\sir-web\Paper Examples\Relational Coordinates for Multimodal Plasma Observations\Coefficient_conditioning\Correction_audit\figures\leave_one_out_heterogeneity.png,65161,b23cc8c26ddcd35ef5e27e9e8d9be184323988ccdd34c408dd190082ed885434,2026-08-05T19:57:07.417589+00:00,qdesc,Supplement S7.7; Figure S1,D3D-SIR-62-COEFFICIENT-CONDITIONING-V1,CANONICAL_WITH_SUPERSEDED_ORIGINAL,yes,Coefficient conditioning and identifiability. The ORIGINAL audit is retained here because the manuscript documents its correction; Correction_audit/ is the canonical verdict. See the directory README.
04_DIII_D_DESCRIPTIVE/D3D-SIR-62-ALIGNED-V1/coefficient_conditioning/Correction_audit/figures/leave_one_out_heterogeneity.svg,D:\sir-web\Paper Examples\Relational Coordinates for Multimodal Plasma Observations\Coefficient_conditioning\Correction_audit\figures\leave_one_out_heterogeneity.svg,51962,755fdc72df8de99271cabbf2645621333676d70884fe7c3b97956dd7c977e4bb,2026-08-05T19:57:07.270300+00:00,qdesc,Supplement S7.7; Figure S1,D3D-SIR-62-COEFFICIENT-CONDITIONING-V1,CANONICAL_WITH_SUPERSEDED_ORIGINAL,yes,Coefficient conditioning and identifiability. The ORIGINAL audit is retained here because the manuscript documents its correction; Correction_audit/ is the canonical verdict. See the directory README.
04_DIII_D_DESCRIPTIVE/D3D-SIR-62-ALIGNED-V1/coefficient_conditioning/Correction_audit/figures/multivariate_eigenvalue_uncertainty.png,D:\sir-web\Paper Examples\Relational Coordinates for Multimodal Plasma Observations\Coefficient_conditioning\Correction_audit\figures\multivariate_eigenvalue_uncertainty.png,51583,f463bb233a32902a9ef331e4dfc4a0cac082d8f714323b6ba3fad889ee9f6214,2026-08-05T19:57:07.865483+00:00,qdesc,Supplement S7.7; Figure S1,D3D-SIR-62-COEFFICIENT-CONDITIONING-V1,CANONICAL_WITH_SUPERSEDED_ORIGINAL,yes,Coefficient conditioning and identifiability. The ORIGINAL audit is retained here because the manuscript documents its correction; Correction_audit/ is the canonical verdict. See the directory README.
04_DIII_D_DESCRIPTIVE/D3D-SIR-62-ALIGNED-V1/coefficient_conditioning/Correction_audit/figures/multivariate_eigenvalue_uncertainty.svg,D:\sir-web\Paper Examples\Relational Coordinates for Multimodal Plasma Observations\Coefficient_conditioning\Correction_audit\figures\multivariate_eigenvalue_uncertainty.svg,43072,08a9c06b5bc8c4242939f88d82864fc75cf37664c388ee08bb3bac2c046b0ac3,2026-08-05T19:57:07.748140+00:00,qdesc,Supplement S7.7; Figure S1,D3D-SIR-62-COEFFICIENT-CONDITIONING-V1,CANONICAL_WITH_SUPERSEDED_ORIGINAL,yes,Coefficient conditioning and identifiability. The ORIGINAL audit is retained here because the manuscript documents its correction; Correction_audit/ is the canonical verdict. See the directory README.
04_DIII_D_DESCRIPTIVE/D3D-SIR-62-ALIGNED-V1/coefficient_conditioning/Correction_audit/figures/ridge_path_coefficient_stability.pdf,D:\sir-web\Paper Examples\Relational Coordinates for Multimodal Plasma Observations\Coefficient_conditioning\Correction_audit\figures\ridge_path_coefficient_stability.pdf,31311,e048d6702feb8fafcb6068b7448e76db8a23d2135819311be8ad755b9ccb76dc,2026-08-05T19:57:05.672694+00:00,qdesc,Supplement S7.7; Figure S1,D3D-SIR-62-COEFFICIENT-CONDITIONING-V1,CANONICAL_WITH_SUPERSEDED_ORIGINAL,yes,Coefficient conditioning and identifiability. The ORIGINAL audit is retained here because the manuscript documents its correction; Correction_audit/ is the canonical verdict. See the directory README.
04_DIII_D_DESCRIPTIVE/D3D-SIR-62-ALIGNED-V1/coefficient_conditioning/Correction_audit/figures/ridge_path_coefficient_stability.png,D:\sir-web\Paper Examples\Relational Coordinates for Multimodal Plasma Observations\Coefficient_conditioning\Correction_audit\figures\ridge_path_coefficient_stability.png,113620,399e98e0bbd9a2c2fc94aa76e226198d1031c056a039fb1c374ff4bed760d89d,2026-08-05T19:57:05.818986+00:00,qdesc,Supplement S7.7; Figure S1,D3D-SIR-62-COEFFICIENT-CONDITIONING-V1,CANONICAL_WITH_SUPERSEDED_ORIGINAL,yes,Coefficient conditioning and identifiability. The ORIGINAL audit is retained here because the manuscript documents its correction; Correction_audit/ is the canonical verdict. See the directory README.
04_DIII_D_DESCRIPTIVE/D3D-SIR-62-ALIGNED-V1/coefficient_conditioning/Correction_audit/figures/ridge_path_coefficient_stability.svg,D:\sir-web\Paper Examples\Relational Coordinates for Multimodal Plasma Observations\Coefficient_conditioning\Correction_audit\figures\ridge_path_coefficient_stability.svg,201778,c3eff11d8347f465ba6057405014dba5192e4f105e89bb839a8e7ce7ae9ff95f,2026-08-05T19:57:05.736974+00:00,qdesc,Supplement S7.7; Figure S1,D3D-SIR-62-COEFFICIENT-CONDITIONING-V1,CANONICAL_WITH_SUPERSEDED_ORIGINAL,yes,Coefficient conditioning and identifiability. The ORIGINAL audit is retained here because the manuscript documents its correction; Correction_audit/ is the canonical verdict. See the directory README.
04_DIII_D_DESCRIPTIVE/D3D-SIR-62-ALIGNED-V1/coefficient_conditioning/Correction_audit/figures/robust_multivariate_direction_loadings.pdf,D:\sir-web\Paper Examples\Relational Coordinates for Multimodal Plasma Observations\Coefficient_conditioning\Correction_audit\figures\robust_multivariate_direction_loadings.pdf,18008,f71dd978177876bfe10aa55fdc2863403e44d99e7c48ba73153778c84f804089,2026-08-05T19:57:08.117822+00:00,qdesc,Supplement S7.7; Figure S1,D3D-SIR-62-COEFFICIENT-CONDITIONING-V1,CANONICAL_WITH_SUPERSEDED_ORIGINAL,yes,Coefficient conditioning and identifiability. The ORIGINAL audit is retained here because the manuscript documents its correction; Correction_audit/ is the canonical verdict. See the directory README.
04_DIII_D_DESCRIPTIVE/D3D-SIR-62-ALIGNED-V1/coefficient_conditioning/Correction_audit/figures/robust_multivariate_direction_loadings.png,D:\sir-web\Paper Examples\Relational Coordinates for Multimodal Plasma Observations\Coefficient_conditioning\Correction_audit\figures\robust_multivariate_direction_loadings.png,63777,996787337bfa791e1a589ba953ef2c10ac4782e55760de8f93881d022be9b1fb,2026-08-05T19:57:08.268324+00:00,qdesc,Supplement S7.7; Figure S1,D3D-SIR-62-COEFFICIENT-CONDITIONING-V1,CANONICAL_WITH_SUPERSEDED_ORIGINAL,yes,Coefficient conditioning and identifiability. The ORIGINAL audit is retained here because the manuscript documents its correction; Correction_audit/ is the canonical verdict. See the directory README.
04_DIII_D_DESCRIPTIVE/D3D-SIR-62-ALIGNED-V1/coefficient_conditioning/Correction_audit/figures/robust_multivariate_direction_loadings.svg,D:\sir-web\Paper Examples\Relational Coordinates for Multimodal Plasma Observations\Coefficient_conditioning\Correction_audit\figures\robust_multivariate_direction_loadings.svg,45928,7ec1430c7c219de10c0f7af053df9778fc302755de0119e183d48e9025dad524,2026-08-05T19:57:08.173506+00:00,qdesc,Supplement S7.7; Figure S1,D3D-SIR-62-COEFFICIENT-CONDITIONING-V1,CANONICAL_WITH_SUPERSEDED_ORIGINAL,yes,Coefficient conditioning and identifiability. The ORIGINAL audit is retained here because the manuscript documents its correction; Correction_audit/ is the canonical verdict. See the directory README.
04_DIII_D_DESCRIPTIVE/D3D-SIR-62-ALIGNED-V1/coefficient_conditioning/Correction_audit/generate_correction_figures.py,D:\sir-web\Paper Examples\Relational Coordinates for Multimodal Plasma Observations\Coefficient_conditioning\Correction_audit\generate_correction_figures.py,13189,3361f46cf4fc8a3931ec65bf852a75507a89f7098eb27418b6aa2fe04d668975,2026-08-14T16:10:08.175830+00:00,qdesc,Supplement S7.7; Figure S1,D3D-SIR-62-COEFFICIENT-CONDITIONING-V1,CANONICAL_WITH_SUPERSEDED_ORIGINAL,yes,Coefficient conditioning and identifiability. The ORIGINAL audit is retained here because the manuscript documents its correction; Correction_audit/ is the canonical verdict. See the directory README.
04_DIII_D_DESCRIPTIVE/D3D-SIR-62-ALIGNED-V1/coefficient_conditioning/Correction_audit/latex/S7_7_coefficient_conditioning_corrected.tex,D:\sir-web\Paper Examples\Relational Coordinates for Multimodal Plasma Observations\Coefficient_conditioning\Correction_audit\latex\S7_7_coefficient_conditioning_corrected.tex,2729,d8cf46c768bb6b336de90076bc9a416f90c3bfc55d0a9de83d19f47d338112c9,2026-08-05T19:57:28.751439+00:00,qdesc,Supplement S7.7; Figure S1,D3D-SIR-62-COEFFICIENT-CONDITIONING-V1,CANONICAL_WITH_SUPERSEDED_ORIGINAL,yes,Coefficient conditioning and identifiability. The ORIGINAL audit is retained here because the manuscript documents its correction; Correction_audit/ is the canonical verdict. See the directory README.
04_DIII_D_DESCRIPTIVE/D3D-SIR-62-ALIGNED-V1/coefficient_conditioning/Correction_audit/latex/S7_7_correction_figure_captions.tex,D:\sir-web\Paper Examples\Relational Coordinates for Multimodal Plasma Observations\Coefficient_conditioning\Correction_audit\latex\S7_7_correction_figure_captions.tex,1288,0a2bc980be6b3c7180cac5e92650c7a3cdce5c729884a7324fba3932834dba54,2026-08-05T19:57:28.751938+00:00,qdesc,Supplement S7.7; Figure S1,D3D-SIR-62-COEFFICIENT-CONDITIONING-V1,CANONICAL_WITH_SUPERSEDED_ORIGINAL,yes,Coefficient conditioning and identifiability. The ORIGINAL audit is retained here because the manuscript documents its correction; Correction_audit/ is the canonical verdict. See the directory README.
04_DIII_D_DESCRIPTIVE/D3D-SIR-62-ALIGNED-V1/coefficient_conditioning/Correction_audit/latex/S7_7_correction_tables.tex,D:\sir-web\Paper Examples\Relational Coordinates for Multimodal Plasma Observations\Coefficient_conditioning\Correction_audit\latex\S7_7_correction_tables.tex,1733,965fc85c7cf8cf8df17a604c29e5b431694b939809f934ce6d740dfe9be1e182,2026-08-05T19:57:28.751938+00:00,qdesc,Supplement S7.7; Figure S1,D3D-SIR-62-COEFFICIENT-CONDITIONING-V1,CANONICAL_WITH_SUPERSEDED_ORIGINAL,yes,Coefficient conditioning and identifiability. The ORIGINAL audit is retained here because the manuscript documents its correction; Correction_audit/ is the canonical verdict. See the directory README.
04_DIII_D_DESCRIPTIVE/D3D-SIR-62-ALIGNED-V1/coefficient_conditioning/Correction_audit/outputs/_correction_state.json,D:\sir-web\Paper Examples\Relational Coordinates for Multimodal Plasma Observations\Coefficient_conditioning\Correction_audit\outputs\_correction_state.json,10846,c32cd8138df3907e7c881af79aec1431a94180416a89302f9d5872c54918da60,2026-08-05T19:54:47.049576+00:00,qdesc,Supplement S7.7; Figure S1,D3D-SIR-62-COEFFICIENT-CONDITIONING-V1,CANONICAL_WITH_SUPERSEDED_ORIGINAL,yes,Coefficient conditioning and identifiability. The ORIGINAL audit is retained here because the manuscript documents its correction; Correction_audit/ is the canonical verdict. See the directory README.
04_DIII_D_DESCRIPTIVE/D3D-SIR-62-ALIGNED-V1/coefficient_conditioning/Correction_audit/outputs/block_length_robustness_summary.json,D:\sir-web\Paper Examples\Relational Coordinates for Multimodal Plasma Observations\Coefficient_conditioning\Correction_audit\outputs\block_length_robustness_summary.json,3005,498dc335773893c362dbdf1beeedf94535db93ca93c84f136e7da9b7ce4dfd7b,2026-08-05T19:54:46.374652+00:00,qdesc,Supplement S7.7; Figure S1,D3D-SIR-62-COEFFICIENT-CONDITIONING-V1,CANONICAL_WITH_SUPERSEDED_ORIGINAL,yes,Coefficient conditioning and identifiability. The ORIGINAL audit is retained here because the manuscript documents its correction; Correction_audit/ is the canonical verdict. See the directory README.
04_DIII_D_DESCRIPTIVE/D3D-SIR-62-ALIGNED-V1/coefficient_conditioning/Correction_audit/outputs/coefficient_conditioning_correction_summary.json,D:\sir-web\Paper Examples\Relational Coordinates for Multimodal Plasma Observations\Coefficient_conditioning\Correction_audit\outputs\coefficient_conditioning_correction_summary.json,10846,c32cd8138df3907e7c881af79aec1431a94180416a89302f9d5872c54918da60,2026-08-05T19:54:47.048731+00:00,qdesc,Supplement S7.7; Figure S1,D3D-SIR-62-COEFFICIENT-CONDITIONING-V1,CANONICAL_WITH_SUPERSEDED_ORIGINAL,yes,Coefficient conditioning and identifiability. The ORIGINAL audit is retained here because the manuscript documents its correction; Correction_audit/ is the canonical verdict. See the directory README.
04_DIII_D_DESCRIPTIVE/D3D-SIR-62-ALIGNED-V1/coefficient_conditioning/Correction_audit/outputs/corrected_random_effects_diagnostics.json,D:\sir-web\Paper Examples\Relational Coordinates for Multimodal Plasma Observations\Coefficient_conditioning\Correction_audit\outputs\corrected_random_effects_diagnostics.json,6873,01acedf28561173b363001d6c237db0e7b3b32717f60e41792b109db27bae653,2026-08-05T19:54:01.117509+00:00,qdesc,Supplement S7.7; Figure S1,D3D-SIR-62-COEFFICIENT-CONDITIONING-V1,CANONICAL_WITH_SUPERSEDED_ORIGINAL,yes,Coefficient conditioning and identifiability. The ORIGINAL audit is retained here because the manuscript documents its correction; Correction_audit/ is the canonical verdict. See the directory README.
04_DIII_D_DESCRIPTIVE/D3D-SIR-62-ALIGNED-V1/coefficient_conditioning/Correction_audit/outputs/corrected_tsvd_summary.json,D:\sir-web\Paper Examples\Relational Coordinates for Multimodal Plasma Observations\Coefficient_conditioning\Correction_audit\outputs\corrected_tsvd_summary.json,1132,95e6a72fa6a31e0019c70f3cd8cd0a0d37561f82c2789a78b9e61a6f2b808041,2026-08-05T19:54:45.306994+00:00,qdesc,Supplement S7.7; Figure S1,D3D-SIR-62-COEFFICIENT-CONDITIONING-V1,CANONICAL_WITH_SUPERSEDED_ORIGINAL,yes,Coefficient conditioning and identifiability. The ORIGINAL audit is retained here because the manuscript documents its correction; Correction_audit/ is the canonical verdict. See the directory README.
04_DIII_D_DESCRIPTIVE/D3D-SIR-62-ALIGNED-V1/coefficient_conditioning/Correction_audit/outputs/correction_input_validation.json,D:\sir-web\Paper Examples\Relational Coordinates for Multimodal Plasma Observations\Coefficient_conditioning\Correction_audit\outputs\correction_input_validation.json,3586,ddf32f24d8bddcbf91a3b5490da8827b0ac969042204c034c8ca00799e1e4c72,2026-08-05T19:54:45.080206+00:00,qdesc,Supplement S7.7; Figure S1,D3D-SIR-62-COEFFICIENT-CONDITIONING-V1,CANONICAL_WITH_SUPERSEDED_ORIGINAL,yes,Coefficient conditioning and identifiability. The ORIGINAL audit is retained here because the manuscript documents its correction; Correction_audit/ is the canonical verdict. See the directory README.
04_DIII_D_DESCRIPTIVE/D3D-SIR-62-ALIGNED-V1/coefficient_conditioning/Correction_audit/outputs/d3d_multivariate_correction_components.npz,D:\sir-web\Paper Examples\Relational Coordinates for Multimodal Plasma Observations\Coefficient_conditioning\Correction_audit\outputs\d3d_multivariate_correction_components.npz,2894,e29908f4e60671d1385089d1ebbe6d1f4b26a3615c8aa55969c11bb1cf8a6c8e,2026-08-05T19:54:03.499825+00:00,qdesc,Supplement S7.7; Figure S1,D3D-SIR-62-COEFFICIENT-CONDITIONING-V1,CANONICAL_WITH_SUPERSEDED_ORIGINAL,yes,Coefficient conditioning and identifiability. The ORIGINAL audit is retained here because the manuscript documents its correction; Correction_audit/ is the canonical verdict. See the directory README.
04_DIII_D_DESCRIPTIVE/D3D-SIR-62-ALIGNED-V1/coefficient_conditioning/Correction_audit/outputs/d3d_multivariate_correction_summary.json,D:\sir-web\Paper Examples\Relational Coordinates for Multimodal Plasma Observations\Coefficient_conditioning\Correction_audit\outputs\d3d_multivariate_correction_summary.json,2781,5a0120f976af4cf9326bbb6c6ae5e8a9ab69fa6ecef1c647f125c5703338b3a9,2026-08-05T19:54:03.499324+00:00,qdesc,Supplement S7.7; Figure S1,D3D-SIR-62-COEFFICIENT-CONDITIONING-V1,CANONICAL_WITH_SUPERSEDED_ORIGINAL,yes,Coefficient conditioning and identifiability. The ORIGINAL audit is retained here because the manuscript documents its correction; Correction_audit/ is the canonical verdict. See the directory README.
04_DIII_D_DESCRIPTIVE/D3D-SIR-62-ALIGNED-V1/coefficient_conditioning/Correction_audit/outputs/d3d_multivariate_eigen_bootstrap.parquet,D:\sir-web\Paper Examples\Relational Coordinates for Multimodal Plasma Observations\Coefficient_conditioning\Correction_audit\outputs\d3d_multivariate_eigen_bootstrap.parquet,370605,0b4e3432d6fa2fca8bf54ca5e2914e3b0ac1ca2de7360276766099a3c0a86dc9,2026-08-05T19:54:03.327477+00:00,qdesc,Supplement S7.7; Figure S1,D3D-SIR-62-COEFFICIENT-CONDITIONING-V1,CANONICAL_WITH_SUPERSEDED_ORIGINAL,yes,Coefficient conditioning and identifiability. The ORIGINAL audit is retained here because the manuscript documents its correction; Correction_audit/ is the canonical verdict. See the directory README.
04_DIII_D_DESCRIPTIVE/D3D-SIR-62-ALIGNED-V1/coefficient_conditioning/Correction_audit/outputs/d3d_multivariate_null_eigenvalues.parquet,D:\sir-web\Paper Examples\Relational Coordinates for Multimodal Plasma Observations\Coefficient_conditioning\Correction_audit\outputs\d3d_multivariate_null_eigenvalues.parquet,370561,7f53fe19a6439a4267843210360b46f2a8a0369f6f2a2e4906522211fb261a1b,2026-08-05T19:54:03.333740+00:00,qdesc,Supplement S7.7; Figure S1,D3D-SIR-62-COEFFICIENT-CONDITIONING-V1,CANONICAL_WITH_SUPERSEDED_ORIGINAL,yes,Coefficient conditioning and identifiability. The ORIGINAL audit is retained here because the manuscript documents its correction; Correction_audit/ is the canonical verdict. See the directory README.
04_DIII_D_DESCRIPTIVE/D3D-SIR-62-ALIGNED-V1/coefficient_conditioning/Correction_audit/outputs/d3d_ridge_path_summary.json,D:\sir-web\Paper Examples\Relational Coordinates for Multimodal Plasma Observations\Coefficient_conditioning\Correction_audit\outputs\d3d_ridge_path_summary.json,649,43f664791cc70efe9952a9595f6f4d5111749becff3c39997e83dc27e7e322a9,2026-08-05T19:54:45.462784+00:00,qdesc,Supplement S7.7; Figure S1,D3D-SIR-62-COEFFICIENT-CONDITIONING-V1,CANONICAL_WITH_SUPERSEDED_ORIGINAL,yes,Coefficient conditioning and identifiability. The ORIGINAL audit is retained here because the manuscript documents its correction; Correction_audit/ is the canonical verdict. See the directory README.
04_DIII_D_DESCRIPTIVE/D3D-SIR-62-ALIGNED-V1/coefficient_conditioning/Correction_audit/outputs/original_truncation_effectiveness_summary.json,D:\sir-web\Paper Examples\Relational Coordinates for Multimodal Plasma Observations\Coefficient_conditioning\Correction_audit\outputs\original_truncation_effectiveness_summary.json,470,c194ae86db1a7d2e1b7c127932383a6a05b4b060bd8eb3ebf7ada9cba117bba7,2026-08-05T19:54:45.091741+00:00,qdesc,Supplement S7.7; Figure S1,D3D-SIR-62-COEFFICIENT-CONDITIONING-V1,CANONICAL_WITH_SUPERSEDED_ORIGINAL,yes,Coefficient conditioning and identifiability. The ORIGINAL audit is retained here because the manuscript documents its correction; Correction_audit/ is the canonical verdict. See the directory README.
04_DIII_D_DESCRIPTIVE/D3D-SIR-62-ALIGNED-V1/coefficient_conditioning/Correction_audit/run_correction_audit.py,D:\sir-web\Paper Examples\Relational Coordinates for Multimodal Plasma Observations\Coefficient_conditioning\Correction_audit\run_correction_audit.py,63021,e23789be9966a79cf197c833eeef062fec92b771ba11d150b83ea22733d4c202,2026-08-14T16:10:08.154180+00:00,qdesc,Supplement S7.7; Figure S1,D3D-SIR-62-COEFFICIENT-CONDITIONING-V1,CANONICAL_WITH_SUPERSEDED_ORIGINAL,yes,Coefficient conditioning and identifiability. The ORIGINAL audit is retained here because the manuscript documents its correction; Correction_audit/ is the canonical verdict. See the directory README.
04_DIII_D_DESCRIPTIVE/D3D-SIR-62-ALIGNED-V1/coefficient_conditioning/Correction_audit/tables/block_length_robustness_summary.csv,D:\sir-web\Paper Examples\Relational Coordinates for Multimodal Plasma Observations\Coefficient_conditioning\Correction_audit\tables\block_length_robustness_summary.csv,115985,6c48f5192b4301c4d48bf945cb6855e2dc5221636423593f9fbde49b18becc28,2026-08-05T19:54:46.367467+00:00,qdesc,Supplement S7.7; Figure S1,D3D-SIR-62-COEFFICIENT-CONDITIONING-V1,CANONICAL_WITH_SUPERSEDED_ORIGINAL,yes,Coefficient conditioning and identifiability. The ORIGINAL audit is retained here because the manuscript documents its correction; Correction_audit/ is the canonical verdict. See the directory README.
04_DIII_D_DESCRIPTIVE/D3D-SIR-62-ALIGNED-V1/coefficient_conditioning/Correction_audit/tables/corrected_coefficient_classification.csv,D:\sir-web\Paper Examples\Relational Coordinates for Multimodal Plasma Observations\Coefficient_conditioning\Correction_audit\tables\corrected_coefficient_classification.csv,2625,742227c3c2022edb5ad332c02de86808a3191f4c3d812568671c5a1cb0ee1998,2026-08-05T19:54:01.110136+00:00,qdesc,Supplement S7.7; Figure S1,D3D-SIR-62-COEFFICIENT-CONDITIONING-V1,CANONICAL_WITH_SUPERSEDED_ORIGINAL,yes,Coefficient conditioning and identifiability. The ORIGINAL audit is retained here because the manuscript documents its correction; Correction_audit/ is the canonical verdict. See the directory README.
04_DIII_D_DESCRIPTIVE/D3D-SIR-62-ALIGNED-V1/coefficient_conditioning/Correction_audit/tables/corrected_coefficient_heterogeneity_block_sensitivity.csv,D:\sir-web\Paper Examples\Relational Coordinates for Multimodal Plasma Observations\Coefficient_conditioning\Correction_audit\tables\corrected_coefficient_heterogeneity_block_sensitivity.csv,7484,1dd451375507018b76e1f2aec23f4610541b7804eec5c4cb26c4a0f631f0bb2d,2026-08-05T19:54:01.107623+00:00,qdesc,Supplement S7.7; Figure S1,D3D-SIR-62-COEFFICIENT-CONDITIONING-V1,CANONICAL_WITH_SUPERSEDED_ORIGINAL,yes,Coefficient conditioning and identifiability. The ORIGINAL audit is retained here because the manuscript documents its correction; Correction_audit/ is the canonical verdict. See the directory README.
04_DIII_D_DESCRIPTIVE/D3D-SIR-62-ALIGNED-V1/coefficient_conditioning/Correction_audit/tables/corrected_coefficient_heterogeneity_leave_one_out.csv,D:\sir-web\Paper Examples\Relational Coordinates for Multimodal Plasma Observations\Coefficient_conditioning\Correction_audit\tables\corrected_coefficient_heterogeneity_leave_one_out.csv,32365,a14cc1517beb2cfcc007b5186290a51d96971128410fcc3c162ff32f58479b75,2026-08-05T19:54:01.109132+00:00,qdesc,Supplement S7.7; Figure S1,D3D-SIR-62-COEFFICIENT-CONDITIONING-V1,CANONICAL_WITH_SUPERSEDED_ORIGINAL,yes,Coefficient conditioning and identifiability. The ORIGINAL audit is retained here because the manuscript documents its correction; Correction_audit/ is the canonical verdict. See the directory README.
04_DIII_D_DESCRIPTIVE/D3D-SIR-62-ALIGNED-V1/coefficient_conditioning/Correction_audit/tables/corrected_coefficient_heterogeneity_primary.csv,D:\sir-web\Paper Examples\Relational Coordinates for Multimodal Plasma Observations\Coefficient_conditioning\Correction_audit\tables\corrected_coefficient_heterogeneity_primary.csv,2794,98009f6d6715710b75cfd6da66ac585fe33ac0ba65a5e84e3b458d272e525feb,2026-08-05T19:54:01.106551+00:00,qdesc,Supplement S7.7; Figure S1,D3D-SIR-62-COEFFICIENT-CONDITIONING-V1,CANONICAL_WITH_SUPERSEDED_ORIGINAL,yes,Coefficient conditioning and identifiability. The ORIGINAL audit is retained here because the manuscript documents its correction; Correction_audit/ is the canonical verdict. See the directory README.
04_DIII_D_DESCRIPTIVE/D3D-SIR-62-ALIGNED-V1/coefficient_conditioning/Correction_audit/tables/corrected_conditioning_heterogeneity_associations.csv,D:\sir-web\Paper Examples\Relational Coordinates for Multimodal Plasma Observations\Coefficient_conditioning\Correction_audit\tables\corrected_conditioning_heterogeneity_associations.csv,12228,037b39eb1b9386412c724ff530bf481665e18a5026e6906804bbc5e454fed205,2026-08-05T19:54:47.037647+00:00,qdesc,Supplement S7.7; Figure S1,D3D-SIR-62-COEFFICIENT-CONDITIONING-V1,CANONICAL_WITH_SUPERSEDED_ORIGINAL,yes,Coefficient conditioning and identifiability. The ORIGINAL audit is retained here because the manuscript documents its correction; Correction_audit/ is the canonical verdict. See the directory README.
04_DIII_D_DESCRIPTIVE/D3D-SIR-62-ALIGNED-V1/coefficient_conditioning/Correction_audit/tables/corrected_conditioning_heterogeneity_associations_fdr.csv,D:\sir-web\Paper Examples\Relational Coordinates for Multimodal Plasma Observations\Coefficient_conditioning\Correction_audit\tables\corrected_conditioning_heterogeneity_associations_fdr.csv,12228,037b39eb1b9386412c724ff530bf481665e18a5026e6906804bbc5e454fed205,2026-08-05T19:54:47.038176+00:00,qdesc,Supplement S7.7; Figure S1,D3D-SIR-62-COEFFICIENT-CONDITIONING-V1,CANONICAL_WITH_SUPERSEDED_ORIGINAL,yes,Coefficient conditioning and identifiability. The ORIGINAL audit is retained here because the manuscript documents its correction; Correction_audit/ is the canonical verdict. See the directory README.
04_DIII_D_DESCRIPTIVE/D3D-SIR-62-ALIGNED-V1/coefficient_conditioning/Correction_audit/tables/corrected_tsvd_coefficients_long.csv,D:\sir-web\Paper Examples\Relational Coordinates for Multimodal Plasma Observations\Coefficient_conditioning\Correction_audit\tables\corrected_tsvd_coefficients_long.csv,427788,e64f5a88d2b63269ce31398cc5b845e786b9711c1368f4f9274d3594f92b7246,2026-08-05T19:54:45.301699+00:00,qdesc,Supplement S7.7; Figure S1,D3D-SIR-62-COEFFICIENT-CONDITIONING-V1,CANONICAL_WITH_SUPERSEDED_ORIGINAL,yes,Coefficient conditioning and identifiability. The ORIGINAL audit is retained here because the manuscript documents its correction; Correction_audit/ is the canonical verdict. See the directory README.
04_DIII_D_DESCRIPTIVE/D3D-SIR-62-ALIGNED-V1/coefficient_conditioning/Correction_audit/tables/corrected_tsvd_fixed_rank.csv,D:\sir-web\Paper Examples\Relational Coordinates for Multimodal Plasma Observations\Coefficient_conditioning\Correction_audit\tables\corrected_tsvd_fixed_rank.csv,70827,b58f85a29f236f33ba3df508075df595f018cacbb58bd29f14fff9f7924ee889,2026-08-05T19:54:45.289345+00:00,qdesc,Supplement S7.7; Figure S1,D3D-SIR-62-COEFFICIENT-CONDITIONING-V1,CANONICAL_WITH_SUPERSEDED_ORIGINAL,yes,Coefficient conditioning and identifiability. The ORIGINAL audit is retained here because the manuscript documents its correction; Correction_audit/ is the canonical verdict. See the directory README.
04_DIII_D_DESCRIPTIVE/D3D-SIR-62-ALIGNED-V1/coefficient_conditioning/Correction_audit/tables/corrected_tsvd_fixed_threshold.csv,D:\sir-web\Paper Examples\Relational Coordinates for Multimodal Plasma Observations\Coefficient_conditioning\Correction_audit\tables\corrected_tsvd_fixed_threshold.csv,104901,5a8bd9ef5624604b49e422ab3440e5799ef4af543455998d42e6ec0e48c2fec1,2026-08-05T19:54:45.286836+00:00,qdesc,Supplement S7.7; Figure S1,D3D-SIR-62-COEFFICIENT-CONDITIONING-V1,CANONICAL_WITH_SUPERSEDED_ORIGINAL,yes,Coefficient conditioning and identifiability. The ORIGINAL audit is retained here because the manuscript documents its correction; Correction_audit/ is the canonical verdict. See the directory README.
04_DIII_D_DESCRIPTIVE/D3D-SIR-62-ALIGNED-V1/coefficient_conditioning/Correction_audit/tables/corrected_tsvd_sign_changes.csv,D:\sir-web\Paper Examples\Relational Coordinates for Multimodal Plasma Observations\Coefficient_conditioning\Correction_audit\tables\corrected_tsvd_sign_changes.csv,44297,2bdbabf5544fba34c5cb498239f5358cd4f3ec6a63c403674ed89b46eca94cc7,2026-08-05T19:54:45.303719+00:00,qdesc,Supplement S7.7; Figure S1,D3D-SIR-62-COEFFICIENT-CONDITIONING-V1,CANONICAL_WITH_SUPERSEDED_ORIGINAL,yes,Coefficient conditioning and identifiability. The ORIGINAL audit is retained here because the manuscript documents its correction; Correction_audit/ is the canonical verdict. See the directory README.
04_DIII_D_DESCRIPTIVE/D3D-SIR-62-ALIGNED-V1/coefficient_conditioning/Correction_audit/tables/correction_input_validation.csv,D:\sir-web\Paper Examples\Relational Coordinates for Multimodal Plasma Observations\Coefficient_conditioning\Correction_audit\tables\correction_input_validation.csv,1425,624d1685b3b011aa7974be4252c22bbf43a4efd435c4fcd3fdfba6680dcf4a4b,2026-08-05T19:54:45.081711+00:00,qdesc,Supplement S7.7; Figure S1,D3D-SIR-62-COEFFICIENT-CONDITIONING-V1,CANONICAL_WITH_SUPERSEDED_ORIGINAL,yes,Coefficient conditioning and identifiability. The ORIGINAL audit is retained here because the manuscript documents its correction; Correction_audit/ is the canonical verdict. See the directory README.
04_DIII_D_DESCRIPTIVE/D3D-SIR-62-ALIGNED-V1/coefficient_conditioning/Correction_audit/tables/d3d_multivariate_direction_classification.csv,D:\sir-web\Paper Examples\Relational Coordinates for Multimodal Plasma Observations\Coefficient_conditioning\Correction_audit\tables\d3d_multivariate_direction_classification.csv,872,cf5f65f94fb9425256c5988a185c5212faa8a395ff036922aeb0cdfed8d2eff9,2026-08-05T19:54:03.496815+00:00,qdesc,Supplement S7.7; Figure S1,D3D-SIR-62-COEFFICIENT-CONDITIONING-V1,CANONICAL_WITH_SUPERSEDED_ORIGINAL,yes,Coefficient conditioning and identifiability. The ORIGINAL audit is retained here because the manuscript documents its correction; Correction_audit/ is the canonical verdict. See the directory README.
04_DIII_D_DESCRIPTIVE/D3D-SIR-62-ALIGNED-V1/coefficient_conditioning/Correction_audit/tables/d3d_multivariate_eigenvalue_intervals.csv,D:\sir-web\Paper Examples\Relational Coordinates for Multimodal Plasma Observations\Coefficient_conditioning\Correction_audit\tables\d3d_multivariate_eigenvalue_intervals.csv,872,cf5f65f94fb9425256c5988a185c5212faa8a395ff036922aeb0cdfed8d2eff9,2026-08-05T19:54:03.495812+00:00,qdesc,Supplement S7.7; Figure S1,D3D-SIR-62-COEFFICIENT-CONDITIONING-V1,CANONICAL_WITH_SUPERSEDED_ORIGINAL,yes,Coefficient conditioning and identifiability. The ORIGINAL audit is retained here because the manuscript documents its correction; Correction_audit/ is the canonical verdict. See the directory README.
04_DIII_D_DESCRIPTIVE/D3D-SIR-62-ALIGNED-V1/coefficient_conditioning/Correction_audit/tables/d3d_multivariate_loading_intervals.csv,D:\sir-web\Paper Examples\Relational Coordinates for Multimodal Plasma Observations\Coefficient_conditioning\Correction_audit\tables\d3d_multivariate_loading_intervals.csv,1675,f0acb9f3e79d5056d787fa78d0fd5d278c1d62274a791aec064574471e009582,2026-08-05T19:54:03.497819+00:00,qdesc,Supplement S7.7; Figure S1,D3D-SIR-62-COEFFICIENT-CONDITIONING-V1,CANONICAL_WITH_SUPERSEDED_ORIGINAL,yes,Coefficient conditioning and identifiability. The ORIGINAL audit is retained here because the manuscript documents its correction; Correction_audit/ is the canonical verdict. See the directory README.
04_DIII_D_DESCRIPTIVE/D3D-SIR-62-ALIGNED-V1/coefficient_conditioning/Correction_audit/tables/d3d_ridge_coefficients_long.csv,D:\sir-web\Paper Examples\Relational Coordinates for Multimodal Plasma Observations\Coefficient_conditioning\Correction_audit\tables\d3d_ridge_coefficients_long.csv,362061,2b961ea2f2816fae8d7e48771baf60646642c77c4123a0852897a86c88c5465e,2026-08-05T19:54:45.459800+00:00,qdesc,Supplement S7.7; Figure S1,D3D-SIR-62-COEFFICIENT-CONDITIONING-V1,CANONICAL_WITH_SUPERSEDED_ORIGINAL,yes,Coefficient conditioning and identifiability. The ORIGINAL audit is retained here because the manuscript documents its correction; Correction_audit/ is the canonical verdict. See the directory README.
04_DIII_D_DESCRIPTIVE/D3D-SIR-62-ALIGNED-V1/coefficient_conditioning/Correction_audit/tables/d3d_ridge_path_per_discharge.csv,D:\sir-web\Paper Examples\Relational Coordinates for Multimodal Plasma Observations\Coefficient_conditioning\Correction_audit\tables\d3d_ridge_path_per_discharge.csv,169721,cf8d7d10d9a62cc96e8d1b2f466a128a4d939d0395b186aca9745aa29cd72139,2026-08-05T19:54:45.446517+00:00,qdesc,Supplement S7.7; Figure S1,D3D-SIR-62-COEFFICIENT-CONDITIONING-V1,CANONICAL_WITH_SUPERSEDED_ORIGINAL,yes,Coefficient conditioning and identifiability. The ORIGINAL audit is retained here because the manuscript documents its correction; Correction_audit/ is the canonical verdict. See the directory README.
04_DIII_D_DESCRIPTIVE/D3D-SIR-62-ALIGNED-V1/coefficient_conditioning/Correction_audit/tables/original_truncation_effectiveness.csv,D:\sir-web\Paper Examples\Relational Coordinates for Multimodal Plasma Observations\Coefficient_conditioning\Correction_audit\tables\original_truncation_effectiveness.csv,15780,62444f2e5efecddede3861c89887f384025e076a232e435d07d6540911d20f01,2026-08-05T19:54:45.090738+00:00,qdesc,Supplement S7.7; Figure S1,D3D-SIR-62-COEFFICIENT-CONDITIONING-V1,CANONICAL_WITH_SUPERSEDED_ORIGINAL,yes,Coefficient conditioning and identifiability. The ORIGINAL audit is retained here because the manuscript documents its correction; Correction_audit/ is the canonical verdict. See the directory README.
04_DIII_D_DESCRIPTIVE/D3D-SIR-62-ALIGNED-V1/coefficient_conditioning/Correction_audit/write_correction_report.py,D:\sir-web\Paper Examples\Relational Coordinates for Multimodal Plasma Observations\Coefficient_conditioning\Correction_audit\write_correction_report.py,26437,a0c8d68f454d2bb6cb88b30942a212888a0c9ea7bff487a2eef210f154c89d0c,2026-08-14T16:10:08.182787+00:00,qdesc,Supplement S7.7; Figure S1,D3D-SIR-62-COEFFICIENT-CONDITIONING-V1,CANONICAL_WITH_SUPERSEDED_ORIGINAL,yes,Coefficient conditioning and identifiability. The ORIGINAL audit is retained here because the manuscript documents its correction; Correction_audit/ is the canonical verdict. See the directory README.
04_DIII_D_DESCRIPTIVE/D3D-SIR-62-ALIGNED-V1/coefficient_conditioning/D3D_COEFFICIENT_CONDITIONING_AND_IDENTIFIABILITY_AUDIT.md,D:\sir-web\Paper Examples\Relational Coordinates for Multimodal Plasma Observations\Coefficient_conditioning\D3D_COEFFICIENT_CONDITIONING_AND_IDENTIFIABILITY_AUDIT.md,9363,caa2b787886f3f9e660ec8978d1babcbd4b04ba5e28ccbd216634a894188b47c,2026-08-05T19:21:41.797739+00:00,qdesc,Supplement S7.7; Figure S1,D3D-SIR-62-COEFFICIENT-CONDITIONING-V1,CANONICAL_WITH_SUPERSEDED_ORIGINAL,yes,Coefficient conditioning and identifiability. The ORIGINAL audit is retained here because the manuscript documents its correction; Correction_audit/ is the canonical verdict. See the directory README.
04_DIII_D_DESCRIPTIVE/D3D-SIR-62-ALIGNED-V1/coefficient_conditioning/MANIFEST_CORRECTION_RECORD.json,D:\sir-web\Paper Examples\Relational Coordinates for Multimodal Plasma Observations\Coefficient_conditioning\MANIFEST_CORRECTION_RECORD.json,645,42ddfb08af7fae528d303927f0ff982b04e89d9593203bfab00259b36a5884db,2026-08-05T19:54:47.043041+00:00,qdesc,Supplement S7.7; Figure S1,D3D-SIR-62-COEFFICIENT-CONDITIONING-V1,CANONICAL_WITH_SUPERSEDED_ORIGINAL,yes,Coefficient conditioning and identifiability. The ORIGINAL audit is retained here because the manuscript documents its correction; Correction_audit/ is the canonical verdict. See the directory README.
04_DIII_D_DESCRIPTIVE/D3D-SIR-62-ALIGNED-V1/coefficient_conditioning/README.md,D:\sir-web\Paper Examples\Relational Coordinates for Multimodal Plasma Observations\Coefficient_conditioning\README.md,1033,0fa3f8464537d7d0b59880eb3cbb32a1237eaf9e3e597c3c97103051f1d5597b,2026-08-05T19:21:41.861777+00:00,qdesc,Supplement S7.7; Figure S1,D3D-SIR-62-COEFFICIENT-CONDITIONING-V1,CANONICAL_WITH_SUPERSEDED_ORIGINAL,yes,Coefficient conditioning and identifiability. The ORIGINAL audit is retained here because the manuscript documents its correction; Correction_audit/ is the canonical verdict. See the directory README.
04_DIII_D_DESCRIPTIVE/D3D-SIR-62-ALIGNED-V1/coefficient_conditioning/audit_config.json,D:\sir-web\Paper Examples\Relational Coordinates for Multimodal Plasma Observations\Coefficient_conditioning\audit_config.json,2436,f3584a03ecd04caea35d447540ef110330bd56aa793da736008359e87fa03f80,2026-08-14T16:10:08.172820+00:00,qdesc,Supplement S7.7; Figure S1,D3D-SIR-62-COEFFICIENT-CONDITIONING-V1,CANONICAL_WITH_SUPERSEDED_ORIGINAL,yes,Coefficient conditioning and identifiability. The ORIGINAL audit is retained here because the manuscript documents its correction; Correction_audit/ is the canonical verdict. See the directory README.
04_DIII_D_DESCRIPTIVE/D3D-SIR-62-ALIGNED-V1/coefficient_conditioning/audit_manifest.json,D:\sir-web\Paper Examples\Relational Coordinates for Multimodal Plasma Observations\Coefficient_conditioning\audit_manifest.json,30480,ded954a9b6216c8deaa68511d8c5a413d5094ef5ef75eb4a09911948719b78e8,2026-08-05T19:54:47.044054+00:00,qdesc,Supplement S7.7; Figure S1,D3D-SIR-62-COEFFICIENT-CONDITIONING-V1,CANONICAL_WITH_SUPERSEDED_ORIGINAL,yes,Coefficient conditioning and identifiability. The ORIGINAL audit is retained here because the manuscript documents its correction; Correction_audit/ is the canonical verdict. See the directory README.
04_DIII_D_DESCRIPTIVE/D3D-SIR-62-ALIGNED-V1/coefficient_conditioning/coefficient_conditioning_utils.py,D:\sir-web\Paper Examples\Relational Coordinates for Multimodal Plasma Observations\Coefficient_conditioning\coefficient_conditioning_utils.py,14396,6d3344d2fb1c969671d5ed0374fa47d907d02247be51125fc82de949f59413d3,2026-08-14T16:10:08.152174+00:00,qdesc,Supplement S7.7; Figure S1,D3D-SIR-62-COEFFICIENT-CONDITIONING-V1,CANONICAL_WITH_SUPERSEDED_ORIGINAL,yes,Coefficient conditioning and identifiability. The ORIGINAL audit is retained here because the manuscript documents its correction; Correction_audit/ is the canonical verdict. See the directory README.
04_DIII_D_DESCRIPTIVE/D3D-SIR-62-ALIGNED-V1/coefficient_conditioning/figures/between_vs_within_variance.pdf,D:\sir-web\Paper Examples\Relational Coordinates for Multimodal Plasma Observations\Coefficient_conditioning\figures\between_vs_within_variance.pdf,15004,d58bca00022dac2e1f412c2848a2563965c2ff98cd0196bfcd042531194b3b42,2026-08-05T19:20:54.664904+00:00,qdesc,Supplement S7.7; Figure S1,D3D-SIR-62-COEFFICIENT-CONDITIONING-V1,CANONICAL_WITH_SUPERSEDED_ORIGINAL,yes,Coefficient conditioning and identifiability. The ORIGINAL audit is retained here because the manuscript documents its correction; Correction_audit/ is the canonical verdict. See the directory README.
04_DIII_D_DESCRIPTIVE/D3D-SIR-62-ALIGNED-V1/coefficient_conditioning/figures/between_vs_within_variance.png,D:\sir-web\Paper Examples\Relational Coordinates for Multimodal Plasma Observations\Coefficient_conditioning\figures\between_vs_within_variance.png,45935,7c7f9fa92b4ede4b63a6cbd7c6fe0b2a1cfd375f21d03aaafd25c4eeffcb10d1,2026-08-05T19:20:54.817015+00:00,qdesc,Supplement S7.7; Figure S1,D3D-SIR-62-COEFFICIENT-CONDITIONING-V1,CANONICAL_WITH_SUPERSEDED_ORIGINAL,yes,Coefficient conditioning and identifiability. The ORIGINAL audit is retained here because the manuscript documents its correction; Correction_audit/ is the canonical verdict. See the directory README.
04_DIII_D_DESCRIPTIVE/D3D-SIR-62-ALIGNED-V1/coefficient_conditioning/figures/between_vs_within_variance.svg,D:\sir-web\Paper Examples\Relational Coordinates for Multimodal Plasma Observations\Coefficient_conditioning\figures\between_vs_within_variance.svg,42442,152290b8d9dbf30e81235260493fd6907ab2606374f27d88560bec05358df161,2026-08-05T19:20:54.732570+00:00,qdesc,Supplement S7.7; Figure S1,D3D-SIR-62-COEFFICIENT-CONDITIONING-V1,CANONICAL_WITH_SUPERSEDED_ORIGINAL,yes,Coefficient conditioning and identifiability. The ORIGINAL audit is retained here because the manuscript documents its correction; Correction_audit/ is the canonical verdict. See the directory README.
04_DIII_D_DESCRIPTIVE/D3D-SIR-62-ALIGNED-V1/coefficient_conditioning/figures/bootstrap_coefficients_by_discharge.pdf,D:\sir-web\Paper Examples\Relational Coordinates for Multimodal Plasma Observations\Coefficient_conditioning\figures\bootstrap_coefficients_by_discharge.pdf,31718,3720ae1acda2261469d024670d7328edc56488b3c10d5dd8d6c8fc3a2f02a89d,2026-08-05T19:20:54.289355+00:00,qdesc,Supplement S7.7; Figure S1,D3D-SIR-62-COEFFICIENT-CONDITIONING-V1,CANONICAL_WITH_SUPERSEDED_ORIGINAL,yes,Coefficient conditioning and identifiability. The ORIGINAL audit is retained here because the manuscript documents its correction; Correction_audit/ is the canonical verdict. See the directory README.
04_DIII_D_DESCRIPTIVE/D3D-SIR-62-ALIGNED-V1/coefficient_conditioning/figures/bootstrap_coefficients_by_discharge.png,D:\sir-web\Paper Examples\Relational Coordinates for Multimodal Plasma Observations\Coefficient_conditioning\figures\bootstrap_coefficients_by_discharge.png,405555,5b58f4c7cb4ff243243eda41b1b5b7ca88da88f5c6d96d6008c72d914ac78e2a,2026-08-05T19:20:54.535746+00:00,qdesc,Supplement S7.7; Figure S1,D3D-SIR-62-COEFFICIENT-CONDITIONING-V1,CANONICAL_WITH_SUPERSEDED_ORIGINAL,yes,Coefficient conditioning and identifiability. The ORIGINAL audit is retained here because the manuscript documents its correction; Correction_audit/ is the canonical verdict. See the directory README.
04_DIII_D_DESCRIPTIVE/D3D-SIR-62-ALIGNED-V1/coefficient_conditioning/figures/bootstrap_coefficients_by_discharge.svg,D:\sir-web\Paper Examples\Relational Coordinates for Multimodal Plasma Observations\Coefficient_conditioning\figures\bootstrap_coefficients_by_discharge.svg,142032,1c45513d6eecf38512d519716ac5b1e4c27016a0e9a7141aeba904a6518037f8,2026-08-05T19:20:54.380839+00:00,qdesc,Supplement S7.7; Figure S1,D3D-SIR-62-COEFFICIENT-CONDITIONING-V1,CANONICAL_WITH_SUPERSEDED_ORIGINAL,yes,Coefficient conditioning and identifiability. The ORIGINAL audit is retained here because the manuscript documents its correction; Correction_audit/ is the canonical verdict. See the directory README.
04_DIII_D_DESCRIPTIVE/D3D-SIR-62-ALIGNED-V1/coefficient_conditioning/figures/coefficient_truncation_sensitivity.pdf,D:\sir-web\Paper Examples\Relational Coordinates for Multimodal Plasma Observations\Coefficient_conditioning\figures\coefficient_truncation_sensitivity.pdf,24508,d0ca5a5f5ae5d7f054550490c22dcfd0b44e0a7bc95c1e8277c076da15a3da1f,2026-08-05T19:20:53.809156+00:00,qdesc,Supplement S7.7; Figure S1,D3D-SIR-62-COEFFICIENT-CONDITIONING-V1,CANONICAL_WITH_SUPERSEDED_ORIGINAL,yes,Coefficient conditioning and identifiability. The ORIGINAL audit is retained here because the manuscript documents its correction; Correction_audit/ is the canonical verdict. See the directory README.
04_DIII_D_DESCRIPTIVE/D3D-SIR-62-ALIGNED-V1/coefficient_conditioning/figures/coefficient_truncation_sensitivity.png,D:\sir-web\Paper Examples\Relational Coordinates for Multimodal Plasma Observations\Coefficient_conditioning\figures\coefficient_truncation_sensitivity.png,195344,957c66674d95d46175f57915398b04fcbfdda583b304902b3960676f33a486db,2026-08-05T19:20:54.094597+00:00,qdesc,Supplement S7.7; Figure S1,D3D-SIR-62-COEFFICIENT-CONDITIONING-V1,CANONICAL_WITH_SUPERSEDED_ORIGINAL,yes,Coefficient conditioning and identifiability. The ORIGINAL audit is retained here because the manuscript documents its correction; Correction_audit/ is the canonical verdict. See the directory README.
04_DIII_D_DESCRIPTIVE/D3D-SIR-62-ALIGNED-V1/coefficient_conditioning/figures/coefficient_truncation_sensitivity.svg,D:\sir-web\Paper Examples\Relational Coordinates for Multimodal Plasma Observations\Coefficient_conditioning\figures\coefficient_truncation_sensitivity.svg,122963,d13ee7ad8bb704c6b41ddbe4a272bbfd132168bb50c3ef1ed89a82b5756cda07,2026-08-05T19:20:53.957028+00:00,qdesc,Supplement S7.7; Figure S1,D3D-SIR-62-COEFFICIENT-CONDITIONING-V1,CANONICAL_WITH_SUPERSEDED_ORIGINAL,yes,Coefficient conditioning and identifiability. The ORIGINAL audit is retained here because the manuscript documents its correction; Correction_audit/ is the canonical verdict. See the directory README.
04_DIII_D_DESCRIPTIVE/D3D-SIR-62-ALIGNED-V1/coefficient_conditioning/figures/coefficient_uncertainty_vs_conditioning.pdf,D:\sir-web\Paper Examples\Relational Coordinates for Multimodal Plasma Observations\Coefficient_conditioning\figures\coefficient_uncertainty_vs_conditioning.pdf,17684,db8bfa85cb0d5df17c23dac7f38369ff0e2cacf5aaa5b7c0cd4c80c91c3bc483,2026-08-05T19:20:55.047299+00:00,qdesc,Supplement S7.7; Figure S1,D3D-SIR-62-COEFFICIENT-CONDITIONING-V1,CANONICAL_WITH_SUPERSEDED_ORIGINAL,yes,Coefficient conditioning and identifiability. The ORIGINAL audit is retained here because the manuscript documents its correction; Correction_audit/ is the canonical verdict. See the directory README.
04_DIII_D_DESCRIPTIVE/D3D-SIR-62-ALIGNED-V1/coefficient_conditioning/figures/coefficient_uncertainty_vs_conditioning.png,D:\sir-web\Paper Examples\Relational Coordinates for Multimodal Plasma Observations\Coefficient_conditioning\figures\coefficient_uncertainty_vs_conditioning.png,42346,0e882a3f7a6fbdea42d6b7a38674dd21ebccc7e9e58190033ff8e4687146266f,2026-08-05T19:20:55.183129+00:00,qdesc,Supplement S7.7; Figure S1,D3D-SIR-62-COEFFICIENT-CONDITIONING-V1,CANONICAL_WITH_SUPERSEDED_ORIGINAL,yes,Coefficient conditioning and identifiability. The ORIGINAL audit is retained here because the manuscript documents its correction; Correction_audit/ is the canonical verdict. See the directory README.
04_DIII_D_DESCRIPTIVE/D3D-SIR-62-ALIGNED-V1/coefficient_conditioning/figures/coefficient_uncertainty_vs_conditioning.svg,D:\sir-web\Paper Examples\Relational Coordinates for Multimodal Plasma Observations\Coefficient_conditioning\figures\coefficient_uncertainty_vs_conditioning.svg,37491,ef58b829d294be58f37fd506d7a9e1400aee77aa44ecd067890c13f08483143f,2026-08-05T19:20:55.080630+00:00,qdesc,Supplement S7.7; Figure S1,D3D-SIR-62-COEFFICIENT-CONDITIONING-V1,CANONICAL_WITH_SUPERSEDED_ORIGINAL,yes,Coefficient conditioning and identifiability. The ORIGINAL audit is retained here because the manuscript documents its correction; Correction_audit/ is the canonical verdict. See the directory README.
04_DIII_D_DESCRIPTIVE/D3D-SIR-62-ALIGNED-V1/coefficient_conditioning/figures/condition_number_by_discharge.pdf,D:\sir-web\Paper Examples\Relational Coordinates for Multimodal Plasma Observations\Coefficient_conditioning\figures\condition_number_by_discharge.pdf,17329,2dd165453f13f042ef06e46fb77d073c83c5e4c2fb3567687c9117b74caa5208,2026-08-05T19:20:52.660741+00:00,qdesc,Supplement S7.7; Figure S1,D3D-SIR-62-COEFFICIENT-CONDITIONING-V1,CANONICAL_WITH_SUPERSEDED_ORIGINAL,yes,Coefficient conditioning and identifiability. The ORIGINAL audit is retained here because the manuscript documents its correction; Correction_audit/ is the canonical verdict. See the directory README.
04_DIII_D_DESCRIPTIVE/D3D-SIR-62-ALIGNED-V1/coefficient_conditioning/figures/condition_number_by_discharge.png,D:\sir-web\Paper Examples\Relational Coordinates for Multimodal Plasma Observations\Coefficient_conditioning\figures\condition_number_by_discharge.png,40294,0f308000a22dd8437c2e888489bfb84f175ef6cbfd075024101fab4ea86c0385,2026-08-05T19:20:52.773250+00:00,qdesc,Supplement S7.7; Figure S1,D3D-SIR-62-COEFFICIENT-CONDITIONING-V1,CANONICAL_WITH_SUPERSEDED_ORIGINAL,yes,Coefficient conditioning and identifiability. The ORIGINAL audit is retained here because the manuscript documents its correction; Correction_audit/ is the canonical verdict. See the directory README.
04_DIII_D_DESCRIPTIVE/D3D-SIR-62-ALIGNED-V1/coefficient_conditioning/figures/condition_number_by_discharge.svg,D:\sir-web\Paper Examples\Relational Coordinates for Multimodal Plasma Observations\Coefficient_conditioning\figures\condition_number_by_discharge.svg,35398,bcfa110fb08b32f9669552776b55d6091fa4001947681249383d95384b588dbf,2026-08-05T19:20:52.710569+00:00,qdesc,Supplement S7.7; Figure S1,D3D-SIR-62-COEFFICIENT-CONDITIONING-V1,CANONICAL_WITH_SUPERSEDED_ORIGINAL,yes,Coefficient conditioning and identifiability. The ORIGINAL audit is retained here because the manuscript documents its correction; Correction_audit/ is the canonical verdict. See the directory README.
04_DIII_D_DESCRIPTIVE/D3D-SIR-62-ALIGNED-V1/coefficient_conditioning/figures/feature_correlation_summary.pdf,D:\sir-web\Paper Examples\Relational Coordinates for Multimodal Plasma Observations\Coefficient_conditioning\figures\feature_correlation_summary.pdf,20618,cdb7282955e89c9e5ffba1e5685f794704bcf0db2638a334628d9dc7ce84bf75,2026-08-05T19:20:52.960747+00:00,qdesc,Supplement S7.7; Figure S1,D3D-SIR-62-COEFFICIENT-CONDITIONING-V1,CANONICAL_WITH_SUPERSEDED_ORIGINAL,yes,Coefficient conditioning and identifiability. The ORIGINAL audit is retained here because the manuscript documents its correction; Correction_audit/ is the canonical verdict. See the directory README.
04_DIII_D_DESCRIPTIVE/D3D-SIR-62-ALIGNED-V1/coefficient_conditioning/figures/feature_correlation_summary.png,D:\sir-web\Paper Examples\Relational Coordinates for Multimodal Plasma Observations\Coefficient_conditioning\figures\feature_correlation_summary.png,82908,db9123c8b4c202fe324fd076354bed31e6b1e1f217d871d21afe17251ceaec97,2026-08-05T19:20:53.171318+00:00,qdesc,Supplement S7.7; Figure S1,D3D-SIR-62-COEFFICIENT-CONDITIONING-V1,CANONICAL_WITH_SUPERSEDED_ORIGINAL,yes,Coefficient conditioning and identifiability. The ORIGINAL audit is retained here because the manuscript documents its correction; Correction_audit/ is the canonical verdict. See the directory README.
04_DIII_D_DESCRIPTIVE/D3D-SIR-62-ALIGNED-V1/coefficient_conditioning/figures/feature_correlation_summary.svg,D:\sir-web\Paper Examples\Relational Coordinates for Multimodal Plasma Observations\Coefficient_conditioning\figures\feature_correlation_summary.svg,80661,b647460f2c11338071b0c846c5f5d7de5d5fabfcce7d3600f8c089330a56db26,2026-08-05T19:20:53.046406+00:00,qdesc,Supplement S7.7; Figure S1,D3D-SIR-62-COEFFICIENT-CONDITIONING-V1,CANONICAL_WITH_SUPERSEDED_ORIGINAL,yes,Coefficient conditioning and identifiability. The ORIGINAL audit is retained here because the manuscript documents its correction; Correction_audit/ is the canonical verdict. See the directory README.
04_DIII_D_DESCRIPTIVE/D3D-SIR-62-ALIGNED-V1/coefficient_conditioning/figures/figure_manifest.csv,D:\sir-web\Paper Examples\Relational Coordinates for Multimodal Plasma Observations\Coefficient_conditioning\figures\figure_manifest.csv,5097,fc55aeca2d161dfebfdd56efe1bbd0b42813fb3b52b5a570e45f9be3e4f210ea,2026-08-05T19:20:55.584787+00:00,qdesc,Supplement S7.7; Figure S1,D3D-SIR-62-COEFFICIENT-CONDITIONING-V1,CANONICAL_WITH_SUPERSEDED_ORIGINAL,yes,Coefficient conditioning and identifiability. The ORIGINAL audit is retained here because the manuscript documents its correction; Correction_audit/ is the canonical verdict. See the directory README.
04_DIII_D_DESCRIPTIVE/D3D-SIR-62-ALIGNED-V1/coefficient_conditioning/figures/multivariate_resolved_directions.pdf,D:\sir-web\Paper Examples\Relational Coordinates for Multimodal Plasma Observations\Coefficient_conditioning\figures\multivariate_resolved_directions.pdf,18780,462621e22640050308026195763d77ba7b405627b19c4034ea341dbf9e03ac00,2026-08-05T19:20:55.294069+00:00,qdesc,Supplement S7.7; Figure S1,D3D-SIR-62-COEFFICIENT-CONDITIONING-V1,CANONICAL_WITH_SUPERSEDED_ORIGINAL,yes,Coefficient conditioning and identifiability. The ORIGINAL audit is retained here because the manuscript documents its correction; Correction_audit/ is the canonical verdict. See the directory README.
04_DIII_D_DESCRIPTIVE/D3D-SIR-62-ALIGNED-V1/coefficient_conditioning/figures/multivariate_resolved_directions.png,D:\sir-web\Paper Examples\Relational Coordinates for Multimodal Plasma Observations\Coefficient_conditioning\figures\multivariate_resolved_directions.png,107194,8066af0ba083ee339cf227218f6204f44b08cae304642d04cc1a0bfde9351d29,2026-08-05T19:20:55.430201+00:00,qdesc,Supplement S7.7; Figure S1,D3D-SIR-62-COEFFICIENT-CONDITIONING-V1,CANONICAL_WITH_SUPERSEDED_ORIGINAL,yes,Coefficient conditioning and identifiability. The ORIGINAL audit is retained here because the manuscript documents its correction; Correction_audit/ is the canonical verdict. See the directory README.
04_DIII_D_DESCRIPTIVE/D3D-SIR-62-ALIGNED-V1/coefficient_conditioning/figures/multivariate_resolved_directions.svg,D:\sir-web\Paper Examples\Relational Coordinates for Multimodal Plasma Observations\Coefficient_conditioning\figures\multivariate_resolved_directions.svg,51097,b3b980a3a2410dad9d5dc8eebd6233242d37d3a436cc0327e3e6bf1aea29b9e4,2026-08-05T19:20:55.349520+00:00,qdesc,Supplement S7.7; Figure S1,D3D-SIR-62-COEFFICIENT-CONDITIONING-V1,CANONICAL_WITH_SUPERSEDED_ORIGINAL,yes,Coefficient conditioning and identifiability. The ORIGINAL audit is retained here because the manuscript documents its correction; Correction_audit/ is the canonical verdict. See the directory README.
04_DIII_D_DESCRIPTIVE/D3D-SIR-62-ALIGNED-V1/coefficient_conditioning/figures/near_null_direction_loadings.pdf,D:\sir-web\Paper Examples\Relational Coordinates for Multimodal Plasma Observations\Coefficient_conditioning\figures\near_null_direction_loadings.pdf,16582,8bfffbe6ea9f1e54458193ad8af32061a85cbeb0f4a04e2cfc474bc1736ecc8f,2026-08-05T19:20:53.532857+00:00,qdesc,Supplement S7.7; Figure S1,D3D-SIR-62-COEFFICIENT-CONDITIONING-V1,CANONICAL_WITH_SUPERSEDED_ORIGINAL,yes,Coefficient conditioning and identifiability. The ORIGINAL audit is retained here because the manuscript documents its correction; Correction_audit/ is the canonical verdict. See the directory README.
04_DIII_D_DESCRIPTIVE/D3D-SIR-62-ALIGNED-V1/coefficient_conditioning/figures/near_null_direction_loadings.png,D:\sir-web\Paper Examples\Relational Coordinates for Multimodal Plasma Observations\Coefficient_conditioning\figures\near_null_direction_loadings.png,58591,82f5797fb3a02bac2f889b04f76e406d292978ca9d579a97baa9f679c9dabddd,2026-08-05T19:20:53.620083+00:00,qdesc,Supplement S7.7; Figure S1,D3D-SIR-62-COEFFICIENT-CONDITIONING-V1,CANONICAL_WITH_SUPERSEDED_ORIGINAL,yes,Coefficient conditioning and identifiability. The ORIGINAL audit is retained here because the manuscript documents its correction; Correction_audit/ is the canonical verdict. See the directory README.
04_DIII_D_DESCRIPTIVE/D3D-SIR-62-ALIGNED-V1/coefficient_conditioning/figures/near_null_direction_loadings.svg,D:\sir-web\Paper Examples\Relational Coordinates for Multimodal Plasma Observations\Coefficient_conditioning\figures\near_null_direction_loadings.svg,46824,3301dccfcc1c0e7544186630bd6ad96876d0bcd35f525d689ec52e5c1620b42e,2026-08-05T19:20:53.567427+00:00,qdesc,Supplement S7.7; Figure S1,D3D-SIR-62-COEFFICIENT-CONDITIONING-V1,CANONICAL_WITH_SUPERSEDED_ORIGINAL,yes,Coefficient conditioning and identifiability. The ORIGINAL audit is retained here because the manuscript documents its correction; Correction_audit/ is the canonical verdict. See the directory README.
04_DIII_D_DESCRIPTIVE/D3D-SIR-62-ALIGNED-V1/coefficient_conditioning/figures/resolved_fraction_by_coefficient.pdf,D:\sir-web\Paper Examples\Relational Coordinates for Multimodal Plasma Observations\Coefficient_conditioning\figures\resolved_fraction_by_coefficient.pdf,15340,a1f0800ea019ccc91593f6b0a99085653f027d2ae22a701719ef4c6aa8fca069,2026-08-05T19:20:54.895773+00:00,qdesc,Supplement S7.7; Figure S1,D3D-SIR-62-COEFFICIENT-CONDITIONING-V1,CANONICAL_WITH_SUPERSEDED_ORIGINAL,yes,Coefficient conditioning and identifiability. The ORIGINAL audit is retained here because the manuscript documents its correction; Correction_audit/ is the canonical verdict. See the directory README.
04_DIII_D_DESCRIPTIVE/D3D-SIR-62-ALIGNED-V1/coefficient_conditioning/figures/resolved_fraction_by_coefficient.png,D:\sir-web\Paper Examples\Relational Coordinates for Multimodal Plasma Observations\Coefficient_conditioning\figures\resolved_fraction_by_coefficient.png,47523,e77bc53356addff2b2d7d27bb5f0f26aaf6ce22df4266f7a9a44857ba058b815,2026-08-05T19:20:54.985729+00:00,qdesc,Supplement S7.7; Figure S1,D3D-SIR-62-COEFFICIENT-CONDITIONING-V1,CANONICAL_WITH_SUPERSEDED_ORIGINAL,yes,Coefficient conditioning and identifiability. The ORIGINAL audit is retained here because the manuscript documents its correction; Correction_audit/ is the canonical verdict. See the directory README.
04_DIII_D_DESCRIPTIVE/D3D-SIR-62-ALIGNED-V1/coefficient_conditioning/figures/resolved_fraction_by_coefficient.svg,D:\sir-web\Paper Examples\Relational Coordinates for Multimodal Plasma Observations\Coefficient_conditioning\figures\resolved_fraction_by_coefficient.svg,40475,b5f3c5f832fa923b4aa1b16889b6c635de763bcb12919217bee5079b35b58892,2026-08-05T19:20:54.930844+00:00,qdesc,Supplement S7.7; Figure S1,D3D-SIR-62-COEFFICIENT-CONDITIONING-V1,CANONICAL_WITH_SUPERSEDED_ORIGINAL,yes,Coefficient conditioning and identifiability. The ORIGINAL audit is retained here because the manuscript documents its correction; Correction_audit/ is the canonical verdict. See the directory README.
04_DIII_D_DESCRIPTIVE/D3D-SIR-62-ALIGNED-V1/coefficient_conditioning/figures/rmse_vs_conditioning.pdf,D:\sir-web\Paper Examples\Relational Coordinates for Multimodal Plasma Observations\Coefficient_conditioning\figures\rmse_vs_conditioning.pdf,14156,f0f0f950cae417eb0327e7a4312e2c49c6aed326be6e9804eb4e3d11e005559b,2026-08-05T19:20:55.490399+00:00,qdesc,Supplement S7.7; Figure S1,D3D-SIR-62-COEFFICIENT-CONDITIONING-V1,CANONICAL_WITH_SUPERSEDED_ORIGINAL,yes,Coefficient conditioning and identifiability. The ORIGINAL audit is retained here because the manuscript documents its correction; Correction_audit/ is the canonical verdict. See the directory README.
04_DIII_D_DESCRIPTIVE/D3D-SIR-62-ALIGNED-V1/coefficient_conditioning/figures/rmse_vs_conditioning.png,D:\sir-web\Paper Examples\Relational Coordinates for Multimodal Plasma Observations\Coefficient_conditioning\figures\rmse_vs_conditioning.png,36063,3b25650e8b718ea297567346b2b3967d0cd18c81d22aedb7d89e7e2448b7999b,2026-08-05T19:20:55.565392+00:00,qdesc,Supplement S7.7; Figure S1,D3D-SIR-62-COEFFICIENT-CONDITIONING-V1,CANONICAL_WITH_SUPERSEDED_ORIGINAL,yes,Coefficient conditioning and identifiability. The ORIGINAL audit is retained here because the manuscript documents its correction; Correction_audit/ is the canonical verdict. See the directory README.
04_DIII_D_DESCRIPTIVE/D3D-SIR-62-ALIGNED-V1/coefficient_conditioning/figures/rmse_vs_conditioning.svg,D:\sir-web\Paper Examples\Relational Coordinates for Multimodal Plasma Observations\Coefficient_conditioning\figures\rmse_vs_conditioning.svg,31742,1c87795ef817ffccc4c0fb2ba33b1734ac362e587f936ea53ac6954e98cfd06c,2026-08-05T19:20:55.521884+00:00,qdesc,Supplement S7.7; Figure S1,D3D-SIR-62-COEFFICIENT-CONDITIONING-V1,CANONICAL_WITH_SUPERSEDED_ORIGINAL,yes,Coefficient conditioning and identifiability. The ORIGINAL audit is retained here because the manuscript documents its correction; Correction_audit/ is the canonical verdict. See the directory README.
04_DIII_D_DESCRIPTIVE/D3D-SIR-62-ALIGNED-V1/coefficient_conditioning/figures/singular_spectrum_by_discharge.pdf,D:\sir-web\Paper Examples\Relational Coordinates for Multimodal Plasma Observations\Coefficient_conditioning\figures\singular_spectrum_by_discharge.pdf,20454,53c61f44d932243a36774286154d4745fb2e2fb2fb8a760a4cb6cd3463b9ab99,2026-08-05T19:20:52.453621+00:00,qdesc,Supplement S7.7; Figure S1,D3D-SIR-62-COEFFICIENT-CONDITIONING-V1,CANONICAL_WITH_SUPERSEDED_ORIGINAL,yes,Coefficient conditioning and identifiability. The ORIGINAL audit is retained here because the manuscript documents its correction; Correction_audit/ is the canonical verdict. See the directory README.
04_DIII_D_DESCRIPTIVE/D3D-SIR-62-ALIGNED-V1/coefficient_conditioning/figures/singular_spectrum_by_discharge.png,D:\sir-web\Paper Examples\Relational Coordinates for Multimodal Plasma Observations\Coefficient_conditioning\figures\singular_spectrum_by_discharge.png,164646,3bfd307763c3a1e47053577c16680c631091ef02c2b7985c36f1e0646df4a341,2026-08-05T19:20:52.577413+00:00,qdesc,Supplement S7.7; Figure S1,D3D-SIR-62-COEFFICIENT-CONDITIONING-V1,CANONICAL_WITH_SUPERSEDED_ORIGINAL,yes,Coefficient conditioning and identifiability. The ORIGINAL audit is retained here because the manuscript documents its correction; Correction_audit/ is the canonical verdict. See the directory README.
04_DIII_D_DESCRIPTIVE/D3D-SIR-62-ALIGNED-V1/coefficient_conditioning/figures/singular_spectrum_by_discharge.svg,D:\sir-web\Paper Examples\Relational Coordinates for Multimodal Plasma Observations\Coefficient_conditioning\figures\singular_spectrum_by_discharge.svg,55353,b4de84c69675a75544543311235fd560bb87a2e6804b3cb9910f5da2ad561375,2026-08-05T19:20:52.501800+00:00,qdesc,Supplement S7.7; Figure S1,D3D-SIR-62-COEFFICIENT-CONDITIONING-V1,CANONICAL_WITH_SUPERSEDED_ORIGINAL,yes,Coefficient conditioning and identifiability. The ORIGINAL audit is retained here because the manuscript documents its correction; Correction_audit/ is the canonical verdict. See the directory README.
04_DIII_D_DESCRIPTIVE/D3D-SIR-62-ALIGNED-V1/coefficient_conditioning/figures/vif_distributions.pdf,D:\sir-web\Paper Examples\Relational Coordinates for Multimodal Plasma Observations\Coefficient_conditioning\figures\vif_distributions.pdf,16255,0b350c4a13674659c9a007309ff07eb9615448f70aa9126da6f50c90861165f7,2026-08-05T19:20:53.311467+00:00,qdesc,Supplement S7.7; Figure S1,D3D-SIR-62-COEFFICIENT-CONDITIONING-V1,CANONICAL_WITH_SUPERSEDED_ORIGINAL,yes,Coefficient conditioning and identifiability. The ORIGINAL audit is retained here because the manuscript documents its correction; Correction_audit/ is the canonical verdict. See the directory README.
04_DIII_D_DESCRIPTIVE/D3D-SIR-62-ALIGNED-V1/coefficient_conditioning/figures/vif_distributions.png,D:\sir-web\Paper Examples\Relational Coordinates for Multimodal Plasma Observations\Coefficient_conditioning\figures\vif_distributions.png,49063,9dc493c9a956bc78d0085a4374fc380a35a79deb1a9424fb03020d1f63381a0e,2026-08-05T19:20:53.448228+00:00,qdesc,Supplement S7.7; Figure S1,D3D-SIR-62-COEFFICIENT-CONDITIONING-V1,CANONICAL_WITH_SUPERSEDED_ORIGINAL,yes,Coefficient conditioning and identifiability. The ORIGINAL audit is retained here because the manuscript documents its correction; Correction_audit/ is the canonical verdict. See the directory README.
04_DIII_D_DESCRIPTIVE/D3D-SIR-62-ALIGNED-V1/coefficient_conditioning/figures/vif_distributions.svg,D:\sir-web\Paper Examples\Relational Coordinates for Multimodal Plasma Observations\Coefficient_conditioning\figures\vif_distributions.svg,45115,28e20d00c8782cdf85dad7015ad6e4b0922f72e09d22889724439c37c6f182b3,2026-08-05T19:20:53.373633+00:00,qdesc,Supplement S7.7; Figure S1,D3D-SIR-62-COEFFICIENT-CONDITIONING-V1,CANONICAL_WITH_SUPERSEDED_ORIGINAL,yes,Coefficient conditioning and identifiability. The ORIGINAL audit is retained here because the manuscript documents its correction; Correction_audit/ is the canonical verdict. See the directory README.
04_DIII_D_DESCRIPTIVE/D3D-SIR-62-ALIGNED-V1/coefficient_conditioning/generate_conditioning_figures.py,D:\sir-web\Paper Examples\Relational Coordinates for Multimodal Plasma Observations\Coefficient_conditioning\generate_conditioning_figures.py,11680,2b921ec349a48a66b2503f0ff9a12ba7ba580b01c17fc9a0955e07bea157e8b6,2026-08-14T16:10:08.181784+00:00,qdesc,Supplement S7.7; Figure S1,D3D-SIR-62-COEFFICIENT-CONDITIONING-V1,CANONICAL_WITH_SUPERSEDED_ORIGINAL,yes,Coefficient conditioning and identifiability. The ORIGINAL audit is retained here because the manuscript documents its correction; Correction_audit/ is the canonical verdict. See the directory README.
04_DIII_D_DESCRIPTIVE/D3D-SIR-62-ALIGNED-V1/coefficient_conditioning/latex/S7_7_coefficient_conditioning_results.tex,D:\sir-web\Paper Examples\Relational Coordinates for Multimodal Plasma Observations\Coefficient_conditioning\latex\S7_7_coefficient_conditioning_results.tex,2367,8b826ce75e2dcc274a1d781b038328b01e83b44725c4635fbc7dc09a49ab5706,2026-08-05T19:21:41.798246+00:00,qdesc,Supplement S7.7; Figure S1,D3D-SIR-62-COEFFICIENT-CONDITIONING-V1,CANONICAL_WITH_SUPERSEDED_ORIGINAL,yes,Coefficient conditioning and identifiability. The ORIGINAL audit is retained here because the manuscript documents its correction; Correction_audit/ is the canonical verdict. See the directory README.
04_DIII_D_DESCRIPTIVE/D3D-SIR-62-ALIGNED-V1/coefficient_conditioning/latex/S7_7_figure_captions.tex,D:\sir-web\Paper Examples\Relational Coordinates for Multimodal Plasma Observations\Coefficient_conditioning\latex\S7_7_figure_captions.tex,578,e86d9d91600c76fbd6afad980428e34d0fc02fc7f2d032e7cd63f31df998df1f,2026-08-05T19:21:41.798246+00:00,qdesc,Supplement S7.7; Figure S1,D3D-SIR-62-COEFFICIENT-CONDITIONING-V1,CANONICAL_WITH_SUPERSEDED_ORIGINAL,yes,Coefficient conditioning and identifiability. The ORIGINAL audit is retained here because the manuscript documents its correction; Correction_audit/ is the canonical verdict. See the directory README.
04_DIII_D_DESCRIPTIVE/D3D-SIR-62-ALIGNED-V1/coefficient_conditioning/latex/S7_7_tables.tex,D:\sir-web\Paper Examples\Relational Coordinates for Multimodal Plasma Observations\Coefficient_conditioning\latex\S7_7_tables.tex,521,8b4f54dd4c6f55d59c48774162559c6a2e0fcac794ea109e9ec8bec9eb54ea98,2026-08-05T19:21:41.798246+00:00,qdesc,Supplement S7.7; Figure S1,D3D-SIR-62-COEFFICIENT-CONDITIONING-V1,CANONICAL_WITH_SUPERSEDED_ORIGINAL,yes,Coefficient conditioning and identifiability. The ORIGINAL audit is retained here because the manuscript documents its correction; Correction_audit/ is the canonical verdict. See the directory README.
04_DIII_D_DESCRIPTIVE/D3D-SIR-62-ALIGNED-V1/coefficient_conditioning/outputs/_audit_state.json,D:\sir-web\Paper Examples\Relational Coordinates for Multimodal Plasma Observations\Coefficient_conditioning\outputs\_audit_state.json,9128,73dfd90dc8079628f1945d652c6eb431457ded75abbfb8094a767273b7ea7ff6,2026-08-05T19:17:57.472681+00:00,qdesc,Supplement S7.7; Figure S1,D3D-SIR-62-COEFFICIENT-CONDITIONING-V1,CANONICAL_WITH_SUPERSEDED_ORIGINAL,yes,Coefficient conditioning and identifiability. The ORIGINAL audit is retained here because the manuscript documents its correction; Correction_audit/ is the canonical verdict. See the directory README.
04_DIII_D_DESCRIPTIVE/D3D-SIR-62-ALIGNED-V1/coefficient_conditioning/outputs/coefficient_conditioning_summary.json,D:\sir-web\Paper Examples\Relational Coordinates for Multimodal Plasma Observations\Coefficient_conditioning\outputs\coefficient_conditioning_summary.json,9128,73dfd90dc8079628f1945d652c6eb431457ded75abbfb8094a767273b7ea7ff6,2026-08-05T19:17:57.472179+00:00,qdesc,Supplement S7.7; Figure S1,D3D-SIR-62-COEFFICIENT-CONDITIONING-V1,CANONICAL_WITH_SUPERSEDED_ORIGINAL,yes,Coefficient conditioning and identifiability. The ORIGINAL audit is retained here because the manuscript documents its correction; Correction_audit/ is the canonical verdict. See the directory README.
04_DIII_D_DESCRIPTIVE/D3D-SIR-62-ALIGNED-V1/coefficient_conditioning/outputs/d3d_bootstrap_coefficients_primary.parquet,D:\sir-web\Paper Examples\Relational Coordinates for Multimodal Plasma Observations\Coefficient_conditioning\outputs\d3d_bootstrap_coefficients_primary.parquet,4970955,2caedc91cccb768028e58ea4036898b7a1dafecf4b9223e5709b27e85b1a8169,2026-08-05T19:16:58.448721+00:00,qdesc,Supplement S7.7; Figure S1,D3D-SIR-62-COEFFICIENT-CONDITIONING-V1,CANONICAL_WITH_SUPERSEDED_ORIGINAL,yes,Coefficient conditioning and identifiability. The ORIGINAL audit is retained here because the manuscript documents its correction; Correction_audit/ is the canonical verdict. See the directory README.
04_DIII_D_DESCRIPTIVE/D3D-SIR-62-ALIGNED-V1/coefficient_conditioning/outputs/d3d_bootstrap_coefficients_sensitivity.parquet,D:\sir-web\Paper Examples\Relational Coordinates for Multimodal Plasma Observations\Coefficient_conditioning\outputs\d3d_bootstrap_coefficients_sensitivity.parquet,2976116,a85fd58969e073b647a8dab8dff49c4a281eeec58685d4824c75fe9eb61ecfca,2026-08-05T19:16:58.522115+00:00,qdesc,Supplement S7.7; Figure S1,D3D-SIR-62-COEFFICIENT-CONDITIONING-V1,CANONICAL_WITH_SUPERSEDED_ORIGINAL,yes,Coefficient conditioning and identifiability. The ORIGINAL audit is retained here because the manuscript documents its correction; Correction_audit/ is the canonical verdict. See the directory README.
04_DIII_D_DESCRIPTIVE/D3D-SIR-62-ALIGNED-V1/coefficient_conditioning/outputs/d3d_conditioning_summary.json,D:\sir-web\Paper Examples\Relational Coordinates for Multimodal Plasma Observations\Coefficient_conditioning\outputs\d3d_conditioning_summary.json,555,0c35483400649411079c20c00bb6556e080f4d75ed32fdc8e9e323ff49f203d6,2026-08-05T19:16:38.459750+00:00,qdesc,Supplement S7.7; Figure S1,D3D-SIR-62-COEFFICIENT-CONDITIONING-V1,CANONICAL_WITH_SUPERSEDED_ORIGINAL,yes,Coefficient conditioning and identifiability. The ORIGINAL audit is retained here because the manuscript documents its correction; Correction_audit/ is the canonical verdict. See the directory README.
04_DIII_D_DESCRIPTIVE/D3D-SIR-62-ALIGNED-V1/coefficient_conditioning/outputs/d3d_multivariate_identifiability_summary.json,D:\sir-web\Paper Examples\Relational Coordinates for Multimodal Plasma Observations\Coefficient_conditioning\outputs\d3d_multivariate_identifiability_summary.json,764,f2c6c4755a3e9daa85ca290d17b9e9f1f42b8c2eb28b25d8c37006f3762c780e,2026-08-05T19:17:56.181353+00:00,qdesc,Supplement S7.7; Figure S1,D3D-SIR-62-COEFFICIENT-CONDITIONING-V1,CANONICAL_WITH_SUPERSEDED_ORIGINAL,yes,Coefficient conditioning and identifiability. The ORIGINAL audit is retained here because the manuscript documents its correction; Correction_audit/ is the canonical verdict. See the directory README.
04_DIII_D_DESCRIPTIVE/D3D-SIR-62-ALIGNED-V1/coefficient_conditioning/outputs/d3d_multivariate_variance_components.npz,D:\sir-web\Paper Examples\Relational Coordinates for Multimodal Plasma Observations\Coefficient_conditioning\outputs\d3d_multivariate_variance_components.npz,4316,2c96a31f70bf7f21a97f5255783101c42ea4513c3e21c6d4904e6526460af1a5,2026-08-05T19:17:56.180851+00:00,qdesc,Supplement S7.7; Figure S1,D3D-SIR-62-COEFFICIENT-CONDITIONING-V1,CANONICAL_WITH_SUPERSEDED_ORIGINAL,yes,Coefficient conditioning and identifiability. The ORIGINAL audit is retained here because the manuscript documents its correction; Correction_audit/ is the canonical verdict. See the directory README.
04_DIII_D_DESCRIPTIVE/D3D-SIR-62-ALIGNED-V1/coefficient_conditioning/outputs/d3d_random_effects_diagnostics.json,D:\sir-web\Paper Examples\Relational Coordinates for Multimodal Plasma Observations\Coefficient_conditioning\outputs\d3d_random_effects_diagnostics.json,1162,bee97d6c4d0d4ab58e3b4fbe44167e763399922a4a1e224ad8b8a0e40a101d33,2026-08-05T19:17:56.131919+00:00,qdesc,Supplement S7.7; Figure S1,D3D-SIR-62-COEFFICIENT-CONDITIONING-V1,CANONICAL_WITH_SUPERSEDED_ORIGINAL,yes,Coefficient conditioning and identifiability. The ORIGINAL audit is retained here because the manuscript documents its correction; Correction_audit/ is the canonical verdict. See the directory README.
04_DIII_D_DESCRIPTIVE/D3D-SIR-62-ALIGNED-V1/coefficient_conditioning/outputs/input_validation.json,D:\sir-web\Paper Examples\Relational Coordinates for Multimodal Plasma Observations\Coefficient_conditioning\outputs\input_validation.json,1197,64abe7972c104f308802896aaf9a95f708681ec99eccda007d1bd8250ab61d45,2026-08-05T19:16:38.314303+00:00,qdesc,Supplement S7.7; Figure S1,D3D-SIR-62-COEFFICIENT-CONDITIONING-V1,CANONICAL_WITH_SUPERSEDED_ORIGINAL,yes,Coefficient conditioning and identifiability. The ORIGINAL audit is retained here because the manuscript documents its correction; Correction_audit/ is the canonical verdict. See the directory README.
04_DIII_D_DESCRIPTIVE/D3D-SIR-62-ALIGNED-V1/coefficient_conditioning/run_coefficient_conditioning_audit.py,D:\sir-web\Paper Examples\Relational Coordinates for Multimodal Plasma Observations\Coefficient_conditioning\run_coefficient_conditioning_audit.py,42445,eac52fde73f278aaa1d431da71f3d1bbf5e6f6c2051cc18104a172a84619df6c,2026-08-14T16:10:08.157305+00:00,qdesc,Supplement S7.7; Figure S1,D3D-SIR-62-COEFFICIENT-CONDITIONING-V1,CANONICAL_WITH_SUPERSEDED_ORIGINAL,yes,Coefficient conditioning and identifiability. The ORIGINAL audit is retained here because the manuscript documents its correction; Correction_audit/ is the canonical verdict. See the directory README.
04_DIII_D_DESCRIPTIVE/D3D-SIR-62-ALIGNED-V1/coefficient_conditioning/tables/d3d_autocorrelation_summary.csv,D:\sir-web\Paper Examples\Relational Coordinates for Multimodal Plasma Observations\Coefficient_conditioning\tables\d3d_autocorrelation_summary.csv,47902,581c185a9bdcef0f0483ee29f8840c0cf9967bda1f67649f973008900e6eab81,2026-08-05T19:16:38.578524+00:00,qdesc,Supplement S7.7; Figure S1,D3D-SIR-62-COEFFICIENT-CONDITIONING-V1,CANONICAL_WITH_SUPERSEDED_ORIGINAL,yes,Coefficient conditioning and identifiability. The ORIGINAL audit is retained here because the manuscript documents its correction; Correction_audit/ is the canonical verdict. See the directory README.
04_DIII_D_DESCRIPTIVE/D3D-SIR-62-ALIGNED-V1/coefficient_conditioning/tables/d3d_bootstrap_block_lengths.csv,D:\sir-web\Paper Examples\Relational Coordinates for Multimodal Plasma Observations\Coefficient_conditioning\tables\d3d_bootstrap_block_lengths.csv,9489,8b6b76170535cc99bef0a23c4a1a2ad5a20b5e6403f8f3020aad4be894c8596d,2026-08-05T19:16:38.579534+00:00,qdesc,Supplement S7.7; Figure S1,D3D-SIR-62-COEFFICIENT-CONDITIONING-V1,CANONICAL_WITH_SUPERSEDED_ORIGINAL,yes,Coefficient conditioning and identifiability. The ORIGINAL audit is retained here because the manuscript documents its correction; Correction_audit/ is the canonical verdict. See the directory README.
04_DIII_D_DESCRIPTIVE/D3D-SIR-62-ALIGNED-V1/coefficient_conditioning/tables/d3d_bootstrap_block_sensitivity.csv,D:\sir-web\Paper Examples\Relational Coordinates for Multimodal Plasma Observations\Coefficient_conditioning\tables\d3d_bootstrap_block_sensitivity.csv,80219,ecf694fd0b2a2ed8edff45243e43e9d19bf32fb51889fb1037c046b1b77d4291,2026-08-05T19:16:59.236914+00:00,qdesc,Supplement S7.7; Figure S1,D3D-SIR-62-COEFFICIENT-CONDITIONING-V1,CANONICAL_WITH_SUPERSEDED_ORIGINAL,yes,Coefficient conditioning and identifiability. The ORIGINAL audit is retained here because the manuscript documents its correction; Correction_audit/ is the canonical verdict. See the directory README.
04_DIII_D_DESCRIPTIVE/D3D-SIR-62-ALIGNED-V1/coefficient_conditioning/tables/d3d_bootstrap_coefficient_summary.csv,D:\sir-web\Paper Examples\Relational Coordinates for Multimodal Plasma Observations\Coefficient_conditioning\tables\d3d_bootstrap_coefficient_summary.csv,135974,6af6837692963a1fa8cd5867100aa04f6b78b75fe07a57f7c64c06a2cf70ddd4,2026-08-05T19:16:58.528853+00:00,qdesc,Supplement S7.7; Figure S1,D3D-SIR-62-COEFFICIENT-CONDITIONING-V1,CANONICAL_WITH_SUPERSEDED_ORIGINAL,yes,Coefficient conditioning and identifiability. The ORIGINAL audit is retained here because the manuscript documents its correction; Correction_audit/ is the canonical verdict. See the directory README.
04_DIII_D_DESCRIPTIVE/D3D-SIR-62-ALIGNED-V1/coefficient_conditioning/tables/d3d_bootstrap_covariance_long.csv,D:\sir-web\Paper Examples\Relational Coordinates for Multimodal Plasma Observations\Coefficient_conditioning\tables\d3d_bootstrap_covariance_long.csv,263919,1177c1cd63f87a38aadd8548fc777925a235d7a607bd68417afc3d8905995884,2026-08-05T19:16:58.536490+00:00,qdesc,Supplement S7.7; Figure S1,D3D-SIR-62-COEFFICIENT-CONDITIONING-V1,CANONICAL_WITH_SUPERSEDED_ORIGINAL,yes,Coefficient conditioning and identifiability. The ORIGINAL audit is retained here because the manuscript documents its correction; Correction_audit/ is the canonical verdict. See the directory README.
04_DIII_D_DESCRIPTIVE/D3D-SIR-62-ALIGNED-V1/coefficient_conditioning/tables/d3d_coefficient_heterogeneity.csv,D:\sir-web\Paper Examples\Relational Coordinates for Multimodal Plasma Observations\Coefficient_conditioning\tables\d3d_coefficient_heterogeneity.csv,2376,74cdc318078e5561dc9e0eea349e9d2708c84a937216c4bae40c48c82641d9dd,2026-08-05T19:17:56.131919+00:00,qdesc,Supplement S7.7; Figure S1,D3D-SIR-62-COEFFICIENT-CONDITIONING-V1,CANONICAL_WITH_SUPERSEDED_ORIGINAL,yes,Coefficient conditioning and identifiability. The ORIGINAL audit is retained here because the manuscript documents its correction; Correction_audit/ is the canonical verdict. See the directory README.
04_DIII_D_DESCRIPTIVE/D3D-SIR-62-ALIGNED-V1/coefficient_conditioning/tables/d3d_coefficient_truncation_sensitivity.csv,D:\sir-web\Paper Examples\Relational Coordinates for Multimodal Plasma Observations\Coefficient_conditioning\tables\d3d_coefficient_truncation_sensitivity.csv,44100,7305a151502250905f2c66b2a0b22b6ccbe785faded1540f438ddbcc3d0e1182,2026-08-05T19:16:38.546024+00:00,qdesc,Supplement S7.7; Figure S1,D3D-SIR-62-COEFFICIENT-CONDITIONING-V1,CANONICAL_WITH_SUPERSEDED_ORIGINAL,yes,Coefficient conditioning and identifiability. The ORIGINAL audit is retained here because the manuscript documents its correction; Correction_audit/ is the canonical verdict. See the directory README.
04_DIII_D_DESCRIPTIVE/D3D-SIR-62-ALIGNED-V1/coefficient_conditioning/tables/d3d_conditioning_associations.csv,D:\sir-web\Paper Examples\Relational Coordinates for Multimodal Plasma Observations\Coefficient_conditioning\tables\d3d_conditioning_associations.csv,11386,496e596d10e7ea00767d66f63d6352ebeb90afa3c2edc70a3f94193c767ad13c,2026-08-05T19:17:57.467654+00:00,qdesc,Supplement S7.7; Figure S1,D3D-SIR-62-COEFFICIENT-CONDITIONING-V1,CANONICAL_WITH_SUPERSEDED_ORIGINAL,yes,Coefficient conditioning and identifiability. The ORIGINAL audit is retained here because the manuscript documents its correction; Correction_audit/ is the canonical verdict. See the directory README.
04_DIII_D_DESCRIPTIVE/D3D-SIR-62-ALIGNED-V1/coefficient_conditioning/tables/d3d_conditioning_associations_fdr.csv,D:\sir-web\Paper Examples\Relational Coordinates for Multimodal Plasma Observations\Coefficient_conditioning\tables\d3d_conditioning_associations_fdr.csv,2322,627951234b664ca6af223f2222d11e4d6890e5694cbd190a1134243257858eea,2026-08-05T19:17:57.469171+00:00,qdesc,Supplement S7.7; Figure S1,D3D-SIR-62-COEFFICIENT-CONDITIONING-V1,CANONICAL_WITH_SUPERSEDED_ORIGINAL,yes,Coefficient conditioning and identifiability. The ORIGINAL audit is retained here because the manuscript documents its correction; Correction_audit/ is the canonical verdict. See the directory README.
04_DIII_D_DESCRIPTIVE/D3D-SIR-62-ALIGNED-V1/coefficient_conditioning/tables/d3d_conditioning_per_discharge.csv,D:\sir-web\Paper Examples\Relational Coordinates for Multimodal Plasma Observations\Coefficient_conditioning\tables\d3d_conditioning_per_discharge.csv,23590,326a5c3049af5945047fc7948d890aad798276bc66bf741fda77f8656a3440c4,2026-08-05T19:16:38.455697+00:00,qdesc,Supplement S7.7; Figure S1,D3D-SIR-62-COEFFICIENT-CONDITIONING-V1,CANONICAL_WITH_SUPERSEDED_ORIGINAL,yes,Coefficient conditioning and identifiability. The ORIGINAL audit is retained here because the manuscript documents its correction; Correction_audit/ is the canonical verdict. See the directory README.
04_DIII_D_DESCRIPTIVE/D3D-SIR-62-ALIGNED-V1/coefficient_conditioning/tables/d3d_correlation_summary.csv,D:\sir-web\Paper Examples\Relational Coordinates for Multimodal Plasma Observations\Coefficient_conditioning\tables\d3d_correlation_summary.csv,4197,4fc10154ccd9406f8ae13cf221035e7990cdbbd089a97c22b90a0f4308a8bcf1,2026-08-05T19:16:38.479119+00:00,qdesc,Supplement S7.7; Figure S1,D3D-SIR-62-COEFFICIENT-CONDITIONING-V1,CANONICAL_WITH_SUPERSEDED_ORIGINAL,yes,Coefficient conditioning and identifiability. The ORIGINAL audit is retained here because the manuscript documents its correction; Correction_audit/ is the canonical verdict. See the directory README.
04_DIII_D_DESCRIPTIVE/D3D-SIR-62-ALIGNED-V1/coefficient_conditioning/tables/d3d_feature_correlations_long.csv,D:\sir-web\Paper Examples\Relational Coordinates for Multimodal Plasma Observations\Coefficient_conditioning\tables\d3d_feature_correlations_long.csv,110273,caf1a8ac89aa0ae9221a26f2eeab434633aa26462bbb5e7f2617238acddd3d1a,2026-08-05T19:16:38.466807+00:00,qdesc,Supplement S7.7; Figure S1,D3D-SIR-62-COEFFICIENT-CONDITIONING-V1,CANONICAL_WITH_SUPERSEDED_ORIGINAL,yes,Coefficient conditioning and identifiability. The ORIGINAL audit is retained here because the manuscript documents its correction; Correction_audit/ is the canonical verdict. See the directory README.
04_DIII_D_DESCRIPTIVE/D3D-SIR-62-ALIGNED-V1/coefficient_conditioning/tables/d3d_multivariate_variance_eigenvectors.csv,D:\sir-web\Paper Examples\Relational Coordinates for Multimodal Plasma Observations\Coefficient_conditioning\tables\d3d_multivariate_variance_eigenvectors.csv,4776,6522d8549d3d2e84742d59cfe578d47a6e8e67ce34f5a99e009a0867633c8d70,2026-08-05T19:17:56.140373+00:00,qdesc,Supplement S7.7; Figure S1,D3D-SIR-62-COEFFICIENT-CONDITIONING-V1,CANONICAL_WITH_SUPERSEDED_ORIGINAL,yes,Coefficient conditioning and identifiability. The ORIGINAL audit is retained here because the manuscript documents its correction; Correction_audit/ is the canonical verdict. See the directory README.
04_DIII_D_DESCRIPTIVE/D3D-SIR-62-ALIGNED-V1/coefficient_conditioning/tables/d3d_near_null_loadings.csv,D:\sir-web\Paper Examples\Relational Coordinates for Multimodal Plasma Observations\Coefficient_conditioning\tables\d3d_near_null_loadings.csv,64740,d1faa026d2897c4d83bf3741dbbb5215bab989853a05c06478aa751d5500c377,2026-08-05T19:16:38.482571+00:00,qdesc,Supplement S7.7; Figure S1,D3D-SIR-62-COEFFICIENT-CONDITIONING-V1,CANONICAL_WITH_SUPERSEDED_ORIGINAL,yes,Coefficient conditioning and identifiability. The ORIGINAL audit is retained here because the manuscript documents its correction; Correction_audit/ is the canonical verdict. See the directory README.
04_DIII_D_DESCRIPTIVE/D3D-SIR-62-ALIGNED-V1/coefficient_conditioning/tables/d3d_rank_tolerance_summary.csv,D:\sir-web\Paper Examples\Relational Coordinates for Multimodal Plasma Observations\Coefficient_conditioning\tables\d3d_rank_tolerance_summary.csv,85,8218a4101383cb114af795a50ad4795294198fac336ebe9931055a8c1af6cc5e,2026-08-05T19:16:38.458738+00:00,qdesc,Supplement S7.7; Figure S1,D3D-SIR-62-COEFFICIENT-CONDITIONING-V1,CANONICAL_WITH_SUPERSEDED_ORIGINAL,yes,Coefficient conditioning and identifiability. The ORIGINAL audit is retained here because the manuscript documents its correction; Correction_audit/ is the canonical verdict. See the directory README.
04_DIII_D_DESCRIPTIVE/D3D-SIR-62-ALIGNED-V1/coefficient_conditioning/tables/d3d_singular_values_long.csv,D:\sir-web\Paper Examples\Relational Coordinates for Multimodal Plasma Observations\Coefficient_conditioning\tables\d3d_singular_values_long.csv,21226,e7350713aad1090d8d2effff94a12d9e2ff5c52c2e92deeefc3b851199f78afb,2026-08-05T19:16:38.457731+00:00,qdesc,Supplement S7.7; Figure S1,D3D-SIR-62-COEFFICIENT-CONDITIONING-V1,CANONICAL_WITH_SUPERSEDED_ORIGINAL,yes,Coefficient conditioning and identifiability. The ORIGINAL audit is retained here because the manuscript documents its correction; Correction_audit/ is the canonical verdict. See the directory README.
04_DIII_D_DESCRIPTIVE/D3D-SIR-62-ALIGNED-V1/coefficient_conditioning/tables/d3d_truncated_coefficients_long.csv,D:\sir-web\Paper Examples\Relational Coordinates for Multimodal Plasma Observations\Coefficient_conditioning\tables\d3d_truncated_coefficients_long.csv,168390,62d2753643e533e4e2bdcfa0e6c64fa9a5351c49e31ec2bae1d591bed4d80a17,2026-08-05T19:16:38.553396+00:00,qdesc,Supplement S7.7; Figure S1,D3D-SIR-62-COEFFICIENT-CONDITIONING-V1,CANONICAL_WITH_SUPERSEDED_ORIGINAL,yes,Coefficient conditioning and identifiability. The ORIGINAL audit is retained here because the manuscript documents its correction; Correction_audit/ is the canonical verdict. See the directory README.
04_DIII_D_DESCRIPTIVE/D3D-SIR-62-ALIGNED-V1/coefficient_conditioning/tables/d3d_vif_per_discharge.csv,D:\sir-web\Paper Examples\Relational Coordinates for Multimodal Plasma Observations\Coefficient_conditioning\tables\d3d_vif_per_discharge.csv,20220,2cc0236dbc293c3308b05802c4160f270af1a1f6b3567a7712a9da7858416520,2026-08-05T19:16:38.468845+00:00,qdesc,Supplement S7.7; Figure S1,D3D-SIR-62-COEFFICIENT-CONDITIONING-V1,CANONICAL_WITH_SUPERSEDED_ORIGINAL,yes,Coefficient conditioning and identifiability. The ORIGINAL audit is retained here because the manuscript documents its correction; Correction_audit/ is the canonical verdict. See the directory README.
04_DIII_D_DESCRIPTIVE/D3D-SIR-62-ALIGNED-V1/coefficient_conditioning/tables/input_validation.csv,D:\sir-web\Paper Examples\Relational Coordinates for Multimodal Plasma Observations\Coefficient_conditioning\tables\input_validation.csv,4760,4908c1d2a1eee4e7a1b6d33d9bf536be2b4a090251882531b4a781d7b22665ae,2026-08-05T19:16:38.316380+00:00,qdesc,Supplement S7.7; Figure S1,D3D-SIR-62-COEFFICIENT-CONDITIONING-V1,CANONICAL_WITH_SUPERSEDED_ORIGINAL,yes,Coefficient conditioning and identifiability. The ORIGINAL audit is retained here because the manuscript documents its correction; Correction_audit/ is the canonical verdict. See the directory README.
04_DIII_D_DESCRIPTIVE/D3D-SIR-62-ALIGNED-V1/coefficient_conditioning/write_conditioning_report.py,D:\sir-web\Paper Examples\Relational Coordinates for Multimodal Plasma Observations\Coefficient_conditioning\write_conditioning_report.py,18951,34de3d7f0f25e888587a6fa7192d7b340d9880b41784c31ab01c0e9c2ba52552,2026-08-14T16:10:08.155711+00:00,qdesc,Supplement S7.7; Figure S1,D3D-SIR-62-COEFFICIENT-CONDITIONING-V1,CANONICAL_WITH_SUPERSEDED_ORIGINAL,yes,Coefficient conditioning and identifiability. The ORIGINAL audit is retained here because the manuscript documents its correction; Correction_audit/ is the canonical verdict. See the directory README.
04_DIII_D_DESCRIPTIVE/D3D-SIR-62-ALIGNED-V1/implicit_elimination_audit/AUDIT_FILE_INDEX.md,D:\sir-web\Paper Examples\Relational Coordinates for Multimodal Plasma Observations\Implicit_elimination_and_denominator_conditioning\AUDIT_FILE_INDEX.md,10514,5a287db7175e19ea93a5a2ee857074e99f67e69dc3c3a51c9f9fadb14820f391,2026-08-05T21:01:43.769770+00:00,qdesc,Supplement S7.6,D3D-SIR-62-IMPLICIT-CLOSURE-CONDITIONING-V1,CANONICAL,yes,"Implicit elimination and denominator conditioning: eliminated A summary, elimination identity validation, shift recovery, explicit-closure conditioning, target Jacobian validation, time-unit audit."
04_DIII_D_DESCRIPTIVE/D3D-SIR-62-ALIGNED-V1/implicit_elimination_audit/D3D_EXACT_COORDINATE_IMPLICIT_ELIMINATION_AND_DENOMINATOR_CONDITIONING_AUDIT.md,D:\sir-web\Paper Examples\Relational Coordinates for Multimodal Plasma Observations\Implicit_elimination_and_denominator_conditioning\D3D_EXACT_COORDINATE_IMPLICIT_ELIMINATION_AND_DENOMINATOR_CONDITIONING_AUDIT.md,6502,03abc53b54d17693cafc3552ad32da2fa65e7905a3d0d3c02f11b3b6b450139a,2026-08-05T21:01:43.665761+00:00,qdesc,Supplement S7.6,D3D-SIR-62-IMPLICIT-CLOSURE-CONDITIONING-V1,CANONICAL,yes,"Implicit elimination and denominator conditioning: eliminated A summary, elimination identity validation, shift recovery, explicit-closure conditioning, target Jacobian validation, time-unit audit."
04_DIII_D_DESCRIPTIVE/D3D-SIR-62-ALIGNED-V1/implicit_elimination_audit/EXACT_COORDINATE_LINEAGE.md,D:\sir-web\Paper Examples\Relational Coordinates for Multimodal Plasma Observations\Implicit_elimination_and_denominator_conditioning\EXACT_COORDINATE_LINEAGE.md,1704,ea7c9a2c0d6163b1d933f174bb2be5699cf8174e69d8ef364bba1e9e3921f50d,2026-08-05T20:58:27.695182+00:00,qdesc,Supplement S7.6,D3D-SIR-62-IMPLICIT-CLOSURE-CONDITIONING-V1,CANONICAL,yes,"Implicit elimination and denominator conditioning: eliminated A summary, elimination identity validation, shift recovery, explicit-closure conditioning, target Jacobian validation, time-unit audit."
04_DIII_D_DESCRIPTIVE/D3D-SIR-62-ALIGNED-V1/implicit_elimination_audit/README.md,D:\sir-web\Paper Examples\Relational Coordinates for Multimodal Plasma Observations\Implicit_elimination_and_denominator_conditioning\README.md,874,09f8c84c02424c1eff757100bd31b581931f4cc2ea01613e301b451476c90f6a,2026-08-05T21:01:43.666631+00:00,qdesc,Supplement S7.6,D3D-SIR-62-IMPLICIT-CLOSURE-CONDITIONING-V1,CANONICAL,yes,"Implicit elimination and denominator conditioning: eliminated A summary, elimination identity validation, shift recovery, explicit-closure conditioning, target Jacobian validation, time-unit audit."
04_DIII_D_DESCRIPTIVE/D3D-SIR-62-ALIGNED-V1/implicit_elimination_audit/SHIFT_VALUE_RECOVERY.md,D:\sir-web\Paper Examples\Relational Coordinates for Multimodal Plasma Observations\Implicit_elimination_and_denominator_conditioning\SHIFT_VALUE_RECOVERY.md,273,cf27a898e4219e3617e6f41629aeb3d711204aeb4e73cb8f3efdac1e7b41c3d4,2026-08-05T20:58:27.697724+00:00,qdesc,Supplement S7.6,D3D-SIR-62-IMPLICIT-CLOSURE-CONDITIONING-V1,CANONICAL,yes,"Implicit elimination and denominator conditioning: eliminated A summary, elimination identity validation, shift recovery, explicit-closure conditioning, target Jacobian validation, time-unit audit."
04_DIII_D_DESCRIPTIVE/D3D-SIR-62-ALIGNED-V1/implicit_elimination_audit/TIME_UNIT_AND_STANDARDIZATION_AUDIT.md,D:\sir-web\Paper Examples\Relational Coordinates for Multimodal Plasma Observations\Implicit_elimination_and_denominator_conditioning\TIME_UNIT_AND_STANDARDIZATION_AUDIT.md,507,9d29722a2285e68258bb6ed1df6d726e28b5d95fa3d51e49c3c0426223655b2f,2026-08-05T20:58:30.998020+00:00,qdesc,Supplement S7.6,D3D-SIR-62-IMPLICIT-CLOSURE-CONDITIONING-V1,CANONICAL,yes,"Implicit elimination and denominator conditioning: eliminated A summary, elimination identity validation, shift recovery, explicit-closure conditioning, target Jacobian validation, time-unit audit."
04_DIII_D_DESCRIPTIVE/D3D-SIR-62-ALIGNED-V1/implicit_elimination_audit/audit_config.json,D:\sir-web\Paper Examples\Relational Coordinates for Multimodal Plasma Observations\Implicit_elimination_and_denominator_conditioning\audit_config.json,3018,80f240c4f15c7e7e4ff625384d722182e3f5c20e560f5276ce98beb62406d078,2026-08-14T16:10:08.204718+00:00,qdesc,Supplement S7.6,D3D-SIR-62-IMPLICIT-CLOSURE-CONDITIONING-V1,CANONICAL,yes,"Implicit elimination and denominator conditioning: eliminated A summary, elimination identity validation, shift recovery, explicit-closure conditioning, target Jacobian validation, time-unit audit."
04_DIII_D_DESCRIPTIVE/D3D-SIR-62-ALIGNED-V1/implicit_elimination_audit/audit_manifest.json,D:\sir-web\Paper Examples\Relational Coordinates for Multimodal Plasma Observations\Implicit_elimination_and_denominator_conditioning\audit_manifest.json,45331,aef076f40a1457082031b6e4c0e8c3ba0e4c42d9a0de031ca2db08db337f600f,2026-08-05T21:01:43.769268+00:00,qdesc,Supplement S7.6,D3D-SIR-62-IMPLICIT-CLOSURE-CONDITIONING-V1,CANONICAL,yes,"Implicit elimination and denominator conditioning: eliminated A summary, elimination identity validation, shift recovery, explicit-closure conditioning, target Jacobian validation, time-unit audit."
04_DIII_D_DESCRIPTIVE/D3D-SIR-62-ALIGNED-V1/implicit_elimination_audit/code_snapshots/finite_difference_derivative.py.txt,D:\sir-web\Paper Examples\Relational Coordinates for Multimodal Plasma Observations\Implicit_elimination_and_denominator_conditioning\code_snapshots\finite_difference_derivative.py.txt,674,1ab1cb0a3c3a071a636d9e763283a860e530bd541486104f26f86061f70bb12f,2026-08-05T20:58:27.667205+00:00,qdesc,Supplement S7.6,D3D-SIR-62-IMPLICIT-CLOSURE-CONDITIONING-V1,CANONICAL,yes,"Implicit elimination and denominator conditioning: eliminated A summary, elimination identity validation, shift recovery, explicit-closure conditioning, target Jacobian validation, time-unit audit."
04_DIII_D_DESCRIPTIVE/D3D-SIR-62-ALIGNED-V1/implicit_elimination_audit/code_snapshots/get_shiftval_Derivative.py.txt,D:\sir-web\Paper Examples\Relational Coordinates for Multimodal Plasma Observations\Implicit_elimination_and_denominator_conditioning\code_snapshots\get_shiftval_Derivative.py.txt,661,fa84b44e22ab9595c793aba093f37002eb099081264ace740073364676ff90a3,2026-08-05T20:58:27.505799+00:00,qdesc,Supplement S7.6,D3D-SIR-62-IMPLICIT-CLOSURE-CONDITIONING-V1,CANONICAL,yes,"Implicit elimination and denominator conditioning: eliminated A summary, elimination identity validation, shift recovery, explicit-closure conditioning, target Jacobian validation, time-unit audit."
04_DIII_D_DESCRIPTIVE/D3D-SIR-62-ALIGNED-V1/implicit_elimination_audit/code_snapshots/make_Quotients.py.txt,D:\sir-web\Paper Examples\Relational Coordinates for Multimodal Plasma Observations\Implicit_elimination_and_denominator_conditioning\code_snapshots\make_Quotients.py.txt,1122,98e1ed72840cddac732081f0ef1cafa70335f40b2b4a1be3e7b7f442481de277,2026-08-05T20:58:27.613930+00:00,qdesc,Supplement S7.6,D3D-SIR-62-IMPLICIT-CLOSURE-CONDITIONING-V1,CANONICAL,yes,"Implicit elimination and denominator conditioning: eliminated A summary, elimination identity validation, shift recovery, explicit-closure conditioning, target Jacobian validation, time-unit audit."
04_DIII_D_DESCRIPTIVE/D3D-SIR-62-ALIGNED-V1/implicit_elimination_audit/code_snapshots/yPhaseder_and_quotients.py.txt,D:\sir-web\Paper Examples\Relational Coordinates for Multimodal Plasma Observations\Implicit_elimination_and_denominator_conditioning\code_snapshots\yPhaseder_and_quotients.py.txt,2113,1b2734b80f42768472300f107dda5fd4fa701a2a22c304400132cf25cec9fb96,2026-08-05T20:58:27.561759+00:00,qdesc,Supplement S7.6,D3D-SIR-62-IMPLICIT-CLOSURE-CONDITIONING-V1,CANONICAL,yes,"Implicit elimination and denominator conditioning: eliminated A summary, elimination identity validation, shift recovery, explicit-closure conditioning, target Jacobian validation, time-unit audit."
04_DIII_D_DESCRIPTIVE/D3D-SIR-62-ALIGNED-V1/implicit_elimination_audit/exact_coordinate_lineage.py,D:\sir-web\Paper Examples\Relational Coordinates for Multimodal Plasma Observations\Implicit_elimination_and_denominator_conditioning\exact_coordinate_lineage.py,8670,71b691a5a3a679d1509ff26bfb8fe764413df6adfbf09704c8194ab527994c3c,2026-08-14T16:10:08.168308+00:00,qdesc,Supplement S7.6,D3D-SIR-62-IMPLICIT-CLOSURE-CONDITIONING-V1,CANONICAL,yes,"Implicit elimination and denominator conditioning: eliminated A summary, elimination identity validation, shift recovery, explicit-closure conditioning, target Jacobian validation, time-unit audit."
04_DIII_D_DESCRIPTIVE/D3D-SIR-62-ALIGNED-V1/implicit_elimination_audit/figures/denominator_crossing_map.pdf,D:\sir-web\Paper Examples\Relational Coordinates for Multimodal Plasma Observations\Implicit_elimination_and_denominator_conditioning\figures\denominator_crossing_map.pdf,21415,ca5a4411d4c16ef5e188aa5076e859854d9d48448c2351a5ae92502d1f3987b4,2026-08-05T21:00:40.621900+00:00,qdesc,Supplement S7.6,D3D-SIR-62-IMPLICIT-CLOSURE-CONDITIONING-V1,CANONICAL,yes,"Implicit elimination and denominator conditioning: eliminated A summary, elimination identity validation, shift recovery, explicit-closure conditioning, target Jacobian validation, time-unit audit."
04_DIII_D_DESCRIPTIVE/D3D-SIR-62-ALIGNED-V1/implicit_elimination_audit/figures/denominator_crossing_map.png,D:\sir-web\Paper Examples\Relational Coordinates for Multimodal Plasma Observations\Implicit_elimination_and_denominator_conditioning\figures\denominator_crossing_map.png,152116,edc177f7fa009ccd534e679ac6a917f01f32b33feed0f37b110cd917ee811037,2026-08-05T21:00:40.773965+00:00,qdesc,Supplement S7.6,D3D-SIR-62-IMPLICIT-CLOSURE-CONDITIONING-V1,CANONICAL,yes,"Implicit elimination and denominator conditioning: eliminated A summary, elimination identity validation, shift recovery, explicit-closure conditioning, target Jacobian validation, time-unit audit."
04_DIII_D_DESCRIPTIVE/D3D-SIR-62-ALIGNED-V1/implicit_elimination_audit/figures/denominator_crossing_map.svg,D:\sir-web\Paper Examples\Relational Coordinates for Multimodal Plasma Observations\Implicit_elimination_and_denominator_conditioning\figures\denominator_crossing_map.svg,829927,af94bf40bf9ef831e6137e8e08bfaaabb54306bc226e92caa10709c6d9607dd0,2026-08-05T21:00:40.707063+00:00,qdesc,Supplement S7.6,D3D-SIR-62-IMPLICIT-CLOSURE-CONDITIONING-V1,CANONICAL,yes,"Implicit elimination and denominator conditioning: eliminated A summary, elimination identity validation, shift recovery, explicit-closure conditioning, target Jacobian validation, time-unit audit."
04_DIII_D_DESCRIPTIVE/D3D-SIR-62-ALIGNED-V1/implicit_elimination_audit/figures/eliminated_A_by_discharge.pdf,D:\sir-web\Paper Examples\Relational Coordinates for Multimodal Plasma Observations\Implicit_elimination_and_denominator_conditioning\figures\eliminated_A_by_discharge.pdf,18996,1a0df37c73841dde1bd4f07b015a320e47d157bdacff6be28dc33d0633e4bfcf,2026-08-05T21:00:37.491184+00:00,qdesc,Supplement S7.6,D3D-SIR-62-IMPLICIT-CLOSURE-CONDITIONING-V1,CANONICAL,yes,"Implicit elimination and denominator conditioning: eliminated A summary, elimination identity validation, shift recovery, explicit-closure conditioning, target Jacobian validation, time-unit audit."
04_DIII_D_DESCRIPTIVE/D3D-SIR-62-ALIGNED-V1/implicit_elimination_audit/figures/eliminated_A_by_discharge.png,D:\sir-web\Paper Examples\Relational Coordinates for Multimodal Plasma Observations\Implicit_elimination_and_denominator_conditioning\figures\eliminated_A_by_discharge.png,128781,2eff703953ee89cc315e1f4123abb80448618173dc881969b2144437161edf04,2026-08-05T21:00:37.743709+00:00,qdesc,Supplement S7.6,D3D-SIR-62-IMPLICIT-CLOSURE-CONDITIONING-V1,CANONICAL,yes,"Implicit elimination and denominator conditioning: eliminated A summary, elimination identity validation, shift recovery, explicit-closure conditioning, target Jacobian validation, time-unit audit."
04_DIII_D_DESCRIPTIVE/D3D-SIR-62-ALIGNED-V1/implicit_elimination_audit/figures/eliminated_A_by_discharge.svg,D:\sir-web\Paper Examples\Relational Coordinates for Multimodal Plasma Observations\Implicit_elimination_and_denominator_conditioning\figures\eliminated_A_by_discharge.svg,69540,2634222e3af8b4ae5ff1630f8a1c008a2eab7b9b49628925b96489d4b360acb2,2026-08-05T21:00:37.606881+00:00,qdesc,Supplement S7.6,D3D-SIR-62-IMPLICIT-CLOSURE-CONDITIONING-V1,CANONICAL,yes,"Implicit elimination and denominator conditioning: eliminated A summary, elimination identity validation, shift recovery, explicit-closure conditioning, target Jacobian validation, time-unit audit."
04_DIII_D_DESCRIPTIVE/D3D-SIR-62-ALIGNED-V1/implicit_elimination_audit/figures/eliminated_A_distribution.pdf,D:\sir-web\Paper Examples\Relational Coordinates for Multimodal Plasma Observations\Implicit_elimination_and_denominator_conditioning\figures\eliminated_A_distribution.pdf,26200,db6bab4fe3b7ed7147167afc9c901a1114353c6ab0085c5ccdb2c6c09e7d5701,2026-08-05T21:00:36.761632+00:00,qdesc,Supplement S7.6,D3D-SIR-62-IMPLICIT-CLOSURE-CONDITIONING-V1,CANONICAL,yes,"Implicit elimination and denominator conditioning: eliminated A summary, elimination identity validation, shift recovery, explicit-closure conditioning, target Jacobian validation, time-unit audit."
04_DIII_D_DESCRIPTIVE/D3D-SIR-62-ALIGNED-V1/implicit_elimination_audit/figures/eliminated_A_distribution.png,D:\sir-web\Paper Examples\Relational Coordinates for Multimodal Plasma Observations\Implicit_elimination_and_denominator_conditioning\figures\eliminated_A_distribution.png,62160,939ac6c4cb126db570ed99e8a5a93d52cd4e9afe73165237c35c0d8d81a76d5c,2026-08-05T21:00:37.160566+00:00,qdesc,Supplement S7.6,D3D-SIR-62-IMPLICIT-CLOSURE-CONDITIONING-V1,CANONICAL,yes,"Implicit elimination and denominator conditioning: eliminated A summary, elimination identity validation, shift recovery, explicit-closure conditioning, target Jacobian validation, time-unit audit."
04_DIII_D_DESCRIPTIVE/D3D-SIR-62-ALIGNED-V1/implicit_elimination_audit/figures/eliminated_A_distribution.svg,D:\sir-web\Paper Examples\Relational Coordinates for Multimodal Plasma Observations\Implicit_elimination_and_denominator_conditioning\figures\eliminated_A_distribution.svg,147629,269aa4ad233a8ce3956a243707d5e316ede22fb232611ce52fab374c082118fc,2026-08-05T21:00:36.941168+00:00,qdesc,Supplement S7.6,D3D-SIR-62-IMPLICIT-CLOSURE-CONDITIONING-V1,CANONICAL,yes,"Implicit elimination and denominator conditioning: eliminated A summary, elimination identity validation, shift recovery, explicit-closure conditioning, target Jacobian validation, time-unit audit."
04_DIII_D_DESCRIPTIVE/D3D-SIR-62-ALIGNED-V1/implicit_elimination_audit/figures/exact_coordinate_reproduction.pdf,D:\sir-web\Paper Examples\Relational Coordinates for Multimodal Plasma Observations\Implicit_elimination_and_denominator_conditioning\figures\exact_coordinate_reproduction.pdf,18624,943ece24504719aa7193beb9b51fb3c005aaae6e4b1ad93f4f5319fb6ba3a77a,2026-08-05T21:00:35.717196+00:00,qdesc,Supplement S7.6,D3D-SIR-62-IMPLICIT-CLOSURE-CONDITIONING-V1,CANONICAL,yes,"Implicit elimination and denominator conditioning: eliminated A summary, elimination identity validation, shift recovery, explicit-closure conditioning, target Jacobian validation, time-unit audit."
04_DIII_D_DESCRIPTIVE/D3D-SIR-62-ALIGNED-V1/implicit_elimination_audit/figures/exact_coordinate_reproduction.png,D:\sir-web\Paper Examples\Relational Coordinates for Multimodal Plasma Observations\Implicit_elimination_and_denominator_conditioning\figures\exact_coordinate_reproduction.png,48209,1ea2e1c643f67e5cd10ff458cbefcc654aaa47daf160735d6727b5d2cfc44bac,2026-08-05T21:00:35.949550+00:00,qdesc,Supplement S7.6,D3D-SIR-62-IMPLICIT-CLOSURE-CONDITIONING-V1,CANONICAL,yes,"Implicit elimination and denominator conditioning: eliminated A summary, elimination identity validation, shift recovery, explicit-closure conditioning, target Jacobian validation, time-unit audit."
04_DIII_D_DESCRIPTIVE/D3D-SIR-62-ALIGNED-V1/implicit_elimination_audit/figures/exact_coordinate_reproduction.svg,D:\sir-web\Paper Examples\Relational Coordinates for Multimodal Plasma Observations\Implicit_elimination_and_denominator_conditioning\figures\exact_coordinate_reproduction.svg,90485,24f2c6340ed89fe8b9ac7fc0f3acf1d1f82633b4afe86cbc509af96a10a839ea,2026-08-05T21:00:35.806992+00:00,qdesc,Supplement S7.6,D3D-SIR-62-IMPLICIT-CLOSURE-CONDITIONING-V1,CANONICAL,yes,"Implicit elimination and denominator conditioning: eliminated A summary, elimination identity validation, shift recovery, explicit-closure conditioning, target Jacobian validation, time-unit audit."
04_DIII_D_DESCRIPTIVE/D3D-SIR-62-ALIGNED-V1/implicit_elimination_audit/figures/explicit_coverage_error_curve.pdf,D:\sir-web\Paper Examples\Relational Coordinates for Multimodal Plasma Observations\Implicit_elimination_and_denominator_conditioning\figures\explicit_coverage_error_curve.pdf,14767,17e954c3952d5350c97e74157869b0bf5b5db94e76d3b9b84686189c534cc02d,2026-08-05T21:00:39.873202+00:00,qdesc,Supplement S7.6,D3D-SIR-62-IMPLICIT-CLOSURE-CONDITIONING-V1,CANONICAL,yes,"Implicit elimination and denominator conditioning: eliminated A summary, elimination identity validation, shift recovery, explicit-closure conditioning, target Jacobian validation, time-unit audit."
04_DIII_D_DESCRIPTIVE/D3D-SIR-62-ALIGNED-V1/implicit_elimination_audit/figures/explicit_coverage_error_curve.png,D:\sir-web\Paper Examples\Relational Coordinates for Multimodal Plasma Observations\Implicit_elimination_and_denominator_conditioning\figures\explicit_coverage_error_curve.png,43621,3835a082645a06343b9b0b7b67424d91c396228d8d0fb9836797bf207914790f,2026-08-05T21:00:40.006417+00:00,qdesc,Supplement S7.6,D3D-SIR-62-IMPLICIT-CLOSURE-CONDITIONING-V1,CANONICAL,yes,"Implicit elimination and denominator conditioning: eliminated A summary, elimination identity validation, shift recovery, explicit-closure conditioning, target Jacobian validation, time-unit audit."
04_DIII_D_DESCRIPTIVE/D3D-SIR-62-ALIGNED-V1/implicit_elimination_audit/figures/explicit_coverage_error_curve.svg,D:\sir-web\Paper Examples\Relational Coordinates for Multimodal Plasma Observations\Implicit_elimination_and_denominator_conditioning\figures\explicit_coverage_error_curve.svg,31177,43c0d693cd20c591ffa0899b9e2ae352abc292493769256e56cecbc2a36fa45e,2026-08-05T21:00:39.932126+00:00,qdesc,Supplement S7.6,D3D-SIR-62-IMPLICIT-CLOSURE-CONDITIONING-V1,CANONICAL,yes,"Implicit elimination and denominator conditioning: eliminated A summary, elimination identity validation, shift recovery, explicit-closure conditioning, target Jacobian validation, time-unit audit."
04_DIII_D_DESCRIPTIVE/D3D-SIR-62-ALIGNED-V1/implicit_elimination_audit/figures/explicit_error_amplification.pdf,D:\sir-web\Paper Examples\Relational Coordinates for Multimodal Plasma Observations\Implicit_elimination_and_denominator_conditioning\figures\explicit_error_amplification.pdf,840571,cfae6f748060a019d8d6304d4bb978764d71176603ca599ddc37dece58485a56,2026-08-05T21:00:38.574472+00:00,qdesc,Supplement S7.6,D3D-SIR-62-IMPLICIT-CLOSURE-CONDITIONING-V1,CANONICAL,yes,"Implicit elimination and denominator conditioning: eliminated A summary, elimination identity validation, shift recovery, explicit-closure conditioning, target Jacobian validation, time-unit audit."
04_DIII_D_DESCRIPTIVE/D3D-SIR-62-ALIGNED-V1/implicit_elimination_audit/figures/explicit_error_amplification.png,D:\sir-web\Paper Examples\Relational Coordinates for Multimodal Plasma Observations\Implicit_elimination_and_denominator_conditioning\figures\explicit_error_amplification.png,204410,530a86c0551007fab65415a3009d4332eabd3056992be7f9d1629e9b686d3ac9,2026-08-05T21:00:39.518696+00:00,qdesc,Supplement S7.6,D3D-SIR-62-IMPLICIT-CLOSURE-CONDITIONING-V1,CANONICAL,yes,"Implicit elimination and denominator conditioning: eliminated A summary, elimination identity validation, shift recovery, explicit-closure conditioning, target Jacobian validation, time-unit audit."
04_DIII_D_DESCRIPTIVE/D3D-SIR-62-ALIGNED-V1/implicit_elimination_audit/figures/explicit_error_amplification.svg,D:\sir-web\Paper Examples\Relational Coordinates for Multimodal Plasma Observations\Implicit_elimination_and_denominator_conditioning\figures\explicit_error_amplification.svg,9322645,d6a25a9f3b38c78e005326e210d7541f1e9988cc3a53e1ece5ccd2cdd000d3c7,2026-08-05T21:00:39.301960+00:00,qdesc,Supplement S7.6,D3D-SIR-62-IMPLICIT-CLOSURE-CONDITIONING-V1,CANONICAL,yes,"Implicit elimination and denominator conditioning: eliminated A summary, elimination identity validation, shift recovery, explicit-closure conditioning, target Jacobian validation, time-unit audit."
04_DIII_D_DESCRIPTIVE/D3D-SIR-62-ALIGNED-V1/implicit_elimination_audit/figures/figure_manifest.csv,D:\sir-web\Paper Examples\Relational Coordinates for Multimodal Plasma Observations\Implicit_elimination_and_denominator_conditioning\figures\figure_manifest.csv,5164,04f947a1a60b89784dba3b1e2ae0088b3ff2eca9d5f206c4f0e449ad557278d7,2026-08-05T21:00:42.627449+00:00,qdesc,Supplement S7.6,D3D-SIR-62-IMPLICIT-CLOSURE-CONDITIONING-V1,CANONICAL,yes,"Implicit elimination and denominator conditioning: eliminated A summary, elimination identity validation, shift recovery, explicit-closure conditioning, target Jacobian validation, time-unit audit."
04_DIII_D_DESCRIPTIVE/D3D-SIR-62-ALIGNED-V1/implicit_elimination_audit/figures/local_degeneracy_classification.pdf,D:\sir-web\Paper Examples\Relational Coordinates for Multimodal Plasma Observations\Implicit_elimination_and_denominator_conditioning\figures\local_degeneracy_classification.pdf,23267,b220552d732bbfe7c6b2d5671960500d65684f0fea1f7b72d35c53612b7220b6,2026-08-05T21:00:41.994008+00:00,qdesc,Supplement S7.6,D3D-SIR-62-IMPLICIT-CLOSURE-CONDITIONING-V1,CANONICAL,yes,"Implicit elimination and denominator conditioning: eliminated A summary, elimination identity validation, shift recovery, explicit-closure conditioning, target Jacobian validation, time-unit audit."
04_DIII_D_DESCRIPTIVE/D3D-SIR-62-ALIGNED-V1/implicit_elimination_audit/figures/local_degeneracy_classification.png,D:\sir-web\Paper Examples\Relational Coordinates for Multimodal Plasma Observations\Implicit_elimination_and_denominator_conditioning\figures\local_degeneracy_classification.png,73813,0d70a04cd6fdd81c6137bc7f64388e92b4c548c0939184c3ba667914410003b0,2026-08-05T21:00:42.112319+00:00,qdesc,Supplement S7.6,D3D-SIR-62-IMPLICIT-CLOSURE-CONDITIONING-V1,CANONICAL,yes,"Implicit elimination and denominator conditioning: eliminated A summary, elimination identity validation, shift recovery, explicit-closure conditioning, target Jacobian validation, time-unit audit."
04_DIII_D_DESCRIPTIVE/D3D-SIR-62-ALIGNED-V1/implicit_elimination_audit/figures/local_degeneracy_classification.svg,D:\sir-web\Paper Examples\Relational Coordinates for Multimodal Plasma Observations\Implicit_elimination_and_denominator_conditioning\figures\local_degeneracy_classification.svg,76144,dd06f414dd2642b23259a89c39ea3dd15da59e5826ff89ac0c389c8422ec58b0,2026-08-05T21:00:42.044531+00:00,qdesc,Supplement S7.6,D3D-SIR-62-IMPLICIT-CLOSURE-CONDITIONING-V1,CANONICAL,yes,"Implicit elimination and denominator conditioning: eliminated A summary, elimination identity validation, shift recovery, explicit-closure conditioning, target Jacobian validation, time-unit audit."
04_DIII_D_DESCRIPTIVE/D3D-SIR-62-ALIGNED-V1/implicit_elimination_audit/figures/primitive_denominator_distributions.pdf,D:\sir-web\Paper Examples\Relational Coordinates for Multimodal Plasma Observations\Implicit_elimination_and_denominator_conditioning\figures\primitive_denominator_distributions.pdf,15339,1a254a9ec855bafbd8863a373a0a91e40af9072e3f531b0fb3dcf502809b5c00,2026-08-05T21:00:36.247792+00:00,qdesc,Supplement S7.6,D3D-SIR-62-IMPLICIT-CLOSURE-CONDITIONING-V1,CANONICAL,yes,"Implicit elimination and denominator conditioning: eliminated A summary, elimination identity validation, shift recovery, explicit-closure conditioning, target Jacobian validation, time-unit audit."
04_DIII_D_DESCRIPTIVE/D3D-SIR-62-ALIGNED-V1/implicit_elimination_audit/figures/primitive_denominator_distributions.png,D:\sir-web\Paper Examples\Relational Coordinates for Multimodal Plasma Observations\Implicit_elimination_and_denominator_conditioning\figures\primitive_denominator_distributions.png,52045,7234d755188b724f441812ef5a3aeab41848fee496b0687b444664c48041d351,2026-08-05T21:00:36.347909+00:00,qdesc,Supplement S7.6,D3D-SIR-62-IMPLICIT-CLOSURE-CONDITIONING-V1,CANONICAL,yes,"Implicit elimination and denominator conditioning: eliminated A summary, elimination identity validation, shift recovery, explicit-closure conditioning, target Jacobian validation, time-unit audit."
04_DIII_D_DESCRIPTIVE/D3D-SIR-62-ALIGNED-V1/implicit_elimination_audit/figures/primitive_denominator_distributions.svg,D:\sir-web\Paper Examples\Relational Coordinates for Multimodal Plasma Observations\Implicit_elimination_and_denominator_conditioning\figures\primitive_denominator_distributions.svg,38929,4eab40fc4c7b7bb5cb3e1a2338c1a9a5362c3ca50cc9a541b059b8ae7a1ba3ef,2026-08-05T21:00:36.289655+00:00,qdesc,Supplement S7.6,D3D-SIR-62-IMPLICIT-CLOSURE-CONDITIONING-V1,CANONICAL,yes,"Implicit elimination and denominator conditioning: eliminated A summary, elimination identity validation, shift recovery, explicit-closure conditioning, target Jacobian validation, time-unit audit."
04_DIII_D_DESCRIPTIVE/D3D-SIR-62-ALIGNED-V1/implicit_elimination_audit/figures/shift_sensitivity_frozen_model.pdf,D:\sir-web\Paper Examples\Relational Coordinates for Multimodal Plasma Observations\Implicit_elimination_and_denominator_conditioning\figures\shift_sensitivity_frozen_model.pdf,16515,02f955fb03d6771e94ff8f92b8b5a7a7091b18136ca9f36da8048ea5489320e7,2026-08-05T21:00:41.141595+00:00,qdesc,Supplement S7.6,D3D-SIR-62-IMPLICIT-CLOSURE-CONDITIONING-V1,CANONICAL,yes,"Implicit elimination and denominator conditioning: eliminated A summary, elimination identity validation, shift recovery, explicit-closure conditioning, target Jacobian validation, time-unit audit."
04_DIII_D_DESCRIPTIVE/D3D-SIR-62-ALIGNED-V1/implicit_elimination_audit/figures/shift_sensitivity_frozen_model.png,D:\sir-web\Paper Examples\Relational Coordinates for Multimodal Plasma Observations\Implicit_elimination_and_denominator_conditioning\figures\shift_sensitivity_frozen_model.png,76198,e4562a43ed2f37ce618c5dd0c2b146ea2d9e7781fd1f2abf3db3b839194686d8,2026-08-05T21:00:41.368769+00:00,qdesc,Supplement S7.6,D3D-SIR-62-IMPLICIT-CLOSURE-CONDITIONING-V1,CANONICAL,yes,"Implicit elimination and denominator conditioning: eliminated A summary, elimination identity validation, shift recovery, explicit-closure conditioning, target Jacobian validation, time-unit audit."
04_DIII_D_DESCRIPTIVE/D3D-SIR-62-ALIGNED-V1/implicit_elimination_audit/figures/shift_sensitivity_frozen_model.svg,D:\sir-web\Paper Examples\Relational Coordinates for Multimodal Plasma Observations\Implicit_elimination_and_denominator_conditioning\figures\shift_sensitivity_frozen_model.svg,43899,d5f82216c7c846ef79594f4c9cad72147c7a3a6447760f71bba80b07e1b3b9dc,2026-08-05T21:00:41.249166+00:00,qdesc,Supplement S7.6,D3D-SIR-62-IMPLICIT-CLOSURE-CONDITIONING-V1,CANONICAL,yes,"Implicit elimination and denominator conditioning: eliminated A summary, elimination identity validation, shift recovery, explicit-closure conditioning, target Jacobian validation, time-unit audit."
04_DIII_D_DESCRIPTIVE/D3D-SIR-62-ALIGNED-V1/implicit_elimination_audit/figures/shift_sensitivity_refit.pdf,D:\sir-web\Paper Examples\Relational Coordinates for Multimodal Plasma Observations\Implicit_elimination_and_denominator_conditioning\figures\shift_sensitivity_refit.pdf,14418,b3ebfa10454b99525f7c2b8249529a498f09d397ab2be481250fb083b655308b,2026-08-05T21:00:41.602567+00:00,qdesc,Supplement S7.6,D3D-SIR-62-IMPLICIT-CLOSURE-CONDITIONING-V1,CANONICAL,yes,"Implicit elimination and denominator conditioning: eliminated A summary, elimination identity validation, shift recovery, explicit-closure conditioning, target Jacobian validation, time-unit audit."
04_DIII_D_DESCRIPTIVE/D3D-SIR-62-ALIGNED-V1/implicit_elimination_audit/figures/shift_sensitivity_refit.png,D:\sir-web\Paper Examples\Relational Coordinates for Multimodal Plasma Observations\Implicit_elimination_and_denominator_conditioning\figures\shift_sensitivity_refit.png,59054,3f82e03dc37775cf5787da00cfb3bf7f4596fbe3a8232ebb989a374ca30845b7,2026-08-05T21:00:41.722789+00:00,qdesc,Supplement S7.6,D3D-SIR-62-IMPLICIT-CLOSURE-CONDITIONING-V1,CANONICAL,yes,"Implicit elimination and denominator conditioning: eliminated A summary, elimination identity validation, shift recovery, explicit-closure conditioning, target Jacobian validation, time-unit audit."
04_DIII_D_DESCRIPTIVE/D3D-SIR-62-ALIGNED-V1/implicit_elimination_audit/figures/shift_sensitivity_refit.svg,D:\sir-web\Paper Examples\Relational Coordinates for Multimodal Plasma Observations\Implicit_elimination_and_denominator_conditioning\figures\shift_sensitivity_refit.svg,31376,9e7b7b1c0caf0495ce03821a692c0fce5251aab5a71e0c6b87ab9404ee957511,2026-08-05T21:00:41.649213+00:00,qdesc,Supplement S7.6,D3D-SIR-62-IMPLICIT-CLOSURE-CONDITIONING-V1,CANONICAL,yes,"Implicit elimination and denominator conditioning: eliminated A summary, elimination identity validation, shift recovery, explicit-closure conditioning, target Jacobian validation, time-unit audit."
04_DIII_D_DESCRIPTIVE/D3D-SIR-62-ALIGNED-V1/implicit_elimination_audit/figures/target_feedback_decomposition.pdf,D:\sir-web\Paper Examples\Relational Coordinates for Multimodal Plasma Observations\Implicit_elimination_and_denominator_conditioning\figures\target_feedback_decomposition.pdf,15713,561bd571a64d0b5cf704dc95cc37143aa69b6cfe55589dbcbb8374f5a5ad9b12,2026-08-05T21:00:40.244546+00:00,qdesc,Supplement S7.6,D3D-SIR-62-IMPLICIT-CLOSURE-CONDITIONING-V1,CANONICAL,yes,"Implicit elimination and denominator conditioning: eliminated A summary, elimination identity validation, shift recovery, explicit-closure conditioning, target Jacobian validation, time-unit audit."
04_DIII_D_DESCRIPTIVE/D3D-SIR-62-ALIGNED-V1/implicit_elimination_audit/figures/target_feedback_decomposition.png,D:\sir-web\Paper Examples\Relational Coordinates for Multimodal Plasma Observations\Implicit_elimination_and_denominator_conditioning\figures\target_feedback_decomposition.png,51881,ab949c9ab73ec79a5fd85b8ef09cd47131ab19247f824e6488a58a327a9afeb8,2026-08-05T21:00:40.335046+00:00,qdesc,Supplement S7.6,D3D-SIR-62-IMPLICIT-CLOSURE-CONDITIONING-V1,CANONICAL,yes,"Implicit elimination and denominator conditioning: eliminated A summary, elimination identity validation, shift recovery, explicit-closure conditioning, target Jacobian validation, time-unit audit."
04_DIII_D_DESCRIPTIVE/D3D-SIR-62-ALIGNED-V1/implicit_elimination_audit/figures/target_feedback_decomposition.svg,D:\sir-web\Paper Examples\Relational Coordinates for Multimodal Plasma Observations\Implicit_elimination_and_denominator_conditioning\figures\target_feedback_decomposition.svg,36649,ac2feb591857addddf007f94220b8635c499ed8a8f99fab491831c5f9fccbbd2,2026-08-05T21:00:40.276359+00:00,qdesc,Supplement S7.6,D3D-SIR-62-IMPLICIT-CLOSURE-CONDITIONING-V1,CANONICAL,yes,"Implicit elimination and denominator conditioning: eliminated A summary, elimination identity validation, shift recovery, explicit-closure conditioning, target Jacobian validation, time-unit audit."
04_DIII_D_DESCRIPTIVE/D3D-SIR-62-ALIGNED-V1/implicit_elimination_audit/figures/time_unit_consistency.pdf,D:\sir-web\Paper Examples\Relational Coordinates for Multimodal Plasma Observations\Implicit_elimination_and_denominator_conditioning\figures\time_unit_consistency.pdf,13116,f104338519a31fe2601dde0a414ffeb9188aeaf9f1226ac3748611bb572c8335,2026-08-05T21:00:42.441415+00:00,qdesc,Supplement S7.6,D3D-SIR-62-IMPLICIT-CLOSURE-CONDITIONING-V1,CANONICAL,yes,"Implicit elimination and denominator conditioning: eliminated A summary, elimination identity validation, shift recovery, explicit-closure conditioning, target Jacobian validation, time-unit audit."
04_DIII_D_DESCRIPTIVE/D3D-SIR-62-ALIGNED-V1/implicit_elimination_audit/figures/time_unit_consistency.png,D:\sir-web\Paper Examples\Relational Coordinates for Multimodal Plasma Observations\Implicit_elimination_and_denominator_conditioning\figures\time_unit_consistency.png,32863,23bdfdc59a76e7fa10b343439d1d170cfd5f45cd8f4145f4731b46f47960636a,2026-08-05T21:00:42.597064+00:00,qdesc,Supplement S7.6,D3D-SIR-62-IMPLICIT-CLOSURE-CONDITIONING-V1,CANONICAL,yes,"Implicit elimination and denominator conditioning: eliminated A summary, elimination identity validation, shift recovery, explicit-closure conditioning, target Jacobian validation, time-unit audit."
04_DIII_D_DESCRIPTIVE/D3D-SIR-62-ALIGNED-V1/implicit_elimination_audit/figures/time_unit_consistency.svg,D:\sir-web\Paper Examples\Relational Coordinates for Multimodal Plasma Observations\Implicit_elimination_and_denominator_conditioning\figures\time_unit_consistency.svg,26903,5e1b74af5204854bed74448f9d94d3b148f22c819ff74cadc65cb8089aefb808,2026-08-05T21:00:42.511758+00:00,qdesc,Supplement S7.6,D3D-SIR-62-IMPLICIT-CLOSURE-CONDITIONING-V1,CANONICAL,yes,"Implicit elimination and denominator conditioning: eliminated A summary, elimination identity validation, shift recovery, explicit-closure conditioning, target Jacobian validation, time-unit audit."
04_DIII_D_DESCRIPTIVE/D3D-SIR-62-ALIGNED-V1/implicit_elimination_audit/generate_implicit_conditioning_figures.py,D:\sir-web\Paper Examples\Relational Coordinates for Multimodal Plasma Observations\Implicit_elimination_and_denominator_conditioning\generate_implicit_conditioning_figures.py,8008,ab3910a21a15508553331827b2570f54665bff248fa8818cbeafd8bf829fce55,2026-08-14T16:10:08.204718+00:00,qdesc,Supplement S7.6,D3D-SIR-62-IMPLICIT-CLOSURE-CONDITIONING-V1,CANONICAL,yes,"Implicit elimination and denominator conditioning: eliminated A summary, elimination identity validation, shift recovery, explicit-closure conditioning, target Jacobian validation, time-unit audit."
04_DIII_D_DESCRIPTIVE/D3D-SIR-62-ALIGNED-V1/implicit_elimination_audit/implicit_elimination_utils.py,D:\sir-web\Paper Examples\Relational Coordinates for Multimodal Plasma Observations\Implicit_elimination_and_denominator_conditioning\implicit_elimination_utils.py,7667,d831cc2f0e9d65db2a03018860c5553a88d4c3e8a00492a3c18b8c2f6ec9c5fe,2026-08-14T16:10:08.178774+00:00,qdesc,Supplement S7.6,D3D-SIR-62-IMPLICIT-CLOSURE-CONDITIONING-V1,CANONICAL,yes,"Implicit elimination and denominator conditioning: eliminated A summary, elimination identity validation, shift recovery, explicit-closure conditioning, target Jacobian validation, time-unit audit."
04_DIII_D_DESCRIPTIVE/D3D-SIR-62-ALIGNED-V1/implicit_elimination_audit/latex/S7_8_implicit_conditioning_figure_captions.tex,D:\sir-web\Paper Examples\Relational Coordinates for Multimodal Plasma Observations\Implicit_elimination_and_denominator_conditioning\latex\S7_8_implicit_conditioning_figure_captions.tex,539,8443b07f17059038b553672b9b3483b7443f0d8f67702a09bf31d261d3dedfe3,2026-08-05T21:01:43.666631+00:00,qdesc,Supplement S7.6,D3D-SIR-62-IMPLICIT-CLOSURE-CONDITIONING-V1,CANONICAL,yes,"Implicit elimination and denominator conditioning: eliminated A summary, elimination identity validation, shift recovery, explicit-closure conditioning, target Jacobian validation, time-unit audit."
04_DIII_D_DESCRIPTIVE/D3D-SIR-62-ALIGNED-V1/implicit_elimination_audit/latex/S7_8_implicit_conditioning_tables.tex,D:\sir-web\Paper Examples\Relational Coordinates for Multimodal Plasma Observations\Implicit_elimination_and_denominator_conditioning\latex\S7_8_implicit_conditioning_tables.tex,413,7185a79f180d2fa807895f7d740502602e2063784901034e0b97e10fce8f0219,2026-08-05T21:01:43.665761+00:00,qdesc,Supplement S7.6,D3D-SIR-62-IMPLICIT-CLOSURE-CONDITIONING-V1,CANONICAL,yes,"Implicit elimination and denominator conditioning: eliminated A summary, elimination identity validation, shift recovery, explicit-closure conditioning, target Jacobian validation, time-unit audit."
04_DIII_D_DESCRIPTIVE/D3D-SIR-62-ALIGNED-V1/implicit_elimination_audit/latex/S7_8_implicit_elimination_and_denominator_conditioning.tex,D:\sir-web\Paper Examples\Relational Coordinates for Multimodal Plasma Observations\Implicit_elimination_and_denominator_conditioning\latex\S7_8_implicit_elimination_and_denominator_conditioning.tex,2796,be3a338d028b9d2ef71494c636ad44a2775ecb00c868538eb243529e66f95922,2026-08-05T21:01:43.665761+00:00,qdesc,Supplement S7.6,D3D-SIR-62-IMPLICIT-CLOSURE-CONDITIONING-V1,CANONICAL,yes,"Implicit elimination and denominator conditioning: eliminated A summary, elimination identity validation, shift recovery, explicit-closure conditioning, target Jacobian validation, time-unit audit."
04_DIII_D_DESCRIPTIVE/D3D-SIR-62-ALIGNED-V1/implicit_elimination_audit/outputs/denominator_policy_sensitivity_summary.json,D:\sir-web\Paper Examples\Relational Coordinates for Multimodal Plasma Observations\Implicit_elimination_and_denominator_conditioning\outputs\denominator_policy_sensitivity_summary.json,1330,3619ce6ef13dd70686fc290a46c76f7a7ec28176717d3f097c736d250e4bb968,2026-08-05T20:58:30.996514+00:00,qdesc,Supplement S7.6,D3D-SIR-62-IMPLICIT-CLOSURE-CONDITIONING-V1,CANONICAL,yes,"Implicit elimination and denominator conditioning: eliminated A summary, elimination identity validation, shift recovery, explicit-closure conditioning, target Jacobian validation, time-unit audit."
04_DIII_D_DESCRIPTIVE/D3D-SIR-62-ALIGNED-V1/implicit_elimination_audit/outputs/eliminated_A_summary.json,D:\sir-web\Paper Examples\Relational Coordinates for Multimodal Plasma Observations\Implicit_elimination_and_denominator_conditioning\outputs\eliminated_A_summary.json,462,43e1326d4d1662d31b7d810885be7cc7a783b2f6059f96b9da58e22551427df2,2026-08-05T20:58:30.752292+00:00,qdesc,Supplement S7.6,D3D-SIR-62-IMPLICIT-CLOSURE-CONDITIONING-V1,CANONICAL,yes,"Implicit elimination and denominator conditioning: eliminated A summary, elimination identity validation, shift recovery, explicit-closure conditioning, target Jacobian validation, time-unit audit."
04_DIII_D_DESCRIPTIVE/D3D-SIR-62-ALIGNED-V1/implicit_elimination_audit/outputs/eliminated_relation_rows.parquet,D:\sir-web\Paper Examples\Relational Coordinates for Multimodal Plasma Observations\Implicit_elimination_and_denominator_conditioning\outputs\eliminated_relation_rows.parquet,10449199,0058f60923cc49e97debdecde8e1476589c069d9c41958cd47e1b75f277ababe,2026-08-05T20:58:29.975550+00:00,qdesc,Supplement S7.6,D3D-SIR-62-IMPLICIT-CLOSURE-CONDITIONING-V1,CANONICAL,yes,"Implicit elimination and denominator conditioning: eliminated A summary, elimination identity validation, shift recovery, explicit-closure conditioning, target Jacobian validation, time-unit audit."
04_DIII_D_DESCRIPTIVE/D3D-SIR-62-ALIGNED-V1/implicit_elimination_audit/outputs/elimination_identity_validation.json,D:\sir-web\Paper Examples\Relational Coordinates for Multimodal Plasma Observations\Implicit_elimination_and_denominator_conditioning\outputs\elimination_identity_validation.json,171,fa5481f458fd9b1ee9b17e29e73161cff757f572bf96f000738c5239f8ae225c,2026-08-05T20:58:29.978079+00:00,qdesc,Supplement S7.6,D3D-SIR-62-IMPLICIT-CLOSURE-CONDITIONING-V1,CANONICAL,yes,"Implicit elimination and denominator conditioning: eliminated A summary, elimination identity validation, shift recovery, explicit-closure conditioning, target Jacobian validation, time-unit audit."
04_DIII_D_DESCRIPTIVE/D3D-SIR-62-ALIGNED-V1/implicit_elimination_audit/outputs/exact_coordinate_lineage.json,D:\sir-web\Paper Examples\Relational Coordinates for Multimodal Plasma Observations\Implicit_elimination_and_denominator_conditioning\outputs\exact_coordinate_lineage.json,16134,1a0d88967695aaa76d8a5030f362a386cb0717e6e2602de5d97b8474bcd6e33b,2026-08-05T20:58:27.693662+00:00,qdesc,Supplement S7.6,D3D-SIR-62-IMPLICIT-CLOSURE-CONDITIONING-V1,CANONICAL,yes,"Implicit elimination and denominator conditioning: eliminated A summary, elimination identity validation, shift recovery, explicit-closure conditioning, target Jacobian validation, time-unit audit."
04_DIII_D_DESCRIPTIVE/D3D-SIR-62-ALIGNED-V1/implicit_elimination_audit/outputs/explicit_closure_summary.json,D:\sir-web\Paper Examples\Relational Coordinates for Multimodal Plasma Observations\Implicit_elimination_and_denominator_conditioning\outputs\explicit_closure_summary.json,271,247da569c80c2a364faa11c4f5219584a8ba98a9e012c6b6d0eda724a7d6df68,2026-08-05T20:58:30.752794+00:00,qdesc,Supplement S7.6,D3D-SIR-62-IMPLICIT-CLOSURE-CONDITIONING-V1,CANONICAL,yes,"Implicit elimination and denominator conditioning: eliminated A summary, elimination identity validation, shift recovery, explicit-closure conditioning, target Jacobian validation, time-unit audit."
04_DIII_D_DESCRIPTIVE/D3D-SIR-62-ALIGNED-V1/implicit_elimination_audit/outputs/feature_reproduction.json,D:\sir-web\Paper Examples\Relational Coordinates for Multimodal Plasma Observations\Implicit_elimination_and_denominator_conditioning\outputs\feature_reproduction.json,1740,21a833c12d78455c84e67c4e2b8f2ef9e488de912500ed7f56740a4a5eff7381,2026-08-05T20:58:27.784948+00:00,qdesc,Supplement S7.6,D3D-SIR-62-IMPLICIT-CLOSURE-CONDITIONING-V1,CANONICAL,yes,"Implicit elimination and denominator conditioning: eliminated A summary, elimination identity validation, shift recovery, explicit-closure conditioning, target Jacobian validation, time-unit audit."
04_DIII_D_DESCRIPTIVE/D3D-SIR-62-ALIGNED-V1/implicit_elimination_audit/outputs/implicit_conditioning_summary.json,D:\sir-web\Paper Examples\Relational Coordinates for Multimodal Plasma Observations\Implicit_elimination_and_denominator_conditioning\outputs\implicit_conditioning_summary.json,7765,1854aca7b392f8d5a3ff5f6bd94a8dcc14d473b125f9e739d028d2630b7d0903,2026-08-05T20:58:31.031393+00:00,qdesc,Supplement S7.6,D3D-SIR-62-IMPLICIT-CLOSURE-CONDITIONING-V1,CANONICAL,yes,"Implicit elimination and denominator conditioning: eliminated A summary, elimination identity validation, shift recovery, explicit-closure conditioning, target Jacobian validation, time-unit audit."
04_DIII_D_DESCRIPTIVE/D3D-SIR-62-ALIGNED-V1/implicit_elimination_audit/outputs/input_validation.json,D:\sir-web\Paper Examples\Relational Coordinates for Multimodal Plasma Observations\Implicit_elimination_and_denominator_conditioning\outputs\input_validation.json,1419,ffeabaf436f46c07dd27e581eded1a0093cdf50f250dcce1fb37e87c49dc8958,2026-08-05T20:58:27.473431+00:00,qdesc,Supplement S7.6,D3D-SIR-62-IMPLICIT-CLOSURE-CONDITIONING-V1,CANONICAL,yes,"Implicit elimination and denominator conditioning: eliminated A summary, elimination identity validation, shift recovery, explicit-closure conditioning, target Jacobian validation, time-unit audit."
04_DIII_D_DESCRIPTIVE/D3D-SIR-62-ALIGNED-V1/implicit_elimination_audit/outputs/local_degeneracy_summary.json,D:\sir-web\Paper Examples\Relational Coordinates for Multimodal Plasma Observations\Implicit_elimination_and_denominator_conditioning\outputs\local_degeneracy_summary.json,33,054c1fe87c7fee87510619bf8998c9f44901be191b75c508755574f1d9cc6bdf,2026-08-05T20:58:30.752794+00:00,qdesc,Supplement S7.6,D3D-SIR-62-IMPLICIT-CLOSURE-CONDITIONING-V1,CANONICAL,yes,"Implicit elimination and denominator conditioning: eliminated A summary, elimination identity validation, shift recovery, explicit-closure conditioning, target Jacobian validation, time-unit audit."
04_DIII_D_DESCRIPTIVE/D3D-SIR-62-ALIGNED-V1/implicit_elimination_audit/outputs/primitive_denominator_summary.json,D:\sir-web\Paper Examples\Relational Coordinates for Multimodal Plasma Observations\Implicit_elimination_and_denominator_conditioning\outputs\primitive_denominator_summary.json,72,53c9efc36088edab4f6e22a13fcfeb2fef038ee4ffd990c06c283b03dca22283,2026-08-05T20:58:30.752292+00:00,qdesc,Supplement S7.6,D3D-SIR-62-IMPLICIT-CLOSURE-CONDITIONING-V1,CANONICAL,yes,"Implicit elimination and denominator conditioning: eliminated A summary, elimination identity validation, shift recovery, explicit-closure conditioning, target Jacobian validation, time-unit audit."
04_DIII_D_DESCRIPTIVE/D3D-SIR-62-ALIGNED-V1/implicit_elimination_audit/outputs/shift_recovery_diagnostics.json,D:\sir-web\Paper Examples\Relational Coordinates for Multimodal Plasma Observations\Implicit_elimination_and_denominator_conditioning\outputs\shift_recovery_diagnostics.json,346,00c4bc498378d751a7545816d6420eeac3531200f7b8e80b5abce08465217b15,2026-08-05T20:58:27.697223+00:00,qdesc,Supplement S7.6,D3D-SIR-62-IMPLICIT-CLOSURE-CONDITIONING-V1,CANONICAL,yes,"Implicit elimination and denominator conditioning: eliminated A summary, elimination identity validation, shift recovery, explicit-closure conditioning, target Jacobian validation, time-unit audit."
04_DIII_D_DESCRIPTIVE/D3D-SIR-62-ALIGNED-V1/implicit_elimination_audit/outputs/target_affine_coefficients.parquet,D:\sir-web\Paper Examples\Relational Coordinates for Multimodal Plasma Observations\Implicit_elimination_and_denominator_conditioning\outputs\target_affine_coefficients.parquet,4300488,3130203ac31a6a6db918eeb457756b5a4340bfd995f9f7c187d018485bee3861,2026-08-05T20:58:29.773410+00:00,qdesc,Supplement S7.6,D3D-SIR-62-IMPLICIT-CLOSURE-CONDITIONING-V1,CANONICAL,yes,"Implicit elimination and denominator conditioning: eliminated A summary, elimination identity validation, shift recovery, explicit-closure conditioning, target Jacobian validation, time-unit audit."
04_DIII_D_DESCRIPTIVE/D3D-SIR-62-ALIGNED-V1/implicit_elimination_audit/outputs/target_dependence.json,D:\sir-web\Paper Examples\Relational Coordinates for Multimodal Plasma Observations\Implicit_elimination_and_denominator_conditioning\outputs\target_dependence.json,151,39b694f349604ec2eaa46573f3669e893658eec77b8ab85f42ae4158e36a3167,2026-08-05T20:58:29.775416+00:00,qdesc,Supplement S7.6,D3D-SIR-62-IMPLICIT-CLOSURE-CONDITIONING-V1,CANONICAL,yes,"Implicit elimination and denominator conditioning: eliminated A summary, elimination identity validation, shift recovery, explicit-closure conditioning, target Jacobian validation, time-unit audit."
04_DIII_D_DESCRIPTIVE/D3D-SIR-62-ALIGNED-V1/implicit_elimination_audit/outputs/target_feedback_decomposition_summary.json,D:\sir-web\Paper Examples\Relational Coordinates for Multimodal Plasma Observations\Implicit_elimination_and_denominator_conditioning\outputs\target_feedback_decomposition_summary.json,379,50d3551871575e103bffb8e413d5388a560276c99ddfa917b6519618d77a4283,2026-08-05T20:58:30.754961+00:00,qdesc,Supplement S7.6,D3D-SIR-62-IMPLICIT-CLOSURE-CONDITIONING-V1,CANONICAL,yes,"Implicit elimination and denominator conditioning: eliminated A summary, elimination identity validation, shift recovery, explicit-closure conditioning, target Jacobian validation, time-unit audit."
04_DIII_D_DESCRIPTIVE/D3D-SIR-62-ALIGNED-V1/implicit_elimination_audit/outputs/target_jacobian_validation.json,D:\sir-web\Paper Examples\Relational Coordinates for Multimodal Plasma Observations\Implicit_elimination_and_denominator_conditioning\outputs\target_jacobian_validation.json,113,6ceb9f092340f8e943620d57212105fac8f5b736d4101d014d29ca1b15060f86,2026-08-05T20:58:31.030857+00:00,qdesc,Supplement S7.6,D3D-SIR-62-IMPLICIT-CLOSURE-CONDITIONING-V1,CANONICAL,yes,"Implicit elimination and denominator conditioning: eliminated A summary, elimination identity validation, shift recovery, explicit-closure conditioning, target Jacobian validation, time-unit audit."
04_DIII_D_DESCRIPTIVE/D3D-SIR-62-ALIGNED-V1/implicit_elimination_audit/outputs/time_unit_consistency.json,D:\sir-web\Paper Examples\Relational Coordinates for Multimodal Plasma Observations\Implicit_elimination_and_denominator_conditioning\outputs\time_unit_consistency.json,419,6d29497deb8d7533da0b928d96f0a530132f86092c7e8b09c269012831c15932,2026-08-05T20:58:30.998020+00:00,qdesc,Supplement S7.6,D3D-SIR-62-IMPLICIT-CLOSURE-CONDITIONING-V1,CANONICAL,yes,"Implicit elimination and denominator conditioning: eliminated A summary, elimination identity validation, shift recovery, explicit-closure conditioning, target Jacobian validation, time-unit audit."
04_DIII_D_DESCRIPTIVE/D3D-SIR-62-ALIGNED-V1/implicit_elimination_audit/run_implicit_conditioning_audit.py,D:\sir-web\Paper Examples\Relational Coordinates for Multimodal Plasma Observations\Implicit_elimination_and_denominator_conditioning\run_implicit_conditioning_audit.py,56348,37148d7a67c9c60d888b68b486f59b763efd391f1e5c9b2ba45e99ecfb65f56b,2026-08-14T16:10:08.169309+00:00,qdesc,Supplement S7.6,D3D-SIR-62-IMPLICIT-CLOSURE-CONDITIONING-V1,CANONICAL,yes,"Implicit elimination and denominator conditioning: eliminated A summary, elimination identity validation, shift recovery, explicit-closure conditioning, target Jacobian validation, time-unit audit."
04_DIII_D_DESCRIPTIVE/D3D-SIR-62-ALIGNED-V1/implicit_elimination_audit/symbolic/exact_elimination_derivation.md,D:\sir-web\Paper Examples\Relational Coordinates for Multimodal Plasma Observations\Implicit_elimination_and_denominator_conditioning\symbolic\exact_elimination_derivation.md,345,4936e78edd26b1892ace38d398281f138473876fe656b5837b45ef4ff2af888b,2026-08-05T20:58:29.978580+00:00,qdesc,Supplement S7.6,D3D-SIR-62-IMPLICIT-CLOSURE-CONDITIONING-V1,CANONICAL,yes,"Implicit elimination and denominator conditioning: eliminated A summary, elimination identity validation, shift recovery, explicit-closure conditioning, target Jacobian validation, time-unit audit."
04_DIII_D_DESCRIPTIVE/D3D-SIR-62-ALIGNED-V1/implicit_elimination_audit/symbolic/general_exact_elimination.tex,D:\sir-web\Paper Examples\Relational Coordinates for Multimodal Plasma Observations\Implicit_elimination_and_denominator_conditioning\symbolic\general_exact_elimination.tex,215,44580c681e04ed76fe69704eed1a2ef4ed219bf19f46d8f4f750e73bb3d5fba7,2026-08-05T20:58:29.978079+00:00,qdesc,Supplement S7.6,D3D-SIR-62-IMPLICIT-CLOSURE-CONDITIONING-V1,CANONICAL,yes,"Implicit elimination and denominator conditioning: eliminated A summary, elimination identity validation, shift recovery, explicit-closure conditioning, target Jacobian validation, time-unit audit."
04_DIII_D_DESCRIPTIVE/D3D-SIR-62-ALIGNED-V1/implicit_elimination_audit/symbolic/general_exact_elimination.txt,D:\sir-web\Paper Examples\Relational Coordinates for Multimodal Plasma Observations\Implicit_elimination_and_denominator_conditioning\symbolic\general_exact_elimination.txt,298,22158e92c98984d789b04648de6dc31488159490b6073f610fccaa918b56f395,2026-08-05T20:58:29.978079+00:00,qdesc,Supplement S7.6,D3D-SIR-62-IMPLICIT-CLOSURE-CONDITIONING-V1,CANONICAL,yes,"Implicit elimination and denominator conditioning: eliminated A summary, elimination identity validation, shift recovery, explicit-closure conditioning, target Jacobian validation, time-unit audit."
04_DIII_D_DESCRIPTIVE/D3D-SIR-62-ALIGNED-V1/implicit_elimination_audit/tables/A_zero_crossing_events.csv,D:\sir-web\Paper Examples\Relational Coordinates for Multimodal Plasma Observations\Implicit_elimination_and_denominator_conditioning\tables\A_zero_crossing_events.csv,1108398,9d4666f71fcd437603936b9abea3612ca47a24cd8a9638bdd20e7ce8aeac6da0,2026-08-05T20:58:30.040264+00:00,qdesc,Supplement S7.6,D3D-SIR-62-IMPLICIT-CLOSURE-CONDITIONING-V1,CANONICAL,yes,"Implicit elimination and denominator conditioning: eliminated A summary, elimination identity validation, shift recovery, explicit-closure conditioning, target Jacobian validation, time-unit audit."
04_DIII_D_DESCRIPTIVE/D3D-SIR-62-ALIGNED-V1/implicit_elimination_audit/tables/denominator_mask_sensitivity.csv,D:\sir-web\Paper Examples\Relational Coordinates for Multimodal Plasma Observations\Implicit_elimination_and_denominator_conditioning\tables\denominator_mask_sensitivity.csv,581,aea2e8c7c40dd572df9559b9a9ddb9ac18f6145afdffba8eca79b8900777a88b,2026-08-05T20:58:30.996514+00:00,qdesc,Supplement S7.6,D3D-SIR-62-IMPLICIT-CLOSURE-CONDITIONING-V1,CANONICAL,yes,"Implicit elimination and denominator conditioning: eliminated A summary, elimination identity validation, shift recovery, explicit-closure conditioning, target Jacobian validation, time-unit audit."
04_DIII_D_DESCRIPTIVE/D3D-SIR-62-ALIGNED-V1/implicit_elimination_audit/tables/eliminated_A_crossings.csv,D:\sir-web\Paper Examples\Relational Coordinates for Multimodal Plasma Observations\Implicit_elimination_and_denominator_conditioning\tables\eliminated_A_crossings.csv,436418,0018aa56e73e5cab349323541cb9face4360b67e283181855d52713b7986ccf9,2026-08-05T20:58:30.005146+00:00,qdesc,Supplement S7.6,D3D-SIR-62-IMPLICIT-CLOSURE-CONDITIONING-V1,CANONICAL,yes,"Implicit elimination and denominator conditioning: eliminated A summary, elimination identity validation, shift recovery, explicit-closure conditioning, target Jacobian validation, time-unit audit."
04_DIII_D_DESCRIPTIVE/D3D-SIR-62-ALIGNED-V1/implicit_elimination_audit/tables/eliminated_A_per_discharge.csv,D:\sir-web\Paper Examples\Relational Coordinates for Multimodal Plasma Observations\Implicit_elimination_and_denominator_conditioning\tables\eliminated_A_per_discharge.csv,31017,6b74e0b70d711f71fd837beccc044974b04f05e85793fcbd309d3a5c608b77ec,2026-08-05T20:58:29.988784+00:00,qdesc,Supplement S7.6,D3D-SIR-62-IMPLICIT-CLOSURE-CONDITIONING-V1,CANONICAL,yes,"Implicit elimination and denominator conditioning: eliminated A summary, elimination identity validation, shift recovery, explicit-closure conditioning, target Jacobian validation, time-unit audit."
04_DIII_D_DESCRIPTIVE/D3D-SIR-62-ALIGNED-V1/implicit_elimination_audit/tables/eliminated_A_threshold_fractions.csv,D:\sir-web\Paper Examples\Relational Coordinates for Multimodal Plasma Observations\Implicit_elimination_and_denominator_conditioning\tables\eliminated_A_threshold_fractions.csv,13377,495bf590b4015134a3b084012c2076d48268fc457437f4d9764d2823b848b1bc,2026-08-05T20:58:29.989787+00:00,qdesc,Supplement S7.6,D3D-SIR-62-IMPLICIT-CLOSURE-CONDITIONING-V1,CANONICAL,yes,"Implicit elimination and denominator conditioning: eliminated A summary, elimination identity validation, shift recovery, explicit-closure conditioning, target Jacobian validation, time-unit audit."
04_DIII_D_DESCRIPTIVE/D3D-SIR-62-ALIGNED-V1/implicit_elimination_audit/tables/exact_coordinate_lineage.csv,D:\sir-web\Paper Examples\Relational Coordinates for Multimodal Plasma Observations\Implicit_elimination_and_denominator_conditioning\tables\exact_coordinate_lineage.csv,7313,c0fbca81b22a6045ee3c18c0b9c8424c1facec8094f640266bc5c68f156e97c0,2026-08-05T20:58:27.695182+00:00,qdesc,Supplement S7.6,D3D-SIR-62-IMPLICIT-CLOSURE-CONDITIONING-V1,CANONICAL,yes,"Implicit elimination and denominator conditioning: eliminated A summary, elimination identity validation, shift recovery, explicit-closure conditioning, target Jacobian validation, time-unit audit."
04_DIII_D_DESCRIPTIVE/D3D-SIR-62-ALIGNED-V1/implicit_elimination_audit/tables/explicit_closure_metrics_per_discharge.csv,D:\sir-web\Paper Examples\Relational Coordinates for Multimodal Plasma Observations\Implicit_elimination_and_denominator_conditioning\tables\explicit_closure_metrics_per_discharge.csv,12972,55d89734b9e051673c81b573375b679894a528261063e214cb49c99beea854ac,2026-08-05T20:58:30.042195+00:00,qdesc,Supplement S7.6,D3D-SIR-62-IMPLICIT-CLOSURE-CONDITIONING-V1,CANONICAL,yes,"Implicit elimination and denominator conditioning: eliminated A summary, elimination identity validation, shift recovery, explicit-closure conditioning, target Jacobian validation, time-unit audit."
04_DIII_D_DESCRIPTIVE/D3D-SIR-62-ALIGNED-V1/implicit_elimination_audit/tables/explicit_closure_quantile_mask_curve.csv,D:\sir-web\Paper Examples\Relational Coordinates for Multimodal Plasma Observations\Implicit_elimination_and_denominator_conditioning\tables\explicit_closure_quantile_mask_curve.csv,640,82b29a0d9fdbe1d2c7171c021f39b056501a4ce1dac3a230d10c68d667025470,2026-08-05T20:58:30.086174+00:00,qdesc,Supplement S7.6,D3D-SIR-62-IMPLICIT-CLOSURE-CONDITIONING-V1,CANONICAL,yes,"Implicit elimination and denominator conditioning: eliminated A summary, elimination identity validation, shift recovery, explicit-closure conditioning, target Jacobian validation, time-unit audit."
04_DIII_D_DESCRIPTIVE/D3D-SIR-62-ALIGNED-V1/implicit_elimination_audit/tables/explicit_closure_threshold_curve.csv,D:\sir-web\Paper Examples\Relational Coordinates for Multimodal Plasma Observations\Implicit_elimination_and_denominator_conditioning\tables\explicit_closure_threshold_curve.csv,1124,05b148126bfc69cafb1d447a811abe324d135185ddb1afd3320895ebf5f27b98,2026-08-05T20:58:30.065727+00:00,qdesc,Supplement S7.6,D3D-SIR-62-IMPLICIT-CLOSURE-CONDITIONING-V1,CANONICAL,yes,"Implicit elimination and denominator conditioning: eliminated A summary, elimination identity validation, shift recovery, explicit-closure conditioning, target Jacobian validation, time-unit audit."
04_DIII_D_DESCRIPTIVE/D3D-SIR-62-ALIGNED-V1/implicit_elimination_audit/tables/feature_reproduction_per_discharge.csv,D:\sir-web\Paper Examples\Relational Coordinates for Multimodal Plasma Observations\Implicit_elimination_and_denominator_conditioning\tables\feature_reproduction_per_discharge.csv,40540,0ee0982f835dd1fe47deaea63988ca971f33ce385aa050cdbf93f4e28d6c45ed,2026-08-05T20:58:27.738065+00:00,qdesc,Supplement S7.6,D3D-SIR-62-IMPLICIT-CLOSURE-CONDITIONING-V1,CANONICAL,yes,"Implicit elimination and denominator conditioning: eliminated A summary, elimination identity validation, shift recovery, explicit-closure conditioning, target Jacobian validation, time-unit audit."
04_DIII_D_DESCRIPTIVE/D3D-SIR-62-ALIGNED-V1/implicit_elimination_audit/tables/feature_reproduction_summary.csv,D:\sir-web\Paper Examples\Relational Coordinates for Multimodal Plasma Observations\Implicit_elimination_and_denominator_conditioning\tables\feature_reproduction_summary.csv,608,7336f5194e78c833d80dbf958ef82490260c37550613d855e5bf76691588ca41,2026-08-05T20:58:27.781228+00:00,qdesc,Supplement S7.6,D3D-SIR-62-IMPLICIT-CLOSURE-CONDITIONING-V1,CANONICAL,yes,"Implicit elimination and denominator conditioning: eliminated A summary, elimination identity validation, shift recovery, explicit-closure conditioning, target Jacobian validation, time-unit audit."
04_DIII_D_DESCRIPTIVE/D3D-SIR-62-ALIGNED-V1/implicit_elimination_audit/tables/input_validation.csv,D:\sir-web\Paper Examples\Relational Coordinates for Multimodal Plasma Observations\Implicit_elimination_and_denominator_conditioning\tables\input_validation.csv,784,ab6e5919158723b1f0eac8af7f957860ff36b744c713a8747513d97869aa8374,2026-08-05T20:58:27.474688+00:00,qdesc,Supplement S7.6,D3D-SIR-62-IMPLICIT-CLOSURE-CONDITIONING-V1,CANONICAL,yes,"Implicit elimination and denominator conditioning: eliminated A summary, elimination identity validation, shift recovery, explicit-closure conditioning, target Jacobian validation, time-unit audit."
04_DIII_D_DESCRIPTIVE/D3D-SIR-62-ALIGNED-V1/implicit_elimination_audit/tables/local_degeneracy_classification.csv,D:\sir-web\Paper Examples\Relational Coordinates for Multimodal Plasma Observations\Implicit_elimination_and_denominator_conditioning\tables\local_degeneracy_classification.csv,31008,c8751976a54b84af4cfddaa626026e6cac2862be0ea3829d06b5217c5bfd3f83,2026-08-05T20:58:30.045388+00:00,qdesc,Supplement S7.6,D3D-SIR-62-IMPLICIT-CLOSURE-CONDITIONING-V1,CANONICAL,yes,"Implicit elimination and denominator conditioning: eliminated A summary, elimination identity validation, shift recovery, explicit-closure conditioning, target Jacobian validation, time-unit audit."
04_DIII_D_DESCRIPTIVE/D3D-SIR-62-ALIGNED-V1/implicit_elimination_audit/tables/per_discharge_elimination_constants.csv,D:\sir-web\Paper Examples\Relational Coordinates for Multimodal Plasma Observations\Implicit_elimination_and_denominator_conditioning\tables\per_discharge_elimination_constants.csv,10389,2baa6de61630e583b0c155ea0fc6e5569bccca51aeccc8de87a06b378beeb39a,2026-08-05T20:58:29.977577+00:00,qdesc,Supplement S7.6,D3D-SIR-62-IMPLICIT-CLOSURE-CONDITIONING-V1,CANONICAL,yes,"Implicit elimination and denominator conditioning: eliminated A summary, elimination identity validation, shift recovery, explicit-closure conditioning, target Jacobian validation, time-unit audit."
04_DIII_D_DESCRIPTIVE/D3D-SIR-62-ALIGNED-V1/implicit_elimination_audit/tables/primitive_denominator_crossings.csv,D:\sir-web\Paper Examples\Relational Coordinates for Multimodal Plasma Observations\Implicit_elimination_and_denominator_conditioning\tables\primitive_denominator_crossings.csv,2,7eb70257593da06f682a3ddda54a9d260d4fc514f645237f5ca74b08f8da61a6,2026-08-05T20:58:29.986622+00:00,qdesc,Supplement S7.6,D3D-SIR-62-IMPLICIT-CLOSURE-CONDITIONING-V1,CANONICAL,yes,"Implicit elimination and denominator conditioning: eliminated A summary, elimination identity validation, shift recovery, explicit-closure conditioning, target Jacobian validation, time-unit audit."
04_DIII_D_DESCRIPTIVE/D3D-SIR-62-ALIGNED-V1/implicit_elimination_audit/tables/primitive_denominator_per_discharge.csv,D:\sir-web\Paper Examples\Relational Coordinates for Multimodal Plasma Observations\Implicit_elimination_and_denominator_conditioning\tables\primitive_denominator_per_discharge.csv,122293,2effa45ca4ff1869e88d2dd1667168262d740a3ffec33454a14a17b763189614,2026-08-05T20:58:29.983722+00:00,qdesc,Supplement S7.6,D3D-SIR-62-IMPLICIT-CLOSURE-CONDITIONING-V1,CANONICAL,yes,"Implicit elimination and denominator conditioning: eliminated A summary, elimination identity validation, shift recovery, explicit-closure conditioning, target Jacobian validation, time-unit audit."
04_DIII_D_DESCRIPTIVE/D3D-SIR-62-ALIGNED-V1/implicit_elimination_audit/tables/primitive_denominator_threshold_fractions.csv,D:\sir-web\Paper Examples\Relational Coordinates for Multimodal Plasma Observations\Implicit_elimination_and_denominator_conditioning\tables\primitive_denominator_threshold_fractions.csv,25094,c1f0a1623739baf75c03ae2acdb3f824debc680c8347cfcf70b0799d52527f61,2026-08-05T20:58:29.986120+00:00,qdesc,Supplement S7.6,D3D-SIR-62-IMPLICIT-CLOSURE-CONDITIONING-V1,CANONICAL,yes,"Implicit elimination and denominator conditioning: eliminated A summary, elimination identity validation, shift recovery, explicit-closure conditioning, target Jacobian validation, time-unit audit."
04_DIII_D_DESCRIPTIVE/D3D-SIR-62-ALIGNED-V1/implicit_elimination_audit/tables/recovered_shift_values.csv,D:\sir-web\Paper Examples\Relational Coordinates for Multimodal Plasma Observations\Implicit_elimination_and_denominator_conditioning\tables\recovered_shift_values.csv,11987,f846e79316a665c13b88914e06e26d67e7ffa419a79228f1ced698c404dda49d,2026-08-05T20:58:27.696689+00:00,qdesc,Supplement S7.6,D3D-SIR-62-IMPLICIT-CLOSURE-CONDITIONING-V1,CANONICAL,yes,"Implicit elimination and denominator conditioning: eliminated A summary, elimination identity validation, shift recovery, explicit-closure conditioning, target Jacobian validation, time-unit audit."
04_DIII_D_DESCRIPTIVE/D3D-SIR-62-ALIGNED-V1/implicit_elimination_audit/tables/residual_amplification_bins.csv,D:\sir-web\Paper Examples\Relational Coordinates for Multimodal Plasma Observations\Implicit_elimination_and_denominator_conditioning\tables\residual_amplification_bins.csv,2001,cfab77a8f97d43d9378b83be864c5d2e4e86164acff580dd521d6768d9f8208a,2026-08-05T20:58:30.091191+00:00,qdesc,Supplement S7.6,D3D-SIR-62-IMPLICIT-CLOSURE-CONDITIONING-V1,CANONICAL,yes,"Implicit elimination and denominator conditioning: eliminated A summary, elimination identity validation, shift recovery, explicit-closure conditioning, target Jacobian validation, time-unit audit."
04_DIII_D_DESCRIPTIVE/D3D-SIR-62-ALIGNED-V1/implicit_elimination_audit/tables/shift_sensitivity_frozen_model.csv,D:\sir-web\Paper Examples\Relational Coordinates for Multimodal Plasma Observations\Implicit_elimination_and_denominator_conditioning\tables\shift_sensitivity_frozen_model.csv,1468,4c019f3f82cd3557c363a12a35523feda1c32b0a49dcd9d5b46b80bf43c84f4c,2026-08-05T20:58:30.994511+00:00,qdesc,Supplement S7.6,D3D-SIR-62-IMPLICIT-CLOSURE-CONDITIONING-V1,CANONICAL,yes,"Implicit elimination and denominator conditioning: eliminated A summary, elimination identity validation, shift recovery, explicit-closure conditioning, target Jacobian validation, time-unit audit."
04_DIII_D_DESCRIPTIVE/D3D-SIR-62-ALIGNED-V1/implicit_elimination_audit/tables/shift_sensitivity_refit.csv,D:\sir-web\Paper Examples\Relational Coordinates for Multimodal Plasma Observations\Implicit_elimination_and_denominator_conditioning\tables\shift_sensitivity_refit.csv,518,a2fa13bff11cc1ed63ea2dda4fff4f9a77123c9131e8e395a7cc500af487ed82,2026-08-05T20:58:30.995511+00:00,qdesc,Supplement S7.6,D3D-SIR-62-IMPLICIT-CLOSURE-CONDITIONING-V1,CANONICAL,yes,"Implicit elimination and denominator conditioning: eliminated A summary, elimination identity validation, shift recovery, explicit-closure conditioning, target Jacobian validation, time-unit audit."
04_DIII_D_DESCRIPTIVE/D3D-SIR-62-ALIGNED-V1/implicit_elimination_audit/tables/target_dependence_summary.csv,D:\sir-web\Paper Examples\Relational Coordinates for Multimodal Plasma Observations\Implicit_elimination_and_denominator_conditioning\tables\target_dependence_summary.csv,69767,d181ab37f1ffa362619c7a5d070343369ee8cbd8b4f580e103f13a48d9ea709b,2026-08-05T20:58:29.637218+00:00,qdesc,Supplement S7.6,D3D-SIR-62-IMPLICIT-CLOSURE-CONDITIONING-V1,CANONICAL,yes,"Implicit elimination and denominator conditioning: eliminated A summary, elimination identity validation, shift recovery, explicit-closure conditioning, target Jacobian validation, time-unit audit."
04_DIII_D_DESCRIPTIVE/D3D-SIR-62-ALIGNED-V1/implicit_elimination_audit/tables/target_feedback_decomposition.csv,D:\sir-web\Paper Examples\Relational Coordinates for Multimodal Plasma Observations\Implicit_elimination_and_denominator_conditioning\tables\target_feedback_decomposition.csv,7025,fbed3490f7d958a633be1a9626ff72b9f33c5b357dded508466ed1e518014f62,2026-08-05T20:58:30.043231+00:00,qdesc,Supplement S7.6,D3D-SIR-62-IMPLICIT-CLOSURE-CONDITIONING-V1,CANONICAL,yes,"Implicit elimination and denominator conditioning: eliminated A summary, elimination identity validation, shift recovery, explicit-closure conditioning, target Jacobian validation, time-unit audit."
04_DIII_D_DESCRIPTIVE/D3D-SIR-62-ALIGNED-V1/implicit_elimination_audit/tables/target_jacobian_finite_difference_check.csv,D:\sir-web\Paper Examples\Relational Coordinates for Multimodal Plasma Observations\Implicit_elimination_and_denominator_conditioning\tables\target_jacobian_finite_difference_check.csv,51232,119e0311c3dc5dbc75daa135a39c56f7dbf549514fde4ad69ad82780fa4bf599,2026-08-05T20:58:31.030355+00:00,qdesc,Supplement S7.6,D3D-SIR-62-IMPLICIT-CLOSURE-CONDITIONING-V1,CANONICAL,yes,"Implicit elimination and denominator conditioning: eliminated A summary, elimination identity validation, shift recovery, explicit-closure conditioning, target Jacobian validation, time-unit audit."
04_DIII_D_DESCRIPTIVE/D3D-SIR-62-ALIGNED-V1/implicit_elimination_audit/tables/time_unit_consistency.csv,D:\sir-web\Paper Examples\Relational Coordinates for Multimodal Plasma Observations\Implicit_elimination_and_denominator_conditioning\tables\time_unit_consistency.csv,398,df15de2695f6c9ea56aab51f234bf2700451e0c763aaf74e9b43e7a8ce83b20c,2026-08-05T20:58:30.997518+00:00,qdesc,Supplement S7.6,D3D-SIR-62-IMPLICIT-CLOSURE-CONDITIONING-V1,CANONICAL,yes,"Implicit elimination and denominator conditioning: eliminated A summary, elimination identity validation, shift recovery, explicit-closure conditioning, target Jacobian validation, time-unit audit."
04_DIII_D_DESCRIPTIVE/D3D-SIR-62-ALIGNED-V1/implicit_elimination_audit/tests/test_A_statistics.py,D:\sir-web\Paper Examples\Relational Coordinates for Multimodal Plasma Observations\Implicit_elimination_and_denominator_conditioning\tests\test_A_statistics.py,465,73f786e611abe9948a9577d324e1b45ed683c283e282a437fc657491b5687135,2026-08-14T16:10:08.152174+00:00,qdesc,Supplement S7.6,D3D-SIR-62-IMPLICIT-CLOSURE-CONDITIONING-V1,CANONICAL,yes,"Implicit elimination and denominator conditioning: eliminated A summary, elimination identity validation, shift recovery, explicit-closure conditioning, target Jacobian validation, time-unit audit."
04_DIII_D_DESCRIPTIVE/D3D-SIR-62-ALIGNED-V1/implicit_elimination_audit/tests/test_coordinate_reproduction.py,D:\sir-web\Paper Examples\Relational Coordinates for Multimodal Plasma Observations\Implicit_elimination_and_denominator_conditioning\tests\test_coordinate_reproduction.py,347,d4716f5a31071127955438d32146b06b1a74343931d8f05b66c048eff9235a0a,2026-08-14T16:10:08.205721+00:00,qdesc,Supplement S7.6,D3D-SIR-62-IMPLICIT-CLOSURE-CONDITIONING-V1,CANONICAL,yes,"Implicit elimination and denominator conditioning: eliminated A summary, elimination identity validation, shift recovery, explicit-closure conditioning, target Jacobian validation, time-unit audit."
04_DIII_D_DESCRIPTIVE/D3D-SIR-62-ALIGNED-V1/implicit_elimination_audit/tests/test_denominator_statistics.py,D:\sir-web\Paper Examples\Relational Coordinates for Multimodal Plasma Observations\Implicit_elimination_and_denominator_conditioning\tests\test_denominator_statistics.py,367,25ad96ba57e879dedba750ae37895f90ee87f6fe75412827a6cb1d62f538220e,2026-08-14T16:10:08.184293+00:00,qdesc,Supplement S7.6,D3D-SIR-62-IMPLICIT-CLOSURE-CONDITIONING-V1,CANONICAL,yes,"Implicit elimination and denominator conditioning: eliminated A summary, elimination identity validation, shift recovery, explicit-closure conditioning, target Jacobian validation, time-unit audit."
04_DIII_D_DESCRIPTIVE/D3D-SIR-62-ALIGNED-V1/implicit_elimination_audit/tests/test_exact_elimination_identity.py,D:\sir-web\Paper Examples\Relational Coordinates for Multimodal Plasma Observations\Implicit_elimination_and_denominator_conditioning\tests\test_exact_elimination_identity.py,569,a6fdb520ea882d42ce5155ae82c44166fc12ca48da4fd0b3189e71a85a62a343,2026-08-14T16:10:08.185709+00:00,qdesc,Supplement S7.6,D3D-SIR-62-IMPLICIT-CLOSURE-CONDITIONING-V1,CANONICAL,yes,"Implicit elimination and denominator conditioning: eliminated A summary, elimination identity validation, shift recovery, explicit-closure conditioning, target Jacobian validation, time-unit audit."
04_DIII_D_DESCRIPTIVE/D3D-SIR-62-ALIGNED-V1/implicit_elimination_audit/tests/test_explicit_error_identity.py,D:\sir-web\Paper Examples\Relational Coordinates for Multimodal Plasma Observations\Implicit_elimination_and_denominator_conditioning\tests\test_explicit_error_identity.py,792,8308c28704af25b7f30d02062528f902ddd8363308f437d965c04c0163ff6a0f,2026-08-14T16:10:08.184293+00:00,qdesc,Supplement S7.6,D3D-SIR-62-IMPLICIT-CLOSURE-CONDITIONING-V1,CANONICAL,yes,"Implicit elimination and denominator conditioning: eliminated A summary, elimination identity validation, shift recovery, explicit-closure conditioning, target Jacobian validation, time-unit audit."
04_DIII_D_DESCRIPTIVE/D3D-SIR-62-ALIGNED-V1/implicit_elimination_audit/tests/test_input_validation.py,D:\sir-web\Paper Examples\Relational Coordinates for Multimodal Plasma Observations\Implicit_elimination_and_denominator_conditioning\tests\test_input_validation.py,489,084b716c9cc1161fdf150cfff3587d071492ef354002b8b85a42fe589f24924a,2026-08-14T16:10:08.198788+00:00,qdesc,Supplement S7.6,D3D-SIR-62-IMPLICIT-CLOSURE-CONDITIONING-V1,CANONICAL,yes,"Implicit elimination and denominator conditioning: eliminated A summary, elimination identity validation, shift recovery, explicit-closure conditioning, target Jacobian validation, time-unit audit."
04_DIII_D_DESCRIPTIVE/D3D-SIR-62-ALIGNED-V1/implicit_elimination_audit/tests/test_shift_recovery.py,D:\sir-web\Paper Examples\Relational Coordinates for Multimodal Plasma Observations\Implicit_elimination_and_denominator_conditioning\tests\test_shift_recovery.py,462,55695bbd30692c3c31c5b30e7785b58433fb2c8531764e451bec8a0703458f9c,2026-08-14T16:10:08.181784+00:00,qdesc,Supplement S7.6,D3D-SIR-62-IMPLICIT-CLOSURE-CONDITIONING-V1,CANONICAL,yes,"Implicit elimination and denominator conditioning: eliminated A summary, elimination identity validation, shift recovery, explicit-closure conditioning, target Jacobian validation, time-unit audit."
04_DIII_D_DESCRIPTIVE/D3D-SIR-62-ALIGNED-V1/implicit_elimination_audit/tests/test_target_affine_dependence.py,D:\sir-web\Paper Examples\Relational Coordinates for Multimodal Plasma Observations\Implicit_elimination_and_denominator_conditioning\tests\test_target_affine_dependence.py,1068,1b3623dcb2d79bc6e2be7aa24c8496aeebda2610aac38eed4fb32b4f82c3f7af,2026-08-14T16:10:08.172820+00:00,qdesc,Supplement S7.6,D3D-SIR-62-IMPLICIT-CLOSURE-CONDITIONING-V1,CANONICAL,yes,"Implicit elimination and denominator conditioning: eliminated A summary, elimination identity validation, shift recovery, explicit-closure conditioning, target Jacobian validation, time-unit audit."
04_DIII_D_DESCRIPTIVE/D3D-SIR-62-ALIGNED-V1/implicit_elimination_audit/tests/test_time_unit_consistency.py,D:\sir-web\Paper Examples\Relational Coordinates for Multimodal Plasma Observations\Implicit_elimination_and_denominator_conditioning\tests\test_time_unit_consistency.py,618,9d373902754f2f98110ca4cca34552ce4744009b6c74a886628d9e8828dd9c49,2026-08-14T16:10:08.169309+00:00,qdesc,Supplement S7.6,D3D-SIR-62-IMPLICIT-CLOSURE-CONDITIONING-V1,CANONICAL,yes,"Implicit elimination and denominator conditioning: eliminated A summary, elimination identity validation, shift recovery, explicit-closure conditioning, target Jacobian validation, time-unit audit."
04_DIII_D_DESCRIPTIVE/D3D-SIR-62-ALIGNED-V1/implicit_elimination_audit/write_implicit_conditioning_report.py,D:\sir-web\Paper Examples\Relational Coordinates for Multimodal Plasma Observations\Implicit_elimination_and_denominator_conditioning\write_implicit_conditioning_report.py,18169,14e6cfd8a9b24cdbc9b0e39ab5dc50d00bb3e9c61ab3d395762bb419879d6269,2026-08-14T16:10:08.204216+00:00,qdesc,Supplement S7.6,D3D-SIR-62-IMPLICIT-CLOSURE-CONDITIONING-V1,CANONICAL,yes,"Implicit elimination and denominator conditioning: eliminated A summary, elimination identity validation, shift recovery, explicit-closure conditioning, target Jacobian validation, time-unit audit."
05_DIII_D_RECONSTRUCTION/00_Pretarget_Contract/ADMISSIBILITY_POLICY.md,D:\SIR_paper\DIIID_example\S7\02_reconstruction_contract\ADMISSIBILITY_POLICY.md,4459,a8519dbe14b08e56a1cbeb3e988efabbcb2fdcb21541a7438f4a1fd619d26677,2026-09-02T21:30:26.361069+00:00,qrec,Results 1.5; Supplement S7,D3D-SIR-S7.2-RECONSTRUCTION-CONTRACT-V1,CANONICAL,yes,Target-blind pretarget contract skeleton and its V2 correction; cohort partition; validation protocol; baseline protocol; claim boundary.
05_DIII_D_RECONSTRUCTION/00_Pretarget_Contract/BASELINE_PROTOCOL.md,D:\SIR_paper\DIIID_example\S7\02_reconstruction_contract\BASELINE_PROTOCOL.md,3795,f4526c4c2a84e0511345eae2a8b4439fc59e13dc0ca630cfd783949b761cca77,2026-09-02T22:18:03.209658+00:00,qrec,Results 1.5; Supplement S7,D3D-SIR-S7.2-RECONSTRUCTION-CONTRACT-V1,CANONICAL,yes,Target-blind pretarget contract skeleton and its V2 correction; cohort partition; validation protocol; baseline protocol; claim boundary.
05_DIII_D_RECONSTRUCTION/00_Pretarget_Contract/CLAIM_BOUNDARY.md,D:\SIR_paper\DIIID_example\S7\02_reconstruction_contract\CLAIM_BOUNDARY.md,2062,7cecc4864a0eb55e967e3ea3ea437dc421c123c2e2a172622a1a3cd269fa8847,2026-09-02T22:19:42.305849+00:00,qrec,Results 1.5; Supplement S7,D3D-SIR-S7.2-RECONSTRUCTION-CONTRACT-V1,CANONICAL,yes,Target-blind pretarget contract skeleton and its V2 correction; cohort partition; validation protocol; baseline protocol; claim boundary.
05_DIII_D_RECONSTRUCTION/00_Pretarget_Contract/COHORT_PARTITION.json,D:\SIR_paper\DIIID_example\S7\02_reconstruction_contract\COHORT_PARTITION.json,3488,9ccc5dc96e76fe34e4689f2adcead62b0ba9ad5d7b215e39697c92e90c191b81,2026-09-02T21:26:57.057731+00:00,qrec,Results 1.5; Supplement S7,D3D-SIR-S7.2-RECONSTRUCTION-CONTRACT-V1,CANONICAL,yes,Target-blind pretarget contract skeleton and its V2 correction; cohort partition; validation protocol; baseline protocol; claim boundary.
05_DIII_D_RECONSTRUCTION/00_Pretarget_Contract/COHORT_PARTITION_POLICY.md,D:\SIR_paper\DIIID_example\S7\02_reconstruction_contract\COHORT_PARTITION_POLICY.md,3636,0b02ecc0a3d954a30fcfe45371806d03ec055910f3e7071c4e17ca893a41a523,2026-09-02T22:18:45.849055+00:00,qrec,Results 1.5; Supplement S7,D3D-SIR-S7.2-RECONSTRUCTION-CONTRACT-V1,CANONICAL,yes,Target-blind pretarget contract skeleton and its V2 correction; cohort partition; validation protocol; baseline protocol; claim boundary.
05_DIII_D_RECONSTRUCTION/00_Pretarget_Contract/CONTRACT_DECISION_LEDGER.md,D:\SIR_paper\DIIID_example\S7\02_reconstruction_contract\CONTRACT_DECISION_LEDGER.md,15239,5dacf55ba93abbfafab987284d8573ea105528ec86d65a6fcd4dcf93c6718d04,2026-09-02T22:22:26.361606+00:00,qrec,Results 1.5; Supplement S7,D3D-SIR-S7.2-RECONSTRUCTION-CONTRACT-V1,CANONICAL,yes,Target-blind pretarget contract skeleton and its V2 correction; cohort partition; validation protocol; baseline protocol; claim boundary.
05_DIII_D_RECONSTRUCTION/00_Pretarget_Contract/DOMAIN_AND_CLAIM_BOUNDARY.md,D:\SIR_paper\DIIID_example\S7\02_reconstruction_contract\DOMAIN_AND_CLAIM_BOUNDARY.md,3712,ab6cf645b1ae8c3d1168373cf5bfc710897cac98d39a63369b2ce518b75dfa14,2026-09-02T22:19:24.757790+00:00,qrec,Results 1.5; Supplement S7,D3D-SIR-S7.2-RECONSTRUCTION-CONTRACT-V1,CANONICAL,yes,Target-blind pretarget contract skeleton and its V2 correction; cohort partition; validation protocol; baseline protocol; claim boundary.
05_DIII_D_RECONSTRUCTION/00_Pretarget_Contract/EXTERNAL_COHORT_FIREWALL.md,D:\SIR_paper\DIIID_example\S7\02_reconstruction_contract\EXTERNAL_COHORT_FIREWALL.md,3544,08e0d83523b5ccd9068c2c97d020e8bd231e9627ddfcc809fed177557a6abadd,2026-09-02T22:19:05.349182+00:00,qrec,Results 1.5; Supplement S7,D3D-SIR-S7.2-RECONSTRUCTION-CONTRACT-V1,CANONICAL,yes,Target-blind pretarget contract skeleton and its V2 correction; cohort partition; validation protocol; baseline protocol; claim boundary.
05_DIII_D_RECONSTRUCTION/00_Pretarget_Contract/INFORMATION_BOUNDARY_POLICY.md,D:\SIR_paper\DIIID_example\S7\02_reconstruction_contract\INFORMATION_BOUNDARY_POLICY.md,5775,e8242957e5bdacb0b8c7f506e1b4b366c0540184677eacd715c8e75db879ec64,2026-09-02T21:29:08.891702+00:00,qrec,Results 1.5; Supplement S7,D3D-SIR-S7.2-RECONSTRUCTION-CONTRACT-V1,CANONICAL,yes,Target-blind pretarget contract skeleton and its V2 correction; cohort partition; validation protocol; baseline protocol; claim boundary.
05_DIII_D_RECONSTRUCTION/00_Pretarget_Contract/INHERITED_S7_1_CONSTRAINTS.md,D:\SIR_paper\DIIID_example\S7\02_reconstruction_contract\INHERITED_S7_1_CONSTRAINTS.md,5818,1f5f16e2b4c1bebb4b9bad8122b6aab46016fbde589f96a4b86c7fff33f5fd4b,2026-09-02T21:28:10.120982+00:00,qrec,Results 1.5; Supplement S7,D3D-SIR-S7.2-RECONSTRUCTION-CONTRACT-V1,CANONICAL,yes,Target-blind pretarget contract skeleton and its V2 correction; cohort partition; validation protocol; baseline protocol; claim boundary.
05_DIII_D_RECONSTRUCTION/00_Pretarget_Contract/KNOWLEDGE_POLICY.md,D:\SIR_paper\DIIID_example\S7\02_reconstruction_contract\KNOWLEDGE_POLICY.md,3778,2699ede61c47f5f381cb863465cbb1696aac5ccaaefc4607d69ba8ddcc10680b,2026-09-02T21:30:46.548336+00:00,qrec,Results 1.5; Supplement S7,D3D-SIR-S7.2-RECONSTRUCTION-CONTRACT-V1,CANONICAL,yes,Target-blind pretarget contract skeleton and its V2 correction; cohort partition; validation protocol; baseline protocol; claim boundary.
05_DIII_D_RECONSTRUCTION/00_Pretarget_Contract/K_REC_PRE.json,D:\SIR_paper\DIIID_example\S7\02_reconstruction_contract\K_REC_PRE.json,7736,7bcc35aff40c8e9ec18301b2adb1071aeffffeecc950f97f3ed9e496d32ace28,2026-09-02T22:25:17.872833+00:00,qrec,Results 1.5; Supplement S7,D3D-SIR-S7.2-RECONSTRUCTION-CONTRACT-V1,CANONICAL,yes,Target-blind pretarget contract skeleton and its V2 correction; cohort partition; validation protocol; baseline protocol; claim boundary.
05_DIII_D_RECONSTRUCTION/00_Pretarget_Contract/K_REC_PRE.md,D:\SIR_paper\DIIID_example\S7\02_reconstruction_contract\K_REC_PRE.md,5230,67aec02052cf4aea0311055e42c248b4038675b13d03b0d1d6b0211fbe00f2b3,2026-09-02T22:23:00.037443+00:00,qrec,Results 1.5; Supplement S7,D3D-SIR-S7.2-RECONSTRUCTION-CONTRACT-V1,CANONICAL,yes,Target-blind pretarget contract skeleton and its V2 correction; cohort partition; validation protocol; baseline protocol; claim boundary.
05_DIII_D_RECONSTRUCTION/00_Pretarget_Contract/MANIFEST.json,D:\SIR_paper\DIIID_example\S7\02_reconstruction_contract\MANIFEST.json,1854,b5a9c82d0b973a6cd2a0d89dfd8d2eb3bdc6836bf4b7634714ba56b5088b2b97,2026-09-08T00:51:17.515311+00:00,qrec,Results 1.5; Supplement S7,D3D-SIR-S7.2-RECONSTRUCTION-CONTRACT-V1,CANONICAL,yes,Target-blind pretarget contract skeleton and its V2 correction; cohort partition; validation protocol; baseline protocol; claim boundary.
05_DIII_D_RECONSTRUCTION/00_Pretarget_Contract/NUMERICAL_RESOLUTION_POLICY.md,D:\SIR_paper\DIIID_example\S7\02_reconstruction_contract\NUMERICAL_RESOLUTION_POLICY.md,4986,37803b5037f4f9b15390f38784ba0eb97cd295eaa91eb8f2954bf86859c7f789,2026-09-02T21:29:36.260940+00:00,qrec,Results 1.5; Supplement S7,D3D-SIR-S7.2-RECONSTRUCTION-CONTRACT-V1,CANONICAL,yes,Target-blind pretarget contract skeleton and its V2 correction; cohort partition; validation protocol; baseline protocol; claim boundary.
05_DIII_D_RECONSTRUCTION/00_Pretarget_Contract/PREPROCESSING_AND_LEAKAGE_POLICY.md,D:\SIR_paper\DIIID_example\S7\02_reconstruction_contract\PREPROCESSING_AND_LEAKAGE_POLICY.md,3369,bec88e9f828442178260e8dc3ba76fa29cb407327854b2050a7adbb7f3349065,2026-09-02T22:17:43.995534+00:00,qrec,Results 1.5; Supplement S7,D3D-SIR-S7.2-RECONSTRUCTION-CONTRACT-V1,CANONICAL,yes,Target-blind pretarget contract skeleton and its V2 correction; cohort partition; validation protocol; baseline protocol; claim boundary.
05_DIII_D_RECONSTRUCTION/00_Pretarget_Contract/README.md,D:\SIR_paper\DIIID_example\S7\02_reconstruction_contract\README.md,4077,0c62322958590219e17d5a39f20b6be8019b38f82f790423c92cd6d5ee8f3ab5,2026-09-02T22:24:08.230514+00:00,qrec,Results 1.5; Supplement S7,D3D-SIR-S7.2-RECONSTRUCTION-CONTRACT-V1,CANONICAL,yes,Target-blind pretarget contract skeleton and its V2 correction; cohort partition; validation protocol; baseline protocol; claim boundary.
05_DIII_D_RECONSTRUCTION/00_Pretarget_Contract/RECONSTRUCTION_TASK_DEFINITION.md,D:\SIR_paper\DIIID_example\S7\02_reconstruction_contract\RECONSTRUCTION_TASK_DEFINITION.md,5007,161bc644b410c3a5621db7127b5f59f54b2ef461f9c30b789a73eb1415fa5cd1,2026-09-02T21:27:39.612368+00:00,qrec,Results 1.5; Supplement S7,D3D-SIR-S7.2-RECONSTRUCTION-CONTRACT-V1,CANONICAL,yes,Target-blind pretarget contract skeleton and its V2 correction; cohort partition; validation protocol; baseline protocol; claim boundary.
05_DIII_D_RECONSTRUCTION/00_Pretarget_Contract/RELATION_AND_TRANSFER_POLICY.md,D:\SIR_paper\DIIID_example\S7\02_reconstruction_contract\RELATION_AND_TRANSFER_POLICY.md,3473,2581d9f58ab8e1dd56c045814d0a15c91d9de89e7a8a90e476a0197927a53400,2026-09-02T21:31:26.007552+00:00,qrec,Results 1.5; Supplement S7,D3D-SIR-S7.2-RECONSTRUCTION-CONTRACT-V1,CANONICAL,yes,Target-blind pretarget contract skeleton and its V2 correction; cohort partition; validation protocol; baseline protocol; claim boundary.
05_DIII_D_RECONSTRUCTION/00_Pretarget_Contract/S7_2_ACCEPTANCE_CHECKS.json,D:\SIR_paper\DIIID_example\S7\02_reconstruction_contract\S7_2_ACCEPTANCE_CHECKS.json,1563,491a83a05dcc6f8c84ce8a96517d410bbf39dc02c60b890d87e6801563eaf3f1,2026-09-02T22:25:17.902892+00:00,qrec,Results 1.5; Supplement S7,D3D-SIR-S7.2-RECONSTRUCTION-CONTRACT-V1,CANONICAL,yes,Target-blind pretarget contract skeleton and its V2 correction; cohort partition; validation protocol; baseline protocol; claim boundary.
05_DIII_D_RECONSTRUCTION/00_Pretarget_Contract/S7_2_FREEZE.json,D:\SIR_paper\DIIID_example\S7\02_reconstruction_contract\S7_2_FREEZE.json,7158,5e65d87825024d2e62b0db8fab8add518f364110e41f3a63f61571c80cc3102f,2026-09-02T22:25:18.092320+00:00,qrec,Results 1.5; Supplement S7,D3D-SIR-S7.2-RECONSTRUCTION-CONTRACT-V1,CANONICAL,yes,Target-blind pretarget contract skeleton and its V2 correction; cohort partition; validation protocol; baseline protocol; claim boundary.
05_DIII_D_RECONSTRUCTION/00_Pretarget_Contract/S7_2_RECONSTRUCTION_CONTRACT_AUDIT_REPORT.md,D:\SIR_paper\DIIID_example\S7\02_reconstruction_contract\S7_2_RECONSTRUCTION_CONTRACT_AUDIT_REPORT.md,14352,d8c89e011e577c377ca2118a63e498a9b44c2b85785d5e8d398db5252347b87a,2026-09-02T22:25:12.543025+00:00,qrec,Results 1.5; Supplement S7,D3D-SIR-S7.2-RECONSTRUCTION-CONTRACT-V1,CANONICAL,yes,Target-blind pretarget contract skeleton and its V2 correction; cohort partition; validation protocol; baseline protocol; claim boundary.
05_DIII_D_RECONSTRUCTION/00_Pretarget_Contract/S7_2_RECONSTRUCTION_CONTRACT_FINAL.md,D:\SIR_paper\DIIID_example\S7\02_reconstruction_contract\S7_2_RECONSTRUCTION_CONTRACT_FINAL.md,10596,751f7587dd5eb25bc7e5ee1b916ff1339d066c92d7197d46d905dd19e5f83121,2026-09-02T22:23:46.425980+00:00,qrec,Results 1.5; Supplement S7,D3D-SIR-S7.2-RECONSTRUCTION-CONTRACT-V1,CANONICAL,yes,Target-blind pretarget contract skeleton and its V2 correction; cohort partition; validation protocol; baseline protocol; claim boundary.
05_DIII_D_RECONSTRUCTION/00_Pretarget_Contract/SEARCH_BOUND_POLICY.md,D:\SIR_paper\DIIID_example\S7\02_reconstruction_contract\SEARCH_BOUND_POLICY.md,3972,1beb22a716e1a36ec3a4f842b0ce448b565048726aa85485a11cd3b2cd927366,2026-09-02T21:31:08.580409+00:00,qrec,Results 1.5; Supplement S7,D3D-SIR-S7.2-RECONSTRUCTION-CONTRACT-V1,CANONICAL,yes,Target-blind pretarget contract skeleton and its V2 correction; cohort partition; validation protocol; baseline protocol; claim boundary.
05_DIII_D_RECONSTRUCTION/00_Pretarget_Contract/STATISTICAL_INFERENCE_PLAN.md,D:\SIR_paper\DIIID_example\S7\02_reconstruction_contract\STATISTICAL_INFERENCE_PLAN.md,3116,47ea322713c210834f016c3e83bef5f083fe6a93728b8a6ad8e034bd7d5f2c85,2026-09-02T22:19:59.455921+00:00,qrec,Results 1.5; Supplement S7,D3D-SIR-S7.2-RECONSTRUCTION-CONTRACT-V1,CANONICAL,yes,Target-blind pretarget contract skeleton and its V2 correction; cohort partition; validation protocol; baseline protocol; claim boundary.
05_DIII_D_RECONSTRUCTION/00_Pretarget_Contract/TARGET_ELIGIBILITY_POLICY.md,D:\SIR_paper\DIIID_example\S7\02_reconstruction_contract\TARGET_ELIGIBILITY_POLICY.md,5434,68db537c9cf40157e0c94cca7dcb1a4a6deffc516fe2de81ff0e9dc270553e59,2026-09-02T21:28:39.164902+00:00,qrec,Results 1.5; Supplement S7,D3D-SIR-S7.2-RECONSTRUCTION-CONTRACT-V1,CANONICAL,yes,Target-blind pretarget contract skeleton and its V2 correction; cohort partition; validation protocol; baseline protocol; claim boundary.
05_DIII_D_RECONSTRUCTION/00_Pretarget_Contract/UNIT_AND_TYPE_POLICY.md,D:\SIR_paper\DIIID_example\S7\02_reconstruction_contract\UNIT_AND_TYPE_POLICY.md,4490,ff2144c09e909b851eb0dc6d98244506ef48421903514dfd26bb8e8d5d853fa3,2026-09-02T21:30:00.985101+00:00,qrec,Results 1.5; Supplement S7,D3D-SIR-S7.2-RECONSTRUCTION-CONTRACT-V1,CANONICAL,yes,Target-blind pretarget contract skeleton and its V2 correction; cohort partition; validation protocol; baseline protocol; claim boundary.
05_DIII_D_RECONSTRUCTION/00_Pretarget_Contract/UTILITY_AND_QUALIFICATION_POLICY.md,D:\SIR_paper\DIIID_example\S7\02_reconstruction_contract\UTILITY_AND_QUALIFICATION_POLICY.md,4504,8835c15f5d1117e591b6210a8e5579e8446b1c464574150cf4a8d0d0585d0e4f,2026-09-02T22:18:25.238269+00:00,qrec,Results 1.5; Supplement S7,D3D-SIR-S7.2-RECONSTRUCTION-CONTRACT-V1,CANONICAL,yes,Target-blind pretarget contract skeleton and its V2 correction; cohort partition; validation protocol; baseline protocol; claim boundary.
05_DIII_D_RECONSTRUCTION/00_Pretarget_Contract/VALIDATION_PROTOCOL.md,D:\SIR_paper\DIIID_example\S7\02_reconstruction_contract\VALIDATION_PROTOCOL.md,3792,c927288e3f35ba38bd9be8133c1273bb7c9232fe3100ee07eba752f80ec37b04,2026-09-02T21:31:45.470633+00:00,qrec,Results 1.5; Supplement S7,D3D-SIR-S7.2-RECONSTRUCTION-CONTRACT-V1,CANONICAL,yes,Target-blind pretarget contract skeleton and its V2 correction; cohort partition; validation protocol; baseline protocol; claim boundary.
05_DIII_D_RECONSTRUCTION/00_Pretarget_Contract/correction_v1/K_REC_PRE_V2.json,D:\SIR_paper\DIIID_example\S7\02_reconstruction_contract\correction_v1\K_REC_PRE_V2.json,16126,100b2a1cfc19bb97d7b7dbb8c874052ea1567d281205c86a82521733a9356a17,2026-09-02T23:24:43.634121+00:00,qrec,Results 1.5; Supplement S7,D3D-SIR-S7.2-RECONSTRUCTION-CONTRACT-V1,CANONICAL,yes,Target-blind pretarget contract skeleton and its V2 correction; cohort partition; validation protocol; baseline protocol; claim boundary.
05_DIII_D_RECONSTRUCTION/00_Pretarget_Contract/correction_v1/MANIFEST.json,D:\SIR_paper\DIIID_example\S7\02_reconstruction_contract\correction_v1\MANIFEST.json,1564,94b9f66cf816cea1c0d9e25574a92bc35eac6b16569b486dbe35267cf3ba4d0b,2026-09-08T00:51:17.517388+00:00,qrec,Results 1.5; Supplement S7,D3D-SIR-S7.2-RECONSTRUCTION-CONTRACT-V1,CANONICAL,yes,Target-blind pretarget contract skeleton and its V2 correction; cohort partition; validation protocol; baseline protocol; claim boundary.
05_DIII_D_RECONSTRUCTION/00_Pretarget_Contract/correction_v1/S7_2C_ACCEPTANCE_CHECKS.json,D:\SIR_paper\DIIID_example\S7\02_reconstruction_contract\correction_v1\S7_2C_ACCEPTANCE_CHECKS.json,1368,af7cb919b2d84f2593c16435e9b110a3d6b4938b48103854feab238196489817,2026-09-02T23:24:43.640280+00:00,qrec,Results 1.5; Supplement S7,D3D-SIR-S7.2-RECONSTRUCTION-CONTRACT-V1,CANONICAL,yes,Target-blind pretarget contract skeleton and its V2 correction; cohort partition; validation protocol; baseline protocol; claim boundary.
05_DIII_D_RECONSTRUCTION/00_Pretarget_Contract/correction_v1/S7_2C_CONTRACT_V2.md,D:\SIR_paper\DIIID_example\S7\02_reconstruction_contract\correction_v1\S7_2C_CONTRACT_V2.md,7864,c7a5be8a44750730503928816875be8e9ee1e22299eeef78d9b3652cd87970f8,2026-09-02T23:22:51.865008+00:00,qrec,Results 1.5; Supplement S7,D3D-SIR-S7.2-RECONSTRUCTION-CONTRACT-V1,CANONICAL,yes,Target-blind pretarget contract skeleton and its V2 correction; cohort partition; validation protocol; baseline protocol; claim boundary.
05_DIII_D_RECONSTRUCTION/00_Pretarget_Contract/correction_v1/S7_2C_CORRECTION_REPORT.md,D:\SIR_paper\DIIID_example\S7\02_reconstruction_contract\correction_v1\S7_2C_CORRECTION_REPORT.md,8693,30bca5850bbda93c811ca9b8b90997349f9496ad6d664ef8cc08bc07c15ed13d,2026-09-02T23:24:40.150581+00:00,qrec,Results 1.5; Supplement S7,D3D-SIR-S7.2-RECONSTRUCTION-CONTRACT-V1,CANONICAL,yes,Target-blind pretarget contract skeleton and its V2 correction; cohort partition; validation protocol; baseline protocol; claim boundary.
05_DIII_D_RECONSTRUCTION/00_Pretarget_Contract/correction_v1/S7_2C_DECISION_LEDGER.md,D:\SIR_paper\DIIID_example\S7\02_reconstruction_contract\correction_v1\S7_2C_DECISION_LEDGER.md,9126,97b91014e3b66f5ade6373e49482cfe5f36077ca6f224d5841c3e140f6c30351,2026-09-02T23:23:57.801923+00:00,qrec,Results 1.5; Supplement S7,D3D-SIR-S7.2-RECONSTRUCTION-CONTRACT-V1,CANONICAL,yes,Target-blind pretarget contract skeleton and its V2 correction; cohort partition; validation protocol; baseline protocol; claim boundary.
05_DIII_D_RECONSTRUCTION/00_Pretarget_Contract/correction_v1/S7_2_FREEZE_V2.json,D:\SIR_paper\DIIID_example\S7\02_reconstruction_contract\correction_v1\S7_2_FREEZE_V2.json,3720,ecd15ef9e833e0b25feb42cdbcf30c67634f1949f4e50b08546f38bb61e7faab,2026-09-02T23:24:43.793844+00:00,qrec,Results 1.5; Supplement S7,D3D-SIR-S7.2-RECONSTRUCTION-CONTRACT-V1,CANONICAL,yes,Target-blind pretarget contract skeleton and its V2 correction; cohort partition; validation protocol; baseline protocol; claim boundary.
05_DIII_D_RECONSTRUCTION/00_Pretarget_Contract/correction_v1/TARGET_SELECTION_RULE.md,D:\SIR_paper\DIIID_example\S7\02_reconstruction_contract\correction_v1\TARGET_SELECTION_RULE.md,4392,2b988067b3f87f32ec075ce16c855e243282eb7f769f4577afd62d083387d1de,2026-09-02T23:23:12.733968+00:00,qrec,Results 1.5; Supplement S7,D3D-SIR-S7.2-RECONSTRUCTION-CONTRACT-V1,CANONICAL,yes,Target-blind pretarget contract skeleton and its V2 correction; cohort partition; validation protocol; baseline protocol; claim boundary.
05_DIII_D_RECONSTRUCTION/00_Pretarget_Contract/correction_v1/index.html,D:\SIR_paper\DIIID_example\S7\02_reconstruction_contract\correction_v1\index.html,6855,71fa6da0e7f62ee3877282e0a09aa0819c2865ba5b62eff4871be717c373be9c,2026-09-08T00:51:17.518513+00:00,qrec,Results 1.5; Supplement S7,D3D-SIR-S7.2-RECONSTRUCTION-CONTRACT-V1,CANONICAL,yes,Target-blind pretarget contract skeleton and its V2 correction; cohort partition; validation protocol; baseline protocol; claim boundary.
05_DIII_D_RECONSTRUCTION/00_Pretarget_Contract/correction_v1/manifests/SUPERSEDED_CLAUSES.csv,D:\SIR_paper\DIIID_example\S7\02_reconstruction_contract\correction_v1\manifests\SUPERSEDED_CLAUSES.csv,3434,5a0202342b1bb2331bcf177e2b74b9f3598fae10522eedf241cbe20e7c7982ee,2026-09-02T23:24:43.633096+00:00,qrec,Results 1.5; Supplement S7,D3D-SIR-S7.2-RECONSTRUCTION-CONTRACT-V1,CANONICAL,yes,Target-blind pretarget contract skeleton and its V2 correction; cohort partition; validation protocol; baseline protocol; claim boundary.
05_DIII_D_RECONSTRUCTION/00_Pretarget_Contract/correction_v1/manifests/V1_FREEZE_VERIFICATION.json,D:\SIR_paper\DIIID_example\S7\02_reconstruction_contract\correction_v1\manifests\V1_FREEZE_VERIFICATION.json,1012,ca736c4695ced27c0cb6507b4962dbc6b46fb272ba602578430cdcab6de8bd86,2026-09-02T23:24:43.632551+00:00,qrec,Results 1.5; Supplement S7,D3D-SIR-S7.2-RECONSTRUCTION-CONTRACT-V1,CANONICAL,yes,Target-blind pretarget contract skeleton and its V2 correction; cohort partition; validation protocol; baseline protocol; claim boundary.
05_DIII_D_RECONSTRUCTION/00_Pretarget_Contract/correction_v1/metric_and_gate_definitions.json,D:\SIR_paper\DIIID_example\S7\02_reconstruction_contract\correction_v1\metric_and_gate_definitions.json,5592,18efb0db67ae0f0d6f36a7dff7e262374af831c157c7cf84ab982dc0991d5ccb,2026-09-02T23:24:43.633604+00:00,qrec,Results 1.5; Supplement S7,D3D-SIR-S7.2-RECONSTRUCTION-CONTRACT-V1,CANONICAL,yes,Target-blind pretarget contract skeleton and its V2 correction; cohort partition; validation protocol; baseline protocol; claim boundary.
05_DIII_D_RECONSTRUCTION/00_Pretarget_Contract/correction_v1/scripts/build_s7_2c.py,D:\SIR_paper\DIIID_example\S7\02_reconstruction_contract\correction_v1\scripts\build_s7_2c.py,30771,c2ab5887353b945c51cca02e9c6deaabbf14fdb2e83e9a2be97df795e1fefb76,2026-09-02T23:22:14.442370+00:00,qrec,Results 1.5; Supplement S7,D3D-SIR-S7.2-RECONSTRUCTION-CONTRACT-V1,CANONICAL,yes,Target-blind pretarget contract skeleton and its V2 correction; cohort partition; validation protocol; baseline protocol; claim boundary.
05_DIII_D_RECONSTRUCTION/00_Pretarget_Contract/correction_v1/target_selection_schema.json,D:\SIR_paper\DIIID_example\S7\02_reconstruction_contract\correction_v1\target_selection_schema.json,2574,09341740a1db8104b449578d7d154fa7b100a3b0aa981eef3c0d540eb56ee3d2,2026-09-02T23:24:43.633096+00:00,qrec,Results 1.5; Supplement S7,D3D-SIR-S7.2-RECONSTRUCTION-CONTRACT-V1,CANONICAL,yes,Target-blind pretarget contract skeleton and its V2 correction; cohort partition; validation protocol; baseline protocol; claim boundary.
05_DIII_D_RECONSTRUCTION/00_Pretarget_Contract/index.html,D:\SIR_paper\DIIID_example\S7\02_reconstruction_contract\index.html,7261,230664378a5246e2cf2fb9a68146b48cdbd965748036ee8273f8c56b486a1806,2026-09-08T00:51:17.516382+00:00,qrec,Results 1.5; Supplement S7,D3D-SIR-S7.2-RECONSTRUCTION-CONTRACT-V1,CANONICAL,yes,Target-blind pretarget contract skeleton and its V2 correction; cohort partition; validation protocol; baseline protocol; claim boundary.
05_DIII_D_RECONSTRUCTION/00_Pretarget_Contract/leakage_matrix.csv,D:\SIR_paper\DIIID_example\S7\02_reconstruction_contract\leakage_matrix.csv,2729,a5e36637b20715da174404cb937cc7fe42b4d25b10ab7d7f6d47502199a6e66a,2026-09-02T22:17:22.077438+00:00,qrec,Results 1.5; Supplement S7,D3D-SIR-S7.2-RECONSTRUCTION-CONTRACT-V1,CANONICAL,yes,Target-blind pretarget contract skeleton and its V2 correction; cohort partition; validation protocol; baseline protocol; claim boundary.
05_DIII_D_RECONSTRUCTION/00_Pretarget_Contract/manifests/COHORT_PARTITION_FREEZE.json,D:\SIR_paper\DIIID_example\S7\02_reconstruction_contract\manifests\COHORT_PARTITION_FREEZE.json,1460,bf3e8e4a6f5cf14fa3b538d218d2c902d59290c55b8e00bf846915c10f5564b9,2026-09-02T21:26:57.082473+00:00,qrec,Results 1.5; Supplement S7,D3D-SIR-S7.2-RECONSTRUCTION-CONTRACT-V1,CANONICAL,yes,Target-blind pretarget contract skeleton and its V2 correction; cohort partition; validation protocol; baseline protocol; claim boundary.
05_DIII_D_RECONSTRUCTION/00_Pretarget_Contract/manifests/S7_1_INPUT_VERIFICATION.json,D:\SIR_paper\DIIID_example\S7\02_reconstruction_contract\manifests\S7_1_INPUT_VERIFICATION.json,8171,3712e53c8bf0ca6836955909c23ad858008cd5578bcaf2d7b8a566a918b145ac,2026-09-02T21:25:44.382576+00:00,qrec,Results 1.5; Supplement S7,D3D-SIR-S7.2-RECONSTRUCTION-CONTRACT-V1,CANONICAL,yes,Target-blind pretarget contract skeleton and its V2 correction; cohort partition; validation protocol; baseline protocol; claim boundary.
05_DIII_D_RECONSTRUCTION/00_Pretarget_Contract/manifests/validation_feasibility_audit.csv,D:\SIR_paper\DIIID_example\S7\02_reconstruction_contract\manifests\validation_feasibility_audit.csv,115027,d30692bbbc6699778bcea78f0acdd15f11eeea1998f8032054cce7603fadf70d,2026-09-02T21:26:57.066208+00:00,qrec,Results 1.5; Supplement S7,D3D-SIR-S7.2-RECONSTRUCTION-CONTRACT-V1,CANONICAL,yes,Target-blind pretarget contract skeleton and its V2 correction; cohort partition; validation protocol; baseline protocol; claim boundary.
05_DIII_D_RECONSTRUCTION/00_Pretarget_Contract/scripts/build_contract_and_freeze.py,D:\SIR_paper\DIIID_example\S7\02_reconstruction_contract\scripts\build_contract_and_freeze.py,20633,b233b916a496120b8e2176ff6472f6485e25786919d84fec7320f688b9fc93e6,2026-09-02T22:21:15.353133+00:00,qrec,Results 1.5; Supplement S7,D3D-SIR-S7.2-RECONSTRUCTION-CONTRACT-V1,CANONICAL,yes,Target-blind pretarget contract skeleton and its V2 correction; cohort partition; validation protocol; baseline protocol; claim boundary.
05_DIII_D_RECONSTRUCTION/00_Pretarget_Contract/scripts/build_partition_and_validation.py,D:\SIR_paper\DIIID_example\S7\02_reconstruction_contract\scripts\build_partition_and_validation.py,10449,d8388ba60bf95bdab0a2146aa0f8a62fe54302ad92e3a81b352a523361e7e767,2026-09-02T21:26:53.598844+00:00,qrec,Results 1.5; Supplement S7,D3D-SIR-S7.2-RECONSTRUCTION-CONTRACT-V1,CANONICAL,yes,Target-blind pretarget contract skeleton and its V2 correction; cohort partition; validation protocol; baseline protocol; claim boundary.
05_DIII_D_RECONSTRUCTION/00_Pretarget_Contract/scripts/verify_s7_1_input.py,D:\SIR_paper\DIIID_example\S7\02_reconstruction_contract\scripts\verify_s7_1_input.py,8141,352eb7647a88c114b102756905791059baa9d5d3de999bf7ce64cfaff26e1ec5,2026-09-02T21:25:39.362012+00:00,qrec,Results 1.5; Supplement S7,D3D-SIR-S7.2-RECONSTRUCTION-CONTRACT-V1,CANONICAL,yes,Target-blind pretarget contract skeleton and its V2 correction; cohort partition; validation protocol; baseline protocol; claim boundary.
05_DIII_D_RECONSTRUCTION/00_Pretarget_Contract/target_eligibility_schema.json,D:\SIR_paper\DIIID_example\S7\02_reconstruction_contract\target_eligibility_schema.json,3862,1bd498370f183e00def7175c04c50a807f6efdb69caf9a98819c3f122ce8a3fd,2026-09-02T22:25:17.872331+00:00,qrec,Results 1.5; Supplement S7,D3D-SIR-S7.2-RECONSTRUCTION-CONTRACT-V1,CANONICAL,yes,Target-blind pretarget contract skeleton and its V2 correction; cohort partition; validation protocol; baseline protocol; claim boundary.
05_DIII_D_RECONSTRUCTION/00_Pretarget_Contract/validation_windows.json,D:\SIR_paper\DIIID_example\S7\02_reconstruction_contract\validation_windows.json,2686,c7bedec96e961b3fab24e6a413cbd5129a27dd864b7abc4a36666ff58ef0cb3c,2026-09-02T21:26:57.071716+00:00,qrec,Results 1.5; Supplement S7,D3D-SIR-S7.2-RECONSTRUCTION-CONTRACT-V1,CANONICAL,yes,Target-blind pretarget contract skeleton and its V2 correction; cohort partition; validation protocol; baseline protocol; claim boundary.
05_DIII_D_RECONSTRUCTION/01_Target_Selection_and_02_Information_Boundary/INFORMATION_BOUNDARY_FINAL.md,D:\SIR_paper\DIIID_example\S7\03_target_feasibility_and_boundary\INFORMATION_BOUNDARY_FINAL.md,5090,67ec8944431b9dbb3f36e7c3c88ca7cdd056f7fa8e1d9115945f8fd2e38c6331,2026-09-03T00:39:55.350802+00:00,qrec,Results 1.5; Supplement S7,D3D-SIR-S7.3-TARGET-FEASIBILITY-SOURCE-RESOLUTION-V2,CANONICAL,yes,"Target census, ranking and selection (y* = density); the information boundary that admits 78 of 95 quantities and excludes 17 with reasons."
05_DIII_D_RECONSTRUCTION/01_Target_Selection_and_02_Information_Boundary/I_REC_SELECTED.json,D:\SIR_paper\DIIID_example\S7\03_target_feasibility_and_boundary\I_REC_SELECTED.json,943,7e184f32b45c8f4105b8f6b91327c28813b001e68dc7eb8ec957c0fcd7d8a93b,2026-09-03T00:42:28.310187+00:00,qrec,Results 1.5; Supplement S7,D3D-SIR-S7.3-TARGET-FEASIBILITY-SOURCE-RESOLUTION-V2,CANONICAL,yes,"Target census, ranking and selection (y* = density); the information boundary that admits 78 of 95 quantities and excludes 17 with reasons."
05_DIII_D_RECONSTRUCTION/01_Target_Selection_and_02_Information_Boundary/MANIFEST.json,D:\SIR_paper\DIIID_example\S7\03_target_feasibility_and_boundary\MANIFEST.json,1663,c0907ccfd796aea3587099290231a859ae5d3da3bbead80100aadefa6a7bbcd8,2026-09-08T00:51:17.521163+00:00,qrec,Results 1.5; Supplement S7,D3D-SIR-S7.3-TARGET-FEASIBILITY-SOURCE-RESOLUTION-V2,CANONICAL,yes,"Target census, ranking and selection (y* = density); the information boundary that admits 78 of 95 quantities and excludes 17 with reasons."
05_DIII_D_RECONSTRUCTION/01_Target_Selection_and_02_Information_Boundary/O_REC_SELECTED.json,D:\SIR_paper\DIIID_example\S7\03_target_feasibility_and_boundary\O_REC_SELECTED.json,2420,0ef9b4b464a33fd1397f31fad080375931bc600142cba8a2334410c7f5e78c1d,2026-09-03T00:42:28.311239+00:00,qrec,Results 1.5; Supplement S7,D3D-SIR-S7.3-TARGET-FEASIBILITY-SOURCE-RESOLUTION-V2,CANONICAL,yes,"Target census, ranking and selection (y* = density); the information boundary that admits 78 of 95 quantities and excludes 17 with reasons."
05_DIII_D_RECONSTRUCTION/01_Target_Selection_and_02_Information_Boundary/README.md,D:\SIR_paper\DIIID_example\S7\03_target_feasibility_and_boundary\README.md,3988,40f3aef925d050f473640e25a902d5a4b8d7a3ae7e2ae6b3c3a84a3fbd9c18e8,2026-09-03T00:42:15.092347+00:00,qrec,Results 1.5; Supplement S7,D3D-SIR-S7.3-TARGET-FEASIBILITY-SOURCE-RESOLUTION-V2,CANONICAL,yes,"Target census, ranking and selection (y* = density); the information boundary that admits 78 of 95 quantities and excludes 17 with reasons."
05_DIII_D_RECONSTRUCTION/01_Target_Selection_and_02_Information_Boundary/S7_3_ACCEPTANCE_CHECKS.json,D:\SIR_paper\DIIID_example\S7\03_target_feasibility_and_boundary\S7_3_ACCEPTANCE_CHECKS.json,2362,d7574763a961b6bf30db195ceb97c1a675bd38d8aa8ed5cf57f17e2208242fa9,2026-09-03T00:42:28.316357+00:00,qrec,Results 1.5; Supplement S7,D3D-SIR-S7.3-TARGET-FEASIBILITY-SOURCE-RESOLUTION-V2,CANONICAL,yes,"Target census, ranking and selection (y* = density); the information boundary that admits 78 of 95 quantities and excludes 17 with reasons."
05_DIII_D_RECONSTRUCTION/01_Target_Selection_and_02_Information_Boundary/S7_3_FREEZE.json,D:\SIR_paper\DIIID_example\S7\03_target_feasibility_and_boundary\S7_3_FREEZE.json,6076,27d79631276fbbc59dfc3428bd566d5ca8a726878107a7fe38c3b9f2f784fa8a,2026-09-03T00:42:28.373193+00:00,qrec,Results 1.5; Supplement S7,D3D-SIR-S7.3-TARGET-FEASIBILITY-SOURCE-RESOLUTION-V2,CANONICAL,yes,"Target census, ranking and selection (y* = density); the information boundary that admits 78 of 95 quantities and excludes 17 with reasons."
05_DIII_D_RECONSTRUCTION/01_Target_Selection_and_02_Information_Boundary/S7_3_TARGET_FEASIBILITY_AUDIT_REPORT.md,D:\SIR_paper\DIIID_example\S7\03_target_feasibility_and_boundary\S7_3_TARGET_FEASIBILITY_AUDIT_REPORT.md,10500,28a518516617f2d9fb49cc3e543dbb2df537c311f3cad099378c3fadb8776d88,2026-09-03T00:41:52.733875+00:00,qrec,Results 1.5; Supplement S7,D3D-SIR-S7.3-TARGET-FEASIBILITY-SOURCE-RESOLUTION-V2,CANONICAL,yes,"Target census, ranking and selection (y* = density); the information boundary that admits 78 of 95 quantities and excludes 17 with reasons."
05_DIII_D_RECONSTRUCTION/01_Target_Selection_and_02_Information_Boundary/S7_3_TARGET_FEASIBILITY_FINAL.md,D:\SIR_paper\DIIID_example\S7\03_target_feasibility_and_boundary\S7_3_TARGET_FEASIBILITY_FINAL.md,7166,a68e28ca7eaaba4ccc34dbacd54b64d64e3d02504e66e270e4edd5ea5afcbdd8,2026-09-03T00:40:58.733889+00:00,qrec,Results 1.5; Supplement S7,D3D-SIR-S7.3-TARGET-FEASIBILITY-SOURCE-RESOLUTION-V2,CANONICAL,yes,"Target census, ranking and selection (y* = density); the information boundary that admits 78 of 95 quantities and excludes 17 with reasons."
05_DIII_D_RECONSTRUCTION/01_Target_Selection_and_02_Information_Boundary/SELECTED_TARGET.md,D:\SIR_paper\DIIID_example\S7\03_target_feasibility_and_boundary\SELECTED_TARGET.md,3917,75f6c19e82975be871edfd45c43cd490438962b40fa3c2fe817847f7ff902dd3,2026-09-03T00:39:27.980046+00:00,qrec,Results 1.5; Supplement S7,D3D-SIR-S7.3-TARGET-FEASIBILITY-SOURCE-RESOLUTION-V2,CANONICAL,yes,"Target census, ranking and selection (y* = density); the information boundary that admits 78 of 95 quantities and excludes 17 with reasons."
05_DIII_D_RECONSTRUCTION/01_Target_Selection_and_02_Information_Boundary/TARGET_SELECTION_AUDIT.md,D:\SIR_paper\DIIID_example\S7\03_target_feasibility_and_boundary\TARGET_SELECTION_AUDIT.md,5853,a024b3e9fc53e065f2c73c0e4879cad24a16d9c8ba025ad4bf78662613a2d477,2026-09-03T00:40:26.692883+00:00,qrec,Results 1.5; Supplement S7,D3D-SIR-S7.3-TARGET-FEASIBILITY-SOURCE-RESOLUTION-V2,CANONICAL,yes,"Target census, ranking and selection (y* = density); the information boundary that admits 78 of 95 quantities and excludes 17 with reasons."
05_DIII_D_RECONSTRUCTION/01_Target_Selection_and_02_Information_Boundary/TARGET_SELECTION_RESULT.json,D:\SIR_paper\DIIID_example\S7\03_target_feasibility_and_boundary\TARGET_SELECTION_RESULT.json,1614,01ee4aa2a06d661715c7bcda4616a8492f06506bb79b63349c5d420e1869445c,2026-09-03T00:42:28.310187+00:00,qrec,Results 1.5; Supplement S7,D3D-SIR-S7.3-TARGET-FEASIBILITY-SOURCE-RESOLUTION-V2,CANONICAL,yes,"Target census, ranking and selection (y* = density); the information boundary that admits 78 of 95 quantities and excludes 17 with reasons."
05_DIII_D_RECONSTRUCTION/01_Target_Selection_and_02_Information_Boundary/algebraic_duplicate_audit.csv,D:\SIR_paper\DIIID_example\S7\03_target_feasibility_and_boundary\algebraic_duplicate_audit.csv,23738,f87d01f09392039429fb97e716dfbdba4665b5b66a09e7d5b413961c4a3f0877,2026-09-03T00:42:28.290768+00:00,qrec,Results 1.5; Supplement S7,D3D-SIR-S7.3-TARGET-FEASIBILITY-SOURCE-RESOLUTION-V2,CANONICAL,yes,"Target census, ranking and selection (y* = density); the information boundary that admits 78 of 95 quantities and excludes 17 with reasons."
05_DIII_D_RECONSTRUCTION/01_Target_Selection_and_02_Information_Boundary/candidate_target_census.csv,D:\SIR_paper\DIIID_example\S7\03_target_feasibility_and_boundary\candidate_target_census.csv,12969,a4526226f0dc8cbd8af0433add5fd3eb3c17d4ee3bb893202ea1d56a7198e93f,2026-09-03T00:39:01.670302+00:00,qrec,Results 1.5; Supplement S7,D3D-SIR-S7.3-TARGET-FEASIBILITY-SOURCE-RESOLUTION-V2,CANONICAL,yes,"Target census, ranking and selection (y* = density); the information boundary that admits 78 of 95 quantities and excludes 17 with reasons."
05_DIII_D_RECONSTRUCTION/01_Target_Selection_and_02_Information_Boundary/development_nrmse_scale_audit.csv,D:\SIR_paper\DIIID_example\S7\03_target_feasibility_and_boundary\development_nrmse_scale_audit.csv,224430,4e6bc253b909a459a3248b2aaef7425d044d3d40aa8ae4596e59a9d6172bfa09,2026-09-03T00:39:04.950488+00:00,qrec,Results 1.5; Supplement S7,D3D-SIR-S7.3-TARGET-FEASIBILITY-SOURCE-RESOLUTION-V2,CANONICAL,yes,"Target census, ranking and selection (y* = density); the information boundary that admits 78 of 95 quantities and excludes 17 with reasons."
05_DIII_D_RECONSTRUCTION/01_Target_Selection_and_02_Information_Boundary/development_rrv_per_shot.csv,D:\SIR_paper\DIIID_example\S7\03_target_feasibility_and_boundary\development_rrv_per_shot.csv,55848,6a8c33fa0795dcceb5a6491e2e8785c7a3803dd14af1d3a74e98558496206376,2026-09-03T00:39:04.941826+00:00,qrec,Results 1.5; Supplement S7,D3D-SIR-S7.3-TARGET-FEASIBILITY-SOURCE-RESOLUTION-V2,CANONICAL,yes,"Target census, ranking and selection (y* = density); the information boundary that admits 78 of 95 quantities and excludes 17 with reasons."
05_DIII_D_RECONSTRUCTION/01_Target_Selection_and_02_Information_Boundary/index.html,D:\SIR_paper\DIIID_example\S7\03_target_feasibility_and_boundary\index.html,6980,79093b760d9f7d96441657342aecf0c727174f0e11c9c33b4b31ff33b78cb166,2026-09-08T00:51:17.521688+00:00,qrec,Results 1.5; Supplement S7,D3D-SIR-S7.3-TARGET-FEASIBILITY-SOURCE-RESOLUTION-V2,CANONICAL,yes,"Target census, ranking and selection (y* = density); the information boundary that admits 78 of 95 quantities and excludes 17 with reasons."
05_DIII_D_RECONSTRUCTION/01_Target_Selection_and_02_Information_Boundary/manifests/CONTRACT_NOTATION_AUDIT.json,D:\SIR_paper\DIIID_example\S7\03_target_feasibility_and_boundary\manifests\CONTRACT_NOTATION_AUDIT.json,2066,2e475ebb61eb52b3f617e83a99001a9261ec623c7ed76fe6079c8b9b8c57ffd3,2026-09-03T00:39:01.643203+00:00,qrec,Results 1.5; Supplement S7,D3D-SIR-S7.3-TARGET-FEASIBILITY-SOURCE-RESOLUTION-V2,CANONICAL,yes,"Target census, ranking and selection (y* = density); the information boundary that admits 78 of 95 quantities and excludes 17 with reasons."
05_DIII_D_RECONSTRUCTION/01_Target_Selection_and_02_Information_Boundary/manifests/DATA_ACCESS_LOG.csv,D:\SIR_paper\DIIID_example\S7\03_target_feasibility_and_boundary\manifests\DATA_ACCESS_LOG.csv,4455,40fb576a83fd8874a7be9459642c1f9370b645668bc693432ddf5d3ca239c6c3,2026-09-03T00:39:04.952007+00:00,qrec,Results 1.5; Supplement S7,D3D-SIR-S7.3-TARGET-FEASIBILITY-SOURCE-RESOLUTION-V2,CANONICAL,yes,"Target census, ranking and selection (y* = density); the information boundary that admits 78 of 95 quantities and excludes 17 with reasons."
05_DIII_D_RECONSTRUCTION/01_Target_Selection_and_02_Information_Boundary/manifests/EXTERNAL_FIREWALL_AUDIT.json,D:\SIR_paper\DIIID_example\S7\03_target_feasibility_and_boundary\manifests\EXTERNAL_FIREWALL_AUDIT.json,697,ea74beefd02579f9193c3e43563cdf3367186a0d1b328cf3eb69df903da325c7,2026-09-03T00:39:04.952007+00:00,qrec,Results 1.5; Supplement S7,D3D-SIR-S7.3-TARGET-FEASIBILITY-SOURCE-RESOLUTION-V2,CANONICAL,yes,"Target census, ranking and selection (y* = density); the information boundary that admits 78 of 95 quantities and excludes 17 with reasons."
05_DIII_D_RECONSTRUCTION/01_Target_Selection_and_02_Information_Boundary/manifests/PARENT_FREEZE_VERIFICATION.json,D:\SIR_paper\DIIID_example\S7\03_target_feasibility_and_boundary\manifests\PARENT_FREEZE_VERIFICATION.json,1038,78c83cb868bf036085d81bb65894d134478196a53c34b39a2ad8273bf69dc2e8,2026-09-03T00:39:01.642699+00:00,qrec,Results 1.5; Supplement S7,D3D-SIR-S7.3-TARGET-FEASIBILITY-SOURCE-RESOLUTION-V2,CANONICAL,yes,"Target census, ranking and selection (y* = density); the information boundary that admits 78 of 95 quantities and excludes 17 with reasons."
05_DIII_D_RECONSTRUCTION/01_Target_Selection_and_02_Information_Boundary/manifests/SELECTED_TARGET_SANITY_AUDIT.json,D:\SIR_paper\DIIID_example\S7\03_target_feasibility_and_boundary\manifests\SELECTED_TARGET_SANITY_AUDIT.json,649,0565bf65894b331b857049276adf37f5a7fad80d46a9f4aeaea6842f3ffd1e14,2026-09-03T00:42:28.302338+00:00,qrec,Results 1.5; Supplement S7,D3D-SIR-S7.3-TARGET-FEASIBILITY-SOURCE-RESOLUTION-V2,CANONICAL,yes,"Target census, ranking and selection (y* = density); the information boundary that admits 78 of 95 quantities and excludes 17 with reasons."
05_DIII_D_RECONSTRUCTION/01_Target_Selection_and_02_Information_Boundary/manifests/SIBLING_AMBIGUITY_SENSITIVITY.json,D:\SIR_paper\DIIID_example\S7\03_target_feasibility_and_boundary\manifests\SIBLING_AMBIGUITY_SENSITIVITY.json,575,5160d27f406f71afa6412cffff5cd6966912eb712c9a021a2e3dfecf585e1812,2026-09-03T00:42:28.300839+00:00,qrec,Results 1.5; Supplement S7,D3D-SIR-S7.3-TARGET-FEASIBILITY-SOURCE-RESOLUTION-V2,CANONICAL,yes,"Target census, ranking and selection (y* = density); the information boundary that admits 78 of 95 quantities and excludes 17 with reasons."
05_DIII_D_RECONSTRUCTION/01_Target_Selection_and_02_Information_Boundary/manifests/SIBLING_SUBFAMILY_RULE.json,D:\SIR_paper\DIIID_example\S7\03_target_feasibility_and_boundary\manifests\SIBLING_SUBFAMILY_RULE.json,3047,93dd6cf18522df236b9300fcd9498528dad1df6e08018e971a7f526e00964ab5,2026-09-03T00:39:01.674696+00:00,qrec,Results 1.5; Supplement S7,D3D-SIR-S7.3-TARGET-FEASIBILITY-SOURCE-RESOLUTION-V2,CANONICAL,yes,"Target census, ranking and selection (y* = density); the information boundary that admits 78 of 95 quantities and excludes 17 with reasons."
05_DIII_D_RECONSTRUCTION/01_Target_Selection_and_02_Information_Boundary/manifests/TARGET_FLAG_MAPPING_FREEZE.json,D:\SIR_paper\DIIID_example\S7\03_target_feasibility_and_boundary\manifests\TARGET_FLAG_MAPPING_FREEZE.json,3430,ed379c96b02aa7a7bf213720d514d9bfc0cbae37daa5a89ba4e96e9a33f4cfbb,2026-09-03T00:39:01.664243+00:00,qrec,Results 1.5; Supplement S7,D3D-SIR-S7.3-TARGET-FEASIBILITY-SOURCE-RESOLUTION-V2,CANONICAL,yes,"Target census, ranking and selection (y* = density); the information boundary that admits 78 of 95 quantities and excludes 17 with reasons."
05_DIII_D_RECONSTRUCTION/01_Target_Selection_and_02_Information_Boundary/reconciliation_source_resolution/CORRECTED_INFORMATION_BOUNDARY.md,D:\SIR_paper\DIIID_example\S7\03_target_feasibility_and_boundary\reconciliation_source_resolution\CORRECTED_INFORMATION_BOUNDARY.md,5919,9af5d58752c0c6f98207744da6f1e766fe4ea98f9fbdf3ab90f45e4ae89489d6,2026-09-03T04:35:11.409385+00:00,qrec,Results 1.5; Supplement S7,D3D-SIR-S7.3-TARGET-FEASIBILITY-SOURCE-RESOLUTION-V2,CANONICAL,yes,"Target census, ranking and selection (y* = density); the information boundary that admits 78 of 95 quantities and excludes 17 with reasons."
05_DIII_D_RECONSTRUCTION/01_Target_Selection_and_02_Information_Boundary/reconciliation_source_resolution/CORRECTED_TARGET_SELECTION.md,D:\SIR_paper\DIIID_example\S7\03_target_feasibility_and_boundary\reconciliation_source_resolution\CORRECTED_TARGET_SELECTION.md,5331,e1cd3d6264c422b2198ed47b7d747fa52ca6b9f4f70efea5e69a4925892b8ca2,2026-09-03T04:34:39.398860+00:00,qrec,Results 1.5; Supplement S7,D3D-SIR-S7.3-TARGET-FEASIBILITY-SOURCE-RESOLUTION-V2,CANONICAL,yes,"Target census, ranking and selection (y* = density); the information boundary that admits 78 of 95 quantities and excludes 17 with reasons."
05_DIII_D_RECONSTRUCTION/01_Target_Selection_and_02_Information_Boundary/reconciliation_source_resolution/I_REC_SELECTED_V2.json,D:\SIR_paper\DIIID_example\S7\03_target_feasibility_and_boundary\reconciliation_source_resolution\I_REC_SELECTED_V2.json,1021,b340f44eac22c3f3a2596f4275be17164b68ba53b496203d416d42438fabe5c7,2026-09-03T04:37:36.691001+00:00,qrec,Results 1.5; Supplement S7,D3D-SIR-S7.3-TARGET-FEASIBILITY-SOURCE-RESOLUTION-V2,CANONICAL,yes,"Target census, ranking and selection (y* = density); the information boundary that admits 78 of 95 quantities and excludes 17 with reasons."
05_DIII_D_RECONSTRUCTION/01_Target_Selection_and_02_Information_Boundary/reconciliation_source_resolution/MANIFEST.json,D:\SIR_paper\DIIID_example\S7\03_target_feasibility_and_boundary\reconciliation_source_resolution\MANIFEST.json,2180,2463f0f90122cf78b424f1d169b876b55a7fb897706cea56857270c3ce580c95,2026-09-08T00:51:17.523260+00:00,qrec,Results 1.5; Supplement S7,D3D-SIR-S7.3-TARGET-FEASIBILITY-SOURCE-RESOLUTION-V2,CANONICAL,yes,"Target census, ranking and selection (y* = density); the information boundary that admits 78 of 95 quantities and excludes 17 with reasons."
05_DIII_D_RECONSTRUCTION/01_Target_Selection_and_02_Information_Boundary/reconciliation_source_resolution/O_REC_SELECTED_V2.json,D:\SIR_paper\DIIID_example\S7\03_target_feasibility_and_boundary\reconciliation_source_resolution\O_REC_SELECTED_V2.json,2969,96c5551186d3a6dfd8e7efb8f065e9767188a2b5051ca2865c3fefa7affd1e25,2026-09-03T04:37:36.692344+00:00,qrec,Results 1.5; Supplement S7,D3D-SIR-S7.3-TARGET-FEASIBILITY-SOURCE-RESOLUTION-V2,CANONICAL,yes,"Target census, ranking and selection (y* = density); the information boundary that admits 78 of 95 quantities and excludes 17 with reasons."
05_DIII_D_RECONSTRUCTION/01_Target_Selection_and_02_Information_Boundary/reconciliation_source_resolution/README.md,D:\SIR_paper\DIIID_example\S7\03_target_feasibility_and_boundary\reconciliation_source_resolution\README.md,4400,3a5c6faa227fdd8eeaa09dbac9ebcda02657c10c4c3c9c455f895be14a0d0d40,2026-09-03T04:36:53.000043+00:00,qrec,Results 1.5; Supplement S7,D3D-SIR-S7.3-TARGET-FEASIBILITY-SOURCE-RESOLUTION-V2,CANONICAL,yes,"Target census, ranking and selection (y* = density); the information boundary that admits 78 of 95 quantities and excludes 17 with reasons."
05_DIII_D_RECONSTRUCTION/01_Target_Selection_and_02_Information_Boundary/reconciliation_source_resolution/S7_3R_ACCEPTANCE_CHECKS.json,D:\SIR_paper\DIIID_example\S7\03_target_feasibility_and_boundary\reconciliation_source_resolution\S7_3R_ACCEPTANCE_CHECKS.json,1979,41f9a1d848bf01c8a356f7b20a0aed38bc934f7969a61aec3aaa77531fe91e9d,2026-09-03T04:37:36.693862+00:00,qrec,Results 1.5; Supplement S7,D3D-SIR-S7.3-TARGET-FEASIBILITY-SOURCE-RESOLUTION-V2,CANONICAL,yes,"Target census, ranking and selection (y* = density); the information boundary that admits 78 of 95 quantities and excludes 17 with reasons."
05_DIII_D_RECONSTRUCTION/01_Target_Selection_and_02_Information_Boundary/reconciliation_source_resolution/S7_3R_TEMPORAL_ADMISSIBILITY_AUDIT_REPORT.md,D:\SIR_paper\DIIID_example\S7\03_target_feasibility_and_boundary\reconciliation_source_resolution\S7_3R_TEMPORAL_ADMISSIBILITY_AUDIT_REPORT.md,10079,fe1baa1c515d73e35c263101b69fe243cf124142e3d841604b151d5ad43775c0,2026-09-03T04:36:01.582593+00:00,qrec,Results 1.5; Supplement S7,D3D-SIR-S7.3-TARGET-FEASIBILITY-SOURCE-RESOLUTION-V2,CANONICAL,yes,"Target census, ranking and selection (y* = density); the information boundary that admits 78 of 95 quantities and excludes 17 with reasons."
05_DIII_D_RECONSTRUCTION/01_Target_Selection_and_02_Information_Boundary/reconciliation_source_resolution/S7_3R_TEMPORAL_ADMISSIBILITY_FINAL.md,D:\SIR_paper\DIIID_example\S7\03_target_feasibility_and_boundary\reconciliation_source_resolution\S7_3R_TEMPORAL_ADMISSIBILITY_FINAL.md,5757,39224a810cb4735c607135dba0ff5fe9f492d336891a52d3c74ffacf3f73edb1,2026-09-03T04:36:29.074771+00:00,qrec,Results 1.5; Supplement S7,D3D-SIR-S7.3-TARGET-FEASIBILITY-SOURCE-RESOLUTION-V2,CANONICAL,yes,"Target census, ranking and selection (y* = density); the information boundary that admits 78 of 95 quantities and excludes 17 with reasons."
05_DIII_D_RECONSTRUCTION/01_Target_Selection_and_02_Information_Boundary/reconciliation_source_resolution/S7_3_FREEZE_V2.json,D:\SIR_paper\DIIID_example\S7\03_target_feasibility_and_boundary\reconciliation_source_resolution\S7_3_FREEZE_V2.json,4980,a8477f185c8dfb31d799c7607fa1a183d762405353c8bc21f195ff2524ff8a74,2026-09-03T04:37:36.836605+00:00,qrec,Results 1.5; Supplement S7,D3D-SIR-S7.3-TARGET-FEASIBILITY-SOURCE-RESOLUTION-V2,CANONICAL,yes,"Target census, ranking and selection (y* = density); the information boundary that admits 78 of 95 quantities and excludes 17 with reasons."
05_DIII_D_RECONSTRUCTION/01_Target_Selection_and_02_Information_Boundary/reconciliation_source_resolution/TARGET_SELECTION_RESULT_V2.json,D:\SIR_paper\DIIID_example\S7\03_target_feasibility_and_boundary\reconciliation_source_resolution\TARGET_SELECTION_RESULT_V2.json,2939,20209dbc5d905725bd7005eee251a6c30bb3ed09ca568d897f8f528345de7bab,2026-09-03T04:37:36.690497+00:00,qrec,Results 1.5; Supplement S7,D3D-SIR-S7.3-TARGET-FEASIBILITY-SOURCE-RESOLUTION-V2,CANONICAL,yes,"Target census, ranking and selection (y* = density); the information boundary that admits 78 of 95 quantities and excludes 17 with reasons."
05_DIII_D_RECONSTRUCTION/01_Target_Selection_and_02_Information_Boundary/reconciliation_source_resolution/candidate_grid_requirements.csv,D:\SIR_paper\DIIID_example\S7\03_target_feasibility_and_boundary\reconciliation_source_resolution\candidate_grid_requirements.csv,393289,01b20fa90374c59d1fa4655fc87ff24e9c0155580012637ab4ed7ef721fb3950,2026-09-03T04:37:31.176692+00:00,qrec,Results 1.5; Supplement S7,D3D-SIR-S7.3-TARGET-FEASIBILITY-SOURCE-RESOLUTION-V2,CANONICAL,yes,"Target census, ranking and selection (y* = density); the information boundary that admits 78 of 95 quantities and excludes 17 with reasons."
05_DIII_D_RECONSTRUCTION/01_Target_Selection_and_02_Information_Boundary/reconciliation_source_resolution/corrected_development_nrmse_scale_audit.csv,D:\SIR_paper\DIIID_example\S7\03_target_feasibility_and_boundary\reconciliation_source_resolution\corrected_development_nrmse_scale_audit.csv,275329,2268357ef98621f289d6e3599f3bfa531e3bab9e7abc55d832cb5f7a78261933,2026-09-03T04:37:36.494168+00:00,qrec,Results 1.5; Supplement S7,D3D-SIR-S7.3-TARGET-FEASIBILITY-SOURCE-RESOLUTION-V2,CANONICAL,yes,"Target census, ranking and selection (y* = density); the information boundary that admits 78 of 95 quantities and excludes 17 with reasons."
05_DIII_D_RECONSTRUCTION/01_Target_Selection_and_02_Information_Boundary/reconciliation_source_resolution/corrected_selected_target_boundary.csv,D:\SIR_paper\DIIID_example\S7\03_target_feasibility_and_boundary\reconciliation_source_resolution\corrected_selected_target_boundary.csv,25737,6fe56c6b824abe2d49329f6fe99e973eb3188901df7a4e7bf0397229d0929256,2026-09-03T04:37:36.523266+00:00,qrec,Results 1.5; Supplement S7,D3D-SIR-S7.3-TARGET-FEASIBILITY-SOURCE-RESOLUTION-V2,CANONICAL,yes,"Target census, ranking and selection (y* = density); the information boundary that admits 78 of 95 quantities and excludes 17 with reasons."
05_DIII_D_RECONSTRUCTION/01_Target_Selection_and_02_Information_Boundary/reconciliation_source_resolution/corrected_selected_target_exclusions.csv,D:\SIR_paper\DIIID_example\S7\03_target_feasibility_and_boundary\reconciliation_source_resolution\corrected_selected_target_exclusions.csv,6840,413a550c6112ae1d53913ea9d4729b4490f82842f554c947d6046613e540216f,2026-09-03T04:37:36.525336+00:00,qrec,Results 1.5; Supplement S7,D3D-SIR-S7.3-TARGET-FEASIBILITY-SOURCE-RESOLUTION-V2,CANONICAL,yes,"Target census, ranking and selection (y* = density); the information boundary that admits 78 of 95 quantities and excludes 17 with reasons."
05_DIII_D_RECONSTRUCTION/01_Target_Selection_and_02_Information_Boundary/reconciliation_source_resolution/corrected_target_boundary_summary.csv,D:\SIR_paper\DIIID_example\S7\03_target_feasibility_and_boundary\reconciliation_source_resolution\corrected_target_boundary_summary.csv,11528,dea9c115a9ef917e19652cd7bc48997f7ec299b42c9776dd6c6849a4a859e76f,2026-09-03T04:37:31.180795+00:00,qrec,Results 1.5; Supplement S7,D3D-SIR-S7.3-TARGET-FEASIBILITY-SOURCE-RESOLUTION-V2,CANONICAL,yes,"Target census, ranking and selection (y* = density); the information boundary that admits 78 of 95 quantities and excludes 17 with reasons."
05_DIII_D_RECONSTRUCTION/01_Target_Selection_and_02_Information_Boundary/reconciliation_source_resolution/corrected_target_eligibility_matrix.csv,D:\SIR_paper\DIIID_example\S7\03_target_feasibility_and_boundary\reconciliation_source_resolution\corrected_target_eligibility_matrix.csv,9060,8c02f9376fae7c3e5a507a4af3dca978cc1fbc80edc7346d2de32322379fb833,2026-09-03T04:37:36.502171+00:00,qrec,Results 1.5; Supplement S7,D3D-SIR-S7.3-TARGET-FEASIBILITY-SOURCE-RESOLUTION-V2,CANONICAL,yes,"Target census, ranking and selection (y* = density); the information boundary that admits 78 of 95 quantities and excludes 17 with reasons."
05_DIII_D_RECONSTRUCTION/01_Target_Selection_and_02_Information_Boundary/reconciliation_source_resolution/corrected_target_feasibility.csv,D:\SIR_paper\DIIID_example\S7\03_target_feasibility_and_boundary\reconciliation_source_resolution\corrected_target_feasibility.csv,7522,38be66a15149a3a1b41eef2f4e9e79c6b1a6bc9ca2e284f59fd882283e3960e5,2026-09-03T04:37:36.477681+00:00,qrec,Results 1.5; Supplement S7,D3D-SIR-S7.3-TARGET-FEASIBILITY-SOURCE-RESOLUTION-V2,CANONICAL,yes,"Target census, ranking and selection (y* = density); the information boundary that admits 78 of 95 quantities and excludes 17 with reasons."
05_DIII_D_RECONSTRUCTION/01_Target_Selection_and_02_Information_Boundary/reconciliation_source_resolution/corrected_target_ranking.csv,D:\SIR_paper\DIIID_example\S7\03_target_feasibility_and_boundary\reconciliation_source_resolution\corrected_target_ranking.csv,8958,61f24071416cafdb74561cc005cc4e370166f6402caf0aa6b802c41f5adf849c,2026-09-03T04:37:36.510171+00:00,qrec,Results 1.5; Supplement S7,D3D-SIR-S7.3-TARGET-FEASIBILITY-SOURCE-RESOLUTION-V2,CANONICAL,yes,"Target census, ranking and selection (y* = density); the information boundary that admits 78 of 95 quantities and excludes 17 with reasons."
05_DIII_D_RECONSTRUCTION/01_Target_Selection_and_02_Information_Boundary/reconciliation_source_resolution/index.html,D:\SIR_paper\DIIID_example\S7\03_target_feasibility_and_boundary\reconciliation_source_resolution\index.html,7538,b1e70d74e0e8eb4aac7693d8c0f52b05f997f158d083600dfad53639ab100c4e,2026-09-08T00:51:17.524264+00:00,qrec,Results 1.5; Supplement S7,D3D-SIR-S7.3-TARGET-FEASIBILITY-SOURCE-RESOLUTION-V2,CANONICAL,yes,"Target census, ranking and selection (y* = density); the information boundary that admits 78 of 95 quantities and excludes 17 with reasons."
05_DIII_D_RECONSTRUCTION/01_Target_Selection_and_02_Information_Boundary/reconciliation_source_resolution/manifests/PARENT_FREEZE_VERIFICATION.json,D:\SIR_paper\DIIID_example\S7\03_target_feasibility_and_boundary\reconciliation_source_resolution\manifests\PARENT_FREEZE_VERIFICATION.json,955,7890d50a9840ea8a1c46330686591be0189b4113aa15b3ce52dd4cf429752ade,2026-09-03T04:37:12.008755+00:00,qrec,Results 1.5; Supplement S7,D3D-SIR-S7.3-TARGET-FEASIBILITY-SOURCE-RESOLUTION-V2,CANONICAL,yes,"Target census, ranking and selection (y* = density); the information boundary that admits 78 of 95 quantities and excludes 17 with reasons."
05_DIII_D_RECONSTRUCTION/01_Target_Selection_and_02_Information_Boundary/reconciliation_source_resolution/manifests/UPSAMPLE_COUNT_CORRECTION.json,D:\SIR_paper\DIIID_example\S7\03_target_feasibility_and_boundary\reconciliation_source_resolution\manifests\UPSAMPLE_COUNT_CORRECTION.json,1014,c196f45a3d89b4841f88efca972736eae2b05346bd716ed425bb800e48753b7d,2026-09-03T04:37:12.091128+00:00,qrec,Results 1.5; Supplement S7,D3D-SIR-S7.3-TARGET-FEASIBILITY-SOURCE-RESOLUTION-V2,CANONICAL,yes,"Target census, ranking and selection (y* = density); the information boundary that admits 78 of 95 quantities and excludes 17 with reasons."
05_DIII_D_RECONSTRUCTION/01_Target_Selection_and_02_Information_Boundary/reconciliation_source_resolution/numerical_admissibility_by_signal.csv,D:\SIR_paper\DIIID_example\S7\03_target_feasibility_and_boundary\reconciliation_source_resolution\numerical_admissibility_by_signal.csv,23636,d39ae964186905a1fd39ef4d824ad8def6ad08db3168b179e080d115adcc535c,2026-09-03T04:37:31.179030+00:00,qrec,Results 1.5; Supplement S7,D3D-SIR-S7.3-TARGET-FEASIBILITY-SOURCE-RESOLUTION-V2,CANONICAL,yes,"Target census, ranking and selection (y* = density); the information boundary that admits 78 of 95 quantities and excludes 17 with reasons."
05_DIII_D_RECONSTRUCTION/01_Target_Selection_and_02_Information_Boundary/reconciliation_source_resolution/scripts/s7_3r_reconcile.py,D:\SIR_paper\DIIID_example\S7\03_target_feasibility_and_boundary\reconciliation_source_resolution\scripts\s7_3r_reconcile.py,38808,f550c67893ba152028aa53fa88a80e28829f93da238d503025610d37c925c4ec,2026-09-03T04:33:09.852997+00:00,qrec,Results 1.5; Supplement S7,D3D-SIR-S7.3-TARGET-FEASIBILITY-SOURCE-RESOLUTION-V2,CANONICAL,yes,"Target census, ranking and selection (y* = density); the information boundary that admits 78 of 95 quantities and excludes 17 with reasons."
05_DIII_D_RECONSTRUCTION/01_Target_Selection_and_02_Information_Boundary/reconciliation_source_resolution/source_supported_signal_cadence.csv,D:\SIR_paper\DIIID_example\S7\03_target_feasibility_and_boundary\reconciliation_source_resolution\source_supported_signal_cadence.csv,2073612,02508c03fed1515ff889b84cbe685dcdc7788f2ab38063d00afc414c0eeab760,2026-09-03T04:37:12.089121+00:00,qrec,Results 1.5; Supplement S7,D3D-SIR-S7.3-TARGET-FEASIBILITY-SOURCE-RESOLUTION-V2,CANONICAL,yes,"Target census, ranking and selection (y* = density); the information boundary that admits 78 of 95 quantities and excludes 17 with reasons."
05_DIII_D_RECONSTRUCTION/01_Target_Selection_and_02_Information_Boundary/reconciliation_source_resolution/source_supported_signal_summary.csv,D:\SIR_paper\DIIID_example\S7\03_target_feasibility_and_boundary\reconciliation_source_resolution\source_supported_signal_summary.csv,9885,671249497f296051fe5058c7b8bbb4a38f1718af21256f9a1a6fc71c49d252ca,2026-09-03T04:37:12.090626+00:00,qrec,Results 1.5; Supplement S7,D3D-SIR-S7.3-TARGET-FEASIBILITY-SOURCE-RESOLUTION-V2,CANONICAL,yes,"Target census, ranking and selection (y* = density); the information boundary that admits 78 of 95 quantities and excludes 17 with reasons."
05_DIII_D_RECONSTRUCTION/01_Target_Selection_and_02_Information_Boundary/scripts/s7_3_a_metadata.py,D:\SIR_paper\DIIID_example\S7\03_target_feasibility_and_boundary\scripts\s7_3_a_metadata.py,24769,b181ac1ed2721f34ba545071e22810bfbd8f75f88bcd84ba78f25282bbb61393,2026-09-03T00:39:01.155448+00:00,qrec,Results 1.5; Supplement S7,D3D-SIR-S7.3-TARGET-FEASIBILITY-SOURCE-RESOLUTION-V2,CANONICAL,yes,"Target census, ranking and selection (y* = density); the information boundary that admits 78 of 95 quantities and excludes 17 with reasons."
05_DIII_D_RECONSTRUCTION/01_Target_Selection_and_02_Information_Boundary/scripts/s7_3_b_feasibility.py,D:\SIR_paper\DIIID_example\S7\03_target_feasibility_and_boundary\scripts\s7_3_b_feasibility.py,9995,ed3d40d681b0617535f12b549c4571dac4e531d8f9aa253af8ef7499e822fec4,2026-09-03T00:35:36.834531+00:00,qrec,Results 1.5; Supplement S7,D3D-SIR-S7.3-TARGET-FEASIBILITY-SOURCE-RESOLUTION-V2,CANONICAL,yes,"Target census, ranking and selection (y* = density); the information boundary that admits 78 of 95 quantities and excludes 17 with reasons."
05_DIII_D_RECONSTRUCTION/01_Target_Selection_and_02_Information_Boundary/scripts/s7_3_c_select.py,D:\SIR_paper\DIIID_example\S7\03_target_feasibility_and_boundary\scripts\s7_3_c_select.py,25514,4c26b9d6d14dc6896b58c938a6f6daa7d40ead92280bf4a5bcd965f52f9b6aab,2026-09-03T00:39:01.155958+00:00,qrec,Results 1.5; Supplement S7,D3D-SIR-S7.3-TARGET-FEASIBILITY-SOURCE-RESOLUTION-V2,CANONICAL,yes,"Target census, ranking and selection (y* = density); the information boundary that admits 78 of 95 quantities and excludes 17 with reasons."
05_DIII_D_RECONSTRUCTION/01_Target_Selection_and_02_Information_Boundary/selected_target_boundary.csv,D:\SIR_paper\DIIID_example\S7\03_target_feasibility_and_boundary\selected_target_boundary.csv,22163,fa636084cfc36bf9a1901f7f0010d52da5259f02d156648ed9d5ea9797d16e70,2026-09-03T00:42:28.305998+00:00,qrec,Results 1.5; Supplement S7,D3D-SIR-S7.3-TARGET-FEASIBILITY-SOURCE-RESOLUTION-V2,CANONICAL,yes,"Target census, ranking and selection (y* = density); the information boundary that admits 78 of 95 quantities and excludes 17 with reasons."
05_DIII_D_RECONSTRUCTION/01_Target_Selection_and_02_Information_Boundary/selected_target_exclusions.csv,D:\SIR_paper\DIIID_example\S7\03_target_feasibility_and_boundary\selected_target_exclusions.csv,6348,1af5e4d75c192bf1bc942752a291a54516add3507d197dbaaaf30131238e1b18,2026-09-03T00:42:28.306997+00:00,qrec,Results 1.5; Supplement S7,D3D-SIR-S7.3-TARGET-FEASIBILITY-SOURCE-RESOLUTION-V2,CANONICAL,yes,"Target census, ranking and selection (y* = density); the information boundary that admits 78 of 95 quantities and excludes 17 with reasons."
05_DIII_D_RECONSTRUCTION/01_Target_Selection_and_02_Information_Boundary/selected_target_sibling_sensitivity.csv,D:\SIR_paper\DIIID_example\S7\03_target_feasibility_and_boundary\selected_target_sibling_sensitivity.csv,99,76c1ee0229f52a2d0df61bb000778da143171288c3360cdf57a5ef6ec5068060,2026-09-03T00:42:28.308635+00:00,qrec,Results 1.5; Supplement S7,D3D-SIR-S7.3-TARGET-FEASIBILITY-SOURCE-RESOLUTION-V2,CANONICAL,yes,"Target census, ranking and selection (y* = density); the information boundary that admits 78 of 95 quantities and excludes 17 with reasons."
05_DIII_D_RECONSTRUCTION/01_Target_Selection_and_02_Information_Boundary/target_boundary_summary.csv,D:\SIR_paper\DIIID_example\S7\03_target_feasibility_and_boundary\target_boundary_summary.csv,22138,b9ea76b54a682f2273c2daee105932631758ab9ef8c307a9db35c5f71c491dfc,2026-09-03T00:39:01.674696+00:00,qrec,Results 1.5; Supplement S7,D3D-SIR-S7.3-TARGET-FEASIBILITY-SOURCE-RESOLUTION-V2,CANONICAL,yes,"Target census, ranking and selection (y* = density); the information boundary that admits 78 of 95 quantities and excludes 17 with reasons."
05_DIII_D_RECONSTRUCTION/01_Target_Selection_and_02_Information_Boundary/target_eligibility_matrix.csv,D:\SIR_paper\DIIID_example\S7\03_target_feasibility_and_boundary\target_eligibility_matrix.csv,8475,d2a6a1b201af994a033be36157f7e780db545d7b5ac2592ec469c9e0c5434f20,2026-09-03T00:42:28.294337+00:00,qrec,Results 1.5; Supplement S7,D3D-SIR-S7.3-TARGET-FEASIBILITY-SOURCE-RESOLUTION-V2,CANONICAL,yes,"Target census, ranking and selection (y* = density); the information boundary that admits 78 of 95 quantities and excludes 17 with reasons."
05_DIII_D_RECONSTRUCTION/01_Target_Selection_and_02_Information_Boundary/target_feasibility_metrics.csv,D:\SIR_paper\DIIID_example\S7\03_target_feasibility_and_boundary\target_feasibility_metrics.csv,8923,0442265f92daba17cf1ce0e19bfe9c897f133dc5de0a1218a7d80f51aea3d568,2026-09-03T00:39:04.951504+00:00,qrec,Results 1.5; Supplement S7,D3D-SIR-S7.3-TARGET-FEASIBILITY-SOURCE-RESOLUTION-V2,CANONICAL,yes,"Target census, ranking and selection (y* = density); the information boundary that admits 78 of 95 quantities and excludes 17 with reasons."
05_DIII_D_RECONSTRUCTION/01_Target_Selection_and_02_Information_Boundary/target_flag_mapping.csv,D:\SIR_paper\DIIID_example\S7\03_target_feasibility_and_boundary\target_flag_mapping.csv,4754,0495a2e6f1d143f51969493d0e643491165062b23603f70af73c905b2d06d95f,2026-09-03T00:39:01.662871+00:00,qrec,Results 1.5; Supplement S7,D3D-SIR-S7.3-TARGET-FEASIBILITY-SOURCE-RESOLUTION-V2,CANONICAL,yes,"Target census, ranking and selection (y* = density); the information boundary that admits 78 of 95 quantities and excludes 17 with reasons."
05_DIII_D_RECONSTRUCTION/01_Target_Selection_and_02_Information_Boundary/target_ranking.csv,D:\SIR_paper\DIIID_example\S7\03_target_feasibility_and_boundary\target_ranking.csv,8558,258d01fb5970ccd4338e9dab0de2abb58e05d37f977338b72553c6cfc0576d5f,2026-09-03T00:42:28.298678+00:00,qrec,Results 1.5; Supplement S7,D3D-SIR-S7.3-TARGET-FEASIBILITY-SOURCE-RESOLUTION-V2,CANONICAL,yes,"Target census, ranking and selection (y* = density); the information boundary that admits 78 of 95 quantities and excludes 17 with reasons."
05_DIII_D_RECONSTRUCTION/01_Target_Selection_and_02_Information_Boundary/target_unit_canonicalization.csv,D:\SIR_paper\DIIID_example\S7\03_target_feasibility_and_boundary\target_unit_canonicalization.csv,1511,31b9fb4a9b50249291c8c719d39a8aa0a8caac063c509b4ae5b4c655a3b92cdd,2026-09-03T00:39:04.939305+00:00,qrec,Results 1.5; Supplement S7,D3D-SIR-S7.3-TARGET-FEASIBILITY-SOURCE-RESOLUTION-V2,CANONICAL,yes,"Target census, ranking and selection (y* = density); the information boundary that admits 78 of 95 quantities and excludes 17 with reasons."
05_DIII_D_RECONSTRUCTION/03_Temporal_Realization/README.md,D:\SIR_paper\DIIID_example\S7\04_mathematical_interpretation\README.md,3030,fcf604d43bc3e5ff6a31b5a6d7e9ac70d28cc78224844af94dd131293a31d532,2026-09-03T03:35:10.628047+00:00,qrec,Results 1.5; Supplement S7,D3D-SIR-S7.4-MATHEMATICAL-INTERPRETATION-SOURCE-RESOLUTION-V2,CANONICAL,yes,"Task-conditioned mathematical interpretation: discharge-wise trajectory ensemble, source-supported cadence, trajectory index, no-upsample policy."
05_DIII_D_RECONSTRUCTION/03_Temporal_Realization/S7_4_ACCEPTANCE_CHECKS.json,D:\SIR_paper\DIIID_example\S7\04_mathematical_interpretation\S7_4_ACCEPTANCE_CHECKS.json,1285,46f71d5944a35e73fb7c77ba636be2a24700109bd8d73a448c08a2e010e60a4a,2026-09-03T03:35:34.041398+00:00,qrec,Results 1.5; Supplement S7,D3D-SIR-S7.4-MATHEMATICAL-INTERPRETATION-SOURCE-RESOLUTION-V2,CANONICAL,yes,"Task-conditioned mathematical interpretation: discharge-wise trajectory ensemble, source-supported cadence, trajectory index, no-upsample policy."
05_DIII_D_RECONSTRUCTION/03_Temporal_Realization/S7_4_FREEZE.json,D:\SIR_paper\DIIID_example\S7\04_mathematical_interpretation\S7_4_FREEZE.json,2308,7fdf4140986acb7df5e7aabd59b2007931c89654ed165d9a8f6b5ad638943879,2026-09-03T03:35:34.080542+00:00,qrec,Results 1.5; Supplement S7,D3D-SIR-S7.4-MATHEMATICAL-INTERPRETATION-SOURCE-RESOLUTION-V2,CANONICAL,yes,"Task-conditioned mathematical interpretation: discharge-wise trajectory ensemble, source-supported cadence, trajectory index, no-upsample policy."
05_DIII_D_RECONSTRUCTION/03_Temporal_Realization/S7_4_MATHEMATICAL_INTERPRETATION_AUDIT_REPORT.md,D:\SIR_paper\DIIID_example\S7\04_mathematical_interpretation\S7_4_MATHEMATICAL_INTERPRETATION_AUDIT_REPORT.md,7342,0b4ece9537c17a113c1dc2c6dc64fad9da166bf7f594aadaa43a70f64c9bb671,2026-09-03T03:34:53.232933+00:00,qrec,Results 1.5; Supplement S7,D3D-SIR-S7.4-MATHEMATICAL-INTERPRETATION-SOURCE-RESOLUTION-V2,CANONICAL,yes,"Task-conditioned mathematical interpretation: discharge-wise trajectory ensemble, source-supported cadence, trajectory index, no-upsample policy."
05_DIII_D_RECONSTRUCTION/03_Temporal_Realization/TARGET_TEMPORAL_PROVENANCE_AUDIT.md,D:\SIR_paper\DIIID_example\S7\04_mathematical_interpretation\TARGET_TEMPORAL_PROVENANCE_AUDIT.md,6913,7c075c23368f96698506b8e84504cc0a252749b2116ad6e37eefdc1c87878203,2026-09-03T03:34:15.672565+00:00,qrec,Results 1.5; Supplement S7,D3D-SIR-S7.4-MATHEMATICAL-INTERPRETATION-SOURCE-RESOLUTION-V2,CANONICAL,yes,"Task-conditioned mathematical interpretation: discharge-wise trajectory ensemble, source-supported cadence, trajectory index, no-upsample policy."
05_DIII_D_RECONSTRUCTION/03_Temporal_Realization/manifests/PARENT_FREEZE_VERIFICATION.json,D:\SIR_paper\DIIID_example\S7\04_mathematical_interpretation\manifests\PARENT_FREEZE_VERIFICATION.json,1014,641bc7f15f937c491cd88a4d50b32f9ebdd75e6333626fcba6688a5af8152b6e,2026-09-03T03:35:34.008919+00:00,qrec,Results 1.5; Supplement S7,D3D-SIR-S7.4-MATHEMATICAL-INTERPRETATION-SOURCE-RESOLUTION-V2,CANONICAL,yes,"Task-conditioned mathematical interpretation: discharge-wise trajectory ensemble, source-supported cadence, trajectory index, no-upsample policy."
05_DIII_D_RECONSTRUCTION/03_Temporal_Realization/retry_source_resolution_v2/MANIFEST.json,D:\SIR_paper\DIIID_example\S7\04_mathematical_interpretation\retry_source_resolution_v2\MANIFEST.json,1595,f9bbe51060838c6dc18597544db291f69d7079c0d08f86aef2bc2397e3ed317b,2026-09-08T00:51:17.525268+00:00,qrec,Results 1.5; Supplement S7,D3D-SIR-S7.4-MATHEMATICAL-INTERPRETATION-SOURCE-RESOLUTION-V2,CANONICAL,yes,"Task-conditioned mathematical interpretation: discharge-wise trajectory ensemble, source-supported cadence, trajectory index, no-upsample policy."
05_DIII_D_RECONSTRUCTION/03_Temporal_Realization/retry_source_resolution_v2/README.md,D:\SIR_paper\DIIID_example\S7\04_mathematical_interpretation\retry_source_resolution_v2\README.md,3831,11e9b826b56c8947cf342b7e28ae7d95aaed94135358862f435ecd198e3544a0,2026-09-03T05:47:53.987580+00:00,qrec,Results 1.5; Supplement S7,D3D-SIR-S7.4-MATHEMATICAL-INTERPRETATION-SOURCE-RESOLUTION-V2,CANONICAL,yes,"Task-conditioned mathematical interpretation: discharge-wise trajectory ensemble, source-supported cadence, trajectory index, no-upsample policy."
05_DIII_D_RECONSTRUCTION/03_Temporal_Realization/retry_source_resolution_v2/S7_4_ACCEPTANCE_CHECKS_V2.json,D:\SIR_paper\DIIID_example\S7\04_mathematical_interpretation\retry_source_resolution_v2\S7_4_ACCEPTANCE_CHECKS_V2.json,1940,45a9ac7a06f82838731cb08df8e6757e274f8d73334d0d16d1c81bdffce2c0c3,2026-09-03T05:48:06.229580+00:00,qrec,Results 1.5; Supplement S7,D3D-SIR-S7.4-MATHEMATICAL-INTERPRETATION-SOURCE-RESOLUTION-V2,CANONICAL,yes,"Task-conditioned mathematical interpretation: discharge-wise trajectory ensemble, source-supported cadence, trajectory index, no-upsample policy."
05_DIII_D_RECONSTRUCTION/03_Temporal_Realization/retry_source_resolution_v2/S7_4_FREEZE_V2.json,D:\SIR_paper\DIIID_example\S7\04_mathematical_interpretation\retry_source_resolution_v2\S7_4_FREEZE_V2.json,3343,0658d3c9949c19108ba5f8de17ba37966b5bd6bf41d9836f3ccc2ccf45c5183a,2026-09-03T05:48:06.273931+00:00,qrec,Results 1.5; Supplement S7,D3D-SIR-S7.4-MATHEMATICAL-INTERPRETATION-SOURCE-RESOLUTION-V2,CANONICAL,yes,"Task-conditioned mathematical interpretation: discharge-wise trajectory ensemble, source-supported cadence, trajectory index, no-upsample policy."
05_DIII_D_RECONSTRUCTION/03_Temporal_Realization/retry_source_resolution_v2/S7_4_MATHEMATICAL_INTERPRETATION_AUDIT_REPORT.md,D:\SIR_paper\DIIID_example\S7\04_mathematical_interpretation\retry_source_resolution_v2\S7_4_MATHEMATICAL_INTERPRETATION_AUDIT_REPORT.md,10001,e1b8d8fa340d627e7cac5a1484b28a664e7de10fda1e53d29a5c202b76ddd491,2026-09-03T05:47:32.232620+00:00,qrec,Results 1.5; Supplement S7,D3D-SIR-S7.4-MATHEMATICAL-INTERPRETATION-SOURCE-RESOLUTION-V2,CANONICAL,yes,"Task-conditioned mathematical interpretation: discharge-wise trajectory ensemble, source-supported cadence, trajectory index, no-upsample policy."
05_DIII_D_RECONSTRUCTION/03_Temporal_Realization/retry_source_resolution_v2/S7_4_MATHEMATICAL_INTERPRETATION_FINAL.md,D:\SIR_paper\DIIID_example\S7\04_mathematical_interpretation\retry_source_resolution_v2\S7_4_MATHEMATICAL_INTERPRETATION_FINAL.md,7125,031e06b06c3c4e822ff458b209de86c46742b9967716b8513f85bd4357a0e94f,2026-09-03T05:46:42.057703+00:00,qrec,Results 1.5; Supplement S7,D3D-SIR-S7.4-MATHEMATICAL-INTERPRETATION-SOURCE-RESOLUTION-V2,CANONICAL,yes,"Task-conditioned mathematical interpretation: discharge-wise trajectory ensemble, source-supported cadence, trajectory index, no-upsample policy."
05_DIII_D_RECONSTRUCTION/03_Temporal_Realization/retry_source_resolution_v2/TEMPORAL_SEMANTICS.md,D:\SIR_paper\DIIID_example\S7\04_mathematical_interpretation\retry_source_resolution_v2\TEMPORAL_SEMANTICS.md,6450,ce3a13c17ed00fd9b2f7b4ea4635bdf860bcaaa404b63c1b8de65028a1697028,2026-09-03T05:46:12.522213+00:00,qrec,Results 1.5; Supplement S7,D3D-SIR-S7.4-MATHEMATICAL-INTERPRETATION-SOURCE-RESOLUTION-V2,CANONICAL,yes,"Task-conditioned mathematical interpretation: discharge-wise trajectory ensemble, source-supported cadence, trajectory index, no-upsample policy."
05_DIII_D_RECONSTRUCTION/03_Temporal_Realization/retry_source_resolution_v2/X_REC.json,D:\SIR_paper\DIIID_example\S7\04_mathematical_interpretation\retry_source_resolution_v2\X_REC.json,10905,9c16e9b25754b3528afa7a7dcb224d67c05f0521e326c5026781134c41f569b9,2026-09-03T05:48:06.228035+00:00,qrec,Results 1.5; Supplement S7,D3D-SIR-S7.4-MATHEMATICAL-INTERPRETATION-SOURCE-RESOLUTION-V2,CANONICAL,yes,"Task-conditioned mathematical interpretation: discharge-wise trajectory ensemble, source-supported cadence, trajectory index, no-upsample policy."
05_DIII_D_RECONSTRUCTION/03_Temporal_Realization/retry_source_resolution_v2/X_REC_DEFINITION.md,D:\SIR_paper\DIIID_example\S7\04_mathematical_interpretation\retry_source_resolution_v2\X_REC_DEFINITION.md,5502,334f6999fe9376e113aefea8de5c70e6a184ad98b6a5a0923e81c90c2b0f5adb,2026-09-03T05:45:42.179545+00:00,qrec,Results 1.5; Supplement S7,D3D-SIR-S7.4-MATHEMATICAL-INTERPRETATION-SOURCE-RESOLUTION-V2,CANONICAL,yes,"Task-conditioned mathematical interpretation: discharge-wise trajectory ensemble, source-supported cadence, trajectory index, no-upsample policy."
05_DIII_D_RECONSTRUCTION/03_Temporal_Realization/retry_source_resolution_v2/index.html,D:\SIR_paper\DIIID_example\S7\04_mathematical_interpretation\retry_source_resolution_v2\index.html,6871,a266f47617899922756caae2914eb32f398f2bf1c4918255dd2b6a3bff25bf85,2026-09-08T00:51:17.526271+00:00,qrec,Results 1.5; Supplement S7,D3D-SIR-S7.4-MATHEMATICAL-INTERPRETATION-SOURCE-RESOLUTION-V2,CANONICAL,yes,"Task-conditioned mathematical interpretation: discharge-wise trajectory ensemble, source-supported cadence, trajectory index, no-upsample policy."
05_DIII_D_RECONSTRUCTION/03_Temporal_Realization/retry_source_resolution_v2/interpretation_constraints.json,D:\SIR_paper\DIIID_example\S7\04_mathematical_interpretation\retry_source_resolution_v2\interpretation_constraints.json,2159,6452007cb8b84542b469300b4ab512c4d525c0acc6631d7dc58e14d80829777c,2026-09-03T05:48:06.226523+00:00,qrec,Results 1.5; Supplement S7,D3D-SIR-S7.4-MATHEMATICAL-INTERPRETATION-SOURCE-RESOLUTION-V2,CANONICAL,yes,"Task-conditioned mathematical interpretation: discharge-wise trajectory ensemble, source-supported cadence, trajectory index, no-upsample policy."
05_DIII_D_RECONSTRUCTION/03_Temporal_Realization/retry_source_resolution_v2/manifests/PARENT_FREEZE_VERIFICATION_V2.json,D:\SIR_paper\DIIID_example\S7\04_mathematical_interpretation\retry_source_resolution_v2\manifests\PARENT_FREEZE_VERIFICATION_V2.json,1559,ec878f4dbbfc853e3882dfdb76c95b3859c4919357d038dff9accb2ade21ac5b,2026-09-03T05:48:06.141992+00:00,qrec,Results 1.5; Supplement S7,D3D-SIR-S7.4-MATHEMATICAL-INTERPRETATION-SOURCE-RESOLUTION-V2,CANONICAL,yes,"Task-conditioned mathematical interpretation: discharge-wise trajectory ensemble, source-supported cadence, trajectory index, no-upsample policy."
05_DIII_D_RECONSTRUCTION/03_Temporal_Realization/retry_source_resolution_v2/manifests/TEMPORAL_GATE_VERIFICATION_V2.json,D:\SIR_paper\DIIID_example\S7\04_mathematical_interpretation\retry_source_resolution_v2\manifests\TEMPORAL_GATE_VERIFICATION_V2.json,742,e6b4248734d2154f12ac56f8341a6aa6a00a5f306d23dfff309b82229f0e02c0,2026-09-03T05:48:06.160516+00:00,qrec,Results 1.5; Supplement S7,D3D-SIR-S7.4-MATHEMATICAL-INTERPRETATION-SOURCE-RESOLUTION-V2,CANONICAL,yes,"Task-conditioned mathematical interpretation: discharge-wise trajectory ensemble, source-supported cadence, trajectory index, no-upsample policy."
05_DIII_D_RECONSTRUCTION/03_Temporal_Realization/retry_source_resolution_v2/predictor_dependency_edges.csv,D:\SIR_paper\DIIID_example\S7\04_mathematical_interpretation\retry_source_resolution_v2\predictor_dependency_edges.csv,697,a9df37af85558799dbe3471b88bfb371a3276eea34ce4f985a25fc666757c111,2026-09-03T05:48:06.226523+00:00,qrec,Results 1.5; Supplement S7,D3D-SIR-S7.4-MATHEMATICAL-INTERPRETATION-SOURCE-RESOLUTION-V2,CANONICAL,yes,"Task-conditioned mathematical interpretation: discharge-wise trajectory ensemble, source-supported cadence, trajectory index, no-upsample policy."
05_DIII_D_RECONSTRUCTION/03_Temporal_Realization/retry_source_resolution_v2/scripts/s7_4_build_x_rec.py,D:\SIR_paper\DIIID_example\S7\04_mathematical_interpretation\retry_source_resolution_v2\scripts\s7_4_build_x_rec.py,36110,0bd8342c1cc0ed1a37dec43d6f4bde4c797047f9f07f9160412c1ec944312bf3,2026-09-03T05:44:55.276213+00:00,qrec,Results 1.5; Supplement S7,D3D-SIR-S7.4-MATHEMATICAL-INTERPRETATION-SOURCE-RESOLUTION-V2,CANONICAL,yes,"Task-conditioned mathematical interpretation: discharge-wise trajectory ensemble, source-supported cadence, trajectory index, no-upsample policy."
05_DIII_D_RECONSTRUCTION/03_Temporal_Realization/retry_source_resolution_v2/temporal_resolution_types.csv,D:\SIR_paper\DIIID_example\S7\04_mathematical_interpretation\retry_source_resolution_v2\temporal_resolution_types.csv,7386,877d693c9371b8f73c4ee18e35e4d5c21944959839fb0b6aea99fc3d4a75f98f,2026-09-03T05:48:06.226015+00:00,qrec,Results 1.5; Supplement S7,D3D-SIR-S7.4-MATHEMATICAL-INTERPRETATION-SOURCE-RESOLUTION-V2,CANONICAL,yes,"Task-conditioned mathematical interpretation: discharge-wise trajectory ensemble, source-supported cadence, trajectory index, no-upsample policy."
05_DIII_D_RECONSTRUCTION/03_Temporal_Realization/retry_source_resolution_v2/temporal_semantics.json,D:\SIR_paper\DIIID_example\S7\04_mathematical_interpretation\retry_source_resolution_v2\temporal_semantics.json,4181,5807545623c1ddc576b22fb1ff69611fd38deebfb6759f118b8af59a122fdc5f,2026-09-03T05:48:06.223846+00:00,qrec,Results 1.5; Supplement S7,D3D-SIR-S7.4-MATHEMATICAL-INTERPRETATION-SOURCE-RESOLUTION-V2,CANONICAL,yes,"Task-conditioned mathematical interpretation: discharge-wise trajectory ensemble, source-supported cadence, trajectory index, no-upsample policy."
05_DIII_D_RECONSTRUCTION/03_Temporal_Realization/retry_source_resolution_v2/trajectory_index.csv,D:\SIR_paper\DIIID_example\S7\04_mathematical_interpretation\retry_source_resolution_v2\trajectory_index.csv,7593,988c3babef230b3e2707f0e353b239af5c2d0a30db0b4bbbdb80704602a2aadd,2026-09-03T05:48:06.222391+00:00,qrec,Results 1.5; Supplement S7,D3D-SIR-S7.4-MATHEMATICAL-INTERPRETATION-SOURCE-RESOLUTION-V2,CANONICAL,yes,"Task-conditioned mathematical interpretation: discharge-wise trajectory ensemble, source-supported cadence, trajectory index, no-upsample policy."
05_DIII_D_RECONSTRUCTION/03_Temporal_Realization/retry_source_resolution_v2/typed_signal_blocks.csv,D:\SIR_paper\DIIID_example\S7\04_mathematical_interpretation\retry_source_resolution_v2\typed_signal_blocks.csv,30838,219d6ec3d41c4a5f0dbacdca389f22cc3f2c00b056c6a80dd21dc3b52aed693a,2026-09-03T05:48:06.165302+00:00,qrec,Results 1.5; Supplement S7,D3D-SIR-S7.4-MATHEMATICAL-INTERPRETATION-SOURCE-RESOLUTION-V2,CANONICAL,yes,"Task-conditioned mathematical interpretation: discharge-wise trajectory ensemble, source-supported cadence, trajectory index, no-upsample policy."
05_DIII_D_RECONSTRUCTION/03_Temporal_Realization/scripts/s7_4_temporal_gate.py,D:\SIR_paper\DIIID_example\S7\04_mathematical_interpretation\scripts\s7_4_temporal_gate.py,16463,33c76617bf524213278703333f8411ff689445282420910cfb4de97e5d2f07e5,2026-09-03T03:33:32.054488+00:00,qrec,Results 1.5; Supplement S7,D3D-SIR-S7.4-MATHEMATICAL-INTERPRETATION-SOURCE-RESOLUTION-V2,CANONICAL,yes,"Task-conditioned mathematical interpretation: discharge-wise trajectory ensemble, source-supported cadence, trajectory index, no-upsample policy."
05_DIII_D_RECONSTRUCTION/03_Temporal_Realization/target_temporal_provenance.json,D:\SIR_paper\DIIID_example\S7\04_mathematical_interpretation\target_temporal_provenance.json,1959,78c8c5e0dda96ad76512c5200699b11c71e13e3a301715e0b7f86ab8d1590604,2026-09-03T03:35:34.040392+00:00,qrec,Results 1.5; Supplement S7,D3D-SIR-S7.4-MATHEMATICAL-INTERPRETATION-SOURCE-RESOLUTION-V2,CANONICAL,yes,"Task-conditioned mathematical interpretation: discharge-wise trajectory ensemble, source-supported cadence, trajectory index, no-upsample policy."
05_DIII_D_RECONSTRUCTION/03_Temporal_Realization/vsurf_temporal_provenance.csv,D:\SIR_paper\DIIID_example\S7\04_mathematical_interpretation\vsurf_temporal_provenance.csv,20544,b5d3a78a6c739b56a19b9e4af18e61024ba81c01eacf3725a2c1d132ba8615f7,2026-09-03T03:35:34.040392+00:00,qrec,Results 1.5; Supplement S7,D3D-SIR-S7.4-MATHEMATICAL-INTERPRETATION-SOURCE-RESOLUTION-V2,CANONICAL,yes,"Task-conditioned mathematical interpretation: discharge-wise trajectory ensemble, source-supported cadence, trajectory index, no-upsample policy."
05_DIII_D_RECONSTRUCTION/04_Initial_Ontology/05H_primitive_hardening/EXTENDED_ONTOLOGY_STATUS.md,D:\SIR_paper\DIIID_example\S7\05H_primitive_space_and_ontology_hardening\EXTENDED_ONTOLOGY_STATUS.md,5061,973eb226986aeaa44802275659ab3f2347b0fb8728c9060eee00af204f8c4139,2026-09-04T22:26:25.042759+00:00,qrec,Results 1.5; Supplement S7,D3D-SIR-S7.5H-PRIMITIVE-SPACE-AND-ONTOLOGY-HARDENING-V1,CANONICAL,yes,"Hardened primitive basis (70 levels, 63 derivative-eligible) and the 23,861 symbolic coordinate space."
05_DIII_D_RECONSTRUCTION/04_Initial_Ontology/05H_primitive_hardening/G_REC_HARDENED.json,D:\SIR_paper\DIIID_example\S7\05H_primitive_space_and_ontology_hardening\G_REC_HARDENED.json,2920,049b004e2115870ddb9c28262fdb148959bd1065964ccf71865e07d8ec2fcc10,2026-09-04T22:28:28.804713+00:00,qrec,Results 1.5; Supplement S7,D3D-SIR-S7.5H-PRIMITIVE-SPACE-AND-ONTOLOGY-HARDENING-V1,CANONICAL,yes,"Hardened primitive basis (70 levels, 63 derivative-eligible) and the 23,861 symbolic coordinate space."
05_DIII_D_RECONSTRUCTION/04_Initial_Ontology/05H_primitive_hardening/HARDENED_CONSTRUCTOR_CATALOG.md,D:\SIR_paper\DIIID_example\S7\05H_primitive_space_and_ontology_hardening\HARDENED_CONSTRUCTOR_CATALOG.md,6293,7f126f38cd765e7d471d3a37d803e32ef99e523ccdb6084d033e28f6479ddd8b,2026-09-04T22:25:55.220287+00:00,qrec,Results 1.5; Supplement S7,D3D-SIR-S7.5H-PRIMITIVE-SPACE-AND-ONTOLOGY-HARDENING-V1,CANONICAL,yes,"Hardened primitive basis (70 levels, 63 derivative-eligible) and the 23,861 symbolic coordinate space."
05_DIII_D_RECONSTRUCTION/04_Initial_Ontology/05H_primitive_hardening/HARDENING_POLICY_PREVALUE.json,D:\SIR_paper\DIIID_example\S7\05H_primitive_space_and_ontology_hardening\HARDENING_POLICY_PREVALUE.json,8835,d8c81421b6a9cab5ea1a859ecc044ea6d200a80787e3fe0b5f3deaa4c4e66eaa,2026-09-04T22:19:49.073357+00:00,qrec,Results 1.5; Supplement S7,D3D-SIR-S7.5H-PRIMITIVE-SPACE-AND-ONTOLOGY-HARDENING-V1,CANONICAL,yes,"Hardened primitive basis (70 levels, 63 derivative-eligible) and the 23,861 symbolic coordinate space."
05_DIII_D_RECONSTRUCTION/04_Initial_Ontology/05H_primitive_hardening/MANIFEST.json,D:\SIR_paper\DIIID_example\S7\05H_primitive_space_and_ontology_hardening\MANIFEST.json,1646,4fc14b801487c1ee7cd1a5eee5226f440720bc8447ffdec9e47ef097014511f7,2026-09-08T00:51:17.529783+00:00,qrec,Results 1.5; Supplement S7,D3D-SIR-S7.5H-PRIMITIVE-SPACE-AND-ONTOLOGY-HARDENING-V1,CANONICAL,yes,"Hardened primitive basis (70 levels, 63 derivative-eligible) and the 23,861 symbolic coordinate space."
05_DIII_D_RECONSTRUCTION/04_Initial_Ontology/05H_primitive_hardening/PRIMARY_PRIMITIVE_BASIS.md,D:\SIR_paper\DIIID_example\S7\05H_primitive_space_and_ontology_hardening\PRIMARY_PRIMITIVE_BASIS.md,5924,4de94bdd3d144fd70a78428170b25a85bba2e01f3415f8d299fcbc9807fca30e,2026-09-04T22:25:21.944081+00:00,qrec,Results 1.5; Supplement S7,D3D-SIR-S7.5H-PRIMITIVE-SPACE-AND-ONTOLOGY-HARDENING-V1,CANONICAL,yes,"Hardened primitive basis (70 levels, 63 derivative-eligible) and the 23,861 symbolic coordinate space."
05_DIII_D_RECONSTRUCTION/04_Initial_Ontology/05H_primitive_hardening/README.md,D:\SIR_paper\DIIID_example\S7\05H_primitive_space_and_ontology_hardening\README.md,5446,94bfdddcedf1ce5efe9a0a19a115f233e0cbe0db117359575f12abe958689cf1,2026-09-04T22:28:21.314370+00:00,qrec,Results 1.5; Supplement S7,D3D-SIR-S7.5H-PRIMITIVE-SPACE-AND-ONTOLOGY-HARDENING-V1,CANONICAL,yes,"Hardened primitive basis (70 levels, 63 derivative-eligible) and the 23,861 symbolic coordinate space."
05_DIII_D_RECONSTRUCTION/04_Initial_Ontology/05H_primitive_hardening/S7_5H_ACCEPTANCE_CHECKS.json,D:\SIR_paper\DIIID_example\S7\05H_primitive_space_and_ontology_hardening\S7_5H_ACCEPTANCE_CHECKS.json,2422,3d0d54973f92ad0b1830150bde33a0f5aca32fb8412ab3a4b098f146c50465a2,2026-09-04T22:28:28.809607+00:00,qrec,Results 1.5; Supplement S7,D3D-SIR-S7.5H-PRIMITIVE-SPACE-AND-ONTOLOGY-HARDENING-V1,CANONICAL,yes,"Hardened primitive basis (70 levels, 63 derivative-eligible) and the 23,861 symbolic coordinate space."
05_DIII_D_RECONSTRUCTION/04_Initial_Ontology/05H_primitive_hardening/S7_5H_FREEZE.json,D:\SIR_paper\DIIID_example\S7\05H_primitive_space_and_ontology_hardening\S7_5H_FREEZE.json,7274,dffdd834ecf40b0f22b4844040bfe0ab5dd2bebb4b73d517a67387f4718f43d9,2026-09-04T22:28:28.846611+00:00,qrec,Results 1.5; Supplement S7,D3D-SIR-S7.5H-PRIMITIVE-SPACE-AND-ONTOLOGY-HARDENING-V1,CANONICAL,yes,"Hardened primitive basis (70 levels, 63 derivative-eligible) and the 23,861 symbolic coordinate space."
05_DIII_D_RECONSTRUCTION/04_Initial_Ontology/05H_primitive_hardening/S7_5H_HARDENING_AUDIT_REPORT.md,D:\SIR_paper\DIIID_example\S7\05H_primitive_space_and_ontology_hardening\S7_5H_HARDENING_AUDIT_REPORT.md,11173,b2819d9e41772b6bfddc3a5f9a451c497958e332c1721db0fb43d69423f07c7f,2026-09-04T22:27:52.052821+00:00,qrec,Results 1.5; Supplement S7,D3D-SIR-S7.5H-PRIMITIVE-SPACE-AND-ONTOLOGY-HARDENING-V1,CANONICAL,yes,"Hardened primitive basis (70 levels, 63 derivative-eligible) and the 23,861 symbolic coordinate space."
05_DIII_D_RECONSTRUCTION/04_Initial_Ontology/05H_primitive_hardening/S7_5H_PRIMITIVE_SPACE_AND_ONTOLOGY_HARDENING_FINAL.md,D:\SIR_paper\DIIID_example\S7\05H_primitive_space_and_ontology_hardening\S7_5H_PRIMITIVE_SPACE_AND_ONTOLOGY_HARDENING_FINAL.md,6523,7c57b7f0e6b09a5f8d9d2121afcfc0f6d90dca24b6364477cd91af0f20389d48,2026-09-04T22:26:54.084747+00:00,qrec,Results 1.5; Supplement S7,D3D-SIR-S7.5H-PRIMITIVE-SPACE-AND-ONTOLOGY-HARDENING-V1,CANONICAL,yes,"Hardened primitive basis (70 levels, 63 derivative-eligible) and the 23,861 symbolic coordinate space."
05_DIII_D_RECONSTRUCTION/04_Initial_Ontology/05H_primitive_hardening/constructor_catalog_hardened.json,D:\SIR_paper\DIIID_example\S7\05H_primitive_space_and_ontology_hardening\constructor_catalog_hardened.json,3459,53277a841707b3c19ef4433f6e99fc09adf4369fe6a2f9a0436e20ea1f949620,2026-09-04T22:28:28.800133+00:00,qrec,Results 1.5; Supplement S7,D3D-SIR-S7.5H-PRIMITIVE-SPACE-AND-ONTOLOGY-HARDENING-V1,CANONICAL,yes,"Hardened primitive basis (70 levels, 63 derivative-eligible) and the 23,861 symbolic coordinate space."
05_DIII_D_RECONSTRUCTION/04_Initial_Ontology/05H_primitive_hardening/constructor_type_rules_hardened.json,D:\SIR_paper\DIIID_example\S7\05H_primitive_space_and_ontology_hardening\constructor_type_rules_hardened.json,2992,4e71ef078eeff274e402c2575cba19f4e03ca11054a24a5f40c1d73a76d9970d,2026-09-04T22:28:28.800634+00:00,qrec,Results 1.5; Supplement S7,D3D-SIR-S7.5H-PRIMITIVE-SPACE-AND-ONTOLOGY-HARDENING-V1,CANONICAL,yes,"Hardened primitive basis (70 levels, 63 derivative-eligible) and the 23,861 symbolic coordinate space."
05_DIII_D_RECONSTRUCTION/04_Initial_Ontology/05H_primitive_hardening/coordinate_signature_schema_hardened.json,D:\SIR_paper\DIIID_example\S7\05H_primitive_space_and_ontology_hardening\coordinate_signature_schema_hardened.json,1553,a6ed8ade6b7613c1a2c1f5706770bcbf9fee7b5ef2d695002649d0442dd644f2,2026-09-04T22:28:28.800634+00:00,qrec,Results 1.5; Supplement S7,D3D-SIR-S7.5H-PRIMITIVE-SPACE-AND-ONTOLOGY-HARDENING-V1,CANONICAL,yes,"Hardened primitive basis (70 levels, 63 derivative-eligible) and the 23,861 symbolic coordinate space."
05_DIII_D_RECONSTRUCTION/04_Initial_Ontology/05H_primitive_hardening/effective_rank_audit.csv,D:\SIR_paper\DIIID_example\S7\05H_primitive_space_and_ontology_hardening\effective_rank_audit.csv,307,47bd7c88da33dc1f2d4be75e9670a88de3ee10ea0e1ff26cf831d50d47e17980,2026-09-04T22:21:02.960726+00:00,qrec,Results 1.5; Supplement S7,D3D-SIR-S7.5H-PRIMITIVE-SPACE-AND-ONTOLOGY-HARDENING-V1,CANONICAL,yes,"Hardened primitive basis (70 levels, 63 derivative-eligible) and the 23,861 symbolic coordinate space."
05_DIII_D_RECONSTRUCTION/04_Initial_Ontology/05H_primitive_hardening/excluded_constructor_families_hardened.json,D:\SIR_paper\DIIID_example\S7\05H_primitive_space_and_ontology_hardening\excluded_constructor_families_hardened.json,4907,e071e62b628781c76cbe98a95d94b00968f80ccd5329e9ac2b5827578b6c42e8,2026-09-04T22:28:28.801135+00:00,qrec,Results 1.5; Supplement S7,D3D-SIR-S7.5H-PRIMITIVE-SPACE-AND-ONTOLOGY-HARDENING-V1,CANONICAL,yes,"Hardened primitive basis (70 levels, 63 derivative-eligible) and the 23,861 symbolic coordinate space."
05_DIII_D_RECONSTRUCTION/04_Initial_Ontology/05H_primitive_hardening/family_composition_audit.csv,D:\SIR_paper\DIIID_example\S7\05H_primitive_space_and_ontology_hardening\family_composition_audit.csv,472,e738b7346d358a38b86ed2908c170f162b929901b366638d38590b5d49cbbc23,2026-09-04T22:21:02.925276+00:00,qrec,Results 1.5; Supplement S7,D3D-SIR-S7.5H-PRIMITIVE-SPACE-AND-ONTOLOGY-HARDENING-V1,CANONICAL,yes,"Hardened primitive basis (70 levels, 63 derivative-eligible) and the 23,861 symbolic coordinate space."
05_DIII_D_RECONSTRUCTION/04_Initial_Ontology/05H_primitive_hardening/hardened_raw_ablation.json,D:\SIR_paper\DIIID_example\S7\05H_primitive_space_and_ontology_hardening\hardened_raw_ablation.json,2189,de0dfb34c00262df78864dfe0a93254074a0285c90673e9edf9e8148cdfe2c2d,2026-09-04T22:28:28.804210+00:00,qrec,Results 1.5; Supplement S7,D3D-SIR-S7.5H-PRIMITIVE-SPACE-AND-ONTOLOGY-HARDENING-V1,CANONICAL,yes,"Hardened primitive basis (70 levels, 63 derivative-eligible) and the 23,861 symbolic coordinate space."
05_DIII_D_RECONSTRUCTION/04_Initial_Ontology/05H_primitive_hardening/index.html,D:\SIR_paper\DIIID_example\S7\05H_primitive_space_and_ontology_hardening\index.html,7047,2202b021615a067944b6e1a941ff94a1f1315a3fc5258e39e766f82a09bb65c8,2026-09-08T00:51:17.530786+00:00,qrec,Results 1.5; Supplement S7,D3D-SIR-S7.5H-PRIMITIVE-SPACE-AND-ONTOLOGY-HARDENING-V1,CANONICAL,yes,"Hardened primitive basis (70 levels, 63 derivative-eligible) and the 23,861 symbolic coordinate space."
05_DIII_D_RECONSTRUCTION/04_Initial_Ontology/05H_primitive_hardening/manifests/ACCESS_AUDIT.json,D:\SIR_paper\DIIID_example\S7\05H_primitive_space_and_ontology_hardening\manifests\ACCESS_AUDIT.json,1610,be464c6aee109a26b9ff7998bf38b8316ced835214bab1156d6610346de23210,2026-09-04T22:21:02.962237+00:00,qrec,Results 1.5; Supplement S7,D3D-SIR-S7.5H-PRIMITIVE-SPACE-AND-ONTOLOGY-HARDENING-V1,CANONICAL,yes,"Hardened primitive basis (70 levels, 63 derivative-eligible) and the 23,861 symbolic coordinate space."
05_DIII_D_RECONSTRUCTION/04_Initial_Ontology/05H_primitive_hardening/manifests/DATA_ACCESS_LOG.csv,D:\SIR_paper\DIIID_example\S7\05H_primitive_space_and_ontology_hardening\manifests\DATA_ACCESS_LOG.csv,2778,1dce113ed515ecc9f6bb71df5e7ecc967873d39b422fa2b62ec784f941fde584,2026-09-04T22:21:02.961732+00:00,qrec,Results 1.5; Supplement S7,D3D-SIR-S7.5H-PRIMITIVE-SPACE-AND-ONTOLOGY-HARDENING-V1,CANONICAL,yes,"Hardened primitive basis (70 levels, 63 derivative-eligible) and the 23,861 symbolic coordinate space."
05_DIII_D_RECONSTRUCTION/04_Initial_Ontology/05H_primitive_hardening/manifests/PARENT_FREEZE_VERIFICATION.json,D:\SIR_paper\DIIID_example\S7\05H_primitive_space_and_ontology_hardening\manifests\PARENT_FREEZE_VERIFICATION.json,3727,17dfcb10fd038393ecc044288293af997cb3e0e08c9c2f19d8314ded067fff5c,2026-09-04T22:19:49.045192+00:00,qrec,Results 1.5; Supplement S7,D3D-SIR-S7.5H-PRIMITIVE-SPACE-AND-ONTOLOGY-HARDENING-V1,CANONICAL,yes,"Hardened primitive basis (70 levels, 63 derivative-eligible) and the 23,861 symbolic coordinate space."
05_DIII_D_RECONSTRUCTION/04_Initial_Ontology/05H_primitive_hardening/manifests/POLICY_FREEZE.json,D:\SIR_paper\DIIID_example\S7\05H_primitive_space_and_ontology_hardening\manifests\POLICY_FREEZE.json,279,467d6cf98367e33aaab67bb2628eb82ab4ff3bf866d07986dcdf3689f5fde179,2026-09-04T22:19:49.078468+00:00,qrec,Results 1.5; Supplement S7,D3D-SIR-S7.5H-PRIMITIVE-SPACE-AND-ONTOLOGY-HARDENING-V1,CANONICAL,yes,"Hardened primitive basis (70 levels, 63 derivative-eligible) and the 23,861 symbolic coordinate space."
05_DIII_D_RECONSTRUCTION/04_Initial_Ontology/05H_primitive_hardening/manifests/REDUNDANCY_SUMMARY.json,D:\SIR_paper\DIIID_example\S7\05H_primitive_space_and_ontology_hardening\manifests\REDUNDANCY_SUMMARY.json,3711,12733315ca2d1c1efbec7e35937fdf9d4397580734a0864d363bdf3c24ac4f3c,2026-09-04T22:21:02.966391+00:00,qrec,Results 1.5; Supplement S7,D3D-SIR-S7.5H-PRIMITIVE-SPACE-AND-ONTOLOGY-HARDENING-V1,CANONICAL,yes,"Hardened primitive basis (70 levels, 63 derivative-eligible) and the 23,861 symbolic coordinate space."
05_DIII_D_RECONSTRUCTION/04_Initial_Ontology/05H_primitive_hardening/ontology_combinatorial_audit.json,D:\SIR_paper\DIIID_example\S7\05H_primitive_space_and_ontology_hardening\ontology_combinatorial_audit.json,3539,ff150da240f1e439ca46ec6f94e3e875f0b56a638a673986c079b95b7a6c89b3,2026-09-04T22:28:28.803709+00:00,qrec,Results 1.5; Supplement S7,D3D-SIR-S7.5H-PRIMITIVE-SPACE-AND-ONTOLOGY-HARDENING-V1,CANONICAL,yes,"Hardened primitive basis (70 levels, 63 derivative-eligible) and the 23,861 symbolic coordinate space."
05_DIII_D_RECONSTRUCTION/04_Initial_Ontology/05H_primitive_hardening/pairwise_redundancy_audit.csv,D:\SIR_paper\DIIID_example\S7\05H_primitive_space_and_ontology_hardening\pairwise_redundancy_audit.csv,59455,8f7da69135295455aa0cb0356cc9da6520aecdf71afe9cd7c84d0d3dcb1622b0,2026-09-04T22:21:02.898630+00:00,qrec,Results 1.5; Supplement S7,D3D-SIR-S7.5H-PRIMITIVE-SPACE-AND-ONTOLOGY-HARDENING-V1,CANONICAL,yes,"Hardened primitive basis (70 levels, 63 derivative-eligible) and the 23,861 symbolic coordinate space."
05_DIII_D_RECONSTRUCTION/04_Initial_Ontology/05H_primitive_hardening/primitive_basis_deferred.csv,D:\SIR_paper\DIIID_example\S7\05H_primitive_space_and_ontology_hardening\primitive_basis_deferred.csv,2244,9b1238e4337e582362d932a7eda8339dbe576633073d1e5d55aa512b17ea3771,2026-09-04T22:21:02.922700+00:00,qrec,Results 1.5; Supplement S7,D3D-SIR-S7.5H-PRIMITIVE-SPACE-AND-ONTOLOGY-HARDENING-V1,CANONICAL,yes,"Hardened primitive basis (70 levels, 63 derivative-eligible) and the 23,861 symbolic coordinate space."
05_DIII_D_RECONSTRUCTION/04_Initial_Ontology/05H_primitive_hardening/primitive_basis_full.csv,D:\SIR_paper\DIIID_example\S7\05H_primitive_space_and_ontology_hardening\primitive_basis_full.csv,14593,2d60b851723201ea3e454d2a4f4b926e917210404f0929d45dac1b234a2c90e3,2026-09-04T22:21:02.920178+00:00,qrec,Results 1.5; Supplement S7,D3D-SIR-S7.5H-PRIMITIVE-SPACE-AND-ONTOLOGY-HARDENING-V1,CANONICAL,yes,"Hardened primitive basis (70 levels, 63 derivative-eligible) and the 23,861 symbolic coordinate space."
05_DIII_D_RECONSTRUCTION/04_Initial_Ontology/05H_primitive_hardening/primitive_basis_hardened.csv,D:\SIR_paper\DIIID_example\S7\05H_primitive_space_and_ontology_hardening\primitive_basis_hardened.csv,12766,8d4d68876f8ddfdedd12d55f8b25cf7398df6f1e802d05a8db5ef29a6b813497,2026-09-04T22:21:02.921686+00:00,qrec,Results 1.5; Supplement S7,D3D-SIR-S7.5H-PRIMITIVE-SPACE-AND-ONTOLOGY-HARDENING-V1,CANONICAL,yes,"Hardened primitive basis (70 levels, 63 derivative-eligible) and the 23,861 symbolic coordinate space."
05_DIII_D_RECONSTRUCTION/04_Initial_Ontology/05H_primitive_hardening/redundancy_eligible_groups.csv,D:\SIR_paper\DIIID_example\S7\05H_primitive_space_and_ontology_hardening\redundancy_eligible_groups.csv,2282,a112835a66d47c3941ff20498df5a9c8888cd2084937ec8f0a6f2148a71397d8,2026-09-04T22:19:49.072355+00:00,qrec,Results 1.5; Supplement S7,D3D-SIR-S7.5H-PRIMITIVE-SPACE-AND-ONTOLOGY-HARDENING-V1,CANONICAL,yes,"Hardened primitive basis (70 levels, 63 derivative-eligible) and the 23,861 symbolic coordinate space."
05_DIII_D_RECONSTRUCTION/04_Initial_Ontology/05H_primitive_hardening/redundancy_representatives.csv,D:\SIR_paper\DIIID_example\S7\05H_primitive_space_and_ontology_hardening\redundancy_representatives.csv,992,e0345c5dc8da700c4686df393b4efae596bd5e6eb961d41883fd49764e23055c,2026-09-04T22:21:02.901018+00:00,qrec,Results 1.5; Supplement S7,D3D-SIR-S7.5H-PRIMITIVE-SPACE-AND-ONTOLOGY-HARDENING-V1,CANONICAL,yes,"Hardened primitive basis (70 levels, 63 derivative-eligible) and the 23,861 symbolic coordinate space."
05_DIII_D_RECONSTRUCTION/04_Initial_Ontology/05H_primitive_hardening/scripts/s7_5h_a_policy.py,D:\SIR_paper\DIIID_example\S7\05H_primitive_space_and_ontology_hardening\scripts\s7_5h_a_policy.py,24863,6ffc7c983664995d40423c60c52a9ebb29045b1cdcadd8e55a5152f70c2ac185,2026-09-04T22:19:42.083230+00:00,qrec,Results 1.5; Supplement S7,D3D-SIR-S7.5H-PRIMITIVE-SPACE-AND-ONTOLOGY-HARDENING-V1,CANONICAL,yes,"Hardened primitive basis (70 levels, 63 derivative-eligible) and the 23,861 symbolic coordinate space."
05_DIII_D_RECONSTRUCTION/04_Initial_Ontology/05H_primitive_hardening/scripts/s7_5h_b_redundancy.py,D:\SIR_paper\DIIID_example\S7\05H_primitive_space_and_ontology_hardening\scripts\s7_5h_b_redundancy.py,14933,f3a288d284bb83af493fd13d9b19476f7dbf944d0a133d12745e7a4922437633,2026-09-04T22:20:55.017657+00:00,qrec,Results 1.5; Supplement S7,D3D-SIR-S7.5H-PRIMITIVE-SPACE-AND-ONTOLOGY-HARDENING-V1,CANONICAL,yes,"Hardened primitive basis (70 levels, 63 derivative-eligible) and the 23,861 symbolic coordinate space."
05_DIII_D_RECONSTRUCTION/04_Initial_Ontology/05H_primitive_hardening/scripts/s7_5h_c_ontology.py,D:\SIR_paper\DIIID_example\S7\05H_primitive_space_and_ontology_hardening\scripts\s7_5h_c_ontology.py,26267,b63e0b7e166c30bdc9c7127dabdbc3a4d121058698366a93e1973df37189fa27,2026-09-04T22:24:31.733093+00:00,qrec,Results 1.5; Supplement S7,D3D-SIR-S7.5H-PRIMITIVE-SPACE-AND-ONTOLOGY-HARDENING-V1,CANONICAL,yes,"Hardened primitive basis (70 levels, 63 derivative-eligible) and the 23,861 symbolic coordinate space."
05_DIII_D_RECONSTRUCTION/04_Initial_Ontology/05_typed_relational_ontology/CONSTRUCTOR_CATALOG.md,D:\SIR_paper\DIIID_example\S7\05_typed_relational_ontology\CONSTRUCTOR_CATALOG.md,6006,f98c109282b038c6bcb18effd0006c893fa81f7089db9928e814c0591e989bcf,2026-09-04T05:43:14.214505+00:00,qrec,Results 1.5; Supplement S7,D3D-SIR-S7.5-TYPED-RELATIONAL-ONTOLOGY-V1,CANONICAL,yes,"Typed relational ontology: constructor catalogue, type rules, signature schema."
05_DIII_D_RECONSTRUCTION/04_Initial_Ontology/05_typed_relational_ontology/G_REC.json,D:\SIR_paper\DIIID_example\S7\05_typed_relational_ontology\G_REC.json,15034,3bf69e1e4c219d4668a947bfecf70db35e88be5feed1b3890dbc7fe8c4fe3204,2026-09-04T05:45:50.065330+00:00,qrec,Results 1.5; Supplement S7,D3D-SIR-S7.5-TYPED-RELATIONAL-ONTOLOGY-V1,CANONICAL,yes,"Typed relational ontology: constructor catalogue, type rules, signature schema."
05_DIII_D_RECONSTRUCTION/04_Initial_Ontology/05_typed_relational_ontology/MANIFEST.json,D:\SIR_paper\DIIID_example\S7\05_typed_relational_ontology\MANIFEST.json,1406,59f2f8e396f2419a5e53e922644aa2ca0045063cc76eb9e4058b78158194735c,2026-09-08T00:51:17.527776+00:00,qrec,Results 1.5; Supplement S7,D3D-SIR-S7.5-TYPED-RELATIONAL-ONTOLOGY-V1,CANONICAL,yes,"Typed relational ontology: constructor catalogue, type rules, signature schema."
05_DIII_D_RECONSTRUCTION/04_Initial_Ontology/05_typed_relational_ontology/README.md,D:\SIR_paper\DIIID_example\S7\05_typed_relational_ontology\README.md,4483,09a10bbdd94db935443927a361cc2853e27f9e25c328065031e9103018ec786a,2026-09-04T05:45:44.315926+00:00,qrec,Results 1.5; Supplement S7,D3D-SIR-S7.5-TYPED-RELATIONAL-ONTOLOGY-V1,CANONICAL,yes,"Typed relational ontology: constructor catalogue, type rules, signature schema."
05_DIII_D_RECONSTRUCTION/04_Initial_Ontology/05_typed_relational_ontology/RELATION_TEMPLATE.md,D:\SIR_paper\DIIID_example\S7\05_typed_relational_ontology\RELATION_TEMPLATE.md,3059,7e5e59d9feec3a75d6737797753aa3ea5d31a5ce417670d663e69be9d671043d,2026-09-04T05:43:59.769980+00:00,qrec,Results 1.5; Supplement S7,D3D-SIR-S7.5-TYPED-RELATIONAL-ONTOLOGY-V1,CANONICAL,yes,"Typed relational ontology: constructor catalogue, type rules, signature schema."
05_DIII_D_RECONSTRUCTION/04_Initial_Ontology/05_typed_relational_ontology/S7_4_INHERITED_DOCUMENTATION_ERRATA.md,D:\SIR_paper\DIIID_example\S7\05_typed_relational_ontology\S7_4_INHERITED_DOCUMENTATION_ERRATA.md,3200,fdd71458ebca5e7ea9c76a172a1f5c2530a891030532a1d29fa726ce0edb2de4,2026-09-04T05:42:45.934894+00:00,qrec,Results 1.5; Supplement S7,D3D-SIR-S7.5-TYPED-RELATIONAL-ONTOLOGY-V1,CANONICAL,yes,"Typed relational ontology: constructor catalogue, type rules, signature schema."
05_DIII_D_RECONSTRUCTION/04_Initial_Ontology/05_typed_relational_ontology/S7_5_ACCEPTANCE_CHECKS.json,D:\SIR_paper\DIIID_example\S7\05_typed_relational_ontology\S7_5_ACCEPTANCE_CHECKS.json,2241,0beb663e3fdae7917a408762f6877931f6bc4bad42e5a2513ae38f9abd0ebc5c,2026-09-04T05:45:50.065832+00:00,qrec,Results 1.5; Supplement S7,D3D-SIR-S7.5-TYPED-RELATIONAL-ONTOLOGY-V1,CANONICAL,yes,"Typed relational ontology: constructor catalogue, type rules, signature schema."
05_DIII_D_RECONSTRUCTION/04_Initial_Ontology/05_typed_relational_ontology/S7_5_FREEZE.json,D:\SIR_paper\DIIID_example\S7\05_typed_relational_ontology\S7_5_FREEZE.json,5043,2cd73e77e0734177c56df175e084a319ad5913fcf1038d0dc87f7507a8a86721,2026-09-04T05:45:50.110817+00:00,qrec,Results 1.5; Supplement S7,D3D-SIR-S7.5-TYPED-RELATIONAL-ONTOLOGY-V1,CANONICAL,yes,"Typed relational ontology: constructor catalogue, type rules, signature schema."
05_DIII_D_RECONSTRUCTION/04_Initial_Ontology/05_typed_relational_ontology/S7_5_TYPED_RELATIONAL_ONTOLOGY_AUDIT_REPORT.md,D:\SIR_paper\DIIID_example\S7\05_typed_relational_ontology\S7_5_TYPED_RELATIONAL_ONTOLOGY_AUDIT_REPORT.md,10806,53827955ca99655fb951ef29dbfe1b6ed904a1639c1697e5adeb84577b2a4ac1,2026-09-04T05:45:22.402939+00:00,qrec,Results 1.5; Supplement S7,D3D-SIR-S7.5-TYPED-RELATIONAL-ONTOLOGY-V1,CANONICAL,yes,"Typed relational ontology: constructor catalogue, type rules, signature schema."
05_DIII_D_RECONSTRUCTION/04_Initial_Ontology/05_typed_relational_ontology/S7_5_TYPED_RELATIONAL_ONTOLOGY_FINAL.md,D:\SIR_paper\DIIID_example\S7\05_typed_relational_ontology\S7_5_TYPED_RELATIONAL_ONTOLOGY_FINAL.md,6701,e2d31e65badb8d992c57b694e0b368071907fc47e8b5f08d9b51f49666d296d4,2026-09-04T05:44:29.003134+00:00,qrec,Results 1.5; Supplement S7,D3D-SIR-S7.5-TYPED-RELATIONAL-ONTOLOGY-V1,CANONICAL,yes,"Typed relational ontology: constructor catalogue, type rules, signature schema."
05_DIII_D_RECONSTRUCTION/04_Initial_Ontology/05_typed_relational_ontology/TYPE_SYSTEM_AND_PROPAGATION.md,D:\SIR_paper\DIIID_example\S7\05_typed_relational_ontology\TYPE_SYSTEM_AND_PROPAGATION.md,6432,6125bce58fcbee2c20ebeaa6b301b04b4f13fcf4d82165d0b671254d101978ae,2026-09-04T05:43:43.973118+00:00,qrec,Results 1.5; Supplement S7,D3D-SIR-S7.5-TYPED-RELATIONAL-ONTOLOGY-V1,CANONICAL,yes,"Typed relational ontology: constructor catalogue, type rules, signature schema."
05_DIII_D_RECONSTRUCTION/04_Initial_Ontology/05_typed_relational_ontology/constructor_catalog.json,D:\SIR_paper\DIIID_example\S7\05_typed_relational_ontology\constructor_catalog.json,5015,4ae5053b525a97afe5d0d198351a8d17ece726e55c986e26fd9e76a85f75675b,2026-09-04T05:45:50.063323+00:00,qrec,Results 1.5; Supplement S7,D3D-SIR-S7.5-TYPED-RELATIONAL-ONTOLOGY-V1,CANONICAL,yes,"Typed relational ontology: constructor catalogue, type rules, signature schema."
05_DIII_D_RECONSTRUCTION/04_Initial_Ontology/05_typed_relational_ontology/constructor_type_rules.json,D:\SIR_paper\DIIID_example\S7\05_typed_relational_ontology\constructor_type_rules.json,5847,e3474ffaff9a2184c449e948ded016d9730cdbdb65f8ac5f74361477c98b42f0,2026-09-04T05:45:50.063825+00:00,qrec,Results 1.5; Supplement S7,D3D-SIR-S7.5-TYPED-RELATIONAL-ONTOLOGY-V1,CANONICAL,yes,"Typed relational ontology: constructor catalogue, type rules, signature schema."
05_DIII_D_RECONSTRUCTION/04_Initial_Ontology/05_typed_relational_ontology/coordinate_signature_schema.json,D:\SIR_paper\DIIID_example\S7\05_typed_relational_ontology\coordinate_signature_schema.json,1328,94a2b76308355b693983d9b0f375c815d1c66d16358d3c7c501d8b78ca2fc84d,2026-09-04T05:45:50.064327+00:00,qrec,Results 1.5; Supplement S7,D3D-SIR-S7.5-TYPED-RELATIONAL-ONTOLOGY-V1,CANONICAL,yes,"Typed relational ontology: constructor catalogue, type rules, signature schema."
05_DIII_D_RECONSTRUCTION/04_Initial_Ontology/05_typed_relational_ontology/dependency_constraints.json,D:\SIR_paper\DIIID_example\S7\05_typed_relational_ontology\dependency_constraints.json,1363,73d35edfd3c2d2c70121859e9086f7eecc9ae6ce0ef069973bba3851fb2ac022,2026-09-04T05:45:50.064828+00:00,qrec,Results 1.5; Supplement S7,D3D-SIR-S7.5-TYPED-RELATIONAL-ONTOLOGY-V1,CANONICAL,yes,"Typed relational ontology: constructor catalogue, type rules, signature schema."
05_DIII_D_RECONSTRUCTION/04_Initial_Ontology/05_typed_relational_ontology/excluded_constructor_families.json,D:\SIR_paper\DIIID_example\S7\05_typed_relational_ontology\excluded_constructor_families.json,4670,f1786f6dda235dff1f88c5bbed4c55b81bf8473284dc64a58fab94797bff9245,2026-09-04T05:45:50.063825+00:00,qrec,Results 1.5; Supplement S7,D3D-SIR-S7.5-TYPED-RELATIONAL-ONTOLOGY-V1,CANONICAL,yes,"Typed relational ontology: constructor catalogue, type rules, signature schema."
05_DIII_D_RECONSTRUCTION/04_Initial_Ontology/05_typed_relational_ontology/index.html,D:\SIR_paper\DIIID_example\S7\05_typed_relational_ontology\index.html,6674,d34ac5735b45752e0da2b12b12caaaf9cc47945a3a9fd545051e722775d1446d,2026-09-08T00:51:17.528278+00:00,qrec,Results 1.5; Supplement S7,D3D-SIR-S7.5-TYPED-RELATIONAL-ONTOLOGY-V1,CANONICAL,yes,"Typed relational ontology: constructor catalogue, type rules, signature schema."
05_DIII_D_RECONSTRUCTION/04_Initial_Ontology/05_typed_relational_ontology/manifests/DERIVATIVE_REALIZATION_CHECK.json,D:\SIR_paper\DIIID_example\S7\05_typed_relational_ontology\manifests\DERIVATIVE_REALIZATION_CHECK.json,1398,ac85874ff64d0e92b2f6b272cbd7068c7f2bd6aae54a73be6ce7291da916af91,2026-09-04T05:45:50.058801+00:00,qrec,Results 1.5; Supplement S7,D3D-SIR-S7.5-TYPED-RELATIONAL-ONTOLOGY-V1,CANONICAL,yes,"Typed relational ontology: constructor catalogue, type rules, signature schema."
05_DIII_D_RECONSTRUCTION/04_Initial_Ontology/05_typed_relational_ontology/manifests/PARENT_FREEZE_VERIFICATION.json,D:\SIR_paper\DIIID_example\S7\05_typed_relational_ontology\manifests\PARENT_FREEZE_VERIFICATION.json,1701,10b0dc14ad14644ed929dda74531c7c46db5e95a1b4e2cb781cce8270bebdc78,2026-09-04T05:45:50.048268+00:00,qrec,Results 1.5; Supplement S7,D3D-SIR-S7.5-TYPED-RELATIONAL-ONTOLOGY-V1,CANONICAL,yes,"Typed relational ontology: constructor catalogue, type rules, signature schema."
05_DIII_D_RECONSTRUCTION/04_Initial_Ontology/05_typed_relational_ontology/manifests/PREFLIGHT_SEMANTIC_CHECKS.json,D:\SIR_paper\DIIID_example\S7\05_typed_relational_ontology\manifests\PREFLIGHT_SEMANTIC_CHECKS.json,885,f8177e45b6b5f9bb7dbaf8853f900978e716baadd481e3ad48f73ebd773b60db,2026-09-04T05:45:50.057292+00:00,qrec,Results 1.5; Supplement S7,D3D-SIR-S7.5-TYPED-RELATIONAL-ONTOLOGY-V1,CANONICAL,yes,"Typed relational ontology: constructor catalogue, type rules, signature schema."
05_DIII_D_RECONSTRUCTION/04_Initial_Ontology/05_typed_relational_ontology/ontology_constraints.json,D:\SIR_paper\DIIID_example\S7\05_typed_relational_ontology\ontology_constraints.json,1014,92f7a852e6b27600b90118f8cdf42c3e67d743464cba506181a3a684e862c9a7,2026-09-04T05:45:50.064828+00:00,qrec,Results 1.5; Supplement S7,D3D-SIR-S7.5-TYPED-RELATIONAL-ONTOLOGY-V1,CANONICAL,yes,"Typed relational ontology: constructor catalogue, type rules, signature schema."
05_DIII_D_RECONSTRUCTION/04_Initial_Ontology/05_typed_relational_ontology/primitive_type_registry.csv,D:\SIR_paper\DIIID_example\S7\05_typed_relational_ontology\primitive_type_registry.csv,15542,f5753e8fb1e677f3f6b476d0f2b0f87237e2a22f3cc0a45dc2095b56e09d0efb,2026-09-04T05:45:50.062821+00:00,qrec,Results 1.5; Supplement S7,D3D-SIR-S7.5-TYPED-RELATIONAL-ONTOLOGY-V1,CANONICAL,yes,"Typed relational ontology: constructor catalogue, type rules, signature schema."
05_DIII_D_RECONSTRUCTION/04_Initial_Ontology/05_typed_relational_ontology/relation_templates.json,D:\SIR_paper\DIIID_example\S7\05_typed_relational_ontology\relation_templates.json,1628,dc39d916a35d5069c710ffe7040f2b405b872b1ea42e7f959202d45eb2166143,2026-09-04T05:45:50.064327+00:00,qrec,Results 1.5; Supplement S7,D3D-SIR-S7.5-TYPED-RELATIONAL-ONTOLOGY-V1,CANONICAL,yes,"Typed relational ontology: constructor catalogue, type rules, signature schema."
05_DIII_D_RECONSTRUCTION/04_Initial_Ontology/05_typed_relational_ontology/scripts/s7_5_build_g_rec.py,D:\SIR_paper\DIIID_example\S7\05_typed_relational_ontology\scripts\s7_5_build_g_rec.py,49836,bc7e5bf8aa179a8d58b67c9d149f5b69bf8cf845f6709c745a5b84643b2312d2,2026-09-04T05:41:56.984875+00:00,qrec,Results 1.5; Supplement S7,D3D-SIR-S7.5-TYPED-RELATIONAL-ONTOLOGY-V1,CANONICAL,yes,"Typed relational ontology: constructor catalogue, type rules, signature schema."
05_DIII_D_RECONSTRUCTION/04_Initial_Ontology/06_admissible_universe_10778/A_REC.json,D:\SIR_paper\DIIID_example\S7\06_admissible_universe\A_REC.json,3732,e8c5c152c7df956328d4dc8e9e51d210a21a59192673eb01aaaf87e2dc7859a1,2026-09-04T06:08:03.069790+00:00,qrec,Results 1.5; Supplement S7,D3D-SIR-S7.6-ADMISSIBLE-UNIVERSE-HARDENED-V2,CANONICAL,yes,"The 10,778-atom admissible universe, denominator admissibility, numerical support, exact dependency groups, partial-map admissibility."
05_DIII_D_RECONSTRUCTION/04_Initial_Ontology/06_admissible_universe_10778/PARTIAL_MAP_ADMISSIBILITY.md,D:\SIR_paper\DIIID_example\S7\06_admissible_universe\PARTIAL_MAP_ADMISSIBILITY.md,5102,c4f95f08bf8eba028e5a7044145e5629d86935ae0077800d7825c4da530e6092,2026-09-04T06:09:21.528328+00:00,qrec,Results 1.5; Supplement S7,D3D-SIR-S7.6-ADMISSIBLE-UNIVERSE-HARDENED-V2,CANONICAL,yes,"The 10,778-atom admissible universe, denominator admissibility, numerical support, exact dependency groups, partial-map admissibility."
05_DIII_D_RECONSTRUCTION/04_Initial_Ontology/06_admissible_universe_10778/README.md,D:\SIR_paper\DIIID_example\S7\06_admissible_universe\README.md,4921,1fa8dcfc34d28bf69793006bf4299414ca980bb6795b7ccc47171d0c02b9ebdf,2026-09-04T06:11:55.740802+00:00,qrec,Results 1.5; Supplement S7,D3D-SIR-S7.6-ADMISSIBLE-UNIVERSE-HARDENED-V2,CANONICAL,yes,"The 10,778-atom admissible universe, denominator admissibility, numerical support, exact dependency groups, partial-map admissibility."
05_DIII_D_RECONSTRUCTION/04_Initial_Ontology/06_admissible_universe_10778/REPRESENTATION_SET_CONSTRAINTS.md,D:\SIR_paper\DIIID_example\S7\06_admissible_universe\REPRESENTATION_SET_CONSTRAINTS.md,5186,fbf9f4aed6cb2f362c6215a8c72d5c52ec7ad176a0848108fcb493daa2161c13,2026-09-04T06:09:48.446135+00:00,qrec,Results 1.5; Supplement S7,D3D-SIR-S7.6-ADMISSIBLE-UNIVERSE-HARDENED-V2,CANONICAL,yes,"The 10,778-atom admissible universe, denominator admissibility, numerical support, exact dependency groups, partial-map admissibility."
05_DIII_D_RECONSTRUCTION/04_Initial_Ontology/06_admissible_universe_10778/S7_5_INHERITED_DOCUMENTATION_ERRATA.md,D:\SIR_paper\DIIID_example\S7\06_admissible_universe\S7_5_INHERITED_DOCUMENTATION_ERRATA.md,3558,c62474468ac778e9d18b41136eb470e4f0975507bff952e10aee2f110c03fd27,2026-09-04T06:10:07.848175+00:00,qrec,Results 1.5; Supplement S7,D3D-SIR-S7.6-ADMISSIBLE-UNIVERSE-HARDENED-V2,CANONICAL,yes,"The 10,778-atom admissible universe, denominator admissibility, numerical support, exact dependency groups, partial-map admissibility."
05_DIII_D_RECONSTRUCTION/04_Initial_Ontology/06_admissible_universe_10778/S7_6_ACCEPTANCE_CHECKS.json,D:\SIR_paper\DIIID_example\S7\06_admissible_universe\S7_6_ACCEPTANCE_CHECKS.json,2001,159e319f7a83be88e8ea81dc3fb6fc6e78a9833ce5b949851685288b4cc541a0,2026-09-04T06:12:03.228557+00:00,qrec,Results 1.5; Supplement S7,D3D-SIR-S7.6-ADMISSIBLE-UNIVERSE-HARDENED-V2,CANONICAL,yes,"The 10,778-atom admissible universe, denominator admissibility, numerical support, exact dependency groups, partial-map admissibility."
05_DIII_D_RECONSTRUCTION/04_Initial_Ontology/06_admissible_universe_10778/S7_6_ADMISSIBLE_UNIVERSE_AUDIT_REPORT.md,D:\SIR_paper\DIIID_example\S7\06_admissible_universe\S7_6_ADMISSIBLE_UNIVERSE_AUDIT_REPORT.md,9812,588529f9df9eef8128d785367e9bbc6421bd1b01b0bf9737f8885ad65166ca64,2026-09-04T06:11:30.493631+00:00,qrec,Results 1.5; Supplement S7,D3D-SIR-S7.6-ADMISSIBLE-UNIVERSE-HARDENED-V2,CANONICAL,yes,"The 10,778-atom admissible universe, denominator admissibility, numerical support, exact dependency groups, partial-map admissibility."
05_DIII_D_RECONSTRUCTION/04_Initial_Ontology/06_admissible_universe_10778/S7_6_ADMISSIBLE_UNIVERSE_FINAL.md,D:\SIR_paper\DIIID_example\S7\06_admissible_universe\S7_6_ADMISSIBLE_UNIVERSE_FINAL.md,6851,62ce0cbfb7ecbc34680361cd7c82a35b33caff1bfd86b168ee6fa6bbb8974793,2026-09-04T06:10:39.483205+00:00,qrec,Results 1.5; Supplement S7,D3D-SIR-S7.6-ADMISSIBLE-UNIVERSE-HARDENED-V2,CANONICAL,yes,"The 10,778-atom admissible universe, denominator admissibility, numerical support, exact dependency groups, partial-map admissibility."
05_DIII_D_RECONSTRUCTION/04_Initial_Ontology/06_admissible_universe_10778/S7_6_FREEZE.json,D:\SIR_paper\DIIID_example\S7\06_admissible_universe\S7_6_FREEZE.json,6167,ac3127136678499d7ef65f3d0ab55adb6dbff123a4f37ab21498d656f672e5bf,2026-09-04T06:12:03.281734+00:00,qrec,Results 1.5; Supplement S7,D3D-SIR-S7.6-ADMISSIBLE-UNIVERSE-HARDENED-V2,CANONICAL,yes,"The 10,778-atom admissible universe, denominator admissibility, numerical support, exact dependency groups, partial-map admissibility."
05_DIII_D_RECONSTRUCTION/04_Initial_Ontology/06_admissible_universe_10778/atomic_coordinate_universe.json,D:\SIR_paper\DIIID_example\S7\06_admissible_universe\atomic_coordinate_universe.json,409,bd8206620497048f779c5bcb5653f78141142fdbfc78f97a0a21ddcfefde3336,2026-09-04T06:08:03.069285+00:00,qrec,Results 1.5; Supplement S7,D3D-SIR-S7.6-ADMISSIBLE-UNIVERSE-HARDENED-V2,CANONICAL,yes,"The 10,778-atom admissible universe, denominator admissibility, numerical support, exact dependency groups, partial-map admissibility."
05_DIII_D_RECONSTRUCTION/04_Initial_Ontology/06_admissible_universe_10778/coordinate_admissibility.csv,D:\SIR_paper\DIIID_example\S7\06_admissible_universe\coordinate_admissibility.csv,1620273,8e8eb9c28559364f807830d06b83a93fd1d3a8374cffbad27a47ba3ae3ea8fbb,2026-09-04T06:08:02.994836+00:00,qrec,Results 1.5; Supplement S7,D3D-SIR-S7.6-ADMISSIBLE-UNIVERSE-HARDENED-V2,CANONICAL,yes,"The 10,778-atom admissible universe, denominator admissibility, numerical support, exact dependency groups, partial-map admissibility."
05_DIII_D_RECONSTRUCTION/04_Initial_Ontology/06_admissible_universe_10778/coordinate_registry_all.csv,D:\SIR_paper\DIIID_example\S7\06_admissible_universe\coordinate_registry_all.csv,2684365,4fc95bf46e9140bbdded265d7a26201706b0335c74699f0cbdf1873d39dc174c,2026-09-04T06:07:52.286122+00:00,qrec,Results 1.5; Supplement S7,D3D-SIR-S7.6-ADMISSIBLE-UNIVERSE-HARDENED-V2,CANONICAL,yes,"The 10,778-atom admissible universe, denominator admissibility, numerical support, exact dependency groups, partial-map admissibility."
05_DIII_D_RECONSTRUCTION/04_Initial_Ontology/06_admissible_universe_10778/coordinate_rejection_log.csv,D:\SIR_paper\DIIID_example\S7\06_admissible_universe\coordinate_rejection_log.csv,511705,6cdb35b01eefaebc9cd5ffaa1f538f62b9c6a3976c62b03f9156a4c24cd8eda9,2026-09-04T06:08:03.057531+00:00,qrec,Results 1.5; Supplement S7,D3D-SIR-S7.6-ADMISSIBLE-UNIVERSE-HARDENED-V2,CANONICAL,yes,"The 10,778-atom admissible universe, denominator admissibility, numerical support, exact dependency groups, partial-map admissibility."
05_DIII_D_RECONSTRUCTION/04_Initial_Ontology/06_admissible_universe_10778/denominator_admissibility_rule.json,D:\SIR_paper\DIIID_example\S7\06_admissible_universe\denominator_admissibility_rule.json,2190,6d4004eb3ae95067b2a01dddeb90226748cfee7097217d68ab5377ac50ed716d,2026-09-04T06:02:48.211019+00:00,qrec,Results 1.5; Supplement S7,D3D-SIR-S7.6-ADMISSIBLE-UNIVERSE-HARDENED-V2,CANONICAL,yes,"The 10,778-atom admissible universe, denominator admissibility, numerical support, exact dependency groups, partial-map admissibility."
05_DIII_D_RECONSTRUCTION/04_Initial_Ontology/06_admissible_universe_10778/denominator_conditioning_audit.csv,D:\SIR_paper\DIIID_example\S7\06_admissible_universe\denominator_conditioning_audit.csv,937888,0483a7520346a08ff5dab2817d9d819aedfac3657110e34939e9b1cd354076f1,2026-09-04T06:07:56.182185+00:00,qrec,Results 1.5; Supplement S7,D3D-SIR-S7.6-ADMISSIBLE-UNIVERSE-HARDENED-V2,CANONICAL,yes,"The 10,778-atom admissible universe, denominator admissibility, numerical support, exact dependency groups, partial-map admissibility."
05_DIII_D_RECONSTRUCTION/04_Initial_Ontology/06_admissible_universe_10778/exact_dependency_groups.csv,D:\SIR_paper\DIIID_example\S7\06_admissible_universe\exact_dependency_groups.csv,142,726e8e59899c98cf79720dac3f582a63e72275f2459088eb08a713c2741b4036,2026-09-04T06:08:03.067568+00:00,qrec,Results 1.5; Supplement S7,D3D-SIR-S7.6-ADMISSIBLE-UNIVERSE-HARDENED-V2,CANONICAL,yes,"The 10,778-atom admissible universe, denominator admissibility, numerical support, exact dependency groups, partial-map admissibility."
05_DIII_D_RECONSTRUCTION/04_Initial_Ontology/06_admissible_universe_10778/exact_dependency_groups_attempted.csv,D:\SIR_paper\DIIID_example\S7\06_admissible_universe\exact_dependency_groups_attempted.csv,121806,fd23e7f98f54dc6f7f534c1094f6f01616e3294a96e7d3dbb19e31fbd2d0b89b,2026-09-04T06:08:03.066564+00:00,qrec,Results 1.5; Supplement S7,D3D-SIR-S7.6-ADMISSIBLE-UNIVERSE-HARDENED-V2,CANONICAL,yes,"The 10,778-atom admissible universe, denominator admissibility, numerical support, exact dependency groups, partial-map admissibility."
05_DIII_D_RECONSTRUCTION/04_Initial_Ontology/06_admissible_universe_10778/hardened_v2/A_REC_HARDENED.json,D:\SIR_paper\DIIID_example\S7\06_admissible_universe\hardened_v2\A_REC_HARDENED.json,4757,440643e9a77a53ff97b1ffd797f93792edb295073ac1b10573ad63db0a00d3c7,2026-09-04T23:02:49.639091+00:00,qrec,Results 1.5; Supplement S7,D3D-SIR-S7.6-ADMISSIBLE-UNIVERSE-HARDENED-V2,CANONICAL,yes,"The 10,778-atom admissible universe, denominator admissibility, numerical support, exact dependency groups, partial-map admissibility."
05_DIII_D_RECONSTRUCTION/04_Initial_Ontology/06_admissible_universe_10778/hardened_v2/MANIFEST.json,D:\SIR_paper\DIIID_example\S7\06_admissible_universe\hardened_v2\MANIFEST.json,1798,66e12e1e2dbfc30044ebcca7b4beb5fa8b2775a3f24a5e499b1716c8fe4b00ed,2026-09-08T00:51:17.532793+00:00,qrec,Results 1.5; Supplement S7,D3D-SIR-S7.6-ADMISSIBLE-UNIVERSE-HARDENED-V2,CANONICAL,yes,"The 10,778-atom admissible universe, denominator admissibility, numerical support, exact dependency groups, partial-map admissibility."
05_DIII_D_RECONSTRUCTION/04_Initial_Ontology/06_admissible_universe_10778/hardened_v2/PARTIAL_MAP_ADMISSIBILITY.md,D:\SIR_paper\DIIID_example\S7\06_admissible_universe\hardened_v2\PARTIAL_MAP_ADMISSIBILITY.md,5070,553a58ee35df56f52f77298455d533ce25683dffb71e860a9d385e95386eb2ab,2026-09-04T22:57:12.815212+00:00,qrec,Results 1.5; Supplement S7,D3D-SIR-S7.6-ADMISSIBLE-UNIVERSE-HARDENED-V2,CANONICAL,yes,"The 10,778-atom admissible universe, denominator admissibility, numerical support, exact dependency groups, partial-map admissibility."
05_DIII_D_RECONSTRUCTION/04_Initial_Ontology/06_admissible_universe_10778/hardened_v2/README.md,D:\SIR_paper\DIIID_example\S7\06_admissible_universe\hardened_v2\README.md,6040,0c35d9c2e24d112a6280818681598118b6ffeddf4ea568cfcf9cc74de98a4d67,2026-09-04T22:58:08.865005+00:00,qrec,Results 1.5; Supplement S7,D3D-SIR-S7.6-ADMISSIBLE-UNIVERSE-HARDENED-V2,CANONICAL,yes,"The 10,778-atom admissible universe, denominator admissibility, numerical support, exact dependency groups, partial-map admissibility."
05_DIII_D_RECONSTRUCTION/04_Initial_Ontology/06_admissible_universe_10778/hardened_v2/REPRESENTATION_SET_CONSTRAINTS.md,D:\SIR_paper\DIIID_example\S7\06_admissible_universe\hardened_v2\REPRESENTATION_SET_CONSTRAINTS.md,4913,14c2365a57c0d2fc319b5a4674d40a193bbc86b3b7d0788715d130814a0f49d1,2026-09-04T22:57:37.194461+00:00,qrec,Results 1.5; Supplement S7,D3D-SIR-S7.6-ADMISSIBLE-UNIVERSE-HARDENED-V2,CANONICAL,yes,"The 10,778-atom admissible universe, denominator admissibility, numerical support, exact dependency groups, partial-map admissibility."
05_DIII_D_RECONSTRUCTION/04_Initial_Ontology/06_admissible_universe_10778/hardened_v2/S7_6R_ACCEPTANCE_CHECKS.json,D:\SIR_paper\DIIID_example\S7\06_admissible_universe\hardened_v2\S7_6R_ACCEPTANCE_CHECKS.json,2312,6a88eba6f762e2fb6e01583eadcbe71ccf6b0e07731eb41db8c867b85fcde399,2026-09-04T23:02:49.653301+00:00,qrec,Results 1.5; Supplement S7,D3D-SIR-S7.6-ADMISSIBLE-UNIVERSE-HARDENED-V2,CANONICAL,yes,"The 10,778-atom admissible universe, denominator admissibility, numerical support, exact dependency groups, partial-map admissibility."
05_DIII_D_RECONSTRUCTION/04_Initial_Ontology/06_admissible_universe_10778/hardened_v2/S7_6R_ADMISSIBLE_UNIVERSE_AUDIT_REPORT.md,D:\SIR_paper\DIIID_example\S7\06_admissible_universe\hardened_v2\S7_6R_ADMISSIBLE_UNIVERSE_AUDIT_REPORT.md,14771,6fd0a5af863e0337d740df43d45b29632ee18784a647a099d60c8b216216d664,2026-09-04T23:02:44.266659+00:00,qrec,Results 1.5; Supplement S7,D3D-SIR-S7.6-ADMISSIBLE-UNIVERSE-HARDENED-V2,CANONICAL,yes,"The 10,778-atom admissible universe, denominator admissibility, numerical support, exact dependency groups, partial-map admissibility."
05_DIII_D_RECONSTRUCTION/04_Initial_Ontology/06_admissible_universe_10778/hardened_v2/S7_6R_ADMISSIBLE_UNIVERSE_FINAL.md,D:\SIR_paper\DIIID_example\S7\06_admissible_universe\hardened_v2\S7_6R_ADMISSIBLE_UNIVERSE_FINAL.md,6100,21fdd282acc3395f1e72062c93d12595b83136e59642fc899f0c6b030dca0989,2026-09-04T22:55:29.116659+00:00,qrec,Results 1.5; Supplement S7,D3D-SIR-S7.6-ADMISSIBLE-UNIVERSE-HARDENED-V2,CANONICAL,yes,"The 10,778-atom admissible universe, denominator admissibility, numerical support, exact dependency groups, partial-map admissibility."
05_DIII_D_RECONSTRUCTION/04_Initial_Ontology/06_admissible_universe_10778/hardened_v2/S7_6R_FREEZE.json,D:\SIR_paper\DIIID_example\S7\06_admissible_universe\hardened_v2\S7_6R_FREEZE.json,6914,0cf779767940249fa515221f3fbd4bf2f7a93281c21cb63383b084504426fa59,2026-09-04T23:02:49.697374+00:00,qrec,Results 1.5; Supplement S7,D3D-SIR-S7.6-ADMISSIBLE-UNIVERSE-HARDENED-V2,CANONICAL,yes,"The 10,778-atom admissible universe, denominator admissibility, numerical support, exact dependency groups, partial-map admissibility."
05_DIII_D_RECONSTRUCTION/04_Initial_Ontology/06_admissible_universe_10778/hardened_v2/atomic_coordinate_universe.json,D:\SIR_paper\DIIID_example\S7\06_admissible_universe\hardened_v2\atomic_coordinate_universe.json,821,80b6bf5ffb7ccadf42306f4565a92d86d732cd5903680e8198f96dbdffdc0ba0,2026-09-04T23:02:49.638339+00:00,qrec,Results 1.5; Supplement S7,D3D-SIR-S7.6-ADMISSIBLE-UNIVERSE-HARDENED-V2,CANONICAL,yes,"The 10,778-atom admissible universe, denominator admissibility, numerical support, exact dependency groups, partial-map admissibility."
05_DIII_D_RECONSTRUCTION/04_Initial_Ontology/06_admissible_universe_10778/hardened_v2/atomic_family_composition.csv,D:\SIR_paper\DIIID_example\S7\06_admissible_universe\hardened_v2\atomic_family_composition.csv,394,401317daeb5308ddccfb016b632a9bef3324d681dd2370bb798d0b32303a1015,2026-09-04T23:02:49.637837+00:00,qrec,Results 1.5; Supplement S7,D3D-SIR-S7.6-ADMISSIBLE-UNIVERSE-HARDENED-V2,CANONICAL,yes,"The 10,778-atom admissible universe, denominator admissibility, numerical support, exact dependency groups, partial-map admissibility."
05_DIII_D_RECONSTRUCTION/04_Initial_Ontology/06_admissible_universe_10778/hardened_v2/constructor_survival_census.csv,D:\SIR_paper\DIIID_example\S7\06_admissible_universe\hardened_v2\constructor_survival_census.csv,295,ec6412158977d15b5432c9300c009fdf15393d43556f4147347e009d9f0a4b11,2026-09-04T23:02:49.578278+00:00,qrec,Results 1.5; Supplement S7,D3D-SIR-S7.6-ADMISSIBLE-UNIVERSE-HARDENED-V2,CANONICAL,yes,"The 10,778-atom admissible universe, denominator admissibility, numerical support, exact dependency groups, partial-map admissibility."
05_DIII_D_RECONSTRUCTION/04_Initial_Ontology/06_admissible_universe_10778/hardened_v2/coordinate_admissibility.csv,D:\SIR_paper\DIIID_example\S7\06_admissible_universe\hardened_v2\coordinate_admissibility.csv,2963384,7268d881cadc620850942d886b8d2edc00b61fec5a853e2700a653226db896d5,2026-09-04T22:51:45.384938+00:00,qrec,Results 1.5; Supplement S7,D3D-SIR-S7.6-ADMISSIBLE-UNIVERSE-HARDENED-V2,CANONICAL,yes,"The 10,778-atom admissible universe, denominator admissibility, numerical support, exact dependency groups, partial-map admissibility."
05_DIII_D_RECONSTRUCTION/04_Initial_Ontology/06_admissible_universe_10778/hardened_v2/coordinate_registry_symbolic.csv,D:\SIR_paper\DIIID_example\S7\06_admissible_universe\hardened_v2\coordinate_registry_symbolic.csv,7392630,575ff6eb607d2d2b026cceaa5bc5439ffdd0acac8c6c2ba273139f3dd6c57670,2026-09-04T22:51:39.892610+00:00,qrec,Results 1.5; Supplement S7,D3D-SIR-S7.6-ADMISSIBLE-UNIVERSE-HARDENED-V2,CANONICAL,yes,"The 10,778-atom admissible universe, denominator admissibility, numerical support, exact dependency groups, partial-map admissibility."
05_DIII_D_RECONSTRUCTION/04_Initial_Ontology/06_admissible_universe_10778/hardened_v2/coordinate_rejection_log.csv,D:\SIR_paper\DIIID_example\S7\06_admissible_universe\hardened_v2\coordinate_rejection_log.csv,1375184,912f92d13aa016a110778a9e6f8a9fba112bb24e73c5d04aab5b699db1528dd2,2026-09-04T22:51:45.500987+00:00,qrec,Results 1.5; Supplement S7,D3D-SIR-S7.6-ADMISSIBLE-UNIVERSE-HARDENED-V2,CANONICAL,yes,"The 10,778-atom admissible universe, denominator admissibility, numerical support, exact dependency groups, partial-map admissibility."
05_DIII_D_RECONSTRUCTION/04_Initial_Ontology/06_admissible_universe_10778/hardened_v2/denominator_conditioning_audit.csv,D:\SIR_paper\DIIID_example\S7\06_admissible_universe\hardened_v2\denominator_conditioning_audit.csv,1051246,3e5b6c1081dfdc37e7a6f337418ffe7838d3d233fbf4e79006e36bb9e24a297f,2026-09-04T22:51:42.670906+00:00,qrec,Results 1.5; Supplement S7,D3D-SIR-S7.6-ADMISSIBLE-UNIVERSE-HARDENED-V2,CANONICAL,yes,"The 10,778-atom admissible universe, denominator admissibility, numerical support, exact dependency groups, partial-map admissibility."
05_DIII_D_RECONSTRUCTION/04_Initial_Ontology/06_admissible_universe_10778/hardened_v2/exact_dependency_groups.csv,D:\SIR_paper\DIIID_example\S7\06_admissible_universe\hardened_v2\exact_dependency_groups.csv,246,fd599dd02ea05a188cd9658954dee946fbf616a85bc9b18062e3d2aa32169d02,2026-09-04T22:51:45.509342+00:00,qrec,Results 1.5; Supplement S7,D3D-SIR-S7.6-ADMISSIBLE-UNIVERSE-HARDENED-V2,CANONICAL,yes,"The 10,778-atom admissible universe, denominator admissibility, numerical support, exact dependency groups, partial-map admissibility."
05_DIII_D_RECONSTRUCTION/04_Initial_Ontology/06_admissible_universe_10778/hardened_v2/exact_dependency_groups_attempted.csv,D:\SIR_paper\DIIID_example\S7\06_admissible_universe\hardened_v2\exact_dependency_groups_attempted.csv,325326,1af89959958f3c4849cc06b0409558861276dd651fdad2202479ee1f4bb41f63,2026-09-04T22:51:45.508100+00:00,qrec,Results 1.5; Supplement S7,D3D-SIR-S7.6-ADMISSIBLE-UNIVERSE-HARDENED-V2,CANONICAL,yes,"The 10,778-atom admissible universe, denominator admissibility, numerical support, exact dependency groups, partial-map admissibility."
05_DIII_D_RECONSTRUCTION/04_Initial_Ontology/06_admissible_universe_10778/hardened_v2/historical_v1_comparison.json,D:\SIR_paper\DIIID_example\S7\06_admissible_universe\hardened_v2\historical_v1_comparison.json,2695,183c2326e6f959014d84cbf65fb7b11c8b6494d196e599ee6aec4fca784d6509,2026-09-04T23:02:49.643763+00:00,qrec,Results 1.5; Supplement S7,D3D-SIR-S7.6-ADMISSIBLE-UNIVERSE-HARDENED-V2,CANONICAL,yes,"The 10,778-atom admissible universe, denominator admissibility, numerical support, exact dependency groups, partial-map admissibility."
05_DIII_D_RECONSTRUCTION/04_Initial_Ontology/06_admissible_universe_10778/hardened_v2/index.html,D:\SIR_paper\DIIID_example\S7\06_admissible_universe\hardened_v2\index.html,7380,58c1daea80f3b1dec57ab4afb28424e9d086e9d1f8d5c3a8c0f27af23e3e8f1d,2026-09-08T00:51:17.533295+00:00,qrec,Results 1.5; Supplement S7,D3D-SIR-S7.6-ADMISSIBLE-UNIVERSE-HARDENED-V2,CANONICAL,yes,"The 10,778-atom admissible universe, denominator admissibility, numerical support, exact dependency groups, partial-map admissibility."
05_DIII_D_RECONSTRUCTION/04_Initial_Ontology/06_admissible_universe_10778/hardened_v2/manifests/ACCESS_AUDIT.json,D:\SIR_paper\DIIID_example\S7\06_admissible_universe\hardened_v2\manifests\ACCESS_AUDIT.json,750,e9c700e2873ef39670d1438c9c6eefca122b8103980214b60413adebc3588370,2026-09-04T22:51:45.503981+00:00,qrec,Results 1.5; Supplement S7,D3D-SIR-S7.6-ADMISSIBLE-UNIVERSE-HARDENED-V2,CANONICAL,yes,"The 10,778-atom admissible universe, denominator admissibility, numerical support, exact dependency groups, partial-map admissibility."
05_DIII_D_RECONSTRUCTION/04_Initial_Ontology/06_admissible_universe_10778/hardened_v2/manifests/DATA_ACCESS_LOG.csv,D:\SIR_paper\DIIID_example\S7\06_admissible_universe\hardened_v2\manifests\DATA_ACCESS_LOG.csv,3139,5c1a37d507925cab12c087f1b1e94b3042877ace2761e4da30c01e15b6418949,2026-09-04T22:51:45.503277+00:00,qrec,Results 1.5; Supplement S7,D3D-SIR-S7.6-ADMISSIBLE-UNIVERSE-HARDENED-V2,CANONICAL,yes,"The 10,778-atom admissible universe, denominator admissibility, numerical support, exact dependency groups, partial-map admissibility."
05_DIII_D_RECONSTRUCTION/04_Initial_Ontology/06_admissible_universe_10778/hardened_v2/manifests/DENOMINATOR_RULE_VERIFICATION.json,D:\SIR_paper\DIIID_example\S7\06_admissible_universe\hardened_v2\manifests\DENOMINATOR_RULE_VERIFICATION.json,2219,71084c3c9677c14741f1558525cfd9f7ec09b2217067507ed3d5b9629db7ef5e,2026-09-04T22:48:44.923927+00:00,qrec,Results 1.5; Supplement S7,D3D-SIR-S7.6-ADMISSIBLE-UNIVERSE-HARDENED-V2,CANONICAL,yes,"The 10,778-atom admissible universe, denominator admissibility, numerical support, exact dependency groups, partial-map admissibility."
05_DIII_D_RECONSTRUCTION/04_Initial_Ontology/06_admissible_universe_10778/hardened_v2/manifests/DEPENDENCY_DERIVATION.json,D:\SIR_paper\DIIID_example\S7\06_admissible_universe\hardened_v2\manifests\DEPENDENCY_DERIVATION.json,1433,7f2496d124f6d96282339506e7377c98828633178497c1dc5171f1e615fbff3e,2026-09-04T22:51:45.509342+00:00,qrec,Results 1.5; Supplement S7,D3D-SIR-S7.6-ADMISSIBLE-UNIVERSE-HARDENED-V2,CANONICAL,yes,"The 10,778-atom admissible universe, denominator admissibility, numerical support, exact dependency groups, partial-map admissibility."
05_DIII_D_RECONSTRUCTION/04_Initial_Ontology/06_admissible_universe_10778/hardened_v2/manifests/HISTORICAL_S7_6_V1_RECORD.json,D:\SIR_paper\DIIID_example\S7\06_admissible_universe\hardened_v2\manifests\HISTORICAL_S7_6_V1_RECORD.json,4458,8564964f94db669cd37121c5fb2c19d89d099f354c95de9a6863bd9e7fcb1eb7,2026-09-04T22:48:44.923423+00:00,qrec,Results 1.5; Supplement S7,D3D-SIR-S7.6-ADMISSIBLE-UNIVERSE-HARDENED-V2,CANONICAL,yes,"The 10,778-atom admissible universe, denominator admissibility, numerical support, exact dependency groups, partial-map admissibility."
05_DIII_D_RECONSTRUCTION/04_Initial_Ontology/06_admissible_universe_10778/hardened_v2/manifests/HISTORICAL_V1_PRESERVATION.json,D:\SIR_paper\DIIID_example\S7\06_admissible_universe\hardened_v2\manifests\HISTORICAL_V1_PRESERVATION.json,132,4e7a74f30d31318bb891dbd07f7b6cc367ba870bdde3bc8ed1ef7a24c0f9ece0,2026-09-04T23:02:49.651290+00:00,qrec,Results 1.5; Supplement S7,D3D-SIR-S7.6-ADMISSIBLE-UNIVERSE-HARDENED-V2,CANONICAL,yes,"The 10,778-atom admissible universe, denominator admissibility, numerical support, exact dependency groups, partial-map admissibility."
05_DIII_D_RECONSTRUCTION/04_Initial_Ontology/06_admissible_universe_10778/hardened_v2/manifests/PARENT_FREEZE_VERIFICATION.json,D:\SIR_paper\DIIID_example\S7\06_admissible_universe\hardened_v2\manifests\PARENT_FREEZE_VERIFICATION.json,2427,e9a638f9112321214f49d426c8a8de112442a517caa521134853f42505252eea,2026-09-04T22:48:44.910511+00:00,qrec,Results 1.5; Supplement S7,D3D-SIR-S7.6-ADMISSIBLE-UNIVERSE-HARDENED-V2,CANONICAL,yes,"The 10,778-atom admissible universe, denominator admissibility, numerical support, exact dependency groups, partial-map admissibility."
05_DIII_D_RECONSTRUCTION/04_Initial_Ontology/06_admissible_universe_10778/hardened_v2/manifests/STAGE_SEQUENCE_QUALIFICATION.json,D:\SIR_paper\DIIID_example\S7\06_admissible_universe\hardened_v2\manifests\STAGE_SEQUENCE_QUALIFICATION.json,565,5064618c231cf56f07dd71b97bb9f8508b40fb6a82d31d3041355525e0f42cd3,2026-09-04T22:48:44.924489+00:00,qrec,Results 1.5; Supplement S7,D3D-SIR-S7.6-ADMISSIBLE-UNIVERSE-HARDENED-V2,CANONICAL,yes,"The 10,778-atom admissible universe, denominator admissibility, numerical support, exact dependency groups, partial-map admissibility."
05_DIII_D_RECONSTRUCTION/04_Initial_Ontology/06_admissible_universe_10778/hardened_v2/manifests/UNIVERSE_SUMMARY.json,D:\SIR_paper\DIIID_example\S7\06_admissible_universe\hardened_v2\manifests\UNIVERSE_SUMMARY.json,2691,fe476aff9603a443651af4777cae19529952e2fab680337e657ab03412831b7b,2026-09-04T22:51:45.511044+00:00,qrec,Results 1.5; Supplement S7,D3D-SIR-S7.6-ADMISSIBLE-UNIVERSE-HARDENED-V2,CANONICAL,yes,"The 10,778-atom admissible universe, denominator admissibility, numerical support, exact dependency groups, partial-map admissibility."
05_DIII_D_RECONSTRUCTION/04_Initial_Ontology/06_admissible_universe_10778/hardened_v2/numerical_support_audit.csv,D:\SIR_paper\DIIID_example\S7\06_admissible_universe\hardened_v2\numerical_support_audit.csv,9658,d20d7324450e8e74dabdbcde9cb67391fc2b58fe830c2f3990e7eef0315e95d6,2026-09-04T22:51:45.502581+00:00,qrec,Results 1.5; Supplement S7,D3D-SIR-S7.6-ADMISSIBLE-UNIVERSE-HARDENED-V2,CANONICAL,yes,"The 10,778-atom admissible universe, denominator admissibility, numerical support, exact dependency groups, partial-map admissibility."
05_DIII_D_RECONSTRUCTION/04_Initial_Ontology/06_admissible_universe_10778/hardened_v2/partial_map_admissibility.json,D:\SIR_paper\DIIID_example\S7\06_admissible_universe\hardened_v2\partial_map_admissibility.json,3702,a66f8f7640ef6459ec287fb897eb054cd85a3831e867bf0d15f42b8ab1d94cf8,2026-09-04T23:02:49.637837+00:00,qrec,Results 1.5; Supplement S7,D3D-SIR-S7.6-ADMISSIBLE-UNIVERSE-HARDENED-V2,CANONICAL,yes,"The 10,778-atom admissible universe, denominator admissibility, numerical support, exact dependency groups, partial-map admissibility."
05_DIII_D_RECONSTRUCTION/04_Initial_Ontology/06_admissible_universe_10778/hardened_v2/primary_atomic_coordinate_universe.csv,D:\SIR_paper\DIIID_example\S7\06_admissible_universe\hardened_v2\primary_atomic_coordinate_universe.csv,3109657,2933f11ad5699a89bb6519f6a809fb882b7a128683c577186cc43c5fab348f01,2026-09-04T22:51:45.463120+00:00,qrec,Results 1.5; Supplement S7,D3D-SIR-S7.6-ADMISSIBLE-UNIVERSE-HARDENED-V2,CANONICAL,yes,"The 10,778-atom admissible universe, denominator admissibility, numerical support, exact dependency groups, partial-map admissibility."
05_DIII_D_RECONSTRUCTION/04_Initial_Ontology/06_admissible_universe_10778/hardened_v2/representation_set_constraints.json,D:\SIR_paper\DIIID_example\S7\06_admissible_universe\hardened_v2\representation_set_constraints.json,1434,68eeca075ed84c4aa4cb366504cfc08d39137f6b7dec4e6dcc42a65443f5e4d9,2026-09-04T23:02:49.638339+00:00,qrec,Results 1.5; Supplement S7,D3D-SIR-S7.6-ADMISSIBLE-UNIVERSE-HARDENED-V2,CANONICAL,yes,"The 10,778-atom admissible universe, denominator admissibility, numerical support, exact dependency groups, partial-map admissibility."
05_DIII_D_RECONSTRUCTION/04_Initial_Ontology/06_admissible_universe_10778/hardened_v2/scripts/s7_6r_a_preflight.py,D:\SIR_paper\DIIID_example\S7\06_admissible_universe\hardened_v2\scripts\s7_6r_a_preflight.py,13185,0703a76f7e263e85f25a75a9acab9dfd6a76ad22fb2997594d8866f03b4b2a8e,2026-09-04T22:48:42.226717+00:00,qrec,Results 1.5; Supplement S7,D3D-SIR-S7.6-ADMISSIBLE-UNIVERSE-HARDENED-V2,CANONICAL,yes,"The 10,778-atom admissible universe, denominator admissibility, numerical support, exact dependency groups, partial-map admissibility."
05_DIII_D_RECONSTRUCTION/04_Initial_Ontology/06_admissible_universe_10778/hardened_v2/scripts/s7_6r_b_universe.py,D:\SIR_paper\DIIID_example\S7\06_admissible_universe\hardened_v2\scripts\s7_6r_b_universe.py,31931,cb0c2d76c55a43924154398f39839bbf1cbc3f663ccf30acd2c1afdc3c884b98,2026-09-04T22:51:36.175511+00:00,qrec,Results 1.5; Supplement S7,D3D-SIR-S7.6-ADMISSIBLE-UNIVERSE-HARDENED-V2,CANONICAL,yes,"The 10,778-atom admissible universe, denominator admissibility, numerical support, exact dependency groups, partial-map admissibility."
05_DIII_D_RECONSTRUCTION/04_Initial_Ontology/06_admissible_universe_10778/hardened_v2/scripts/s7_6r_c_freeze.py,D:\SIR_paper\DIIID_example\S7\06_admissible_universe\hardened_v2\scripts\s7_6r_c_freeze.py,26347,07e98578c91db6bab6b8c3ff6209ec0bb216d08c91a129152d155e125bfc44d1,2026-09-04T22:54:47.847903+00:00,qrec,Results 1.5; Supplement S7,D3D-SIR-S7.6-ADMISSIBLE-UNIVERSE-HARDENED-V2,CANONICAL,yes,"The 10,778-atom admissible universe, denominator admissibility, numerical support, exact dependency groups, partial-map admissibility."
05_DIII_D_RECONSTRUCTION/04_Initial_Ontology/06_admissible_universe_10778/hardened_v2/search_multiplicity_handoff.json,D:\SIR_paper\DIIID_example\S7\06_admissible_universe\hardened_v2\search_multiplicity_handoff.json,1299,ccac51a046347ae9efc05910ac25f2cb9cefb417de50b275bfec674e1f3d3b62,2026-09-04T23:02:49.643261+00:00,qrec,Results 1.5; Supplement S7,D3D-SIR-S7.6-ADMISSIBLE-UNIVERSE-HARDENED-V2,CANONICAL,yes,"The 10,778-atom admissible universe, denominator admissibility, numerical support, exact dependency groups, partial-map admissibility."
05_DIII_D_RECONSTRUCTION/04_Initial_Ontology/06_admissible_universe_10778/hardened_v2/sensitivity_only_coordinate_registry.csv,D:\SIR_paper\DIIID_example\S7\06_admissible_universe\hardened_v2\sensitivity_only_coordinate_registry.csv,1519,7855f197376e71314e59948d7169ccd23505ea6a26f17a100567be5029804712,2026-09-04T22:51:39.893694+00:00,qrec,Results 1.5; Supplement S7,D3D-SIR-S7.6-ADMISSIBLE-UNIVERSE-HARDENED-V2,CANONICAL,yes,"The 10,778-atom admissible universe, denominator admissibility, numerical support, exact dependency groups, partial-map admissibility."
05_DIII_D_RECONSTRUCTION/04_Initial_Ontology/06_admissible_universe_10778/manifests/ACCESS_AUDIT.json,D:\SIR_paper\DIIID_example\S7\06_admissible_universe\manifests\ACCESS_AUDIT.json,540,2556ba339f77c1c82e107985ef9005732d8b0799079e3d6acd9e2f8b544d5f9b,2026-09-04T06:08:03.060042+00:00,qrec,Results 1.5; Supplement S7,D3D-SIR-S7.6-ADMISSIBLE-UNIVERSE-HARDENED-V2,CANONICAL,yes,"The 10,778-atom admissible universe, denominator admissibility, numerical support, exact dependency groups, partial-map admissibility."
05_DIII_D_RECONSTRUCTION/04_Initial_Ontology/06_admissible_universe_10778/manifests/DATA_ACCESS_LOG.csv,D:\SIR_paper\DIIID_example\S7\06_admissible_universe\manifests\DATA_ACCESS_LOG.csv,2838,4159ef8374c82768849a49119f48a6ba436ab25cad5484aa93e8135e50d37116,2026-09-04T06:08:03.059541+00:00,qrec,Results 1.5; Supplement S7,D3D-SIR-S7.6-ADMISSIBLE-UNIVERSE-HARDENED-V2,CANONICAL,yes,"The 10,778-atom admissible universe, denominator admissibility, numerical support, exact dependency groups, partial-map admissibility."
05_DIII_D_RECONSTRUCTION/04_Initial_Ontology/06_admissible_universe_10778/manifests/PARENT_FREEZE_VERIFICATION.json,D:\SIR_paper\DIIID_example\S7\06_admissible_universe\manifests\PARENT_FREEZE_VERIFICATION.json,1759,6718dad7fc2e91f5b5760d6b6da1e03b82602b75830f463fd3f15f5a88e58d05,2026-09-04T06:02:48.208963+00:00,qrec,Results 1.5; Supplement S7,D3D-SIR-S7.6-ADMISSIBLE-UNIVERSE-HARDENED-V2,CANONICAL,yes,"The 10,778-atom admissible universe, denominator admissibility, numerical support, exact dependency groups, partial-map admissibility."
05_DIII_D_RECONSTRUCTION/04_Initial_Ontology/06_admissible_universe_10778/manifests/PREFLIGHT_CHECKS.json,D:\SIR_paper\DIIID_example\S7\06_admissible_universe\manifests\PREFLIGHT_CHECKS.json,2499,181d3814d7dcf1b8cc4917e1a5bd369423166f8fdedab7e0c2fd06083b9ab769,2026-09-04T06:02:48.218182+00:00,qrec,Results 1.5; Supplement S7,D3D-SIR-S7.6-ADMISSIBLE-UNIVERSE-HARDENED-V2,CANONICAL,yes,"The 10,778-atom admissible universe, denominator admissibility, numerical support, exact dependency groups, partial-map admissibility."
05_DIII_D_RECONSTRUCTION/04_Initial_Ontology/06_admissible_universe_10778/manifests/UNIVERSE_SUMMARY.json,D:\SIR_paper\DIIID_example\S7\06_admissible_universe\manifests\UNIVERSE_SUMMARY.json,985,4e5ea2e308c9c1b0a63070a9e9faee1033141da4ad3f14dc2c43a95175ca017f,2026-09-04T06:08:03.071195+00:00,qrec,Results 1.5; Supplement S7,D3D-SIR-S7.6-ADMISSIBLE-UNIVERSE-HARDENED-V2,CANONICAL,yes,"The 10,778-atom admissible universe, denominator admissibility, numerical support, exact dependency groups, partial-map admissibility."
05_DIII_D_RECONSTRUCTION/04_Initial_Ontology/06_admissible_universe_10778/numerical_support_audit.csv,D:\SIR_paper\DIIID_example\S7\06_admissible_universe\numerical_support_audit.csv,10223,0bf332dfe01eeb93ecd1526b861f4ee05b43de2da8eb6e2de248e1f4c4e1431a,2026-09-04T06:08:03.059036+00:00,qrec,Results 1.5; Supplement S7,D3D-SIR-S7.6-ADMISSIBLE-UNIVERSE-HARDENED-V2,CANONICAL,yes,"The 10,778-atom admissible universe, denominator admissibility, numerical support, exact dependency groups, partial-map admissibility."
05_DIII_D_RECONSTRUCTION/04_Initial_Ontology/06_admissible_universe_10778/primary_atomic_coordinate_universe.csv,D:\SIR_paper\DIIID_example\S7\06_admissible_universe\primary_atomic_coordinate_universe.csv,1129290,620c32fe21e3f14c15edf82c101ca49833e4dcdb81653431b6f373ad0c2ee38b,2026-09-04T06:08:03.046753+00:00,qrec,Results 1.5; Supplement S7,D3D-SIR-S7.6-ADMISSIBLE-UNIVERSE-HARDENED-V2,CANONICAL,yes,"The 10,778-atom admissible universe, denominator admissibility, numerical support, exact dependency groups, partial-map admissibility."
05_DIII_D_RECONSTRUCTION/04_Initial_Ontology/06_admissible_universe_10778/representation_set_constraints.json,D:\SIR_paper\DIIID_example\S7\06_admissible_universe\representation_set_constraints.json,1186,60be23a00cd9dcc13ab648770f32d59068accfeaa34f45518229d80d154f0333,2026-09-04T06:08:03.068576+00:00,qrec,Results 1.5; Supplement S7,D3D-SIR-S7.6-ADMISSIBLE-UNIVERSE-HARDENED-V2,CANONICAL,yes,"The 10,778-atom admissible universe, denominator admissibility, numerical support, exact dependency groups, partial-map admissibility."
05_DIII_D_RECONSTRUCTION/04_Initial_Ontology/06_admissible_universe_10778/scripts/s7_6_a_preflight.py,D:\SIR_paper\DIIID_example\S7\06_admissible_universe\scripts\s7_6_a_preflight.py,13632,b3297744fa4a24e6c16ac5f23d4e4cd23e17f14266f367844e59f96b1bb0a44a,2026-09-04T06:02:44.146710+00:00,qrec,Results 1.5; Supplement S7,D3D-SIR-S7.6-ADMISSIBLE-UNIVERSE-HARDENED-V2,CANONICAL,yes,"The 10,778-atom admissible universe, denominator admissibility, numerical support, exact dependency groups, partial-map admissibility."
05_DIII_D_RECONSTRUCTION/04_Initial_Ontology/06_admissible_universe_10778/scripts/s7_6_b_universe.py,D:\SIR_paper\DIIID_example\S7\06_admissible_universe\scripts\s7_6_b_universe.py,29071,63bf3d2d3e855b6e9580abc46e396d849f18741dcacc3653169ee7270f369bb0,2026-09-04T06:07:51.477314+00:00,qrec,Results 1.5; Supplement S7,D3D-SIR-S7.6-ADMISSIBLE-UNIVERSE-HARDENED-V2,CANONICAL,yes,"The 10,778-atom admissible universe, denominator admissibility, numerical support, exact dependency groups, partial-map admissibility."
05_DIII_D_RECONSTRUCTION/04_Initial_Ontology/06_admissible_universe_10778/scripts/s7_6_c_freeze.py,D:\SIR_paper\DIIID_example\S7\06_admissible_universe\scripts\s7_6_c_freeze.py,9876,c864d67abba1d5f80015ccef61adf07ae0e44342e045a1b457908e8c8010da33,2026-09-04T06:08:48.431144+00:00,qrec,Results 1.5; Supplement S7,D3D-SIR-S7.6-ADMISSIBLE-UNIVERSE-HARDENED-V2,CANONICAL,yes,"The 10,778-atom admissible universe, denominator admissibility, numerical support, exact dependency groups, partial-map admissibility."
05_DIII_D_RECONSTRUCTION/04_Initial_Ontology/06_admissible_universe_10778/sensitivity_only_coordinate_registry.csv,D:\SIR_paper\DIIID_example\S7\06_admissible_universe\sensitivity_only_coordinate_registry.csv,1262,0808101597abe148a9ac9d282ec3c1ab8ef350ecf58b68ab9f627049f42e7a56,2026-09-04T06:07:52.243948+00:00,qrec,Results 1.5; Supplement S7,D3D-SIR-S7.6-ADMISSIBLE-UNIVERSE-HARDENED-V2,CANONICAL,yes,"The 10,778-atom admissible universe, denominator admissibility, numerical support, exact dependency groups, partial-map admissibility."
05_DIII_D_RECONSTRUCTION/05_Parent_Development_Search/MULTIPLICITY_CONTROL_POLICY.md,D:\SIR_paper\DIIID_example\S7\07_search_policy_and_frontier\MULTIPLICITY_CONTROL_POLICY.md,6044,9e135a56d74ed6f68f74cb60077b34cfb14f5cd9665390a25b2d43ba099dd41d,2026-09-05T00:02:56.363153+00:00,qrec,Results 1.5; Supplement S7,D3D-SIR-S7.7-ONE-SEED-PRIMARY-SEARCH-AND-EXPLORED-FRONTIER-V2,CANONICAL,yes,"Search policy, strata, budget and the explored frontier of 162,845 supports, including the full candidate-evaluation and proposal-provenance records."
05_DIII_D_RECONSTRUCTION/05_Parent_Development_Search/PRE_SEARCH_CONTRACT_COMPLETION.json,D:\SIR_paper\DIIID_example\S7\07_search_policy_and_frontier\PRE_SEARCH_CONTRACT_COMPLETION.json,2647,1b8df4c0672686be21665c00aaf4fc8f36ab9e53646f983fcd2f9b253fd7c10f,2026-09-04T23:57:50.409482+00:00,qrec,Results 1.5; Supplement S7,D3D-SIR-S7.7-ONE-SEED-PRIMARY-SEARCH-AND-EXPLORED-FRONTIER-V2,CANONICAL,yes,"Search policy, strata, budget and the explored frontier of 162,845 supports, including the full candidate-evaluation and proposal-provenance records."
05_DIII_D_RECONSTRUCTION/05_Parent_Development_Search/README.md,D:\SIR_paper\DIIID_example\S7\07_search_policy_and_frontier\README.md,6139,4881420ec280c2cd5709b40a1ecd0e23b385480372c917bef8ad7ca0424049b2,2026-09-05T00:04:38.799051+00:00,qrec,Results 1.5; Supplement S7,D3D-SIR-S7.7-ONE-SEED-PRIMARY-SEARCH-AND-EXPLORED-FRONTIER-V2,CANONICAL,yes,"Search policy, strata, budget and the explored frontier of 162,845 supports, including the full candidate-evaluation and proposal-provenance records."
05_DIII_D_RECONSTRUCTION/05_Parent_Development_Search/S7_7_ACCEPTANCE_CHECKS.json,D:\SIR_paper\DIIID_example\S7\07_search_policy_and_frontier\S7_7_ACCEPTANCE_CHECKS.json,2862,f15d2b05fc4b9b335fac05bbdf7a7379e2a5c2a78545ca5d2f00d89db50eec46,2026-09-05T00:04:47.376043+00:00,qrec,Results 1.5; Supplement S7,D3D-SIR-S7.7-ONE-SEED-PRIMARY-SEARCH-AND-EXPLORED-FRONTIER-V2,CANONICAL,yes,"Search policy, strata, budget and the explored frontier of 162,845 supports, including the full candidate-evaluation and proposal-provenance records."
05_DIII_D_RECONSTRUCTION/05_Parent_Development_Search/S7_7_FREEZE.json,D:\SIR_paper\DIIID_example\S7\07_search_policy_and_frontier\S7_7_FREEZE.json,5149,fa688ac6586c152864f979cb10843ce61475b07e636a64c6a42d94916abb181e,2026-09-05T00:04:47.471400+00:00,qrec,Results 1.5; Supplement S7,D3D-SIR-S7.7-ONE-SEED-PRIMARY-SEARCH-AND-EXPLORED-FRONTIER-V2,CANONICAL,yes,"Search policy, strata, budget and the explored frontier of 162,845 supports, including the full candidate-evaluation and proposal-provenance records."
05_DIII_D_RECONSTRUCTION/05_Parent_Development_Search/S7_7_SEARCH_POLICY_AND_FRONTIER_AUDIT_REPORT.md,D:\SIR_paper\DIIID_example\S7\07_search_policy_and_frontier\S7_7_SEARCH_POLICY_AND_FRONTIER_AUDIT_REPORT.md,14322,6ea229ee97907fe7d9fcc79d370423b2e18f3c8764e234ebfed0e138c3777492,2026-09-05T00:04:08.091136+00:00,qrec,Results 1.5; Supplement S7,D3D-SIR-S7.7-ONE-SEED-PRIMARY-SEARCH-AND-EXPLORED-FRONTIER-V2,CANONICAL,yes,"Search policy, strata, budget and the explored frontier of 162,845 supports, including the full candidate-evaluation and proposal-provenance records."
05_DIII_D_RECONSTRUCTION/05_Parent_Development_Search/SEARCH_BUDGET_BLOCK.md,D:\SIR_paper\DIIID_example\S7\07_search_policy_and_frontier\SEARCH_BUDGET_BLOCK.md,5539,84b0aa126815fc6bc209c20ad60aa52cfcb0efa43c592b60c9a6750f4abc6889,2026-09-05T00:02:25.176880+00:00,qrec,Results 1.5; Supplement S7,D3D-SIR-S7.7-ONE-SEED-PRIMARY-SEARCH-AND-EXPLORED-FRONTIER-V2,CANONICAL,yes,"Search policy, strata, budget and the explored frontier of 162,845 supports, including the full candidate-evaluation and proposal-provenance records."
05_DIII_D_RECONSTRUCTION/05_Parent_Development_Search/SEARCH_POLICY_PREVALUE.json,D:\SIR_paper\DIIID_example\S7\07_search_policy_and_frontier\SEARCH_POLICY_PREVALUE.json,7935,a97e690e414da7a0ace4c70ab56e7d5851eb73f940d98e9f2a7add7f33d4b265,2026-09-04T23:59:29.337955+00:00,qrec,Results 1.5; Supplement S7,D3D-SIR-S7.7-ONE-SEED-PRIMARY-SEARCH-AND-EXPLORED-FRONTIER-V2,CANONICAL,yes,"Search policy, strata, budget and the explored frontier of 162,845 supports, including the full candidate-evaluation and proposal-provenance records."
05_DIII_D_RECONSTRUCTION/05_Parent_Development_Search/atom_stratum_assignment.csv,D:\SIR_paper\DIIID_example\S7\07_search_policy_and_frontier\atom_stratum_assignment.csv,1226802,75aad6762fe716c7b3cc5bc9ea82b9d5d8595ea4fcf6f23c907ecb6907802e60,2026-09-04T23:59:29.319529+00:00,qrec,Results 1.5; Supplement S7,D3D-SIR-S7.7-ONE-SEED-PRIMARY-SEARCH-AND-EXPLORED-FRONTIER-V2,CANONICAL,yes,"Search policy, strata, budget and the explored frontier of 162,845 supports, including the full candidate-evaluation and proposal-provenance records."
05_DIII_D_RECONSTRUCTION/05_Parent_Development_Search/constructor_opportunity_audit.csv,D:\SIR_paper\DIIID_example\S7\07_search_policy_and_frontier\constructor_opportunity_audit.csv,942,9bda66e13e8932dd84e6d7faba51acd7023d1a2abbf85fdd691f6d88c3ee1b5c,2026-09-05T00:04:47.369509+00:00,qrec,Results 1.5; Supplement S7,D3D-SIR-S7.7-ONE-SEED-PRIMARY-SEARCH-AND-EXPLORED-FRONTIER-V2,CANONICAL,yes,"Search policy, strata, budget and the explored frontier of 162,845 supports, including the full candidate-evaluation and proposal-provenance records."
05_DIII_D_RECONSTRUCTION/05_Parent_Development_Search/manifests/PARENT_FREEZE_VERIFICATION.json,D:\SIR_paper\DIIID_example\S7\07_search_policy_and_frontier\manifests\PARENT_FREEZE_VERIFICATION.json,2573,800315b4811674ba9631f17f71b5221d130f5aa9369f13b8c9ed3292b8f55ea1,2026-09-04T23:57:50.408978+00:00,qrec,Results 1.5; Supplement S7,D3D-SIR-S7.7-ONE-SEED-PRIMARY-SEARCH-AND-EXPLORED-FRONTIER-V2,CANONICAL,yes,"Search policy, strata, budget and the explored frontier of 162,845 supports, including the full candidate-evaluation and proposal-provenance records."
05_DIII_D_RECONSTRUCTION/05_Parent_Development_Search/manifests/POLICY_FREEZE.json,D:\SIR_paper\DIIID_example\S7\07_search_policy_and_frontier\manifests\POLICY_FREEZE.json,538,691fdf6616e11d4614cc16b4e48bcbbae36eac30a63a06332152744e51b3510b,2026-09-04T23:59:29.344023+00:00,qrec,Results 1.5; Supplement S7,D3D-SIR-S7.7-ONE-SEED-PRIMARY-SEARCH-AND-EXPLORED-FRONTIER-V2,CANONICAL,yes,"Search policy, strata, budget and the explored frontier of 162,845 supports, including the full candidate-evaluation and proposal-provenance records."
05_DIII_D_RECONSTRUCTION/05_Parent_Development_Search/manifests/PRE_SEARCH_CONTRACT_FREEZE.json,D:\SIR_paper\DIIID_example\S7\07_search_policy_and_frontier\manifests\PRE_SEARCH_CONTRACT_FREEZE.json,352,4e12b9b2b5d4a9b41eb0b80035461237aa264b21d4938506e15622701ad6b61f,2026-09-04T23:57:50.413491+00:00,qrec,Results 1.5; Supplement S7,D3D-SIR-S7.7-ONE-SEED-PRIMARY-SEARCH-AND-EXPLORED-FRONTIER-V2,CANONICAL,yes,"Search policy, strata, budget and the explored frontier of 162,845 supports, including the full candidate-evaluation and proposal-provenance records."
05_DIII_D_RECONSTRUCTION/05_Parent_Development_Search/manifests/SEARCH_BUDGET_PREFLIGHT.json,D:\SIR_paper\DIIID_example\S7\07_search_policy_and_frontier\manifests\SEARCH_BUDGET_PREFLIGHT.json,1719,e29cb55d4e5205636e886cda7d085bb59690e59aa6f5ae80e12d29e23866473e,2026-09-04T23:59:29.344023+00:00,qrec,Results 1.5; Supplement S7,D3D-SIR-S7.7-ONE-SEED-PRIMARY-SEARCH-AND-EXPLORED-FRONTIER-V2,CANONICAL,yes,"Search policy, strata, budget and the explored frontier of 162,845 supports, including the full candidate-evaluation and proposal-provenance records."
05_DIII_D_RECONSTRUCTION/05_Parent_Development_Search/multiplicity_opportunity_audit.csv,D:\SIR_paper\DIIID_example\S7\07_search_policy_and_frontier\multiplicity_opportunity_audit.csv,1021,033d8e11f1c03110896503582f7bbf1ea689a8218b9b231889fdb07be6864947,2026-09-05T00:04:47.361091+00:00,qrec,Results 1.5; Supplement S7,D3D-SIR-S7.7-ONE-SEED-PRIMARY-SEARCH-AND-EXPLORED-FRONTIER-V2,CANONICAL,yes,"Search policy, strata, budget and the explored frontier of 162,845 supports, including the full candidate-evaluation and proposal-provenance records."
05_DIII_D_RECONSTRUCTION/05_Parent_Development_Search/multiplicity_opportunity_audit.json,D:\SIR_paper\DIIID_example\S7\07_search_policy_and_frontier\multiplicity_opportunity_audit.json,4295,0c0b65e2c0e7765af45a613864fab3d95a0f10fa4609cdea32a25aa0408d1504,2026-09-05T00:04:47.364096+00:00,qrec,Results 1.5; Supplement S7,D3D-SIR-S7.7-ONE-SEED-PRIMARY-SEARCH-AND-EXPLORED-FRONTIER-V2,CANONICAL,yes,"Search policy, strata, budget and the explored frontier of 162,845 supports, including the full candidate-evaluation and proposal-provenance records."
05_DIII_D_RECONSTRUCTION/05_Parent_Development_Search/one_seed_primary_v2/AHAT_REC_V2.json,D:\SIR_paper\DIIID_example\S7\07_search_policy_and_frontier\one_seed_primary_v2\AHAT_REC_V2.json,9766,b09080826da5c73cd603db8ab8f45b1e4dd58e6defe587008e5c56e506aa8161,2026-09-05T00:32:58.228339+00:00,qrec,Results 1.5; Supplement S7,D3D-SIR-S7.7-ONE-SEED-PRIMARY-SEARCH-AND-EXPLORED-FRONTIER-V2,CANONICAL,yes,"Search policy, strata, budget and the explored frontier of 162,845 supports, including the full candidate-evaluation and proposal-provenance records."
05_DIII_D_RECONSTRUCTION/05_Parent_Development_Search/one_seed_primary_v2/EXPLORED_FRONTIER_SUMMARY.md,D:\SIR_paper\DIIID_example\S7\07_search_policy_and_frontier\one_seed_primary_v2\EXPLORED_FRONTIER_SUMMARY.md,5420,14582d7e646e1c2e7f753230ee07179e0c578876ea8d98164430c176f79ba441,2026-09-05T00:30:45.004662+00:00,qrec,Results 1.5; Supplement S7,D3D-SIR-S7.7-ONE-SEED-PRIMARY-SEARCH-AND-EXPLORED-FRONTIER-V2,CANONICAL,yes,"Search policy, strata, budget and the explored frontier of 162,845 supports, including the full candidate-evaluation and proposal-provenance records."
05_DIII_D_RECONSTRUCTION/05_Parent_Development_Search/one_seed_primary_v2/MANIFEST.json,D:\SIR_paper\DIIID_example\S7\07_search_policy_and_frontier\one_seed_primary_v2\MANIFEST.json,1830,0a513645f0b9f71281d55dfe27d22769144d78d75e8545f214c3fc4f772e9732,2026-09-08T00:51:17.535262+00:00,qrec,Results 1.5; Supplement S7,D3D-SIR-S7.7-ONE-SEED-PRIMARY-SEARCH-AND-EXPLORED-FRONTIER-V2,CANONICAL,yes,"Search policy, strata, budget and the explored frontier of 162,845 supports, including the full candidate-evaluation and proposal-provenance records."
05_DIII_D_RECONSTRUCTION/05_Parent_Development_Search/one_seed_primary_v2/MULTIPLICITY_CONTROL_AUDIT.md,D:\SIR_paper\DIIID_example\S7\07_search_policy_and_frontier\one_seed_primary_v2\MULTIPLICITY_CONTROL_AUDIT.md,5604,c468571dc548b4c2d421cb9cabd549fde2ca021ef26b5c66efc9566796dfb48a,2026-09-05T00:30:14.145541+00:00,qrec,Results 1.5; Supplement S7,D3D-SIR-S7.7-ONE-SEED-PRIMARY-SEARCH-AND-EXPLORED-FRONTIER-V2,CANONICAL,yes,"Search policy, strata, budget and the explored frontier of 162,845 supports, including the full candidate-evaluation and proposal-provenance records."
05_DIII_D_RECONSTRUCTION/05_Parent_Development_Search/one_seed_primary_v2/README.md,D:\SIR_paper\DIIID_example\S7\07_search_policy_and_frontier\one_seed_primary_v2\README.md,8067,a836891dc2afe636d963d27323ebd2502bffb1e4efdb72d8cad75383bbf0ec0f,2026-09-05T00:32:47.431374+00:00,qrec,Results 1.5; Supplement S7,D3D-SIR-S7.7-ONE-SEED-PRIMARY-SEARCH-AND-EXPLORED-FRONTIER-V2,CANONICAL,yes,"Search policy, strata, budget and the explored frontier of 162,845 supports, including the full candidate-evaluation and proposal-provenance records."
05_DIII_D_RECONSTRUCTION/05_Parent_Development_Search/one_seed_primary_v2/S7_7R_ACCEPTANCE_CHECKS.json,D:\SIR_paper\DIIID_example\S7\07_search_policy_and_frontier\one_seed_primary_v2\S7_7R_ACCEPTANCE_CHECKS.json,2073,819ffc95ef7624d6c5e299fca4852a67e93c2fd73be7fc7e9e2508d11032bf4d,2026-09-05T00:32:58.261523+00:00,qrec,Results 1.5; Supplement S7,D3D-SIR-S7.7-ONE-SEED-PRIMARY-SEARCH-AND-EXPLORED-FRONTIER-V2,CANONICAL,yes,"Search policy, strata, budget and the explored frontier of 162,845 supports, including the full candidate-evaluation and proposal-provenance records."
05_DIII_D_RECONSTRUCTION/05_Parent_Development_Search/one_seed_primary_v2/S7_7R_FREEZE.json,D:\SIR_paper\DIIID_example\S7\07_search_policy_and_frontier\one_seed_primary_v2\S7_7R_FREEZE.json,11974,576b1087b8fd767c631ad65cc1123f4e1ff40be7816b46dfe4fe77b7aafd47e2,2026-09-05T00:32:58.467766+00:00,qrec,Results 1.5; Supplement S7,D3D-SIR-S7.7-ONE-SEED-PRIMARY-SEARCH-AND-EXPLORED-FRONTIER-V2,CANONICAL,yes,"Search policy, strata, budget and the explored frontier of 162,845 supports, including the full candidate-evaluation and proposal-provenance records."
05_DIII_D_RECONSTRUCTION/05_Parent_Development_Search/one_seed_primary_v2/S7_7R_SEARCH_POLICY_AND_FRONTIER_AUDIT_REPORT.md,D:\SIR_paper\DIIID_example\S7\07_search_policy_and_frontier\one_seed_primary_v2\S7_7R_SEARCH_POLICY_AND_FRONTIER_AUDIT_REPORT.md,15824,d82cb615c0d3c4a15be65f01c065ee3246accb313ae6c5d6e56285cda421c7ba,2026-09-05T00:32:04.902808+00:00,qrec,Results 1.5; Supplement S7,D3D-SIR-S7.7-ONE-SEED-PRIMARY-SEARCH-AND-EXPLORED-FRONTIER-V2,CANONICAL,yes,"Search policy, strata, budget and the explored frontier of 162,845 supports, including the full candidate-evaluation and proposal-provenance records."
05_DIII_D_RECONSTRUCTION/05_Parent_Development_Search/one_seed_primary_v2/S7_7R_SEARCH_POLICY_AND_FRONTIER_FINAL.md,D:\SIR_paper\DIIID_example\S7\07_search_policy_and_frontier\one_seed_primary_v2\S7_7R_SEARCH_POLICY_AND_FRONTIER_FINAL.md,5357,6637b0679dba2a77f57aeccdadfc1d531802010b44541b5a691d1ccde70acebc,2026-09-05T00:29:41.666044+00:00,qrec,Results 1.5; Supplement S7,D3D-SIR-S7.7-ONE-SEED-PRIMARY-SEARCH-AND-EXPLORED-FRONTIER-V2,CANONICAL,yes,"Search policy, strata, budget and the explored frontier of 162,845 supports, including the full candidate-evaluation and proposal-provenance records."
05_DIII_D_RECONSTRUCTION/05_Parent_Development_Search/one_seed_primary_v2/SEARCH_BUDGET_PREFLIGHT_V2.json,D:\SIR_paper\DIIID_example\S7\07_search_policy_and_frontier\one_seed_primary_v2\SEARCH_BUDGET_PREFLIGHT_V2.json,1598,7db8ca16710117b9a9514bc7fdc087533d992fe34c99130168cf08be2d7f1108,2026-09-05T00:17:10.491473+00:00,qrec,Results 1.5; Supplement S7,D3D-SIR-S7.7-ONE-SEED-PRIMARY-SEARCH-AND-EXPLORED-FRONTIER-V2,CANONICAL,yes,"Search policy, strata, budget and the explored frontier of 162,845 supports, including the full candidate-evaluation and proposal-provenance records."
05_DIII_D_RECONSTRUCTION/05_Parent_Development_Search/one_seed_primary_v2/SEARCH_POLICY_PREVALUE_V2.json,D:\SIR_paper\DIIID_example\S7\07_search_policy_and_frontier\one_seed_primary_v2\SEARCH_POLICY_PREVALUE_V2.json,9744,2049cf999dd99c0a1c5aa7f3539a7caaedbae8171d42678ea4cedef93734a255,2026-09-05T00:17:10.481350+00:00,qrec,Results 1.5; Supplement S7,D3D-SIR-S7.7-ONE-SEED-PRIMARY-SEARCH-AND-EXPLORED-FRONTIER-V2,CANONICAL,yes,"Search policy, strata, budget and the explored frontier of 162,845 supports, including the full candidate-evaluation and proposal-provenance records."
05_DIII_D_RECONSTRUCTION/05_Parent_Development_Search/one_seed_primary_v2/SIGMA_REC_V2.json,D:\SIR_paper\DIIID_example\S7\07_search_policy_and_frontier\one_seed_primary_v2\SIGMA_REC_V2.json,1924,13d2cf08e362b5c2a55f2c952d6a0a7869b1cdb2c0ca6c55185de0a49c0a362f,2026-09-05T00:32:58.227336+00:00,qrec,Results 1.5; Supplement S7,D3D-SIR-S7.7-ONE-SEED-PRIMARY-SEARCH-AND-EXPLORED-FRONTIER-V2,CANONICAL,yes,"Search policy, strata, budget and the explored frontier of 162,845 supports, including the full candidate-evaluation and proposal-provenance records."
05_DIII_D_RECONSTRUCTION/05_Parent_Development_Search/one_seed_primary_v2/atomic_navigation_scores.csv,D:\SIR_paper\DIIID_example\S7\07_search_policy_and_frontier\one_seed_primary_v2\atomic_navigation_scores.csv,5837812,2e5c8ea2076102215e525deca1f78ddce5bec1e3e3afa88f132de2264a3584ea,2026-09-05T00:27:52.399240+00:00,qrec,Results 1.5; Supplement S7,D3D-SIR-S7.7-ONE-SEED-PRIMARY-SEARCH-AND-EXPLORED-FRONTIER-V2,CANONICAL,yes,"Search policy, strata, budget and the explored frontier of 162,845 supports, including the full candidate-evaluation and proposal-provenance records."
05_DIII_D_RECONSTRUCTION/05_Parent_Development_Search/one_seed_primary_v2/atomic_per_cell_nrmse.npz,D:\SIR_paper\DIIID_example\S7\07_search_policy_and_frontier\one_seed_primary_v2\atomic_per_cell_nrmse.npz,2301531,c3ad3fe41ba3f310acf6015a48a2fc173277092d0849873413d27daa7cee5ed8,2026-09-05T00:27:52.478590+00:00,qrec,Results 1.5; Supplement S7,D3D-SIR-S7.7-ONE-SEED-PRIMARY-SEARCH-AND-EXPLORED-FRONTIER-V2,CANONICAL,yes,"Search policy, strata, budget and the explored frontier of 162,845 supports, including the full candidate-evaluation and proposal-provenance records."
05_DIII_D_RECONSTRUCTION/05_Parent_Development_Search/one_seed_primary_v2/constructor_audit.csv,D:\SIR_paper\DIIID_example\S7\07_search_policy_and_frontier\one_seed_primary_v2\constructor_audit.csv,1402,6d87519c7e0c8fb3dbb129c7ea449554c4e6c852ead25632a1141ade7a61d7ea,2026-09-05T00:32:58.226232+00:00,qrec,Results 1.5; Supplement S7,D3D-SIR-S7.7-ONE-SEED-PRIMARY-SEARCH-AND-EXPLORED-FRONTIER-V2,CANONICAL,yes,"Search policy, strata, budget and the explored frontier of 162,845 supports, including the full candidate-evaluation and proposal-provenance records."
05_DIII_D_RECONSTRUCTION/05_Parent_Development_Search/one_seed_primary_v2/constructor_shortlist.csv,D:\SIR_paper\DIIID_example\S7\07_search_policy_and_frontier\one_seed_primary_v2\constructor_shortlist.csv,45560,57dbe5c8e80cc9257463f7e24863b23dd361542d43fe5df6d712d60d2ccb012e,2026-09-05T00:27:52.509039+00:00,qrec,Results 1.5; Supplement S7,D3D-SIR-S7.7-ONE-SEED-PRIMARY-SEARCH-AND-EXPLORED-FRONTIER-V2,CANONICAL,yes,"Search policy, strata, budget and the explored frontier of 162,845 supports, including the full candidate-evaluation and proposal-provenance records."
05_DIII_D_RECONSTRUCTION/05_Parent_Development_Search/one_seed_primary_v2/explored_per_cell_nrmse.npz,D:\SIR_paper\DIIID_example\S7\07_search_policy_and_frontier\one_seed_primary_v2\explored_per_cell_nrmse.npz,33523025,e7d4ffe1c8cec3328bfe130b978e9ab529fb917975607adee91690456afdb099,2026-09-05T00:28:30.062516+00:00,qrec,Results 1.5; Supplement S7,D3D-SIR-S7.7-ONE-SEED-PRIMARY-SEARCH-AND-EXPLORED-FRONTIER-V2,CANONICAL,yes,"Search policy, strata, budget and the explored frontier of 162,845 supports, including the full candidate-evaluation and proposal-provenance records."
05_DIII_D_RECONSTRUCTION/05_Parent_Development_Search/one_seed_primary_v2/explored_support_registry.csv,D:\SIR_paper\DIIID_example\S7\07_search_policy_and_frontier\one_seed_primary_v2\explored_support_registry.csv,70971438,a2c253d0a1f6f6a0bf7a27f664f7bdee233d2cb29d12482b9a612944bc0d7a6e,2026-09-05T00:32:56.116757+00:00,qrec,Results 1.5; Supplement S7,D3D-SIR-S7.7-ONE-SEED-PRIMARY-SEARCH-AND-EXPLORED-FRONTIER-V2,CANONICAL,yes,"Search policy, strata, budget and the explored frontier of 162,845 supports, including the full candidate-evaluation and proposal-provenance records."
05_DIII_D_RECONSTRUCTION/05_Parent_Development_Search/one_seed_primary_v2/index.html,D:\SIR_paper\DIIID_example\S7\07_search_policy_and_frontier\one_seed_primary_v2\index.html,7205,3e7793cedd02c254e6c12ec2cfeded1645682ca195cbd509126cc06ad45cf4a2,2026-09-08T00:51:17.536147+00:00,qrec,Results 1.5; Supplement S7,D3D-SIR-S7.7-ONE-SEED-PRIMARY-SEARCH-AND-EXPLORED-FRONTIER-V2,CANONICAL,yes,"Search policy, strata, budget and the explored frontier of 162,845 supports, including the full candidate-evaluation and proposal-provenance records."
05_DIII_D_RECONSTRUCTION/05_Parent_Development_Search/one_seed_primary_v2/lowest_navigation_score_by_size.csv,D:\SIR_paper\DIIID_example\S7\07_search_policy_and_frontier\one_seed_primary_v2\lowest_navigation_score_by_size.csv,4430,9c6da86815138a68a14c085b12af6b1c088668a5f4eea20e6e38f4f4e80e4e51,2026-09-05T00:32:56.232599+00:00,qrec,Results 1.5; Supplement S7,D3D-SIR-S7.7-ONE-SEED-PRIMARY-SEARCH-AND-EXPLORED-FRONTIER-V2,CANONICAL,yes,"Search policy, strata, budget and the explored frontier of 162,845 supports, including the full candidate-evaluation and proposal-provenance records."
05_DIII_D_RECONSTRUCTION/05_Parent_Development_Search/one_seed_primary_v2/manifests/ACCESS_AUDIT.json,D:\SIR_paper\DIIID_example\S7\07_search_policy_and_frontier\one_seed_primary_v2\manifests\ACCESS_AUDIT.json,1102,92386e76371e8c705a291eafef48e3ddd44e2f1173783b83f06fab6bd2fcfdee,2026-09-05T00:28:30.069312+00:00,qrec,Results 1.5; Supplement S7,D3D-SIR-S7.7-ONE-SEED-PRIMARY-SEARCH-AND-EXPLORED-FRONTIER-V2,CANONICAL,yes,"Search policy, strata, budget and the explored frontier of 162,845 supports, including the full candidate-evaluation and proposal-provenance records."
05_DIII_D_RECONSTRUCTION/05_Parent_Development_Search/one_seed_primary_v2/manifests/DATA_ACCESS_LOG.csv,D:\SIR_paper\DIIID_example\S7\07_search_policy_and_frontier\one_seed_primary_v2\manifests\DATA_ACCESS_LOG.csv,2989,ac1f54cb2ac1adcfbc496ec14476ed668612ee217be3ac9847647946d083ce1c,2026-09-05T00:28:30.068807+00:00,qrec,Results 1.5; Supplement S7,D3D-SIR-S7.7-ONE-SEED-PRIMARY-SEARCH-AND-EXPLORED-FRONTIER-V2,CANONICAL,yes,"Search policy, strata, budget and the explored frontier of 162,845 supports, including the full candidate-evaluation and proposal-provenance records."
05_DIII_D_RECONSTRUCTION/05_Parent_Development_Search/one_seed_primary_v2/manifests/HISTORICAL_S7_7_V1_RECORD.json,D:\SIR_paper\DIIID_example\S7\07_search_policy_and_frontier\one_seed_primary_v2\manifests\HISTORICAL_S7_7_V1_RECORD.json,3275,e38670702ce894f3f91abc5225af20af067988ab87e4aac1a73576a10e742426,2026-09-05T00:17:10.476128+00:00,qrec,Results 1.5; Supplement S7,D3D-SIR-S7.7-ONE-SEED-PRIMARY-SEARCH-AND-EXPLORED-FRONTIER-V2,CANONICAL,yes,"Search policy, strata, budget and the explored frontier of 162,845 supports, including the full candidate-evaluation and proposal-provenance records."
05_DIII_D_RECONSTRUCTION/05_Parent_Development_Search/one_seed_primary_v2/manifests/HISTORICAL_V1_PRESERVATION.json,D:\SIR_paper\DIIID_example\S7\07_search_policy_and_frontier\one_seed_primary_v2\manifests\HISTORICAL_V1_PRESERVATION.json,132,559d81c9e7bc6e9811a22f3be0e777f0c5cf10fd632d93b9040538f39be595f4,2026-09-05T00:32:58.232702+00:00,qrec,Results 1.5; Supplement S7,D3D-SIR-S7.7-ONE-SEED-PRIMARY-SEARCH-AND-EXPLORED-FRONTIER-V2,CANONICAL,yes,"Search policy, strata, budget and the explored frontier of 162,845 supports, including the full candidate-evaluation and proposal-provenance records."
05_DIII_D_RECONSTRUCTION/05_Parent_Development_Search/one_seed_primary_v2/manifests/PARENT_FREEZE_VERIFICATION.json,D:\SIR_paper\DIIID_example\S7\07_search_policy_and_frontier\one_seed_primary_v2\manifests\PARENT_FREEZE_VERIFICATION.json,2743,b5ba1d33222f11db5bf5454d25762b9c6f78635e9ef5336a25eaf95729f1a171,2026-09-05T00:17:10.472236+00:00,qrec,Results 1.5; Supplement S7,D3D-SIR-S7.7-ONE-SEED-PRIMARY-SEARCH-AND-EXPLORED-FRONTIER-V2,CANONICAL,yes,"Search policy, strata, budget and the explored frontier of 162,845 supports, including the full candidate-evaluation and proposal-provenance records."
05_DIII_D_RECONSTRUCTION/05_Parent_Development_Search/one_seed_primary_v2/manifests/POLICY_FREEZE_V2.json,D:\SIR_paper\DIIID_example\S7\07_search_policy_and_frontier\one_seed_primary_v2\manifests\POLICY_FREEZE_V2.json,706,f1a6a0083eb4b8ee300d7e050a877bb834d8fdb0b7b50ec9f95ccc837c60c5eb,2026-09-05T00:17:10.530667+00:00,qrec,Results 1.5; Supplement S7,D3D-SIR-S7.7-ONE-SEED-PRIMARY-SEARCH-AND-EXPLORED-FRONTIER-V2,CANONICAL,yes,"Search policy, strata, budget and the explored frontier of 162,845 supports, including the full candidate-evaluation and proposal-provenance records."
05_DIII_D_RECONSTRUCTION/05_Parent_Development_Search/one_seed_primary_v2/manifests/PRE_SEARCH_CONTRACT_CARRY_FORWARD.json,D:\SIR_paper\DIIID_example\S7\07_search_policy_and_frontier\one_seed_primary_v2\manifests\PRE_SEARCH_CONTRACT_CARRY_FORWARD.json,552,cf67e0732634424bca5f752261c46f54c62146f72423e46c76c845cd97ee65cd,2026-09-05T00:17:10.476128+00:00,qrec,Results 1.5; Supplement S7,D3D-SIR-S7.7-ONE-SEED-PRIMARY-SEARCH-AND-EXPLORED-FRONTIER-V2,CANONICAL,yes,"Search policy, strata, budget and the explored frontier of 162,845 supports, including the full candidate-evaluation and proposal-provenance records."
05_DIII_D_RECONSTRUCTION/05_Parent_Development_Search/one_seed_primary_v2/manifests/PROXY_EQUIVALENCE.json,D:\SIR_paper\DIIID_example\S7\07_search_policy_and_frontier\one_seed_primary_v2\manifests\PROXY_EQUIVALENCE.json,707,027c215bc422ec81fb18f591bcc10b5273c350efb6f8dba4d033951f6d5ec3de,2026-09-05T00:28:30.069814+00:00,qrec,Results 1.5; Supplement S7,D3D-SIR-S7.7-ONE-SEED-PRIMARY-SEARCH-AND-EXPLORED-FRONTIER-V2,CANONICAL,yes,"Search policy, strata, budget and the explored frontier of 162,845 supports, including the full candidate-evaluation and proposal-provenance records."
05_DIII_D_RECONSTRUCTION/05_Parent_Development_Search/one_seed_primary_v2/manifests/SEARCHED_UNSEARCHED_BOUNDARY.json,D:\SIR_paper\DIIID_example\S7\07_search_policy_and_frontier\one_seed_primary_v2\manifests\SEARCHED_UNSEARCHED_BOUNDARY.json,860,ae549a1f83a7ab5d9d3bd63fd059b707ee00fdebcdf5f8d15023d450241632c6,2026-09-05T00:32:58.227336+00:00,qrec,Results 1.5; Supplement S7,D3D-SIR-S7.7-ONE-SEED-PRIMARY-SEARCH-AND-EXPLORED-FRONTIER-V2,CANONICAL,yes,"Search policy, strata, budget and the explored frontier of 162,845 supports, including the full candidate-evaluation and proposal-provenance records."
05_DIII_D_RECONSTRUCTION/05_Parent_Development_Search/one_seed_primary_v2/manifests/SEARCH_BUDGET_RUNTIME_AUDIT.json,D:\SIR_paper\DIIID_example\S7\07_search_policy_and_frontier\one_seed_primary_v2\manifests\SEARCH_BUDGET_RUNTIME_AUDIT.json,573,a0f614c520626dc4371523a248b190db4927c696ed25ea681f58f749b0de7c6e,2026-09-05T00:28:30.068807+00:00,qrec,Results 1.5; Supplement S7,D3D-SIR-S7.7-ONE-SEED-PRIMARY-SEARCH-AND-EXPLORED-FRONTIER-V2,CANONICAL,yes,"Search policy, strata, budget and the explored frontier of 162,845 supports, including the full candidate-evaluation and proposal-provenance records."
05_DIII_D_RECONSTRUCTION/05_Parent_Development_Search/one_seed_primary_v2/manifests/SEARCH_POLICY_DIFF.json,D:\SIR_paper\DIIID_example\S7\07_search_policy_and_frontier\one_seed_primary_v2\manifests\SEARCH_POLICY_DIFF.json,3467,48487371447c562ad81b3e034bc15f14fb97fee22d44d9e71f23279dc234c1a6,2026-09-05T00:17:10.487928+00:00,qrec,Results 1.5; Supplement S7,D3D-SIR-S7.7-ONE-SEED-PRIMARY-SEARCH-AND-EXPLORED-FRONTIER-V2,CANONICAL,yes,"Search policy, strata, budget and the explored frontier of 162,845 supports, including the full candidate-evaluation and proposal-provenance records."
05_DIII_D_RECONSTRUCTION/05_Parent_Development_Search/one_seed_primary_v2/multiplicity_audit.csv,D:\SIR_paper\DIIID_example\S7\07_search_policy_and_frontier\one_seed_primary_v2\multiplicity_audit.csv,1459,7ef60d0999286c15737dd644c8351bc0578701dce5d4c2daa7c43cd219da95f4,2026-09-05T00:32:57.176545+00:00,qrec,Results 1.5; Supplement S7,D3D-SIR-S7.7-ONE-SEED-PRIMARY-SEARCH-AND-EXPLORED-FRONTIER-V2,CANONICAL,yes,"Search policy, strata, budget and the explored frontier of 162,845 supports, including the full candidate-evaluation and proposal-provenance records."
05_DIII_D_RECONSTRUCTION/05_Parent_Development_Search/one_seed_primary_v2/proxy_equivalence_check.csv,D:\SIR_paper\DIIID_example\S7\07_search_policy_and_frontier\one_seed_primary_v2\proxy_equivalence_check.csv,3534,fc450b27b22d6a1e07a611e2f0e674411ef76bd89338264857c7a2750b247a9a,2026-09-05T00:27:53.124561+00:00,qrec,Results 1.5; Supplement S7,D3D-SIR-S7.7-ONE-SEED-PRIMARY-SEARCH-AND-EXPLORED-FRONTIER-V2,CANONICAL,yes,"Search policy, strata, budget and the explored frontier of 162,845 supports, including the full candidate-evaluation and proposal-provenance records."
05_DIII_D_RECONSTRUCTION/05_Parent_Development_Search/one_seed_primary_v2/raw_only_lowest_navigation_by_size.csv,D:\SIR_paper\DIIID_example\S7\07_search_policy_and_frontier\one_seed_primary_v2\raw_only_lowest_navigation_by_size.csv,2189,7757acb1ecb3658326165db1ec831f6cc2a3789b301b0ea44183707eb9c3b750,2026-09-05T00:32:56.246172+00:00,qrec,Results 1.5; Supplement S7,D3D-SIR-S7.7-ONE-SEED-PRIMARY-SEARCH-AND-EXPLORED-FRONTIER-V2,CANONICAL,yes,"Search policy, strata, budget and the explored frontier of 162,845 supports, including the full candidate-evaluation and proposal-provenance records."
05_DIII_D_RECONSTRUCTION/05_Parent_Development_Search/one_seed_primary_v2/raw_only_search_paths.csv,D:\SIR_paper\DIIID_example\S7\07_search_policy_and_frontier\one_seed_primary_v2\raw_only_search_paths.csv,13972,afc3f2d38335d3ea35ffc941e71a8152a39c41ca4765c00f2f5186279a9dcaef,2026-09-05T00:28:27.340255+00:00,qrec,Results 1.5; Supplement S7,D3D-SIR-S7.7-ONE-SEED-PRIMARY-SEARCH-AND-EXPLORED-FRONTIER-V2,CANONICAL,yes,"Search policy, strata, budget and the explored frontier of 162,845 supports, including the full candidate-evaluation and proposal-provenance records."
05_DIII_D_RECONSTRUCTION/05_Parent_Development_Search/one_seed_primary_v2/scripts/s7_7r_a_policy.py,D:\SIR_paper\DIIID_example\S7\07_search_policy_and_frontier\one_seed_primary_v2\scripts\s7_7r_a_policy.py,22931,6598bcc154016196ae0a600cf9517e6a4f1194cc45872efcb82557a6ea780686,2026-09-05T00:17:07.224485+00:00,qrec,Results 1.5; Supplement S7,D3D-SIR-S7.7-ONE-SEED-PRIMARY-SEARCH-AND-EXPLORED-FRONTIER-V2,CANONICAL,yes,"Search policy, strata, budget and the explored frontier of 162,845 supports, including the full candidate-evaluation and proposal-provenance records."
05_DIII_D_RECONSTRUCTION/05_Parent_Development_Search/one_seed_primary_v2/scripts/s7_7r_b_search.py,D:\SIR_paper\DIIID_example\S7\07_search_policy_and_frontier\one_seed_primary_v2\scripts\s7_7r_b_search.py,28622,4e89934f8ebcb7491e724b54953cc324662480c17823eeef9df8fa34eb388a5e,2026-09-05T00:27:37.632886+00:00,qrec,Results 1.5; Supplement S7,D3D-SIR-S7.7-ONE-SEED-PRIMARY-SEARCH-AND-EXPLORED-FRONTIER-V2,CANONICAL,yes,"Search policy, strata, budget and the explored frontier of 162,845 supports, including the full candidate-evaluation and proposal-provenance records."
05_DIII_D_RECONSTRUCTION/05_Parent_Development_Search/one_seed_primary_v2/scripts/s7_7r_c_frontier.py,D:\SIR_paper\DIIID_example\S7\07_search_policy_and_frontier\one_seed_primary_v2\scripts\s7_7r_c_frontier.py,29804,0464d1c91bbba468069671ec80d6bab051f62e0bb24f8eea7c607b9ba2202af9,2026-09-05T00:29:15.945159+00:00,qrec,Results 1.5; Supplement S7,D3D-SIR-S7.7-ONE-SEED-PRIMARY-SEARCH-AND-EXPLORED-FRONTIER-V2,CANONICAL,yes,"Search policy, strata, budget and the explored frontier of 162,845 supports, including the full candidate-evaluation and proposal-provenance records."
05_DIII_D_RECONSTRUCTION/05_Parent_Development_Search/one_seed_primary_v2/search_candidate_evaluations.csv,D:\SIR_paper\DIIID_example\S7\07_search_policy_and_frontier\one_seed_primary_v2\search_candidate_evaluations.csv,69775221,fa20b7c420b8b64e68e586c72be58f47f856d98facb32aff62f615f0a7d17e09,2026-09-05T00:28:28.174383+00:00,qrec,Results 1.5; Supplement S7,D3D-SIR-S7.7-ONE-SEED-PRIMARY-SEARCH-AND-EXPLORED-FRONTIER-V2,CANONICAL,yes,"Search policy, strata, budget and the explored frontier of 162,845 supports, including the full candidate-evaluation and proposal-provenance records."
05_DIII_D_RECONSTRUCTION/05_Parent_Development_Search/one_seed_primary_v2/search_proposal_provenance.csv,D:\SIR_paper\DIIID_example\S7\07_search_policy_and_frontier\one_seed_primary_v2\search_proposal_provenance.csv,39306461,905866f857e8a6fe39217b50935730afbd9966bc672ea77c33035d86d7cd462e,2026-09-05T00:28:28.695361+00:00,qrec,Results 1.5; Supplement S7,D3D-SIR-S7.7-ONE-SEED-PRIMARY-SEARCH-AND-EXPLORED-FRONTIER-V2,CANONICAL,yes,"Search policy, strata, budget and the explored frontier of 162,845 supports, including the full candidate-evaluation and proposal-provenance records."
05_DIII_D_RECONSTRUCTION/05_Parent_Development_Search/one_seed_primary_v2/search_retained_paths.csv,D:\SIR_paper\DIIID_example\S7\07_search_policy_and_frontier\one_seed_primary_v2\search_retained_paths.csv,398159,c8feafd8a156e1a640e780f0a8a4986f0178924decacba0fa3a85faa01c09498,2026-09-05T00:28:27.338749+00:00,qrec,Results 1.5; Supplement S7,D3D-SIR-S7.7-ONE-SEED-PRIMARY-SEARCH-AND-EXPLORED-FRONTIER-V2,CANONICAL,yes,"Search policy, strata, budget and the explored frontier of 162,845 supports, including the full candidate-evaluation and proposal-provenance records."
05_DIII_D_RECONSTRUCTION/05_Parent_Development_Search/one_seed_primary_v2/search_seed_registry.csv,D:\SIR_paper\DIIID_example\S7\07_search_policy_and_frontier\one_seed_primary_v2\search_seed_registry.csv,11817,16f2bb6100d5f178aeb3ce84bd5edcfe3380804dc0e86d36da0cd4a6a326ad91,2026-09-05T00:28:27.330697+00:00,qrec,Results 1.5; Supplement S7,D3D-SIR-S7.7-ONE-SEED-PRIMARY-SEARCH-AND-EXPLORED-FRONTIER-V2,CANONICAL,yes,"Search policy, strata, budget and the explored frontier of 162,845 supports, including the full candidate-evaluation and proposal-provenance records."
05_DIII_D_RECONSTRUCTION/05_Parent_Development_Search/one_seed_primary_v2/search_strata.csv,D:\SIR_paper\DIIID_example\S7\07_search_policy_and_frontier\one_seed_primary_v2\search_strata.csv,7736,267c44449eba26bf4ed45c7f808977ed20c3744a53542e478f6dd5ad4a89e249,2026-09-05T00:17:10.478772+00:00,qrec,Results 1.5; Supplement S7,D3D-SIR-S7.7-ONE-SEED-PRIMARY-SEARCH-AND-EXPLORED-FRONTIER-V2,CANONICAL,yes,"Search policy, strata, budget and the explored frontier of 162,845 supports, including the full candidate-evaluation and proposal-provenance records."
05_DIII_D_RECONSTRUCTION/05_Parent_Development_Search/one_seed_primary_v2/two_seed_sensitivity_declaration.json,D:\SIR_paper\DIIID_example\S7\07_search_policy_and_frontier\one_seed_primary_v2\two_seed_sensitivity_declaration.json,873,12ababc5797c3cd7de136395d013b0c86347039a024c0b520b947589ef833255,2026-09-05T00:32:58.229060+00:00,qrec,Results 1.5; Supplement S7,D3D-SIR-S7.7-ONE-SEED-PRIMARY-SEARCH-AND-EXPLORED-FRONTIER-V2,CANONICAL,yes,"Search policy, strata, budget and the explored frontier of 162,845 supports, including the full candidate-evaluation and proposal-provenance records."
05_DIII_D_RECONSTRUCTION/05_Parent_Development_Search/one_seed_primary_v2/unsearched_boundary_summary.csv,D:\SIR_paper\DIIID_example\S7\07_search_policy_and_frontier\one_seed_primary_v2\unsearched_boundary_summary.csv,625,30f59798d11723651e7846d2eca5ba2ddd0380409ed5d856c9a71de56ffb1709,2026-09-05T00:32:58.226836+00:00,qrec,Results 1.5; Supplement S7,D3D-SIR-S7.7-ONE-SEED-PRIMARY-SEARCH-AND-EXPLORED-FRONTIER-V2,CANONICAL,yes,"Search policy, strata, budget and the explored frontier of 162,845 supports, including the full candidate-evaluation and proposal-provenance records."
05_DIII_D_RECONSTRUCTION/05_Parent_Development_Search/scripts/s7_7_a_precontract.py,D:\SIR_paper\DIIID_example\S7\07_search_policy_and_frontier\scripts\s7_7_a_precontract.py,11325,6d3759ca6ad68cdf403e5a28c03278cc8bfb1c69aff3d8098ee1c0ca255c597f,2026-09-04T23:57:47.410400+00:00,qrec,Results 1.5; Supplement S7,D3D-SIR-S7.7-ONE-SEED-PRIMARY-SEARCH-AND-EXPLORED-FRONTIER-V2,CANONICAL,yes,"Search policy, strata, budget and the explored frontier of 162,845 supports, including the full candidate-evaluation and proposal-provenance records."
05_DIII_D_RECONSTRUCTION/05_Parent_Development_Search/scripts/s7_7_b_policy_and_preflight.py,D:\SIR_paper\DIIID_example\S7\07_search_policy_and_frontier\scripts\s7_7_b_policy_and_preflight.py,19308,933330531551a5e89de515069a0e2946162d21dbc0af3a1f03a6458c539843b1,2026-09-04T23:59:25.595717+00:00,qrec,Results 1.5; Supplement S7,D3D-SIR-S7.7-ONE-SEED-PRIMARY-SEARCH-AND-EXPLORED-FRONTIER-V2,CANONICAL,yes,"Search policy, strata, budget and the explored frontier of 162,845 supports, including the full candidate-evaluation and proposal-provenance records."
05_DIII_D_RECONSTRUCTION/05_Parent_Development_Search/scripts/s7_7_c_block_and_freeze.py,D:\SIR_paper\DIIID_example\S7\07_search_policy_and_frontier\scripts\s7_7_c_block_and_freeze.py,23681,aaf381f57d94d6761104efce9e2bb1b089025e48d9cef1e9f0e1c17fb99c8f22,2026-09-05T00:01:43.836813+00:00,qrec,Results 1.5; Supplement S7,D3D-SIR-S7.7-ONE-SEED-PRIMARY-SEARCH-AND-EXPLORED-FRONTIER-V2,CANONICAL,yes,"Search policy, strata, budget and the explored frontier of 162,845 supports, including the full candidate-evaluation and proposal-provenance records."
05_DIII_D_RECONSTRUCTION/05_Parent_Development_Search/search_budget_block.json,D:\SIR_paper\DIIID_example\S7\07_search_policy_and_frontier\search_budget_block.json,4965,5974b484ffa2c297aac41774293ca107a4dcac0074c50e15619df3ba80f1642f,2026-09-05T00:04:47.063568+00:00,qrec,Results 1.5; Supplement S7,D3D-SIR-S7.7-ONE-SEED-PRIMARY-SEARCH-AND-EXPLORED-FRONTIER-V2,CANONICAL,yes,"Search policy, strata, budget and the explored frontier of 162,845 supports, including the full candidate-evaluation and proposal-provenance records."
05_DIII_D_RECONSTRUCTION/05_Parent_Development_Search/search_strata.csv,D:\SIR_paper\DIIID_example\S7\07_search_policy_and_frontier\search_strata.csv,7736,267c44449eba26bf4ed45c7f808977ed20c3744a53542e478f6dd5ad4a89e249,2026-09-04T23:59:29.337453+00:00,qrec,Results 1.5; Supplement S7,D3D-SIR-S7.7-ONE-SEED-PRIMARY-SEARCH-AND-EXPLORED-FRONTIER-V2,CANONICAL,yes,"Search policy, strata, budget and the explored frontier of 162,845 supports, including the full candidate-evaluation and proposal-provenance records."
05_DIII_D_RECONSTRUCTION/05_Parent_Development_Search/utility_and_gates/DEVELOPMENT_SELECTION_PROTOCOL.md,D:\SIR_paper\DIIID_example\S7\08_utility_and_qualification_rules\DEVELOPMENT_SELECTION_PROTOCOL.md,8377,980363fe0f46a9f410c04a925d8c8c12b00b58491cf9b3ac036048aef5583e35,2026-09-05T08:02:21.696704+00:00,qrec,Results 1.5; Supplement S7,D3D-SIR-S7.8-UTILITY-AND-QUALIFICATION-RULES-V1,CANONICAL,yes,Operationalized lexicographic utility U_rec and the qualification gates.
05_DIII_D_RECONSTRUCTION/05_Parent_Development_Search/utility_and_gates/MANIFEST.json,D:\SIR_paper\DIIID_example\S7\08_utility_and_qualification_rules\MANIFEST.json,1700,832292ddba4da13de1ec9572fdedb15fc2a013d749a434066c7755d815a28ced,2026-09-08T00:51:17.537345+00:00,qrec,Results 1.5; Supplement S7,D3D-SIR-S7.8-UTILITY-AND-QUALIFICATION-RULES-V1,CANONICAL,yes,Operationalized lexicographic utility U_rec and the qualification gates.
05_DIII_D_RECONSTRUCTION/05_Parent_Development_Search/utility_and_gates/QUALIFICATION_GATE_PROTOCOL.md,D:\SIR_paper\DIIID_example\S7\08_utility_and_qualification_rules\QUALIFICATION_GATE_PROTOCOL.md,5759,a74083e552780dbb882bbbb364a2456dd2c5f535d2a2f1b51826f7ad3a3ccada,2026-09-05T08:03:12.698559+00:00,qrec,Results 1.5; Supplement S7,D3D-SIR-S7.8-UTILITY-AND-QUALIFICATION-RULES-V1,CANONICAL,yes,Operationalized lexicographic utility U_rec and the qualification gates.
05_DIII_D_RECONSTRUCTION/05_Parent_Development_Search/utility_and_gates/README.md,D:\SIR_paper\DIIID_example\S7\08_utility_and_qualification_rules\README.md,4767,08c889f55d76ca3b41c6bc3820d807a2aacdffa2a0c42946729558172430272a,2026-09-05T08:06:38.195623+00:00,qrec,Results 1.5; Supplement S7,D3D-SIR-S7.8-UTILITY-AND-QUALIFICATION-RULES-V1,CANONICAL,yes,Operationalized lexicographic utility U_rec and the qualification gates.
05_DIII_D_RECONSTRUCTION/05_Parent_Development_Search/utility_and_gates/S7_8_ACCEPTANCE_CHECKS.json,D:\SIR_paper\DIIID_example\S7\08_utility_and_qualification_rules\S7_8_ACCEPTANCE_CHECKS.json,4356,4f451d58a45c2af816b0c175aabefba57d90d4d0675f0b34d714fb9aeceb903d,2026-09-05T08:08:27.103885+00:00,qrec,Results 1.5; Supplement S7,D3D-SIR-S7.8-UTILITY-AND-QUALIFICATION-RULES-V1,CANONICAL,yes,Operationalized lexicographic utility U_rec and the qualification gates.
05_DIII_D_RECONSTRUCTION/05_Parent_Development_Search/utility_and_gates/S7_8_FREEZE.json,D:\SIR_paper\DIIID_example\S7\08_utility_and_qualification_rules\S7_8_FREEZE.json,8974,1d12f78d165c09b77b4b853053e60a9a87784da2aaa2b38c4b882bb575d398e0,2026-09-05T08:08:27.142995+00:00,qrec,Results 1.5; Supplement S7,D3D-SIR-S7.8-UTILITY-AND-QUALIFICATION-RULES-V1,CANONICAL,yes,Operationalized lexicographic utility U_rec and the qualification gates.
05_DIII_D_RECONSTRUCTION/05_Parent_Development_Search/utility_and_gates/S7_8_UTILITY_AND_QUALIFICATION_AUDIT_REPORT.md,D:\SIR_paper\DIIID_example\S7\08_utility_and_qualification_rules\S7_8_UTILITY_AND_QUALIFICATION_AUDIT_REPORT.md,23762,313805a51aec93bf27eccdcfa00166f904588c4e2486ef0df177746ebfc39d3c,2026-09-05T08:06:04.763320+00:00,qrec,Results 1.5; Supplement S7,D3D-SIR-S7.8-UTILITY-AND-QUALIFICATION-RULES-V1,CANONICAL,yes,Operationalized lexicographic utility U_rec and the qualification gates.
05_DIII_D_RECONSTRUCTION/05_Parent_Development_Search/utility_and_gates/S7_8_UTILITY_AND_QUALIFICATION_RULES_FINAL.md,D:\SIR_paper\DIIID_example\S7\08_utility_and_qualification_rules\S7_8_UTILITY_AND_QUALIFICATION_RULES_FINAL.md,7761,ca1105d378e7f8f016d90f0efe06a123612f21d93b4807e4db7ae725f76905da,2026-09-05T08:03:47.931257+00:00,qrec,Results 1.5; Supplement S7,D3D-SIR-S7.8-UTILITY-AND-QUALIFICATION-RULES-V1,CANONICAL,yes,Operationalized lexicographic utility U_rec and the qualification gates.
05_DIII_D_RECONSTRUCTION/05_Parent_Development_Search/utility_and_gates/SUPPORT_STABILITY_PROTOCOL.md,D:\SIR_paper\DIIID_example\S7\08_utility_and_qualification_rules\SUPPORT_STABILITY_PROTOCOL.md,4648,b8b3271121878814acb63fe2a777f9611110bd42517fbed878147043f463019c,2026-09-05T08:02:43.263022+00:00,qrec,Results 1.5; Supplement S7,D3D-SIR-S7.8-UTILITY-AND-QUALIFICATION-RULES-V1,CANONICAL,yes,Operationalized lexicographic utility U_rec and the qualification gates.
05_DIII_D_RECONSTRUCTION/05_Parent_Development_Search/utility_and_gates/U_REC_OPERATIONAL_V1.json,D:\SIR_paper\DIIID_example\S7\08_utility_and_qualification_rules\U_REC_OPERATIONAL_V1.json,6652,d5d9de60db57416f94806d7c1d135d42731459185a3a0fa2b48c406784b65f85,2026-09-05T08:07:46.433342+00:00,qrec,Results 1.5; Supplement S7,D3D-SIR-S7.8-UTILITY-AND-QUALIFICATION-RULES-V1,CANONICAL,yes,Operationalized lexicographic utility U_rec and the qualification gates.
05_DIII_D_RECONSTRUCTION/05_Parent_Development_Search/utility_and_gates/V_REC_OPERATIONAL_V1.json,D:\SIR_paper\DIIID_example\S7\08_utility_and_qualification_rules\V_REC_OPERATIONAL_V1.json,10970,b490aad52bb62925ddd3a2e8c0aaab2f452b04a9e4fe21e84f27819143733f46,2026-09-05T08:07:46.433342+00:00,qrec,Results 1.5; Supplement S7,D3D-SIR-S7.8-UTILITY-AND-QUALIFICATION-RULES-V1,CANONICAL,yes,Operationalized lexicographic utility U_rec and the qualification gates.
05_DIII_D_RECONSTRUCTION/05_Parent_Development_Search/utility_and_gates/conditioning_policy.json,D:\SIR_paper\DIIID_example\S7\08_utility_and_qualification_rules\conditioning_policy.json,3064,1cbe672bcd6afe580ac970f816bb3efa9e25858343720d661cdca9ae2cb0da10,2026-09-05T08:07:46.431834+00:00,qrec,Results 1.5; Supplement S7,D3D-SIR-S7.8-UTILITY-AND-QUALIFICATION-RULES-V1,CANONICAL,yes,Operationalized lexicographic utility U_rec and the qualification gates.
05_DIII_D_RECONSTRUCTION/05_Parent_Development_Search/utility_and_gates/development_selection_algorithm.json,D:\SIR_paper\DIIID_example\S7\08_utility_and_qualification_rules\development_selection_algorithm.json,5303,05ecc6e623bb40fd3adbe8656a9426dc4c28f3ca3b48c0392856c4942b340634,2026-09-05T08:07:46.432842+00:00,qrec,Results 1.5; Supplement S7,D3D-SIR-S7.8-UTILITY-AND-QUALIFICATION-RULES-V1,CANONICAL,yes,Operationalized lexicographic utility U_rec and the qualification gates.
05_DIII_D_RECONSTRUCTION/05_Parent_Development_Search/utility_and_gates/estimator_policy.json,D:\SIR_paper\DIIID_example\S7\08_utility_and_qualification_rules\estimator_policy.json,4756,c2775a49230a6a89cd5967d71e17d1a8bb5ef7d5c3615c50a612ba4e7abfe04b,2026-09-05T08:07:46.430827+00:00,qrec,Results 1.5; Supplement S7,D3D-SIR-S7.8-UTILITY-AND-QUALIFICATION-RULES-V1,CANONICAL,yes,Operationalized lexicographic utility U_rec and the qualification gates.
05_DIII_D_RECONSTRUCTION/05_Parent_Development_Search/utility_and_gates/gate_stage_ownership.json,D:\SIR_paper\DIIID_example\S7\08_utility_and_qualification_rules\gate_stage_ownership.json,3131,413b6993ebb29ef9851338e60dda36e6c624f77ba57f3cac0c92ec17b88f48fa,2026-09-05T08:07:46.433843+00:00,qrec,Results 1.5; Supplement S7,D3D-SIR-S7.8-UTILITY-AND-QUALIFICATION-RULES-V1,CANONICAL,yes,Operationalized lexicographic utility U_rec and the qualification gates.
05_DIII_D_RECONSTRUCTION/05_Parent_Development_Search/utility_and_gates/index.html,D:\SIR_paper\DIIID_example\S7\08_utility_and_qualification_rules\index.html,7116,4de18ef8cc05710aaaa01b237b9077f4f98afa8bd3f32a4d964d8c5190bfcda8,2026-09-08T00:51:17.538292+00:00,qrec,Results 1.5; Supplement S7,D3D-SIR-S7.8-UTILITY-AND-QUALIFICATION-RULES-V1,CANONICAL,yes,Operationalized lexicographic utility U_rec and the qualification gates.
05_DIII_D_RECONSTRUCTION/05_Parent_Development_Search/utility_and_gates/manifests/ACCESS_AUDIT.json,D:\SIR_paper\DIIID_example\S7\08_utility_and_qualification_rules\manifests\ACCESS_AUDIT.json,834,123d60c74c12a76ed964f94fd96cbe933f02606309fab6b2b3597beb6dbd787a,2026-09-05T08:07:46.434343+00:00,qrec,Results 1.5; Supplement S7,D3D-SIR-S7.8-UTILITY-AND-QUALIFICATION-RULES-V1,CANONICAL,yes,Operationalized lexicographic utility U_rec and the qualification gates.
05_DIII_D_RECONSTRUCTION/05_Parent_Development_Search/utility_and_gates/manifests/ALGORITHM_DRY_RUN.json,D:\SIR_paper\DIIID_example\S7\08_utility_and_qualification_rules\manifests\ALGORITHM_DRY_RUN.json,3338,07c37887f15062b6dfa0c2021cf8e7098b3fc1d753349e8c4135dddc786ef245,2026-09-05T08:01:36.661278+00:00,qrec,Results 1.5; Supplement S7,D3D-SIR-S7.8-UTILITY-AND-QUALIFICATION-RULES-V1,CANONICAL,yes,Operationalized lexicographic utility U_rec and the qualification gates.
05_DIII_D_RECONSTRUCTION/05_Parent_Development_Search/utility_and_gates/manifests/CARRY_FORWARD_FINDINGS.json,D:\SIR_paper\DIIID_example\S7\08_utility_and_qualification_rules\manifests\CARRY_FORWARD_FINDINGS.json,3048,6b587a72017d11ecb89381a937bc632e732d1fed2688ebd2e3c05755f11e8ef2,2026-09-05T08:07:46.434843+00:00,qrec,Results 1.5; Supplement S7,D3D-SIR-S7.8-UTILITY-AND-QUALIFICATION-RULES-V1,CANONICAL,yes,Operationalized lexicographic utility U_rec and the qualification gates.
05_DIII_D_RECONSTRUCTION/05_Parent_Development_Search/utility_and_gates/manifests/OUTCOME_BASED_REVISION_AUDIT.json,D:\SIR_paper\DIIID_example\S7\08_utility_and_qualification_rules\manifests\OUTCOME_BASED_REVISION_AUDIT.json,1184,9a74f72c2c81c0e346841e982a3c0b7d6c5ebe8c897194a6eac1e1f6123fe358,2026-09-05T08:07:46.435343+00:00,qrec,Results 1.5; Supplement S7,D3D-SIR-S7.8-UTILITY-AND-QUALIFICATION-RULES-V1,CANONICAL,yes,Operationalized lexicographic utility U_rec and the qualification gates.
05_DIII_D_RECONSTRUCTION/05_Parent_Development_Search/utility_and_gates/manifests/PARENT_FREEZE_VERIFICATION.json,D:\SIR_paper\DIIID_example\S7\08_utility_and_qualification_rules\manifests\PARENT_FREEZE_VERIFICATION.json,7374,592cc0acc64883d7952be251cb16b5300263ce3428cfafda5c6e2b87d95528c7,2026-09-05T08:08:17.700017+00:00,qrec,Results 1.5; Supplement S7,D3D-SIR-S7.8-UTILITY-AND-QUALIFICATION-RULES-V1,CANONICAL,yes,Operationalized lexicographic utility U_rec and the qualification gates.
05_DIII_D_RECONSTRUCTION/05_Parent_Development_Search/utility_and_gates/manifests/S7_9_REUSE_PRECONDITIONS.json,D:\SIR_paper\DIIID_example\S7\08_utility_and_qualification_rules\manifests\S7_9_REUSE_PRECONDITIONS.json,1547,79fb1bf01c8efceaf7af673c9343db49ff67b4ea8ba845d3f28cfe5818a07598,2026-09-05T08:07:46.434343+00:00,qrec,Results 1.5; Supplement S7,D3D-SIR-S7.8-UTILITY-AND-QUALIFICATION-RULES-V1,CANONICAL,yes,Operationalized lexicographic utility U_rec and the qualification gates.
05_DIII_D_RECONSTRUCTION/05_Parent_Development_Search/utility_and_gates/manifests/SEMANTIC_SEPARATION.json,D:\SIR_paper\DIIID_example\S7\08_utility_and_qualification_rules\manifests\SEMANTIC_SEPARATION.json,1070,9ead63af35f82dd3f40ceb0d770444ed258ee889e2847ae91ea7f62e13a9f015,2026-09-05T08:07:46.434843+00:00,qrec,Results 1.5; Supplement S7,D3D-SIR-S7.8-UTILITY-AND-QUALIFICATION-RULES-V1,CANONICAL,yes,Operationalized lexicographic utility U_rec and the qualification gates.
05_DIII_D_RECONSTRUCTION/05_Parent_Development_Search/utility_and_gates/practical_equivalence_policy.json,D:\SIR_paper\DIIID_example\S7\08_utility_and_qualification_rules\practical_equivalence_policy.json,3061,64113a097fb8e0df7a072b9b6f322cba713034cb18f15101d7db625621a608fa,2026-09-05T08:07:46.430827+00:00,qrec,Results 1.5; Supplement S7,D3D-SIR-S7.8-UTILITY-AND-QUALIFICATION-RULES-V1,CANONICAL,yes,Operationalized lexicographic utility U_rec and the qualification gates.
05_DIII_D_RECONSTRUCTION/05_Parent_Development_Search/utility_and_gates/scripts/s7_8_a_verify_parents.py,D:\SIR_paper\DIIID_example\S7\08_utility_and_qualification_rules\scripts\s7_8_a_verify_parents.py,12852,af97ba3192ebacc0489348761b4bd1f54dc807168ca0cefee3c0c6dd7d9880ca,2026-09-05T07:55:47.836025+00:00,qrec,Results 1.5; Supplement S7,D3D-SIR-S7.8-UTILITY-AND-QUALIFICATION-RULES-V1,CANONICAL,yes,Operationalized lexicographic utility U_rec and the qualification gates.
05_DIII_D_RECONSTRUCTION/05_Parent_Development_Search/utility_and_gates/scripts/s7_8_b_build_policies.py,D:\SIR_paper\DIIID_example\S7\08_utility_and_qualification_rules\scripts\s7_8_b_build_policies.py,52370,6db17aa2600f5ad7c496054fb987a499c21b2f5331c8b50dafe7b98f13bdca38,2026-09-05T08:06:11.990397+00:00,qrec,Results 1.5; Supplement S7,D3D-SIR-S7.8-UTILITY-AND-QUALIFICATION-RULES-V1,CANONICAL,yes,Operationalized lexicographic utility U_rec and the qualification gates.
05_DIII_D_RECONSTRUCTION/05_Parent_Development_Search/utility_and_gates/scripts/s7_8_c_freeze.py,D:\SIR_paper\DIIID_example\S7\08_utility_and_qualification_rules\scripts\s7_8_c_freeze.py,15999,bffd815daeb89fc0eecc6580770692dc5714d0f1b094920e37bdb746048dc27e,2026-09-05T08:07:41.626446+00:00,qrec,Results 1.5; Supplement S7,D3D-SIR-S7.8-UTILITY-AND-QUALIFICATION-RULES-V1,CANONICAL,yes,Operationalized lexicographic utility U_rec and the qualification gates.
05_DIII_D_RECONSTRUCTION/05_Parent_Development_Search/utility_and_gates/scripts/s7_8_d_algorithm_dryrun.py,D:\SIR_paper\DIIID_example\S7\08_utility_and_qualification_rules\scripts\s7_8_d_algorithm_dryrun.py,12876,88ac095c094d1173d14ad65e77a4f967ce1c4d7dda2404effacacc1702259797,2026-09-05T08:01:30.398756+00:00,qrec,Results 1.5; Supplement S7,D3D-SIR-S7.8-UTILITY-AND-QUALIFICATION-RULES-V1,CANONICAL,yes,Operationalized lexicographic utility U_rec and the qualification gates.
05_DIII_D_RECONSTRUCTION/05_Parent_Development_Search/utility_and_gates/stability_metric_policy.json,D:\SIR_paper\DIIID_example\S7\08_utility_and_qualification_rules\stability_metric_policy.json,3746,3f7e6ac7ee1879e54d2df404aab067d87650a3cd8a1a1aabc8a30a730e11aed3,2026-09-05T08:07:46.430827+00:00,qrec,Results 1.5; Supplement S7,D3D-SIR-S7.8-UTILITY-AND-QUALIFICATION-RULES-V1,CANONICAL,yes,Operationalized lexicographic utility U_rec and the qualification gates.
05_DIII_D_RECONSTRUCTION/05_Parent_Development_Search/utility_and_gates/support_stability_policy.json,D:\SIR_paper\DIIID_example\S7\08_utility_and_qualification_rules\support_stability_policy.json,4460,005651dc02f2107c352076397fd4f728b5c354c74b57b31ebc71fa98051a601d,2026-09-05T08:07:46.432340+00:00,qrec,Results 1.5; Supplement S7,D3D-SIR-S7.8-UTILITY-AND-QUALIFICATION-RULES-V1,CANONICAL,yes,Operationalized lexicographic utility U_rec and the qualification gates.
05_DIII_D_RECONSTRUCTION/06_Frozen_Parent_Support/BASELINE_B0_CONFIG.json,D:\SIR_paper\DIIID_example\S7\09_development_selection_and_freeze\BASELINE_B0_CONFIG.json,625,356485d5a6d52d0a94a9d373e2bc0d276c0f9707bbb970e18fd79080fce72440,2026-09-05T20:24:35.602731+00:00,qrec,Results 1.5; Supplement S7,D3D-SIR-S7.9-DEVELOPMENT-SELECTION-AND-PREEXTERNAL-FREEZE-V1,CANONICAL,yes,"Development selection of C_dev_star on 20 discharges and the pre-external model freeze, with the bootstrap-winner family and elimination ledger."
05_DIII_D_RECONSTRUCTION/06_Frozen_Parent_Support/BASELINE_B1A_CONFIG.json,D:\SIR_paper\DIIID_example\S7\09_development_selection_and_freeze\BASELINE_B1A_CONFIG.json,1079,fcc049444e233b2ea6f3304e69739202a04b3387dec936d8576658b446a42da1,2026-09-05T20:24:35.603730+00:00,qrec,Results 1.5; Supplement S7,D3D-SIR-S7.9-DEVELOPMENT-SELECTION-AND-PREEXTERNAL-FREEZE-V1,CANONICAL,yes,"Development selection of C_dev_star on 20 discharges and the pre-external model freeze, with the bootstrap-winner family and elimination ledger."
05_DIII_D_RECONSTRUCTION/06_Frozen_Parent_Support/BASELINE_B1_CONFIG.json,D:\SIR_paper\DIIID_example\S7\09_development_selection_and_freeze\BASELINE_B1_CONFIG.json,703,a2b7b8f07d1de649497ac08259288fb0700d5f35cc2409980661144b0d2e79a4,2026-09-05T20:24:35.603232+00:00,qrec,Results 1.5; Supplement S7,D3D-SIR-S7.9-DEVELOPMENT-SELECTION-AND-PREEXTERNAL-FREEZE-V1,CANONICAL,yes,"Development selection of C_dev_star on 20 discharges and the pre-external model freeze, with the bootstrap-winner family and elimination ledger."
05_DIII_D_RECONSTRUCTION/06_Frozen_Parent_Support/BASELINE_B2_CONFIG.json,D:\SIR_paper\DIIID_example\S7\09_development_selection_and_freeze\BASELINE_B2_CONFIG.json,2501,d9abeaaa4e767b43e31fd57bb1dbb0c48c33584b81131395cadaabff88c4c0f0,2026-09-05T20:24:35.603730+00:00,qrec,Results 1.5; Supplement S7,D3D-SIR-S7.9-DEVELOPMENT-SELECTION-AND-PREEXTERNAL-FREEZE-V1,CANONICAL,yes,"Development selection of C_dev_star on 20 discharges and the pre-external model freeze, with the bootstrap-winner family and elimination ledger."
05_DIII_D_RECONSTRUCTION/06_Frozen_Parent_Support/BASELINE_B3_CONFIG.json,D:\SIR_paper\DIIID_example\S7\09_development_selection_and_freeze\BASELINE_B3_CONFIG.json,2962,c72c049e63389dab181347c8adf2f5b649ceed13b395d5ed542da4c4cc01f2e3,2026-09-05T20:24:35.604232+00:00,qrec,Results 1.5; Supplement S7,D3D-SIR-S7.9-DEVELOPMENT-SELECTION-AND-PREEXTERNAL-FREEZE-V1,CANONICAL,yes,"Development selection of C_dev_star on 20 discharges and the pre-external model freeze, with the bootstrap-winner family and elimination ledger."
05_DIII_D_RECONSTRUCTION/06_Frozen_Parent_Support/BASELINE_CONFIGURATION_FREEZE.md,D:\SIR_paper\DIIID_example\S7\09_development_selection_and_freeze\BASELINE_CONFIGURATION_FREEZE.md,5547,6bc015250907030ec1e23b5512de73e7cb4f9cff55b9ca67b4bf7c8e09ec3df1,2026-09-05T20:28:07.231287+00:00,qrec,Results 1.5; Supplement S7,D3D-SIR-S7.9-DEVELOPMENT-SELECTION-AND-PREEXTERNAL-FREEZE-V1,CANONICAL,yes,"Development selection of C_dev_star on 20 discharges and the pre-external model freeze, with the bootstrap-winner family and elimination ledger."
05_DIII_D_RECONSTRUCTION/06_Frozen_Parent_Support/BASELINE_CONFIGURATION_MANIFEST.json,D:\SIR_paper\DIIID_example\S7\09_development_selection_and_freeze\BASELINE_CONFIGURATION_MANIFEST.json,2893,9d0950ba8213b33bde36c515785ed6e799454a400af682d5f89c6a49b630cf26,2026-09-05T20:24:35.664689+00:00,qrec,Results 1.5; Supplement S7,D3D-SIR-S7.9-DEVELOPMENT-SELECTION-AND-PREEXTERNAL-FREEZE-V1,CANONICAL,yes,"Development selection of C_dev_star on 20 discharges and the pre-external model freeze, with the bootstrap-winner family and elimination ledger."
05_DIII_D_RECONSTRUCTION/06_Frozen_Parent_Support/BASELINE_H0_CONFIG.json,D:\SIR_paper\DIIID_example\S7\09_development_selection_and_freeze\BASELINE_H0_CONFIG.json,2609,40182fd53373b80ff26d5aae8f0eb760abc8da0af82b420630b882ac625ac76f,2026-09-05T20:24:35.604232+00:00,qrec,Results 1.5; Supplement S7,D3D-SIR-S7.9-DEVELOPMENT-SELECTION-AND-PREEXTERNAL-FREEZE-V1,CANONICAL,yes,"Development selection of C_dev_star on 20 discharges and the pre-external model freeze, with the bootstrap-winner family and elimination ledger."
05_DIII_D_RECONSTRUCTION/06_Frozen_Parent_Support/BASELINE_SPECIFICATION_COMPLETION_PREVALUE.json,D:\SIR_paper\DIIID_example\S7\09_development_selection_and_freeze\BASELINE_SPECIFICATION_COMPLETION_PREVALUE.json,1640,fd05fcc0f4d0e5e95a26315006be1531d4f6bcc5d7697914b5daaf3593a1ba3f,2026-09-05T20:24:27.064883+00:00,qrec,Results 1.5; Supplement S7,D3D-SIR-S7.9-DEVELOPMENT-SELECTION-AND-PREEXTERNAL-FREEZE-V1,CANONICAL,yes,"Development selection of C_dev_star on 20 discharges and the pre-external model freeze, with the bootstrap-winner family and elimination ledger."
05_DIII_D_RECONSTRUCTION/06_Frozen_Parent_Support/DEVELOPMENT_REPRESENTATION_LOCK.json,D:\SIR_paper\DIIID_example\S7\09_development_selection_and_freeze\DEVELOPMENT_REPRESENTATION_LOCK.json,2925,cbd25fb69049444d92907b60cce5ddb25dfa2ce3b34b67f5c497fecfa732d6d1,2026-09-05T20:22:16.613384+00:00,qrec,Results 1.5; Supplement S7,D3D-SIR-S7.9-DEVELOPMENT-SELECTION-AND-PREEXTERNAL-FREEZE-V1,CANONICAL,yes,"Development selection of C_dev_star on 20 discharges and the pre-external model freeze, with the bootstrap-winner family and elimination ledger."
05_DIII_D_RECONSTRUCTION/06_Frozen_Parent_Support/MANIFEST.json,D:\SIR_paper\DIIID_example\S7\09_development_selection_and_freeze\MANIFEST.json,2032,1b9b67bc05b896f26619c256f694261816413c1ce9f0bc023822e41b657bffce,2026-09-08T00:51:17.540348+00:00,qrec,Results 1.5; Supplement S7,D3D-SIR-S7.9-DEVELOPMENT-SELECTION-AND-PREEXTERNAL-FREEZE-V1,CANONICAL,yes,"Development selection of C_dev_star on 20 discharges and the pre-external model freeze, with the bootstrap-winner family and elimination ledger."
05_DIII_D_RECONSTRUCTION/06_Frozen_Parent_Support/PRE_EXTERNAL_FREEZE.md,D:\SIR_paper\DIIID_example\S7\09_development_selection_and_freeze\PRE_EXTERNAL_FREEZE.md,4320,20ad9e062c9265b4f5ef404883b8523f630776e24d87679b7582c99d6b885d33,2026-09-05T20:28:29.330475+00:00,qrec,Results 1.5; Supplement S7,D3D-SIR-S7.9-DEVELOPMENT-SELECTION-AND-PREEXTERNAL-FREEZE-V1,CANONICAL,yes,"Development selection of C_dev_star on 20 discharges and the pre-external model freeze, with the bootstrap-winner family and elimination ledger."
05_DIII_D_RECONSTRUCTION/06_Frozen_Parent_Support/PRE_EXTERNAL_MODEL_FREEZE.json,D:\SIR_paper\DIIID_example\S7\09_development_selection_and_freeze\PRE_EXTERNAL_MODEL_FREEZE.json,10072,e196286eb4c60e349733f460d353b07deeb84d8842a3ecb3feea0c954ffc275b,2026-09-05T20:32:09.028522+00:00,qrec,Results 1.5; Supplement S7,D3D-SIR-S7.9-DEVELOPMENT-SELECTION-AND-PREEXTERNAL-FREEZE-V1,CANONICAL,yes,"Development selection of C_dev_star on 20 discharges and the pre-external model freeze, with the bootstrap-winner family and elimination ledger."
05_DIII_D_RECONSTRUCTION/06_Frozen_Parent_Support/README.md,D:\SIR_paper\DIIID_example\S7\09_development_selection_and_freeze\README.md,5546,c30fd24d178a6cd8bd0562afb2fff7a5227cfe5aea2bf2f446ced05a4eb87d30,2026-09-05T20:32:00.566229+00:00,qrec,Results 1.5; Supplement S7,D3D-SIR-S7.9-DEVELOPMENT-SELECTION-AND-PREEXTERNAL-FREEZE-V1,CANONICAL,yes,"Development selection of C_dev_star on 20 discharges and the pre-external model freeze, with the bootstrap-winner family and elimination ledger."
05_DIII_D_RECONSTRUCTION/06_Frozen_Parent_Support/RELATIONAL_ESTIMATOR_CONFIG.json,D:\SIR_paper\DIIID_example\S7\09_development_selection_and_freeze\RELATIONAL_ESTIMATOR_CONFIG.json,2177,c35ddb25a0cb619c824d50517a8a7a02679093b8cdad792fe46be8b3331025e3,2026-09-05T20:22:16.533789+00:00,qrec,Results 1.5; Supplement S7,D3D-SIR-S7.9-DEVELOPMENT-SELECTION-AND-PREEXTERNAL-FREEZE-V1,CANONICAL,yes,"Development selection of C_dev_star on 20 discharges and the pre-external model freeze, with the bootstrap-winner family and elimination ledger."
05_DIII_D_RECONSTRUCTION/06_Frozen_Parent_Support/S7_9_ACCEPTANCE_CHECKS.json,D:\SIR_paper\DIIID_example\S7\09_development_selection_and_freeze\S7_9_ACCEPTANCE_CHECKS.json,4919,78f457e5120d2ab4767ec6bd493e6679637004ec2e739f589392162b3e067d1c,2026-09-05T20:32:09.426128+00:00,qrec,Results 1.5; Supplement S7,D3D-SIR-S7.9-DEVELOPMENT-SELECTION-AND-PREEXTERNAL-FREEZE-V1,CANONICAL,yes,"Development selection of C_dev_star on 20 discharges and the pre-external model freeze, with the bootstrap-winner family and elimination ledger."
05_DIII_D_RECONSTRUCTION/06_Frozen_Parent_Support/S7_9_DEVELOPMENT_SELECTION_AND_FREEZE_FINAL.md,D:\SIR_paper\DIIID_example\S7\09_development_selection_and_freeze\S7_9_DEVELOPMENT_SELECTION_AND_FREEZE_FINAL.md,8254,c7d010f5770d24b5f830a3ba35f40fc586e4789f0c8b3f193228a172a2459542,2026-09-05T20:29:56.652160+00:00,qrec,Results 1.5; Supplement S7,D3D-SIR-S7.9-DEVELOPMENT-SELECTION-AND-PREEXTERNAL-FREEZE-V1,CANONICAL,yes,"Development selection of C_dev_star on 20 discharges and the pre-external model freeze, with the bootstrap-winner family and elimination ledger."
05_DIII_D_RECONSTRUCTION/06_Frozen_Parent_Support/S7_9_DEVELOPMENT_SELECTION_AUDIT_REPORT.md,D:\SIR_paper\DIIID_example\S7\09_development_selection_and_freeze\S7_9_DEVELOPMENT_SELECTION_AUDIT_REPORT.md,18869,4ccb3ba178b0fdc3c1dff20ff9a921e260def404eb3e35a5de844fad97174d80,2026-09-05T20:31:31.086500+00:00,qrec,Results 1.5; Supplement S7,D3D-SIR-S7.9-DEVELOPMENT-SELECTION-AND-PREEXTERNAL-FREEZE-V1,CANONICAL,yes,"Development selection of C_dev_star on 20 discharges and the pre-external model freeze, with the bootstrap-winner family and elimination ledger."
05_DIII_D_RECONSTRUCTION/06_Frozen_Parent_Support/S7_9_FREEZE.json,D:\SIR_paper\DIIID_example\S7\09_development_selection_and_freeze\S7_9_FREEZE.json,11713,966f9628dceb501e9f102d9ba3f74e0bfed3dddee7f25a58df47732eef3d553b,2026-09-05T20:32:09.580617+00:00,qrec,Results 1.5; Supplement S7,D3D-SIR-S7.9-DEVELOPMENT-SELECTION-AND-PREEXTERNAL-FREEZE-V1,CANONICAL,yes,"Development selection of C_dev_star on 20 discharges and the pre-external model freeze, with the bootstrap-winner family and elimination ledger."
05_DIII_D_RECONSTRUCTION/06_Frozen_Parent_Support/SELECTED_REPRESENTATION.json,D:\SIR_paper\DIIID_example\S7\09_development_selection_and_freeze\SELECTED_REPRESENTATION.json,16240,800ac414aa16bbad1599a8512fcb8b2c4c9cf1e0adebdb8f9a314a78bb900337,2026-09-05T20:22:16.533293+00:00,qrec,Results 1.5; Supplement S7,D3D-SIR-S7.9-DEVELOPMENT-SELECTION-AND-PREEXTERNAL-FREEZE-V1,CANONICAL,yes,"Development selection of C_dev_star on 20 discharges and the pre-external model freeze, with the bootstrap-winner family and elimination ledger."
05_DIII_D_RECONSTRUCTION/06_Frozen_Parent_Support/SELECTED_REPRESENTATION.md,D:\SIR_paper\DIIID_example\S7\09_development_selection_and_freeze\SELECTED_REPRESENTATION.md,6445,87b84d9ac9ac11cd761a9098885233e82892cc8dfa4046b258da07e6b1da4bd8,2026-09-05T20:27:38.901650+00:00,qrec,Results 1.5; Supplement S7,D3D-SIR-S7.9-DEVELOPMENT-SELECTION-AND-PREEXTERNAL-FREEZE-V1,CANONICAL,yes,"Development selection of C_dev_star on 20 discharges and the pre-external model freeze, with the bootstrap-winner family and elimination ledger."
05_DIII_D_RECONSTRUCTION/06_Frozen_Parent_Support/baseline_b2_alpha_tuning.csv,D:\SIR_paper\DIIID_example\S7\09_development_selection_and_freeze\baseline_b2_alpha_tuning.csv,569,30597f59ee48a981cfb67929b9a2a4a2537ed3885e2ef4a1b3d234761d58fbcd,2026-09-05T20:24:34.591945+00:00,qrec,Results 1.5; Supplement S7,D3D-SIR-S7.9-DEVELOPMENT-SELECTION-AND-PREEXTERNAL-FREEZE-V1,CANONICAL,yes,"Development selection of C_dev_star on 20 discharges and the pre-external model freeze, with the bootstrap-winner family and elimination ledger."
05_DIII_D_RECONSTRUCTION/06_Frozen_Parent_Support/baseline_h0_alpha_tuning.csv,D:\SIR_paper\DIIID_example\S7\09_development_selection_and_freeze\baseline_h0_alpha_tuning.csv,782,011f9ec5f429f9df920df1386661e8c009afc1a5835a53ef965b7342d32fe2e1,2026-09-05T20:24:34.593629+00:00,qrec,Results 1.5; Supplement S7,D3D-SIR-S7.9-DEVELOPMENT-SELECTION-AND-PREEXTERNAL-FREEZE-V1,CANONICAL,yes,"Development selection of C_dev_star on 20 discharges and the pre-external model freeze, with the bootstrap-winner family and elimination ledger."
05_DIII_D_RECONSTRUCTION/06_Frozen_Parent_Support/bootstrap_coordinate_participation.csv,D:\SIR_paper\DIIID_example\S7\09_development_selection_and_freeze\bootstrap_coordinate_participation.csv,6086,d26598d9bc741c530f96c7b342c07e06e6c6889782480de5bf4da9e703acab2f,2026-09-05T20:29:45.438164+00:00,qrec,Results 1.5; Supplement S7,D3D-SIR-S7.9-DEVELOPMENT-SELECTION-AND-PREEXTERNAL-FREEZE-V1,CANONICAL,yes,"Development selection of C_dev_star on 20 discharges and the pre-external model freeze, with the bootstrap-winner family and elimination ledger."
05_DIII_D_RECONSTRUCTION/06_Frozen_Parent_Support/bootstrap_selection_frequency.csv,D:\SIR_paper\DIIID_example\S7\09_development_selection_and_freeze\bootstrap_selection_frequency.csv,55649,f6c9b976a620bf655afe462435cf9fe6861cad6d86d8814e4046a4c2d717433b,2026-09-05T20:19:28.453146+00:00,qrec,Results 1.5; Supplement S7,D3D-SIR-S7.9-DEVELOPMENT-SELECTION-AND-PREEXTERNAL-FREEZE-V1,CANONICAL,yes,"Development selection of C_dev_star on 20 discharges and the pre-external model freeze, with the bootstrap-winner family and elimination ledger."
05_DIII_D_RECONSTRUCTION/06_Frozen_Parent_Support/fold_selection_frequency.csv,D:\SIR_paper\DIIID_example\S7\09_development_selection_and_freeze\fold_selection_frequency.csv,857,9db505ade32780cec61e079f0cec5ea86ffdc7594703bbb37bce18e8367e0ddf,2026-09-05T20:19:28.454156+00:00,qrec,Results 1.5; Supplement S7,D3D-SIR-S7.9-DEVELOPMENT-SELECTION-AND-PREEXTERNAL-FREEZE-V1,CANONICAL,yes,"Development selection of C_dev_star on 20 discharges and the pre-external model freeze, with the bootstrap-winner family and elimination ledger."
05_DIII_D_RECONSTRUCTION/06_Frozen_Parent_Support/index.html,D:\SIR_paper\DIIID_example\S7\09_development_selection_and_freeze\index.html,7553,0abee22588466816db38ea53c914734e7ad5d38ed30db3efea7b485e80328224,2026-09-08T00:51:17.541437+00:00,qrec,Results 1.5; Supplement S7,D3D-SIR-S7.9-DEVELOPMENT-SELECTION-AND-PREEXTERNAL-FREEZE-V1,CANONICAL,yes,"Development selection of C_dev_star on 20 discharges and the pre-external model freeze, with the bootstrap-winner family and elimination ledger."
05_DIII_D_RECONSTRUCTION/06_Frozen_Parent_Support/manifests/COORDINATE_LEVEL_BOOTSTRAP_PARTICIPATION.json,D:\SIR_paper\DIIID_example\S7\09_development_selection_and_freeze\manifests\COORDINATE_LEVEL_BOOTSTRAP_PARTICIPATION.json,2467,f709a61caef1b814ab708f25ad76aeda61945c3d8c4104a75fa037fca9ac8e7f,2026-09-05T20:29:45.438666+00:00,qrec,Results 1.5; Supplement S7,D3D-SIR-S7.9-DEVELOPMENT-SELECTION-AND-PREEXTERNAL-FREEZE-V1,CANONICAL,yes,"Development selection of C_dev_star on 20 discharges and the pre-external model freeze, with the bootstrap-winner family and elimination ledger."
05_DIII_D_RECONSTRUCTION/06_Frozen_Parent_Support/manifests/DEVELOPMENT_ACCESS_LOG.json,D:\SIR_paper\DIIID_example\S7\09_development_selection_and_freeze\manifests\DEVELOPMENT_ACCESS_LOG.json,6263,f8592f0709c16f58fb160c1966f37cce1454a3c7b6f8ab57a58da0a7f1615b23,2026-09-05T20:19:28.460180+00:00,qrec,Results 1.5; Supplement S7,D3D-SIR-S7.9-DEVELOPMENT-SELECTION-AND-PREEXTERNAL-FREEZE-V1,CANONICAL,yes,"Development selection of C_dev_star on 20 discharges and the pre-external model freeze, with the bootstrap-winner family and elimination ledger."
05_DIII_D_RECONSTRUCTION/06_Frozen_Parent_Support/manifests/PARENT_BASELINE_SPECIFICATION_AUDIT.json,D:\SIR_paper\DIIID_example\S7\09_development_selection_and_freeze\manifests\PARENT_BASELINE_SPECIFICATION_AUDIT.json,5337,de899a5f0630fefc5f80274c8b71faa5c832f47f4e05c7b48f46ef6d451dbcbe,2026-09-05T20:24:27.064883+00:00,qrec,Results 1.5; Supplement S7,D3D-SIR-S7.9-DEVELOPMENT-SELECTION-AND-PREEXTERNAL-FREEZE-V1,CANONICAL,yes,"Development selection of C_dev_star on 20 discharges and the pre-external model freeze, with the bootstrap-winner family and elimination ledger."
05_DIII_D_RECONSTRUCTION/06_Frozen_Parent_Support/manifests/PARENT_FREEZE_VERIFICATION.json,D:\SIR_paper\DIIID_example\S7\09_development_selection_and_freeze\manifests\PARENT_FREEZE_VERIFICATION.json,8712,ff6bb1dd720b0acb901006992c1ecadfdc9238e716c55780c80e0152551b62a3,2026-09-05T20:14:41.311553+00:00,qrec,Results 1.5; Supplement S7,D3D-SIR-S7.9-DEVELOPMENT-SELECTION-AND-PREEXTERNAL-FREEZE-V1,CANONICAL,yes,"Development selection of C_dev_star on 20 discharges and the pre-external model freeze, with the bootstrap-winner family and elimination ledger."
05_DIII_D_RECONSTRUCTION/06_Frozen_Parent_Support/manifests/RANK12_SUMMARY.json,D:\SIR_paper\DIIID_example\S7\09_development_selection_and_freeze\manifests\RANK12_SUMMARY.json,1621,075db0216e48254c003c6ea60db961e34c73b5830b48a86dd9663d76e3abf231,2026-09-05T20:15:38.974808+00:00,qrec,Results 1.5; Supplement S7,D3D-SIR-S7.9-DEVELOPMENT-SELECTION-AND-PREEXTERNAL-FREEZE-V1,CANONICAL,yes,"Development selection of C_dev_star on 20 discharges and the pre-external model freeze, with the bootstrap-winner family and elimination ledger."
05_DIII_D_RECONSTRUCTION/06_Frozen_Parent_Support/manifests/RANK345_SUMMARY.json,D:\SIR_paper\DIIID_example\S7\09_development_selection_and_freeze\manifests\RANK345_SUMMARY.json,7606,ca6409e2ccad791556e7c679f57e81d3727bc25f8eac701f10a14c9ad7c2f687,2026-09-05T20:19:28.459641+00:00,qrec,Results 1.5; Supplement S7,D3D-SIR-S7.9-DEVELOPMENT-SELECTION-AND-PREEXTERNAL-FREEZE-V1,CANONICAL,yes,"Development selection of C_dev_star on 20 discharges and the pre-external model freeze, with the bootstrap-winner family and elimination ledger."
05_DIII_D_RECONSTRUCTION/06_Frozen_Parent_Support/manifests/V2_DEVELOPMENT_ONLY_DISCOVERY_EVIDENCE.json,D:\SIR_paper\DIIID_example\S7\09_development_selection_and_freeze\manifests\V2_DEVELOPMENT_ONLY_DISCOVERY_EVIDENCE.json,3346,288f960923caf3d78308bf9edda6d87a6bddefd8a6e1785bb9bea15438d298e6,2026-09-05T20:32:08.992697+00:00,qrec,Results 1.5; Supplement S7,D3D-SIR-S7.9-DEVELOPMENT-SELECTION-AND-PREEXTERNAL-FREEZE-V1,CANONICAL,yes,"Development selection of C_dev_star on 20 discharges and the pre-external model freeze, with the bootstrap-winner family and elimination ledger."
05_DIII_D_RECONSTRUCTION/06_Frozen_Parent_Support/manifests/_rank12_state.npz,D:\SIR_paper\DIIID_example\S7\09_development_selection_and_freeze\manifests\_rank12_state.npz,42911167,09d5b8b699b70efbbaa44fbe8e3670c419b5d639050d5ae40150440c584fdefa,2026-09-05T20:15:38.217955+00:00,qrec,Results 1.5; Supplement S7,D3D-SIR-S7.9-DEVELOPMENT-SELECTION-AND-PREEXTERNAL-FREEZE-V1,CANONICAL,yes,"Development selection of C_dev_star on 20 discharges and the pre-external model freeze, with the bootstrap-winner family and elimination ledger."
05_DIII_D_RECONSTRUCTION/06_Frozen_Parent_Support/manifests/_rank345_state.npz,D:\SIR_paper\DIIID_example\S7\09_development_selection_and_freeze\manifests\_rank345_state.npz,24125,bcb1ba81474e4960cb287e9ddf6a8a6d78d55affc6f963ca27426a1fc50aaa34,2026-09-05T20:19:28.458747+00:00,qrec,Results 1.5; Supplement S7,D3D-SIR-S7.9-DEVELOPMENT-SELECTION-AND-PREEXTERNAL-FREEZE-V1,CANONICAL,yes,"Development selection of C_dev_star on 20 discharges and the pre-external model freeze, with the bootstrap-winner family and elimination ledger."
05_DIII_D_RECONSTRUCTION/06_Frozen_Parent_Support/scripts/_prof_lk.npy,D:\SIR_paper\DIIID_example\S7\09_development_selection_and_freeze\scripts\_prof_lk.npy,608,3f03ecf0732905e2b28a35e0bb2811e3fb224220c71087fd21d2eb8c0c350f46,2026-09-05T20:17:28.793161+00:00,qrec,Results 1.5; Supplement S7,D3D-SIR-S7.9-DEVELOPMENT-SELECTION-AND-PREEXTERNAL-FREEZE-V1,CANONICAL,yes,"Development selection of C_dev_star on 20 discharges and the pre-external model freeze, with the bootstrap-winner family and elimination ledger."
05_DIII_D_RECONSTRUCTION/06_Frozen_Parent_Support/scripts/_prof_nrmse.npy,D:\SIR_paper\DIIID_example\S7\09_development_selection_and_freeze\scripts\_prof_nrmse.npy,608,fadc01b57054653a702cbaa27152573db6cfb542b21f13aa70323ac70dcea1f3,2026-09-05T20:17:28.792659+00:00,qrec,Results 1.5; Supplement S7,D3D-SIR-S7.9-DEVELOPMENT-SELECTION-AND-PREEXTERNAL-FREEZE-V1,CANONICAL,yes,"Development selection of C_dev_star on 20 discharges and the pre-external model freeze, with the bootstrap-winner family and elimination ledger."
05_DIII_D_RECONSTRUCTION/06_Frozen_Parent_Support/scripts/s7_9_a_verify.py,D:\SIR_paper\DIIID_example\S7\09_development_selection_and_freeze\scripts\s7_9_a_verify.py,14403,7b4e74483b1db9bf1e425067ca546ae1c4f10d677a0ed20bb8e162d8ae789a99,2026-09-05T20:14:31.497268+00:00,qrec,Results 1.5; Supplement S7,D3D-SIR-S7.9-DEVELOPMENT-SELECTION-AND-PREEXTERNAL-FREEZE-V1,CANONICAL,yes,"Development selection of C_dev_star on 20 discharges and the pre-external model freeze, with the bootstrap-winner family and elimination ledger."
05_DIII_D_RECONSTRUCTION/06_Frozen_Parent_Support/scripts/s7_9_b_ranks12.py,D:\SIR_paper\DIIID_example\S7\09_development_selection_and_freeze\scripts\s7_9_b_ranks12.py,8043,ebc49f4bdfb3aef793606975d140a3d577bf93c9dc96342afb62eb28372677b5,2026-09-05T20:15:26.621985+00:00,qrec,Results 1.5; Supplement S7,D3D-SIR-S7.9-DEVELOPMENT-SELECTION-AND-PREEXTERNAL-FREEZE-V1,CANONICAL,yes,"Development selection of C_dev_star on 20 discharges and the pre-external model freeze, with the bootstrap-winner family and elimination ledger."
05_DIII_D_RECONSTRUCTION/06_Frozen_Parent_Support/scripts/s7_9_coords.py,D:\SIR_paper\DIIID_example\S7\09_development_selection_and_freeze\scripts\s7_9_coords.py,9100,664747fe079fe20a37b8350be730e4d9fdeb4d3f413f164f9a7e3d323dc17f6f,2026-09-05T20:17:13.855532+00:00,qrec,Results 1.5; Supplement S7,D3D-SIR-S7.9-DEVELOPMENT-SELECTION-AND-PREEXTERNAL-FREEZE-V1,CANONICAL,yes,"Development selection of C_dev_star on 20 discharges and the pre-external model freeze, with the bootstrap-winner family and elimination ledger."
05_DIII_D_RECONSTRUCTION/06_Frozen_Parent_Support/scripts/s7_9_d_rank345.py,D:\SIR_paper\DIIID_example\S7\09_development_selection_and_freeze\scripts\s7_9_d_rank345.py,14726,49ba43bef422349dc5ed75a50c0fc28ddcc24c377d5237f65e1145784226a9cd,2026-09-05T20:18:59.065659+00:00,qrec,Results 1.5; Supplement S7,D3D-SIR-S7.9-DEVELOPMENT-SELECTION-AND-PREEXTERNAL-FREEZE-V1,CANONICAL,yes,"Development selection of C_dev_star on 20 discharges and the pre-external model freeze, with the bootstrap-winner family and elimination ledger."
05_DIII_D_RECONSTRUCTION/06_Frozen_Parent_Support/scripts/s7_9_e_select_and_lock.py,D:\SIR_paper\DIIID_example\S7\09_development_selection_and_freeze\scripts\s7_9_e_select_and_lock.py,16044,839069fe8bd030780242ac9747f40702adfcead81684226878f845c8b41b2451,2026-09-05T20:22:05.739385+00:00,qrec,Results 1.5; Supplement S7,D3D-SIR-S7.9-DEVELOPMENT-SELECTION-AND-PREEXTERNAL-FREEZE-V1,CANONICAL,yes,"Development selection of C_dev_star on 20 discharges and the pre-external model freeze, with the bootstrap-winner family and elimination ledger."
05_DIII_D_RECONSTRUCTION/06_Frozen_Parent_Support/scripts/s7_9_f_baselines.py,D:\SIR_paper\DIIID_example\S7\09_development_selection_and_freeze\scripts\s7_9_f_baselines.py,17079,2c1541e6781f752b38af2abc400bedbfb68e55a109bf467169fb80a98c77d74d,2026-09-05T20:24:21.556055+00:00,qrec,Results 1.5; Supplement S7,D3D-SIR-S7.9-DEVELOPMENT-SELECTION-AND-PREEXTERNAL-FREEZE-V1,CANONICAL,yes,"Development selection of C_dev_star on 20 discharges and the pre-external model freeze, with the bootstrap-winner family and elimination ledger."
05_DIII_D_RECONSTRUCTION/06_Frozen_Parent_Support/scripts/s7_9_g_freeze.py,D:\SIR_paper\DIIID_example\S7\09_development_selection_and_freeze\scripts\s7_9_g_freeze.py,24100,72ee1ade811a17b3868498ae989011279227a5927e86195ff0fa9766d833c2a9,2026-09-05T20:26:15.783707+00:00,qrec,Results 1.5; Supplement S7,D3D-SIR-S7.9-DEVELOPMENT-SELECTION-AND-PREEXTERNAL-FREEZE-V1,CANONICAL,yes,"Development selection of C_dev_star on 20 discharges and the pre-external model freeze, with the bootstrap-winner family and elimination ledger."
05_DIII_D_RECONSTRUCTION/06_Frozen_Parent_Support/scripts/s7_9_h_coord_stability.py,D:\SIR_paper\DIIID_example\S7\09_development_selection_and_freeze\scripts\s7_9_h_coord_stability.py,3303,0b304eeea71d38cbb8525a24fa4490bdd7ef5e351350b2957b8f446c4ad16b3b,2026-09-05T20:29:44.969025+00:00,qrec,Results 1.5; Supplement S7,D3D-SIR-S7.9-DEVELOPMENT-SELECTION-AND-PREEXTERNAL-FREEZE-V1,CANONICAL,yes,"Development selection of C_dev_star on 20 discharges and the pre-external model freeze, with the bootstrap-winner family and elimination ledger."
05_DIII_D_RECONSTRUCTION/06_Frozen_Parent_Support/utility_elimination_ledger.csv,D:\SIR_paper\DIIID_example\S7\09_development_selection_and_freeze\utility_elimination_ledger.csv,48175458,487707b9e7f92baaa7086700a71275c5f1184e7cba187ea311d3e7adc4154836,2026-09-05T20:22:13.167863+00:00,qrec,Results 1.5; Supplement S7,D3D-SIR-S7.9-DEVELOPMENT-SELECTION-AND-PREEXTERNAL-FREEZE-V1,CANONICAL,yes,"Development selection of C_dev_star on 20 discharges and the pre-external model freeze, with the bootstrap-winner family and elimination ledger."
05_DIII_D_RECONSTRUCTION/06_Frozen_Parent_Support/utility_rank_1_fit.csv,D:\SIR_paper\DIIID_example\S7\09_development_selection_and_freeze\utility_rank_1_fit.csv,40803587,f93ed7ff44609e42957002c48e316f4e0458b4a77780f025dd6269e8bbc50802,2026-09-05T20:15:38.964714+00:00,qrec,Results 1.5; Supplement S7,D3D-SIR-S7.9-DEVELOPMENT-SELECTION-AND-PREEXTERNAL-FREEZE-V1,CANONICAL,yes,"Development selection of C_dev_star on 20 discharges and the pre-external model freeze, with the bootstrap-winner family and elimination ledger."
05_DIII_D_RECONSTRUCTION/06_Frozen_Parent_Support/utility_rank_2_stability.csv,D:\SIR_paper\DIIID_example\S7\09_development_selection_and_freeze\utility_rank_2_stability.csv,336967,a68ecae04b5ae5dd49a4bb09ce77614dfbffa7be2dd2215474dff4fb1ccf5b2a,2026-09-05T20:15:38.974305+00:00,qrec,Results 1.5; Supplement S7,D3D-SIR-S7.9-DEVELOPMENT-SELECTION-AND-PREEXTERNAL-FREEZE-V1,CANONICAL,yes,"Development selection of C_dev_star on 20 discharges and the pre-external model freeze, with the bootstrap-winner family and elimination ledger."
05_DIII_D_RECONSTRUCTION/06_Frozen_Parent_Support/utility_rank_3_parsimony.csv,D:\SIR_paper\DIIID_example\S7\09_development_selection_and_freeze\utility_rank_3_parsimony.csv,325,9c3a6e4e03e3a48e429aea7dd03a8e6a31c1be622306b9fb210e0f1a280ac10c,2026-09-05T20:19:28.436926+00:00,qrec,Results 1.5; Supplement S7,D3D-SIR-S7.9-DEVELOPMENT-SELECTION-AND-PREEXTERNAL-FREEZE-V1,CANONICAL,yes,"Development selection of C_dev_star on 20 discharges and the pre-external model freeze, with the bootstrap-winner family and elimination ledger."
05_DIII_D_RECONSTRUCTION/06_Frozen_Parent_Support/utility_rank_4_conditioning.csv,D:\SIR_paper\DIIID_example\S7\09_development_selection_and_freeze\utility_rank_4_conditioning.csv,384,b36206a96da9b8c08ccb43905eff08d62fee48d3dde754f360453134b8b05e0a,2026-09-05T20:19:28.450557+00:00,qrec,Results 1.5; Supplement S7,D3D-SIR-S7.9-DEVELOPMENT-SELECTION-AND-PREEXTERNAL-FREEZE-V1,CANONICAL,yes,"Development selection of C_dev_star on 20 discharges and the pre-external model freeze, with the bootstrap-winner family and elimination ledger."
05_DIII_D_RECONSTRUCTION/06_Frozen_Parent_Support/utility_rank_5_support_stability.csv,D:\SIR_paper\DIIID_example\S7\09_development_selection_and_freeze\utility_rank_5_support_stability.csv,352,45316049cd6dddf176cc0da89754f694a4dc01c658fc24e23638edcfd067d0d2,2026-09-05T20:19:28.451586+00:00,qrec,Results 1.5; Supplement S7,D3D-SIR-S7.9-DEVELOPMENT-SELECTION-AND-PREEXTERNAL-FREEZE-V1,CANONICAL,yes,"Development selection of C_dev_star on 20 discharges and the pre-external model freeze, with the bootstrap-winner family and elimination ledger."
05_DIII_D_RECONSTRUCTION/06_Frozen_Parent_Support/utility_survivor_sets.csv,D:\SIR_paper\DIIID_example\S7\09_development_selection_and_freeze\utility_survivor_sets.csv,200,14d7394bd60e18709005e128a84a2680f2e1cd39021262ccb27a1686a45c85de,2026-09-05T20:19:28.455159+00:00,qrec,Results 1.5; Supplement S7,D3D-SIR-S7.9-DEVELOPMENT-SELECTION-AND-PREEXTERNAL-FREEZE-V1,CANONICAL,yes,"Development selection of C_dev_star on 20 discharges and the pre-external model freeze, with the bootstrap-winner family and elimination ledger."
05_DIII_D_RECONSTRUCTION/07_Protected_Qualification_FAILURE/EXTERNAL_BASELINE_COMPARISON.md,D:\SIR_paper\DIIID_example\S7\10_external_validation\EXTERNAL_BASELINE_COMPARISON.md,5042,25e5479fc410c530113072884850379af7f4733e4a1b6857407dfc05f4251d42,2026-09-05T22:56:21.745212+00:00,qrec,Results 1.5; Supplement S7,D3D-SIR-S7.10-EXTERNAL-VALIDATION-AND-GATE-EVALUATION-V1,CANONICAL_NEGATIVE_RESULT,yes,"THE PARENT QUALIFICATION FAILURE. All 42 protected-discharge scores, baselines, block metrics, extrapolation audit, gate results and the immutable negative verdict."
05_DIII_D_RECONSTRUCTION/07_Protected_Qualification_FAILURE/EXTERNAL_DOMAIN_AND_ERA_RESULTS.md,D:\SIR_paper\DIIID_example\S7\10_external_validation\EXTERNAL_DOMAIN_AND_ERA_RESULTS.md,6025,9d297da8f3a58abe763f65f9162e53b631fe9acf76ab7c5fde3d059f450c07a4,2026-09-05T22:57:12.293221+00:00,qrec,Results 1.5; Supplement S7,D3D-SIR-S7.10-EXTERNAL-VALIDATION-AND-GATE-EVALUATION-V1,CANONICAL_NEGATIVE_RESULT,yes,"THE PARENT QUALIFICATION FAILURE. All 42 protected-discharge scores, baselines, block metrics, extrapolation audit, gate results and the immutable negative verdict."
05_DIII_D_RECONSTRUCTION/07_Protected_Qualification_FAILURE/EXTERNAL_INFERENCE_POLICY_PREVALUE.json,D:\SIR_paper\DIIID_example\S7\10_external_validation\EXTERNAL_INFERENCE_POLICY_PREVALUE.json,3275,812920c4edecd844c8ba8d2bf69f766bfd414e5ec036119fc27f46a10a341142,2026-09-05T22:47:13.252861+00:00,qrec,Results 1.5; Supplement S7,D3D-SIR-S7.10-EXTERNAL-VALIDATION-AND-GATE-EVALUATION-V1,CANONICAL_NEGATIVE_RESULT,yes,"THE PARENT QUALIFICATION FAILURE. All 42 protected-discharge scores, baselines, block metrics, extrapolation audit, gate results and the immutable negative verdict."
05_DIII_D_RECONSTRUCTION/07_Protected_Qualification_FAILURE/MANIFEST.json,D:\SIR_paper\DIIID_example\S7\10_external_validation\MANIFEST.json,2061,6f08e0ab018e1ce70dae6f56fff88409cabe22262ac912706946108d51395030,2026-09-08T00:51:17.543456+00:00,qrec,Results 1.5; Supplement S7,D3D-SIR-S7.10-EXTERNAL-VALIDATION-AND-GATE-EVALUATION-V1,CANONICAL_NEGATIVE_RESULT,yes,"THE PARENT QUALIFICATION FAILURE. All 42 protected-discharge scores, baselines, block metrics, extrapolation audit, gate results and the immutable negative verdict."
05_DIII_D_RECONSTRUCTION/07_Protected_Qualification_FAILURE/OMEGA_REC_EXTERNAL.json,D:\SIR_paper\DIIID_example\S7\10_external_validation\OMEGA_REC_EXTERNAL.json,2574,20f75608c31d772c6c0f5555f13c60acfe8fbac923597529805979ac0ca85593,2026-09-05T22:59:39.901615+00:00,qrec,Results 1.5; Supplement S7,D3D-SIR-S7.10-EXTERNAL-VALIDATION-AND-GATE-EVALUATION-V1,CANONICAL_NEGATIVE_RESULT,yes,"THE PARENT QUALIFICATION FAILURE. All 42 protected-discharge scores, baselines, block metrics, extrapolation audit, gate results and the immutable negative verdict."
05_DIII_D_RECONSTRUCTION/07_Protected_Qualification_FAILURE/QUALIFICATION_GATE_RESULTS.md,D:\SIR_paper\DIIID_example\S7\10_external_validation\QUALIFICATION_GATE_RESULTS.md,6891,365a9537e7e5e4eff165f043ad30d2465c2a1cd670882085e361111e49127f33,2026-09-05T22:55:53.535522+00:00,qrec,Results 1.5; Supplement S7,D3D-SIR-S7.10-EXTERNAL-VALIDATION-AND-GATE-EVALUATION-V1,CANONICAL_NEGATIVE_RESULT,yes,"THE PARENT QUALIFICATION FAILURE. All 42 protected-discharge scores, baselines, block metrics, extrapolation audit, gate results and the immutable negative verdict."
05_DIII_D_RECONSTRUCTION/07_Protected_Qualification_FAILURE/README.md,D:\SIR_paper\DIIID_example\S7\10_external_validation\README.md,5589,9b32d8d4643d4f87bc7b720bc358e4e3f30ade93a75b176ccd5adff5a2585f73,2026-09-05T22:59:30.139694+00:00,qrec,Results 1.5; Supplement S7,D3D-SIR-S7.10-EXTERNAL-VALIDATION-AND-GATE-EVALUATION-V1,CANONICAL_NEGATIVE_RESULT,yes,"THE PARENT QUALIFICATION FAILURE. All 42 protected-discharge scores, baselines, block metrics, extrapolation audit, gate results and the immutable negative verdict."
05_DIII_D_RECONSTRUCTION/07_Protected_Qualification_FAILURE/S7_10_ACCEPTANCE_CHECKS.json,D:\SIR_paper\DIIID_example\S7\10_external_validation\S7_10_ACCEPTANCE_CHECKS.json,5395,3051e0f5d5608c326e4c18391931ef30eab75859db997ba04eed62ac83b41aac,2026-09-05T22:59:39.903624+00:00,qrec,Results 1.5; Supplement S7,D3D-SIR-S7.10-EXTERNAL-VALIDATION-AND-GATE-EVALUATION-V1,CANONICAL_NEGATIVE_RESULT,yes,"THE PARENT QUALIFICATION FAILURE. All 42 protected-discharge scores, baselines, block metrics, extrapolation audit, gate results and the immutable negative verdict."
05_DIII_D_RECONSTRUCTION/07_Protected_Qualification_FAILURE/S7_10_EXTERNAL_VALIDATION_AUDIT_REPORT.md,D:\SIR_paper\DIIID_example\S7\10_external_validation\S7_10_EXTERNAL_VALIDATION_AUDIT_REPORT.md,14957,e6c52e162d524bdde38a422c5481c2681fae2ab2fbc7187a29de3427ceb3b0f5,2026-09-05T22:59:00.678344+00:00,qrec,Results 1.5; Supplement S7,D3D-SIR-S7.10-EXTERNAL-VALIDATION-AND-GATE-EVALUATION-V1,CANONICAL_NEGATIVE_RESULT,yes,"THE PARENT QUALIFICATION FAILURE. All 42 protected-discharge scores, baselines, block metrics, extrapolation audit, gate results and the immutable negative verdict."
05_DIII_D_RECONSTRUCTION/07_Protected_Qualification_FAILURE/S7_10_EXTERNAL_VALIDATION_FINAL.md,D:\SIR_paper\DIIID_example\S7\10_external_validation\S7_10_EXTERNAL_VALIDATION_FINAL.md,7774,05299d846af41c5dce466e8a94725ae7e10b219c58b3c12ae262e373ce6b8d47,2026-09-05T22:57:46.803407+00:00,qrec,Results 1.5; Supplement S7,D3D-SIR-S7.10-EXTERNAL-VALIDATION-AND-GATE-EVALUATION-V1,CANONICAL_NEGATIVE_RESULT,yes,"THE PARENT QUALIFICATION FAILURE. All 42 protected-discharge scores, baselines, block metrics, extrapolation audit, gate results and the immutable negative verdict."
05_DIII_D_RECONSTRUCTION/07_Protected_Qualification_FAILURE/S7_10_FREEZE.json,D:\SIR_paper\DIIID_example\S7\10_external_validation\S7_10_FREEZE.json,10560,8ea2062f0fc38fbf24e3b9d6477cace1d0fcd9a54e746e66c6e428d01437db97,2026-09-05T22:59:39.966278+00:00,qrec,Results 1.5; Supplement S7,D3D-SIR-S7.10-EXTERNAL-VALIDATION-AND-GATE-EVALUATION-V1,CANONICAL_NEGATIVE_RESULT,yes,"THE PARENT QUALIFICATION FAILURE. All 42 protected-discharge scores, baselines, block metrics, extrapolation audit, gate results and the immutable negative verdict."
05_DIII_D_RECONSTRUCTION/07_Protected_Qualification_FAILURE/S7_11_SENSITIVITY_PREDECLARATION.json,D:\SIR_paper\DIIID_example\S7\10_external_validation\S7_11_SENSITIVITY_PREDECLARATION.json,2544,da24fbe38141f0c77f74ae3a87f6002c8263b8d3cc9aed35696dbad98a40c4c3,2026-09-05T22:47:13.244312+00:00,qrec,Results 1.5; Supplement S7,D3D-SIR-S7.10-EXTERNAL-VALIDATION-AND-GATE-EVALUATION-V1,CANONICAL_NEGATIVE_RESULT,yes,"THE PARENT QUALIFICATION FAILURE. All 42 protected-discharge scores, baselines, block metrics, extrapolation audit, gate results and the immutable negative verdict."
05_DIII_D_RECONSTRUCTION/07_Protected_Qualification_FAILURE/V_REC_EXTERNAL_RESULTS.json,D:\SIR_paper\DIIID_example\S7\10_external_validation\V_REC_EXTERNAL_RESULTS.json,8584,850c45bb1e5fdbe8937708f7f31264ed7865d55b6fdcaac471eba04700171bfc,2026-09-05T22:51:05.753611+00:00,qrec,Results 1.5; Supplement S7,D3D-SIR-S7.10-EXTERNAL-VALIDATION-AND-GATE-EVALUATION-V1,CANONICAL_NEGATIVE_RESULT,yes,"THE PARENT QUALIFICATION FAILURE. All 42 protected-discharge scores, baselines, block metrics, extrapolation audit, gate results and the immutable negative verdict."
05_DIII_D_RECONSTRUCTION/07_Protected_Qualification_FAILURE/common_support_audit.csv,D:\SIR_paper\DIIID_example\S7\10_external_validation\common_support_audit.csv,5326,c455568a1296a887eb7d2a2bb0db024f00d694a532347fe86bb2c66cb9ffc067,2026-09-05T22:49:30.971058+00:00,qrec,Results 1.5; Supplement S7,D3D-SIR-S7.10-EXTERNAL-VALIDATION-AND-GATE-EVALUATION-V1,CANONICAL_NEGATIVE_RESULT,yes,"THE PARENT QUALIFICATION FAILURE. All 42 protected-discharge scores, baselines, block metrics, extrapolation audit, gate results and the immutable negative verdict."
05_DIII_D_RECONSTRUCTION/07_Protected_Qualification_FAILURE/external_block_metrics.csv,D:\SIR_paper\DIIID_example\S7\10_external_validation\external_block_metrics.csv,76777,c965f8372b1d01c1ec0b171d6bfa30fa9737ff5402374d6eec4c9d4504a462a3,2026-09-05T22:49:30.906827+00:00,qrec,Results 1.5; Supplement S7,D3D-SIR-S7.10-EXTERNAL-VALIDATION-AND-GATE-EVALUATION-V1,CANONICAL_NEGATIVE_RESULT,yes,"THE PARENT QUALIFICATION FAILURE. All 42 protected-discharge scores, baselines, block metrics, extrapolation audit, gate results and the immutable negative verdict."
05_DIII_D_RECONSTRUCTION/07_Protected_Qualification_FAILURE/external_bootstrap_intervals.csv,D:\SIR_paper\DIIID_example\S7\10_external_validation\external_bootstrap_intervals.csv,2693,da4ec08a4fc311f5e5cbe0f41cbc9b72014cdb1fc57b48a4df0ec1ee0e61fd44,2026-09-05T22:51:05.741015+00:00,qrec,Results 1.5; Supplement S7,D3D-SIR-S7.10-EXTERNAL-VALIDATION-AND-GATE-EVALUATION-V1,CANONICAL_NEGATIVE_RESULT,yes,"THE PARENT QUALIFICATION FAILURE. All 42 protected-discharge scores, baselines, block metrics, extrapolation audit, gate results and the immutable negative verdict."
05_DIII_D_RECONSTRUCTION/07_Protected_Qualification_FAILURE/external_denominator_audit.csv,D:\SIR_paper\DIIID_example\S7\10_external_validation\external_denominator_audit.csv,46920,8ce4237c4fe43c2b118b121e32d465c3c4bcf3d0e17b00601a064490a150eed1,2026-09-05T22:49:30.909856+00:00,qrec,Results 1.5; Supplement S7,D3D-SIR-S7.10-EXTERNAL-VALIDATION-AND-GATE-EVALUATION-V1,CANONICAL_NEGATIVE_RESULT,yes,"THE PARENT QUALIFICATION FAILURE. All 42 protected-discharge scores, baselines, block metrics, extrapolation audit, gate results and the immutable negative verdict."
05_DIII_D_RECONSTRUCTION/07_Protected_Qualification_FAILURE/external_discharge_metrics.csv,D:\SIR_paper\DIIID_example\S7\10_external_validation\external_discharge_metrics.csv,21302,842a7a53855dde3780d06b2688b5d3140d575c8dbde2e8612415e02aac884c65,2026-09-05T22:49:30.959710+00:00,qrec,Results 1.5; Supplement S7,D3D-SIR-S7.10-EXTERNAL-VALIDATION-AND-GATE-EVALUATION-V1,CANONICAL_NEGATIVE_RESULT,yes,"THE PARENT QUALIFICATION FAILURE. All 42 protected-discharge scores, baselines, block metrics, extrapolation audit, gate results and the immutable negative verdict."
05_DIII_D_RECONSTRUCTION/07_Protected_Qualification_FAILURE/external_era_results.csv,D:\SIR_paper\DIIID_example\S7\10_external_validation\external_era_results.csv,2149,fd4eb9010db86026957964aca386c7572a823c9bab1ee7a521f4c80c290d12a2,2026-09-05T22:51:05.745184+00:00,qrec,Results 1.5; Supplement S7,D3D-SIR-S7.10-EXTERNAL-VALIDATION-AND-GATE-EVALUATION-V1,CANONICAL_NEGATIVE_RESULT,yes,"THE PARENT QUALIFICATION FAILURE. All 42 protected-discharge scores, baselines, block metrics, extrapolation audit, gate results and the immutable negative verdict."
05_DIII_D_RECONSTRUCTION/07_Protected_Qualification_FAILURE/external_extrapolation_audit.csv,D:\SIR_paper\DIIID_example\S7\10_external_validation\external_extrapolation_audit.csv,13488,8771be487d6df680db6b9d9371e06a7842111d440b7e589474d2ebe728b1e98c,2026-09-05T22:53:34.312713+00:00,qrec,Results 1.5; Supplement S7,D3D-SIR-S7.10-EXTERNAL-VALIDATION-AND-GATE-EVALUATION-V1,CANONICAL_NEGATIVE_RESULT,yes,"THE PARENT QUALIFICATION FAILURE. All 42 protected-discharge scores, baselines, block metrics, extrapolation audit, gate results and the immutable negative verdict."
05_DIII_D_RECONSTRUCTION/07_Protected_Qualification_FAILURE/external_lodo_results.csv,D:\SIR_paper\DIIID_example\S7\10_external_validation\external_lodo_results.csv,670,3bf50b3e725ca3900674f2838da5654ba82c03fbaaecd60766e0ab4dc772e29c,2026-09-05T22:51:05.743092+00:00,qrec,Results 1.5; Supplement S7,D3D-SIR-S7.10-EXTERNAL-VALIDATION-AND-GATE-EVALUATION-V1,CANONICAL_NEGATIVE_RESULT,yes,"THE PARENT QUALIFICATION FAILURE. All 42 protected-discharge scores, baselines, block metrics, extrapolation audit, gate results and the immutable negative verdict."
05_DIII_D_RECONSTRUCTION/07_Protected_Qualification_FAILURE/external_paired_differences.csv,D:\SIR_paper\DIIID_example\S7\10_external_validation\external_paired_differences.csv,20465,cb3bba787eb50a02f12b36d067b3c3f3454ab1632b6040645f553dd6b3af15c2,2026-09-05T22:51:05.739294+00:00,qrec,Results 1.5; Supplement S7,D3D-SIR-S7.10-EXTERNAL-VALIDATION-AND-GATE-EVALUATION-V1,CANONICAL_NEGATIVE_RESULT,yes,"THE PARENT QUALIFICATION FAILURE. All 42 protected-discharge scores, baselines, block metrics, extrapolation audit, gate results and the immutable negative verdict."
05_DIII_D_RECONSTRUCTION/07_Protected_Qualification_FAILURE/external_win_tie_loss.csv,D:\SIR_paper\DIIID_example\S7\10_external_validation\external_win_tie_loss.csv,201,3f7bfb60d648b90d66de4fdb7f82d870b90c9e160127d515bea86a7da4e24053,2026-09-05T22:51:05.741657+00:00,qrec,Results 1.5; Supplement S7,D3D-SIR-S7.10-EXTERNAL-VALIDATION-AND-GATE-EVALUATION-V1,CANONICAL_NEGATIVE_RESULT,yes,"THE PARENT QUALIFICATION FAILURE. All 42 protected-discharge scores, baselines, block metrics, extrapolation audit, gate results and the immutable negative verdict."
05_DIII_D_RECONSTRUCTION/07_Protected_Qualification_FAILURE/index.html,D:\SIR_paper\DIIID_example\S7\10_external_validation\index.html,7608,fca89722754ffd4725caea04ae0b0af632ce4a9d1454a5602f0045bc9e92818a,2026-09-08T00:51:17.544004+00:00,qrec,Results 1.5; Supplement S7,D3D-SIR-S7.10-EXTERNAL-VALIDATION-AND-GATE-EVALUATION-V1,CANONICAL_NEGATIVE_RESULT,yes,"THE PARENT QUALIFICATION FAILURE. All 42 protected-discharge scores, baselines, block metrics, extrapolation audit, gate results and the immutable negative verdict."
05_DIII_D_RECONSTRUCTION/07_Protected_Qualification_FAILURE/manifests/EXTERNAL_ACCESS_LOG.json,D:\SIR_paper\DIIID_example\S7\10_external_validation\manifests\EXTERNAL_ACCESS_LOG.json,10474,3b3035dad96c1a339e8c1db84f3e6ccfbaa29b7357c3218d1e33799057589adb,2026-09-05T22:49:31.028555+00:00,qrec,Results 1.5; Supplement S7,D3D-SIR-S7.10-EXTERNAL-VALIDATION-AND-GATE-EVALUATION-V1,CANONICAL_NEGATIVE_RESULT,yes,"THE PARENT QUALIFICATION FAILURE. All 42 protected-discharge scores, baselines, block metrics, extrapolation audit, gate results and the immutable negative verdict."
05_DIII_D_RECONSTRUCTION/07_Protected_Qualification_FAILURE/manifests/EXTERNAL_FAILURE_MODE_DIAGNOSTIC.json,D:\SIR_paper\DIIID_example\S7\10_external_validation\manifests\EXTERNAL_FAILURE_MODE_DIAGNOSTIC.json,4808,2dcc812ccb1e470af26b1826b1f9c8b22da7ab0124adae25e34f76676e40b744,2026-09-05T22:53:34.320163+00:00,qrec,Results 1.5; Supplement S7,D3D-SIR-S7.10-EXTERNAL-VALIDATION-AND-GATE-EVALUATION-V1,CANONICAL_NEGATIVE_RESULT,yes,"THE PARENT QUALIFICATION FAILURE. All 42 protected-discharge scores, baselines, block metrics, extrapolation audit, gate results and the immutable negative verdict."
05_DIII_D_RECONSTRUCTION/07_Protected_Qualification_FAILURE/manifests/FIRST_EXTERNAL_ACCESS.json,D:\SIR_paper\DIIID_example\S7\10_external_validation\manifests\FIRST_EXTERNAL_ACCESS.json,267,b9c88de1b1836134bc95ffb6378db1a5826bd73ac62aee5574eaebb108132315,2026-09-05T22:48:51.998353+00:00,qrec,Results 1.5; Supplement S7,D3D-SIR-S7.10-EXTERNAL-VALIDATION-AND-GATE-EVALUATION-V1,CANONICAL_NEGATIVE_RESULT,yes,"THE PARENT QUALIFICATION FAILURE. All 42 protected-discharge scores, baselines, block metrics, extrapolation audit, gate results and the immutable negative verdict."
05_DIII_D_RECONSTRUCTION/07_Protected_Qualification_FAILURE/manifests/PREFLIGHT.json,D:\SIR_paper\DIIID_example\S7\10_external_validation\manifests\PREFLIGHT.json,8538,e8f7e41d186c96d2c282b042077bc6a8e24cb8b28bf5966f95d80db1eab8e922,2026-09-05T22:47:13.302242+00:00,qrec,Results 1.5; Supplement S7,D3D-SIR-S7.10-EXTERNAL-VALIDATION-AND-GATE-EVALUATION-V1,CANONICAL_NEGATIVE_RESULT,yes,"THE PARENT QUALIFICATION FAILURE. All 42 protected-discharge scores, baselines, block metrics, extrapolation audit, gate results and the immutable negative verdict."
05_DIII_D_RECONSTRUCTION/07_Protected_Qualification_FAILURE/manifests/STATISTICAL_INFERENCE_PARENT_AUDIT.json,D:\SIR_paper\DIIID_example\S7\10_external_validation\manifests\STATISTICAL_INFERENCE_PARENT_AUDIT.json,1395,5dd9f00e3f4319ff373da0c265a618c5640cda731ead42e434d99de70fe527ab,2026-09-05T22:47:13.252358+00:00,qrec,Results 1.5; Supplement S7,D3D-SIR-S7.10-EXTERNAL-VALIDATION-AND-GATE-EVALUATION-V1,CANONICAL_NEGATIVE_RESULT,yes,"THE PARENT QUALIFICATION FAILURE. All 42 protected-discharge scores, baselines, block metrics, extrapolation audit, gate results and the immutable negative verdict."
05_DIII_D_RECONSTRUCTION/07_Protected_Qualification_FAILURE/manifests/relational_local_coefficients.csv,D:\SIR_paper\DIIID_example\S7\10_external_validation\manifests\relational_local_coefficients.csv,6957,0207bb458f40b2e2d9fc9ed7408f6c4224232eaed147bef725fcb04eedff2b63,2026-09-05T22:49:31.031086+00:00,qrec,Results 1.5; Supplement S7,D3D-SIR-S7.10-EXTERNAL-VALIDATION-AND-GATE-EVALUATION-V1,CANONICAL_NEGATIVE_RESULT,yes,"THE PARENT QUALIFICATION FAILURE. All 42 protected-discharge scores, baselines, block metrics, extrapolation audit, gate results and the immutable negative verdict."
05_DIII_D_RECONSTRUCTION/07_Protected_Qualification_FAILURE/scripts/s7_10_a_preflight.py,D:\SIR_paper\DIIID_example\S7\10_external_validation\scripts\s7_10_a_preflight.py,20789,717b93b25895f7eb591a845e20b9846c9c3c460c0aff7f8198c4bd003486c886,2026-09-05T22:47:03.066425+00:00,qrec,Results 1.5; Supplement S7,D3D-SIR-S7.10-EXTERNAL-VALIDATION-AND-GATE-EVALUATION-V1,CANONICAL_NEGATIVE_RESULT,yes,"THE PARENT QUALIFICATION FAILURE. All 42 protected-discharge scores, baselines, block metrics, extrapolation audit, gate results and the immutable negative verdict."
05_DIII_D_RECONSTRUCTION/07_Protected_Qualification_FAILURE/scripts/s7_10_b_external_eval.py,D:\SIR_paper\DIIID_example\S7\10_external_validation\scripts\s7_10_b_external_eval.py,17626,31085bda5f6f0b5ed1554168dd8042266212c77f130859ffdd7f2f47de662007,2026-09-05T22:48:45.763644+00:00,qrec,Results 1.5; Supplement S7,D3D-SIR-S7.10-EXTERNAL-VALIDATION-AND-GATE-EVALUATION-V1,CANONICAL_NEGATIVE_RESULT,yes,"THE PARENT QUALIFICATION FAILURE. All 42 protected-discharge scores, baselines, block metrics, extrapolation audit, gate results and the immutable negative verdict."
05_DIII_D_RECONSTRUCTION/07_Protected_Qualification_FAILURE/scripts/s7_10_c_inference.py,D:\SIR_paper\DIIID_example\S7\10_external_validation\scripts\s7_10_c_inference.py,17487,2dfa76484ccac190ed93ab58460e9c2fa8be66b2c7e64a30044aba7af603ecfa,2026-09-05T22:51:00.153203+00:00,qrec,Results 1.5; Supplement S7,D3D-SIR-S7.10-EXTERNAL-VALIDATION-AND-GATE-EVALUATION-V1,CANONICAL_NEGATIVE_RESULT,yes,"THE PARENT QUALIFICATION FAILURE. All 42 protected-discharge scores, baselines, block metrics, extrapolation audit, gate results and the immutable negative verdict."
05_DIII_D_RECONSTRUCTION/07_Protected_Qualification_FAILURE/scripts/s7_10_d_failure_diagnostic.py,D:\SIR_paper\DIIID_example\S7\10_external_validation\scripts\s7_10_d_failure_diagnostic.py,8542,a3364cc5a4b80cff8e729ff3995c24e459f3e1f08d98ec1b49d55533cc995d37,2026-09-05T22:53:27.902402+00:00,qrec,Results 1.5; Supplement S7,D3D-SIR-S7.10-EXTERNAL-VALIDATION-AND-GATE-EVALUATION-V1,CANONICAL_NEGATIVE_RESULT,yes,"THE PARENT QUALIFICATION FAILURE. All 42 protected-discharge scores, baselines, block metrics, extrapolation audit, gate results and the immutable negative verdict."
05_DIII_D_RECONSTRUCTION/07_Protected_Qualification_FAILURE/scripts/s7_10_e_freeze.py,D:\SIR_paper\DIIID_example\S7\10_external_validation\scripts\s7_10_e_freeze.py,18098,2b56a6468eb8f414949617c8434d87856c5bfc63af7ae4ab14aaf639761f1268,2026-09-05T22:54:53.990185+00:00,qrec,Results 1.5; Supplement S7,D3D-SIR-S7.10-EXTERNAL-VALIDATION-AND-GATE-EVALUATION-V1,CANONICAL_NEGATIVE_RESULT,yes,"THE PARENT QUALIFICATION FAILURE. All 42 protected-discharge scores, baselines, block metrics, extrapolation audit, gate results and the immutable negative verdict."
05_DIII_D_RECONSTRUCTION/08_Failure_Diagnosis/11_sensitivity/MANIFEST.json,D:\SIR_paper\DIIID_example\S7\11_sensitivity_and_interpretation\MANIFEST.json,2016,381b59135f111f881376157bd3c1c3a6511d8d8436ceb669d5d995be9b6cbbc6,2026-09-08T00:51:17.545700+00:00,qrec,Results 1.5; Supplement S7,D3D-SIR-S7.11-SENSITIVITY-AND-FAILURE-INTERPRETATION-V1,CANONICAL,yes,"Predeclared sensitivities: the 217-member development-equivalent family, prmtan ablations, block and discharge omissions."
05_DIII_D_RECONSTRUCTION/08_Failure_Diagnosis/11_sensitivity/PRMTAN_NEPED_SENSITIVITY.md,D:\SIR_paper\DIIID_example\S7\11_sensitivity_and_interpretation\PRMTAN_NEPED_SENSITIVITY.md,4343,5abbccc48bef3d12310aea94db0e2351889cfdc51f3b0f6ee0a9ce5c895630fe,2026-09-05T23:47:36.581396+00:00,qrec,Results 1.5; Supplement S7,D3D-SIR-S7.11-SENSITIVITY-AND-FAILURE-INTERPRETATION-V1,CANONICAL,yes,"Predeclared sensitivities: the 217-member development-equivalent family, prmtan ablations, block and discharge omissions."
05_DIII_D_RECONSTRUCTION/08_Failure_Diagnosis/11_sensitivity/README.md,D:\SIR_paper\DIIID_example\S7\11_sensitivity_and_interpretation\README.md,6182,45ca8eb4e7bdfe1f93d1950f377575c808942927bf4708bb25fb58495e432147,2026-09-05T23:50:15.258209+00:00,qrec,Results 1.5; Supplement S7,D3D-SIR-S7.11-SENSITIVITY-AND-FAILURE-INTERPRETATION-V1,CANONICAL,yes,"Predeclared sensitivities: the 217-member development-equivalent family, prmtan ablations, block and discharge omissions."
05_DIII_D_RECONSTRUCTION/08_Failure_Diagnosis/11_sensitivity/S7_11_ACCEPTANCE_CHECKS.json,D:\SIR_paper\DIIID_example\S7\11_sensitivity_and_interpretation\S7_11_ACCEPTANCE_CHECKS.json,3886,675443afc21908a546efcbd454aa1ce538f450ea4777924acbb8a23e762d596d,2026-09-05T23:50:49.718457+00:00,qrec,Results 1.5; Supplement S7,D3D-SIR-S7.11-SENSITIVITY-AND-FAILURE-INTERPRETATION-V1,CANONICAL,yes,"Predeclared sensitivities: the 217-member development-equivalent family, prmtan ablations, block and discharge omissions."
05_DIII_D_RECONSTRUCTION/08_Failure_Diagnosis/11_sensitivity/S7_11_FREEZE.json,D:\SIR_paper\DIIID_example\S7\11_sensitivity_and_interpretation\S7_11_FREEZE.json,8806,b93edac44994240e1fda4d6a0c8fa668cf712ac6a64b8d9fe63278e15c302e26,2026-09-05T23:50:49.764518+00:00,qrec,Results 1.5; Supplement S7,D3D-SIR-S7.11-SENSITIVITY-AND-FAILURE-INTERPRETATION-V1,CANONICAL,yes,"Predeclared sensitivities: the 217-member development-equivalent family, prmtan ablations, block and discharge omissions."
05_DIII_D_RECONSTRUCTION/08_Failure_Diagnosis/11_sensitivity/S7_11_GATE_RESULTS.json,D:\SIR_paper\DIIID_example\S7\11_sensitivity_and_interpretation\S7_11_GATE_RESULTS.json,1536,c322ef508dab9b4b916314631980c49e3f904c63c68d794c24401e948b10de0b,2026-09-05T23:50:49.716950+00:00,qrec,Results 1.5; Supplement S7,D3D-SIR-S7.11-SENSITIVITY-AND-FAILURE-INTERPRETATION-V1,CANONICAL,yes,"Predeclared sensitivities: the 217-member development-equivalent family, prmtan ablations, block and discharge omissions."
05_DIII_D_RECONSTRUCTION/08_Failure_Diagnosis/11_sensitivity/S7_11_PREDECLARATION_VERIFICATION.json,D:\SIR_paper\DIIID_example\S7\11_sensitivity_and_interpretation\S7_11_PREDECLARATION_VERIFICATION.json,8243,36a0e36054ed2b587df742aad6d1c21146ee12343eb1cd81765555f5cc80f5ec,2026-09-05T23:40:22.191698+00:00,qrec,Results 1.5; Supplement S7,D3D-SIR-S7.11-SENSITIVITY-AND-FAILURE-INTERPRETATION-V1,CANONICAL,yes,"Predeclared sensitivities: the 217-member development-equivalent family, prmtan ablations, block and discharge omissions."
05_DIII_D_RECONSTRUCTION/08_Failure_Diagnosis/11_sensitivity/S7_11_QUALIFICATIONS.json,D:\SIR_paper\DIIID_example\S7\11_sensitivity_and_interpretation\S7_11_QUALIFICATIONS.json,1382,5f69c3b69f4382f06bc3148ce37c0758ed9170fc3baabe589a4743289c5c827f,2026-09-05T23:50:49.716444+00:00,qrec,Results 1.5; Supplement S7,D3D-SIR-S7.11-SENSITIVITY-AND-FAILURE-INTERPRETATION-V1,CANONICAL,yes,"Predeclared sensitivities: the 217-member development-equivalent family, prmtan ablations, block and discharge omissions."
05_DIII_D_RECONSTRUCTION/08_Failure_Diagnosis/11_sensitivity/S7_11_SENSITIVITY_AND_INTERPRETATION_FINAL.md,D:\SIR_paper\DIIID_example\S7\11_sensitivity_and_interpretation\S7_11_SENSITIVITY_AND_INTERPRETATION_FINAL.md,8177,e38b8fc55a1bd57c8b8f561b187a2fd5e51ddda2bc24fac6b1ab3afa09d12842,2026-09-05T23:48:35.815456+00:00,qrec,Results 1.5; Supplement S7,D3D-SIR-S7.11-SENSITIVITY-AND-FAILURE-INTERPRETATION-V1,CANONICAL,yes,"Predeclared sensitivities: the 217-member development-equivalent family, prmtan ablations, block and discharge omissions."
05_DIII_D_RECONSTRUCTION/08_Failure_Diagnosis/11_sensitivity/S7_11_SENSITIVITY_AUDIT_REPORT.md,D:\SIR_paper\DIIID_example\S7\11_sensitivity_and_interpretation\S7_11_SENSITIVITY_AUDIT_REPORT.md,13604,aff4cef3ed0c86d58a60ed272e14a800d595a4bc59803ae473f173009bd9d91f,2026-09-05T23:49:43.242748+00:00,qrec,Results 1.5; Supplement S7,D3D-SIR-S7.11-SENSITIVITY-AND-FAILURE-INTERPRETATION-V1,CANONICAL,yes,"Predeclared sensitivities: the 217-member development-equivalent family, prmtan ablations, block and discharge omissions."
05_DIII_D_RECONSTRUCTION/08_Failure_Diagnosis/11_sensitivity/S7_11_SUPPORT_FAMILY_V3_SUMMARY.json,D:\SIR_paper\DIIID_example\S7\11_sensitivity_and_interpretation\S7_11_SUPPORT_FAMILY_V3_SUMMARY.json,4859,262d3d7a7334a95f7c6b22d3c1b412596a3ab7f58f956ae26bf3bef655b06a0e,2026-09-05T23:50:49.715943+00:00,qrec,Results 1.5; Supplement S7,D3D-SIR-S7.11-SENSITIVITY-AND-FAILURE-INTERPRETATION-V1,CANONICAL,yes,"Predeclared sensitivities: the 217-member development-equivalent family, prmtan ablations, block and discharge omissions."
05_DIII_D_RECONSTRUCTION/08_Failure_Diagnosis/11_sensitivity/S7_11_VERDICT.json,D:\SIR_paper\DIIID_example\S7\11_sensitivity_and_interpretation\S7_11_VERDICT.json,2133,e0e191e4b2919ac971f61538bccaf8a13e5fee028dc660825cbaebd585a3111a,2026-09-05T23:50:49.716444+00:00,qrec,Results 1.5; Supplement S7,D3D-SIR-S7.11-SENSITIVITY-AND-FAILURE-INTERPRETATION-V1,CANONICAL,yes,"Predeclared sensitivities: the 217-member development-equivalent family, prmtan ablations, block and discharge omissions."
05_DIII_D_RECONSTRUCTION/08_Failure_Diagnosis/11_sensitivity/SUPPORT_FAMILY_SENSITIVITY.md,D:\SIR_paper\DIIID_example\S7\11_sensitivity_and_interpretation\SUPPORT_FAMILY_SENSITIVITY.md,7796,2c14a2d6687708c9a966410e6dde044ec29377dabde9c36288fdb38fafa2cf2c,2026-09-05T23:47:12.874256+00:00,qrec,Results 1.5; Supplement S7,D3D-SIR-S7.11-SENSITIVITY-AND-FAILURE-INTERPRETATION-V1,CANONICAL,yes,"Predeclared sensitivities: the 217-member development-equivalent family, prmtan ablations, block and discharge omissions."
05_DIII_D_RECONSTRUCTION/08_Failure_Diagnosis/11_sensitivity/V9_RESULT.json,D:\SIR_paper\DIIID_example\S7\11_sensitivity_and_interpretation\V9_RESULT.json,4149,fa50566ce986c3bf6fe5db5ef84cb92a42517bcc94a036ccc8686b7646589eab,2026-09-05T23:44:08.541643+00:00,qrec,Results 1.5; Supplement S7,D3D-SIR-S7.11-SENSITIVITY-AND-FAILURE-INTERPRETATION-V1,CANONICAL,yes,"Predeclared sensitivities: the 217-member development-equivalent family, prmtan ablations, block and discharge omissions."
05_DIII_D_RECONSTRUCTION/08_Failure_Diagnosis/11_sensitivity/V9_SENSITIVITY_RESULT.md,D:\SIR_paper\DIIID_example\S7\11_sensitivity_and_interpretation\V9_SENSITIVITY_RESULT.md,4810,7721dd7493c6eb834060f110a5be3ce5e512e33c0952a5802d27debdba0c63d4,2026-09-05T23:48:00.166361+00:00,qrec,Results 1.5; Supplement S7,D3D-SIR-S7.11-SENSITIVITY-AND-FAILURE-INTERPRETATION-V1,CANONICAL,yes,"Predeclared sensitivities: the 217-member development-equivalent family, prmtan ablations, block and discharge omissions."
05_DIII_D_RECONSTRUCTION/08_Failure_Diagnosis/11_sensitivity/block_omission_sensitivity.csv,D:\SIR_paper\DIIID_example\S7\11_sensitivity_and_interpretation\block_omission_sensitivity.csv,1035,953832d27e0c259b8596955feeb46aa28df8b209fd5a14fcddf342fa019abe09,2026-09-05T23:42:03.965785+00:00,qrec,Results 1.5; Supplement S7,D3D-SIR-S7.11-SENSITIVITY-AND-FAILURE-INTERPRETATION-V1,CANONICAL,yes,"Predeclared sensitivities: the 217-member development-equivalent family, prmtan ablations, block and discharge omissions."
05_DIII_D_RECONSTRUCTION/08_Failure_Diagnosis/11_sensitivity/discharge_sensitivity_summary.csv,D:\SIR_paper\DIIID_example\S7\11_sensitivity_and_interpretation\discharge_sensitivity_summary.csv,4314,e0b39a1959422b039056a862d48147cbe717c4c5b5ebcecf7dfe7d81ac48a90e,2026-09-05T23:44:08.439352+00:00,qrec,Results 1.5; Supplement S7,D3D-SIR-S7.11-SENSITIVITY-AND-FAILURE-INTERPRETATION-V1,CANONICAL,yes,"Predeclared sensitivities: the 217-member development-equivalent family, prmtan ablations, block and discharge omissions."
05_DIII_D_RECONSTRUCTION/08_Failure_Diagnosis/11_sensitivity/index.html,D:\SIR_paper\DIIID_example\S7\11_sensitivity_and_interpretation\index.html,7535,9d85028cdb196027dc9d2a6ecda53253d90badb72e36649c6cbef8696aed1358,2026-09-08T00:51:17.546201+00:00,qrec,Results 1.5; Supplement S7,D3D-SIR-S7.11-SENSITIVITY-AND-FAILURE-INTERPRETATION-V1,CANONICAL,yes,"Predeclared sensitivities: the 217-member development-equivalent family, prmtan ablations, block and discharge omissions."
05_DIII_D_RECONSTRUCTION/08_Failure_Diagnosis/11_sensitivity/manifests/FAMILY_RUN.json,D:\SIR_paper\DIIID_example\S7\11_sensitivity_and_interpretation\manifests\FAMILY_RUN.json,642,d4e9df0dbc2c8e7a103dda3d85d4a1c6fa6a85e2c248197742e1a543d17bb1a5,2026-09-05T23:42:04.004853+00:00,qrec,Results 1.5; Supplement S7,D3D-SIR-S7.11-SENSITIVITY-AND-FAILURE-INTERPRETATION-V1,CANONICAL,yes,"Predeclared sensitivities: the 217-member development-equivalent family, prmtan ablations, block and discharge omissions."
05_DIII_D_RECONSTRUCTION/08_Failure_Diagnosis/11_sensitivity/manifests/S7_11_RUN_MANIFEST.json,D:\SIR_paper\DIIID_example\S7\11_sensitivity_and_interpretation\manifests\S7_11_RUN_MANIFEST.json,505,166b9e5362d7e85d7234a25ce8273760166107e43349719dc8ab9e014fd7ac39,2026-09-05T23:50:49.738261+00:00,qrec,Results 1.5; Supplement S7,D3D-SIR-S7.11-SENSITIVITY-AND-FAILURE-INTERPRETATION-V1,CANONICAL,yes,"Predeclared sensitivities: the 217-member development-equivalent family, prmtan ablations, block and discharge omissions."
05_DIII_D_RECONSTRUCTION/08_Failure_Diagnosis/11_sensitivity/prmtan_sensitivity_metrics.csv,D:\SIR_paper\DIIID_example\S7\11_sensitivity_and_interpretation\prmtan_sensitivity_metrics.csv,1155,6923ed9aa763ca9baa07d8954ae89b8d45663fbe3437f4c76ec8da97223470e4,2026-09-05T23:42:03.939296+00:00,qrec,Results 1.5; Supplement S7,D3D-SIR-S7.11-SENSITIVITY-AND-FAILURE-INTERPRETATION-V1,CANONICAL,yes,"Predeclared sensitivities: the 217-member development-equivalent family, prmtan ablations, block and discharge omissions."
05_DIII_D_RECONSTRUCTION/08_Failure_Diagnosis/11_sensitivity/scripts/s7_11_a_verify.py,D:\SIR_paper\DIIID_example\S7\11_sensitivity_and_interpretation\scripts\s7_11_a_verify.py,14496,f336ea36048f261f217ce93099c98a6d848b181310a41b8080a207d6c397f9b1,2026-09-05T23:40:15.041870+00:00,qrec,Results 1.5; Supplement S7,D3D-SIR-S7.11-SENSITIVITY-AND-FAILURE-INTERPRETATION-V1,CANONICAL,yes,"Predeclared sensitivities: the 217-member development-equivalent family, prmtan ablations, block and discharge omissions."
05_DIII_D_RECONSTRUCTION/08_Failure_Diagnosis/11_sensitivity/scripts/s7_11_b_family.py,D:\SIR_paper\DIIID_example\S7\11_sensitivity_and_interpretation\scripts\s7_11_b_family.py,19027,02559a553b7ad54bc6cdca582a21bdd34fd0900b4a07dc1dad434be656e57fff,2026-09-05T23:41:50.268198+00:00,qrec,Results 1.5; Supplement S7,D3D-SIR-S7.11-SENSITIVITY-AND-FAILURE-INTERPRETATION-V1,CANONICAL,yes,"Predeclared sensitivities: the 217-member development-equivalent family, prmtan ablations, block and discharge omissions."
05_DIII_D_RECONSTRUCTION/08_Failure_Diagnosis/11_sensitivity/scripts/s7_11_c_v9.py,D:\SIR_paper\DIIID_example\S7\11_sensitivity_and_interpretation\scripts\s7_11_c_v9.py,8893,3e6e72ecd2506f91f94aebf6ad96e159503bf9043b22eb8a95304bdd685fb780,2026-09-05T23:44:03.006186+00:00,qrec,Results 1.5; Supplement S7,D3D-SIR-S7.11-SENSITIVITY-AND-FAILURE-INTERPRETATION-V1,CANONICAL,yes,"Predeclared sensitivities: the 217-member development-equivalent family, prmtan ablations, block and discharge omissions."
05_DIII_D_RECONSTRUCTION/08_Failure_Diagnosis/11_sensitivity/scripts/s7_11_d_freeze.py,D:\SIR_paper\DIIID_example\S7\11_sensitivity_and_interpretation\scripts\s7_11_d_freeze.py,25880,0eebab5937a35099e74772f9109924a3cf625bd4cd8a4d8b758f09ecff48986c,2026-09-05T23:50:48.642639+00:00,qrec,Results 1.5; Supplement S7,D3D-SIR-S7.11-SENSITIVITY-AND-FAILURE-INTERPRETATION-V1,CANONICAL,yes,"Predeclared sensitivities: the 217-member development-equivalent family, prmtan ablations, block and discharge omissions."
05_DIII_D_RECONSTRUCTION/08_Failure_Diagnosis/11_sensitivity/support_family_applicability.csv,D:\SIR_paper\DIIID_example\S7\11_sensitivity_and_interpretation\support_family_applicability.csv,55916,69041bfda74b93b7d641d4d515c5576f53e09aa69f02e25243e2ac06ee24924a,2026-09-05T23:42:03.921824+00:00,qrec,Results 1.5; Supplement S7,D3D-SIR-S7.11-SENSITIVITY-AND-FAILURE-INTERPRETATION-V1,CANONICAL,yes,"Predeclared sensitivities: the 217-member development-equivalent family, prmtan ablations, block and discharge omissions."
05_DIII_D_RECONSTRUCTION/08_Failure_Diagnosis/11_sensitivity/support_family_coordinate_summary.csv,D:\SIR_paper\DIIID_example\S7\11_sensitivity_and_interpretation\support_family_coordinate_summary.csv,21600,d0eda2f33f9895df8fa289624cb65e26e67d821d04538cdaa25dd1fb19114133,2026-09-05T23:42:03.972624+00:00,qrec,Results 1.5; Supplement S7,D3D-SIR-S7.11-SENSITIVITY-AND-FAILURE-INTERPRETATION-V1,CANONICAL,yes,"Predeclared sensitivities: the 217-member development-equivalent family, prmtan ablations, block and discharge omissions."
05_DIII_D_RECONSTRUCTION/08_Failure_Diagnosis/11_sensitivity/support_family_distributions.csv,D:\SIR_paper\DIIID_example\S7\11_sensitivity_and_interpretation\support_family_distributions.csv,622,04ecb70119f3d5b79c46de314683540e8d855af731e549cf0f542432089b7745,2026-09-05T23:50:49.712403+00:00,qrec,Results 1.5; Supplement S7,D3D-SIR-S7.11-SENSITIVITY-AND-FAILURE-INTERPRETATION-V1,CANONICAL,yes,"Predeclared sensitivities: the 217-member development-equivalent family, prmtan ablations, block and discharge omissions."
05_DIII_D_RECONSTRUCTION/08_Failure_Diagnosis/11_sensitivity/support_family_external_metrics.csv,D:\SIR_paper\DIIID_example\S7\11_sensitivity_and_interpretation\support_family_external_metrics.csv,112011,d8bf4bdf152743951e831dd0a10f4c388eaeb83eae3a665741f5b37d3f995a5b,2026-09-05T23:42:03.879258+00:00,qrec,Results 1.5; Supplement S7,D3D-SIR-S7.11-SENSITIVITY-AND-FAILURE-INTERPRETATION-V1,CANONICAL,yes,"Predeclared sensitivities: the 217-member development-equivalent family, prmtan ablations, block and discharge omissions."
05_DIII_D_RECONSTRUCTION/08_Failure_Diagnosis/11_sensitivity/support_family_v3_results.csv,D:\SIR_paper\DIIID_example\S7\11_sensitivity_and_interpretation\support_family_v3_results.csv,73563,ddecacbd81c05c7f0a4bfefc8b56a542267e4cf5203f273eecd2103c7b682685,2026-09-05T23:42:03.919923+00:00,qrec,Results 1.5; Supplement S7,D3D-SIR-S7.11-SENSITIVITY-AND-FAILURE-INTERPRETATION-V1,CANONICAL,yes,"Predeclared sensitivities: the 217-member development-equivalent family, prmtan ablations, block and discharge omissions."
05_DIII_D_RECONSTRUCTION/08_Failure_Diagnosis/R1_operational_state/K_REC_CHANGE_AUDIT.json,D:\SIR_paper\DIIID_example\S7\R1_operational_state_reconciliation\K_REC_CHANGE_AUDIT.json,1673,f3888081133a88c02add94cf4c89c51cad2f77c87f9fba74d100ed488c95c535,2026-09-06T01:05:21.304489+00:00,qrec,Results 1.5; Supplement S7,D3D-SIR-S7.R1-OPERATIONAL-STATE-RECONCILIATION-V1,CANONICAL,yes,"The operational-state explanation, TESTED target-blindly and REFUTED. Establishes that the defect lay in the operational contract."
05_DIII_D_RECONSTRUCTION/08_Failure_Diagnosis/R1_operational_state/MANIFEST.json,D:\SIR_paper\DIIID_example\S7\R1_operational_state_reconciliation\MANIFEST.json,1904,54434d9be5411d436145951e710736de6fcd9ce41609845a22ca0d9f3e1e9adb,2026-09-08T00:51:17.548029+00:00,qrec,Results 1.5; Supplement S7,D3D-SIR-S7.R1-OPERATIONAL-STATE-RECONCILIATION-V1,CANONICAL,yes,"The operational-state explanation, TESTED target-blindly and REFUTED. Establishes that the defect lay in the operational contract."
05_DIII_D_RECONSTRUCTION/08_Failure_Diagnosis/R1_operational_state/OPERATIONAL_STATE_EVIDENCE.md,D:\SIR_paper\DIIID_example\S7\R1_operational_state_reconciliation\OPERATIONAL_STATE_EVIDENCE.md,6834,05b23b69e86ad5bfee269f2371fc9c7021dd3a0455468bca61ee4abb63f2a1c1,2026-09-06T01:02:45.387441+00:00,qrec,Results 1.5; Supplement S7,D3D-SIR-S7.R1-OPERATIONAL-STATE-RECONCILIATION-V1,CANONICAL,yes,"The operational-state explanation, TESTED target-blindly and REFUTED. Establishes that the defect lay in the operational contract."
05_DIII_D_RECONSTRUCTION/08_Failure_Diagnosis/R1_operational_state/OPERATIONAL_STATE_RULE.json,D:\SIR_paper\DIIID_example\S7\R1_operational_state_reconciliation\OPERATIONAL_STATE_RULE.json,1771,d793c5398c938252c52121c49837d0ea74e67cb081ee162a7715e310040725d7,2026-09-06T01:05:21.303975+00:00,qrec,Results 1.5; Supplement S7,D3D-SIR-S7.R1-OPERATIONAL-STATE-RECONCILIATION-V1,CANONICAL,yes,"The operational-state explanation, TESTED target-blindly and REFUTED. Establishes that the defect lay in the operational contract."
05_DIII_D_RECONSTRUCTION/08_Failure_Diagnosis/R1_operational_state/README.md,D:\SIR_paper\DIIID_example\S7\R1_operational_state_reconciliation\README.md,4622,511daa114343485c22a13c6f2cc9e2cb8ba51f49835728398ee891527960dcef,2026-09-06T01:04:23.814748+00:00,qrec,Results 1.5; Supplement S7,D3D-SIR-S7.R1-OPERATIONAL-STATE-RECONCILIATION-V1,CANONICAL,yes,"The operational-state explanation, TESTED target-blindly and REFUTED. Establishes that the defect lay in the operational contract."
05_DIII_D_RECONSTRUCTION/08_Failure_Diagnosis/R1_operational_state/RECOMMENDATION_FOR_R2.md,D:\SIR_paper\DIIID_example\S7\R1_operational_state_reconciliation\RECOMMENDATION_FOR_R2.md,4336,03e0ba30737e99f9832f4f4f1f76562c9f2bdd4d0ebe02f4d462f9083bb1a945,2026-09-06T01:03:33.384440+00:00,qrec,Results 1.5; Supplement S7,D3D-SIR-S7.R1-OPERATIONAL-STATE-RECONCILIATION-V1,CANONICAL,yes,"The operational-state explanation, TESTED target-blindly and REFUTED. Establishes that the defect lay in the operational contract."
05_DIII_D_RECONSTRUCTION/08_Failure_Diagnosis/R1_operational_state/RECONCILIATION_KNOWLEDGE_LEDGER.json,D:\SIR_paper\DIIID_example\S7\R1_operational_state_reconciliation\RECONCILIATION_KNOWLEDGE_LEDGER.json,9297,44aa0d5103e338ca304ee12b53066713beae8febd46af31e58ded1e10bac3dac,2026-09-06T01:05:21.304489+00:00,qrec,Results 1.5; Supplement S7,D3D-SIR-S7.R1-OPERATIONAL-STATE-RECONCILIATION-V1,CANONICAL,yes,"The operational-state explanation, TESTED target-blindly and REFUTED. Establishes that the defect lay in the operational contract."
05_DIII_D_RECONSTRUCTION/08_Failure_Diagnosis/R1_operational_state/S7_R1_ACCEPTANCE_CHECKS.json,D:\SIR_paper\DIIID_example\S7\R1_operational_state_reconciliation\S7_R1_ACCEPTANCE_CHECKS.json,3213,37aeb24880fe8569248b83bbebadae06a1520f2b258fb5607fc7569c0c13eab2,2026-09-06T01:05:21.314062+00:00,qrec,Results 1.5; Supplement S7,D3D-SIR-S7.R1-OPERATIONAL-STATE-RECONCILIATION-V1,CANONICAL,yes,"The operational-state explanation, TESTED target-blindly and REFUTED. Establishes that the defect lay in the operational contract."
05_DIII_D_RECONSTRUCTION/08_Failure_Diagnosis/R1_operational_state/S7_R1_FREEZE.json,D:\SIR_paper\DIIID_example\S7\R1_operational_state_reconciliation\S7_R1_FREEZE.json,8120,ae6092a67a0e099a868876611f7aeca769edac062c4c6a878d6f6a22146ca226,2026-09-06T01:05:21.383441+00:00,qrec,Results 1.5; Supplement S7,D3D-SIR-S7.R1-OPERATIONAL-STATE-RECONCILIATION-V1,CANONICAL,yes,"The operational-state explanation, TESTED target-blindly and REFUTED. Establishes that the defect lay in the operational contract."
05_DIII_D_RECONSTRUCTION/08_Failure_Diagnosis/R1_operational_state/S7_R1_OPERATIONAL_STATE_RECONCILIATION_AUDIT_REPORT.md,D:\SIR_paper\DIIID_example\S7\R1_operational_state_reconciliation\S7_R1_OPERATIONAL_STATE_RECONCILIATION_AUDIT_REPORT.md,10102,2a9bef0164639e3bd4aa9f198fedab6da3aacb8da25f4bfd1c467206080f8048,2026-09-06T01:05:10.632557+00:00,qrec,Results 1.5; Supplement S7,D3D-SIR-S7.R1-OPERATIONAL-STATE-RECONCILIATION-V1,CANONICAL,yes,"The operational-state explanation, TESTED target-blindly and REFUTED. Establishes that the defect lay in the operational contract."
05_DIII_D_RECONSTRUCTION/08_Failure_Diagnosis/R1_operational_state/S7_R1_OPERATIONAL_STATE_RECONCILIATION_FINAL.md,D:\SIR_paper\DIIID_example\S7\R1_operational_state_reconciliation\S7_R1_OPERATIONAL_STATE_RECONCILIATION_FINAL.md,4900,57703b6489d8312cec7fa87ce836392baa3ad2d194f4e54f5b99cd61c4af8aa6,2026-09-06T01:03:55.581247+00:00,qrec,Results 1.5; Supplement S7,D3D-SIR-S7.R1-OPERATIONAL-STATE-RECONCILIATION-V1,CANONICAL,yes,"The operational-state explanation, TESTED target-blindly and REFUTED. Establishes that the defect lay in the operational contract."
05_DIII_D_RECONSTRUCTION/08_Failure_Diagnosis/R1_operational_state/SIR_ARROW_RECONCILIATION.json,D:\SIR_paper\DIIID_example\S7\R1_operational_state_reconciliation\SIR_ARROW_RECONCILIATION.json,4075,23b3fa4761f24ed7e48bbfa470dd2b63d6085ce635db8419be1ce7591be61bf1,2026-09-06T01:05:21.304489+00:00,qrec,Results 1.5; Supplement S7,D3D-SIR-S7.R1-OPERATIONAL-STATE-RECONCILIATION-V1,CANONICAL,yes,"The operational-state explanation, TESTED target-blindly and REFUTED. Establishes that the defect lay in the operational contract."
05_DIII_D_RECONSTRUCTION/08_Failure_Diagnosis/R1_operational_state/SIR_ARROW_RECONCILIATION.md,D:\SIR_paper\DIIID_example\S7\R1_operational_state_reconciliation\SIR_ARROW_RECONCILIATION.md,5120,bdbc4cc0410f384d3545b759efefcae1d0b7280eceea041db45cd2f4a3cce7ac,2026-09-06T01:03:10.462578+00:00,qrec,Results 1.5; Supplement S7,D3D-SIR-S7.R1-OPERATIONAL-STATE-RECONCILIATION-V1,CANONICAL,yes,"The operational-state explanation, TESTED target-blindly and REFUTED. Establishes that the defect lay in the operational contract."
05_DIII_D_RECONSTRUCTION/08_Failure_Diagnosis/R1_operational_state/actuator_block_summary.csv,D:\SIR_paper\DIIID_example\S7\R1_operational_state_reconciliation\actuator_block_summary.csv,245281,ecb76daa92f0ea60ecca356f46dbdc764efe5f792cf6cafd76889e90b1e330a2,2026-09-06T00:57:28.729318+00:00,qrec,Results 1.5; Supplement S7,D3D-SIR-S7.R1-OPERATIONAL-STATE-RECONCILIATION-V1,CANONICAL,yes,"The operational-state explanation, TESTED target-blindly and REFUTED. Establishes that the defect lay in the operational contract."
05_DIII_D_RECONSTRUCTION/08_Failure_Diagnosis/R1_operational_state/actuator_support_coverage.csv,D:\SIR_paper\DIIID_example\S7\R1_operational_state_reconciliation\actuator_support_coverage.csv,2720,307fe3a0566e64b1733a0413d85662948189c77a7401410422297f5ac53b581b,2026-09-06T00:57:28.742863+00:00,qrec,Results 1.5; Supplement S7,D3D-SIR-S7.R1-OPERATIONAL-STATE-RECONCILIATION-V1,CANONICAL,yes,"The operational-state explanation, TESTED target-blindly and REFUTED. Establishes that the defect lay in the operational contract."
05_DIII_D_RECONSTRUCTION/08_Failure_Diagnosis/R1_operational_state/index.html,D:\SIR_paper\DIIID_example\S7\R1_operational_state_reconciliation\index.html,7276,8cf55ee9d19f64c62457665a368e6e7911fec33f20dc59526f34c797b01a0af4,2026-09-08T00:51:17.548532+00:00,qrec,Results 1.5; Supplement S7,D3D-SIR-S7.R1-OPERATIONAL-STATE-RECONCILIATION-V1,CANONICAL,yes,"The operational-state explanation, TESTED target-blindly and REFUTED. Establishes that the defect lay in the operational contract."
05_DIII_D_RECONSTRUCTION/08_Failure_Diagnosis/R1_operational_state/manifests/ACTUATOR_AUDIT_ACCESS_LOG.json,D:\SIR_paper\DIIID_example\S7\R1_operational_state_reconciliation\manifests\ACTUATOR_AUDIT_ACCESS_LOG.json,425,8dd35e540e1a7ed079598521841385749d12a3cea7600d9ab8e51c7b99083a6b,2026-09-06T00:57:28.755238+00:00,qrec,Results 1.5; Supplement S7,D3D-SIR-S7.R1-OPERATIONAL-STATE-RECONCILIATION-V1,CANONICAL,yes,"The operational-state explanation, TESTED target-blindly and REFUTED. Establishes that the defect lay in the operational contract."
05_DIII_D_RECONSTRUCTION/08_Failure_Diagnosis/R1_operational_state/manifests/MULTIVARIATE_FALLBACK_RESULT.json,D:\SIR_paper\DIIID_example\S7\R1_operational_state_reconciliation\manifests\MULTIVARIATE_FALLBACK_RESULT.json,1643,3adf5aa84a3321fa5363543f93dfa186de6017722def2cb3b4c2c0832f945ad2,2026-09-06T00:58:57.830075+00:00,qrec,Results 1.5; Supplement S7,D3D-SIR-S7.R1-OPERATIONAL-STATE-RECONCILIATION-V1,CANONICAL,yes,"The operational-state explanation, TESTED target-blindly and REFUTED. Establishes that the defect lay in the operational contract."
05_DIII_D_RECONSTRUCTION/08_Failure_Diagnosis/R1_operational_state/manifests/actuator_multivariate_fallback.csv,D:\SIR_paper\DIIID_example\S7\R1_operational_state_reconciliation\manifests\actuator_multivariate_fallback.csv,15267,e36c659c293ab012d64e2583e7c68b5814b120862886a43c262a604a703e27b9,2026-09-06T00:58:57.815220+00:00,qrec,Results 1.5; Supplement S7,D3D-SIR-S7.R1-OPERATIONAL-STATE-RECONCILIATION-V1,CANONICAL,yes,"The operational-state explanation, TESTED target-blindly and REFUTED. Establishes that the defect lay in the operational contract."
05_DIII_D_RECONSTRUCTION/08_Failure_Diagnosis/R1_operational_state/manifests/gasa_pro_max_sorted.csv,D:\SIR_paper\DIIID_example\S7\R1_operational_state_reconciliation\manifests\gasa_pro_max_sorted.csv,13259,7f1601e48b7c49572bdcd331bbf25715296d1dd01bba6f62b3bace475d63270e,2026-09-06T00:57:28.746876+00:00,qrec,Results 1.5; Supplement S7,D3D-SIR-S7.R1-OPERATIONAL-STATE-RECONCILIATION-V1,CANONICAL,yes,"The operational-state explanation, TESTED target-blindly and REFUTED. Establishes that the defect lay in the operational contract."
05_DIII_D_RECONSTRUCTION/08_Failure_Diagnosis/R1_operational_state/operational_state_assignment.csv,D:\SIR_paper\DIIID_example\S7\R1_operational_state_reconciliation\operational_state_assignment.csv,241029,31df75c4b2d6d8a520854f4e1de48b8d35eaa7a7e612e0ec3f12484638d4cae4,2026-09-06T01:05:21.311849+00:00,qrec,Results 1.5; Supplement S7,D3D-SIR-S7.R1-OPERATIONAL-STATE-RECONCILIATION-V1,CANONICAL,yes,"The operational-state explanation, TESTED target-blindly and REFUTED. Establishes that the defect lay in the operational contract."
05_DIII_D_RECONSTRUCTION/08_Failure_Diagnosis/R1_operational_state/operational_state_development_coverage.csv,D:\SIR_paper\DIIID_example\S7\R1_operational_state_reconciliation\operational_state_development_coverage.csv,2666,c8b29c2b2289fbc9b7e435b5cf33ff6b844f77db9d859aa421a4797409cba29e,2026-09-06T01:05:21.312379+00:00,qrec,Results 1.5; Supplement S7,D3D-SIR-S7.R1-OPERATIONAL-STATE-RECONCILIATION-V1,CANONICAL,yes,"The operational-state explanation, TESTED target-blindly and REFUTED. Establishes that the defect lay in the operational contract."
05_DIII_D_RECONSTRUCTION/08_Failure_Diagnosis/R1_operational_state/scripts/s7_r1_b_actuator_audit.py,D:\SIR_paper\DIIID_example\S7\R1_operational_state_reconciliation\scripts\s7_r1_b_actuator_audit.py,7840,6e5d5dc731699a1525b902a4cfcd46a8243452157c2a55c35ddca2f566114014,2026-09-06T00:57:20.851737+00:00,qrec,Results 1.5; Supplement S7,D3D-SIR-S7.R1-OPERATIONAL-STATE-RECONCILIATION-V1,CANONICAL,yes,"The operational-state explanation, TESTED target-blindly and REFUTED. Establishes that the defect lay in the operational contract."
05_DIII_D_RECONSTRUCTION/08_Failure_Diagnosis/R1_operational_state/scripts/s7_r1_c_fallback.py,D:\SIR_paper\DIIID_example\S7\R1_operational_state_reconciliation\scripts\s7_r1_c_fallback.py,5063,f20078e6f6b63f06a5be9099b7f5031fcbc89e83a8f6e5bc4dd6eff343f7954a,2026-09-06T00:58:51.448579+00:00,qrec,Results 1.5; Supplement S7,D3D-SIR-S7.R1-OPERATIONAL-STATE-RECONCILIATION-V1,CANONICAL,yes,"The operational-state explanation, TESTED target-blindly and REFUTED. Establishes that the defect lay in the operational contract."
05_DIII_D_RECONSTRUCTION/08_Failure_Diagnosis/R1_operational_state/scripts/s7_r1_d_reconcile_and_freeze.py,D:\SIR_paper\DIIID_example\S7\R1_operational_state_reconciliation\scripts\s7_r1_d_reconcile_and_freeze.py,31763,6408200ff840b78fe8fce3af36647d171e6671101a3a2da5e82b01dcd9ac9297,2026-09-06T01:02:09.103222+00:00,qrec,Results 1.5; Supplement S7,D3D-SIR-S7.R1-OPERATIONAL-STATE-RECONCILIATION-V1,CANONICAL,yes,"The operational-state explanation, TESTED target-blindly and REFUTED. Establishes that the defect lay in the operational contract."
05_DIII_D_RECONSTRUCTION/09_Range_Support_Case_B_Revision/GAS_SIGNAL_PROVENANCE_CORRECTION.json,D:\SIR_paper\DIIID_example\S7\K2_observational_range_support_contract\GAS_SIGNAL_PROVENANCE_CORRECTION.json,3138,86d38794a5560f3433e06e94cb89f75e235829077c118694804eb5caf48e28d0,2026-09-06T02:49:44.757592+00:00,qrec,Results 1.5; Supplement S7,D3D-SIR-S7.K2-OBSERVATIONAL-RANGE-SUPPORT-CONTRACT-V1,CANONICAL,yes,"The Case-B operational-contract revision: observational range support, tau = 1, threshold sensitivity, atomic audit, gas provenance resolution, K_REC_V1 to V2 changeset."
05_DIII_D_RECONSTRUCTION/09_Range_Support_Case_B_Revision/GAS_SIGNAL_PROVENANCE_RESOLUTION.md,D:\SIR_paper\DIIID_example\S7\K2_observational_range_support_contract\GAS_SIGNAL_PROVENANCE_RESOLUTION.md,3685,8fc5e4a951dc7e854466cfb999b5fe67c7c436236ca934020dd6cce40f188d91,2026-09-06T02:56:22.164442+00:00,qrec,Results 1.5; Supplement S7,D3D-SIR-S7.K2-OBSERVATIONAL-RANGE-SUPPORT-CONTRACT-V1,CANONICAL,yes,"The Case-B operational-contract revision: observational range support, tau = 1, threshold sensitivity, atomic audit, gas provenance resolution, K_REC_V1 to V2 changeset."
05_DIII_D_RECONSTRUCTION/09_Range_Support_Case_B_Revision/K2_KNOWLEDGE_LEDGER.json,D:\SIR_paper\DIIID_example\S7\K2_observational_range_support_contract\K2_KNOWLEDGE_LEDGER.json,6694,3ef47db564391390259922368d0f174390eaab9070569f922f05810ae1be054e,2026-09-06T02:59:57.881286+00:00,qrec,Results 1.5; Supplement S7,D3D-SIR-S7.K2-OBSERVATIONAL-RANGE-SUPPORT-CONTRACT-V1,CANONICAL,yes,"The Case-B operational-contract revision: observational range support, tau = 1, threshold sensitivity, atomic audit, gas provenance resolution, K_REC_V1 to V2 changeset."
05_DIII_D_RECONSTRUCTION/09_Range_Support_Case_B_Revision/K2_TARGET_BLIND_FIREWALL.json,D:\SIR_paper\DIIID_example\S7\K2_observational_range_support_contract\K2_TARGET_BLIND_FIREWALL.json,786,3d75739ce167b91a6d93bafc22c7195829d64a0376ed1e6ce83367f21074bda6,2026-09-06T02:49:44.750756+00:00,qrec,Results 1.5; Supplement S7,D3D-SIR-S7.K2-OBSERVATIONAL-RANGE-SUPPORT-CONTRACT-V1,CANONICAL,yes,"The Case-B operational-contract revision: observational range support, tau = 1, threshold sensitivity, atomic audit, gas provenance resolution, K_REC_V1 to V2 changeset."
05_DIII_D_RECONSTRUCTION/09_Range_Support_Case_B_Revision/K_REC_V1_TO_V2_CHANGESET.json,D:\SIR_paper\DIIID_example\S7\K2_observational_range_support_contract\K_REC_V1_TO_V2_CHANGESET.json,1317,483a437bb24e288536ccf60ba3f78bfd77646fe64b923895fd9101e728c64637,2026-09-06T02:59:57.881286+00:00,qrec,Results 1.5; Supplement S7,D3D-SIR-S7.K2-OBSERVATIONAL-RANGE-SUPPORT-CONTRACT-V1,CANONICAL,yes,"The Case-B operational-contract revision: observational range support, tau = 1, threshold sensitivity, atomic audit, gas provenance resolution, K_REC_V1 to V2 changeset."
05_DIII_D_RECONSTRUCTION/09_Range_Support_Case_B_Revision/K_REC_V2.json,D:\SIR_paper\DIIID_example\S7\K2_observational_range_support_contract\K_REC_V2.json,4357,4fe95d45c6d6f9e0d66918cdc4cc7347276a915363b4a29501c2084d4f506407,2026-09-06T02:59:57.880783+00:00,qrec,Results 1.5; Supplement S7,D3D-SIR-S7.K2-OBSERVATIONAL-RANGE-SUPPORT-CONTRACT-V1,CANONICAL,yes,"The Case-B operational-contract revision: observational range support, tau = 1, threshold sensitivity, atomic audit, gas provenance resolution, K_REC_V1 to V2 changeset."
05_DIII_D_RECONSTRUCTION/09_Range_Support_Case_B_Revision/MANIFEST.json,D:\SIR_paper\DIIID_example\S7\K2_observational_range_support_contract\MANIFEST.json,2335,7ed50f5ef56e16390c0d520c90908c9ed75e7bb714cceef77aaaeb097348dcd3,2026-09-08T00:51:17.550271+00:00,qrec,Results 1.5; Supplement S7,D3D-SIR-S7.K2-OBSERVATIONAL-RANGE-SUPPORT-CONTRACT-V1,CANONICAL,yes,"The Case-B operational-contract revision: observational range support, tau = 1, threshold sensitivity, atomic audit, gas provenance resolution, K_REC_V1 to V2 changeset."
05_DIII_D_RECONSTRUCTION/09_Range_Support_Case_B_Revision/RANGE_SUPPORT_DEFINITION.md,D:\SIR_paper\DIIID_example\S7\K2_observational_range_support_contract\RANGE_SUPPORT_DEFINITION.md,6461,05b1afe4ad024465454a8b23c247f585f3753d3c71e1532e5745628bd7f2b9ee,2026-09-06T02:59:24.972310+00:00,qrec,Results 1.5; Supplement S7,D3D-SIR-S7.K2-OBSERVATIONAL-RANGE-SUPPORT-CONTRACT-V1,CANONICAL,yes,"The Case-B operational-contract revision: observational range support, tau = 1, threshold sensitivity, atomic audit, gas provenance resolution, K_REC_V1 to V2 changeset."
05_DIII_D_RECONSTRUCTION/09_Range_Support_Case_B_Revision/RANGE_SUPPORT_POLICY_V1.json,D:\SIR_paper\DIIID_example\S7\K2_observational_range_support_contract\RANGE_SUPPORT_POLICY_V1.json,3825,a878841db39bc213fc2d8775ce465615d8bd66f26c32641d630e140583dc1863,2026-09-06T02:59:57.850528+00:00,qrec,Results 1.5; Supplement S7,D3D-SIR-S7.K2-OBSERVATIONAL-RANGE-SUPPORT-CONTRACT-V1,CANONICAL,yes,"The Case-B operational-contract revision: observational range support, tau = 1, threshold sensitivity, atomic audit, gas provenance resolution, K_REC_V1 to V2 changeset."
05_DIII_D_RECONSTRUCTION/09_Range_Support_Case_B_Revision/README.md,D:\SIR_paper\DIIID_example\S7\K2_observational_range_support_contract\README.md,5335,599fea77f89770d241730a1a6b897dfbf2e2a39322b09ae0920c89aa037e7f5b,2026-09-06T02:59:24.973006+00:00,qrec,Results 1.5; Supplement S7,D3D-SIR-S7.K2-OBSERVATIONAL-RANGE-SUPPORT-CONTRACT-V1,CANONICAL,yes,"The Case-B operational-contract revision: observational range support, tau = 1, threshold sensitivity, atomic audit, gas provenance resolution, K_REC_V1 to V2 changeset."
05_DIII_D_RECONSTRUCTION/09_Range_Support_Case_B_Revision/RECOMMENDATION_FOR_EPOCH2.md,D:\SIR_paper\DIIID_example\S7\K2_observational_range_support_contract\RECOMMENDATION_FOR_EPOCH2.md,5171,1f20465ab04ea8702e25d59ee880bfb3a2b754eecad1836eafa26df73ba11f58,2026-09-06T02:59:24.973006+00:00,qrec,Results 1.5; Supplement S7,D3D-SIR-S7.K2-OBSERVATIONAL-RANGE-SUPPORT-CONTRACT-V1,CANONICAL,yes,"The Case-B operational-contract revision: observational range support, tau = 1, threshold sensitivity, atomic audit, gas provenance resolution, K_REC_V1 to V2 changeset."
05_DIII_D_RECONSTRUCTION/09_Range_Support_Case_B_Revision/S7_K2_ACCEPTANCE_CHECKS.json,D:\SIR_paper\DIIID_example\S7\K2_observational_range_support_contract\S7_K2_ACCEPTANCE_CHECKS.json,4483,e3897a255f8aa276cf4a2a4151b9188fde5587ed4214d9128b472b27bd917124,2026-09-06T02:59:57.882802+00:00,qrec,Results 1.5; Supplement S7,D3D-SIR-S7.K2-OBSERVATIONAL-RANGE-SUPPORT-CONTRACT-V1,CANONICAL,yes,"The Case-B operational-contract revision: observational range support, tau = 1, threshold sensitivity, atomic audit, gas provenance resolution, K_REC_V1 to V2 changeset."
05_DIII_D_RECONSTRUCTION/09_Range_Support_Case_B_Revision/S7_K2_FREEZE.json,D:\SIR_paper\DIIID_example\S7\K2_observational_range_support_contract\S7_K2_FREEZE.json,9280,198fa046c7eb2650efcb910f02922752b8204477f8930300e6abf24163193459,2026-09-06T02:59:57.943102+00:00,qrec,Results 1.5; Supplement S7,D3D-SIR-S7.K2-OBSERVATIONAL-RANGE-SUPPORT-CONTRACT-V1,CANONICAL,yes,"The Case-B operational-contract revision: observational range support, tau = 1, threshold sensitivity, atomic audit, gas provenance resolution, K_REC_V1 to V2 changeset."
05_DIII_D_RECONSTRUCTION/09_Range_Support_Case_B_Revision/S7_K2_RANGE_SUPPORT_CONTRACT_AUDIT_REPORT.md,D:\SIR_paper\DIIID_example\S7\K2_observational_range_support_contract\S7_K2_RANGE_SUPPORT_CONTRACT_AUDIT_REPORT.md,11890,8c46aaa2fa4406f7c15ef703ded0ba415901b4fd124764f2672986aac9948e9d,2026-09-06T02:59:24.973510+00:00,qrec,Results 1.5; Supplement S7,D3D-SIR-S7.K2-OBSERVATIONAL-RANGE-SUPPORT-CONTRACT-V1,CANONICAL,yes,"The Case-B operational-contract revision: observational range support, tau = 1, threshold sensitivity, atomic audit, gas provenance resolution, K_REC_V1 to V2 changeset."
05_DIII_D_RECONSTRUCTION/09_Range_Support_Case_B_Revision/S7_K2_RANGE_SUPPORT_CONTRACT_FINAL.md,D:\SIR_paper\DIIID_example\S7\K2_observational_range_support_contract\S7_K2_RANGE_SUPPORT_CONTRACT_FINAL.md,6407,ed4b2606225e6de727849747f2ea7519134f7f044dd72d98f9bbd887e69e68c9,2026-09-06T02:59:57.263032+00:00,qrec,Results 1.5; Supplement S7,D3D-SIR-S7.K2-OBSERVATIONAL-RANGE-SUPPORT-CONTRACT-V1,CANONICAL,yes,"The Case-B operational-contract revision: observational range support, tau = 1, threshold sensitivity, atomic audit, gas provenance resolution, K_REC_V1 to V2 changeset."
05_DIII_D_RECONSTRUCTION/09_Range_Support_Case_B_Revision/index.html,D:\SIR_paper\DIIID_example\S7\K2_observational_range_support_contract\index.html,7832,ad13ca3332230e420927f64b8524d073fffe8127dac7e797ebbf9a086effd989,2026-09-08T00:51:17.551804+00:00,qrec,Results 1.5; Supplement S7,D3D-SIR-S7.K2-OBSERVATIONAL-RANGE-SUPPORT-CONTRACT-V1,CANONICAL,yes,"The Case-B operational-contract revision: observational range support, tau = 1, threshold sensitivity, atomic audit, gas provenance resolution, K_REC_V1 to V2 changeset."
05_DIII_D_RECONSTRUCTION/09_Range_Support_Case_B_Revision/manifests/K2_PREVALUE.json,D:\SIR_paper\DIIID_example\S7\K2_observational_range_support_contract\manifests\K2_PREVALUE.json,6078,8b723f91477f5a87b8912e5ea8e2c8a8243f7bb1652bc212c2f098d4e449203b,2026-09-06T02:49:44.793484+00:00,qrec,Results 1.5; Supplement S7,D3D-SIR-S7.K2-OBSERVATIONAL-RANGE-SUPPORT-CONTRACT-V1,CANONICAL,yes,"The Case-B operational-contract revision: observational range support, tau = 1, threshold sensitivity, atomic audit, gas provenance resolution, K_REC_V1 to V2 changeset."
05_DIII_D_RECONSTRUCTION/09_Range_Support_Case_B_Revision/manifests/K2_STRESS_ACCESS_LOG.json,D:\SIR_paper\DIIID_example\S7\K2_observational_range_support_contract\manifests\K2_STRESS_ACCESS_LOG.json,332,706015e62942758c6f575ae47f5f58fc0830eecc22071f22699deb9ff4a9c8dd,2026-09-06T02:50:58.773469+00:00,qrec,Results 1.5; Supplement S7,D3D-SIR-S7.K2-OBSERVATIONAL-RANGE-SUPPORT-CONTRACT-V1,CANONICAL,yes,"The Case-B operational-contract revision: observational range support, tau = 1, threshold sensitivity, atomic audit, gas provenance resolution, K_REC_V1 to V2 changeset."
05_DIII_D_RECONSTRUCTION/09_Range_Support_Case_B_Revision/manifests/METRIC_SELECTION.json,D:\SIR_paper\DIIID_example\S7\K2_observational_range_support_contract\manifests\METRIC_SELECTION.json,1827,339acd47d25a50fc6ce7eb7cc8de37660bd0a1e722c20e56ab9ffb278b5938bd,2026-09-06T02:51:58.014458+00:00,qrec,Results 1.5; Supplement S7,D3D-SIR-S7.K2-OBSERVATIONAL-RANGE-SUPPORT-CONTRACT-V1,CANONICAL,yes,"The Case-B operational-contract revision: observational range support, tau = 1, threshold sensitivity, atomic audit, gas provenance resolution, K_REC_V1 to V2 changeset."
05_DIII_D_RECONSTRUCTION/09_Range_Support_Case_B_Revision/manifests/RANGE_SUPPORT_CONCEPT.json,D:\SIR_paper\DIIID_example\S7\K2_observational_range_support_contract\manifests\RANGE_SUPPORT_CONCEPT.json,2302,f8b5abec1958610cf0a5791cc466a070b8ab8d582fb967b89130cf0cf3b99c12,2026-09-06T02:49:44.757592+00:00,qrec,Results 1.5; Supplement S7,D3D-SIR-S7.K2-OBSERVATIONAL-RANGE-SUPPORT-CONTRACT-V1,CANONICAL,yes,"The Case-B operational-contract revision: observational range support, tau = 1, threshold sensitivity, atomic audit, gas provenance resolution, K_REC_V1 to V2 changeset."
05_DIII_D_RECONSTRUCTION/09_Range_Support_Case_B_Revision/manifests/RANGE_SUPPORT_DESIDERATA.json,D:\SIR_paper\DIIID_example\S7\K2_observational_range_support_contract\manifests\RANGE_SUPPORT_DESIDERATA.json,1797,ef5054345f1a2cbc3e70781153e6d25f877a3a83c06f6572d2519850f0189893,2026-09-06T02:49:44.758340+00:00,qrec,Results 1.5; Supplement S7,D3D-SIR-S7.K2-OBSERVATIONAL-RANGE-SUPPORT-CONTRACT-V1,CANONICAL,yes,"The Case-B operational-contract revision: observational range support, tau = 1, threshold sensitivity, atomic audit, gas provenance resolution, K_REC_V1 to V2 changeset."
05_DIII_D_RECONSTRUCTION/09_Range_Support_Case_B_Revision/manifests/RETROSPECTIVE_SANITY_CHECK.json,D:\SIR_paper\DIIID_example\S7\K2_observational_range_support_contract\manifests\RETROSPECTIVE_SANITY_CHECK.json,3063,c267111bc0c6ceaaeafa0e71ba9bb11ea935e23e63571b03d873c4e542d3dd58,2026-09-06T02:59:57.867665+00:00,qrec,Results 1.5; Supplement S7,D3D-SIR-S7.K2-OBSERVATIONAL-RANGE-SUPPORT-CONTRACT-V1,CANONICAL,yes,"The Case-B operational-contract revision: observational range support, tau = 1, threshold sensitivity, atomic audit, gas provenance resolution, K_REC_V1 to V2 changeset."
05_DIII_D_RECONSTRUCTION/09_Range_Support_Case_B_Revision/manifests/SEARCH_SPACE_CONSEQUENCE_AUDIT.json,D:\SIR_paper\DIIID_example\S7\K2_observational_range_support_contract\manifests\SEARCH_SPACE_CONSEQUENCE_AUDIT.json,2105,de73a55e8ea349deec8bcf5265ea1548f59bf07e93a8651923f9f4245b7612ed,2026-09-06T02:59:57.880783+00:00,qrec,Results 1.5; Supplement S7,D3D-SIR-S7.K2-OBSERVATIONAL-RANGE-SUPPORT-CONTRACT-V1,CANONICAL,yes,"The Case-B operational-contract revision: observational range support, tau = 1, threshold sensitivity, atomic audit, gas provenance resolution, K_REC_V1 to V2 changeset."
05_DIII_D_RECONSTRUCTION/09_Range_Support_Case_B_Revision/manifests/THRESHOLD_GRID.json,D:\SIR_paper\DIIID_example\S7\K2_observational_range_support_contract\manifests\THRESHOLD_GRID.json,651,98951146f6ff13a5ef702c622b589d35a42ca4244ef0448a1e83987bfa382a8f,2026-09-06T02:51:57.916439+00:00,qrec,Results 1.5; Supplement S7,D3D-SIR-S7.K2-OBSERVATIONAL-RANGE-SUPPORT-CONTRACT-V1,CANONICAL,yes,"The Case-B operational-contract revision: observational range support, tau = 1, threshold sensitivity, atomic audit, gas provenance resolution, K_REC_V1 to V2 changeset."
05_DIII_D_RECONSTRUCTION/09_Range_Support_Case_B_Revision/manifests/_k2_scores.npz,D:\SIR_paper\DIIID_example\S7\K2_observational_range_support_contract\manifests\_k2_scores.npz,3982924,8736701a04952a1345ac9200f6ac787721fe9b92a46fcc55971bd45790094c25,2026-09-06T02:50:58.772310+00:00,qrec,Results 1.5; Supplement S7,D3D-SIR-S7.K2-OBSERVATIONAL-RANGE-SUPPORT-CONTRACT-V1,CANONICAL,yes,"The Case-B operational-contract revision: observational range support, tau = 1, threshold sensitivity, atomic audit, gas provenance resolution, K_REC_V1 to V2 changeset."
05_DIII_D_RECONSTRUCTION/09_Range_Support_Case_B_Revision/manifests/retrospective_sanity_check.csv,D:\SIR_paper\DIIID_example\S7\K2_observational_range_support_contract\manifests\retrospective_sanity_check.csv,662,7b3141401e7a44759f1d043866102cd122bac1cadeabad9a8b1554a13397929f,2026-09-06T02:59:57.865661+00:00,qrec,Results 1.5; Supplement S7,D3D-SIR-S7.K2-OBSERVATIONAL-RANGE-SUPPORT-CONTRACT-V1,CANONICAL,yes,"The Case-B operational-contract revision: observational range support, tau = 1, threshold sensitivity, atomic audit, gas provenance resolution, K_REC_V1 to V2 changeset."
05_DIII_D_RECONSTRUCTION/09_Range_Support_Case_B_Revision/range_support_atomic_audit.csv,D:\SIR_paper\DIIID_example\S7\K2_observational_range_support_contract\range_support_atomic_audit.csv,577,f4b843882fb2d0d18476b124bbbc62ed8d2f28ca0bae3cbc33e0e388cb96ae3d,2026-09-06T02:50:58.462448+00:00,qrec,Results 1.5; Supplement S7,D3D-SIR-S7.K2-OBSERVATIONAL-RANGE-SUPPORT-CONTRACT-V1,CANONICAL,yes,"The Case-B operational-contract revision: observational range support, tau = 1, threshold sensitivity, atomic audit, gas provenance resolution, K_REC_V1 to V2 changeset."
05_DIII_D_RECONSTRUCTION/09_Range_Support_Case_B_Revision/range_support_constructor_summary.csv,D:\SIR_paper\DIIID_example\S7\K2_observational_range_support_contract\range_support_constructor_summary.csv,1901,15ad135aeeec7dad8f91114f5ea76475c5011a62b5a66aaf2f691dd0886aa216,2026-09-06T02:50:58.535705+00:00,qrec,Results 1.5; Supplement S7,D3D-SIR-S7.K2-OBSERVATIONAL-RANGE-SUPPORT-CONTRACT-V1,CANONICAL,yes,"The Case-B operational-contract revision: observational range support, tau = 1, threshold sensitivity, atomic audit, gas provenance resolution, K_REC_V1 to V2 changeset."
05_DIII_D_RECONSTRUCTION/09_Range_Support_Case_B_Revision/range_support_family_support_audit.csv,D:\SIR_paper\DIIID_example\S7\K2_observational_range_support_contract\range_support_family_support_audit.csv,288,7444bdc3925017a34dfe5c6c5d47d4a2b913acebda819b270d05764ddeeed3d3,2026-09-06T02:51:58.012952+00:00,qrec,Results 1.5; Supplement S7,D3D-SIR-S7.K2-OBSERVATIONAL-RANGE-SUPPORT-CONTRACT-V1,CANONICAL,yes,"The Case-B operational-contract revision: observational range support, tau = 1, threshold sensitivity, atomic audit, gas provenance resolution, K_REC_V1 to V2 changeset."
05_DIII_D_RECONSTRUCTION/09_Range_Support_Case_B_Revision/range_support_threshold_sensitivity.csv,D:\SIR_paper\DIIID_example\S7\K2_observational_range_support_contract\range_support_threshold_sensitivity.csv,1624,89de1f60da9586a258d997db5912c8c42e3ecde0d1f94c1875ac4cb9123d578c,2026-09-06T02:51:57.989291+00:00,qrec,Results 1.5; Supplement S7,D3D-SIR-S7.K2-OBSERVATIONAL-RANGE-SUPPORT-CONTRACT-V1,CANONICAL,yes,"The Case-B operational-contract revision: observational range support, tau = 1, threshold sensitivity, atomic audit, gas provenance resolution, K_REC_V1 to V2 changeset."
05_DIII_D_RECONSTRUCTION/09_Range_Support_Case_B_Revision/scripts/s7_k2_a_prevalue.py,D:\SIR_paper\DIIID_example\S7\K2_observational_range_support_contract\scripts\s7_k2_a_prevalue.py,17396,43c89895e123573132ca144208fd8005a86a2ae142038132e3c79b4c42c14018,2026-09-06T02:49:37.832997+00:00,qrec,Results 1.5; Supplement S7,D3D-SIR-S7.K2-OBSERVATIONAL-RANGE-SUPPORT-CONTRACT-V1,CANONICAL,yes,"The Case-B operational-contract revision: observational range support, tau = 1, threshold sensitivity, atomic audit, gas provenance resolution, K_REC_V1 to V2 changeset."
05_DIII_D_RECONSTRUCTION/09_Range_Support_Case_B_Revision/scripts/s7_k2_b_stress.py,D:\SIR_paper\DIIID_example\S7\K2_observational_range_support_contract\scripts\s7_k2_b_stress.py,10700,7a1d4919aba046b01762307308d8629b482f05874e921e1fe7322facf3c9f580,2026-09-06T02:50:37.547109+00:00,qrec,Results 1.5; Supplement S7,D3D-SIR-S7.K2-OBSERVATIONAL-RANGE-SUPPORT-CONTRACT-V1,CANONICAL,yes,"The Case-B operational-contract revision: observational range support, tau = 1, threshold sensitivity, atomic audit, gas provenance resolution, K_REC_V1 to V2 changeset."
05_DIII_D_RECONSTRUCTION/09_Range_Support_Case_B_Revision/scripts/s7_k2_c_threshold.py,D:\SIR_paper\DIIID_example\S7\K2_observational_range_support_contract\scripts\s7_k2_c_threshold.py,8472,7c39d92f8aa5ddb56b991d44857f5a54d2661f82e7042b0ca522ad4d68585e14,2026-09-06T02:51:51.089358+00:00,qrec,Results 1.5; Supplement S7,D3D-SIR-S7.K2-OBSERVATIONAL-RANGE-SUPPORT-CONTRACT-V1,CANONICAL,yes,"The Case-B operational-contract revision: observational range support, tau = 1, threshold sensitivity, atomic audit, gas provenance resolution, K_REC_V1 to V2 changeset."
05_DIII_D_RECONSTRUCTION/09_Range_Support_Case_B_Revision/scripts/s7_k2_d_policy_and_freeze.py,D:\SIR_paper\DIIID_example\S7\K2_observational_range_support_contract\scripts\s7_k2_d_policy_and_freeze.py,35218,faed72762681adb7f8c438b598fcf587e610c37688d6f5d14758e0bb28c2f5e5,2026-09-06T02:55:15.352752+00:00,qrec,Results 1.5; Supplement S7,D3D-SIR-S7.K2-OBSERVATIONAL-RANGE-SUPPORT-CONTRACT-V1,CANONICAL,yes,"The Case-B operational-contract revision: observational range support, tau = 1, threshold sensitivity, atomic audit, gas provenance resolution, K_REC_V1 to V2 changeset."
05_DIII_D_RECONSTRUCTION/11_Descendant_Case_C_Contract/E2_0A_information_boundary/E2_0A_ACCEPTANCE_CHECKS.json,D:\SIR_paper\DIIID_example\S7\E2_0A_predictor_admissibility_reconciliation\E2_0A_ACCEPTANCE_CHECKS.json,3209,b33caf1e03cb3534643527fd4c61e49f8276c79262621b25a994d6deb88b433a,2026-09-06T04:47:45.694752+00:00,qrec,Results 1.5; Supplement S7,D3D-SIR-S7.E2.0A-PREDICTOR-SIDE-ADMISSIBILITY-RECONCILIATION-V1,CANONICAL,yes,"Transition-specific information boundary; tau_train retired; the 3,451-atom candidate basis C_E2_FULL_DOMAIN."
05_DIII_D_RECONSTRUCTION/11_Descendant_Case_C_Contract/E2_0A_information_boundary/E2_0A_CANDIDATE_BASIS.json,D:\SIR_paper\DIIID_example\S7\E2_0A_predictor_admissibility_reconciliation\E2_0A_CANDIDATE_BASIS.json,1622,e10e2eb6ce9a9082df590e3eac1d17f75f6b09c15d45b6ea6bae039e21cde077,2026-09-06T04:47:45.693555+00:00,qrec,Results 1.5; Supplement S7,D3D-SIR-S7.E2.0A-PREDICTOR-SIDE-ADMISSIBILITY-RECONCILIATION-V1,CANONICAL,yes,"Transition-specific information boundary; tau_train retired; the 3,451-atom candidate basis C_E2_FULL_DOMAIN."
05_DIII_D_RECONSTRUCTION/11_Descendant_Case_C_Contract/E2_0A_information_boundary/E2_0A_CHANGESET.json,D:\SIR_paper\DIIID_example\S7\E2_0A_predictor_admissibility_reconciliation\E2_0A_CHANGESET.json,2638,99d8b14b7fc14cf4fd82988c321c25e704577b77f9e75b58506515f7f38e81b9,2026-09-06T04:47:45.694250+00:00,qrec,Results 1.5; Supplement S7,D3D-SIR-S7.E2.0A-PREDICTOR-SIDE-ADMISSIBILITY-RECONCILIATION-V1,CANONICAL,yes,"Transition-specific information boundary; tau_train retired; the 3,451-atom candidate basis C_E2_FULL_DOMAIN."
05_DIII_D_RECONSTRUCTION/11_Descendant_Case_C_Contract/E2_0A_information_boundary/E2_0A_FIREWALL.json,D:\SIR_paper\DIIID_example\S7\E2_0A_predictor_admissibility_reconciliation\E2_0A_FIREWALL.json,740,7356c76fd75af85c62e58e3338404f20f9ae849cb88175a3fe0e71415b05c72c,2026-09-06T04:42:47.861739+00:00,qrec,Results 1.5; Supplement S7,D3D-SIR-S7.E2.0A-PREDICTOR-SIDE-ADMISSIBILITY-RECONCILIATION-V1,CANONICAL,yes,"Transition-specific information boundary; tau_train retired; the 3,451-atom candidate basis C_E2_FULL_DOMAIN."
05_DIII_D_RECONSTRUCTION/11_Descendant_Case_C_Contract/E2_0A_information_boundary/E2_0A_FREEZE.json,D:\SIR_paper\DIIID_example\S7\E2_0A_predictor_admissibility_reconciliation\E2_0A_FREEZE.json,6560,d0b956b8ca4d086f296bc647a14cc9e267b8fe6e67e05c79b172346024ddd81e,2026-09-06T04:47:45.753838+00:00,qrec,Results 1.5; Supplement S7,D3D-SIR-S7.E2.0A-PREDICTOR-SIDE-ADMISSIBILITY-RECONCILIATION-V1,CANONICAL,yes,"Transition-specific information boundary; tau_train retired; the 3,451-atom candidate basis C_E2_FULL_DOMAIN."
05_DIII_D_RECONSTRUCTION/11_Descendant_Case_C_Contract/E2_0A_information_boundary/E2_0A_INFORMATION_BOUNDARY.json,D:\SIR_paper\DIIID_example\S7\E2_0A_predictor_admissibility_reconciliation\E2_0A_INFORMATION_BOUNDARY.json,5887,372cc3238e38e8f4859c2994883413f0f778ef76294164bd5f2abc3a0132291f,2026-09-06T04:47:45.693555+00:00,qrec,Results 1.5; Supplement S7,D3D-SIR-S7.E2.0A-PREDICTOR-SIDE-ADMISSIBILITY-RECONCILIATION-V1,CANONICAL,yes,"Transition-specific information boundary; tau_train retired; the 3,451-atom candidate basis C_E2_FULL_DOMAIN."
05_DIII_D_RECONSTRUCTION/11_Descendant_Case_C_Contract/E2_0A_information_boundary/E2_0A_INFORMATION_FLOW.md,D:\SIR_paper\DIIID_example\S7\E2_0A_predictor_admissibility_reconciliation\E2_0A_INFORMATION_FLOW.md,5555,8af40fa291ea4bc5bcfd799de611efddda75cbec364b4654d0c3ad64577ccb22,2026-09-06T04:45:20.633951+00:00,qrec,Results 1.5; Supplement S7,D3D-SIR-S7.E2.0A-PREDICTOR-SIDE-ADMISSIBILITY-RECONCILIATION-V1,CANONICAL,yes,"Transition-specific information boundary; tau_train retired; the 3,451-atom candidate basis C_E2_FULL_DOMAIN."
05_DIII_D_RECONSTRUCTION/11_Descendant_Case_C_Contract/E2_0A_information_boundary/E2_0A_PROTOCOL.json,D:\SIR_paper\DIIID_example\S7\E2_0A_predictor_admissibility_reconciliation\E2_0A_PROTOCOL.json,6384,2c8b87cbbbed82d77852566d00d76387ba5b7728afe5e750772f8290914cb180,2026-09-06T04:47:45.694250+00:00,qrec,Results 1.5; Supplement S7,D3D-SIR-S7.E2.0A-PREDICTOR-SIDE-ADMISSIBILITY-RECONCILIATION-V1,CANONICAL,yes,"Transition-specific information boundary; tau_train retired; the 3,451-atom candidate basis C_E2_FULL_DOMAIN."
05_DIII_D_RECONSTRUCTION/11_Descendant_Case_C_Contract/E2_0A_information_boundary/E2_0A_PROTOCOL_RECONCILIATION_AUDIT_REPORT.md,D:\SIR_paper\DIIID_example\S7\E2_0A_predictor_admissibility_reconciliation\E2_0A_PROTOCOL_RECONCILIATION_AUDIT_REPORT.md,10344,1bd151e1cc82ab7e0fe0943d7ef0f07f57cee7e25a9f123d84a0babf5548fac2,2026-09-06T04:47:00.837055+00:00,qrec,Results 1.5; Supplement S7,D3D-SIR-S7.E2.0A-PREDICTOR-SIDE-ADMISSIBILITY-RECONCILIATION-V1,CANONICAL,yes,"Transition-specific information boundary; tau_train retired; the 3,451-atom candidate basis C_E2_FULL_DOMAIN."
05_DIII_D_RECONSTRUCTION/11_Descendant_Case_C_Contract/E2_0A_information_boundary/E2_0A_PROTOCOL_RECONCILIATION_FINAL.md,D:\SIR_paper\DIIID_example\S7\E2_0A_predictor_admissibility_reconciliation\E2_0A_PROTOCOL_RECONCILIATION_FINAL.md,6438,ecdff712e6b8dedcacc136991b59f71e834d6042cb6e9273a7c1d5e9187ebe2d,2026-09-06T04:45:48.770312+00:00,qrec,Results 1.5; Supplement S7,D3D-SIR-S7.E2.0A-PREDICTOR-SIDE-ADMISSIBILITY-RECONCILIATION-V1,CANONICAL,yes,"Transition-specific information boundary; tau_train retired; the 3,451-atom candidate basis C_E2_FULL_DOMAIN."
05_DIII_D_RECONSTRUCTION/11_Descendant_Case_C_Contract/E2_0A_information_boundary/MANIFEST.json,D:\SIR_paper\DIIID_example\S7\E2_0A_predictor_admissibility_reconciliation\MANIFEST.json,2097,ed9444c70c64ad870e849e0a40cf4c91333bf494f877ad735d35e8dd513c5596,2026-09-08T00:51:17.556152+00:00,qrec,Results 1.5; Supplement S7,D3D-SIR-S7.E2.0A-PREDICTOR-SIDE-ADMISSIBILITY-RECONCILIATION-V1,CANONICAL,yes,"Transition-specific information boundary; tau_train retired; the 3,451-atom candidate basis C_E2_FULL_DOMAIN."
05_DIII_D_RECONSTRUCTION/11_Descendant_Case_C_Contract/E2_0A_information_boundary/README.md,D:\SIR_paper\DIIID_example\S7\E2_0A_predictor_admissibility_reconciliation\README.md,6128,d8679712a4c1036f8193fd73f29fada1fec4348f5102b551be0e7b238fb50208,2026-09-06T04:47:32.844694+00:00,qrec,Results 1.5; Supplement S7,D3D-SIR-S7.E2.0A-PREDICTOR-SIDE-ADMISSIBILITY-RECONCILIATION-V1,CANONICAL,yes,"Transition-specific information boundary; tau_train retired; the 3,451-atom candidate basis C_E2_FULL_DOMAIN."
05_DIII_D_RECONSTRUCTION/11_Descendant_Case_C_Contract/E2_0A_information_boundary/RECOMMENDATION_FOR_E2_1.md,D:\SIR_paper\DIIID_example\S7\E2_0A_predictor_admissibility_reconciliation\RECOMMENDATION_FOR_E2_1.md,4737,9a50fcba1c3202fc96ffc2bda04b334f99298170707cd2e89ab91a76a8513984,2026-09-06T04:46:14.276277+00:00,qrec,Results 1.5; Supplement S7,D3D-SIR-S7.E2.0A-PREDICTOR-SIDE-ADMISSIBILITY-RECONCILIATION-V1,CANONICAL,yes,"Transition-specific information boundary; tau_train retired; the 3,451-atom candidate basis C_E2_FULL_DOMAIN."
05_DIII_D_RECONSTRUCTION/11_Descendant_Case_C_Contract/E2_0A_information_boundary/index.html,D:\SIR_paper\DIIID_example\S7\E2_0A_predictor_admissibility_reconciliation\index.html,7526,2525f49bc010cd516c2b6ca7d5aca8a8f62693566fe913cb30d94ac0b6fa036e,2026-09-08T00:51:17.556886+00:00,qrec,Results 1.5; Supplement S7,D3D-SIR-S7.E2.0A-PREDICTOR-SIDE-ADMISSIBILITY-RECONCILIATION-V1,CANONICAL,yes,"Transition-specific information boundary; tau_train retired; the 3,451-atom candidate basis C_E2_FULL_DOMAIN."
05_DIII_D_RECONSTRUCTION/11_Descendant_Case_C_Contract/E2_0A_information_boundary/manifests/C_E2_FULL_DOMAIN.csv,D:\SIR_paper\DIIID_example\S7\E2_0A_predictor_admissibility_reconciliation\manifests\C_E2_FULL_DOMAIN.csv,98505,27a3af4462a17977c8d8c1393f03d1d98af19d9fda893c8a055b4f54ce5f5fd4,2026-09-06T04:42:47.995291+00:00,qrec,Results 1.5; Supplement S7,D3D-SIR-S7.E2.0A-PREDICTOR-SIDE-ADMISSIBILITY-RECONCILIATION-V1,CANONICAL,yes,"Transition-specific information boundary; tau_train retired; the 3,451-atom candidate basis C_E2_FULL_DOMAIN."
05_DIII_D_RECONSTRUCTION/11_Descendant_Case_C_Contract/E2_0A_information_boundary/manifests/E2_0A_VERIFICATION.json,D:\SIR_paper\DIIID_example\S7\E2_0A_predictor_admissibility_reconciliation\manifests\E2_0A_VERIFICATION.json,4326,42b07dbb05df3f561b1b001bf4d958d27a62a0af39a2ed87fde63c755d5bfe7e,2026-09-06T04:42:48.016706+00:00,qrec,Results 1.5; Supplement S7,D3D-SIR-S7.E2.0A-PREDICTOR-SIDE-ADMISSIBILITY-RECONCILIATION-V1,CANONICAL,yes,"Transition-specific information boundary; tau_train retired; the 3,451-atom candidate basis C_E2_FULL_DOMAIN."
05_DIII_D_RECONSTRUCTION/11_Descendant_Case_C_Contract/E2_0A_information_boundary/scripts/e2_0a_a_verify.py,D:\SIR_paper\DIIID_example\S7\E2_0A_predictor_admissibility_reconciliation\scripts\e2_0a_a_verify.py,12475,76d932e396f861af43a25596afb1fddef5cb7f0796b2a5da3eefe422dee55157,2026-09-06T04:42:40.826972+00:00,qrec,Results 1.5; Supplement S7,D3D-SIR-S7.E2.0A-PREDICTOR-SIDE-ADMISSIBILITY-RECONCILIATION-V1,CANONICAL,yes,"Transition-specific information boundary; tau_train retired; the 3,451-atom candidate basis C_E2_FULL_DOMAIN."
05_DIII_D_RECONSTRUCTION/11_Descendant_Case_C_Contract/E2_0A_information_boundary/scripts/e2_0a_b_protocol.py,D:\SIR_paper\DIIID_example\S7\E2_0A_predictor_admissibility_reconciliation\scripts\e2_0a_b_protocol.py,30268,1be9142227ac237fbeb0518caaaf440e91758bd00b2adfbac7ef32f3deef728c,2026-09-06T04:44:47.247602+00:00,qrec,Results 1.5; Supplement S7,D3D-SIR-S7.E2.0A-PREDICTOR-SIDE-ADMISSIBILITY-RECONCILIATION-V1,CANONICAL,yes,"Transition-specific information boundary; tau_train retired; the 3,451-atom candidate basis C_E2_FULL_DOMAIN."
05_DIII_D_RECONSTRUCTION/11_Descendant_Case_C_Contract/E2_0_protocol/E2_0_ACCEPTANCE_CHECKS.json,D:\SIR_paper\DIIID_example\S7\E2_0_protocol_and_resampling_freeze\E2_0_ACCEPTANCE_CHECKS.json,3174,9ad1392aebea20385a68d93013693a416bf2f5ef58eeb31b7de3b023383d5dd7,2026-09-06T04:02:06.735739+00:00,qrec,Results 1.5; Supplement S7,D3D-SIR-S7.E2.0-DISCOVERY-EPOCH2-PROTOCOL-V1,CANONICAL,yes,"The descendant claim-branch contract: six deterministic folds, access policy, search budget, qualification policy, stop rule."
05_DIII_D_RECONSTRUCTION/11_Descendant_Case_C_Contract/E2_0_protocol/E2_0_FREEZE.json,D:\SIR_paper\DIIID_example\S7\E2_0_protocol_and_resampling_freeze\E2_0_FREEZE.json,7279,89af08c32468f0c9fc97046db47affa09a2cc864759e4b28374ddd5baa3842e6,2026-09-06T04:02:06.802014+00:00,qrec,Results 1.5; Supplement S7,D3D-SIR-S7.E2.0-DISCOVERY-EPOCH2-PROTOCOL-V1,CANONICAL,yes,"The descendant claim-branch contract: six deterministic folds, access policy, search budget, qualification policy, stop rule."
05_DIII_D_RECONSTRUCTION/11_Descendant_Case_C_Contract/E2_0_protocol/E2_0_PROTOCOL_AUDIT_REPORT.md,D:\SIR_paper\DIIID_example\S7\E2_0_protocol_and_resampling_freeze\E2_0_PROTOCOL_AUDIT_REPORT.md,9642,78fceed33833f7034be12477da911362b0f2f907c4c0e6f4d81cc3e3dafff782,2026-09-06T04:01:21.415358+00:00,qrec,Results 1.5; Supplement S7,D3D-SIR-S7.E2.0-DISCOVERY-EPOCH2-PROTOCOL-V1,CANONICAL,yes,"The descendant claim-branch contract: six deterministic folds, access policy, search budget, qualification policy, stop rule."
05_DIII_D_RECONSTRUCTION/11_Descendant_Case_C_Contract/E2_0_protocol/E2_0_PROTOCOL_FINAL.md,D:\SIR_paper\DIIID_example\S7\E2_0_protocol_and_resampling_freeze\E2_0_PROTOCOL_FINAL.md,5801,ff215b7628797a0dc9f146296d9b06c5c16fe1e00e743fb8fbe94ff9c4692306,2026-09-06T03:59:45.944236+00:00,qrec,Results 1.5; Supplement S7,D3D-SIR-S7.E2.0-DISCOVERY-EPOCH2-PROTOCOL-V1,CANONICAL,yes,"The descendant claim-branch contract: six deterministic folds, access policy, search budget, qualification policy, stop rule."
05_DIII_D_RECONSTRUCTION/11_Descendant_Case_C_Contract/E2_0_protocol/E2_PROTOCOL_FIREWALL.json,D:\SIR_paper\DIIID_example\S7\E2_0_protocol_and_resampling_freeze\E2_PROTOCOL_FIREWALL.json,917,3c3dcb04725b7615dc5450add9f2c154d088a20847ff1dfd5c5dd8a95a47ddf3,2026-09-06T03:53:06.886952+00:00,qrec,Results 1.5; Supplement S7,D3D-SIR-S7.E2.0-DISCOVERY-EPOCH2-PROTOCOL-V1,CANONICAL,yes,"The descendant claim-branch contract: six deterministic folds, access policy, search budget, qualification policy, stop rule."
05_DIII_D_RECONSTRUCTION/11_Descendant_Case_C_Contract/E2_0_protocol/EPOCH2_ACCESS_POLICY.json,D:\SIR_paper\DIIID_example\S7\E2_0_protocol_and_resampling_freeze\EPOCH2_ACCESS_POLICY.json,2678,3015599bd640ea86e1e89b0fbdb4072f605c5bf6121e5dc2bda7b2a6227952fb,2026-09-06T04:02:06.727527+00:00,qrec,Results 1.5; Supplement S7,D3D-SIR-S7.E2.0-DISCOVERY-EPOCH2-PROTOCOL-V1,CANONICAL,yes,"The descendant claim-branch contract: six deterministic folds, access policy, search budget, qualification policy, stop rule."
05_DIII_D_RECONSTRUCTION/11_Descendant_Case_C_Contract/E2_0_protocol/EPOCH2_CLAIM_BOUNDARY.md,D:\SIR_paper\DIIID_example\S7\E2_0_protocol_and_resampling_freeze\EPOCH2_CLAIM_BOUNDARY.md,3903,faae102a53dd951a144ab999d90f06abb0e168444a9226e8a76b3dedcc44290a,2026-09-06T03:58:52.543210+00:00,qrec,Results 1.5; Supplement S7,D3D-SIR-S7.E2.0-DISCOVERY-EPOCH2-PROTOCOL-V1,CANONICAL,yes,"The descendant claim-branch contract: six deterministic folds, access policy, search budget, qualification policy, stop rule."
05_DIII_D_RECONSTRUCTION/11_Descendant_Case_C_Contract/E2_0_protocol/EPOCH2_PROTOCOL.json,D:\SIR_paper\DIIID_example\S7\E2_0_protocol_and_resampling_freeze\EPOCH2_PROTOCOL.json,3017,f39c94707d8c28bccb48af39d8d4ff8579b4d5051dfdd35a80f5a10cf7ede284,2026-09-06T04:02:06.728903+00:00,qrec,Results 1.5; Supplement S7,D3D-SIR-S7.E2.0-DISCOVERY-EPOCH2-PROTOCOL-V1,CANONICAL,yes,"The descendant claim-branch contract: six deterministic folds, access policy, search budget, qualification policy, stop rule."
05_DIII_D_RECONSTRUCTION/11_Descendant_Case_C_Contract/E2_0_protocol/EPOCH2_QUALIFICATION_POLICY.json,D:\SIR_paper\DIIID_example\S7\E2_0_protocol_and_resampling_freeze\EPOCH2_QUALIFICATION_POLICY.json,4473,202749c0a0f00b1b1c5743bd218cd5077980af8c57d94e1607739875426e8c34,2026-09-06T04:02:06.728311+00:00,qrec,Results 1.5; Supplement S7,D3D-SIR-S7.E2.0-DISCOVERY-EPOCH2-PROTOCOL-V1,CANONICAL,yes,"The descendant claim-branch contract: six deterministic folds, access policy, search budget, qualification policy, stop rule."
05_DIII_D_RECONSTRUCTION/11_Descendant_Case_C_Contract/E2_0_protocol/EPOCH2_RANGE_SUPPORT_POLICY.json,D:\SIR_paper\DIIID_example\S7\E2_0_protocol_and_resampling_freeze\EPOCH2_RANGE_SUPPORT_POLICY.json,2939,a61b3e29b77a638c3304864667f4e5021f1fe12c3704d985a235509aa7547222,2026-09-06T04:02:06.727527+00:00,qrec,Results 1.5; Supplement S7,D3D-SIR-S7.E2.0-DISCOVERY-EPOCH2-PROTOCOL-V1,CANONICAL,yes,"The descendant claim-branch contract: six deterministic folds, access policy, search budget, qualification policy, stop rule."
05_DIII_D_RECONSTRUCTION/11_Descendant_Case_C_Contract/E2_0_protocol/EPOCH2_SEARCH_BUDGET.json,D:\SIR_paper\DIIID_example\S7\E2_0_protocol_and_resampling_freeze\EPOCH2_SEARCH_BUDGET.json,1064,16f93ce9e5450d283c9de0ad0f519799d5508a480be2fe17cfbf42afea52acd4,2026-09-06T04:02:06.728311+00:00,qrec,Results 1.5; Supplement S7,D3D-SIR-S7.E2.0-DISCOVERY-EPOCH2-PROTOCOL-V1,CANONICAL,yes,"The descendant claim-branch contract: six deterministic folds, access policy, search budget, qualification policy, stop rule."
05_DIII_D_RECONSTRUCTION/11_Descendant_Case_C_Contract/E2_0_protocol/EPOCH2_STOP_RULE.md,D:\SIR_paper\DIIID_example\S7\E2_0_protocol_and_resampling_freeze\EPOCH2_STOP_RULE.md,3461,88d7cc00df726defb0e1cd57b763e2822f22fac03c659b87094541921948f4b6,2026-09-06T03:59:17.702514+00:00,qrec,Results 1.5; Supplement S7,D3D-SIR-S7.E2.0-DISCOVERY-EPOCH2-PROTOCOL-V1,CANONICAL,yes,"The descendant claim-branch contract: six deterministic folds, access policy, search budget, qualification policy, stop rule."
05_DIII_D_RECONSTRUCTION/11_Descendant_Case_C_Contract/E2_0_protocol/MANIFEST.json,D:\SIR_paper\DIIID_example\S7\E2_0_protocol_and_resampling_freeze\MANIFEST.json,2437,a3ef04d67d45f63c12aa9fd9b5580e5ad768c71c9bda00a960305a7a476bf209,2026-09-08T00:51:17.553522+00:00,qrec,Results 1.5; Supplement S7,D3D-SIR-S7.E2.0-DISCOVERY-EPOCH2-PROTOCOL-V1,CANONICAL,yes,"The descendant claim-branch contract: six deterministic folds, access policy, search budget, qualification policy, stop rule."
05_DIII_D_RECONSTRUCTION/11_Descendant_Case_C_Contract/E2_0_protocol/README.md,D:\SIR_paper\DIIID_example\S7\E2_0_protocol_and_resampling_freeze\README.md,6281,dc6c84d0a79387778b3cb4d470a7e3c0896158f7c67ab4a46d8e52254c66e754,2026-09-06T04:01:55.564974+00:00,qrec,Results 1.5; Supplement S7,D3D-SIR-S7.E2.0-DISCOVERY-EPOCH2-PROTOCOL-V1,CANONICAL,yes,"The descendant claim-branch contract: six deterministic folds, access policy, search budget, qualification policy, stop rule."
05_DIII_D_RECONSTRUCTION/11_Descendant_Case_C_Contract/E2_0_protocol/index.html,D:\SIR_paper\DIIID_example\S7\E2_0_protocol_and_resampling_freeze\index.html,7904,dc536b43e51ebcd7279e936d2d9725e8d51ae830128fbbd0f1c397580ad74c96,2026-09-08T00:51:17.554626+00:00,qrec,Results 1.5; Supplement S7,D3D-SIR-S7.E2.0-DISCOVERY-EPOCH2-PROTOCOL-V1,CANONICAL,yes,"The descendant claim-branch contract: six deterministic folds, access policy, search budget, qualification policy, stop rule."
05_DIII_D_RECONSTRUCTION/11_Descendant_Case_C_Contract/E2_0_protocol/manifests/APPLICABILITY_FEASIBILITY.json,D:\SIR_paper\DIIID_example\S7\E2_0_protocol_and_resampling_freeze\manifests\APPLICABILITY_FEASIBILITY.json,5428,cfb801a06964b91f59d72648e3088d0142add869d9ef50bcf91b7e5f6360aa23,2026-09-06T03:58:10.251351+00:00,qrec,Results 1.5; Supplement S7,D3D-SIR-S7.E2.0-DISCOVERY-EPOCH2-PROTOCOL-V1,CANONICAL,yes,"The descendant claim-branch contract: six deterministic folds, access policy, search budget, qualification policy, stop rule."
05_DIII_D_RECONSTRUCTION/11_Descendant_Case_C_Contract/E2_0_protocol/manifests/E2_0_ACCESS_LOG.json,D:\SIR_paper\DIIID_example\S7\E2_0_protocol_and_resampling_freeze\manifests\E2_0_ACCESS_LOG.json,428,354b4f5e3259a6f535ede04070dcd0a10f0cddc62e6fa86e4594211f80dba582,2026-09-06T03:53:19.544691+00:00,qrec,Results 1.5; Supplement S7,D3D-SIR-S7.E2.0-DISCOVERY-EPOCH2-PROTOCOL-V1,CANONICAL,yes,"The descendant claim-branch contract: six deterministic folds, access policy, search budget, qualification policy, stop rule."
05_DIII_D_RECONSTRUCTION/11_Descendant_Case_C_Contract/E2_0_protocol/manifests/FOLD_DESIGN.json,D:\SIR_paper\DIIID_example\S7\E2_0_protocol_and_resampling_freeze\manifests\FOLD_DESIGN.json,10927,d718b78616a9bc9969eb82ce64baa8605a951d0db152a38aa580091457915249,2026-09-06T03:53:19.577415+00:00,qrec,Results 1.5; Supplement S7,D3D-SIR-S7.E2.0-DISCOVERY-EPOCH2-PROTOCOL-V1,CANONICAL,yes,"The descendant claim-branch contract: six deterministic folds, access policy, search budget, qualification policy, stop rule."
05_DIII_D_RECONSTRUCTION/11_Descendant_Case_C_Contract/E2_0_protocol/manifests/applicability_feasibility.csv,D:\SIR_paper\DIIID_example\S7\E2_0_protocol_and_resampling_freeze\manifests\applicability_feasibility.csv,311,ddda94563ff7ebb384b5b2544ce369241130ec6c2dcb28551d3a85c425c1cf02,2026-09-06T03:58:10.087204+00:00,qrec,Results 1.5; Supplement S7,D3D-SIR-S7.E2.0-DISCOVERY-EPOCH2-PROTOCOL-V1,CANONICAL,yes,"The descendant claim-branch contract: six deterministic folds, access policy, search budget, qualification policy, stop rule."
05_DIII_D_RECONSTRUCTION/11_Descendant_Case_C_Contract/E2_0_protocol/manifests/fold_training_admissible_basis.csv,D:\SIR_paper\DIIID_example\S7\E2_0_protocol_and_resampling_freeze\manifests\fold_training_admissible_basis.csv,752,f0ba428046f70dfd13bb50d68eae59763fc8ce8479bd6b234c8d05bb02d3904a,2026-09-06T03:53:19.544192+00:00,qrec,Results 1.5; Supplement S7,D3D-SIR-S7.E2.0-DISCOVERY-EPOCH2-PROTOCOL-V1,CANONICAL,yes,"The descendant claim-branch contract: six deterministic folds, access policy, search budget, qualification policy, stop rule."
05_DIII_D_RECONSTRUCTION/11_Descendant_Case_C_Contract/E2_0_protocol/manifests/heldout_discharge_hostility.csv,D:\SIR_paper\DIIID_example\S7\E2_0_protocol_and_resampling_freeze\manifests\heldout_discharge_hostility.csv,2541,a8684bbd00d9e6fba74859c6b901ee357a3202d17f9b1848aa4aef1314fc3e08,2026-09-06T03:58:10.249556+00:00,qrec,Results 1.5; Supplement S7,D3D-SIR-S7.E2.0-DISCOVERY-EPOCH2-PROTOCOL-V1,CANONICAL,yes,"The descendant claim-branch contract: six deterministic folds, access policy, search budget, qualification policy, stop rule."
05_DIII_D_RECONSTRUCTION/11_Descendant_Case_C_Contract/E2_0_protocol/outer_fold_assignment.csv,D:\SIR_paper\DIIID_example\S7\E2_0_protocol_and_resampling_freeze\outer_fold_assignment.csv,2074,61431d67c090d3bf98f08294ce101d4133628aeee5476f7d99398aa68f008c86,2026-09-06T03:53:06.897539+00:00,qrec,Results 1.5; Supplement S7,D3D-SIR-S7.E2.0-DISCOVERY-EPOCH2-PROTOCOL-V1,CANONICAL,yes,"The descendant claim-branch contract: six deterministic folds, access policy, search budget, qualification policy, stop rule."
05_DIII_D_RECONSTRUCTION/11_Descendant_Case_C_Contract/E2_0_protocol/outer_fold_balance.csv,D:\SIR_paper\DIIID_example\S7\E2_0_protocol_and_resampling_freeze\outer_fold_balance.csv,202,d4bafe50e602280973c08320ed4230b7759a2c271f170e5da16b15c01bb57ea7,2026-09-06T03:53:06.907437+00:00,qrec,Results 1.5; Supplement S7,D3D-SIR-S7.E2.0-DISCOVERY-EPOCH2-PROTOCOL-V1,CANONICAL,yes,"The descendant claim-branch contract: six deterministic folds, access policy, search budget, qualification policy, stop rule."
05_DIII_D_RECONSTRUCTION/11_Descendant_Case_C_Contract/E2_0_protocol/scripts/e2_0_a_folds.py,D:\SIR_paper\DIIID_example\S7\E2_0_protocol_and_resampling_freeze\scripts\e2_0_a_folds.py,17919,089d05df60ef9690731bdc495cd11438cc5570c74ce7a15de2fb6059ad30340e,2026-09-06T03:52:57.621360+00:00,qrec,Results 1.5; Supplement S7,D3D-SIR-S7.E2.0-DISCOVERY-EPOCH2-PROTOCOL-V1,CANONICAL,yes,"The descendant claim-branch contract: six deterministic folds, access policy, search budget, qualification policy, stop rule."
05_DIII_D_RECONSTRUCTION/11_Descendant_Case_C_Contract/E2_0_protocol/scripts/e2_0_b_policies.py,D:\SIR_paper\DIIID_example\S7\E2_0_protocol_and_resampling_freeze\scripts\e2_0_b_policies.py,27066,53132d4027e9ad3ea35f60f054f59a26aa33acc869d9d1ab2ceb72a3233c6c32,2026-09-06T03:57:36.875833+00:00,qrec,Results 1.5; Supplement S7,D3D-SIR-S7.E2.0-DISCOVERY-EPOCH2-PROTOCOL-V1,CANONICAL,yes,"The descendant claim-branch contract: six deterministic folds, access policy, search budget, qualification policy, stop rule."
05_DIII_D_RECONSTRUCTION/11_Descendant_Case_C_Contract/E2_0_protocol/scripts/e2_0_c_feasibility.py,D:\SIR_paper\DIIID_example\S7\E2_0_protocol_and_resampling_freeze\scripts\e2_0_c_feasibility.py,5601,6a83195276e7008e584b5ae375d358c6bd625065b4a39f7b8cf367f3e1132451,2026-09-06T03:58:09.465165+00:00,qrec,Results 1.5; Supplement S7,D3D-SIR-S7.E2.0-DISCOVERY-EPOCH2-PROTOCOL-V1,CANONICAL,yes,"The descendant claim-branch contract: six deterministic folds, access policy, search budget, qualification policy, stop rule."
05_DIII_D_RECONSTRUCTION/12_Six_Fold_Target_Cross_Fitting/E2_1_ACCEPTANCE_CHECKS.json,D:\SIR_paper\DIIID_example\S7\E2_1_crossfitted_discovery_and_qualification\E2_1_ACCEPTANCE_CHECKS.json,3339,10daacbd55e6ab2dd7c8d24cc3eadfbec054301baed0b2ff4f3105f9a2fd6b2c,2026-09-06T05:24:38.232084+00:00,qrec,Results 1.5; Supplement S7,D3D-SIR-S7.E2.1-CROSSFITTED-DISCOVERY-AND-QUALIFICATION-V1,CANONICAL,yes,"THE QUALIFIED POSITIVE RESULT. Six fold searches, six size-12 supports, per-fold records, V-RANGE integrity, per-discharge and per-block held-out results, baselines, cross-fitted metrics, gate table, access audit."
05_DIII_D_RECONSTRUCTION/12_Six_Fold_Target_Cross_Fitting/E2_1_ACCESS_AUDIT.json,D:\SIR_paper\DIIID_example\S7\E2_1_crossfitted_discovery_and_qualification\E2_1_ACCESS_AUDIT.json,6108,d1d37754606e8e32ca9819e698e4ec127ed9aef2db18fa75f61327ed1deea443,2026-09-06T05:19:48.877992+00:00,qrec,Results 1.5; Supplement S7,D3D-SIR-S7.E2.1-CROSSFITTED-DISCOVERY-AND-QUALIFICATION-V1,CANONICAL,yes,"THE QUALIFIED POSITIVE RESULT. Six fold searches, six size-12 supports, per-fold records, V-RANGE integrity, per-discharge and per-block held-out results, baselines, cross-fitted metrics, gate table, access audit."
05_DIII_D_RECONSTRUCTION/12_Six_Fold_Target_Cross_Fitting/E2_1_AUDIT_REPORT.md,D:\SIR_paper\DIIID_example\S7\E2_1_crossfitted_discovery_and_qualification\E2_1_AUDIT_REPORT.md,8199,3bb94e3f825a013ee9821c79359c6e4f44fc68c6473947147c816b036783886a,2026-09-06T05:24:00.944432+00:00,qrec,Results 1.5; Supplement S7,D3D-SIR-S7.E2.1-CROSSFITTED-DISCOVERY-AND-QUALIFICATION-V1,CANONICAL,yes,"THE QUALIFIED POSITIVE RESULT. Six fold searches, six size-12 supports, per-fold records, V-RANGE integrity, per-discharge and per-block held-out results, baselines, cross-fitted metrics, gate table, access audit."
05_DIII_D_RECONSTRUCTION/12_Six_Fold_Target_Cross_Fitting/E2_1_CLAIM_BOUNDARY.md,D:\SIR_paper\DIIID_example\S7\E2_1_crossfitted_discovery_and_qualification\E2_1_CLAIM_BOUNDARY.md,3898,1d22c6c69b966398da6f24a7adce7fbe435dfc6c00553e401769c8e169466b2e,2026-09-06T05:21:26.687721+00:00,qrec,Results 1.5; Supplement S7,D3D-SIR-S7.E2.1-CROSSFITTED-DISCOVERY-AND-QUALIFICATION-V1,CANONICAL,yes,"THE QUALIFIED POSITIVE RESULT. Six fold searches, six size-12 supports, per-fold records, V-RANGE integrity, per-discharge and per-block held-out results, baselines, cross-fitted metrics, gate table, access audit."
05_DIII_D_RECONSTRUCTION/12_Six_Fold_Target_Cross_Fitting/E2_1_CROSSFITTED_METRICS.json,D:\SIR_paper\DIIID_example\S7\E2_1_crossfitted_discovery_and_qualification\E2_1_CROSSFITTED_METRICS.json,3931,c2adaabc1ca9e46dc68890893f5235c4645da6136fef62fea583c6f74f384410,2026-09-06T05:24:38.231053+00:00,qrec,Results 1.5; Supplement S7,D3D-SIR-S7.E2.1-CROSSFITTED-DISCOVERY-AND-QUALIFICATION-V1,CANONICAL,yes,"THE QUALIFIED POSITIVE RESULT. Six fold searches, six size-12 supports, per-fold records, V-RANGE integrity, per-discharge and per-block held-out results, baselines, cross-fitted metrics, gate table, access audit."
05_DIII_D_RECONSTRUCTION/12_Six_Fold_Target_Cross_Fitting/E2_1_FINAL_RESULT.md,D:\SIR_paper\DIIID_example\S7\E2_1_crossfitted_discovery_and_qualification\E2_1_FINAL_RESULT.md,5208,0dc2aa31db92ed2db8932a6d138fe5333aea655a27c0bfa225a18cf6bf53f58b,2026-09-06T05:22:30.426441+00:00,qrec,Results 1.5; Supplement S7,D3D-SIR-S7.E2.1-CROSSFITTED-DISCOVERY-AND-QUALIFICATION-V1,CANONICAL,yes,"THE QUALIFIED POSITIVE RESULT. Six fold searches, six size-12 supports, per-fold records, V-RANGE integrity, per-discharge and per-block held-out results, baselines, cross-fitted metrics, gate table, access audit."
05_DIII_D_RECONSTRUCTION/12_Six_Fold_Target_Cross_Fitting/E2_1_FREEZE.json,D:\SIR_paper\DIIID_example\S7\E2_1_crossfitted_discovery_and_qualification\E2_1_FREEZE.json,8275,25300460534ea0ff2708374c0c491343ed930018b604e2a499a58163be71f53d,2026-09-06T05:24:38.291494+00:00,qrec,Results 1.5; Supplement S7,D3D-SIR-S7.E2.1-CROSSFITTED-DISCOVERY-AND-QUALIFICATION-V1,CANONICAL,yes,"THE QUALIFIED POSITIVE RESULT. Six fold searches, six size-12 supports, per-fold records, V-RANGE integrity, per-discharge and per-block held-out results, baselines, cross-fitted metrics, gate table, access audit."
05_DIII_D_RECONSTRUCTION/12_Six_Fold_Target_Cross_Fitting/E2_1_GATE_TABLE.json,D:\SIR_paper\DIIID_example\S7\E2_1_crossfitted_discovery_and_qualification\E2_1_GATE_TABLE.json,1591,dcb911fdc316ece7fe1a08d0d83985469ec8274438ea0683d30816d690982c7a,2026-09-06T05:24:38.230404+00:00,qrec,Results 1.5; Supplement S7,D3D-SIR-S7.E2.1-CROSSFITTED-DISCOVERY-AND-QUALIFICATION-V1,CANONICAL,yes,"THE QUALIFIED POSITIVE RESULT. Six fold searches, six size-12 supports, per-fold records, V-RANGE integrity, per-discharge and per-block held-out results, baselines, cross-fitted metrics, gate table, access audit."
05_DIII_D_RECONSTRUCTION/12_Six_Fold_Target_Cross_Fitting/E2_1_MANUSCRIPT_RESULT.md,D:\SIR_paper\DIIID_example\S7\E2_1_crossfitted_discovery_and_qualification\E2_1_MANUSCRIPT_RESULT.md,3618,dee7e1fc08cc1e56e9bc180c58fd92886cacd0d9421608179a05b93fb7b5c4d8,2026-09-06T05:21:44.290732+00:00,qrec,Results 1.5; Supplement S7,D3D-SIR-S7.E2.1-CROSSFITTED-DISCOVERY-AND-QUALIFICATION-V1,CANONICAL,yes,"THE QUALIFIED POSITIVE RESULT. Six fold searches, six size-12 supports, per-fold records, V-RANGE integrity, per-discharge and per-block held-out results, baselines, cross-fitted metrics, gate table, access audit."
05_DIII_D_RECONSTRUCTION/12_Six_Fold_Target_Cross_Fitting/E2_1_RESULT.json,D:\SIR_paper\DIIID_example\S7\E2_1_crossfitted_discovery_and_qualification\E2_1_RESULT.json,6342,beff3124035eaac5788ae68654a5cf32310702431dde465e93361a361e887971,2026-09-06T05:24:38.230404+00:00,qrec,Results 1.5; Supplement S7,D3D-SIR-S7.E2.1-CROSSFITTED-DISCOVERY-AND-QUALIFICATION-V1,CANONICAL,yes,"THE QUALIFIED POSITIVE RESULT. Six fold searches, six size-12 supports, per-fold records, V-RANGE integrity, per-discharge and per-block held-out results, baselines, cross-fitted metrics, gate table, access audit."
05_DIII_D_RECONSTRUCTION/12_Six_Fold_Target_Cross_Fitting/E2_1_SUPPORT_FREEZES.json,D:\SIR_paper\DIIID_example\S7\E2_1_crossfitted_discovery_and_qualification\E2_1_SUPPORT_FREEZES.json,5992,a80373fd6fcf74f412ac60330c39c151b747b11e0b955b841e46509bbe19de87,2026-09-06T05:19:48.877236+00:00,qrec,Results 1.5; Supplement S7,D3D-SIR-S7.E2.1-CROSSFITTED-DISCOVERY-AND-QUALIFICATION-V1,CANONICAL,yes,"THE QUALIFIED POSITIVE RESULT. Six fold searches, six size-12 supports, per-fold records, V-RANGE integrity, per-discharge and per-block held-out results, baselines, cross-fitted metrics, gate table, access audit."
05_DIII_D_RECONSTRUCTION/12_Six_Fold_Target_Cross_Fitting/E2_1_SUPPORT_STABILITY.md,D:\SIR_paper\DIIID_example\S7\E2_1_crossfitted_discovery_and_qualification\E2_1_SUPPORT_STABILITY.md,3072,e474cbe28bb13eb545ea091757e44ef3a88fc43244450b08a46b1e5330251f68,2026-09-06T05:21:02.543455+00:00,qrec,Results 1.5; Supplement S7,D3D-SIR-S7.E2.1-CROSSFITTED-DISCOVERY-AND-QUALIFICATION-V1,CANONICAL,yes,"THE QUALIFIED POSITIVE RESULT. Six fold searches, six size-12 supports, per-fold records, V-RANGE integrity, per-discharge and per-block held-out results, baselines, cross-fitted metrics, gate table, access audit."
05_DIII_D_RECONSTRUCTION/12_Six_Fold_Target_Cross_Fitting/MANIFEST.json,D:\SIR_paper\DIIID_example\S7\E2_1_crossfitted_discovery_and_qualification\MANIFEST.json,2179,dd3153bcb0b3f66870401ce33fc12d36777573d599b0c099b8b244fae1c74bba,2026-09-08T00:51:17.558923+00:00,qrec,Results 1.5; Supplement S7,D3D-SIR-S7.E2.1-CROSSFITTED-DISCOVERY-AND-QUALIFICATION-V1,CANONICAL,yes,"THE QUALIFIED POSITIVE RESULT. Six fold searches, six size-12 supports, per-fold records, V-RANGE integrity, per-discharge and per-block held-out results, baselines, cross-fitted metrics, gate table, access audit."
05_DIII_D_RECONSTRUCTION/12_Six_Fold_Target_Cross_Fitting/README.md,D:\SIR_paper\DIIID_example\S7\E2_1_crossfitted_discovery_and_qualification\README.md,4699,1002d2ad890c9e13897a7d199d4977f257f2b09ada84577e2e153d9b55f0b192,2026-09-06T05:24:25.846354+00:00,qrec,Results 1.5; Supplement S7,D3D-SIR-S7.E2.1-CROSSFITTED-DISCOVERY-AND-QUALIFICATION-V1,CANONICAL,yes,"THE QUALIFIED POSITIVE RESULT. Six fold searches, six size-12 supports, per-fold records, V-RANGE integrity, per-discharge and per-block held-out results, baselines, cross-fitted metrics, gate table, access audit."
05_DIII_D_RECONSTRUCTION/12_Six_Fold_Target_Cross_Fitting/baseline_results.csv,D:\SIR_paper\DIIID_example\S7\E2_1_crossfitted_discovery_and_qualification\baseline_results.csv,887,d837fbcfba03ab8aeb0b14732b1bd1212995cc64024e9626fc45cb4d28e1b8c6,2026-09-06T05:24:38.226326+00:00,qrec,Results 1.5; Supplement S7,D3D-SIR-S7.E2.1-CROSSFITTED-DISCOVERY-AND-QUALIFICATION-V1,CANONICAL,yes,"THE QUALIFIED POSITIVE RESULT. Six fold searches, six size-12 supports, per-fold records, V-RANGE integrity, per-discharge and per-block held-out results, baselines, cross-fitted metrics, gate table, access audit."
05_DIII_D_RECONSTRUCTION/12_Six_Fold_Target_Cross_Fitting/constructor_recurrence.csv,D:\SIR_paper\DIIID_example\S7\E2_1_crossfitted_discovery_and_qualification\constructor_recurrence.csv,66,80324b0a8f588f186038e26eeecded4d1cdb2157af7cb3e51d2b0a8eb7be8967,2026-09-06T05:24:38.219400+00:00,qrec,Results 1.5; Supplement S7,D3D-SIR-S7.E2.1-CROSSFITTED-DISCOVERY-AND-QUALIFICATION-V1,CANONICAL,yes,"THE QUALIFIED POSITIVE RESULT. Six fold searches, six size-12 supports, per-fold records, V-RANGE integrity, per-discharge and per-block held-out results, baselines, cross-fitted metrics, gate table, access audit."
05_DIII_D_RECONSTRUCTION/12_Six_Fold_Target_Cross_Fitting/coordinate_recurrence.csv,D:\SIR_paper\DIIID_example\S7\E2_1_crossfitted_discovery_and_qualification\coordinate_recurrence.csv,1467,fec7a9d9c4b8383840dbed19c51b9e1dcdb9dfe00afedea594cfa65d6df9f38f,2026-09-06T05:24:38.217094+00:00,qrec,Results 1.5; Supplement S7,D3D-SIR-S7.E2.1-CROSSFITTED-DISCOVERY-AND-QUALIFICATION-V1,CANONICAL,yes,"THE QUALIFIED POSITIVE RESULT. Six fold searches, six size-12 supports, per-fold records, V-RANGE integrity, per-discharge and per-block held-out results, baselines, cross-fitted metrics, gate table, access audit."
05_DIII_D_RECONSTRUCTION/12_Six_Fold_Target_Cross_Fitting/fold_development_metrics.csv,D:\SIR_paper\DIIID_example\S7\E2_1_crossfitted_discovery_and_qualification\fold_development_metrics.csv,2192,14d83da24d0662ca312e06fec3f420deda116cde891dff20584e1aceb8f5ee6f,2026-09-06T05:24:38.227849+00:00,qrec,Results 1.5; Supplement S7,D3D-SIR-S7.E2.1-CROSSFITTED-DISCOVERY-AND-QUALIFICATION-V1,CANONICAL,yes,"THE QUALIFIED POSITIVE RESULT. Six fold searches, six size-12 supports, per-fold records, V-RANGE integrity, per-discharge and per-block held-out results, baselines, cross-fitted metrics, gate table, access audit."
05_DIII_D_RECONSTRUCTION/12_Six_Fold_Target_Cross_Fitting/fold_selected_supports.csv,D:\SIR_paper\DIIID_example\S7\E2_1_crossfitted_discovery_and_qualification\fold_selected_supports.csv,3796,d2e8100efdd7a6b33de3c2af20ee53c9a50c6f61fceaf60c153672071d1997df,2026-09-06T05:19:48.870006+00:00,qrec,Results 1.5; Supplement S7,D3D-SIR-S7.E2.1-CROSSFITTED-DISCOVERY-AND-QUALIFICATION-V1,CANONICAL,yes,"THE QUALIFIED POSITIVE RESULT. Six fold searches, six size-12 supports, per-fold records, V-RANGE integrity, per-discharge and per-block held-out results, baselines, cross-fitted metrics, gate table, access audit."
05_DIII_D_RECONSTRUCTION/12_Six_Fold_Target_Cross_Fitting/folds/fold_0_identities.json,D:\SIR_paper\DIIID_example\S7\E2_1_crossfitted_discovery_and_qualification\folds\fold_0_identities.json,1109,fc712648c1810b49903a8d344acf670136c8b0b46fb5b73699084fc3c291707e,2026-09-06T05:07:13.276395+00:00,qrec,Results 1.5; Supplement S7,D3D-SIR-S7.E2.1-CROSSFITTED-DISCOVERY-AND-QUALIFICATION-V1,CANONICAL,yes,"THE QUALIFIED POSITIVE RESULT. Six fold searches, six size-12 supports, per-fold records, V-RANGE integrity, per-discharge and per-block held-out results, baselines, cross-fitted metrics, gate table, access audit."
05_DIII_D_RECONSTRUCTION/12_Six_Fold_Target_Cross_Fitting/folds/fold_0_result.json,D:\SIR_paper\DIIID_example\S7\E2_1_crossfitted_discovery_and_qualification\folds\fold_0_result.json,2336,c94ff14b36a918c25f776b643200547dad2f0eb9df13a5aab21c346dd85aa637,2026-09-06T05:09:17.619267+00:00,qrec,Results 1.5; Supplement S7,D3D-SIR-S7.E2.1-CROSSFITTED-DISCOVERY-AND-QUALIFICATION-V1,CANONICAL,yes,"THE QUALIFIED POSITIVE RESULT. Six fold searches, six size-12 supports, per-fold records, V-RANGE integrity, per-discharge and per-block held-out results, baselines, cross-fitted metrics, gate table, access audit."
05_DIII_D_RECONSTRUCTION/12_Six_Fold_Target_Cross_Fitting/folds/fold_1_identities.json,D:\SIR_paper\DIIID_example\S7\E2_1_crossfitted_discovery_and_qualification\folds\fold_1_identities.json,1109,6ed51dbec50f6a4358a05eeb7552e30d58d18590a2cd0300c26581c855ddfcab,2026-09-06T05:09:17.657096+00:00,qrec,Results 1.5; Supplement S7,D3D-SIR-S7.E2.1-CROSSFITTED-DISCOVERY-AND-QUALIFICATION-V1,CANONICAL,yes,"THE QUALIFIED POSITIVE RESULT. Six fold searches, six size-12 supports, per-fold records, V-RANGE integrity, per-discharge and per-block held-out results, baselines, cross-fitted metrics, gate table, access audit."
05_DIII_D_RECONSTRUCTION/12_Six_Fold_Target_Cross_Fitting/folds/fold_1_result.json,D:\SIR_paper\DIIID_example\S7\E2_1_crossfitted_discovery_and_qualification\folds\fold_1_result.json,2400,65dc9eae229e5ba58509f890a5dd711452eff9f2286f26e55a02014b649ce09b,2026-09-06T05:11:21.169684+00:00,qrec,Results 1.5; Supplement S7,D3D-SIR-S7.E2.1-CROSSFITTED-DISCOVERY-AND-QUALIFICATION-V1,CANONICAL,yes,"THE QUALIFIED POSITIVE RESULT. Six fold searches, six size-12 supports, per-fold records, V-RANGE integrity, per-discharge and per-block held-out results, baselines, cross-fitted metrics, gate table, access audit."
05_DIII_D_RECONSTRUCTION/12_Six_Fold_Target_Cross_Fitting/folds/fold_2_identities.json,D:\SIR_paper\DIIID_example\S7\E2_1_crossfitted_discovery_and_qualification\folds\fold_2_identities.json,1109,50f61ee91f95293ca4744fef33d5271fb102e20b61554430808ef132730dd35a,2026-09-06T05:11:21.206449+00:00,qrec,Results 1.5; Supplement S7,D3D-SIR-S7.E2.1-CROSSFITTED-DISCOVERY-AND-QUALIFICATION-V1,CANONICAL,yes,"THE QUALIFIED POSITIVE RESULT. Six fold searches, six size-12 supports, per-fold records, V-RANGE integrity, per-discharge and per-block held-out results, baselines, cross-fitted metrics, gate table, access audit."
05_DIII_D_RECONSTRUCTION/12_Six_Fold_Target_Cross_Fitting/folds/fold_2_result.json,D:\SIR_paper\DIIID_example\S7\E2_1_crossfitted_discovery_and_qualification\folds\fold_2_result.json,2336,97edc3f8570b6b8ea855fed5031e7db50d36c9db6f89db8b05d29fce9c869f09,2026-09-06T05:13:20.066772+00:00,qrec,Results 1.5; Supplement S7,D3D-SIR-S7.E2.1-CROSSFITTED-DISCOVERY-AND-QUALIFICATION-V1,CANONICAL,yes,"THE QUALIFIED POSITIVE RESULT. Six fold searches, six size-12 supports, per-fold records, V-RANGE integrity, per-discharge and per-block held-out results, baselines, cross-fitted metrics, gate table, access audit."
05_DIII_D_RECONSTRUCTION/12_Six_Fold_Target_Cross_Fitting/folds/fold_3_identities.json,D:\SIR_paper\DIIID_example\S7\E2_1_crossfitted_discovery_and_qualification\folds\fold_3_identities.json,1109,cfe436ddfce86b36eb22bdcb5ab3a454bd7443cb85cf2f096b8618b36b63f643,2026-09-06T05:13:20.104400+00:00,qrec,Results 1.5; Supplement S7,D3D-SIR-S7.E2.1-CROSSFITTED-DISCOVERY-AND-QUALIFICATION-V1,CANONICAL,yes,"THE QUALIFIED POSITIVE RESULT. Six fold searches, six size-12 supports, per-fold records, V-RANGE integrity, per-discharge and per-block held-out results, baselines, cross-fitted metrics, gate table, access audit."
05_DIII_D_RECONSTRUCTION/12_Six_Fold_Target_Cross_Fitting/folds/fold_3_result.json,D:\SIR_paper\DIIID_example\S7\E2_1_crossfitted_discovery_and_qualification\folds\fold_3_result.json,2433,70d8cde215068b16646818c41d379d16a5eeada3dcb8871cbfbe9094afca4b76,2026-09-06T05:15:27.207722+00:00,qrec,Results 1.5; Supplement S7,D3D-SIR-S7.E2.1-CROSSFITTED-DISCOVERY-AND-QUALIFICATION-V1,CANONICAL,yes,"THE QUALIFIED POSITIVE RESULT. Six fold searches, six size-12 supports, per-fold records, V-RANGE integrity, per-discharge and per-block held-out results, baselines, cross-fitted metrics, gate table, access audit."
05_DIII_D_RECONSTRUCTION/12_Six_Fold_Target_Cross_Fitting/folds/fold_4_identities.json,D:\SIR_paper\DIIID_example\S7\E2_1_crossfitted_discovery_and_qualification\folds\fold_4_identities.json,1109,315007d123534ef67ec11ff7215e3039f61645b34582f04381fbdf873caa93a9,2026-09-06T05:15:27.248729+00:00,qrec,Results 1.5; Supplement S7,D3D-SIR-S7.E2.1-CROSSFITTED-DISCOVERY-AND-QUALIFICATION-V1,CANONICAL,yes,"THE QUALIFIED POSITIVE RESULT. Six fold searches, six size-12 supports, per-fold records, V-RANGE integrity, per-discharge and per-block held-out results, baselines, cross-fitted metrics, gate table, access audit."
05_DIII_D_RECONSTRUCTION/12_Six_Fold_Target_Cross_Fitting/folds/fold_4_result.json,D:\SIR_paper\DIIID_example\S7\E2_1_crossfitted_discovery_and_qualification\folds\fold_4_result.json,2417,4ae84b5abd522c1b49d02a1c5161c7530c3f39aaed7963c98fd32432721c8fbe,2026-09-06T05:17:42.187523+00:00,qrec,Results 1.5; Supplement S7,D3D-SIR-S7.E2.1-CROSSFITTED-DISCOVERY-AND-QUALIFICATION-V1,CANONICAL,yes,"THE QUALIFIED POSITIVE RESULT. Six fold searches, six size-12 supports, per-fold records, V-RANGE integrity, per-discharge and per-block held-out results, baselines, cross-fitted metrics, gate table, access audit."
05_DIII_D_RECONSTRUCTION/12_Six_Fold_Target_Cross_Fitting/folds/fold_5_identities.json,D:\SIR_paper\DIIID_example\S7\E2_1_crossfitted_discovery_and_qualification\folds\fold_5_identities.json,1109,6c257ac78953d58f193a9f294c70e4d1cd23d2159f0ac58e3a0f32090d422954,2026-09-06T05:17:42.227190+00:00,qrec,Results 1.5; Supplement S7,D3D-SIR-S7.E2.1-CROSSFITTED-DISCOVERY-AND-QUALIFICATION-V1,CANONICAL,yes,"THE QUALIFIED POSITIVE RESULT. Six fold searches, six size-12 supports, per-fold records, V-RANGE integrity, per-discharge and per-block held-out results, baselines, cross-fitted metrics, gate table, access audit."
05_DIII_D_RECONSTRUCTION/12_Six_Fold_Target_Cross_Fitting/folds/fold_5_result.json,D:\SIR_paper\DIIID_example\S7\E2_1_crossfitted_discovery_and_qualification\folds\fold_5_result.json,2387,bc3cbd795e9cccd5f6345e942d0e28625157752009c64484499dec074bacf5f5,2026-09-06T05:19:48.830563+00:00,qrec,Results 1.5; Supplement S7,D3D-SIR-S7.E2.1-CROSSFITTED-DISCOVERY-AND-QUALIFICATION-V1,CANONICAL,yes,"THE QUALIFIED POSITIVE RESULT. Six fold searches, six size-12 supports, per-fold records, V-RANGE integrity, per-discharge and per-block held-out results, baselines, cross-fitted metrics, gate table, access audit."
05_DIII_D_RECONSTRUCTION/12_Six_Fold_Target_Cross_Fitting/heldout_block_results.csv,D:\SIR_paper\DIIID_example\S7\E2_1_crossfitted_discovery_and_qualification\heldout_block_results.csv,40922,d611123364093c387f561ee2525587ef60f6a0039c9452b898af68321c385a9a,2026-09-06T05:19:48.873036+00:00,qrec,Results 1.5; Supplement S7,D3D-SIR-S7.E2.1-CROSSFITTED-DISCOVERY-AND-QUALIFICATION-V1,CANONICAL,yes,"THE QUALIFIED POSITIVE RESULT. Six fold searches, six size-12 supports, per-fold records, V-RANGE integrity, per-discharge and per-block held-out results, baselines, cross-fitted metrics, gate table, access audit."
05_DIII_D_RECONSTRUCTION/12_Six_Fold_Target_Cross_Fitting/heldout_discharge_results.csv,D:\SIR_paper\DIIID_example\S7\E2_1_crossfitted_discovery_and_qualification\heldout_discharge_results.csv,24655,6a932a4792ac4d5e69d002856106563dd4e143039e090f95a336a09a6954657c,2026-09-06T05:19:48.875157+00:00,qrec,Results 1.5; Supplement S7,D3D-SIR-S7.E2.1-CROSSFITTED-DISCOVERY-AND-QUALIFICATION-V1,CANONICAL,yes,"THE QUALIFIED POSITIVE RESULT. Six fold searches, six size-12 supports, per-fold records, V-RANGE integrity, per-discharge and per-block held-out results, baselines, cross-fitted metrics, gate table, access audit."
05_DIII_D_RECONSTRUCTION/12_Six_Fold_Target_Cross_Fitting/index.html,D:\SIR_paper\DIIID_example\S7\E2_1_crossfitted_discovery_and_qualification\index.html,7846,d57d73242f521b540dc9232983cb91f7ec8859c2dd7fa3948d567e82d99f5389,2026-09-08T00:51:17.559437+00:00,qrec,Results 1.5; Supplement S7,D3D-SIR-S7.E2.1-CROSSFITTED-DISCOVERY-AND-QUALIFICATION-V1,CANONICAL,yes,"THE QUALIFIED POSITIVE RESULT. Six fold searches, six size-12 supports, per-fold records, V-RANGE integrity, per-discharge and per-block held-out results, baselines, cross-fitted metrics, gate table, access audit."
05_DIII_D_RECONSTRUCTION/12_Six_Fold_Target_Cross_Fitting/manifests/C_E2_FULL_DOMAIN.csv,D:\SIR_paper\DIIID_example\S7\E2_1_crossfitted_discovery_and_qualification\manifests\C_E2_FULL_DOMAIN.csv,142112,c5d2a415ebf17974f3273b44a03f1b643c08eaa5f1222ff615fce51770448855,2026-09-06T05:02:23.275302+00:00,qrec,Results 1.5; Supplement S7,D3D-SIR-S7.E2.1-CROSSFITTED-DISCOVERY-AND-QUALIFICATION-V1,CANONICAL,yes,"THE QUALIFIED POSITIVE RESULT. Six fold searches, six size-12 supports, per-fold records, V-RANGE integrity, per-discharge and per-block held-out results, baselines, cross-fitted metrics, gate table, access audit."
05_DIII_D_RECONSTRUCTION/12_Six_Fold_Target_Cross_Fitting/manifests/E2_1_PRESEARCH.json,D:\SIR_paper\DIIID_example\S7\E2_1_crossfitted_discovery_and_qualification\manifests\E2_1_PRESEARCH.json,4914,4ff73d1f51a45b53d2b11e939b2476e7ee1a1e7012a571a21b99aae017864fb7,2026-09-06T05:02:23.323893+00:00,qrec,Results 1.5; Supplement S7,D3D-SIR-S7.E2.1-CROSSFITTED-DISCOVERY-AND-QUALIFICATION-V1,CANONICAL,yes,"THE QUALIFIED POSITIVE RESULT. Six fold searches, six size-12 supports, per-fold records, V-RANGE integrity, per-discharge and per-block held-out results, baselines, cross-fitted metrics, gate table, access audit."
05_DIII_D_RECONSTRUCTION/12_Six_Fold_Target_Cross_Fitting/manifests/_e2_1_basis.npz,D:\SIR_paper\DIIID_example\S7\E2_1_crossfitted_discovery_and_qualification\manifests\_e2_1_basis.npz,65122,01bec35eddfad32a86111782ecd1ea67744484fb44156a359c362100d663a3b0,2026-09-06T05:02:23.270606+00:00,qrec,Results 1.5; Supplement S7,D3D-SIR-S7.E2.1-CROSSFITTED-DISCOVERY-AND-QUALIFICATION-V1,CANONICAL,yes,"THE QUALIFIED POSITIVE RESULT. Six fold searches, six size-12 supports, per-fold records, V-RANGE integrity, per-discharge and per-block held-out results, baselines, cross-fitted metrics, gate table, access audit."
05_DIII_D_RECONSTRUCTION/12_Six_Fold_Target_Cross_Fitting/manifests/search_budget_audit.csv,D:\SIR_paper\DIIID_example\S7\E2_1_crossfitted_discovery_and_qualification\manifests\search_budget_audit.csv,338,1e84d59befd62f2ebcca17df39bed2de1e1f0401ba866badef09046ef5595493,2026-09-06T05:19:48.876230+00:00,qrec,Results 1.5; Supplement S7,D3D-SIR-S7.E2.1-CROSSFITTED-DISCOVERY-AND-QUALIFICATION-V1,CANONICAL,yes,"THE QUALIFIED POSITIVE RESULT. Six fold searches, six size-12 supports, per-fold records, V-RANGE integrity, per-discharge and per-block held-out results, baselines, cross-fitted metrics, gate table, access audit."
05_DIII_D_RECONSTRUCTION/12_Six_Fold_Target_Cross_Fitting/manifests/vrange_integrity.csv,D:\SIR_paper\DIIID_example\S7\E2_1_crossfitted_discovery_and_qualification\manifests\vrange_integrity.csv,1702,58cab5e1a669cd2e3d25e8bc6637b900f8dff4c1045b38483b9035d85955c206,2026-09-06T05:19:48.876230+00:00,qrec,Results 1.5; Supplement S7,D3D-SIR-S7.E2.1-CROSSFITTED-DISCOVERY-AND-QUALIFICATION-V1,CANONICAL,yes,"THE QUALIFIED POSITIVE RESULT. Six fold searches, six size-12 supports, per-fold records, V-RANGE integrity, per-discharge and per-block held-out results, baselines, cross-fitted metrics, gate table, access audit."
05_DIII_D_RECONSTRUCTION/12_Six_Fold_Target_Cross_Fitting/scripts/e2_1_a_verify.py,D:\SIR_paper\DIIID_example\S7\E2_1_crossfitted_discovery_and_qualification\scripts\e2_1_a_verify.py,12866,a534729ea4b3d32f40d736b9cf0185c076eacc65ef6f47701cd95887a9ddfcd1,2026-09-06T05:01:59.171578+00:00,qrec,Results 1.5; Supplement S7,D3D-SIR-S7.E2.1-CROSSFITTED-DISCOVERY-AND-QUALIFICATION-V1,CANONICAL,yes,"THE QUALIFIED POSITIVE RESULT. Six fold searches, six size-12 supports, per-fold records, V-RANGE integrity, per-discharge and per-block held-out results, baselines, cross-fitted metrics, gate table, access audit."
05_DIII_D_RECONSTRUCTION/12_Six_Fold_Target_Cross_Fitting/scripts/e2_1_b_run.py,D:\SIR_paper\DIIID_example\S7\E2_1_crossfitted_discovery_and_qualification\scripts\e2_1_b_run.py,22712,07d36abae88e0ea6b7aa11c9d084b646acee7351377d58fdf996b04819b68ffd,2026-09-06T05:06:47.392799+00:00,qrec,Results 1.5; Supplement S7,D3D-SIR-S7.E2.1-CROSSFITTED-DISCOVERY-AND-QUALIFICATION-V1,CANONICAL,yes,"THE QUALIFIED POSITIVE RESULT. Six fold searches, six size-12 supports, per-fold records, V-RANGE integrity, per-discharge and per-block held-out results, baselines, cross-fitted metrics, gate table, access audit."
05_DIII_D_RECONSTRUCTION/12_Six_Fold_Target_Cross_Fitting/scripts/e2_1_c_aggregate.py,D:\SIR_paper\DIIID_example\S7\E2_1_crossfitted_discovery_and_qualification\scripts\e2_1_c_aggregate.py,17201,e00dc763eee597c477b85c8ce5f6e0e4a1a4d77696a340f69cab44de7376a14d,2026-09-06T05:18:22.773672+00:00,qrec,Results 1.5; Supplement S7,D3D-SIR-S7.E2.1-CROSSFITTED-DISCOVERY-AND-QUALIFICATION-V1,CANONICAL,yes,"THE QUALIFIED POSITIVE RESULT. Six fold searches, six size-12 supports, per-fold records, V-RANGE integrity, per-discharge and per-block held-out results, baselines, cross-fitted metrics, gate table, access audit."
05_DIII_D_RECONSTRUCTION/12_Six_Fold_Target_Cross_Fitting/scripts/e2_1_engine.py,D:\SIR_paper\DIIID_example\S7\E2_1_crossfitted_discovery_and_qualification\scripts\e2_1_engine.py,10757,16485d1d69aa60ef9697eb385fa47166aef9fe75ef998614a670ecbbc0424e19,2026-09-06T05:03:20.582574+00:00,qrec,Results 1.5; Supplement S7,D3D-SIR-S7.E2.1-CROSSFITTED-DISCOVERY-AND-QUALIFICATION-V1,CANONICAL,yes,"THE QUALIFIED POSITIVE RESULT. Six fold searches, six size-12 supports, per-fold records, V-RANGE integrity, per-discharge and per-block held-out results, baselines, cross-fitted metrics, gate table, access audit."
05_DIII_D_RECONSTRUCTION/12_Six_Fold_Target_Cross_Fitting/support_recurrence.csv,D:\SIR_paper\DIIID_example\S7\E2_1_crossfitted_discovery_and_qualification\support_recurrence.csv,448,f68cfacd973f76f50741145b64c193f04ba04db1783a0d1041d6e16a2a82d8f9,2026-09-06T05:24:38.216087+00:00,qrec,Results 1.5; Supplement S7,D3D-SIR-S7.E2.1-CROSSFITTED-DISCOVERY-AND-QUALIFICATION-V1,CANONICAL,yes,"THE QUALIFIED POSITIVE RESULT. Six fold searches, six size-12 supports, per-fold records, V-RANGE integrity, per-discharge and per-block held-out results, baselines, cross-fitted metrics, gate table, access audit."
05_DIII_D_RECONSTRUCTION/17_Applicability_and_Final_Claim/E2_2_descriptive/E2_2_ACCEPTANCE_CHECKS.json,D:\SIR_paper\DIIID_example\S7\E2_2_full_object_descriptive_representation\E2_2_ACCEPTANCE_CHECKS.json,3061,d9b194dc5db264800190253b32dce67af5920dd5dda1c457234af969ce2e2326,2026-09-07T04:51:42.171562+00:00,qrec,Results 1.5; Supplement S7,D3D-SIR-S7.E2.2-FULL-OBJECT-DESCRIPTIVE-REPRESENTATION-V1,CANONICAL,yes,Representative full-object descriptive realization C_E2_ALL_DESC. Descriptive only; carries no validation weight.
05_DIII_D_RECONSTRUCTION/17_Applicability_and_Final_Claim/E2_2_descriptive/E2_2_COMPARISON.json,D:\SIR_paper\DIIID_example\S7\E2_2_full_object_descriptive_representation\E2_2_COMPARISON.json,3683,2883c1b4c59d1c652e263ed22f19858380b33a05a4cbc6523066854101e6ab41,2026-09-07T04:51:42.170552+00:00,qrec,Results 1.5; Supplement S7,D3D-SIR-S7.E2.2-FULL-OBJECT-DESCRIPTIVE-REPRESENTATION-V1,CANONICAL,yes,Representative full-object descriptive realization C_E2_ALL_DESC. Descriptive only; carries no validation weight.
05_DIII_D_RECONSTRUCTION/17_Applicability_and_Final_Claim/E2_2_descriptive/E2_2_DESCRIPTIVE_REPRESENTATION_AUDIT_REPORT.md,D:\SIR_paper\DIIID_example\S7\E2_2_full_object_descriptive_representation\E2_2_DESCRIPTIVE_REPRESENTATION_AUDIT_REPORT.md,6437,128734fff3340f3def5c428a0b8e9df8b28736735aa574fed4fa153a59023c2f,2026-09-07T04:51:16.637784+00:00,qrec,Results 1.5; Supplement S7,D3D-SIR-S7.E2.2-FULL-OBJECT-DESCRIPTIVE-REPRESENTATION-V1,CANONICAL,yes,Representative full-object descriptive realization C_E2_ALL_DESC. Descriptive only; carries no validation weight.
05_DIII_D_RECONSTRUCTION/17_Applicability_and_Final_Claim/E2_2_descriptive/E2_2_DESCRIPTIVE_REPRESENTATION_FINAL.md,D:\SIR_paper\DIIID_example\S7\E2_2_full_object_descriptive_representation\E2_2_DESCRIPTIVE_REPRESENTATION_FINAL.md,7371,db11a31b8e65a17b00a0c598ebee0f8fad36b2f5b6f5983798347803ec2db4e1,2026-09-07T04:50:40.073088+00:00,qrec,Results 1.5; Supplement S7,D3D-SIR-S7.E2.2-FULL-OBJECT-DESCRIPTIVE-REPRESENTATION-V1,CANONICAL,yes,Representative full-object descriptive realization C_E2_ALL_DESC. Descriptive only; carries no validation weight.
05_DIII_D_RECONSTRUCTION/17_Applicability_and_Final_Claim/E2_2_descriptive/E2_2_FREEZE.json,D:\SIR_paper\DIIID_example\S7\E2_2_full_object_descriptive_representation\E2_2_FREEZE.json,6555,91263a6439a0f52e572bfcedbb118ab76a135085196a6cfc5f875603db0b13c6,2026-09-07T04:51:42.215609+00:00,qrec,Results 1.5; Supplement S7,D3D-SIR-S7.E2.2-FULL-OBJECT-DESCRIPTIVE-REPRESENTATION-V1,CANONICAL,yes,Representative full-object descriptive realization C_E2_ALL_DESC. Descriptive only; carries no validation weight.
05_DIII_D_RECONSTRUCTION/17_Applicability_and_Final_Claim/E2_2_descriptive/E2_2_QUALIFICATIONS.json,D:\SIR_paper\DIIID_example\S7\E2_2_full_object_descriptive_representation\E2_2_QUALIFICATIONS.json,1450,939495dada951578904025f3090e5a6a4bff0b344b987237c9d75cdeadfae260,2026-09-07T04:51:42.171063+00:00,qrec,Results 1.5; Supplement S7,D3D-SIR-S7.E2.2-FULL-OBJECT-DESCRIPTIVE-REPRESENTATION-V1,CANONICAL,yes,Representative full-object descriptive realization C_E2_ALL_DESC. Descriptive only; carries no validation weight.
05_DIII_D_RECONSTRUCTION/17_Applicability_and_Final_Claim/E2_2_descriptive/E2_2_RESULT.json,D:\SIR_paper\DIIID_example\S7\E2_2_full_object_descriptive_representation\E2_2_RESULT.json,5188,b116b25a768e7da7d73d2f857fb56383286f858f7f0e737780baf57a4498b862,2026-09-07T04:49:25.903748+00:00,qrec,Results 1.5; Supplement S7,D3D-SIR-S7.E2.2-FULL-OBJECT-DESCRIPTIVE-REPRESENTATION-V1,CANONICAL,yes,Representative full-object descriptive realization C_E2_ALL_DESC. Descriptive only; carries no validation weight.
05_DIII_D_RECONSTRUCTION/17_Applicability_and_Final_Claim/E2_2_descriptive/E2_2_SUPPORT_FREEZE.json,D:\SIR_paper\DIIID_example\S7\E2_2_full_object_descriptive_representation\E2_2_SUPPORT_FREEZE.json,2341,ea245bfd27c5a95c5c97c166e4e3850a479f2782e836919151d309d36b0b7bfc,2026-09-07T04:49:25.871893+00:00,qrec,Results 1.5; Supplement S7,D3D-SIR-S7.E2.2-FULL-OBJECT-DESCRIPTIVE-REPRESENTATION-V1,CANONICAL,yes,Representative full-object descriptive realization C_E2_ALL_DESC. Descriptive only; carries no validation weight.
05_DIII_D_RECONSTRUCTION/17_Applicability_and_Final_Claim/E2_2_descriptive/MANIFEST.json,D:\SIR_paper\DIIID_example\S7\E2_2_full_object_descriptive_representation\MANIFEST.json,1874,81b59281b9e09223bc3b07930e9701c8b57a8708cd79ca1942715b596f45ca07,2026-09-08T00:51:17.561626+00:00,qrec,Results 1.5; Supplement S7,D3D-SIR-S7.E2.2-FULL-OBJECT-DESCRIPTIVE-REPRESENTATION-V1,CANONICAL,yes,Representative full-object descriptive realization C_E2_ALL_DESC. Descriptive only; carries no validation weight.
05_DIII_D_RECONSTRUCTION/17_Applicability_and_Final_Claim/E2_2_descriptive/README.md,D:\SIR_paper\DIIID_example\S7\E2_2_full_object_descriptive_representation\README.md,3442,dbcd275018d5463970340fb3b1fa385f7c25ad20f9a98f2e271c2d669290c627,2026-09-07T04:51:36.049013+00:00,qrec,Results 1.5; Supplement S7,D3D-SIR-S7.E2.2-FULL-OBJECT-DESCRIPTIVE-REPRESENTATION-V1,CANONICAL,yes,Representative full-object descriptive realization C_E2_ALL_DESC. Descriptive only; carries no validation weight.
05_DIII_D_RECONSTRUCTION/17_Applicability_and_Final_Claim/E2_2_descriptive/full_object_coordinate_details.csv,D:\SIR_paper\DIIID_example\S7\E2_2_full_object_descriptive_representation\full_object_coordinate_details.csv,1281,f3f6b4d46516ead40d17fc7af1a3649455db3067f9612abef7f0e644b9492070,2026-09-07T04:49:25.867515+00:00,qrec,Results 1.5; Supplement S7,D3D-SIR-S7.E2.2-FULL-OBJECT-DESCRIPTIVE-REPRESENTATION-V1,CANONICAL,yes,Representative full-object descriptive realization C_E2_ALL_DESC. Descriptive only; carries no validation weight.
05_DIII_D_RECONSTRUCTION/17_Applicability_and_Final_Claim/E2_2_descriptive/full_object_descriptive_cell_metrics.csv,D:\SIR_paper\DIIID_example\S7\E2_2_full_object_descriptive_representation\full_object_descriptive_cell_metrics.csv,19267,4d8e9ab986a71ef48f2623c181c63d7ba0b91ec3e7ef1b7a13404253869c0792,2026-09-07T04:49:25.868520+00:00,qrec,Results 1.5; Supplement S7,D3D-SIR-S7.E2.2-FULL-OBJECT-DESCRIPTIVE-REPRESENTATION-V1,CANONICAL,yes,Representative full-object descriptive realization C_E2_ALL_DESC. Descriptive only; carries no validation weight.
05_DIII_D_RECONSTRUCTION/17_Applicability_and_Final_Claim/E2_2_descriptive/full_object_selected_support.csv,D:\SIR_paper\DIIID_example\S7\E2_2_full_object_descriptive_representation\full_object_selected_support.csv,376,2bb64e926e3669faa29184f69085e699bcca18f15bf5e407f06ad3dd9caca6e3,2026-09-07T04:49:25.873058+00:00,qrec,Results 1.5; Supplement S7,D3D-SIR-S7.E2.2-FULL-OBJECT-DESCRIPTIVE-REPRESENTATION-V1,CANONICAL,yes,Representative full-object descriptive realization C_E2_ALL_DESC. Descriptive only; carries no validation weight.
05_DIII_D_RECONSTRUCTION/17_Applicability_and_Final_Claim/E2_2_descriptive/full_object_support_overlap.csv,D:\SIR_paper\DIIID_example\S7\E2_2_full_object_descriptive_representation\full_object_support_overlap.csv,1178,9a8fbfb24815598f4bdf3882cdd8b68ebba8a710a6f1ab7c45dfc1f55cd2535c,2026-09-07T04:51:42.168767+00:00,qrec,Results 1.5; Supplement S7,D3D-SIR-S7.E2.2-FULL-OBJECT-DESCRIPTIVE-REPRESENTATION-V1,CANONICAL,yes,Representative full-object descriptive realization C_E2_ALL_DESC. Descriptive only; carries no validation weight.
05_DIII_D_RECONSTRUCTION/17_Applicability_and_Final_Claim/E2_2_descriptive/index.html,D:\SIR_paper\DIIID_example\S7\E2_2_full_object_descriptive_representation\index.html,7346,8845d3e69ef209f57bf73828e3e4968f4046cfe0be39886b8621c73580b9f044,2026-09-08T00:51:17.562131+00:00,qrec,Results 1.5; Supplement S7,D3D-SIR-S7.E2.2-FULL-OBJECT-DESCRIPTIVE-REPRESENTATION-V1,CANONICAL,yes,Representative full-object descriptive realization C_E2_ALL_DESC. Descriptive only; carries no validation weight.
05_DIII_D_RECONSTRUCTION/17_Applicability_and_Final_Claim/E2_2_descriptive/manifests/C_E2_FULL_DOMAIN_E2_2.csv,D:\SIR_paper\DIIID_example\S7\E2_2_full_object_descriptive_representation\manifests\C_E2_FULL_DOMAIN_E2_2.csv,142112,c5d2a415ebf17974f3273b44a03f1b643c08eaa5f1222ff615fce51770448855,2026-09-07T04:45:29.502815+00:00,qrec,Results 1.5; Supplement S7,D3D-SIR-S7.E2.2-FULL-OBJECT-DESCRIPTIVE-REPRESENTATION-V1,CANONICAL,yes,Representative full-object descriptive realization C_E2_ALL_DESC. Descriptive only; carries no validation weight.
05_DIII_D_RECONSTRUCTION/17_Applicability_and_Final_Claim/E2_2_descriptive/manifests/E2_2_PRESEARCH.json,D:\SIR_paper\DIIID_example\S7\E2_2_full_object_descriptive_representation\manifests\E2_2_PRESEARCH.json,6568,408bf321701c15766dc0fa8060d1863da42e53c656a4435bb9d89192c52ed6b5,2026-09-07T04:45:29.548788+00:00,qrec,Results 1.5; Supplement S7,D3D-SIR-S7.E2.2-FULL-OBJECT-DESCRIPTIVE-REPRESENTATION-V1,CANONICAL,yes,Representative full-object descriptive realization C_E2_ALL_DESC. Descriptive only; carries no validation weight.
05_DIII_D_RECONSTRUCTION/17_Applicability_and_Final_Claim/E2_2_descriptive/manifests/E2_2_SEARCH_AUDIT.json,D:\SIR_paper\DIIID_example\S7\E2_2_full_object_descriptive_representation\manifests\E2_2_SEARCH_AUDIT.json,615,1bfdbf0ed819d7ee035cc4d75d17be705357f226fe91b0da687174643804efbf,2026-09-07T04:49:26.113690+00:00,qrec,Results 1.5; Supplement S7,D3D-SIR-S7.E2.2-FULL-OBJECT-DESCRIPTIVE-REPRESENTATION-V1,CANONICAL,yes,Representative full-object descriptive realization C_E2_ALL_DESC. Descriptive only; carries no validation weight.
05_DIII_D_RECONSTRUCTION/17_Applicability_and_Final_Claim/E2_2_descriptive/manifests/_e2_2_basis.npz,D:\SIR_paper\DIIID_example\S7\E2_2_full_object_descriptive_representation\manifests\_e2_2_basis.npz,65122,01bec35eddfad32a86111782ecd1ea67744484fb44156a359c362100d663a3b0,2026-09-07T04:45:29.497573+00:00,qrec,Results 1.5; Supplement S7,D3D-SIR-S7.E2.2-FULL-OBJECT-DESCRIPTIVE-REPRESENTATION-V1,CANONICAL,yes,Representative full-object descriptive realization C_E2_ALL_DESC. Descriptive only; carries no validation weight.
05_DIII_D_RECONSTRUCTION/17_Applicability_and_Final_Claim/E2_2_descriptive/manifests/frontier_summary.csv,D:\SIR_paper\DIIID_example\S7\E2_2_full_object_descriptive_representation\manifests\frontier_summary.csv,18072254,2737e783e0fcae519e38eb366a018262531fd4f5aee354f8c1c08cf7382d80fd,2026-09-07T04:49:26.052555+00:00,qrec,Results 1.5; Supplement S7,D3D-SIR-S7.E2.2-FULL-OBJECT-DESCRIPTIVE-REPRESENTATION-V1,CANONICAL,yes,Representative full-object descriptive realization C_E2_ALL_DESC. Descriptive only; carries no validation weight.
05_DIII_D_RECONSTRUCTION/17_Applicability_and_Final_Claim/E2_2_descriptive/manifests/shortlist.csv,D:\SIR_paper\DIIID_example\S7\E2_2_full_object_descriptive_representation\manifests\shortlist.csv,27837,da6efdfe89be7f7a5734db4035e91c74e42790910799e31911390b2d4532cc4d,2026-09-07T04:47:31.635039+00:00,qrec,Results 1.5; Supplement S7,D3D-SIR-S7.E2.2-FULL-OBJECT-DESCRIPTIVE-REPRESENTATION-V1,CANONICAL,yes,Representative full-object descriptive realization C_E2_ALL_DESC. Descriptive only; carries no validation weight.
05_DIII_D_RECONSTRUCTION/17_Applicability_and_Final_Claim/E2_2_descriptive/scripts/e2_2_a_verify.py,D:\SIR_paper\DIIID_example\S7\E2_2_full_object_descriptive_representation\scripts\e2_2_a_verify.py,16205,35298fb944e3ea47c205c3122626205dfb9286c78af1b70340e52da3ca58395e,2026-09-07T04:45:09.645820+00:00,qrec,Results 1.5; Supplement S7,D3D-SIR-S7.E2.2-FULL-OBJECT-DESCRIPTIVE-REPRESENTATION-V1,CANONICAL,yes,Representative full-object descriptive realization C_E2_ALL_DESC. Descriptive only; carries no validation weight.
05_DIII_D_RECONSTRUCTION/17_Applicability_and_Final_Claim/E2_2_descriptive/scripts/e2_2_b_search.py,D:\SIR_paper\DIIID_example\S7\E2_2_full_object_descriptive_representation\scripts\e2_2_b_search.py,21281,13bef2c5dc2053f6105560be155129736ec2369de16219c2946fa5d00d64ef71,2026-09-07T04:46:55.882562+00:00,qrec,Results 1.5; Supplement S7,D3D-SIR-S7.E2.2-FULL-OBJECT-DESCRIPTIVE-REPRESENTATION-V1,CANONICAL,yes,Representative full-object descriptive realization C_E2_ALL_DESC. Descriptive only; carries no validation weight.
05_DIII_D_RECONSTRUCTION/17_Applicability_and_Final_Claim/E2_2_descriptive/scripts/e2_2_c_freeze.py,D:\SIR_paper\DIIID_example\S7\E2_2_full_object_descriptive_representation\scripts\e2_2_c_freeze.py,13559,dcbd576feb719ad33c6bdd0858e26de384be7f7541f51fdbe7a7fca82b4f0cfe,2026-09-07T04:49:45.519765+00:00,qrec,Results 1.5; Supplement S7,D3D-SIR-S7.E2.2-FULL-OBJECT-DESCRIPTIVE-REPRESENTATION-V1,CANONICAL,yes,Representative full-object descriptive realization C_E2_ALL_DESC. Descriptive only; carries no validation weight.
05_DIII_D_RECONSTRUCTION/17_Applicability_and_Final_Claim/S7_12_final/FIGURE_6_HANDOFF.json,D:\SIR_paper\DIIID_example\S7\S7_12_qualified_result\FIGURE_6_HANDOFF.json,2458,08a46db1360535bf0eb240077d7d759c979c47baf32c54ce5329566c1305e90d,2026-09-07T04:58:19.415559+00:00,qrec,Results 1.5; Supplement S7,D3D-SIR-S7.12-QUALIFIED-RECONSTRUCTION-RESULT-V1,CANONICAL,yes,"Q_rec*: final qualified result, provenance chain, gate table, limitations, claim boundary, branch closure, Figure-6 handoff."
05_DIII_D_RECONSTRUCTION/17_Applicability_and_Final_Claim/S7_12_final/MANIFEST.json,D:\SIR_paper\DIIID_example\S7\S7_12_qualified_result\MANIFEST.json,1574,25757432e0112a2d5f8dac62e3e6c9f4d76e9df7c6037de8068024f307ad67c8,2026-09-08T00:51:17.563680+00:00,qrec,Results 1.5; Supplement S7,D3D-SIR-S7.12-QUALIFIED-RECONSTRUCTION-RESULT-V1,CANONICAL,yes,"Q_rec*: final qualified result, provenance chain, gate table, limitations, claim boundary, branch closure, Figure-6 handoff."
05_DIII_D_RECONSTRUCTION/17_Applicability_and_Final_Claim/S7_12_final/Q_REC_BRANCH_CLOSURE.json,D:\SIR_paper\DIIID_example\S7\S7_12_qualified_result\Q_REC_BRANCH_CLOSURE.json,981,c2067fa44f2a167e280ef8ff779b6a778f66f060426b15b72748f0ec594110a6,2026-09-07T04:58:19.415559+00:00,qrec,Results 1.5; Supplement S7,D3D-SIR-S7.12-QUALIFIED-RECONSTRUCTION-RESULT-V1,CANONICAL,yes,"Q_rec*: final qualified result, provenance chain, gate table, limitations, claim boundary, branch closure, Figure-6 handoff."
05_DIII_D_RECONSTRUCTION/17_Applicability_and_Final_Claim/S7_12_final/Q_REC_GATE_TABLE.json,D:\SIR_paper\DIIID_example\S7\S7_12_qualified_result\Q_REC_GATE_TABLE.json,3356,85878a2f7013368867c7da7a0a7007d6b39f3dcb6f6369e92063ecafff5604ac,2026-09-07T04:58:19.413510+00:00,qrec,Results 1.5; Supplement S7,D3D-SIR-S7.12-QUALIFIED-RECONSTRUCTION-RESULT-V1,CANONICAL,yes,"Q_rec*: final qualified result, provenance chain, gate table, limitations, claim boundary, branch closure, Figure-6 handoff."
05_DIII_D_RECONSTRUCTION/17_Applicability_and_Final_Claim/S7_12_final/Q_REC_LIMITATIONS.json,D:\SIR_paper\DIIID_example\S7\S7_12_qualified_result\Q_REC_LIMITATIONS.json,4296,7216b793df720ea7f65d5f41cc7fd686552ab22d4944f6ad1e983e9d98a8b3cd,2026-09-07T04:58:19.414013+00:00,qrec,Results 1.5; Supplement S7,D3D-SIR-S7.12-QUALIFIED-RECONSTRUCTION-RESULT-V1,CANONICAL,yes,"Q_rec*: final qualified result, provenance chain, gate table, limitations, claim boundary, branch closure, Figure-6 handoff."
05_DIII_D_RECONSTRUCTION/17_Applicability_and_Final_Claim/S7_12_final/Q_REC_PROVENANCE_CHAIN.json,D:\SIR_paper\DIIID_example\S7\S7_12_qualified_result\Q_REC_PROVENANCE_CHAIN.json,9302,f2605d2c8a4eb045cc2efbec072017baf4c61bc84217a0119a7f9da8d4058e54,2026-09-07T04:58:19.413510+00:00,qrec,Results 1.5; Supplement S7,D3D-SIR-S7.12-QUALIFIED-RECONSTRUCTION-RESULT-V1,CANONICAL,yes,"Q_rec*: final qualified result, provenance chain, gate table, limitations, claim boundary, branch closure, Figure-6 handoff."
05_DIII_D_RECONSTRUCTION/17_Applicability_and_Final_Claim/S7_12_final/Q_REC_STAR.json,D:\SIR_paper\DIIID_example\S7\S7_12_qualified_result\Q_REC_STAR.json,24051,21fcba26f6220c34d3c05d0573b481f2b4bd2966ae2bab32547df76a3c883926,2026-09-07T04:58:19.415559+00:00,qrec,Results 1.5; Supplement S7,D3D-SIR-S7.12-QUALIFIED-RECONSTRUCTION-RESULT-V1,CANONICAL,yes,"Q_rec*: final qualified result, provenance chain, gate table, limitations, claim boundary, branch closure, Figure-6 handoff."
05_DIII_D_RECONSTRUCTION/17_Applicability_and_Final_Claim/S7_12_final/README.md,D:\SIR_paper\DIIID_example\S7\S7_12_qualified_result\README.md,3492,2507e37f52caa277a2e6f1b87f9191603a136f876adafb8f25b64f72d4949300,2026-09-07T04:58:13.185174+00:00,qrec,Results 1.5; Supplement S7,D3D-SIR-S7.12-QUALIFIED-RECONSTRUCTION-RESULT-V1,CANONICAL,yes,"Q_rec*: final qualified result, provenance chain, gate table, limitations, claim boundary, branch closure, Figure-6 handoff."
05_DIII_D_RECONSTRUCTION/17_Applicability_and_Final_Claim/S7_12_final/S7_12_ACCEPTANCE_CHECKS.json,D:\SIR_paper\DIIID_example\S7\S7_12_qualified_result\S7_12_ACCEPTANCE_CHECKS.json,3193,8fb4b3be49843f7cdf3b7041122b0c613928860fa8eae03f21658e1a98eaae5e,2026-09-07T04:58:19.417187+00:00,qrec,Results 1.5; Supplement S7,D3D-SIR-S7.12-QUALIFIED-RECONSTRUCTION-RESULT-V1,CANONICAL,yes,"Q_rec*: final qualified result, provenance chain, gate table, limitations, claim boundary, branch closure, Figure-6 handoff."
05_DIII_D_RECONSTRUCTION/17_Applicability_and_Final_Claim/S7_12_final/S7_12_CLAIM_BOUNDARY.md,D:\SIR_paper\DIIID_example\S7\S7_12_qualified_result\S7_12_CLAIM_BOUNDARY.md,4995,903c91b02f086b75c786fba360ce2992acfa270b1b25a8a3a157bf00ca74193f,2026-09-07T04:56:55.047958+00:00,qrec,Results 1.5; Supplement S7,D3D-SIR-S7.12-QUALIFIED-RECONSTRUCTION-RESULT-V1,CANONICAL,yes,"Q_rec*: final qualified result, provenance chain, gate table, limitations, claim boundary, branch closure, Figure-6 handoff."
05_DIII_D_RECONSTRUCTION/17_Applicability_and_Final_Claim/S7_12_final/S7_12_FREEZE.json,D:\SIR_paper\DIIID_example\S7\S7_12_qualified_result\S7_12_FREEZE.json,5097,1b1228cc5c33763836fa3bcb592affd6a8c300431df5d8fd5b742305faa7133b,2026-09-07T04:58:19.467301+00:00,qrec,Results 1.5; Supplement S7,D3D-SIR-S7.12-QUALIFIED-RECONSTRUCTION-RESULT-V1,CANONICAL,yes,"Q_rec*: final qualified result, provenance chain, gate table, limitations, claim boundary, branch closure, Figure-6 handoff."
05_DIII_D_RECONSTRUCTION/17_Applicability_and_Final_Claim/S7_12_final/S7_12_MANUSCRIPT_SUMMARY.md,D:\SIR_paper\DIIID_example\S7\S7_12_qualified_result\S7_12_MANUSCRIPT_SUMMARY.md,5605,8fe3fee62c754296951d9efc2b4ead3cfafb4fef4d81942649967bcb84816c02,2026-09-07T04:56:30.840359+00:00,qrec,Results 1.5; Supplement S7,D3D-SIR-S7.12-QUALIFIED-RECONSTRUCTION-RESULT-V1,CANONICAL,yes,"Q_rec*: final qualified result, provenance chain, gate table, limitations, claim boundary, branch closure, Figure-6 handoff."
05_DIII_D_RECONSTRUCTION/17_Applicability_and_Final_Claim/S7_12_final/S7_12_QUALIFIED_RESULT_AUDIT_REPORT.md,D:\SIR_paper\DIIID_example\S7\S7_12_qualified_result\S7_12_QUALIFIED_RESULT_AUDIT_REPORT.md,6796,192a4a889fdedc19c901769a6006580e1322b47cd99fc300650b4b2bc10f9dbe,2026-09-07T04:57:53.052952+00:00,qrec,Results 1.5; Supplement S7,D3D-SIR-S7.12-QUALIFIED-RECONSTRUCTION-RESULT-V1,CANONICAL,yes,"Q_rec*: final qualified result, provenance chain, gate table, limitations, claim boundary, branch closure, Figure-6 handoff."
05_DIII_D_RECONSTRUCTION/17_Applicability_and_Final_Claim/S7_12_final/S7_12_QUALIFIED_RESULT_FINAL.md,D:\SIR_paper\DIIID_example\S7\S7_12_qualified_result\S7_12_QUALIFIED_RESULT_FINAL.md,10040,4587e5f10b4304af908c43e8f25d2aa9c110d9d5bc0c30ff1cd2f2e88f430e7e,2026-09-07T04:56:06.644256+00:00,qrec,Results 1.5; Supplement S7,D3D-SIR-S7.12-QUALIFIED-RECONSTRUCTION-RESULT-V1,CANONICAL,yes,"Q_rec*: final qualified result, provenance chain, gate table, limitations, claim boundary, branch closure, Figure-6 handoff."
05_DIII_D_RECONSTRUCTION/17_Applicability_and_Final_Claim/S7_12_final/S7_12_SUPPLEMENT_SUMMARY.md,D:\SIR_paper\DIIID_example\S7\S7_12_qualified_result\S7_12_SUPPLEMENT_SUMMARY.md,4278,d5b98422a651839e73a3ee0dc756f9d7f40a3abde96bef1bd420a743ab08eafe,2026-09-07T04:57:17.270775+00:00,qrec,Results 1.5; Supplement S7,D3D-SIR-S7.12-QUALIFIED-RECONSTRUCTION-RESULT-V1,CANONICAL,yes,"Q_rec*: final qualified result, provenance chain, gate table, limitations, claim boundary, branch closure, Figure-6 handoff."
05_DIII_D_RECONSTRUCTION/17_Applicability_and_Final_Claim/S7_12_final/index.html,D:\SIR_paper\DIIID_example\S7\S7_12_qualified_result\index.html,6914,45bc8adb07392cafaf7a597564be02e9c50fa87f64a85ec81530f7adc7c05475,2026-09-08T00:51:17.564580+00:00,qrec,Results 1.5; Supplement S7,D3D-SIR-S7.12-QUALIFIED-RECONSTRUCTION-RESULT-V1,CANONICAL,yes,"Q_rec*: final qualified result, provenance chain, gate table, limitations, claim boundary, branch closure, Figure-6 handoff."
05_DIII_D_RECONSTRUCTION/17_Applicability_and_Final_Claim/S7_12_final/manifests/S7_12_PARENT_VERIFICATION.json,D:\SIR_paper\DIIID_example\S7\S7_12_qualified_result\manifests\S7_12_PARENT_VERIFICATION.json,6149,ec0ab1e36c624cf019a322f46f0036749331d5b72ac087ec541c33eaa98ddc0c,2026-09-07T04:58:19.405389+00:00,qrec,Results 1.5; Supplement S7,D3D-SIR-S7.12-QUALIFIED-RECONSTRUCTION-RESULT-V1,CANONICAL,yes,"Q_rec*: final qualified result, provenance chain, gate table, limitations, claim boundary, branch closure, Figure-6 handoff."
05_DIII_D_RECONSTRUCTION/17_Applicability_and_Final_Claim/S7_12_final/scripts/s7_12_assemble.py,D:\SIR_paper\DIIID_example\S7\S7_12_qualified_result\scripts\s7_12_assemble.py,42047,2ac80e6ad73481ad415c0da28b059e1fecf81e50bdc3af7d17dd021ccd04d196,2026-09-07T04:55:11.399025+00:00,qrec,Results 1.5; Supplement S7,D3D-SIR-S7.12-QUALIFIED-RECONSTRUCTION-RESULT-V1,CANONICAL,yes,"Q_rec*: final qualified result, provenance chain, gate table, limitations, claim boundary, branch closure, Figure-6 handoff."
05_DIII_D_RECONSTRUCTION/18_Machine_Readable_Lineage/ARCHITECTURE_SEMANTICS_AUDIT.json,D:\SIR_paper\DIIID_example\S7\ARCHITECTURE_SEMANTICS_AUDIT.json,17816,39668854eb1e2857d2057f798cea83d01091c2c92535a67b6b368bed1aa9336f,2026-09-08T00:51:17.862633+00:00,lineage,Supplement S7,,CANONICAL,yes,"S7 normalization and audit layer: stage index, branch lineage, revision ledger, leakage audit, claim-evidence matrix and the re-runnable checker."
05_DIII_D_RECONSTRUCTION/18_Machine_Readable_Lineage/ARCHITECTURE_SEMANTICS_AUDIT.md,D:\SIR_paper\DIIID_example\S7\ARCHITECTURE_SEMANTICS_AUDIT.md,17452,361b241b67d8a3d1f58ba1845b95990f89639c0b9b662a830f3e8078cd252fdc,2026-09-08T00:51:17.425100+00:00,lineage,Supplement S7,,CANONICAL,yes,"S7 normalization and audit layer: stage index, branch lineage, revision ledger, leakage audit, claim-evidence matrix and the re-runnable checker."
05_DIII_D_RECONSTRUCTION/18_Machine_Readable_Lineage/AUDIT_CHECKS.json,D:\SIR_paper\DIIID_example\S7\AUDIT_CHECKS.json,6937,e1bc1e79c8c58b29c7e1e0d1073341e6703e37f5f4564a3bf312435f321a1c45,2026-09-09T21:23:03.929318+00:00,lineage,Supplement S7,,CANONICAL,yes,"S7 normalization and audit layer: stage index, branch lineage, revision ledger, leakage audit, claim-evidence matrix and the re-runnable checker."
05_DIII_D_RECONSTRUCTION/18_Machine_Readable_Lineage/AUDIT_REPORT.json,D:\SIR_paper\DIIID_example\S7\AUDIT_REPORT.json,15815,bd7a000e1432530b2e9aad5335e0435fc80ad26475efae27f2ed3f039ddd07d8,2026-09-08T00:51:17.790457+00:00,lineage,Supplement S7,,CANONICAL,yes,"S7 normalization and audit layer: stage index, branch lineage, revision ledger, leakage audit, claim-evidence matrix and the re-runnable checker."
05_DIII_D_RECONSTRUCTION/18_Machine_Readable_Lineage/AUDIT_REPORT.md,D:\SIR_paper\DIIID_example\S7\AUDIT_REPORT.md,19295,86592ccc6a14898e46e04cb8f9b11554466e972bb596183df1899bc8d04e7520,2026-09-08T01:06:44.590288+00:00,lineage,Supplement S7,,CANONICAL,yes,"S7 normalization and audit layer: stage index, branch lineage, revision ledger, leakage audit, claim-evidence matrix and the re-runnable checker."
05_DIII_D_RECONSTRUCTION/18_Machine_Readable_Lineage/CANONICAL_INDEX.json,D:\SIR_paper\DIIID_example\S7\CANONICAL_INDEX.json,38003,b6b3ebbd76870203ad5e36c7e83708ff46ef103b7c5f3a61537a25dbca880473,2026-09-08T00:51:17.567436+00:00,lineage,Supplement S7,,CANONICAL,yes,"S7 normalization and audit layer: stage index, branch lineage, revision ledger, leakage audit, claim-evidence matrix and the re-runnable checker."
05_DIII_D_RECONSTRUCTION/18_Machine_Readable_Lineage/CLAIM_EVIDENCE_MATRIX.json,D:\SIR_paper\DIIID_example\S7\CLAIM_EVIDENCE_MATRIX.json,13970,adde7deadd805390a3021b1f699736c311890b343140518dd5a47a3b9370f3be,2026-09-08T00:51:17.641862+00:00,lineage,Supplement S7,,CANONICAL,yes,"S7 normalization and audit layer: stage index, branch lineage, revision ledger, leakage audit, claim-evidence matrix and the re-runnable checker."
05_DIII_D_RECONSTRUCTION/18_Machine_Readable_Lineage/FIGURE_EXPORT/EXPORT_MANIFEST.json,D:\SIR_paper\DIIID_example\S7\FIGURE_EXPORT\EXPORT_MANIFEST.json,12326,cc5607cde4c055c28fbcffd1d4f65c9db233ac40664efe9ec2f5f73ea74e56bc,2026-09-09T21:21:30.575636+00:00,lineage,Figure 6,,CANONICAL,yes,"Minimal frozen inputs exported for the DIII-D four-panel figure, with a per-file provenance manifest."
05_DIII_D_RECONSTRUCTION/18_Machine_Readable_Lineage/FIGURE_EXPORT/README.md,D:\SIR_paper\DIIID_example\S7\FIGURE_EXPORT\README.md,6615,9127644f981d605c2ae8f18d946c0b54200ee069be334ab64ac2ea53e078b4e9,2026-09-09T21:22:06.605535+00:00,lineage,Figure 6,,CANONICAL,yes,"Minimal frozen inputs exported for the DIII-D four-panel figure, with a per-file provenance manifest."
05_DIII_D_RECONSTRUCTION/18_Machine_Readable_Lineage/FIGURE_EXPORT/panel1_qdesc_coefficient_classification.csv,D:\SIR_paper\DIIID_example\S7\FIGURE_EXPORT\panel1_qdesc_coefficient_classification.csv,2625,742227c3c2022edb5ad332c02de86808a3191f4c3d812568671c5a1cb0ee1998,2026-08-05T19:54:01.110136+00:00,lineage,Figure 6,,CANONICAL,yes,"Minimal frozen inputs exported for the DIII-D four-panel figure, with a per-file provenance manifest."
05_DIII_D_RECONSTRUCTION/18_Machine_Readable_Lineage/FIGURE_EXPORT/panel1_qdesc_coefficient_uncertainty.csv,D:\SIR_paper\DIIID_example\S7\FIGURE_EXPORT\panel1_qdesc_coefficient_uncertainty.csv,2794,98009f6d6715710b75cfd6da66ac585fe33ac0ba65a5e84e3b458d272e525feb,2026-08-05T19:54:01.106551+00:00,lineage,Figure 6,,CANONICAL,yes,"Minimal frozen inputs exported for the DIII-D four-panel figure, with a per-file provenance manifest."
05_DIII_D_RECONSTRUCTION/18_Machine_Readable_Lineage/FIGURE_EXPORT/panel1_qdesc_discharge_coefficients.csv,D:\SIR_paper\DIIID_example\S7\FIGURE_EXPORT\panel1_qdesc_discharge_coefficients.csv,28497,154e9812dbda2928b97d24eec75493a03a35517424a851c02cabc2257d12c0bb,2026-08-05T18:06:37.920910+00:00,lineage,Figure 6,,CANONICAL,yes,"Minimal frozen inputs exported for the DIII-D four-panel figure, with a per-file provenance manifest."
05_DIII_D_RECONSTRUCTION/18_Machine_Readable_Lineage/FIGURE_EXPORT/panel2_constructor_recurrence.csv,D:\SIR_paper\DIIID_example\S7\FIGURE_EXPORT\panel2_constructor_recurrence.csv,66,80324b0a8f588f186038e26eeecded4d1cdb2157af7cb3e51d2b0a8eb7be8967,2026-09-06T05:24:38.219400+00:00,lineage,Figure 6,,CANONICAL,yes,"Minimal frozen inputs exported for the DIII-D four-panel figure, with a per-file provenance manifest."
05_DIII_D_RECONSTRUCTION/18_Machine_Readable_Lineage/FIGURE_EXPORT/panel2_coordinate_recurrence.csv,D:\SIR_paper\DIIID_example\S7\FIGURE_EXPORT\panel2_coordinate_recurrence.csv,1467,fec7a9d9c4b8383840dbed19c51b9e1dcdb9dfe00afedea594cfa65d6df9f38f,2026-09-06T05:24:38.217094+00:00,lineage,Figure 6,,CANONICAL,yes,"Minimal frozen inputs exported for the DIII-D four-panel figure, with a per-file provenance manifest."
05_DIII_D_RECONSTRUCTION/18_Machine_Readable_Lineage/FIGURE_EXPORT/panel2_fold_0_result.json,D:\SIR_paper\DIIID_example\S7\FIGURE_EXPORT\panel2_fold_0_result.json,2336,c94ff14b36a918c25f776b643200547dad2f0eb9df13a5aab21c346dd85aa637,2026-09-06T05:09:17.619267+00:00,lineage,Figure 6,,CANONICAL,yes,"Minimal frozen inputs exported for the DIII-D four-panel figure, with a per-file provenance manifest."
05_DIII_D_RECONSTRUCTION/18_Machine_Readable_Lineage/FIGURE_EXPORT/panel2_fold_1_result.json,D:\SIR_paper\DIIID_example\S7\FIGURE_EXPORT\panel2_fold_1_result.json,2400,65dc9eae229e5ba58509f890a5dd711452eff9f2286f26e55a02014b649ce09b,2026-09-06T05:11:21.169684+00:00,lineage,Figure 6,,CANONICAL,yes,"Minimal frozen inputs exported for the DIII-D four-panel figure, with a per-file provenance manifest."
05_DIII_D_RECONSTRUCTION/18_Machine_Readable_Lineage/FIGURE_EXPORT/panel2_fold_2_result.json,D:\SIR_paper\DIIID_example\S7\FIGURE_EXPORT\panel2_fold_2_result.json,2336,97edc3f8570b6b8ea855fed5031e7db50d36c9db6f89db8b05d29fce9c869f09,2026-09-06T05:13:20.066772+00:00,lineage,Figure 6,,CANONICAL,yes,"Minimal frozen inputs exported for the DIII-D four-panel figure, with a per-file provenance manifest."
05_DIII_D_RECONSTRUCTION/18_Machine_Readable_Lineage/FIGURE_EXPORT/panel2_fold_3_result.json,D:\SIR_paper\DIIID_example\S7\FIGURE_EXPORT\panel2_fold_3_result.json,2433,70d8cde215068b16646818c41d379d16a5eeada3dcb8871cbfbe9094afca4b76,2026-09-06T05:15:27.207722+00:00,lineage,Figure 6,,CANONICAL,yes,"Minimal frozen inputs exported for the DIII-D four-panel figure, with a per-file provenance manifest."
05_DIII_D_RECONSTRUCTION/18_Machine_Readable_Lineage/FIGURE_EXPORT/panel2_fold_4_result.json,D:\SIR_paper\DIIID_example\S7\FIGURE_EXPORT\panel2_fold_4_result.json,2417,4ae84b5abd522c1b49d02a1c5161c7530c3f39aaed7963c98fd32432721c8fbe,2026-09-06T05:17:42.187523+00:00,lineage,Figure 6,,CANONICAL,yes,"Minimal frozen inputs exported for the DIII-D four-panel figure, with a per-file provenance manifest."
05_DIII_D_RECONSTRUCTION/18_Machine_Readable_Lineage/FIGURE_EXPORT/panel2_fold_5_result.json,D:\SIR_paper\DIIID_example\S7\FIGURE_EXPORT\panel2_fold_5_result.json,2387,bc3cbd795e9cccd5f6345e942d0e28625157752009c64484499dec074bacf5f5,2026-09-06T05:19:48.830563+00:00,lineage,Figure 6,,CANONICAL,yes,"Minimal frozen inputs exported for the DIII-D four-panel figure, with a per-file provenance manifest."
05_DIII_D_RECONSTRUCTION/18_Machine_Readable_Lineage/FIGURE_EXPORT/panel2_fold_support_matrix.csv,D:\SIR_paper\DIIID_example\S7\FIGURE_EXPORT\panel2_fold_support_matrix.csv,1212,088e7c12080cfe3f5093f318758a3639d30e9ad2db9ebeb3107d68684617ad52,2026-09-09T21:21:30.567965+00:00,lineage,Figure 6,,CANONICAL,yes,"Minimal frozen inputs exported for the DIII-D four-panel figure, with a per-file provenance manifest."
05_DIII_D_RECONSTRUCTION/18_Machine_Readable_Lineage/FIGURE_EXPORT/panel2_support_pairwise_jaccard.csv,D:\SIR_paper\DIIID_example\S7\FIGURE_EXPORT\panel2_support_pairwise_jaccard.csv,448,f68cfacd973f76f50741145b64c193f04ba04db1783a0d1041d6e16a2a82d8f9,2026-09-06T05:24:38.216087+00:00,lineage,Figure 6,,CANONICAL,yes,"Minimal frozen inputs exported for the DIII-D four-panel figure, with a per-file provenance manifest."
05_DIII_D_RECONSTRUCTION/18_Machine_Readable_Lineage/FIGURE_EXPORT/panel3_crossfitted_metrics.json,D:\SIR_paper\DIIID_example\S7\FIGURE_EXPORT\panel3_crossfitted_metrics.json,3931,c2adaabc1ca9e46dc68890893f5235c4645da6136fef62fea583c6f74f384410,2026-09-06T05:24:38.231053+00:00,lineage,Figure 6,,CANONICAL,yes,"Minimal frozen inputs exported for the DIII-D four-panel figure, with a per-file provenance manifest."
05_DIII_D_RECONSTRUCTION/18_Machine_Readable_Lineage/FIGURE_EXPORT/panel3_heldout_discharge_results.csv,D:\SIR_paper\DIIID_example\S7\FIGURE_EXPORT\panel3_heldout_discharge_results.csv,24655,6a932a4792ac4d5e69d002856106563dd4e143039e090f95a336a09a6954657c,2026-09-06T05:19:48.875157+00:00,lineage,Figure 6,,CANONICAL,yes,"Minimal frozen inputs exported for the DIII-D four-panel figure, with a per-file provenance manifest."
05_DIII_D_RECONSTRUCTION/18_Machine_Readable_Lineage/FIGURE_EXPORT/panel3_method_summaries.csv,D:\SIR_paper\DIIID_example\S7\FIGURE_EXPORT\panel3_method_summaries.csv,887,d837fbcfba03ab8aeb0b14732b1bd1212995cc64024e9626fc45cb4d28e1b8c6,2026-09-06T05:24:38.226326+00:00,lineage,Figure 6,,CANONICAL,yes,"Minimal frozen inputs exported for the DIII-D four-panel figure, with a per-file provenance manifest."
05_DIII_D_RECONSTRUCTION/18_Machine_Readable_Lineage/INFORMATION_FLOW_AUDIT.json,D:\SIR_paper\DIIID_example\S7\INFORMATION_FLOW_AUDIT.json,6582,55573e0af480741b94adf2b8ef93def1d6081ee153d957a94c5379e8fb502fda,2026-09-08T00:51:17.641862+00:00,lineage,Supplement S7,,CANONICAL,yes,"S7 normalization and audit layer: stage index, branch lineage, revision ledger, leakage audit, claim-evidence matrix and the re-runnable checker."
05_DIII_D_RECONSTRUCTION/18_Machine_Readable_Lineage/INFORMATION_FLOW_AUDIT.md,D:\SIR_paper\DIIID_example\S7\INFORMATION_FLOW_AUDIT.md,10071,5b3c1447e135bac7ff7c5d0755e81b5de6ad2c2c8e5dd1f1f049bb0ef565f40f,2026-09-08T00:30:32.574086+00:00,lineage,Supplement S7,,CANONICAL,yes,"S7 normalization and audit layer: stage index, branch lineage, revision ledger, leakage audit, claim-evidence matrix and the re-runnable checker."
05_DIII_D_RECONSTRUCTION/18_Machine_Readable_Lineage/INITIAL_STATE_MANIFEST.json,D:\SIR_paper\DIIID_example\S7\_manifests\INITIAL_STATE_MANIFEST.json,16150,23a2c9e2b5b9746aa06bd2688723942acb0b2bef30a0dbcd247e7dd5964b1f78,2026-09-02T05:57:29.349222+00:00,lineage,Supplement S7,,CANONICAL,yes,State of the tree when S7 began.
05_DIII_D_RECONSTRUCTION/18_Machine_Readable_Lineage/MANUSCRIPT_ALIGNMENT.json,D:\SIR_paper\DIIID_example\S7\MANUSCRIPT_ALIGNMENT.json,14640,85046ca2bf5584dede24937749b7ab07c299f377d096943a830291936563e03f,2026-09-08T00:51:17.716571+00:00,lineage,Supplement S7,,CANONICAL,yes,"S7 normalization and audit layer: stage index, branch lineage, revision ledger, leakage audit, claim-evidence matrix and the re-runnable checker."
05_DIII_D_RECONSTRUCTION/18_Machine_Readable_Lineage/MANUSCRIPT_ALIGNMENT.md,D:\SIR_paper\DIIID_example\S7\MANUSCRIPT_ALIGNMENT.md,16782,0197ae6dc6a64efb35ca197e61c8a5c73ed941c06ea7956f028fb09a4b8ff86b,2026-09-08T00:50:46.309695+00:00,lineage,Supplement S7,,CANONICAL,yes,"S7 normalization and audit layer: stage index, branch lineage, revision ledger, leakage audit, claim-evidence matrix and the re-runnable checker."
05_DIII_D_RECONSTRUCTION/18_Machine_Readable_Lineage/README.md,D:\SIR_paper\DIIID_example\S7\README.md,7834,70f21a6acf6a2b09d69499fd45886e76a6c4800d28e2d611573799f31a5b7166,2026-09-08T01:02:53.586560+00:00,lineage,Supplement S7,,CANONICAL,yes,"S7 normalization and audit layer: stage index, branch lineage, revision ledger, leakage audit, claim-evidence matrix and the re-runnable checker."
05_DIII_D_RECONSTRUCTION/18_Machine_Readable_Lineage/REPRODUCIBILITY.md,D:\SIR_paper\DIIID_example\S7\REPRODUCIBILITY.md,7040,73383588b05f5f7f797635305e151afcec1f9b9c8fb5c912c9ae556f0e0de6ad,2026-09-07T21:40:16.043937+00:00,lineage,Supplement S7,,CANONICAL,yes,"S7 normalization and audit layer: stage index, branch lineage, revision ledger, leakage audit, claim-evidence matrix and the re-runnable checker."
05_DIII_D_RECONSTRUCTION/18_Machine_Readable_Lineage/REVISION_LEDGER.md,D:\SIR_paper\DIIID_example\S7\REVISION_LEDGER.md,13800,840e31b7309b6fc2874f1d5f0700c2f50f033dce2cb85e169ca748e8972bc98f,2026-09-08T01:02:53.586560+00:00,lineage,Supplement S7,,CANONICAL,yes,"S7 normalization and audit layer: stage index, branch lineage, revision ledger, leakage audit, claim-evidence matrix and the re-runnable checker."
05_DIII_D_RECONSTRUCTION/18_Machine_Readable_Lineage/SIR_ARCHITECTURE_MAP.md,D:\SIR_paper\DIIID_example\S7\SIR_ARCHITECTURE_MAP.md,13681,4cbb37687c97b63b2bb83835043207620846ea81e59928921d6a4683cf8e7250,2026-09-08T00:50:13.929554+00:00,lineage,Supplement S7,,CANONICAL,yes,"S7 normalization and audit layer: stage index, branch lineage, revision ledger, leakage audit, claim-evidence matrix and the re-runnable checker."
05_DIII_D_RECONSTRUCTION/18_Machine_Readable_Lineage/STATUS.md,D:\SIR_paper\DIIID_example\S7\STATUS.md,93687,80c1a075a7f871101f7d8e438c2c5df90cd08d7eea39fea1c40877b00ed132a4,2026-09-08T00:51:17.424597+00:00,lineage,Supplement S7,,CANONICAL,yes,"S7 normalization and audit layer: stage index, branch lineage, revision ledger, leakage audit, claim-evidence matrix and the re-runnable checker."
05_DIII_D_RECONSTRUCTION/18_Machine_Readable_Lineage/WORKFLOW.md,D:\SIR_paper\DIIID_example\S7\WORKFLOW.md,11953,d3cbca6e32bdb202de02b6da34a7fa8e64933aa0f0e2616ed590ff3144eaba93,2026-09-08T00:50:13.930127+00:00,lineage,Supplement S7,,CANONICAL,yes,"S7 normalization and audit layer: stage index, branch lineage, revision ledger, leakage audit, claim-evidence matrix and the re-runnable checker."
05_DIII_D_RECONSTRUCTION/18_Machine_Readable_Lineage/_audit/PHASE_A_INVENTORY.json,D:\SIR_paper\DIIID_example\S7\_audit\PHASE_A_INVENTORY.json,335142,9f4cad675b8ce605d512691ab640c865c8102528a1507cb0ac9f2bfbb50f91d5,2026-09-07T21:25:11.248974+00:00,lineage,Supplement S7,,CANONICAL,yes,"Stage registry, package builders and the independent recomputations (range support, target ancestry) used by the S7 audit."
05_DIII_D_RECONSTRUCTION/18_Machine_Readable_Lineage/_audit/build_alignment_json.py,D:\SIR_paper\DIIID_example\S7\_audit\build_alignment_json.py,12935,9d370a76b2a40820301d1ae1a327996a4263fd0760f929ab210c60c96f2369ba,2026-09-08T00:32:13.278954+00:00,lineage,Supplement S7,,CANONICAL,yes,"Stage registry, package builders and the independent recomputations (range support, target ancestry) used by the S7 audit."
05_DIII_D_RECONSTRUCTION/18_Machine_Readable_Lineage/_audit/build_dashboard.py,D:\SIR_paper\DIIID_example\S7\_audit\build_dashboard.py,11764,2b51b0b8ce66b3929786ade88ba5d0d24fd3806ec560a3bf3dd3990c3c3e9f7b,2026-09-08T01:02:53.587521+00:00,lineage,Supplement S7,,CANONICAL,yes,"Stage registry, package builders and the independent recomputations (range support, target ancestry) used by the S7 audit."
05_DIII_D_RECONSTRUCTION/18_Machine_Readable_Lineage/_audit/build_figure_export.py,D:\SIR_paper\DIIID_example\S7\_audit\build_figure_export.py,11570,c3735374231a38f8ab61e96d95663b408da7e164709e9423401e8cdc7bd83a8c,2026-09-09T21:21:25.132902+00:00,lineage,Supplement S7,,CANONICAL,yes,"Stage registry, package builders and the independent recomputations (range support, target ancestry) used by the S7 audit."
05_DIII_D_RECONSTRUCTION/18_Machine_Readable_Lineage/_audit/build_findings.py,D:\SIR_paper\DIIID_example\S7\_audit\build_findings.py,16385,d24f3704e0d297028257738e359d1512bee032c39255a4879829b02e9dd2edf3,2026-09-08T00:32:13.278338+00:00,lineage,Supplement S7,,CANONICAL,yes,"Stage registry, package builders and the independent recomputations (range support, target ancestry) used by the S7 audit."
05_DIII_D_RECONSTRUCTION/18_Machine_Readable_Lineage/_audit/build_matrices.py,D:\SIR_paper\DIIID_example\S7\_audit\build_matrices.py,18912,b0641110068fa583871260e1d80461e1f60b7a40378548ce56f986124d37652c,2026-09-08T00:32:13.278338+00:00,lineage,Supplement S7,,CANONICAL,yes,"Stage registry, package builders and the independent recomputations (range support, target ancestry) used by the S7 audit."
05_DIII_D_RECONSTRUCTION/18_Machine_Readable_Lineage/_audit/build_s7_package.py,D:\SIR_paper\DIIID_example\S7\_audit\build_s7_package.py,16179,0329f08540dd8736620e1e83f15e7f34ec52fbaaadd85e1889456d04ef0f25d1,2026-09-08T00:26:20.047430+00:00,lineage,Supplement S7,,CANONICAL,yes,"Stage registry, package builders and the independent recomputations (range support, target ancestry) used by the S7 audit."
05_DIII_D_RECONSTRUCTION/18_Machine_Readable_Lineage/_audit/build_semantics_audit.py,D:\SIR_paper\DIIID_example\S7\_audit\build_semantics_audit.py,15453,24b1097ea5303f20a7d837c4aba9e9f5dbe9da657cf3861f02826462aeb14751,2026-09-08T00:49:16.701126+00:00,lineage,Supplement S7,,CANONICAL,yes,"Stage registry, package builders and the independent recomputations (range support, target ancestry) used by the S7 audit."
05_DIII_D_RECONSTRUCTION/18_Machine_Readable_Lineage/_audit/range_support_independent_recomputation.json,D:\SIR_paper\DIIID_example\S7\_audit\range_support_independent_recomputation.json,1781,7bb16cfad80cc9c2e202400f7646d0a3918c3c61c552671af34c8614e34086bc,2026-09-07T21:25:11.176781+00:00,lineage,Supplement S7,,CANONICAL,yes,"Stage registry, package builders and the independent recomputations (range support, target ancestry) used by the S7 audit."
05_DIII_D_RECONSTRUCTION/18_Machine_Readable_Lineage/_audit/stage_registry.py,D:\SIR_paper\DIIID_example\S7\_audit\stage_registry.py,38791,cead4899f39e6d642e95698300c8da37ccdd626229d993bf55d436a9d168cd19,2026-09-08T00:49:16.700315+00:00,lineage,Supplement S7,,CANONICAL,yes,"Stage registry, package builders and the independent recomputations (range support, target ancestry) used by the S7 audit."
05_DIII_D_RECONSTRUCTION/18_Machine_Readable_Lineage/_audit/target_ancestry_test.csv,D:\SIR_paper\DIIID_example\S7\_audit\target_ancestry_test.csv,10559,624819aacb25921bad7c84613103c0075fca42b81d7232eab3db0c8132268fcb,2026-09-07T21:25:11.151848+00:00,lineage,Supplement S7,,CANONICAL,yes,"Stage registry, package builders and the independent recomputations (range support, target ancestry) used by the S7 audit."
05_DIII_D_RECONSTRUCTION/18_Machine_Readable_Lineage/_audit/verify_range_support.py,D:\SIR_paper\DIIID_example\S7\_audit\verify_range_support.py,6743,d5ad1b03f4bc7ad7fb2155155ff72d11979ec97457175570b452957200cd6d19,2026-09-07T21:25:11.225053+00:00,lineage,Supplement S7,,CANONICAL,yes,"Stage registry, package builders and the independent recomputations (range support, target ancestry) used by the S7 audit."
05_DIII_D_RECONSTRUCTION/18_Machine_Readable_Lineage/_audit/verify_target_ancestry.py,D:\SIR_paper\DIIID_example\S7\_audit\verify_target_ancestry.py,5329,75990d049d3bd66c6dfce667d1c60633bac7148aab542bc0d4197f0129fee536,2026-09-07T21:25:11.200989+00:00,lineage,Supplement S7,,CANONICAL,yes,"Stage registry, package builders and the independent recomputations (range support, target ancestry) used by the S7 audit."
05_DIII_D_RECONSTRUCTION/18_Machine_Readable_Lineage/audit_s7.py,D:\SIR_paper\DIIID_example\S7\audit_s7.py,35898,b5e967fbfca7d4d486fdd0894b831c18c2dbd1d96355f73f0989437c00afc5ee,2026-09-08T00:52:20.091025+00:00,lineage,Supplement S7,,CANONICAL,yes,"S7 normalization and audit layer: stage index, branch lineage, revision ledger, leakage audit, claim-evidence matrix and the re-runnable checker."
06_PAPER_FIGURES_ONLY/Fig_01_admissible_relational_space/admissible_relational_space_hierarchical_v15_metaball.pdf,Paper_Data-derived edit of /Users/ganatma/SapientAI/Documents/Papers/figures/figs/admissible_relational_space_hierarchical_v15_metaball.pdf,446367,70000ad36c23976a9fc5a5e49ae8137cc01dd9219cc0c91dd901e7c1d059902c,2026-09-16T17:59:31.240576+00:00,figure,main manuscript,,CANONICAL_FIGURE_ASSET,yes,"Polishing pass 2026-09-16 (Nature Computational Science style): all text typeset by LaTeX in Latin Modern (10 pt design pinned at every size), symbols in LaTeX math, standard type scale; see 06_PAPER_FIGURES_ONLY/README.md. Assets re-rendered from the bundled script and verified pixel-identical on re-render (matplotlib 3.9.2 + TeX Live 2026)."
06_PAPER_FIGURES_ONLY/Fig_01_admissible_relational_space/admissible_relational_space_hierarchical_v15_metaball.png,Paper_Data-derived edit of /Users/ganatma/SapientAI/Documents/Papers/figures/figs/admissible_relational_space_hierarchical_v15_metaball.png,2423135,eb414acc6047a734ad38363823dbfab80b7daac7aa35c8def5a4953646ca2ef7,2026-09-16T17:59:31.240576+00:00,figure,main manuscript,,CANONICAL_FIGURE_ASSET,yes,"Polishing pass 2026-09-16 (Nature Computational Science style): all text typeset by LaTeX in Latin Modern (10 pt design pinned at every size), symbols in LaTeX math, standard type scale; see 06_PAPER_FIGURES_ONLY/README.md. Assets re-rendered from the bundled script and verified pixel-identical on re-render (matplotlib 3.9.2 + TeX Live 2026)."
06_PAPER_FIGURES_ONLY/Fig_01_admissible_relational_space/admissible_relational_space_hierarchical_v15_metaball.svg,Paper_Data-derived edit of /Users/ganatma/SapientAI/Documents/Papers/figures/figs/admissible_relational_space_hierarchical_v15_metaball.svg,380650,a23ab0b970d978a74b2127e499363037bef8b3edc26f98c8653fc96c4c2ca2cf,2026-09-16T17:59:31.240576+00:00,figure,main manuscript,,CANONICAL_FIGURE_ASSET,yes,"Polishing pass 2026-09-16 (Nature Computational Science style): all text typeset by LaTeX in Latin Modern (10 pt design pinned at every size), symbols in LaTeX math, standard type scale; see 06_PAPER_FIGURES_ONLY/README.md. Assets re-rendered from the bundled script and verified pixel-identical on re-render (matplotlib 3.9.2 + TeX Live 2026)."
06_PAPER_FIGURES_ONLY/Fig_01_admissible_relational_space/figure_source/admissible_relational_space_hierarchical_v15_metaball.py,D:\SIR_paper\General\admissible_relational_space_hierarchical_v15_metaball.py,31063,a5a3cceb334880548438cc2b225276c4e6d77b98e4c45b0ac74006d4966419e0,2026-09-07T20:41:54.097209+00:00,figure_script,main manuscript,,SUPERSEDED_FIGURE_SCRIPT,yes,Superseded by ..._metaball_final.py (differs only in a patch edge colour/linewidth); retained for lineage. The bundled asset was rendered by _final.py.
06_PAPER_FIGURES_ONLY/Fig_01_admissible_relational_space/figure_source/admissible_relational_space_hierarchical_v15_metaball_final.py,Paper_Data-derived edit of /Users/ganatma/SapientAI/Documents/Papers/figures/admissible_relational_space_hierarchical_v15_metaball.py,33152,58b718969549cc8062d3be432cfb2887f32d196d806dea317b93e533d89f6191,2026-09-16T17:59:31.240576+00:00,figure_script,main manuscript,,CANONICAL_FIGURE_SCRIPT,yes,"Polishing pass 2026-09-16 (Nature Computational Science style): all text typeset by LaTeX in Latin Modern (10 pt design pinned at every size), symbols in LaTeX math, standard type scale; see 06_PAPER_FIGURES_ONLY/README.md. Assets re-rendered from the bundled script and verified pixel-identical on re-render (matplotlib 3.9.2 + TeX Live 2026)."
06_PAPER_FIGURES_ONLY/Fig_02_phase_turning_manifold/figure_source/phase_turning_manifold_sensitivity_centered_with_x2_purple_v8.py,Paper_Data-derived edit of D:\SIR_paper\DIIID_example\phase_turning_manifold_sensitivity_centered_with_x2_purple_v8.py,30665,9aa27ed98876ddb8f1ec07ed48abd0f762bd51364d5ef35e7eb6c18f46ec46df,2026-09-16T17:59:31.240576+00:00,figure_script,main manuscript,,CANONICAL_FIGURE_SCRIPT,yes,"Polishing pass 2026-09-16 (Nature Computational Science style): all text typeset by LaTeX in Latin Modern (10 pt design pinned at every size), symbols in LaTeX math, standard type scale; see 06_PAPER_FIGURES_ONLY/README.md. Assets re-rendered from the bundled script and verified pixel-identical on re-render (matplotlib 3.9.2 + TeX Live 2026)."
06_PAPER_FIGURES_ONLY/Fig_02_phase_turning_manifold/phase_turning_manifold_sensitivity_centered_with_x2_purple_v8.pdf,Paper_Data-derived edit of D:\SIR_paper\DIIID_example\phase_turning_manifold_sensitivity_centered_with_x2_purple_v8.pdf,441027,62838e893de5bcafef04e11dc9c4bf44100bd2b255c2e74efe0741171dd3b493,2026-09-16T17:59:31.240576+00:00,figure,main manuscript,,CANONICAL_FIGURE_ASSET,yes,"Polishing pass 2026-09-16 (Nature Computational Science style): all text typeset by LaTeX in Latin Modern (10 pt design pinned at every size), symbols in LaTeX math, standard type scale; see 06_PAPER_FIGURES_ONLY/README.md. Assets re-rendered from the bundled script and verified pixel-identical on re-render (matplotlib 3.9.2 + TeX Live 2026)."
06_PAPER_FIGURES_ONLY/Fig_02_phase_turning_manifold/phase_turning_manifold_sensitivity_centered_with_x2_purple_v8.png,Paper_Data-derived edit of /Users/ganatma/SapientAI/Documents/Papers/figures/phase_turning_manifold_sensitivity_centered_with_x2_purple_v8.png,1382628,d3239c4a736514d2803a8cb00b4cd4bf16e9ac91b92068b09bd437af87f135d0,2026-09-16T17:59:31.240576+00:00,figure,main manuscript,,CANONICAL_FIGURE_ASSET,yes,"Polishing pass 2026-09-16 (Nature Computational Science style): all text typeset by LaTeX in Latin Modern (10 pt design pinned at every size), symbols in LaTeX math, standard type scale; see 06_PAPER_FIGURES_ONLY/README.md. Assets re-rendered from the bundled script and verified pixel-identical on re-render (matplotlib 3.9.2 + TeX Live 2026)."
06_PAPER_FIGURES_ONLY/Fig_02_phase_turning_manifold/phase_turning_manifold_sensitivity_centered_with_x2_purple_v8.svg,Paper_Data-derived edit of /Users/ganatma/SapientAI/Documents/Papers/figures/phase_turning_manifold_sensitivity_centered_with_x2_purple_v8.svg,600574,a6e22282c847dbd358455f129f6383f95116f96acbd907be7699b7b1db0bed9e,2026-09-16T17:59:31.240576+00:00,figure,main manuscript,,CANONICAL_FIGURE_ASSET,yes,"Polishing pass 2026-09-16 (Nature Computational Science style): all text typeset by LaTeX in Latin Modern (10 pt design pinned at every size), symbols in LaTeX math, standard type scale; see 06_PAPER_FIGURES_ONLY/README.md. Assets re-rendered from the bundled script and verified pixel-identical on re-render (matplotlib 3.9.2 + TeX Live 2026)."
06_PAPER_FIGURES_ONLY/Fig_04_task_contracts_representations/figure4_task_contracts_mathematical_representations_nature_one_row.pdf,Paper_Data-derived edit of D:\SIR_paper\Figures\figs\figure4_task_contracts_mathematical_representations_nature_one_row.pdf,440666,3ad86bdff9a153f6e3a7a12ce351febe410585255e832a45dd1616e6652d4c4f,2026-09-16T17:59:31.240576+00:00,figure,main manuscript,,CANONICAL_FIGURE_ASSET,yes,"Polishing pass 2026-09-16 (Nature Computational Science style): all text typeset by LaTeX in Latin Modern (10 pt design pinned at every size), symbols in LaTeX math, standard type scale; see 06_PAPER_FIGURES_ONLY/README.md. Assets re-rendered from the bundled script and verified pixel-identical on re-render (matplotlib 3.9.2 + TeX Live 2026)."
06_PAPER_FIGURES_ONLY/Fig_04_task_contracts_representations/figure4_task_contracts_mathematical_representations_nature_one_row.png,Paper_Data-derived edit of /Users/ganatma/SapientAI/Documents/Papers/figures/figs/figure4_task_contracts_mathematical_representations_nature_one_row.png,635486,d7fba7c36d1d17e62b4e0f696dd8361c0cfc6010296faa2eac53c050f536e98e,2026-09-16T17:59:31.240576+00:00,figure,main manuscript,,CANONICAL_FIGURE_ASSET,yes,"Polishing pass 2026-09-16 (Nature Computational Science style): all text typeset by LaTeX in Latin Modern (10 pt design pinned at every size), symbols in LaTeX math, standard type scale; see 06_PAPER_FIGURES_ONLY/README.md. Assets re-rendered from the bundled script and verified pixel-identical on re-render (matplotlib 3.9.2 + TeX Live 2026)."
06_PAPER_FIGURES_ONLY/Fig_04_task_contracts_representations/figure4_task_contracts_mathematical_representations_nature_one_row.svg,Paper_Data-derived edit of D:\SIR_paper\Figures\figs\figure4_task_contracts_mathematical_representations_nature_one_row.svg,369918,264de905a44c9abe52e30a4110ae9402d8b9713a39b41957403faeb1344d17c2,2026-09-16T17:59:31.240576+00:00,figure,main manuscript,,CANONICAL_FIGURE_ASSET,yes,"Polishing pass 2026-09-16 (Nature Computational Science style): all text typeset by LaTeX in Latin Modern (10 pt design pinned at every size), symbols in LaTeX math, standard type scale; see 06_PAPER_FIGURES_ONLY/README.md. Assets re-rendered from the bundled script and verified pixel-identical on re-render (matplotlib 3.9.2 + TeX Live 2026)."
06_PAPER_FIGURES_ONLY/Fig_04_task_contracts_representations/figure_source/figure4_task_contracts_mathematical_representations_nature.py,/Users/ganatma/SapientAI/Documents/Papers/figures/figure4_task_contracts_mathematical_representations_nature.py,23404,487405fe348958c0fd6caa0891bdb724e7d553d0d775bac1f128295f1b4fd707,2026-09-16T17:59:31.240576+00:00,figure_script,main manuscript,SIR-PENDULUM,CANONICAL_FIGURE_SCRIPT,yes,"Required helper imported by the one_row script (colours, simulation, manifest loader); previously missing from the package. Copied verbatim from the working figures folder; unedited (the one_row script overrides its style)."
06_PAPER_FIGURES_ONLY/Fig_04_task_contracts_representations/figure_source/figure4_task_contracts_mathematical_representations_nature_one_row.py,Paper_Data-derived edit of D:\SIR_paper\Pendulum\Plotter\figure4_task_contracts_mathematical_representations_nature_one_row.py,18648,cc1a672d5b7a073ccf3513d324bbd9cea22395dc5342e8ea9794b6ffce7bfd27,2026-09-16T17:59:31.240576+00:00,figure_script,main manuscript,,CANONICAL_FIGURE_SCRIPT,yes,"Polishing pass 2026-09-16 (Nature Computational Science style): all text typeset by LaTeX in Latin Modern (10 pt design pinned at every size), symbols in LaTeX math, standard type scale; see 06_PAPER_FIGURES_ONLY/README.md. Assets re-rendered from the bundled script and verified pixel-identical on re-render (matplotlib 3.9.2 + TeX Live 2026)."
06_PAPER_FIGURES_ONLY/Fig_04_task_contracts_representations/figure_source/manifest.csv,/Users/ganatma/SapientAI/Documents/Papers/figures/manifest.csv,9112,7bcebf30d0ba8e6d75892b6cf069b1e8735b392e2d6daea21c675e74ed15d468,2026-09-16T17:59:31.240576+00:00,figure_data,Figure 4,SIR-PENDULUM,CANONICAL_FIGURE_DATA,yes,Read by the helper from its own folder. Byte-identical to 02_CONTROLLED_STUDIES/04_Pendulum_Task_Conditioning/manifest.csv.
06_PAPER_FIGURES_ONLY/Fig_04_task_contracts_representations/figure_source_data/panel_data.py,D:\SIR_paper\Pendulum\Plotter\panel_data.py,5227,f82e760e17621b0585b433ca5806f692bd9ddfd737615fe3198f8a52ae045bb7,2026-09-10T20:23:26.526488+00:00,figure_data,main manuscript,,CANONICAL_FIGURE_DATA,yes,Script writes to Pendulum/Plotter/figs; the asset was moved to Figures/figs by hand. Manual relocation step recorded.
06_PAPER_FIGURES_ONLY/Fig_05_lorenz_representation_landscape/figure5_lorenz_representation_landscape_final_tnr_v5_nature.pdf,Paper_Data-derived edit of /Users/ganatma/SapientAI/Documents/Papers/figures/figure5_lorenz_representation_landscape_final_tnr_v5_nature.pdf,348015,56111d07a0bec3caa8c2da23e9c3ca9887b2edcfd4e9ae9710a91f8c74e413cd,2026-09-16T17:59:31.240576+00:00,figure,main manuscript,,CANONICAL_FIGURE_ASSET,yes,"Polishing pass 2026-09-16 (Nature Computational Science style): all text typeset by LaTeX in Latin Modern (10 pt design pinned at every size), symbols in LaTeX math, standard type scale; see 06_PAPER_FIGURES_ONLY/README.md. Assets re-rendered from the bundled script and verified pixel-identical on re-render (matplotlib 3.9.2 + TeX Live 2026)."
06_PAPER_FIGURES_ONLY/Fig_05_lorenz_representation_landscape/figure5_lorenz_representation_landscape_final_tnr_v5_nature.png,Paper_Data-derived edit of /Users/ganatma/SapientAI/Documents/Papers/figures/figure5_lorenz_representation_landscape_final_tnr_v5_nature.png,1182273,09ce36f534c75470beeea08c91e52fedc839a4a8b82d7106c2d3f9af1ef8171c,2026-09-16T17:59:31.240576+00:00,figure,main manuscript,,CANONICAL_FIGURE_ASSET,yes,"Polishing pass 2026-09-16 (Nature Computational Science style): all text typeset by LaTeX in Latin Modern (10 pt design pinned at every size), symbols in LaTeX math, standard type scale; see 06_PAPER_FIGURES_ONLY/README.md. Assets re-rendered from the bundled script and verified pixel-identical on re-render (matplotlib 3.9.2 + TeX Live 2026)."
06_PAPER_FIGURES_ONLY/Fig_05_lorenz_representation_landscape/figure5_lorenz_representation_landscape_final_tnr_v5_nature.svg,Paper_Data-derived edit of /Users/ganatma/SapientAI/Documents/Papers/figures/figure5_lorenz_representation_landscape_final_tnr_v5_nature.svg,326737,70ed1713761334184f899932e9119113821910d522ba0bcc58ef397fa9d07b5b,2026-09-16T17:59:31.240576+00:00,figure,main manuscript,,CANONICAL_FIGURE_ASSET,yes,"Polishing pass 2026-09-16 (Nature Computational Science style): all text typeset by LaTeX in Latin Modern (10 pt design pinned at every size), symbols in LaTeX math, standard type scale; see 06_PAPER_FIGURES_ONLY/README.md. Assets re-rendered from the bundled script and verified pixel-identical on re-render (matplotlib 3.9.2 + TeX Live 2026)."
06_PAPER_FIGURES_ONLY/Fig_05_lorenz_representation_landscape/figure_source/figure5_lorenz_representation_landscape_final_tnr_v5_nature.py,Paper_Data-derived edit of /Users/ganatma/SapientAI/Documents/Papers/figures/figure5_lorenz_representation_landscape_final_tnr_v5_nature.py,37625,e50e317ef9afb2de5c665de3454bdf2d39cea189793500fb06945a400d73a4b2,2026-09-16T17:59:31.240576+00:00,figure_script,main manuscript,,CANONICAL_FIGURE_SCRIPT,yes,"Polishing pass 2026-09-16 (Nature Computational Science style): all text typeset by LaTeX in Latin Modern (10 pt design pinned at every size), symbols in LaTeX math, standard type scale; see 06_PAPER_FIGURES_ONLY/README.md. Assets re-rendered from the bundled script and verified pixel-identical on re-render (matplotlib 3.9.2 + TeX Live 2026)."
06_PAPER_FIGURES_ONLY/Fig_05_lorenz_representation_landscape/figure_source_data/PROVENANCE_MANIFEST.json,D:\SIR_paper\Lorenz\fig5data\PROVENANCE_MANIFEST.json,7294,4b02d98230119b1832d6dab137a9e352b232f96261579f4d1a5b2f3aea9c45bf,2026-09-01T00:10:47.162572+00:00,figure_data,Figure 5,SIR-LORENZ-TASK-CONDITIONING,CANONICAL_FIGURE_DATA,yes,Frozen input copied verbatim from Lorenz/fig5data.
06_PAPER_FIGURES_ONLY/Fig_05_lorenz_representation_landscape/figure_source_data/README.md,D:\SIR_paper\Lorenz\fig5data\README.md,5649,9ca94176f87396a198a9267f75daaee9d10329414343656b710d21f216b50955,2026-09-01T00:14:38.218515+00:00,figure_data,Figure 5,SIR-LORENZ-TASK-CONDITIONING,CANONICAL_FIGURE_DATA,yes,Frozen input copied verbatim from Lorenz/fig5data.
06_PAPER_FIGURES_ONLY/Fig_05_lorenz_representation_landscape/figure_source_data/SOURCE_INVENTORY.md,D:\SIR_paper\Lorenz\fig5data\SOURCE_INVENTORY.md,4057,ec83ebeed50ffe5ace803283ac37ad94c871ec4f720ba3cf36d0ca7a060e3078,2026-09-01T00:14:12.880873+00:00,figure_data,Figure 5,SIR-LORENZ-TASK-CONDITIONING,CANONICAL_FIGURE_DATA,yes,Frozen input copied verbatim from Lorenz/fig5data.
06_PAPER_FIGURES_ONLY/Fig_05_lorenz_representation_landscape/figure_source_data/canonical_attractor.csv,D:\SIR_paper\Lorenz\fig5data\canonical_attractor.csv,260367,67564c6acc0464f0164089ce59735b88c86ef9ab8e9c478acdf3dc80b66d8b26,2026-09-01T00:10:46.146473+00:00,figure_data,Figure 5,SIR-LORENZ-TASK-CONDITIONING,CANONICAL_FIGURE_DATA,yes,Frozen input copied verbatim from Lorenz/fig5data.
06_PAPER_FIGURES_ONLY/Fig_05_lorenz_representation_landscape/figure_source_data/canonical_recovery.json,D:\SIR_paper\Lorenz\fig5data\canonical_recovery.json,2264,59ae7d2e8c469a5f1a0b345e96d72153e5c7ad87043e84496dac654418bff57c,2026-09-01T00:10:45.035091+00:00,figure_data,Figure 5,SIR-LORENZ-TASK-CONDITIONING,CANONICAL_FIGURE_DATA,yes,Frozen input copied verbatim from Lorenz/fig5data.
06_PAPER_FIGURES_ONLY/Fig_05_lorenz_representation_landscape/figure_source_data/confirmation_trajectory_rmse.csv,D:\SIR_paper\Lorenz\fig5data\confirmation_trajectory_rmse.csv,59329,ce1b5d4ef50b8135226ba14b88e0c2cffdc5c03039c286367d1a1b6fb027684c,2026-09-01T00:10:46.180656+00:00,figure_data,Figure 5,SIR-LORENZ-TASK-CONDITIONING,CANONICAL_FIGURE_DATA,yes,Frozen input copied verbatim from Lorenz/fig5data.
06_PAPER_FIGURES_ONLY/Fig_05_lorenz_representation_landscape/figure_source_data/noise_robustness.csv,D:\SIR_paper\Lorenz\fig5data\noise_robustness.csv,39877,3c82ce0f508fd7c05dfa0f5dc70f3eff86b25d933340c23df3f0e94997919694,2026-09-01T00:10:46.193063+00:00,figure_data,Figure 5,SIR-LORENZ-TASK-CONDITIONING,CANONICAL_FIGURE_DATA,yes,Frozen input copied verbatim from Lorenz/fig5data.
06_PAPER_FIGURES_ONLY/Fig_05_lorenz_representation_landscape/figure_source_data/noise_robustness_augmented.csv,D:\SIR_paper\Lorenz\fig5data\noise_robustness_augmented.csv,776288,aabd5ececbefa01dbaaa7e5957cf8e5684ba7707cca9a7dd0fada56f1a24e6d2,2026-09-01T00:10:46.222216+00:00,figure_data,Figure 5,SIR-LORENZ-TASK-CONDITIONING,CANONICAL_FIGURE_DATA,yes,Frozen input copied verbatim from Lorenz/fig5data.
06_PAPER_FIGURES_ONLY/Fig_05_lorenz_representation_landscape/figure_source_data/noise_robustness_summary.csv,D:\SIR_paper\Lorenz\fig5data\noise_robustness_summary.csv,16957,56d680489d755eb8cc0952dda28f7bf53b87dab841ddfa5952fefbb5e9e986d5,2026-09-01T00:10:47.126565+00:00,figure_data,Figure 5,SIR-LORENZ-TASK-CONDITIONING,CANONICAL_FIGURE_DATA,yes,Frozen input copied verbatim from Lorenz/fig5data.
06_PAPER_FIGURES_ONLY/Fig_05_lorenz_representation_landscape/figure_source_data/representation_landscape.csv,D:\SIR_paper\Lorenz\fig5data\representation_landscape.csv,8013,612afcf02fc1659d920902c38f5b5fc66764cabd41431198ed05dee9cecd974c,2026-09-01T00:10:46.161971+00:00,figure_data,Figure 5,SIR-LORENZ-TASK-CONDITIONING,CANONICAL_FIGURE_DATA,yes,Frozen input copied verbatim from Lorenz/fig5data.
06_PAPER_FIGURES_ONLY/Fig_05_lorenz_representation_landscape/figure_source_data/selected_representations.json,D:\SIR_paper\Lorenz\fig5data\selected_representations.json,4324,a181ea23e487fa76088e5598bf69f71a6db513f9c81746cb1adb9788287b97f1,2026-09-01T00:10:47.149222+00:00,figure_data,Figure 5,SIR-LORENZ-TASK-CONDITIONING,CANONICAL_FIGURE_DATA,yes,Frozen input copied verbatim from Lorenz/fig5data.
06_PAPER_FIGURES_ONLY/Fig_06_d3d_task_conditioned_4panel/d3d_task_conditioned_4panel_v5.pdf,Paper_Data-derived edit of /Users/ganatma/SapientAI/Documents/Papers/figures/d3d_task_conditioned_4panel_v5.pdf,367322,e699aa8b85797e16cfe6e7f8c8bf7dcec5c5418e72bba2671dd2129f1c9881ca,2026-09-16T17:59:31.240576+00:00,figure,main manuscript,,CANONICAL_FIGURE_ASSET,yes,"Polishing pass 2026-09-16 (Nature Computational Science style): all text typeset by LaTeX in Latin Modern (10 pt design pinned at every size), symbols in LaTeX math, standard type scale; see 06_PAPER_FIGURES_ONLY/README.md. Assets re-rendered from the bundled script and verified pixel-identical on re-render (matplotlib 3.9.2 + TeX Live 2026)."
06_PAPER_FIGURES_ONLY/Fig_06_d3d_task_conditioned_4panel/d3d_task_conditioned_4panel_v5.png,Paper_Data-derived edit of /Users/ganatma/SapientAI/Documents/Papers/figures/d3d_task_conditioned_4panel_v5.png,1236165,71c47bb14f8fa39f6eac0b13200c3e392c6d05ea14788df0eabe5942fb70cacd,2026-09-16T17:59:31.240576+00:00,figure,main manuscript,,CANONICAL_FIGURE_ASSET,yes,"Polishing pass 2026-09-16 (Nature Computational Science style): all text typeset by LaTeX in Latin Modern (10 pt design pinned at every size), symbols in LaTeX math, standard type scale; see 06_PAPER_FIGURES_ONLY/README.md. Assets re-rendered from the bundled script and verified pixel-identical on re-render (matplotlib 3.9.2 + TeX Live 2026)."
06_PAPER_FIGURES_ONLY/Fig_06_d3d_task_conditioned_4panel/d3d_task_conditioned_4panel_v5.svg,Paper_Data-derived edit of /Users/ganatma/SapientAI/Documents/Papers/figures/d3d_task_conditioned_4panel_v5.svg,522739,22e3117c6295d5561002dac7923fc78783030f2dc0a479a0ca50281b5d15a059,2026-09-16T17:59:31.240576+00:00,figure,main manuscript,,CANONICAL_FIGURE_ASSET,yes,"Polishing pass 2026-09-16 (Nature Computational Science style): all text typeset by LaTeX in Latin Modern (10 pt design pinned at every size), symbols in LaTeX math, standard type scale; see 06_PAPER_FIGURES_ONLY/README.md. Assets re-rendered from the bundled script and verified pixel-identical on re-render (matplotlib 3.9.2 + TeX Live 2026)."
06_PAPER_FIGURES_ONLY/Fig_06_d3d_task_conditioned_4panel/figure_source/d3d_task_conditioned_4panel_v5.py,Paper_Data-derived edit of /Users/ganatma/SapientAI/Documents/Papers/figures/d3d_task_conditioned_4panel_v5.py,43554,5f8917b482a2669e279cf270c455d29de444d5e1725b6e63dbab66fce17f56ed,2026-09-16T17:59:31.240576+00:00,figure_script,main manuscript,,CANONICAL_FIGURE_SCRIPT,yes,"Polishing pass 2026-09-16 (Nature Computational Science style): all text typeset by LaTeX in Latin Modern (10 pt design pinned at every size), symbols in LaTeX math, standard type scale; see 06_PAPER_FIGURES_ONLY/README.md. Assets re-rendered from the bundled script and verified pixel-identical on re-render (matplotlib 3.9.2 + TeX Live 2026)."
06_PAPER_FIGURES_ONLY/Fig_06_d3d_task_conditioned_4panel/figure_source_data/corrected_coefficient_classification.csv,D:\SIR_paper\DIIID_example\fig6data\corrected_coefficient_classification.csv,2625,742227c3c2022edb5ad332c02de86808a3191f4c3d812568671c5a1cb0ee1998,2026-08-05T19:54:01.110136+00:00,figure_data,Figure 6,D3D-SIR-S7.E2.1 / D3D-SIR-62-ALIGNED-V1,CANONICAL_FIGURE_DATA,yes,Frozen input copied verbatim from DIIID_example/fig6data.
06_PAPER_FIGURES_ONLY/Fig_06_d3d_task_conditioned_4panel/figure_source_data/corrected_coefficient_heterogeneity_primary.csv,D:\SIR_paper\DIIID_example\fig6data\corrected_coefficient_heterogeneity_primary.csv,2794,98009f6d6715710b75cfd6da66ac585fe33ac0ba65a5e84e3b458d272e525feb,2026-08-05T19:54:01.106551+00:00,figure_data,Figure 6,D3D-SIR-S7.E2.1 / D3D-SIR-62-ALIGNED-V1,CANONICAL_FIGURE_DATA,yes,Frozen input copied verbatim from DIIID_example/fig6data.
06_PAPER_FIGURES_ONLY/Fig_06_d3d_task_conditioned_4panel/figure_source_data/d3d_discharge_coefficients.csv,D:\SIR_paper\DIIID_example\fig6data\d3d_discharge_coefficients.csv,28497,154e9812dbda2928b97d24eec75493a03a35517424a851c02cabc2257d12c0bb,2026-08-05T18:06:37.920910+00:00,figure_data,Figure 6,D3D-SIR-S7.E2.1 / D3D-SIR-62-ALIGNED-V1,CANONICAL_FIGURE_DATA,yes,Frozen input copied verbatim from DIIID_example/fig6data.
06_PAPER_FIGURES_ONLY/Fig_06_d3d_task_conditioned_4panel/figure_source_data/fold_0_result.json,D:\SIR_paper\DIIID_example\fig6data\fold_0_result.json,2336,c94ff14b36a918c25f776b643200547dad2f0eb9df13a5aab21c346dd85aa637,2026-09-06T05:09:17.619267+00:00,figure_data,Figure 6,D3D-SIR-S7.E2.1 / D3D-SIR-62-ALIGNED-V1,CANONICAL_FIGURE_DATA,yes,Frozen input copied verbatim from DIIID_example/fig6data.
06_PAPER_FIGURES_ONLY/Fig_06_d3d_task_conditioned_4panel/figure_source_data/fold_1_result.json,D:\SIR_paper\DIIID_example\fig6data\fold_1_result.json,2400,65dc9eae229e5ba58509f890a5dd711452eff9f2286f26e55a02014b649ce09b,2026-09-06T05:11:21.169684+00:00,figure_data,Figure 6,D3D-SIR-S7.E2.1 / D3D-SIR-62-ALIGNED-V1,CANONICAL_FIGURE_DATA,yes,Frozen input copied verbatim from DIIID_example/fig6data.
06_PAPER_FIGURES_ONLY/Fig_06_d3d_task_conditioned_4panel/figure_source_data/fold_2_result.json,D:\SIR_paper\DIIID_example\fig6data\fold_2_result.json,2336,97edc3f8570b6b8ea855fed5031e7db50d36c9db6f89db8b05d29fce9c869f09,2026-09-06T05:13:20.066772+00:00,figure_data,Figure 6,D3D-SIR-S7.E2.1 / D3D-SIR-62-ALIGNED-V1,CANONICAL_FIGURE_DATA,yes,Frozen input copied verbatim from DIIID_example/fig6data.
06_PAPER_FIGURES_ONLY/Fig_06_d3d_task_conditioned_4panel/figure_source_data/fold_3_result.json,D:\SIR_paper\DIIID_example\fig6data\fold_3_result.json,2433,70d8cde215068b16646818c41d379d16a5eeada3dcb8871cbfbe9094afca4b76,2026-09-06T05:15:27.207722+00:00,figure_data,Figure 6,D3D-SIR-S7.E2.1 / D3D-SIR-62-ALIGNED-V1,CANONICAL_FIGURE_DATA,yes,Frozen input copied verbatim from DIIID_example/fig6data.
06_PAPER_FIGURES_ONLY/Fig_06_d3d_task_conditioned_4panel/figure_source_data/fold_4_result.json,D:\SIR_paper\DIIID_example\fig6data\fold_4_result.json,2417,4ae84b5abd522c1b49d02a1c5161c7530c3f39aaed7963c98fd32432721c8fbe,2026-09-06T05:17:42.187523+00:00,figure_data,Figure 6,D3D-SIR-S7.E2.1 / D3D-SIR-62-ALIGNED-V1,CANONICAL_FIGURE_DATA,yes,Frozen input copied verbatim from DIIID_example/fig6data.
06_PAPER_FIGURES_ONLY/Fig_06_d3d_task_conditioned_4panel/figure_source_data/fold_5_result.json,D:\SIR_paper\DIIID_example\fig6data\fold_5_result.json,2387,bc3cbd795e9cccd5f6345e942d0e28625157752009c64484499dec074bacf5f5,2026-09-06T05:19:48.830563+00:00,figure_data,Figure 6,D3D-SIR-S7.E2.1 / D3D-SIR-62-ALIGNED-V1,CANONICAL_FIGURE_DATA,yes,Frozen input copied verbatim from DIIID_example/fig6data.
06_PAPER_FIGURES_ONLY/Fig_06_d3d_task_conditioned_4panel/figure_source_data/heldout_discharge_results.csv,D:\SIR_paper\DIIID_example\fig6data\heldout_discharge_results.csv,24655,6a932a4792ac4d5e69d002856106563dd4e143039e090f95a336a09a6954657c,2026-09-06T05:19:48.875157+00:00,figure_data,Figure 6,D3D-SIR-S7.E2.1 / D3D-SIR-62-ALIGNED-V1,CANONICAL_FIGURE_DATA,yes,Frozen input copied verbatim from DIIID_example/fig6data.
06_PAPER_FIGURES_ONLY/Fig_06_d3d_task_conditioned_4panel/figure_source_data/panel2_fold_support_matrix.csv,D:\SIR_paper\DIIID_example\fig6data\panel2_fold_support_matrix.csv,1212,088e7c12080cfe3f5093f318758a3639d30e9ad2db9ebeb3107d68684617ad52,2026-09-09T21:21:30.567965+00:00,figure_data,Figure 6,D3D-SIR-S7.E2.1 / D3D-SIR-62-ALIGNED-V1,CANONICAL_FIGURE_DATA,yes,Frozen input copied verbatim from DIIID_example/fig6data.
06_PAPER_FIGURES_ONLY/Supplementary_Figures/FigS1_coefficient_conditioning/d3d_coefficient_change_vs_rank_removed.pdf,Paper_Data-derived edit of D:\sir-web\Paper Examples\Relational Coordinates for Multimodal Plasma Observations\Coefficient_conditioning\Correction_audit\figures\d3d_coefficient_change_vs_rank_removed.pdf,278775,a9a2dc0c3a2a0496cc68e4ff126b9db736b96483775c73e36fc4bd9d8f351854,2026-09-16T17:59:31.240576+00:00,figure,"Supplement S7.7, Figure S1",D3D-SIR-62-COEFFICIENT-CONDITIONING-CORRECTION-V1,CANONICAL_FIGURE_ASSET,yes,"Polishing pass 2026-09-16 (Nature Computational Science style): all text typeset by LaTeX in Latin Modern (10 pt design pinned at every size), symbols in LaTeX math, standard type scale; see 06_PAPER_FIGURES_ONLY/README.md. Assets re-rendered from the bundled script and verified pixel-identical on re-render (matplotlib 3.9.2 + TeX Live 2026)."
06_PAPER_FIGURES_ONLY/Supplementary_Figures/FigS1_coefficient_conditioning/d3d_coefficient_change_vs_rank_removed.png,Generated in Paper_Data by figure_source/render_figS1.py,31140,3439737dff8d1fd0a2ac9796e84099143e65120531a1c3c23d6aba1c49257a94,2026-09-16T17:59:31.240576+00:00,figure,"Supplement S7.7, Figure S1",D3D-SIR-62-COEFFICIENT-CONDITIONING-CORRECTION-V1,CANONICAL_FIGURE_ASSET,yes,"Polishing pass 2026-09-16 (Nature Computational Science style): all text typeset by LaTeX in Latin Modern (10 pt design pinned at every size), symbols in LaTeX math, standard type scale; see 06_PAPER_FIGURES_ONLY/README.md. Assets re-rendered from the bundled script and verified pixel-identical on re-render (matplotlib 3.9.2 + TeX Live 2026)."
06_PAPER_FIGURES_ONLY/Supplementary_Figures/FigS1_coefficient_conditioning/d3d_coefficient_change_vs_rank_removed.svg,Generated in Paper_Data by figure_source/render_figS1.py,73915,394fdc37b421485313c884ce6cd33048d3c424723a167c21438fbd33eb00c421,2026-09-16T17:59:31.240576+00:00,figure,"Supplement S7.7, Figure S1",D3D-SIR-62-COEFFICIENT-CONDITIONING-CORRECTION-V1,CANONICAL_FIGURE_ASSET,yes,"Polishing pass 2026-09-16 (Nature Computational Science style): all text typeset by LaTeX in Latin Modern (10 pt design pinned at every size), symbols in LaTeX math, standard type scale; see 06_PAPER_FIGURES_ONLY/README.md. Assets re-rendered from the bundled script and verified pixel-identical on re-render (matplotlib 3.9.2 + TeX Live 2026)."
06_PAPER_FIGURES_ONLY/Supplementary_Figures/FigS1_coefficient_conditioning/d3d_heterogeneity_interval_by_coefficient.pdf,Paper_Data-derived edit of D:\sir-web\Paper Examples\Relational Coordinates for Multimodal Plasma Observations\Coefficient_conditioning\Correction_audit\figures\d3d_heterogeneity_interval_by_coefficient.pdf,331481,d0c81bee159566eb69bba4cdec48b51eae16cfc0cec9fbce23dcbf0380685ef6,2026-09-16T17:59:31.240576+00:00,figure,"Supplement S7.7, Figure S1",D3D-SIR-62-COEFFICIENT-CONDITIONING-CORRECTION-V1,CANONICAL_FIGURE_ASSET,yes,"Polishing pass 2026-09-16 (Nature Computational Science style): all text typeset by LaTeX in Latin Modern (10 pt design pinned at every size), symbols in LaTeX math, standard type scale; see 06_PAPER_FIGURES_ONLY/README.md. Assets re-rendered from the bundled script and verified pixel-identical on re-render (matplotlib 3.9.2 + TeX Live 2026)."
06_PAPER_FIGURES_ONLY/Supplementary_Figures/FigS1_coefficient_conditioning/d3d_heterogeneity_interval_by_coefficient.png,Generated in Paper_Data by figure_source/render_figS1.py,24892,52b8e6b24ceda8d8aad2ee7fc709991d6ecb186e65f082d1146162d6afd5a0dd,2026-09-16T17:59:31.240576+00:00,figure,"Supplement S7.7, Figure S1",D3D-SIR-62-COEFFICIENT-CONDITIONING-CORRECTION-V1,CANONICAL_FIGURE_ASSET,yes,"Polishing pass 2026-09-16 (Nature Computational Science style): all text typeset by LaTeX in Latin Modern (10 pt design pinned at every size), symbols in LaTeX math, standard type scale; see 06_PAPER_FIGURES_ONLY/README.md. Assets re-rendered from the bundled script and verified pixel-identical on re-render (matplotlib 3.9.2 + TeX Live 2026)."
06_PAPER_FIGURES_ONLY/Supplementary_Figures/FigS1_coefficient_conditioning/d3d_heterogeneity_interval_by_coefficient.svg,Generated in Paper_Data by figure_source/render_figS1.py,69267,7a0c2851c96d0efdfe6d7362a77f0af0c8009e83a11005c4b164389eeb403ea2,2026-09-16T17:59:31.240576+00:00,figure,"Supplement S7.7, Figure S1",D3D-SIR-62-COEFFICIENT-CONDITIONING-CORRECTION-V1,CANONICAL_FIGURE_ASSET,yes,"Polishing pass 2026-09-16 (Nature Computational Science style): all text typeset by LaTeX in Latin Modern (10 pt design pinned at every size), symbols in LaTeX math, standard type scale; see 06_PAPER_FIGURES_ONLY/README.md. Assets re-rendered from the bundled script and verified pixel-identical on re-render (matplotlib 3.9.2 + TeX Live 2026)."
06_PAPER_FIGURES_ONLY/Supplementary_Figures/FigS1_coefficient_conditioning/d3d_multivariate_eigenvalue_uncertainty.pdf,Paper_Data-derived edit of D:\sir-web\Paper Examples\Relational Coordinates for Multimodal Plasma Observations\Coefficient_conditioning\Correction_audit\figures\d3d_multivariate_eigenvalue_uncertainty.pdf,308024,283060a97f526ccb5baa61d01a4f48bf5f90f210b1894adec0a2a0de82daeba8,2026-09-16T17:59:31.240576+00:00,figure,"Supplement S7.7, Figure S1",D3D-SIR-62-COEFFICIENT-CONDITIONING-CORRECTION-V1,CANONICAL_FIGURE_ASSET,yes,"Polishing pass 2026-09-16 (Nature Computational Science style): all text typeset by LaTeX in Latin Modern (10 pt design pinned at every size), symbols in LaTeX math, standard type scale; see 06_PAPER_FIGURES_ONLY/README.md. Assets re-rendered from the bundled script and verified pixel-identical on re-render (matplotlib 3.9.2 + TeX Live 2026)."
06_PAPER_FIGURES_ONLY/Supplementary_Figures/FigS1_coefficient_conditioning/d3d_multivariate_eigenvalue_uncertainty.png,Generated in Paper_Data by figure_source/render_figS1.py,28835,e72d0884b3859bbf0af2b7c5949c448104da004909c20ba4842d2893d2c761cf,2026-09-16T17:59:31.240576+00:00,figure,"Supplement S7.7, Figure S1",D3D-SIR-62-COEFFICIENT-CONDITIONING-CORRECTION-V1,CANONICAL_FIGURE_ASSET,yes,"Polishing pass 2026-09-16 (Nature Computational Science style): all text typeset by LaTeX in Latin Modern (10 pt design pinned at every size), symbols in LaTeX math, standard type scale; see 06_PAPER_FIGURES_ONLY/README.md. Assets re-rendered from the bundled script and verified pixel-identical on re-render (matplotlib 3.9.2 + TeX Live 2026)."
06_PAPER_FIGURES_ONLY/Supplementary_Figures/FigS1_coefficient_conditioning/d3d_multivariate_eigenvalue_uncertainty.svg,Generated in Paper_Data by figure_source/render_figS1.py,57468,23f681a87feb3f7d6d7c12a3075c98f9bf787f5891c6063ded58b16d45f54b49,2026-09-16T17:59:31.240576+00:00,figure,"Supplement S7.7, Figure S1",D3D-SIR-62-COEFFICIENT-CONDITIONING-CORRECTION-V1,CANONICAL_FIGURE_ASSET,yes,"Polishing pass 2026-09-16 (Nature Computational Science style): all text typeset by LaTeX in Latin Modern (10 pt design pinned at every size), symbols in LaTeX math, standard type scale; see 06_PAPER_FIGURES_ONLY/README.md. Assets re-rendered from the bundled script and verified pixel-identical on re-render (matplotlib 3.9.2 + TeX Live 2026)."
06_PAPER_FIGURES_ONLY/Supplementary_Figures/FigS1_coefficient_conditioning/figure_source/correction_audit_utils.py,D:\sir-web\Paper Examples\Relational Coordinates for Multimodal Plasma Observations\Coefficient_conditioning\Correction_audit\correction_audit_utils.py,12472,0653eac332c7b765e5a0247e7c940044aa1fca1a50bea91d5ff925edf2dbe99d,2026-08-14T16:10:08.183790+00:00,figure_script,Supplement S7.7,D3D-SIR-62-COEFFICIENT-CONDITIONING-CORRECTION-V1,CANONICAL_FIGURE_SCRIPT,yes,Generator for the three Supplement panels.
06_PAPER_FIGURES_ONLY/Supplementary_Figures/FigS1_coefficient_conditioning/figure_source/generate_correction_figures.py,Paper_Data-derived edit of D:\sir-web\Paper Examples\Relational Coordinates for Multimodal Plasma Observations\Coefficient_conditioning\Correction_audit\generate_correction_figures.py,17647,6a144f02029f2bd0d47c7c059aef13f6205459367be8918ccd940ad5e0e85e3c,2026-09-16T17:59:31.240576+00:00,figure_script,Supplement S7.7,D3D-SIR-62-COEFFICIENT-CONDITIONING-CORRECTION-V1,CANONICAL_FIGURE_SCRIPT,yes,"Polishing pass 2026-09-16 (Nature Computational Science style): all text typeset by LaTeX in Latin Modern (10 pt design pinned at every size), symbols in LaTeX math, standard type scale; see 06_PAPER_FIGURES_ONLY/README.md. Assets re-rendered from the bundled script and verified pixel-identical on re-render (matplotlib 3.9.2 + TeX Live 2026)."
06_PAPER_FIGURES_ONLY/Supplementary_Figures/FigS1_coefficient_conditioning/figure_source/render_figS1.py,Written for Paper_Data (polishing pass 2026-09-16),1835,5d0d4cdd472233651acf8f6e0729bfaa97d2d61680822a38da2b644265d1288c,2026-09-16T17:59:31.240576+00:00,figure_script,"Supplement S7.7, Figure S1",D3D-SIR-62-COEFFICIENT-CONDITIONING-CORRECTION-V1,CANONICAL_FIGURE_SCRIPT,yes,Render driver: runs generate_correction_figures.py against the frozen Correction_audit inputs in a temp dir and copies the three S1 panels out under their d3d_ names.
08_CONTRACTS_PROVENANCE_AND_QUALIFICATION/artifact_lineage/AUDIT_dalia_transform_family.md,D:\SIR_paper\AUDIT_dalia_transform_family.md,19708,c8bbf929b9826069a83853b575785b13c1b64e2c20c9a858f1817b5374e5a611,2026-08-25T23:29:31.613731+00:00,audit,Methods,,CANONICAL,yes,Audit of the transform family used to realize relational coordinates.
10_REFERENCED_HISTORICAL_LINEAGE/failed_parent_branches/retired_Ip_branch/LEGACY_QREC_STATUS.md,D:\SIR_paper\DIIID_example\S7\_legacy_reference\LEGACY_QREC_STATUS.md,1841,0a3b2d07caa6b2d3e1031d99cf4fa186392f6316f7d6de55a4a20607842d6077,2026-09-02T06:03:08.120459+00:00,historical,Supplement S7,,RETIRED,yes,S7's own firewall against the retired branch.
10_REFERENCED_HISTORICAL_LINEAGE/failed_parent_branches/retired_Ip_branch/PROVENANCE_MANIFEST.json,D:\SIR_paper\DIIID_example\fig6data\PROVENANCE_MANIFEST.json,1606,b102741e057da6af28835eb14fdcf3e976cb294cce642943b089ad0d7f11ad57,2026-09-02T04:48:03.094151+00:00,historical,Results 1.5 (superseded text),,RETIRED,yes,Provenance manifest for the retired-branch audit package.
10_REFERENCED_HISTORICAL_LINEAGE/failed_parent_branches/retired_Ip_branch/RETIREMENT_RECORD.json,D:\SIR_paper\DIIID_example\fig6data\RETIREMENT_RECORD.json,2227,06274ed9bd1f4d363f0b9f4ff8c181ef321209757d1e3a53bcd788e53b462a1b,2026-09-02T04:48:03.049679+00:00,historical,Results 1.5 (superseded text),D3D-FIG6-QREC-RETIREMENT-V1,RETIRED,yes,RETIRED. Records why the earlier I_p reconstruction branch was withdrawn: target-provenance leakage and no skill over a persistence baseline. SUPERSEDED BY the S7 density lineage under 05_DIII_D_RECONSTRUCTION.
10_REFERENCED_HISTORICAL_LINEAGE/failed_parent_branches/retired_Ip_branch/frozen_summary_exports/d3d_description_support.csv,D:\SIR_paper\DIIID_example\Figure_data\d3d_description_support.csv,480,5e8158c0d7f59b921ef07da2a4b9baf400355471f4e4efa62ffb704b98f5c92a,2026-08-24T22:21:46.163119+00:00,historical,Results 1.5 (superseded text),D3D-SIR-62-ALIGNED-V1,RETIRED_RECONSTRUCTION_BRANCH_ONLY,yes,Frozen summary exports. The q_desc support export remains valid; the reconstruction summary is RETIRED for provenance leakage.
10_REFERENCED_HISTORICAL_LINEAGE/failed_parent_branches/retired_Ip_branch/frozen_summary_exports/d3d_reconstruction_external_55.csv,D:\SIR_paper\DIIID_example\Figure_data\d3d_reconstruction_external_55.csv,6010,fadcfee209b74f149d84f125aae0d183603ac6b808a5cf458d9192ee0eba8854,2026-08-24T22:21:46.164130+00:00,historical,Results 1.5 (superseded text),D3D-SIR-62-ALIGNED-V1,RETIRED_RECONSTRUCTION_BRANCH_ONLY,yes,Frozen summary exports. The q_desc support export remains valid; the reconstruction summary is RETIRED for provenance leakage.
10_REFERENCED_HISTORICAL_LINEAGE/failed_parent_branches/retired_Ip_branch/frozen_summary_exports/d3d_reconstruction_summary.json,D:\SIR_paper\DIIID_example\Figure_data\d3d_reconstruction_summary.json,4520,a6aa4347e6ae97a15d633851e2ec1b02c6b6074464f464f8fe30d5e3b47deb41,2026-08-24T22:21:46.164130+00:00,historical,Results 1.5 (superseded text),D3D-SIR-62-ALIGNED-V1,RETIRED_RECONSTRUCTION_BRANCH_ONLY,yes,Frozen summary exports. The q_desc support export remains valid; the reconstruction summary is RETIRED for provenance leakage.
10_REFERENCED_HISTORICAL_LINEAGE/failed_parent_branches/retired_Ip_branch/qrec_corrected_universe_probe.csv,D:\SIR_paper\DIIID_example\fig6data\qrec_corrected_universe_probe.csv,4061,8979e49b265a3242a7df481300678accf83d359fd1e7ada0b30265db9fe85218,2026-09-02T04:43:28.814727+00:00,historical,Results 1.5 (superseded text),,RETIRED,yes,Evidence behind the retirement: target-ancestry tests and trivial-baseline comparison. RETIRED; not a current result.
10_REFERENCED_HISTORICAL_LINEAGE/failed_parent_branches/retired_Ip_branch/qrec_ip_from_q95_inversion.csv,D:\SIR_paper\DIIID_example\fig6data\qrec_ip_from_q95_inversion.csv,3086,32e4f80a5fc527b82fd96119fcfa0d3525a7a74e3ae96e5da65a3484128a4f5b,2026-09-02T04:38:13.468313+00:00,historical,Results 1.5 (superseded text),,RETIRED,yes,Evidence behind the retirement: target-ancestry tests and trivial-baseline comparison. RETIRED; not a current result.
10_REFERENCED_HISTORICAL_LINEAGE/failed_parent_branches/retired_Ip_branch/qrec_provenance_dag.csv,D:\SIR_paper\DIIID_example\fig6data\qrec_provenance_dag.csv,1698,476308019410634aeaba1a5a762d582a2f82077889e4aa993190b8f4838ced29,2026-09-02T04:38:13.476734+00:00,historical,Results 1.5 (superseded text),,RETIRED,yes,Evidence behind the retirement: target-ancestry tests and trivial-baseline comparison. RETIRED; not a current result.
10_REFERENCED_HISTORICAL_LINEAGE/failed_parent_branches/retired_Ip_branch/qrec_provenance_dependence_by_shot.csv,D:\SIR_paper\DIIID_example\fig6data\qrec_provenance_dependence_by_shot.csv,17160,b8967cc4db7c48130489ae14cf530f27db08f96f60fd8a7c6cf80a327df872dc,2026-09-02T04:38:13.385585+00:00,historical,Results 1.5 (superseded text),,RETIRED,yes,Evidence behind the retirement: target-ancestry tests and trivial-baseline comparison. RETIRED; not a current result.
10_REFERENCED_HISTORICAL_LINEAGE/failed_parent_branches/retired_Ip_branch/qrec_provenance_verdicts.csv,D:\SIR_paper\DIIID_example\fig6data\qrec_provenance_verdicts.csv,2335,7098ef73fc84c889bbfa89afef0c9d5e57e6f8b7c5bab30e2f0ae9b56df3167f,2026-09-02T04:38:13.472635+00:00,historical,Results 1.5 (superseded text),,RETIRED,yes,Evidence behind the retirement: target-ancestry tests and trivial-baseline comparison. RETIRED; not a current result.
10_REFERENCED_HISTORICAL_LINEAGE/failed_parent_branches/retired_Ip_branch/qrec_support_admissibility.csv,D:\SIR_paper\DIIID_example\fig6data\qrec_support_admissibility.csv,734,7f44c1420956b7e71aa444e3d76d315df5060eb0549c1680a262d1b8b1193464,2026-09-02T04:38:13.477521+00:00,historical,Results 1.5 (superseded text),,RETIRED,yes,Evidence behind the retirement: target-ancestry tests and trivial-baseline comparison. RETIRED; not a current result.
10_REFERENCED_HISTORICAL_LINEAGE/failed_parent_branches/retired_Ip_branch/qrec_trivial_baselines.csv,D:\SIR_paper\DIIID_example\fig6data\qrec_trivial_baselines.csv,4283,d74088e7f85419b780750946ef8b0739e4bb6d407a040b54f029ce45b80b26f6,2026-09-02T04:44:31.857432+00:00,historical,Results 1.5 (superseded text),,RETIRED,yes,Evidence behind the retirement: target-ancestry tests and trivial-baseline comparison. RETIRED; not a current result.
10_REFERENCED_HISTORICAL_LINEAGE/failed_parent_branches/retired_Ip_branch/qualification_audit/FIGURE6_QUALIFICATION_AUDIT_REPORT.md,D:\SIR_paper\DIIID_example\Figure6_qualification_audit\FIGURE6_QUALIFICATION_AUDIT_REPORT.md,9550,5579c6d14890641a7ccb9cf28dee2ce97a9eda6c6353db1dd3cf58fcd3cea78a,2026-09-02T04:45:35.859202+00:00,historical,Results 1.5 (superseded text),D3D-FIG6-PROVENANCE-AUDIT-V1,RETIRED,yes,"The audit that retired the I_p branch. RETIRED context, retained because the manuscript correction cannot be understood without it."
10_REFERENCED_HISTORICAL_LINEAGE/failed_parent_branches/retired_Ip_branch/qualification_audit/provenance/CORRECTED_UNIVERSE_PROBE.json,D:\SIR_paper\DIIID_example\Figure6_qualification_audit\provenance\CORRECTED_UNIVERSE_PROBE.json,692,f1ac661608bad6a7fbfc7bd84bf9aa2f4af718890bb224671bcc1c6780806881,2026-09-02T04:43:28.815394+00:00,historical,Results 1.5 (superseded text),D3D-FIG6-PROVENANCE-AUDIT-V1,RETIRED,yes,"The audit that retired the I_p branch. RETIRED context, retained because the manuscript correction cannot be understood without it."
10_REFERENCED_HISTORICAL_LINEAGE/failed_parent_branches/retired_Ip_branch/qualification_audit/provenance/PROVENANCE_AUDIT_MANIFEST.json,D:\SIR_paper\DIIID_example\Figure6_qualification_audit\provenance\PROVENANCE_AUDIT_MANIFEST.json,1783,56b1ce07c3efeb5d2aab56d22413c50dab4fb140f6e40c253d5f26a97c881a6c,2026-09-02T04:38:13.801656+00:00,historical,Results 1.5 (superseded text),D3D-FIG6-PROVENANCE-AUDIT-V1,RETIRED,yes,"The audit that retired the I_p branch. RETIRED context, retained because the manuscript correction cannot be understood without it."
10_REFERENCED_HISTORICAL_LINEAGE/failed_parent_branches/retired_Ip_branch/qualification_audit/provenance/corrected_universe_probe.py,D:\SIR_paper\DIIID_example\Figure6_qualification_audit\provenance\corrected_universe_probe.py,6252,e1c039a8f29a97232c0ff254246bfd39cde8aa0a261bdcf5d08b6bf662e9fd66,2026-09-02T04:39:04.760064+00:00,historical,Results 1.5 (superseded text),D3D-FIG6-PROVENANCE-AUDIT-V1,RETIRED,yes,"The audit that retired the I_p branch. RETIRED context, retained because the manuscript correction cannot be understood without it."
10_REFERENCED_HISTORICAL_LINEAGE/failed_parent_branches/retired_Ip_branch/qualification_audit/provenance/run_provenance_audit.py,D:\SIR_paper\DIIID_example\Figure6_qualification_audit\provenance\run_provenance_audit.py,17337,0055719dcdbdb44dc151ce3c40d67bfd5e9f378a091e3a6d6ce741d09790f2b8,2026-09-02T04:38:07.887705+00:00,historical,Results 1.5 (superseded text),D3D-FIG6-PROVENANCE-AUDIT-V1,RETIRED,yes,"The audit that retired the I_p branch. RETIRED context, retained because the manuscript correction cannot be understood without it."
10_REFERENCED_HISTORICAL_LINEAGE/superseded_manuscript/SIR_paper_orig.pdf,D:\SIR_paper\Lorenz\SIR_paper_orig.pdf,1696867,4429f96975efbe9a7326ae55df7d730672a696becfe0e2217e6a4cc8b596b840,2026-07-10T21:16:42.127196+00:00,manuscript,all,,SUPERSEDED,yes,Older manuscript PDF retained for lineage. Superseded by 01_MANUSCRIPT_SNAPSHOT/main_manuscript/SIR_paper_2026-09-02.pdf.
