dependency_group_id,linear_context,aggregate_coordinate,component_coordinates,n_members,exact_relation,evidence_class,all_members_admissible,n_inadmissible_members,inadmissible_members,status,vacuous_reason
DEP_LEVEL,ID(pinj_i),ID(pinj),ID(pinj_15l)|ID(pinj_15r)|ID(pinj_21l)|ID(pinj_21r)|ID(pinj_30l)|ID(pinj_30r)|ID(pinj_33l)|ID(pinj_33r),9,ID(pinj) = sum_i ID(pinj_i),LOCAL_DOCUMENTED,False,4,ID(pinj_15r)|ID(pinj_21l)|ID(pinj_21r)|ID(pinj_33l),VACUOUS,"at least one member is inadmissible, so no admissible support can contain the complete exact set; the constraint is well-defined but has no binding instance"
DEP_DERIV,DOT(pinj_i),DOT(pinj),DOT(pinj_15l)|DOT(pinj_15r)|DOT(pinj_21l)|DOT(pinj_21r)|DOT(pinj_30l)|DOT(pinj_30r)|DOT(pinj_33l)|DOT(pinj_33r),9,DOT(pinj) = sum_i DOT(pinj_i),LOCAL_DOCUMENTED,False,4,DOT(pinj_15r)|DOT(pinj_21l)|DOT(pinj_21r)|DOT(pinj_33l),VACUOUS,"at least one member is inadmissible, so no admissible support can contain the complete exact set; the constraint is well-defined but has no binding instance"
DEP_PROD_bt,"PROD(pinj_i,bt)","PROD(bt,pinj)","PROD(bt,pinj_15l)|PROD(bt,pinj_15r)|PROD(bt,pinj_21l)|PROD(bt,pinj_21r)|PROD(bt,pinj_30l)|PROD(bt,pinj_30r)|PROD(bt,pinj_33l)|PROD(bt,pinj_33r)",9,"PROD(bt,pinj) = sum_i PROD(pinj_i,bt)",LOCAL_DOCUMENTED,False,4,"PROD(bt,pinj_15r)|PROD(bt,pinj_21l)|PROD(bt,pinj_21r)|PROD(bt,pinj_33l)",VACUOUS,"at least one member is inadmissible, so no admissible support can contain the complete exact set; the constraint is well-defined but has no binding instance"
DEP_PROD_ip,"PROD(pinj_i,ip)","PROD(ip,pinj)","PROD(ip,pinj_15l)|PROD(ip,pinj_15r)|PROD(ip,pinj_21l)|PROD(ip,pinj_21r)|PROD(ip,pinj_30l)|PROD(ip,pinj_30r)|PROD(ip,pinj_33l)|PROD(ip,pinj_33r)",9,"PROD(ip,pinj) = sum_i PROD(pinj_i,ip)",LOCAL_DOCUMENTED,False,4,"PROD(ip,pinj_15r)|PROD(ip,pinj_21l)|PROD(ip,pinj_21r)|PROD(ip,pinj_33l)",VACUOUS,"at least one member is inadmissible, so no admissible support can contain the complete exact set; the constraint is well-defined but has no binding instance"
DEP_PROD_prmtan_neped,"PROD(pinj_i,prmtan_neped)","PROD(prmtan_neped,pinj)","PROD(prmtan_neped,pinj_15l)|PROD(prmtan_neped,pinj_15r)|PROD(prmtan_neped,pinj_21l)|PROD(prmtan_neped,pinj_21r)|PROD(prmtan_neped,pinj_30l)|PROD(prmtan_neped,pinj_30r)|PROD(prmtan_neped,pinj_33l)|PROD(prmtan_neped,pinj_33r)",9,"PROD(prmtan_neped,pinj) = sum_i PROD(pinj_i,prmtan_neped)",LOCAL_DOCUMENTED,False,4,"PROD(prmtan_neped,pinj_15r)|PROD(prmtan_neped,pinj_21l)|PROD(prmtan_neped,pinj_21r)|PROD(prmtan_neped,pinj_33l)",VACUOUS,"at least one member is inadmissible, so no admissible support can contain the complete exact set; the constraint is well-defined but has no binding instance"
DEP_PROD_prmtan_teped,"PROD(pinj_i,prmtan_teped)","PROD(prmtan_teped,pinj)","PROD(prmtan_teped,pinj_15l)|PROD(prmtan_teped,pinj_15r)|PROD(prmtan_teped,pinj_21l)|PROD(prmtan_teped,pinj_21r)|PROD(prmtan_teped,pinj_30l)|PROD(prmtan_teped,pinj_30r)|PROD(prmtan_teped,pinj_33l)|PROD(prmtan_teped,pinj_33r)",9,"PROD(prmtan_teped,pinj) = sum_i PROD(pinj_i,prmtan_teped)",LOCAL_DOCUMENTED,False,4,"PROD(prmtan_teped,pinj_15r)|PROD(prmtan_teped,pinj_21l)|PROD(prmtan_teped,pinj_21r)|PROD(prmtan_teped,pinj_33l)",VACUOUS,"at least one member is inadmissible, so no admissible support can contain the complete exact set; the constraint is well-defined but has no binding instance"
DEP_PROD_fs04,"PROD(pinj_i,fs04)","PROD(fs04,pinj)","PROD(fs04,pinj_15l)|PROD(fs04,pinj_15r)|PROD(fs04,pinj_21l)|PROD(fs04,pinj_21r)|PROD(fs04,pinj_30l)|PROD(fs04,pinj_30r)|PROD(fs04,pinj_33l)|PROD(fs04,pinj_33r)",9,"PROD(fs04,pinj) = sum_i PROD(pinj_i,fs04)",LOCAL_DOCUMENTED,False,4,"PROD(fs04,pinj_15r)|PROD(fs04,pinj_21l)|PROD(fs04,pinj_21r)|PROD(fs04,pinj_33l)",VACUOUS,"at least one member is inadmissible, so no admissible support can contain the complete exact set; the constraint is well-defined but has no binding instance"
DEP_PROD_fs03da,"PROD(pinj_i,fs03da)","PROD(fs03da,pinj)","PROD(fs03da,pinj_15l)|PROD(fs03da,pinj_15r)|PROD(fs03da,pinj_21l)|PROD(fs03da,pinj_21r)|PROD(fs03da,pinj_30l)|PROD(fs03da,pinj_30r)|PROD(fs03da,pinj_33l)|PROD(fs03da,pinj_33r)",9,"PROD(fs03da,pinj) = sum_i PROD(pinj_i,fs03da)",LOCAL_DOCUMENTED,False,4,"PROD(fs03da,pinj_15r)|PROD(fs03da,pinj_21l)|PROD(fs03da,pinj_21r)|PROD(fs03da,pinj_33l)",VACUOUS,"at least one member is inadmissible, so no admissible support can contain the complete exact set; the constraint is well-defined but has no binding instance"
DEP_PROD_fs04da,"PROD(pinj_i,fs04da)","PROD(fs04da,pinj)","PROD(fs04da,pinj_15l)|PROD(fs04da,pinj_15r)|PROD(fs04da,pinj_21l)|PROD(fs04da,pinj_21r)|PROD(fs04da,pinj_30l)|PROD(fs04da,pinj_30r)|PROD(fs04da,pinj_33l)|PROD(fs04da,pinj_33r)",9,"PROD(fs04da,pinj) = sum_i PROD(pinj_i,fs04da)",LOCAL_DOCUMENTED,False,4,"PROD(fs04da,pinj_15r)|PROD(fs04da,pinj_21l)|PROD(fs04da,pinj_21r)|PROD(fs04da,pinj_33l)",VACUOUS,"at least one member is inadmissible, so no admissible support can contain the complete exact set; the constraint is well-defined but has no binding instance"
DEP_PROD_fs05da,"PROD(pinj_i,fs05da)","PROD(fs05da,pinj)","PROD(fs05da,pinj_15l)|PROD(fs05da,pinj_15r)|PROD(fs05da,pinj_21l)|PROD(fs05da,pinj_21r)|PROD(fs05da,pinj_30l)|PROD(fs05da,pinj_30r)|PROD(fs05da,pinj_33l)|PROD(fs05da,pinj_33r)",9,"PROD(fs05da,pinj) = sum_i PROD(pinj_i,fs05da)",LOCAL_DOCUMENTED,False,4,"PROD(fs05da,pinj_15r)|PROD(fs05da,pinj_21l)|PROD(fs05da,pinj_21r)|PROD(fs05da,pinj_33l)",VACUOUS,"at least one member is inadmissible, so no admissible support can contain the complete exact set; the constraint is well-defined but has no binding instance"
DEP_PROD_gasa,"PROD(pinj_i,gasa)","PROD(gasa,pinj)","PROD(gasa,pinj_15l)|PROD(gasa,pinj_15r)|PROD(gasa,pinj_21l)|PROD(gasa,pinj_21r)|PROD(gasa,pinj_30l)|PROD(gasa,pinj_30r)|PROD(gasa,pinj_33l)|PROD(gasa,pinj_33r)",9,"PROD(gasa,pinj) = sum_i PROD(pinj_i,gasa)",LOCAL_DOCUMENTED,False,4,"PROD(gasa,pinj_15r)|PROD(gasa,pinj_21l)|PROD(gasa,pinj_21r)|PROD(gasa,pinj_33l)",VACUOUS,"at least one member is inadmissible, so no admissible support can contain the complete exact set; the constraint is well-defined but has no binding instance"
DEP_PROD_gasb,"PROD(pinj_i,gasb)","PROD(gasb,pinj)","PROD(gasb,pinj_15l)|PROD(gasb,pinj_15r)|PROD(gasb,pinj_21l)|PROD(gasb,pinj_21r)|PROD(gasb,pinj_30l)|PROD(gasb,pinj_30r)|PROD(gasb,pinj_33l)|PROD(gasb,pinj_33r)",9,"PROD(gasb,pinj) = sum_i PROD(pinj_i,gasb)",LOCAL_DOCUMENTED,False,4,"PROD(gasb,pinj_15r)|PROD(gasb,pinj_21l)|PROD(gasb,pinj_21r)|PROD(gasb,pinj_33l)",VACUOUS,"at least one member is inadmissible, so no admissible support can contain the complete exact set; the constraint is well-defined but has no binding instance"
DEP_PROD_gasc,"PROD(pinj_i,gasc)","PROD(gasc,pinj)","PROD(gasc,pinj_15l)|PROD(gasc,pinj_15r)|PROD(gasc,pinj_21l)|PROD(gasc,pinj_21r)|PROD(gasc,pinj_30l)|PROD(gasc,pinj_30r)|PROD(gasc,pinj_33l)|PROD(gasc,pinj_33r)",9,"PROD(gasc,pinj) = sum_i PROD(pinj_i,gasc)",LOCAL_DOCUMENTED,False,4,"PROD(gasc,pinj_15r)|PROD(gasc,pinj_21l)|PROD(gasc,pinj_21r)|PROD(gasc,pinj_33l)",VACUOUS,"at least one member is inadmissible, so no admissible support can contain the complete exact set; the constraint is well-defined but has no binding instance"
DEP_PROD_gasd,"PROD(pinj_i,gasd)","PROD(gasd,pinj)","PROD(gasd,pinj_15l)|PROD(gasd,pinj_15r)|PROD(gasd,pinj_21l)|PROD(gasd,pinj_21r)|PROD(gasd,pinj_30l)|PROD(gasd,pinj_30r)|PROD(gasd,pinj_33l)|PROD(gasd,pinj_33r)",9,"PROD(gasd,pinj) = sum_i PROD(pinj_i,gasd)",LOCAL_DOCUMENTED,False,4,"PROD(gasd,pinj_15r)|PROD(gasd,pinj_21l)|PROD(gasd,pinj_21r)|PROD(gasd,pinj_33l)",VACUOUS,"at least one member is inadmissible, so no admissible support can contain the complete exact set; the constraint is well-defined but has no binding instance"
DEP_PROD_tinj,"PROD(pinj_i,tinj)","PROD(pinj,tinj)","PROD(pinj_15l,tinj)|PROD(pinj_15r,tinj)|PROD(pinj_21l,tinj)|PROD(pinj_21r,tinj)|PROD(pinj_30l,tinj)|PROD(pinj_30r,tinj)|PROD(pinj_33l,tinj)|PROD(pinj_33r,tinj)",9,"PROD(pinj,tinj) = sum_i PROD(pinj_i,tinj)",LOCAL_DOCUMENTED,False,4,"PROD(pinj_15r,tinj)|PROD(pinj_21l,tinj)|PROD(pinj_21r,tinj)|PROD(pinj_33l,tinj)",VACUOUS,"at least one member is inadmissible, so no admissible support can contain the complete exact set; the constraint is well-defined but has no binding instance"
DEP_PROD_ece1,"PROD(pinj_i,ece1)","PROD(pinj,ece1)","PROD(pinj_15l,ece1)|PROD(pinj_15r,ece1)|PROD(pinj_21l,ece1)|PROD(pinj_21r,ece1)|PROD(pinj_30l,ece1)|PROD(pinj_30r,ece1)|PROD(pinj_33l,ece1)|PROD(pinj_33r,ece1)",9,"PROD(pinj,ece1) = sum_i PROD(pinj_i,ece1)",LOCAL_DOCUMENTED,False,4,"PROD(pinj_15r,ece1)|PROD(pinj_21l,ece1)|PROD(pinj_21r,ece1)|PROD(pinj_33l,ece1)",VACUOUS,"at least one member is inadmissible, so no admissible support can contain the complete exact set; the constraint is well-defined but has no binding instance"
DEP_PROD_ece2,"PROD(pinj_i,ece2)","PROD(pinj,ece2)","PROD(pinj_15l,ece2)|PROD(pinj_15r,ece2)|PROD(pinj_21l,ece2)|PROD(pinj_21r,ece2)|PROD(pinj_30l,ece2)|PROD(pinj_30r,ece2)|PROD(pinj_33l,ece2)|PROD(pinj_33r,ece2)",9,"PROD(pinj,ece2) = sum_i PROD(pinj_i,ece2)",LOCAL_DOCUMENTED,False,4,"PROD(pinj_15r,ece2)|PROD(pinj_21l,ece2)|PROD(pinj_21r,ece2)|PROD(pinj_33l,ece2)",VACUOUS,"at least one member is inadmissible, so no admissible support can contain the complete exact set; the constraint is well-defined but has no binding instance"
DEP_PROD_ece3,"PROD(pinj_i,ece3)","PROD(pinj,ece3)","PROD(pinj_15l,ece3)|PROD(pinj_15r,ece3)|PROD(pinj_21l,ece3)|PROD(pinj_21r,ece3)|PROD(pinj_30l,ece3)|PROD(pinj_30r,ece3)|PROD(pinj_33l,ece3)|PROD(pinj_33r,ece3)",9,"PROD(pinj,ece3) = sum_i PROD(pinj_i,ece3)",LOCAL_DOCUMENTED,False,4,"PROD(pinj_15r,ece3)|PROD(pinj_21l,ece3)|PROD(pinj_21r,ece3)|PROD(pinj_33l,ece3)",VACUOUS,"at least one member is inadmissible, so no admissible support can contain the complete exact set; the constraint is well-defined but has no binding instance"
DEP_PROD_ece4,"PROD(pinj_i,ece4)","PROD(pinj,ece4)","PROD(pinj_15l,ece4)|PROD(pinj_15r,ece4)|PROD(pinj_21l,ece4)|PROD(pinj_21r,ece4)|PROD(pinj_30l,ece4)|PROD(pinj_30r,ece4)|PROD(pinj_33l,ece4)|PROD(pinj_33r,ece4)",9,"PROD(pinj,ece4) = sum_i PROD(pinj_i,ece4)",LOCAL_DOCUMENTED,False,4,"PROD(pinj_15r,ece4)|PROD(pinj_21l,ece4)|PROD(pinj_21r,ece4)|PROD(pinj_33l,ece4)",VACUOUS,"at least one member is inadmissible, so no admissible support can contain the complete exact set; the constraint is well-defined but has no binding instance"
DEP_PROD_ece5,"PROD(pinj_i,ece5)","PROD(pinj,ece5)","PROD(pinj_15l,ece5)|PROD(pinj_15r,ece5)|PROD(pinj_21l,ece5)|PROD(pinj_21r,ece5)|PROD(pinj_30l,ece5)|PROD(pinj_30r,ece5)|PROD(pinj_33l,ece5)|PROD(pinj_33r,ece5)",9,"PROD(pinj,ece5) = sum_i PROD(pinj_i,ece5)",LOCAL_DOCUMENTED,False,4,"PROD(pinj_15r,ece5)|PROD(pinj_21l,ece5)|PROD(pinj_21r,ece5)|PROD(pinj_33l,ece5)",VACUOUS,"at least one member is inadmissible, so no admissible support can contain the complete exact set; the constraint is well-defined but has no binding instance"
DEP_PROD_ece6,"PROD(pinj_i,ece6)","PROD(pinj,ece6)","PROD(pinj_15l,ece6)|PROD(pinj_15r,ece6)|PROD(pinj_21l,ece6)|PROD(pinj_21r,ece6)|PROD(pinj_30l,ece6)|PROD(pinj_30r,ece6)|PROD(pinj_33l,ece6)|PROD(pinj_33r,ece6)",9,"PROD(pinj,ece6) = sum_i PROD(pinj_i,ece6)",LOCAL_DOCUMENTED,False,4,"PROD(pinj_15r,ece6)|PROD(pinj_21l,ece6)|PROD(pinj_21r,ece6)|PROD(pinj_33l,ece6)",VACUOUS,"at least one member is inadmissible, so no admissible support can contain the complete exact set; the constraint is well-defined but has no binding instance"
DEP_PROD_ece7,"PROD(pinj_i,ece7)","PROD(pinj,ece7)","PROD(pinj_15l,ece7)|PROD(pinj_15r,ece7)|PROD(pinj_21l,ece7)|PROD(pinj_21r,ece7)|PROD(pinj_30l,ece7)|PROD(pinj_30r,ece7)|PROD(pinj_33l,ece7)|PROD(pinj_33r,ece7)",9,"PROD(pinj,ece7) = sum_i PROD(pinj_i,ece7)",LOCAL_DOCUMENTED,False,4,"PROD(pinj_15r,ece7)|PROD(pinj_21l,ece7)|PROD(pinj_21r,ece7)|PROD(pinj_33l,ece7)",VACUOUS,"at least one member is inadmissible, so no admissible support can contain the complete exact set; the constraint is well-defined but has no binding instance"
DEP_PROD_ece8,"PROD(pinj_i,ece8)","PROD(pinj,ece8)","PROD(pinj_15l,ece8)|PROD(pinj_15r,ece8)|PROD(pinj_21l,ece8)|PROD(pinj_21r,ece8)|PROD(pinj_30l,ece8)|PROD(pinj_30r,ece8)|PROD(pinj_33l,ece8)|PROD(pinj_33r,ece8)",9,"PROD(pinj,ece8) = sum_i PROD(pinj_i,ece8)",LOCAL_DOCUMENTED,False,4,"PROD(pinj_15r,ece8)|PROD(pinj_21l,ece8)|PROD(pinj_21r,ece8)|PROD(pinj_33l,ece8)",VACUOUS,"at least one member is inadmissible, so no admissible support can contain the complete exact set; the constraint is well-defined but has no binding instance"
DEP_PROD_ece9,"PROD(pinj_i,ece9)","PROD(pinj,ece9)","PROD(pinj_15l,ece9)|PROD(pinj_15r,ece9)|PROD(pinj_21l,ece9)|PROD(pinj_21r,ece9)|PROD(pinj_30l,ece9)|PROD(pinj_30r,ece9)|PROD(pinj_33l,ece9)|PROD(pinj_33r,ece9)",9,"PROD(pinj,ece9) = sum_i PROD(pinj_i,ece9)",LOCAL_DOCUMENTED,False,4,"PROD(pinj_15r,ece9)|PROD(pinj_21l,ece9)|PROD(pinj_21r,ece9)|PROD(pinj_33l,ece9)",VACUOUS,"at least one member is inadmissible, so no admissible support can contain the complete exact set; the constraint is well-defined but has no binding instance"
DEP_PROD_ece10,"PROD(pinj_i,ece10)","PROD(pinj,ece10)","PROD(pinj_15l,ece10)|PROD(pinj_15r,ece10)|PROD(pinj_21l,ece10)|PROD(pinj_21r,ece10)|PROD(pinj_30l,ece10)|PROD(pinj_30r,ece10)|PROD(pinj_33l,ece10)|PROD(pinj_33r,ece10)",9,"PROD(pinj,ece10) = sum_i PROD(pinj_i,ece10)",LOCAL_DOCUMENTED,False,4,"PROD(pinj_15r,ece10)|PROD(pinj_21l,ece10)|PROD(pinj_21r,ece10)|PROD(pinj_33l,ece10)",VACUOUS,"at least one member is inadmissible, so no admissible support can contain the complete exact set; the constraint is well-defined but has no binding instance"
DEP_PROD_ece11,"PROD(pinj_i,ece11)","PROD(pinj,ece11)","PROD(pinj_15l,ece11)|PROD(pinj_15r,ece11)|PROD(pinj_21l,ece11)|PROD(pinj_21r,ece11)|PROD(pinj_30l,ece11)|PROD(pinj_30r,ece11)|PROD(pinj_33l,ece11)|PROD(pinj_33r,ece11)",9,"PROD(pinj,ece11) = sum_i PROD(pinj_i,ece11)",LOCAL_DOCUMENTED,False,4,"PROD(pinj_15r,ece11)|PROD(pinj_21l,ece11)|PROD(pinj_21r,ece11)|PROD(pinj_33l,ece11)",VACUOUS,"at least one member is inadmissible, so no admissible support can contain the complete exact set; the constraint is well-defined but has no binding instance"
DEP_PROD_ece12,"PROD(pinj_i,ece12)","PROD(pinj,ece12)","PROD(pinj_15l,ece12)|PROD(pinj_15r,ece12)|PROD(pinj_21l,ece12)|PROD(pinj_21r,ece12)|PROD(pinj_30l,ece12)|PROD(pinj_30r,ece12)|PROD(pinj_33l,ece12)|PROD(pinj_33r,ece12)",9,"PROD(pinj,ece12) = sum_i PROD(pinj_i,ece12)",LOCAL_DOCUMENTED,False,4,"PROD(pinj_15r,ece12)|PROD(pinj_21l,ece12)|PROD(pinj_21r,ece12)|PROD(pinj_33l,ece12)",VACUOUS,"at least one member is inadmissible, so no admissible support can contain the complete exact set; the constraint is well-defined but has no binding instance"
DEP_PROD_ece13,"PROD(pinj_i,ece13)","PROD(pinj,ece13)","PROD(pinj_15l,ece13)|PROD(pinj_15r,ece13)|PROD(pinj_21l,ece13)|PROD(pinj_21r,ece13)|PROD(pinj_30l,ece13)|PROD(pinj_30r,ece13)|PROD(pinj_33l,ece13)|PROD(pinj_33r,ece13)",9,"PROD(pinj,ece13) = sum_i PROD(pinj_i,ece13)",LOCAL_DOCUMENTED,False,4,"PROD(pinj_15r,ece13)|PROD(pinj_21l,ece13)|PROD(pinj_21r,ece13)|PROD(pinj_33l,ece13)",VACUOUS,"at least one member is inadmissible, so no admissible support can contain the complete exact set; the constraint is well-defined but has no binding instance"
DEP_PROD_ece14,"PROD(pinj_i,ece14)","PROD(pinj,ece14)","PROD(pinj_15l,ece14)|PROD(pinj_15r,ece14)|PROD(pinj_21l,ece14)|PROD(pinj_21r,ece14)|PROD(pinj_30l,ece14)|PROD(pinj_30r,ece14)|PROD(pinj_33l,ece14)|PROD(pinj_33r,ece14)",9,"PROD(pinj,ece14) = sum_i PROD(pinj_i,ece14)",LOCAL_DOCUMENTED,False,4,"PROD(pinj_15r,ece14)|PROD(pinj_21l,ece14)|PROD(pinj_21r,ece14)|PROD(pinj_33l,ece14)",VACUOUS,"at least one member is inadmissible, so no admissible support can contain the complete exact set; the constraint is well-defined but has no binding instance"
DEP_PROD_ece15,"PROD(pinj_i,ece15)","PROD(pinj,ece15)","PROD(pinj_15l,ece15)|PROD(pinj_15r,ece15)|PROD(pinj_21l,ece15)|PROD(pinj_21r,ece15)|PROD(pinj_30l,ece15)|PROD(pinj_30r,ece15)|PROD(pinj_33l,ece15)|PROD(pinj_33r,ece15)",9,"PROD(pinj,ece15) = sum_i PROD(pinj_i,ece15)",LOCAL_DOCUMENTED,False,4,"PROD(pinj_15r,ece15)|PROD(pinj_21l,ece15)|PROD(pinj_21r,ece15)|PROD(pinj_33l,ece15)",VACUOUS,"at least one member is inadmissible, so no admissible support can contain the complete exact set; the constraint is well-defined but has no binding instance"
DEP_PROD_ece16,"PROD(pinj_i,ece16)","PROD(pinj,ece16)","PROD(pinj_15l,ece16)|PROD(pinj_15r,ece16)|PROD(pinj_21l,ece16)|PROD(pinj_21r,ece16)|PROD(pinj_30l,ece16)|PROD(pinj_30r,ece16)|PROD(pinj_33l,ece16)|PROD(pinj_33r,ece16)",9,"PROD(pinj,ece16) = sum_i PROD(pinj_i,ece16)",LOCAL_DOCUMENTED,False,4,"PROD(pinj_15r,ece16)|PROD(pinj_21l,ece16)|PROD(pinj_21r,ece16)|PROD(pinj_33l,ece16)",VACUOUS,"at least one member is inadmissible, so no admissible support can contain the complete exact set; the constraint is well-defined but has no binding instance"
DEP_PROD_ece17,"PROD(pinj_i,ece17)","PROD(pinj,ece17)","PROD(pinj_15l,ece17)|PROD(pinj_15r,ece17)|PROD(pinj_21l,ece17)|PROD(pinj_21r,ece17)|PROD(pinj_30l,ece17)|PROD(pinj_30r,ece17)|PROD(pinj_33l,ece17)|PROD(pinj_33r,ece17)",9,"PROD(pinj,ece17) = sum_i PROD(pinj_i,ece17)",LOCAL_DOCUMENTED,False,4,"PROD(pinj_15r,ece17)|PROD(pinj_21l,ece17)|PROD(pinj_21r,ece17)|PROD(pinj_33l,ece17)",VACUOUS,"at least one member is inadmissible, so no admissible support can contain the complete exact set; the constraint is well-defined but has no binding instance"
DEP_PROD_ece18,"PROD(pinj_i,ece18)","PROD(pinj,ece18)","PROD(pinj_15l,ece18)|PROD(pinj_15r,ece18)|PROD(pinj_21l,ece18)|PROD(pinj_21r,ece18)|PROD(pinj_30l,ece18)|PROD(pinj_30r,ece18)|PROD(pinj_33l,ece18)|PROD(pinj_33r,ece18)",9,"PROD(pinj,ece18) = sum_i PROD(pinj_i,ece18)",LOCAL_DOCUMENTED,False,4,"PROD(pinj_15r,ece18)|PROD(pinj_21l,ece18)|PROD(pinj_21r,ece18)|PROD(pinj_33l,ece18)",VACUOUS,"at least one member is inadmissible, so no admissible support can contain the complete exact set; the constraint is well-defined but has no binding instance"
DEP_PROD_ece19,"PROD(pinj_i,ece19)","PROD(pinj,ece19)","PROD(pinj_15l,ece19)|PROD(pinj_15r,ece19)|PROD(pinj_21l,ece19)|PROD(pinj_21r,ece19)|PROD(pinj_30l,ece19)|PROD(pinj_30r,ece19)|PROD(pinj_33l,ece19)|PROD(pinj_33r,ece19)",9,"PROD(pinj,ece19) = sum_i PROD(pinj_i,ece19)",LOCAL_DOCUMENTED,False,4,"PROD(pinj_15r,ece19)|PROD(pinj_21l,ece19)|PROD(pinj_21r,ece19)|PROD(pinj_33l,ece19)",VACUOUS,"at least one member is inadmissible, so no admissible support can contain the complete exact set; the constraint is well-defined but has no binding instance"
DEP_PROD_ece20,"PROD(pinj_i,ece20)","PROD(pinj,ece20)","PROD(pinj_15l,ece20)|PROD(pinj_15r,ece20)|PROD(pinj_21l,ece20)|PROD(pinj_21r,ece20)|PROD(pinj_30l,ece20)|PROD(pinj_30r,ece20)|PROD(pinj_33l,ece20)|PROD(pinj_33r,ece20)",9,"PROD(pinj,ece20) = sum_i PROD(pinj_i,ece20)",LOCAL_DOCUMENTED,False,4,"PROD(pinj_15r,ece20)|PROD(pinj_21l,ece20)|PROD(pinj_21r,ece20)|PROD(pinj_33l,ece20)",VACUOUS,"at least one member is inadmissible, so no admissible support can contain the complete exact set; the constraint is well-defined but has no binding instance"
DEP_PROD_ece21,"PROD(pinj_i,ece21)","PROD(pinj,ece21)","PROD(pinj_15l,ece21)|PROD(pinj_15r,ece21)|PROD(pinj_21l,ece21)|PROD(pinj_21r,ece21)|PROD(pinj_30l,ece21)|PROD(pinj_30r,ece21)|PROD(pinj_33l,ece21)|PROD(pinj_33r,ece21)",9,"PROD(pinj,ece21) = sum_i PROD(pinj_i,ece21)",LOCAL_DOCUMENTED,False,4,"PROD(pinj_15r,ece21)|PROD(pinj_21l,ece21)|PROD(pinj_21r,ece21)|PROD(pinj_33l,ece21)",VACUOUS,"at least one member is inadmissible, so no admissible support can contain the complete exact set; the constraint is well-defined but has no binding instance"
DEP_PROD_ece22,"PROD(pinj_i,ece22)","PROD(pinj,ece22)","PROD(pinj_15l,ece22)|PROD(pinj_15r,ece22)|PROD(pinj_21l,ece22)|PROD(pinj_21r,ece22)|PROD(pinj_30l,ece22)|PROD(pinj_30r,ece22)|PROD(pinj_33l,ece22)|PROD(pinj_33r,ece22)",9,"PROD(pinj,ece22) = sum_i PROD(pinj_i,ece22)",LOCAL_DOCUMENTED,False,4,"PROD(pinj_15r,ece22)|PROD(pinj_21l,ece22)|PROD(pinj_21r,ece22)|PROD(pinj_33l,ece22)",VACUOUS,"at least one member is inadmissible, so no admissible support can contain the complete exact set; the constraint is well-defined but has no binding instance"
DEP_PROD_ece23,"PROD(pinj_i,ece23)","PROD(pinj,ece23)","PROD(pinj_15l,ece23)|PROD(pinj_15r,ece23)|PROD(pinj_21l,ece23)|PROD(pinj_21r,ece23)|PROD(pinj_30l,ece23)|PROD(pinj_30r,ece23)|PROD(pinj_33l,ece23)|PROD(pinj_33r,ece23)",9,"PROD(pinj,ece23) = sum_i PROD(pinj_i,ece23)",LOCAL_DOCUMENTED,False,4,"PROD(pinj_15r,ece23)|PROD(pinj_21l,ece23)|PROD(pinj_21r,ece23)|PROD(pinj_33l,ece23)",VACUOUS,"at least one member is inadmissible, so no admissible support can contain the complete exact set; the constraint is well-defined but has no binding instance"
DEP_PROD_ece24,"PROD(pinj_i,ece24)","PROD(pinj,ece24)","PROD(pinj_15l,ece24)|PROD(pinj_15r,ece24)|PROD(pinj_21l,ece24)|PROD(pinj_21r,ece24)|PROD(pinj_30l,ece24)|PROD(pinj_30r,ece24)|PROD(pinj_33l,ece24)|PROD(pinj_33r,ece24)",9,"PROD(pinj,ece24) = sum_i PROD(pinj_i,ece24)",LOCAL_DOCUMENTED,False,4,"PROD(pinj_15r,ece24)|PROD(pinj_21l,ece24)|PROD(pinj_21r,ece24)|PROD(pinj_33l,ece24)",VACUOUS,"at least one member is inadmissible, so no admissible support can contain the complete exact set; the constraint is well-defined but has no binding instance"
DEP_PROD_ece25,"PROD(pinj_i,ece25)","PROD(pinj,ece25)","PROD(pinj_15l,ece25)|PROD(pinj_15r,ece25)|PROD(pinj_21l,ece25)|PROD(pinj_21r,ece25)|PROD(pinj_30l,ece25)|PROD(pinj_30r,ece25)|PROD(pinj_33l,ece25)|PROD(pinj_33r,ece25)",9,"PROD(pinj,ece25) = sum_i PROD(pinj_i,ece25)",LOCAL_DOCUMENTED,False,4,"PROD(pinj_15r,ece25)|PROD(pinj_21l,ece25)|PROD(pinj_21r,ece25)|PROD(pinj_33l,ece25)",VACUOUS,"at least one member is inadmissible, so no admissible support can contain the complete exact set; the constraint is well-defined but has no binding instance"
DEP_PROD_ece26,"PROD(pinj_i,ece26)","PROD(pinj,ece26)","PROD(pinj_15l,ece26)|PROD(pinj_15r,ece26)|PROD(pinj_21l,ece26)|PROD(pinj_21r,ece26)|PROD(pinj_30l,ece26)|PROD(pinj_30r,ece26)|PROD(pinj_33l,ece26)|PROD(pinj_33r,ece26)",9,"PROD(pinj,ece26) = sum_i PROD(pinj_i,ece26)",LOCAL_DOCUMENTED,False,4,"PROD(pinj_15r,ece26)|PROD(pinj_21l,ece26)|PROD(pinj_21r,ece26)|PROD(pinj_33l,ece26)",VACUOUS,"at least one member is inadmissible, so no admissible support can contain the complete exact set; the constraint is well-defined but has no binding instance"
DEP_PROD_ece27,"PROD(pinj_i,ece27)","PROD(pinj,ece27)","PROD(pinj_15l,ece27)|PROD(pinj_15r,ece27)|PROD(pinj_21l,ece27)|PROD(pinj_21r,ece27)|PROD(pinj_30l,ece27)|PROD(pinj_30r,ece27)|PROD(pinj_33l,ece27)|PROD(pinj_33r,ece27)",9,"PROD(pinj,ece27) = sum_i PROD(pinj_i,ece27)",LOCAL_DOCUMENTED,False,4,"PROD(pinj_15r,ece27)|PROD(pinj_21l,ece27)|PROD(pinj_21r,ece27)|PROD(pinj_33l,ece27)",VACUOUS,"at least one member is inadmissible, so no admissible support can contain the complete exact set; the constraint is well-defined but has no binding instance"
DEP_PROD_ece28,"PROD(pinj_i,ece28)","PROD(pinj,ece28)","PROD(pinj_15l,ece28)|PROD(pinj_15r,ece28)|PROD(pinj_21l,ece28)|PROD(pinj_21r,ece28)|PROD(pinj_30l,ece28)|PROD(pinj_30r,ece28)|PROD(pinj_33l,ece28)|PROD(pinj_33r,ece28)",9,"PROD(pinj,ece28) = sum_i PROD(pinj_i,ece28)",LOCAL_DOCUMENTED,False,4,"PROD(pinj_15r,ece28)|PROD(pinj_21l,ece28)|PROD(pinj_21r,ece28)|PROD(pinj_33l,ece28)",VACUOUS,"at least one member is inadmissible, so no admissible support can contain the complete exact set; the constraint is well-defined but has no binding instance"
DEP_PROD_ece29,"PROD(pinj_i,ece29)","PROD(pinj,ece29)","PROD(pinj_15l,ece29)|PROD(pinj_15r,ece29)|PROD(pinj_21l,ece29)|PROD(pinj_21r,ece29)|PROD(pinj_30l,ece29)|PROD(pinj_30r,ece29)|PROD(pinj_33l,ece29)|PROD(pinj_33r,ece29)",9,"PROD(pinj,ece29) = sum_i PROD(pinj_i,ece29)",LOCAL_DOCUMENTED,False,4,"PROD(pinj_15r,ece29)|PROD(pinj_21l,ece29)|PROD(pinj_21r,ece29)|PROD(pinj_33l,ece29)",VACUOUS,"at least one member is inadmissible, so no admissible support can contain the complete exact set; the constraint is well-defined but has no binding instance"
DEP_PROD_ece30,"PROD(pinj_i,ece30)","PROD(pinj,ece30)","PROD(pinj_15l,ece30)|PROD(pinj_15r,ece30)|PROD(pinj_21l,ece30)|PROD(pinj_21r,ece30)|PROD(pinj_30l,ece30)|PROD(pinj_30r,ece30)|PROD(pinj_33l,ece30)|PROD(pinj_33r,ece30)",9,"PROD(pinj,ece30) = sum_i PROD(pinj_i,ece30)",LOCAL_DOCUMENTED,False,4,"PROD(pinj_15r,ece30)|PROD(pinj_21l,ece30)|PROD(pinj_21r,ece30)|PROD(pinj_33l,ece30)",VACUOUS,"at least one member is inadmissible, so no admissible support can contain the complete exact set; the constraint is well-defined but has no binding instance"
DEP_PROD_ece31,"PROD(pinj_i,ece31)","PROD(pinj,ece31)","PROD(pinj_15l,ece31)|PROD(pinj_15r,ece31)|PROD(pinj_21l,ece31)|PROD(pinj_21r,ece31)|PROD(pinj_30l,ece31)|PROD(pinj_30r,ece31)|PROD(pinj_33l,ece31)|PROD(pinj_33r,ece31)",9,"PROD(pinj,ece31) = sum_i PROD(pinj_i,ece31)",LOCAL_DOCUMENTED,False,4,"PROD(pinj_15r,ece31)|PROD(pinj_21l,ece31)|PROD(pinj_21r,ece31)|PROD(pinj_33l,ece31)",VACUOUS,"at least one member is inadmissible, so no admissible support can contain the complete exact set; the constraint is well-defined but has no binding instance"
DEP_PROD_ece32,"PROD(pinj_i,ece32)","PROD(pinj,ece32)","PROD(pinj_15l,ece32)|PROD(pinj_15r,ece32)|PROD(pinj_21l,ece32)|PROD(pinj_21r,ece32)|PROD(pinj_30l,ece32)|PROD(pinj_30r,ece32)|PROD(pinj_33l,ece32)|PROD(pinj_33r,ece32)",9,"PROD(pinj,ece32) = sum_i PROD(pinj_i,ece32)",LOCAL_DOCUMENTED,False,4,"PROD(pinj_15r,ece32)|PROD(pinj_21l,ece32)|PROD(pinj_21r,ece32)|PROD(pinj_33l,ece32)",VACUOUS,"at least one member is inadmissible, so no admissible support can contain the complete exact set; the constraint is well-defined but has no binding instance"
DEP_PROD_ece33,"PROD(pinj_i,ece33)","PROD(pinj,ece33)","PROD(pinj_15l,ece33)|PROD(pinj_15r,ece33)|PROD(pinj_21l,ece33)|PROD(pinj_21r,ece33)|PROD(pinj_30l,ece33)|PROD(pinj_30r,ece33)|PROD(pinj_33l,ece33)|PROD(pinj_33r,ece33)",9,"PROD(pinj,ece33) = sum_i PROD(pinj_i,ece33)",LOCAL_DOCUMENTED,False,4,"PROD(pinj_15r,ece33)|PROD(pinj_21l,ece33)|PROD(pinj_21r,ece33)|PROD(pinj_33l,ece33)",VACUOUS,"at least one member is inadmissible, so no admissible support can contain the complete exact set; the constraint is well-defined but has no binding instance"
DEP_PROD_ece34,"PROD(pinj_i,ece34)","PROD(pinj,ece34)","PROD(pinj_15l,ece34)|PROD(pinj_15r,ece34)|PROD(pinj_21l,ece34)|PROD(pinj_21r,ece34)|PROD(pinj_30l,ece34)|PROD(pinj_30r,ece34)|PROD(pinj_33l,ece34)|PROD(pinj_33r,ece34)",9,"PROD(pinj,ece34) = sum_i PROD(pinj_i,ece34)",LOCAL_DOCUMENTED,False,4,"PROD(pinj_15r,ece34)|PROD(pinj_21l,ece34)|PROD(pinj_21r,ece34)|PROD(pinj_33l,ece34)",VACUOUS,"at least one member is inadmissible, so no admissible support can contain the complete exact set; the constraint is well-defined but has no binding instance"
DEP_PROD_ece35,"PROD(pinj_i,ece35)","PROD(pinj,ece35)","PROD(pinj_15l,ece35)|PROD(pinj_15r,ece35)|PROD(pinj_21l,ece35)|PROD(pinj_21r,ece35)|PROD(pinj_30l,ece35)|PROD(pinj_30r,ece35)|PROD(pinj_33l,ece35)|PROD(pinj_33r,ece35)",9,"PROD(pinj,ece35) = sum_i PROD(pinj_i,ece35)",LOCAL_DOCUMENTED,False,4,"PROD(pinj_15r,ece35)|PROD(pinj_21l,ece35)|PROD(pinj_21r,ece35)|PROD(pinj_33l,ece35)",VACUOUS,"at least one member is inadmissible, so no admissible support can contain the complete exact set; the constraint is well-defined but has no binding instance"
DEP_PROD_ece36,"PROD(pinj_i,ece36)","PROD(pinj,ece36)","PROD(pinj_15l,ece36)|PROD(pinj_15r,ece36)|PROD(pinj_21l,ece36)|PROD(pinj_21r,ece36)|PROD(pinj_30l,ece36)|PROD(pinj_30r,ece36)|PROD(pinj_33l,ece36)|PROD(pinj_33r,ece36)",9,"PROD(pinj,ece36) = sum_i PROD(pinj_i,ece36)",LOCAL_DOCUMENTED,False,4,"PROD(pinj_15r,ece36)|PROD(pinj_21l,ece36)|PROD(pinj_21r,ece36)|PROD(pinj_33l,ece36)",VACUOUS,"at least one member is inadmissible, so no admissible support can contain the complete exact set; the constraint is well-defined but has no binding instance"
DEP_PROD_ece37,"PROD(pinj_i,ece37)","PROD(pinj,ece37)","PROD(pinj_15l,ece37)|PROD(pinj_15r,ece37)|PROD(pinj_21l,ece37)|PROD(pinj_21r,ece37)|PROD(pinj_30l,ece37)|PROD(pinj_30r,ece37)|PROD(pinj_33l,ece37)|PROD(pinj_33r,ece37)",9,"PROD(pinj,ece37) = sum_i PROD(pinj_i,ece37)",LOCAL_DOCUMENTED,False,4,"PROD(pinj_15r,ece37)|PROD(pinj_21l,ece37)|PROD(pinj_21r,ece37)|PROD(pinj_33l,ece37)",VACUOUS,"at least one member is inadmissible, so no admissible support can contain the complete exact set; the constraint is well-defined but has no binding instance"
DEP_PROD_ece38,"PROD(pinj_i,ece38)","PROD(pinj,ece38)","PROD(pinj_15l,ece38)|PROD(pinj_15r,ece38)|PROD(pinj_21l,ece38)|PROD(pinj_21r,ece38)|PROD(pinj_30l,ece38)|PROD(pinj_30r,ece38)|PROD(pinj_33l,ece38)|PROD(pinj_33r,ece38)",9,"PROD(pinj,ece38) = sum_i PROD(pinj_i,ece38)",LOCAL_DOCUMENTED,False,4,"PROD(pinj_15r,ece38)|PROD(pinj_21l,ece38)|PROD(pinj_21r,ece38)|PROD(pinj_33l,ece38)",VACUOUS,"at least one member is inadmissible, so no admissible support can contain the complete exact set; the constraint is well-defined but has no binding instance"
DEP_PROD_ece39,"PROD(pinj_i,ece39)","PROD(pinj,ece39)","PROD(pinj_15l,ece39)|PROD(pinj_15r,ece39)|PROD(pinj_21l,ece39)|PROD(pinj_21r,ece39)|PROD(pinj_30l,ece39)|PROD(pinj_30r,ece39)|PROD(pinj_33l,ece39)|PROD(pinj_33r,ece39)",9,"PROD(pinj,ece39) = sum_i PROD(pinj_i,ece39)",LOCAL_DOCUMENTED,False,4,"PROD(pinj_15r,ece39)|PROD(pinj_21l,ece39)|PROD(pinj_21r,ece39)|PROD(pinj_33l,ece39)",VACUOUS,"at least one member is inadmissible, so no admissible support can contain the complete exact set; the constraint is well-defined but has no binding instance"
DEP_PROD_ece40,"PROD(pinj_i,ece40)","PROD(pinj,ece40)","PROD(pinj_15l,ece40)|PROD(pinj_15r,ece40)|PROD(pinj_21l,ece40)|PROD(pinj_21r,ece40)|PROD(pinj_30l,ece40)|PROD(pinj_30r,ece40)|PROD(pinj_33l,ece40)|PROD(pinj_33r,ece40)",9,"PROD(pinj,ece40) = sum_i PROD(pinj_i,ece40)",LOCAL_DOCUMENTED,False,4,"PROD(pinj_15r,ece40)|PROD(pinj_21l,ece40)|PROD(pinj_21r,ece40)|PROD(pinj_33l,ece40)",VACUOUS,"at least one member is inadmissible, so no admissible support can contain the complete exact set; the constraint is well-defined but has no binding instance"
DEP_PROD_cerqrott3,"PROD(pinj_i,cerqrott3)","PROD(pinj,cerqrott3)","PROD(pinj_15l,cerqrott3)|PROD(pinj_15r,cerqrott3)|PROD(pinj_21l,cerqrott3)|PROD(pinj_21r,cerqrott3)|PROD(pinj_30l,cerqrott3)|PROD(pinj_30r,cerqrott3)|PROD(pinj_33l,cerqrott3)|PROD(pinj_33r,cerqrott3)",9,"PROD(pinj,cerqrott3) = sum_i PROD(pinj_i,cerqrott3)",LOCAL_DOCUMENTED,False,4,"PROD(pinj_15r,cerqrott3)|PROD(pinj_21l,cerqrott3)|PROD(pinj_21r,cerqrott3)|PROD(pinj_33l,cerqrott3)",VACUOUS,"at least one member is inadmissible, so no admissible support can contain the complete exact set; the constraint is well-defined but has no binding instance"
DEP_PROD_cerqrott6,"PROD(pinj_i,cerqrott6)","PROD(pinj,cerqrott6)","PROD(pinj_15l,cerqrott6)|PROD(pinj_15r,cerqrott6)|PROD(pinj_21l,cerqrott6)|PROD(pinj_21r,cerqrott6)|PROD(pinj_30l,cerqrott6)|PROD(pinj_30r,cerqrott6)|PROD(pinj_33l,cerqrott6)|PROD(pinj_33r,cerqrott6)",9,"PROD(pinj,cerqrott6) = sum_i PROD(pinj_i,cerqrott6)",LOCAL_DOCUMENTED,False,4,"PROD(pinj_15r,cerqrott6)|PROD(pinj_21l,cerqrott6)|PROD(pinj_21r,cerqrott6)|PROD(pinj_33l,cerqrott6)",VACUOUS,"at least one member is inadmissible, so no admissible support can contain the complete exact set; the constraint is well-defined but has no binding instance"
DEP_PROD_cerqrott8,"PROD(pinj_i,cerqrott8)","PROD(pinj,cerqrott8)","PROD(pinj_15l,cerqrott8)|PROD(pinj_15r,cerqrott8)|PROD(pinj_21l,cerqrott8)|PROD(pinj_21r,cerqrott8)|PROD(pinj_30l,cerqrott8)|PROD(pinj_30r,cerqrott8)|PROD(pinj_33l,cerqrott8)|PROD(pinj_33r,cerqrott8)",9,"PROD(pinj,cerqrott8) = sum_i PROD(pinj_i,cerqrott8)",LOCAL_DOCUMENTED,False,4,"PROD(pinj_15r,cerqrott8)|PROD(pinj_21l,cerqrott8)|PROD(pinj_21r,cerqrott8)|PROD(pinj_33l,cerqrott8)",VACUOUS,"at least one member is inadmissible, so no admissible support can contain the complete exact set; the constraint is well-defined but has no binding instance"
DEP_PROD_cerqrott10,"PROD(pinj_i,cerqrott10)","PROD(pinj,cerqrott10)","PROD(pinj_15l,cerqrott10)|PROD(pinj_15r,cerqrott10)|PROD(pinj_21l,cerqrott10)|PROD(pinj_21r,cerqrott10)|PROD(pinj_30l,cerqrott10)|PROD(pinj_30r,cerqrott10)|PROD(pinj_33l,cerqrott10)|PROD(pinj_33r,cerqrott10)",9,"PROD(pinj,cerqrott10) = sum_i PROD(pinj_i,cerqrott10)",LOCAL_DOCUMENTED,False,4,"PROD(pinj_15r,cerqrott10)|PROD(pinj_21l,cerqrott10)|PROD(pinj_21r,cerqrott10)|PROD(pinj_33l,cerqrott10)",VACUOUS,"at least one member is inadmissible, so no admissible support can contain the complete exact set; the constraint is well-defined but has no binding instance"
DEP_PROD_cerqrott11,"PROD(pinj_i,cerqrott11)","PROD(pinj,cerqrott11)","PROD(pinj_15l,cerqrott11)|PROD(pinj_15r,cerqrott11)|PROD(pinj_21l,cerqrott11)|PROD(pinj_21r,cerqrott11)|PROD(pinj_30l,cerqrott11)|PROD(pinj_30r,cerqrott11)|PROD(pinj_33l,cerqrott11)|PROD(pinj_33r,cerqrott11)",9,"PROD(pinj,cerqrott11) = sum_i PROD(pinj_i,cerqrott11)",LOCAL_DOCUMENTED,False,4,"PROD(pinj_15r,cerqrott11)|PROD(pinj_21l,cerqrott11)|PROD(pinj_21r,cerqrott11)|PROD(pinj_33l,cerqrott11)",VACUOUS,"at least one member is inadmissible, so no admissible support can contain the complete exact set; the constraint is well-defined but has no binding instance"
DEP_PROD_cerqrott12,"PROD(pinj_i,cerqrott12)","PROD(pinj,cerqrott12)","PROD(pinj_15l,cerqrott12)|PROD(pinj_15r,cerqrott12)|PROD(pinj_21l,cerqrott12)|PROD(pinj_21r,cerqrott12)|PROD(pinj_30l,cerqrott12)|PROD(pinj_30r,cerqrott12)|PROD(pinj_33l,cerqrott12)|PROD(pinj_33r,cerqrott12)",9,"PROD(pinj,cerqrott12) = sum_i PROD(pinj_i,cerqrott12)",LOCAL_DOCUMENTED,False,4,"PROD(pinj_15r,cerqrott12)|PROD(pinj_21l,cerqrott12)|PROD(pinj_21r,cerqrott12)|PROD(pinj_33l,cerqrott12)",VACUOUS,"at least one member is inadmissible, so no admissible support can contain the complete exact set; the constraint is well-defined but has no binding instance"
DEP_PROD_cerqrott13,"PROD(pinj_i,cerqrott13)","PROD(pinj,cerqrott13)","PROD(pinj_15l,cerqrott13)|PROD(pinj_15r,cerqrott13)|PROD(pinj_21l,cerqrott13)|PROD(pinj_21r,cerqrott13)|PROD(pinj_30l,cerqrott13)|PROD(pinj_30r,cerqrott13)|PROD(pinj_33l,cerqrott13)|PROD(pinj_33r,cerqrott13)",9,"PROD(pinj,cerqrott13) = sum_i PROD(pinj_i,cerqrott13)",LOCAL_DOCUMENTED,False,4,"PROD(pinj_15r,cerqrott13)|PROD(pinj_21l,cerqrott13)|PROD(pinj_21r,cerqrott13)|PROD(pinj_33l,cerqrott13)",VACUOUS,"at least one member is inadmissible, so no admissible support can contain the complete exact set; the constraint is well-defined but has no binding instance"
DEP_PROD_cerqtit3,"PROD(pinj_i,cerqtit3)","PROD(pinj,cerqtit3)","PROD(pinj_15l,cerqtit3)|PROD(pinj_15r,cerqtit3)|PROD(pinj_21l,cerqtit3)|PROD(pinj_21r,cerqtit3)|PROD(pinj_30l,cerqtit3)|PROD(pinj_30r,cerqtit3)|PROD(pinj_33l,cerqtit3)|PROD(pinj_33r,cerqtit3)",9,"PROD(pinj,cerqtit3) = sum_i PROD(pinj_i,cerqtit3)",LOCAL_DOCUMENTED,False,4,"PROD(pinj_15r,cerqtit3)|PROD(pinj_21l,cerqtit3)|PROD(pinj_21r,cerqtit3)|PROD(pinj_33l,cerqtit3)",VACUOUS,"at least one member is inadmissible, so no admissible support can contain the complete exact set; the constraint is well-defined but has no binding instance"
DEP_PROD_cerqtit6,"PROD(pinj_i,cerqtit6)","PROD(pinj,cerqtit6)","PROD(pinj_15l,cerqtit6)|PROD(pinj_15r,cerqtit6)|PROD(pinj_21l,cerqtit6)|PROD(pinj_21r,cerqtit6)|PROD(pinj_30l,cerqtit6)|PROD(pinj_30r,cerqtit6)|PROD(pinj_33l,cerqtit6)|PROD(pinj_33r,cerqtit6)",9,"PROD(pinj,cerqtit6) = sum_i PROD(pinj_i,cerqtit6)",LOCAL_DOCUMENTED,False,4,"PROD(pinj_15r,cerqtit6)|PROD(pinj_21l,cerqtit6)|PROD(pinj_21r,cerqtit6)|PROD(pinj_33l,cerqtit6)",VACUOUS,"at least one member is inadmissible, so no admissible support can contain the complete exact set; the constraint is well-defined but has no binding instance"
DEP_PROD_cerqtit8,"PROD(pinj_i,cerqtit8)","PROD(pinj,cerqtit8)","PROD(pinj_15l,cerqtit8)|PROD(pinj_15r,cerqtit8)|PROD(pinj_21l,cerqtit8)|PROD(pinj_21r,cerqtit8)|PROD(pinj_30l,cerqtit8)|PROD(pinj_30r,cerqtit8)|PROD(pinj_33l,cerqtit8)|PROD(pinj_33r,cerqtit8)",9,"PROD(pinj,cerqtit8) = sum_i PROD(pinj_i,cerqtit8)",LOCAL_DOCUMENTED,False,4,"PROD(pinj_15r,cerqtit8)|PROD(pinj_21l,cerqtit8)|PROD(pinj_21r,cerqtit8)|PROD(pinj_33l,cerqtit8)",VACUOUS,"at least one member is inadmissible, so no admissible support can contain the complete exact set; the constraint is well-defined but has no binding instance"
DEP_PROD_cerqtit10,"PROD(pinj_i,cerqtit10)","PROD(pinj,cerqtit10)","PROD(pinj_15l,cerqtit10)|PROD(pinj_15r,cerqtit10)|PROD(pinj_21l,cerqtit10)|PROD(pinj_21r,cerqtit10)|PROD(pinj_30l,cerqtit10)|PROD(pinj_30r,cerqtit10)|PROD(pinj_33l,cerqtit10)|PROD(pinj_33r,cerqtit10)",9,"PROD(pinj,cerqtit10) = sum_i PROD(pinj_i,cerqtit10)",LOCAL_DOCUMENTED,False,4,"PROD(pinj_15r,cerqtit10)|PROD(pinj_21l,cerqtit10)|PROD(pinj_21r,cerqtit10)|PROD(pinj_33l,cerqtit10)",VACUOUS,"at least one member is inadmissible, so no admissible support can contain the complete exact set; the constraint is well-defined but has no binding instance"
DEP_PROD_cerqtit11,"PROD(pinj_i,cerqtit11)","PROD(pinj,cerqtit11)","PROD(pinj_15l,cerqtit11)|PROD(pinj_15r,cerqtit11)|PROD(pinj_21l,cerqtit11)|PROD(pinj_21r,cerqtit11)|PROD(pinj_30l,cerqtit11)|PROD(pinj_30r,cerqtit11)|PROD(pinj_33l,cerqtit11)|PROD(pinj_33r,cerqtit11)",9,"PROD(pinj,cerqtit11) = sum_i PROD(pinj_i,cerqtit11)",LOCAL_DOCUMENTED,False,4,"PROD(pinj_15r,cerqtit11)|PROD(pinj_21l,cerqtit11)|PROD(pinj_21r,cerqtit11)|PROD(pinj_33l,cerqtit11)",VACUOUS,"at least one member is inadmissible, so no admissible support can contain the complete exact set; the constraint is well-defined but has no binding instance"
DEP_PROD_cerqtit12,"PROD(pinj_i,cerqtit12)","PROD(pinj,cerqtit12)","PROD(pinj_15l,cerqtit12)|PROD(pinj_15r,cerqtit12)|PROD(pinj_21l,cerqtit12)|PROD(pinj_21r,cerqtit12)|PROD(pinj_30l,cerqtit12)|PROD(pinj_30r,cerqtit12)|PROD(pinj_33l,cerqtit12)|PROD(pinj_33r,cerqtit12)",9,"PROD(pinj,cerqtit12) = sum_i PROD(pinj_i,cerqtit12)",LOCAL_DOCUMENTED,False,4,"PROD(pinj_15r,cerqtit12)|PROD(pinj_21l,cerqtit12)|PROD(pinj_21r,cerqtit12)|PROD(pinj_33l,cerqtit12)",VACUOUS,"at least one member is inadmissible, so no admissible support can contain the complete exact set; the constraint is well-defined but has no binding instance"
DEP_PROD_cerqtit13,"PROD(pinj_i,cerqtit13)","PROD(pinj,cerqtit13)","PROD(pinj_15l,cerqtit13)|PROD(pinj_15r,cerqtit13)|PROD(pinj_21l,cerqtit13)|PROD(pinj_21r,cerqtit13)|PROD(pinj_30l,cerqtit13)|PROD(pinj_30r,cerqtit13)|PROD(pinj_33l,cerqtit13)|PROD(pinj_33r,cerqtit13)",9,"PROD(pinj,cerqtit13) = sum_i PROD(pinj_i,cerqtit13)",LOCAL_DOCUMENTED,False,4,"PROD(pinj_15r,cerqtit13)|PROD(pinj_21l,cerqtit13)|PROD(pinj_21r,cerqtit13)|PROD(pinj_33l,cerqtit13)",VACUOUS,"at least one member is inadmissible, so no admissible support can contain the complete exact set; the constraint is well-defined but has no binding instance"
DEP_RATIO_bt,"RATIO(pinj_i,bt)","RATIO(pinj,bt)","RATIO(pinj_15l,bt)|RATIO(pinj_15r,bt)|RATIO(pinj_21l,bt)|RATIO(pinj_21r,bt)|RATIO(pinj_30l,bt)|RATIO(pinj_30r,bt)|RATIO(pinj_33l,bt)|RATIO(pinj_33r,bt)",9,"RATIO(pinj,bt) = sum_i RATIO(pinj_i,bt)",LOCAL_DOCUMENTED,False,4,"RATIO(pinj_15r,bt)|RATIO(pinj_21l,bt)|RATIO(pinj_21r,bt)|RATIO(pinj_33l,bt)",VACUOUS,"at least one member is inadmissible, so no admissible support can contain the complete exact set; the constraint is well-defined but has no binding instance"
DEP_RATIO_ip,"RATIO(pinj_i,ip)","RATIO(pinj,ip)","RATIO(pinj_15l,ip)|RATIO(pinj_15r,ip)|RATIO(pinj_21l,ip)|RATIO(pinj_21r,ip)|RATIO(pinj_30l,ip)|RATIO(pinj_30r,ip)|RATIO(pinj_33l,ip)|RATIO(pinj_33r,ip)",9,"RATIO(pinj,ip) = sum_i RATIO(pinj_i,ip)",LOCAL_DOCUMENTED,False,4,"RATIO(pinj_15r,ip)|RATIO(pinj_21l,ip)|RATIO(pinj_21r,ip)|RATIO(pinj_33l,ip)",VACUOUS,"at least one member is inadmissible, so no admissible support can contain the complete exact set; the constraint is well-defined but has no binding instance"
DEP_RATIO_prmtan_neped,"RATIO(pinj_i,prmtan_neped)","RATIO(pinj,prmtan_neped)","RATIO(pinj_15l,prmtan_neped)|RATIO(pinj_15r,prmtan_neped)|RATIO(pinj_21l,prmtan_neped)|RATIO(pinj_21r,prmtan_neped)|RATIO(pinj_30l,prmtan_neped)|RATIO(pinj_30r,prmtan_neped)|RATIO(pinj_33l,prmtan_neped)|RATIO(pinj_33r,prmtan_neped)",9,"RATIO(pinj,prmtan_neped) = sum_i RATIO(pinj_i,prmtan_neped)",LOCAL_DOCUMENTED,False,4,"RATIO(pinj_15r,prmtan_neped)|RATIO(pinj_21l,prmtan_neped)|RATIO(pinj_21r,prmtan_neped)|RATIO(pinj_33l,prmtan_neped)",VACUOUS,"at least one member is inadmissible, so no admissible support can contain the complete exact set; the constraint is well-defined but has no binding instance"
DEP_RATIO_prmtan_teped,"RATIO(pinj_i,prmtan_teped)","RATIO(pinj,prmtan_teped)","RATIO(pinj_15l,prmtan_teped)|RATIO(pinj_15r,prmtan_teped)|RATIO(pinj_21l,prmtan_teped)|RATIO(pinj_21r,prmtan_teped)|RATIO(pinj_30l,prmtan_teped)|RATIO(pinj_30r,prmtan_teped)|RATIO(pinj_33l,prmtan_teped)|RATIO(pinj_33r,prmtan_teped)",9,"RATIO(pinj,prmtan_teped) = sum_i RATIO(pinj_i,prmtan_teped)",LOCAL_DOCUMENTED,False,9,"RATIO(pinj,prmtan_teped)|RATIO(pinj_15l,prmtan_teped)|RATIO(pinj_15r,prmtan_teped)|RATIO(pinj_21l,prmtan_teped)|RATIO(pinj_21r,prmtan_teped)|RATIO(pinj_30l,prmtan_teped)|RATIO(pinj_30r,prmtan_teped)|RATIO(pinj_33l,prmtan_teped)|RATIO(pinj_33r,prmtan_teped)",VACUOUS,"at least one member is inadmissible, so no admissible support can contain the complete exact set; the constraint is well-defined but has no binding instance"
DEP_RATIO_fs04,"RATIO(pinj_i,fs04)","RATIO(pinj,fs04)","RATIO(pinj_15l,fs04)|RATIO(pinj_15r,fs04)|RATIO(pinj_21l,fs04)|RATIO(pinj_21r,fs04)|RATIO(pinj_30l,fs04)|RATIO(pinj_30r,fs04)|RATIO(pinj_33l,fs04)|RATIO(pinj_33r,fs04)",9,"RATIO(pinj,fs04) = sum_i RATIO(pinj_i,fs04)",LOCAL_DOCUMENTED,False,9,"RATIO(pinj,fs04)|RATIO(pinj_15l,fs04)|RATIO(pinj_15r,fs04)|RATIO(pinj_21l,fs04)|RATIO(pinj_21r,fs04)|RATIO(pinj_30l,fs04)|RATIO(pinj_30r,fs04)|RATIO(pinj_33l,fs04)|RATIO(pinj_33r,fs04)",VACUOUS,"at least one member is inadmissible, so no admissible support can contain the complete exact set; the constraint is well-defined but has no binding instance"
DEP_RATIO_fs03da,"RATIO(pinj_i,fs03da)","RATIO(pinj,fs03da)","RATIO(pinj_15l,fs03da)|RATIO(pinj_15r,fs03da)|RATIO(pinj_21l,fs03da)|RATIO(pinj_21r,fs03da)|RATIO(pinj_30l,fs03da)|RATIO(pinj_30r,fs03da)|RATIO(pinj_33l,fs03da)|RATIO(pinj_33r,fs03da)",9,"RATIO(pinj,fs03da) = sum_i RATIO(pinj_i,fs03da)",LOCAL_DOCUMENTED,False,9,"RATIO(pinj,fs03da)|RATIO(pinj_15l,fs03da)|RATIO(pinj_15r,fs03da)|RATIO(pinj_21l,fs03da)|RATIO(pinj_21r,fs03da)|RATIO(pinj_30l,fs03da)|RATIO(pinj_30r,fs03da)|RATIO(pinj_33l,fs03da)|RATIO(pinj_33r,fs03da)",VACUOUS,"at least one member is inadmissible, so no admissible support can contain the complete exact set; the constraint is well-defined but has no binding instance"
DEP_RATIO_fs04da,"RATIO(pinj_i,fs04da)","RATIO(pinj,fs04da)","RATIO(pinj_15l,fs04da)|RATIO(pinj_15r,fs04da)|RATIO(pinj_21l,fs04da)|RATIO(pinj_21r,fs04da)|RATIO(pinj_30l,fs04da)|RATIO(pinj_30r,fs04da)|RATIO(pinj_33l,fs04da)|RATIO(pinj_33r,fs04da)",9,"RATIO(pinj,fs04da) = sum_i RATIO(pinj_i,fs04da)",LOCAL_DOCUMENTED,False,9,"RATIO(pinj,fs04da)|RATIO(pinj_15l,fs04da)|RATIO(pinj_15r,fs04da)|RATIO(pinj_21l,fs04da)|RATIO(pinj_21r,fs04da)|RATIO(pinj_30l,fs04da)|RATIO(pinj_30r,fs04da)|RATIO(pinj_33l,fs04da)|RATIO(pinj_33r,fs04da)",VACUOUS,"at least one member is inadmissible, so no admissible support can contain the complete exact set; the constraint is well-defined but has no binding instance"
DEP_RATIO_fs05da,"RATIO(pinj_i,fs05da)","RATIO(pinj,fs05da)","RATIO(pinj_15l,fs05da)|RATIO(pinj_15r,fs05da)|RATIO(pinj_21l,fs05da)|RATIO(pinj_21r,fs05da)|RATIO(pinj_30l,fs05da)|RATIO(pinj_30r,fs05da)|RATIO(pinj_33l,fs05da)|RATIO(pinj_33r,fs05da)",9,"RATIO(pinj,fs05da) = sum_i RATIO(pinj_i,fs05da)",LOCAL_DOCUMENTED,False,9,"RATIO(pinj,fs05da)|RATIO(pinj_15l,fs05da)|RATIO(pinj_15r,fs05da)|RATIO(pinj_21l,fs05da)|RATIO(pinj_21r,fs05da)|RATIO(pinj_30l,fs05da)|RATIO(pinj_30r,fs05da)|RATIO(pinj_33l,fs05da)|RATIO(pinj_33r,fs05da)",VACUOUS,"at least one member is inadmissible, so no admissible support can contain the complete exact set; the constraint is well-defined but has no binding instance"
DEP_RATIO_gasa,"RATIO(pinj_i,gasa)","RATIO(pinj,gasa)","RATIO(pinj_15l,gasa)|RATIO(pinj_15r,gasa)|RATIO(pinj_21l,gasa)|RATIO(pinj_21r,gasa)|RATIO(pinj_30l,gasa)|RATIO(pinj_30r,gasa)|RATIO(pinj_33l,gasa)|RATIO(pinj_33r,gasa)",9,"RATIO(pinj,gasa) = sum_i RATIO(pinj_i,gasa)",LOCAL_DOCUMENTED,False,9,"RATIO(pinj,gasa)|RATIO(pinj_15l,gasa)|RATIO(pinj_15r,gasa)|RATIO(pinj_21l,gasa)|RATIO(pinj_21r,gasa)|RATIO(pinj_30l,gasa)|RATIO(pinj_30r,gasa)|RATIO(pinj_33l,gasa)|RATIO(pinj_33r,gasa)",VACUOUS,"at least one member is inadmissible, so no admissible support can contain the complete exact set; the constraint is well-defined but has no binding instance"
DEP_RATIO_gasb,"RATIO(pinj_i,gasb)","RATIO(pinj,gasb)","RATIO(pinj_15l,gasb)|RATIO(pinj_15r,gasb)|RATIO(pinj_21l,gasb)|RATIO(pinj_21r,gasb)|RATIO(pinj_30l,gasb)|RATIO(pinj_30r,gasb)|RATIO(pinj_33l,gasb)|RATIO(pinj_33r,gasb)",9,"RATIO(pinj,gasb) = sum_i RATIO(pinj_i,gasb)",LOCAL_DOCUMENTED,False,9,"RATIO(pinj,gasb)|RATIO(pinj_15l,gasb)|RATIO(pinj_15r,gasb)|RATIO(pinj_21l,gasb)|RATIO(pinj_21r,gasb)|RATIO(pinj_30l,gasb)|RATIO(pinj_30r,gasb)|RATIO(pinj_33l,gasb)|RATIO(pinj_33r,gasb)",VACUOUS,"at least one member is inadmissible, so no admissible support can contain the complete exact set; the constraint is well-defined but has no binding instance"
DEP_RATIO_gasc,"RATIO(pinj_i,gasc)","RATIO(pinj,gasc)","RATIO(pinj_15l,gasc)|RATIO(pinj_15r,gasc)|RATIO(pinj_21l,gasc)|RATIO(pinj_21r,gasc)|RATIO(pinj_30l,gasc)|RATIO(pinj_30r,gasc)|RATIO(pinj_33l,gasc)|RATIO(pinj_33r,gasc)",9,"RATIO(pinj,gasc) = sum_i RATIO(pinj_i,gasc)",LOCAL_DOCUMENTED,False,9,"RATIO(pinj,gasc)|RATIO(pinj_15l,gasc)|RATIO(pinj_15r,gasc)|RATIO(pinj_21l,gasc)|RATIO(pinj_21r,gasc)|RATIO(pinj_30l,gasc)|RATIO(pinj_30r,gasc)|RATIO(pinj_33l,gasc)|RATIO(pinj_33r,gasc)",VACUOUS,"at least one member is inadmissible, so no admissible support can contain the complete exact set; the constraint is well-defined but has no binding instance"
DEP_RATIO_gasd,"RATIO(pinj_i,gasd)","RATIO(pinj,gasd)","RATIO(pinj_15l,gasd)|RATIO(pinj_15r,gasd)|RATIO(pinj_21l,gasd)|RATIO(pinj_21r,gasd)|RATIO(pinj_30l,gasd)|RATIO(pinj_30r,gasd)|RATIO(pinj_33l,gasd)|RATIO(pinj_33r,gasd)",9,"RATIO(pinj,gasd) = sum_i RATIO(pinj_i,gasd)",LOCAL_DOCUMENTED,False,9,"RATIO(pinj,gasd)|RATIO(pinj_15l,gasd)|RATIO(pinj_15r,gasd)|RATIO(pinj_21l,gasd)|RATIO(pinj_21r,gasd)|RATIO(pinj_30l,gasd)|RATIO(pinj_30r,gasd)|RATIO(pinj_33l,gasd)|RATIO(pinj_33r,gasd)",VACUOUS,"at least one member is inadmissible, so no admissible support can contain the complete exact set; the constraint is well-defined but has no binding instance"
DEP_RATIO_tinj,"RATIO(pinj_i,tinj)","RATIO(pinj,tinj)","RATIO(pinj_15l,tinj)|RATIO(pinj_15r,tinj)|RATIO(pinj_21l,tinj)|RATIO(pinj_21r,tinj)|RATIO(pinj_30l,tinj)|RATIO(pinj_30r,tinj)|RATIO(pinj_33l,tinj)|RATIO(pinj_33r,tinj)",9,"RATIO(pinj,tinj) = sum_i RATIO(pinj_i,tinj)",LOCAL_DOCUMENTED,False,9,"RATIO(pinj,tinj)|RATIO(pinj_15l,tinj)|RATIO(pinj_15r,tinj)|RATIO(pinj_21l,tinj)|RATIO(pinj_21r,tinj)|RATIO(pinj_30l,tinj)|RATIO(pinj_30r,tinj)|RATIO(pinj_33l,tinj)|RATIO(pinj_33r,tinj)",VACUOUS,"at least one member is inadmissible, so no admissible support can contain the complete exact set; the constraint is well-defined but has no binding instance"
DEP_RATIO_ece1,"RATIO(pinj_i,ece1)","RATIO(pinj,ece1)","RATIO(pinj_15l,ece1)|RATIO(pinj_15r,ece1)|RATIO(pinj_21l,ece1)|RATIO(pinj_21r,ece1)|RATIO(pinj_30l,ece1)|RATIO(pinj_30r,ece1)|RATIO(pinj_33l,ece1)|RATIO(pinj_33r,ece1)",9,"RATIO(pinj,ece1) = sum_i RATIO(pinj_i,ece1)",LOCAL_DOCUMENTED,False,4,"RATIO(pinj_15r,ece1)|RATIO(pinj_21l,ece1)|RATIO(pinj_21r,ece1)|RATIO(pinj_33l,ece1)",VACUOUS,"at least one member is inadmissible, so no admissible support can contain the complete exact set; the constraint is well-defined but has no binding instance"
DEP_RATIO_ece2,"RATIO(pinj_i,ece2)","RATIO(pinj,ece2)","RATIO(pinj_15l,ece2)|RATIO(pinj_15r,ece2)|RATIO(pinj_21l,ece2)|RATIO(pinj_21r,ece2)|RATIO(pinj_30l,ece2)|RATIO(pinj_30r,ece2)|RATIO(pinj_33l,ece2)|RATIO(pinj_33r,ece2)",9,"RATIO(pinj,ece2) = sum_i RATIO(pinj_i,ece2)",LOCAL_DOCUMENTED,False,4,"RATIO(pinj_15r,ece2)|RATIO(pinj_21l,ece2)|RATIO(pinj_21r,ece2)|RATIO(pinj_33l,ece2)",VACUOUS,"at least one member is inadmissible, so no admissible support can contain the complete exact set; the constraint is well-defined but has no binding instance"
DEP_RATIO_ece3,"RATIO(pinj_i,ece3)","RATIO(pinj,ece3)","RATIO(pinj_15l,ece3)|RATIO(pinj_15r,ece3)|RATIO(pinj_21l,ece3)|RATIO(pinj_21r,ece3)|RATIO(pinj_30l,ece3)|RATIO(pinj_30r,ece3)|RATIO(pinj_33l,ece3)|RATIO(pinj_33r,ece3)",9,"RATIO(pinj,ece3) = sum_i RATIO(pinj_i,ece3)",LOCAL_DOCUMENTED,False,4,"RATIO(pinj_15r,ece3)|RATIO(pinj_21l,ece3)|RATIO(pinj_21r,ece3)|RATIO(pinj_33l,ece3)",VACUOUS,"at least one member is inadmissible, so no admissible support can contain the complete exact set; the constraint is well-defined but has no binding instance"
DEP_RATIO_ece4,"RATIO(pinj_i,ece4)","RATIO(pinj,ece4)","RATIO(pinj_15l,ece4)|RATIO(pinj_15r,ece4)|RATIO(pinj_21l,ece4)|RATIO(pinj_21r,ece4)|RATIO(pinj_30l,ece4)|RATIO(pinj_30r,ece4)|RATIO(pinj_33l,ece4)|RATIO(pinj_33r,ece4)",9,"RATIO(pinj,ece4) = sum_i RATIO(pinj_i,ece4)",LOCAL_DOCUMENTED,False,4,"RATIO(pinj_15r,ece4)|RATIO(pinj_21l,ece4)|RATIO(pinj_21r,ece4)|RATIO(pinj_33l,ece4)",VACUOUS,"at least one member is inadmissible, so no admissible support can contain the complete exact set; the constraint is well-defined but has no binding instance"
DEP_RATIO_ece5,"RATIO(pinj_i,ece5)","RATIO(pinj,ece5)","RATIO(pinj_15l,ece5)|RATIO(pinj_15r,ece5)|RATIO(pinj_21l,ece5)|RATIO(pinj_21r,ece5)|RATIO(pinj_30l,ece5)|RATIO(pinj_30r,ece5)|RATIO(pinj_33l,ece5)|RATIO(pinj_33r,ece5)",9,"RATIO(pinj,ece5) = sum_i RATIO(pinj_i,ece5)",LOCAL_DOCUMENTED,False,4,"RATIO(pinj_15r,ece5)|RATIO(pinj_21l,ece5)|RATIO(pinj_21r,ece5)|RATIO(pinj_33l,ece5)",VACUOUS,"at least one member is inadmissible, so no admissible support can contain the complete exact set; the constraint is well-defined but has no binding instance"
DEP_RATIO_ece6,"RATIO(pinj_i,ece6)","RATIO(pinj,ece6)","RATIO(pinj_15l,ece6)|RATIO(pinj_15r,ece6)|RATIO(pinj_21l,ece6)|RATIO(pinj_21r,ece6)|RATIO(pinj_30l,ece6)|RATIO(pinj_30r,ece6)|RATIO(pinj_33l,ece6)|RATIO(pinj_33r,ece6)",9,"RATIO(pinj,ece6) = sum_i RATIO(pinj_i,ece6)",LOCAL_DOCUMENTED,False,4,"RATIO(pinj_15r,ece6)|RATIO(pinj_21l,ece6)|RATIO(pinj_21r,ece6)|RATIO(pinj_33l,ece6)",VACUOUS,"at least one member is inadmissible, so no admissible support can contain the complete exact set; the constraint is well-defined but has no binding instance"
DEP_RATIO_ece7,"RATIO(pinj_i,ece7)","RATIO(pinj,ece7)","RATIO(pinj_15l,ece7)|RATIO(pinj_15r,ece7)|RATIO(pinj_21l,ece7)|RATIO(pinj_21r,ece7)|RATIO(pinj_30l,ece7)|RATIO(pinj_30r,ece7)|RATIO(pinj_33l,ece7)|RATIO(pinj_33r,ece7)",9,"RATIO(pinj,ece7) = sum_i RATIO(pinj_i,ece7)",LOCAL_DOCUMENTED,False,4,"RATIO(pinj_15r,ece7)|RATIO(pinj_21l,ece7)|RATIO(pinj_21r,ece7)|RATIO(pinj_33l,ece7)",VACUOUS,"at least one member is inadmissible, so no admissible support can contain the complete exact set; the constraint is well-defined but has no binding instance"
DEP_RATIO_ece8,"RATIO(pinj_i,ece8)","RATIO(pinj,ece8)","RATIO(pinj_15l,ece8)|RATIO(pinj_15r,ece8)|RATIO(pinj_21l,ece8)|RATIO(pinj_21r,ece8)|RATIO(pinj_30l,ece8)|RATIO(pinj_30r,ece8)|RATIO(pinj_33l,ece8)|RATIO(pinj_33r,ece8)",9,"RATIO(pinj,ece8) = sum_i RATIO(pinj_i,ece8)",LOCAL_DOCUMENTED,False,4,"RATIO(pinj_15r,ece8)|RATIO(pinj_21l,ece8)|RATIO(pinj_21r,ece8)|RATIO(pinj_33l,ece8)",VACUOUS,"at least one member is inadmissible, so no admissible support can contain the complete exact set; the constraint is well-defined but has no binding instance"
DEP_RATIO_ece9,"RATIO(pinj_i,ece9)","RATIO(pinj,ece9)","RATIO(pinj_15l,ece9)|RATIO(pinj_15r,ece9)|RATIO(pinj_21l,ece9)|RATIO(pinj_21r,ece9)|RATIO(pinj_30l,ece9)|RATIO(pinj_30r,ece9)|RATIO(pinj_33l,ece9)|RATIO(pinj_33r,ece9)",9,"RATIO(pinj,ece9) = sum_i RATIO(pinj_i,ece9)",LOCAL_DOCUMENTED,False,4,"RATIO(pinj_15r,ece9)|RATIO(pinj_21l,ece9)|RATIO(pinj_21r,ece9)|RATIO(pinj_33l,ece9)",VACUOUS,"at least one member is inadmissible, so no admissible support can contain the complete exact set; the constraint is well-defined but has no binding instance"
DEP_RATIO_ece10,"RATIO(pinj_i,ece10)","RATIO(pinj,ece10)","RATIO(pinj_15l,ece10)|RATIO(pinj_15r,ece10)|RATIO(pinj_21l,ece10)|RATIO(pinj_21r,ece10)|RATIO(pinj_30l,ece10)|RATIO(pinj_30r,ece10)|RATIO(pinj_33l,ece10)|RATIO(pinj_33r,ece10)",9,"RATIO(pinj,ece10) = sum_i RATIO(pinj_i,ece10)",LOCAL_DOCUMENTED,False,4,"RATIO(pinj_15r,ece10)|RATIO(pinj_21l,ece10)|RATIO(pinj_21r,ece10)|RATIO(pinj_33l,ece10)",VACUOUS,"at least one member is inadmissible, so no admissible support can contain the complete exact set; the constraint is well-defined but has no binding instance"
DEP_RATIO_ece11,"RATIO(pinj_i,ece11)","RATIO(pinj,ece11)","RATIO(pinj_15l,ece11)|RATIO(pinj_15r,ece11)|RATIO(pinj_21l,ece11)|RATIO(pinj_21r,ece11)|RATIO(pinj_30l,ece11)|RATIO(pinj_30r,ece11)|RATIO(pinj_33l,ece11)|RATIO(pinj_33r,ece11)",9,"RATIO(pinj,ece11) = sum_i RATIO(pinj_i,ece11)",LOCAL_DOCUMENTED,False,4,"RATIO(pinj_15r,ece11)|RATIO(pinj_21l,ece11)|RATIO(pinj_21r,ece11)|RATIO(pinj_33l,ece11)",VACUOUS,"at least one member is inadmissible, so no admissible support can contain the complete exact set; the constraint is well-defined but has no binding instance"
DEP_RATIO_ece12,"RATIO(pinj_i,ece12)","RATIO(pinj,ece12)","RATIO(pinj_15l,ece12)|RATIO(pinj_15r,ece12)|RATIO(pinj_21l,ece12)|RATIO(pinj_21r,ece12)|RATIO(pinj_30l,ece12)|RATIO(pinj_30r,ece12)|RATIO(pinj_33l,ece12)|RATIO(pinj_33r,ece12)",9,"RATIO(pinj,ece12) = sum_i RATIO(pinj_i,ece12)",LOCAL_DOCUMENTED,False,4,"RATIO(pinj_15r,ece12)|RATIO(pinj_21l,ece12)|RATIO(pinj_21r,ece12)|RATIO(pinj_33l,ece12)",VACUOUS,"at least one member is inadmissible, so no admissible support can contain the complete exact set; the constraint is well-defined but has no binding instance"
DEP_RATIO_ece13,"RATIO(pinj_i,ece13)","RATIO(pinj,ece13)","RATIO(pinj_15l,ece13)|RATIO(pinj_15r,ece13)|RATIO(pinj_21l,ece13)|RATIO(pinj_21r,ece13)|RATIO(pinj_30l,ece13)|RATIO(pinj_30r,ece13)|RATIO(pinj_33l,ece13)|RATIO(pinj_33r,ece13)",9,"RATIO(pinj,ece13) = sum_i RATIO(pinj_i,ece13)",LOCAL_DOCUMENTED,False,4,"RATIO(pinj_15r,ece13)|RATIO(pinj_21l,ece13)|RATIO(pinj_21r,ece13)|RATIO(pinj_33l,ece13)",VACUOUS,"at least one member is inadmissible, so no admissible support can contain the complete exact set; the constraint is well-defined but has no binding instance"
DEP_RATIO_ece14,"RATIO(pinj_i,ece14)","RATIO(pinj,ece14)","RATIO(pinj_15l,ece14)|RATIO(pinj_15r,ece14)|RATIO(pinj_21l,ece14)|RATIO(pinj_21r,ece14)|RATIO(pinj_30l,ece14)|RATIO(pinj_30r,ece14)|RATIO(pinj_33l,ece14)|RATIO(pinj_33r,ece14)",9,"RATIO(pinj,ece14) = sum_i RATIO(pinj_i,ece14)",LOCAL_DOCUMENTED,False,4,"RATIO(pinj_15r,ece14)|RATIO(pinj_21l,ece14)|RATIO(pinj_21r,ece14)|RATIO(pinj_33l,ece14)",VACUOUS,"at least one member is inadmissible, so no admissible support can contain the complete exact set; the constraint is well-defined but has no binding instance"
DEP_RATIO_ece15,"RATIO(pinj_i,ece15)","RATIO(pinj,ece15)","RATIO(pinj_15l,ece15)|RATIO(pinj_15r,ece15)|RATIO(pinj_21l,ece15)|RATIO(pinj_21r,ece15)|RATIO(pinj_30l,ece15)|RATIO(pinj_30r,ece15)|RATIO(pinj_33l,ece15)|RATIO(pinj_33r,ece15)",9,"RATIO(pinj,ece15) = sum_i RATIO(pinj_i,ece15)",LOCAL_DOCUMENTED,False,4,"RATIO(pinj_15r,ece15)|RATIO(pinj_21l,ece15)|RATIO(pinj_21r,ece15)|RATIO(pinj_33l,ece15)",VACUOUS,"at least one member is inadmissible, so no admissible support can contain the complete exact set; the constraint is well-defined but has no binding instance"
DEP_RATIO_ece16,"RATIO(pinj_i,ece16)","RATIO(pinj,ece16)","RATIO(pinj_15l,ece16)|RATIO(pinj_15r,ece16)|RATIO(pinj_21l,ece16)|RATIO(pinj_21r,ece16)|RATIO(pinj_30l,ece16)|RATIO(pinj_30r,ece16)|RATIO(pinj_33l,ece16)|RATIO(pinj_33r,ece16)",9,"RATIO(pinj,ece16) = sum_i RATIO(pinj_i,ece16)",LOCAL_DOCUMENTED,False,4,"RATIO(pinj_15r,ece16)|RATIO(pinj_21l,ece16)|RATIO(pinj_21r,ece16)|RATIO(pinj_33l,ece16)",VACUOUS,"at least one member is inadmissible, so no admissible support can contain the complete exact set; the constraint is well-defined but has no binding instance"
DEP_RATIO_ece17,"RATIO(pinj_i,ece17)","RATIO(pinj,ece17)","RATIO(pinj_15l,ece17)|RATIO(pinj_15r,ece17)|RATIO(pinj_21l,ece17)|RATIO(pinj_21r,ece17)|RATIO(pinj_30l,ece17)|RATIO(pinj_30r,ece17)|RATIO(pinj_33l,ece17)|RATIO(pinj_33r,ece17)",9,"RATIO(pinj,ece17) = sum_i RATIO(pinj_i,ece17)",LOCAL_DOCUMENTED,False,4,"RATIO(pinj_15r,ece17)|RATIO(pinj_21l,ece17)|RATIO(pinj_21r,ece17)|RATIO(pinj_33l,ece17)",VACUOUS,"at least one member is inadmissible, so no admissible support can contain the complete exact set; the constraint is well-defined but has no binding instance"
DEP_RATIO_ece18,"RATIO(pinj_i,ece18)","RATIO(pinj,ece18)","RATIO(pinj_15l,ece18)|RATIO(pinj_15r,ece18)|RATIO(pinj_21l,ece18)|RATIO(pinj_21r,ece18)|RATIO(pinj_30l,ece18)|RATIO(pinj_30r,ece18)|RATIO(pinj_33l,ece18)|RATIO(pinj_33r,ece18)",9,"RATIO(pinj,ece18) = sum_i RATIO(pinj_i,ece18)",LOCAL_DOCUMENTED,False,4,"RATIO(pinj_15r,ece18)|RATIO(pinj_21l,ece18)|RATIO(pinj_21r,ece18)|RATIO(pinj_33l,ece18)",VACUOUS,"at least one member is inadmissible, so no admissible support can contain the complete exact set; the constraint is well-defined but has no binding instance"
DEP_RATIO_ece19,"RATIO(pinj_i,ece19)","RATIO(pinj,ece19)","RATIO(pinj_15l,ece19)|RATIO(pinj_15r,ece19)|RATIO(pinj_21l,ece19)|RATIO(pinj_21r,ece19)|RATIO(pinj_30l,ece19)|RATIO(pinj_30r,ece19)|RATIO(pinj_33l,ece19)|RATIO(pinj_33r,ece19)",9,"RATIO(pinj,ece19) = sum_i RATIO(pinj_i,ece19)",LOCAL_DOCUMENTED,False,4,"RATIO(pinj_15r,ece19)|RATIO(pinj_21l,ece19)|RATIO(pinj_21r,ece19)|RATIO(pinj_33l,ece19)",VACUOUS,"at least one member is inadmissible, so no admissible support can contain the complete exact set; the constraint is well-defined but has no binding instance"
DEP_RATIO_ece20,"RATIO(pinj_i,ece20)","RATIO(pinj,ece20)","RATIO(pinj_15l,ece20)|RATIO(pinj_15r,ece20)|RATIO(pinj_21l,ece20)|RATIO(pinj_21r,ece20)|RATIO(pinj_30l,ece20)|RATIO(pinj_30r,ece20)|RATIO(pinj_33l,ece20)|RATIO(pinj_33r,ece20)",9,"RATIO(pinj,ece20) = sum_i RATIO(pinj_i,ece20)",LOCAL_DOCUMENTED,False,4,"RATIO(pinj_15r,ece20)|RATIO(pinj_21l,ece20)|RATIO(pinj_21r,ece20)|RATIO(pinj_33l,ece20)",VACUOUS,"at least one member is inadmissible, so no admissible support can contain the complete exact set; the constraint is well-defined but has no binding instance"
DEP_RATIO_ece21,"RATIO(pinj_i,ece21)","RATIO(pinj,ece21)","RATIO(pinj_15l,ece21)|RATIO(pinj_15r,ece21)|RATIO(pinj_21l,ece21)|RATIO(pinj_21r,ece21)|RATIO(pinj_30l,ece21)|RATIO(pinj_30r,ece21)|RATIO(pinj_33l,ece21)|RATIO(pinj_33r,ece21)",9,"RATIO(pinj,ece21) = sum_i RATIO(pinj_i,ece21)",LOCAL_DOCUMENTED,False,4,"RATIO(pinj_15r,ece21)|RATIO(pinj_21l,ece21)|RATIO(pinj_21r,ece21)|RATIO(pinj_33l,ece21)",VACUOUS,"at least one member is inadmissible, so no admissible support can contain the complete exact set; the constraint is well-defined but has no binding instance"
DEP_RATIO_ece22,"RATIO(pinj_i,ece22)","RATIO(pinj,ece22)","RATIO(pinj_15l,ece22)|RATIO(pinj_15r,ece22)|RATIO(pinj_21l,ece22)|RATIO(pinj_21r,ece22)|RATIO(pinj_30l,ece22)|RATIO(pinj_30r,ece22)|RATIO(pinj_33l,ece22)|RATIO(pinj_33r,ece22)",9,"RATIO(pinj,ece22) = sum_i RATIO(pinj_i,ece22)",LOCAL_DOCUMENTED,False,4,"RATIO(pinj_15r,ece22)|RATIO(pinj_21l,ece22)|RATIO(pinj_21r,ece22)|RATIO(pinj_33l,ece22)",VACUOUS,"at least one member is inadmissible, so no admissible support can contain the complete exact set; the constraint is well-defined but has no binding instance"
DEP_RATIO_ece23,"RATIO(pinj_i,ece23)","RATIO(pinj,ece23)","RATIO(pinj_15l,ece23)|RATIO(pinj_15r,ece23)|RATIO(pinj_21l,ece23)|RATIO(pinj_21r,ece23)|RATIO(pinj_30l,ece23)|RATIO(pinj_30r,ece23)|RATIO(pinj_33l,ece23)|RATIO(pinj_33r,ece23)",9,"RATIO(pinj,ece23) = sum_i RATIO(pinj_i,ece23)",LOCAL_DOCUMENTED,False,4,"RATIO(pinj_15r,ece23)|RATIO(pinj_21l,ece23)|RATIO(pinj_21r,ece23)|RATIO(pinj_33l,ece23)",VACUOUS,"at least one member is inadmissible, so no admissible support can contain the complete exact set; the constraint is well-defined but has no binding instance"
DEP_RATIO_ece24,"RATIO(pinj_i,ece24)","RATIO(pinj,ece24)","RATIO(pinj_15l,ece24)|RATIO(pinj_15r,ece24)|RATIO(pinj_21l,ece24)|RATIO(pinj_21r,ece24)|RATIO(pinj_30l,ece24)|RATIO(pinj_30r,ece24)|RATIO(pinj_33l,ece24)|RATIO(pinj_33r,ece24)",9,"RATIO(pinj,ece24) = sum_i RATIO(pinj_i,ece24)",LOCAL_DOCUMENTED,False,4,"RATIO(pinj_15r,ece24)|RATIO(pinj_21l,ece24)|RATIO(pinj_21r,ece24)|RATIO(pinj_33l,ece24)",VACUOUS,"at least one member is inadmissible, so no admissible support can contain the complete exact set; the constraint is well-defined but has no binding instance"
DEP_RATIO_ece25,"RATIO(pinj_i,ece25)","RATIO(pinj,ece25)","RATIO(pinj_15l,ece25)|RATIO(pinj_15r,ece25)|RATIO(pinj_21l,ece25)|RATIO(pinj_21r,ece25)|RATIO(pinj_30l,ece25)|RATIO(pinj_30r,ece25)|RATIO(pinj_33l,ece25)|RATIO(pinj_33r,ece25)",9,"RATIO(pinj,ece25) = sum_i RATIO(pinj_i,ece25)",LOCAL_DOCUMENTED,False,4,"RATIO(pinj_15r,ece25)|RATIO(pinj_21l,ece25)|RATIO(pinj_21r,ece25)|RATIO(pinj_33l,ece25)",VACUOUS,"at least one member is inadmissible, so no admissible support can contain the complete exact set; the constraint is well-defined but has no binding instance"
DEP_RATIO_ece26,"RATIO(pinj_i,ece26)","RATIO(pinj,ece26)","RATIO(pinj_15l,ece26)|RATIO(pinj_15r,ece26)|RATIO(pinj_21l,ece26)|RATIO(pinj_21r,ece26)|RATIO(pinj_30l,ece26)|RATIO(pinj_30r,ece26)|RATIO(pinj_33l,ece26)|RATIO(pinj_33r,ece26)",9,"RATIO(pinj,ece26) = sum_i RATIO(pinj_i,ece26)",LOCAL_DOCUMENTED,False,4,"RATIO(pinj_15r,ece26)|RATIO(pinj_21l,ece26)|RATIO(pinj_21r,ece26)|RATIO(pinj_33l,ece26)",VACUOUS,"at least one member is inadmissible, so no admissible support can contain the complete exact set; the constraint is well-defined but has no binding instance"
DEP_RATIO_ece27,"RATIO(pinj_i,ece27)","RATIO(pinj,ece27)","RATIO(pinj_15l,ece27)|RATIO(pinj_15r,ece27)|RATIO(pinj_21l,ece27)|RATIO(pinj_21r,ece27)|RATIO(pinj_30l,ece27)|RATIO(pinj_30r,ece27)|RATIO(pinj_33l,ece27)|RATIO(pinj_33r,ece27)",9,"RATIO(pinj,ece27) = sum_i RATIO(pinj_i,ece27)",LOCAL_DOCUMENTED,False,4,"RATIO(pinj_15r,ece27)|RATIO(pinj_21l,ece27)|RATIO(pinj_21r,ece27)|RATIO(pinj_33l,ece27)",VACUOUS,"at least one member is inadmissible, so no admissible support can contain the complete exact set; the constraint is well-defined but has no binding instance"
DEP_RATIO_ece28,"RATIO(pinj_i,ece28)","RATIO(pinj,ece28)","RATIO(pinj_15l,ece28)|RATIO(pinj_15r,ece28)|RATIO(pinj_21l,ece28)|RATIO(pinj_21r,ece28)|RATIO(pinj_30l,ece28)|RATIO(pinj_30r,ece28)|RATIO(pinj_33l,ece28)|RATIO(pinj_33r,ece28)",9,"RATIO(pinj,ece28) = sum_i RATIO(pinj_i,ece28)",LOCAL_DOCUMENTED,False,4,"RATIO(pinj_15r,ece28)|RATIO(pinj_21l,ece28)|RATIO(pinj_21r,ece28)|RATIO(pinj_33l,ece28)",VACUOUS,"at least one member is inadmissible, so no admissible support can contain the complete exact set; the constraint is well-defined but has no binding instance"
DEP_RATIO_ece29,"RATIO(pinj_i,ece29)","RATIO(pinj,ece29)","RATIO(pinj_15l,ece29)|RATIO(pinj_15r,ece29)|RATIO(pinj_21l,ece29)|RATIO(pinj_21r,ece29)|RATIO(pinj_30l,ece29)|RATIO(pinj_30r,ece29)|RATIO(pinj_33l,ece29)|RATIO(pinj_33r,ece29)",9,"RATIO(pinj,ece29) = sum_i RATIO(pinj_i,ece29)",LOCAL_DOCUMENTED,False,4,"RATIO(pinj_15r,ece29)|RATIO(pinj_21l,ece29)|RATIO(pinj_21r,ece29)|RATIO(pinj_33l,ece29)",VACUOUS,"at least one member is inadmissible, so no admissible support can contain the complete exact set; the constraint is well-defined but has no binding instance"
DEP_RATIO_ece30,"RATIO(pinj_i,ece30)","RATIO(pinj,ece30)","RATIO(pinj_15l,ece30)|RATIO(pinj_15r,ece30)|RATIO(pinj_21l,ece30)|RATIO(pinj_21r,ece30)|RATIO(pinj_30l,ece30)|RATIO(pinj_30r,ece30)|RATIO(pinj_33l,ece30)|RATIO(pinj_33r,ece30)",9,"RATIO(pinj,ece30) = sum_i RATIO(pinj_i,ece30)",LOCAL_DOCUMENTED,False,4,"RATIO(pinj_15r,ece30)|RATIO(pinj_21l,ece30)|RATIO(pinj_21r,ece30)|RATIO(pinj_33l,ece30)",VACUOUS,"at least one member is inadmissible, so no admissible support can contain the complete exact set; the constraint is well-defined but has no binding instance"
DEP_RATIO_ece31,"RATIO(pinj_i,ece31)","RATIO(pinj,ece31)","RATIO(pinj_15l,ece31)|RATIO(pinj_15r,ece31)|RATIO(pinj_21l,ece31)|RATIO(pinj_21r,ece31)|RATIO(pinj_30l,ece31)|RATIO(pinj_30r,ece31)|RATIO(pinj_33l,ece31)|RATIO(pinj_33r,ece31)",9,"RATIO(pinj,ece31) = sum_i RATIO(pinj_i,ece31)",LOCAL_DOCUMENTED,False,4,"RATIO(pinj_15r,ece31)|RATIO(pinj_21l,ece31)|RATIO(pinj_21r,ece31)|RATIO(pinj_33l,ece31)",VACUOUS,"at least one member is inadmissible, so no admissible support can contain the complete exact set; the constraint is well-defined but has no binding instance"
DEP_RATIO_ece32,"RATIO(pinj_i,ece32)","RATIO(pinj,ece32)","RATIO(pinj_15l,ece32)|RATIO(pinj_15r,ece32)|RATIO(pinj_21l,ece32)|RATIO(pinj_21r,ece32)|RATIO(pinj_30l,ece32)|RATIO(pinj_30r,ece32)|RATIO(pinj_33l,ece32)|RATIO(pinj_33r,ece32)",9,"RATIO(pinj,ece32) = sum_i RATIO(pinj_i,ece32)",LOCAL_DOCUMENTED,False,4,"RATIO(pinj_15r,ece32)|RATIO(pinj_21l,ece32)|RATIO(pinj_21r,ece32)|RATIO(pinj_33l,ece32)",VACUOUS,"at least one member is inadmissible, so no admissible support can contain the complete exact set; the constraint is well-defined but has no binding instance"
DEP_RATIO_ece33,"RATIO(pinj_i,ece33)","RATIO(pinj,ece33)","RATIO(pinj_15l,ece33)|RATIO(pinj_15r,ece33)|RATIO(pinj_21l,ece33)|RATIO(pinj_21r,ece33)|RATIO(pinj_30l,ece33)|RATIO(pinj_30r,ece33)|RATIO(pinj_33l,ece33)|RATIO(pinj_33r,ece33)",9,"RATIO(pinj,ece33) = sum_i RATIO(pinj_i,ece33)",LOCAL_DOCUMENTED,False,4,"RATIO(pinj_15r,ece33)|RATIO(pinj_21l,ece33)|RATIO(pinj_21r,ece33)|RATIO(pinj_33l,ece33)",VACUOUS,"at least one member is inadmissible, so no admissible support can contain the complete exact set; the constraint is well-defined but has no binding instance"
DEP_RATIO_ece34,"RATIO(pinj_i,ece34)","RATIO(pinj,ece34)","RATIO(pinj_15l,ece34)|RATIO(pinj_15r,ece34)|RATIO(pinj_21l,ece34)|RATIO(pinj_21r,ece34)|RATIO(pinj_30l,ece34)|RATIO(pinj_30r,ece34)|RATIO(pinj_33l,ece34)|RATIO(pinj_33r,ece34)",9,"RATIO(pinj,ece34) = sum_i RATIO(pinj_i,ece34)",LOCAL_DOCUMENTED,False,4,"RATIO(pinj_15r,ece34)|RATIO(pinj_21l,ece34)|RATIO(pinj_21r,ece34)|RATIO(pinj_33l,ece34)",VACUOUS,"at least one member is inadmissible, so no admissible support can contain the complete exact set; the constraint is well-defined but has no binding instance"
DEP_RATIO_ece35,"RATIO(pinj_i,ece35)","RATIO(pinj,ece35)","RATIO(pinj_15l,ece35)|RATIO(pinj_15r,ece35)|RATIO(pinj_21l,ece35)|RATIO(pinj_21r,ece35)|RATIO(pinj_30l,ece35)|RATIO(pinj_30r,ece35)|RATIO(pinj_33l,ece35)|RATIO(pinj_33r,ece35)",9,"RATIO(pinj,ece35) = sum_i RATIO(pinj_i,ece35)",LOCAL_DOCUMENTED,False,4,"RATIO(pinj_15r,ece35)|RATIO(pinj_21l,ece35)|RATIO(pinj_21r,ece35)|RATIO(pinj_33l,ece35)",VACUOUS,"at least one member is inadmissible, so no admissible support can contain the complete exact set; the constraint is well-defined but has no binding instance"
DEP_RATIO_ece36,"RATIO(pinj_i,ece36)","RATIO(pinj,ece36)","RATIO(pinj_15l,ece36)|RATIO(pinj_15r,ece36)|RATIO(pinj_21l,ece36)|RATIO(pinj_21r,ece36)|RATIO(pinj_30l,ece36)|RATIO(pinj_30r,ece36)|RATIO(pinj_33l,ece36)|RATIO(pinj_33r,ece36)",9,"RATIO(pinj,ece36) = sum_i RATIO(pinj_i,ece36)",LOCAL_DOCUMENTED,False,4,"RATIO(pinj_15r,ece36)|RATIO(pinj_21l,ece36)|RATIO(pinj_21r,ece36)|RATIO(pinj_33l,ece36)",VACUOUS,"at least one member is inadmissible, so no admissible support can contain the complete exact set; the constraint is well-defined but has no binding instance"
DEP_RATIO_ece37,"RATIO(pinj_i,ece37)","RATIO(pinj,ece37)","RATIO(pinj_15l,ece37)|RATIO(pinj_15r,ece37)|RATIO(pinj_21l,ece37)|RATIO(pinj_21r,ece37)|RATIO(pinj_30l,ece37)|RATIO(pinj_30r,ece37)|RATIO(pinj_33l,ece37)|RATIO(pinj_33r,ece37)",9,"RATIO(pinj,ece37) = sum_i RATIO(pinj_i,ece37)",LOCAL_DOCUMENTED,False,4,"RATIO(pinj_15r,ece37)|RATIO(pinj_21l,ece37)|RATIO(pinj_21r,ece37)|RATIO(pinj_33l,ece37)",VACUOUS,"at least one member is inadmissible, so no admissible support can contain the complete exact set; the constraint is well-defined but has no binding instance"
DEP_RATIO_ece38,"RATIO(pinj_i,ece38)","RATIO(pinj,ece38)","RATIO(pinj_15l,ece38)|RATIO(pinj_15r,ece38)|RATIO(pinj_21l,ece38)|RATIO(pinj_21r,ece38)|RATIO(pinj_30l,ece38)|RATIO(pinj_30r,ece38)|RATIO(pinj_33l,ece38)|RATIO(pinj_33r,ece38)",9,"RATIO(pinj,ece38) = sum_i RATIO(pinj_i,ece38)",LOCAL_DOCUMENTED,False,4,"RATIO(pinj_15r,ece38)|RATIO(pinj_21l,ece38)|RATIO(pinj_21r,ece38)|RATIO(pinj_33l,ece38)",VACUOUS,"at least one member is inadmissible, so no admissible support can contain the complete exact set; the constraint is well-defined but has no binding instance"
DEP_RATIO_ece39,"RATIO(pinj_i,ece39)","RATIO(pinj,ece39)","RATIO(pinj_15l,ece39)|RATIO(pinj_15r,ece39)|RATIO(pinj_21l,ece39)|RATIO(pinj_21r,ece39)|RATIO(pinj_30l,ece39)|RATIO(pinj_30r,ece39)|RATIO(pinj_33l,ece39)|RATIO(pinj_33r,ece39)",9,"RATIO(pinj,ece39) = sum_i RATIO(pinj_i,ece39)",LOCAL_DOCUMENTED,False,4,"RATIO(pinj_15r,ece39)|RATIO(pinj_21l,ece39)|RATIO(pinj_21r,ece39)|RATIO(pinj_33l,ece39)",VACUOUS,"at least one member is inadmissible, so no admissible support can contain the complete exact set; the constraint is well-defined but has no binding instance"
DEP_RATIO_ece40,"RATIO(pinj_i,ece40)","RATIO(pinj,ece40)","RATIO(pinj_15l,ece40)|RATIO(pinj_15r,ece40)|RATIO(pinj_21l,ece40)|RATIO(pinj_21r,ece40)|RATIO(pinj_30l,ece40)|RATIO(pinj_30r,ece40)|RATIO(pinj_33l,ece40)|RATIO(pinj_33r,ece40)",9,"RATIO(pinj,ece40) = sum_i RATIO(pinj_i,ece40)",LOCAL_DOCUMENTED,False,4,"RATIO(pinj_15r,ece40)|RATIO(pinj_21l,ece40)|RATIO(pinj_21r,ece40)|RATIO(pinj_33l,ece40)",VACUOUS,"at least one member is inadmissible, so no admissible support can contain the complete exact set; the constraint is well-defined but has no binding instance"
DEP_RATIO_cerqrott3,"RATIO(pinj_i,cerqrott3)","RATIO(pinj,cerqrott3)","RATIO(pinj_15l,cerqrott3)|RATIO(pinj_15r,cerqrott3)|RATIO(pinj_21l,cerqrott3)|RATIO(pinj_21r,cerqrott3)|RATIO(pinj_30l,cerqrott3)|RATIO(pinj_30r,cerqrott3)|RATIO(pinj_33l,cerqrott3)|RATIO(pinj_33r,cerqrott3)",9,"RATIO(pinj,cerqrott3) = sum_i RATIO(pinj_i,cerqrott3)",LOCAL_DOCUMENTED,False,9,"RATIO(pinj,cerqrott3)|RATIO(pinj_15l,cerqrott3)|RATIO(pinj_15r,cerqrott3)|RATIO(pinj_21l,cerqrott3)|RATIO(pinj_21r,cerqrott3)|RATIO(pinj_30l,cerqrott3)|RATIO(pinj_30r,cerqrott3)|RATIO(pinj_33l,cerqrott3)|RATIO(pinj_33r,cerqrott3)",VACUOUS,"at least one member is inadmissible, so no admissible support can contain the complete exact set; the constraint is well-defined but has no binding instance"
DEP_RATIO_cerqrott6,"RATIO(pinj_i,cerqrott6)","RATIO(pinj,cerqrott6)","RATIO(pinj_15l,cerqrott6)|RATIO(pinj_15r,cerqrott6)|RATIO(pinj_21l,cerqrott6)|RATIO(pinj_21r,cerqrott6)|RATIO(pinj_30l,cerqrott6)|RATIO(pinj_30r,cerqrott6)|RATIO(pinj_33l,cerqrott6)|RATIO(pinj_33r,cerqrott6)",9,"RATIO(pinj,cerqrott6) = sum_i RATIO(pinj_i,cerqrott6)",LOCAL_DOCUMENTED,False,9,"RATIO(pinj,cerqrott6)|RATIO(pinj_15l,cerqrott6)|RATIO(pinj_15r,cerqrott6)|RATIO(pinj_21l,cerqrott6)|RATIO(pinj_21r,cerqrott6)|RATIO(pinj_30l,cerqrott6)|RATIO(pinj_30r,cerqrott6)|RATIO(pinj_33l,cerqrott6)|RATIO(pinj_33r,cerqrott6)",VACUOUS,"at least one member is inadmissible, so no admissible support can contain the complete exact set; the constraint is well-defined but has no binding instance"
DEP_RATIO_cerqrott8,"RATIO(pinj_i,cerqrott8)","RATIO(pinj,cerqrott8)","RATIO(pinj_15l,cerqrott8)|RATIO(pinj_15r,cerqrott8)|RATIO(pinj_21l,cerqrott8)|RATIO(pinj_21r,cerqrott8)|RATIO(pinj_30l,cerqrott8)|RATIO(pinj_30r,cerqrott8)|RATIO(pinj_33l,cerqrott8)|RATIO(pinj_33r,cerqrott8)",9,"RATIO(pinj,cerqrott8) = sum_i RATIO(pinj_i,cerqrott8)",LOCAL_DOCUMENTED,False,9,"RATIO(pinj,cerqrott8)|RATIO(pinj_15l,cerqrott8)|RATIO(pinj_15r,cerqrott8)|RATIO(pinj_21l,cerqrott8)|RATIO(pinj_21r,cerqrott8)|RATIO(pinj_30l,cerqrott8)|RATIO(pinj_30r,cerqrott8)|RATIO(pinj_33l,cerqrott8)|RATIO(pinj_33r,cerqrott8)",VACUOUS,"at least one member is inadmissible, so no admissible support can contain the complete exact set; the constraint is well-defined but has no binding instance"
DEP_RATIO_cerqrott10,"RATIO(pinj_i,cerqrott10)","RATIO(pinj,cerqrott10)","RATIO(pinj_15l,cerqrott10)|RATIO(pinj_15r,cerqrott10)|RATIO(pinj_21l,cerqrott10)|RATIO(pinj_21r,cerqrott10)|RATIO(pinj_30l,cerqrott10)|RATIO(pinj_30r,cerqrott10)|RATIO(pinj_33l,cerqrott10)|RATIO(pinj_33r,cerqrott10)",9,"RATIO(pinj,cerqrott10) = sum_i RATIO(pinj_i,cerqrott10)",LOCAL_DOCUMENTED,False,9,"RATIO(pinj,cerqrott10)|RATIO(pinj_15l,cerqrott10)|RATIO(pinj_15r,cerqrott10)|RATIO(pinj_21l,cerqrott10)|RATIO(pinj_21r,cerqrott10)|RATIO(pinj_30l,cerqrott10)|RATIO(pinj_30r,cerqrott10)|RATIO(pinj_33l,cerqrott10)|RATIO(pinj_33r,cerqrott10)",VACUOUS,"at least one member is inadmissible, so no admissible support can contain the complete exact set; the constraint is well-defined but has no binding instance"
DEP_RATIO_cerqrott11,"RATIO(pinj_i,cerqrott11)","RATIO(pinj,cerqrott11)","RATIO(pinj_15l,cerqrott11)|RATIO(pinj_15r,cerqrott11)|RATIO(pinj_21l,cerqrott11)|RATIO(pinj_21r,cerqrott11)|RATIO(pinj_30l,cerqrott11)|RATIO(pinj_30r,cerqrott11)|RATIO(pinj_33l,cerqrott11)|RATIO(pinj_33r,cerqrott11)",9,"RATIO(pinj,cerqrott11) = sum_i RATIO(pinj_i,cerqrott11)",LOCAL_DOCUMENTED,False,9,"RATIO(pinj,cerqrott11)|RATIO(pinj_15l,cerqrott11)|RATIO(pinj_15r,cerqrott11)|RATIO(pinj_21l,cerqrott11)|RATIO(pinj_21r,cerqrott11)|RATIO(pinj_30l,cerqrott11)|RATIO(pinj_30r,cerqrott11)|RATIO(pinj_33l,cerqrott11)|RATIO(pinj_33r,cerqrott11)",VACUOUS,"at least one member is inadmissible, so no admissible support can contain the complete exact set; the constraint is well-defined but has no binding instance"
DEP_RATIO_cerqrott12,"RATIO(pinj_i,cerqrott12)","RATIO(pinj,cerqrott12)","RATIO(pinj_15l,cerqrott12)|RATIO(pinj_15r,cerqrott12)|RATIO(pinj_21l,cerqrott12)|RATIO(pinj_21r,cerqrott12)|RATIO(pinj_30l,cerqrott12)|RATIO(pinj_30r,cerqrott12)|RATIO(pinj_33l,cerqrott12)|RATIO(pinj_33r,cerqrott12)",9,"RATIO(pinj,cerqrott12) = sum_i RATIO(pinj_i,cerqrott12)",LOCAL_DOCUMENTED,False,9,"RATIO(pinj,cerqrott12)|RATIO(pinj_15l,cerqrott12)|RATIO(pinj_15r,cerqrott12)|RATIO(pinj_21l,cerqrott12)|RATIO(pinj_21r,cerqrott12)|RATIO(pinj_30l,cerqrott12)|RATIO(pinj_30r,cerqrott12)|RATIO(pinj_33l,cerqrott12)|RATIO(pinj_33r,cerqrott12)",VACUOUS,"at least one member is inadmissible, so no admissible support can contain the complete exact set; the constraint is well-defined but has no binding instance"
DEP_RATIO_cerqrott13,"RATIO(pinj_i,cerqrott13)","RATIO(pinj,cerqrott13)","RATIO(pinj_15l,cerqrott13)|RATIO(pinj_15r,cerqrott13)|RATIO(pinj_21l,cerqrott13)|RATIO(pinj_21r,cerqrott13)|RATIO(pinj_30l,cerqrott13)|RATIO(pinj_30r,cerqrott13)|RATIO(pinj_33l,cerqrott13)|RATIO(pinj_33r,cerqrott13)",9,"RATIO(pinj,cerqrott13) = sum_i RATIO(pinj_i,cerqrott13)",LOCAL_DOCUMENTED,False,9,"RATIO(pinj,cerqrott13)|RATIO(pinj_15l,cerqrott13)|RATIO(pinj_15r,cerqrott13)|RATIO(pinj_21l,cerqrott13)|RATIO(pinj_21r,cerqrott13)|RATIO(pinj_30l,cerqrott13)|RATIO(pinj_30r,cerqrott13)|RATIO(pinj_33l,cerqrott13)|RATIO(pinj_33r,cerqrott13)",VACUOUS,"at least one member is inadmissible, so no admissible support can contain the complete exact set; the constraint is well-defined but has no binding instance"
DEP_RATIO_cerqtit3,"RATIO(pinj_i,cerqtit3)","RATIO(pinj,cerqtit3)","RATIO(pinj_15l,cerqtit3)|RATIO(pinj_15r,cerqtit3)|RATIO(pinj_21l,cerqtit3)|RATIO(pinj_21r,cerqtit3)|RATIO(pinj_30l,cerqtit3)|RATIO(pinj_30r,cerqtit3)|RATIO(pinj_33l,cerqtit3)|RATIO(pinj_33r,cerqtit3)",9,"RATIO(pinj,cerqtit3) = sum_i RATIO(pinj_i,cerqtit3)",LOCAL_DOCUMENTED,False,4,"RATIO(pinj_15r,cerqtit3)|RATIO(pinj_21l,cerqtit3)|RATIO(pinj_21r,cerqtit3)|RATIO(pinj_33l,cerqtit3)",VACUOUS,"at least one member is inadmissible, so no admissible support can contain the complete exact set; the constraint is well-defined but has no binding instance"
DEP_RATIO_cerqtit6,"RATIO(pinj_i,cerqtit6)","RATIO(pinj,cerqtit6)","RATIO(pinj_15l,cerqtit6)|RATIO(pinj_15r,cerqtit6)|RATIO(pinj_21l,cerqtit6)|RATIO(pinj_21r,cerqtit6)|RATIO(pinj_30l,cerqtit6)|RATIO(pinj_30r,cerqtit6)|RATIO(pinj_33l,cerqtit6)|RATIO(pinj_33r,cerqtit6)",9,"RATIO(pinj,cerqtit6) = sum_i RATIO(pinj_i,cerqtit6)",LOCAL_DOCUMENTED,False,9,"RATIO(pinj,cerqtit6)|RATIO(pinj_15l,cerqtit6)|RATIO(pinj_15r,cerqtit6)|RATIO(pinj_21l,cerqtit6)|RATIO(pinj_21r,cerqtit6)|RATIO(pinj_30l,cerqtit6)|RATIO(pinj_30r,cerqtit6)|RATIO(pinj_33l,cerqtit6)|RATIO(pinj_33r,cerqtit6)",VACUOUS,"at least one member is inadmissible, so no admissible support can contain the complete exact set; the constraint is well-defined but has no binding instance"
DEP_RATIO_cerqtit8,"RATIO(pinj_i,cerqtit8)","RATIO(pinj,cerqtit8)","RATIO(pinj_15l,cerqtit8)|RATIO(pinj_15r,cerqtit8)|RATIO(pinj_21l,cerqtit8)|RATIO(pinj_21r,cerqtit8)|RATIO(pinj_30l,cerqtit8)|RATIO(pinj_30r,cerqtit8)|RATIO(pinj_33l,cerqtit8)|RATIO(pinj_33r,cerqtit8)",9,"RATIO(pinj,cerqtit8) = sum_i RATIO(pinj_i,cerqtit8)",LOCAL_DOCUMENTED,False,9,"RATIO(pinj,cerqtit8)|RATIO(pinj_15l,cerqtit8)|RATIO(pinj_15r,cerqtit8)|RATIO(pinj_21l,cerqtit8)|RATIO(pinj_21r,cerqtit8)|RATIO(pinj_30l,cerqtit8)|RATIO(pinj_30r,cerqtit8)|RATIO(pinj_33l,cerqtit8)|RATIO(pinj_33r,cerqtit8)",VACUOUS,"at least one member is inadmissible, so no admissible support can contain the complete exact set; the constraint is well-defined but has no binding instance"
DEP_RATIO_cerqtit10,"RATIO(pinj_i,cerqtit10)","RATIO(pinj,cerqtit10)","RATIO(pinj_15l,cerqtit10)|RATIO(pinj_15r,cerqtit10)|RATIO(pinj_21l,cerqtit10)|RATIO(pinj_21r,cerqtit10)|RATIO(pinj_30l,cerqtit10)|RATIO(pinj_30r,cerqtit10)|RATIO(pinj_33l,cerqtit10)|RATIO(pinj_33r,cerqtit10)",9,"RATIO(pinj,cerqtit10) = sum_i RATIO(pinj_i,cerqtit10)",LOCAL_DOCUMENTED,False,4,"RATIO(pinj_15r,cerqtit10)|RATIO(pinj_21l,cerqtit10)|RATIO(pinj_21r,cerqtit10)|RATIO(pinj_33l,cerqtit10)",VACUOUS,"at least one member is inadmissible, so no admissible support can contain the complete exact set; the constraint is well-defined but has no binding instance"
DEP_RATIO_cerqtit11,"RATIO(pinj_i,cerqtit11)","RATIO(pinj,cerqtit11)","RATIO(pinj_15l,cerqtit11)|RATIO(pinj_15r,cerqtit11)|RATIO(pinj_21l,cerqtit11)|RATIO(pinj_21r,cerqtit11)|RATIO(pinj_30l,cerqtit11)|RATIO(pinj_30r,cerqtit11)|RATIO(pinj_33l,cerqtit11)|RATIO(pinj_33r,cerqtit11)",9,"RATIO(pinj,cerqtit11) = sum_i RATIO(pinj_i,cerqtit11)",LOCAL_DOCUMENTED,False,4,"RATIO(pinj_15r,cerqtit11)|RATIO(pinj_21l,cerqtit11)|RATIO(pinj_21r,cerqtit11)|RATIO(pinj_33l,cerqtit11)",VACUOUS,"at least one member is inadmissible, so no admissible support can contain the complete exact set; the constraint is well-defined but has no binding instance"
DEP_RATIO_cerqtit12,"RATIO(pinj_i,cerqtit12)","RATIO(pinj,cerqtit12)","RATIO(pinj_15l,cerqtit12)|RATIO(pinj_15r,cerqtit12)|RATIO(pinj_21l,cerqtit12)|RATIO(pinj_21r,cerqtit12)|RATIO(pinj_30l,cerqtit12)|RATIO(pinj_30r,cerqtit12)|RATIO(pinj_33l,cerqtit12)|RATIO(pinj_33r,cerqtit12)",9,"RATIO(pinj,cerqtit12) = sum_i RATIO(pinj_i,cerqtit12)",LOCAL_DOCUMENTED,False,9,"RATIO(pinj,cerqtit12)|RATIO(pinj_15l,cerqtit12)|RATIO(pinj_15r,cerqtit12)|RATIO(pinj_21l,cerqtit12)|RATIO(pinj_21r,cerqtit12)|RATIO(pinj_30l,cerqtit12)|RATIO(pinj_30r,cerqtit12)|RATIO(pinj_33l,cerqtit12)|RATIO(pinj_33r,cerqtit12)",VACUOUS,"at least one member is inadmissible, so no admissible support can contain the complete exact set; the constraint is well-defined but has no binding instance"
DEP_RATIO_cerqtit13,"RATIO(pinj_i,cerqtit13)","RATIO(pinj,cerqtit13)","RATIO(pinj_15l,cerqtit13)|RATIO(pinj_15r,cerqtit13)|RATIO(pinj_21l,cerqtit13)|RATIO(pinj_21r,cerqtit13)|RATIO(pinj_30l,cerqtit13)|RATIO(pinj_30r,cerqtit13)|RATIO(pinj_33l,cerqtit13)|RATIO(pinj_33r,cerqtit13)",9,"RATIO(pinj,cerqtit13) = sum_i RATIO(pinj_i,cerqtit13)",LOCAL_DOCUMENTED,False,9,"RATIO(pinj,cerqtit13)|RATIO(pinj_15l,cerqtit13)|RATIO(pinj_15r,cerqtit13)|RATIO(pinj_21l,cerqtit13)|RATIO(pinj_21r,cerqtit13)|RATIO(pinj_30l,cerqtit13)|RATIO(pinj_30r,cerqtit13)|RATIO(pinj_33l,cerqtit13)|RATIO(pinj_33r,cerqtit13)",VACUOUS,"at least one member is inadmissible, so no admissible support can contain the complete exact set; the constraint is well-defined but has no binding instance"
DEP_PHASE_bt,PHASE(pinj_i|bt),PHASE(pinj|bt),PHASE(pinj_15l|bt)|PHASE(pinj_15r|bt)|PHASE(pinj_21l|bt)|PHASE(pinj_21r|bt)|PHASE(pinj_30l|bt)|PHASE(pinj_30r|bt)|PHASE(pinj_33l|bt)|PHASE(pinj_33r|bt),9,PHASE(pinj|bt) = sum_i PHASE(pinj_i|bt),LOCAL_DOCUMENTED,False,9,PHASE(pinj|bt)|PHASE(pinj_15l|bt)|PHASE(pinj_15r|bt)|PHASE(pinj_21l|bt)|PHASE(pinj_21r|bt)|PHASE(pinj_30l|bt)|PHASE(pinj_30r|bt)|PHASE(pinj_33l|bt)|PHASE(pinj_33r|bt),VACUOUS,"at least one member is inadmissible, so no admissible support can contain the complete exact set; the constraint is well-defined but has no binding instance"
DEP_PHASE_ip,PHASE(pinj_i|ip),PHASE(pinj|ip),PHASE(pinj_15l|ip)|PHASE(pinj_15r|ip)|PHASE(pinj_21l|ip)|PHASE(pinj_21r|ip)|PHASE(pinj_30l|ip)|PHASE(pinj_30r|ip)|PHASE(pinj_33l|ip)|PHASE(pinj_33r|ip),9,PHASE(pinj|ip) = sum_i PHASE(pinj_i|ip),LOCAL_DOCUMENTED,False,9,PHASE(pinj|ip)|PHASE(pinj_15l|ip)|PHASE(pinj_15r|ip)|PHASE(pinj_21l|ip)|PHASE(pinj_21r|ip)|PHASE(pinj_30l|ip)|PHASE(pinj_30r|ip)|PHASE(pinj_33l|ip)|PHASE(pinj_33r|ip),VACUOUS,"at least one member is inadmissible, so no admissible support can contain the complete exact set; the constraint is well-defined but has no binding instance"
DEP_PHASE_gasa,PHASE(pinj_i|gasa),PHASE(pinj|gasa),PHASE(pinj_15l|gasa)|PHASE(pinj_15r|gasa)|PHASE(pinj_21l|gasa)|PHASE(pinj_21r|gasa)|PHASE(pinj_30l|gasa)|PHASE(pinj_30r|gasa)|PHASE(pinj_33l|gasa)|PHASE(pinj_33r|gasa),9,PHASE(pinj|gasa) = sum_i PHASE(pinj_i|gasa),LOCAL_DOCUMENTED,False,9,PHASE(pinj|gasa)|PHASE(pinj_15l|gasa)|PHASE(pinj_15r|gasa)|PHASE(pinj_21l|gasa)|PHASE(pinj_21r|gasa)|PHASE(pinj_30l|gasa)|PHASE(pinj_30r|gasa)|PHASE(pinj_33l|gasa)|PHASE(pinj_33r|gasa),VACUOUS,"at least one member is inadmissible, so no admissible support can contain the complete exact set; the constraint is well-defined but has no binding instance"
DEP_PHASE_gasb,PHASE(pinj_i|gasb),PHASE(pinj|gasb),PHASE(pinj_15l|gasb)|PHASE(pinj_15r|gasb)|PHASE(pinj_21l|gasb)|PHASE(pinj_21r|gasb)|PHASE(pinj_30l|gasb)|PHASE(pinj_30r|gasb)|PHASE(pinj_33l|gasb)|PHASE(pinj_33r|gasb),9,PHASE(pinj|gasb) = sum_i PHASE(pinj_i|gasb),LOCAL_DOCUMENTED,False,9,PHASE(pinj|gasb)|PHASE(pinj_15l|gasb)|PHASE(pinj_15r|gasb)|PHASE(pinj_21l|gasb)|PHASE(pinj_21r|gasb)|PHASE(pinj_30l|gasb)|PHASE(pinj_30r|gasb)|PHASE(pinj_33l|gasb)|PHASE(pinj_33r|gasb),VACUOUS,"at least one member is inadmissible, so no admissible support can contain the complete exact set; the constraint is well-defined but has no binding instance"
DEP_PHASE_gasc,PHASE(pinj_i|gasc),PHASE(pinj|gasc),PHASE(pinj_15l|gasc)|PHASE(pinj_15r|gasc)|PHASE(pinj_21l|gasc)|PHASE(pinj_21r|gasc)|PHASE(pinj_30l|gasc)|PHASE(pinj_30r|gasc)|PHASE(pinj_33l|gasc)|PHASE(pinj_33r|gasc),9,PHASE(pinj|gasc) = sum_i PHASE(pinj_i|gasc),LOCAL_DOCUMENTED,False,9,PHASE(pinj|gasc)|PHASE(pinj_15l|gasc)|PHASE(pinj_15r|gasc)|PHASE(pinj_21l|gasc)|PHASE(pinj_21r|gasc)|PHASE(pinj_30l|gasc)|PHASE(pinj_30r|gasc)|PHASE(pinj_33l|gasc)|PHASE(pinj_33r|gasc),VACUOUS,"at least one member is inadmissible, so no admissible support can contain the complete exact set; the constraint is well-defined but has no binding instance"
DEP_PHASE_gasd,PHASE(pinj_i|gasd),PHASE(pinj|gasd),PHASE(pinj_15l|gasd)|PHASE(pinj_15r|gasd)|PHASE(pinj_21l|gasd)|PHASE(pinj_21r|gasd)|PHASE(pinj_30l|gasd)|PHASE(pinj_30r|gasd)|PHASE(pinj_33l|gasd)|PHASE(pinj_33r|gasd),9,PHASE(pinj|gasd) = sum_i PHASE(pinj_i|gasd),LOCAL_DOCUMENTED,False,9,PHASE(pinj|gasd)|PHASE(pinj_15l|gasd)|PHASE(pinj_15r|gasd)|PHASE(pinj_21l|gasd)|PHASE(pinj_21r|gasd)|PHASE(pinj_30l|gasd)|PHASE(pinj_30r|gasd)|PHASE(pinj_33l|gasd)|PHASE(pinj_33r|gasd),VACUOUS,"at least one member is inadmissible, so no admissible support can contain the complete exact set; the constraint is well-defined but has no binding instance"
DEP_PHASE_tinj,PHASE(pinj_i|tinj),PHASE(pinj|tinj),PHASE(pinj_15l|tinj)|PHASE(pinj_15r|tinj)|PHASE(pinj_21l|tinj)|PHASE(pinj_21r|tinj)|PHASE(pinj_30l|tinj)|PHASE(pinj_30r|tinj)|PHASE(pinj_33l|tinj)|PHASE(pinj_33r|tinj),9,PHASE(pinj|tinj) = sum_i PHASE(pinj_i|tinj),LOCAL_DOCUMENTED,False,9,PHASE(pinj|tinj)|PHASE(pinj_15l|tinj)|PHASE(pinj_15r|tinj)|PHASE(pinj_21l|tinj)|PHASE(pinj_21r|tinj)|PHASE(pinj_30l|tinj)|PHASE(pinj_30r|tinj)|PHASE(pinj_33l|tinj)|PHASE(pinj_33r|tinj),VACUOUS,"at least one member is inadmissible, so no admissible support can contain the complete exact set; the constraint is well-defined but has no binding instance"
DEP_PHASE_ece1,PHASE(pinj_i|ece1),PHASE(pinj|ece1),PHASE(pinj_15l|ece1)|PHASE(pinj_15r|ece1)|PHASE(pinj_21l|ece1)|PHASE(pinj_21r|ece1)|PHASE(pinj_30l|ece1)|PHASE(pinj_30r|ece1)|PHASE(pinj_33l|ece1)|PHASE(pinj_33r|ece1),9,PHASE(pinj|ece1) = sum_i PHASE(pinj_i|ece1),LOCAL_DOCUMENTED,False,9,PHASE(pinj|ece1)|PHASE(pinj_15l|ece1)|PHASE(pinj_15r|ece1)|PHASE(pinj_21l|ece1)|PHASE(pinj_21r|ece1)|PHASE(pinj_30l|ece1)|PHASE(pinj_30r|ece1)|PHASE(pinj_33l|ece1)|PHASE(pinj_33r|ece1),VACUOUS,"at least one member is inadmissible, so no admissible support can contain the complete exact set; the constraint is well-defined but has no binding instance"
DEP_PHASE_ece2,PHASE(pinj_i|ece2),PHASE(pinj|ece2),PHASE(pinj_15l|ece2)|PHASE(pinj_15r|ece2)|PHASE(pinj_21l|ece2)|PHASE(pinj_21r|ece2)|PHASE(pinj_30l|ece2)|PHASE(pinj_30r|ece2)|PHASE(pinj_33l|ece2)|PHASE(pinj_33r|ece2),9,PHASE(pinj|ece2) = sum_i PHASE(pinj_i|ece2),LOCAL_DOCUMENTED,False,9,PHASE(pinj|ece2)|PHASE(pinj_15l|ece2)|PHASE(pinj_15r|ece2)|PHASE(pinj_21l|ece2)|PHASE(pinj_21r|ece2)|PHASE(pinj_30l|ece2)|PHASE(pinj_30r|ece2)|PHASE(pinj_33l|ece2)|PHASE(pinj_33r|ece2),VACUOUS,"at least one member is inadmissible, so no admissible support can contain the complete exact set; the constraint is well-defined but has no binding instance"
DEP_PHASE_ece3,PHASE(pinj_i|ece3),PHASE(pinj|ece3),PHASE(pinj_15l|ece3)|PHASE(pinj_15r|ece3)|PHASE(pinj_21l|ece3)|PHASE(pinj_21r|ece3)|PHASE(pinj_30l|ece3)|PHASE(pinj_30r|ece3)|PHASE(pinj_33l|ece3)|PHASE(pinj_33r|ece3),9,PHASE(pinj|ece3) = sum_i PHASE(pinj_i|ece3),LOCAL_DOCUMENTED,False,9,PHASE(pinj|ece3)|PHASE(pinj_15l|ece3)|PHASE(pinj_15r|ece3)|PHASE(pinj_21l|ece3)|PHASE(pinj_21r|ece3)|PHASE(pinj_30l|ece3)|PHASE(pinj_30r|ece3)|PHASE(pinj_33l|ece3)|PHASE(pinj_33r|ece3),VACUOUS,"at least one member is inadmissible, so no admissible support can contain the complete exact set; the constraint is well-defined but has no binding instance"
DEP_PHASE_ece4,PHASE(pinj_i|ece4),PHASE(pinj|ece4),PHASE(pinj_15l|ece4)|PHASE(pinj_15r|ece4)|PHASE(pinj_21l|ece4)|PHASE(pinj_21r|ece4)|PHASE(pinj_30l|ece4)|PHASE(pinj_30r|ece4)|PHASE(pinj_33l|ece4)|PHASE(pinj_33r|ece4),9,PHASE(pinj|ece4) = sum_i PHASE(pinj_i|ece4),LOCAL_DOCUMENTED,False,9,PHASE(pinj|ece4)|PHASE(pinj_15l|ece4)|PHASE(pinj_15r|ece4)|PHASE(pinj_21l|ece4)|PHASE(pinj_21r|ece4)|PHASE(pinj_30l|ece4)|PHASE(pinj_30r|ece4)|PHASE(pinj_33l|ece4)|PHASE(pinj_33r|ece4),VACUOUS,"at least one member is inadmissible, so no admissible support can contain the complete exact set; the constraint is well-defined but has no binding instance"
DEP_PHASE_ece5,PHASE(pinj_i|ece5),PHASE(pinj|ece5),PHASE(pinj_15l|ece5)|PHASE(pinj_15r|ece5)|PHASE(pinj_21l|ece5)|PHASE(pinj_21r|ece5)|PHASE(pinj_30l|ece5)|PHASE(pinj_30r|ece5)|PHASE(pinj_33l|ece5)|PHASE(pinj_33r|ece5),9,PHASE(pinj|ece5) = sum_i PHASE(pinj_i|ece5),LOCAL_DOCUMENTED,False,9,PHASE(pinj|ece5)|PHASE(pinj_15l|ece5)|PHASE(pinj_15r|ece5)|PHASE(pinj_21l|ece5)|PHASE(pinj_21r|ece5)|PHASE(pinj_30l|ece5)|PHASE(pinj_30r|ece5)|PHASE(pinj_33l|ece5)|PHASE(pinj_33r|ece5),VACUOUS,"at least one member is inadmissible, so no admissible support can contain the complete exact set; the constraint is well-defined but has no binding instance"
DEP_PHASE_ece6,PHASE(pinj_i|ece6),PHASE(pinj|ece6),PHASE(pinj_15l|ece6)|PHASE(pinj_15r|ece6)|PHASE(pinj_21l|ece6)|PHASE(pinj_21r|ece6)|PHASE(pinj_30l|ece6)|PHASE(pinj_30r|ece6)|PHASE(pinj_33l|ece6)|PHASE(pinj_33r|ece6),9,PHASE(pinj|ece6) = sum_i PHASE(pinj_i|ece6),LOCAL_DOCUMENTED,False,9,PHASE(pinj|ece6)|PHASE(pinj_15l|ece6)|PHASE(pinj_15r|ece6)|PHASE(pinj_21l|ece6)|PHASE(pinj_21r|ece6)|PHASE(pinj_30l|ece6)|PHASE(pinj_30r|ece6)|PHASE(pinj_33l|ece6)|PHASE(pinj_33r|ece6),VACUOUS,"at least one member is inadmissible, so no admissible support can contain the complete exact set; the constraint is well-defined but has no binding instance"
DEP_PHASE_ece7,PHASE(pinj_i|ece7),PHASE(pinj|ece7),PHASE(pinj_15l|ece7)|PHASE(pinj_15r|ece7)|PHASE(pinj_21l|ece7)|PHASE(pinj_21r|ece7)|PHASE(pinj_30l|ece7)|PHASE(pinj_30r|ece7)|PHASE(pinj_33l|ece7)|PHASE(pinj_33r|ece7),9,PHASE(pinj|ece7) = sum_i PHASE(pinj_i|ece7),LOCAL_DOCUMENTED,False,9,PHASE(pinj|ece7)|PHASE(pinj_15l|ece7)|PHASE(pinj_15r|ece7)|PHASE(pinj_21l|ece7)|PHASE(pinj_21r|ece7)|PHASE(pinj_30l|ece7)|PHASE(pinj_30r|ece7)|PHASE(pinj_33l|ece7)|PHASE(pinj_33r|ece7),VACUOUS,"at least one member is inadmissible, so no admissible support can contain the complete exact set; the constraint is well-defined but has no binding instance"
DEP_PHASE_ece8,PHASE(pinj_i|ece8),PHASE(pinj|ece8),PHASE(pinj_15l|ece8)|PHASE(pinj_15r|ece8)|PHASE(pinj_21l|ece8)|PHASE(pinj_21r|ece8)|PHASE(pinj_30l|ece8)|PHASE(pinj_30r|ece8)|PHASE(pinj_33l|ece8)|PHASE(pinj_33r|ece8),9,PHASE(pinj|ece8) = sum_i PHASE(pinj_i|ece8),LOCAL_DOCUMENTED,False,9,PHASE(pinj|ece8)|PHASE(pinj_15l|ece8)|PHASE(pinj_15r|ece8)|PHASE(pinj_21l|ece8)|PHASE(pinj_21r|ece8)|PHASE(pinj_30l|ece8)|PHASE(pinj_30r|ece8)|PHASE(pinj_33l|ece8)|PHASE(pinj_33r|ece8),VACUOUS,"at least one member is inadmissible, so no admissible support can contain the complete exact set; the constraint is well-defined but has no binding instance"
DEP_PHASE_ece9,PHASE(pinj_i|ece9),PHASE(pinj|ece9),PHASE(pinj_15l|ece9)|PHASE(pinj_15r|ece9)|PHASE(pinj_21l|ece9)|PHASE(pinj_21r|ece9)|PHASE(pinj_30l|ece9)|PHASE(pinj_30r|ece9)|PHASE(pinj_33l|ece9)|PHASE(pinj_33r|ece9),9,PHASE(pinj|ece9) = sum_i PHASE(pinj_i|ece9),LOCAL_DOCUMENTED,False,9,PHASE(pinj|ece9)|PHASE(pinj_15l|ece9)|PHASE(pinj_15r|ece9)|PHASE(pinj_21l|ece9)|PHASE(pinj_21r|ece9)|PHASE(pinj_30l|ece9)|PHASE(pinj_30r|ece9)|PHASE(pinj_33l|ece9)|PHASE(pinj_33r|ece9),VACUOUS,"at least one member is inadmissible, so no admissible support can contain the complete exact set; the constraint is well-defined but has no binding instance"
DEP_PHASE_ece10,PHASE(pinj_i|ece10),PHASE(pinj|ece10),PHASE(pinj_15l|ece10)|PHASE(pinj_15r|ece10)|PHASE(pinj_21l|ece10)|PHASE(pinj_21r|ece10)|PHASE(pinj_30l|ece10)|PHASE(pinj_30r|ece10)|PHASE(pinj_33l|ece10)|PHASE(pinj_33r|ece10),9,PHASE(pinj|ece10) = sum_i PHASE(pinj_i|ece10),LOCAL_DOCUMENTED,False,9,PHASE(pinj|ece10)|PHASE(pinj_15l|ece10)|PHASE(pinj_15r|ece10)|PHASE(pinj_21l|ece10)|PHASE(pinj_21r|ece10)|PHASE(pinj_30l|ece10)|PHASE(pinj_30r|ece10)|PHASE(pinj_33l|ece10)|PHASE(pinj_33r|ece10),VACUOUS,"at least one member is inadmissible, so no admissible support can contain the complete exact set; the constraint is well-defined but has no binding instance"
DEP_PHASE_ece11,PHASE(pinj_i|ece11),PHASE(pinj|ece11),PHASE(pinj_15l|ece11)|PHASE(pinj_15r|ece11)|PHASE(pinj_21l|ece11)|PHASE(pinj_21r|ece11)|PHASE(pinj_30l|ece11)|PHASE(pinj_30r|ece11)|PHASE(pinj_33l|ece11)|PHASE(pinj_33r|ece11),9,PHASE(pinj|ece11) = sum_i PHASE(pinj_i|ece11),LOCAL_DOCUMENTED,False,9,PHASE(pinj|ece11)|PHASE(pinj_15l|ece11)|PHASE(pinj_15r|ece11)|PHASE(pinj_21l|ece11)|PHASE(pinj_21r|ece11)|PHASE(pinj_30l|ece11)|PHASE(pinj_30r|ece11)|PHASE(pinj_33l|ece11)|PHASE(pinj_33r|ece11),VACUOUS,"at least one member is inadmissible, so no admissible support can contain the complete exact set; the constraint is well-defined but has no binding instance"
DEP_PHASE_ece12,PHASE(pinj_i|ece12),PHASE(pinj|ece12),PHASE(pinj_15l|ece12)|PHASE(pinj_15r|ece12)|PHASE(pinj_21l|ece12)|PHASE(pinj_21r|ece12)|PHASE(pinj_30l|ece12)|PHASE(pinj_30r|ece12)|PHASE(pinj_33l|ece12)|PHASE(pinj_33r|ece12),9,PHASE(pinj|ece12) = sum_i PHASE(pinj_i|ece12),LOCAL_DOCUMENTED,False,9,PHASE(pinj|ece12)|PHASE(pinj_15l|ece12)|PHASE(pinj_15r|ece12)|PHASE(pinj_21l|ece12)|PHASE(pinj_21r|ece12)|PHASE(pinj_30l|ece12)|PHASE(pinj_30r|ece12)|PHASE(pinj_33l|ece12)|PHASE(pinj_33r|ece12),VACUOUS,"at least one member is inadmissible, so no admissible support can contain the complete exact set; the constraint is well-defined but has no binding instance"
DEP_PHASE_ece13,PHASE(pinj_i|ece13),PHASE(pinj|ece13),PHASE(pinj_15l|ece13)|PHASE(pinj_15r|ece13)|PHASE(pinj_21l|ece13)|PHASE(pinj_21r|ece13)|PHASE(pinj_30l|ece13)|PHASE(pinj_30r|ece13)|PHASE(pinj_33l|ece13)|PHASE(pinj_33r|ece13),9,PHASE(pinj|ece13) = sum_i PHASE(pinj_i|ece13),LOCAL_DOCUMENTED,False,9,PHASE(pinj|ece13)|PHASE(pinj_15l|ece13)|PHASE(pinj_15r|ece13)|PHASE(pinj_21l|ece13)|PHASE(pinj_21r|ece13)|PHASE(pinj_30l|ece13)|PHASE(pinj_30r|ece13)|PHASE(pinj_33l|ece13)|PHASE(pinj_33r|ece13),VACUOUS,"at least one member is inadmissible, so no admissible support can contain the complete exact set; the constraint is well-defined but has no binding instance"
DEP_PHASE_ece14,PHASE(pinj_i|ece14),PHASE(pinj|ece14),PHASE(pinj_15l|ece14)|PHASE(pinj_15r|ece14)|PHASE(pinj_21l|ece14)|PHASE(pinj_21r|ece14)|PHASE(pinj_30l|ece14)|PHASE(pinj_30r|ece14)|PHASE(pinj_33l|ece14)|PHASE(pinj_33r|ece14),9,PHASE(pinj|ece14) = sum_i PHASE(pinj_i|ece14),LOCAL_DOCUMENTED,False,9,PHASE(pinj|ece14)|PHASE(pinj_15l|ece14)|PHASE(pinj_15r|ece14)|PHASE(pinj_21l|ece14)|PHASE(pinj_21r|ece14)|PHASE(pinj_30l|ece14)|PHASE(pinj_30r|ece14)|PHASE(pinj_33l|ece14)|PHASE(pinj_33r|ece14),VACUOUS,"at least one member is inadmissible, so no admissible support can contain the complete exact set; the constraint is well-defined but has no binding instance"
DEP_PHASE_ece15,PHASE(pinj_i|ece15),PHASE(pinj|ece15),PHASE(pinj_15l|ece15)|PHASE(pinj_15r|ece15)|PHASE(pinj_21l|ece15)|PHASE(pinj_21r|ece15)|PHASE(pinj_30l|ece15)|PHASE(pinj_30r|ece15)|PHASE(pinj_33l|ece15)|PHASE(pinj_33r|ece15),9,PHASE(pinj|ece15) = sum_i PHASE(pinj_i|ece15),LOCAL_DOCUMENTED,False,9,PHASE(pinj|ece15)|PHASE(pinj_15l|ece15)|PHASE(pinj_15r|ece15)|PHASE(pinj_21l|ece15)|PHASE(pinj_21r|ece15)|PHASE(pinj_30l|ece15)|PHASE(pinj_30r|ece15)|PHASE(pinj_33l|ece15)|PHASE(pinj_33r|ece15),VACUOUS,"at least one member is inadmissible, so no admissible support can contain the complete exact set; the constraint is well-defined but has no binding instance"
DEP_PHASE_ece16,PHASE(pinj_i|ece16),PHASE(pinj|ece16),PHASE(pinj_15l|ece16)|PHASE(pinj_15r|ece16)|PHASE(pinj_21l|ece16)|PHASE(pinj_21r|ece16)|PHASE(pinj_30l|ece16)|PHASE(pinj_30r|ece16)|PHASE(pinj_33l|ece16)|PHASE(pinj_33r|ece16),9,PHASE(pinj|ece16) = sum_i PHASE(pinj_i|ece16),LOCAL_DOCUMENTED,False,9,PHASE(pinj|ece16)|PHASE(pinj_15l|ece16)|PHASE(pinj_15r|ece16)|PHASE(pinj_21l|ece16)|PHASE(pinj_21r|ece16)|PHASE(pinj_30l|ece16)|PHASE(pinj_30r|ece16)|PHASE(pinj_33l|ece16)|PHASE(pinj_33r|ece16),VACUOUS,"at least one member is inadmissible, so no admissible support can contain the complete exact set; the constraint is well-defined but has no binding instance"
DEP_PHASE_ece17,PHASE(pinj_i|ece17),PHASE(pinj|ece17),PHASE(pinj_15l|ece17)|PHASE(pinj_15r|ece17)|PHASE(pinj_21l|ece17)|PHASE(pinj_21r|ece17)|PHASE(pinj_30l|ece17)|PHASE(pinj_30r|ece17)|PHASE(pinj_33l|ece17)|PHASE(pinj_33r|ece17),9,PHASE(pinj|ece17) = sum_i PHASE(pinj_i|ece17),LOCAL_DOCUMENTED,False,9,PHASE(pinj|ece17)|PHASE(pinj_15l|ece17)|PHASE(pinj_15r|ece17)|PHASE(pinj_21l|ece17)|PHASE(pinj_21r|ece17)|PHASE(pinj_30l|ece17)|PHASE(pinj_30r|ece17)|PHASE(pinj_33l|ece17)|PHASE(pinj_33r|ece17),VACUOUS,"at least one member is inadmissible, so no admissible support can contain the complete exact set; the constraint is well-defined but has no binding instance"
DEP_PHASE_ece18,PHASE(pinj_i|ece18),PHASE(pinj|ece18),PHASE(pinj_15l|ece18)|PHASE(pinj_15r|ece18)|PHASE(pinj_21l|ece18)|PHASE(pinj_21r|ece18)|PHASE(pinj_30l|ece18)|PHASE(pinj_30r|ece18)|PHASE(pinj_33l|ece18)|PHASE(pinj_33r|ece18),9,PHASE(pinj|ece18) = sum_i PHASE(pinj_i|ece18),LOCAL_DOCUMENTED,False,9,PHASE(pinj|ece18)|PHASE(pinj_15l|ece18)|PHASE(pinj_15r|ece18)|PHASE(pinj_21l|ece18)|PHASE(pinj_21r|ece18)|PHASE(pinj_30l|ece18)|PHASE(pinj_30r|ece18)|PHASE(pinj_33l|ece18)|PHASE(pinj_33r|ece18),VACUOUS,"at least one member is inadmissible, so no admissible support can contain the complete exact set; the constraint is well-defined but has no binding instance"
DEP_PHASE_ece19,PHASE(pinj_i|ece19),PHASE(pinj|ece19),PHASE(pinj_15l|ece19)|PHASE(pinj_15r|ece19)|PHASE(pinj_21l|ece19)|PHASE(pinj_21r|ece19)|PHASE(pinj_30l|ece19)|PHASE(pinj_30r|ece19)|PHASE(pinj_33l|ece19)|PHASE(pinj_33r|ece19),9,PHASE(pinj|ece19) = sum_i PHASE(pinj_i|ece19),LOCAL_DOCUMENTED,False,9,PHASE(pinj|ece19)|PHASE(pinj_15l|ece19)|PHASE(pinj_15r|ece19)|PHASE(pinj_21l|ece19)|PHASE(pinj_21r|ece19)|PHASE(pinj_30l|ece19)|PHASE(pinj_30r|ece19)|PHASE(pinj_33l|ece19)|PHASE(pinj_33r|ece19),VACUOUS,"at least one member is inadmissible, so no admissible support can contain the complete exact set; the constraint is well-defined but has no binding instance"
DEP_PHASE_ece20,PHASE(pinj_i|ece20),PHASE(pinj|ece20),PHASE(pinj_15l|ece20)|PHASE(pinj_15r|ece20)|PHASE(pinj_21l|ece20)|PHASE(pinj_21r|ece20)|PHASE(pinj_30l|ece20)|PHASE(pinj_30r|ece20)|PHASE(pinj_33l|ece20)|PHASE(pinj_33r|ece20),9,PHASE(pinj|ece20) = sum_i PHASE(pinj_i|ece20),LOCAL_DOCUMENTED,False,9,PHASE(pinj|ece20)|PHASE(pinj_15l|ece20)|PHASE(pinj_15r|ece20)|PHASE(pinj_21l|ece20)|PHASE(pinj_21r|ece20)|PHASE(pinj_30l|ece20)|PHASE(pinj_30r|ece20)|PHASE(pinj_33l|ece20)|PHASE(pinj_33r|ece20),VACUOUS,"at least one member is inadmissible, so no admissible support can contain the complete exact set; the constraint is well-defined but has no binding instance"
DEP_PHASE_ece21,PHASE(pinj_i|ece21),PHASE(pinj|ece21),PHASE(pinj_15l|ece21)|PHASE(pinj_15r|ece21)|PHASE(pinj_21l|ece21)|PHASE(pinj_21r|ece21)|PHASE(pinj_30l|ece21)|PHASE(pinj_30r|ece21)|PHASE(pinj_33l|ece21)|PHASE(pinj_33r|ece21),9,PHASE(pinj|ece21) = sum_i PHASE(pinj_i|ece21),LOCAL_DOCUMENTED,False,9,PHASE(pinj|ece21)|PHASE(pinj_15l|ece21)|PHASE(pinj_15r|ece21)|PHASE(pinj_21l|ece21)|PHASE(pinj_21r|ece21)|PHASE(pinj_30l|ece21)|PHASE(pinj_30r|ece21)|PHASE(pinj_33l|ece21)|PHASE(pinj_33r|ece21),VACUOUS,"at least one member is inadmissible, so no admissible support can contain the complete exact set; the constraint is well-defined but has no binding instance"
DEP_PHASE_ece22,PHASE(pinj_i|ece22),PHASE(pinj|ece22),PHASE(pinj_15l|ece22)|PHASE(pinj_15r|ece22)|PHASE(pinj_21l|ece22)|PHASE(pinj_21r|ece22)|PHASE(pinj_30l|ece22)|PHASE(pinj_30r|ece22)|PHASE(pinj_33l|ece22)|PHASE(pinj_33r|ece22),9,PHASE(pinj|ece22) = sum_i PHASE(pinj_i|ece22),LOCAL_DOCUMENTED,False,9,PHASE(pinj|ece22)|PHASE(pinj_15l|ece22)|PHASE(pinj_15r|ece22)|PHASE(pinj_21l|ece22)|PHASE(pinj_21r|ece22)|PHASE(pinj_30l|ece22)|PHASE(pinj_30r|ece22)|PHASE(pinj_33l|ece22)|PHASE(pinj_33r|ece22),VACUOUS,"at least one member is inadmissible, so no admissible support can contain the complete exact set; the constraint is well-defined but has no binding instance"
DEP_PHASE_ece23,PHASE(pinj_i|ece23),PHASE(pinj|ece23),PHASE(pinj_15l|ece23)|PHASE(pinj_15r|ece23)|PHASE(pinj_21l|ece23)|PHASE(pinj_21r|ece23)|PHASE(pinj_30l|ece23)|PHASE(pinj_30r|ece23)|PHASE(pinj_33l|ece23)|PHASE(pinj_33r|ece23),9,PHASE(pinj|ece23) = sum_i PHASE(pinj_i|ece23),LOCAL_DOCUMENTED,False,9,PHASE(pinj|ece23)|PHASE(pinj_15l|ece23)|PHASE(pinj_15r|ece23)|PHASE(pinj_21l|ece23)|PHASE(pinj_21r|ece23)|PHASE(pinj_30l|ece23)|PHASE(pinj_30r|ece23)|PHASE(pinj_33l|ece23)|PHASE(pinj_33r|ece23),VACUOUS,"at least one member is inadmissible, so no admissible support can contain the complete exact set; the constraint is well-defined but has no binding instance"
DEP_PHASE_ece24,PHASE(pinj_i|ece24),PHASE(pinj|ece24),PHASE(pinj_15l|ece24)|PHASE(pinj_15r|ece24)|PHASE(pinj_21l|ece24)|PHASE(pinj_21r|ece24)|PHASE(pinj_30l|ece24)|PHASE(pinj_30r|ece24)|PHASE(pinj_33l|ece24)|PHASE(pinj_33r|ece24),9,PHASE(pinj|ece24) = sum_i PHASE(pinj_i|ece24),LOCAL_DOCUMENTED,False,9,PHASE(pinj|ece24)|PHASE(pinj_15l|ece24)|PHASE(pinj_15r|ece24)|PHASE(pinj_21l|ece24)|PHASE(pinj_21r|ece24)|PHASE(pinj_30l|ece24)|PHASE(pinj_30r|ece24)|PHASE(pinj_33l|ece24)|PHASE(pinj_33r|ece24),VACUOUS,"at least one member is inadmissible, so no admissible support can contain the complete exact set; the constraint is well-defined but has no binding instance"
DEP_PHASE_ece25,PHASE(pinj_i|ece25),PHASE(pinj|ece25),PHASE(pinj_15l|ece25)|PHASE(pinj_15r|ece25)|PHASE(pinj_21l|ece25)|PHASE(pinj_21r|ece25)|PHASE(pinj_30l|ece25)|PHASE(pinj_30r|ece25)|PHASE(pinj_33l|ece25)|PHASE(pinj_33r|ece25),9,PHASE(pinj|ece25) = sum_i PHASE(pinj_i|ece25),LOCAL_DOCUMENTED,False,9,PHASE(pinj|ece25)|PHASE(pinj_15l|ece25)|PHASE(pinj_15r|ece25)|PHASE(pinj_21l|ece25)|PHASE(pinj_21r|ece25)|PHASE(pinj_30l|ece25)|PHASE(pinj_30r|ece25)|PHASE(pinj_33l|ece25)|PHASE(pinj_33r|ece25),VACUOUS,"at least one member is inadmissible, so no admissible support can contain the complete exact set; the constraint is well-defined but has no binding instance"
DEP_PHASE_ece26,PHASE(pinj_i|ece26),PHASE(pinj|ece26),PHASE(pinj_15l|ece26)|PHASE(pinj_15r|ece26)|PHASE(pinj_21l|ece26)|PHASE(pinj_21r|ece26)|PHASE(pinj_30l|ece26)|PHASE(pinj_30r|ece26)|PHASE(pinj_33l|ece26)|PHASE(pinj_33r|ece26),9,PHASE(pinj|ece26) = sum_i PHASE(pinj_i|ece26),LOCAL_DOCUMENTED,False,9,PHASE(pinj|ece26)|PHASE(pinj_15l|ece26)|PHASE(pinj_15r|ece26)|PHASE(pinj_21l|ece26)|PHASE(pinj_21r|ece26)|PHASE(pinj_30l|ece26)|PHASE(pinj_30r|ece26)|PHASE(pinj_33l|ece26)|PHASE(pinj_33r|ece26),VACUOUS,"at least one member is inadmissible, so no admissible support can contain the complete exact set; the constraint is well-defined but has no binding instance"
DEP_PHASE_ece27,PHASE(pinj_i|ece27),PHASE(pinj|ece27),PHASE(pinj_15l|ece27)|PHASE(pinj_15r|ece27)|PHASE(pinj_21l|ece27)|PHASE(pinj_21r|ece27)|PHASE(pinj_30l|ece27)|PHASE(pinj_30r|ece27)|PHASE(pinj_33l|ece27)|PHASE(pinj_33r|ece27),9,PHASE(pinj|ece27) = sum_i PHASE(pinj_i|ece27),LOCAL_DOCUMENTED,False,9,PHASE(pinj|ece27)|PHASE(pinj_15l|ece27)|PHASE(pinj_15r|ece27)|PHASE(pinj_21l|ece27)|PHASE(pinj_21r|ece27)|PHASE(pinj_30l|ece27)|PHASE(pinj_30r|ece27)|PHASE(pinj_33l|ece27)|PHASE(pinj_33r|ece27),VACUOUS,"at least one member is inadmissible, so no admissible support can contain the complete exact set; the constraint is well-defined but has no binding instance"
DEP_PHASE_ece28,PHASE(pinj_i|ece28),PHASE(pinj|ece28),PHASE(pinj_15l|ece28)|PHASE(pinj_15r|ece28)|PHASE(pinj_21l|ece28)|PHASE(pinj_21r|ece28)|PHASE(pinj_30l|ece28)|PHASE(pinj_30r|ece28)|PHASE(pinj_33l|ece28)|PHASE(pinj_33r|ece28),9,PHASE(pinj|ece28) = sum_i PHASE(pinj_i|ece28),LOCAL_DOCUMENTED,False,9,PHASE(pinj|ece28)|PHASE(pinj_15l|ece28)|PHASE(pinj_15r|ece28)|PHASE(pinj_21l|ece28)|PHASE(pinj_21r|ece28)|PHASE(pinj_30l|ece28)|PHASE(pinj_30r|ece28)|PHASE(pinj_33l|ece28)|PHASE(pinj_33r|ece28),VACUOUS,"at least one member is inadmissible, so no admissible support can contain the complete exact set; the constraint is well-defined but has no binding instance"
DEP_PHASE_ece29,PHASE(pinj_i|ece29),PHASE(pinj|ece29),PHASE(pinj_15l|ece29)|PHASE(pinj_15r|ece29)|PHASE(pinj_21l|ece29)|PHASE(pinj_21r|ece29)|PHASE(pinj_30l|ece29)|PHASE(pinj_30r|ece29)|PHASE(pinj_33l|ece29)|PHASE(pinj_33r|ece29),9,PHASE(pinj|ece29) = sum_i PHASE(pinj_i|ece29),LOCAL_DOCUMENTED,False,9,PHASE(pinj|ece29)|PHASE(pinj_15l|ece29)|PHASE(pinj_15r|ece29)|PHASE(pinj_21l|ece29)|PHASE(pinj_21r|ece29)|PHASE(pinj_30l|ece29)|PHASE(pinj_30r|ece29)|PHASE(pinj_33l|ece29)|PHASE(pinj_33r|ece29),VACUOUS,"at least one member is inadmissible, so no admissible support can contain the complete exact set; the constraint is well-defined but has no binding instance"
DEP_PHASE_ece30,PHASE(pinj_i|ece30),PHASE(pinj|ece30),PHASE(pinj_15l|ece30)|PHASE(pinj_15r|ece30)|PHASE(pinj_21l|ece30)|PHASE(pinj_21r|ece30)|PHASE(pinj_30l|ece30)|PHASE(pinj_30r|ece30)|PHASE(pinj_33l|ece30)|PHASE(pinj_33r|ece30),9,PHASE(pinj|ece30) = sum_i PHASE(pinj_i|ece30),LOCAL_DOCUMENTED,False,9,PHASE(pinj|ece30)|PHASE(pinj_15l|ece30)|PHASE(pinj_15r|ece30)|PHASE(pinj_21l|ece30)|PHASE(pinj_21r|ece30)|PHASE(pinj_30l|ece30)|PHASE(pinj_30r|ece30)|PHASE(pinj_33l|ece30)|PHASE(pinj_33r|ece30),VACUOUS,"at least one member is inadmissible, so no admissible support can contain the complete exact set; the constraint is well-defined but has no binding instance"
DEP_PHASE_ece31,PHASE(pinj_i|ece31),PHASE(pinj|ece31),PHASE(pinj_15l|ece31)|PHASE(pinj_15r|ece31)|PHASE(pinj_21l|ece31)|PHASE(pinj_21r|ece31)|PHASE(pinj_30l|ece31)|PHASE(pinj_30r|ece31)|PHASE(pinj_33l|ece31)|PHASE(pinj_33r|ece31),9,PHASE(pinj|ece31) = sum_i PHASE(pinj_i|ece31),LOCAL_DOCUMENTED,False,9,PHASE(pinj|ece31)|PHASE(pinj_15l|ece31)|PHASE(pinj_15r|ece31)|PHASE(pinj_21l|ece31)|PHASE(pinj_21r|ece31)|PHASE(pinj_30l|ece31)|PHASE(pinj_30r|ece31)|PHASE(pinj_33l|ece31)|PHASE(pinj_33r|ece31),VACUOUS,"at least one member is inadmissible, so no admissible support can contain the complete exact set; the constraint is well-defined but has no binding instance"
DEP_PHASE_ece32,PHASE(pinj_i|ece32),PHASE(pinj|ece32),PHASE(pinj_15l|ece32)|PHASE(pinj_15r|ece32)|PHASE(pinj_21l|ece32)|PHASE(pinj_21r|ece32)|PHASE(pinj_30l|ece32)|PHASE(pinj_30r|ece32)|PHASE(pinj_33l|ece32)|PHASE(pinj_33r|ece32),9,PHASE(pinj|ece32) = sum_i PHASE(pinj_i|ece32),LOCAL_DOCUMENTED,False,9,PHASE(pinj|ece32)|PHASE(pinj_15l|ece32)|PHASE(pinj_15r|ece32)|PHASE(pinj_21l|ece32)|PHASE(pinj_21r|ece32)|PHASE(pinj_30l|ece32)|PHASE(pinj_30r|ece32)|PHASE(pinj_33l|ece32)|PHASE(pinj_33r|ece32),VACUOUS,"at least one member is inadmissible, so no admissible support can contain the complete exact set; the constraint is well-defined but has no binding instance"
DEP_PHASE_ece33,PHASE(pinj_i|ece33),PHASE(pinj|ece33),PHASE(pinj_15l|ece33)|PHASE(pinj_15r|ece33)|PHASE(pinj_21l|ece33)|PHASE(pinj_21r|ece33)|PHASE(pinj_30l|ece33)|PHASE(pinj_30r|ece33)|PHASE(pinj_33l|ece33)|PHASE(pinj_33r|ece33),9,PHASE(pinj|ece33) = sum_i PHASE(pinj_i|ece33),LOCAL_DOCUMENTED,False,9,PHASE(pinj|ece33)|PHASE(pinj_15l|ece33)|PHASE(pinj_15r|ece33)|PHASE(pinj_21l|ece33)|PHASE(pinj_21r|ece33)|PHASE(pinj_30l|ece33)|PHASE(pinj_30r|ece33)|PHASE(pinj_33l|ece33)|PHASE(pinj_33r|ece33),VACUOUS,"at least one member is inadmissible, so no admissible support can contain the complete exact set; the constraint is well-defined but has no binding instance"
DEP_PHASE_ece34,PHASE(pinj_i|ece34),PHASE(pinj|ece34),PHASE(pinj_15l|ece34)|PHASE(pinj_15r|ece34)|PHASE(pinj_21l|ece34)|PHASE(pinj_21r|ece34)|PHASE(pinj_30l|ece34)|PHASE(pinj_30r|ece34)|PHASE(pinj_33l|ece34)|PHASE(pinj_33r|ece34),9,PHASE(pinj|ece34) = sum_i PHASE(pinj_i|ece34),LOCAL_DOCUMENTED,False,9,PHASE(pinj|ece34)|PHASE(pinj_15l|ece34)|PHASE(pinj_15r|ece34)|PHASE(pinj_21l|ece34)|PHASE(pinj_21r|ece34)|PHASE(pinj_30l|ece34)|PHASE(pinj_30r|ece34)|PHASE(pinj_33l|ece34)|PHASE(pinj_33r|ece34),VACUOUS,"at least one member is inadmissible, so no admissible support can contain the complete exact set; the constraint is well-defined but has no binding instance"
DEP_PHASE_ece35,PHASE(pinj_i|ece35),PHASE(pinj|ece35),PHASE(pinj_15l|ece35)|PHASE(pinj_15r|ece35)|PHASE(pinj_21l|ece35)|PHASE(pinj_21r|ece35)|PHASE(pinj_30l|ece35)|PHASE(pinj_30r|ece35)|PHASE(pinj_33l|ece35)|PHASE(pinj_33r|ece35),9,PHASE(pinj|ece35) = sum_i PHASE(pinj_i|ece35),LOCAL_DOCUMENTED,False,9,PHASE(pinj|ece35)|PHASE(pinj_15l|ece35)|PHASE(pinj_15r|ece35)|PHASE(pinj_21l|ece35)|PHASE(pinj_21r|ece35)|PHASE(pinj_30l|ece35)|PHASE(pinj_30r|ece35)|PHASE(pinj_33l|ece35)|PHASE(pinj_33r|ece35),VACUOUS,"at least one member is inadmissible, so no admissible support can contain the complete exact set; the constraint is well-defined but has no binding instance"
DEP_PHASE_ece36,PHASE(pinj_i|ece36),PHASE(pinj|ece36),PHASE(pinj_15l|ece36)|PHASE(pinj_15r|ece36)|PHASE(pinj_21l|ece36)|PHASE(pinj_21r|ece36)|PHASE(pinj_30l|ece36)|PHASE(pinj_30r|ece36)|PHASE(pinj_33l|ece36)|PHASE(pinj_33r|ece36),9,PHASE(pinj|ece36) = sum_i PHASE(pinj_i|ece36),LOCAL_DOCUMENTED,False,9,PHASE(pinj|ece36)|PHASE(pinj_15l|ece36)|PHASE(pinj_15r|ece36)|PHASE(pinj_21l|ece36)|PHASE(pinj_21r|ece36)|PHASE(pinj_30l|ece36)|PHASE(pinj_30r|ece36)|PHASE(pinj_33l|ece36)|PHASE(pinj_33r|ece36),VACUOUS,"at least one member is inadmissible, so no admissible support can contain the complete exact set; the constraint is well-defined but has no binding instance"
DEP_PHASE_ece37,PHASE(pinj_i|ece37),PHASE(pinj|ece37),PHASE(pinj_15l|ece37)|PHASE(pinj_15r|ece37)|PHASE(pinj_21l|ece37)|PHASE(pinj_21r|ece37)|PHASE(pinj_30l|ece37)|PHASE(pinj_30r|ece37)|PHASE(pinj_33l|ece37)|PHASE(pinj_33r|ece37),9,PHASE(pinj|ece37) = sum_i PHASE(pinj_i|ece37),LOCAL_DOCUMENTED,False,9,PHASE(pinj|ece37)|PHASE(pinj_15l|ece37)|PHASE(pinj_15r|ece37)|PHASE(pinj_21l|ece37)|PHASE(pinj_21r|ece37)|PHASE(pinj_30l|ece37)|PHASE(pinj_30r|ece37)|PHASE(pinj_33l|ece37)|PHASE(pinj_33r|ece37),VACUOUS,"at least one member is inadmissible, so no admissible support can contain the complete exact set; the constraint is well-defined but has no binding instance"
DEP_PHASE_ece38,PHASE(pinj_i|ece38),PHASE(pinj|ece38),PHASE(pinj_15l|ece38)|PHASE(pinj_15r|ece38)|PHASE(pinj_21l|ece38)|PHASE(pinj_21r|ece38)|PHASE(pinj_30l|ece38)|PHASE(pinj_30r|ece38)|PHASE(pinj_33l|ece38)|PHASE(pinj_33r|ece38),9,PHASE(pinj|ece38) = sum_i PHASE(pinj_i|ece38),LOCAL_DOCUMENTED,False,9,PHASE(pinj|ece38)|PHASE(pinj_15l|ece38)|PHASE(pinj_15r|ece38)|PHASE(pinj_21l|ece38)|PHASE(pinj_21r|ece38)|PHASE(pinj_30l|ece38)|PHASE(pinj_30r|ece38)|PHASE(pinj_33l|ece38)|PHASE(pinj_33r|ece38),VACUOUS,"at least one member is inadmissible, so no admissible support can contain the complete exact set; the constraint is well-defined but has no binding instance"
DEP_PHASE_ece39,PHASE(pinj_i|ece39),PHASE(pinj|ece39),PHASE(pinj_15l|ece39)|PHASE(pinj_15r|ece39)|PHASE(pinj_21l|ece39)|PHASE(pinj_21r|ece39)|PHASE(pinj_30l|ece39)|PHASE(pinj_30r|ece39)|PHASE(pinj_33l|ece39)|PHASE(pinj_33r|ece39),9,PHASE(pinj|ece39) = sum_i PHASE(pinj_i|ece39),LOCAL_DOCUMENTED,False,9,PHASE(pinj|ece39)|PHASE(pinj_15l|ece39)|PHASE(pinj_15r|ece39)|PHASE(pinj_21l|ece39)|PHASE(pinj_21r|ece39)|PHASE(pinj_30l|ece39)|PHASE(pinj_30r|ece39)|PHASE(pinj_33l|ece39)|PHASE(pinj_33r|ece39),VACUOUS,"at least one member is inadmissible, so no admissible support can contain the complete exact set; the constraint is well-defined but has no binding instance"
DEP_PHASE_ece40,PHASE(pinj_i|ece40),PHASE(pinj|ece40),PHASE(pinj_15l|ece40)|PHASE(pinj_15r|ece40)|PHASE(pinj_21l|ece40)|PHASE(pinj_21r|ece40)|PHASE(pinj_30l|ece40)|PHASE(pinj_30r|ece40)|PHASE(pinj_33l|ece40)|PHASE(pinj_33r|ece40),9,PHASE(pinj|ece40) = sum_i PHASE(pinj_i|ece40),LOCAL_DOCUMENTED,False,9,PHASE(pinj|ece40)|PHASE(pinj_15l|ece40)|PHASE(pinj_15r|ece40)|PHASE(pinj_21l|ece40)|PHASE(pinj_21r|ece40)|PHASE(pinj_30l|ece40)|PHASE(pinj_30r|ece40)|PHASE(pinj_33l|ece40)|PHASE(pinj_33r|ece40),VACUOUS,"at least one member is inadmissible, so no admissible support can contain the complete exact set; the constraint is well-defined but has no binding instance"
DEP_PHASE_cerqrott3,PHASE(pinj_i|cerqrott3),PHASE(pinj|cerqrott3),PHASE(pinj_15l|cerqrott3)|PHASE(pinj_15r|cerqrott3)|PHASE(pinj_21l|cerqrott3)|PHASE(pinj_21r|cerqrott3)|PHASE(pinj_30l|cerqrott3)|PHASE(pinj_30r|cerqrott3)|PHASE(pinj_33l|cerqrott3)|PHASE(pinj_33r|cerqrott3),9,PHASE(pinj|cerqrott3) = sum_i PHASE(pinj_i|cerqrott3),LOCAL_DOCUMENTED,False,9,PHASE(pinj|cerqrott3)|PHASE(pinj_15l|cerqrott3)|PHASE(pinj_15r|cerqrott3)|PHASE(pinj_21l|cerqrott3)|PHASE(pinj_21r|cerqrott3)|PHASE(pinj_30l|cerqrott3)|PHASE(pinj_30r|cerqrott3)|PHASE(pinj_33l|cerqrott3)|PHASE(pinj_33r|cerqrott3),VACUOUS,"at least one member is inadmissible, so no admissible support can contain the complete exact set; the constraint is well-defined but has no binding instance"
DEP_PHASE_cerqrott6,PHASE(pinj_i|cerqrott6),PHASE(pinj|cerqrott6),PHASE(pinj_15l|cerqrott6)|PHASE(pinj_15r|cerqrott6)|PHASE(pinj_21l|cerqrott6)|PHASE(pinj_21r|cerqrott6)|PHASE(pinj_30l|cerqrott6)|PHASE(pinj_30r|cerqrott6)|PHASE(pinj_33l|cerqrott6)|PHASE(pinj_33r|cerqrott6),9,PHASE(pinj|cerqrott6) = sum_i PHASE(pinj_i|cerqrott6),LOCAL_DOCUMENTED,False,9,PHASE(pinj|cerqrott6)|PHASE(pinj_15l|cerqrott6)|PHASE(pinj_15r|cerqrott6)|PHASE(pinj_21l|cerqrott6)|PHASE(pinj_21r|cerqrott6)|PHASE(pinj_30l|cerqrott6)|PHASE(pinj_30r|cerqrott6)|PHASE(pinj_33l|cerqrott6)|PHASE(pinj_33r|cerqrott6),VACUOUS,"at least one member is inadmissible, so no admissible support can contain the complete exact set; the constraint is well-defined but has no binding instance"
DEP_PHASE_cerqrott8,PHASE(pinj_i|cerqrott8),PHASE(pinj|cerqrott8),PHASE(pinj_15l|cerqrott8)|PHASE(pinj_15r|cerqrott8)|PHASE(pinj_21l|cerqrott8)|PHASE(pinj_21r|cerqrott8)|PHASE(pinj_30l|cerqrott8)|PHASE(pinj_30r|cerqrott8)|PHASE(pinj_33l|cerqrott8)|PHASE(pinj_33r|cerqrott8),9,PHASE(pinj|cerqrott8) = sum_i PHASE(pinj_i|cerqrott8),LOCAL_DOCUMENTED,False,9,PHASE(pinj|cerqrott8)|PHASE(pinj_15l|cerqrott8)|PHASE(pinj_15r|cerqrott8)|PHASE(pinj_21l|cerqrott8)|PHASE(pinj_21r|cerqrott8)|PHASE(pinj_30l|cerqrott8)|PHASE(pinj_30r|cerqrott8)|PHASE(pinj_33l|cerqrott8)|PHASE(pinj_33r|cerqrott8),VACUOUS,"at least one member is inadmissible, so no admissible support can contain the complete exact set; the constraint is well-defined but has no binding instance"
DEP_PHASE_cerqrott10,PHASE(pinj_i|cerqrott10),PHASE(pinj|cerqrott10),PHASE(pinj_15l|cerqrott10)|PHASE(pinj_15r|cerqrott10)|PHASE(pinj_21l|cerqrott10)|PHASE(pinj_21r|cerqrott10)|PHASE(pinj_30l|cerqrott10)|PHASE(pinj_30r|cerqrott10)|PHASE(pinj_33l|cerqrott10)|PHASE(pinj_33r|cerqrott10),9,PHASE(pinj|cerqrott10) = sum_i PHASE(pinj_i|cerqrott10),LOCAL_DOCUMENTED,False,9,PHASE(pinj|cerqrott10)|PHASE(pinj_15l|cerqrott10)|PHASE(pinj_15r|cerqrott10)|PHASE(pinj_21l|cerqrott10)|PHASE(pinj_21r|cerqrott10)|PHASE(pinj_30l|cerqrott10)|PHASE(pinj_30r|cerqrott10)|PHASE(pinj_33l|cerqrott10)|PHASE(pinj_33r|cerqrott10),VACUOUS,"at least one member is inadmissible, so no admissible support can contain the complete exact set; the constraint is well-defined but has no binding instance"
DEP_PHASE_cerqrott11,PHASE(pinj_i|cerqrott11),PHASE(pinj|cerqrott11),PHASE(pinj_15l|cerqrott11)|PHASE(pinj_15r|cerqrott11)|PHASE(pinj_21l|cerqrott11)|PHASE(pinj_21r|cerqrott11)|PHASE(pinj_30l|cerqrott11)|PHASE(pinj_30r|cerqrott11)|PHASE(pinj_33l|cerqrott11)|PHASE(pinj_33r|cerqrott11),9,PHASE(pinj|cerqrott11) = sum_i PHASE(pinj_i|cerqrott11),LOCAL_DOCUMENTED,False,9,PHASE(pinj|cerqrott11)|PHASE(pinj_15l|cerqrott11)|PHASE(pinj_15r|cerqrott11)|PHASE(pinj_21l|cerqrott11)|PHASE(pinj_21r|cerqrott11)|PHASE(pinj_30l|cerqrott11)|PHASE(pinj_30r|cerqrott11)|PHASE(pinj_33l|cerqrott11)|PHASE(pinj_33r|cerqrott11),VACUOUS,"at least one member is inadmissible, so no admissible support can contain the complete exact set; the constraint is well-defined but has no binding instance"
DEP_PHASE_cerqrott12,PHASE(pinj_i|cerqrott12),PHASE(pinj|cerqrott12),PHASE(pinj_15l|cerqrott12)|PHASE(pinj_15r|cerqrott12)|PHASE(pinj_21l|cerqrott12)|PHASE(pinj_21r|cerqrott12)|PHASE(pinj_30l|cerqrott12)|PHASE(pinj_30r|cerqrott12)|PHASE(pinj_33l|cerqrott12)|PHASE(pinj_33r|cerqrott12),9,PHASE(pinj|cerqrott12) = sum_i PHASE(pinj_i|cerqrott12),LOCAL_DOCUMENTED,False,9,PHASE(pinj|cerqrott12)|PHASE(pinj_15l|cerqrott12)|PHASE(pinj_15r|cerqrott12)|PHASE(pinj_21l|cerqrott12)|PHASE(pinj_21r|cerqrott12)|PHASE(pinj_30l|cerqrott12)|PHASE(pinj_30r|cerqrott12)|PHASE(pinj_33l|cerqrott12)|PHASE(pinj_33r|cerqrott12),VACUOUS,"at least one member is inadmissible, so no admissible support can contain the complete exact set; the constraint is well-defined but has no binding instance"
DEP_PHASE_cerqrott13,PHASE(pinj_i|cerqrott13),PHASE(pinj|cerqrott13),PHASE(pinj_15l|cerqrott13)|PHASE(pinj_15r|cerqrott13)|PHASE(pinj_21l|cerqrott13)|PHASE(pinj_21r|cerqrott13)|PHASE(pinj_30l|cerqrott13)|PHASE(pinj_30r|cerqrott13)|PHASE(pinj_33l|cerqrott13)|PHASE(pinj_33r|cerqrott13),9,PHASE(pinj|cerqrott13) = sum_i PHASE(pinj_i|cerqrott13),LOCAL_DOCUMENTED,False,9,PHASE(pinj|cerqrott13)|PHASE(pinj_15l|cerqrott13)|PHASE(pinj_15r|cerqrott13)|PHASE(pinj_21l|cerqrott13)|PHASE(pinj_21r|cerqrott13)|PHASE(pinj_30l|cerqrott13)|PHASE(pinj_30r|cerqrott13)|PHASE(pinj_33l|cerqrott13)|PHASE(pinj_33r|cerqrott13),VACUOUS,"at least one member is inadmissible, so no admissible support can contain the complete exact set; the constraint is well-defined but has no binding instance"
DEP_PHASE_cerqtit3,PHASE(pinj_i|cerqtit3),PHASE(pinj|cerqtit3),PHASE(pinj_15l|cerqtit3)|PHASE(pinj_15r|cerqtit3)|PHASE(pinj_21l|cerqtit3)|PHASE(pinj_21r|cerqtit3)|PHASE(pinj_30l|cerqtit3)|PHASE(pinj_30r|cerqtit3)|PHASE(pinj_33l|cerqtit3)|PHASE(pinj_33r|cerqtit3),9,PHASE(pinj|cerqtit3) = sum_i PHASE(pinj_i|cerqtit3),LOCAL_DOCUMENTED,False,9,PHASE(pinj|cerqtit3)|PHASE(pinj_15l|cerqtit3)|PHASE(pinj_15r|cerqtit3)|PHASE(pinj_21l|cerqtit3)|PHASE(pinj_21r|cerqtit3)|PHASE(pinj_30l|cerqtit3)|PHASE(pinj_30r|cerqtit3)|PHASE(pinj_33l|cerqtit3)|PHASE(pinj_33r|cerqtit3),VACUOUS,"at least one member is inadmissible, so no admissible support can contain the complete exact set; the constraint is well-defined but has no binding instance"
DEP_PHASE_cerqtit6,PHASE(pinj_i|cerqtit6),PHASE(pinj|cerqtit6),PHASE(pinj_15l|cerqtit6)|PHASE(pinj_15r|cerqtit6)|PHASE(pinj_21l|cerqtit6)|PHASE(pinj_21r|cerqtit6)|PHASE(pinj_30l|cerqtit6)|PHASE(pinj_30r|cerqtit6)|PHASE(pinj_33l|cerqtit6)|PHASE(pinj_33r|cerqtit6),9,PHASE(pinj|cerqtit6) = sum_i PHASE(pinj_i|cerqtit6),LOCAL_DOCUMENTED,False,9,PHASE(pinj|cerqtit6)|PHASE(pinj_15l|cerqtit6)|PHASE(pinj_15r|cerqtit6)|PHASE(pinj_21l|cerqtit6)|PHASE(pinj_21r|cerqtit6)|PHASE(pinj_30l|cerqtit6)|PHASE(pinj_30r|cerqtit6)|PHASE(pinj_33l|cerqtit6)|PHASE(pinj_33r|cerqtit6),VACUOUS,"at least one member is inadmissible, so no admissible support can contain the complete exact set; the constraint is well-defined but has no binding instance"
DEP_PHASE_cerqtit8,PHASE(pinj_i|cerqtit8),PHASE(pinj|cerqtit8),PHASE(pinj_15l|cerqtit8)|PHASE(pinj_15r|cerqtit8)|PHASE(pinj_21l|cerqtit8)|PHASE(pinj_21r|cerqtit8)|PHASE(pinj_30l|cerqtit8)|PHASE(pinj_30r|cerqtit8)|PHASE(pinj_33l|cerqtit8)|PHASE(pinj_33r|cerqtit8),9,PHASE(pinj|cerqtit8) = sum_i PHASE(pinj_i|cerqtit8),LOCAL_DOCUMENTED,False,9,PHASE(pinj|cerqtit8)|PHASE(pinj_15l|cerqtit8)|PHASE(pinj_15r|cerqtit8)|PHASE(pinj_21l|cerqtit8)|PHASE(pinj_21r|cerqtit8)|PHASE(pinj_30l|cerqtit8)|PHASE(pinj_30r|cerqtit8)|PHASE(pinj_33l|cerqtit8)|PHASE(pinj_33r|cerqtit8),VACUOUS,"at least one member is inadmissible, so no admissible support can contain the complete exact set; the constraint is well-defined but has no binding instance"
DEP_PHASE_cerqtit10,PHASE(pinj_i|cerqtit10),PHASE(pinj|cerqtit10),PHASE(pinj_15l|cerqtit10)|PHASE(pinj_15r|cerqtit10)|PHASE(pinj_21l|cerqtit10)|PHASE(pinj_21r|cerqtit10)|PHASE(pinj_30l|cerqtit10)|PHASE(pinj_30r|cerqtit10)|PHASE(pinj_33l|cerqtit10)|PHASE(pinj_33r|cerqtit10),9,PHASE(pinj|cerqtit10) = sum_i PHASE(pinj_i|cerqtit10),LOCAL_DOCUMENTED,False,9,PHASE(pinj|cerqtit10)|PHASE(pinj_15l|cerqtit10)|PHASE(pinj_15r|cerqtit10)|PHASE(pinj_21l|cerqtit10)|PHASE(pinj_21r|cerqtit10)|PHASE(pinj_30l|cerqtit10)|PHASE(pinj_30r|cerqtit10)|PHASE(pinj_33l|cerqtit10)|PHASE(pinj_33r|cerqtit10),VACUOUS,"at least one member is inadmissible, so no admissible support can contain the complete exact set; the constraint is well-defined but has no binding instance"
DEP_PHASE_cerqtit11,PHASE(pinj_i|cerqtit11),PHASE(pinj|cerqtit11),PHASE(pinj_15l|cerqtit11)|PHASE(pinj_15r|cerqtit11)|PHASE(pinj_21l|cerqtit11)|PHASE(pinj_21r|cerqtit11)|PHASE(pinj_30l|cerqtit11)|PHASE(pinj_30r|cerqtit11)|PHASE(pinj_33l|cerqtit11)|PHASE(pinj_33r|cerqtit11),9,PHASE(pinj|cerqtit11) = sum_i PHASE(pinj_i|cerqtit11),LOCAL_DOCUMENTED,False,9,PHASE(pinj|cerqtit11)|PHASE(pinj_15l|cerqtit11)|PHASE(pinj_15r|cerqtit11)|PHASE(pinj_21l|cerqtit11)|PHASE(pinj_21r|cerqtit11)|PHASE(pinj_30l|cerqtit11)|PHASE(pinj_30r|cerqtit11)|PHASE(pinj_33l|cerqtit11)|PHASE(pinj_33r|cerqtit11),VACUOUS,"at least one member is inadmissible, so no admissible support can contain the complete exact set; the constraint is well-defined but has no binding instance"
DEP_PHASE_cerqtit12,PHASE(pinj_i|cerqtit12),PHASE(pinj|cerqtit12),PHASE(pinj_15l|cerqtit12)|PHASE(pinj_15r|cerqtit12)|PHASE(pinj_21l|cerqtit12)|PHASE(pinj_21r|cerqtit12)|PHASE(pinj_30l|cerqtit12)|PHASE(pinj_30r|cerqtit12)|PHASE(pinj_33l|cerqtit12)|PHASE(pinj_33r|cerqtit12),9,PHASE(pinj|cerqtit12) = sum_i PHASE(pinj_i|cerqtit12),LOCAL_DOCUMENTED,False,9,PHASE(pinj|cerqtit12)|PHASE(pinj_15l|cerqtit12)|PHASE(pinj_15r|cerqtit12)|PHASE(pinj_21l|cerqtit12)|PHASE(pinj_21r|cerqtit12)|PHASE(pinj_30l|cerqtit12)|PHASE(pinj_30r|cerqtit12)|PHASE(pinj_33l|cerqtit12)|PHASE(pinj_33r|cerqtit12),VACUOUS,"at least one member is inadmissible, so no admissible support can contain the complete exact set; the constraint is well-defined but has no binding instance"
DEP_PHASE_cerqtit13,PHASE(pinj_i|cerqtit13),PHASE(pinj|cerqtit13),PHASE(pinj_15l|cerqtit13)|PHASE(pinj_15r|cerqtit13)|PHASE(pinj_21l|cerqtit13)|PHASE(pinj_21r|cerqtit13)|PHASE(pinj_30l|cerqtit13)|PHASE(pinj_30r|cerqtit13)|PHASE(pinj_33l|cerqtit13)|PHASE(pinj_33r|cerqtit13),9,PHASE(pinj|cerqtit13) = sum_i PHASE(pinj_i|cerqtit13),LOCAL_DOCUMENTED,False,9,PHASE(pinj|cerqtit13)|PHASE(pinj_15l|cerqtit13)|PHASE(pinj_15r|cerqtit13)|PHASE(pinj_21l|cerqtit13)|PHASE(pinj_21r|cerqtit13)|PHASE(pinj_30l|cerqtit13)|PHASE(pinj_30r|cerqtit13)|PHASE(pinj_33l|cerqtit13)|PHASE(pinj_33r|cerqtit13),VACUOUS,"at least one member is inadmissible, so no admissible support can contain the complete exact set; the constraint is well-defined but has no binding instance"
