support_id,support_size,is_C_dev_star,development_bootstrap_selection_frequency,n_atoms,contains_PROD_gasa_gasa,contains_prmtan_neped_atom,n_prmtan_neped_atoms,contains_pcdiamag3,n_discharges_evaluable,n_blocks_eligible,n_blocks_not_applicable,not_applicable_reasons,full_domain,mean_nrmse,median_nrmse,max_discharge_nrmse,Delta_0,Delta_1,V3_STYLE_PASS,mean_nrmse_earlier,mean_nrmse_later,median_nrmse_earlier,median_nrmse_later,Delta_1_earlier,Delta_1_later
"ID(cerqtit6)|ID(pcdiamag3)|ID(prmtan_neped)|PROD(ece37,ece39)|PROD(gasa,gasa)|PROD(pinj,cerqrott6)|PROD(prmtan_neped,prmtan_neped)|RATIO(ece21,prmtan_neped)|RATIO(fs03da,prmtan_neped)|RATIO(ip,ece22)|RECIP(cerqtit10)|RECIP(prmtan_neped)",12,True,0.093,12,True,True,5,True,42,126,0,,True,0.7423647781201324,0.1698616283279307,11.952633158377472,-0.18009502685176132,0.5320905620084038,False,1.1642719615490145,0.17982186688162308,0.18208184589031118,0.1695555349513067,0.9538968586776063,-0.030317833550532795
"ID(pcdiamag3)|PROD(fs03da,cerqtit11)|PROD(gasa,gasa)|PROD(ip,prmtan_neped)|PROD(pinj,ece36)|PROD(prmtan_neped,ece39)|RATIO(ece25,ece39)|RATIO(fs03da,prmtan_neped)|RATIO(ip,ece22)|RATIO(pinj,bt)|RECIP(bt)|RECIP(cerqtit10)",12,False,0.055,12,True,True,3,True,42,126,0,,True,0.5112781000676843,0.16705965034978892,8.620663672164193,-0.41118170490420947,0.30100388395595573,False,0.7470372993423289,0.19693250103482457,0.18371701966023157,0.14164295064101712,0.536662196470921,-0.013207199397331289
"ID(pcdiamag3)|PROD(ece37,ece39)|PROD(gasa,cerqtit6)|PROD(gasa,ece1)|PROD(ip,prmtan_neped)|PROD(pinj,cerqrott6)|PROD(prmtan_neped,ece39)|PROD(prmtan_neped,prmtan_neped)|RATIO(fs03da,prmtan_neped)|RATIO(gasa,ece6)|RATIO(ip,bt)|RATIO(ip,ece22)",12,False,0.052,12,False,True,4,True,42,126,0,,True,0.3625613925077825,0.15390499511113165,7.67271008987374,-0.5598984124641111,0.152287176396054,False,0.5015078536439991,0.17729944432616052,0.1584875967525449,0.14071924117711077,0.29113275077259104,-0.03284025610599539
"ID(pcdiamag3)|ID(prmtan_neped)|PROD(ece37,ece39)|PROD(prmtan_neped,cerqtit6)|PROD(prmtan_neped,ece39)|RATIO(cerqrott12,cerqtit10)|RATIO(cerqtit8,ip)|RATIO(ip,bt)|RATIO(ip,ece22)|RATIO(pinj_33r,cerqtit10)|RATIO(prmtan_neped,cerqtit10)|RECIP(bt)",12,False,0.039,12,False,True,4,True,42,126,0,,True,0.1827439589262998,0.16071901215239753,0.43288728718529623,-0.7397158460455939,-0.027530257185428755,True,0.19703166876748432,0.16369367913805374,0.17838646500375627,0.13355233052831814,-0.013343434103923711,-0.04644602129410215
"ID(pcdiamag3)|ID(prmtan_neped)|PROD(ece37,ece39)|PROD(gasa,cerqtit6)|PROD(prmtan_neped,cerqtit6)|PROD(prmtan_neped,ece39)|RATIO(cerqrott12,cerqtit10)|RATIO(ip,bt)|RATIO(ip,ece22)|RATIO(pinj_33r,cerqtit10)|RATIO(prmtan_neped,cerqtit10)|RECIP(bt)",12,False,0.034,12,False,True,4,True,42,126,0,,True,0.18153201350127748,0.1672326099705073,0.5223627266764888,-0.7409277914706163,-0.028742202610451024,True,0.18924840217018057,0.1712434952760734,0.17687773113480687,0.13578577045715962,-0.02112670070122745,-0.03889620515608245
"ID(pcdiamag3)|PROD(ece37,ece39)|PROD(gasa,ece1)|PROD(ip,prmtan_neped)|PROD(pinj,cerqrott6)|PROD(prmtan_neped,ece39)|PROD(prmtan_neped,prmtan_neped)|RATIO(ece21,prmtan_neped)|RATIO(fs03da,prmtan_neped)|RATIO(gasa,ece6)|RATIO(ip,bt)|RATIO(ip,ece22)",12,False,0.03,12,False,True,5,True,42,126,0,,True,0.3942425992788535,0.1509275941365457,7.441995020267721,-0.5282172056930401,0.18396838316712508,False,0.5593970046721586,0.17403672542111365,0.1742930423984455,0.14215833373979805,0.34902190180075054,-0.03610297501104223
"ID(pcdiamag3)|ID(prmtan_neped)|PROD(ece37,ece39)|PROD(gasa,gasa)|PROD(pinj,cerqrott6)|PROD(prmtan_neped,prmtan_neped)|RATIO(bt,ece39)|RATIO(ece21,prmtan_neped)|RATIO(fs03da,prmtan_neped)|RATIO(ip,ece22)|RECIP(cerqtit10)|RECIP(prmtan_neped)",12,False,0.03,12,True,True,5,True,42,126,0,,True,0.7355561529008214,0.168987645162924,11.849096225246734,-0.18690365207107223,0.525281936789093,False,1.1569983252932028,0.17363325637764632,0.18824665471891489,0.1521426746285897,0.9466232224217946,-0.03650644405450954
"ID(pcdiamag3)|ID(prmtan_neped)|PROD(ece37,ece39)|PROD(gasa,ece1)|PROD(prmtan_neped,cerqtit6)|PROD(prmtan_neped,ece39)|RATIO(cerqrott12,cerqtit10)|RATIO(ip,bt)|RATIO(ip,ece22)|RATIO(pinj_33r,cerqtit10)|RATIO(prmtan_neped,cerqtit10)|RECIP(bt)",12,False,0.023,12,False,True,4,True,42,126,0,,True,0.18594729449157066,0.16818763090864197,0.5686217177772344,-0.7365125104803231,-0.024326921620157874,True,0.19816617631822145,0.16965545205603624,0.17447794896229268,0.1345042216656597,-0.012208926553186545,-0.04048424837611964
"ID(pcdiamag3)|PROD(fs03da,cerqtit11)|PROD(gasa,ece1)|PROD(ip,prmtan_neped)|PROD(pinj,cerqrott6)|PROD(prmtan_neped,ece39)|RATIO(ece25,ece39)|RATIO(fs03da,prmtan_neped)|RATIO(ip,ece22)|RATIO(pinj,ece37)|RECIP(bt)|RECIP(cerqtit10)",12,False,0.022,12,False,True,3,True,42,126,0,,True,0.20705016575513938,0.16509839379552682,0.6604989193575769,-0.7154096392167543,-0.0032240503565891207,False,0.21627897769912988,0.19474508316315212,0.18363442129389093,0.14030949627631767,0.005903874827721857,-0.015394617269003763
"ID(pcdiamag3)|ID(prmtan_neped)|PROD(ece37,ece39)|PROD(gasa,gasa)|PROD(pinj,cerqrott6)|PROD(prmtan_neped,prmtan_neped)|RATIO(ece21,prmtan_neped)|RATIO(fs03da,prmtan_neped)|RATIO(ip,ece22)|RECIP(bt)|RECIP(cerqtit10)|RECIP(prmtan_neped)",12,False,0.02,12,True,True,5,True,42,126,0,,True,0.7844378363560166,0.15967699922842327,13.426132497498584,-0.13802196861587707,0.5741636202442881,False,1.2478164615570044,0.16659966942136611,0.17031943270912847,0.15311533657531157,1.0374413586855964,-0.04354003101078977
"ID(pcdiamag3)|ID(prmtan_neped)|PROD(ece37,ece39)|PROD(gasa,gasa)|PROD(prmtan_neped,cerqtit6)|PROD(prmtan_neped,ece39)|RATIO(cerqrott12,cerqtit10)|RATIO(ip,bt)|RATIO(ip,ece22)|RATIO(pinj_33r,cerqtit10)|RATIO(prmtan_neped,cerqtit10)|RECIP(bt)",12,False,0.018,12,True,True,4,True,42,126,0,,True,0.6270706472422346,0.16030294899218894,16.30667840763019,-0.2953891577296591,0.4167964311305061,False,0.9768361275103746,0.16071667355138108,0.17834374713421242,0.1406074854840506,0.7664610246389666,-0.04942302688077477
"ID(pcdiamag3)|PROD(ece37,ece39)|PROD(gasa,cerqtit6)|PROD(gasa,ece1)|PROD(ip,prmtan_neped)|PROD(pinj,cerqrott6)|PROD(prmtan_neped,ece39)|PROD(prmtan_neped,prmtan_neped)|RATIO(fs03da,prmtan_neped)|RATIO(gasa,ece6)|RATIO(ip,ece22)",11,False,0.018,11,False,True,4,True,42,126,0,,True,0.3786776708513784,0.17446012104547748,7.543175323751616,-0.5437821341205152,0.16840345473964993,False,0.5179005400459663,0.193047178591928,0.17615585717035978,0.16513203219561312,0.30752543717455827,-0.017092521840227876
"ID(pcdiamag3)|PROD(fs03da,cerqtit11)|PROD(gasa,ece1)|PROD(ip,prmtan_neped)|PROD(prmtan_neped,ece39)|PROD(prmtan_neped,pinj)|RATIO(ece25,ece39)|RATIO(fs03da,prmtan_neped)|RATIO(ip,ece22)|RATIO(prmtan_neped,bt)|RECIP(bt)|RECIP(cerqtit10)",12,False,0.017,12,False,True,5,True,42,126,0,,True,0.20989351715997603,0.17233285753707167,0.6071695898361159,-0.7125662878119177,-0.0003806989517524732,False,0.21915164539800666,0.19754934617593528,0.2077615009885896,0.14062462875490253,0.008776542526598624,-0.012590354256220616
"ID(pcdiamag3)|PROD(bt,bt)|PROD(fs03da,cerqtit11)|PROD(gasa,cerqtit6)|PROD(gasa,ece1)|PROD(ip,prmtan_neped)|PROD(prmtan_neped,ece39)|PROD(prmtan_neped,prmtan_neped)|RATIO(fs03da,prmtan_neped)|RATIO(gasd,bt)|RATIO(ip,ece22)|RATIO(prmtan_neped,cerqtit10)",12,False,0.017,12,False,True,5,True,42,126,0,,True,0.19997030057477697,0.17231354639099886,0.6507199055415663,-0.7224895043971168,-0.01030391553695158,True,0.23003848947279293,0.159879382044089,0.1836101489706398,0.1557823536083623,0.0196633866013849,-0.05026031838806688
"ID(pcdiamag3)|ID(prmtan_neped)|PROD(ece37,ece39)|PROD(prmtan_neped,cerqtit6)|PROD(prmtan_neped,ece39)|RATIO(cerqrott12,cerqtit10)|RATIO(cerqtit8,ece22)|RATIO(ip,bt)|RATIO(ip,ece22)|RATIO(pinj_33r,cerqtit10)|RATIO(prmtan_neped,cerqtit10)|RECIP(bt)",12,False,0.016,12,False,True,4,True,42,126,0,,True,0.1848953133822907,0.16567830088010682,0.4323155648405958,-0.737564491589603,-0.02537890272943783,True,0.20148261784574875,0.16277890743101323,0.17993680002498424,0.14269887147160315,-0.008892485025659263,-0.047360793001142605
"ID(pcdiamag3)|PROD(bt,bt)|PROD(ece37,ece39)|PROD(fs03da,ece39)|PROD(gasa,gasa)|PROD(ip,prmtan_neped)|PROD(prmtan_neped,ece39)|RATIO(cerqrott12,cerqtit10)|RATIO(cerqtit6,ece22)|RATIO(cerqtit8,ece22)|RATIO(ip,bt)|RATIO(prmtan_neped,cerqtit10)",12,False,0.012,12,True,True,3,True,42,126,0,,True,0.6966150605620326,0.14864673643410234,13.756301866150324,-0.22584474440986102,0.4863408444503041,False,1.1014098327700192,0.15688869761805052,0.17455561133493713,0.13741344740907302,0.8910347298986112,-0.053251002814105344
"ID(pcdiamag3)|ID(prmtan_neped)|PROD(ece37,ece39)|PROD(gasa,gasa)|PROD(pinj,cerqrott6)|PROD(prmtan_neped,prmtan_neped)|RATIO(ece21,prmtan_neped)|RATIO(fs03da,prmtan_neped)|RATIO(ip,cerqtit10)|RATIO(ip,ece22)|RECIP(cerqtit10)|RECIP(prmtan_neped)",12,False,0.012,12,True,True,5,True,42,126,0,,True,0.7196494532148149,0.17202150075724476,12.718880698059762,-0.2028103517570787,0.5093752371030865,False,1.126458997933234,0.1772367269235896,0.18081145918778957,0.16991152164401696,0.916083895061826,-0.03290297350856625
"ID(pcdiamag3)|PROD(fs03da,cerqtit11)|PROD(ip,prmtan_neped)|PROD(pinj,ece36)|PROD(prmtan_neped,ece39)|RATIO(cerqrott12,cerqtit10)|RATIO(ece25,ece39)|RATIO(fs03da,prmtan_neped)|RATIO(ip,ece22)|RATIO(pinj,bt)|RECIP(bt)|RECIP(cerqtit10)",12,False,0.012,12,False,True,3,True,42,126,0,,True,0.18911938472885878,0.16437089251330636,0.3986005996768582,-0.7333404202430349,-0.021154831382869718,True,0.20721176086725013,0.16499621654433705,0.21196259356736624,0.14291928910495597,-0.003163342004157882,-0.045143483887818844
"ID(pcdiamag3)|PROD(bt,gasd)|PROD(fs03da,cerqtit11)|PROD(gasa,ece1)|PROD(ip,prmtan_neped)|PROD(prmtan_neped,ece39)|RATIO(ece25,ece39)|RATIO(fs03da,prmtan_neped)|RATIO(ip,ece22)|RATIO(prmtan_teped,prmtan_neped)|RECIP(bt)|RECIP(cerqtit10)",12,False,0.012,12,False,True,4,True,42,126,0,,True,0.1982520322201749,0.17236118292819,0.48841596420724476,-0.7242077727517188,-0.012022183891553587,True,0.2115680813318812,0.1804973000712332,0.19250051764352138,0.1460089909723124,0.001192978460473217,-0.029642400360922663
"ID(pcdiamag3)|LEVEL_RATE(cerqrott12|cerqtit8)|PROD(ece37,ece39)|PROD(fs03da,cerqtit11)|PROD(gasa,gasa)|PROD(ip,prmtan_neped)|PROD(prmtan_neped,ece39)|RATIO(ece25,ece39)|RATIO(ece39,bt)|RATIO(fs03da,prmtan_neped)|RATIO(ip,ece22)|RATIO(prmtan_neped,bt)",12,False,0.012,12,True,True,4,True,42,126,0,,True,0.49160049296217734,0.15201996273739937,7.979574694981909,-0.4308593120097162,0.28132627685044886,False,0.7266126260848836,0.1782509821319024,0.16465560103836646,0.138698830170096,0.5162375232134756,-0.031888718300253444
"ID(pcdiamag3)|PROD(fs03da,cerqtit11)|PROD(gasa,ece1)|PROD(gasc,pinj)|PROD(ip,prmtan_neped)|PROD(pinj,cerqrott6)|PROD(prmtan_neped,ece39)|RATIO(ece25,ece39)|RATIO(fs03da,prmtan_neped)|RATIO(ip,ece22)|RECIP(bt)|RECIP(cerqtit10)",12,False,0.012,12,False,True,3,True,42,126,0,,True,0.20806160321962258,0.16403683373731154,0.6694698778723969,-0.7143982017522712,-0.0022126128921059994,False,0.2153239817225219,0.19837843188242335,0.1934791618754578,0.14775312829335877,0.004948878851113877,-0.011761268549732503
"ID(pcdiamag3)|LEVEL_RATE(cerqrott12|ece33)|PROD(fs03da,cerqtit11)|PROD(gasa,ece1)|PROD(ip,prmtan_neped)|PROD(pinj,cerqrott6)|PROD(prmtan_neped,ece39)|RATIO(ece25,ece39)|RATIO(fs03da,prmtan_neped)|RATIO(ip,ece22)|RECIP(bt)|RECIP(cerqtit10)",12,False,0.011,12,False,True,3,True,42,126,0,,True,0.20354484881960758,0.16508185208957427,0.6027876860630141,-0.7189149561522862,-0.006729367292120935,False,0.21479269835602732,0.18854771610438129,0.19212373963190194,0.14022137884572983,0.004417595484619309,-0.021591984327774594
"ID(pcdiamag3)|ID(prmtan_neped)|PROD(bt,cerqtit6)|PROD(ece37,ece39)|PROD(gasa,gasa)|PROD(pinj,cerqrott6)|PROD(prmtan_neped,prmtan_neped)|RATIO(ece21,prmtan_neped)|RATIO(fs03da,prmtan_neped)|RATIO(ip,ece22)|RECIP(cerqtit10)|RECIP(prmtan_neped)",12,False,0.011,12,True,True,5,True,42,126,0,,True,0.7403250118655015,0.17005357124926096,11.887640772253429,-0.182134793106392,0.5300507957537731,False,1.1605422653774233,0.18003534051627296,0.18210541179890224,0.1696326269770584,0.9501671625060152,-0.030104359915882936
"ID(pcdiamag3)|PROD(ece37,ece39)|PROD(fs04,pinj)|PROD(gasa,ece1)|PROD(ip,prmtan_neped)|PROD(pinj,cerqrott6)|PROD(prmtan_neped,ece39)|PROD(prmtan_neped,prmtan_neped)|RATIO(fs03da,prmtan_neped)|RATIO(gasa,ece6)|RATIO(ip,bt)|RATIO(ip,ece22)",12,False,0.011,12,False,True,4,True,42,126,0,,True,0.401980370909378,0.14907915270118235,8.000126638075734,-0.5204794340625157,0.19170615479764955,False,0.5706531874194769,0.17708328222924619,0.1602296585441858,0.1413685443697012,0.3602780845480689,-0.0330564182029097
"ID(pcdiamag3)|ID(prmtan_neped)|PROD(ece37,ece39)|PROD(ece39,cerqtit10)|PROD(prmtan_neped,cerqtit6)|PROD(prmtan_neped,ece39)|RATIO(cerqrott12,cerqtit10)|RATIO(ip,bt)|RATIO(ip,ece22)|RATIO(pinj_33r,cerqtit10)|RATIO(prmtan_neped,cerqtit10)|RECIP(bt)",12,False,0.01,12,False,True,4,True,42,126,0,,True,0.18671503182863453,0.16943226325736682,0.44491664947664167,-0.7357447731432591,-0.023559184283093993,True,0.2016247523888384,0.1668354044150294,0.1854122809893725,0.13423065674085927,-0.008750350482569615,-0.0433042960171265
"ID(pcdiamag3)|PROD(bt,bt)|PROD(fs03da,cerqtit11)|PROD(gasa,cerqtit6)|PROD(gasa,ece1)|PROD(ip,prmtan_neped)|PROD(prmtan_neped,ece39)|PROD(prmtan_neped,prmtan_neped)|RATIO(fs03da,prmtan_neped)|RATIO(ip,ece22)|RATIO(prmtan_neped,cerqtit10)",11,False,0.01,11,False,True,5,True,42,126,0,,True,0.200608746907244,0.1722698329811404,0.6570816911926971,-0.7218510580646497,-0.009665469204484488,False,0.22851600742481193,0.1633990662171535,0.18270769046719496,0.1530730140102492,0.018140904553403923,-0.046740634215002366
"ID(pcdiamag3)|PROD(fs03da,cerqtit11)|PROD(gasa,cerqtit6)|PROD(gasa,ece1)|PROD(ip,prmtan_neped)|PROD(prmtan_neped,ece39)|PROD(prmtan_neped,prmtan_neped)|RATIO(fs03da,prmtan_neped)|RATIO(ip,ece22)|RATIO(prmtan_neped,cerqtit10)",10,False,0.009,10,False,True,5,True,42,126,0,,True,0.19976591287307624,0.17390503846740885,0.6681462122772707,-0.7226938920988174,-0.010508303238652332,True,0.22593944657381596,0.1648678679387565,0.17589306680930095,0.15217297644952882,0.015564343702407944,-0.045271832493399375
"ID(pcdiamag3)|PROD(fs03da,cerqtit11)|PROD(gasa,ece1)|PROD(ip,prmtan_neped)|PROD(pinj,cerqrott6)|PROD(prmtan_neped,ece39)|RATIO(cerqrott12,cerqtit10)|RATIO(ece25,ece39)|RATIO(fs03da,prmtan_neped)|RATIO(ip,ece22)|RECIP(bt)|RECIP(cerqtit10)",12,False,0.008,12,False,True,3,True,42,126,0,,True,0.1982047924547501,0.16922620446444123,0.5192317389054807,-0.7242550125171435,-0.01206942365697842,True,0.21893254554039743,0.17056778834055367,0.19070252337061896,0.14165175056868945,0.00855744266898942,-0.039571912091602206
"ID(pcdiamag3)|PROD(fs03da,cerqtit11)|PROD(gasa,cerqtit6)|PROD(gasa,ece1)|PROD(ip,prmtan_neped)|PROD(prmtan_neped,ece39)|RATIO(ece25,ece39)|RATIO(fs03da,prmtan_neped)|RATIO(ip,ece22)|RATIO(prmtan_neped,bt)|RECIP(bt)|RECIP(cerqtit10)",12,False,0.008,12,False,True,4,True,42,126,0,,True,0.21967428745297118,0.18136528609800273,0.7924160711124628,-0.7027855175189226,0.009400071341242607,False,0.24121321033249069,0.19095572361361174,0.20524969660040115,0.14514419292690944,0.030838107461082686,-0.019183976818544158
"ID(pcdiamag3)|PROD(fs03da,cerqtit11)|PROD(gasa,cerqtit6)|PROD(gasa,ece1)|PROD(ip,prmtan_neped)|PROD(pinj,cerqrott6)|PROD(pinj,pinj_30l)|PROD(prmtan_neped,ece39)|RATIO(fs03da,prmtan_neped)|RATIO(ip,ece22)|RECIP(bt)|RECIP(cerqtit10)",12,False,0.007,12,False,True,3,True,42,126,0,,True,0.20445323408739535,0.17152265993660448,0.8104482432544374,-0.7180065708844984,-0.005820982024333173,False,0.23578512290436526,0.16267738233143547,0.1972457022918489,0.14128714005380422,0.025410020032957257,-0.047462318100720415
"ID(pcdiamag3)|ID(prmtan_neped)|LEVEL_RATE(cerqrott12|ece33)|PROD(ece37,ece39)|PROD(gasa,gasa)|PROD(pinj,cerqrott6)|PROD(prmtan_neped,prmtan_neped)|RATIO(ece21,prmtan_neped)|RATIO(fs03da,prmtan_neped)|RATIO(ip,ece22)|RECIP(cerqtit10)|RECIP(prmtan_neped)",12,False,0.007,12,True,True,5,True,42,126,0,,True,0.7714900845026598,0.17268508028440427,13.138965838090966,-0.150969720469234,0.5612158683909313,False,1.2290396267710981,0.16142402814474177,0.1864446941149624,0.16388987125377835,1.0186645238996903,-0.048715672287414115
"ID(pcdiamag3)|ID(prmtan_neped)|PROD(fs03da,cerqtit11)|PROD(fs04,pinj)|PROD(gasa,ece1)|PROD(ip,prmtan_neped)|PROD(prmtan_neped,ece39)|RATIO(ece25,ece39)|RATIO(fs03da,prmtan_neped)|RATIO(ip,ece22)|RECIP(bt)|RECIP(cerqtit10)",12,False,0.007,12,False,True,4,True,42,126,0,,True,0.20553034840392176,0.1804174029548574,0.5305728255023683,-0.7169294565679719,-0.004743867707806782,False,0.2139796439152868,0.19426462105543496,0.20196209168650106,0.14408130873169608,0.0036045410438788096,-0.015875079376720905
"ID(pcdiamag3)|PROD(fs03da,cerqtit11)|PROD(gasa,ece1)|PROD(ip,prmtan_neped)|PROD(pinj,cerqrott6)|PROD(prmtan_neped,ece39)|RATIO(ece22,ece39)|RATIO(ece25,ece39)|RATIO(fs03da,prmtan_neped)|RATIO(ip,ece22)|RECIP(bt)|RECIP(cerqtit10)",12,False,0.007,12,False,True,3,True,42,126,0,,True,0.21091457472641117,0.15611087404907037,0.6721925158827436,-0.7115452302454826,0.0006403586146826563,False,0.20862025585630542,0.21397366655321884,0.17310581647878176,0.14426712106415354,-0.0017548470151025643,0.0038339661210629503
"ID(pcdiamag3)|LEVEL_RATE(cerqrott12|ece33)|PROD(ece37,ece39)|PROD(gasa,ece1)|PROD(ip,prmtan_neped)|PROD(pinj,cerqrott6)|PROD(prmtan_neped,ece39)|PROD(prmtan_neped,prmtan_neped)|RATIO(fs03da,prmtan_neped)|RATIO(gasa,ece6)|RATIO(ip,bt)|RATIO(ip,ece22)",12,False,0.006,12,False,True,4,True,42,126,0,,True,0.33929273062612575,0.15237680916049387,5.9877226578863345,-0.583167074345768,0.12901851451439722,False,0.46848228256786745,0.16703999470380337,0.16233931650795305,0.1398963776104205,0.25810717969645947,-0.04309970572835247
"ID(pcdiamag3)|PROD(fs03da,cerqtit11)|PROD(gasa,ece1)|PROD(ip,prmtan_neped)|PROD(pinj,cerqrott6)|PROD(pinj,pinj_30l)|PROD(prmtan_neped,ece39)|RATIO(fs03da,prmtan_neped)|RATIO(ip,ece22)|RATIO(pinj,ece37)|RECIP(bt)|RECIP(cerqtit10)",12,False,0.006,12,False,True,3,True,42,126,0,,True,0.19892788780082668,0.16848813795691972,0.6265253231867353,-0.7235319171710671,-0.011346328310901873,True,0.21568431078582792,0.17658599048749166,0.18262340956967443,0.14547828285657136,0.005309207914419891,-0.033553709944664244
"ID(pcdiamag3)|PROD(ece37,ece39)|PROD(fs03da,cerqtit11)|PROD(gasa,ece1)|PROD(ip,prmtan_neped)|PROD(pinj,cerqrott6)|PROD(prmtan_neped,ece39)|RATIO(ece25,ece39)|RATIO(fs03da,prmtan_neped)|RATIO(ip,ece22)|RECIP(bt)|RECIP(cerqtit10)",12,False,0.006,12,False,True,3,True,42,126,0,,True,0.19452279323815652,0.15206819139450836,0.5126894160639076,-0.7279370117337371,-0.015751422873572014,True,0.20674397301887815,0.17822788686386098,0.17194236960300846,0.13563409672910293,-0.003631129852529865,-0.03191181356829488
"ID(pcdiamag3)|ID(prmtan_neped)|PROD(cerqtit8,cerqtit10)|PROD(ece37,ece39)|PROD(gasa,gasa)|PROD(pinj,cerqrott6)|PROD(prmtan_neped,prmtan_neped)|RATIO(ece21,prmtan_neped)|RATIO(fs03da,prmtan_neped)|RATIO(ip,ece22)|RECIP(cerqtit10)|RECIP(prmtan_neped)",12,False,0.006,12,True,True,5,True,42,126,0,,True,0.747540857810023,0.15892758130357032,13.426283431055973,-0.17491894716187065,0.5372666416982945,False,1.1788770245412696,0.1724259688350276,0.16470088072227695,0.15892758130357032,0.9685019216698615,-0.037713731597128285
"ID(pcdiamag3)|ID(prmtan_neped)|PROD(fs03da,cerqtit11)|PROD(gasa,ece1)|PROD(ip,prmtan_neped)|PROD(prmtan_neped,ece39)|RATIO(ece22,ece39)|RATIO(ece25,ece39)|RATIO(fs03da,prmtan_neped)|RATIO(ip,ece22)|RECIP(bt)|RECIP(cerqtit10)",12,False,0.006,12,False,True,4,True,42,126,0,,True,0.21803313779551073,0.16913931176710995,0.6349748345807579,-0.704426667176383,0.0077589216837822324,False,0.21997390701164576,0.21544544550733077,0.18182548013368294,0.15030330096143607,0.009598804140237739,0.005305745075174885
"ID(ece39)|ID(pcdiamag3)|LEVEL_RATE(cerqrott12|cerqtit8)|PROD(bt,bt)|PROD(ece37,ece39)|PROD(fs03da,cerqtit11)|PROD(gasa,gasa)|PROD(ip,prmtan_neped)|PROD(prmtan_neped,ece39)|RATIO(ece25,ece39)|RATIO(gasc,cerqtit10)|RATIO(ip,ece22)",12,False,0.005,12,True,True,2,True,42,126,0,,True,0.5848261031599937,0.15833108693115192,11.533374956260195,-0.3376337018118999,0.37455188704826525,False,0.9063903640922643,0.15607375525029998,0.16605989112714084,0.14123243370808652,0.6960152612208561,-0.0540659451818559
"ID(pcdiamag3)|PROD(ece37,ece39)|PROD(fs03da,cerqtit11)|PROD(ip,prmtan_neped)|PROD(pinj,cerqrott6)|PROD(prmtan_neped,ece39)|RATIO(cerqrott12,cerqtit10)|RATIO(cerqtit8,ece22)|RATIO(fs03da,prmtan_neped)|RATIO(ip,bt)|RATIO(ip,cerqtit10)|RECIP(bt)",12,False,0.005,12,False,True,3,True,42,126,0,,True,0.18342951940966917,0.16150206316581817,0.43532348792223613,-0.7390302855622245,-0.02684469670205934,True,0.20856035254483407,0.149921741896116,0.18672037600698374,0.1392954777095775,-0.0018147503265739488,-0.06021795853603985
"ID(pcdiamag3)|PROD(fs03da,cerqtit11)|PROD(ip,prmtan_neped)|PROD(pinj,ece36)|PROD(prmtan_neped,ece39)|RATIO(ece25,ece39)|RATIO(fs03da,prmtan_neped)|RATIO(gasd,bt)|RATIO(ip,ece22)|RATIO(pinj,bt)|RECIP(bt)|RECIP(cerqtit10)",12,False,0.005,12,False,True,3,True,42,126,0,,True,0.19222387238055155,0.1744516999911457,0.3982253681562959,-0.7302359325913421,-0.018050343731176994,True,0.20347293631854294,0.1772251204632296,0.19075007919430875,0.1381616616564113,-0.006902166552865054,-0.032914579968926244
"ID(pcdiamag3)|PROD(fs03da,cerqtit11)|PROD(gasa,ece1)|PROD(ip,prmtan_neped)|PROD(prmtan_neped,ece39)|RATIO(ece25,ece39)|RATIO(fs03da,prmtan_neped)|RATIO(gasd,bt)|RATIO(ip,ece22)|RATIO(prmtan_teped,prmtan_neped)|RECIP(bt)|RECIP(cerqtit10)",12,False,0.005,12,False,True,4,True,42,126,0,,True,0.1981872267386292,0.1723649107458135,0.48837381317293066,-0.7242725782332645,-0.012086989373099396,True,0.21156586840056837,0.18034903785604342,0.19250448364492068,0.14583222257206813,0.0011907655291603949,-0.029790662576112452
"ID(cerqtit6)|ID(pcdiamag3)|LEVEL_RATE(cerqrott12|ece33)|PROD(ece37,ece39)|PROD(gasa,gasa)|PROD(gasa,gasb)|PROD(prmtan_neped,pinj)|RATIO(ece16,cerqtit10)|RATIO(prmtan_neped,ece22)|RECIP(bt)|RECIP(cerqtit10)|RECIP(cerqtit11)",12,False,0.005,12,True,True,2,True,40,120,6,E_DENOM,False,0.48222507566364287,0.15539909011011543,6.384211659216979,-0.4543247279129409,0.26900748061570157,False,0.7312860234195676,0.17781725062862364,0.19176757492678842,0.13017759225178044,0.5155501509587112,-0.03232244980353226
"ID(pcdiamag3)|PROD(bt,bt)|PROD(ece37,ece39)|PROD(fs03da,ece39)|PROD(gasa,gasa)|PROD(ip,prmtan_neped)|PROD(pinj,cerqrott6)|PROD(prmtan_neped,ece39)|RATIO(cerqrott12,cerqtit10)|RATIO(cerqtit8,ece22)|RATIO(ip,bt)|RATIO(prmtan_neped,cerqtit10)",12,False,0.005,12,True,True,3,True,42,126,0,,True,0.8072526184586882,0.1540751507697497,17.883873241550997,-0.11520718651320558,0.5969784023469595,False,1.298266207791312,0.1525678326818562,0.172390792649874,0.13875977306937642,1.087891104919904,-0.057571867750299655
"ID(pcdiamag3)|PROD(fs03da,cerqtit11)|PROD(gasa,ece1)|PROD(ip,prmtan_neped)|PROD(prmtan_neped,ece39)|RATIO(ece25,ece39)|RATIO(fs03da,prmtan_neped)|RATIO(gasd,bt)|RATIO(ip,ece22)|RATIO(prmtan_neped,bt)|RECIP(bt)|RECIP(cerqtit10)",12,False,0.005,12,False,True,4,True,42,126,0,,True,0.20259682467309467,0.18058686491073636,0.4985840888806383,-0.7198629802987989,-0.007677391438633804,False,0.22117317373534076,0.17782835925676668,0.20827817040526955,0.14595877676441738,0.010798070863932733,-0.032311341175389176
"ID(pcdiamag3)|ID(prmtan_neped)|PROD(ece37,ece39)|PROD(gasa,gasa)|PROD(gasa,gasb)|PROD(pinj,cerqrott6)|PROD(prmtan_neped,prmtan_neped)|RATIO(ece21,prmtan_neped)|RATIO(fs03da,prmtan_neped)|RATIO(ip,ece22)|RECIP(cerqtit10)|RECIP(prmtan_neped)",12,False,0.005,12,True,True,5,True,42,126,0,,True,0.5380699565940591,0.17881719507247296,10.141663006069852,-0.3843898483778346,0.32779574048233057,False,0.8124417489221653,0.17224090015658422,0.1857036913723814,0.17027096456938234,0.6020666460507572,-0.03789880027557166
"ID(pcdiamag3)|ID(prmtan_neped)|PROD(fs03da,cerqtit11)|PROD(gasa,cerqtit6)|PROD(gasa,ece1)|PROD(ip,prmtan_neped)|PROD(prmtan_neped,ece39)|RATIO(ece25,ece39)|RATIO(fs03da,prmtan_neped)|RATIO(ip,ece22)|RECIP(bt)|RECIP(cerqtit10)",12,False,0.005,12,False,True,4,True,42,126,0,,True,0.219962544756442,0.18169377597609881,0.7983718682419001,-0.7024972602154516,0.009688328644713527,False,0.24171867547846426,0.19095437046041247,0.20524645946811937,0.14517649722284295,0.03134357260705625,-0.01918532997174344
"ID(pcdiamag3)|LEVEL_RATE(fs03da|ip)|PROD(bt,bt)|PROD(fs03da,cerqtit11)|PROD(gasa,ece1)|PROD(ip,prmtan_neped)|PROD(prmtan_neped,ece39)|PROD(prmtan_neped,prmtan_neped)|RATIO(fs03da,prmtan_neped)|RATIO(gasd,bt)|RATIO(ip,ece22)|RATIO(prmtan_neped,cerqtit10)",12,False,0.004,12,False,True,5,True,42,126,0,,True,0.1954903901066666,0.17561159399460569,0.5261162465603827,-0.726969414865227,-0.01478382600506191,True,0.22011415617574315,0.1626587020145646,0.17763729455736105,0.15985315832558003,0.009739053304335112,-0.047480998417591264
"ID(pcdiamag3)|LEVEL_RATE(cerqrott12|cerqtit8)|PROD(ece37,ece39)|PROD(fs03da,cerqtit11)|PROD(gasa,gasa)|PROD(ip,prmtan_neped)|PROD(prmtan_neped,cerqtit6)|PROD(prmtan_neped,ece39)|RATIO(ece25,ece39)|RATIO(ece39,bt)|RATIO(ip,ece22)|RATIO(prmtan_neped,bt)",12,False,0.004,12,True,True,4,True,42,126,0,,True,0.5236214738814067,0.155863643078237,8.131786231204845,-0.3988383310904871,0.31334725776967814,False,0.7890387409960695,0.16973178439518938,0.17921509188359724,0.13851655469511157,0.5786636381246616,-0.040407916036966515
"ID(pcdiamag3)|ID(prmtan_neped)|PROD(ece37,ece39)|PROD(prmtan_neped,cerqtit6)|PROD(prmtan_neped,ece39)|RATIO(cerqrott12,cerqtit10)|RATIO(cerqrott3,prmtan_neped)|RATIO(ip,bt)|RATIO(ip,ece22)|RATIO(pinj_33r,cerqtit10)|RATIO(prmtan_neped,cerqtit10)|RECIP(bt)",12,False,0.004,12,False,True,5,True,42,126,0,,True,0.18527187963458558,0.16956667423417965,0.440743032159439,-0.7371879253373081,-0.025002336477142978,True,0.20019530999530902,0.16537397248695423,0.18639626102033102,0.1363093518554551,-0.01017979287609899,-0.044765727945201644
"ID(pcdiamag3)|ID(prmtan_neped)|PROD(fs03da,cerqtit11)|PROD(gasa,ece1)|PROD(ip,prmtan_neped)|PROD(pinj,pinj_30l)|PROD(prmtan_neped,ece39)|RATIO(ece25,ece39)|RATIO(fs03da,prmtan_neped)|RATIO(ip,ece22)|RECIP(bt)|RECIP(cerqtit10)",12,False,0.004,12,False,True,4,True,42,126,0,,True,0.2070385855595005,0.18504069049180705,0.5589743234391429,-0.7154212194123932,-0.0032356305522280313,False,0.21852242847179293,0.19172679500977727,0.2000462725390264,0.13913158770190276,0.008147325600384914,-0.018412905422378625
"ID(pcdiamag3)|LEVEL_RATE(prmtan_neped|ece9)|PROD(bt,bt)|PROD(fs03da,cerqtit11)|PROD(gasa,ece1)|PROD(ip,prmtan_neped)|PROD(prmtan_neped,ece39)|PROD(prmtan_neped,prmtan_neped)|RATIO(fs03da,prmtan_neped)|RATIO(gasd,bt)|RATIO(ip,ece22)|RATIO(prmtan_neped,cerqtit10)",12,False,0.004,12,False,True,6,True,42,126,0,,True,0.1975356492638346,0.17402698262751265,0.5458498756341714,-0.724924155708059,-0.012738566847893876,True,0.22430447574457077,0.16184388062285315,0.1753647672456932,0.15714704593541307,0.01392937287316274,-0.04829581980930271
"ID(pcdiamag3)|PROD(fs03da,cerqtit11)|PROD(gasa,ece1)|PROD(ip,prmtan_neped)|PROD(pinj,cerqrott6)|PROD(prmtan_neped,ece39)|RATIO(ece25,ece39)|RATIO(fs03da,prmtan_neped)|RATIO(gasd,bt)|RATIO(ip,ece22)|RECIP(bt)|RECIP(cerqtit10)",12,False,0.004,12,False,True,3,True,42,126,0,,True,0.19904858822797009,0.16361858625927705,0.46600255412148844,-0.7234112167439237,-0.0112256278837585,True,0.21646310875056654,0.17582922753117464,0.19288636170264511,0.139350064638593,0.006088005879158549,-0.03431047290098124
"ID(pcdiamag3)|PROD(bt,bt)|PROD(fs03da,cerqtit11)|PROD(gasa,ece1)|PROD(ip,prmtan_neped)|PROD(pinj,cerqrott6)|PROD(prmtan_neped,ece39)|RATIO(ece25,ece39)|RATIO(fs03da,prmtan_neped)|RATIO(gasd,bt)|RATIO(ip,ece22)|RECIP(cerqtit10)",12,False,0.004,12,False,True,3,True,42,126,0,,True,0.19909084753986978,0.16363039861974235,0.46584700221872993,-0.7233689574320239,-0.011183368571858783,True,0.21648852447246236,0.17589394496307956,0.1928060538324165,0.1394129524237644,0.006113421601054371,-0.03424575546907633
"ID(pcdiamag3)|ID(prmtan_neped)|PROD(ece37,ece39)|PROD(gasa,gasa)|PROD(pinj,cerqrott6)|PROD(prmtan_neped,pinj)|PROD(prmtan_neped,prmtan_neped)|RATIO(ece21,prmtan_neped)|RATIO(fs03da,prmtan_neped)|RATIO(ip,ece22)|RECIP(cerqtit10)|RECIP(prmtan_neped)",12,False,0.004,12,True,True,6,True,42,126,0,,True,0.7955050482638193,0.18083137452114906,13.467525949052485,-0.1269547567080745,0.5852308321520908,False,1.2548794500865428,0.1830058458335214,0.18083137452114906,0.17740143606668107,1.044504347215135,-0.027133854598634485
"ID(pcdiamag3)|PROD(fs03da,cerqtit11)|PROD(gasa,ece1)|PROD(ip,pinj)|PROD(ip,prmtan_neped)|PROD(pinj,ece36)|PROD(prmtan_neped,ece39)|RATIO(ece25,ece39)|RATIO(fs03da,prmtan_neped)|RATIO(ip,ece22)|RECIP(bt)|RECIP(cerqtit10)",12,False,0.004,12,False,True,3,True,42,126,0,,True,0.19893531968091224,0.1561034454053693,0.6234030614328854,-0.7235244852909813,-0.01133889643081623,True,0.2027318727726426,0.19387324889193855,0.17804564569547537,0.13907080851287984,-0.007643230098765413,-0.016266451540217327
"ID(cerqtit6)|ID(pcdiamag3)|PROD(ece37,ece39)|PROD(gasa,ece1)|PROD(ip,prmtan_neped)|PROD(pinj,cerqrott6)|PROD(prmtan_neped,ece39)|PROD(prmtan_neped,prmtan_neped)|RATIO(fs03da,prmtan_neped)|RATIO(gasa,ece6)|RATIO(ip,bt)|RATIO(ip,ece22)",12,False,0.004,12,False,True,4,True,42,126,0,,True,0.3909572180763525,0.1556376346339854,7.57542858095539,-0.5315025868955412,0.1806830019646239,False,0.5537261040921208,0.1739320367219946,0.164182728644782,0.14556129486586566,0.34335100122071277,-0.036207663710161285
"ID(pcdiamag3)|PROD(bt,bt)|PROD(fs03da,cerqtit11)|PROD(gasa,ece1)|PROD(ip,prmtan_neped)|PROD(prmtan_neped,ece39)|PROD(prmtan_neped,prmtan_neped)|RATIO(fs03da,prmtan_neped)|RATIO(gasd,bt)|RATIO(ip,ece22)|RATIO(prmtan_neped,cerqtit10)|RATIO(prmtan_teped,prmtan_neped)",12,False,0.004,12,False,True,6,True,42,126,0,,True,0.19448137982816127,0.1717289600883231,0.5375638505151649,-0.7279784251437323,-0.01579283628356722,True,0.2183094182239955,0.1627106619670491,0.17539551899351297,0.1579141425012378,0.007934315352587465,-0.0474290384651068
"ID(pcdiamag3)|ID(prmtan_neped)|PROD(bt,bt)|PROD(ece37,ece39)|PROD(gasa,gasa)|PROD(pinj,cerqrott6)|PROD(prmtan_neped,prmtan_neped)|RATIO(ece21,prmtan_neped)|RATIO(fs03da,prmtan_neped)|RATIO(ip,ece22)|RECIP(cerqtit10)|RECIP(prmtan_neped)",12,False,0.004,12,True,True,5,True,42,126,0,,True,0.7840962006266758,0.15977721789889215,13.413762215958691,-0.13836360434521783,0.5738219845149473,False,1.2471709244313651,0.16666323555375684,0.17054330049600067,0.15333149502473756,1.036795821559957,-0.04347646487839903
"ID(pcdiamag3)|PROD(bt,cerqtit6)|PROD(ece37,ece39)|PROD(gasa,ece1)|PROD(ip,prmtan_neped)|PROD(pinj,cerqrott6)|PROD(prmtan_neped,ece39)|PROD(prmtan_neped,prmtan_neped)|RATIO(fs03da,prmtan_neped)|RATIO(gasa,ece6)|RATIO(ip,ece22)",11,False,0.004,11,False,True,4,True,42,126,0,,True,0.3923234398282456,0.1535340419600552,7.419834759375835,-0.530136365143648,0.18204922371651708,False,0.5488483868750488,0.1836235104325081,0.15586957361132703,0.15327536415456305,0.3384732840036408,-0.026516189999647763
"ID(pcdiamag3)|PROD(bt,bt)|PROD(fs03da,cerqtit11)|PROD(gasa,ece1)|PROD(ip,prmtan_neped)|PROD(pinj,cerqrott6)|PROD(prmtan_neped,ece39)|PROD(prmtan_neped,prmtan_neped)|RATIO(fs03da,prmtan_neped)|RATIO(gasd,bt)|RATIO(ip,ece22)|RATIO(prmtan_neped,cerqtit10)",12,False,0.004,12,False,True,5,True,42,126,0,,True,0.19743670486730944,0.17610957886935502,0.5870356421578515,-0.7250231001045843,-0.012837511244419104,True,0.2240456448180547,0.16195811826631568,0.19644370794043547,0.15357406586007782,0.013670541946646707,-0.04818158216584017
"ID(pcdiamag3)|PROD(fs03da,cerqtit11)|PROD(gasa,cerqtit6)|PROD(ip,prmtan_neped)|PROD(pinj,ece36)|PROD(prmtan_neped,ece39)|RATIO(ece25,ece39)|RATIO(fs03da,prmtan_neped)|RATIO(ip,ece22)|RATIO(pinj,bt)|RECIP(bt)|RECIP(cerqtit10)",12,False,0.003,12,False,True,3,True,42,126,0,,True,0.20129950807376784,0.15288539710463173,0.6407440605275112,-0.7211602968981258,-0.008974708037960648,False,0.20537264498218152,0.1958686588625497,0.16282312425839066,0.1414267446090106,-0.005002457889226497,-0.014271041569606183
"ID(pcdiamag3)|PROD(ece37,ece39)|PROD(gasa,gasa)|PROD(pinj,cerqrott6)|PROD(prmtan_neped,prmtan_neped)|RATIO(cerqrott12,cerqtit10)|RATIO(ece21,prmtan_neped)|RATIO(fs03da,prmtan_neped)|RATIO(ip,ece22)|RECIP(cerqtit10)|RECIP(prmtan_neped)",11,False,0.003,11,True,True,4,True,42,126,0,,True,0.7876136974055916,0.15808124784119348,13.177620993799723,-0.13484610756630225,0.5773394812938628,False,1.262553895437698,0.15436010002944908,0.1650290003027703,0.13440471027473777,1.0521787925662902,-0.055779600402706825
"ID(pcdiamag3)|PROD(bt,bt)|PROD(fs03da,cerqtit11)|PROD(gasa,ece1)|PROD(ip,prmtan_neped)|PROD(prmtan_neped,ece39)|PROD(prmtan_neped,prmtan_neped)|RATIO(fs03da,prmtan_neped)|RATIO(ip,ece22)|RATIO(pinj_33r,cerqtit10)|RATIO(prmtan_neped,cerqtit10)",11,False,0.003,11,False,True,5,True,42,126,0,,True,0.20000538514429364,0.17314696812118044,0.5694051018049948,-0.7224544198276001,-0.010268830967434903,True,0.22200958377430116,0.1706664536376169,0.1775485113831735,0.16017356102281366,0.011634480902893166,-0.03947324679453899
"ID(pcdiamag3)|ID(prmtan_neped)|PROD(ece37,ece39)|PROD(gasa,gasa)|PROD(pinj,cerqrott6)|PROD(pinj,pinj_30l)|PROD(prmtan_neped,prmtan_neped)|RATIO(ece21,prmtan_neped)|RATIO(fs03da,prmtan_neped)|RATIO(ip,ece22)|RECIP(cerqtit10)|RECIP(prmtan_neped)",12,False,0.003,12,True,True,5,True,42,126,0,,True,0.7598395748398159,0.1743017767336768,12.39543668282529,-0.16262023013207777,0.5495653587280875,False,1.1955232705331278,0.17892798058206663,0.1894369632446858,0.16681702937380205,0.9851481676617199,-0.031211719850089217
"ID(pcdiamag3)|ID(prmtan_neped)|PROD(ece37,ece39)|PROD(gasa,gasa)|PROD(pinj,cerqrott6)|PROD(prmtan_neped,prmtan_neped)|RATIO(ece21,prmtan_neped)|RATIO(fs03da,prmtan_neped)|RATIO(ip,ece22)|RATIO(prmtan_teped,prmtan_neped)|RECIP(cerqtit10)|RECIP(prmtan_neped)",12,False,0.003,12,True,True,6,True,42,126,0,,True,0.7511678566113316,0.1745838156303391,12.261056140304275,-0.17129194836056225,0.5408936404996032,False,1.1818489150924718,0.17692644530314464,0.18412330848759217,0.16893329859985773,0.9714738122210638,-0.03321325512901125
"ID(pcdiamag3)|PROD(fs03da,cerqtit11)|PROD(gasa,ece1)|PROD(ip,pinj)|PROD(ip,prmtan_neped)|PROD(pinj,ece36)|PROD(prmtan_neped,ece39)|RATIO(ece22,ece39)|RATIO(ece25,ece39)|RATIO(fs03da,prmtan_neped)|RECIP(cerqtit10)",11,False,0.003,11,False,True,3,True,42,126,0,,True,0.19094520925817277,0.1676368193575371,0.43298108727619855,-0.7315145957137209,-0.01932900685355579,True,0.19947032540996,0.17957838772245635,0.1676368193575371,0.1527236061719759,-0.010904777461448,-0.03056131270969952
"ID(pcdiamag3)|LEVEL_RATE(cerqrott12|ece33)|PROD(bt,bt)|PROD(fs03da,cerqtit11)|PROD(gasa,ece1)|PROD(ip,prmtan_neped)|PROD(prmtan_neped,ece39)|PROD(prmtan_neped,prmtan_neped)|RATIO(fs03da,prmtan_neped)|RATIO(gasd,bt)|RATIO(ip,ece22)|RATIO(prmtan_neped,cerqtit10)",12,False,0.003,12,False,True,5,True,42,126,0,,True,0.1962194871927879,0.17419905636623279,0.5475790879514822,-0.7262403177791058,-0.01405472891894067,True,0.22291685874968362,0.16062299178359352,0.17680549694908318,0.14792501629234334,0.012541755878275595,-0.04951670864856235
"ID(pcdiamag3)|PROD(bt,gasd)|PROD(fs03da,cerqtit11)|PROD(gasa,ece1)|PROD(ip,prmtan_neped)|PROD(pinj,cerqrott6)|PROD(prmtan_neped,ece39)|RATIO(ece25,ece39)|RATIO(fs03da,prmtan_neped)|RATIO(ip,ece22)|RECIP(bt)|RECIP(cerqtit10)",12,False,0.003,12,False,True,3,True,42,126,0,,True,0.1991063077985866,0.16361397290027013,0.4660434805524023,-0.7233534971733071,-0.011167908313141881,True,0.21645526271587748,0.17597436790886556,0.19288689896721486,0.1395300858767078,0.006080159844469429,-0.0341653325232903
"ID(pcdiamag3)|ID(pinj)|PROD(fs03da,cerqtit11)|PROD(ip,prmtan_neped)|PROD(pinj,ece36)|PROD(prmtan_neped,ece39)|RATIO(cerqrott12,cerqtit10)|RATIO(ece25,ece39)|RATIO(fs03da,prmtan_neped)|RATIO(ip,ece22)|RECIP(bt)|RECIP(cerqtit10)",12,False,0.003,12,False,True,3,True,42,126,0,,True,0.18922624494657028,0.1644931994894305,0.39858134756090763,-0.7332335600253234,-0.021047971165158254,True,0.20728170124480194,0.1651523032155947,0.2120192212666747,0.1428993172513918,-0.003093401626606075,-0.044987397216561156
"ID(pcdiamag3)|ID(pinj)|PROD(fs03da,cerqtit11)|PROD(ip,prmtan_neped)|PROD(pinj,ece36)|PROD(prmtan_neped,ece39)|RATIO(ece25,ece39)|RATIO(fs03da,prmtan_neped)|RATIO(ip,ece22)|RATIO(pinj,bt)|RECIP(bt)|RECIP(cerqtit10)",12,False,0.003,12,False,True,3,True,42,126,0,,True,0.19402408878513688,0.16703239442503182,0.4918808873752499,-0.7284357161867568,-0.016250127326591653,True,0.20261317145131796,0.18257197856356208,0.20236699035229694,0.14576367720230343,-0.007761931420090029,-0.027567721868593822
"ID(pcdiamag3)|PROD(bt,bt)|PROD(bt,cerqtit6)|PROD(ece37,ece39)|PROD(fs03da,ece39)|PROD(gasa,gasa)|PROD(ip,prmtan_neped)|PROD(prmtan_neped,ece39)|RATIO(cerqrott12,cerqtit10)|RATIO(cerqtit8,ece22)|RATIO(ip,bt)|RATIO(prmtan_neped,cerqtit10)",12,False,0.003,12,True,True,3,True,42,126,0,,True,0.7779424510656913,0.155452270290082,16.28665354634689,-0.14451735390620246,0.5676682349539627,False,1.245337987874758,0.15474840198693574,0.17624730030846425,0.14305561050991222,1.0349628850033497,-0.05539129844522015
"ID(pcdiamag3)|PROD(bt,cerqtit6)|PROD(ece37,ece39)|PROD(fs03da,cerqtit11)|PROD(pinj,cerqrott6)|PROD(prmtan_neped,prmtan_neped)|RATIO(cerqrott12,cerqtit10)|RATIO(ece22,ece39)|RATIO(ece25,ece39)|RATIO(ip,bt)|RATIO(ip,cerqtit10)|RATIO(prmtan_neped,ece22)",12,False,0.003,12,False,True,2,True,42,126,0,,True,0.1976583413276144,0.16057196029097603,0.5578983835917675,-0.7248014636442793,-0.012615874784114139,True,0.2291421645584785,0.15567991035312895,0.17306684091727667,0.14581638465132413,0.018767061687070468,-0.054459790079026946
"ID(pcdiamag3)|LEVEL_RATE(cerqrott12|cerqtit8)|PROD(ece37,ece39)|PROD(fs03da,cerqtit11)|PROD(gasa,gasa)|PROD(ip,prmtan_neped)|PROD(prmtan_neped,ece39)|RATIO(ece25,ece39)|RATIO(ece39,bt)|RATIO(gasc,cerqtit10)|RATIO(ip,ece22)|RATIO(prmtan_neped,bt)",12,False,0.002,12,True,True,3,True,42,126,0,,True,0.500129331303967,0.1615611217795085,8.248910473679338,-0.42233047366792675,0.28985511519223833,False,0.7566405983574317,0.1581143085660136,0.17863061774853445,0.15265944463772418,0.5462654954860238,-0.05202539186614227
"ID(pcdiamag3)|ID(prmtan_neped)|PROD(ece37,ece39)|PROD(fs04,fs03da)|PROD(gasa,gasa)|PROD(pinj,cerqrott6)|PROD(prmtan_neped,prmtan_neped)|RATIO(ece21,prmtan_neped)|RATIO(fs03da,prmtan_neped)|RATIO(ip,ece22)|RECIP(cerqtit10)|RECIP(prmtan_neped)",12,False,0.002,12,True,True,5,True,42,126,0,,True,0.7019369544718286,0.17571841748934736,11.107964429782413,-0.22052285050006507,0.49166273836010016,False,1.095573107707203,0.1770887501579962,0.18020690715479132,0.1638052257144803,0.8851980048357949,-0.03305095027415969
"ID(pcdiamag3)|PROD(ece37,ece39)|PROD(gasa,ece1)|PROD(ip,prmtan_neped)|PROD(pinj,cerqrott6)|PROD(prmtan_neped,ece39)|PROD(prmtan_neped,prmtan_neped)|RATE_OVER_LEVEL(ece37|cerqtit10)|RATIO(fs03da,prmtan_neped)|RATIO(gasa,ece6)|RATIO(ip,bt)|RATIO(ip,ece22)",12,False,0.002,12,False,True,4,True,42,126,0,,True,0.37893914388868055,0.1510355885361905,7.255365395538039,-0.5435206610832131,0.16866492777695205,False,0.5325878798953009,0.17407416254652014,0.15603286429261615,0.14087033275195937,0.32221277702389284,-0.03606553788563575
"ID(pcdiamag3)|PROD(fs03da,cerqtit11)|PROD(gasa,ece1)|PROD(ip,prmtan_neped)|PROD(prmtan_neped,ece39)|PROD(prmtan_neped,pinj)|RATIO(ece25,ece39)|RATIO(fs03da,prmtan_neped)|RATIO(ip,ece22)|RATIO(prmtan_teped,prmtan_neped)|RECIP(bt)|RECIP(cerqtit10)",12,False,0.002,12,False,True,5,True,42,126,0,,True,0.2070930241340236,0.16877959544484145,0.6080645118857507,-0.7153667808378701,-0.0031811919777049447,False,0.211559381841633,0.20113788052387768,0.19240811705945038,0.14010630960441645,0.0011842789702249737,-0.009001819908278176
"ID(pcdiamag3)|PROD(bt,bt)|PROD(fs03da,cerqtit11)|PROD(gasa,ece1)|PROD(ip,prmtan_neped)|PROD(prmtan_neped,ece38)|PROD(prmtan_neped,ece39)|PROD(prmtan_neped,prmtan_neped)|RATIO(fs03da,prmtan_neped)|RATIO(gasd,bt)|RATIO(ip,ece22)|RATIO(prmtan_neped,cerqtit10)",12,False,0.002,12,False,True,6,True,42,126,0,,True,0.19543538739647462,0.1752687163698291,0.5632759641945324,-0.727024417575419,-0.014838828715253903,True,0.2221760018825735,0.15978123474834283,0.17576387179368413,0.16271974558764601,0.01180089901116549,-0.0503584656838131
"ID(pcdiamag3)|LEVEL_RATE(cerqrott12|ece33)|PROD(fs03da,cerqtit11)|PROD(gasa,ece1)|PROD(ip,prmtan_neped)|PROD(pinj,cerqrott6)|PROD(pinj,pinj_30l)|PROD(prmtan_neped,ece39)|RATIO(fs03da,prmtan_neped)|RATIO(ip,ece22)|RECIP(bt)|RECIP(cerqtit10)",12,False,0.002,12,False,True,3,True,42,126,0,,True,0.19062589994147924,0.16097289383014043,0.5192956288180327,-0.7318339050304143,-0.019648316170249248,True,0.217063491872432,0.15537577736687563,0.1878438925937207,0.13356169302730192,0.006688389001024007,-0.05476392306528026
"ID(pcdiamag3)|PROD(fs03da,cerqtit11)|PROD(ip,prmtan_neped)|PROD(pinj,ece36)|PROD(prmtan_neped,ece39)|RATIO(ece25,ece39)|RATIO(fs03da,prmtan_neped)|RATIO(gasa,ece6)|RATIO(ip,ece22)|RATIO(pinj,bt)|RECIP(bt)|RECIP(cerqtit10)",12,False,0.002,12,False,True,3,True,42,126,0,,True,0.26367273979908534,0.1845005573015676,2.8178709099697135,-0.6587870651728084,0.053398523687356814,False,0.3094764311274644,0.20260115136124668,0.19071524855337774,0.13940500008287288,0.09910132825605637,-0.0075385490709092085
"ID(gasd)|ID(pcdiamag3)|PROD(fs03da,cerqtit11)|PROD(ip,prmtan_neped)|PROD(pinj,ece36)|PROD(prmtan_neped,ece39)|RATIO(ece25,ece39)|RATIO(fs03da,prmtan_neped)|RATIO(ip,ece22)|RATIO(pinj,bt)|RECIP(bt)|RECIP(cerqtit10)",12,False,0.002,12,False,True,3,True,42,126,0,,True,0.192264604198969,0.17446040836241042,0.3982313815106832,-0.7301952007729247,-0.01800961191275952,True,0.2034961069711346,0.17728926716941493,0.19075606633773468,0.13825773466228328,-0.006878995900273413,-0.032850433262740994
"ID(pcdiamag3)|ID(prmtan_neped)|PROD(ece37,ece39)|PROD(ece39,cerqtit10)|PROD(gasa,gasa)|PROD(pinj,cerqrott6)|PROD(prmtan_neped,prmtan_neped)|RATIO(ece21,prmtan_neped)|RATIO(fs03da,prmtan_neped)|RATIO(ip,ece22)|RECIP(cerqtit10)|RECIP(prmtan_neped)",12,False,0.002,12,True,True,5,True,42,126,0,,True,0.7322558190690035,0.16860564772381564,12.3321803189044,-0.19020398590289017,0.521981602957275,False,1.1498359163564078,0.17548235601913087,0.17266534411967482,0.16860564772381564,0.9394608134849999,-0.03465734441302501
"ID(pcdiamag3)|LEVEL_RATE(cerqrott12|ece33)|PROD(fs03da,cerqtit11)|PROD(gasa,ece1)|PROD(ip,prmtan_neped)|PROD(prmtan_neped,ece39)|RATIO(ece25,ece39)|RATIO(fs03da,prmtan_neped)|RATIO(ip,ece22)|RATIO(prmtan_teped,prmtan_neped)|RECIP(bt)|RECIP(cerqtit10)",12,False,0.002,12,False,True,4,True,42,126,0,,True,0.20366738608149287,0.17348652508302503,0.5718985099564525,-0.7187924188904008,-0.00660683003023565,False,0.21136325080920007,0.1934062331112166,0.188804937578764,0.146185008595849,0.0009881479377920703,-0.01673346732093927
"ID(pcdiamag3)|ID(prmtan_neped)|PROD(ece37,ece39)|PROD(fs03da,ece39)|PROD(gasa,gasa)|PROD(pinj,cerqrott6)|PROD(prmtan_neped,prmtan_neped)|RATIO(ece21,prmtan_neped)|RATIO(fs03da,prmtan_neped)|RATIO(ip,ece22)|RECIP(cerqtit10)|RECIP(prmtan_neped)",12,False,0.002,12,True,True,5,True,42,126,0,,True,0.6463171279550401,0.1779519943433394,11.990598272876795,-0.27614267701685363,0.4360429118433115,False,1.0134023027237622,0.15687022826341082,0.18134126340652834,0.16968294226330866,0.803027199852354,-0.053269472168745065
"ID(pcdiamag3)|PROD(ece37,ece39)|PROD(fs03da,ece39)|PROD(gasa,gasa)|PROD(pinj,cerqrott6)|PROD(prmtan_neped,cerqtit6)|RATIO(bt,prmtan_neped)|RATIO(cerqrott12,cerqtit10)|RATIO(ece16,cerqtit10)|RATIO(ip,bt)|RATIO(ip,ece22)|RECIP(prmtan_neped)",12,False,0.002,12,True,True,3,True,42,126,0,,True,0.8168272570690576,0.16308953797357756,18.479298531631553,-0.10563254790283615,0.606553040957329,False,1.3024904290052424,0.16927636115414424,0.18434168961362546,0.15012497856566842,1.0921153261338346,-0.04086333927801164
"ID(cerqtit6)|ID(pcdiamag3)|LEVEL_RATE(cerqrott12|ece33)|PROD(ece37,ece39)|PROD(gasa,gasa)|PROD(gasa,gasb)|PROD(prmtan_neped,pinj)|RATIO(cerqrott12,cerqtit10)|RATIO(ece16,cerqtit10)|RATIO(prmtan_neped,ece22)|RECIP(bt)|RECIP(cerqtit10)",12,False,0.002,12,True,True,2,True,42,126,0,,True,0.5040145149980301,0.16143161399107459,7.406971694049889,-0.41844528997386343,0.2937402988863017,False,0.7567500906874707,0.1670337474121097,0.18308965229997642,0.14881123824934162,0.5463749878160626,-0.04310595302004618
"ID(pcdiamag3)|PROD(bt,cerqtit6)|PROD(ece37,ece39)|PROD(fs03da,cerqtit11)|PROD(pinj,cerqrott6)|PROD(prmtan_neped,prmtan_neped)|RATIO(cerqrott12,cerqtit10)|RATIO(ece16,cerqtit10)|RATIO(ece25,ece39)|RATIO(ip,bt)|RATIO(ip,cerqtit10)|RATIO(prmtan_neped,ece22)",12,False,0.002,12,False,True,2,True,42,126,0,,True,0.1950801772519114,0.16846409295063114,0.5419481630882094,-0.7273796277199822,-0.015194038859817127,True,0.22076323643617404,0.16083609833956125,0.17926485410998086,0.14411396649754277,0.010388133564766032,-0.04930360209259466
"ID(pcdiamag3)|ID(pinj)|PROD(fs03da,cerqtit11)|PROD(gasa,ece1)|PROD(ip,prmtan_neped)|PROD(pinj,ece36)|PROD(prmtan_neped,ece39)|RATIO(ece25,ece39)|RATIO(fs03da,prmtan_neped)|RATIO(ip,ece22)|RECIP(bt)|RECIP(cerqtit10)",12,False,0.002,12,False,True,3,True,42,126,0,,True,0.20189552673384167,0.1568246477547401,0.634383328076079,-0.720564278238052,-0.008378689377886859,False,0.20621804230632534,0.1961321726371968,0.1781659078243601,0.1382787231272855,-0.004157060565082663,-0.014007527794959125
"ID(pcdiamag3)|PROD(fs03da,cerqtit11)|PROD(gasa,cerqtit6)|PROD(gasa,ece1)|PROD(ip,pinj)|PROD(ip,prmtan_neped)|PROD(pinj,ece36)|PROD(prmtan_neped,ece39)|RATIO(ece25,ece39)|RATIO(fs03da,prmtan_neped)|RECIP(cerqtit10)",11,False,0.002,11,False,True,3,True,42,126,0,,True,0.20500914228257228,0.17789246210462348,0.9169053214318895,-0.7174506626893213,-0.00526507382915626,False,0.22607266559147812,0.1769244445373645,0.18315493096632554,0.1615820240101157,0.01569756272007009,-0.033215255894791386
"ID(pcdiamag3)|PROD(bt,bt)|PROD(ece37,ece39)|PROD(gasa,ece1)|PROD(ip,prmtan_neped)|PROD(pinj,cerqrott6)|PROD(prmtan_neped,ece39)|PROD(prmtan_neped,prmtan_neped)|RATIO(fs03da,prmtan_neped)|RATIO(gasa,ece6)|RATIO(ip,ece22)",11,False,0.002,11,False,True,4,True,42,126,0,,True,0.39819934803106183,0.1705031802869968,7.469477130292227,-0.524260456940832,0.18792513191933327,False,0.5587093936605217,0.1841859538584484,0.17375558904589894,0.15279557289846518,0.3483342907891138,-0.02595374657370747
"ID(pcdiamag3)|PROD(ece37,ece39)|PROD(gasa,ece1)|PROD(ip,prmtan_neped)|PROD(pinj,cerqrott6)|PROD(prmtan_neped,ece39)|PROD(prmtan_neped,prmtan_neped)|RATIO(fs03da,prmtan_neped)|RATIO(gasa,ece6)|RATIO(ip,bt)|RATIO(ip,ece22)|RATIO(prmtan_neped,bt)",12,False,0.002,12,False,True,5,True,42,126,0,,True,0.39338577006400627,0.14787408300994756,7.7853209582481275,-0.5290740349078875,0.18311155395227774,False,0.5601673326173396,0.17101035332622838,0.15891918862565882,0.14206551563448686,0.34979222974593166,-0.0391293471059275
"ID(cerqtit6)|ID(pcdiamag3)|PROD(bt,cerqtit6)|PROD(ece37,ece39)|PROD(fs03da,cerqtit11)|PROD(pinj,cerqrott6)|PROD(prmtan_neped,prmtan_neped)|RATIO(cerqrott12,cerqtit10)|RATIO(ece25,ece39)|RATIO(ip,bt)|RATIO(ip,cerqtit10)|RATIO(prmtan_neped,ece22)",12,False,0.002,12,False,True,2,True,42,126,0,,True,0.19038531319970883,0.15823919517823914,0.5246334052231705,-0.7320744917721849,-0.019888902912019682,True,0.22032587050219976,0.15046457012972098,0.17773492514766626,0.13315517589374837,0.009950767630791764,-0.059675130302434924
"ID(pcdiamag3)|PROD(fs03da,cerqtit11)|PROD(gasa,ece1)|PROD(pinj,pinj_30l)|PROD(prmtan_neped,ece39)|RATIO(ece25,ece39)|RATIO(fs03da,prmtan_neped)|RATIO(ip,ece22)|RATIO(prmtan_neped,bt)|RECIP(bt)|RECIP(cerqtit10)",11,False,0.002,11,False,True,3,True,42,126,0,,True,0.2113509064740397,0.1732445120181842,0.5897038542915213,-0.7111088984978541,0.0010766903623111346,False,0.22061512280056358,0.1989986180386744,0.1950133074235691,0.13954444016512235,0.01024001992915558,-0.011141082393481452
"ID(pcdiamag3)|PROD(bt,bt)|PROD(fs03da,cerqtit11)|PROD(gasa,ece1)|PROD(ip,prmtan_neped)|PROD(prmtan_neped,ece39)|PROD(prmtan_neped,prmtan_neped)|RATIO(fs03da,prmtan_neped)|RATIO(ip,ece22)|RATIO(prmtan_neped,cerqtit10)|RECIP(bt)",11,False,0.002,11,False,True,5,True,42,126,0,,True,0.19975626143149755,0.17346702194949742,0.5487943227335328,-0.7227035435403961,-0.010517954680230975,True,0.22251265170912612,0.16941440772799277,0.1894498295452116,0.1573329096049079,0.012137548837718096,-0.040725292704163064
"ID(cerqtit6)|ID(pcdiamag3)|LEVEL_RATE(pinj_30r|ece39)|PROD(gasa,gasa)|PROD(gasa,gasb)|PROD(ip,ece39)|RATIO(ece16,cerqtit10)|RATIO(fs03da,prmtan_neped)|RATIO(prmtan_neped,ece22)|RECIP(bt)|RECIP(ece39)",11,False,0.002,11,True,True,2,True,42,126,0,,True,0.27331853221644264,0.1720597057523785,2.3509156283830985,-0.6491412727554512,0.06304431610471409,False,0.34329402919047186,0.1800178695844037,0.19140512365162837,0.15284737161952178,0.13291892631906382,-0.030121830847752194
"ID(pcdiamag3)|PROD(ece37,ece39)|PROD(fs03da,cerqtit11)|PROD(ip,prmtan_neped)|PROD(pinj,cerqrott6)|PROD(prmtan_neped,ece39)|PROD(prmtan_neped,prmtan_neped)|RATIO(fs03da,prmtan_neped)|RATIO(gasa,ece6)|RATIO(ip,ece22)",10,False,0.002,10,False,True,4,True,42,126,0,,True,0.2750983600280924,0.18129707590063698,4.02378147180863,-0.6473614449438013,0.06482414391636394,False,0.35838940104309747,0.1640436386747524,0.18455363250399007,0.1519304059317603,0.14801429817168948,-0.04609606175740347
"ID(pcdiamag3)|PROD(bt,bt)|PROD(fs03da,cerqtit11)|PROD(fs03da,ece39)|PROD(gasa,ece1)|PROD(ip,prmtan_neped)|PROD(prmtan_neped,ece39)|PROD(prmtan_neped,prmtan_neped)|RATIO(fs03da,prmtan_neped)|RATIO(gasd,bt)|RATIO(ip,ece22)|RATIO(prmtan_neped,cerqtit10)",12,False,0.002,12,False,True,5,True,42,126,0,,True,0.1968928820212159,0.16994257462774925,0.44876378322430294,-0.7255669229506777,-0.013381334090512599,True,0.21943264757408665,0.16683986128405498,0.17643589613372954,0.16680753719242575,0.00905754470267863,-0.043299839148100906
"ID(bt)|ID(pcdiamag3)|PROD(fs03da,cerqtit11)|PROD(gasa,ece1)|PROD(ip,prmtan_neped)|PROD(prmtan_neped,ece39)|RATIO(ece25,ece39)|RATIO(fs03da,prmtan_neped)|RATIO(ip,ece22)|RATIO(prmtan_neped,bt)|RECIP(bt)|RECIP(cerqtit10)",12,False,0.002,12,False,True,4,True,42,126,0,,True,0.20894133908148205,0.18346934908790785,0.5591586553001257,-0.7135184658904117,-0.001332877030246511,False,0.2203901895798576,0.1936762050836479,0.20641730277935,0.13542324402004727,0.010015086708449597,-0.016463495348507988
"ID(pcdiamag3)|PROD(bt,cerqtit6)|PROD(ece37,ece39)|PROD(fs03da,cerqtit11)|PROD(pinj,cerqrott6)|PROD(prmtan_neped,prmtan_neped)|RATIO(cerqrott12,cerqtit10)|RATIO(ece25,ece39)|RATIO(ip,bt)|RATIO(ip,cerqtit10)|RATIO(prmtan_neped,ece22)|RECIP(ece39)",12,False,0.002,12,False,True,2,True,42,126,0,,True,0.19082725166455333,0.16638717015807397,0.5431754155830556,-0.7316325533073402,-0.01944696444717519,True,0.22259565211466625,0.14846938439773613,0.18246867976758177,0.1445797922965454,0.012220549243258239,-0.06167031603441975
"ID(pcdiamag3)|PROD(ece37,ece39)|PROD(ip,prmtan_neped)|PROD(pinj,cerqrott6)|PROD(prmtan_neped,cerqtit6)|RATIO(cerqrott12,cerqtit10)|RATIO(cerqtit8,ece22)|RATIO(ece16,cerqtit10)|RATIO(fs03da,ece22)|RATIO(ip,bt)|RATIO(ip,ece22)|RECIP(bt)",12,False,0.002,12,False,True,2,True,42,126,0,,True,0.20322079682240493,0.1582105248798904,0.6542225036716869,-0.7192390081494887,-0.007053419289323573,False,0.22345421741831342,0.176242902694527,0.2056602549723367,0.14543978697820936,0.013079114546905413,-0.03389679773762889
"ID(pcdiamag3)|ID(prmtan_neped)|ID(prmtan_teped)|PROD(ece37,ece39)|PROD(gasa,gasa)|PROD(pinj,cerqrott6)|PROD(prmtan_neped,prmtan_neped)|RATIO(ece21,prmtan_neped)|RATIO(fs03da,prmtan_neped)|RATIO(ip,ece22)|RECIP(cerqtit10)|RECIP(prmtan_neped)",12,False,0.001,12,True,True,5,True,42,126,0,,True,0.7525956654575419,0.17321880842932513,12.324090774724924,-0.16986413951435186,0.5423214493458134,False,1.1837999649820188,0.177656599424906,0.17836454036696953,0.1690109074471213,0.9734248621106106,-0.03248310100724988
"ID(pcdiamag3)|ID(prmtan_neped)|PROD(ece37,ece39)|PROD(gasa,gasa)|PROD(pinj,cerqrott6)|PROD(prmtan_neped,prmtan_neped)|RATE_OVER_LEVEL(gasa|ece39)|RATIO(ece21,prmtan_neped)|RATIO(fs03da,prmtan_neped)|RATIO(ip,ece22)|RECIP(cerqtit10)|RECIP(prmtan_neped)",12,False,0.001,12,True,True,5,True,42,126,0,,True,0.792380309949265,0.17402450871836345,13.346448555278563,-0.13007949502262858,0.5821060938375366,False,1.2554786422539732,0.17491586687632102,0.18466699187332236,0.16877320579852972,1.0451035393825652,-0.03522383355583483
"ID(pcdiamag3)|PROD(bt,cerqtit6)|PROD(ece37,ece39)|PROD(gasa,ece1)|PROD(ip,prmtan_neped)|PROD(pinj,cerqrott6)|PROD(prmtan_neped,ece39)|PROD(prmtan_neped,prmtan_neped)|RATIO(fs03da,prmtan_neped)|RATIO(gasa,ece6)|RATIO(ip,bt)|RATIO(ip,ece22)",12,False,0.001,12,False,True,4,True,42,126,0,,True,0.39115107598325816,0.1558861062854109,7.5692010060182335,-0.5313087289886356,0.18087685987152957,False,0.5539024874786904,0.17414919398934833,0.16426342651262033,0.14566171729920846,0.3435273846072824,-0.03599050644280756
"ID(pcdiamag3)|ID(prmtan_neped)|LEVEL_RATE(prmtan_neped|ece9)|PROD(ece37,ece39)|PROD(gasa,gasa)|PROD(pinj,cerqrott6)|PROD(prmtan_neped,prmtan_neped)|RATIO(ece21,prmtan_neped)|RATIO(fs03da,prmtan_neped)|RATIO(ip,ece22)|RECIP(cerqtit10)|RECIP(prmtan_neped)",12,False,0.001,12,True,True,6,True,42,126,0,,True,0.6875925284899709,0.17337063531267422,11.190935973367829,-0.23486727648192277,0.4773183123782424,False,1.0692959577027996,0.1786546228728657,0.17917329837757273,0.16971350459385265,0.8589208548313918,-0.03148507755929017
"ID(pcdiamag3)|ID(prmtan_neped)|PROD(ece37,ece39)|PROD(gasa,gasa)|PROD(pinj,cerqrott6)|PROD(pinj_30l,cerqtit6)|PROD(prmtan_neped,prmtan_neped)|RATIO(ece21,prmtan_neped)|RATIO(fs03da,prmtan_neped)|RATIO(ip,ece22)|RECIP(cerqtit10)|RECIP(prmtan_neped)",12,False,0.001,12,True,True,5,True,42,126,0,,True,0.755837662917042,0.16618627559039212,12.274112287106398,-0.1666221420548517,0.5455634468053134,False,1.1922498893784637,0.1739546943018132,0.19110610934540193,0.155848550239426,0.9818747865070557,-0.03618500613034267
"ID(pcdiamag3)|PROD(bt,bt)|PROD(fs03da,cerqtit11)|PROD(fs04,pinj)|PROD(gasa,ece1)|PROD(ip,prmtan_neped)|PROD(prmtan_neped,ece39)|PROD(prmtan_neped,prmtan_neped)|RATIO(fs03da,prmtan_neped)|RATIO(gasd,bt)|RATIO(ip,ece22)|RATIO(prmtan_neped,cerqtit10)",12,False,0.001,12,False,True,5,True,42,126,0,,True,0.19778407917900248,0.17250307083061486,0.48243805952502083,-0.7246757257928913,-0.012490136932726043,True,0.22041919695451026,0.16760392214499217,0.17764642750561513,0.16729796370707656,0.010044094083102242,-0.042535778287163754
"ID(pcdiamag3)|PROD(ece37,ece39)|PROD(gasa,cerqtit6)|PROD(ip,prmtan_neped)|PROD(pinj,cerqrott6)|PROD(prmtan_neped,cerqtit6)|RATIO(cerqrott12,cerqtit10)|RATIO(ece16,cerqtit10)|RATIO(fs03da,ece22)|RATIO(ip,bt)|RATIO(ip,ece22)",11,False,0.001,11,False,True,2,True,42,126,0,,True,0.20360334702281843,0.15862085131907272,0.6841287519919806,-0.7188564579490753,-0.0066708690889100974,False,0.22296944971752028,0.1777818767632159,0.17075982840729623,0.1451252751826347,0.012594346846112275,-0.032357823668939925
"ID(pcdiamag3)|PROD(fs03da,cerqtit11)|PROD(gasa,ece1)|PROD(ip,pinj)|PROD(ip,prmtan_neped)|PROD(pinj,ece36)|PROD(prmtan_neped,ece39)|RATIO(ece25,ece39)|RATIO(fs03da,prmtan_neped)|RATIO(gasa,ece6)|RECIP(cerqtit10)",11,False,0.001,11,False,True,3,True,42,126,0,,True,0.4867467999407052,0.17926219990510925,7.358164506288741,-0.43571300503118854,0.27647258382897666,False,0.7229796415996588,0.17176967772876722,0.18290916853925177,0.1615031025786804,0.5126045387282507,-0.03837002270338868
"ID(pcdiamag3)|PROD(fs03da,cerqtit11)|PROD(gasa,ece1)|PROD(ip,prmtan_neped)|PROD(pinj,cerqrott6)|PROD(prmtan_neped,ece38)|PROD(prmtan_neped,ece39)|RATIO(ece25,ece39)|RATIO(fs03da,prmtan_neped)|RATIO(ip,ece22)|RECIP(cerqtit10)",11,False,0.001,11,False,True,4,True,42,126,0,,True,0.2067945561521364,0.16907907148013224,0.5272164651782655,-0.7156652488197572,-0.0034796599595920763,False,0.22739708181983728,0.17932452192853537,0.1839582181413148,0.14129007122062992,0.017021978948429252,-0.03081517850362052
"ID(pcdiamag3)|PROD(ece37,cerqtit6)|PROD(ece39,cerqtit10)|PROD(gasa,gasa)|RATE_OVER_LEVEL(ece37|cerqtit10)|RATIO(ece16,cerqtit10)|RATIO(fs03da,ece22)|RATIO(ip,bt)|RATIO(ip,ece22)|RATIO(prmtan_neped,ece22)|RECIP(bt)",11,False,0.001,11,True,True,1,True,42,126,0,,True,0.7925768873512321,0.1801671544016542,17.397565193410106,-0.12988291762066176,0.5823026712395035,False,1.2537383384606253,0.17769495253870732,0.21513970542429472,0.1614048356632024,1.0433632355892175,-0.03244474789344856
"ID(pcdiamag3)|ID(prmtan_neped)|PROD(ece37,ece39)|PROD(gasa,gasa)|PROD(pinj,cerqrott6)|PROD(prmtan_neped,prmtan_neped)|RATIO(bt,prmtan_neped)|RATIO(ece21,prmtan_neped)|RATIO(fs03da,prmtan_neped)|RATIO(ip,ece22)|RECIP(cerqtit10)|RECIP(prmtan_neped)",12,False,0.001,12,True,True,6,True,42,126,0,,True,0.7758213248117857,0.1573350542522547,12.967336008056462,-0.14663848016010797,0.5655471087000572,False,1.2291915957745658,0.17132763019474564,0.16011593976424035,0.1506454344088945,1.0188164929031578,-0.038812070237410214
"ID(pcdiamag3)|PROD(bt,bt)|PROD(fs03da,cerqtit11)|PROD(gasa,ece1)|PROD(ip,prmtan_neped)|PROD(pinj,pinj_30l)|PROD(prmtan_neped,ece39)|PROD(prmtan_neped,prmtan_neped)|RATIO(fs03da,prmtan_neped)|RATIO(gasd,bt)|RATIO(ip,ece22)|RATIO(prmtan_neped,cerqtit10)",12,False,0.001,12,False,True,5,True,42,126,0,,True,0.19708678019648054,0.17222409565953423,0.5221056563790025,-0.7253730247754133,-0.013187435915248033,True,0.2242644570889416,0.16084987767319903,0.17733781837541196,0.1589100536703135,0.013889354217533595,-0.04928982275895686
"ID(pcdiamag3)|PROD(bt,bt)|PROD(ece37,ece39)|PROD(fs03da,ece39)|PROD(gasa,gasa)|PROD(ip,prmtan_neped)|PROD(pinj,pinj_30l)|PROD(prmtan_neped,ece39)|RATIO(cerqrott12,cerqtit10)|RATIO(cerqtit8,ece22)|RATIO(prmtan_neped,cerqtit10)",11,False,0.001,11,True,True,3,True,42,126,0,,True,0.7247099431213646,0.14782400525351505,13.230941046898332,-0.19774986185052917,0.5144357270096361,False,1.1533871508956006,0.1531403327557165,0.17187989563023562,0.1401232152848627,0.9430120480241927,-0.056999367676439365
"ID(pcdiamag3)|PROD(ece37,ece39)|PROD(gasa,ece1)|PROD(ip,prmtan_neped)|PROD(pinj,cerqrott6)|PROD(prmtan_neped,ece39)|PROD(prmtan_neped,prmtan_neped)|RATIO(ece21,prmtan_neped)|RATIO(fs03da,prmtan_neped)|RATIO(gasa,ece6)|RATIO(ip,ece22)",11,False,0.001,11,False,True,5,True,42,126,0,,True,0.4016918426800939,0.1676830325897643,7.443130599141746,-0.5207679622917999,0.19141762656836533,False,0.567312189592566,0.1808647134634643,0.17385120794947473,0.14120056421271177,0.3569370867211581,-0.02927498696869158
"ID(pcdiamag3)|PROD(bt,bt)|PROD(fs03da,cerqtit11)|PROD(gasa,ece1)|PROD(ip,prmtan_neped)|PROD(pinj,cerqrott6)|PROD(prmtan_neped,ece39)|PROD(prmtan_neped,prmtan_neped)|RATIO(fs03da,prmtan_neped)|RATIO(ip,ece22)|RATIO(prmtan_neped,cerqtit10)",11,False,0.001,11,False,True,5,True,42,126,0,,True,0.1978378947992924,0.16896777050502437,0.586773014803028,-0.7246219101726012,-0.012436321312436157,True,0.22366719351125167,0.1633988298500133,0.19654883801733114,0.14006720593426547,0.013292090639843651,-0.046740870582142574
"ID(pcdiamag3)|LEVEL_RATE(cerqrott12|ece33)|PROD(ece37,ece39)|PROD(gasa,gasa)|PROD(pinj,cerqrott6)|PROD(prmtan_neped,prmtan_neped)|RATIO(ece21,prmtan_neped)|RATIO(fs03da,prmtan_neped)|RATIO(ip,ece22)|RECIP(cerqtit10)|RECIP(prmtan_neped)",11,False,0.001,11,True,True,4,True,42,126,0,,True,0.7876852527230715,0.1658743285330715,13.92668975345663,-0.134774552248822,0.5774110366113432,False,1.2588510189978301,0.15946423102339372,0.17768757817155656,0.1493518645928001,1.048475916126422,-0.050675469408762136
"ID(pcdiamag3)|LEVEL_RATE(prmtan_neped|ip)|PROD(cerqtit8,cerqtit10)|PROD(ece37,ece39)|PROD(fs03da,cerqtit11)|PROD(gasa,gasa)|PROD(pinj,cerqrott6)|RATIO(ece25,ece39)|RATIO(prmtan_neped,ece22)|RECIP(cerqtit10)",10,False,0.001,10,True,True,2,True,42,126,0,,True,0.7196007797474697,0.16525584148222688,15.7782463558039,-0.20285902522442403,0.5093265636357411,False,1.1158427206249995,0.19127819191076312,0.16604211967239202,0.15855763524528638,0.9054676177535915,-0.018861508521392747
"ID(pcdiamag3)|LEVEL_RATE(cerqrott12|ece33)|PROD(bt,bt)|PROD(fs03da,cerqtit11)|PROD(gasa,ece1)|PROD(ip,prmtan_neped)|PROD(prmtan_neped,ece39)|PROD(prmtan_neped,prmtan_neped)|RATIO(fs03da,prmtan_neped)|RATIO(ip,ece22)|RATIO(prmtan_neped,cerqtit10)",11,False,0.001,11,False,True,5,True,42,126,0,,True,0.19562538177215952,0.17221808866614186,0.5464977505056688,-0.7268344231997342,-0.014648834339569084,True,0.22172088022677242,0.16083138383267545,0.17676963157090575,0.13813590320902308,0.011345777355364413,-0.049308316599480415
"ID(pcdiamag3)|LEVEL_RATE(prmtan_neped|ece9)|PROD(fs03da,cerqtit11)|PROD(gasa,ece1)|PROD(ip,prmtan_neped)|PROD(prmtan_neped,ece39)|PROD(prmtan_neped,prmtan_neped)|RATIO(fs03da,prmtan_neped)|RATIO(ip,ece22)|RATIO(prmtan_neped,cerqtit10)",10,False,0.001,10,False,True,6,True,42,126,0,,True,0.1972550258179835,0.17868458980446822,0.5749714256227682,-0.7252047791539102,-0.013019190293745002,True,0.22137154240900245,0.16509967036329162,0.18173581108130343,0.15480450563909764,0.010996439537594419,-0.04504003006886424
"ID(ece39)|ID(pcdiamag3)|PROD(ece37,ece39)|PROD(fs03da,cerqtit11)|PROD(gasa,gasa)|PROD(ip,prmtan_neped)|PROD(prmtan_neped,ece39)|RATIO(ece25,ece39)|RATIO(fs03da,prmtan_neped)|RATIO(ip,ece22)",10,False,0.001,10,True,True,3,True,42,126,0,,True,0.48985824878632217,0.15319496862962967,8.156343244107383,-0.4326015561855715,0.27958403267459364,False,0.7185196574171163,0.18497637061193,0.1658368686677545,0.14033622859696382,0.5081445545457082,-0.025163329820225875
"ID(pcdiamag3)|PROD(ece37,ece39)|PROD(gasa,gasa)|PROD(pinj,cerqrott6)|PROD(prmtan_neped,prmtan_neped)|RATIO(ece21,prmtan_neped)|RATIO(fs03da,prmtan_neped)|RATIO(ip,ece22)|RECIP(bt)|RECIP(cerqtit10)|RECIP(prmtan_neped)",11,False,0.001,11,True,True,4,True,42,126,0,,True,0.8253271281620863,0.14828257003548684,14.027232503201262,-0.09713267680980736,0.6150529120503578,False,1.3195646944983634,0.16634370638038337,0.16207591335194166,0.13880765778405524,1.1091895916269554,-0.04379599405177249
"ID(pcdiamag3)|ID(prmtan_neped)|PROD(ece37,ece39)|PROD(gasa,gasa)|PROD(prmtan_neped,cerqtit6)|PROD(prmtan_neped,ece39)|RATIO(cerqrott12,cerqtit10)|RATIO(ip,bt)|RATIO(ip,ece22)|RATIO(pinj_33r,cerqtit10)|RATIO(prmtan_neped,cerqtit10)",11,False,0.001,11,True,True,4,True,42,126,0,,True,0.6224854493169828,0.1680029244008746,16.659701188909576,-0.2999743556549109,0.41221123320525427,False,0.9671893260187954,0.1628802803812331,0.18359934833325064,0.14728009613004986,0.7568142231473871,-0.0472594200509228
"ID(pcdiamag3)|LEVEL_RATE(cerqrott12|cerqtit8)|PROD(ece37,ece39)|PROD(fs03da,cerqtit11)|PROD(gasa,gasa)|PROD(ip,prmtan_neped)|PROD(prmtan_neped,ece39)|RATIO(ece25,ece39)|RATIO(ece39,bt)|RATIO(gasc,cerqtit10)|RATIO(ip,ece22)",11,False,0.001,11,True,True,2,True,42,126,0,,True,0.5208306156274132,0.16136180366795594,9.0200979767495,-0.40162918934448055,0.3105563995156847,False,0.7928945624424765,0.15807868654066193,0.1688907273308117,0.15913584495006822,0.5825194595710687,-0.05206101389149394
"ID(pcdiamag3)|LEVEL_RATE(cerqrott12|cerqtit8)|PROD(bt,bt)|PROD(fs03da,cerqtit11)|PROD(gasa,ece1)|PROD(ip,prmtan_neped)|PROD(prmtan_neped,ece39)|PROD(prmtan_neped,prmtan_neped)|RATIO(fs03da,prmtan_neped)|RATIO(ip,ece22)|RATIO(prmtan_neped,cerqtit10)",11,False,0.001,11,False,True,5,True,42,126,0,,True,0.19797957389754414,0.1718378501977563,0.5510219324211164,-0.7244802310743494,-0.012294642214184378,True,0.22440086129568879,0.16275119070001798,0.17589397869072965,0.1480614331400117,0.014025758424280756,-0.047388509732137894
"ID(pcdiamag3)|LEVEL_RATE(prmtan_neped|ece9)|PROD(ece37,ece39)|PROD(gasa,gasa)|PROD(pinj,cerqrott6)|PROD(prmtan_neped,prmtan_neped)|RATIO(ece21,prmtan_neped)|RATIO(fs03da,prmtan_neped)|RATIO(ip,ece22)|RECIP(cerqtit10)|RECIP(prmtan_neped)",11,False,0.001,11,True,True,5,True,42,126,0,,True,0.7210054028277226,0.16567278484470405,12.442623281139973,-0.20145440214417099,0.510731186715994,False,1.12891320397726,0.1771283346283394,0.17541300554126704,0.149407252980309,0.918538101105852,-0.033011365803816445
"ID(pcdiamag3)|LEVEL_RATE(pinj_30r|ece39)|PROD(fs03da,cerqtit11)|PROD(gasa,ece1)|PROD(ip,prmtan_neped)|PROD(pinj,cerqrott6)|PROD(prmtan_neped,ece39)|RATIO(ece25,ece39)|RATIO(fs03da,prmtan_neped)|RATIO(ip,ece22)|RECIP(cerqtit10)",11,False,0.001,11,False,True,3,True,42,126,0,,True,0.21161165347196054,0.16716361882124806,0.6115355155626275,-0.7108481514999332,0.0013374373602319926,False,0.22291706615157636,0.19653776989913938,0.18659845044382012,0.1416888700068636,0.012541963280168352,-0.01360193053301649
"ID(pcdiamag3)|PROD(bt,bt)|PROD(ece37,ece39)|PROD(fs03da,cerqtit11)|PROD(gasa,ece1)|PROD(ip,prmtan_neped)|PROD(prmtan_neped,ece39)|PROD(prmtan_neped,prmtan_neped)|RATIO(fs03da,prmtan_neped)|RATIO(ip,ece22)|RATIO(prmtan_neped,cerqtit10)",11,False,0.001,11,False,True,5,True,42,126,0,,True,0.19475934412697357,0.17254777957725714,0.5495105233752772,-0.7277004608449201,-0.015514871984754965,True,0.2150858553223106,0.16765732919985754,0.17877253452186764,0.14147362100806904,0.0047107524509025596,-0.04248237123229834
"ID(ece39)|ID(pcdiamag3)|LEVEL_RATE(cerqrott12|cerqtit8)|PROD(ece37,ece39)|PROD(fs03da,cerqtit11)|PROD(gasa,gasa)|PROD(ip,prmtan_neped)|PROD(prmtan_neped,ece39)|RATIO(ece25,ece39)|RATIO(ip,ece22)|RECIP(prmtan_neped)",11,False,0.001,11,True,True,3,True,42,126,0,,True,0.4430085234541603,0.15534493111294873,7.173013941264365,-0.47945128151773325,0.23273430734243186,False,0.6409072812614697,0.17914351304441473,0.17576620675011906,0.1439187247527871,0.4305321783900616,-0.03099618738774115
"ID(pcdiamag3)|PROD(fs03da,cerqtit11)|PROD(ip,prmtan_neped)|PROD(pinj,ece36)|PROD(prmtan_neped,ece39)|RATE_OVER_LEVEL(ip|ece1)|RATIO(ece25,ece39)|RATIO(fs03da,prmtan_neped)|RATIO(ip,ece22)|RATIO(pinj,bt)|RECIP(bt)|RECIP(cerqtit10)",12,False,0.001,12,False,True,3,True,42,126,0,,True,0.19715545031955653,0.1741376765760876,0.5478378690384984,-0.7253043546523371,-0.013118765792172018,True,0.20174974545032578,0.19102972347853076,0.19120801272027782,0.1377546267129862,-0.008625357421082195,-0.01910997695362512
"ID(pcdiamag3)|ID(pinj)|PROD(bt,gasd)|PROD(fs03da,cerqtit11)|PROD(ip,prmtan_neped)|PROD(pinj,ece36)|PROD(prmtan_neped,ece39)|RATIO(ece25,ece39)|RATIO(fs03da,prmtan_neped)|RATIO(ip,ece22)|RECIP(bt)|RECIP(cerqtit10)",12,False,0.001,12,False,True,3,True,42,126,0,,True,0.19230766941085148,0.1743517193326528,0.3982183710051285,-0.7301521355610421,-0.017966546700877068,True,0.20359784611048984,0.17725410047800033,0.19079678363174657,0.13829838949751047,-0.006777256760918189,-0.03288559995415557
"ID(pcdiamag3)|PROD(fs03da,cerqtit11)|PROD(gasa,ece1)|PROD(ip,prmtan_neped)|PROD(prmtan_neped,ece39)|RATIO(cerqrott12,cerqtit10)|RATIO(ece25,ece39)|RATIO(fs03da,prmtan_neped)|RATIO(ip,ece22)|RATIO(prmtan_teped,prmtan_neped)|RECIP(bt)|RECIP(cerqtit10)",12,False,0.001,12,False,True,4,True,42,126,0,,True,0.1965999858133576,0.1712494742048397,0.5428509526723883,-0.725859819158536,-0.013674230298370917,True,0.21352498899493977,0.17403331490458135,0.17910762509139938,0.14293087233252227,0.0031498861235317796,-0.03610638552757451
"ID(ece39)|ID(pcdiamag3)|LEVEL_RATE(cerqrott12|cerqtit8)|PROD(ece37,ece39)|PROD(fs03da,cerqtit11)|PROD(gasa,gasa)|PROD(ip,prmtan_neped)|PROD(pinj,pinj_30l)|PROD(prmtan_neped,ece39)|RATIO(ece25,ece39)|RATIO(gasc,cerqtit10)|RATIO(ip,ece22)",12,False,0.001,12,True,True,2,True,42,126,0,,True,0.5554831582176128,0.1608909749565856,10.263030730106877,-0.3669766467542809,0.3452089421058843,False,0.8539405697950073,0.15753994278108685,0.16348517132706986,0.1532696802626704,0.6435654669235994,-0.05259975765106906
"ID(pcdiamag3)|LEVEL_RATE(cerqrott12|ece33)|PROD(fs03da,cerqtit11)|PROD(ip,prmtan_neped)|PROD(pinj,ece36)|PROD(prmtan_neped,ece39)|RATIO(ece25,ece39)|RATIO(fs03da,prmtan_neped)|RATIO(ip,ece22)|RATIO(pinj,bt)|RECIP(bt)|RECIP(cerqtit10)",12,False,0.001,12,False,True,3,True,42,126,0,,True,0.19386075359611732,0.16078154124909672,0.4868121115134383,-0.7285990513757763,-0.01641346251561119,True,0.2016735430455915,0.1834437009968184,0.1858196884020768,0.14015330610100035,-0.008701559825816477,-0.026695999435337476
"ID(pcdiamag3)|PROD(ece37,ece39)|PROD(gasa,ece1)|PROD(ip,prmtan_neped)|PROD(pinj,cerqrott6)|PROD(prmtan_neped,ece39)|PROD(prmtan_neped,prmtan_neped)|RATIO(fs03da,prmtan_neped)|RATIO(gasa,ece6)|RATIO(ip,bt)|RATIO(ip,ece22)|RATIO(prmtan_neped,cerqtit10)",12,False,0.001,12,False,True,5,True,42,126,0,,True,0.39050785428502294,0.16029934062928672,6.815687560206169,-0.5319519506868707,0.18023363817329435,False,0.5570741420206574,0.16841947063751012,0.16446859383945367,0.14839729240843597,0.34669903914924943,-0.04172022979464576
"ID(pcdiamag3)|PROD(fs03da,cerqtit11)|PROD(fs04,pinj)|PROD(gasa,ece1)|PROD(ip,prmtan_neped)|PROD(prmtan_neped,ece39)|RATIO(ece25,ece39)|RATIO(fs03da,prmtan_neped)|RATIO(ip,ece22)|RATIO(prmtan_teped,prmtan_neped)|RECIP(bt)|RECIP(cerqtit10)",12,False,0.001,12,False,True,4,True,42,126,0,,True,0.20254438636404568,0.1736492280298237,0.5499926579395923,-0.7199154186078479,-0.007729829747682834,False,0.20553176030589024,0.19856122110825303,0.18841594051411426,0.14319383348948236,-0.004843342565517802,-0.01157847932390287
"ID(pcdiamag3)|ID(prmtan_neped)|PROD(fs03da,cerqtit11)|PROD(gasa,ece1)|PROD(ip,prmtan_neped)|PROD(pinj,ece36)|PROD(prmtan_neped,ece39)|RATIO(ece25,ece39)|RATIO(fs03da,prmtan_neped)|RATIO(ip,ece22)|RECIP(bt)|RECIP(cerqtit10)",12,False,0.001,12,False,True,4,True,42,126,0,,True,0.20645571628555054,0.17324110412677687,0.5925285712834233,-0.7160040886863431,-0.0038184998261779775,False,0.21335991613617133,0.1972501164847228,0.2058111619132647,0.14225527794001258,0.002984813264763324,-0.012889583947433038
"ID(pcdiamag3)|LEVEL_RATE(bt|cerqrott3)|PROD(bt,bt)|PROD(fs03da,cerqtit11)|PROD(gasa,ece1)|PROD(ip,prmtan_neped)|PROD(prmtan_neped,ece39)|PROD(prmtan_neped,prmtan_neped)|RATIO(fs03da,prmtan_neped)|RATIO(gasd,bt)|RATIO(ip,ece22)|RATIO(prmtan_neped,cerqtit10)",12,False,0.001,12,False,True,5,True,42,126,0,,True,0.195861196983632,0.1768230668864304,0.5567078318239406,-0.7265986079882617,-0.014413019128096534,True,0.22256027547716062,0.16026242565892718,0.1786128460379361,0.150313361419725,0.01218517260575259,-0.0498772747732287
"ID(pcdiamag3)|LEVEL_RATE(fs03da|cerqrott6)|PROD(fs03da,cerqtit11)|PROD(gasa,ece1)|PROD(ip,prmtan_neped)|PROD(pinj,cerqrott6)|PROD(prmtan_neped,ece39)|RATIO(ece25,ece39)|RATIO(fs03da,prmtan_neped)|RATIO(ip,ece22)|RECIP(bt)|RECIP(cerqtit10)",12,False,0.001,12,False,True,3,True,42,126,0,,True,0.20746423688278962,0.16501351789589583,0.5912685891143824,-0.7149955680891041,-0.0028099792289389782,False,0.21711493607584167,0.19459663795871998,0.19291763695316005,0.1380885885611199,0.006739833204433711,-0.015543062473435895
"ID(pcdiamag3)|PROD(fs03da,cerqtit11)|PROD(gasa,ece1)|PROD(ip,prmtan_neped)|PROD(pinj,ece36)|PROD(prmtan_neped,ece39)|RATIO(ece25,ece39)|RATIO(fs03da,prmtan_neped)|RATIO(ip,ece22)|RATIO(prmtan_neped,bt)|RECIP(bt)|RECIP(cerqtit10)",12,False,0.001,12,False,True,4,True,42,126,0,,True,0.20629569714566257,0.17379387806851493,0.5915942429206048,-0.7161641078262311,-0.003978518966065918,False,0.21307894719604972,0.19725136374514643,0.2053724930821798,0.14208619646044587,0.0027038443246417327,-0.01288833668700945
"ID(pcdiamag3)|LEVEL_RATE(cerqrott12|ece33)|PROD(bt,bt)|PROD(ece37,ece39)|PROD(fs03da,ece39)|PROD(gasa,gasa)|PROD(ip,prmtan_neped)|PROD(prmtan_neped,ece39)|RATIO(cerqrott12,cerqtit10)|RATIO(cerqtit8,ece22)|RATIO(ip,bt)|RATIO(prmtan_neped,cerqtit10)",12,False,0.001,12,True,True,3,True,42,126,0,,True,0.7020687188478351,0.1647864139700303,13.028024620773992,-0.22039108612405875,0.49179450273610636,False,1.1143168297794839,0.15240457093896975,0.1731496136952277,0.13574041731338216,0.9039417269080757,-0.05773512949318612
"ID(pcdiamag3)|PROD(fs03da,cerqtit11)|PROD(gasa,ece1)|PROD(ip,prmtan_neped)|PROD(pinj,cerqrott6)|PROD(pinj_30l,cerqtit6)|PROD(prmtan_neped,ece39)|RATIO(ece25,ece39)|RATIO(fs03da,prmtan_neped)|RATIO(ip,ece22)|RECIP(bt)|RECIP(cerqtit10)",12,False,0.001,12,False,True,3,True,42,126,0,,True,0.20334540068354437,0.1766287046415299,0.5723442315287804,-0.7191144042883494,-0.00692881542818418,False,0.21368141415660777,0.18956404938612648,0.1915952368980696,0.13639684744582126,0.0033063112851997333,-0.020575651046029403
"ID(pcdiamag3)|LEVEL_RATE(cerqrott12|ece33)|PROD(ece37,ece39)|PROD(fs03da,ece39)|PROD(gasa,gasa)|PROD(ip,prmtan_neped)|PROD(prmtan_neped,ece39)|RATIO(cerqrott12,cerqtit10)|RATIO(cerqtit8,ece22)|RATIO(ip,bt)|RATIO(prmtan_neped,cerqtit10)|RECIP(bt)",12,False,0.001,12,True,True,3,True,42,126,0,,True,0.7019634732094687,0.1647379755072204,13.024056483072009,-0.22049633176242492,0.49168925709774025,False,1.1142204916680092,0.15228744859808158,0.17310759604163053,0.13560514603749158,0.9038453887966013,-0.05785225183407429
"ID(pcdiamag3)|PROD(fs03da,cerqtit11)|PROD(gasa,ece1)|PROD(ip,prmtan_neped)|PROD(prmtan_neped,ece39)|RATE_OVER_LEVEL(ip|ece1)|RATIO(ece25,ece39)|RATIO(fs03da,prmtan_neped)|RATIO(ip,ece22)|RATIO(prmtan_neped,bt)|RECIP(bt)|RECIP(cerqtit10)",12,False,0.001,12,False,True,4,True,42,126,0,,True,0.20873514854451147,0.18745864235843782,0.5764220256362524,-0.7137246564273823,-0.0015390675672170377,False,0.21936743498257996,0.19455876662708685,0.2081586369599611,0.14343514445079236,0.008992332111171947,-0.015580933805069018
"ID(pcdiamag3)|PROD(bt,bt)|PROD(fs03da,cerqtit11)|PROD(gasa,ece1)|PROD(ip,prmtan_neped)|PROD(prmtan_neped,ece39)|PROD(prmtan_neped,prmtan_neped)|RATE_OVER_LEVEL(cerqrott3|ece1)|RATIO(fs03da,prmtan_neped)|RATIO(gasd,bt)|RATIO(ip,ece22)|RATIO(prmtan_neped,cerqtit10)",12,False,0.001,12,False,True,5,True,42,126,0,,True,0.19584285248750605,0.1752328407613907,0.5506063269577728,-0.7266169524843876,-0.014431363624222458,True,0.2212751560233026,0.16193311443977743,0.17661220867287486,0.15294892979954686,0.010900053151894573,-0.0482065859923785
"ID(pcdiamag3)|ID(pinj)|PROD(fs03da,cerqtit11)|PROD(gasa,cerqtit6)|PROD(ip,prmtan_neped)|PROD(pinj,ece36)|PROD(prmtan_neped,ece39)|RATIO(ece25,ece39)|RATIO(fs03da,prmtan_neped)|RATIO(ip,ece22)|RECIP(bt)|RECIP(cerqtit10)",12,False,0.001,12,False,True,3,True,42,126,0,,True,0.2013661617463305,0.15289235844243756,0.6423642508939581,-0.7210936432255631,-0.008908054365397983,False,0.2054730736049657,0.19589027926815034,0.1628550820773167,0.1414725958791709,-0.004902029266442316,-0.014249421164005537
"ID(pcdiamag3)|PROD(bt,bt)|PROD(fs03da,cerqtit11)|PROD(gasa,ece1)|PROD(ip,prmtan_neped)|PROD(prmtan_neped,ece39)|PROD(prmtan_neped,prmtan_neped)|RATIO(fs03da,prmtan_neped)|RATIO(gasd,bt)|RATIO(ip,ece22)|RATIO(pinj_33r,cerqtit10)|RATIO(prmtan_neped,cerqtit10)",12,False,0.001,12,False,True,5,True,42,126,0,,True,0.1981671790941585,0.17607215840334656,0.5693018854281959,-0.7242926258777351,-0.012107037017569999,True,0.22290635025064,0.16518161755218322,0.17773242128094813,0.1556690558209442,0.01253124737923198,-0.04495808287997264
"ID(pcdiamag3)|PROD(bt,bt)|PROD(fs03da,cerqtit11)|PROD(gasa,ece1)|PROD(ip,prmtan_neped)|PROD(prmtan_neped,ece39)|PROD(prmtan_neped,prmtan_neped)|RATIO(fs03da,prmtan_neped)|RATIO(gasd,bt)|RATIO(gasd,ip)|RATIO(ip,ece22)|RATIO(prmtan_neped,cerqtit10)",12,False,0.001,12,False,True,5,True,42,126,0,,True,0.20042727213983305,0.17458377973513967,0.5515601649284229,-0.7220325328320607,-0.00984694397189547,False,0.22963869689312266,0.16147870580211357,0.17798141977958118,0.14987954943411025,0.019263594021714656,-0.048660994630042316
"ID(pcdiamag3)|ID(prmtan_neped)|PROD(ece37,ece39)|PROD(gasa,gasa)|PROD(pinj,cerqrott6)|PROD(prmtan_neped,prmtan_neped)|RATIO(ece21,prmtan_neped)|RATIO(fs03da,prmtan_neped)|RATIO(ip,ece22)|RATIO(prmtan_neped,bt)|RECIP(cerqtit10)|RECIP(prmtan_neped)",12,False,0.001,12,True,True,6,True,42,126,0,,True,0.778638328442792,0.16425197968785374,13.323011060808746,-0.14382147652910166,0.5683641123310634,False,1.238615561957874,0.16533535042268246,0.18690955270028187,0.15781947245678501,1.028240459086466,-0.044804350009473415
"ID(pcdiamag3)|LEVEL_RATE(prmtan_neped|ece9)|PROD(ece37,ece39)|PROD(gasa,ece1)|PROD(ip,prmtan_neped)|PROD(pinj,cerqrott6)|PROD(prmtan_neped,ece39)|PROD(prmtan_neped,prmtan_neped)|RATIO(fs03da,prmtan_neped)|RATIO(gasa,ece6)|RATIO(ip,bt)|RATIO(ip,ece22)",12,False,0.001,12,False,True,5,True,42,126,0,,True,0.3947258186804494,0.15275607040407424,7.644173569240665,-0.5277339862914442,0.1844516025687209,False,0.5600052320985088,0.17435326745637023,0.15762144386601856,0.1406519449871436,0.3496301292271009,-0.03578643297578568
"ID(pcdiamag3)|PROD(bt,prmtan_neped)|PROD(fs03da,cerqtit11)|PROD(gasa,ece1)|PROD(ip,prmtan_neped)|PROD(pinj,cerqrott6)|PROD(prmtan_neped,ece39)|RATIO(ece25,ece39)|RATIO(fs03da,prmtan_neped)|RATIO(ip,ece22)|RECIP(bt)|RECIP(cerqtit10)",12,False,0.001,12,False,True,4,True,42,126,0,,True,0.20704690518797506,0.17560110253710093,0.5919690691689813,-0.7154128997839186,-0.0032273109237534524,False,0.21892902146358284,0.19120408348716475,0.20077699875835364,0.13726462710017384,0.008553918592174806,-0.018935616944991143
"ID(pcdiamag3)|LEVEL_RATE(prmtan_neped|ip)|PROD(cerqtit8,cerqtit10)|PROD(ece37,ece39)|PROD(fs03da,cerqtit11)|PROD(gasa,gasa)|PROD(pinj,cerqrott6)|RATIO(ece22,ece39)|RATIO(ece25,ece39)|RATIO(prmtan_neped,ece22)|RECIP(cerqtit10)",11,False,0.001,11,True,True,2,True,42,126,0,,True,0.7140500651468221,0.16771895261631625,15.628726560418423,-0.2084097398250716,0.5037758490350935,False,1.1037275662644233,0.19448006365668705,0.16893790957127297,0.15980875225384447,0.8933524633930156,-0.01565963677546885
"ID(pcdiamag3)|PROD(ece37,ece39)|PROD(ip,prmtan_neped)|PROD(pinj,cerqrott6)|PROD(prmtan_neped,cerqtit6)|RATIO(cerqrott12,cerqtit10)|RATIO(ece16,cerqtit10)|RATIO(fs03da,ece22)|RATIO(ip,bt)|RATIO(ip,cerqtit10)|RATIO(ip,ece22)",11,False,0.001,11,False,True,2,True,42,126,0,,True,0.2049392484748102,0.1647523641704541,0.8633427816203172,-0.7175205564970836,-0.00533496763691833,False,0.21274985714995634,0.19452510357461533,0.19448177062550331,0.15454928320597405,0.002374754278548328,-0.01561459685754054
"ID(pcdiamag3)|ID(prmtan_neped)|PROD(ece37,ece39)|PROD(gasa,gasa)|PROD(ip,prmtan_neped)|PROD(pinj,cerqrott6)|PROD(prmtan_neped,prmtan_neped)|RATIO(ece21,prmtan_neped)|RATIO(fs03da,prmtan_neped)|RATIO(ip,ece22)|RECIP(cerqtit10)|RECIP(prmtan_neped)",12,False,0.001,12,True,True,6,True,42,126,0,,True,0.7333356932239029,0.1739849191814652,13.384832961844426,-0.1891241117479907,0.5230614771121744,False,1.1490279550154299,0.17907934416853377,0.1801818125589641,0.17053505207206968,0.9386528521440218,-0.031060356263622097
"ID(pcdiamag3)|ID(prmtan_neped)|PROD(ece37,ece39)|PROD(gasa,gasa)|PROD(pinj,cerqrott6)|PROD(prmtan_neped,prmtan_neped)|RATE_OVER_LEVEL(ece37|cerqtit10)|RATIO(ece21,prmtan_neped)|RATIO(fs03da,prmtan_neped)|RATIO(ip,ece22)|RECIP(cerqtit10)|RECIP(prmtan_neped)",12,False,0.001,12,True,True,5,True,42,126,0,,True,0.7528221616700709,0.1801347983798457,12.277637920072904,-0.1696376433018228,0.5425479455583424,False,1.1941119922233796,0.164435720932326,0.1836143287622409,0.17520937716384966,0.9837368893519715,-0.04570397949982985
"ID(pcdiamag3)|PROD(bt,bt)|PROD(fs03da,cerqtit11)|PROD(gasa,ece1)|PROD(gasa,gasa)|PROD(ip,prmtan_neped)|PROD(prmtan_neped,ece39)|PROD(prmtan_neped,prmtan_neped)|RATIO(fs03da,prmtan_neped)|RATIO(ip,ece22)|RATIO(prmtan_neped,cerqtit10)",11,False,0.001,11,True,True,5,True,42,126,0,,True,2.8239188281805405,0.1733105795994085,108.15101871549827,1.9014590232086468,2.6136446120688124,False,4.824118831615912,0.15698549026671293,0.18401553414697963,0.15933067811170226,4.613743728744504,-0.053154210165442944
"ID(cerqtit6)|ID(pcdiamag3)|PROD(ece37,ece39)|PROD(gasa,ece1)|PROD(ip,prmtan_neped)|PROD(pinj,cerqrott6)|PROD(prmtan_neped,ece39)|PROD(prmtan_neped,prmtan_neped)|RATIO(fs03da,prmtan_neped)|RATIO(gasa,ece6)|RATIO(ip,ece22)",11,False,0.001,11,False,True,4,True,42,126,0,,True,0.3917411090486544,0.15357702685202723,7.415013165495977,-0.5307186959232394,0.1814668929369258,False,0.54802167014214,0.1833670275906736,0.1556235325800276,0.1531875437602936,0.3376465672707319,-0.02677267284148228
"ID(cerqtit6)|ID(pcdiamag3)|PROD(ece37,ece39)|PROD(ip,prmtan_neped)|PROD(pinj,cerqrott6)|PROD(prmtan_neped,ece39)|PROD(prmtan_neped,prmtan_neped)|RATIO(fs03da,prmtan_neped)|RATIO(gasa,ece6)|RATIO(ip,ece22)",10,False,0.001,10,False,True,4,True,42,126,0,,True,0.2846505639180679,0.1683696562249509,4.368521394209364,-0.6378092410538257,0.07437634780633944,False,0.3666720990082793,0.1752885171311195,0.176421843874239,0.15782992820939376,0.15629699613687129,-0.03485118330103638
"ID(pcdiamag3)|PROD(ece37,ece39)|PROD(fs03da,cerqtit11)|PROD(gasa,gasa)|PROD(ip,prmtan_neped)|PROD(prmtan_neped,ece39)|RATIO(ece25,ece39)|RATIO(ece39,bt)|RATIO(fs03da,prmtan_neped)|RATIO(ip,ece22)",10,False,0.001,10,True,True,3,True,42,126,0,,True,0.46926540579238496,0.15302105782370173,7.28899792382303,-0.4531943991795086,0.2589911896806565,False,0.6834555284316209,0.18367857560673723,0.16542916782676412,0.14140910215647276,0.47308042556021296,-0.026461124825418653
"ID(gasd)|ID(pcdiamag3)|PROD(fs03da,cerqtit11)|PROD(gasa,ece1)|PROD(ip,prmtan_neped)|PROD(prmtan_neped,ece39)|PROD(prmtan_neped,prmtan_neped)|RATIO(fs03da,prmtan_neped)|RATIO(ip,ece22)|RATIO(prmtan_neped,cerqtit10)",10,False,0.001,10,False,True,5,True,42,126,0,,True,0.19675729812625598,0.17707470985006912,0.5836857038145778,-0.7257025068456378,-0.013516917985472533,True,0.223351402631262,0.16129849211958128,0.18431422380625032,0.1541609521619754,0.012976299759854001,-0.048841208312574574
"ID(pcdiamag3)|PROD(fs03da,cerqtit11)|PROD(gasa,ece1)|PROD(ip,prmtan_neped)|PROD(pinj,pinj_30l)|PROD(prmtan_neped,ece39)|PROD(prmtan_neped,prmtan_neped)|RATIO(fs03da,prmtan_neped)|RATIO(ip,ece22)|RATIO(prmtan_neped,cerqtit10)",10,False,0.001,10,False,True,5,True,42,126,0,,True,0.19756633568097615,0.17277968340081012,0.5570960013429259,-0.7248934692909176,-0.012707880430752364,True,0.22210277959713845,0.16485107712609307,0.17944608082430652,0.153307142589471,0.01172767672573046,-0.04528862330606281
"ID(ece39)|ID(pcdiamag3)|LEVEL_RATE(cerqrott12|cerqtit8)|PROD(ece37,ece39)|PROD(fs03da,cerqtit11)|PROD(gasa,gasa)|PROD(ip,prmtan_neped)|PROD(prmtan_neped,ece39)|RATIO(ece25,ece39)|RATIO(gasc,cerqtit10)|RATIO(ip,ece22)|RECIP(bt)",12,False,0.001,12,True,True,2,True,42,126,0,,True,0.5849556290391386,0.1580774518978983,11.536230801519784,-0.3375041759327552,0.37468141292741,False,0.906652670959878,0.1560262398114857,0.16604617928206156,0.14121726392082734,0.6962775680884699,-0.054113460620670156
"ID(pcdiamag3)|LEVEL_RATE(cerqrott12|cerqtit8)|PROD(ece37,ece39)|PROD(fs03da,cerqtit11)|PROD(gasa,gasa)|PROD(ip,prmtan_neped)|PROD(prmtan_neped,ece39)|RATE_OVER_LEVEL(cerqrott3|prmtan_neped)|RATIO(ece25,ece39)|RATIO(ece39,bt)|RATIO(ip,ece22)|RATIO(prmtan_neped,bt)",12,False,0.001,12,True,True,4,True,42,126,0,,True,0.5079398710503537,0.15955072376069368,8.34421043391787,-0.41451993392153985,0.29766565493862523,False,0.7567081430846155,0.17624884167133822,0.18064192538381463,0.1471816746403365,0.5463330402132075,-0.03389085876081767
"ID(ece39)|ID(pcdiamag3)|LEVEL_RATE(cerqrott12|cerqtit8)|PROD(ece37,ece39)|PROD(fs03da,cerqtit11)|PROD(fs04,pinj)|PROD(gasa,gasa)|PROD(ip,prmtan_neped)|PROD(prmtan_neped,ece39)|RATIO(ece25,ece39)|RATIO(gasc,cerqtit10)|RATIO(ip,ece22)",12,False,0.001,12,True,True,2,True,42,126,0,,True,0.6034818609847955,0.1576536777495381,10.761164164235167,-0.3189779439870981,0.393207644873067,False,0.9370495978420813,0.15872487850841446,0.1691916131535997,0.14731351216762367,0.7266744949706733,-0.05141482192374141
"ID(pcdiamag3)|ID(prmtan_neped)|PROD(fs03da,cerqtit11)|PROD(gasa,ece1)|PROD(ip,prmtan_neped)|PROD(prmtan_neped,ece39)|RATE_OVER_LEVEL(ece37|cerqtit10)|RATIO(ece25,ece39)|RATIO(fs03da,prmtan_neped)|RATIO(ip,ece22)|RECIP(bt)|RECIP(cerqtit10)",12,False,0.001,12,False,True,4,True,42,126,0,,True,0.2125915495633684,0.18175127642324976,0.7077352204247028,-0.7098682554085253,0.00231733345163985,False,0.22233313077739272,0.1996027746113359,0.20195969762048818,0.1426682082887143,0.011958027905984728,-0.010536925820819991
"ID(pcdiamag3)|PROD(ece37,ece39)|PROD(gasa,ece1)|PROD(gasc,pinj)|PROD(ip,prmtan_neped)|PROD(pinj,cerqrott6)|PROD(prmtan_neped,ece39)|PROD(prmtan_neped,prmtan_neped)|RATIO(fs03da,prmtan_neped)|RATIO(gasa,ece6)|RATIO(ip,bt)|RATIO(ip,ece22)",12,False,0.001,12,False,True,4,True,42,126,0,,True,0.392502302034472,0.1580666988810179,7.591904925577089,-0.5299575029374216,0.1822280859227435,False,0.5507869345027278,0.18145612541013112,0.15815457657878987,0.1526975147787486,0.3404118316313198,-0.028683575022024774
"ID(pcdiamag3)|PROD(ece37,ece39)|PROD(fs03da,cerqtit11)|PROD(ip,prmtan_neped)|PROD(pinj,cerqrott6)|RATIO(cerqrott12,cerqtit10)|RATIO(cerqtit6,ece22)|RATIO(cerqtit8,ece22)|RATIO(fs03da,prmtan_neped)|RATIO(ip,bt)|RATIO(ip,cerqtit10)|RECIP(bt)",12,False,0.001,12,False,True,2,True,42,126,0,,True,0.19198014551381923,0.14970074233624608,0.6147045063195862,-0.7304796594580745,-0.018294070597909304,True,0.21111381805408813,0.166468582126794,0.19563087976393317,0.13232895319218832,0.0007387151826801427,-0.043671118305361904
"ID(pcdiamag3)|ID(prmtan_neped)|PROD(ece37,ece39)|PROD(prmtan_neped,cerqtit6)|PROD(prmtan_neped,ece39)|RATIO(cerqrott12,cerqtit10)|RATIO(ece21,prmtan_neped)|RATIO(ip,bt)|RATIO(ip,ece22)|RATIO(pinj_33r,cerqtit10)|RATIO(prmtan_neped,cerqtit10)|RECIP(bt)",12,False,0.001,12,False,True,5,True,42,126,0,,True,0.18445430813327643,0.1674076218523703,0.41715211979886985,-0.7380054968386173,-0.02581990797845211,True,0.1994647145642403,0.16444043289199123,0.18250137011000772,0.1455463179709392,-0.010910388307167701,-0.04569926754016466
"ID(pcdiamag3)|PROD(ece37,ece39)|PROD(gasa,ece1)|PROD(ip,prmtan_neped)|PROD(pinj,cerqrott6)|PROD(prmtan_neped,ece39)|PROD(prmtan_neped,prmtan_neped)|RATIO(fs03da,prmtan_neped)|RATIO(gasa,ece6)|RATIO(ip,bt)|RATIO(ip,ece22)|RATIO(pinj,ece37)",12,False,0.001,12,False,True,4,True,42,126,0,,True,0.3973951254077354,0.15859088806589977,7.625741020713215,-0.5250646795641584,0.1871209092960069,False,0.561202833333971,0.1789848481727545,0.16702342441250306,0.14777822935812396,0.3508277304625631,-0.031154852259401362
"ID(pcdiamag3)|ID(prmtan_neped)|PROD(ece37,ece39)|PROD(prmtan_neped,cerqtit6)|PROD(prmtan_neped,ece39)|RATIO(cerqrott12,cerqtit10)|RATIO(fs03da,prmtan_neped)|RATIO(ip,bt)|RATIO(ip,ece22)|RATIO(pinj_33r,cerqtit10)|RATIO(prmtan_neped,cerqtit10)|RECIP(bt)",12,False,0.001,12,False,True,5,True,42,126,0,,True,0.18377296652410258,0.17340347200313477,0.3969693776960046,-0.7386868384477911,-0.026501249587625945,True,0.20166241165321633,0.15992037301861756,0.18250518157527829,0.13632475680141937,-0.008712691218191659,-0.05021932741353832
"ID(pcdiamag3)|PROD(ece37,ece39)|PROD(gasa,ece1)|PROD(ip,prmtan_neped)|PROD(pinj,cerqrott6)|PROD(prmtan_neped,ece39)|PROD(prmtan_neped,prmtan_neped)|RATIO(fs03da,prmtan_neped)|RATIO(gasa,ece6)|RATIO(ip,bt)|RATIO(ip,cerqtit10)|RATIO(ip,ece22)",12,False,0.001,12,False,True,4,True,42,126,0,,True,0.4070046423159307,0.15399083276637807,7.059601092127834,-0.5154551626559629,0.19673042620420222,False,0.5827537632626179,0.17267248105368127,0.15828055975316008,0.14694802532449552,0.37237866039120987,-0.037467219378474595
"ID(pcdiamag3)|PROD(bt,bt)|PROD(ece37,ece39)|PROD(gasa,ece1)|PROD(ip,prmtan_neped)|PROD(pinj,cerqrott6)|PROD(prmtan_neped,ece39)|PROD(prmtan_neped,prmtan_neped)|RATIO(fs03da,prmtan_neped)|RATIO(gasa,ece6)|RATIO(ip,bt)|RATIO(ip,ece22)",12,False,0.001,12,False,True,4,True,42,126,0,,True,0.3930667650804285,0.1501746506497073,7.66624175634639,-0.5293930398914651,0.18279254896870012,False,0.5577911888169267,0.17343420009843125,0.16861258443684035,0.14239644619997938,0.34741608594551865,-0.03670550033372463
"ID(pcdiamag3)|PROD(fs03da,cerqtit11)|PROD(gasa,ece1)|PROD(ip,prmtan_neped)|PROD(prmtan_neped,ece39)|RATIO(ece25,ece39)|RATIO(fs03da,prmtan_neped)|RATIO(ip,ece22)|RATIO(pinj,ece37)|RATIO(prmtan_teped,prmtan_neped)|RECIP(bt)|RECIP(cerqtit10)",12,False,0.001,12,False,True,4,True,42,126,0,,True,0.2081936078549777,0.1755160806413682,0.6225147291678698,-0.714266197116916,-0.002080608256750816,False,0.21312849929372066,0.20161375260332048,0.19319505324991298,0.14213411392527586,0.0027533964223126275,-0.008525947828835404
"ID(cerqtit6)|ID(pcdiamag3)|PROD(ece37,ece39)|PROD(fs03da,ece39)|PROD(gasa,gasa)|PROD(ip,prmtan_neped)|PROD(prmtan_neped,ece39)|RATIO(cerqrott12,cerqtit10)|RATIO(cerqtit8,ece22)|RATIO(ip,bt)|RATIO(prmtan_neped,cerqtit10)|RECIP(bt)",12,False,0.001,12,True,True,3,True,42,126,0,,True,0.7780019271238542,0.15542895569551657,16.294702910826125,-0.1444578778480395,0.5677277110121255,False,1.2454731936815082,0.154706905046982,0.1761667829132658,0.14300151673122605,1.0350980908101,-0.05543279538517388
"ID(pcdiamag3)|PROD(fs03da,cerqtit10)|PROD(fs03da,cerqtit11)|PROD(ip,prmtan_neped)|PROD(pinj,ece36)|PROD(prmtan_neped,ece39)|RATIO(ece25,ece39)|RATIO(fs03da,prmtan_neped)|RATIO(ip,ece22)|RATIO(pinj,bt)|RECIP(bt)|RECIP(cerqtit10)",12,False,0.001,12,False,True,3,True,42,126,0,,True,0.1998246117168297,0.17023531977228595,0.5534048691551303,-0.722635193255064,-0.010449604394898808,True,0.20373148069299693,0.1946154530819401,0.2002755787455165,0.14243255767753854,-0.006643622178411086,-0.01552424735021578
"ID(pcdiamag3)|PROD(fs03da,cerqtit11)|PROD(ip,prmtan_neped)|PROD(pinj,ece36)|PROD(prmtan_neped,ece39)|RATIO(ece25,ece39)|RATIO(fs03da,prmtan_neped)|RATIO(ip,cerqtit10)|RATIO(ip,ece22)|RATIO(pinj,bt)|RECIP(bt)|RECIP(cerqtit10)",12,False,0.001,12,False,True,3,True,42,126,0,,True,0.19671049053035952,0.1740712077975432,0.533863034688502,-0.7257493144415341,-0.013563725581368999,True,0.2008600076705509,0.19117780101010434,0.18305559300892535,0.13919700607898908,-0.009515095200857112,-0.018961899422051523
"ID(pcdiamag3)|ID(prmtan_neped)|LEVEL_RATE(cerqrott12|ece33)|PROD(fs03da,cerqtit11)|PROD(gasa,ece1)|PROD(prmtan_neped,ece39)|RATIO(ece25,ece39)|RATIO(fs03da,prmtan_neped)|RATIO(gasc,cerqtit10)|RATIO(ip,cerqtit10)|RATIO(ip,ece22)|RECIP(bt)",12,False,0.001,12,False,True,3,True,42,126,0,,True,0.21363876812070784,0.18492390713239476,0.5732365278406851,-0.7088210368511858,0.0033645520089793227,False,0.22863222539009906,0.1936474917615196,0.2042095335637777,0.1464619257400687,0.018257122518691025,-0.016492208670636284
"ID(pcdiamag3)|PROD(fs03da,cerqtit11)|PROD(gasa,ece1)|PROD(ip,prmtan_neped)|PROD(pinj,cerqrott6)|PROD(prmtan_neped,ece39)|RATIO(cerqrott12,cerqtit10)|RATIO(ece25,ece39)|RATIO(fs03da,prmtan_neped)|RATIO(gasd,bt)|RATIO(ip,ece22)|RECIP(cerqtit10)",12,False,0.001,12,False,True,3,True,42,126,0,,True,0.19831224879483975,0.1695165329763913,0.5688025669482971,-0.724147556177054,-0.0119619673168888,True,0.22261909757740825,0.16590311708474834,0.1820594585642355,0.13592036969818438,0.01224399470600025,-0.04423658334740754
"ID(pcdiamag3)|PROD(ece37,ece39)|PROD(fs03da,cerqtit11)|PROD(gasa,ece1)|PROD(ip,prmtan_neped)|PROD(pinj,cerqrott6)|PROD(prmtan_neped,ece39)|PROD(prmtan_neped,prmtan_neped)|RATIO(fs03da,prmtan_neped)|RATIO(gasa,ece6)|RATIO(ip,bt)|RATIO(ip,ece22)",12,False,0.001,12,False,True,4,True,42,126,0,,True,0.3602348114358686,0.1577197492931287,6.909090402180133,-0.5622249935360252,0.14996059532414008,False,0.5022363203457997,0.1708994662226271,0.1577311224332364,0.1530687130073029,0.29186121747439175,-0.03924023420952877
"ID(pcdiamag3)|ID(pinj)|PROD(fs03da,cerqtit11)|PROD(ip,prmtan_neped)|PROD(pinj,ece36)|PROD(prmtan_neped,ece39)|RATIO(ece25,ece39)|RATIO(fs03da,prmtan_neped)|RATIO(ip,ece22)|RATIO(pinj_33r,prmtan_neped)|RECIP(bt)|RECIP(cerqtit10)",12,False,0.001,12,False,True,4,True,42,126,0,,True,0.19449996158158994,0.1749455908252711,0.5494394703812764,-0.7279598433903037,-0.015774254530138594,True,0.19611110757739544,0.1923517669205159,0.1914795796310529,0.13796492577472216,-0.014263995294012564,-0.01778793351163997
"ID(pcdiamag3)|PROD(fs03da,cerqtit11)|PROD(fs04,pinj)|PROD(ip,prmtan_neped)|PROD(pinj,ece36)|PROD(prmtan_neped,ece39)|RATIO(ece25,ece39)|RATIO(fs03da,prmtan_neped)|RATIO(ip,ece22)|RATIO(pinj,bt)|RECIP(bt)|RECIP(cerqtit10)",12,False,0.001,12,False,True,3,True,42,126,0,,True,0.19950234925711924,0.1752559258831386,0.5052312585573494,-0.7229574557147744,-0.010771866854609269,True,0.20191868463918686,0.19628056874769576,0.19004373453786624,0.1525673724435914,-0.00845641823222114,-0.013859131684460116
"ID(ece39)|ID(pcdiamag3)|PROD(bt,cerqtit6)|PROD(ece37,ece39)|PROD(fs03da,cerqtit11)|PROD(pinj,cerqrott6)|PROD(prmtan_neped,prmtan_neped)|RATIO(cerqrott12,cerqtit10)|RATIO(ece25,ece39)|RATIO(ip,bt)|RATIO(ip,cerqtit10)|RATIO(prmtan_neped,ece22)",12,False,0.001,12,False,True,2,True,42,126,0,,True,0.18590282600819877,0.16025403979142921,0.5456485740292106,-0.736556978963695,-0.024371390103529754,True,0.2126932736191108,0.15018222919364943,0.18023356463699627,0.13940522168687466,0.0023181707477027635,-0.05995747123850645
"ID(pcdiamag3)|PROD(ece37,ece39)|PROD(gasa,ece1)|PROD(ip,prmtan_neped)|PROD(pinj,cerqrott6)|PROD(prmtan_neped,ece39)|PROD(prmtan_neped,prmtan_neped)|RATIO(fs03da,prmtan_neped)|RATIO(gasa,ece6)|RATIO(ip,bt)|RATIO(ip,ece22)|RATIO(pinj,bt)",12,False,0.001,12,False,True,4,True,42,126,0,,True,0.39965649283532095,0.16369565622974275,7.583677136709799,-0.5228033121365727,0.1893822767235924,False,0.5635535452152584,0.18112708966207106,0.16719967604081137,0.1532097817034057,0.35317844234385026,-0.02901261077008481
"ID(pcdiamag3)|ID(prmtan_neped)|PROD(bt,gasd)|PROD(fs03da,cerqtit11)|PROD(gasa,ece1)|PROD(prmtan_neped,ece39)|RATIO(ece25,ece39)|RATIO(fs03da,prmtan_neped)|RATIO(gasc,cerqtit10)|RATIO(ip,cerqtit10)|RATIO(ip,ece22)|RECIP(bt)",12,False,0.001,12,False,True,3,True,42,126,0,,True,0.2091622940042354,0.19290892557931977,0.5366290234022614,-0.7132975109676583,-0.0011119221074931314,False,0.2300538867781976,0.18130683697228572,0.20316370118696148,0.15004750729926158,0.01967878390678962,-0.02883286345987013
"ID(cerqtit6)|ID(pcdiamag3)|PROD(bt,bt)|PROD(fs03da,cerqtit11)|PROD(gasa,ece1)|PROD(ip,prmtan_neped)|PROD(prmtan_neped,ece39)|PROD(prmtan_neped,prmtan_neped)|RATIO(fs03da,prmtan_neped)|RATIO(gasd,bt)|RATIO(ip,ece22)|RATIO(prmtan_neped,cerqtit10)",12,False,0.001,12,False,True,5,True,42,126,0,,True,0.19973328824308934,0.1711789600390859,0.5466070000681019,-0.7227265167288044,-0.010540927868639215,True,0.2268756764666137,0.16354343727839013,0.17412468420159255,0.16390209896928284,0.01650057359520569,-0.046596263153765756
"ID(pcdiamag3)|ID(prmtan_neped)|PROD(ece37,ece39)|PROD(gasa,cerqtit6)|PROD(gasa,gasa)|PROD(pinj,cerqrott6)|PROD(prmtan_neped,prmtan_neped)|RATIO(ece21,prmtan_neped)|RATIO(fs03da,prmtan_neped)|RATIO(ip,ece22)|RECIP(cerqtit10)|RECIP(prmtan_neped)",12,False,0.001,12,True,True,5,True,42,126,0,,True,1.2516693685728657,0.1696824534709318,32.15570526160936,0.32920956360097203,1.0413951524611371,False,2.0664831928954204,0.16525093614279235,0.16771934439822786,0.17241746897658566,1.8561080900240128,-0.04488876428936353
"ID(pcdiamag3)|PROD(fs03da,cerqtit11)|PROD(ip,prmtan_neped)|PROD(pinj,ece36)|PROD(prmtan_neped,ece39)|RATIO(ece25,ece39)|RATIO(fs03da,prmtan_neped)|RATIO(ip,ece22)|RATIO(pinj,bt)|RATIO(prmtan_neped,bt)|RECIP(bt)|RECIP(cerqtit10)",12,False,0.001,12,False,True,4,True,42,126,0,,True,0.1973596238593269,0.17354768400589332,0.5762736966535082,-0.7251001811125667,-0.01291459225240161,True,0.20183725854593937,0.191389444277177,0.18966220809000112,0.13729971789696716,-0.008537844325468676,-0.01875025615497886
"ID(pcdiamag3)|PROD(ece37,ece39)|PROD(fs03da,ece39)|PROD(gasa,gasa)|PROD(ip,prmtan_neped)|PROD(prmtan_neped,ece39)|RATIO(cerqrott12,cerqtit10)|RATIO(cerqtit8,ece22)|RATIO(gasc,cerqtit10)|RATIO(ip,bt)|RATIO(prmtan_neped,cerqtit10)|RECIP(bt)",12,False,0.001,12,True,True,3,True,42,126,0,,True,0.7886265367202918,0.1634470025632596,16.966226394831864,-0.13383326825160177,0.5783523206085633,False,1.265069859867748,0.1533687725236834,0.1790139527487415,0.1411105409201173,1.05469475699634,-0.05677092790847248
"ID(pcdiamag3)|LEVEL_RATE(cerqrott12|cerqtit8)|PROD(ece37,ece39)|PROD(fs03da,cerqtit11)|PROD(gasa,gasa)|PROD(ip,prmtan_neped)|PROD(pinj,cerqrott6)|PROD(prmtan_neped,ece39)|RATIO(ece25,ece39)|RATIO(ece39,bt)|RATIO(ip,ece22)|RATIO(prmtan_neped,bt)",12,False,0.001,12,True,True,3,True,42,126,0,,True,0.5231024574749198,0.14639253816003395,8.970533751594433,-0.39935734749697394,0.31282824136319126,False,0.7846207355392996,0.17441142005574664,0.17697727694637186,0.14348185401668967,0.5742456326678915,-0.035728280376409224
"ID(pcdiamag3)|PROD(fs03da,cerqtit11)|PROD(gasa,ece1)|PROD(gasc,pinj)|PROD(ip,prmtan_neped)|PROD(prmtan_neped,ece39)|RATIO(ece25,ece39)|RATIO(fs03da,prmtan_neped)|RATIO(ip,ece22)|RATIO(prmtan_neped,bt)|RECIP(bt)|RECIP(cerqtit10)",12,False,0.001,12,False,True,4,True,42,126,0,,True,0.21064850218433576,0.17883686314068614,0.617320545877364,-0.7118113027875579,0.00037428607260724643,False,0.220287445135106,0.19779657824997554,0.20799323648904022,0.1398325330737608,0.009912342263697959,-0.012343122182180371
"ID(pcdiamag3)|PROD(fs03da,cerqtit11)|PROD(gasa,cerqtit6)|PROD(gasa,ece1)|PROD(ip,prmtan_neped)|PROD(pinj,cerqrott6)|PROD(prmtan_neped,ece39)|RATIO(ece25,ece39)|RATIO(fs03da,prmtan_neped)|RATIO(ip,ece22)|RECIP(bt)|RECIP(cerqtit10)",12,False,0.001,12,False,True,3,True,42,126,0,,True,0.21836437362807715,0.18030521954453296,0.7978200920003607,-0.7040954313438166,0.008090157516348626,False,0.23876570801345234,0.19116259444757686,0.19222864541078982,0.14112930865409712,0.028390605142044372,-0.01897710598457904
"ID(pcdiamag3)|PROD(fs03da,cerqtit11)|PROD(gasa,ece1)|PROD(ip,pinj)|PROD(ip,prmtan_neped)|PROD(pinj,ece36)|PROD(prmtan_neped,ece39)|RATE_OVER_LEVEL(ip|ece1)|RATIO(ece25,ece39)|RATIO(fs03da,prmtan_neped)|RATIO(ip,ece22)|RECIP(cerqtit10)",12,False,0.001,12,False,True,3,True,42,126,0,,True,0.200364258753896,0.16419508836902247,0.6560789142571845,-0.7220955462179977,-0.009909957357832514,False,0.20358369901807963,0.19607167173498455,0.18390972133260902,0.13991677663709534,-0.006791403853328396,-0.014068028697171338
"ID(pcdiamag3)|PROD(fs03da,cerqtit11)|PROD(gasa,ece1)|PROD(ip,prmtan_neped)|PROD(prmtan_neped,ece39)|RATIO(ece25,ece39)|RATIO(fs03da,prmtan_neped)|RATIO(ip,ece22)|RATIO(pinj,ece37)|RATIO(prmtan_neped,bt)|RECIP(bt)|RECIP(cerqtit10)",12,False,0.001,12,False,True,4,True,42,126,0,,True,0.21135997646848886,0.17317275663968884,0.6272375676036573,-0.7110998285034048,0.0010857603567603518,False,0.22086003700925083,0.19869322908080622,0.20691589370280578,0.14211646495828423,0.01048493413784285,-0.011446471351349654
"ID(pcdiamag3)|PROD(fs03da,cerqtit11)|PROD(gasa,ece1)|PROD(ip,prmtan_neped)|PROD(prmtan_neped,ece38)|PROD(prmtan_neped,ece39)|RATIO(ece25,ece39)|RATIO(fs03da,prmtan_neped)|RATIO(ip,ece22)|RATIO(prmtan_teped,prmtan_neped)|RECIP(bt)|RECIP(cerqtit10)",12,False,0.001,12,False,True,5,True,42,126,0,,True,0.20271469214551113,0.16857126243921144,0.519872364294422,-0.7197451128263825,-0.0075595239662173686,False,0.21999367066900036,0.17967605411419219,0.1927364957996271,0.13975695493666201,0.009618567797592377,-0.030463646317963704
"ID(pcdiamag3)|PROD(fs03da,cerqtit11)|PROD(gasa,ece1)|PROD(ip,pinj)|PROD(ip,prmtan_neped)|PROD(pinj,cerqrott6)|PROD(prmtan_neped,ece39)|RATIO(ece25,ece39)|RATIO(fs03da,prmtan_neped)|RATIO(ip,ece22)|RECIP(bt)|RECIP(cerqtit10)",12,False,0.001,12,False,True,3,True,42,126,0,,True,0.20683160865772998,0.16948948191213498,0.6681283446085349,-0.7156281963141637,-0.003442607453998573,False,0.21252448806700083,0.19924110277870216,0.1854765458510224,0.15153045408978064,0.002149385195592798,-0.010898597653453738
"ID(pcdiamag3)|PROD(bt,bt)|PROD(fs03da,cerqtit11)|PROD(gasa,ece1)|PROD(ip,prmtan_neped)|PROD(pinj,cerqrott6)|PROD(prmtan_neped,ece39)|RATIO(ece25,ece39)|RATIO(fs03da,prmtan_neped)|RATIO(ip,ece22)|RECIP(bt)|RECIP(cerqtit10)",12,False,0.001,12,False,True,3,True,42,126,0,,True,0.20506533336626628,0.16667065370124703,0.5814242360847921,-0.7173944716056274,-0.0052088827454622256,False,0.21399166723254556,0.193163554877894,0.1895565359731351,0.13141267297108655,0.0036165643611375275,-0.016976145554261895
"ID(pcdiamag3)|PROD(ece37,ece39)|PROD(fs03da,cerqtit11)|PROD(ip,prmtan_neped)|PROD(pinj,cerqrott6)|RATIO(cerqrott12,cerqtit10)|RATIO(cerqtit8,ece22)|RATIO(fs03da,prmtan_neped)|RATIO(gasa,ece6)|RATIO(ip,bt)|RATIO(ip,cerqtit10)|RECIP(bt)",12,False,0.001,12,False,True,2,True,42,126,0,,True,0.2769708272931097,0.16100722873710283,3.975030357217687,-0.6454889776787841,0.06669661118138116,False,0.3661245257824859,0.15809922930727477,0.19612670044738195,0.1387332200565514,0.15574942291107785,-0.052040471124881124
"ID(pcdiamag3)|LEVEL_RATE(cerqrott12|cerqtit8)|PROD(ece37,ece39)|PROD(fs03da,cerqtit11)|PROD(gasa,gasa)|PROD(ip,prmtan_neped)|PROD(prmtan_neped,ece39)|RATIO(cerqrott12,cerqtit10)|RATIO(ece25,ece39)|RATIO(ece39,bt)|RATIO(ip,ece22)|RATIO(prmtan_neped,bt)",12,False,0.001,12,True,True,3,True,42,126,0,,True,0.47382877585969546,0.16299974015124585,7.412432268559745,-0.4486310291121982,0.26355455974796693,False,0.7102415628285095,0.15861172656794334,0.1673535214030894,0.1622594962838979,0.4998664599571015,-0.051527973864212526
"ID(pcdiamag3)|ID(prmtan_neped)|PROD(ece37,ece39)|PROD(prmtan_neped,cerqtit6)|PROD(prmtan_neped,ece39)|RATIO(cerqrott12,cerqtit10)|RATIO(fs03da,cerqtit10)|RATIO(ip,bt)|RATIO(ip,ece22)|RATIO(pinj_33r,cerqtit10)|RATIO(prmtan_neped,cerqtit10)|RECIP(bt)",12,False,0.001,12,False,True,4,True,42,126,0,,True,0.18214374738830438,0.17256642357564622,0.41307674277251644,-0.7403160575835893,-0.028130468723424163,True,0.20054275824093004,0.15761173291813677,0.18225705096470823,0.1430243304741381,-0.00983234463047795,-0.052527967514019114
"ID(ece39)|ID(pcdiamag3)|LEVEL_RATE(cerqrott12|cerqtit8)|PROD(ece37,ece39)|PROD(fs03da,cerqtit11)|PROD(gasa,gasa)|PROD(ip,prmtan_neped)|PROD(prmtan_neped,cerqtit6)|PROD(prmtan_neped,ece39)|RATIO(ece25,ece39)|RATIO(gasc,cerqtit10)|RATIO(ip,ece22)",12,False,0.001,12,True,True,3,True,42,126,0,,True,0.5580243403653536,0.15392091070378405,10.01790229594249,-0.3644354646065401,0.347750124253625,False,0.8572624365451155,0.15904021212567138,0.1711342540983104,0.1450463002200445,0.6468873336737072,-0.051099488306484524
"ID(ece39)|ID(pcdiamag3)|PROD(fs03da,cerqtit11)|PROD(gasa,ece1)|PROD(ip,prmtan_neped)|PROD(prmtan_neped,ece39)|RATIO(ece25,ece39)|RATIO(fs03da,prmtan_neped)|RATIO(ip,ece22)|RATIO(prmtan_teped,prmtan_neped)|RECIP(bt)|RECIP(cerqtit10)",12,False,0.001,12,False,True,4,True,42,126,0,,True,0.21366957075803197,0.17522105682833417,0.8679687050985009,-0.7087902342138618,0.00339535464630351,False,0.21262057541618143,0.21506823121383287,0.17912701182741983,0.1488100170002367,0.0022454725447734122,0.0049285307816769736
"ID(pcdiamag3)|PROD(ece37,ece39)|PROD(fs03da,cerqtit11)|PROD(ip,prmtan_neped)|PROD(pinj,cerqrott6)|RATIO(cerqrott12,cerqtit10)|RATIO(cerqrott3,prmtan_neped)|RATIO(cerqtit8,ece22)|RATIO(fs03da,prmtan_neped)|RATIO(ip,bt)|RATIO(ip,cerqtit10)|RECIP(bt)",12,False,0.001,12,False,True,3,True,42,126,0,,True,0.19528509147806283,0.16423210244149716,0.501064632422252,-0.727174713493831,-0.014989124633665687,True,0.21916096689075926,0.16345059092780095,0.2029638996872764,0.13858005017048386,0.008785864019351228,-0.04668910950435491
"ID(pcdiamag3)|PROD(ece37,ece39)|PROD(fs03da,ece39)|PROD(pinj,cerqrott6)|PROD(prmtan_neped,cerqtit6)|RATIO(bt,prmtan_neped)|RATIO(cerqrott12,cerqtit10)|RATIO(cerqtit8,ece22)|RATIO(ece16,cerqtit10)|RATIO(ip,bt)|RATIO(ip,ece22)|RECIP(prmtan_neped)",12,False,0.001,12,False,True,3,True,42,126,0,,True,0.2026686836192521,0.16215189060313487,0.6256121653759016,-0.7197911213526417,-0.007605532492476452,False,0.2205513184092589,0.17882517056590957,0.17690185318650803,0.14597750188584796,0.010176215537850914,-0.03131452986624627
"ID(pcdiamag3)|PROD(ece37,ece39)|PROD(gasa,gasa)|PROD(ip,prmtan_neped)|PROD(pinj,cerqrott6)|PROD(prmtan_neped,cerqtit6)|RATIO(cerqrott12,cerqtit10)|RATIO(ece16,cerqtit10)|RATIO(fs03da,ece22)|RATIO(ip,bt)|RATIO(ip,ece22)|RECIP(bt)",12,False,0.001,12,True,True,2,True,42,126,0,,True,0.8173488916645487,0.15648974730953558,17.700089353010537,-0.10511091330734496,0.6070746755528202,False,1.297428020924804,0.17724338598420852,0.18279226389153824,0.14719877698706305,1.0870529180533959,-0.03289631444794732
"ID(pcdiamag3)|PROD(fs03da,cerqtit11)|PROD(gasa,ece1)|PROD(ip,prmtan_neped)|PROD(pinj,cerqrott6)|PROD(pinj,ece36)|PROD(prmtan_neped,ece39)|RATIO(ece25,ece39)|RATIO(fs03da,prmtan_neped)|RATIO(ip,ece22)|RECIP(bt)|RECIP(cerqtit10)",12,False,0.001,12,False,True,3,True,42,126,0,,True,0.20835259945295376,0.17017708098910284,0.6168712965615056,-0.7141072055189399,-0.001921616658774758,False,0.21459313746460398,0.20003188210408682,0.18370084477136173,0.15001281602873506,0.004218034593195971,-0.010107818328069064
"ID(bt)|ID(pcdiamag3)|PROD(fs03da,cerqtit11)|PROD(gasa,ece1)|PROD(ip,prmtan_neped)|PROD(pinj,cerqrott6)|PROD(pinj,pinj_30l)|PROD(prmtan_neped,ece39)|RATIO(fs03da,prmtan_neped)|RATIO(ip,ece22)|RECIP(bt)|RECIP(cerqtit10)",12,False,0.001,12,False,True,3,True,42,126,0,,True,0.195731297729732,0.16435704488055425,0.47084602526747427,-0.7267285072421618,-0.014542918381996553,True,0.214089868969629,0.1712532027432026,0.18218193668572075,0.13739184134493765,0.0037147660982210042,-0.03888649768895329
"ID(pcdiamag3)|PROD(fs03da,cerqtit11)|PROD(gasa,ece1)|PROD(ip,prmtan_neped)|PROD(prmtan_neped,cerqtit6)|PROD(prmtan_neped,ece39)|RATIO(ece25,ece39)|RATIO(fs03da,prmtan_neped)|RATIO(ip,ece22)|RATIO(prmtan_teped,prmtan_neped)|RECIP(bt)|RECIP(cerqtit10)",12,False,0.001,12,False,True,5,True,42,126,0,,True,0.20844637540367575,0.17229893483234515,0.6380144146755179,-0.7140134295682179,-0.0018278407080527584,False,0.21374460350144112,0.20138207127332194,0.1855361178489346,0.1364110693420787,0.0033695006300331113,-0.008757629158833918
"ID(cerqtit6)|ID(pcdiamag3)|LEVEL_RATE(pinj_30r|ece39)|PROD(gasa,gasa)|PROD(gasa,gasb)|PROD(ip,ece39)|PROD(pinj,pinj_30l)|RATIO(ece16,cerqtit10)|RATIO(fs03da,prmtan_neped)|RATIO(prmtan_neped,ece22)|RECIP(bt)|RECIP(ece39)",12,False,0.001,12,True,True,2,True,42,126,0,,True,0.27312439989109044,0.16235467421727806,2.449091078929934,-0.6493354050808032,0.0628501837793619,False,0.34318341685831893,0.17971237726811912,0.18753557052934672,0.1512056635950816,0.13280831398691087,-0.03042732316403676
"ID(pcdiamag3)|PROD(bt,bt)|PROD(ece37,ece39)|PROD(fs03da,ece39)|PROD(gasa,gasa)|PROD(ip,ece39)|PROD(ip,prmtan_neped)|PROD(prmtan_neped,ece39)|RATIO(cerqrott12,cerqtit10)|RATIO(cerqtit8,ece22)|RATIO(ip,bt)|RATIO(prmtan_neped,cerqtit10)",12,False,0.001,12,True,True,3,True,42,126,0,,True,0.7562038741201771,0.16277711242336532,17.38388398910356,-0.1662559308517167,0.5459296580084484,False,1.2040827418818614,0.15903205043793125,0.17460940045708684,0.142463627319881,0.9937076390104532,-0.05110764999422465
"ID(ece38)|ID(ece39)|ID(pcdiamag3)|PROD(fs03da,cerqtit11)|PROD(gasa,cerqtit6)|PROD(ip,ece39)|RATIO(cerqrott3,prmtan_neped)|RATIO(ece16,cerqtit10)|RATIO(ece25,ece39)|RATIO(fs03da,prmtan_neped)|RATIO(prmtan_neped,ece22)|RECIP(ece39)",12,False,0.001,12,False,True,3,True,42,126,0,,True,0.1934071980300124,0.16812412710220936,0.474148172777541,-0.7290526069418812,-0.016867018081716117,True,0.22694857763478213,0.14868535855698614,0.18145134490758902,0.13798234622696054,0.016573474763374094,-0.06145434187516974
"ID(ece38)|ID(ece39)|ID(pcdiamag3)|LEVEL_RATE(pinj_30r|ece39)|PROD(fs03da,cerqtit11)|PROD(gasa,ece1)|PROD(pinj,cerqrott6)|RATIO(ece16,cerqtit10)|RATIO(ece25,ece39)|RATIO(fs03da,prmtan_neped)|RATIO(prmtan_neped,ece22)|RECIP(ece39)",12,False,0.001,12,False,True,2,True,42,126,0,,True,0.21656688108396596,0.1721128192204462,0.6229002295498415,-0.7058929238879278,0.006292664972237431,False,0.23721119799834303,0.18904112519812988,0.19317836033182245,0.15355413257307424,0.026836095126935012,-0.02109857523402601
"ID(pcdiamag3)|PROD(ece37,cerqtit6)|PROD(ece39,cerqtit10)|PROD(gasa,ece1)|PROD(gasa,gasa)|PROD(gasa,gasb)|RATE_OVER_LEVEL(ece37|cerqtit10)|RATIO(ece16,cerqtit10)|RATIO(fs03da,ece22)|RATIO(ip,bt)|RATIO(prmtan_neped,ece22)|RECIP(bt)",12,False,0.001,12,True,True,1,True,42,126,0,,True,2.967255630604557,0.1851195380017268,61.158356564876954,2.0447958256326633,2.7569814144928286,False,5.066765285643874,0.1679094238854678,0.24606528132897557,0.16017339413877066,4.856390182772466,-0.04223027654668808
"ID(pcdiamag3)|LEVEL_RATE(cerqrott12|cerqrott3)|LEVEL_RATE(cerqrott12|cerqtit8)|PROD(ece37,cerqtit6)|PROD(ece39,cerqtit10)|PROD(fs03da,cerqtit11)|PROD(gasa,ece1)|RATIO(cerqtit8,ip)|RATIO(ip,ece22)|RATIO(prmtan_neped,ece22)|RECIP(bt)|RECIP(cerqtit10)",12,False,0.001,12,False,True,1,True,42,126,0,,True,0.19792508675476145,0.17121728891098983,0.6253650906204272,-0.7245347182171321,-0.012349129356967036,True,0.22494846152603165,0.161893920393068,0.20050537299334548,0.15933689902984158,0.014573358654623622,-0.048245780039087915
"ID(pcdiamag3)|PROD(ece37,ece39)|PROD(fs03da,ece39)|PROD(gasa,ece1)|PROD(gasa,gasa)|PROD(ip,prmtan_neped)|PROD(prmtan_neped,ece39)|RATIO(cerqrott12,cerqtit10)|RATIO(cerqtit8,ece22)|RATIO(ip,bt)|RATIO(prmtan_neped,cerqtit10)|RECIP(bt)",12,False,0.001,12,True,True,3,True,42,126,0,,True,4.938514405989363,0.16674346975150361,152.59695735334506,4.016054601017468,4.728240189877635,False,8.527070770050178,0.15377258724160947,0.17886609423949462,0.13461866857869237,8.316695667178772,-0.0563671131905464
"ID(pcdiamag3)|PROD(bt,bt)|PROD(ece37,cerqtit6)|PROD(ece39,cerqtit10)|PROD(gasa,gasa)|PROD(pinj,pinj_30l)|RATE_OVER_LEVEL(ece33|ece39)|RATIO(ece16,cerqtit10)|RATIO(fs03da,ece22)|RATIO(ip,bt)|RATIO(prmtan_neped,ece22)|RECIP(bt)",12,False,0.001,12,True,True,1,True,42,126,0,,True,0.8370254344414141,0.18892636166901328,19.636604257929474,-0.08543437053047957,0.6267512183296856,False,1.322850666567594,0.1892584582731741,0.2090747071648718,0.16517081324451793,1.112475563696186,-0.020881242158981753
"ID(pcdiamag3)|LEVEL_RATE(cerqrott12|ece33)|PROD(ece37,ece39)|PROD(fs03da,cerqtit11)|PROD(pinj,pinj_30l)|RATE_OVER_LEVEL(cerqrott3|ip)|RATIO(cerqrott12,cerqtit10)|RATIO(ece16,cerqtit10)|RATIO(ip,bt)|RATIO(prmtan_neped,ece22)|RECIP(cerqtit10)|RECIP(cerqtit11)",12,False,0.001,12,False,True,1,True,40,120,6,E_DENOM,False,0.20094625773431263,0.16216187337469895,0.8094680945505474,-0.7356035458422711,-0.012271337313628618,True,0.24541915306205286,0.14659049677818578,0.2065446658231039,0.13478189690517006,0.02968328060119627,-0.06354920365397014
"DOT(cerqrott3)|ID(pcdiamag3)|LEVEL_RATE(cerqrott12|ece33)|PROD(ece37,ece39)|PROD(fs03da,cerqtit11)|PROD(gasa,gasa)|PROD(pinj,pinj_30l)|RATIO(cerqrott12,cerqtit10)|RATIO(ece16,cerqtit10)|RATIO(prmtan_neped,ece22)|RECIP(cerqtit10)|RECIP(cerqtit11)",12,False,0.001,12,True,True,1,True,40,120,6,E_DENOM,False,0.6740051142239321,0.1690105191303687,13.003077830392996,-0.2625446893526518,0.4607875191759906,False,1.0952745924478446,0.15912019639470523,0.19932916534237327,0.13691370176159268,0.879538719986988,-0.051019504037450654
"ID(pcdiamag3)|LEVEL_RATE(bt|cerqrott3)|LEVEL_RATE(cerqrott12|ece33)|PROD(ece37,ece39)|PROD(fs03da,cerqtit11)|PROD(ip,prmtan_neped)|PROD(pinj,pinj_30l)|RATIO(cerqrott12,cerqtit10)|RATIO(ece16,cerqtit10)|RATIO(prmtan_neped,ece22)|RECIP(cerqtit10)|RECIP(cerqtit11)",12,False,0.001,12,False,True,2,True,40,120,6,E_DENOM,False,0.2127977923469083,0.17060953064519183,0.7563568277385068,-0.7237520112296755,-0.0004198027010329994,False,0.2337590805344969,0.18717844011763327,0.19931276148959565,0.15284029256440013,0.01802320807364032,-0.022961260314522614
