realization_index,shot,feature,feature_order,canonical_estimate,bootstrap_mean,bootstrap_median,bootstrap_standard_deviation,bootstrap_variance,q025,q05,q25,q75,q95,q975,fraction_positive,fraction_negative,sign_stability,relative_bootstrap_sd,interval_contains_zero,primary_block_length
0,155537,d[pcdiamag3]/d[kappa],source_matrix_order,0.39704129453163856,0.5253759857922109,0.4235019749486844,0.2849590762522121,0.08120167513851403,0.14748898814682126,0.1803576713280918,0.301200524663364,0.8219708640843264,1.00792462645109,1.030180090024613,1.0,0.0,1.0,0.7177063952210749,False,58
0,155537,d[kappa]/d[t],source_matrix_order,1.3182993586331713,1.23429669690651,1.2452494222736863,0.13302515675453883,0.017695692329569628,1.0038723010390032,1.021212533160046,1.1176643548644063,1.3365846322469006,1.4388109050246687,1.4702550924938886,1.0,0.0,1.0,0.10090663845309066,False,58
0,155537,r[q95]/r[kappa],source_matrix_order,-0.016200319260866847,-0.016499223145438207,-0.0131834343963034,0.02276953937421061,0.0005184519233137272,-0.06863491208608626,-0.05555441207197422,-0.025335108284470234,-0.0066351041056112395,0.02016827779841566,0.026748642136898905,0.15,0.85,0.85,1.4054994230398181,True,58
0,155537,d[pcdiamag3]/d[betan],source_matrix_order,1.2638060173861883,1.0845674966611873,1.2195960233559329,0.42035720505264934,0.1767001798396751,0.34845574672671936,0.37982544661437384,0.6517789489042942,1.4194524680337501,1.6230933996144232,1.672577740077895,1.0,0.0,1.0,0.3326121250174409,False,58
0,155537,d[kappa]/d[betan],source_matrix_order,-1.6150993824471747,-1.311545102212543,-1.5081088871679613,0.5372212629103887,0.288606685323033,-2.0410019408407685,-1.9511540380414452,-1.7272068667695764,-0.7313223456357089,-0.40768194196695473,-0.3350861068364727,0.0,1.0,1.0,0.3326242760964955,False,58
0,155537,d[betan]/d[t],source_matrix_order,-0.4024227133882137,-0.2965171080918277,-0.33950684882975835,0.14739593642417964,0.021725562074360806,-0.5098881437330376,-0.4892022718492952,-0.416658230322355,-0.14560647065636698,-0.05796502028636695,-0.043130664480388894,0.003,0.997,0.997,0.3662714144119089,False,58
0,155537,d[li]/d[betan],source_matrix_order,0.00870535842590893,0.005381434035137813,0.005617422384993458,0.008544956127793692,7.301627522591897e-05,-0.012059473674992298,-0.008906100112296242,-0.00014615624202857875,0.011113572354768305,0.019395723533267174,0.02216910380712535,0.747,0.253,0.747,0.9815743028295275,True,58
1,159310,d[pcdiamag3]/d[kappa],source_matrix_order,0.20098599229570552,0.299660920715216,0.22897941753794498,0.24012876679014739,0.05766182464015699,0.032098899878367886,0.04623882012976571,0.13994279643334123,0.3747978471415191,0.8476807460945203,0.9909810980892226,1.0,0.0,1.0,1.1947537440164036,False,35
1,159310,d[kappa]/d[t],source_matrix_order,0.18329535813579687,0.3024768087226774,0.25678508991714455,0.17016494334054152,0.028956107942089707,0.10596537078834851,0.12138551885871676,0.18900401853633514,0.3462785130492981,0.6871738921498889,0.8175748103673836,1.0,0.0,1.0,0.9283647173130897,False,35
1,159310,r[q95]/r[kappa],source_matrix_order,-0.015542686558066149,-0.01402178771178884,-0.0133484080913473,0.01606892694044256,0.00025821041301728073,-0.049422998977643316,-0.03980889931188134,-0.020529041191406583,-0.007421394534419955,0.01274709554175558,0.020588940582416254,0.107,0.893,0.893,1.033857749135543,True,35
1,159310,d[pcdiamag3]/d[betan],source_matrix_order,0.5208682073706433,0.47819838275878995,0.5067445813571261,0.11018847530878559,0.01214150009087485,0.16504916989972196,0.22932588143786647,0.4425393572559101,0.5517934975088674,0.6011138854707545,0.6098938749071422,1.0,0.0,1.0,0.21154770774937437,False,35
1,159310,d[kappa]/d[betan],source_matrix_order,-0.06864124912441179,-0.13665212028508875,-0.08183368949379055,0.11362915836851623,0.012911585631537341,-0.3867851975278211,-0.3727729104040576,-0.19753296260566336,-0.05685357128818373,-0.0350459254011866,-0.027647056135691038,0.004,0.996,0.996,1.6554063310031335,False,35
1,159310,d[betan]/d[t],source_matrix_order,0.8079141971887019,0.6907591108880097,0.7381154084659209,0.17018970430695632,0.028964535452089227,0.1730896201477554,0.30339491498279286,0.6422577628078023,0.8047408667788143,0.8758903012993283,0.8906537592129533,1.0,0.0,1.0,0.21065319176116104,False,35
1,159310,d[li]/d[betan],source_matrix_order,0.00965822338883017,0.008912524796802811,0.008413020457785837,0.0048000224932166526,2.304021593538581e-05,0.0013455562200859258,0.0019796257448446686,0.005182289133231514,0.012095979044434659,0.01742551132057432,0.01929017157819035,0.993,0.007,0.993,0.49698814160453453,False,35
2,160715,d[pcdiamag3]/d[kappa],source_matrix_order,0.46764991348936813,0.5006568492069884,0.4880264871437555,0.2009798262244397,0.04039289054920597,0.14783142602379915,0.18980596054606957,0.35867628799024276,0.6219881700099821,0.8593431016530785,0.9534973578990337,1.0,0.0,1.0,0.4297655584384246,False,63
2,160715,d[kappa]/d[t],source_matrix_order,1.0561295773182957,1.0722229816711424,1.0487923052958705,0.07529044932531856,0.005668651759608362,0.9722854750795046,0.9850156705728492,1.0200985149112576,1.1135993563078301,1.2153417816818535,1.2678721199318477,1.0,0.0,1.0,0.07128902640573193,False,63
2,160715,r[q95]/r[kappa],source_matrix_order,-0.0036094075302998685,0.015320502939270465,0.00019303246556774678,0.04947813459645334,0.0024480858031447525,-0.03591876027892857,-0.023981804484533974,-0.008328356268850349,0.009488858978784192,0.1400907086552698,0.16144659888156637,0.511,0.489,0.511,13.708104219622161,True,63
2,160715,d[pcdiamag3]/d[betan],source_matrix_order,1.1047516146989054,1.077778698180618,1.080856535707084,0.29132070655745423,0.08486775406913435,0.4522724057275075,0.5823909680712481,0.8926414161200997,1.2905202157963591,1.5455830764952392,1.6131848263288047,1.0,0.0,1.0,0.2636979232991227,False,63
2,160715,d[kappa]/d[betan],source_matrix_order,-1.1208812821514549,-1.097895656669889,-1.0877893531652587,0.3273098444150483,0.10713173425100311,-1.7443307513280961,-1.6397205826854189,-1.3368868591821046,-0.8797601990255429,-0.5556268670747266,-0.44403687331795944,0.0,1.0,1.0,0.29201116088476303,False,63
2,160715,d[betan]/d[t],source_matrix_order,-0.17445151223005165,-0.1615285629998886,-0.16461337718698504,0.06923870375076077,0.004793998097085614,-0.29876995509480997,-0.2762472073725708,-0.20319864934817192,-0.11481517656423362,-0.04102809755859902,-0.019972096226008464,0.004,0.996,0.996,0.39689368619203674,False,63
2,160715,d[li]/d[betan],source_matrix_order,-0.009574447972184125,-0.005273892378096858,-0.004820853866418264,0.016302281214828445,0.0002657643728073484,-0.03934056469195973,-0.03222372101489384,-0.015616268026503916,0.00550957031679253,0.02124168235833398,0.02583956163022983,0.37,0.63,0.63,1.7026862814637933,True,63
3,160717,d[pcdiamag3]/d[kappa],source_matrix_order,0.332302970327353,0.4267472337179686,0.36020713319939446,0.20551468096705738,0.04223628409299138,0.2409116196426877,0.2531193642527989,0.30110530871845,0.469132602253568,0.8619683327569051,1.0458291677008928,1.0,0.0,1.0,0.6184557446615762,False,60
3,160717,d[kappa]/d[t],source_matrix_order,1.2535586744969163,1.2258218191355064,1.2266246226272444,0.0936847292088512,0.008776828486935777,1.0182233059920158,1.0748549017709683,1.1794544511370333,1.2772726940057784,1.3759196556087308,1.4037035540005776,1.0,0.0,1.0,0.07473501728704408,False,60
3,160717,r[q95]/r[kappa],source_matrix_order,0.01945218960913757,0.024563576912177042,0.018022698419797617,0.029078917963116686,0.0008455834699056703,-0.007725787510176048,0.0026188636476209893,0.013018606024493524,0.02359112132086079,0.09255690032215058,0.12064070120745167,0.962,0.038,0.962,1.4948917601263518,True,60
3,160717,d[pcdiamag3]/d[betan],source_matrix_order,1.3228490485203555,1.1996989938946747,1.284589392750677,0.30372618634166426,0.09224959626965136,0.3183541883806521,0.5546686297234632,1.1280491490600415,1.3833498518024345,1.4951553465554062,1.52026008245816,0.989,0.011,0.989,0.229600033867349,False,60
3,160717,d[kappa]/d[betan],source_matrix_order,-1.5329324791786494,-1.3760193707414254,-1.4607062329186782,0.35076518018460084,0.1230362116299355,-1.7592044331047445,-1.7222262327584659,-1.5733514460032356,-1.3182953220388014,-0.6614299333329028,-0.33318572745617425,0.015,0.985,0.985,0.2288197196868983,False,60
3,160717,d[betan]/d[t],source_matrix_order,-0.4141848533263781,-0.360858419935363,-0.3728038016355588,0.11762272800362712,0.013835106143015249,-0.5714491904616115,-0.5337732718034721,-0.4372163664212363,-0.2902762843673577,-0.1791751192223525,-0.10387574758203345,0.016,0.984,0.984,0.2839860681987325,False,60
3,160717,d[li]/d[betan],source_matrix_order,-0.055774295623463144,-0.04480944697256693,-0.045468766868775344,0.02243357344043032,0.0005032652173071806,-0.08676577889350756,-0.08140984914400642,-0.06034586383480128,-0.027461293208460906,-0.009096604698328403,-0.004453572958759975,0.009,0.991,0.991,0.40222065002632784,False,60
4,160719,d[pcdiamag3]/d[kappa],source_matrix_order,0.47366114299877277,0.5031187739306467,0.4762037207249128,0.12677630179078445,0.016072230695748056,0.3386331611654668,0.36937391007250253,0.4326561163351993,0.533911528962661,0.7378660181648282,0.8197687606554139,1.0,0.0,1.0,0.2676518934784411,False,61
4,160719,d[kappa]/d[t],source_matrix_order,1.2452699497837318,1.2349415058987738,1.226867723528862,0.11594774151374859,0.013443878762139058,1.0230196704479175,1.046044495773132,1.1525802079456422,1.3238805766985098,1.4194399793295156,1.4384432108235758,1.0,0.0,1.0,0.0931105271864027,False,61
4,160719,r[q95]/r[kappa],source_matrix_order,-0.0015882282269832626,0.0005005702096559474,-0.0026321032542239026,0.022635660422641857,0.000512373122769155,-0.04208166199793361,-0.01934876754393989,-0.008176052935568431,0.004821084776656867,0.040210607649681415,0.05869988464749231,0.385,0.615,0.615,14.252145905769844,True,61
4,160719,d[pcdiamag3]/d[betan],source_matrix_order,1.1013099432114173,1.0655054529245938,1.1007220516961338,0.18631387388003381,0.03471285960018514,0.5997496918613788,0.7194273375873939,1.0106198216971043,1.1697852762378658,1.2755379407800038,1.3172943870242837,1.0,0.0,1.0,0.16917478592515273,False,61
4,160719,d[kappa]/d[betan],source_matrix_order,-1.383799922462083,-1.3314676901398061,-1.3588986533218943,0.25080394948525075,0.06290262107740022,-1.7064447719617617,-1.6502545570783187,-1.4772911010847252,-1.2454227143240653,-0.8782732603642246,-0.7031607965766455,0.0,1.0,1.0,0.18124292783527218,False,61
4,160719,d[betan]/d[t],source_matrix_order,-0.3415062077679154,-0.3257073835647983,-0.3259793416605088,0.10292406712304068,0.010593363593148185,-0.5136350633140647,-0.489524379314289,-0.4034416309495888,-0.2531070406555874,-0.15824971887051034,-0.12434326329686515,0.002,0.998,0.998,0.30138271217894425,False,61
4,160719,d[li]/d[betan],source_matrix_order,-0.029377023626907972,-0.027147715587372334,-0.025574093916635676,0.01565929714859246,0.00024521358718791595,-0.06320137594985686,-0.05702170464267645,-0.03646287982600463,-0.015931489329721136,-0.005852782364598446,-0.0031556706999497745,0.015,0.985,0.985,0.5330457349072201,False,61
5,160720,d[pcdiamag3]/d[kappa],source_matrix_order,0.33784174492252217,0.45248588924939476,0.3548633077717762,0.2542885696916685,0.06466267667583456,0.20449625053498155,0.21882352409872013,0.27824370908450774,0.5806806509511429,0.9563766959676612,1.169012908141846,1.0,0.0,1.0,0.7526854615020538,False,58
5,160720,d[kappa]/d[t],source_matrix_order,1.2465376977462752,1.2208742855523051,1.2084399847154796,0.11325427481685066,0.012826530764290734,1.0201185018797607,1.0619714075562954,1.145868649614965,1.290840454705394,1.4111879719109683,1.4602467275324793,1.0,0.0,1.0,0.09085507403555695,False,58
5,160720,r[q95]/r[kappa],source_matrix_order,0.0352988057217931,0.042091481943735035,0.034554384100241864,0.041144535852246006,0.0016928728304967569,-0.02357494463858021,0.0054531253607681,0.0261701761924013,0.04312723303861367,0.14011232627548337,0.1570523720311311,0.955,0.045,0.955,1.1656070229832918,True,58
5,160720,d[pcdiamag3]/d[betan],source_matrix_order,1.3154050543679383,1.1756235625965359,1.2936156141528337,0.35368414418220695,0.12509247384590017,0.18736719473331742,0.5050363712653976,1.0022225157384788,1.414031691557843,1.5511297246454718,1.5866795443258994,0.984,0.016,0.984,0.268878504767609,False,58
5,160720,d[kappa]/d[betan],source_matrix_order,-1.4800673207177035,-1.3310493900840188,-1.4167789347419246,0.3715885432572488,0.1380780454800443,-1.8204869797629788,-1.7604187384083625,-1.558816027386394,-1.1748510541307131,-0.6033967961987181,-0.35514132175717694,0.014,0.986,0.986,0.25106191999230176,False,58
5,160720,d[betan]/d[t],source_matrix_order,-0.510763188629293,-0.46603773922389863,-0.46890660830617636,0.12137519109672323,0.014731937013766083,-0.6928596887041637,-0.6580637996534602,-0.5353168567647925,-0.4050320364200951,-0.2584343451170658,-0.17549039866632718,0.001,0.999,0.999,0.23763496234419496,False,58
5,160720,d[li]/d[betan],source_matrix_order,-0.15927936873280416,-0.14443206135892211,-0.15064363384884552,0.04296658042905439,0.0018461270337664,-0.20896379052194036,-0.2002513017519163,-0.1747566206410321,-0.12459942440200242,-0.045321226911123114,-0.02675799582642867,0.001,0.999,0.999,0.26975609440750503,False,58
6,160721,d[pcdiamag3]/d[kappa],source_matrix_order,0.44225773893530185,0.49049254833987777,0.47070787806761466,0.16198393491781687,0.026238795171459533,0.22904941257234285,0.2711849571541359,0.37483182255362346,0.5777029560156224,0.7777192310952195,0.867120261388138,1.0,0.0,1.0,0.3662659138713528,False,62
6,160721,d[kappa]/d[t],source_matrix_order,1.1030415077720925,1.1001895113937936,1.0868962920261098,0.0720691439332564,0.0051939615072724285,0.9996291807940322,1.009185910300779,1.0504169703256314,1.1371175249396595,1.2413156730142072,1.278124180091142,1.0,0.0,1.0,0.06533674700856956,False,62
6,160721,r[q95]/r[kappa],source_matrix_order,-0.004279461782426511,0.0044827258867808795,-0.002300950024931546,0.02305908174827145,0.0005317212510734655,-0.02211889069901562,-0.017539388866027822,-0.00669452607673119,0.006495570851067451,0.05325017430557843,0.07201330713101727,0.397,0.603,0.603,5.388313512450919,True,62
6,160721,d[pcdiamag3]/d[betan],source_matrix_order,1.1511944400168543,1.0805210464108903,1.1135482988419063,0.24784005408912238,0.06142469241089911,0.5149445905001084,0.64551103494939,0.9416548489007317,1.2592303099093731,1.4224502492446496,1.4916835294232522,0.999,0.001,0.999,0.21528948149323374,False,62
6,160721,d[kappa]/d[betan],source_matrix_order,-1.212259033630669,-1.143402865886241,-1.1691380117073442,0.285196216827365,0.0813368820926414,-1.6613676567660396,-1.567263938854675,-1.324098354895545,-0.9985116462910603,-0.6663180526832222,-0.5327841989731174,0.001,0.999,0.999,0.23526012916003036,False,62
6,160721,d[betan]/d[t],source_matrix_order,-0.20471005360677857,-0.1977803857500785,-0.19527067072432006,0.056836248286991055,0.0032303591193404936,-0.330716638338045,-0.2939460984105557,-0.2239302828189523,-0.16954650755465325,-0.12023387567610039,-0.09455526165083955,0.008,0.992,0.992,0.2776426818595135,False,62
6,160721,d[li]/d[betan],source_matrix_order,-0.02572961961421267,-0.026491341071826685,-0.026297907930686412,0.01330679784142577,0.00017707086879257354,-0.052951861864908016,-0.04821925647014536,-0.03604476505560384,-0.01651675620675588,-0.004615883161943417,-0.0013171356258433761,0.021,0.979,0.979,0.517178179893292,False,62
7,161136,d[pcdiamag3]/d[kappa],source_matrix_order,0.2545058590149285,0.5650612474424211,0.26485335384251674,0.5157395792049887,0.26598731355853883,0.11515432818582769,0.13204884667563843,0.19425078939728074,1.1202240162478228,1.5034559834133572,1.5578084748888508,1.0,0.0,1.0,2.0264349952538225,False,111
7,161136,d[kappa]/d[t],source_matrix_order,1.4999512343024959,1.3065810839522172,1.37012332773326,0.1937159268901289,0.037525860330901765,0.9486906313528919,0.980466915978775,1.1178125439873068,1.475710355671659,1.5246373700973992,1.5366843926291216,1.0,0.0,1.0,0.1291481499264942,False,111
7,161136,r[q95]/r[kappa],source_matrix_order,0.00015328926438008816,0.001547297687612848,0.0025805058615741006,0.014478614028935166,0.0002096302641988782,-0.019382473273893246,-0.012599594932708359,-0.0010863015115968148,0.005098805814637487,0.01398307947065845,0.018083575770960758,0.701,0.299,0.701,94.45289001413882,True,111
7,161136,d[pcdiamag3]/d[betan],source_matrix_order,1.4114322211522257,1.0066206039200987,1.3970633620060793,0.6782059631693917,0.45996332847852234,-0.30012434002101074,-0.22764504743803204,0.28292653285175906,1.4954005134985282,1.5861269508538203,1.6139848355973205,0.838,0.162,0.838,0.4805090552741784,True,111
7,161136,d[kappa]/d[betan],source_matrix_order,-1.8530227593250168,-1.2451792264464232,-1.7017944345157785,0.8029704549544867,0.6447615515298154,-1.9642746028939697,-1.9421360582940008,-1.834928138453569,-0.37519833412070824,0.19481897732606746,0.2979138089070414,0.145,0.855,0.855,0.43333005539930697,True,111
7,161136,d[betan]/d[t],source_matrix_order,-0.5670818802912524,-0.3457155800439929,-0.4201260498346521,0.2223268373021705,0.0494292225847858,-0.6050693379665147,-0.5944141727115289,-0.5417761118937988,-0.10261655286283762,0.02171498505915284,0.04673470627641031,0.088,0.912,0.912,0.3920542077415406,True,111
7,161136,d[li]/d[betan],source_matrix_order,-0.0005868888153849061,0.00330689969911632,0.0034788853683348324,0.00564696056606544,3.188816363469811e-05,-0.0078002330503565385,-0.006040622589058955,-6.957822253516807e-05,0.006860445115323716,0.012488710064416153,0.01422341621262256,0.747,0.253,0.747,9.621857527396065,True,111
8,161138,d[pcdiamag3]/d[kappa],source_matrix_order,0.18066753969709892,0.4628540322604917,0.19147698658238538,0.43302921142017925,0.1875142979431823,0.10912042884610834,0.1194946348590557,0.15375221701475278,0.9918354744604263,1.2025504097943258,1.228187392642617,1.0,0.0,1.0,2.3968290714877667,False,116
8,161138,d[kappa]/d[t],source_matrix_order,1.3726306220880955,1.2238303843077556,1.2468715899901688,0.1472764824049453,0.021690362269574166,0.9888294511578964,0.9988767964499663,1.0733055290227598,1.3541003510596499,1.4156179849274448,1.4461043614806572,1.0,0.0,1.0,0.107295058142374,False,116
8,161138,r[q95]/r[kappa],source_matrix_order,0.007953335802862949,0.008356643499021382,0.008585484929163043,0.005152978064360861,2.6553182931784207e-05,-0.0033658846753716622,0.0008604733760476381,0.006736137121884214,0.010273872160802208,0.016026587664321,0.018001237202698687,0.955,0.045,0.955,0.6479014833631576,True,116
8,161138,d[pcdiamag3]/d[betan],source_matrix_order,1.4457593407726024,1.0802026603371986,1.4319084246802036,0.5604147965205193,0.31406474415913505,0.09022561261553372,0.12144328871346831,0.3951941770863976,1.4812049575801485,1.524349583641009,1.5377153078906358,0.999,0.001,0.999,0.3876266130302417,False,116
8,161138,d[kappa]/d[betan],source_matrix_order,-1.7453422273332848,-1.2283819523242478,-1.5845207043983325,0.6506363414344829,0.42332764879524903,-1.8555362899164225,-1.817031514044853,-1.722927636439374,-0.46443592475282724,-0.13555433335904862,-0.09684086034066984,0.001,0.999,0.999,0.3727843922212277,False,116
8,161138,d[betan]/d[t],source_matrix_order,-0.44398895490183665,-0.27695646712418864,-0.31141139102477955,0.1686302033375915,0.028436145477677453,-0.5057832170179375,-0.48488766570972713,-0.4325076482409651,-0.09779072948560469,-0.02279262095347823,-0.010270072427564971,0.005,0.995,0.995,0.3798072034807133,False,116
8,161138,d[li]/d[betan],source_matrix_order,-0.008176572138731575,-0.005266552166636193,-0.0048317048102299535,0.004400244321225895,1.9362150086480738e-05,-0.013710023597426811,-0.012780416572871399,-0.008655752761602478,-0.001878862387357988,0.0013813709228976802,0.0020905791888997235,0.106,0.894,0.894,0.53815269364308,True,116
9,161145,d[pcdiamag3]/d[kappa],source_matrix_order,0.1836892746804905,0.41740482879768354,0.18956170620269536,0.4361510452308091,0.1902277342559273,0.020373516948016028,0.024603495908854585,0.10328741500243173,0.8483468108914436,1.2179695329641316,1.241974963825321,0.999,0.001,0.999,2.3743958159203835,False,102
9,161145,d[kappa]/d[t],source_matrix_order,1.5945603348940927,1.3051094329241515,1.3502214025487256,0.28245788023574425,0.07978245410727004,0.8053413579147881,0.8379818436359242,1.04655053241285,1.5774424696646927,1.6414260120241018,1.6502323372078278,1.0,0.0,1.0,0.1771384086601554,False,102
9,161145,r[q95]/r[kappa],source_matrix_order,0.010865793230826846,0.006470181200187007,0.007643919137226455,0.010049879085573235,0.00010100006963464233,-0.01577082291127407,-0.013152168069962996,0.002902988407410694,0.012993892884961233,0.01979160058743191,0.024008321108163054,0.796,0.204,0.796,0.9249098406419384,True,102
9,161145,d[pcdiamag3]/d[betan],source_matrix_order,1.4240500803833593,1.1164200368373671,1.4195528957435373,0.5706734401996518,0.3256681753493056,0.03159235688232785,0.06836628545585084,0.5529050247382697,1.5313356384857342,1.6229366524781008,1.628493300749231,0.986,0.014,0.986,0.4007397268261971,False,102
9,161145,d[kappa]/d[betan],source_matrix_order,-2.0654662459354074,-1.3852921581219961,-1.6653702724251795,0.7456298658496732,0.5559638968470016,-2.2151048315170745,-2.187298676575413,-2.048622808071147,-0.7677087927642562,-0.10374603579370355,-0.045419271663150615,0.014,0.986,0.986,0.360998330191541,False,102
9,161145,d[betan]/d[t],source_matrix_order,-0.6461773307879173,-0.33427537521611284,-0.3921193938000106,0.3028265631995105,0.09170392737922714,-0.692389554321101,-0.682689391946626,-0.6293222470197573,-0.06097236054242067,0.15881084493754227,0.1931295360917473,0.158,0.842,0.842,0.4686431243730851,True,102
9,161145,d[li]/d[betan],source_matrix_order,-0.0031664791209423428,-0.0017378947189669557,-0.0015006035038835248,0.007150566992072408,5.113060830811545e-05,-0.015921014240074086,-0.013060006074868204,-0.005984300123321834,0.002488047754953564,0.009759876509071667,0.0118928981091689,0.394,0.606,0.606,2.258207529232703,True,102
10,161414,d[pcdiamag3]/d[kappa],source_matrix_order,0.09597306455213328,0.15652732017293666,0.10662429778711688,0.1254266692012478,0.01573184934691924,0.041767049181597564,0.04943468505186593,0.07836973513050038,0.182251781417936,0.4290471177226404,0.5032638138158558,1.0,0.0,1.0,1.3068944894753651,False,35
10,161414,d[kappa]/d[t],source_matrix_order,0.27714173177280355,0.3221733648016487,0.29160683605781496,0.09629618738463104,0.009272955704815974,0.21315060449740836,0.2212152377522934,0.26154902893694765,0.34951335800056416,0.522665584356442,0.584640729821259,1.0,0.0,1.0,0.347461880852981,False,35
10,161414,r[q95]/r[kappa],source_matrix_order,-0.007658900805454891,-0.008459850773640894,-0.0071095273922833335,0.005951651556773503,3.542215625324446e-05,-0.023163727214659178,-0.020463892813832655,-0.011195646663012704,-0.0046776763641728746,-0.00105495426513516,0.00140202907296024,0.035,0.965,0.965,0.7770895208009205,True,35
10,161414,d[pcdiamag3]/d[betan],source_matrix_order,0.5755249191539983,0.5477061110327436,0.5708950636344381,0.057906094627762354,0.0033531157950393684,0.38756169548903135,0.42131340815576174,0.5353369253253975,0.5837978734447273,0.5977694383453247,0.6005457583199444,1.0,0.0,1.0,0.10061440035104337,False,35
10,161414,d[kappa]/d[betan],source_matrix_order,-0.31990470471755406,-0.3179451031952118,-0.318776819853614,0.0358714866446964,0.0012867635541006324,-0.3873014825138885,-0.37493919109101215,-0.3426796941989218,-0.29372666041024253,-0.25952808377332837,-0.24943368681285005,0.0,1.0,1.0,0.11213178835981003,False,35
10,161414,d[betan]/d[t],source_matrix_order,0.715150349286067,0.6719353046784098,0.7010540499240728,0.0930255658491919,0.00865375590156234,0.4175349300425361,0.4787816766208718,0.644740559817338,0.7306803326847864,0.7699047922290851,0.7785789979967652,1.0,0.0,1.0,0.13007833379660513,False,35
10,161414,d[li]/d[betan],source_matrix_order,-0.0009556580383259135,-0.0007313571678795692,-0.0006098370879548925,0.0032283917499884977,1.0422513291393794e-05,-0.007582805891208052,-0.005973843111377394,-0.002833493679401124,0.0013450157587068445,0.004600018517940622,0.005407385003744778,0.422,0.578,0.578,3.378187197211774,True,35
11,165017,d[pcdiamag3]/d[kappa],source_matrix_order,0.18318949267392015,0.3053180069512579,0.195197163831911,0.25811567561765225,0.06662370199955708,0.10335984405053258,0.11202312146392086,0.15411196246418493,0.30991552962368835,1.0076832147663677,1.0788907363798959,1.0,0.0,1.0,1.4090091732340804,False,66
11,165017,d[kappa]/d[t],source_matrix_order,0.4368414783882156,0.5065022702196249,0.4544046489647001,0.1405004551837402,0.01974037790683819,0.3761761048943611,0.38869870448617333,0.42571681584222104,0.5019402730833411,0.8820750998062878,0.9146738703636753,1.0,0.0,1.0,0.32162800955196585,False,66
11,165017,r[q95]/r[kappa],source_matrix_order,-0.02136253043998086,-0.015984474974115457,-0.019062523842520548,0.01671151526051065,0.0002792747423022804,-0.04168967145333051,-0.033097719175859755,-0.023105805802838796,-0.01434242672099905,0.01860097275344589,0.029489957827158575,0.123,0.877,0.877,0.7822816359448495,True,66
11,165017,d[pcdiamag3]/d[betan],source_matrix_order,0.7475852638852558,0.6642164862902895,0.7388639611609991,0.17884502546284958,0.03198554313280732,0.13112865834000217,0.1800555603202949,0.6626314265028215,0.7686681412145591,0.8030925058013016,0.8122718240246896,1.0,0.0,1.0,0.23923027125144034,False,66
11,165017,d[kappa]/d[betan],source_matrix_order,-0.4461936402557333,-0.40133270597093007,-0.4348086339475259,0.11323036835458765,0.012821116317715604,-0.544369843466857,-0.522216642619866,-0.46861105264621933,-0.37573017172887024,-0.12590018107444256,-0.07822697016892786,0.002,0.998,0.998,0.2537695702917013,False,66
11,165017,d[betan]/d[t],source_matrix_order,0.534995301748658,0.4704793879194035,0.5151978971096557,0.1308023677001745,0.017109259395971653,0.09009878351746155,0.12506914872196123,0.4495692453440399,0.5503775591602271,0.5948645969999763,0.6105306696741097,1.0,0.0,1.0,0.2444925539955966,False,66
11,165017,d[li]/d[betan],source_matrix_order,-0.004335442071213472,-0.003874344800828558,-0.00263847679539983,0.008229094875270154,6.771800246619751e-05,-0.024247643161887752,-0.01888346836475822,-0.008035651055725599,0.0014598472807966865,0.007531909111466433,0.009351607454989988,0.334,0.666,0.666,1.898098219304535,True,66
12,165022,d[pcdiamag3]/d[kappa],source_matrix_order,0.5159535649331588,0.5252216766523763,0.5334638242930898,0.3480980875211081,0.12117227853585304,0.05079949005678324,0.059360080272026085,0.1331914136446495,0.7411082629187805,1.1849056247690262,1.227151233685084,1.0,0.0,1.0,0.6746694105431816,False,35
12,165022,d[kappa]/d[t],source_matrix_order,0.4595903842272494,0.5167975270202789,0.4778474389802576,0.1807492103390327,0.03267027703818389,0.2849206731878632,0.3029219514368855,0.3911040004726283,0.5812610107691012,0.9644539739314939,0.9804977558075691,1.0,0.0,1.0,0.39328327254483836,False,35
12,165022,r[q95]/r[kappa],source_matrix_order,-0.04477815752504205,-0.03575263181895184,-0.0345175671918832,0.0397128016646098,0.0015771066160526347,-0.1417351460928299,-0.10719187700235931,-0.05452080359322403,-0.005964228649397734,0.014183358998606226,0.02339317003768912,0.086,0.914,0.914,0.8868788681713767,True,35
12,165022,d[pcdiamag3]/d[betan],source_matrix_order,0.41522246365054927,0.42114416794642495,0.4025091595803982,0.22331671798519498,0.04987035653167911,0.001802339814020942,0.026429432910138287,0.2745814389271967,0.6805698735578071,0.7334395885192062,0.7395453625847875,0.976,0.024,0.976,0.5378242689999005,False,35
12,165022,d[kappa]/d[betan],source_matrix_order,-0.22915829605758173,-0.26694973858758975,-0.21754172869043745,0.17527790317380382,0.030722343341005345,-0.6109218474419702,-0.5746653694298635,-0.39653160898352785,-0.15100844607493707,-0.07437222478479968,-0.04333236500895752,0.015,0.985,0.985,0.7648769701523707,False,35
12,165022,d[betan]/d[t],source_matrix_order,0.46011962854986793,0.4245384013953216,0.4429524768679389,0.19050682302538455,0.03629284961922519,0.0014281877533419917,0.023533435666842014,0.32241096432975686,0.5769577014606874,0.6856876261038158,0.7051144599536546,0.975,0.025,0.975,0.4140375919753594,False,35
12,165022,d[li]/d[betan],source_matrix_order,0.034072135965997036,0.024704332461352323,0.022516665189737557,0.023639622296081058,0.0005588317423013727,-0.005142081736507468,-0.0029969369951469266,0.0025148517412916507,0.04164654746381619,0.06566040144336896,0.0748263267734622,0.862,0.138,0.862,0.6938109873614027,True,35
13,165026,d[pcdiamag3]/d[kappa],source_matrix_order,0.14762952087289602,0.24733751227043435,0.16023238362896192,0.2582380121083648,0.06668687089767995,0.025064829910583737,0.03319614597323896,0.08179732452184793,0.27406088787457933,0.908989532488647,0.9814102394016819,1.0,0.0,1.0,1.7492301714553227,False,35
13,165026,d[kappa]/d[t],source_matrix_order,0.258682327212267,0.335334124644509,0.2691382100438724,0.18325933029184865,0.03358398213901688,0.14160576212235124,0.18868988910137224,0.24343154700505676,0.33007390180046176,0.8140608802773794,0.8778924660739647,1.0,0.0,1.0,0.708433901406302,False,35
13,165026,r[q95]/r[kappa],source_matrix_order,-0.011367991523245961,-0.011221710049941002,-0.010404926211360794,0.014354375446374506,0.0002060480944554793,-0.042147761879276734,-0.03133509402845225,-0.01724571730328652,-0.0042132404807224185,0.010322405201574935,0.017475787474472367,0.077,0.923,0.923,1.2627011039743075,True,35
13,165026,d[pcdiamag3]/d[betan],source_matrix_order,0.5654543861518834,0.5164461653558636,0.5557424797138605,0.14109839089646634,0.019908755913572013,0.11796500831483635,0.15936587811333647,0.4941599865508124,0.6099747463052507,0.6516296147262336,0.6570970556003595,1.0,0.0,1.0,0.24953098667549548,False,35
13,165026,d[kappa]/d[betan],source_matrix_order,-0.24177323104994147,-0.2334283855145655,-0.2291237803138041,0.07422714322917835,0.005509668791964958,-0.35761830327307403,-0.35136207537636804,-0.2822963535305791,-0.18451477417003867,-0.11432368811685024,-0.09450450684560074,0.004,0.996,0.996,0.30701142101974654,False,35
13,165026,d[betan]/d[t],source_matrix_order,0.7097233719002398,0.63772550421944,0.6996869340091032,0.17976845593896945,0.0323166977506812,0.11829210423720592,0.17982092276435274,0.6253235998879438,0.7358838163995457,0.7890576545378177,0.8361531530190611,1.0,0.0,1.0,0.2532936959052799,False,35
13,165026,d[li]/d[betan],source_matrix_order,-0.00389487147978935,-0.0017378739807753436,-0.0031022176028639497,0.010957438896632166,0.00012006546717342754,-0.020749890732645944,-0.017736592809905156,-0.007677674591896492,0.002585434652203983,0.02030072266587999,0.026994250341922578,0.336,0.664,0.664,2.8132992201380604,True,35
14,165027,d[pcdiamag3]/d[kappa],source_matrix_order,0.3364884596999079,0.5228304252038236,0.41227475706075134,0.3028208516084898,0.091700468168891,0.1606229042476478,0.18506175226706012,0.2887367071061925,0.7179572715610264,1.1217605785747964,1.174927235918914,1.0,0.0,1.0,0.8999442414118899,False,26
14,165027,d[kappa]/d[t],source_matrix_order,0.6083146987139957,0.7053989177992244,0.6431002494126608,0.17334358189514573,0.030047997384239095,0.5070631280365088,0.5256522009187147,0.587351642888623,0.7563716819574888,1.1011288573240794,1.117950835261832,1.0,0.0,1.0,0.2849570826771102,False,26
14,165027,r[q95]/r[kappa],source_matrix_order,-0.04989768747264893,-0.03971292957326102,-0.045029401055943136,0.030148214969887344,0.0009089148658705394,-0.09526115726964905,-0.08185623980823502,-0.05390644036386424,-0.03397775624213717,0.021211446719134785,0.026429646992477532,0.149,0.851,0.851,0.6042006452986879,True,26
14,165027,d[pcdiamag3]/d[betan],source_matrix_order,0.8844781106235421,0.706276663052374,0.8055219255680737,0.29351053188213877,0.086148432325736,0.07655877912033542,0.12484244016112447,0.5176032862990128,0.9308677929606329,1.0385425841688596,1.0713987986651266,1.0,0.0,1.0,0.33184600993145946,False,26
14,165027,d[kappa]/d[betan],source_matrix_order,-0.5273113732191814,-0.441412872802899,-0.45511722513576996,0.19795971827369258,0.03918805005899973,-0.8236585706163235,-0.7651934005004035,-0.5679745560425812,-0.2854606439920585,-0.12437487574214216,-0.08987398334144313,0.002,0.998,0.998,0.3754133294436048,False,26
14,165027,d[betan]/d[t],source_matrix_order,0.3643330248912371,0.2767644582451644,0.31347383704051657,0.1390342113396473,0.01933051192283771,-0.0036974858475639443,0.0032345176604784065,0.19278701321856717,0.37762664074860564,0.4584871610663256,0.4841371489434595,0.963,0.037,0.963,0.3816129799958493,True,26
14,165027,d[li]/d[betan],source_matrix_order,-0.01717105547890624,-0.013945605564926373,-0.013846855215308327,0.018850560875856598,0.00035534364533437544,-0.05205812109092462,-0.04511355914152032,-0.02705055626769391,-0.0006499448792012773,0.016142662694461136,0.021754523026035623,0.241,0.759,0.759,1.0978102597718846,True,26
15,165028,d[pcdiamag3]/d[kappa],source_matrix_order,0.07468286405191271,0.20007906338945522,0.08812443272521743,0.2664153504634651,0.07097713896257093,0.0322120912684168,0.03678597735054485,0.05788590245919351,0.16359074243933014,1.0419701568148378,1.080624095871591,1.0,0.0,1.0,3.5672888800605436,False,75
15,165028,d[kappa]/d[t],source_matrix_order,0.37882723440768235,0.4511856187597974,0.3925960093948633,0.16021858851765708,0.025669996106590317,0.31553272188862946,0.33040137819526727,0.3656235677178151,0.43520433892817284,0.9439273289400532,0.9623790972686032,1.0,0.0,1.0,0.4229331314264335,False,75
15,165028,r[q95]/r[kappa],source_matrix_order,-0.010530619653628642,-0.010006309851946596,-0.008885349788472087,0.011678791009407559,0.00013639415944141883,-0.037160490782073057,-0.0280849643245359,-0.012890483482454395,-0.005990167133532925,0.005718163022411053,0.011966677186014314,0.088,0.912,0.912,1.1090316993247564,True,75
15,165028,d[pcdiamag3]/d[betan],source_matrix_order,0.7443771897319928,0.6620066707752903,0.7345179404104241,0.1760948157237575,0.031009384124784108,0.08334210632701222,0.10839046066083904,0.6832005148249148,0.7563589550290633,0.7745433796806763,0.7785305930204008,0.999,0.001,0.999,0.2365666467925472,False,75
15,165028,d[kappa]/d[betan],source_matrix_order,-0.4566589208714861,-0.406961940224504,-0.43867067909750634,0.10536903777549086,0.01110263412173282,-0.5262800175527982,-0.5090424300811376,-0.46694273003473985,-0.3914953557656044,-0.1084704268529723,-0.07876881449156466,0.001,0.999,0.999,0.2307390329184959,False,75
15,165028,d[betan]/d[t],source_matrix_order,0.613443868268317,0.5455397180329482,0.5979570403605743,0.15015975926575548,0.022547953302749637,0.055996826922737566,0.08160680685659201,0.5448558004223965,0.6285675861908803,0.6678137991383134,0.6793787038457695,1.0,0.0,1.0,0.24478157991804422,False,75
15,165028,d[li]/d[betan],source_matrix_order,0.0039401929652802675,0.004082621652106155,0.004565437562369542,0.006265771499600488,3.925989248520575e-05,-0.010360393453117386,-0.005960484670033676,0.0009379989468217137,0.007963541698881464,0.012847525908537119,0.014714839051782808,0.786,0.214,0.786,1.590219452400147,True,75
16,165029,d[pcdiamag3]/d[kappa],source_matrix_order,0.18833546189815453,0.27208243730537945,0.20348777998235107,0.23393092114788025,0.05472367586909577,0.05793717324417577,0.06732510175072792,0.12685329584031418,0.3092902012894402,0.8282362299846056,1.079193673199313,1.0,0.0,1.0,1.2420970474184037,False,33
16,165029,d[kappa]/d[t],source_matrix_order,0.3814491184258337,0.4243439856418253,0.3963684766386246,0.15632528377763064,0.024437594348156746,0.2383056785838561,0.251775903664794,0.3197785220587647,0.46228104950617505,0.809128277042756,0.9158985689094542,1.0,0.0,1.0,0.4098194915818767,False,33
16,165029,r[q95]/r[kappa],source_matrix_order,-0.013182877089863362,-0.010006401090024724,-0.011251987331765467,0.019392072849277804,0.0003760524893916974,-0.04307348254788319,-0.03257995183241028,-0.017946602283818613,-0.005541165557116451,0.03229894183112996,0.048982560566691584,0.084,0.916,0.916,1.4710046006715314,True,33
16,165029,d[pcdiamag3]/d[betan],source_matrix_order,0.6684405297280442,0.6193078518606582,0.6565796696687484,0.14531075367369026,0.021115215133215886,0.12780925383725758,0.27480634546029986,0.58981676768739,0.7132829978819537,0.7544353050091746,0.7594248191140738,1.0,0.0,1.0,0.21738770647675998,False,33
16,165029,d[kappa]/d[betan],source_matrix_order,-0.37542749887513116,-0.33890963770168536,-0.3451106280548706,0.08250615295255526,0.006807265275030443,-0.4929000921816251,-0.45791207965114333,-0.3881583851183296,-0.3000651754544414,-0.18700978195961537,-0.11828201174635745,0.0,1.0,1.0,0.2197658754347053,False,33
16,165029,d[betan]/d[t],source_matrix_order,0.5785002321050794,0.5403257057228316,0.5596048960360093,0.15259424557774726,0.023285003783441838,0.09638269882943201,0.17812516811090312,0.4874378105910373,0.6554736254557123,0.7278815940578458,0.739539660814719,1.0,0.0,1.0,0.26377559957491875,False,33
16,165029,d[li]/d[betan],source_matrix_order,-0.013024027628356739,-0.011299014671600159,-0.0107414014403221,0.008796955787517687,7.738643112754093e-05,-0.029277301295476774,-0.02624103200359001,-0.01661257900232984,-0.006460943120235708,0.003190921211457081,0.009616538754557577,0.069,0.931,0.931,0.6754405041619937,True,33
17,165031,d[pcdiamag3]/d[kappa],source_matrix_order,0.26198767010711954,0.3931743881777263,0.2798767753626253,0.31710635078448063,0.10055643770785008,0.056612853199920064,0.06981122362178202,0.17681933641716882,0.46803758905822634,1.0853531764447901,1.1324297710474718,1.0,0.0,1.0,1.2103865447363358,False,66
17,165031,d[kappa]/d[t],source_matrix_order,0.3082414310427794,0.41183654468860814,0.3268908045890656,0.2270920828463131,0.051570814091476735,0.13619286071378955,0.18123052031859835,0.2780074254297006,0.4199897533661733,0.9190283813787093,0.9549943699473847,0.997,0.003,0.997,0.7367344554496158,False,66
17,165031,r[q95]/r[kappa],source_matrix_order,-0.021263444812071097,-0.01479186348472527,-0.01743028213627558,0.016869203535036625,0.00028457002790649216,-0.0418187531930066,-0.03510054395153503,-0.02348527637366223,-0.010648010082781115,0.02078702693267477,0.03318528714004784,0.13,0.87,0.87,0.7933429265167473,True,66
17,165031,d[pcdiamag3]/d[betan],source_matrix_order,0.5459625185481465,0.4784871589069897,0.5343519610750502,0.17533210298804824,0.030741346338211555,0.07649658335334505,0.10428035272113018,0.43085609090221433,0.5999454861909895,0.6726793666898908,0.6809433152918904,1.0,0.0,1.0,0.32114311336664775,False,66
17,165031,d[kappa]/d[betan],source_matrix_order,-0.2010626940316193,-0.19018153684266023,-0.19129553932557658,0.07200262076432817,0.0051843773969316624,-0.3252566855646742,-0.2984135368664339,-0.226771175045936,-0.14715672917992945,-0.0931783487966401,-0.08303566617151456,0.005,0.995,0.995,0.3581102954534401,False,66
17,165031,d[betan]/d[t],source_matrix_order,0.6525036735288812,0.5586469254546162,0.6312766863214545,0.2205434175711257,0.04863939903395191,0.04796076388352491,0.08193012575386953,0.5094843060525021,0.6947527474452795,0.8147248470307609,0.851795821763755,1.0,0.0,1.0,0.3379956719299047,False,66
17,165031,d[li]/d[betan],source_matrix_order,-0.004175701740656096,-0.0027654504456673043,-0.00127040698259197,0.008337720751130168,6.951758732382662e-05,-0.024627274231722316,-0.019170470606967895,-0.006250670764073109,0.0024505309096521377,0.007952516372739662,0.009876660014071522,0.425,0.575,0.575,1.996723250118465,True,66
18,165042,d[pcdiamag3]/d[kappa],source_matrix_order,0.03106022051512447,0.12467743634366295,0.04989632166381616,0.23488170695331806,0.05516941626130438,-0.02882618678450794,-0.019638332777606942,0.01161820167399006,0.11571203453334722,0.6826558821118429,1.0864164356253716,0.848,0.152,0.848,7.5621390659134935,True,33
18,165042,d[kappa]/d[t],source_matrix_order,0.18798025834478588,0.25837753616465237,0.21014680731611915,0.16829924608800584,0.02832463623379115,0.0832577426475023,0.1100857509023097,0.16728053444688235,0.28519205074477416,0.6588662050819641,0.8784921550493724,1.0,0.0,1.0,0.8953027704607002,False,33
18,165042,r[q95]/r[kappa],source_matrix_order,-0.011371760151854773,-0.008870529395383471,-0.008776094046614669,0.013998389227736156,0.00019595490097119967,-0.03071757856821247,-0.025203119622403545,-0.012784624805512831,-0.005912203517707045,0.011595625028403486,0.022366386991421138,0.074,0.926,0.926,1.2309782338710107,True,33
18,165042,d[pcdiamag3]/d[betan],source_matrix_order,0.6277935777719634,0.5793797117555138,0.6171454988304735,0.12119181057708525,0.014687454950952113,0.0875747383257012,0.2881244011330059,0.5824675239149618,0.6383651500957704,0.6562687862350398,0.6616562343815424,1.0,0.0,1.0,0.19304404324618013,False,33
18,165042,d[kappa]/d[betan],source_matrix_order,-0.24825569908040732,-0.23929220126687364,-0.2502616411004682,0.06977231016126863,0.00486817526524027,-0.3439778936382102,-0.3262406048862304,-0.28709871961499156,-0.20819488024857663,-0.09761090755065362,-0.046597409453368745,0.003,0.997,0.997,0.28105018502987056,False,33
18,165042,d[betan]/d[t],source_matrix_order,0.796546106532602,0.7267893170225405,0.7706894678332694,0.16437584278637019,0.027019417691729487,0.10870648351283842,0.34658367188376643,0.6969222956478139,0.8165708827874877,0.8824087051617477,0.9103220078741661,1.0,0.0,1.0,0.20636073849121525,False,33
18,165042,d[li]/d[betan],source_matrix_order,0.004566441819939446,0.0021069434484891976,0.0024377402826319173,0.00430670400799404,1.854769941247193e-05,-0.006812553696090592,-0.0053650515136409675,-0.0007542448820702687,0.005231672240375759,0.008750656327839902,0.010057208329452316,0.695,0.305,0.695,0.9431203063154775,True,33
19,165043,d[pcdiamag3]/d[kappa],source_matrix_order,0.08064420648298004,0.15670127100983644,0.09000559075632113,0.18969214811588372,0.03598311105681837,0.032847049951864986,0.040169873268855585,0.06352767479580981,0.1425646931254666,0.57050394938223,0.8977273996711042,1.0,0.0,1.0,2.352210485894184,False,32
19,165043,d[kappa]/d[t],source_matrix_order,0.2198716638936256,0.2706006512968712,0.2324264215461377,0.13129008664519912,0.01723708685130389,0.16713517453397164,0.17642187585612043,0.2037889681175708,0.2663904965001749,0.5686053078361699,0.7582955702982588,1.0,0.0,1.0,0.5971214494866285,False,32
19,165043,r[q95]/r[kappa],source_matrix_order,-0.008527087116909516,-0.006797446357671207,-0.007844547042006433,0.011175744260656444,0.00012489725977959544,-0.020623118931684944,-0.016848983422035477,-0.010551767454583024,-0.005353634324621666,0.01299623121894211,0.025009873667873588,0.097,0.903,0.903,1.3106168739021369,True,32
19,165043,d[pcdiamag3]/d[betan],source_matrix_order,0.5707634689984294,0.534498818253137,0.5660761065171824,0.09116005232340545,0.008310155139606019,0.17710677841691136,0.3341578558778503,0.5385556953966251,0.5797162647230105,0.5936350289930625,0.5978428333868039,1.0,0.0,1.0,0.1597159896784777,False,32
19,165043,d[kappa]/d[betan],source_matrix_order,-0.24469707453107978,-0.23203955879906407,-0.23200834988014551,0.049101413675806636,0.002410948824962691,-0.33016031656748634,-0.3083264788270849,-0.2571184967951677,-0.20728516390410345,-0.15109238706567324,-0.11428479826293053,0.0,1.0,1.0,0.20066203803172114,False,32
19,165043,d[betan]/d[t],source_matrix_order,0.7719368287920371,0.7207389752496225,0.7563465023651879,0.127568089727286,0.016273617516668892,0.22967450672708262,0.44772245873636723,0.7163221254684622,0.7887517045810898,0.8201493165392446,0.8298964725307028,1.0,0.0,1.0,0.1652571622044648,False,32
19,165043,d[li]/d[betan],source_matrix_order,0.00243907236347371,0.002267563537763847,0.0018604419707492353,0.007156432660099174,5.121452841853414e-05,-0.010468351211361769,-0.008775755267169456,-0.0020911758997702763,0.006464861402011505,0.013805640118583306,0.0180318082875502,0.621,0.379,0.621,2.934079680155163,True,32
20,165860,d[pcdiamag3]/d[kappa],source_matrix_order,0.24073126908686904,0.37742786638539666,0.26273754545575756,0.2957586699141835,0.08747319082940694,0.05511703919369648,0.07551256783881417,0.16642213956655566,0.49509340747765007,1.0624364859885174,1.1200209030946064,0.998,0.002,0.998,1.2285843506580623,False,63
20,165860,d[kappa]/d[t],source_matrix_order,0.8300877706895998,0.7680772455228837,0.8443234913710049,0.21980252826186245,0.04831315143030684,0.150494960374478,0.2072728189674486,0.7471413765741192,0.8975198055458788,0.9714025091414417,0.9979523821672055,0.999,0.001,0.999,0.2647943217851048,False,63
20,165860,r[q95]/r[kappa],source_matrix_order,-0.02744374958028615,-0.021866065245891804,-0.02107293148344795,0.020402368658750298,0.00041625664688755643,-0.07103752529834763,-0.052231158721951096,-0.029640236377367127,-0.011635277832157141,0.008620936545602491,0.015840692095537495,0.087,0.913,0.913,0.7434249681904008,True,63
20,165860,d[pcdiamag3]/d[betan],source_matrix_order,0.8947270285271773,0.7746975844507664,0.8744465852172008,0.2609914842952428,0.06811655487463399,0.12399114428197869,0.17380669637449295,0.6710520632169414,0.9609956011491445,1.0418999121053982,1.0630518861419143,1.0,0.0,1.0,0.291699564195422,False,63
20,165860,d[kappa]/d[betan],source_matrix_order,-0.9897924977787511,-0.734748159154457,-0.8633663965117528,0.40642384204399506,0.16518033938180224,-1.2734637582716015,-1.239530822079646,-1.0691317329823098,-0.2911726035560551,-0.06871186401845458,-0.036900381146215196,0.011,0.989,0.989,0.4106151975854265,False,63
20,165860,d[betan]/d[t],source_matrix_order,0.11915579409009369,0.19131873308133243,0.09885262756155225,0.23069133079704757,0.05321849010491283,0.0017377949791371834,0.009335036980049958,0.04908140295114472,0.22104862710163747,0.7827656058859516,0.8405825128499023,0.979,0.021,0.979,1.936047949314323,False,63
20,165860,d[li]/d[betan],source_matrix_order,-0.003358960330148847,0.0046331074759164564,0.002909773956243422,0.017242998356909393,0.00029732099233638007,-0.023059696935062976,-0.01890016934976065,-0.005488596232311186,0.011106712610280373,0.03662693258620629,0.04959980193891045,0.601,0.399,0.601,5.133433164463768,True,63
21,165861,d[pcdiamag3]/d[kappa],source_matrix_order,0.20754233323542887,0.3248930978102781,0.22510223226618367,0.2423837821306425,0.05874989783995477,0.13231745804706643,0.14406012580168678,0.18311909674773158,0.3174667738568094,0.932154569808488,1.0475326185160907,1.0,0.0,1.0,1.167876347692832,False,68
21,165861,d[kappa]/d[t],source_matrix_order,0.4700184089109593,0.5322499047306931,0.49778919835666546,0.13098858498341773,0.01715800939595805,0.37667439925260376,0.3910373962859235,0.44326795268981467,0.5772103444862646,0.8147839495580985,0.9270232553773846,1.0,0.0,1.0,0.27868820135560274,False,68
21,165861,r[q95]/r[kappa],source_matrix_order,-0.011448704446327014,-0.009344562362538455,-0.009697711341305613,0.011853616805925365,0.00014050823138171627,-0.029790920970704828,-0.023522622905717116,-0.013937565397077821,-0.0064433142881435024,0.01023640333528477,0.019288099777018897,0.104,0.896,0.896,1.0353675266485913,True,68
21,165861,d[pcdiamag3]/d[betan],source_matrix_order,0.7591541592179597,0.6750522941190311,0.7465115895470533,0.17534225619630975,0.030744906808012323,0.15170672106526586,0.23620230048969731,0.6795613286881734,0.7785406714015082,0.8078603810321067,0.8167391035677047,1.0,0.0,1.0,0.23097055330229344,False,68
21,165861,d[kappa]/d[betan],source_matrix_order,-0.49942889940805446,-0.4495144588540255,-0.47858231791805983,0.13907522428335786,0.019341918009466292,-0.6574460184824169,-0.6311769529208696,-0.53938653299175,-0.40501700215414216,-0.15967401409889925,-0.12526564286129674,0.0,1.0,1.0,0.2784685156349498,False,68
21,165861,d[betan]/d[t],source_matrix_order,0.5077519459123865,0.44757039198246534,0.47769907845043597,0.12841069468020705,0.016489306508253355,0.06672701311449047,0.17969006308534885,0.3938836477658227,0.536644049242221,0.5933735940809158,0.6116741518606386,0.998,0.002,0.998,0.2529004481695562,False,68
21,165861,d[li]/d[betan],source_matrix_order,-0.0022223260463685446,-0.0011026253103021758,-0.0014667217639999022,0.004401715587042216,1.9375100109210398e-05,-0.008800929594811642,-0.007659416950558891,-0.004025639824420965,0.0015350625507804566,0.006825047578309345,0.008473679364273139,0.364,0.636,0.636,1.9806794751080672,True,68
22,165955,d[pcdiamag3]/d[kappa],source_matrix_order,0.06866860172408298,0.11514380690817728,0.07230730383608693,0.1156656929132233,0.013378552517096076,0.020944402162240496,0.026323643745843898,0.05057851196257719,0.12015975186460562,0.3942434736206397,0.46606328320443535,1.0,0.0,1.0,1.684404371272586,False,92
22,165955,d[kappa]/d[t],source_matrix_order,0.2776215636658981,0.3196840267081265,0.29200394893661985,0.0860947331407294,0.007412303074573408,0.21979531127659294,0.2322947213574723,0.2667250788948842,0.34627745692167944,0.5084539836906684,0.5651660378250273,1.0,0.0,1.0,0.31011543917510404,False,92
22,165955,r[q95]/r[kappa],source_matrix_order,-0.004761299712582406,-0.0012262293231265762,-0.003395260184165391,0.010253788385777734,0.00010514017626031036,-0.01258475420202908,-0.010338212257937712,-0.005551047352556692,-0.0013210413790251483,0.018022330476922793,0.02785376307387498,0.187,0.813,0.813,2.153569194285018,True,92
22,165955,d[pcdiamag3]/d[betan],source_matrix_order,0.7104719642891537,0.6844650644902249,0.7084056836522006,0.06480953753752265,0.004200276155827558,0.48899001016979804,0.5276241535255817,0.6813827949925628,0.721007374564575,0.7339569019642788,0.7364838573532089,1.0,0.0,1.0,0.09122040107855099,False,92
22,165955,d[kappa]/d[betan],source_matrix_order,-0.3262699176442757,-0.3331017794660736,-0.33184554632180524,0.043333202860695974,0.0018777664701662298,-0.44150372986815856,-0.407242780244391,-0.3487032191898949,-0.3127208005502294,-0.271636888765326,-0.2590098031224349,0.0,1.0,1.0,0.13281396940781098,False,92
22,165955,d[betan]/d[t],source_matrix_order,0.7228214133548486,0.681785144439948,0.7072763866418869,0.08402874282240816,0.00706082962031441,0.4507605116721949,0.5071883596954166,0.6498197906445892,0.736438669583003,0.770278873168137,0.7821268330023736,1.0,0.0,1.0,0.11625104247037092,False,92
22,165955,d[li]/d[betan],source_matrix_order,-0.0030900844950969442,-0.0029827756475164233,-0.003213292877945459,0.004103836524208718,1.684147421742949e-05,-0.01023781987463143,-0.009087938456311263,-0.005912848698411632,-0.0006618004419091826,0.004715383866721773,0.0064733730085724086,0.205,0.795,0.795,1.3280661194601544,True,92
23,165965,d[pcdiamag3]/d[kappa],source_matrix_order,0.12050256054617992,0.19692911540112873,0.1283620903267399,0.1874756300051022,0.03514711184580998,0.04591867814801953,0.054272734439904595,0.08688545055503924,0.21523184208973897,0.6488834913111832,0.8339308243678382,1.0,0.0,1.0,1.555781297553879,False,84
23,165965,d[kappa]/d[t],source_matrix_order,0.39355676258972316,0.45818924891722973,0.42487417297162033,0.12183252743664007,0.014843164741599654,0.32337378307923353,0.33442718948644884,0.37721124547032864,0.4905935076127511,0.7268992578608682,0.8325061959051258,1.0,0.0,1.0,0.30956786674162245,False,84
23,165965,r[q95]/r[kappa],source_matrix_order,-0.010156664152813771,-0.006448366535873457,-0.0078284576714121,0.012649534039451047,0.00016001071141523072,-0.02753594647990309,-0.021071135492103647,-0.01114822600452444,-0.0047099127048257985,0.020993445142380125,0.028397836951511008,0.135,0.865,0.865,1.245441795566846,True,84
23,165965,d[pcdiamag3]/d[betan],source_matrix_order,0.7663996513749665,0.7192464264193307,0.7610531644979306,0.1166339261998395,0.013603472740789609,0.32544768230126864,0.4359056167309728,0.7070683939798239,0.7874179199063002,0.8092081063265921,0.8146385517898335,1.0,0.0,1.0,0.1521842109277988,False,84
23,165965,d[kappa]/d[betan],source_matrix_order,-0.46067602660464424,-0.46745438891616853,-0.4584437159155615,0.06558326908843602,0.004301165184326208,-0.6045393619827303,-0.5818831656535585,-0.49994806885379117,-0.4348780816446248,-0.3663774880299822,-0.31577211559186574,0.0,1.0,1.0,0.14236310400567023,False,84
23,165965,d[betan]/d[t],source_matrix_order,0.5947686632576833,0.5330386869384431,0.5628277692070502,0.11960634708189849,0.014305678262275568,0.16910815283384673,0.27272436829613056,0.4951906404837553,0.6148445596635612,0.6597809616016795,0.673057830394059,1.0,0.0,1.0,0.20109725759051783,False,84
23,165965,d[li]/d[betan],source_matrix_order,-0.0022910149363742915,-0.002061890410718579,-0.00227300699661985,0.003773300258588275,1.4237794841462345e-05,-0.008985054784890973,-0.007956068005796159,-0.004545465784428368,0.00032644522821304034,0.004407359809870749,0.005680854524838389,0.27,0.73,0.73,1.6469994143984796,True,84
24,170394,d[pcdiamag3]/d[kappa],source_matrix_order,0.2940493795506297,0.5269330204771068,0.3040260785286013,0.4636413476281795,0.2149632992304744,0.051137388564485416,0.07354606401614046,0.17019570409536205,0.9258673970157203,1.400722601170986,1.519838253059471,0.998,0.002,0.998,1.5767465598353616,False,68
24,170394,d[kappa]/d[t],source_matrix_order,1.16359768342605,1.1515659535066898,1.1314767432304396,0.2251987358525618,0.05071447062959191,0.7779225057686827,0.8229943601027939,1.0141683898847764,1.2486438363921402,1.597141537769098,1.7243958891055933,1.0,0.0,1.0,0.19353659693571712,False,68
24,170394,r[q95]/r[kappa],source_matrix_order,0.012065188041497636,0.022068231163948866,0.012039562084647251,0.050096271476621004,0.0025096364158593114,-0.04735305489327088,-0.02998578120563054,0.0005892081189230632,0.021908162890668256,0.13381786229106304,0.15776451382296738,0.759,0.241,0.759,4.152133502131349,True,68
24,170394,d[pcdiamag3]/d[betan],source_matrix_order,1.47812023151652,1.1612820029827144,1.4645950462092163,0.707715505077582,0.5008612361272169,-0.3409399312929688,-0.1606395803917282,0.5633841249752273,1.697358024226439,1.9465263468220608,2.004935585682629,0.901,0.099,0.901,0.47879427531512797,True,68
24,170394,d[kappa]/d[betan],source_matrix_order,-1.4342287427908347,-1.1629845326578003,-1.369089547962711,0.8117704842226735,0.6589713190551139,-2.4611753263446765,-2.3009721600756596,-1.7474510578288234,-0.5125431380081216,0.28837321625175283,0.4585397374804679,0.125,0.875,0.875,0.5659979193019562,True,68
24,170394,d[betan]/d[t],source_matrix_order,-0.38644853730827894,-0.31169085889139675,-0.34820939669818546,0.2372729044826726,0.056298431201643476,-0.8426433721782739,-0.7266861495066467,-0.4228058722436187,-0.12172765780951597,0.06392902735669205,0.09111652592513031,0.12,0.88,0.88,0.6139831868308869,True,68
24,170394,d[li]/d[betan],source_matrix_order,-0.14087198142454566,-0.09234315674011526,-0.09753156894305358,0.06368316076365046,0.00405554496484895,-0.19178328675142514,-0.18325566964389922,-0.14798748443349305,-0.03656088734514146,0.008327009353959436,0.018775975052223837,0.081,0.919,0.919,0.4520640663932182,True,68
25,170396,d[pcdiamag3]/d[kappa],source_matrix_order,0.17840631638454907,0.28808423946029865,0.23205742089768228,0.2585023595350252,0.06682346988517544,-0.06508720641306638,-0.03151104983687539,0.10190853126590715,0.40887749690703573,0.8287576858403843,0.9770139304238669,0.919,0.081,0.919,1.448952956227347,True,70
25,170396,d[kappa]/d[t],source_matrix_order,1.1707225118874631,1.1590839640248647,1.1410130917700696,0.10619073767962059,0.011276472768941993,0.9847548042733987,1.0069857337969497,1.0836240969640656,1.2146138120542933,1.3575280803138048,1.3895329731384027,1.0,0.0,1.0,0.09070530087306306,False,70
25,170396,r[q95]/r[kappa],source_matrix_order,0.004912710097777939,0.021817641554224807,0.005716249693927186,0.04828572353689764,0.0023315110974817107,-0.02974003914022581,-0.02110624726747587,-8.179860715149835e-05,0.016596246207317058,0.14048069841259203,0.16526458118203408,0.745,0.255,0.745,9.828734563174786,True,70
25,170396,d[pcdiamag3]/d[betan],source_matrix_order,1.5262669973833283,1.3998329823949898,1.4750954303870514,0.34709485754202124,0.12047484013211601,0.5019765272528702,0.6863646141486485,1.2312762278406753,1.6325591180125207,1.84731386100239,1.909117707069195,1.0,0.0,1.0,0.22741424543483507,False,70
25,170396,d[kappa]/d[betan],source_matrix_order,-1.5456698248376926,-1.4060636123489754,-1.4792642116434376,0.3934845509426246,0.1548300918305189,-2.0268091062985185,-1.946364807734349,-1.666421307574243,-1.1793203541413564,-0.6207933956122479,-0.4269527753166341,0.0,1.0,1.0,0.2545721891050977,False,70
25,170396,d[betan]/d[t],source_matrix_order,-0.3062494125132898,-0.2701140718579571,-0.27160143785554774,0.11571497151433326,0.013389954632562958,-0.4910785011679681,-0.4634735233777209,-0.34353070742078706,-0.19342368555562084,-0.07776353240433755,-0.05268395490743487,0.008,0.992,0.992,0.3778455297748902,False,70
25,170396,d[li]/d[betan],source_matrix_order,-0.021118404386470543,-0.021310391644885126,-0.019769631286614568,0.018340537362718557,0.00033637531075327536,-0.06110801213128795,-0.05422727274506445,-0.030966746561851447,-0.010805760443349497,0.007090029417432968,0.016457612303134955,0.099,0.901,0.901,0.8684622676544405,True,70
26,170411,d[pcdiamag3]/d[kappa],source_matrix_order,0.19053925248236903,0.41156683974512764,0.18816605195375197,0.36790478442205105,0.13535393040063584,0.07921223878202951,0.08918787176622749,0.1308115889422674,0.8022202083371007,1.0570961365667804,1.1229412026796588,1.0,0.0,1.0,1.930860857429322,False,70
26,170411,d[kappa]/d[t],source_matrix_order,1.5319658981685582,1.4071717390044811,1.4618550909568833,0.2149516066678848,0.04620419320910506,1.0246561222426007,1.0506032958805918,1.2076834763050472,1.569128304769384,1.70722394567711,1.7430340932348563,1.0,0.0,1.0,0.1403109605278133,False,70
26,170411,r[q95]/r[kappa],source_matrix_order,-0.0029246575310788447,0.001054917769874466,-0.001712217621062967,0.024656997155826175,0.0006079675087424201,-0.04684252543649989,-0.03408100020475587,-0.006980695516402971,0.00485169144717966,0.05064599771519297,0.06406567635905239,0.417,0.583,0.583,8.430729715804468,True,70
26,170411,d[pcdiamag3]/d[betan],source_matrix_order,1.6302709737207628,1.2951490947386197,1.6307690815798874,0.5636686293765389,0.317722323743226,0.21094336716807863,0.315906597634747,0.688947558208681,1.7229741336002382,1.7999816227461436,1.8260081972729112,0.993,0.007,0.993,0.3457514968141028,False,70
26,170411,d[kappa]/d[betan],source_matrix_order,-2.127385380829148,-1.6795250711198908,-2.0439052563058144,0.724938962116164,0.5255364987940612,-2.520374563408443,-2.459415380249836,-2.237577012809715,-0.889010938588334,-0.4639835613440117,-0.306625579814712,0.003,0.997,0.997,0.34076522695366973,False,70
26,170411,d[betan]/d[t],source_matrix_order,-0.5981382880667196,-0.47307659992339884,-0.5252134771375299,0.20970325408341528,0.043975454773173425,-0.7954888799448713,-0.7709968004852974,-0.631486405227176,-0.277641052071663,-0.13256374728153442,-0.0892648696288836,0.002,0.998,0.998,0.3505932629078302,False,70
26,170411,d[li]/d[betan],source_matrix_order,-0.019624085755818865,-0.018039993310560005,-0.016030775186054176,0.01595631930891009,0.0002546041258878969,-0.05550382323341726,-0.04747130253833757,-0.026193972544114187,-0.008398667894420862,0.004989774587978159,0.010975278938136131,0.099,0.901,0.901,0.8130987352711687,True,70
27,186997,d[pcdiamag3]/d[kappa],source_matrix_order,0.2433913940655943,0.364252990508393,0.23353995148672285,0.29641513195080355,0.08786193044941228,0.07497511834977853,0.08617061662900709,0.15114781591399082,0.5140454947427404,0.9666219278178653,1.063594442234678,1.0,0.0,1.0,1.2178537909640226,False,50
27,186997,d[kappa]/d[t],source_matrix_order,1.6069162080867123,1.4581175086054263,1.4645505909744272,0.22476186671822826,0.050517896730662606,1.049907195764305,1.09837750939905,1.2831993032566686,1.6484727792930973,1.788633813890738,1.8228347236588516,1.0,0.0,1.0,0.1398715537170682,False,50
27,186997,r[q95]/r[kappa],source_matrix_order,-0.006245294096943632,-0.0058768416482276875,-0.0042386079555480835,0.0191402779272565,0.00036635023913262244,-0.05553357595924565,-0.035710182310010226,-0.008764017896506816,-0.00030523893004083015,0.02163758516793194,0.030484920447665827,0.227,0.773,0.773,3.0647520565317246,True,50
27,186997,d[pcdiamag3]/d[betan],source_matrix_order,1.5983866497825967,1.4084465021258845,1.617087075068842,0.48465696978822964,0.23489237836430893,0.2671309295766311,0.42137325907522843,1.1599405344384404,1.7563431350257486,1.868018949301892,1.8895990735099,0.99,0.01,0.99,0.3032163524727572,False,50
27,186997,d[kappa]/d[betan],source_matrix_order,-2.208469368554254,-1.8224239599425056,-1.9718432356315183,0.6536458117732544,0.42725284724871676,-2.6621327190043726,-2.595398050881622,-2.3042460555047493,-1.5444735969404246,-0.5664785167660652,-0.3747585008661596,0.014,0.986,0.986,0.2959723241265307,False,50
27,186997,d[betan]/d[t],source_matrix_order,-0.6860243289948947,-0.5217929277386886,-0.5441390151782026,0.23136690373611749,0.05353064414443785,-0.8744601948774529,-0.847407420537506,-0.721612740963638,-0.3375702261374421,-0.1445814573352212,-0.10078970126206242,0.015,0.985,0.985,0.33725757813151686,False,50
27,186997,d[li]/d[betan],source_matrix_order,-0.02317747065644088,-0.01906460453756201,-0.018276318932116065,0.007970919235922287,6.353555346559594e-05,-0.0359740504349621,-0.032796170328455006,-0.024238656201056856,-0.01350601831343307,-0.007447423642914617,-0.005738335083742177,0.004,0.996,0.996,0.343908071509385,False,50
28,187017,d[pcdiamag3]/d[kappa],source_matrix_order,0.2680507989237044,0.3990231056891686,0.2956057582514825,0.30106524195786927,0.09064027991515036,0.07364676981793036,0.09207156676133384,0.18197248799871446,0.5105809676594588,1.053635493775312,1.0773833545024836,0.997,0.003,0.997,1.1231648745936424,False,30
28,187017,d[kappa]/d[t],source_matrix_order,1.1731133959772242,1.1258075557542015,1.126562102425256,0.08043639472834621,0.006470013596894322,0.9978459786892869,1.0030644045590236,1.0589190919934857,1.1859561995674024,1.258637657386195,1.2740918776693935,1.0,0.0,1.0,0.06856659808350513,False,30
28,187017,r[q95]/r[kappa],source_matrix_order,-0.0193530347410494,-0.01822854200287454,-0.015945548571433855,0.01777402821054712,0.0003159160788293248,-0.06319229785375811,-0.05117170837027643,-0.026541236623029804,-0.007001205495127741,0.007862891085686146,0.012266965592473623,0.106,0.894,0.894,0.9184103913607929,True,30
28,187017,d[pcdiamag3]/d[betan],source_matrix_order,1.26513487738923,1.0910314609542286,1.2299176536604355,0.4001250721098929,0.160100073330947,0.19216584172324577,0.22476110015788936,0.9424758871469083,1.3795920848558438,1.502180799584807,1.525044280664134,1.0,0.0,1.0,0.3162706832773456,False,30
28,187017,d[kappa]/d[betan],source_matrix_order,-1.3994213092761352,-1.171927227056229,-1.3306048269854838,0.44658999397154714,0.1994426227155065,-1.7105632129814972,-1.6632869240322001,-1.474407624591093,-1.0189405092590653,-0.20626122345616543,-0.17791922419640085,0.0,1.0,1.0,0.3191247632226995,False,30
28,187017,d[betan]/d[t],source_matrix_order,-0.2282702254123405,-0.16998463271251363,-0.18192307364647298,0.09060106518941329,0.008208553013456316,-0.3185628982346713,-0.29920203218322144,-0.23801975037689907,-0.10967847839983365,-0.006349611119000105,-5.436632211761043e-06,0.025,0.975,0.975,0.39690268420138386,False,30
28,187017,d[li]/d[betan],source_matrix_order,-0.019301479340435357,-0.015571819001735304,-0.015296359675740522,0.010011646659746236,0.00010023306883960796,-0.03566731361124229,-0.03302372175414371,-0.022054570469205274,-0.009160384290110807,0.0017995389786017253,0.0033888492243075077,0.066,0.934,0.934,0.5186984107882323,True,30
29,187018,d[pcdiamag3]/d[kappa],source_matrix_order,0.2248672834418486,0.3610805640276351,0.24263923757253877,0.2982418181823052,0.08894818211268721,0.05762997405397211,0.07763452603972579,0.15490846445312684,0.4475230344565217,1.0356920086892611,1.0896436394381417,1.0,0.0,1.0,1.32630151268506,False,31
29,187018,d[kappa]/d[t],source_matrix_order,1.327147274139051,1.245167246617023,1.2671277135743142,0.11366641515493277,0.01292005393417353,1.0234061272245145,1.0417485315110622,1.1537654921230722,1.3392987091114694,1.4007912156179068,1.4164748619869458,1.0,0.0,1.0,0.08564717523808389,False,31
29,187018,r[q95]/r[kappa],source_matrix_order,-0.01850895688887405,-0.01693573280473664,-0.016432788049673398,0.016867915673516618,0.0002845265791688676,-0.049553592727880395,-0.042086544557195925,-0.02653664576811459,-0.009258508462290725,0.015341474765066176,0.024639970830268258,0.104,0.896,0.896,0.9113379956952198,True,31
29,187018,d[pcdiamag3]/d[betan],source_matrix_order,1.2961227060401384,1.1209291364341012,1.2750987489981067,0.3849828757826501,0.1482118146458794,0.1803478862444908,0.2533006156515462,1.0097782542114935,1.3880233367487302,1.4888419222965565,1.5141625626250292,1.0,0.0,1.0,0.29702656545446526,False,31
29,187018,d[kappa]/d[betan],source_matrix_order,-1.5464043552594489,-1.2886409722149503,-1.4497232987167554,0.446684362177412,0.19952691941384135,-1.7785323378934896,-1.737117678554901,-1.5925483882144618,-1.1479396439946798,-0.27356213895958664,-0.21070199404293488,0.0,1.0,1.0,0.28885353346180204,False,31
29,187018,d[betan]/d[t],source_matrix_order,-0.35255452194024317,-0.2682294753742018,-0.29921643359611816,0.11705517110171772,0.01370191308165241,-0.42613197435563066,-0.4153488969557171,-0.3600230356059695,-0.19356291588521443,-0.04050578050233027,-0.02639937017216636,0.002,0.998,0.998,0.3320200531183595,False,31
29,187018,d[li]/d[betan],source_matrix_order,-0.012998770419243577,-0.011520780368481923,-0.010625297039837195,0.010704367590707793,0.00011458348551699535,-0.03505253860054556,-0.02950143988591353,-0.01856449966506402,-0.004227116345737069,0.005611923015684015,0.008789382134202758,0.129,0.871,0.871,0.8234907799325436,True,31
30,187019,d[pcdiamag3]/d[kappa],source_matrix_order,0.21207729574108614,0.3585224684026995,0.23387739450462863,0.2984841459655644,0.08909278539279235,0.07365086563575043,0.0882006137065226,0.15309478799530568,0.42561874543413847,1.0269640424698918,1.097571230700262,1.0,0.0,1.0,1.407430931833299,False,33
30,187019,d[kappa]/d[t],source_matrix_order,1.3063184961172762,1.229304866481111,1.2636183120684623,0.10924570307387828,0.011934623640105977,0.9882171600457416,1.0020901665020654,1.1675410066960854,1.3137918645875244,1.357355176470636,1.3667360898268113,1.0,0.0,1.0,0.083628688867673,False,33
30,187019,r[q95]/r[kappa],source_matrix_order,-0.011629675059477984,-0.009628738297571094,-0.009686269743097681,0.015243378428050786,0.00023236058590076405,-0.04309118072465583,-0.033105154331114856,-0.015075856752854232,-0.005691702220081037,0.023402720216005212,0.026753084292949245,0.123,0.877,0.877,1.3107312414224666,True,33
30,187019,d[pcdiamag3]/d[betan],source_matrix_order,1.3840772702901816,1.1872295813188567,1.3574523818254254,0.4015630398692994,0.16125287498907256,0.19444784526626754,0.28806505757013384,1.1013736062758492,1.4635447454162398,1.5495141672722903,1.5676750755348703,1.0,0.0,1.0,0.2901305067925207,False,33
30,187019,d[kappa]/d[betan],source_matrix_order,-1.633093964043033,-1.35211601157017,-1.5435047338839976,0.4861903546946687,0.23638106099812775,-1.8382514665326337,-1.806944734532122,-1.6843486741199858,-1.2594754373704629,-0.24559782103384348,-0.15694435837523255,0.0,1.0,1.0,0.29771119445632643,False,33
30,187019,d[betan]/d[t],source_matrix_order,-0.33536615389070046,-0.2542227237997747,-0.2975624638881186,0.11497508846393002,0.013219270967288534,-0.38210916276719475,-0.373199863393619,-0.33829902104245346,-0.20748304401783957,-0.005376329502495886,0.007787719189268075,0.038,0.962,0.962,0.3428345023195195,True,33
30,187019,d[li]/d[betan],source_matrix_order,-0.010881045438004555,-0.009771631450615827,-0.008442443749361555,0.009288145376927539,8.626964454294042e-05,-0.03238625659953946,-0.028233683240442415,-0.014720850978990877,-0.003588745176522718,0.002736555502096678,0.005258905339497786,0.116,0.884,0.884,0.8536078109264852,True,33
31,187020,d[pcdiamag3]/d[kappa],source_matrix_order,0.3772256749357285,0.4654214187054497,0.3788174143285674,0.2818645709421484,0.0794476363524014,0.13226899529846997,0.15754792718733415,0.2665629539511518,0.5681097525166068,1.0865286000541943,1.1940727800743918,1.0,0.0,1.0,0.7472041000130004,False,30
31,187020,d[kappa]/d[t],source_matrix_order,1.39211780699637,1.3098817660306719,1.3334837195467246,0.1540204783011979,0.02372230773612977,1.0024949000613383,1.0250995440632964,1.200950253995752,1.4303273964832703,1.5261961734699758,1.5536550565085843,1.0,0.0,1.0,0.11063753191514156,False,30
31,187020,r[q95]/r[kappa],source_matrix_order,-0.034974769168232195,-0.03078503568090271,-0.030269967515949715,0.017781961238772667,0.00031619814549721357,-0.06999744096157366,-0.06277154808351437,-0.04137775149897424,-0.018041262189517508,-0.004555232986834325,0.0004783295486042797,0.026,0.974,0.974,0.5084225475010034,True,30
31,187020,d[pcdiamag3]/d[betan],source_matrix_order,1.231265764028656,1.1112256220043628,1.2285821520307905,0.3902398712712819,0.15228715712982668,0.10782439982971609,0.25876387952115815,0.9667055771014593,1.3856854374065912,1.5454670403590698,1.5836773963749948,0.99,0.01,0.99,0.31694203044713204,False,30
31,187020,d[kappa]/d[betan],source_matrix_order,-1.554678648946777,-1.3386325172518376,-1.4633383351059484,0.48416836045264783,0.23441900126340512,-1.955464270673845,-1.90979249755836,-1.6620829088350086,-1.190431357756921,-0.2463127873246587,-0.1383363629519976,0.006,0.994,0.994,0.31142664806045234,False,30
31,187020,d[betan]/d[t],source_matrix_order,-0.4373912199741701,-0.35025827866862913,-0.3835508583646119,0.1584510906464668,0.025106748127054844,-0.587970260749585,-0.5621195767530323,-0.47131813205260004,-0.25372512742635694,-0.04271801235265426,-0.02549013214842978,0.007,0.993,0.993,0.3622639948186973,False,30
31,187020,d[li]/d[betan],source_matrix_order,-0.03317755322641001,-0.0282129467974288,-0.028623111600307227,0.014036780771508026,0.00019703121442737746,-0.05464549556933493,-0.051143516413163496,-0.03821058253697789,-0.017952003140084615,-0.0051903982443011,-0.0009465592989935072,0.021,0.979,0.979,0.4230806496102323,False,30
32,187021,d[pcdiamag3]/d[kappa],source_matrix_order,0.34474577592726097,0.4582419715469501,0.34307186444300924,0.308570043495446,0.09521547174278143,0.13102845390021095,0.15234723221592772,0.2409868966003199,0.542512050895004,1.1454320562309896,1.2194663353585342,1.0,0.0,1.0,0.8950654802527624,False,30
32,187021,d[kappa]/d[t],source_matrix_order,1.3585936468710331,1.28217745172936,1.2892563656343787,0.1552813461459816,0.024112296460908154,0.9884809928348864,1.0132255087411144,1.1851127673289397,1.3955858629778835,1.5227997100615775,1.5691118299309084,1.0,0.0,1.0,0.11429565161268697,False,30
32,187021,r[q95]/r[kappa],source_matrix_order,-0.02640383991398476,-0.021175661139506096,-0.020983112271675413,0.018262181602138834,0.0003335072768694981,-0.05978092408800255,-0.05179065170726316,-0.030079236613640672,-0.013408056456826821,0.011829727107103265,0.019558886383256924,0.104,0.896,0.896,0.6916487019172389,True,30
32,187021,d[pcdiamag3]/d[betan],source_matrix_order,1.1431999140004627,0.9981587299775199,1.1428930034779559,0.4022003051463159,0.1617650854597896,0.008922536392767376,0.10014684252297988,0.8824726344650974,1.279787255506305,1.3956704349184037,1.425594658821135,0.979,0.021,0.979,0.3518197475530537,False,30
32,187021,d[kappa]/d[betan],source_matrix_order,-1.4761621297793268,-1.2423298009618429,-1.4021590694744595,0.5088609544807079,0.2589394709950171,-1.8829362921896537,-1.8094567962525938,-1.580117782759782,-1.1152761719399482,-0.11930311066297088,-0.03605192705613351,0.021,0.979,0.979,0.34471887891933506,False,30
32,187021,d[betan]/d[t],source_matrix_order,-0.39169714728139327,-0.3106345268676357,-0.326563283714622,0.15778686931958252,0.024896696129675013,-0.5956059385756892,-0.5370607824348187,-0.42518371304857866,-0.22895644492193024,-0.01827090497660265,0.0006774346602810321,0.027,0.973,0.973,0.40282874260053986,True,30
32,187021,d[li]/d[betan],source_matrix_order,-0.013094290664721009,-0.012021032122076804,-0.010194665404771139,0.010779936369015301,0.0001162070281200188,-0.037292503048323294,-0.03300263337688243,-0.01755262319051549,-0.004787111517959524,0.0018386968810369436,0.005318651391184668,0.088,0.912,0.912,0.8232547027582086,True,30
33,187022,d[pcdiamag3]/d[kappa],source_matrix_order,0.26847374152546544,0.43968908546106356,0.2931155450631514,0.30517011800931737,0.0931288009258207,0.18810988268417358,0.20030257631202317,0.23860818816766288,0.5348195529358672,1.1558479657644318,1.175518924727378,1.0,0.0,1.0,1.1366851606244333,False,32
33,187022,d[kappa]/d[t],source_matrix_order,1.4140405858474663,1.3089044509610326,1.3593122185665356,0.13672209625805817,0.018692931605197725,0.9979824031607022,1.010256450027588,1.2391790927834851,1.4123145058434337,1.4501133655813658,1.4568538775960713,1.0,0.0,1.0,0.09668894770521558,False,32
33,187022,r[q95]/r[kappa],source_matrix_order,-0.014470695728477811,-0.014093581080391847,-0.012394857259376134,0.010719886991881042,0.00011491597711870038,-0.03987528937711476,-0.03249887567674432,-0.018573917540800646,-0.007860374888369933,0.001032102200254184,0.0023871085032279135,0.059,0.941,0.941,0.7407996956762727,True,32
33,187022,d[pcdiamag3]/d[betan],source_matrix_order,1.3894249823257179,1.1439953188107617,1.3534245496784636,0.4401519868617735,0.19373377153836682,0.08418660449551596,0.11289938834865552,1.0080166360582297,1.4344668282834494,1.494799579189693,1.5099242187099482,0.999,0.001,0.999,0.31678715473002045,False,32
33,187022,d[kappa]/d[betan],source_matrix_order,-1.7815194439335582,-1.4183358806285218,-1.6838546721714123,0.5627713895090929,0.31671163684999515,-1.8894306136397565,-1.8756768531684667,-1.793546335954658,-1.1978872131399882,-0.11050694723058274,-0.07412244766893959,0.003,0.997,0.997,0.31589404843457947,False,32
33,187022,d[betan]/d[t],source_matrix_order,-0.44935639723268833,-0.3375399935562941,-0.40106286914167943,0.14926235438604063,0.022279250436863983,-0.48149841890312794,-0.4766583838678501,-0.4474386382376988,-0.265633298421077,-0.009481485301888637,5.621006127984611e-05,0.026,0.974,0.974,0.3321691986700445,True,32
33,187022,d[li]/d[betan],source_matrix_order,-0.008036556483836152,-0.006991146710255834,-0.006304989296010411,0.007554414613957532,5.706918015957513e-05,-0.023467201503409026,-0.018941983128472374,-0.010732419397818067,-0.00237770671055914,0.0029102831431343976,0.008472444084660044,0.12,0.88,0.88,0.940006410600201,True,32
34,187024,d[pcdiamag3]/d[kappa],source_matrix_order,0.50585256021844,0.5168433418527941,0.4809369167367489,0.270423159113629,0.07312868498499511,0.09996225199553838,0.13416080687776524,0.31529423566230724,0.6853552694137304,1.0595971403060511,1.1360995973926644,0.999,0.001,0.999,0.5345888908753429,False,27
34,187024,d[kappa]/d[t],source_matrix_order,1.0123323766926096,1.0233550921497743,1.008943548053121,0.09271448689084562,0.008595976079432783,0.8587610587782243,0.8855812181664495,0.980543133184614,1.0498952021857981,1.218243691770774,1.240513350634436,1.0,0.0,1.0,0.09158502585262851,False,27
34,187024,r[q95]/r[kappa],source_matrix_order,-0.04200603066412818,-0.034575612966982146,-0.03421619573762597,0.028298042248116006,0.0008007791950761584,-0.09216403715168185,-0.0831386425246065,-0.05495187344031351,-0.010547199846700099,0.006594903050981986,0.012908131819105852,0.106,0.894,0.894,0.6736661808010573,True,27
34,187024,d[pcdiamag3]/d[betan],source_matrix_order,1.0066444948127429,0.9936959155562437,1.0369065685155294,0.38959824123479186,0.15178678957324307,0.11322148511118374,0.21977379234127542,0.749583173592,1.2876092637104204,1.5562981212246965,1.606345535090276,0.994,0.006,0.994,0.38702664470167786,False,27
34,187024,d[kappa]/d[betan],source_matrix_order,-0.9218640099017925,-0.9185690804369098,-0.8900700698944268,0.4226424304547627,0.17862662402070892,-1.7641472778924918,-1.6778939749036978,-1.1730933811066642,-0.6574627994585881,-0.17162942388332278,-0.0922143761467985,0.008,0.992,0.992,0.45846505115194475,False,27
34,187024,d[betan]/d[t],source_matrix_order,-0.05287930068123561,-0.04173736700960769,-0.0347469526036506,0.10314537203450108,0.010638967772135638,-0.2630197362554705,-0.24296028492662347,-0.08520339314538519,0.010107419754565306,0.13000746758211226,0.1724563403804718,0.295,0.705,0.705,1.9505812426732907,True,27
34,187024,d[li]/d[betan],source_matrix_order,-0.02106675499961823,-0.011303836202585389,-0.01161364906663373,0.011126429946458783,0.00012379744335345479,-0.031210052210178585,-0.028348745659019906,-0.019070086769511104,-0.004350372491809175,0.007196931853429983,0.012386568344308884,0.139,0.861,0.861,0.5281511056952003,True,27
35,189646,d[pcdiamag3]/d[kappa],source_matrix_order,0.2607096016150683,0.2896123517032655,0.264266093632619,0.09906222898238774,0.009813325210959022,0.16911420634300653,0.1843192393362187,0.22888862507166124,0.3265579593324323,0.4826700500120354,0.555371718237937,1.0,0.0,1.0,0.3799715406287585,False,36
35,189646,d[kappa]/d[t],source_matrix_order,0.8014310711273378,0.8150427705924963,0.8117758955397856,0.05051908190926187,0.0025521776369547096,0.7207076764218241,0.7373004171978721,0.7833059883818684,0.8448662831369779,0.9024697234239286,0.9206343229771066,1.0,0.0,1.0,0.06303609097436019,False,36
35,189646,r[q95]/r[kappa],source_matrix_order,-0.013379308002516618,-0.00925998422025449,-0.0110351262079103,0.007550304613629184,5.700709975859014e-05,-0.021011415596330317,-0.01870019902352316,-0.014424256019767868,-0.004931836604007972,0.004995924317007022,0.008283054712310263,0.135,0.865,0.865,0.5643269900213392,True,36
35,189646,d[pcdiamag3]/d[betan],source_matrix_order,1.1562776033891118,1.1245913786262445,1.1535170845828757,0.1084648529206235,0.011764624319092486,0.8320298794289563,0.9111441524198935,1.0863057979582356,1.1927330258751148,1.2383432646397574,1.2524242988642014,1.0,0.0,1.0,0.09380520093332871,False,36
35,189646,d[kappa]/d[betan],source_matrix_order,-0.9457632816479917,-0.930414218672419,-0.9325950785281786,0.07576363072717089,0.005740127740963113,-1.0687083667476667,-1.046665279631345,-0.9682634921962507,-0.8999653509490796,-0.8093514181787527,-0.76160441824905,0.0,1.0,1.0,0.08010845017703874,False,36
35,189646,d[betan]/d[t],source_matrix_order,0.1702027632069662,0.16046869244622555,0.16071793364256814,0.04942206736247191,0.0024425407423807107,0.0685891424520133,0.07770889694146692,0.12574226254238935,0.1921095696605832,0.23985940442802217,0.2581394155772785,1.0,0.0,1.0,0.2903717097846084,False,36
35,189646,d[li]/d[betan],source_matrix_order,-0.02654357892907272,-0.02402598569282625,-0.024543333932492587,0.009795678086926878,9.59553091826994e-05,-0.04338436803597072,-0.03954421499191561,-0.029757711212262603,-0.018814018222727165,-0.005764700935926748,-0.0008107814888014201,0.022,0.978,0.978,0.36904134567164465,False,36
36,189647,d[pcdiamag3]/d[kappa],source_matrix_order,-0.029891966150010774,0.1919146643064725,-0.013515829411058639,0.370214653658012,0.13705888978312178,-0.10479900349717383,-0.09598995162433004,-0.06705869011481744,0.2890213490887269,0.9277487982752591,0.9662451766073583,0.47,0.53,0.53,12.385088749268043,True,36
36,189647,d[kappa]/d[t],source_matrix_order,1.0387425257023986,1.0014493584906574,1.011628668598664,0.08246023619036297,0.006799690552570447,0.8490575233587876,0.8649269599557766,0.9385911289185309,1.0574182915170227,1.129253466321737,1.155575547298338,1.0,0.0,1.0,0.07938467343926561,False,36
36,189647,r[q95]/r[kappa],source_matrix_order,0.009491340627471638,0.004051153998904491,0.005706694533210942,0.011665963980144595,0.00013609471558603112,-0.019705013420297363,-0.015920623111749497,-0.003829172630470455,0.011684622350745997,0.020140600185827334,0.026442667252836394,0.642,0.358,0.642,1.2291165640370678,True,36
36,189647,d[pcdiamag3]/d[betan],source_matrix_order,1.5798966122386748,1.3155451822923492,1.5576762318074593,0.4320572158328849,0.18667343775326412,0.41042397131737757,0.4589936216252655,1.2179012902373825,1.6108371475142573,1.6556020321188685,1.6710373173401118,1.0,0.0,1.0,0.27347182878040993,False,36
36,189647,d[kappa]/d[betan],source_matrix_order,-1.4922681515305865,-1.2024004659698533,-1.3225095603261199,0.39335956683282647,0.15473174881890886,-1.663970296122292,-1.625215230788898,-1.481879768599895,-1.1261699332240511,-0.4346195541564887,-0.3712404218874972,0.0,1.0,1.0,0.2635984467197574,False,36
36,189647,d[betan]/d[t],source_matrix_order,-0.05174398801718416,-0.011120353796102657,-0.030791094637939817,0.09618656792950359,0.009251855850057007,-0.18192228117780693,-0.15381623919576914,-0.07848310173561635,0.0672072674170667,0.14759601272758208,0.1658711474591022,0.403,0.597,0.597,1.8588935954754435,True,36
36,189647,d[li]/d[betan],source_matrix_order,-0.025577691618282244,-0.020629359633962775,-0.02182533471846531,0.013118511052755293,0.00017209533224126278,-0.050141842864311684,-0.040917333772620156,-0.028598236865251904,-0.010244594007608882,-0.0005243129966222984,0.002121649207545897,0.044,0.956,0.956,0.5128887801344052,True,36
37,189649,d[pcdiamag3]/d[kappa],source_matrix_order,0.31392244545588865,0.3800559648674928,0.3314210703644575,0.1641410313306096,0.02694227816627616,0.15398716084438308,0.18812180143159635,0.27269969951624584,0.4776382553015378,0.7108878360636768,0.7791302931719166,1.0,0.0,1.0,0.5228712814473587,False,39
37,189649,d[kappa]/d[t],source_matrix_order,0.8516022317454233,0.8588387375603763,0.8658720598369004,0.11893982661633228,0.014146682355523183,0.6000000167188134,0.6464843332020149,0.7788950571702258,0.9614871103187883,1.0295405273139202,1.0455464652343518,1.0,0.0,1.0,0.13966594048556677,False,39
37,189649,r[q95]/r[kappa],source_matrix_order,-0.018606685116621974,-0.01407381371848625,-0.018202322237375584,0.013766459516800509,0.0001895154076277073,-0.03132109229324098,-0.02905927618439605,-0.022400149859042436,-0.010524023411818375,0.017295215715736192,0.021351624428849796,0.143,0.857,0.857,0.7398663131296681,True,39
37,189649,d[pcdiamag3]/d[betan],source_matrix_order,1.1765575486108926,1.0984487391745434,1.1598820284148326,0.19147429782113642,0.036662406726097246,0.6276982702758692,0.7085674510461134,0.9829725971586587,1.224912547269682,1.3195526688780614,1.3571564621443524,1.0,0.0,1.0,0.1627411239230934,False,39
37,189649,d[kappa]/d[betan],source_matrix_order,-0.9274510238353235,-0.8547466941639025,-0.874691479404183,0.12005118141135548,0.014412286158262184,-1.0454724857309416,-1.0232185454106155,-0.9338166397684783,-0.793201649848472,-0.6454027055584647,-0.601444503156233,0.0,1.0,1.0,0.12944207114560416,False,39
37,189649,d[betan]/d[t],source_matrix_order,0.03546845882415479,0.05209249323886118,0.030799256198514438,0.11368189765116683,0.012923573853570371,-0.11804464396584304,-0.10197790285809456,-0.03127014302556912,0.11298018324870726,0.2727176824408204,0.31812125313039535,0.633,0.367,0.633,3.2051547042056363,True,39
37,189649,d[li]/d[betan],source_matrix_order,-0.05326055973275601,-0.04237070989205609,-0.04449254021312146,0.018314183007715014,0.0003354092992400774,-0.07544955761084125,-0.07007840375758065,-0.054559352951107566,-0.03417610937632571,-0.003248561193074577,0.00038263926312600644,0.028,0.972,0.972,0.3438601302654201,True,39
38,189650,d[pcdiamag3]/d[kappa],source_matrix_order,0.20800829849933586,0.39935939592062625,0.24037561344612335,0.33677982461102174,0.11342065026503056,0.05285990995105738,0.06767183763309918,0.14000482722555474,0.6760475975672973,1.113617572622997,1.1804316174328804,1.0,0.0,1.0,1.6190691767621732,False,63
38,189650,d[kappa]/d[t],source_matrix_order,1.0295230095197911,0.9919018320901966,1.013578860285346,0.08926310301026011,0.007967901559020307,0.783780365118435,0.8296840415018178,0.9480488435388833,1.0494228674658899,1.0918940428151531,1.129897880152932,1.0,0.0,1.0,0.08670335891948226,False,63
38,189650,r[q95]/r[kappa],source_matrix_order,-0.02502045083299917,-0.017360510114706955,-0.01908166296132897,0.015597474007097907,0.00024328119540209485,-0.04550977023238096,-0.040670396034415524,-0.027907996116106008,-0.006231557378987489,0.009260053919055905,0.012147221767345692,0.165,0.835,0.835,0.6233890073046152,True,63
38,189650,d[pcdiamag3]/d[betan],source_matrix_order,1.3826736468332343,1.144070808881388,1.3436884269818496,0.4202778488327526,0.17663347021948606,0.16102484448399731,0.2508623957851836,0.8046608722782989,1.4659598595381511,1.5509215953063862,1.567963438806217,1.0,0.0,1.0,0.303960265529992,False,63
38,189650,d[kappa]/d[betan],source_matrix_order,-1.2589249550888197,-0.9932112396366304,-1.10551283324623,0.3478996696926922,0.12103418017228434,-1.4114650229857264,-1.378183935326011,-1.257879125938475,-0.7609147208882555,-0.23016801455181812,-0.13831004630498042,0.0,1.0,1.0,0.27634663073951604,False,63
38,189650,d[betan]/d[t],source_matrix_order,-0.137594804097153,-0.07208938768463344,-0.08408171453036134,0.09005232071112503,0.008109420465459318,-0.21016754577269314,-0.18980532594189717,-0.1296666500338788,-0.02711033515135896,0.0865702835982544,0.13894694204381,0.152,0.848,0.848,0.6544747187367641,True,63
38,189650,d[li]/d[betan],source_matrix_order,-0.06673855827889719,-0.04715861618446612,-0.05329655295284774,0.024996674424707405,0.0006248337322948212,-0.08509367854751874,-0.08053017703642877,-0.06662965860576765,-0.02582188647980342,-0.003989086749368405,0.0005903093841117052,0.028,0.972,0.972,0.37454621540140476,True,63
39,189651,d[pcdiamag3]/d[kappa],source_matrix_order,0.30500186956659536,0.4662555079306103,0.32846998130261595,0.2895325749381311,0.08382911195030451,0.19472279891631775,0.21036460190007084,0.2677324322570765,0.5774793260671556,1.0863721771268384,1.1741582434838764,1.0,0.0,1.0,0.9492813121098342,False,52
39,189651,d[kappa]/d[t],source_matrix_order,1.045495496424622,1.0220945222115616,1.0322176695634377,0.07422029333916313,0.005508651943351424,0.8444876973072614,0.8932974806681601,0.9902577116192237,1.0663529362327344,1.1188129465344934,1.1437406471085236,1.0,0.0,1.0,0.07099054332895846,False,52
39,189651,r[q95]/r[kappa],source_matrix_order,0.0035690030879476156,-0.003388885544233456,-0.0006550650120086031,0.011842755257512551,0.00014025085208934116,-0.03159525093215344,-0.027021090442416774,-0.00939527381161731,0.004571922986442584,0.010716859539671712,0.01382398197857995,0.476,0.524,0.524,3.3182249960785284,True,52
39,189651,d[pcdiamag3]/d[betan],source_matrix_order,1.2163326127761127,1.022403210230779,1.1892101130721624,0.3500179628707617,0.12251257433219792,0.16781232096865226,0.27352064362205875,0.884124876171624,1.262912710744731,1.3334649391797242,1.3520273691132974,1.0,0.0,1.0,0.287765007033638,False,52
39,189651,d[kappa]/d[betan],source_matrix_order,-1.272735790563233,-1.038716900385124,-1.1843210726281999,0.3262088336390953,0.10641220314417896,-1.355372429495208,-1.33358222573037,-1.2553765316275214,-0.9260195502786948,-0.29017999696344043,-0.18080821895577953,0.0,1.0,1.0,0.2563052253718232,False,52
39,189651,d[betan]/d[t],source_matrix_order,-0.0808357371548949,-0.04351107984938527,-0.055753598507831625,0.0802674641710555,0.006442865804451679,-0.1673497978912211,-0.1424862860274669,-0.09163632737760752,-0.00986959483765013,0.09789533716287106,0.16666029339565602,0.202,0.798,0.798,0.9929700278139175,True,52
39,189651,d[li]/d[betan],source_matrix_order,-0.02500157220908561,-0.018080169365137903,-0.018498299640102037,0.011922007033424711,0.00014213425170502827,-0.04214606877828259,-0.03742336822567274,-0.026529561591489514,-0.009079593849456793,0.0012501558766926852,0.004200520111112833,0.066,0.934,0.934,0.476850293002444,True,52
40,189652,d[pcdiamag3]/d[kappa],source_matrix_order,0.27614547240520915,0.36409469245127335,0.2942245446972762,0.2057100303812528,0.04231661659945595,0.14092302169820914,0.1564635319331287,0.2181054644624521,0.46317675593909596,0.8078709277057078,0.9435890391799633,1.0,0.0,1.0,0.7449335619719962,False,54
40,189652,d[kappa]/d[t],source_matrix_order,1.0715011189555685,1.0696935672205137,1.068673212159017,0.06080438436163256,0.003697173157597146,0.9369093667000312,0.9563460383001914,1.0365743080367344,1.1062330928256077,1.1719657049050618,1.198184380062415,1.0,0.0,1.0,0.056746916345641114,False,54
40,189652,r[q95]/r[kappa],source_matrix_order,-0.008477089678771171,-0.007483768872967358,-0.007187376990696742,0.010463021083644697,0.00010947481019679343,-0.029447161246300615,-0.023634009354503605,-0.01397818644109639,-0.0007313472885109515,0.011049920002859974,0.01325490355585554,0.228,0.772,0.772,1.2342704253613805,True,54
40,189652,d[pcdiamag3]/d[betan],source_matrix_order,1.245177257587598,1.1384350219308357,1.2277535324230127,0.24752165381989016,0.061266969109733546,0.43426140809356384,0.6031261923673154,1.0223288060298967,1.3135586052682426,1.3763305672346415,1.3976027738025818,1.0,0.0,1.0,0.1987842713249016,False,54
40,189652,d[kappa]/d[betan],source_matrix_order,-1.3032953185332663,-1.1935975647266228,-1.2771712713494496,0.2778053298148601,0.0771758012735432,-1.5554255396044292,-1.5232173177121306,-1.3716801284230837,-1.051880672710833,-0.5679682119997718,-0.4058819620636435,0.0,1.0,1.0,0.21315608662471303,False,54
40,189652,d[betan]/d[t],source_matrix_order,-0.09807661553194871,-0.0896600037751415,-0.0883689446968137,0.05288706229562586,0.0027970413582614107,-0.2069957774670967,-0.17961898520346845,-0.12051318990134831,-0.060452718143069836,0.002607021731071546,0.015805734371014093,0.06,0.94,0.94,0.5392423261016509,True,54
40,189652,d[li]/d[betan],source_matrix_order,-0.010113930521264608,-0.008358937029368026,-0.00875881700991872,0.010114824187933623,0.00010230966835280708,-0.0284841701640422,-0.025331850005689553,-0.015183477538234116,-0.0006672741834364004,0.007842419070685381,0.009980105917484397,0.225,0.775,0.775,1.000088359976978,True,54
41,195261,d[pcdiamag3]/d[kappa],source_matrix_order,0.13637375668849328,0.23441560497677744,0.15666721402036624,0.1571830541383416,0.02470651250825683,0.07295314635697357,0.07741873843168581,0.11329463674512852,0.3986031959560938,0.5149753867053041,0.5399991860010778,1.0,0.0,1.0,1.1525901900420625,False,21
41,195261,d[kappa]/d[t],source_matrix_order,0.23631679000330483,0.31752402194387686,0.25732292782849786,0.1322883134823465,0.017500197884003574,0.16787085147164318,0.17858444328672793,0.21438762139855438,0.45455654679816776,0.5551450450847306,0.5719459939001017,1.0,0.0,1.0,0.5597922749394824,False,21
41,195261,r[q95]/r[kappa],source_matrix_order,-0.011335979541494607,-0.009442223275330393,-0.008992652768604344,0.005399444760390862,2.9154003720512334e-05,-0.021842591772505502,-0.019289990216691002,-0.012278879300409978,-0.006144255601565157,-0.0016816747342857828,0.0002151586191816165,0.026,0.974,0.974,0.47631038329119013,True,21
41,195261,d[pcdiamag3]/d[betan],source_matrix_order,0.45798492445046235,0.42647329470637874,0.4514510626184435,0.050858381440305356,0.0025865749627275963,0.32731218482562174,0.33577332138861044,0.37370025258366013,0.46565654224819325,0.47717185205839197,0.47923882810123475,1.0,0.0,1.0,0.11104815622769765,False,21
41,195261,d[kappa]/d[betan],source_matrix_order,-0.26567754994939613,-0.2959692500993988,-0.28522431574805035,0.05742752695053255,0.003297920851654142,-0.40628895269367443,-0.3945435333572666,-0.3428843329852319,-0.2528172843849509,-0.2138964396545094,-0.2028631300333494,0.0,1.0,1.0,0.21615498547570394,False,21
41,195261,d[betan]/d[t],source_matrix_order,0.757564168902068,0.6762116038003556,0.7343451963062979,0.13297140628171417,0.017681394888536695,0.4207625453008759,0.43779795474618777,0.5398932200646137,0.7795407233261893,0.8164209932750953,0.8298334579391656,1.0,0.0,1.0,0.17552494130553778,False,21
41,195261,d[li]/d[betan],source_matrix_order,0.0033262541771444387,0.0036690723314768752,0.003500104429007454,0.0027106364220375106,7.347549812476317e-06,-0.0012189357812956414,-0.0004485418214724097,0.0017583908215825664,0.005495408789910082,0.008195481393685913,0.009080954747585973,0.923,0.077,0.923,0.8149216138268045,True,21
42,195264,d[pcdiamag3]/d[kappa],source_matrix_order,0.1683015757513776,0.24932827517694342,0.20432599710020286,0.1677885196519895,0.028152987327006062,0.03984329388318106,0.059035239061756346,0.13240869917845982,0.3164622516963136,0.6343866246443667,0.6740420203762955,0.994,0.006,0.994,0.9969515668697777,False,26
42,195264,d[kappa]/d[t],source_matrix_order,0.22383044654543233,0.306058275703684,0.271745668130666,0.16008276087591333,0.025626490329654847,0.08633780793715025,0.11012734076376864,0.19476242813791658,0.3696288381034174,0.6594339244419313,0.6997704075644255,0.996,0.004,0.996,0.7151965398211345,False,26
42,195264,r[q95]/r[kappa],source_matrix_order,-0.014791615028661706,-0.010409013773650281,-0.009799278055983601,0.006428938556008184,4.13312509569286e-05,-0.023554213341529493,-0.021338077039424985,-0.015255444469800667,-0.004959444774512696,-0.0017525744320031466,-0.00044423105428136083,0.019,0.981,0.981,0.43463398307422135,False,26
42,195264,d[pcdiamag3]/d[betan],source_matrix_order,0.539100642232943,0.5098230458228463,0.5265134888789593,0.06593349819057381,0.0043472261836464,0.3456929533091586,0.36153077421241414,0.48225291009387417,0.5551726573935456,0.5876064737923588,0.5953718219143914,1.0,0.0,1.0,0.12230276320480457,False,26
42,195264,d[kappa]/d[betan],source_matrix_order,-0.19883561479358192,-0.24393854899337322,-0.2360210397627377,0.0981849320571775,0.009640280883072562,-0.43870706758296935,-0.4188758789113031,-0.3077521065064004,-0.1788740342842758,-0.08967292772815334,-0.062384668417123645,0.006,0.994,0.994,0.4937995245927454,False,26
42,195264,d[betan]/d[t],source_matrix_order,0.7792359477098256,0.6992221264032102,0.7330914917562821,0.15958871492175247,0.02546855793037638,0.30613763327773674,0.34889192954569503,0.6396451391089687,0.8099561604226158,0.8989082045785382,0.9224487913230899,1.0,0.0,1.0,0.20480153076970267,False,26
42,195264,d[li]/d[betan],source_matrix_order,0.008514046814921877,0.007191771901172446,0.007230320326306161,0.004668197866127123,2.1792071317313824e-05,-0.001724732763879253,-0.0005963885532035226,0.0038442572153487855,0.010431090118829627,0.014732409798560648,0.01627575116130272,0.933,0.067,0.933,0.5482936572471042,True,26
43,195265,d[pcdiamag3]/d[kappa],source_matrix_order,0.21979423003810472,0.2598671447770025,0.24005999057689853,0.1152439546142379,0.013281169075128526,0.08389261636385968,0.10455360384893662,0.174449374820748,0.33254980619060476,0.47383462151851324,0.5262854259304376,0.999,0.001,0.999,0.5243265694202166,False,18
43,195265,d[kappa]/d[t],source_matrix_order,0.3365114132444754,0.3689209059164347,0.35578555712510135,0.09491720547418944,0.009009275895029499,0.21415382435874603,0.2362233228921723,0.30045097966295264,0.42600811467257355,0.5451923226733378,0.5873574407984596,1.0,0.0,1.0,0.28206236620340674,False,18
43,195265,r[q95]/r[kappa],source_matrix_order,-0.030378375653458863,-0.023561225352881895,-0.02449895050098147,0.009390627417849757,8.818388330087159e-05,-0.040260923726570454,-0.03774367523210319,-0.030063951574266813,-0.017901157602542322,-0.0065381531749346125,-0.0040400134907486555,0.008,0.992,0.992,0.30912210465012924,False,18
43,195265,d[pcdiamag3]/d[betan],source_matrix_order,0.5959954771099382,0.5777537084880549,0.5872579040980559,0.05486916144858407,0.0030106248780707844,0.4535147652300345,0.47666675433898087,0.5405790624751649,0.6193099872498731,0.6551467437784944,0.6621916960438068,1.0,0.0,1.0,0.09206305006650703,False,18
43,195265,d[kappa]/d[betan],source_matrix_order,-0.3035827352143909,-0.31436903481910355,-0.31638391748189254,0.0460630433445766,0.002121803962164343,-0.4040172495002024,-0.3868828495545054,-0.3450532371945021,-0.28524189670132166,-0.23424359702607156,-0.2175852613824079,0.0,1.0,1.0,0.15173143265886518,False,18
43,195265,d[betan]/d[t],source_matrix_order,0.674206067310582,0.640333444078934,0.6508212615183151,0.09798876867325133,0.009601798786099961,0.41536757948370573,0.45535840598378846,0.5839381564762192,0.7105940224868101,0.7819199389947106,0.8042559177383656,1.0,0.0,1.0,0.14533949399792537,False,18
43,195265,d[li]/d[betan],source_matrix_order,0.005612282845012251,0.005980929727527452,0.005910685141388363,0.002755532144542758,7.592957399608412e-06,0.0007442846604148299,0.001310889289036105,0.004169301066811341,0.007857639464270729,0.010281258753484429,0.011126356745880781,0.987,0.013,0.987,0.4909824078077541,False,18
44,195266,d[pcdiamag3]/d[kappa],source_matrix_order,0.046975256570066515,0.216846597438048,0.055608298995457384,0.2814540966460982,0.0792164085188712,-0.006420332681246443,-0.0009548167877651098,0.025664201404265632,0.4537818247444334,0.7723506384067479,0.8477904113076279,0.946,0.054,0.946,5.9915393165822515,True,15
44,195266,d[kappa]/d[t],source_matrix_order,0.16271599353105343,0.30287099447713217,0.1837878540639512,0.22845291261613396,0.052190733282794936,0.09020429948920002,0.10215513985133325,0.14518805121643866,0.4937005326839643,0.7532457904324351,0.8050350843080878,1.0,0.0,1.0,1.403997896325622,False,15
44,195266,r[q95]/r[kappa],source_matrix_order,-0.00549420294536623,-0.006797303524214563,-0.005353804980284002,0.006116584442801117,3.741260524591666e-05,-0.02292112743968898,-0.017528260591871864,-0.009391638840042727,-0.0026306531411463586,-0.0002277159437073934,0.00029595627185266467,0.043,0.957,0.957,1.1132796701582868,True,15
44,195266,d[pcdiamag3]/d[betan],source_matrix_order,0.6770171303483934,0.5909556487193396,0.6730065151610316,0.1432913069311256,0.020532398642030044,0.2723508744962727,0.3082839849342936,0.46665490326696135,0.6885142188056664,0.7020543447083853,0.7048495211122288,1.0,0.0,1.0,0.21165093246220756,False,15
44,195266,d[kappa]/d[betan],source_matrix_order,-0.2084609596440194,-0.22859547358572171,-0.2289020995074112,0.05943729215365305,0.0035327916985587065,-0.34179208741534145,-0.3210076597648995,-0.26890331860843614,-0.18526139233906022,-0.13349870994441682,-0.12025639167179973,0.0,1.0,1.0,0.2851243333771057,False,15
44,195266,d[betan]/d[t],source_matrix_order,0.8295717660818118,0.6934441390509873,0.8072933416166734,0.2233972874736973,0.04990634805060575,0.1932236031124254,0.25434730946979023,0.502612808125599,0.8467722010489621,0.8926339682726535,0.9067850539697828,1.0,0.0,1.0,0.2692922982767783,False,15
44,195266,d[li]/d[betan],source_matrix_order,0.004056427604803681,0.003491154835753733,0.0035518516302224593,0.00354406838296444,1.2560420703128181e-05,-0.0037338177225069665,-0.0025815774890154616,0.0013345285254146091,0.0057735276149605,0.009075898511424277,0.010552268194862064,0.851,0.149,0.851,0.8736920088914267,True,15
45,195267,d[pcdiamag3]/d[kappa],source_matrix_order,0.13831011700049572,0.3242765551442684,0.14968103700369284,0.30403375904010255,0.09243652663605514,0.07003328332126896,0.07936751153367771,0.11137539834675964,0.6409629167851043,0.9090673912803535,0.9610498130222163,1.0,0.0,1.0,2.1982033247720456,False,13
45,195267,d[kappa]/d[t],source_matrix_order,0.41540172574787265,0.5286384530079802,0.43808108272275365,0.17906165812444783,0.032063077410276634,0.3489777830368853,0.35920036325531424,0.4022292244669482,0.6939003039634557,0.8796412799715699,0.8998355886513086,1.0,0.0,1.0,0.43105660623357295,False,13
45,195267,r[q95]/r[kappa],source_matrix_order,-0.01897251502795025,-0.016662396717913676,-0.015272069689765331,0.008974871380686299,8.0548316299862e-05,-0.04104276545743273,-0.03170624555443166,-0.020260512012039503,-0.01103310243730772,-0.005613350114004035,-0.0033511346895860558,0.002,0.998,0.998,0.4730459492304565,False,13
45,195267,d[pcdiamag3]/d[betan],source_matrix_order,0.7670997029337465,0.6460942611385753,0.7601996699265023,0.1984957927958615,0.03940057975765758,0.23076066459294753,0.2638399367014559,0.43932387579367865,0.7855199218568792,0.8059585451478435,0.8118973009851123,1.0,0.0,1.0,0.2587613996416905,False,13
45,195267,d[kappa]/d[betan],source_matrix_order,-0.5011477351269021,-0.4516184326646466,-0.4774919621127782,0.10493073558703132,0.011010459270835481,-0.620494887672501,-0.5949324738334479,-0.5235726782440588,-0.3685445207480871,-0.2629689262997117,-0.23976476152950113,0.0,1.0,1.0,0.20938084367568824,False,13
45,195267,d[betan]/d[t],source_matrix_order,0.5763259167091491,0.46568047798117107,0.552934378348288,0.17572510957437562,0.030879314134926318,0.10400378581903133,0.12583732547388082,0.3019726194546641,0.5896005504010997,0.6336919116342694,0.6461011097351292,1.0,0.0,1.0,0.30490579111516414,False,13
45,195267,d[li]/d[betan],source_matrix_order,0.006066559741553429,0.004805036638138969,0.004920350662857268,0.003983180963700904,1.586573058958926e-05,-0.0025886936517582095,-0.0015974244691052116,0.002039073630350151,0.007260624289001984,0.011360641461796819,0.012484678220899773,0.884,0.116,0.884,0.656579862952161,True,13
46,195268,d[pcdiamag3]/d[kappa],source_matrix_order,0.23921797098803466,0.3444804029192135,0.2615323905373589,0.20765440679080222,0.04312035265963997,0.09435279659035412,0.11100318988009093,0.18090505101666424,0.5485510760003003,0.7159076271931331,0.7518321458556401,1.0,0.0,1.0,0.8680552131310734,False,17
46,195268,d[kappa]/d[t],source_matrix_order,0.4334221582563936,0.5048562935357013,0.45624659473737433,0.14252951194255115,0.02031466177458183,0.305016027440835,0.332794738846724,0.3974736601219834,0.6370641918759399,0.7619310995592573,0.7816137881306062,1.0,0.0,1.0,0.32884685110685224,False,17
46,195268,r[q95]/r[kappa],source_matrix_order,-0.034676961363443254,-0.026663828417875436,-0.026933819172190704,0.012401201046929567,0.00015378978740636698,-0.049945253295212426,-0.04617602227473691,-0.03571311634723415,-0.01779892270673466,-0.006087608469451992,-0.0031845948493400274,0.007,0.993,0.993,0.357620753357088,False,17
46,195268,d[pcdiamag3]/d[betan],source_matrix_order,0.6597494199462548,0.6006744431907867,0.6466181980798168,0.11695973104944397,0.013679578687158269,0.37007675666755274,0.3911112952361936,0.4858824310148762,0.6926022600257206,0.7323401309601387,0.7402703934665775,1.0,0.0,1.0,0.1772790206605588,False,17
46,195268,d[kappa]/d[betan],source_matrix_order,-0.43383150224613504,-0.4279922560330824,-0.4242280221296693,0.046128883860534646,0.002127873926218694,-0.5237407189926074,-0.508043313972926,-0.45619080642613585,-0.39692666546395244,-0.3582620826517755,-0.3446020408436864,0.0,1.0,1.0,0.10632903240475894,False,17
46,195268,d[betan]/d[t],source_matrix_order,0.5739515047737084,0.502553787028869,0.5514454988042559,0.14148454622610154,0.020017876820805865,0.22994560502428762,0.2488177496246736,0.37017012053758847,0.6089067746605946,0.6749785538136107,0.7006852383347563,1.0,0.0,1.0,0.24650958321275654,False,17
46,195268,d[li]/d[betan],source_matrix_order,0.009523862886404888,0.008862153426939898,0.009032294683550305,0.004681155902747134,2.1913220585824338e-05,-0.00025203519955903223,0.0009045136891341453,0.005850050570263561,0.012018400472241654,0.01639615110144084,0.018262558901556588,0.97,0.03,0.97,0.49151861577395173,True,17
47,195269,d[pcdiamag3]/d[kappa],source_matrix_order,0.23155009247488612,0.35266342208465257,0.2568819103822463,0.2295149425556061,0.05267710885630316,0.10242578997008456,0.12181534626790429,0.1874797557887356,0.4937520370791233,0.8073026583920945,0.8320115117149034,1.0,0.0,1.0,0.991210757475721,False,26
47,195269,d[kappa]/d[t],source_matrix_order,0.49961083389702066,0.5703873538208551,0.5195583672889756,0.1392940416521588,0.019402830039793352,0.3850948510785339,0.4092615923711728,0.4776911364683074,0.6456453656501924,0.8391525634068563,0.859737151133718,1.0,0.0,1.0,0.27880508628215556,False,26
47,195269,r[q95]/r[kappa],source_matrix_order,-0.014685159917214086,-0.016122501818330526,-0.013053079494276046,0.010606664394025418,0.0001125013295674866,-0.04971550698601204,-0.039837732422934896,-0.017536136024574683,-0.010117191526969094,-0.006895458445060243,-0.005966106664538283,0.003,0.997,0.997,0.7222709492997391,False,26
47,195269,d[pcdiamag3]/d[betan],source_matrix_order,0.7848537680582669,0.7012444737102538,0.766828900326292,0.160243279129769,0.025677908506261057,0.3675284116478337,0.38410433073262473,0.6024403767141991,0.8177552789597817,0.8653645339631333,0.8765281183934089,1.0,0.0,1.0,0.20416959904035584,False,26
47,195269,d[kappa]/d[betan],source_matrix_order,-0.5571590394880226,-0.516034304546954,-0.5345709651759655,0.08459554951387364,0.007156406997554247,-0.6457379214755018,-0.6344929694780289,-0.5797944528188376,-0.4510383035732784,-0.3708902818473161,-0.3565255401960949,0.0,1.0,1.0,0.15183375574702862,False,26
47,195269,d[betan]/d[t],source_matrix_order,0.49858240013963095,0.4303607802243112,0.4744545674624481,0.13429752938384137,0.018035826398603738,0.15303484654240343,0.1702465672183915,0.3535554820092233,0.5221127233251927,0.5917005101550308,0.6150079817241467,1.0,0.0,1.0,0.2693587446051651,False,26
47,195269,d[li]/d[betan],source_matrix_order,0.020387692063517343,0.014977822769796064,0.015448596755588262,0.008386742721638947,7.033745347896385e-05,-0.0003413439785334139,0.0015711215472569027,0.008312383340882992,0.021089079431803277,0.02837404843854658,0.030336841362826994,0.971,0.029,0.971,0.41136302704150374,True,26
48,195273,d[pcdiamag3]/d[kappa],source_matrix_order,0.1456044631541778,0.29484239222870834,0.16132536979747614,0.287914706906446,0.0828948784530247,0.03131402842440235,0.04427671497977976,0.09148453724926801,0.3750968927376641,0.9182652891354632,0.9550301616476525,1.0,0.0,1.0,1.9773755602640875,False,26
48,195273,d[kappa]/d[t],source_matrix_order,0.31955015534447284,0.4450758684036876,0.36220074174634276,0.21448272896149118,0.046002841022768484,0.22448230403163105,0.2381421574438468,0.2893855285459355,0.5071798772961056,0.908985167798744,0.9307268491820054,1.0,0.0,1.0,0.671202080093748,False,26
48,195273,r[q95]/r[kappa],source_matrix_order,-0.01398865159187343,-0.01514945013255755,-0.011430223577001224,0.012937256328241546,0.00016737260130262593,-0.0539916684776499,-0.04396752283744346,-0.018069642950298323,-0.006927719765396991,-0.003005372291946709,-0.001981892813267792,0.01,0.99,0.99,0.9248394130965699,False,26
48,195273,d[pcdiamag3]/d[betan],source_matrix_order,0.741628443663686,0.655059314402238,0.7300445112903046,0.16848836779184972,0.028388330081161622,0.27092904541211593,0.28937628492731193,0.6054905199905227,0.7751236631112459,0.8055104619382908,0.8134565716930088,1.0,0.0,1.0,0.227187035814737,False,26
48,195273,d[kappa]/d[betan],source_matrix_order,-0.36494757179122767,-0.39071388879863084,-0.37713349169245525,0.06851626628961155,0.00469447874626896,-0.5747716569499001,-0.5376245101767344,-0.4145388118088814,-0.3482875907016909,-0.31293067806601366,-0.29757750267765304,0.0,1.0,1.0,0.1877427652232931,False,26
48,195273,d[betan]/d[t],source_matrix_order,0.6782937038391079,0.5557701050402436,0.6332324685180342,0.20994232974415838,0.04407578181840493,0.08289912780054175,0.10110678807377198,0.4903278983777415,0.7109446170671487,0.763919993973672,0.781256995512119,1.0,0.0,1.0,0.3095153744696363,False,26
48,195273,d[li]/d[betan],source_matrix_order,0.010694592832332733,0.009420422668380439,0.009023382457744353,0.010307257237131062,0.00010623955175239064,-0.010866815457767007,-0.007144842827238066,0.0027929376264800186,0.0158620367074971,0.027053694427844985,0.03077142529196511,0.834,0.166,0.834,0.9637821092139561,True,26
49,195274,d[pcdiamag3]/d[kappa],source_matrix_order,0.21952548686166418,0.3300185625353547,0.23875659532975818,0.20317993046085428,0.04128208414207758,0.11609738919759707,0.1266625602426993,0.18391723495061613,0.511606875847052,0.7211041083818935,0.7539882819599297,1.0,0.0,1.0,0.9255414182904825,False,19
49,195274,d[kappa]/d[t],source_matrix_order,0.39422868260194605,0.47093638071744914,0.4149287163138402,0.14503682589960404,0.02103568086703205,0.291996240379385,0.31423259302990225,0.36799915349951196,0.5816337598137437,0.7576545403808285,0.7793004918568143,1.0,0.0,1.0,0.367900237350431,False,19
49,195274,r[q95]/r[kappa],source_matrix_order,-0.02938480337817078,-0.024082806301809947,-0.02434060413827302,0.013365162897771055,0.000178627579283956,-0.05150491701839153,-0.04667300895639658,-0.03175425737526644,-0.017046306977068198,0.001756519339968065,0.003762819152833313,0.062,0.938,0.938,0.4548324766977763,True,19
49,195274,d[pcdiamag3]/d[betan],source_matrix_order,0.6621672509558314,0.5963019060349853,0.6513003844543989,0.12130965613004036,0.014716032670388637,0.3453390369704831,0.36375452064676295,0.4882931041302478,0.6842584734521718,0.7169456489668038,0.7211159694848787,1.0,0.0,1.0,0.18320092990846493,False,19
49,195274,d[kappa]/d[betan],source_matrix_order,-0.36224555253429047,-0.35079495591300264,-0.34835992241801406,0.05252276828773958,0.0027586411886075823,-0.46204366426207144,-0.44337934546249613,-0.3841853511401621,-0.314003120402056,-0.268805895432427,-0.25783614364740975,0.0,1.0,1.0,0.14499216876587487,False,19
49,195274,d[betan]/d[t],source_matrix_order,0.5989905507763431,0.5243701405077388,0.5790793273947795,0.14174744800655456,0.020092339016370888,0.22991538859409685,0.24698214003714428,0.41494446675079194,0.6253206055342683,0.6795972123718175,0.7010979249884047,1.0,0.0,1.0,0.23664387997913736,False,19
49,195274,d[li]/d[betan],source_matrix_order,-0.001822139868332906,-0.00019509142785803263,-0.000254924465897019,0.004211737905307645,1.7738736183005228e-05,-0.007795364287891056,-0.006837595713630645,-0.00304957084234094,0.002727428172859713,0.0066662749758978025,0.007847994580795652,0.473,0.527,0.527,2.3114240451577928,True,19
50,195626,d[pcdiamag3]/d[kappa],source_matrix_order,0.17410184261527406,0.23270665899391133,0.18551487735566397,0.18067685513147022,0.03264412598019828,0.046579118750620534,0.06342398127337222,0.12939073787171135,0.2686970145499731,0.5584688015976522,0.7485086217083297,0.992,0.008,0.992,1.0377653241196558,False,64
50,195626,d[kappa]/d[t],source_matrix_order,1.3616050854745774,1.3259451239356599,1.32955125928289,0.09193487575859752,0.008452021380748761,1.1232809822527208,1.1807095124147868,1.2744307465180797,1.3868617313887817,1.467012363271106,1.483464407643487,1.0,0.0,1.0,0.0675194861853459,False,64
50,195626,r[q95]/r[kappa],source_matrix_order,-0.0001238887680106715,0.015717128102611704,0.0013831741948100024,0.03887532740425541,0.0015112910807880515,-0.013192671529075313,-0.008117344368131368,-0.002301352856327174,0.010291755350153108,0.10802587468239211,0.1370867711499063,0.596,0.404,0.596,313.7921865571622,True,64
50,195626,d[pcdiamag3]/d[betan],source_matrix_order,1.6366593391097428,1.5501425238818876,1.6194999877733767,0.27951727356618816,0.07812990622187527,0.744913974277662,1.0496174929152942,1.4929145784332762,1.7101998249768053,1.817401696676697,1.8569769705901378,0.998,0.002,0.998,0.17078524949378335,False,64
50,195626,d[kappa]/d[betan],source_matrix_order,-1.903585718212302,-1.775736763510007,-1.8419511366119437,0.3313281904123125,0.1097783697618976,-2.1783279960275324,-2.134674133250029,-1.968069538077198,-1.6977452112591187,-1.1989447299991327,-0.8426089976020494,0.003,0.997,0.997,0.17405477843333983,False,64
50,195626,d[betan]/d[t],source_matrix_order,-0.45054915247647875,-0.40879712601603957,-0.426508045230659,0.09734544969539932,0.00947613657639952,-0.54756444189332,-0.5292448214077934,-0.47591104616254465,-0.3573698419748968,-0.2503782529727246,-0.16171702773094238,0.009,0.991,0.991,0.21605955567851412,False,64
50,195626,d[li]/d[betan],source_matrix_order,-0.023325613890383345,-0.021901358933948224,-0.020473192253858984,0.016628515417880362,0.00027650752500268494,-0.058462398081418086,-0.052804805203258885,-0.032035010402176003,-0.010477538091856108,0.003525253299996118,0.008398733142881875,0.076,0.924,0.924,0.7128865073401234,True,64
51,195638,d[pcdiamag3]/d[kappa],source_matrix_order,0.34709101975828494,0.41824181738413313,0.34263820251349003,0.23117766981409177,0.05344311502067323,0.17701792781520106,0.19369778259331952,0.27234669456643995,0.46600329190378503,0.983370310830762,1.1154378062992198,1.0,0.0,1.0,0.6660433622716134,False,80
51,195638,d[kappa]/d[t],source_matrix_order,1.2520637523479743,1.198481354329449,1.1924658745119774,0.1184215125085681,0.01402365462481695,0.9779600947916532,1.003534165169639,1.1143080249466069,1.2873406056016592,1.3945996311014188,1.4260005186517315,1.0,0.0,1.0,0.09458105650490568,False,80
51,195638,r[q95]/r[kappa],source_matrix_order,-0.0063465520368559125,-0.0002804337467971907,-0.0024517107401774985,0.022029007606825152,0.0004852771761415604,-0.037211639437306425,-0.024304092983686028,-0.007491889711532342,0.0018481926534376358,0.043345871895333274,0.05969227994162336,0.329,0.671,0.671,3.4710197724518888,True,80
51,195638,d[pcdiamag3]/d[betan],source_matrix_order,1.2716178344084328,1.1700407603756975,1.2807873058964192,0.337062832634601,0.11361135314366105,0.16588037540482478,0.3538670108420542,1.091358698390084,1.387013956169798,1.5013764449015958,1.5316602303725608,0.997,0.003,0.997,0.2650661413469442,False,80
51,195638,d[kappa]/d[betan],source_matrix_order,-1.5270277702182462,-1.3517531684611903,-1.4540405392744677,0.41200335855385395,0.16974676745965553,-1.86818728925507,-1.7980082497311185,-1.6086407367885165,-1.2805593974575158,-0.36848815462041046,-0.13597790858247938,0.004,0.996,0.996,0.26980737782847863,False,80
51,195638,d[betan]/d[t],source_matrix_order,-0.32593693306351496,-0.26555841855596973,-0.26194759237349863,0.1174731243658699,0.013799934948279137,-0.4718813875430977,-0.4446492025232001,-0.360300866669032,-0.1882040705036816,-0.05638147776807271,-0.0012436904635026698,0.022,0.978,0.978,0.36041673234673804,False,80
51,195638,d[li]/d[betan],source_matrix_order,-0.02910188178530161,-0.02627329643401785,-0.025596401235082764,0.013451063862589235,0.00018093111903545405,-0.054699617504064664,-0.04939547894107801,-0.03440100361234777,-0.01746027418542076,-0.005165447793004779,0.000775848922362056,0.028,0.972,0.972,0.46220598247988404,True,80
52,195642,d[pcdiamag3]/d[kappa],source_matrix_order,0.21740473702137547,0.36218222062728705,0.2336807925437639,0.2774375779061344,0.07697160963442239,0.08159408754614539,0.09498227804310193,0.15341544240745594,0.5724217234997038,0.9718603017986736,1.0157324214912111,1.0,0.0,1.0,1.2761340056672967,False,90
52,195642,d[kappa]/d[t],source_matrix_order,1.235587526988219,1.1897954978654401,1.1978968940899186,0.1120359063055252,0.012552044301700423,0.9935670332871737,1.0043989930092743,1.0972561028603502,1.2732183223460378,1.3639441721374133,1.3745587342813133,1.0,0.0,1.0,0.09067419657320103,False,90
52,195642,r[q95]/r[kappa],source_matrix_order,-0.0065101296385636845,-0.0053911901715426305,-0.00553473898288858,0.01287909695514661,0.0001658711383800667,-0.03156820987286533,-0.024917883441208218,-0.009452585874953165,-0.0016595436370711175,0.013889411425585488,0.025208066595674736,0.181,0.819,0.819,1.9783165113722865,True,90
52,195642,d[pcdiamag3]/d[betan],source_matrix_order,1.4739703450518356,1.2537585612425632,1.450688022034543,0.420509858356394,0.17682854097491454,0.262891339342834,0.3277190103662939,0.9341975218240175,1.5677214725122965,1.6563879408676465,1.6744670861614799,1.0,0.0,1.0,0.2852905825195591,False,90
52,195642,d[kappa]/d[betan],source_matrix_order,-1.6762407863235422,-1.4191884194350208,-1.6166483643817575,0.5018574930798472,0.25186094336038883,-2.000250088207288,-1.9712377154366267,-1.7805660332331446,-1.0608326639897414,-0.32062802814029456,-0.2399357732264477,0.0,1.0,1.0,0.29939463183004783,False,90
52,195642,d[betan]/d[t],source_matrix_order,-0.28945306893983336,-0.2490568481409723,-0.2582119234911623,0.09813078166916955,0.009629650311002224,-0.40265911934285237,-0.3895869595416693,-0.3202696924072194,-0.19543538035861063,-0.03073233944677308,-0.011556050911893927,0.006,0.994,0.994,0.33902138964561124,False,90
52,195642,d[li]/d[betan],source_matrix_order,-0.009756500757430085,-0.015038008885824454,-0.0093433735326613,0.016636206574139605,0.0002767633691774458,-0.04636086623439614,-0.04369384508859079,-0.03159058965986818,-0.0011838937455036988,0.004784576763152313,0.005756624476183022,0.192,0.808,0.808,1.7051407044137787,True,90
53,195645,d[pcdiamag3]/d[kappa],source_matrix_order,0.2883872408391961,0.39616871122149266,0.2979408369487647,0.2570646736131393,0.06608224641982982,0.10729647543806096,0.13064280068821746,0.21804006727414976,0.46387251875819013,0.9416588744897444,0.9746519519765754,1.0,0.0,1.0,0.8913871253980925,False,91
53,195645,d[kappa]/d[t],source_matrix_order,1.215447880055185,1.1799003851490923,1.194498087612486,0.10656171012564455,0.011355398064901897,0.9884930009043948,0.9990261082430724,1.1162386669808817,1.250483930483032,1.333635115489613,1.3666742945732924,1.0,0.0,1.0,0.08767279278220161,False,91
53,195645,r[q95]/r[kappa],source_matrix_order,-0.00678844236958398,-0.0021981962874253512,-0.003623828817574809,0.017490650479015254,0.00030592285417907657,-0.01899197469286456,-0.015475603179718328,-0.0073440614229279624,-0.00013135538763083855,0.027984656606941053,0.03471700308112397,0.247,0.753,0.753,2.5765336916433994,True,91
53,195645,d[pcdiamag3]/d[betan],source_matrix_order,1.3903447579921449,1.2265438537164781,1.3713085711339006,0.40231334676578095,0.16185602898588353,0.3316010885344418,0.3820211626753997,1.1141208092150758,1.504938723553781,1.6519294510402411,1.7109521966993486,1.0,0.0,1.0,0.2893622926638557,False,91
53,195645,d[kappa]/d[betan],source_matrix_order,-1.579564917970404,-1.3689704463367767,-1.5442324712315312,0.49633225481621146,0.24634570717094467,-1.9671766382712503,-1.902140383200051,-1.6962686878743696,-1.2365680264938939,-0.36332650529935656,-0.2972783564962874,0.0,1.0,1.0,0.31422086497967583,False,91
53,195645,d[betan]/d[t],source_matrix_order,-0.339534891815657,-0.283090967894905,-0.323836635973457,0.12229377650846267,0.014955767772701816,-0.44177797738165,-0.42169687983573045,-0.3619027690879785,-0.25164570848004353,-0.026242634539606534,-0.006400716265365475,0.018,0.982,0.982,0.3601802920886818,False,91
53,195645,d[li]/d[betan],source_matrix_order,-0.018671892313162408,-0.01881674205089056,-0.018793809466610512,0.012285806129520219,0.0001509410322521566,-0.04164730591788725,-0.0382958479702857,-0.026447103698442463,-0.011703465742752259,0.0015350170691259915,0.010865941864987705,0.055,0.945,0.945,0.6579839859540593,True,91
54,195647,d[pcdiamag3]/d[kappa],source_matrix_order,0.2578199736146217,0.4024865153840981,0.2711986735298513,0.3009530134430205,0.09057271630043488,0.09773900531659611,0.11064559268735225,0.18260463746071526,0.5316398658846057,1.0687044935248902,1.1018290083665063,1.0,0.0,1.0,1.1672990623017867,False,92
54,195647,d[kappa]/d[t],source_matrix_order,1.2691997572171252,1.229412267502892,1.238073915279903,0.12969845294136703,0.016821688695383998,0.9879149671750891,1.0005904763714024,1.1407443829533517,1.3250788017230613,1.4298470691802094,1.4520810015520274,1.0,0.0,1.0,0.10218915675318639,False,92
54,195647,r[q95]/r[kappa],source_matrix_order,-0.00506087137220263,-0.0036277491012393667,-0.0036948468384035635,0.014127542152403144,0.00019958744726792765,-0.02447707755272744,-0.01804102074983921,-0.0073430360166956594,-0.0007954098071750763,0.018418583982782174,0.025768410323979418,0.2,0.8,0.8,2.791523655392107,True,92
54,195647,d[pcdiamag3]/d[betan],source_matrix_order,1.422272465946933,1.2077678172255932,1.4022914369138015,0.44983662718096096,0.20235299115354285,0.16400377229633903,0.21137866482848575,1.0206393379668053,1.537468850488831,1.6427355655010094,1.671882856620755,1.0,0.0,1.0,0.31628020506005117,False,92
54,195647,d[kappa]/d[betan],source_matrix_order,-1.6383027947613127,-1.40142240139322,-1.5890990515437289,0.5411282523076503,0.292819785445532,-2.050172816683055,-2.004179158170851,-1.788255600428739,-1.202561673799968,-0.19476784792511823,-0.13205613883876158,0.0,1.0,1.0,0.3302980706850884,False,92
54,195647,d[betan]/d[t],source_matrix_order,-0.3308421569446904,-0.29271399972399414,-0.31109890701209575,0.11912222292640633,0.014190103994928444,-0.4772536498907834,-0.4618254508347943,-0.37045448447971585,-0.22832172316640018,-0.020491014904490675,-0.0023095126701185302,0.016,0.984,0.984,0.36005756952648754,False,92
54,195647,d[li]/d[betan],source_matrix_order,-0.017655886475476293,-0.019851016405576252,-0.016482143490690847,0.014070570549663082,0.00019798095559304604,-0.04739244634013971,-0.04457238819062227,-0.03201437586058753,-0.008169508207187034,-0.0015515535773823624,6.573126371480066e-05,0.026,0.974,0.974,0.796933678136527,True,92
55,195648,d[pcdiamag3]/d[kappa],source_matrix_order,0.3068588823805868,0.39727634175788673,0.30941149000709706,0.2565477301876035,0.06581673786441142,0.12018492895193787,0.14023472392024036,0.22793012212058866,0.44654257621142257,1.001843796495427,1.0438642894455008,1.0,0.0,1.0,0.8360446606509344,False,88
55,195648,d[kappa]/d[t],source_matrix_order,1.2605831723035086,1.2398270846677406,1.2457001794675646,0.13892093068010786,0.019299024981027334,0.9784996083986438,0.9864839359147195,1.1760097946800354,1.323223849910538,1.4697585257778072,1.5006098724933485,1.0,0.0,1.0,0.11020370074134225,False,88
55,195648,r[q95]/r[kappa],source_matrix_order,-0.0032994741126601834,-0.0021799476412157955,-0.0023248086098297954,0.01471744940758307,0.00021660331706476726,-0.02401475935768981,-0.0149455203307516,-0.005404028388186377,7.866002637868519e-05,0.014367826769154577,0.031022143572590533,0.254,0.746,0.746,4.460543985208826,True,88
55,195648,d[pcdiamag3]/d[betan],source_matrix_order,1.3666642747488333,1.2242353055934094,1.3685479865892434,0.40948389796205403,0.1676770626901979,0.1962172244014174,0.25912089487814144,1.1421232317023189,1.4922941839803154,1.6366992838724705,1.6698139018926885,1.0,0.0,1.0,0.29962288875759846,False,88
55,195648,d[kappa]/d[betan],source_matrix_order,-1.6128782216945026,-1.4519510415441133,-1.5980690265554984,0.5244842674348233,0.2750837467866433,-2.1423394089589487,-2.0667745693757604,-1.7747483979937433,-1.3538856941310067,-0.21686163457485091,-0.1574932401686171,0.0,1.0,1.0,0.32518528701056904,False,88
55,195648,d[betan]/d[t],source_matrix_order,-0.34124801641627617,-0.3138109351803762,-0.3315207686330276,0.1268555953358781,0.016092342068020054,-0.5220206464080274,-0.4936112185583503,-0.38893378942714574,-0.28199186327506875,-0.01116384294058024,0.004264784559055466,0.033,0.967,0.967,0.3717401691241808,True,88
55,195648,d[li]/d[betan],source_matrix_order,-0.0062313998434981,-0.009781107446812855,-0.005263596899167118,0.013288720002428143,0.00017659007930293384,-0.040253681464258895,-0.03559419490096152,-0.018506453727806845,0.0007006852671354053,0.004516928820406128,0.006622525389428936,0.292,0.708,0.708,2.1325416978805465,True,88
56,195649,d[pcdiamag3]/d[kappa],source_matrix_order,0.3831544526243586,0.4308432242933676,0.37857198359045846,0.1942786580322887,0.03774419696682697,0.17029848825756957,0.19935119228810927,0.3085505576809676,0.5037449798997697,0.9531796250426,0.9844602740880056,1.0,0.0,1.0,0.5070505032673008,False,94
56,195649,d[kappa]/d[t],source_matrix_order,1.1482444646764076,1.1376213848290038,1.1375243409478237,0.08497267656131088,0.007220355761993152,0.9869837707903132,0.9976122007272408,1.0868339298431553,1.1823966747759052,1.2906358459668834,1.3311095303504774,1.0,0.0,1.0,0.0740022522862824,False,94
56,195649,r[q95]/r[kappa],source_matrix_order,-0.01275609814677503,-0.00609400045308894,-0.009349451101685585,0.020917603211304585,0.0004375461241055799,-0.028773777564217957,-0.023363480302237907,-0.01317869481346158,-0.005369277085440882,0.026360572258866278,0.05490819141601109,0.113,0.887,0.887,1.639812031125779,True,94
56,195649,d[pcdiamag3]/d[betan],source_matrix_order,1.2529243519851634,1.179193764323175,1.257007372956818,0.311292424098908,0.0969029733013744,0.30265771513298456,0.35116010313335244,1.054233479511871,1.3774840509905697,1.5568096494141968,1.6079282259547543,1.0,0.0,1.0,0.24845268878818466,False,94
56,195649,d[kappa]/d[betan],source_matrix_order,-1.3477729194446175,-1.2598952153937788,-1.3373041152923977,0.367676330747205,0.13518588419172808,-1.8325721063633826,-1.737032245557484,-1.4750905415504723,-1.1316175384864249,-0.3259874769769377,-0.24201790286355288,0.0,1.0,1.0,0.27280287757875016,False,94
56,195649,d[betan]/d[t],source_matrix_order,-0.23386862643329662,-0.2156540433656641,-0.22246257629227398,0.08444735625827932,0.0071313559790127466,-0.37323788265511765,-0.34657659035575733,-0.2624047432657639,-0.17954722239566184,-0.017538390049988542,-0.0013267873134056973,0.023,0.977,0.977,0.36108886235052484,False,94
56,195649,d[li]/d[betan],source_matrix_order,-0.012772741717753083,-0.015298405838324461,-0.011375256374166018,0.01768299587464018,0.0003126883431025416,-0.05480807498275266,-0.04712157273279471,-0.028445164389978125,-0.0031567452858841387,0.008837356585531739,0.012752534818457738,0.185,0.815,0.815,1.3844322750268139,True,94
57,195650,d[pcdiamag3]/d[kappa],source_matrix_order,0.4108702753224305,0.4720217461728804,0.41445908779823404,0.18903973331558072,0.03573602077202588,0.26728451782629364,0.27900214811623875,0.349299122667147,0.531377776078448,1.0106388275484814,1.0459979057179023,1.0,0.0,1.0,0.4600959102413318,False,95
57,195650,d[kappa]/d[t],source_matrix_order,1.1297579335681183,1.1223711936445633,1.1157247312739957,0.08481587504394054,0.007193732659469336,0.9833753146428462,0.9963200522960104,1.06946810534666,1.1681848337503364,1.2928689307390218,1.3344341710102448,1.0,0.0,1.0,0.07507437878844204,False,95
57,195650,r[q95]/r[kappa],source_matrix_order,-0.005778911407506035,-0.0019140726465941742,-0.004697239058466363,0.02452467434021523,0.0006014596514936114,-0.034802191191101194,-0.02612643758480155,-0.010512439137585795,0.0003276108955230679,0.03576622160398652,0.07868703712525707,0.269,0.731,0.731,4.2438225144543145,True,95
57,195650,d[pcdiamag3]/d[betan],source_matrix_order,1.231932622288384,1.140458958259943,1.2274368064703807,0.2960590432100417,0.08765095706644532,0.25385053566996024,0.30845090849321644,1.0421132443486667,1.3348337002602049,1.4514394035577598,1.4767075862906431,1.0,0.0,1.0,0.2403208080163468,False,95
57,195650,d[kappa]/d[betan],source_matrix_order,-1.2892828838906756,-1.1951846993903323,-1.276724312202256,0.3437128696963196,0.11813853679487916,-1.6969338212666567,-1.6478895981982082,-1.4022451996788132,-1.0902654270221677,-0.2754157173584731,-0.2096392748627519,0.0,1.0,1.0,0.2665922847428915,False,95
57,195650,d[betan]/d[t],source_matrix_order,-0.19650697184996993,-0.1917974224599522,-0.18982356370614847,0.0790465108595984,0.006248350879076609,-0.3626313220783486,-0.3268061425429336,-0.23781598696733314,-0.15554816358253576,-0.015437654213003051,-0.001734731304336355,0.021,0.979,0.979,0.4022580477192881,False,95
57,195650,d[li]/d[betan],source_matrix_order,-0.010469355716314965,-0.022734523969726098,-0.010171255260854786,0.028423559946893034,0.0008078987600546219,-0.08579550393671935,-0.08057376725381156,-0.035748286855031286,-0.0032090315057925747,0.003198541839192278,0.00448259976537304,0.151,0.849,0.849,2.7149292389212016,True,95
58,195651,d[pcdiamag3]/d[kappa],source_matrix_order,0.25321301935072144,0.3121704217861395,0.26503448426044235,0.18623795883549812,0.034684577311212696,0.10147004741304684,0.12505953663375985,0.21101382041569017,0.3385422813402189,0.7594285777131069,0.9589706332735102,1.0,0.0,1.0,0.7354991434209869,False,58
58,195651,d[kappa]/d[t],source_matrix_order,1.1466385499262388,1.14162817065248,1.1326337118141994,0.07993842666899671,0.006390152058314565,0.9888540528562814,1.0120311459692701,1.0937257928941957,1.183555935223005,1.2911732225525272,1.3180487225534616,1.0,0.0,1.0,0.06971545363980561,False,58
58,195651,r[q95]/r[kappa],source_matrix_order,0.0045317142677913785,0.018039882973336502,0.003533333942990019,0.049938906386219534,0.0024938943710515983,-0.021416733839637943,-0.016904166206999936,-0.0016445652127667632,0.011904730150418045,0.1421810659089671,0.19796321091950447,0.68,0.32,0.68,11.019870944014137,True,58
58,195651,d[pcdiamag3]/d[betan],source_matrix_order,1.4432501790253283,1.352954412960221,1.4269596826244682,0.29055724541313555,0.08442351286206908,0.356131730689018,0.6605740918380028,1.3048301860832772,1.5201623375459596,1.6467346528142845,1.6806837628577045,1.0,0.0,1.0,0.20132146847150068,False,58
58,195651,d[kappa]/d[betan],source_matrix_order,-1.5061978716523459,-1.415671897757305,-1.4751508073691753,0.3401257158797039,0.11568550260268107,-1.8987580640405317,-1.8386838392811147,-1.5874158453816556,-1.3428760622150668,-0.5703134189573608,-0.2849409817322871,0.0,1.0,1.0,0.22581741899991878,False,58
58,195651,d[betan]/d[t],source_matrix_order,-0.23661280088899614,-0.2241630543817987,-0.22732627348488194,0.07271735846458739,0.0052878142220672995,-0.35277662711754626,-0.33089364764510865,-0.26112342892485385,-0.19963075047514772,-0.06449494431171018,0.0026738554090573498,0.028,0.972,0.972,0.30732639228044767,True,58
58,195651,d[li]/d[betan],source_matrix_order,-0.009455808980270236,-0.009629718891445073,-0.009217568651294581,0.00992786658032342,9.856253483670263e-05,-0.029730553739748023,-0.026844977615063482,-0.016211582981698815,-0.0025685348288496026,0.0066197233872144195,0.008917206032057813,0.15,0.85,0.85,1.0499224974866872,True,58
59,195652,d[pcdiamag3]/d[kappa],source_matrix_order,0.3258133390055389,0.371971741994526,0.31900365254578267,0.2041825995670406,0.04169053396595445,0.0965776135787796,0.1306049880801209,0.2447666614567447,0.4402617536108639,0.8446104562823369,1.03244153979428,1.0,0.0,1.0,0.6266858201393922,False,60
59,195652,d[kappa]/d[t],source_matrix_order,1.212578056118615,1.1981049936015442,1.196625151008646,0.10655167120619362,0.01135325863683279,0.99366532926887,1.022211566523969,1.1302877478870375,1.2568057279536429,1.3737422462712578,1.445968542757774,1.0,0.0,1.0,0.08787201010981398,False,60
59,195652,r[q95]/r[kappa],source_matrix_order,0.004227289961759417,0.011612708012280733,0.0033338692512753475,0.03535057556945022,0.0012496631930914107,-0.026710972689422147,-0.020179753896297534,-0.0016447352192376224,0.008986408232149988,0.10468555849251708,0.12914425518586942,0.685,0.315,0.685,8.362467654035443,True,60
59,195652,d[pcdiamag3]/d[betan],source_matrix_order,1.4033289028848643,1.3381100138670095,1.417696949078329,0.350141960570332,0.12259939255203592,0.2527107954594169,0.5550968438081025,1.20366723152872,1.5651205307807528,1.7742719188695555,1.832205373704192,1.0,0.0,1.0,0.24950812304266992,False,60
59,195652,d[kappa]/d[betan],source_matrix_order,-1.5795274281884426,-1.4796907477831118,-1.5686864245326635,0.4174522984959723,0.17426642151957036,-2.1570770796072707,-2.024051996617863,-1.7238092328319126,-1.3335921556607957,-0.5115086270926192,-0.19327854292723973,0.0,1.0,1.0,0.26428936341722625,False,60
59,195652,d[betan]/d[t],source_matrix_order,-0.34501413088167965,-0.30699193319590995,-0.32788190972422204,0.10078325184011454,0.01015726385146795,-0.4774214727376116,-0.43404053617524957,-0.360538158031127,-0.26498296002880883,-0.09132008024222388,0.00028832044174869004,0.026,0.974,0.974,0.2921134029570435,True,60
59,195652,d[li]/d[betan],source_matrix_order,-0.022863073407622225,-0.020335697820709774,-0.01995472909039459,0.011760979908029115,0.00013832064839706452,-0.04296583105332349,-0.039474523998423355,-0.02823067258806953,-0.011629475199030674,-0.0021175133365784016,0.0011698104928377264,0.035,0.965,0.965,0.5144094014983854,True,60
60,195655,d[pcdiamag3]/d[kappa],source_matrix_order,0.28872124212668815,0.33140931212522506,0.2907412197995829,0.19955335813329492,0.03982154274227506,0.12241298008129309,0.14089791294396653,0.22147735088475817,0.35077717693997124,0.9123522687435405,1.037457756174819,1.0,0.0,1.0,0.6911627168940071,False,68
60,195655,d[kappa]/d[t],source_matrix_order,1.1736019935027182,1.170418712154991,1.1610241329830107,0.09171418280870881,0.008411491328269259,0.9955365297688982,1.0157950471637072,1.111107906107722,1.2267616620461892,1.3383621879941943,1.3724441991194867,1.0,0.0,1.0,0.07814760311967407,False,68
60,195655,r[q95]/r[kappa],source_matrix_order,-0.003683277831403653,0.0050629419714949735,-0.0019205245591363898,0.02440202349260879,0.0005954587505338313,-0.02016711630983818,-0.013449524898415598,-0.005404766569744875,0.0014403224373057948,0.06859674430231773,0.08063672024273269,0.33,0.67,0.67,6.625083583038547,True,68
60,195655,d[pcdiamag3]/d[betan],source_matrix_order,1.3584747283945728,1.2943567496091954,1.3544511485044226,0.29259284438765654,0.08561057258685939,0.2630461497696459,0.4458324956934512,1.2647182662568992,1.4561998335093649,1.5716416264095263,1.5964883278345499,1.0,0.0,1.0,0.21538335478160758,False,68
60,195655,d[kappa]/d[betan],source_matrix_order,-1.4663150978673527,-1.4042265981822228,-1.4527207599752985,0.35190680303290606,0.12383839802084054,-1.8837145475402848,-1.8151988404119668,-1.5932464153437134,-1.3413141877864745,-0.42890113087503035,-0.22413738981935863,0.0,1.0,1.0,0.23999398461130783,False,68
60,195655,d[betan]/d[t],source_matrix_order,-0.24118289237198076,-0.23522681678584126,-0.23706136244048648,0.07768561118951148,0.006035054185887951,-0.38945255675034973,-0.35445687209871607,-0.2735625900455219,-0.20749150033841082,-0.04365752031612687,-0.0025187298700791957,0.019,0.981,0.981,0.32210249419222997,False,68
60,195655,d[li]/d[betan],source_matrix_order,-0.012172734080021508,-0.012535705253331024,-0.011806499650393702,0.009477887193328276,8.983034564945615e-05,-0.03169885792288071,-0.0293899761842172,-0.019335312992053637,-0.004385293933145434,0.0006118440170273416,0.0016899220716956418,0.078,0.922,0.922,0.7786161375925458,True,68
61,195659,d[pcdiamag3]/d[kappa],source_matrix_order,0.3130704109420456,0.4553452730463386,0.33108312358964104,0.30992230522891084,0.09605183527840218,0.14678324953754637,0.16654022681161376,0.2442525395837607,0.5015100572338194,1.1029686409317299,1.1723523254745196,1.0,0.0,1.0,0.9899444163258262,False,104
61,195659,d[kappa]/d[t],source_matrix_order,1.2715837554889755,1.2218588657372005,1.2458005295847014,0.12457309251505681,0.015518455378764904,0.9820839009911486,0.9953449245489323,1.1731731920302928,1.301461115046826,1.4040558942150554,1.4275748311318484,1.0,0.0,1.0,0.09796687947397795,False,104
61,195659,r[q95]/r[kappa],source_matrix_order,-0.009774064783585515,-0.006368774635180904,-0.006481316544092893,0.011683117654845237,0.00013649523813695646,-0.027732263519868426,-0.020011247609754708,-0.010500071718901362,-0.0029383024748333487,0.012149496851770789,0.018781704728783034,0.161,0.839,0.839,1.195318213407443,True,104
61,195659,d[pcdiamag3]/d[betan],source_matrix_order,1.2995045096510207,1.0974476775193127,1.2775138740966936,0.4457652814067652,0.19870668610765255,0.07057320712262415,0.1690818807868636,1.026872679019703,1.4031130498090432,1.5162693134268963,1.5497985958917404,1.0,0.0,1.0,0.34302711387009666,False,104
61,195659,d[kappa]/d[betan],source_matrix_order,-1.5743710841490626,-1.3206740590584665,-1.5255259296673582,0.5473426564669069,0.2995839835882505,-1.9307390736611711,-1.8822925212229327,-1.6621722530252176,-1.3051165713263446,-0.16601573360005217,-0.05098370620163249,0.004,0.996,0.996,0.3476579708415705,False,104
61,195659,d[betan]/d[t],source_matrix_order,-0.3367548848822126,-0.28130861519756295,-0.3184935137337155,0.12638058249398665,0.015972051631519366,-0.4751828707694543,-0.4440856759402293,-0.3652398834882771,-0.23063590619788132,-0.01821838771635566,0.003324802373596982,0.031,0.969,0.969,0.3752895300633594,True,104
61,195659,d[li]/d[betan],source_matrix_order,-0.010238838635085318,-0.011416504732236373,-0.01066561935667791,0.008022529790296315,6.436098423619183e-05,-0.027130957911508654,-0.025208142985186605,-0.01747627729410179,-0.0051034656047460845,0.00029130143654146985,0.0013576588871514806,0.059,0.941,0.941,0.7835390395552104,True,104
