shot,realization_index,feature_1,feature_2,covariance,correlation
155537,0,d[pcdiamag3]/d[kappa],d[pcdiamag3]/d[kappa],0.08120167513851405,0.9999999999999877
155537,0,d[pcdiamag3]/d[kappa],d[kappa]/d[t],-0.030752276122783695,-0.8112617348044638
155537,0,d[pcdiamag3]/d[kappa],r[q95]/r[kappa],-0.00031584924776365046,-0.048679163604495236
155537,0,d[pcdiamag3]/d[kappa],d[pcdiamag3]/d[betan],-0.11962844747101645,-0.9986963818750989
155537,0,d[pcdiamag3]/d[kappa],d[kappa]/d[betan],0.1490726060609749,0.9737829272474058
155537,0,d[pcdiamag3]/d[kappa],d[betan]/d[t],0.03468720249000352,0.8258501855876844
155537,0,d[pcdiamag3]/d[kappa],d[li]/d[betan],-0.0007866452776108707,-0.32306254373270354
155537,0,d[kappa]/d[t],d[pcdiamag3]/d[kappa],-0.030752276122783695,-0.8112617348044638
155537,0,d[kappa]/d[t],d[kappa]/d[t],0.017695692329569614,0.9999999999999435
155537,0,d[kappa]/d[t],r[q95]/r[kappa],-5.992363524290534e-05,-0.01978381888168503
155537,0,d[kappa]/d[t],d[pcdiamag3]/d[betan],0.044995092419356265,0.8046608526062987
155537,0,d[kappa]/d[t],d[kappa]/d[betan],-0.06572893478198057,-0.9197496288194382
155537,0,d[kappa]/d[t],d[betan]/d[t],-0.01909020754567577,-0.9736242001445253
155537,0,d[kappa]/d[t],d[li]/d[betan],0.00046271491286717646,0.40707073373748964
155537,0,r[q95]/r[kappa],d[pcdiamag3]/d[kappa],-0.00031584924776365046,-0.048679163604495236
155537,0,r[q95]/r[kappa],d[kappa]/d[t],-5.992363524290534e-05,-0.01978381888168503
155537,0,r[q95]/r[kappa],r[q95]/r[kappa],0.0005184519233137275,0.9999999999980712
155537,0,r[q95]/r[kappa],d[pcdiamag3]/d[betan],0.0005562373028285871,0.0581148832659765
155537,0,r[q95]/r[kappa],d[kappa]/d[betan],-9.784327876467673e-05,-0.007998776448668067
155537,0,r[q95]/r[kappa],d[betan]/d[t],0.00018405995747922837,0.054842792704691626
155537,0,r[q95]/r[kappa],d[li]/d[betan],-8.110782868345958e-05,-0.4168681288481154
155537,0,d[pcdiamag3]/d[betan],d[pcdiamag3]/d[kappa],-0.11962844747101645,-0.9986963818750989
155537,0,d[pcdiamag3]/d[betan],d[kappa]/d[t],0.044995092419356265,0.8046608526062987
155537,0,d[pcdiamag3]/d[betan],r[q95]/r[kappa],0.0005562373028285871,0.0581148832659765
155537,0,d[pcdiamag3]/d[betan],d[pcdiamag3]/d[betan],0.17670017983967498,0.9999999999999943
155537,0,d[pcdiamag3]/d[betan],d[kappa]/d[betan],-0.21881488865904866,-0.9689585066569112
155537,0,d[pcdiamag3]/d[betan],d[betan]/d[t],-0.050261563470827934,-0.8112075566549307
155537,0,d[pcdiamag3]/d[betan],d[li]/d[betan],0.001081290307920445,0.30103291026394574
155537,0,d[kappa]/d[betan],d[pcdiamag3]/d[kappa],0.1490726060609749,0.9737829272474058
155537,0,d[kappa]/d[betan],d[kappa]/d[t],-0.06572893478198057,-0.9197496288194382
155537,0,d[kappa]/d[betan],r[q95]/r[kappa],-9.784327876467673e-05,-0.007998776448668067
155537,0,d[kappa]/d[betan],d[pcdiamag3]/d[betan],-0.21881488865904866,-0.9689585066569112
155537,0,d[kappa]/d[betan],d[kappa]/d[betan],0.2886066853230329,0.9999999999999966
155537,0,d[kappa]/d[betan],d[betan]/d[t],0.0735775800068105,0.9291948532176812
155537,0,d[kappa]/d[betan],d[li]/d[betan],-0.0017650468864864072,-0.384497230253495
155537,0,d[betan]/d[t],d[pcdiamag3]/d[kappa],0.03468720249000352,0.8258501855876844
155537,0,d[betan]/d[t],d[kappa]/d[t],-0.01909020754567577,-0.9736242001445253
155537,0,d[betan]/d[t],r[q95]/r[kappa],0.00018405995747922837,0.054842792704691626
155537,0,d[betan]/d[t],d[pcdiamag3]/d[betan],-0.050261563470827934,-0.8112075566549307
155537,0,d[betan]/d[t],d[kappa]/d[betan],0.0735775800068105,0.9291948532176812
155537,0,d[betan]/d[t],d[betan]/d[t],0.021725562074360796,0.999999999999954
155537,0,d[betan]/d[t],d[li]/d[betan],-0.0005374525650667279,-0.42672176248463334
155537,0,d[li]/d[betan],d[pcdiamag3]/d[kappa],-0.0007866452776108707,-0.32306254373270354
155537,0,d[li]/d[betan],d[kappa]/d[t],0.00046271491286717646,0.40707073373748964
155537,0,d[li]/d[betan],r[q95]/r[kappa],-8.110782868345958e-05,-0.4168681288481154
155537,0,d[li]/d[betan],d[pcdiamag3]/d[betan],0.001081290307920445,0.30103291026394574
155537,0,d[li]/d[betan],d[kappa]/d[betan],-0.0017650468864864072,-0.384497230253495
155537,0,d[li]/d[betan],d[betan]/d[t],-0.0005374525650667279,-0.42672176248463334
155537,0,d[li]/d[betan],d[li]/d[betan],7.301627522591897e-05,0.9999999999863044
159310,1,d[pcdiamag3]/d[kappa],d[pcdiamag3]/d[kappa],0.057661824640157025,0.9999999999999827
159310,1,d[pcdiamag3]/d[kappa],d[kappa]/d[t],0.0367897758629314,0.9003530870840949
159310,1,d[pcdiamag3]/d[kappa],r[q95]/r[kappa],0.0005787512949529306,0.14998951785545522
159310,1,d[pcdiamag3]/d[kappa],d[pcdiamag3]/d[betan],-0.02641996503752368,-0.9985087485345265
159310,1,d[pcdiamag3]/d[kappa],d[kappa]/d[betan],0.00851596219658402,0.31210429443786425
159310,1,d[pcdiamag3]/d[kappa],d[betan]/d[t],-0.0371697081460653,-0.9095187923612552
159310,1,d[pcdiamag3]/d[kappa],d[li]/d[betan],9.088523126346517e-05,0.07885075455571881
159310,1,d[kappa]/d[t],d[pcdiamag3]/d[kappa],0.0367897758629314,0.9003530870840949
159310,1,d[kappa]/d[t],d[kappa]/d[t],0.028956107942089707,0.9999999999999655
159310,1,d[kappa]/d[t],r[q95]/r[kappa],0.0006968357480737727,0.25484343631779066
159310,1,d[kappa]/d[t],d[pcdiamag3]/d[betan],-0.016574154919604452,-0.883944762139152
159310,1,d[kappa]/d[t],d[kappa]/d[betan],-0.0025101072878460856,-0.12981724888613658
159310,1,d[kappa]/d[t],d[betan]/d[t],-0.02891209368833566,-0.9983346972724606
159310,1,d[kappa]/d[t],d[li]/d[betan],-0.00012079629502833714,-0.14789049010031236
159310,1,r[q95]/r[kappa],d[pcdiamag3]/d[kappa],0.0005787512949529306,0.14998951785545522
159310,1,r[q95]/r[kappa],d[kappa]/d[t],0.0006968357480737727,0.25484343631779066
159310,1,r[q95]/r[kappa],r[q95]/r[kappa],0.00025821041301728057,0.9999999999961271
159310,1,r[q95]/r[kappa],d[pcdiamag3]/d[betan],-0.00021903103112395287,-0.12370367383108645
159310,1,r[q95]/r[kappa],d[kappa]/d[betan],-0.000423776707063211,-0.23209213086712227
159310,1,r[q95]/r[kappa],d[betan]/d[t],-0.0006876923168574855,-0.25146295362625215
159310,1,r[q95]/r[kappa],d[li]/d[betan],-7.226287968054266e-06,-0.09368824756067227
159310,1,d[pcdiamag3]/d[betan],d[pcdiamag3]/d[kappa],-0.02641996503752368,-0.9985087485345265
159310,1,d[pcdiamag3]/d[betan],d[kappa]/d[t],-0.016574154919604452,-0.883944762139152
159310,1,d[pcdiamag3]/d[betan],r[q95]/r[kappa],-0.00021903103112395287,-0.12370367383108645
159310,1,d[pcdiamag3]/d[betan],d[pcdiamag3]/d[betan],0.012141500090874854,0.9999999999999177
159310,1,d[pcdiamag3]/d[betan],d[kappa]/d[betan],-0.0043150905800372385,-0.3446386281987396
159310,1,d[pcdiamag3]/d[betan],d[betan]/d[t],0.016763022402586994,0.8938875077439397
159310,1,d[pcdiamag3]/d[betan],d[li]/d[betan],-5.6083934837359235e-05,-0.10603739007779693
159310,1,d[kappa]/d[betan],d[pcdiamag3]/d[kappa],0.00851596219658402,0.31210429443786425
159310,1,d[kappa]/d[betan],d[kappa]/d[t],-0.0025101072878460856,-0.12981724888613658
159310,1,d[kappa]/d[betan],r[q95]/r[kappa],-0.000423776707063211,-0.23209213086712227
159310,1,d[kappa]/d[betan],d[pcdiamag3]/d[betan],-0.0043150905800372385,-0.3446386281987396
159310,1,d[kappa]/d[betan],d[kappa]/d[betan],0.012911585631537336,0.9999999999999226
159310,1,d[kappa]/d[betan],d[betan]/d[t],0.002136455255558232,0.11047670886850385
159310,1,d[kappa]/d[betan],d[li]/d[betan],0.0002697652106611089,0.4945985959879759
159310,1,d[betan]/d[t],d[pcdiamag3]/d[kappa],-0.0371697081460653,-0.9095187923612552
159310,1,d[betan]/d[t],d[kappa]/d[t],-0.02891209368833566,-0.9983346972724606
159310,1,d[betan]/d[t],r[q95]/r[kappa],-0.0006876923168574855,-0.25146295362625215
159310,1,d[betan]/d[t],d[pcdiamag3]/d[betan],0.016763022402586994,0.8938875077439397
159310,1,d[betan]/d[t],d[kappa]/d[betan],0.002136455255558232,0.11047670886850385
159310,1,d[betan]/d[t],d[betan]/d[t],0.02896453545208923,0.9999999999999655
159310,1,d[betan]/d[t],d[li]/d[betan],0.00012051871847915635,0.1475291868800799
159310,1,d[li]/d[betan],d[pcdiamag3]/d[kappa],9.088523126346517e-05,0.07885075455571881
159310,1,d[li]/d[betan],d[kappa]/d[t],-0.00012079629502833714,-0.14789049010031236
159310,1,d[li]/d[betan],r[q95]/r[kappa],-7.226287968054266e-06,-0.09368824756067227
159310,1,d[li]/d[betan],d[pcdiamag3]/d[betan],-5.6083934837359235e-05,-0.10603739007779693
159310,1,d[li]/d[betan],d[kappa]/d[betan],0.0002697652106611089,0.4945985959879759
159310,1,d[li]/d[betan],d[betan]/d[t],0.00012051871847915635,0.1475291868800799
159310,1,d[li]/d[betan],d[li]/d[betan],2.3040215935385807e-05,0.9999999999565976
160715,2,d[pcdiamag3]/d[kappa],d[pcdiamag3]/d[kappa],0.04039289054920597,0.9999999999999752
160715,2,d[pcdiamag3]/d[kappa],d[kappa]/d[t],-0.008985367976930883,-0.5938045377555211
160715,2,d[pcdiamag3]/d[kappa],r[q95]/r[kappa],0.0012973454708823924,0.1304637495180043
160715,2,d[pcdiamag3]/d[kappa],d[pcdiamag3]/d[betan],-0.058297997969532896,-0.9957030095080206
160715,2,d[pcdiamag3]/d[kappa],d[kappa]/d[betan],0.06349070437332718,0.965158436381024
160715,2,d[pcdiamag3]/d[kappa],d[betan]/d[t],0.010361317302673798,0.7445837924929645
160715,2,d[pcdiamag3]/d[kappa],d[li]/d[betan],0.000599290704503218,0.1829096819779159
160715,2,d[kappa]/d[t],d[pcdiamag3]/d[kappa],-0.008985367976930883,-0.5938045377555211
160715,2,d[kappa]/d[t],d[kappa]/d[t],0.0056686517596083634,0.9999999999998236
160715,2,d[kappa]/d[t],r[q95]/r[kappa],-0.00038212487728664596,-0.10257749889046976
160715,2,d[kappa]/d[t],d[pcdiamag3]/d[betan],0.014053693540686259,0.6407361618235606
160715,2,d[kappa]/d[t],d[kappa]/d[betan],-0.019053801053520763,-0.773183664149772
160715,2,d[kappa]/d[t],d[betan]/d[t],-0.003993440746378729,-0.7660523112912401
160715,2,d[kappa]/d[t],d[li]/d[betan],0.0002902962058344392,0.23651195078000634
160715,2,r[q95]/r[kappa],d[pcdiamag3]/d[kappa],0.0012973454708823924,0.1304637495180043
160715,2,r[q95]/r[kappa],d[kappa]/d[t],-0.00038212487728664596,-0.10257749889046976
160715,2,r[q95]/r[kappa],r[q95]/r[kappa],0.0024480858031447525,0.9999999999995914
160715,2,r[q95]/r[kappa],d[pcdiamag3]/d[betan],-0.0017649612827295305,-0.1224476657832232
160715,2,r[q95]/r[kappa],d[kappa]/d[betan],0.0024131021655466292,0.14900585164839678
160715,2,r[q95]/r[kappa],d[betan]/d[t],0.0007829220739467086,0.22853687866621983
160715,2,r[q95]/r[kappa],d[li]/d[betan],0.00017951223300433666,0.22255243539038924
160715,2,d[pcdiamag3]/d[betan],d[pcdiamag3]/d[kappa],-0.058297997969532896,-0.9957030095080206
160715,2,d[pcdiamag3]/d[betan],d[kappa]/d[t],0.014053693540686259,0.6407361618235606
160715,2,d[pcdiamag3]/d[betan],r[q95]/r[kappa],-0.0017649612827295305,-0.1224476657832232
160715,2,d[pcdiamag3]/d[betan],d[pcdiamag3]/d[betan],0.08486775406913438,0.9999999999999882
160715,2,d[pcdiamag3]/d[betan],d[kappa]/d[betan],-0.09305531455273747,-0.9759122270084797
160715,2,d[pcdiamag3]/d[betan],d[betan]/d[t],-0.015079596691734103,-0.7476002588819873
160715,2,d[pcdiamag3]/d[betan],d[li]/d[betan],-0.0007377920084541072,-0.15535105670919036
160715,2,d[kappa]/d[betan],d[pcdiamag3]/d[kappa],0.06349070437332718,0.965158436381024
160715,2,d[kappa]/d[betan],d[kappa]/d[t],-0.019053801053520763,-0.773183664149772
160715,2,d[kappa]/d[betan],r[q95]/r[kappa],0.0024131021655466292,0.14900585164839678
160715,2,d[kappa]/d[betan],d[pcdiamag3]/d[betan],-0.09305531455273747,-0.9759122270084797
160715,2,d[kappa]/d[betan],d[kappa]/d[betan],0.10713173425100307,0.9999999999999907
160715,2,d[kappa]/d[betan],d[betan]/d[t],0.019386675180797,0.8554513924093498
160715,2,d[kappa]/d[betan],d[li]/d[betan],0.0005809553447901296,0.10887678882292652
160715,2,d[betan]/d[t],d[pcdiamag3]/d[kappa],0.010361317302673798,0.7445837924929645
160715,2,d[betan]/d[t],d[kappa]/d[t],-0.003993440746378729,-0.7660523112912401
160715,2,d[betan]/d[t],r[q95]/r[kappa],0.0007829220739467086,0.22853687866621983
160715,2,d[betan]/d[t],d[pcdiamag3]/d[betan],-0.015079596691734103,-0.7476002588819873
160715,2,d[betan]/d[t],d[kappa]/d[betan],0.019386675180797,0.8554513924093498
160715,2,d[betan]/d[t],d[betan]/d[t],0.004793998097085615,0.9999999999997914
160715,2,d[betan]/d[t],d[li]/d[betan],0.00030823446212345095,0.27307622103299667
160715,2,d[li]/d[betan],d[pcdiamag3]/d[kappa],0.000599290704503218,0.1829096819779159
160715,2,d[li]/d[betan],d[kappa]/d[t],0.0002902962058344392,0.23651195078000634
160715,2,d[li]/d[betan],r[q95]/r[kappa],0.00017951223300433666,0.22255243539038924
160715,2,d[li]/d[betan],d[pcdiamag3]/d[betan],-0.0007377920084541072,-0.15535105670919036
160715,2,d[li]/d[betan],d[kappa]/d[betan],0.0005809553447901296,0.10887678882292652
160715,2,d[li]/d[betan],d[betan]/d[t],0.00030823446212345095,0.27307622103299667
160715,2,d[li]/d[betan],d[li]/d[betan],0.0002657643728073485,0.9999999999962372
160717,3,d[pcdiamag3]/d[kappa],d[pcdiamag3]/d[kappa],0.042236284092991364,0.9999999999999764
160717,3,d[pcdiamag3]/d[kappa],d[kappa]/d[t],-0.011440509498917091,-0.59420145240328
160717,3,d[pcdiamag3]/d[kappa],r[q95]/r[kappa],0.0010169081265018938,0.17016123327075805
160717,3,d[pcdiamag3]/d[kappa],d[pcdiamag3]/d[betan],-0.06214474062930277,-0.9955871704847685
160717,3,d[pcdiamag3]/d[kappa],d[kappa]/d[betan],0.06856706600627825,0.9511658295092431
160717,3,d[pcdiamag3]/d[kappa],d[betan]/d[t],0.014784049150534035,0.6115884834587828
160717,3,d[pcdiamag3]/d[kappa],d[li]/d[betan],0.00010325870148360298,0.022396767949100976
160717,3,d[kappa]/d[t],d[pcdiamag3]/d[kappa],-0.011440509498917091,-0.59420145240328
160717,3,d[kappa]/d[t],d[kappa]/d[t],0.008776828486935782,0.9999999999998862
160717,3,d[kappa]/d[t],r[q95]/r[kappa],-0.0003336900441793388,-0.12248874963402404
160717,3,d[kappa]/d[t],d[pcdiamag3]/d[betan],0.015797700893653902,0.555191545393867
160717,3,d[kappa]/d[t],d[kappa]/d[betan],-0.0264822589080672,-0.8058788279923623
160717,3,d[kappa]/d[t],d[betan]/d[t],-0.010215545643010492,-0.9270464924127443
160717,3,d[kappa]/d[t],d[li]/d[betan],-0.00039017589965379415,-0.1856492404862991
160717,3,r[q95]/r[kappa],d[pcdiamag3]/d[kappa],0.0010169081265018938,0.17016123327075805
160717,3,r[q95]/r[kappa],d[kappa]/d[t],-0.0003336900441793388,-0.12248874963402404
160717,3,r[q95]/r[kappa],r[q95]/r[kappa],0.0008455834699056709,0.9999999999988174
160717,3,r[q95]/r[kappa],d[pcdiamag3]/d[betan],-0.0015624598205389037,-0.1769083690774612
160717,3,r[q95]/r[kappa],d[kappa]/d[betan],0.0019218160534542708,0.18841570487372855
160717,3,r[q95]/r[kappa],d[betan]/d[t],0.0005328980003330183,0.15580256406633305
160717,3,r[q95]/r[kappa],d[li]/d[betan],2.9932794919962802e-05,0.04588498247365871
160717,3,d[pcdiamag3]/d[betan],d[pcdiamag3]/d[kappa],-0.06214474062930277,-0.9955871704847685
160717,3,d[pcdiamag3]/d[betan],d[kappa]/d[t],0.015797700893653902,0.555191545393867
160717,3,d[pcdiamag3]/d[betan],r[q95]/r[kappa],-0.0015624598205389037,-0.1769083690774612
160717,3,d[pcdiamag3]/d[betan],d[pcdiamag3]/d[betan],0.09224959626965137,0.9999999999999891
160717,3,d[pcdiamag3]/d[betan],d[kappa]/d[betan],-0.0992428020235926,-0.9315374202254113
160717,3,d[pcdiamag3]/d[betan],d[betan]/d[t],-0.019773549709494742,-0.5534917542119797
160717,3,d[pcdiamag3]/d[betan],d[li]/d[betan],0.00032275971729408794,0.04736948155494978
160717,3,d[kappa]/d[betan],d[pcdiamag3]/d[kappa],0.06856706600627825,0.9511658295092431
160717,3,d[kappa]/d[betan],d[kappa]/d[t],-0.0264822589080672,-0.8058788279923623
160717,3,d[kappa]/d[betan],r[q95]/r[kappa],0.0019218160534542708,0.18841570487372855
160717,3,d[kappa]/d[betan],d[pcdiamag3]/d[betan],-0.0992428020235926,-0.9315374202254113
160717,3,d[kappa]/d[betan],d[kappa]/d[betan],0.1230362116299355,0.9999999999999919
160717,3,d[kappa]/d[betan],d[betan]/d[t],0.03355701221140808,0.8133464267440998
160717,3,d[kappa]/d[betan],d[li]/d[betan],0.0010253174701687698,0.13029970254321568
160717,3,d[betan]/d[t],d[pcdiamag3]/d[kappa],0.014784049150534035,0.6115884834587828
160717,3,d[betan]/d[t],d[kappa]/d[t],-0.010215545643010492,-0.9270464924127443
160717,3,d[betan]/d[t],r[q95]/r[kappa],0.0005328980003330183,0.15580256406633305
160717,3,d[betan]/d[t],d[pcdiamag3]/d[betan],-0.019773549709494742,-0.5534917542119797
160717,3,d[betan]/d[t],d[kappa]/d[betan],0.03355701221140808,0.8133464267440998
160717,3,d[betan]/d[t],d[betan]/d[t],0.013835106143015254,0.9999999999999277
160717,3,d[betan]/d[t],d[li]/d[betan],0.0013048821965584657,0.4945174262752599
160717,3,d[li]/d[betan],d[pcdiamag3]/d[kappa],0.00010325870148360298,0.022396767949100976
160717,3,d[li]/d[betan],d[kappa]/d[t],-0.00039017589965379415,-0.1856492404862991
160717,3,d[li]/d[betan],r[q95]/r[kappa],2.9932794919962802e-05,0.04588498247365871
160717,3,d[li]/d[betan],d[pcdiamag3]/d[betan],0.00032275971729408794,0.04736948155494978
160717,3,d[li]/d[betan],d[kappa]/d[betan],0.0010253174701687698,0.13029970254321568
160717,3,d[li]/d[betan],d[betan]/d[t],0.0013048821965584657,0.4945174262752599
160717,3,d[li]/d[betan],d[li]/d[betan],0.0005032652173071802,0.999999999998013
160719,4,d[pcdiamag3]/d[kappa],d[pcdiamag3]/d[kappa],0.016072230695748053,0.9999999999999378
160719,4,d[pcdiamag3]/d[kappa],d[kappa]/d[t],-0.003334742624041127,-0.22686210016015126
160719,4,d[pcdiamag3]/d[kappa],r[q95]/r[kappa],-0.0004815956983520503,-0.1678229497715855
160719,4,d[pcdiamag3]/d[kappa],d[pcdiamag3]/d[betan],-0.02355376852255066,-0.9971881937689865
160719,4,d[pcdiamag3]/d[kappa],d[kappa]/d[betan],0.024539297682483276,0.7717731743289189
160719,4,d[pcdiamag3]/d[kappa],d[betan]/d[t],0.002980077435511,0.228387605372968
160719,4,d[pcdiamag3]/d[kappa],d[li]/d[betan],-0.0005322073374840342,-0.26808376476463625
160719,4,d[kappa]/d[t],d[pcdiamag3]/d[kappa],-0.003334742624041127,-0.22686210016015126
160719,4,d[kappa]/d[t],d[kappa]/d[t],0.013443878762139054,0.9999999999999257
160719,4,d[kappa]/d[t],r[q95]/r[kappa],-0.0006693563574563106,-0.2550362587430267
160719,4,d[kappa]/d[t],d[pcdiamag3]/d[betan],0.004844089692760104,0.22423566369008804
160719,4,d[kappa]/d[t],d[kappa]/d[betan],-0.022993688849750497,-0.7907004489081417
160719,4,d[kappa]/d[t],d[betan]/d[t],-0.011439489607932916,-0.9585779065755687
160719,4,d[kappa]/d[t],d[li]/d[betan],0.0004580770037471816,0.25229226226960855
160719,4,r[q95]/r[kappa],d[pcdiamag3]/d[kappa],-0.0004815956983520503,-0.1678229497715855
160719,4,r[q95]/r[kappa],d[kappa]/d[t],-0.0006693563574563106,-0.2550362587430267
160719,4,r[q95]/r[kappa],r[q95]/r[kappa],0.0005123731227691552,0.9999999999980483
160719,4,r[q95]/r[kappa],d[pcdiamag3]/d[betan],0.0006354127032383637,0.1506667870446179
160719,4,r[q95]/r[kappa],d[kappa]/d[betan],0.00022934388221599063,0.040397977083512844
160719,4,r[q95]/r[kappa],d[betan]/d[t],0.0003359534201341757,0.14420122750141737
160719,4,r[q95]/r[kappa],d[li]/d[betan],-0.00010189877001364401,-0.2874772663349169
160719,4,d[pcdiamag3]/d[betan],d[pcdiamag3]/d[kappa],-0.02355376852255066,-0.9971881937689865
160719,4,d[pcdiamag3]/d[betan],d[kappa]/d[t],0.004844089692760104,0.22423566369008804
160719,4,d[pcdiamag3]/d[betan],r[q95]/r[kappa],0.0006354127032383637,0.1506667870446179
160719,4,d[pcdiamag3]/d[betan],d[pcdiamag3]/d[betan],0.034712859600185136,0.9999999999999712
160719,4,d[pcdiamag3]/d[betan],d[kappa]/d[betan],-0.035771752965138646,-0.7655272521725444
160719,4,d[pcdiamag3]/d[betan],d[betan]/d[t],-0.004012125696828499,-0.20922443100077082
160719,4,d[pcdiamag3]/d[betan],d[li]/d[betan],0.0009159251091337168,0.3139369999422241
160719,4,d[kappa]/d[betan],d[pcdiamag3]/d[kappa],0.024539297682483276,0.7717731743289189
160719,4,d[kappa]/d[betan],d[kappa]/d[t],-0.022993688849750497,-0.7907004489081417
160719,4,d[kappa]/d[betan],r[q95]/r[kappa],0.00022934388221599063,0.040397977083512844
160719,4,d[kappa]/d[betan],d[pcdiamag3]/d[betan],-0.035771752965138646,-0.7655272521725444
160719,4,d[kappa]/d[betan],d[kappa]/d[betan],0.06290262107740019,0.9999999999999841
160719,4,d[kappa]/d[betan],d[betan]/d[t],0.0201915170228465,0.7821996889516702
160719,4,d[kappa]/d[betan],d[li]/d[betan],-0.0011426392979098736,-0.2909393872695414
160719,4,d[betan]/d[t],d[pcdiamag3]/d[kappa],0.002980077435511,0.228387605372968
160719,4,d[betan]/d[t],d[kappa]/d[t],-0.011439489607932916,-0.9585779065755687
160719,4,d[betan]/d[t],r[q95]/r[kappa],0.0003359534201341757,0.14420122750141737
160719,4,d[betan]/d[t],d[pcdiamag3]/d[betan],-0.004012125696828499,-0.20922443100077082
160719,4,d[betan]/d[t],d[kappa]/d[betan],0.0201915170228465,0.7821996889516702
160719,4,d[betan]/d[t],d[betan]/d[t],0.010593363593148181,0.9999999999999056
160719,4,d[betan]/d[t],d[li]/d[betan],-2.546927256320793e-05,-0.015802555942669015
160719,4,d[li]/d[betan],d[pcdiamag3]/d[kappa],-0.0005322073374840342,-0.26808376476463625
160719,4,d[li]/d[betan],d[kappa]/d[t],0.0004580770037471816,0.25229226226960855
160719,4,d[li]/d[betan],r[q95]/r[kappa],-0.00010189877001364401,-0.2874772663349169
160719,4,d[li]/d[betan],d[pcdiamag3]/d[betan],0.0009159251091337168,0.3139369999422241
160719,4,d[li]/d[betan],d[kappa]/d[betan],-0.0011426392979098736,-0.2909393872695414
160719,4,d[li]/d[betan],d[betan]/d[t],-2.546927256320793e-05,-0.015802555942669015
160719,4,d[li]/d[betan],d[li]/d[betan],0.0002452135871879159,0.9999999999959218
160720,5,d[pcdiamag3]/d[kappa],d[pcdiamag3]/d[kappa],0.06466267667583459,0.9999999999999846
160720,5,d[pcdiamag3]/d[kappa],d[kappa]/d[t],-0.016560836926853843,-0.5750436845461614
160720,5,d[pcdiamag3]/d[kappa],r[q95]/r[kappa],-0.0015975873159754267,-0.1526952746033671
160720,5,d[pcdiamag3]/d[kappa],d[pcdiamag3]/d[betan],-0.08914363984606843,-0.9911695083681715
160720,5,d[pcdiamag3]/d[kappa],d[kappa]/d[betan],0.08817110581304387,0.9331192161454267
160720,5,d[pcdiamag3]/d[kappa],d[betan]/d[t],0.015429612571782339,0.49991740307485805
160720,5,d[pcdiamag3]/d[kappa],d[li]/d[betan],-0.001240429960331129,-0.11353104028247658
160720,5,d[kappa]/d[t],d[pcdiamag3]/d[kappa],-0.016560836926853843,-0.5750436845461614
160720,5,d[kappa]/d[t],d[kappa]/d[t],0.012826530764290732,0.9999999999999221
160720,5,d[kappa]/d[t],r[q95]/r[kappa],0.0001369840930452908,0.029397024046700717
160720,5,d[kappa]/d[t],d[pcdiamag3]/d[betan],0.022998019763219676,0.5741432305614924
160720,5,d[kappa]/d[t],d[kappa]/d[betan],-0.034608579909735177,-0.8223692451679571
160720,5,d[kappa]/d[t],d[betan]/d[t],-0.01193225877335539,-0.868036791516895
160720,5,d[kappa]/d[t],d[li]/d[betan],0.0006936718083701443,0.1425504688626836
160720,5,r[q95]/r[kappa],d[pcdiamag3]/d[kappa],-0.0015975873159754267,-0.1526952746033671
160720,5,r[q95]/r[kappa],d[kappa]/d[t],0.0001369840930452908,0.029397024046700717
160720,5,r[q95]/r[kappa],r[q95]/r[kappa],0.0016928728304967577,0.9999999999994093
160720,5,r[q95]/r[kappa],d[pcdiamag3]/d[betan],0.0017250930601484097,0.11854541734981476
160720,5,r[q95]/r[kappa],d[kappa]/d[betan],-0.0013788502131269586,-0.09018672318136986
160720,5,r[q95]/r[kappa],d[betan]/d[t],-0.0003204842319027057,-0.06417480719860157
160720,5,r[q95]/r[kappa],d[li]/d[betan],-0.00025522901518619236,-0.1443733674424407
160720,5,d[pcdiamag3]/d[betan],d[pcdiamag3]/d[kappa],-0.08914363984606843,-0.9911695083681715
160720,5,d[pcdiamag3]/d[betan],d[kappa]/d[t],0.022998019763219676,0.5741432305614924
160720,5,d[pcdiamag3]/d[betan],r[q95]/r[kappa],0.0017250930601484097,0.11854541734981476
160720,5,d[pcdiamag3]/d[betan],d[pcdiamag3]/d[betan],0.12509247384590014,0.999999999999992
160720,5,d[pcdiamag3]/d[betan],d[kappa]/d[betan],-0.1222434442490248,-0.9301386087593658
160720,5,d[pcdiamag3]/d[betan],d[betan]/d[t],-0.019082249842674006,-0.4445125842168594
160720,5,d[pcdiamag3]/d[betan],d[li]/d[betan],0.003360902494553034,0.22116150234688398
160720,5,d[kappa]/d[betan],d[pcdiamag3]/d[kappa],0.08817110581304387,0.9331192161454267
160720,5,d[kappa]/d[betan],d[kappa]/d[t],-0.034608579909735177,-0.8223692451679571
160720,5,d[kappa]/d[betan],r[q95]/r[kappa],-0.0013788502131269586,-0.09018672318136986
160720,5,d[kappa]/d[betan],d[pcdiamag3]/d[betan],-0.1222434442490248,-0.9301386087593658
160720,5,d[kappa]/d[betan],d[kappa]/d[betan],0.1380780454800443,0.9999999999999928
160720,5,d[kappa]/d[betan],d[betan]/d[t],0.032634000566405426,0.7235658720721377
160720,5,d[kappa]/d[betan],d[li]/d[betan],-0.0022293339794674937,-0.1396310581406195
160720,5,d[betan]/d[t],d[pcdiamag3]/d[kappa],0.015429612571782339,0.49991740307485805
160720,5,d[betan]/d[t],d[kappa]/d[t],-0.01193225877335539,-0.868036791516895
160720,5,d[betan]/d[t],r[q95]/r[kappa],-0.0003204842319027057,-0.06417480719860157
160720,5,d[betan]/d[t],d[pcdiamag3]/d[betan],-0.019082249842674006,-0.4445125842168594
160720,5,d[betan]/d[t],d[kappa]/d[betan],0.032634000566405426,0.7235658720721377
160720,5,d[betan]/d[t],d[betan]/d[t],0.014731937013766091,0.9999999999999322
160720,5,d[betan]/d[t],d[li]/d[betan],0.001731201224248572,0.3319608232071723
160720,5,d[li]/d[betan],d[pcdiamag3]/d[kappa],-0.001240429960331129,-0.11353104028247658
160720,5,d[li]/d[betan],d[kappa]/d[t],0.0006936718083701443,0.1425504688626836
160720,5,d[li]/d[betan],r[q95]/r[kappa],-0.00025522901518619236,-0.1443733674424407
160720,5,d[li]/d[betan],d[pcdiamag3]/d[betan],0.003360902494553034,0.22116150234688398
160720,5,d[li]/d[betan],d[kappa]/d[betan],-0.0022293339794674937,-0.1396310581406195
160720,5,d[li]/d[betan],d[betan]/d[t],0.001731201224248572,0.3319608232071723
160720,5,d[li]/d[betan],d[li]/d[betan],0.0018461270337664013,0.9999999999994583
160721,6,d[pcdiamag3]/d[kappa],d[pcdiamag3]/d[kappa],0.02623879517145954,0.9999999999999619
160721,6,d[pcdiamag3]/d[kappa],d[kappa]/d[t],-0.00835693522144919,-0.715856096201524
160721,6,d[pcdiamag3]/d[kappa],r[q95]/r[kappa],0.0014516091158542483,0.3886294725978608
160721,6,d[pcdiamag3]/d[kappa],d[pcdiamag3]/d[betan],-0.04007652011979925,-0.998266654560796
160721,6,d[pcdiamag3]/d[kappa],d[kappa]/d[betan],0.04498135981760783,0.9736814035271302
160721,6,d[pcdiamag3]/d[kappa],d[betan]/d[t],0.006009508654388958,0.6527420897128331
160721,6,d[pcdiamag3]/d[kappa],d[li]/d[betan],-0.0010120534183097605,-0.46952414700057893
160721,6,d[kappa]/d[t],d[pcdiamag3]/d[kappa],-0.00835693522144919,-0.715856096201524
160721,6,d[kappa]/d[t],d[kappa]/d[t],0.005193961507272426,0.9999999999998075
160721,6,d[kappa]/d[t],r[q95]/r[kappa],-0.0006287319767932575,-0.37833295842812587
160721,6,d[kappa]/d[t],d[pcdiamag3]/d[betan],0.012895674350476224,0.7219767281698242
160721,6,d[kappa]/d[t],d[kappa]/d[betan],-0.017395456234075294,-0.8463357767048454
160721,6,d[kappa]/d[t],d[betan]/d[t],-0.003481099349031924,-0.8498487733173928
160721,6,d[kappa]/d[t],d[li]/d[betan],0.00035198010002395396,0.3670246117557737
160721,6,r[q95]/r[kappa],d[pcdiamag3]/d[kappa],0.0014516091158542483,0.3886294725978608
160721,6,r[q95]/r[kappa],d[kappa]/d[t],-0.0006287319767932575,-0.37833295842812587
160721,6,r[q95]/r[kappa],r[q95]/r[kappa],0.0005317212510734654,0.9999999999981194
160721,6,r[q95]/r[kappa],d[pcdiamag3]/d[betan],-0.0022551782198136873,-0.3946093436605383
160721,6,r[q95]/r[kappa],d[kappa]/d[betan],0.0025982068575107113,0.39508264760674044
160721,6,r[q95]/r[kappa],d[betan]/d[t],0.0002945477543388934,0.22474410248950574
160721,6,r[q95]/r[kappa],d[li]/d[betan],-0.00011972280911748523,-0.39017669915096725
160721,6,d[pcdiamag3]/d[betan],d[pcdiamag3]/d[kappa],-0.04007652011979925,-0.998266654560796
160721,6,d[pcdiamag3]/d[betan],d[kappa]/d[t],0.012895674350476224,0.7219767281698242
160721,6,d[pcdiamag3]/d[betan],r[q95]/r[kappa],-0.0022551782198136873,-0.3946093436605383
160721,6,d[pcdiamag3]/d[betan],d[pcdiamag3]/d[betan],0.06142469241089909,0.9999999999999837
160721,6,d[pcdiamag3]/d[betan],d[kappa]/d[betan],-0.06880716447946342,-0.9734606608459827
160721,6,d[pcdiamag3]/d[betan],d[betan]/d[t],-0.008957566563831643,-0.6359063270931843
160721,6,d[pcdiamag3]/d[betan],d[li]/d[betan],0.0016581104461051196,0.5027688949077015
160721,6,d[kappa]/d[betan],d[pcdiamag3]/d[kappa],0.04498135981760783,0.9736814035271302
160721,6,d[kappa]/d[betan],d[kappa]/d[t],-0.017395456234075294,-0.8463357767048454
160721,6,d[kappa]/d[betan],r[q95]/r[kappa],0.0025982068575107113,0.39508264760674044
160721,6,d[kappa]/d[betan],d[pcdiamag3]/d[betan],-0.06880716447946342,-0.9734606608459827
160721,6,d[kappa]/d[betan],d[kappa]/d[betan],0.08133688209264135,0.9999999999999877
160721,6,d[kappa]/d[betan],d[betan]/d[t],0.012686795301664552,0.7826773567919436
160721,6,d[kappa]/d[betan],d[li]/d[betan],-0.001707877483014324,-0.45002785258450906
160721,6,d[betan]/d[t],d[pcdiamag3]/d[kappa],0.006009508654388958,0.6527420897128331
160721,6,d[betan]/d[t],d[kappa]/d[t],-0.003481099349031924,-0.8498487733173928
160721,6,d[betan]/d[t],r[q95]/r[kappa],0.0002945477543388934,0.22474410248950574
160721,6,d[betan]/d[t],d[pcdiamag3]/d[betan],-0.008957566563831643,-0.6359063270931843
160721,6,d[betan]/d[t],d[kappa]/d[betan],0.012686795301664552,0.7826773567919436
160721,6,d[betan]/d[t],d[betan]/d[t],0.0032303591193404914,0.9999999999996905
160721,6,d[betan]/d[t],d[li]/d[betan],1.2855039845708525e-05,0.01699708574378219
160721,6,d[li]/d[betan],d[pcdiamag3]/d[kappa],-0.0010120534183097605,-0.46952414700057893
160721,6,d[li]/d[betan],d[kappa]/d[t],0.00035198010002395396,0.3670246117557737
160721,6,d[li]/d[betan],r[q95]/r[kappa],-0.00011972280911748523,-0.39017669915096725
160721,6,d[li]/d[betan],d[pcdiamag3]/d[betan],0.0016581104461051196,0.5027688949077015
160721,6,d[li]/d[betan],d[kappa]/d[betan],-0.001707877483014324,-0.45002785258450906
160721,6,d[li]/d[betan],d[betan]/d[t],1.2855039845708525e-05,0.01699708574378219
160721,6,d[li]/d[betan],d[li]/d[betan],0.0001770708687925734,0.9999999999943526
161136,7,d[pcdiamag3]/d[kappa],d[pcdiamag3]/d[kappa],0.26598731355853883,0.9999999999999962
161136,7,d[pcdiamag3]/d[kappa],d[kappa]/d[t],-0.08870890582544512,-0.8879150801518131
161136,7,d[pcdiamag3]/d[kappa],r[q95]/r[kappa],0.0007369043942904155,0.09868557908339792
161136,7,d[pcdiamag3]/d[kappa],d[pcdiamag3]/d[betan],-0.3496494183242296,-0.9996333678492242
161136,7,d[pcdiamag3]/d[kappa],d[kappa]/d[betan],0.40878178921953107,0.9871008202429239
161136,7,d[pcdiamag3]/d[kappa],d[betan]/d[t],0.10211766733658881,0.8905914760238902
161136,7,d[pcdiamag3]/d[kappa],d[li]/d[betan],0.00034872606082005553,0.1197399817198349
161136,7,d[kappa]/d[t],d[pcdiamag3]/d[kappa],-0.08870890582544512,-0.8879150801518131
161136,7,d[kappa]/d[t],d[kappa]/d[t],0.037525860330901765,0.9999999999999734
161136,7,d[kappa]/d[t],r[q95]/r[kappa],-0.000410424848255134,-0.1463326800048236
161136,7,d[kappa]/d[t],d[pcdiamag3]/d[betan],0.11634272369921415,0.8855483820712443
161136,7,d[kappa]/d[t],d[kappa]/d[betan],-0.14765932974156756,-0.9492836437041408
161136,7,d[kappa]/d[t],d[betan]/d[t],-0.04285750986817868,-0.9951068479566233
161136,7,d[kappa]/d[t],d[li]/d[betan],-0.00022403706979379968,-0.20480464390760006
161136,7,r[q95]/r[kappa],d[pcdiamag3]/d[kappa],0.0007369043942904155,0.09868557908339792
161136,7,r[q95]/r[kappa],d[kappa]/d[t],-0.000410424848255134,-0.1463326800048236
161136,7,r[q95]/r[kappa],r[q95]/r[kappa],0.00020963026419887814,0.9999999999952297
161136,7,r[q95]/r[kappa],d[pcdiamag3]/d[betan],-0.0009465627157401434,-0.09639639644927027
161136,7,r[q95]/r[kappa],d[kappa]/d[betan],0.0013405662942008417,0.11530861056927323
161136,7,r[q95]/r[kappa],d[betan]/d[t],0.00045280310813269084,0.14066644712809753
161136,7,r[q95]/r[kappa],d[li]/d[betan],4.9321854459024226e-06,0.06032504457767257
161136,7,d[pcdiamag3]/d[betan],d[pcdiamag3]/d[kappa],-0.3496494183242296,-0.9996333678492242
161136,7,d[pcdiamag3]/d[betan],d[kappa]/d[t],0.11634272369921415,0.8855483820712443
161136,7,d[pcdiamag3]/d[betan],r[q95]/r[kappa],-0.0009465627157401434,-0.09639639644927027
161136,7,d[pcdiamag3]/d[betan],d[pcdiamag3]/d[betan],0.45996332847852234,0.9999999999999978
161136,7,d[pcdiamag3]/d[betan],d[kappa]/d[betan],-0.5370175832730475,-0.9861144798919907
161136,7,d[pcdiamag3]/d[betan],d[betan]/d[t],-0.1337928941143964,-0.8873185363877018
161136,7,d[pcdiamag3]/d[betan],d[li]/d[betan],-0.0004438368269076923,-0.1158902702280553
161136,7,d[kappa]/d[betan],d[pcdiamag3]/d[kappa],0.40878178921953107,0.9871008202429239
161136,7,d[kappa]/d[betan],d[kappa]/d[t],-0.14765932974156756,-0.9492836437041408
161136,7,d[kappa]/d[betan],r[q95]/r[kappa],0.0013405662942008417,0.11530861056927323
161136,7,d[kappa]/d[betan],d[pcdiamag3]/d[betan],-0.5370175832730475,-0.9861144798919907
161136,7,d[kappa]/d[betan],d[kappa]/d[betan],0.6447615515298152,0.9999999999999984
161136,7,d[kappa]/d[betan],d[betan]/d[t],0.16982904509708632,0.9513066044487524
161136,7,d[kappa]/d[betan],d[li]/d[betan],0.0007412804052036676,0.16348134399782932
161136,7,d[betan]/d[t],d[pcdiamag3]/d[kappa],0.10211766733658881,0.8905914760238902
161136,7,d[betan]/d[t],d[kappa]/d[t],-0.04285750986817868,-0.9951068479566233
161136,7,d[betan]/d[t],r[q95]/r[kappa],0.00045280310813269084,0.14066644712809753
161136,7,d[betan]/d[t],d[pcdiamag3]/d[betan],-0.1337928941143964,-0.8873185363877018
161136,7,d[betan]/d[t],d[kappa]/d[betan],0.16982904509708632,0.9513066044487524
161136,7,d[betan]/d[t],d[betan]/d[t],0.049429222584785854,0.9999999999999798
161136,7,d[betan]/d[t],d[li]/d[betan],0.00032958040090296745,0.2625153680259113
161136,7,d[li]/d[betan],d[pcdiamag3]/d[kappa],0.00034872606082005553,0.1197399817198349
161136,7,d[li]/d[betan],d[kappa]/d[t],-0.00022403706979379968,-0.20480464390760006
161136,7,d[li]/d[betan],r[q95]/r[kappa],4.9321854459024226e-06,0.06032504457767257
161136,7,d[li]/d[betan],d[pcdiamag3]/d[betan],-0.0004438368269076923,-0.1158902702280553
161136,7,d[li]/d[betan],d[kappa]/d[betan],0.0007412804052036676,0.16348134399782932
161136,7,d[li]/d[betan],d[betan]/d[t],0.00032958040090296745,0.2625153680259113
161136,7,d[li]/d[betan],d[li]/d[betan],3.188816363469812e-05,0.9999999999686404
161138,8,d[pcdiamag3]/d[kappa],d[pcdiamag3]/d[kappa],0.1875142979431823,0.9999999999999947
161138,8,d[pcdiamag3]/d[kappa],d[kappa]/d[t],-0.051714217017782,-0.8108851678765038
161138,8,d[pcdiamag3]/d[kappa],r[q95]/r[kappa],0.00017341150569330488,0.077714565155542
161138,8,d[pcdiamag3]/d[kappa],d[pcdiamag3]/d[betan],-0.24266741743915107,-0.9999647267668513
161138,8,d[pcdiamag3]/d[kappa],d[kappa]/d[betan],0.2767402577050885,0.9822382214942296
161138,8,d[pcdiamag3]/d[kappa],d[betan]/d[t],0.0612201691390101,0.8383820421873986
161138,8,d[pcdiamag3]/d[kappa],d[li]/d[betan],0.0011408767220899407,0.5987489072905984
161138,8,d[kappa]/d[t],d[pcdiamag3]/d[kappa],-0.051714217017782,-0.8108851678765038
161138,8,d[kappa]/d[t],d[kappa]/d[t],0.021690362269574163,0.9999999999999539
161138,8,d[kappa]/d[t],r[q95]/r[kappa],-0.0001012366956460137,-0.13339706208962726
161138,8,d[kappa]/d[t],d[pcdiamag3]/d[betan],0.06706054326581884,0.8125013125369852
161138,8,d[kappa]/d[t],d[kappa]/d[betan],-0.08678035115001521,-0.905627669749789
161138,8,d[kappa]/d[t],d[betan]/d[t],-0.024703294372999837,-0.9946862330041157
161138,8,d[kappa]/d[t],d[li]/d[betan],-0.00041431753660476663,-0.6393271118962399
161138,8,r[q95]/r[kappa],d[pcdiamag3]/d[kappa],0.00017341150569330488,0.077714565155542
161138,8,r[q95]/r[kappa],d[kappa]/d[t],-0.0001012366956460137,-0.13339706208962726
161138,8,r[q95]/r[kappa],r[q95]/r[kappa],2.6553182931784204e-05,0.9999999999623397
161138,8,r[q95]/r[kappa],d[pcdiamag3]/d[betan],-0.00022721926798628293,-0.0786823403641422
161138,8,r[q95]/r[kappa],d[kappa]/d[betan],0.0003071931075266578,0.09162518325695755
161138,8,r[q95]/r[kappa],d[betan]/d[t],8.743964385081296e-05,0.10062704573319986
161138,8,r[q95]/r[kappa],d[li]/d[betan],-1.427014696379686e-06,-0.06293516294064908
161138,8,d[pcdiamag3]/d[betan],d[pcdiamag3]/d[kappa],-0.24266741743915107,-0.9999647267668513
161138,8,d[pcdiamag3]/d[betan],d[kappa]/d[t],0.06706054326581884,0.8125013125369852
161138,8,d[pcdiamag3]/d[betan],r[q95]/r[kappa],-0.00022721926798628293,-0.0786823403641422
161138,8,d[pcdiamag3]/d[betan],d[pcdiamag3]/d[betan],0.31406474415913505,0.9999999999999968
161138,8,d[pcdiamag3]/d[betan],d[kappa]/d[betan],-0.3583132863830235,-0.98268652680106
161138,8,d[pcdiamag3]/d[betan],d[betan]/d[t],-0.0793353554753067,-0.8395021543231888
161138,8,d[pcdiamag3]/d[betan],d[li]/d[betan],-0.0014738427645967988,-0.5976745582876984
161138,8,d[kappa]/d[betan],d[pcdiamag3]/d[kappa],0.2767402577050885,0.9822382214942296
161138,8,d[kappa]/d[betan],d[kappa]/d[t],-0.08678035115001521,-0.905627669749789
161138,8,d[kappa]/d[betan],r[q95]/r[kappa],0.0003071931075266578,0.09162518325695755
161138,8,d[kappa]/d[betan],d[pcdiamag3]/d[betan],-0.3583132863830235,-0.98268652680106
161138,8,d[kappa]/d[betan],d[kappa]/d[betan],0.42332764879524903,0.9999999999999977
161138,8,d[kappa]/d[betan],d[betan]/d[t],0.1015314167401732,0.925394183226744
161138,8,d[kappa]/d[betan],d[li]/d[betan],0.0018429958419951325,0.6437381491952402
161138,8,d[betan]/d[t],d[pcdiamag3]/d[kappa],0.0612201691390101,0.8383820421873986
161138,8,d[betan]/d[t],d[kappa]/d[t],-0.024703294372999837,-0.9946862330041157
161138,8,d[betan]/d[t],r[q95]/r[kappa],8.743964385081296e-05,0.10062704573319986
161138,8,d[betan]/d[t],d[pcdiamag3]/d[betan],-0.0793353554753067,-0.8395021543231888
161138,8,d[betan]/d[t],d[kappa]/d[betan],0.1015314167401732,0.925394183226744
161138,8,d[betan]/d[t],d[betan]/d[t],0.028436145477677463,0.9999999999999649
161138,8,d[betan]/d[t],d[li]/d[betan],0.0005101541238979983,0.6875261906665395
161138,8,d[li]/d[betan],d[pcdiamag3]/d[kappa],0.0011408767220899407,0.5987489072905984
161138,8,d[li]/d[betan],d[kappa]/d[t],-0.00041431753660476663,-0.6393271118962399
161138,8,d[li]/d[betan],r[q95]/r[kappa],-1.427014696379686e-06,-0.06293516294064908
161138,8,d[li]/d[betan],d[pcdiamag3]/d[betan],-0.0014738427645967988,-0.5976745582876984
161138,8,d[li]/d[betan],d[kappa]/d[betan],0.0018429958419951325,0.6437381491952402
161138,8,d[li]/d[betan],d[betan]/d[t],0.0005101541238979983,0.6875261906665395
161138,8,d[li]/d[betan],d[li]/d[betan],1.9362150086480728e-05,0.9999999999483529
161145,9,d[pcdiamag3]/d[kappa],d[pcdiamag3]/d[kappa],0.19022773425592737,0.9999999999999948
161145,9,d[pcdiamag3]/d[kappa],d[kappa]/d[t],-0.04773042481696832,-0.38744020570579724
161145,9,d[pcdiamag3]/d[kappa],r[q95]/r[kappa],-0.0019418333280622438,-0.4430106802817188
161145,9,d[pcdiamag3]/d[kappa],d[pcdiamag3]/d[betan],-0.2488680943174535,-0.9998725466679121
161145,9,d[pcdiamag3]/d[kappa],d[kappa]/d[betan],0.28057101148338776,0.8627452662845352
161145,9,d[pcdiamag3]/d[kappa],d[betan]/d[t],0.05150597992582061,0.3899660225423669
161145,9,d[pcdiamag3]/d[kappa],d[li]/d[betan],-0.0006170995328591993,-0.19786902794382374
161145,9,d[kappa]/d[t],d[pcdiamag3]/d[kappa],-0.04773042481696832,-0.38744020570579724
161145,9,d[kappa]/d[t],d[kappa]/d[t],0.07978245410727007,0.9999999999999875
161145,9,d[kappa]/d[t],r[q95]/r[kappa],0.0009131014532899731,0.3216655136306415
161145,9,d[kappa]/d[t],d[pcdiamag3]/d[betan],0.06343802388924753,0.39355758791343143
161145,9,d[kappa]/d[t],d[kappa]/d[betan],-0.16828844658117306,-0.7990561729654044
161145,9,d[kappa]/d[t],d[betan]/d[t],-0.08506964615848334,-0.9945507817874968
161145,9,d[kappa]/d[t],d[li]/d[betan],-0.00012116649569231841,-0.05999131370187772
161145,9,r[q95]/r[kappa],d[pcdiamag3]/d[kappa],-0.0019418333280622438,-0.4430106802817188
161145,9,r[q95]/r[kappa],d[kappa]/d[t],0.0009131014532899731,0.3216655136306415
161145,9,r[q95]/r[kappa],r[q95]/r[kappa],0.00010100006963464229,0.999999999990099
161145,9,r[q95]/r[kappa],d[pcdiamag3]/d[betan],0.002545699371023958,0.44387288729669855
161145,9,r[q95]/r[kappa],d[kappa]/d[betan],-0.0036198496161179293,-0.48306591706022134
161145,9,r[q95]/r[kappa],d[betan]/d[t],-0.0011349349952787364,-0.37292043588959095
161145,9,r[q95]/r[kappa],d[li]/d[betan],-2.048024401541852e-05,-0.28499274892741083
161145,9,d[pcdiamag3]/d[betan],d[pcdiamag3]/d[kappa],-0.2488680943174535,-0.9998725466679121
161145,9,d[pcdiamag3]/d[betan],d[kappa]/d[t],0.06343802388924753,0.39355758791343143
161145,9,d[pcdiamag3]/d[betan],r[q95]/r[kappa],0.002545699371023958,0.44387288729669855
161145,9,d[pcdiamag3]/d[betan],d[pcdiamag3]/d[betan],0.32566817534930553,0.9999999999999969
161145,9,d[pcdiamag3]/d[betan],d[kappa]/d[betan],-0.3685175681047506,-0.866058524841319
161145,9,d[pcdiamag3]/d[betan],d[betan]/d[t],-0.06843880743543196,-0.39602336080838385
161145,9,d[pcdiamag3]/d[betan],d[li]/d[betan],0.0007899709364742572,0.19359002386054577
161145,9,d[kappa]/d[betan],d[pcdiamag3]/d[kappa],0.28057101148338776,0.8627452662845352
161145,9,d[kappa]/d[betan],d[kappa]/d[t],-0.16828844658117306,-0.7990561729654044
161145,9,d[kappa]/d[betan],r[q95]/r[kappa],-0.0036198496161179293,-0.48306591706022134
161145,9,d[kappa]/d[betan],d[pcdiamag3]/d[betan],-0.3685175681047506,-0.866058524841319
161145,9,d[kappa]/d[betan],d[kappa]/d[betan],0.5559638968470014,0.9999999999999982
161145,9,d[kappa]/d[betan],d[betan]/d[t],0.18095751539199947,0.8014184967195805
161145,9,d[kappa]/d[betan],d[li]/d[betan],-0.0003757951181526959,-0.07048348333822413
161145,9,d[betan]/d[t],d[pcdiamag3]/d[kappa],0.05150597992582061,0.3899660225423669
161145,9,d[betan]/d[t],d[kappa]/d[t],-0.08506964615848334,-0.9945507817874968
161145,9,d[betan]/d[t],r[q95]/r[kappa],-0.0011349349952787364,-0.37292043588959095
161145,9,d[betan]/d[t],d[pcdiamag3]/d[betan],-0.06843880743543196,-0.39602336080838385
161145,9,d[betan]/d[t],d[kappa]/d[betan],0.18095751539199947,0.8014184967195805
161145,9,d[betan]/d[t],d[betan]/d[t],0.09170392737922711,0.9999999999999891
161145,9,d[betan]/d[t],d[li]/d[betan],0.0003088547351765578,0.14263293421619735
161145,9,d[li]/d[betan],d[pcdiamag3]/d[kappa],-0.0006170995328591993,-0.19786902794382374
161145,9,d[li]/d[betan],d[kappa]/d[t],-0.00012116649569231841,-0.05999131370187772
161145,9,d[li]/d[betan],r[q95]/r[kappa],-2.048024401541852e-05,-0.28499274892741083
161145,9,d[li]/d[betan],d[pcdiamag3]/d[betan],0.0007899709364742572,0.19359002386054577
161145,9,d[li]/d[betan],d[kappa]/d[betan],-0.0003757951181526959,-0.07048348333822413
161145,9,d[li]/d[betan],d[betan]/d[t],0.0003088547351765578,0.14263293421619735
161145,9,d[li]/d[betan],d[li]/d[betan],5.1130608308115414e-05,0.9999999999804422
161414,10,d[pcdiamag3]/d[kappa],d[pcdiamag3]/d[kappa],0.01573184934691925,0.9999999999999365
161414,10,d[pcdiamag3]/d[kappa],d[kappa]/d[t],0.01168132954420058,0.967148792741117
161414,10,d[pcdiamag3]/d[kappa],r[q95]/r[kappa],-7.843509301677327e-05,-0.10507103959345822
161414,10,d[pcdiamag3]/d[kappa],d[pcdiamag3]/d[betan],-0.007258758192240493,-0.9994202944251824
161414,10,d[pcdiamag3]/d[kappa],d[kappa]/d[betan],0.00038389960403024996,0.08532541298057719
161414,10,d[pcdiamag3]/d[kappa],d[betan]/d[t],-0.01130599759982035,-0.9689841631923332
161414,10,d[pcdiamag3]/d[kappa],d[li]/d[betan],0.00011240651861213882,0.27759739036011066
161414,10,d[kappa]/d[t],d[pcdiamag3]/d[kappa],0.01168132954420058,0.967148792741117
161414,10,d[kappa]/d[t],d[kappa]/d[t],0.009272955704815972,0.9999999999998922
161414,10,d[kappa]/d[t],r[q95]/r[kappa],-7.762689150363967e-05,-0.13544581967054628
161414,10,d[kappa]/d[t],d[pcdiamag3]/d[betan],-0.005376647455466393,-0.9642245672362684
161414,10,d[kappa]/d[t],d[kappa]/d[betan],-0.0005824120391252607,-0.1686055535434522
161414,10,d[kappa]/d[t],d[betan]/d[t],-0.008947864667616606,-0.998867755674165
161414,10,d[kappa]/d[t],d[li]/d[betan],9.461757380297588e-05,0.3043522285856481
161414,10,r[q95]/r[kappa],d[pcdiamag3]/d[kappa],-7.843509301677327e-05,-0.10507103959345822
161414,10,r[q95]/r[kappa],d[kappa]/d[t],-7.762689150363967e-05,-0.13544581967054628
161414,10,r[q95]/r[kappa],r[q95]/r[kappa],3.542215625324449e-05,0.999999999971769
161414,10,r[q95]/r[kappa],d[pcdiamag3]/d[betan],3.6331740634787964e-05,0.1054203447757151
161414,10,r[q95]/r[kappa],d[kappa]/d[betan],2.3123180015315993e-05,0.1083080376298201
161414,10,r[q95]/r[kappa],d[betan]/d[t],7.610322351487149e-05,0.13745585229010296
161414,10,r[q95]/r[kappa],d[li]/d[betan],2.1542029389719304e-06,0.1121147848865619
161414,10,d[pcdiamag3]/d[betan],d[pcdiamag3]/d[kappa],-0.007258758192240493,-0.9994202944251824
161414,10,d[pcdiamag3]/d[betan],d[kappa]/d[t],-0.005376647455466393,-0.9642245672362684
161414,10,d[pcdiamag3]/d[betan],r[q95]/r[kappa],3.6331740634787964e-05,0.1054203447757151
161414,10,d[pcdiamag3]/d[betan],d[pcdiamag3]/d[betan],0.0033531157950393666,0.9999999999997018
161414,10,d[pcdiamag3]/d[betan],d[kappa]/d[betan],-0.00019737969375123777,-0.09502301788765687
161414,10,d[pcdiamag3]/d[betan],d[betan]/d[t],0.005205757899803665,0.9664010001382805
161414,10,d[pcdiamag3]/d[betan],d[li]/d[betan],-5.2227432449570816e-05,-0.27937540592710813
161414,10,d[kappa]/d[betan],d[pcdiamag3]/d[kappa],0.00038389960403024996,0.08532541298057719
161414,10,d[kappa]/d[betan],d[kappa]/d[t],-0.0005824120391252607,-0.1686055535434522
161414,10,d[kappa]/d[betan],r[q95]/r[kappa],2.3123180015315993e-05,0.1083080376298201
161414,10,d[kappa]/d[betan],d[pcdiamag3]/d[betan],-0.00019737969375123777,-0.09502301788765687
161414,10,d[kappa]/d[betan],d[kappa]/d[betan],0.0012867635541006324,0.9999999999992228
161414,10,d[kappa]/d[betan],d[betan]/d[t],0.0005377286471231164,0.16114301224465732
161414,10,d[kappa]/d[betan],d[li]/d[betan],-1.6529502203714436e-05,-0.14273292641498578
161414,10,d[betan]/d[t],d[pcdiamag3]/d[kappa],-0.01130599759982035,-0.9689841631923332
161414,10,d[betan]/d[t],d[kappa]/d[t],-0.008947864667616606,-0.998867755674165
161414,10,d[betan]/d[t],r[q95]/r[kappa],7.610322351487149e-05,0.13745585229010296
161414,10,d[betan]/d[t],d[pcdiamag3]/d[betan],0.005205757899803665,0.9664010001382805
161414,10,d[betan]/d[t],d[kappa]/d[betan],0.0005377286471231164,0.16114301224465732
161414,10,d[betan]/d[t],d[betan]/d[t],0.00865375590156234,0.9999999999998845
161414,10,d[betan]/d[t],d[li]/d[betan],-8.573977591864486e-05,-0.2854919026370557
161414,10,d[li]/d[betan],d[pcdiamag3]/d[kappa],0.00011240651861213882,0.27759739036011066
161414,10,d[li]/d[betan],d[kappa]/d[t],9.461757380297588e-05,0.3043522285856481
161414,10,d[li]/d[betan],r[q95]/r[kappa],2.1542029389719304e-06,0.1121147848865619
161414,10,d[li]/d[betan],d[pcdiamag3]/d[betan],-5.2227432449570816e-05,-0.27937540592710813
161414,10,d[li]/d[betan],d[kappa]/d[betan],-1.6529502203714436e-05,-0.14273292641498578
161414,10,d[li]/d[betan],d[betan]/d[t],-8.573977591864486e-05,-0.2854919026370557
161414,10,d[li]/d[betan],d[li]/d[betan],1.0422513291393796e-05,0.9999999999040539
165017,11,d[pcdiamag3]/d[kappa],d[pcdiamag3]/d[kappa],0.06662370199955713,0.999999999999985
165017,11,d[pcdiamag3]/d[kappa],d[kappa]/d[t],0.03515780697166337,0.9694594886170325
165017,11,d[pcdiamag3]/d[kappa],r[q95]/r[kappa],0.0014305834259877494,0.3316522735857279
165017,11,d[pcdiamag3]/d[kappa],d[pcdiamag3]/d[betan],-0.046135942852918076,-0.9994202738871758
165017,11,d[pcdiamag3]/d[kappa],d[kappa]/d[betan],0.027158115091390482,0.9292280772786478
165017,11,d[pcdiamag3]/d[kappa],d[betan]/d[t],-0.0327728987230667,-0.9706996433291493
165017,11,d[pcdiamag3]/d[kappa],d[li]/d[betan],0.00039844073290235156,0.18758464268510366
165017,11,d[kappa]/d[t],d[pcdiamag3]/d[kappa],0.03515780697166337,0.9694594886170325
165017,11,d[kappa]/d[t],d[kappa]/d[t],0.019740377906838198,0.9999999999999494
165017,11,d[kappa]/d[t],r[q95]/r[kappa],0.0009228688065996916,0.39304873762138043
165017,11,d[kappa]/d[t],d[pcdiamag3]/d[betan],-0.02438242423319245,-0.9703363195481711
165017,11,d[kappa]/d[t],d[kappa]/d[betan],0.01300820017300745,0.8176671683297985
165017,11,d[kappa]/d[t],d[betan]/d[t],-0.018189069042979806,-0.9897309123999924
165017,11,d[kappa]/d[t],d[li]/d[betan],0.00030302184256474936,0.26208618790039784
165017,11,r[q95]/r[kappa],d[pcdiamag3]/d[kappa],0.0014305834259877494,0.3316522735857279
165017,11,r[q95]/r[kappa],d[kappa]/d[t],0.0009228688065996916,0.39304873762138043
165017,11,r[q95]/r[kappa],r[q95]/r[kappa],0.0002792747423022803,0.9999999999964192
165017,11,r[q95]/r[kappa],d[pcdiamag3]/d[betan],-0.0009800035327067868,-0.32789511496022
165017,11,r[q95]/r[kappa],d[kappa]/d[betan],0.0005303723999536438,0.28028649048465376
165017,11,r[q95]/r[kappa],d[betan]/d[t],-0.0007289945984210405,-0.3334977245813487
165017,11,r[q95]/r[kappa],d[li]/d[betan],3.060752563591959e-05,0.22256676971908537
165017,11,d[pcdiamag3]/d[betan],d[pcdiamag3]/d[kappa],-0.046135942852918076,-0.9994202738871758
165017,11,d[pcdiamag3]/d[betan],d[kappa]/d[t],-0.02438242423319245,-0.9703363195481711
165017,11,d[pcdiamag3]/d[betan],r[q95]/r[kappa],-0.0009800035327067868,-0.32789511496022
165017,11,d[pcdiamag3]/d[betan],d[pcdiamag3]/d[betan],0.031985543132807305,0.9999999999999688
165017,11,d[pcdiamag3]/d[betan],d[kappa]/d[betan],-0.018747687191998888,-0.9257802544156856
165017,11,d[pcdiamag3]/d[betan],d[betan]/d[t],0.022765706808403306,0.9731699008950542
165017,11,d[pcdiamag3]/d[betan],d[li]/d[betan],-0.00025954244770457917,-0.17635162335515772
165017,11,d[kappa]/d[betan],d[pcdiamag3]/d[kappa],0.027158115091390482,0.9292280772786478
165017,11,d[kappa]/d[betan],d[kappa]/d[t],0.01300820017300745,0.8176671683297985
165017,11,d[kappa]/d[betan],r[q95]/r[kappa],0.0005303723999536438,0.28028649048465376
165017,11,d[kappa]/d[betan],d[pcdiamag3]/d[betan],-0.018747687191998888,-0.9257802544156856
165017,11,d[kappa]/d[betan],d[kappa]/d[betan],0.012821116317715608,0.9999999999999221
165017,11,d[kappa]/d[betan],d[betan]/d[t],-0.012109759093912965,-0.817630301399368
165017,11,d[kappa]/d[betan],d[li]/d[betan],0.00011697542589580897,0.1255392834622509
165017,11,d[betan]/d[t],d[pcdiamag3]/d[kappa],-0.0327728987230667,-0.9706996433291493
165017,11,d[betan]/d[t],d[kappa]/d[t],-0.018189069042979806,-0.9897309123999924
165017,11,d[betan]/d[t],r[q95]/r[kappa],-0.0007289945984210405,-0.3334977245813487
165017,11,d[betan]/d[t],d[pcdiamag3]/d[betan],0.022765706808403306,0.9731699008950542
165017,11,d[betan]/d[t],d[kappa]/d[betan],-0.012109759093912965,-0.817630301399368
165017,11,d[betan]/d[t],d[betan]/d[t],0.017109259395971643,0.9999999999999416
165017,11,d[betan]/d[t],d[li]/d[betan],-0.00015590085655054007,-0.14483743546871922
165017,11,d[li]/d[betan],d[pcdiamag3]/d[kappa],0.00039844073290235156,0.18758464268510366
165017,11,d[li]/d[betan],d[kappa]/d[t],0.00030302184256474936,0.26208618790039784
165017,11,d[li]/d[betan],r[q95]/r[kappa],3.060752563591959e-05,0.22256676971908537
165017,11,d[li]/d[betan],d[pcdiamag3]/d[betan],-0.00025954244770457917,-0.17635162335515772
165017,11,d[li]/d[betan],d[kappa]/d[betan],0.00011697542589580897,0.1255392834622509
165017,11,d[li]/d[betan],d[betan]/d[t],-0.00015590085655054007,-0.14483743546871922
165017,11,d[li]/d[betan],d[li]/d[betan],6.771800246619746e-05,0.9999999999852329
165022,12,d[pcdiamag3]/d[kappa],d[pcdiamag3]/d[kappa],0.12117227853585305,0.9999999999999918
165022,12,d[pcdiamag3]/d[kappa],d[kappa]/d[t],0.05509549512978768,0.8756651068464323
165022,12,d[pcdiamag3]/d[kappa],r[q95]/r[kappa],-0.004728588208946199,-0.342057668254004
165022,12,d[pcdiamag3]/d[kappa],d[pcdiamag3]/d[betan],-0.07742708260684886,-0.9960245015369888
165022,12,d[pcdiamag3]/d[kappa],d[kappa]/d[betan],0.05046847284500876,0.8271634900109893
165022,12,d[pcdiamag3]/d[kappa],d[betan]/d[t],-0.06260274612900336,-0.9440200373248675
165022,12,d[pcdiamag3]/d[kappa],d[li]/d[betan],0.003955567407594445,0.4806916955198325
165022,12,d[kappa]/d[t],d[pcdiamag3]/d[kappa],0.05509549512978768,0.8756651068464323
165022,12,d[kappa]/d[t],d[kappa]/d[t],0.032670277038183926,0.9999999999999695
165022,12,d[kappa]/d[t],r[q95]/r[kappa],-0.000786101323846504,-0.10951449181498449
165022,12,d[kappa]/d[t],d[pcdiamag3]/d[betan],-0.03407914951501001,-0.8442889450594807
165022,12,d[kappa]/d[t],d[kappa]/d[betan],0.015500899030212489,0.4892753199107136
165022,12,d[kappa]/d[t],d[betan]/d[t],-0.03321507989886367,-0.9646024446759416
165022,12,d[kappa]/d[t],d[li]/d[betan],0.001327125383030533,0.31059539598030717
165022,12,r[q95]/r[kappa],d[pcdiamag3]/d[kappa],-0.004728588208946199,-0.342057668254004
165022,12,r[q95]/r[kappa],d[kappa]/d[t],-0.000786101323846504,-0.10951449181498449
165022,12,r[q95]/r[kappa],r[q95]/r[kappa],0.0015771066160526347,0.9999999999993658
165022,12,r[q95]/r[kappa],d[pcdiamag3]/d[betan],0.003345111849968567,0.37718887975563936
165022,12,r[q95]/r[kappa],d[kappa]/d[betan],-0.0024779469648581235,-0.3559871413058664
165022,12,r[q95]/r[kappa],d[betan]/d[t],0.0019341947846738226,0.25565785835439997
165022,12,r[q95]/r[kappa],d[li]/d[betan],-0.0004890204227672484,-0.520901894160428
165022,12,d[pcdiamag3]/d[betan],d[pcdiamag3]/d[kappa],-0.07742708260684886,-0.9960245015369888
165022,12,d[pcdiamag3]/d[betan],d[kappa]/d[t],-0.03407914951501001,-0.8442889450594807
165022,12,d[pcdiamag3]/d[betan],r[q95]/r[kappa],0.003345111849968567,0.37718887975563936
165022,12,d[pcdiamag3]/d[betan],d[pcdiamag3]/d[betan],0.04987035653167911,0.99999999999998
165022,12,d[pcdiamag3]/d[betan],d[kappa]/d[betan],-0.03294933707652827,-0.8417793651592438
165022,12,d[pcdiamag3]/d[betan],d[betan]/d[t],0.039467751773875494,0.9277065373205493
165022,12,d[pcdiamag3]/d[betan],d[li]/d[betan],-0.0027710756250470406,-0.5249121294598006
165022,12,d[kappa]/d[betan],d[pcdiamag3]/d[kappa],0.05046847284500876,0.8271634900109893
165022,12,d[kappa]/d[betan],d[kappa]/d[t],0.015500899030212489,0.4892753199107136
165022,12,d[kappa]/d[betan],r[q95]/r[kappa],-0.0024779469648581235,-0.3559871413058664
165022,12,d[kappa]/d[betan],d[pcdiamag3]/d[betan],-0.03294933707652827,-0.8417793651592438
165022,12,d[kappa]/d[betan],d[kappa]/d[betan],0.030722343341005345,0.9999999999999675
165022,12,d[kappa]/d[betan],d[betan]/d[t],-0.020033750428986592,-0.5999631207314402
165022,12,d[kappa]/d[betan],d[li]/d[betan],0.0018483968613541874,0.44609516886545675
165022,12,d[betan]/d[t],d[pcdiamag3]/d[kappa],-0.06260274612900336,-0.9440200373248675
165022,12,d[betan]/d[t],d[kappa]/d[t],-0.03321507989886367,-0.9646024446759416
165022,12,d[betan]/d[t],r[q95]/r[kappa],0.0019341947846738226,0.25565785835439997
165022,12,d[betan]/d[t],d[pcdiamag3]/d[betan],0.039467751773875494,0.9277065373205493
165022,12,d[betan]/d[t],d[kappa]/d[betan],-0.020033750428986592,-0.5999631207314402
165022,12,d[betan]/d[t],d[betan]/d[t],0.036292849619225166,0.9999999999999725
165022,12,d[betan]/d[t],d[li]/d[betan],-0.0016521534151197382,-0.3668591069689636
165022,12,d[li]/d[betan],d[pcdiamag3]/d[kappa],0.003955567407594445,0.4806916955198325
165022,12,d[li]/d[betan],d[kappa]/d[t],0.001327125383030533,0.31059539598030717
165022,12,d[li]/d[betan],r[q95]/r[kappa],-0.0004890204227672484,-0.520901894160428
165022,12,d[li]/d[betan],d[pcdiamag3]/d[betan],-0.0027710756250470406,-0.5249121294598006
165022,12,d[li]/d[betan],d[kappa]/d[betan],0.0018483968613541874,0.44609516886545675
165022,12,d[li]/d[betan],d[betan]/d[t],-0.0016521534151197382,-0.3668591069689636
165022,12,d[li]/d[betan],d[li]/d[betan],0.0005588317423013727,0.9999999999982107
165026,13,d[pcdiamag3]/d[kappa],d[pcdiamag3]/d[kappa],0.0666868708976799,0.999999999999985
165026,13,d[pcdiamag3]/d[kappa],d[kappa]/d[t],0.045682923817681735,0.9653118265460874
165026,13,d[pcdiamag3]/d[kappa],r[q95]/r[kappa],6.732858795506452e-05,0.018163311669901094
165026,13,d[pcdiamag3]/d[kappa],d[pcdiamag3]/d[betan],-0.03624406189198562,-0.9947057591364162
165026,13,d[pcdiamag3]/d[kappa],d[kappa]/d[betan],0.011247256766650551,0.5867643151047804
165026,13,d[pcdiamag3]/d[kappa],d[betan]/d[t],-0.04539790187430744,-0.9779172877301636
165026,13,d[pcdiamag3]/d[kappa],d[li]/d[betan],0.0015671480300634593,0.5538355048182788
165026,13,d[kappa]/d[t],d[pcdiamag3]/d[kappa],0.045682923817681735,0.9653118265460874
165026,13,d[kappa]/d[t],d[kappa]/d[t],0.03358398213901686,0.9999999999999702
165026,13,d[kappa]/d[t],r[q95]/r[kappa],0.0002950418326204368,0.1121587603555889
165026,13,d[kappa]/d[t],d[pcdiamag3]/d[betan],-0.024426156001612884,-0.9446413895182922
165026,13,d[kappa]/d[t],d[kappa]/d[betan],0.004923310188767852,0.36193314582312763
165026,13,d[kappa]/d[t],d[betan]/d[t],-0.032735171458228025,-0.9936536602052327
165026,13,d[kappa]/d[t],d[li]/d[betan],0.00120239164416252,0.5987848406943996
165026,13,r[q95]/r[kappa],d[pcdiamag3]/d[kappa],6.732858795506452e-05,0.018163311669901094
165026,13,r[q95]/r[kappa],d[kappa]/d[t],0.0002950418326204368,0.1121587603555889
165026,13,r[q95]/r[kappa],r[q95]/r[kappa],0.00020604809445547924,0.9999999999951469
165026,13,r[q95]/r[kappa],d[pcdiamag3]/d[betan],4.392285080202537e-05,0.021686234910805204
165026,13,r[q95]/r[kappa],d[kappa]/d[betan],-0.00019025438249370132,-0.1785614163134363
165026,13,r[q95]/r[kappa],d[betan]/d[t],-0.00013778834055451844,-0.05339673227843775
165026,13,r[q95]/r[kappa],d[li]/d[betan],3.307416080518221e-05,0.21027879266793786
165026,13,d[pcdiamag3]/d[betan],d[pcdiamag3]/d[kappa],-0.03624406189198562,-0.9947057591364162
165026,13,d[pcdiamag3]/d[betan],d[kappa]/d[t],-0.024426156001612884,-0.9446413895182922
165026,13,d[pcdiamag3]/d[betan],r[q95]/r[kappa],4.392285080202537e-05,0.021686234910805204
165026,13,d[pcdiamag3]/d[betan],d[pcdiamag3]/d[betan],0.019908755913572024,0.9999999999999498
165026,13,d[pcdiamag3]/d[betan],d[kappa]/d[betan],-0.006515265569042574,-0.6220815420086921
165026,13,d[pcdiamag3]/d[betan],d[betan]/d[t],0.024473386974458135,0.9648471716523415
165026,13,d[pcdiamag3]/d[betan],d[li]/d[betan],-0.0008401627967571651,-0.5434158832781328
165026,13,d[kappa]/d[betan],d[pcdiamag3]/d[kappa],0.011247256766650551,0.5867643151047804
165026,13,d[kappa]/d[betan],d[kappa]/d[t],0.004923310188767852,0.36193314582312763
165026,13,d[kappa]/d[betan],r[q95]/r[kappa],-0.00019025438249370132,-0.1785614163134363
165026,13,d[kappa]/d[betan],d[pcdiamag3]/d[betan],-0.006515265569042574,-0.6220815420086921
165026,13,d[kappa]/d[betan],d[kappa]/d[betan],0.005509668791964959,0.9999999999998185
165026,13,d[kappa]/d[betan],d[betan]/d[t],-0.005452204954338395,-0.4085977197280129
165026,13,d[kappa]/d[betan],d[li]/d[betan],0.00016085872362054534,0.19777564729933286
165026,13,d[betan]/d[t],d[pcdiamag3]/d[kappa],-0.04539790187430744,-0.9779172877301636
165026,13,d[betan]/d[t],d[kappa]/d[t],-0.032735171458228025,-0.9936536602052327
165026,13,d[betan]/d[t],r[q95]/r[kappa],-0.00013778834055451844,-0.05339673227843775
165026,13,d[betan]/d[t],d[pcdiamag3]/d[betan],0.024473386974458135,0.9648471716523415
165026,13,d[betan]/d[t],d[kappa]/d[betan],-0.005452204954338395,-0.4085977197280129
165026,13,d[betan]/d[t],d[betan]/d[t],0.03231669775068122,0.9999999999999691
165026,13,d[betan]/d[t],d[li]/d[betan],-0.0010690657276762401,-0.5427275418645597
165026,13,d[li]/d[betan],d[pcdiamag3]/d[kappa],0.0015671480300634593,0.5538355048182788
165026,13,d[li]/d[betan],d[kappa]/d[t],0.00120239164416252,0.5987848406943996
165026,13,d[li]/d[betan],r[q95]/r[kappa],3.307416080518221e-05,0.21027879266793786
165026,13,d[li]/d[betan],d[pcdiamag3]/d[betan],-0.0008401627967571651,-0.5434158832781328
165026,13,d[li]/d[betan],d[kappa]/d[betan],0.00016085872362054534,0.19777564729933286
165026,13,d[li]/d[betan],d[betan]/d[t],-0.0010690657276762401,-0.5427275418645597
165026,13,d[li]/d[betan],d[li]/d[betan],0.00012006546717342748,0.9999999999916712
165027,14,d[pcdiamag3]/d[kappa],d[pcdiamag3]/d[kappa],0.09170046816889105,0.9999999999999891
165027,14,d[pcdiamag3]/d[kappa],d[kappa]/d[t],0.04265887885909992,0.812673118557909
165027,14,d[pcdiamag3]/d[kappa],r[q95]/r[kappa],0.00433466894175654,0.4747976429009735
165027,14,d[pcdiamag3]/d[kappa],d[pcdiamag3]/d[betan],-0.08879033969848049,-0.9989787534952417
165027,14,d[pcdiamag3]/d[kappa],d[kappa]/d[betan],0.051636195580231546,0.8613737517179201
165027,14,d[pcdiamag3]/d[kappa],d[betan]/d[t],-0.03717477455669692,-0.8829597148211451
165027,14,d[pcdiamag3]/d[kappa],d[li]/d[betan],0.0017150055503746592,0.30043842514400865
165027,14,d[kappa]/d[t],d[pcdiamag3]/d[kappa],0.04265887885909992,0.812673118557909
165027,14,d[kappa]/d[t],d[kappa]/d[t],0.0300479973842391,0.9999999999999667
165027,14,d[kappa]/d[t],r[q95]/r[kappa],0.0029909703101792303,0.5723250202680141
165027,14,d[kappa]/d[t],d[pcdiamag3]/d[betan],-0.0411021853950798,-0.807855075820338
165027,14,d[kappa]/d[t],d[kappa]/d[betan],0.01515215959960863,0.441560221675009
165027,14,d[kappa]/d[t],d[betan]/d[t],-0.022509735411125345,-0.9339872465349603
165027,14,d[kappa]/d[t],d[li]/d[betan],0.0018443283529597674,0.5644249454780206
165027,14,r[q95]/r[kappa],d[pcdiamag3]/d[kappa],0.00433466894175654,0.4747976429009735
165027,14,r[q95]/r[kappa],d[kappa]/d[t],0.0029909703101792303,0.5723250202680141
165027,14,r[q95]/r[kappa],r[q95]/r[kappa],0.0009089148658705393,0.9999999999988999
165027,14,r[q95]/r[kappa],d[pcdiamag3]/d[betan],-0.004172452698306619,-0.4715265259328635
165027,14,r[q95]/r[kappa],d[kappa]/d[betan],0.0018338040861581018,0.30726599923706616
165027,14,r[q95]/r[kappa],d[betan]/d[t],-0.0020635367601666995,-0.4922989719266668
165027,14,r[q95]/r[kappa],d[li]/d[betan],0.0002460781154845377,0.4329992182382468
165027,14,d[pcdiamag3]/d[betan],d[pcdiamag3]/d[kappa],-0.08879033969848049,-0.9989787534952417
165027,14,d[pcdiamag3]/d[betan],d[kappa]/d[t],-0.0411021853950798,-0.807855075820338
165027,14,d[pcdiamag3]/d[betan],r[q95]/r[kappa],-0.004172452698306619,-0.4715265259328635
165027,14,d[pcdiamag3]/d[betan],d[pcdiamag3]/d[betan],0.08614843232573599,0.9999999999999885
165027,14,d[pcdiamag3]/d[betan],d[kappa]/d[betan],-0.05038067804248878,-0.8670886303690304
165027,14,d[pcdiamag3]/d[betan],d[betan]/d[t],0.03580449847315034,0.8773890856042906
165027,14,d[pcdiamag3]/d[betan],d[li]/d[betan],-0.001671014211639443,-0.3020175480745752
165027,14,d[kappa]/d[betan],d[pcdiamag3]/d[kappa],0.051636195580231546,0.8613737517179201
165027,14,d[kappa]/d[betan],d[kappa]/d[t],0.01515215959960863,0.441560221675009
165027,14,d[kappa]/d[betan],r[q95]/r[kappa],0.0018338040861581018,0.30726599923706616
165027,14,d[kappa]/d[betan],d[pcdiamag3]/d[betan],-0.05038067804248878,-0.8670886303690304
165027,14,d[kappa]/d[betan],d[kappa]/d[betan],0.03918805005899972,0.9999999999999745
165027,14,d[kappa]/d[betan],d[betan]/d[t],-0.01454910902994016,-0.5286130660715918
165027,14,d[kappa]/d[betan],d[li]/d[betan],0.00035879724346739474,0.09614971341426046
165027,14,d[betan]/d[t],d[pcdiamag3]/d[kappa],-0.03717477455669692,-0.8829597148211451
165027,14,d[betan]/d[t],d[kappa]/d[t],-0.022509735411125345,-0.9339872465349603
165027,14,d[betan]/d[t],r[q95]/r[kappa],-0.0020635367601666995,-0.4922989719266668
165027,14,d[betan]/d[t],d[pcdiamag3]/d[betan],0.03580449847315034,0.8773890856042906
165027,14,d[betan]/d[t],d[kappa]/d[betan],-0.01454910902994016,-0.5286130660715918
165027,14,d[betan]/d[t],d[betan]/d[t],0.019330511922837707,0.9999999999999483
165027,14,d[betan]/d[t],d[li]/d[betan],-0.0008694614217537188,-0.3317449821656936
165027,14,d[li]/d[betan],d[pcdiamag3]/d[kappa],0.0017150055503746592,0.30043842514400865
165027,14,d[li]/d[betan],d[kappa]/d[t],0.0018443283529597674,0.5644249454780206
165027,14,d[li]/d[betan],r[q95]/r[kappa],0.0002460781154845377,0.4329992182382468
165027,14,d[li]/d[betan],d[pcdiamag3]/d[betan],-0.001671014211639443,-0.3020175480745752
165027,14,d[li]/d[betan],d[kappa]/d[betan],0.00035879724346739474,0.09614971341426046
165027,14,d[li]/d[betan],d[betan]/d[t],-0.0008694614217537188,-0.3317449821656936
165027,14,d[li]/d[betan],d[li]/d[betan],0.0003553436453343756,0.9999999999971858
165028,15,d[pcdiamag3]/d[kappa],d[pcdiamag3]/d[kappa],0.07097713896257081,0.9999999999999859
165028,15,d[pcdiamag3]/d[kappa],d[kappa]/d[t],0.04205441389505329,0.9852341086508812
165028,15,d[pcdiamag3]/d[kappa],r[q95]/r[kappa],0.00016579529537552568,0.053286239363248764
165028,15,d[pcdiamag3]/d[kappa],d[pcdiamag3]/d[betan],-0.04688697033124857,-0.9994161337082706
165028,15,d[pcdiamag3]/d[kappa],d[kappa]/d[betan],0.026410923409460253,0.9408303679457068
165028,15,d[pcdiamag3]/d[kappa],d[betan]/d[t],-0.03936528873171654,-0.9840125404664133
165028,15,d[pcdiamag3]/d[kappa],d[li]/d[betan],0.00034304351534571403,0.20550169888362962
165028,15,d[kappa]/d[t],d[pcdiamag3]/d[kappa],0.04205441389505329,0.9852341086508812
165028,15,d[kappa]/d[t],d[kappa]/d[t],0.025669996106590296,0.999999999999961
165028,15,d[kappa]/d[t],r[q95]/r[kappa],0.0001744401683893059,0.09322571201178502
165028,15,d[kappa]/d[t],d[pcdiamag3]/d[betan],-0.027780551589342912,-0.9846488832750866
165028,15,d[kappa]/d[t],d[kappa]/d[betan],0.014771458509792227,0.8749786647817243
165028,15,d[kappa]/d[t],d[betan]/d[t],-0.02394311929642911,-0.9952089308236051
165028,15,d[kappa]/d[t],d[li]/d[betan],0.0002193191721288017,0.2184686592976213
165028,15,r[q95]/r[kappa],d[pcdiamag3]/d[kappa],0.00016579529537552568,0.053286239363248764
165028,15,r[q95]/r[kappa],d[kappa]/d[t],0.0001744401683893059,0.09322571201178502
165028,15,r[q95]/r[kappa],r[q95]/r[kappa],0.00013639415944141883,0.9999999999926684
165028,15,r[q95]/r[kappa],d[pcdiamag3]/d[betan],-0.00010302592756745245,-0.050095887617320915
165028,15,r[q95]/r[kappa],d[kappa]/d[betan],5.725889452638096e-05,0.04652989345191005
165028,15,r[q95]/r[kappa],d[betan]/d[t],-0.00010007701656809271,-0.057066718455803495
165028,15,r[q95]/r[kappa],d[li]/d[betan],3.5796249068817456e-06,0.048917593230860285
165028,15,d[pcdiamag3]/d[betan],d[pcdiamag3]/d[kappa],-0.04688697033124857,-0.9994161337082706
165028,15,d[pcdiamag3]/d[betan],d[kappa]/d[t],-0.027780551589342912,-0.9846488832750866
165028,15,d[pcdiamag3]/d[betan],r[q95]/r[kappa],-0.00010302592756745245,-0.050095887617320915
165028,15,d[pcdiamag3]/d[betan],d[pcdiamag3]/d[betan],0.031009384124784125,0.9999999999999678
165028,15,d[pcdiamag3]/d[betan],d[kappa]/d[betan],-0.017438710358603712,-0.9398418505339263
165028,15,d[pcdiamag3]/d[betan],d[betan]/d[t],0.02602770032509113,0.9843185370672138
165028,15,d[pcdiamag3]/d[betan],d[li]/d[betan],-0.0002263567118051532,-0.20515034568416887
165028,15,d[kappa]/d[betan],d[pcdiamag3]/d[kappa],0.026410923409460253,0.9408303679457068
165028,15,d[kappa]/d[betan],d[kappa]/d[t],0.014771458509792227,0.8749786647817243
165028,15,d[kappa]/d[betan],r[q95]/r[kappa],5.725889452638096e-05,0.04652989345191005
165028,15,d[kappa]/d[betan],d[pcdiamag3]/d[betan],-0.017438710358603712,-0.9398418505339263
165028,15,d[kappa]/d[betan],d[kappa]/d[betan],0.011102634121732818,0.99999999999991
165028,15,d[kappa]/d[betan],d[betan]/d[t],-0.013723377452841693,-0.8673500962706865
165028,15,d[kappa]/d[betan],d[li]/d[betan],0.00014165824757448036,0.2145627356981856
165028,15,d[betan]/d[t],d[pcdiamag3]/d[kappa],-0.03936528873171654,-0.9840125404664133
165028,15,d[betan]/d[t],d[kappa]/d[t],-0.02394311929642911,-0.9952089308236051
165028,15,d[betan]/d[t],r[q95]/r[kappa],-0.00010007701656809271,-0.057066718455803495
165028,15,d[betan]/d[t],d[pcdiamag3]/d[betan],0.02602770032509113,0.9843185370672138
165028,15,d[betan]/d[t],d[kappa]/d[betan],-0.013723377452841693,-0.8673500962706865
165028,15,d[betan]/d[t],d[betan]/d[t],0.022547953302749633,0.9999999999999557
165028,15,d[betan]/d[t],d[li]/d[betan],-0.00014656155055187435,-0.15577291057457904
165028,15,d[li]/d[betan],d[pcdiamag3]/d[kappa],0.00034304351534571403,0.20550169888362962
165028,15,d[li]/d[betan],d[kappa]/d[t],0.0002193191721288017,0.2184686592976213
165028,15,d[li]/d[betan],r[q95]/r[kappa],3.5796249068817456e-06,0.048917593230860285
165028,15,d[li]/d[betan],d[pcdiamag3]/d[betan],-0.0002263567118051532,-0.20515034568416887
165028,15,d[li]/d[betan],d[kappa]/d[betan],0.00014165824757448036,0.2145627356981856
165028,15,d[li]/d[betan],d[betan]/d[t],-0.00014656155055187435,-0.15577291057457904
165028,15,d[li]/d[betan],d[li]/d[betan],3.925989248520574e-05,0.9999999999745287
165029,16,d[pcdiamag3]/d[kappa],d[pcdiamag3]/d[kappa],0.05472367586909577,0.9999999999999818
165029,16,d[pcdiamag3]/d[kappa],d[kappa]/d[t],0.03510219325458878,0.95988100207533
165029,16,d[pcdiamag3]/d[kappa],r[q95]/r[kappa],0.0005799310714966083,0.1278393380005829
165029,16,d[pcdiamag3]/d[kappa],d[pcdiamag3]/d[betan],-0.03393294665996717,-0.9982428039707447
165029,16,d[pcdiamag3]/d[kappa],d[kappa]/d[betan],0.011760823476505438,0.6093457171486508
165029,16,d[pcdiamag3]/d[kappa],d[betan]/d[t],-0.0337819975044905,-0.9463668914676159
165029,16,d[pcdiamag3]/d[kappa],d[li]/d[betan],0.0006471227362764316,0.31446087502618253
165029,16,d[kappa]/d[t],d[pcdiamag3]/d[kappa],0.03510219325458878,0.95988100207533
165029,16,d[kappa]/d[t],d[kappa]/d[t],0.02443759434815675,0.9999999999999591
165029,16,d[kappa]/d[t],r[q95]/r[kappa],0.00048293560188381474,0.15930733148804196
165029,16,d[kappa]/d[t],d[pcdiamag3]/d[betan],-0.021886091882647406,-0.9634767458212872
165029,16,d[kappa]/d[t],d[kappa]/d[betan],0.0048265297000792805,0.374213473087431
165029,16,d[kappa]/d[t],d[betan]/d[t],-0.023602079823377732,-0.9894250298816407
165029,16,d[kappa]/d[t],d[li]/d[betan],0.0004025956458297963,0.29275710143048805
165029,16,r[q95]/r[kappa],d[pcdiamag3]/d[kappa],0.0005799310714966083,0.1278393380005829
165029,16,r[q95]/r[kappa],d[kappa]/d[t],0.00048293560188381474,0.15930733148804196
165029,16,r[q95]/r[kappa],r[q95]/r[kappa],0.00037605248939169745,0.9999999999973408
165029,16,r[q95]/r[kappa],d[pcdiamag3]/d[betan],-0.0003205478448009123,-0.11375509879805935
165029,16,r[q95]/r[kappa],d[kappa]/d[betan],0.00018278233985727412,0.11424143798201539
165029,16,r[q95]/r[kappa],d[betan]/d[t],-0.0003012805701969066,-0.1018142893308316
165029,16,r[q95]/r[kappa],d[li]/d[betan],2.645105069622597e-05,0.1550551818366247
165029,16,d[pcdiamag3]/d[betan],d[pcdiamag3]/d[kappa],-0.03393294665996717,-0.9982428039707447
165029,16,d[pcdiamag3]/d[betan],d[kappa]/d[t],-0.021886091882647406,-0.9634767458212872
165029,16,d[pcdiamag3]/d[betan],r[q95]/r[kappa],-0.0003205478448009123,-0.11375509879805935
165029,16,d[pcdiamag3]/d[betan],d[pcdiamag3]/d[betan],0.021115215133215896,0.9999999999999527
165029,16,d[pcdiamag3]/d[betan],d[kappa]/d[betan],-0.007029493795604421,-0.5863270883460127
165029,16,d[pcdiamag3]/d[betan],d[betan]/d[t],0.02118938823444235,0.9556140062951974
165029,16,d[pcdiamag3]/d[betan],d[li]/d[betan],-0.00035876360485814497,-0.28065850958255323
165029,16,d[kappa]/d[betan],d[pcdiamag3]/d[kappa],0.011760823476505438,0.6093457171486508
165029,16,d[kappa]/d[betan],d[kappa]/d[t],0.0048265297000792805,0.374213473087431
165029,16,d[kappa]/d[betan],r[q95]/r[kappa],0.00018278233985727412,0.11424143798201539
165029,16,d[kappa]/d[betan],d[pcdiamag3]/d[betan],-0.007029493795604421,-0.5863270883460127
165029,16,d[kappa]/d[betan],d[kappa]/d[betan],0.006807265275030446,0.9999999999998531
165029,16,d[kappa]/d[betan],d[betan]/d[t],-0.004096611915305935,-0.3253870989236713
165029,16,d[kappa]/d[betan],d[li]/d[betan],0.0002787934575960454,0.38411726788793615
165029,16,d[betan]/d[t],d[pcdiamag3]/d[kappa],-0.0337819975044905,-0.9463668914676159
165029,16,d[betan]/d[t],d[kappa]/d[t],-0.023602079823377732,-0.9894250298816407
165029,16,d[betan]/d[t],r[q95]/r[kappa],-0.0003012805701969066,-0.1018142893308316
165029,16,d[betan]/d[t],d[pcdiamag3]/d[betan],0.02118938823444235,0.9556140062951974
165029,16,d[betan]/d[t],d[kappa]/d[betan],-0.004096611915305935,-0.3253870989236713
165029,16,d[betan]/d[t],d[betan]/d[t],0.02328500378344185,0.999999999999957
165029,16,d[betan]/d[t],d[li]/d[betan],-0.00022429152556044138,-0.16708686062890288
165029,16,d[li]/d[betan],d[pcdiamag3]/d[kappa],0.0006471227362764316,0.31446087502618253
165029,16,d[li]/d[betan],d[kappa]/d[t],0.0004025956458297963,0.29275710143048805
165029,16,d[li]/d[betan],r[q95]/r[kappa],2.645105069622597e-05,0.1550551818366247
165029,16,d[li]/d[betan],d[pcdiamag3]/d[betan],-0.00035876360485814497,-0.28065850958255323
165029,16,d[li]/d[betan],d[kappa]/d[betan],0.0002787934575960454,0.38411726788793615
165029,16,d[li]/d[betan],d[betan]/d[t],-0.00022429152556044138,-0.16708686062890288
165029,16,d[li]/d[betan],d[li]/d[betan],7.7386431127541e-05,0.9999999999870778
165031,17,d[pcdiamag3]/d[kappa],d[pcdiamag3]/d[kappa],0.10055643770785001,0.99999999999999
165031,17,d[pcdiamag3]/d[kappa],d[kappa]/d[t],0.07060527300502299,0.980460728737241
165031,17,d[pcdiamag3]/d[kappa],r[q95]/r[kappa],0.0018123672350781595,0.3388025606806594
165031,17,d[pcdiamag3]/d[kappa],d[pcdiamag3]/d[betan],-0.05549747285559079,-0.9981753154162152
165031,17,d[pcdiamag3]/d[kappa],d[kappa]/d[betan],0.014278482665280812,0.6253581504885546
165031,17,d[pcdiamag3]/d[kappa],d[betan]/d[t],-0.06888684479027975,-0.9850023196986865
165031,17,d[pcdiamag3]/d[kappa],d[li]/d[betan],0.00013394816294320849,0.050662250315185606
165031,17,d[kappa]/d[t],d[pcdiamag3]/d[kappa],0.07060527300502299,0.980460728737241
165031,17,d[kappa]/d[t],d[kappa]/d[t],0.05157081409147671,0.9999999999999806
165031,17,d[kappa]/d[t],r[q95]/r[kappa],0.001498280658540746,0.3911079117148633
165031,17,d[kappa]/d[t],d[pcdiamag3]/d[betan],-0.03879570019511566,-0.9743615980784323
165031,17,d[kappa]/d[t],d[kappa]/d[betan],0.007716772079311056,0.4719384647198679
165031,17,d[kappa]/d[t],d[betan]/d[t],-0.049779498118978666,-0.9939268433922122
165031,17,d[kappa]/d[t],d[li]/d[betan],0.000206818120942518,0.10922932474747232
165031,17,r[q95]/r[kappa],d[pcdiamag3]/d[kappa],0.0018123672350781595,0.3388025606806594
165031,17,r[q95]/r[kappa],d[kappa]/d[t],0.001498280658540746,0.3911079117148633
165031,17,r[q95]/r[kappa],r[q95]/r[kappa],0.0002845700279064924,0.9999999999964859
165031,17,r[q95]/r[kappa],d[pcdiamag3]/d[betan],-0.0009376460476267094,-0.3170172593933635
165031,17,r[q95]/r[kappa],d[kappa]/d[betan],0.000143439666901972,0.1180936064128611
165031,17,r[q95]/r[kappa],d[betan]/d[t],-0.001300306237881296,-0.34950787659478466
165031,17,r[q95]/r[kappa],d[li]/d[betan],1.4939279451988914e-05,0.10621545831590955
165031,17,d[pcdiamag3]/d[betan],d[pcdiamag3]/d[kappa],-0.05549747285559079,-0.9981753154162152
165031,17,d[pcdiamag3]/d[betan],d[kappa]/d[t],-0.03879570019511566,-0.9743615980784323
165031,17,d[pcdiamag3]/d[betan],r[q95]/r[kappa],-0.0009376460476267094,-0.3170172593933635
165031,17,d[pcdiamag3]/d[betan],d[pcdiamag3]/d[betan],0.03074134633821157,0.9999999999999675
165031,17,d[pcdiamag3]/d[betan],d[kappa]/d[betan],-0.007928225724410513,-0.6280095677729225
165031,17,d[pcdiamag3]/d[betan],d[betan]/d[t],0.038036549774474016,0.9836612740865112
165031,17,d[pcdiamag3]/d[betan],d[li]/d[betan],-5.0295392468262444e-05,-0.03440482981793041
165031,17,d[kappa]/d[betan],d[pcdiamag3]/d[kappa],0.014278482665280812,0.6253581504885546
165031,17,d[kappa]/d[betan],d[kappa]/d[t],0.007716772079311056,0.4719384647198679
165031,17,d[kappa]/d[betan],r[q95]/r[kappa],0.000143439666901972,0.1180936064128611
165031,17,d[kappa]/d[betan],d[pcdiamag3]/d[betan],-0.007928225724410513,-0.6280095677729225
165031,17,d[kappa]/d[betan],d[kappa]/d[betan],0.005184377396931665,0.9999999999998072
165031,17,d[kappa]/d[betan],d[betan]/d[t],-0.0077048731157462885,-0.4852025634655714
165031,17,d[kappa]/d[betan],d[li]/d[betan],-2.372677447466148e-05,-0.03952237663060331
165031,17,d[betan]/d[t],d[pcdiamag3]/d[kappa],-0.06888684479027975,-0.9850023196986865
165031,17,d[betan]/d[t],d[kappa]/d[t],-0.049779498118978666,-0.9939268433922122
165031,17,d[betan]/d[t],r[q95]/r[kappa],-0.001300306237881296,-0.34950787659478466
165031,17,d[betan]/d[t],d[pcdiamag3]/d[betan],0.038036549774474016,0.9836612740865112
165031,17,d[betan]/d[t],d[kappa]/d[betan],-0.0077048731157462885,-0.4852025634655714
165031,17,d[betan]/d[t],d[betan]/d[t],0.04863939903395193,0.9999999999999795
165031,17,d[betan]/d[t],d[li]/d[betan],-5.1131608871510084e-05,-0.02780660786656366
165031,17,d[li]/d[betan],d[pcdiamag3]/d[kappa],0.00013394816294320849,0.050662250315185606
165031,17,d[li]/d[betan],d[kappa]/d[t],0.000206818120942518,0.10922932474747232
165031,17,d[li]/d[betan],r[q95]/r[kappa],1.4939279451988914e-05,0.10621545831590955
165031,17,d[li]/d[betan],d[pcdiamag3]/d[betan],-5.0295392468262444e-05,-0.03440482981793041
165031,17,d[li]/d[betan],d[kappa]/d[betan],-2.372677447466148e-05,-0.03952237663060331
165031,17,d[li]/d[betan],d[betan]/d[t],-5.1131608871510084e-05,-0.02780660786656366
165031,17,d[li]/d[betan],d[li]/d[betan],6.951758732382657e-05,0.9999999999856152
165042,18,d[pcdiamag3]/d[kappa],d[pcdiamag3]/d[kappa],0.05516941626130437,0.9999999999999819
165042,18,d[pcdiamag3]/d[kappa],d[kappa]/d[t],0.03832592096517913,0.9695299616940035
165042,18,d[pcdiamag3]/d[kappa],r[q95]/r[kappa],0.0009644437404098654,0.2933253782206016
165042,18,d[pcdiamag3]/d[kappa],d[pcdiamag3]/d[betan],-0.028449040627976038,-0.999413375182841
165042,18,d[pcdiamag3]/d[kappa],d[kappa]/d[betan],0.009478026473431291,0.5783431822579774
165042,18,d[pcdiamag3]/d[kappa],d[betan]/d[t],-0.03728161404720895,-0.9656228168574571
165042,18,d[pcdiamag3]/d[kappa],d[li]/d[betan],-0.00026610866795742703,-0.2630660489965056
165042,18,d[kappa]/d[t],d[pcdiamag3]/d[kappa],0.03832592096517913,0.9695299616940035
165042,18,d[kappa]/d[t],d[kappa]/d[t],0.02832463623379114,0.9999999999999647
165042,18,d[kappa]/d[t],r[q95]/r[kappa],0.0006974057773361591,0.2960228975284073
165042,18,d[kappa]/d[t],d[pcdiamag3]/d[betan],-0.019789658828468577,-0.9702482381420159
165042,18,d[kappa]/d[t],d[kappa]/d[betan],0.004314111005319363,0.3673889098743134
165042,18,d[kappa]/d[t],d[betan]/d[t],-0.02759622191788813,-0.9975380391603449
165042,18,d[kappa]/d[t],d[li]/d[betan],-0.00021583179263954,-0.2977749928218654
165042,18,r[q95]/r[kappa],d[pcdiamag3]/d[kappa],0.0009644437404098654,0.2933253782206016
165042,18,r[q95]/r[kappa],d[kappa]/d[t],0.0006974057773361591,0.2960228975284073
165042,18,r[q95]/r[kappa],r[q95]/r[kappa],0.00019595490097119953,0.9999999999948969
165042,18,r[q95]/r[kappa],d[pcdiamag3]/d[betan],-0.0004954235110376141,-0.29202852443409383
165042,18,r[q95]/r[kappa],d[kappa]/d[betan],0.00022130493477137353,0.22658436057895492
165042,18,r[q95]/r[kappa],d[betan]/d[t],-0.0006183616001824156,-0.26873637511774495
165042,18,r[q95]/r[kappa],d[li]/d[betan],-8.982251934949414e-06,-0.14899172299566563
165042,18,d[pcdiamag3]/d[betan],d[pcdiamag3]/d[kappa],-0.028449040627976038,-0.999413375182841
165042,18,d[pcdiamag3]/d[betan],d[kappa]/d[t],-0.019789658828468577,-0.9702482381420159
165042,18,d[pcdiamag3]/d[betan],r[q95]/r[kappa],-0.0004954235110376141,-0.29202852443409383
165042,18,d[pcdiamag3]/d[betan],d[pcdiamag3]/d[betan],0.014687454950952111,0.9999999999999319
165042,18,d[pcdiamag3]/d[betan],d[kappa]/d[betan],-0.004846071566411661,-0.5731040096944812
165042,18,d[pcdiamag3]/d[betan],d[betan]/d[t],0.019257355977939778,0.966685918151158
165042,18,d[pcdiamag3]/d[betan],d[li]/d[betan],0.0001368146125918859,0.26212846645364113
165042,18,d[kappa]/d[betan],d[pcdiamag3]/d[kappa],0.009478026473431291,0.5783431822579774
165042,18,d[kappa]/d[betan],d[kappa]/d[t],0.004314111005319363,0.3673889098743134
165042,18,d[kappa]/d[betan],r[q95]/r[kappa],0.00022130493477137353,0.22658436057895492
165042,18,d[kappa]/d[betan],d[pcdiamag3]/d[betan],-0.004846071566411661,-0.5731040096944812
165042,18,d[kappa]/d[betan],d[kappa]/d[betan],0.004868175265240273,0.9999999999997946
165042,18,d[kappa]/d[betan],d[betan]/d[t],-0.003982022942910184,-0.3472023553508545
165042,18,d[kappa]/d[betan],d[li]/d[betan],3.0270118495668235e-06,0.01007362996434901
165042,18,d[betan]/d[t],d[pcdiamag3]/d[kappa],-0.03728161404720895,-0.9656228168574571
165042,18,d[betan]/d[t],d[kappa]/d[t],-0.02759622191788813,-0.9975380391603449
165042,18,d[betan]/d[t],r[q95]/r[kappa],-0.0006183616001824156,-0.26873637511774495
165042,18,d[betan]/d[t],d[pcdiamag3]/d[betan],0.019257355977939778,0.966685918151158
165042,18,d[betan]/d[t],d[kappa]/d[betan],-0.003982022942910184,-0.3472023553508545
165042,18,d[betan]/d[t],d[betan]/d[t],0.02701941769172949,0.999999999999963
165042,18,d[betan]/d[t],d[li]/d[betan],0.00022876265735052514,0.3231484786794948
165042,18,d[li]/d[betan],d[pcdiamag3]/d[kappa],-0.00026610866795742703,-0.2630660489965056
165042,18,d[li]/d[betan],d[kappa]/d[t],-0.00021583179263954,-0.2977749928218654
165042,18,d[li]/d[betan],r[q95]/r[kappa],-8.982251934949414e-06,-0.14899172299566563
165042,18,d[li]/d[betan],d[pcdiamag3]/d[betan],0.0001368146125918859,0.26212846645364113
165042,18,d[li]/d[betan],d[kappa]/d[betan],3.0270118495668235e-06,0.01007362996434901
165042,18,d[li]/d[betan],d[betan]/d[t],0.00022876265735052514,0.3231484786794948
165042,18,d[li]/d[betan],d[li]/d[betan],1.8547699412471926e-05,0.9999999999460849
165043,19,d[pcdiamag3]/d[kappa],d[pcdiamag3]/d[kappa],0.03598311105681837,0.9999999999999722
165043,19,d[pcdiamag3]/d[kappa],d[kappa]/d[t],0.024264935747519863,0.9743115616141467
165043,19,d[pcdiamag3]/d[kappa],r[q95]/r[kappa],0.0001264656271580015,0.05965497834613199
165043,19,d[pcdiamag3]/d[kappa],d[pcdiamag3]/d[betan],-0.017267453496211567,-0.9985604815471466
165043,19,d[pcdiamag3]/d[kappa],d[kappa]/d[betan],0.005934383984831463,0.6371362180700353
165043,19,d[pcdiamag3]/d[kappa],d[betan]/d[t],-0.023681693070525756,-0.9786363461994816
165043,19,d[pcdiamag3]/d[kappa],d[li]/d[betan],0.0004425583631011698,0.32600526082542797
165043,19,d[kappa]/d[t],d[pcdiamag3]/d[kappa],0.024264935747519863,0.9743115616141467
165043,19,d[kappa]/d[t],d[kappa]/d[t],0.01723708685130389,0.999999999999942
165043,19,d[kappa]/d[t],r[q95]/r[kappa],0.00013029264090042063,0.08879969965300971
165043,19,d[kappa]/d[t],d[pcdiamag3]/d[betan],-0.011656549166346423,-0.9739429070914591
165043,19,d[kappa]/d[t],d[kappa]/d[betan],0.00295145644221288,0.45783653624879245
165043,19,d[kappa]/d[t],d[betan]/d[t],-0.016663425673001362,-0.9949249032282919
165043,19,d[kappa]/d[t],d[li]/d[betan],0.00031694529585596983,0.33733063691297
165043,19,r[q95]/r[kappa],d[pcdiamag3]/d[kappa],0.0001264656271580015,0.05965497834613199
165043,19,r[q95]/r[kappa],d[kappa]/d[t],0.00013029264090042063,0.08879969965300971
165043,19,r[q95]/r[kappa],r[q95]/r[kappa],0.00012489725977959547,0.9999999999919935
165043,19,r[q95]/r[kappa],d[pcdiamag3]/d[betan],-5.5368309790288456e-05,-0.05434758435453034
165043,19,r[q95]/r[kappa],d[kappa]/d[betan],3.8484012524472514e-05,0.07013097814041278
165043,19,r[q95]/r[kappa],d[betan]/d[t],-6.907353829406306e-05,-0.04844993469773864
165043,19,r[q95]/r[kappa],d[li]/d[betan],8.773130893327041e-06,0.10969366950210017
165043,19,d[pcdiamag3]/d[betan],d[pcdiamag3]/d[kappa],-0.017267453496211567,-0.9985604815471466
165043,19,d[pcdiamag3]/d[betan],d[kappa]/d[t],-0.011656549166346423,-0.9739429070914591
165043,19,d[pcdiamag3]/d[betan],r[q95]/r[kappa],-5.5368309790288456e-05,-0.05434758435453034
165043,19,d[pcdiamag3]/d[betan],d[pcdiamag3]/d[betan],0.008310155139606026,0.9999999999998798
165043,19,d[pcdiamag3]/d[betan],d[kappa]/d[betan],-0.002815551938830085,-0.6290207634840758
165043,19,d[pcdiamag3]/d[betan],d[betan]/d[t],0.011381948390700627,0.9787459862133048
165043,19,d[pcdiamag3]/d[betan],d[li]/d[betan],-0.00022564441482766614,-0.3458783937496257
165043,19,d[kappa]/d[betan],d[pcdiamag3]/d[kappa],0.005934383984831463,0.6371362180700353
165043,19,d[kappa]/d[betan],d[kappa]/d[t],0.00295145644221288,0.45783653624879245
165043,19,d[kappa]/d[betan],r[q95]/r[kappa],3.8484012524472514e-05,0.07013097814041278
165043,19,d[kappa]/d[betan],d[pcdiamag3]/d[betan],-0.002815551938830085,-0.6290207634840758
165043,19,d[kappa]/d[betan],d[kappa]/d[betan],0.0024109488249626906,0.9999999999995852
165043,19,d[kappa]/d[betan],d[betan]/d[t],-0.002933197278223631,-0.4682795852853729
165043,19,d[kappa]/d[betan],d[li]/d[betan],8.353606888201748e-05,0.23772970359312762
165043,19,d[betan]/d[t],d[pcdiamag3]/d[kappa],-0.023681693070525756,-0.9786363461994816
165043,19,d[betan]/d[t],d[kappa]/d[t],-0.016663425673001362,-0.9949249032282919
165043,19,d[betan]/d[t],r[q95]/r[kappa],-6.907353829406306e-05,-0.04844993469773864
165043,19,d[betan]/d[t],d[pcdiamag3]/d[betan],0.011381948390700627,0.9787459862133048
165043,19,d[betan]/d[t],d[kappa]/d[betan],-0.002933197278223631,-0.4682795852853729
165043,19,d[betan]/d[t],d[betan]/d[t],0.016273617516668896,0.9999999999999386
165043,19,d[betan]/d[t],d[li]/d[betan],-0.0002535692894259549,-0.27775252284275265
165043,19,d[li]/d[betan],d[pcdiamag3]/d[kappa],0.0004425583631011698,0.32600526082542797
165043,19,d[li]/d[betan],d[kappa]/d[t],0.00031694529585596983,0.33733063691297
165043,19,d[li]/d[betan],r[q95]/r[kappa],8.773130893327041e-06,0.10969366950210017
165043,19,d[li]/d[betan],d[pcdiamag3]/d[betan],-0.00022564441482766614,-0.3458783937496257
165043,19,d[li]/d[betan],d[kappa]/d[betan],8.353606888201748e-05,0.23772970359312762
165043,19,d[li]/d[betan],d[betan]/d[t],-0.0002535692894259549,-0.27775252284275265
165043,19,d[li]/d[betan],d[li]/d[betan],5.121452841853414e-05,0.9999999999804743
165860,20,d[pcdiamag3]/d[kappa],d[pcdiamag3]/d[kappa],0.08747319082940697,0.9999999999999886
165860,20,d[pcdiamag3]/d[kappa],d[kappa]/d[t],0.02002454102464525,0.30802956500416667
165860,20,d[pcdiamag3]/d[kappa],r[q95]/r[kappa],0.0011938891920853026,0.19785450600122004
165860,20,d[pcdiamag3]/d[kappa],d[pcdiamag3]/d[betan],-0.07715690085835647,-0.9995647987999212
165860,20,d[pcdiamag3]/d[kappa],d[kappa]/d[betan],0.0738076618580703,0.6140232076865033
165860,20,d[pcdiamag3]/d[kappa],d[betan]/d[t],-0.017192876853108517,-0.25198796173194976
165860,20,d[pcdiamag3]/d[kappa],d[li]/d[betan],0.0006377688127251408,0.12505843999280777
165860,20,d[kappa]/d[t],d[pcdiamag3]/d[kappa],0.02002454102464525,0.30802956500416667
165860,20,d[kappa]/d[t],d[kappa]/d[t],0.04831315143030685,0.9999999999999793
165860,20,d[kappa]/d[t],r[q95]/r[kappa],-0.0009007712556670439,-0.20086360121447225
165860,20,d[kappa]/d[t],d[pcdiamag3]/d[betan],-0.01753533240147637,-0.3056715238148596
165860,20,d[kappa]/d[t],d[kappa]/d[betan],-0.049479434556977314,-0.5538764083647125
165860,20,d[kappa]/d[t],d[betan]/d[t],-0.04998662305226707,-0.9858023297022441
165860,20,d[kappa]/d[t],d[li]/d[betan],0.000463045865694902,0.12217392899351319
165860,20,r[q95]/r[kappa],d[pcdiamag3]/d[kappa],0.0011938891920853026,0.19785450600122004
165860,20,r[q95]/r[kappa],d[kappa]/d[t],-0.0009007712556670439,-0.20086360121447225
165860,20,r[q95]/r[kappa],r[q95]/r[kappa],0.00041625664688755626,0.9999999999975976
165860,20,r[q95]/r[kappa],d[pcdiamag3]/d[betan],-0.001047544836019871,-0.19672778051547318
165860,20,r[q95]/r[kappa],d[kappa]/d[betan],0.003399068205715165,0.40992094706041454
165860,20,r[q95]/r[kappa],d[betan]/d[t],0.0013494655600581357,0.28671468693283136
165860,20,r[q95]/r[kappa],d[li]/d[betan],-0.00010366370446012043,-0.2946682520401761
165860,20,d[pcdiamag3]/d[betan],d[pcdiamag3]/d[kappa],-0.07715690085835647,-0.9995647987999212
165860,20,d[pcdiamag3]/d[betan],d[kappa]/d[t],-0.01753533240147637,-0.3056715238148596
165860,20,d[pcdiamag3]/d[betan],r[q95]/r[kappa],-0.001047544836019871,-0.19672778051547318
165860,20,d[pcdiamag3]/d[betan],d[pcdiamag3]/d[betan],0.06811655487463397,0.9999999999999853
165860,20,d[pcdiamag3]/d[betan],d[kappa]/d[betan],-0.06524138103890571,-0.6150602088139386
165860,20,d[pcdiamag3]/d[betan],d[betan]/d[t],0.01511972668467932,0.25112290632530315
165860,20,d[pcdiamag3]/d[betan],d[li]/d[betan],-0.0005409513105137995,-0.12020403690425871
165860,20,d[kappa]/d[betan],d[pcdiamag3]/d[kappa],0.0738076618580703,0.6140232076865033
165860,20,d[kappa]/d[betan],d[kappa]/d[t],-0.049479434556977314,-0.5538764083647125
165860,20,d[kappa]/d[betan],r[q95]/r[kappa],0.003399068205715165,0.40992094706041454
165860,20,d[kappa]/d[betan],d[pcdiamag3]/d[betan],-0.06524138103890571,-0.6150602088139386
165860,20,d[kappa]/d[betan],d[kappa]/d[betan],0.1651803393818023,0.999999999999994
165860,20,d[kappa]/d[betan],d[betan]/d[t],0.05682040398241753,0.6060296404965113
165860,20,d[kappa]/d[betan],d[li]/d[betan],-0.0001691487274807019,-0.024136637671476592
165860,20,d[betan]/d[t],d[pcdiamag3]/d[kappa],-0.017192876853108517,-0.25198796173194976
165860,20,d[betan]/d[t],d[kappa]/d[t],-0.04998662305226707,-0.9858023297022441
165860,20,d[betan]/d[t],r[q95]/r[kappa],0.0013494655600581357,0.28671468693283136
165860,20,d[betan]/d[t],d[pcdiamag3]/d[betan],0.01511972668467932,0.25112290632530315
165860,20,d[betan]/d[t],d[kappa]/d[betan],0.05682040398241753,0.6060296404965113
165860,20,d[betan]/d[t],d[betan]/d[t],0.053218490104912836,0.9999999999999812
165860,20,d[betan]/d[t],d[li]/d[betan],-0.00032992943259155434,-0.0829424766041004
165860,20,d[li]/d[betan],d[pcdiamag3]/d[kappa],0.0006377688127251408,0.12505843999280777
165860,20,d[li]/d[betan],d[kappa]/d[t],0.000463045865694902,0.12217392899351319
165860,20,d[li]/d[betan],r[q95]/r[kappa],-0.00010366370446012043,-0.2946682520401761
165860,20,d[li]/d[betan],d[pcdiamag3]/d[betan],-0.0005409513105137995,-0.12020403690425871
165860,20,d[li]/d[betan],d[kappa]/d[betan],-0.0001691487274807019,-0.024136637671476592
165860,20,d[li]/d[betan],d[betan]/d[t],-0.00032992943259155434,-0.0829424766041004
165860,20,d[li]/d[betan],d[li]/d[betan],0.00029732099233638,0.9999999999966366
165861,21,d[pcdiamag3]/d[kappa],d[pcdiamag3]/d[kappa],0.05874989783995474,0.999999999999983
165861,21,d[pcdiamag3]/d[kappa],d[kappa]/d[t],0.0293711195684446,0.9250889485431129
165861,21,d[pcdiamag3]/d[kappa],r[q95]/r[kappa],0.0007513240056003325,0.2615006807291882
165861,21,d[pcdiamag3]/d[kappa],d[pcdiamag3]/d[betan],-0.04248948138230577,-0.9997496985403559
165861,21,d[pcdiamag3]/d[kappa],d[kappa]/d[betan],0.027688165262674518,0.8213738111543656
165861,21,d[pcdiamag3]/d[kappa],d[betan]/d[t],-0.028256379808303825,-0.9078451257856572
165861,21,d[pcdiamag3]/d[kappa],d[li]/d[betan],0.00042752804156696,0.40071820190701135
165861,21,d[kappa]/d[t],d[pcdiamag3]/d[kappa],0.0293711195684446,0.9250889485431129
165861,21,d[kappa]/d[t],d[kappa]/d[t],0.017158009395958053,0.9999999999999417
165861,21,d[kappa]/d[t],r[q95]/r[kappa],0.0002520767350712913,0.16234855627133069
165861,21,d[kappa]/d[t],d[pcdiamag3]/d[betan],-0.021243351782952145,-0.9249175067192015
165861,21,d[kappa]/d[t],d[kappa]/d[betan],0.009954873136208395,0.5464526169760978
165861,21,d[kappa]/d[t],d[betan]/d[t],-0.016739641436070225,-0.995202607088184
165861,21,d[kappa]/d[t],d[li]/d[betan],0.0001662990600483363,0.28842597293284084
165861,21,r[q95]/r[kappa],d[pcdiamag3]/d[kappa],0.0007513240056003325,0.2615006807291882
165861,21,r[q95]/r[kappa],d[kappa]/d[t],0.0002520767350712913,0.16234855627133069
165861,21,r[q95]/r[kappa],r[q95]/r[kappa],0.00014050823138171632,0.999999999992883
165861,21,r[q95]/r[kappa],d[pcdiamag3]/d[betan],-0.0005437427897605538,-0.26161102174696127
165861,21,r[q95]/r[kappa],d[kappa]/d[betan],0.0006370398858439356,0.38642567328943234
165861,21,r[q95]/r[kappa],d[betan]/d[t],-0.00016857059052180376,-0.11074642843388618
165861,21,r[q95]/r[kappa],d[li]/d[betan],1.3974572532557607e-05,0.26783397753699983
165861,21,d[pcdiamag3]/d[betan],d[pcdiamag3]/d[kappa],-0.04248948138230577,-0.9997496985403559
165861,21,d[pcdiamag3]/d[betan],d[kappa]/d[t],-0.021243351782952145,-0.9249175067192015
165861,21,d[pcdiamag3]/d[betan],r[q95]/r[kappa],-0.0005437427897605538,-0.26161102174696127
165861,21,d[pcdiamag3]/d[betan],d[pcdiamag3]/d[betan],0.03074490680801233,0.9999999999999675
165861,21,d[pcdiamag3]/d[betan],d[kappa]/d[betan],-0.020026338492588436,-0.8212307318094697
165861,21,d[pcdiamag3]/d[betan],d[betan]/d[t],0.02044137586636831,0.9078672252053817
165861,21,d[pcdiamag3]/d[betan],d[li]/d[betan],-0.00031071663271987546,-0.40258346519142546
165861,21,d[kappa]/d[betan],d[pcdiamag3]/d[kappa],0.027688165262674518,0.8213738111543656
165861,21,d[kappa]/d[betan],d[kappa]/d[t],0.009954873136208395,0.5464526169760978
165861,21,d[kappa]/d[betan],r[q95]/r[kappa],0.0006370398858439356,0.38642567328943234
165861,21,d[kappa]/d[betan],d[pcdiamag3]/d[betan],-0.020026338492588436,-0.8212307318094697
165861,21,d[kappa]/d[betan],d[kappa]/d[betan],0.019341918009466295,0.9999999999999484
165861,21,d[kappa]/d[betan],d[betan]/d[t],-0.009066763027115975,-0.5076931462234497
165861,21,d[kappa]/d[betan],d[li]/d[betan],0.00029225607530425644,0.47741031841294157
165861,21,d[betan]/d[t],d[pcdiamag3]/d[kappa],-0.028256379808303825,-0.9078451257856572
165861,21,d[betan]/d[t],d[kappa]/d[t],-0.016739641436070225,-0.995202607088184
165861,21,d[betan]/d[t],r[q95]/r[kappa],-0.00016857059052180376,-0.11074642843388618
165861,21,d[betan]/d[t],d[pcdiamag3]/d[betan],0.02044137586636831,0.9078672252053817
165861,21,d[betan]/d[t],d[kappa]/d[betan],-0.009066763027115975,-0.5076931462234497
165861,21,d[betan]/d[t],d[betan]/d[t],0.016489306508253355,0.9999999999999394
165861,21,d[betan]/d[t],d[li]/d[betan],-0.00012879272614057768,-0.22786003667551954
165861,21,d[li]/d[betan],d[pcdiamag3]/d[kappa],0.00042752804156696,0.40071820190701135
165861,21,d[li]/d[betan],d[kappa]/d[t],0.0001662990600483363,0.28842597293284084
165861,21,d[li]/d[betan],r[q95]/r[kappa],1.3974572532557607e-05,0.26783397753699983
165861,21,d[li]/d[betan],d[pcdiamag3]/d[betan],-0.00031071663271987546,-0.40258346519142546
165861,21,d[li]/d[betan],d[kappa]/d[betan],0.00029225607530425644,0.47741031841294157
165861,21,d[li]/d[betan],d[betan]/d[t],-0.00012879272614057768,-0.22786003667551954
165861,21,d[li]/d[betan],d[li]/d[betan],1.9375100109210384e-05,0.9999999999483874
165955,22,d[pcdiamag3]/d[kappa],d[pcdiamag3]/d[kappa],0.013378552517096073,0.9999999999999253
165955,22,d[pcdiamag3]/d[kappa],d[kappa]/d[t],0.009406512709218265,0.9445990369924344
165955,22,d[pcdiamag3]/d[kappa],r[q95]/r[kappa],0.0006591804201898634,0.555795958741404
165955,22,d[pcdiamag3]/d[kappa],d[pcdiamag3]/d[betan],-0.007482447179106349,-0.9981600259016381
165955,22,d[pcdiamag3]/d[kappa],d[kappa]/d[betan],0.0012253905693304892,0.2444832892001592
165955,22,d[pcdiamag3]/d[kappa],d[betan]/d[t],-0.008990392088040745,-0.9250095205048132
165955,22,d[pcdiamag3]/d[kappa],d[li]/d[betan],0.00011555495753474382,0.24344113603458117
165955,22,d[kappa]/d[t],d[pcdiamag3]/d[kappa],0.009406512709218265,0.9445990369924344
165955,22,d[kappa]/d[t],d[kappa]/d[t],0.007412303074573404,0.9999999999998651
165955,22,d[kappa]/d[t],r[q95]/r[kappa],0.00046027611605684845,0.5213837665305656
165955,22,d[kappa]/d[t],d[pcdiamag3]/d[betan],-0.00528680745391276,-0.9474973128245313
165955,22,d[kappa]/d[t],d[kappa]/d[betan],-0.0003052523428796349,-0.08182040629498154
165955,22,d[kappa]/d[t],d[betan]/d[t],-0.007201857953319342,-0.9954973334085038
165955,22,d[kappa]/d[t],d[li]/d[betan],8.020327809922462e-05,0.22699980424778257
165955,22,r[q95]/r[kappa],d[pcdiamag3]/d[kappa],0.0006591804201898634,0.555795958741404
165955,22,r[q95]/r[kappa],d[kappa]/d[t],0.00046027611605684845,0.5213837665305656
165955,22,r[q95]/r[kappa],r[q95]/r[kappa],0.00010514017626031045,0.9999999999904888
165955,22,r[q95]/r[kappa],d[pcdiamag3]/d[betan],-0.00036523860660068563,-0.5496084540829188
165955,22,r[q95]/r[kappa],d[kappa]/d[betan],9.489807920459399e-05,0.21357591802435957
165955,22,r[q95]/r[kappa],d[betan]/d[t],-0.00042318047104003174,-0.491149155085254
165955,22,r[q95]/r[kappa],d[li]/d[betan],-4.543665903388768e-06,-0.1079771815856733
165955,22,d[pcdiamag3]/d[betan],d[pcdiamag3]/d[kappa],-0.007482447179106349,-0.9981600259016381
165955,22,d[pcdiamag3]/d[betan],d[kappa]/d[t],-0.00528680745391276,-0.9474973128245313
165955,22,d[pcdiamag3]/d[betan],r[q95]/r[kappa],-0.00036523860660068563,-0.5496084540829188
165955,22,d[pcdiamag3]/d[betan],d[pcdiamag3]/d[betan],0.0042002761558275585,0.9999999999997619
165955,22,d[pcdiamag3]/d[betan],d[kappa]/d[betan],-0.0006517066712866096,-0.23205581424819294
165955,22,d[pcdiamag3]/d[betan],d[betan]/d[t],0.005051952309997168,0.9276677392386061
165955,22,d[pcdiamag3]/d[betan],d[li]/d[betan],-7.045764130538656e-05,-0.26491047140126156
165955,22,d[kappa]/d[betan],d[pcdiamag3]/d[kappa],0.0012253905693304892,0.2444832892001592
165955,22,d[kappa]/d[betan],d[kappa]/d[t],-0.0003052523428796349,-0.08182040629498154
165955,22,d[kappa]/d[betan],r[q95]/r[kappa],9.489807920459399e-05,0.21357591802435957
165955,22,d[kappa]/d[betan],d[pcdiamag3]/d[betan],-0.0006517066712866096,-0.23205581424819294
165955,22,d[kappa]/d[betan],d[kappa]/d[betan],0.0018777664701662296,0.9999999999994674
165955,22,d[kappa]/d[betan],d[betan]/d[t],0.0004998430582256625,0.13727296337180306
165955,22,d[kappa]/d[betan],d[li]/d[betan],6.611355139867344e-06,0.03717745394357888
165955,22,d[betan]/d[t],d[pcdiamag3]/d[kappa],-0.008990392088040745,-0.9250095205048132
165955,22,d[betan]/d[t],d[kappa]/d[t],-0.007201857953319342,-0.9954973334085038
165955,22,d[betan]/d[t],r[q95]/r[kappa],-0.00042318047104003174,-0.491149155085254
165955,22,d[betan]/d[t],d[pcdiamag3]/d[betan],0.005051952309997168,0.9276677392386061
165955,22,d[betan]/d[t],d[kappa]/d[betan],0.0004998430582256625,0.13727296337180306
165955,22,d[betan]/d[t],d[betan]/d[t],0.007060829620314413,0.9999999999998583
165955,22,d[betan]/d[t],d[li]/d[betan],-6.415008864642023e-05,-0.18602843927204057
165955,22,d[li]/d[betan],d[pcdiamag3]/d[kappa],0.00011555495753474382,0.24344113603458117
165955,22,d[li]/d[betan],d[kappa]/d[t],8.020327809922462e-05,0.22699980424778257
165955,22,d[li]/d[betan],r[q95]/r[kappa],-4.543665903388768e-06,-0.1079771815856733
165955,22,d[li]/d[betan],d[pcdiamag3]/d[betan],-7.045764130538656e-05,-0.26491047140126156
165955,22,d[li]/d[betan],d[kappa]/d[betan],6.611355139867344e-06,0.03717745394357888
165955,22,d[li]/d[betan],d[betan]/d[t],-6.415008864642023e-05,-0.18602843927204057
165955,22,d[li]/d[betan],d[li]/d[betan],1.684147421742949e-05,0.9999999999406227
165965,23,d[pcdiamag3]/d[kappa],d[pcdiamag3]/d[kappa],0.035147111845809965,0.9999999999999716
165965,23,d[pcdiamag3]/d[kappa],d[kappa]/d[t],0.021728034189228716,0.9512887492576013
165965,23,d[pcdiamag3]/d[kappa],r[q95]/r[kappa],0.0007187382582072851,0.3030759066786305
165965,23,d[pcdiamag3]/d[kappa],d[pcdiamag3]/d[betan],-0.021850953321772,-0.9993110098068498
165965,23,d[pcdiamag3]/d[kappa],d[kappa]/d[betan],0.006775931285496285,0.5511008877201972
165965,23,d[pcdiamag3]/d[kappa],d[betan]/d[t],-0.0211961545929651,-0.9452746905191138
165965,23,d[pcdiamag3]/d[kappa],d[li]/d[betan],0.00023525212628770325,0.3325579775573531
165965,23,d[kappa]/d[t],d[pcdiamag3]/d[kappa],0.021728034189228716,0.9512887492576013
165965,23,d[kappa]/d[t],d[kappa]/d[t],0.01484316474159965,0.9999999999999327
165965,23,d[kappa]/d[t],r[q95]/r[kappa],0.0003914858898415784,0.2540260947728803
165965,23,d[kappa]/d[t],d[pcdiamag3]/d[betan],-0.013564110610066528,-0.9545598720283002
165965,23,d[kappa]/d[t],d[kappa]/d[betan],0.00216394114397092,0.2708252356616615
165965,23,d[kappa]/d[t],d[betan]/d[t],-0.014538963393584493,-0.9977367350671614
165965,23,d[kappa]/d[t],d[li]/d[betan],0.00016125725075821334,0.35077984524568706
165965,23,r[q95]/r[kappa],d[pcdiamag3]/d[kappa],0.0007187382582072851,0.3030759066786305
165965,23,r[q95]/r[kappa],d[kappa]/d[t],0.0003914858898415784,0.2540260947728803
165965,23,r[q95]/r[kappa],r[q95]/r[kappa],0.00016001071141523058,0.9999999999937506
165965,23,r[q95]/r[kappa],d[pcdiamag3]/d[betan],-0.00044065146403927,-0.2986728829229908
165965,23,r[q95]/r[kappa],d[kappa]/d[betan],0.0002680318593111815,0.32308651373738806
165965,23,r[q95]/r[kappa],d[betan]/d[t],-0.0003497377159000547,-0.23116054760033336
165965,23,r[q95]/r[kappa],d[li]/d[betan],-4.751739582509259e-06,-0.0995535469304682
165965,23,d[pcdiamag3]/d[betan],d[pcdiamag3]/d[kappa],-0.021850953321772,-0.9993110098068498
165965,23,d[pcdiamag3]/d[betan],d[kappa]/d[t],-0.013564110610066528,-0.9545598720283002
165965,23,d[pcdiamag3]/d[betan],r[q95]/r[kappa],-0.00044065146403927,-0.2986728829229908
165965,23,d[pcdiamag3]/d[betan],d[pcdiamag3]/d[betan],0.013603472740789603,0.9999999999999265
165965,23,d[pcdiamag3]/d[betan],d[kappa]/d[betan],-0.004130732636526445,-0.5400191112532435
165965,23,d[pcdiamag3]/d[betan],d[betan]/d[t],0.01323638869819763,0.9488343309357802
165965,23,d[pcdiamag3]/d[betan],d[li]/d[betan],-0.00015203810083773918,-0.3454666871414696
165965,23,d[kappa]/d[betan],d[pcdiamag3]/d[kappa],0.006775931285496285,0.5511008877201972
165965,23,d[kappa]/d[betan],d[kappa]/d[t],0.00216394114397092,0.2708252356616615
165965,23,d[kappa]/d[betan],r[q95]/r[kappa],0.0002680318593111815,0.32308651373738806
165965,23,d[kappa]/d[betan],d[pcdiamag3]/d[betan],-0.004130732636526445,-0.5400191112532435
165965,23,d[kappa]/d[betan],d[kappa]/d[betan],0.004301165184326207,0.9999999999997675
165965,23,d[kappa]/d[betan],d[betan]/d[t],-0.0019593948788751018,-0.24978978893091655
165965,23,d[kappa]/d[betan],d[li]/d[betan],2.8641501920925214e-05,0.11573943602455848
165965,23,d[betan]/d[t],d[pcdiamag3]/d[kappa],-0.0211961545929651,-0.9452746905191138
165965,23,d[betan]/d[t],d[kappa]/d[t],-0.014538963393584493,-0.9977367350671614
165965,23,d[betan]/d[t],r[q95]/r[kappa],-0.0003497377159000547,-0.23116054760033336
165965,23,d[betan]/d[t],d[pcdiamag3]/d[betan],0.01323638869819763,0.9488343309357802
165965,23,d[betan]/d[t],d[kappa]/d[betan],-0.0019593948788751018,-0.24978978893091655
165965,23,d[betan]/d[t],d[betan]/d[t],0.01430567826227558,0.9999999999999302
165965,23,d[betan]/d[t],d[li]/d[betan],-0.00014586441976060553,-0.3232018043618818
165965,23,d[li]/d[betan],d[pcdiamag3]/d[kappa],0.00023525212628770325,0.3325579775573531
165965,23,d[li]/d[betan],d[kappa]/d[t],0.00016125725075821334,0.35077984524568706
165965,23,d[li]/d[betan],r[q95]/r[kappa],-4.751739582509259e-06,-0.0995535469304682
165965,23,d[li]/d[betan],d[pcdiamag3]/d[betan],-0.00015203810083773918,-0.3454666871414696
165965,23,d[li]/d[betan],d[kappa]/d[betan],2.8641501920925214e-05,0.11573943602455848
165965,23,d[li]/d[betan],d[betan]/d[t],-0.00014586441976060553,-0.3232018043618818
165965,23,d[li]/d[betan],d[li]/d[betan],1.4237794841462338e-05,0.9999999999297644
170394,24,d[pcdiamag3]/d[kappa],d[pcdiamag3]/d[kappa],0.2149632992304744,0.9999999999999953
170394,24,d[pcdiamag3]/d[kappa],d[kappa]/d[t],-0.06981445943004755,-0.6686475719152073
170394,24,d[pcdiamag3]/d[kappa],r[q95]/r[kappa],0.003952684897238806,0.17017847639049377
170394,24,d[pcdiamag3]/d[kappa],d[pcdiamag3]/d[betan],-0.3261700239747522,-0.9940384318211282
170394,24,d[pcdiamag3]/d[kappa],d[kappa]/d[betan],0.3532302575087599,0.9385177310908536
170394,24,d[pcdiamag3]/d[kappa],d[betan]/d[t],0.09068071677094339,0.8242987442872054
170394,24,d[pcdiamag3]/d[kappa],d[li]/d[betan],0.006059172179456966,0.205213781759057
170394,24,d[kappa]/d[t],d[pcdiamag3]/d[kappa],-0.06981445943004755,-0.6686475719152073
170394,24,d[kappa]/d[t],d[kappa]/d[t],0.050714470629591925,0.9999999999999803
170394,24,d[kappa]/d[t],r[q95]/r[kappa],-0.000612168794256857,-0.054262504555145495
170394,24,d[kappa]/d[t],d[pcdiamag3]/d[betan],0.11444906097595187,0.7181043788348404
170394,24,d[kappa]/d[t],d[kappa]/d[betan],-0.16096687944364832,-0.8805161379455854
170394,24,d[kappa]/d[t],d[betan]/d[t],-0.04947009448478791,-0.9258244482563561
170394,24,d[kappa]/d[t],d[li]/d[betan],0.0048765978818344595,0.3400371652255574
170394,24,r[q95]/r[kappa],d[pcdiamag3]/d[kappa],0.003952684897238806,0.17017847639049377
170394,24,r[q95]/r[kappa],d[kappa]/d[t],-0.000612168794256857,-0.054262504555145495
170394,24,r[q95]/r[kappa],r[q95]/r[kappa],0.00250963641585931,0.9999999999996015
170394,24,r[q95]/r[kappa],d[pcdiamag3]/d[betan],-0.005471595431137762,-0.15432982508571222
170394,24,r[q95]/r[kappa],d[kappa]/d[betan],0.005949628000595418,0.1463022995068625
170394,24,r[q95]/r[kappa],d[betan]/d[t],0.0022198840654013966,0.18675693744364705
170394,24,r[q95]/r[kappa],d[li]/d[betan],0.0010076970164275085,0.3158638746589208
170394,24,d[pcdiamag3]/d[betan],d[pcdiamag3]/d[kappa],-0.3261700239747522,-0.9940384318211282
170394,24,d[pcdiamag3]/d[betan],d[kappa]/d[t],0.11444906097595187,0.7181043788348404
170394,24,d[pcdiamag3]/d[betan],r[q95]/r[kappa],-0.005471595431137762,-0.15432982508571222
170394,24,d[pcdiamag3]/d[betan],d[pcdiamag3]/d[betan],0.500861236127217,0.999999999999998
170394,24,d[pcdiamag3]/d[betan],d[kappa]/d[betan],-0.5512786122466454,-0.9595755568558777
170394,24,d[pcdiamag3]/d[betan],d[betan]/d[t],-0.14138473762611994,-0.8419681691671871
170394,24,d[pcdiamag3]/d[betan],d[li]/d[betan],-0.005132374188989926,-0.11387673091460333
170394,24,d[kappa]/d[betan],d[pcdiamag3]/d[kappa],0.3532302575087599,0.9385177310908536
170394,24,d[kappa]/d[betan],d[kappa]/d[t],-0.16096687944364832,-0.8805161379455854
170394,24,d[kappa]/d[betan],r[q95]/r[kappa],0.005949628000595418,0.1463022995068625
170394,24,d[kappa]/d[betan],d[pcdiamag3]/d[betan],-0.5512786122466454,-0.9595755568558777
170394,24,d[kappa]/d[betan],d[kappa]/d[betan],0.6589713190551139,0.9999999999999984
170394,24,d[kappa]/d[betan],d[betan]/d[t],0.18299882495753125,0.9500947059495024
170394,24,d[kappa]/d[betan],d[li]/d[betan],-0.0013158806779059533,-0.02545415257635332
170394,24,d[betan]/d[t],d[pcdiamag3]/d[kappa],0.09068071677094339,0.8242987442872054
170394,24,d[betan]/d[t],d[kappa]/d[t],-0.04947009448478791,-0.9258244482563561
170394,24,d[betan]/d[t],r[q95]/r[kappa],0.0022198840654013966,0.18675693744364705
170394,24,d[betan]/d[t],d[pcdiamag3]/d[betan],-0.14138473762611994,-0.8419681691671871
170394,24,d[betan]/d[t],d[kappa]/d[betan],0.18299882495753125,0.9500947059495024
170394,24,d[betan]/d[t],d[betan]/d[t],0.0562984312016435,0.9999999999999822
170394,24,d[betan]/d[t],d[li]/d[betan],0.0002156063510867728,0.014268844091673604
170394,24,d[li]/d[betan],d[pcdiamag3]/d[kappa],0.006059172179456966,0.205213781759057
170394,24,d[li]/d[betan],d[kappa]/d[t],0.0048765978818344595,0.3400371652255574
170394,24,d[li]/d[betan],r[q95]/r[kappa],0.0010076970164275085,0.3158638746589208
170394,24,d[li]/d[betan],d[pcdiamag3]/d[betan],-0.005132374188989926,-0.11387673091460333
170394,24,d[li]/d[betan],d[kappa]/d[betan],-0.0013158806779059533,-0.02545415257635332
170394,24,d[li]/d[betan],d[betan]/d[t],0.0002156063510867728,0.014268844091673604
170394,24,d[li]/d[betan],d[li]/d[betan],0.004055544964848952,0.9999999999997534
170396,25,d[pcdiamag3]/d[kappa],d[pcdiamag3]/d[kappa],0.06682346988517547,0.999999999999985
170396,25,d[pcdiamag3]/d[kappa],d[kappa]/d[t],-0.015326722746202621,-0.5583392411464669
170396,25,d[pcdiamag3]/d[kappa],r[q95]/r[kappa],0.0016747651102181965,0.1341747052067278
170396,25,d[pcdiamag3]/d[kappa],d[pcdiamag3]/d[betan],-0.08899827551503248,-0.991902307712878
170396,25,d[pcdiamag3]/d[kappa],d[kappa]/d[betan],0.09460022859749508,0.9300364903594562
170396,25,d[pcdiamag3]/d[kappa],d[betan]/d[t],0.017723038757256133,0.5924942266469967
170396,25,d[pcdiamag3]/d[kappa],d[li]/d[betan],-0.001387239579697678,-0.29260039207031335
170396,25,d[kappa]/d[t],d[pcdiamag3]/d[kappa],-0.015326722746202621,-0.5583392411464669
170396,25,d[kappa]/d[t],d[kappa]/d[t],0.011276472768941994,0.9999999999999114
170396,25,d[kappa]/d[t],r[q95]/r[kappa],-0.0005988299908229332,-0.116787983948198
170396,25,d[kappa]/d[t],d[pcdiamag3]/d[betan],0.022148708549069446,0.6009157559174149
170396,25,d[kappa]/d[t],d[kappa]/d[betan],-0.03381144024402647,-0.8091878386331345
170396,25,d[kappa]/d[t],d[betan]/d[t],-0.010987078494172606,-0.8941410560037901
170396,25,d[kappa]/d[t],d[li]/d[betan],3.054325861466874e-05,0.015682549813383146
170396,25,r[q95]/r[kappa],d[pcdiamag3]/d[kappa],0.0016747651102181965,0.1341747052067278
170396,25,r[q95]/r[kappa],d[kappa]/d[t],-0.0005988299908229332,-0.116787983948198
170396,25,r[q95]/r[kappa],r[q95]/r[kappa],0.0023315110974817107,0.999999999999571
170396,25,r[q95]/r[kappa],d[pcdiamag3]/d[betan],-0.002602225119623506,-0.15526656390564245
170396,25,r[q95]/r[kappa],d[kappa]/d[betan],0.0036929191211016277,0.1943673739607156
170396,25,r[q95]/r[kappa],d[betan]/d[t],0.0013618053359097002,0.24372873548079976
170396,25,r[q95]/r[kappa],d[li]/d[betan],0.000177536916336552,0.2004739155296178
170396,25,d[pcdiamag3]/d[betan],d[pcdiamag3]/d[kappa],-0.08899827551503248,-0.991902307712878
170396,25,d[pcdiamag3]/d[betan],d[kappa]/d[t],0.022148708549069446,0.6009157559174149
170396,25,d[pcdiamag3]/d[betan],r[q95]/r[kappa],-0.002602225119623506,-0.15526656390564245
170396,25,d[pcdiamag3]/d[betan],d[pcdiamag3]/d[betan],0.12047484013211597,0.9999999999999917
170396,25,d[pcdiamag3]/d[betan],d[kappa]/d[betan],-0.1293664508296119,-0.9472089618848698
170396,25,d[pcdiamag3]/d[betan],d[betan]/d[t],-0.0246208285350673,-0.6130062910187336
170396,25,d[pcdiamag3]/d[betan],d[li]/d[betan],0.0016086978672049867,0.2527052419350704
170396,25,d[kappa]/d[betan],d[pcdiamag3]/d[kappa],0.09460022859749508,0.9300364903594562
170396,25,d[kappa]/d[betan],d[kappa]/d[t],-0.03381144024402647,-0.8091878386331345
170396,25,d[kappa]/d[betan],r[q95]/r[kappa],0.0036929191211016277,0.1943673739607156
170396,25,d[kappa]/d[betan],d[pcdiamag3]/d[betan],-0.1293664508296119,-0.9472089618848698
170396,25,d[kappa]/d[betan],d[kappa]/d[betan],0.15483009183051893,0.9999999999999936
170396,25,d[kappa]/d[betan],d[betan]/d[t],0.03760792097769321,0.8259658416696722
170396,25,d[kappa]/d[betan],d[li]/d[betan],-0.000950888827195381,-0.1317619467653485
170396,25,d[betan]/d[t],d[pcdiamag3]/d[kappa],0.017723038757256133,0.5924942266469967
170396,25,d[betan]/d[t],d[kappa]/d[t],-0.010987078494172606,-0.8941410560037901
170396,25,d[betan]/d[t],r[q95]/r[kappa],0.0013618053359097002,0.24372873548079976
170396,25,d[betan]/d[t],d[pcdiamag3]/d[betan],-0.0246208285350673,-0.6130062910187336
170396,25,d[betan]/d[t],d[kappa]/d[betan],0.03760792097769321,0.8259658416696722
170396,25,d[betan]/d[t],d[betan]/d[t],0.01338995463256296,0.9999999999999254
170396,25,d[betan]/d[t],d[li]/d[betan],0.000480943373481349,0.22661692203536848
170396,25,d[li]/d[betan],d[pcdiamag3]/d[kappa],-0.001387239579697678,-0.29260039207031335
170396,25,d[li]/d[betan],d[kappa]/d[t],3.054325861466874e-05,0.015682549813383146
170396,25,d[li]/d[betan],r[q95]/r[kappa],0.000177536916336552,0.2004739155296178
170396,25,d[li]/d[betan],d[pcdiamag3]/d[betan],0.0016086978672049867,0.2527052419350704
170396,25,d[li]/d[betan],d[kappa]/d[betan],-0.000950888827195381,-0.1317619467653485
170396,25,d[li]/d[betan],d[betan]/d[t],0.000480943373481349,0.22661692203536848
170396,25,d[li]/d[betan],d[li]/d[betan],0.00033637531075327563,0.999999999997027
170411,26,d[pcdiamag3]/d[kappa],d[pcdiamag3]/d[kappa],0.13535393040063598,0.9999999999999927
170411,26,d[pcdiamag3]/d[kappa],d[kappa]/d[t],-0.0685097735026933,-0.8663161296137132
170411,26,d[pcdiamag3]/d[kappa],r[q95]/r[kappa],0.0008970194751959912,0.09888405133326163
170411,26,d[pcdiamag3]/d[kappa],d[pcdiamag3]/d[betan],-0.207242417994767,-0.9993539882513123
170411,26,d[pcdiamag3]/d[kappa],d[kappa]/d[betan],0.2603032959399266,0.9759842062231511
170411,26,d[pcdiamag3]/d[kappa],d[betan]/d[t],0.06654914188831394,0.862584906331629
170411,26,d[pcdiamag3]/d[kappa],d[li]/d[betan],-0.00045557395861039486,-0.07760518469852255
170411,26,d[kappa]/d[t],d[pcdiamag3]/d[kappa],-0.0685097735026933,-0.8663161296137132
170411,26,d[kappa]/d[t],d[kappa]/d[t],0.046204193209105036,0.9999999999999784
170411,26,d[kappa]/d[t],r[q95]/r[kappa],-0.0012792035362032622,-0.24135637287452513
170411,26,d[kappa]/d[t],d[pcdiamag3]/d[betan],0.1045706074140213,0.8630681101012303
170411,26,d[kappa]/d[t],d[kappa]/d[betan],-0.1484355790110815,-0.9525677490262816
170411,26,d[kappa]/d[t],d[betan]/d[t],-0.04454061446133731,-0.9881214766848111
170411,26,d[kappa]/d[t],d[li]/d[betan],0.0008472652772466381,0.2470278930712986
170411,26,r[q95]/r[kappa],d[pcdiamag3]/d[kappa],0.0008970194751959912,0.09888405133326163
170411,26,r[q95]/r[kappa],d[kappa]/d[t],-0.0012792035362032622,-0.24135637287452513
170411,26,r[q95]/r[kappa],r[q95]/r[kappa],0.0006079675087424193,0.9999999999983552
170411,26,r[q95]/r[kappa],d[pcdiamag3]/d[betan],-0.001287395755430251,-0.09262922335356208
170411,26,r[q95]/r[kappa],d[kappa]/d[betan],0.003105422831830889,0.1737317182477142
170411,26,r[q95]/r[kappa],d[betan]/d[t],0.0012737938580856419,0.24635069720001201
170411,26,r[q95]/r[kappa],d[li]/d[betan],-0.00023402097478094106,-0.5948149566618249
170411,26,d[pcdiamag3]/d[betan],d[pcdiamag3]/d[kappa],-0.207242417994767,-0.9993539882513123
170411,26,d[pcdiamag3]/d[betan],d[kappa]/d[t],0.1045706074140213,0.8630681101012303
170411,26,d[pcdiamag3]/d[betan],r[q95]/r[kappa],-0.001287395755430251,-0.09262922335356208
170411,26,d[pcdiamag3]/d[betan],d[pcdiamag3]/d[betan],0.31772232374322606,0.9999999999999969
170411,26,d[pcdiamag3]/d[betan],d[kappa]/d[betan],-0.39797172843759826,-0.973928140557386
170411,26,d[pcdiamag3]/d[betan],d[betan]/d[t],-0.10113932676052423,-0.8556398907299313
170411,26,d[pcdiamag3]/d[betan],d[li]/d[betan],0.0007196476017199572,0.08001350565989036
170411,26,d[kappa]/d[betan],d[pcdiamag3]/d[kappa],0.2603032959399266,0.9759842062231511
170411,26,d[kappa]/d[betan],d[kappa]/d[t],-0.1484355790110815,-0.9525677490262816
170411,26,d[kappa]/d[betan],r[q95]/r[kappa],0.003105422831830889,0.1737317182477142
170411,26,d[kappa]/d[betan],d[pcdiamag3]/d[betan],-0.39797172843759826,-0.973928140557386
170411,26,d[kappa]/d[betan],d[kappa]/d[betan],0.525536498794061,0.9999999999999981
170411,26,d[kappa]/d[betan],d[betan]/d[t],0.1443575181281527,0.9495827035145763
170411,26,d[kappa]/d[betan],d[li]/d[betan],-0.0017456995535692565,-0.15091601903596016
170411,26,d[betan]/d[t],d[pcdiamag3]/d[kappa],0.06654914188831394,0.862584906331629
170411,26,d[betan]/d[t],d[kappa]/d[t],-0.04454061446133731,-0.9881214766848111
170411,26,d[betan]/d[t],r[q95]/r[kappa],0.0012737938580856419,0.24635069720001201
170411,26,d[betan]/d[t],d[pcdiamag3]/d[betan],-0.10113932676052423,-0.8556398907299313
170411,26,d[betan]/d[t],d[kappa]/d[betan],0.1443575181281527,0.9495827035145763
170411,26,d[betan]/d[t],d[betan]/d[t],0.04397545477317349,0.9999999999999772
170411,26,d[betan]/d[t],d[li]/d[betan],-0.0006282230389782465,-0.18774828173628874
170411,26,d[li]/d[betan],d[pcdiamag3]/d[kappa],-0.00045557395861039486,-0.07760518469852255
170411,26,d[li]/d[betan],d[kappa]/d[t],0.0008472652772466381,0.2470278930712986
170411,26,d[li]/d[betan],r[q95]/r[kappa],-0.00023402097478094106,-0.5948149566618249
170411,26,d[li]/d[betan],d[pcdiamag3]/d[betan],0.0007196476017199572,0.08001350565989036
170411,26,d[li]/d[betan],d[kappa]/d[betan],-0.0017456995535692565,-0.15091601903596016
170411,26,d[li]/d[betan],d[betan]/d[t],-0.0006282230389782465,-0.18774828173628874
170411,26,d[li]/d[betan],d[li]/d[betan],0.0002546041258878971,0.9999999999960723
186997,27,d[pcdiamag3]/d[kappa],d[pcdiamag3]/d[kappa],0.08786193044941229,0.9999999999999887
186997,27,d[pcdiamag3]/d[kappa],d[kappa]/d[t],-0.04731581215260418,-0.7102043009072803
186997,27,d[pcdiamag3]/d[kappa],r[q95]/r[kappa],0.0002673796946280004,0.04712808713824007
186997,27,d[pcdiamag3]/d[kappa],d[pcdiamag3]/d[betan],-0.14362830246442523,-0.9997817258769318
186997,27,d[pcdiamag3]/d[kappa],d[kappa]/d[betan],0.1797515177413268,0.9277473290916946
186997,27,d[pcdiamag3]/d[kappa],d[betan]/d[t],0.047213710551894765,0.6884406849005951
186997,27,d[pcdiamag3]/d[kappa],d[li]/d[betan],0.00016707596756395667,0.07071396766365799
186997,27,d[kappa]/d[t],d[pcdiamag3]/d[kappa],-0.04731581215260418,-0.7102043009072803
186997,27,d[kappa]/d[t],d[kappa]/d[t],0.05051789673066257,0.9999999999999802
186997,27,d[kappa]/d[t],r[q95]/r[kappa],-0.0007813442017273718,-0.1816232837999567
186997,27,d[kappa]/d[t],d[pcdiamag3]/d[betan],0.07632746867472873,0.7006865266697851
186997,27,d[kappa]/d[t],d[kappa]/d[betan],-0.13519533450255772,-0.9202304324404258
186997,27,d[kappa]/d[t],d[betan]/d[t],-0.05176678051598108,-0.995467970604773
186997,27,d[kappa]/d[t],d[li]/d[betan],-0.000542137998979323,-0.3026068880328981
186997,27,r[q95]/r[kappa],d[pcdiamag3]/d[kappa],0.0002673796946280004,0.04712808713824007
186997,27,r[q95]/r[kappa],d[kappa]/d[t],-0.0007813442017273718,-0.1816232837999567
186997,27,r[q95]/r[kappa],r[q95]/r[kappa],0.0003663502391326222,0.9999999999972703
186997,27,r[q95]/r[kappa],d[pcdiamag3]/d[betan],-0.00040180357011246093,-0.043314278927909115
186997,27,r[q95]/r[kappa],d[kappa]/d[betan],0.001560973964159981,0.12476849512934891
186997,27,r[q95]/r[kappa],d[betan]/d[t],0.0008489865474361045,0.19171289895486107
186997,27,r[q95]/r[kappa],d[li]/d[betan],2.8898662922441066e-05,0.18941793641978905
186997,27,d[pcdiamag3]/d[betan],d[pcdiamag3]/d[kappa],-0.14362830246442523,-0.9997817258769318
186997,27,d[pcdiamag3]/d[betan],d[kappa]/d[t],0.07632746867472873,0.7006865266697851
186997,27,d[pcdiamag3]/d[betan],r[q95]/r[kappa],-0.00040180357011246093,-0.043314278927909115
186997,27,d[pcdiamag3]/d[betan],d[pcdiamag3]/d[betan],0.23489237836430904,0.9999999999999958
186997,27,d[pcdiamag3]/d[betan],d[kappa]/d[betan],-0.29227922957585134,-0.9226160565131245
186997,27,d[pcdiamag3]/d[betan],d[betan]/d[t],-0.07605048707294114,-0.6782133005565258
186997,27,d[pcdiamag3]/d[betan],d[li]/d[betan],-0.00023326869624910916,-0.06038284768221123
186997,27,d[kappa]/d[betan],d[pcdiamag3]/d[kappa],0.1797515177413268,0.9277473290916946
186997,27,d[kappa]/d[betan],d[kappa]/d[t],-0.13519533450255772,-0.9202304324404258
186997,27,d[kappa]/d[betan],r[q95]/r[kappa],0.001560973964159981,0.12476849512934891
186997,27,d[kappa]/d[betan],d[pcdiamag3]/d[betan],-0.29227922957585134,-0.9226160565131245
186997,27,d[kappa]/d[betan],d[kappa]/d[betan],0.42725284724871687,0.9999999999999977
186997,27,d[kappa]/d[betan],d[betan]/d[t],0.13745091876685642,0.9088745229201944
186997,27,d[kappa]/d[betan],d[li]/d[betan],0.0010771041266742485,0.20673156782130392
186997,27,d[betan]/d[t],d[pcdiamag3]/d[kappa],0.047213710551894765,0.6884406849005951
186997,27,d[betan]/d[t],d[kappa]/d[t],-0.05176678051598108,-0.995467970604773
186997,27,d[betan]/d[t],r[q95]/r[kappa],0.0008489865474361045,0.19171289895486107
186997,27,d[betan]/d[t],d[pcdiamag3]/d[betan],-0.07605048707294114,-0.6782133005565258
186997,27,d[betan]/d[t],d[kappa]/d[betan],0.13745091876685642,0.9088745229201944
186997,27,d[betan]/d[t],d[betan]/d[t],0.05353064414443783,0.9999999999999813
186997,27,d[betan]/d[t],d[li]/d[betan],0.0006489536137943567,0.3518876393674763
186997,27,d[li]/d[betan],d[pcdiamag3]/d[kappa],0.00016707596756395667,0.07071396766365799
186997,27,d[li]/d[betan],d[kappa]/d[t],-0.000542137998979323,-0.3026068880328981
186997,27,d[li]/d[betan],r[q95]/r[kappa],2.8898662922441066e-05,0.18941793641978905
186997,27,d[li]/d[betan],d[pcdiamag3]/d[betan],-0.00023326869624910916,-0.06038284768221123
186997,27,d[li]/d[betan],d[kappa]/d[betan],0.0010771041266742485,0.20673156782130392
186997,27,d[li]/d[betan],d[betan]/d[t],0.0006489536137943567,0.3518876393674763
186997,27,d[li]/d[betan],d[li]/d[betan],6.353555346559598e-05,0.9999999999842608
187017,28,d[pcdiamag3]/d[kappa],d[pcdiamag3]/d[kappa],0.09064027991515032,0.999999999999989
187017,28,d[pcdiamag3]/d[kappa],d[kappa]/d[t],-0.01687794438646748,-0.6969575640563263
187017,28,d[pcdiamag3]/d[kappa],r[q95]/r[kappa],2.2222777305910944e-05,0.004152903599818855
187017,28,d[pcdiamag3]/d[kappa],d[pcdiamag3]/d[betan],-0.12045572722719113,-0.9999333872565416
187017,28,d[pcdiamag3]/d[kappa],d[kappa]/d[betan],0.13204020356038343,0.9820567337853252
187017,28,d[pcdiamag3]/d[kappa],d[betan]/d[t],0.019720493713720352,0.7229759670620786
187017,28,d[pcdiamag3]/d[kappa],d[li]/d[betan],0.0008094560740191719,0.2685512347823647
187017,28,d[kappa]/d[t],d[pcdiamag3]/d[kappa],-0.01687794438646748,-0.6969575640563263
187017,28,d[kappa]/d[t],d[kappa]/d[t],0.006470013596894318,0.9999999999998455
187017,28,d[kappa]/d[t],r[q95]/r[kappa],4.663433016063269e-05,0.03261874752728991
187017,28,d[kappa]/d[t],d[pcdiamag3]/d[betan],0.022493986214759006,0.6989048633842618
187017,28,d[kappa]/d[t],d[kappa]/d[betan],-0.02930191399127217,-0.8157074039105251
187017,28,d[kappa]/d[t],d[betan]/d[t],-0.00698254211971606,-0.9581371153674054
187017,28,d[kappa]/d[t],d[li]/d[betan],-0.0001185128270707537,-0.14716591933599468
187017,28,r[q95]/r[kappa],d[pcdiamag3]/d[kappa],2.2222777305910944e-05,0.004152903599818855
187017,28,r[q95]/r[kappa],d[kappa]/d[t],4.663433016063269e-05,0.03261874752728991
187017,28,r[q95]/r[kappa],r[q95]/r[kappa],0.00031591607882932503,0.9999999999968345
187017,28,r[q95]/r[kappa],d[pcdiamag3]/d[betan],1.748616655939209e-07,2.458742115465221e-05
187017,28,r[q95]/r[kappa],d[kappa]/d[betan],0.0002024763707455603,0.025508181256421188
187017,28,r[q95]/r[kappa],d[betan]/d[t],0.0002699082424829648,0.16760886241677214
187017,28,r[q95]/r[kappa],d[li]/d[betan],0.00011501181823873789,0.6463252018722055
187017,28,d[pcdiamag3]/d[betan],d[pcdiamag3]/d[kappa],-0.12045572722719113,-0.9999333872565416
187017,28,d[pcdiamag3]/d[betan],d[kappa]/d[t],0.022493986214759006,0.6989048633842618
187017,28,d[pcdiamag3]/d[betan],r[q95]/r[kappa],1.748616655939209e-07,2.458742115465221e-05
187017,28,d[pcdiamag3]/d[betan],d[pcdiamag3]/d[betan],0.16010007333094683,0.9999999999999938
187017,28,d[pcdiamag3]/d[betan],d[kappa]/d[betan],-0.17554653523244435,-0.9823980878442818
187017,28,d[pcdiamag3]/d[betan],d[betan]/d[t],-0.026238857110063966,-0.7237954445325384
187017,28,d[pcdiamag3]/d[betan],d[li]/d[betan],-0.0010658734906530398,-0.2660751905822498
187017,28,d[kappa]/d[betan],d[pcdiamag3]/d[kappa],0.13204020356038343,0.9820567337853252
187017,28,d[kappa]/d[betan],d[kappa]/d[t],-0.02930191399127217,-0.8157074039105251
187017,28,d[kappa]/d[betan],r[q95]/r[kappa],0.0002024763707455603,0.025508181256421188
187017,28,d[kappa]/d[betan],d[pcdiamag3]/d[betan],-0.17554653523244435,-0.9823980878442818
187017,28,d[kappa]/d[betan],d[kappa]/d[betan],0.19944262271550664,0.999999999999995
187017,28,d[kappa]/d[betan],d[betan]/d[t],0.0339106647370968,0.8380964695061188
187017,28,d[kappa]/d[betan],d[li]/d[betan],0.0013072060438578425,0.2923678036172928
187017,28,d[betan]/d[t],d[pcdiamag3]/d[kappa],0.019720493713720352,0.7229759670620786
187017,28,d[betan]/d[t],d[kappa]/d[t],-0.00698254211971606,-0.9581371153674054
187017,28,d[betan]/d[t],r[q95]/r[kappa],0.0002699082424829648,0.16760886241677214
187017,28,d[betan]/d[t],d[pcdiamag3]/d[betan],-0.026238857110063966,-0.7237954445325384
187017,28,d[betan]/d[t],d[kappa]/d[betan],0.0339106647370968,0.8380964695061188
187017,28,d[betan]/d[t],d[betan]/d[t],0.008208553013456318,0.9999999999998783
187017,28,d[betan]/d[t],d[li]/d[betan],0.0003713767619664055,0.4094264614647426
187017,28,d[li]/d[betan],d[pcdiamag3]/d[kappa],0.0008094560740191719,0.2685512347823647
187017,28,d[li]/d[betan],d[kappa]/d[t],-0.0001185128270707537,-0.14716591933599468
187017,28,d[li]/d[betan],r[q95]/r[kappa],0.00011501181823873789,0.6463252018722055
187017,28,d[li]/d[betan],d[pcdiamag3]/d[betan],-0.0010658734906530398,-0.2660751905822498
187017,28,d[li]/d[betan],d[kappa]/d[betan],0.0013072060438578425,0.2923678036172928
187017,28,d[li]/d[betan],d[betan]/d[t],0.0003713767619664055,0.4094264614647426
187017,28,d[li]/d[betan],d[li]/d[betan],0.00010023306883960794,0.9999999999900232
187018,29,d[pcdiamag3]/d[kappa],d[pcdiamag3]/d[kappa],0.08894818211268715,0.9999999999999888
187018,29,d[pcdiamag3]/d[kappa],d[kappa]/d[t],-0.02419650587935612,-0.7137595863193447
187018,29,d[pcdiamag3]/d[kappa],r[q95]/r[kappa],0.0009396563602391377,0.18678375337944714
187018,29,d[pcdiamag3]/d[kappa],d[pcdiamag3]/d[betan],-0.11480584591037452,-0.9998942070681093
187018,29,d[pcdiamag3]/d[kappa],d[kappa]/d[betan],0.12923108886602017,0.9700580335463199
187018,29,d[pcdiamag3]/d[kappa],d[betan]/d[t],0.02483725332990761,0.7114500669189938
187018,29,d[pcdiamag3]/d[kappa],d[li]/d[betan],0.0003914609532403588,0.12261931807860002
187018,29,d[kappa]/d[t],d[pcdiamag3]/d[kappa],-0.02419650587935612,-0.7137595863193447
187018,29,d[kappa]/d[t],d[kappa]/d[t],0.012920053934173533,0.9999999999999226
187018,29,d[kappa]/d[t],r[q95]/r[kappa],-0.0004622824375017683,-0.24110921552374376
187018,29,d[kappa]/d[t],d[pcdiamag3]/d[betan],0.03126812736846254,0.7145428810588514
187018,29,d[kappa]/d[t],d[kappa]/d[betan],-0.04370784886729387,-0.8608480910293541
187018,29,d[kappa]/d[t],d[betan]/d[t],-0.013100461448498293,-0.9846090562657711
187018,29,d[kappa]/d[t],d[li]/d[betan],-8.875021775439812e-05,-0.07294176191573022
187018,29,r[q95]/r[kappa],d[pcdiamag3]/d[kappa],0.0009396563602391377,0.18678375337944714
187018,29,r[q95]/r[kappa],d[kappa]/d[t],-0.0004622824375017683,-0.24110921552374376
187018,29,r[q95]/r[kappa],r[q95]/r[kappa],0.00028452657916886755,0.9999999999964854
187018,29,r[q95]/r[kappa],d[pcdiamag3]/d[betan],-0.0011943777344236802,-0.18392419553009043
187018,29,r[q95]/r[kappa],d[kappa]/d[betan],0.0017958278046635312,0.23834306589880275
187018,29,r[q95]/r[kappa],d[betan]/d[t],0.0007103270502235911,0.35975457716537307
187018,29,r[q95]/r[kappa],d[li]/d[betan],0.00013080803422738498,0.7244559497150765
187018,29,d[pcdiamag3]/d[betan],d[pcdiamag3]/d[kappa],-0.11480584591037452,-0.9998942070681093
187018,29,d[pcdiamag3]/d[betan],d[kappa]/d[t],0.03126812736846254,0.7145428810588514
187018,29,d[pcdiamag3]/d[betan],r[q95]/r[kappa],-0.0011943777344236802,-0.18392419553009043
187018,29,d[pcdiamag3]/d[betan],d[pcdiamag3]/d[betan],0.14821181464587949,0.9999999999999932
187018,29,d[pcdiamag3]/d[betan],d[kappa]/d[betan],-0.16684842570733555,-0.9702417358064952
187018,29,d[pcdiamag3]/d[betan],d[betan]/d[t],-0.03207066174046985,-0.7116654869877599
187018,29,d[pcdiamag3]/d[betan],d[li]/d[betan],-0.0004962586833631176,-0.1204219601781322
187018,29,d[kappa]/d[betan],d[pcdiamag3]/d[kappa],0.12923108886602017,0.9700580335463199
187018,29,d[kappa]/d[betan],d[kappa]/d[t],-0.04370784886729387,-0.8608480910293541
187018,29,d[kappa]/d[betan],r[q95]/r[kappa],0.0017958278046635312,0.23834306589880275
187018,29,d[kappa]/d[betan],d[pcdiamag3]/d[betan],-0.16684842570733555,-0.9702417358064952
187018,29,d[kappa]/d[betan],d[kappa]/d[betan],0.19952691941384137,0.999999999999995
187018,29,d[kappa]/d[betan],d[betan]/d[t],0.04492972163026613,0.8592951786849407
187018,29,d[kappa]/d[betan],d[li]/d[betan],0.000676416550089758,0.14146612640667802
187018,29,d[betan]/d[t],d[pcdiamag3]/d[kappa],0.02483725332990761,0.7114500669189938
187018,29,d[betan]/d[t],d[kappa]/d[t],-0.013100461448498293,-0.9846090562657711
187018,29,d[betan]/d[t],r[q95]/r[kappa],0.0007103270502235911,0.35975457716537307
187018,29,d[betan]/d[t],d[pcdiamag3]/d[betan],-0.03207066174046985,-0.7116654869877599
187018,29,d[betan]/d[t],d[kappa]/d[betan],0.04492972163026613,0.8592951786849407
187018,29,d[betan]/d[t],d[betan]/d[t],0.013701913081652417,0.9999999999999271
187018,29,d[betan]/d[t],d[li]/d[betan],0.0002976546310380641,0.23755327672425025
187018,29,d[li]/d[betan],d[pcdiamag3]/d[kappa],0.0003914609532403588,0.12261931807860002
187018,29,d[li]/d[betan],d[kappa]/d[t],-8.875021775439812e-05,-0.07294176191573022
187018,29,d[li]/d[betan],r[q95]/r[kappa],0.00013080803422738498,0.7244559497150765
187018,29,d[li]/d[betan],d[pcdiamag3]/d[betan],-0.0004962586833631176,-0.1204219601781322
187018,29,d[li]/d[betan],d[kappa]/d[betan],0.000676416550089758,0.14146612640667802
187018,29,d[li]/d[betan],d[betan]/d[t],0.0002976546310380641,0.23755327672425025
187018,29,d[li]/d[betan],d[li]/d[betan],0.00011458348551699534,0.9999999999912728
187019,30,d[pcdiamag3]/d[kappa],d[pcdiamag3]/d[kappa],0.08909278539279233,0.9999999999999888
187019,30,d[pcdiamag3]/d[kappa],d[kappa]/d[t],-0.027905309143631225,-0.8557781734779676
187019,30,d[pcdiamag3]/d[kappa],r[q95]/r[kappa],0.001462349851802823,0.32140215585549486
187019,30,d[pcdiamag3]/d[kappa],d[pcdiamag3]/d[betan],-0.11985486810239633,-0.9999555072969714
187019,30,d[pcdiamag3]/d[kappa],d[kappa]/d[betan],0.14296647119809344,0.9851595925738962
187019,30,d[pcdiamag3]/d[kappa],d[betan]/d[t],0.02935592792896664,0.8554030451077754
187019,30,d[pcdiamag3]/d[kappa],d[li]/d[betan],7.170856292749651e-05,0.02586549215579868
187019,30,d[kappa]/d[t],d[pcdiamag3]/d[kappa],-0.027905309143631225,-0.8557781734779676
187019,30,d[kappa]/d[t],d[kappa]/d[t],0.01193462364010598,0.9999999999999163
187019,30,d[kappa]/d[t],r[q95]/r[kappa],-0.0005980872933140563,-0.35915257145406804
187019,30,d[kappa]/d[t],d[pcdiamag3]/d[betan],0.03752771242728927,0.8554487474436641
187019,30,d[kappa]/d[t],d[kappa]/d[betan],-0.049390156388249354,-0.9298859770371892
187019,30,d[kappa]/d[t],d[betan]/d[t],-0.012386392052723707,-0.9861357552713539
187019,30,d[kappa]/d[t],d[li]/d[betan],1.743135960907247e-05,0.017179000572434027
187019,30,r[q95]/r[kappa],d[pcdiamag3]/d[kappa],0.001462349851802823,0.32140215585549486
187019,30,r[q95]/r[kappa],d[kappa]/d[t],-0.0005980872933140563,-0.35915257145406804
187019,30,r[q95]/r[kappa],r[q95]/r[kappa],0.00023236058590076395,0.9999999999956964
187019,30,r[q95]/r[kappa],d[pcdiamag3]/d[betan],-0.001962728267504911,-0.32064554673665946
187019,30,r[q95]/r[kappa],d[kappa]/d[betan],0.0026627153952900923,0.3592834224185133
187019,30,r[q95]/r[kappa],d[betan]/d[t],0.0007645149399414799,0.4362153991499844
187019,30,r[q95]/r[kappa],d[li]/d[betan],6.297987743518332e-05,0.4448274458519012
187019,30,d[pcdiamag3]/d[betan],d[pcdiamag3]/d[kappa],-0.11985486810239633,-0.9999555072969714
187019,30,d[pcdiamag3]/d[betan],d[kappa]/d[t],0.03752771242728927,0.8554487474436641
187019,30,d[pcdiamag3]/d[betan],r[q95]/r[kappa],-0.001962728267504911,-0.32064554673665946
187019,30,d[pcdiamag3]/d[betan],d[pcdiamag3]/d[betan],0.16125287498907245,0.9999999999999938
187019,30,d[pcdiamag3]/d[betan],d[kappa]/d[betan],-0.1923322772593798,-0.9851267267057245
187019,30,d[pcdiamag3]/d[betan],d[betan]/d[t],-0.03949114885957347,-0.8553468938621062
187019,30,d[pcdiamag3]/d[betan],d[li]/d[betan],-9.749413786000103e-05,-0.026139409089180214
187019,30,d[kappa]/d[betan],d[pcdiamag3]/d[kappa],0.14296647119809344,0.9851595925738962
187019,30,d[kappa]/d[betan],d[kappa]/d[t],-0.049390156388249354,-0.9298859770371892
187019,30,d[kappa]/d[betan],r[q95]/r[kappa],0.0026627153952900923,0.3592834224185133
187019,30,d[kappa]/d[betan],d[pcdiamag3]/d[betan],-0.1923322772593798,-0.9851267267057245
187019,30,d[kappa]/d[betan],d[kappa]/d[betan],0.23638106099812764,0.9999999999999958
187019,30,d[kappa]/d[betan],d[betan]/d[t],0.052031718748682884,0.9308036568483166
187019,30,d[kappa]/d[betan],d[li]/d[betan],0.0001922917356951881,0.04258192360111683
187019,30,d[betan]/d[t],d[pcdiamag3]/d[kappa],0.02935592792896664,0.8554030451077754
187019,30,d[betan]/d[t],d[kappa]/d[t],-0.012386392052723707,-0.9861357552713539
187019,30,d[betan]/d[t],r[q95]/r[kappa],0.0007645149399414799,0.4362153991499844
187019,30,d[betan]/d[t],d[pcdiamag3]/d[betan],-0.03949114885957347,-0.8553468938621062
187019,30,d[betan]/d[t],d[kappa]/d[betan],0.052031718748682884,0.9308036568483166
187019,30,d[betan]/d[t],d[betan]/d[t],0.01321927096728854,0.9999999999999244
187019,30,d[betan]/d[t],d[li]/d[betan],0.00014577984547917846,0.13651008241373677
187019,30,d[li]/d[betan],d[pcdiamag3]/d[kappa],7.170856292749651e-05,0.02586549215579868
187019,30,d[li]/d[betan],d[kappa]/d[t],1.743135960907247e-05,0.017179000572434027
187019,30,d[li]/d[betan],r[q95]/r[kappa],6.297987743518332e-05,0.4448274458519012
187019,30,d[li]/d[betan],d[pcdiamag3]/d[betan],-9.749413786000103e-05,-0.026139409089180214
187019,30,d[li]/d[betan],d[kappa]/d[betan],0.0001922917356951881,0.04258192360111683
187019,30,d[li]/d[betan],d[betan]/d[t],0.00014577984547917846,0.13651008241373677
187019,30,d[li]/d[betan],d[li]/d[betan],8.626964454294045e-05,0.9999999999884084
187020,31,d[pcdiamag3]/d[kappa],d[pcdiamag3]/d[kappa],0.07944763635240149,0.9999999999999875
187020,31,d[pcdiamag3]/d[kappa],d[kappa]/d[t],-0.029600792797105178,-0.6818429974809244
187020,31,d[pcdiamag3]/d[kappa],r[q95]/r[kappa],-0.0009298974342841133,-0.18553032258123311
187020,31,d[pcdiamag3]/d[kappa],d[pcdiamag3]/d[betan],-0.1099616856031644,-0.9996990014157238
187020,31,d[pcdiamag3]/d[kappa],d[kappa]/d[betan],0.1293051806715598,0.9474995868386152
187020,31,d[pcdiamag3]/d[kappa],d[betan]/d[t],0.030296473693358274,0.6783539513907489
187020,31,d[pcdiamag3]/d[kappa],d[li]/d[betan],0.0004905827399083185,0.12399502394999079
187020,31,d[kappa]/d[t],d[pcdiamag3]/d[kappa],-0.029600792797105178,-0.6818429974809244
187020,31,d[kappa]/d[t],d[kappa]/d[t],0.023722307736129745,0.9999999999999579
187020,31,d[kappa]/d[t],r[q95]/r[kappa],-0.00047189722246732065,-0.17230159358639957
187020,31,d[kappa]/d[t],d[pcdiamag3]/d[betan],0.04027635480178951,0.6701006674927789
187020,31,d[kappa]/d[t],d[kappa]/d[betan],-0.06554668824091267,-0.8789736994934668
187020,31,d[kappa]/d[t],d[betan]/d[t],-0.024198537771018745,-0.9915518367435239
187020,31,d[kappa]/d[t],d[li]/d[betan],-0.0009347529858716461,-0.43236534421987644
187020,31,r[q95]/r[kappa],d[pcdiamag3]/d[kappa],-0.0009298974342841133,-0.18553032258123311
187020,31,r[q95]/r[kappa],d[kappa]/d[t],-0.00047189722246732065,-0.17230159358639957
187020,31,r[q95]/r[kappa],r[q95]/r[kappa],0.00031619814549721346,0.9999999999968374
187020,31,r[q95]/r[kappa],d[pcdiamag3]/d[betan],0.0013760446868800859,0.19829932634834996
187020,31,r[q95]/r[kappa],d[kappa]/d[betan],-0.00034343018880428805,-0.03988985004778281
187020,31,r[q95]/r[kappa],d[betan]/d[t],0.0006486066258692673,0.230200619913987
187020,31,r[q95]/r[kappa],d[li]/d[betan],0.00015637748480275786,0.6265086150012874
187020,31,d[pcdiamag3]/d[betan],d[pcdiamag3]/d[kappa],-0.1099616856031644,-0.9996990014157238
187020,31,d[pcdiamag3]/d[betan],d[kappa]/d[t],0.04027635480178951,0.6701006674927789
187020,31,d[pcdiamag3]/d[betan],r[q95]/r[kappa],0.0013760446868800859,0.19829932634834996
187020,31,d[pcdiamag3]/d[betan],d[pcdiamag3]/d[betan],0.15228715712982666,0.9999999999999934
187020,31,d[pcdiamag3]/d[betan],d[kappa]/d[betan],-0.17804848769886616,-0.9423456798058851
187020,31,d[pcdiamag3]/d[betan],d[betan]/d[t],-0.04118467176866473,-0.666052919912913
187020,31,d[pcdiamag3]/d[betan],d[li]/d[betan],-0.00059468813398538,-0.1085650698597166
187020,31,d[kappa]/d[betan],d[pcdiamag3]/d[kappa],0.1293051806715598,0.9474995868386152
187020,31,d[kappa]/d[betan],d[kappa]/d[t],-0.06554668824091267,-0.8789736994934668
187020,31,d[kappa]/d[betan],r[q95]/r[kappa],-0.00034343018880428805,-0.03988985004778281
187020,31,d[kappa]/d[betan],d[pcdiamag3]/d[betan],-0.17804848769886616,-0.9423456798058851
187020,31,d[kappa]/d[betan],d[kappa]/d[betan],0.23441900126340487,0.9999999999999958
187020,31,d[kappa]/d[betan],d[betan]/d[t],0.06718989201686767,0.8758148498901849
187020,31,d[kappa]/d[betan],d[li]/d[betan],0.00192162964246334,0.2827520528254545
187020,31,d[betan]/d[t],d[pcdiamag3]/d[kappa],0.030296473693358274,0.6783539513907489
187020,31,d[betan]/d[t],d[kappa]/d[t],-0.024198537771018745,-0.9915518367435239
187020,31,d[betan]/d[t],r[q95]/r[kappa],0.0006486066258692673,0.230200619913987
187020,31,d[betan]/d[t],d[pcdiamag3]/d[betan],-0.04118467176866473,-0.666052919912913
187020,31,d[betan]/d[t],d[kappa]/d[betan],0.06718989201686767,0.8758148498901849
187020,31,d[betan]/d[t],d[betan]/d[t],0.02510674812705484,0.9999999999999603
187020,31,d[betan]/d[t],d[li]/d[betan],0.0011803145206766546,0.5306827855252745
187020,31,d[li]/d[betan],d[pcdiamag3]/d[kappa],0.0004905827399083185,0.12399502394999079
187020,31,d[li]/d[betan],d[kappa]/d[t],-0.0009347529858716461,-0.43236534421987644
187020,31,d[li]/d[betan],r[q95]/r[kappa],0.00015637748480275786,0.6265086150012874
187020,31,d[li]/d[betan],d[pcdiamag3]/d[betan],-0.00059468813398538,-0.1085650698597166
187020,31,d[li]/d[betan],d[kappa]/d[betan],0.00192162964246334,0.2827520528254545
187020,31,d[li]/d[betan],d[betan]/d[t],0.0011803145206766546,0.5306827855252745
187020,31,d[li]/d[betan],d[li]/d[betan],0.0001970312144273775,0.9999999999949247
187021,32,d[pcdiamag3]/d[kappa],d[pcdiamag3]/d[kappa],0.09521547174278147,0.9999999999999895
187021,32,d[pcdiamag3]/d[kappa],d[kappa]/d[t],-0.032555614306682565,-0.6794427136192244
187021,32,d[pcdiamag3]/d[kappa],r[q95]/r[kappa],0.0010367896056307098,0.1839857619204064
187021,32,d[pcdiamag3]/d[kappa],d[pcdiamag3]/d[betan],-0.12407034534065846,-0.999704929437036
187021,32,d[pcdiamag3]/d[kappa],d[kappa]/d[betan],0.14970623584658108,0.9534260216053978
187021,32,d[pcdiamag3]/d[kappa],d[betan]/d[t],0.03385314421233114,0.6953034595039248
187021,32,d[pcdiamag3]/d[kappa],d[li]/d[betan],-0.00012119631369144586,-0.03643505684701843
187021,32,d[kappa]/d[t],d[pcdiamag3]/d[kappa],-0.032555614306682565,-0.6794427136192244
187021,32,d[kappa]/d[t],d[kappa]/d[t],0.024112296460908157,0.9999999999999586
187021,32,d[kappa]/d[t],r[q95]/r[kappa],-0.0007497114831772903,-0.26437611625153706
187021,32,d[kappa]/d[t],d[pcdiamag3]/d[betan],0.04172938677868614,0.6681597645829601
187021,32,d[kappa]/d[t],d[kappa]/d[betan],-0.0685759785405898,-0.8678678452280831
187021,32,d[kappa]/d[t],d[betan]/d[t],-0.024285556443746033,-0.9911922827702299
187021,32,d[kappa]/d[t],d[li]/d[betan],0.00013852841788373094,0.08275674289616916
187021,32,r[q95]/r[kappa],d[pcdiamag3]/d[kappa],0.0010367896056307098,0.1839857619204064
187021,32,r[q95]/r[kappa],d[kappa]/d[t],-0.0007497114831772903,-0.26437611625153706
187021,32,r[q95]/r[kappa],r[q95]/r[kappa],0.0003335072768694982,0.9999999999970015
187021,32,r[q95]/r[kappa],d[pcdiamag3]/d[betan],-0.0013098291850070713,-0.17832802922312713
187021,32,r[q95]/r[kappa],d[kappa]/d[betan],0.0023142475992656824,0.2490336514769036
187021,32,r[q95]/r[kappa],d[betan]/d[t],0.000980747689740304,0.34035628704221993
187021,32,r[q95]/r[kappa],d[li]/d[betan],0.0001062111650851802,0.5395122602803963
187021,32,d[pcdiamag3]/d[betan],d[pcdiamag3]/d[kappa],-0.12407034534065846,-0.999704929437036
187021,32,d[pcdiamag3]/d[betan],d[kappa]/d[t],0.04172938677868614,0.6681597645829601
187021,32,d[pcdiamag3]/d[betan],r[q95]/r[kappa],-0.0013098291850070713,-0.17832802922312713
187021,32,d[pcdiamag3]/d[betan],d[pcdiamag3]/d[betan],0.1617650854597897,0.9999999999999938
187021,32,d[pcdiamag3]/d[betan],d[kappa]/d[betan],-0.19417268804050944,-0.9487387057279004
187021,32,d[pcdiamag3]/d[betan],d[betan]/d[t],-0.043430675482781,-0.6843579693176757
187021,32,d[pcdiamag3]/d[betan],d[li]/d[betan],0.00016315204204043728,0.03762997421852847
187021,32,d[kappa]/d[betan],d[pcdiamag3]/d[kappa],0.14970623584658108,0.9534260216053978
187021,32,d[kappa]/d[betan],d[kappa]/d[t],-0.0685759785405898,-0.8678678452280831
187021,32,d[kappa]/d[betan],r[q95]/r[kappa],0.0023142475992656824,0.2490336514769036
187021,32,d[kappa]/d[betan],d[pcdiamag3]/d[betan],-0.19417268804050944,-0.9487387057279004
187021,32,d[kappa]/d[betan],d[kappa]/d[betan],0.258939470995017,0.9999999999999961
187021,32,d[kappa]/d[betan],d[betan]/d[t],0.07053760510913111,0.8785181187027138
187021,32,d[kappa]/d[betan],d[li]/d[betan],-0.00019912570032942791,-0.036300448484593614
187021,32,d[betan]/d[t],d[pcdiamag3]/d[kappa],0.03385314421233114,0.6953034595039248
187021,32,d[betan]/d[t],d[kappa]/d[t],-0.024285556443746033,-0.9911922827702299
187021,32,d[betan]/d[t],r[q95]/r[kappa],0.000980747689740304,0.34035628704221993
187021,32,d[betan]/d[t],d[pcdiamag3]/d[betan],-0.043430675482781,-0.6843579693176757
187021,32,d[betan]/d[t],d[kappa]/d[betan],0.07053760510913111,0.8785181187027138
187021,32,d[betan]/d[t],d[betan]/d[t],0.024896696129675003,0.9999999999999599
187021,32,d[betan]/d[t],d[li]/d[betan],6.091404004556377e-05,0.03581214611873738
187021,32,d[li]/d[betan],d[pcdiamag3]/d[kappa],-0.00012119631369144586,-0.03643505684701843
187021,32,d[li]/d[betan],d[kappa]/d[t],0.00013852841788373094,0.08275674289616916
187021,32,d[li]/d[betan],r[q95]/r[kappa],0.0001062111650851802,0.5395122602803963
187021,32,d[li]/d[betan],d[pcdiamag3]/d[betan],0.00016315204204043728,0.03762997421852847
187021,32,d[li]/d[betan],d[kappa]/d[betan],-0.00019912570032942791,-0.036300448484593614
187021,32,d[li]/d[betan],d[betan]/d[t],6.091404004556377e-05,0.03581214611873738
187021,32,d[li]/d[betan],d[li]/d[betan],0.0001162070281200188,0.9999999999913947
187022,33,d[pcdiamag3]/d[kappa],d[pcdiamag3]/d[kappa],0.09312880092582068,0.9999999999999892
187022,33,d[pcdiamag3]/d[kappa],d[kappa]/d[t],-0.03825683846220864,-0.916913491610635
187022,33,d[pcdiamag3]/d[kappa],r[q95]/r[kappa],0.0005965409933011504,0.18235097103311543
187022,33,d[pcdiamag3]/d[kappa],d[pcdiamag3]/d[betan],-0.13430262330052564,-0.9998614480257842
187022,33,d[pcdiamag3]/d[kappa],d[kappa]/d[betan],0.1698777952906277,0.9891510126585487
187022,33,d[pcdiamag3]/d[kappa],d[betan]/d[t],0.04194961978648275,0.9209493286239389
187022,33,d[pcdiamag3]/d[kappa],d[li]/d[betan],0.0008273992873094546,0.3588990593073474
187022,33,d[kappa]/d[t],d[pcdiamag3]/d[kappa],-0.03825683846220864,-0.916913491610635
187022,33,d[kappa]/d[t],d[kappa]/d[t],0.01869293160519772,0.9999999999999466
187022,33,d[kappa]/d[t],r[q95]/r[kappa],-0.00029782793168069366,-0.20320599196551645
187022,33,d[kappa]/d[t],d[pcdiamag3]/d[betan],0.05510680966601519,0.9157225179308354
187022,33,d[kappa]/d[t],d[kappa]/d[betan],-0.07420376765964738,-0.9643956394560325
187022,33,d[kappa]/d[t],d[betan]/d[t],-0.02021590010786383,-0.9906131455072995
187022,33,d[kappa]/d[t],d[li]/d[betan],-0.0003392750384060297,-0.32848261019040237
187022,33,r[q95]/r[kappa],d[pcdiamag3]/d[kappa],0.0005965409933011504,0.18235097103311543
187022,33,r[q95]/r[kappa],d[kappa]/d[t],-0.00029782793168069366,-0.20320599196551645
187022,33,r[q95]/r[kappa],r[q95]/r[kappa],0.00011491597711870038,0.999999999991298
187022,33,r[q95]/r[kappa],d[pcdiamag3]/d[betan],-0.0008274031818162186,-0.17535748694512407
187022,33,r[q95]/r[kappa],d[kappa]/d[betan],0.001254367227172542,0.20792297532646742
187022,33,r[q95]/r[kappa],d[betan]/d[t],0.00044612622983327885,0.2788157246282103
187022,33,r[q95]/r[kappa],d[li]/d[betan],3.853420398334685e-05,0.47583388763202583
187022,33,d[pcdiamag3]/d[betan],d[pcdiamag3]/d[kappa],-0.13430262330052564,-0.9998614480257842
187022,33,d[pcdiamag3]/d[betan],d[kappa]/d[t],0.05510680966601519,0.9157225179308354
187022,33,d[pcdiamag3]/d[betan],r[q95]/r[kappa],-0.0008274031818162186,-0.17535748694512407
187022,33,d[pcdiamag3]/d[betan],d[pcdiamag3]/d[betan],0.1937337715383669,0.9999999999999949
187022,33,d[pcdiamag3]/d[betan],d[kappa]/d[betan],-0.24485054678753426,-0.9884766190231953
187022,33,d[pcdiamag3]/d[betan],d[betan]/d[t],-0.06035070308244743,-0.9186062156127597
187022,33,d[pcdiamag3]/d[betan],d[li]/d[betan],-0.0011735847212192556,-0.35294819351521106
187022,33,d[kappa]/d[betan],d[pcdiamag3]/d[kappa],0.1698777952906277,0.9891510126585487
187022,33,d[kappa]/d[betan],d[kappa]/d[t],-0.07420376765964738,-0.9643956394560325
187022,33,d[kappa]/d[betan],r[q95]/r[kappa],0.001254367227172542,0.20792297532646742
187022,33,d[kappa]/d[betan],d[pcdiamag3]/d[betan],-0.24485054678753426,-0.9884766190231953
187022,33,d[kappa]/d[betan],d[kappa]/d[betan],0.3167116368499952,0.9999999999999969
187022,33,d[kappa]/d[betan],d[betan]/d[t],0.08125668831639465,0.9673348186573706
187022,33,d[kappa]/d[betan],d[li]/d[betan],0.0015986718396266747,0.3760334660291659
187022,33,d[betan]/d[t],d[pcdiamag3]/d[kappa],0.04194961978648275,0.9209493286239389
187022,33,d[betan]/d[t],d[kappa]/d[t],-0.02021590010786383,-0.9906131455072995
187022,33,d[betan]/d[t],r[q95]/r[kappa],0.00044612622983327885,0.2788157246282103
187022,33,d[betan]/d[t],d[pcdiamag3]/d[betan],-0.06035070308244743,-0.9186062156127597
187022,33,d[betan]/d[t],d[kappa]/d[betan],0.08125668831639465,0.9673348186573706
187022,33,d[betan]/d[t],d[betan]/d[t],0.022279250436864004,0.9999999999999551
187022,33,d[betan]/d[t],d[li]/d[betan],0.0004913198964649832,0.4357257711260072
187022,33,d[li]/d[betan],d[pcdiamag3]/d[kappa],0.0008273992873094546,0.3588990593073474
187022,33,d[li]/d[betan],d[kappa]/d[t],-0.0003392750384060297,-0.32848261019040237
187022,33,d[li]/d[betan],r[q95]/r[kappa],3.853420398334685e-05,0.47583388763202583
187022,33,d[li]/d[betan],d[pcdiamag3]/d[betan],-0.0011735847212192556,-0.35294819351521106
187022,33,d[li]/d[betan],d[kappa]/d[betan],0.0015986718396266747,0.3760334660291659
187022,33,d[li]/d[betan],d[betan]/d[t],0.0004913198964649832,0.4357257711260072
187022,33,d[li]/d[betan],d[li]/d[betan],5.7069180159575143e-05,0.9999999999824774
187024,34,d[pcdiamag3]/d[kappa],d[pcdiamag3]/d[kappa],0.07312868498499506,0.9999999999999863
187024,34,d[pcdiamag3]/d[kappa],d[kappa]/d[t],-0.008041250804053695,-0.3207244925976508
187024,34,d[pcdiamag3]/d[kappa],r[q95]/r[kappa],-0.00304490941562938,-0.3979001515337027
187024,34,d[pcdiamag3]/d[kappa],d[pcdiamag3]/d[betan],-0.10525915551917174,-0.9990771166014892
187024,34,d[pcdiamag3]/d[kappa],d[kappa]/d[betan],0.10792898087351684,0.9443241558910598
187024,34,d[pcdiamag3]/d[kappa],d[betan]/d[t],0.01086800353006505,0.38963336767497986
187024,34,d[pcdiamag3]/d[kappa],d[li]/d[betan],0.000631321939172759,0.20982206745146723
187024,34,d[kappa]/d[t],d[pcdiamag3]/d[kappa],-0.008041250804053695,-0.3207244925976508
187024,34,d[kappa]/d[t],d[kappa]/d[t],0.008595976079432781,0.9999999999998838
187024,34,d[kappa]/d[t],r[q95]/r[kappa],0.001233719900612705,0.47023243335795173
187024,34,d[kappa]/d[t],d[pcdiamag3]/d[betan],0.012426200971974869,0.34401215395192614
187024,34,d[kappa]/d[t],d[kappa]/d[betan],-0.024018678538054734,-0.6129547506886763
187024,34,d[kappa]/d[t],d[betan]/d[t],-0.009261417638518607,-0.968456510602706
187024,34,d[kappa]/d[t],d[li]/d[betan],-0.00016539482556674067,-0.1603313618027709
187024,34,r[q95]/r[kappa],d[pcdiamag3]/d[kappa],-0.00304490941562938,-0.3979001515337027
187024,34,r[q95]/r[kappa],d[kappa]/d[t],0.001233719900612705,0.47023243335795173
187024,34,r[q95]/r[kappa],r[q95]/r[kappa],0.0008007791950761585,0.9999999999987512
187024,34,r[q95]/r[kappa],d[pcdiamag3]/d[betan],0.00467428836846984,0.4239768298894809
187024,34,r[q95]/r[kappa],d[kappa]/d[betan],-0.006051676496198328,-0.5059949915902514
187024,34,r[q95]/r[kappa],d[betan]/d[t],-0.0013047020089181776,-0.4469976025232422
187024,34,r[q95]/r[kappa],d[li]/d[betan],-3.926179653431564e-06,-0.01246975554002525
187024,34,d[pcdiamag3]/d[betan],d[pcdiamag3]/d[kappa],-0.10525915551917174,-0.9990771166014892
187024,34,d[pcdiamag3]/d[betan],d[kappa]/d[t],0.012426200971974869,0.34401215395192614
187024,34,d[pcdiamag3]/d[betan],r[q95]/r[kappa],0.00467428836846984,0.4239768298894809
187024,34,d[pcdiamag3]/d[betan],d[pcdiamag3]/d[betan],0.15178678957324304,0.9999999999999934
187024,34,d[pcdiamag3]/d[betan],d[kappa]/d[betan],-0.15680352877159598,-0.952282381074858
187024,34,d[pcdiamag3]/d[betan],d[betan]/d[t],-0.01652240934123938,-0.4111560103524965
187024,34,d[pcdiamag3]/d[betan],d[li]/d[betan],-0.000916061197282448,-0.2113253816723868
187024,34,d[kappa]/d[betan],d[pcdiamag3]/d[kappa],0.10792898087351684,0.9443241558910598
187024,34,d[kappa]/d[betan],d[kappa]/d[t],-0.024018678538054734,-0.6129547506886763
187024,34,d[kappa]/d[betan],r[q95]/r[kappa],-0.006051676496198328,-0.5059949915902514
187024,34,d[kappa]/d[betan],d[pcdiamag3]/d[betan],-0.15680352877159598,-0.952282381074858
187024,34,d[kappa]/d[betan],d[kappa]/d[betan],0.17862662402070903,0.9999999999999944
187024,34,d[kappa]/d[betan],d[betan]/d[t],0.028921101632712668,0.6634252393990718
187024,34,d[kappa]/d[betan],d[li]/d[betan],0.0011625627605925683,0.24722220430684677
187024,34,d[betan]/d[t],d[pcdiamag3]/d[kappa],0.01086800353006505,0.38963336767497986
187024,34,d[betan]/d[t],d[kappa]/d[t],-0.009261417638518607,-0.968456510602706
187024,34,d[betan]/d[t],r[q95]/r[kappa],-0.0013047020089181776,-0.4469976025232422
187024,34,d[betan]/d[t],d[pcdiamag3]/d[betan],-0.01652240934123938,-0.4111560103524965
187024,34,d[betan]/d[t],d[kappa]/d[betan],0.028921101632712668,0.6634252393990718
187024,34,d[betan]/d[t],d[betan]/d[t],0.010638967772135638,0.9999999999999061
187024,34,d[betan]/d[t],d[li]/d[betan],0.0004309489571289049,0.37550891277869436
187024,34,d[li]/d[betan],d[pcdiamag3]/d[kappa],0.000631321939172759,0.20982206745146723
187024,34,d[li]/d[betan],d[kappa]/d[t],-0.00016539482556674067,-0.1603313618027709
187024,34,d[li]/d[betan],r[q95]/r[kappa],-3.926179653431564e-06,-0.01246975554002525
187024,34,d[li]/d[betan],d[pcdiamag3]/d[betan],-0.000916061197282448,-0.2113253816723868
187024,34,d[li]/d[betan],d[kappa]/d[betan],0.0011625627605925683,0.24722220430684677
187024,34,d[li]/d[betan],d[betan]/d[t],0.0004309489571289049,0.37550891277869436
187024,34,d[li]/d[betan],d[li]/d[betan],0.0001237974433534548,0.9999999999919224
189646,35,d[pcdiamag3]/d[kappa],d[pcdiamag3]/d[kappa],0.009813325210959026,0.9999999999998982
189646,35,d[pcdiamag3]/d[kappa],d[kappa]/d[t],0.003673940909746524,0.7341226469018547
189646,35,d[pcdiamag3]/d[kappa],r[q95]/r[kappa],0.0003133555910804701,0.41895258932482143
189646,35,d[pcdiamag3]/d[kappa],d[pcdiamag3]/d[betan],-0.010736615278781654,-0.9992410430646843
189646,35,d[pcdiamag3]/d[kappa],d[kappa]/d[betan],0.005639145525512279,0.7513536973408269
189646,35,d[pcdiamag3]/d[kappa],d[betan]/d[t],-0.0037544321389203716,-0.766858533729085
189646,35,d[pcdiamag3]/d[kappa],d[li]/d[betan],8.133324338741436e-05,0.08381572211310852
189646,35,d[kappa]/d[t],d[pcdiamag3]/d[kappa],0.003673940909746524,0.7341226469018547
189646,35,d[kappa]/d[t],d[kappa]/d[t],0.0025521776369547096,0.9999999999996082
189646,35,d[kappa]/d[t],r[q95]/r[kappa],0.00015254910967197675,0.39993531466735466
189646,35,d[kappa]/d[t],d[pcdiamag3]/d[betan],-0.004034613669974076,-0.7363045335613562
189646,35,d[kappa]/d[t],d[kappa]/d[betan],0.0004488176278293275,0.11726102277939278
189646,35,d[kappa]/d[t],d[betan]/d[t],-0.0023756811819451817,-0.9515065885418711
189646,35,d[kappa]/d[t],d[li]/d[betan],8.707289098880659e-05,0.17595151479159712
189646,35,r[q95]/r[kappa],d[pcdiamag3]/d[kappa],0.0003133555910804701,0.41895258932482143
189646,35,r[q95]/r[kappa],d[kappa]/d[t],0.00015254910967197675,0.39993531466735466
189646,35,r[q95]/r[kappa],r[q95]/r[kappa],5.700709975859014e-05,0.9999999999824584
189646,35,r[q95]/r[kappa],d[pcdiamag3]/d[betan],-0.0003508251465001595,-0.42838791445919955
189646,35,r[q95]/r[kappa],d[kappa]/d[betan],0.00011916404816698985,0.2083147377664333
189646,35,r[q95]/r[kappa],d[betan]/d[t],-0.0001499800974771177,-0.4019279886942436
189646,35,r[q95]/r[kappa],d[li]/d[betan],2.157243140908436e-05,0.2916756126970007
189646,35,d[pcdiamag3]/d[betan],d[pcdiamag3]/d[kappa],-0.010736615278781654,-0.9992410430646843
189646,35,d[pcdiamag3]/d[betan],d[kappa]/d[t],-0.004034613669974076,-0.7363045335613562
189646,35,d[pcdiamag3]/d[betan],r[q95]/r[kappa],-0.0003508251465001595,-0.42838791445919955
189646,35,d[pcdiamag3]/d[betan],d[pcdiamag3]/d[betan],0.011764624319092488,0.9999999999999151
189646,35,d[pcdiamag3]/d[betan],d[kappa]/d[betan],-0.006164513689510445,-0.7501515500928181
189646,35,d[pcdiamag3]/d[betan],d[betan]/d[t],0.004107104560693677,0.7661711937284333
189646,35,d[pcdiamag3]/d[betan],d[li]/d[betan],-0.00010335597023652467,-0.09727741737063901
189646,35,d[kappa]/d[betan],d[pcdiamag3]/d[kappa],0.005639145525512279,0.7513536973408269
189646,35,d[kappa]/d[betan],d[kappa]/d[t],0.0004488176278293275,0.11726102277939278
189646,35,d[kappa]/d[betan],r[q95]/r[kappa],0.00011916404816698985,0.2083147377664333
189646,35,d[kappa]/d[betan],d[pcdiamag3]/d[betan],-0.006164513689510445,-0.7501515500928181
189646,35,d[kappa]/d[betan],d[kappa]/d[betan],0.005740127740963109,0.9999999999998258
189646,35,d[kappa]/d[betan],d[betan]/d[t],-0.0006218013023438232,-0.16606187619926568
189646,35,d[kappa]/d[betan],d[li]/d[betan],4.678884083946739e-05,0.06304447068188893
189646,35,d[betan]/d[t],d[pcdiamag3]/d[kappa],-0.0037544321389203716,-0.766858533729085
189646,35,d[betan]/d[t],d[kappa]/d[t],-0.0023756811819451817,-0.9515065885418711
189646,35,d[betan]/d[t],r[q95]/r[kappa],-0.0001499800974771177,-0.4019279886942436
189646,35,d[betan]/d[t],d[pcdiamag3]/d[betan],0.004107104560693677,0.7661711937284333
189646,35,d[betan]/d[t],d[kappa]/d[betan],-0.0006218013023438232,-0.16606187619926568
189646,35,d[betan]/d[t],d[betan]/d[t],0.002442540742380712,0.9999999999995905
189646,35,d[betan]/d[t],d[li]/d[betan],3.988595273795107e-05,0.08238811327398891
189646,35,d[li]/d[betan],d[pcdiamag3]/d[kappa],8.133324338741436e-05,0.08381572211310852
189646,35,d[li]/d[betan],d[kappa]/d[t],8.707289098880659e-05,0.17595151479159712
189646,35,d[li]/d[betan],r[q95]/r[kappa],2.157243140908436e-05,0.2916756126970007
189646,35,d[li]/d[betan],d[pcdiamag3]/d[betan],-0.00010335597023652467,-0.09727741737063901
189646,35,d[li]/d[betan],d[kappa]/d[betan],4.678884083946739e-05,0.06304447068188893
189646,35,d[li]/d[betan],d[betan]/d[t],3.988595273795107e-05,0.08238811327398891
189646,35,d[li]/d[betan],d[li]/d[betan],9.595530918269943e-05,0.9999999999895784
189647,36,d[pcdiamag3]/d[kappa],d[pcdiamag3]/d[kappa],0.1370588897831219,0.9999999999999927
189647,36,d[pcdiamag3]/d[kappa],d[kappa]/d[t],0.0023685054602848154,0.07758472249189205
189647,36,d[pcdiamag3]/d[kappa],r[q95]/r[kappa],0.0002649764529815494,0.0613526104989517
189647,36,d[pcdiamag3]/d[kappa],d[pcdiamag3]/d[betan],-0.15977792125478357,-0.998899737665298
189647,36,d[pcdiamag3]/d[kappa],d[kappa]/d[betan],0.1381513566844456,0.9486627157913399
189647,36,d[pcdiamag3]/d[kappa],d[betan]/d[t],-0.007110008462907198,-0.19966506509928778
189647,36,d[pcdiamag3]/d[kappa],d[li]/d[betan],-0.0008329591952580451,-0.1715084715159507
189647,36,d[kappa]/d[t],d[pcdiamag3]/d[kappa],0.0023685054602848154,0.07758472249189205
189647,36,d[kappa]/d[t],d[kappa]/d[t],0.006799690552570449,0.9999999999998529
189647,36,d[kappa]/d[t],r[q95]/r[kappa],0.0004641231519627176,0.4824674596636376
189647,36,d[kappa]/d[t],d[pcdiamag3]/d[betan],-0.0018572459396964472,-0.052129502522227374
189647,36,d[kappa]/d[t],d[kappa]/d[betan],-0.007666991112844194,-0.23636908193801529
189647,36,d[kappa]/d[t],d[betan]/d[t],-0.0077655640440371446,-0.9790705842271911
189647,36,d[kappa]/d[t],d[li]/d[betan],-0.0007215511685889731,-0.6670187073979134
189647,36,r[q95]/r[kappa],d[pcdiamag3]/d[kappa],0.0002649764529815494,0.0613526104989517
189647,36,r[q95]/r[kappa],d[kappa]/d[t],0.0004641231519627176,0.4824674596636376
189647,36,r[q95]/r[kappa],r[q95]/r[kappa],0.0001360947155860312,0.9999999999926523
189647,36,r[q95]/r[kappa],d[pcdiamag3]/d[betan],-0.00018393859091930527,-0.03649311715154251
189647,36,r[q95]/r[kappa],d[kappa]/d[betan],-0.000467651481293882,-0.10190886533062164
189647,36,r[q95]/r[kappa],d[betan]/d[t],-0.0005536711583048153,-0.49342010457723856
189647,36,r[q95]/r[kappa],d[li]/d[betan],-7.097829056586114e-05,-0.4637889091830729
189647,36,d[pcdiamag3]/d[betan],d[pcdiamag3]/d[kappa],-0.15977792125478357,-0.998899737665298
189647,36,d[pcdiamag3]/d[betan],d[kappa]/d[t],-0.0018572459396964472,-0.052129502522227374
189647,36,d[pcdiamag3]/d[betan],r[q95]/r[kappa],-0.00018393859091930527,-0.03649311715154251
189647,36,d[pcdiamag3]/d[betan],d[pcdiamag3]/d[betan],0.18667343775326425,0.9999999999999947
189647,36,d[pcdiamag3]/d[betan],d[kappa]/d[betan],-0.16255291093838814,-0.9564533030818705
189647,36,d[pcdiamag3]/d[betan],d[betan]/d[t],0.007267371350488696,0.1748725572405379
189647,36,d[pcdiamag3]/d[betan],d[li]/d[betan],0.000801381760712577,0.1413883562469961
189647,36,d[kappa]/d[betan],d[pcdiamag3]/d[kappa],0.1381513566844456,0.9486627157913399
189647,36,d[kappa]/d[betan],d[kappa]/d[t],-0.007666991112844194,-0.23636908193801529
189647,36,d[kappa]/d[betan],r[q95]/r[kappa],-0.000467651481293882,-0.10190886533062164
189647,36,d[kappa]/d[betan],d[pcdiamag3]/d[betan],-0.16255291093838814,-0.9564533030818705
189647,36,d[kappa]/d[betan],d[kappa]/d[betan],0.15473174881890872,0.9999999999999936
189647,36,d[kappa]/d[betan],d[betan]/d[t],0.004477008820536836,0.11832698649253051
189647,36,d[kappa]/d[betan],d[li]/d[betan],0.0001936562029467681,0.037528149474200516
189647,36,d[betan]/d[t],d[pcdiamag3]/d[kappa],-0.007110008462907198,-0.19966506509928778
189647,36,d[betan]/d[t],d[kappa]/d[t],-0.0077655640440371446,-0.9790705842271911
189647,36,d[betan]/d[t],r[q95]/r[kappa],-0.0005536711583048153,-0.49342010457723856
189647,36,d[betan]/d[t],d[pcdiamag3]/d[betan],0.007267371350488696,0.1748725572405379
189647,36,d[betan]/d[t],d[kappa]/d[betan],0.004477008820536836,0.11832698649253051
189647,36,d[betan]/d[t],d[betan]/d[t],0.009251855850057005,0.999999999999892
189647,36,d[betan]/d[t],d[li]/d[betan],0.0008628067577638397,0.6837771183636147
189647,36,d[li]/d[betan],d[pcdiamag3]/d[kappa],-0.0008329591952580451,-0.1715084715159507
189647,36,d[li]/d[betan],d[kappa]/d[t],-0.0007215511685889731,-0.6670187073979134
189647,36,d[li]/d[betan],r[q95]/r[kappa],-7.097829056586114e-05,-0.4637889091830729
189647,36,d[li]/d[betan],d[pcdiamag3]/d[betan],0.000801381760712577,0.1413883562469961
189647,36,d[li]/d[betan],d[kappa]/d[betan],0.0001936562029467681,0.037528149474200516
189647,36,d[li]/d[betan],d[betan]/d[t],0.0008628067577638397,0.6837771183636147
189647,36,d[li]/d[betan],d[li]/d[betan],0.0001720953322412626,0.9999999999941893
189649,37,d[pcdiamag3]/d[kappa],d[pcdiamag3]/d[kappa],0.026942278166276167,0.9999999999999629
189649,37,d[pcdiamag3]/d[kappa],d[kappa]/d[t],0.015772210413499625,0.8078823188181344
189649,37,d[pcdiamag3]/d[kappa],r[q95]/r[kappa],0.0014374655283390268,0.6361477843518114
189649,37,d[pcdiamag3]/d[kappa],d[pcdiamag3]/d[betan],-0.031411743200412144,-0.999457646382506
189649,37,d[pcdiamag3]/d[kappa],d[kappa]/d[betan],0.008574365427654112,0.4351293645466576
189649,37,d[pcdiamag3]/d[kappa],d[betan]/d[t],-0.012314316383686621,-0.6599360227805576
189649,37,d[pcdiamag3]/d[kappa],d[li]/d[betan],0.001302495145655521,0.4332827567713023
189649,37,d[kappa]/d[t],d[pcdiamag3]/d[kappa],0.015772210413499625,0.8078823188181344
189649,37,d[kappa]/d[t],d[kappa]/d[t],0.014146682355523183,0.9999999999999294
189649,37,d[kappa]/d[t],r[q95]/r[kappa],0.0010256341667662552,0.6263872612390851
189649,37,d[kappa]/d[t],d[pcdiamag3]/d[betan],-0.01816882929316297,-0.797791046303044
189649,37,d[kappa]/d[t],d[kappa]/d[betan],-0.0024343543618362776,-0.17048652477924878
189649,37,d[kappa]/d[t],d[betan]/d[t],-0.012844689991575875,-0.9499593275456588
189649,37,d[kappa]/d[t],d[li]/d[betan],0.00035149848339907706,0.1613647259766566
189649,37,r[q95]/r[kappa],d[pcdiamag3]/d[kappa],0.0014374655283390268,0.6361477843518114
189649,37,r[q95]/r[kappa],d[kappa]/d[t],0.0010256341667662552,0.6263872612390851
189649,37,r[q95]/r[kappa],r[q95]/r[kappa],0.0001895154076277073,0.9999999999947234
189649,37,r[q95]/r[kappa],d[pcdiamag3]/d[betan],-0.0016617043957732225,-0.6304069917604804
189649,37,r[q95]/r[kappa],d[kappa]/d[betan],0.0001654521298675419,0.10011142932286148
189649,37,r[q95]/r[kappa],d[betan]/d[t],-0.0008346486291854308,-0.5333227477262078
189649,37,r[q95]/r[kappa],d[li]/d[betan],7.896116556416121e-05,0.31318700871350086
189649,37,d[pcdiamag3]/d[betan],d[pcdiamag3]/d[kappa],-0.031411743200412144,-0.999457646382506
189649,37,d[pcdiamag3]/d[betan],d[kappa]/d[t],-0.01816882929316297,-0.797791046303044
189649,37,d[pcdiamag3]/d[betan],r[q95]/r[kappa],-0.0016617043957732225,-0.6304069917604804
189649,37,d[pcdiamag3]/d[betan],d[pcdiamag3]/d[betan],0.036662406726097246,0.9999999999999728
189649,37,d[pcdiamag3]/d[betan],d[kappa]/d[betan],-0.010352990799710372,-0.45039017105964857
189649,37,d[pcdiamag3]/d[betan],d[betan]/d[t],0.01408464522870798,0.6470593426140302
189649,37,d[pcdiamag3]/d[betan],d[li]/d[betan],-0.0015366530434811254,-0.43820546075004924
189649,37,d[kappa]/d[betan],d[pcdiamag3]/d[kappa],0.008574365427654112,0.4351293645466576
189649,37,d[kappa]/d[betan],d[kappa]/d[t],-0.0024343543618362776,-0.17048652477924878
189649,37,d[kappa]/d[betan],r[q95]/r[kappa],0.0001654521298675419,0.10011142932286148
189649,37,d[kappa]/d[betan],d[pcdiamag3]/d[betan],-0.010352990799710372,-0.45039017105964857
189649,37,d[kappa]/d[betan],d[kappa]/d[betan],0.014412286158262178,0.9999999999999307
189649,37,d[kappa]/d[betan],d[betan]/d[t],0.005147188286900354,0.37714842855361036
189649,37,d[kappa]/d[betan],d[li]/d[betan],0.0012853358017155868,0.584605122732754
189649,37,d[betan]/d[t],d[pcdiamag3]/d[kappa],-0.012314316383686621,-0.6599360227805576
189649,37,d[betan]/d[t],d[kappa]/d[t],-0.012844689991575875,-0.9499593275456588
189649,37,d[betan]/d[t],r[q95]/r[kappa],-0.0008346486291854308,-0.5333227477262078
189649,37,d[betan]/d[t],d[pcdiamag3]/d[betan],0.01408464522870798,0.6470593426140302
189649,37,d[betan]/d[t],d[kappa]/d[betan],0.005147188286900354,0.37714842855361036
189649,37,d[betan]/d[t],d[betan]/d[t],0.012923573853570371,0.9999999999999227
189649,37,d[betan]/d[t],d[li]/d[betan],0.0002628989971862498,0.12627287404486828
189649,37,d[li]/d[betan],d[pcdiamag3]/d[kappa],0.001302495145655521,0.4332827567713023
189649,37,d[li]/d[betan],d[kappa]/d[t],0.00035149848339907706,0.1613647259766566
189649,37,d[li]/d[betan],r[q95]/r[kappa],7.896116556416121e-05,0.31318700871350086
189649,37,d[li]/d[betan],d[pcdiamag3]/d[betan],-0.0015366530434811254,-0.43820546075004924
189649,37,d[li]/d[betan],d[kappa]/d[betan],0.0012853358017155868,0.584605122732754
189649,37,d[li]/d[betan],d[betan]/d[t],0.0002628989971862498,0.12627287404486828
189649,37,d[li]/d[betan],d[li]/d[betan],0.00033540929924007727,0.9999999999970185
189650,38,d[pcdiamag3]/d[kappa],d[pcdiamag3]/d[kappa],0.11342065026503059,0.9999999999999912
189650,38,d[pcdiamag3]/d[kappa],d[kappa]/d[t],0.009370169659202883,0.31169469310086945
189650,38,d[pcdiamag3]/d[kappa],r[q95]/r[kappa],0.002625968999041982,0.4999070456609189
189650,38,d[pcdiamag3]/d[kappa],d[pcdiamag3]/d[betan],-0.14147363775701619,-0.9995233719345616
189650,38,d[pcdiamag3]/d[kappa],d[kappa]/d[betan],0.11050071767193899,0.9431157895068587
189650,38,d[pcdiamag3]/d[kappa],d[betan]/d[t],-0.00036838468731041044,-0.012146764002358092
189650,38,d[pcdiamag3]/d[kappa],d[li]/d[betan],0.005312423482940442,0.6310508959572112
189650,38,d[kappa]/d[t],d[pcdiamag3]/d[kappa],0.009370169659202883,0.31169469310086945
189650,38,d[kappa]/d[t],d[kappa]/d[t],0.007967901559020303,0.9999999999998745
189650,38,d[kappa]/d[t],r[q95]/r[kappa],0.0004521807809384481,0.32477743613083593
189650,38,d[kappa]/d[t],d[pcdiamag3]/d[betan],-0.012031812108519826,-0.32071742816243626
189650,38,d[kappa]/d[t],d[kappa]/d[betan],-0.0005421497951043864,-0.017457952263015452
189650,38,d[kappa]/d[t],d[betan]/d[t],-0.007242270445130626,-0.9009648526849285
189650,38,d[kappa]/d[t],d[li]/d[betan],0.00021713328626837415,0.09731329810916718
189650,38,r[q95]/r[kappa],d[pcdiamag3]/d[kappa],0.002625968999041982,0.4999070456609189
189650,38,r[q95]/r[kappa],d[kappa]/d[t],0.0004521807809384481,0.32477743613083593
189650,38,r[q95]/r[kappa],r[q95]/r[kappa],0.00024328119540209468,0.9999999999958896
189650,38,r[q95]/r[kappa],d[pcdiamag3]/d[betan],-0.003316988511900577,-0.5060031216852624
189650,38,r[q95]/r[kappa],d[kappa]/d[betan],0.002314963057782886,0.4266146626339753
189650,38,r[q95]/r[kappa],d[betan]/d[t],-4.32159190188592e-05,-0.03076766746555359
189650,38,r[q95]/r[kappa],d[li]/d[betan],0.0002982457212287659,0.7649582231443961
189650,38,d[pcdiamag3]/d[betan],d[pcdiamag3]/d[kappa],-0.14147363775701619,-0.9995233719345616
189650,38,d[pcdiamag3]/d[betan],d[kappa]/d[t],-0.012031812108519826,-0.32071742816243626
189650,38,d[pcdiamag3]/d[betan],r[q95]/r[kappa],-0.003316988511900577,-0.5060031216852624
189650,38,d[pcdiamag3]/d[betan],d[pcdiamag3]/d[betan],0.17663347021948617,0.9999999999999943
189650,38,d[pcdiamag3]/d[betan],d[kappa]/d[betan],-0.13732888899401266,-0.93922877493233
189650,38,d[pcdiamag3]/d[betan],d[betan]/d[t],0.0009094518754043639,0.0240296980049474
189650,38,d[pcdiamag3]/d[betan],d[li]/d[betan],-0.006599250583031231,-0.6281681102479144
189650,38,d[kappa]/d[betan],d[pcdiamag3]/d[kappa],0.11050071767193899,0.9431157895068587
189650,38,d[kappa]/d[betan],d[kappa]/d[t],-0.0005421497951043864,-0.017457952263015452
189650,38,d[kappa]/d[betan],r[q95]/r[kappa],0.002314963057782886,0.4266146626339753
189650,38,d[kappa]/d[betan],d[pcdiamag3]/d[betan],-0.13732888899401266,-0.93922877493233
189650,38,d[kappa]/d[betan],d[kappa]/d[betan],0.12103418017228437,0.9999999999999918
189650,38,d[kappa]/d[betan],d[betan]/d[t],0.009850522015557108,0.31442011353913996
189650,38,d[kappa]/d[betan],d[li]/d[betan],0.005731293164476779,0.6590469792450788
189650,38,d[betan]/d[t],d[pcdiamag3]/d[kappa],-0.00036838468731041044,-0.012146764002358092
189650,38,d[betan]/d[t],d[kappa]/d[t],-0.007242270445130626,-0.9009648526849285
189650,38,d[betan]/d[t],r[q95]/r[kappa],-4.32159190188592e-05,-0.03076766746555359
189650,38,d[betan]/d[t],d[pcdiamag3]/d[betan],0.0009094518754043639,0.0240296980049474
189650,38,d[betan]/d[t],d[kappa]/d[betan],0.009850522015557108,0.31442011353913996
189650,38,d[betan]/d[t],d[betan]/d[t],0.008109420465459313,0.9999999999998768
189650,38,d[betan]/d[t],d[li]/d[betan],0.0007039898457474482,0.3127441911526382
189650,38,d[li]/d[betan],d[pcdiamag3]/d[kappa],0.005312423482940442,0.6310508959572112
189650,38,d[li]/d[betan],d[kappa]/d[t],0.00021713328626837415,0.09731329810916718
189650,38,d[li]/d[betan],r[q95]/r[kappa],0.0002982457212287659,0.7649582231443961
189650,38,d[li]/d[betan],d[pcdiamag3]/d[betan],-0.006599250583031231,-0.6281681102479144
189650,38,d[li]/d[betan],d[kappa]/d[betan],0.005731293164476779,0.6590469792450788
189650,38,d[li]/d[betan],d[betan]/d[t],0.0007039898457474482,0.3127441911526382
189650,38,d[li]/d[betan],d[li]/d[betan],0.0006248337322948213,0.9999999999983996
189651,39,d[pcdiamag3]/d[kappa],d[pcdiamag3]/d[kappa],0.08382911195030451,0.9999999999999881
189651,39,d[pcdiamag3]/d[kappa],d[kappa]/d[t],0.006448815065086619,0.3000957351993203
189651,39,d[pcdiamag3]/d[kappa],r[q95]/r[kappa],-0.00041333438676281514,-0.12054559649742778
189651,39,d[pcdiamag3]/d[kappa],d[pcdiamag3]/d[betan],-0.10129897370015155,-0.999579359675081
189651,39,d[pcdiamag3]/d[kappa],d[kappa]/d[betan],0.08866688227267944,0.9387896389230418
189651,39,d[pcdiamag3]/d[kappa],d[betan]/d[t],-0.005841531695196731,-0.2513562924728765
189651,39,d[pcdiamag3]/d[kappa],d[li]/d[betan],0.0010741892211317897,0.31119598397991105
189651,39,d[kappa]/d[t],d[pcdiamag3]/d[kappa],0.006448815065086619,0.3000957351993203
189651,39,d[kappa]/d[t],d[kappa]/d[t],0.005508651943351421,0.9999999999998185
189651,39,d[kappa]/d[t],r[q95]/r[kappa],-0.00017346307366491236,-0.19734749442941
189651,39,d[kappa]/d[t],d[pcdiamag3]/d[betan],-0.007898007339658718,-0.30402166537950187
189651,39,d[kappa]/d[t],d[kappa]/d[betan],-0.0008212089207677644,-0.033918393520896026
189651,39,d[kappa]/d[t],d[betan]/d[t],-0.005718567254948619,-0.9598978607562584
189651,39,d[kappa]/d[t],d[li]/d[betan],-0.00011154320864574853,-0.12605819754994899
189651,39,r[q95]/r[kappa],d[pcdiamag3]/d[kappa],-0.00041333438676281514,-0.12054559649742778
189651,39,r[q95]/r[kappa],d[kappa]/d[t],-0.00017346307366491236,-0.19734749442941
189651,39,r[q95]/r[kappa],r[q95]/r[kappa],0.0001402508520893412,0.99999999999287
189651,39,r[q95]/r[kappa],d[pcdiamag3]/d[betan],0.0005182852866980159,0.12503332859950592
189651,39,r[q95]/r[kappa],d[kappa]/d[betan],-0.0004035159677205372,-0.10445091610789672
189651,39,r[q95]/r[kappa],d[betan]/d[t],5.3337157531200705e-05,0.05610965136588521
189651,39,r[q95]/r[kappa],d[li]/d[betan],9.841042699961593e-06,0.06970099667580969
189651,39,d[pcdiamag3]/d[betan],d[pcdiamag3]/d[kappa],-0.10129897370015155,-0.999579359675081
189651,39,d[pcdiamag3]/d[betan],d[kappa]/d[t],-0.007898007339658718,-0.30402166537950187
189651,39,d[pcdiamag3]/d[betan],r[q95]/r[kappa],0.0005182852866980159,0.12503332859950592
189651,39,d[pcdiamag3]/d[betan],d[pcdiamag3]/d[betan],0.12251257433219788,0.9999999999999919
189651,39,d[pcdiamag3]/d[betan],d[kappa]/d[betan],-0.10703814475370112,-0.9374595179037338
189651,39,d[pcdiamag3]/d[betan],d[betan]/d[t],0.007123689114757944,0.25355669507606265
189651,39,d[pcdiamag3]/d[betan],d[li]/d[betan],-0.0013279716116654486,-0.31823583697728963
189651,39,d[kappa]/d[betan],d[pcdiamag3]/d[kappa],0.08866688227267944,0.9387896389230418
189651,39,d[kappa]/d[betan],d[kappa]/d[t],-0.0008212089207677644,-0.033918393520896026
189651,39,d[kappa]/d[betan],r[q95]/r[kappa],-0.0004035159677205372,-0.10445091610789672
189651,39,d[kappa]/d[betan],d[pcdiamag3]/d[betan],-0.10703814475370112,-0.9374595179037338
189651,39,d[kappa]/d[betan],d[kappa]/d[betan],0.10641220314417905,0.9999999999999906
189651,39,d[kappa]/d[betan],d[betan]/d[t],0.002470145037740817,0.09433811492593216
189651,39,d[kappa]/d[betan],d[li]/d[betan],0.0013761770771132458,0.35385817099549627
189651,39,d[betan]/d[t],d[pcdiamag3]/d[kappa],-0.005841531695196731,-0.2513562924728765
189651,39,d[betan]/d[t],d[kappa]/d[t],-0.005718567254948619,-0.9598978607562584
189651,39,d[betan]/d[t],r[q95]/r[kappa],5.3337157531200705e-05,0.05610965136588521
189651,39,d[betan]/d[t],d[pcdiamag3]/d[betan],0.007123689114757944,0.25355669507606265
189651,39,d[betan]/d[t],d[kappa]/d[betan],0.002470145037740817,0.09433811492593216
189651,39,d[betan]/d[t],d[betan]/d[t],0.006442865804451671,0.9999999999998448
189651,39,d[betan]/d[t],d[li]/d[betan],0.0001831426138523859,0.1913817368734729
189651,39,d[li]/d[betan],d[pcdiamag3]/d[kappa],0.0010741892211317897,0.31119598397991105
189651,39,d[li]/d[betan],d[kappa]/d[t],-0.00011154320864574853,-0.12605819754994899
189651,39,d[li]/d[betan],r[q95]/r[kappa],9.841042699961593e-06,0.06970099667580969
189651,39,d[li]/d[betan],d[pcdiamag3]/d[betan],-0.0013279716116654486,-0.31823583697728963
189651,39,d[li]/d[betan],d[kappa]/d[betan],0.0013761770771132458,0.35385817099549627
189651,39,d[li]/d[betan],d[betan]/d[t],0.0001831426138523859,0.1913817368734729
189651,39,d[li]/d[betan],d[li]/d[betan],0.00014213425170502833,0.9999999999929645
189652,40,d[pcdiamag3]/d[kappa],d[pcdiamag3]/d[kappa],0.042316616599455945,0.9999999999999764
189652,40,d[pcdiamag3]/d[kappa],d[kappa]/d[t],-0.005142369640977912,-0.41112409186421933
189652,40,d[pcdiamag3]/d[kappa],r[q95]/r[kappa],0.00038530625183396696,0.17901667523701623
189652,40,d[pcdiamag3]/d[kappa],d[pcdiamag3]/d[betan],-0.050866260242212157,-0.9989900035095903
189652,40,d[pcdiamag3]/d[kappa],d[kappa]/d[betan],0.05510270421671605,0.964221632746232
189652,40,d[pcdiamag3]/d[kappa],d[betan]/d[t],0.0045656773307967205,0.4196626348923697
189652,40,d[pcdiamag3]/d[kappa],d[li]/d[betan],-0.00013791652435681453,-0.06628305198527308
189652,40,d[kappa]/d[t],d[pcdiamag3]/d[kappa],-0.005142369640977912,-0.41112409186421933
189652,40,d[kappa]/d[t],d[kappa]/d[t],0.0036971731575971465,0.9999999999997295
189652,40,d[kappa]/d[t],r[q95]/r[kappa],-0.0003065228897553347,-0.48180457010406297
189652,40,d[kappa]/d[t],d[pcdiamag3]/d[betan],0.006081995377205948,0.404108506035014
189652,40,d[kappa]/d[t],d[kappa]/d[betan],-0.010635342005667523,-0.6296163408378026
189652,40,d[kappa]/d[t],d[betan]/d[t],-0.0030765970426426302,-0.9567231406734581
189652,40,d[kappa]/d[t],d[li]/d[betan],0.0003401708370757872,0.5531002370893717
189652,40,r[q95]/r[kappa],d[pcdiamag3]/d[kappa],0.00038530625183396696,0.17901667523701623
189652,40,r[q95]/r[kappa],d[kappa]/d[t],-0.0003065228897553347,-0.48180457010406297
189652,40,r[q95]/r[kappa],r[q95]/r[kappa],0.00010947481019679334,0.9999999999908655
189652,40,r[q95]/r[kappa],d[pcdiamag3]/d[betan],-0.0004505981401475506,-0.17398792002180324
189652,40,r[q95]/r[kappa],d[kappa]/d[betan],0.0008215619293003542,0.28264586224184834
189652,40,r[q95]/r[kappa],d[betan]/d[t],0.000223890041306234,0.4046021926208107
189652,40,r[q95]/r[kappa],d[li]/d[betan],-7.244385605983088e-05,-0.6845199660042901
189652,40,d[pcdiamag3]/d[betan],d[pcdiamag3]/d[kappa],-0.050866260242212157,-0.9989900035095903
189652,40,d[pcdiamag3]/d[betan],d[kappa]/d[t],0.006081995377205948,0.404108506035014
189652,40,d[pcdiamag3]/d[betan],r[q95]/r[kappa],-0.0004505981401475506,-0.17398792002180324
189652,40,d[pcdiamag3]/d[betan],d[pcdiamag3]/d[betan],0.06126696910973349,0.9999999999999837
189652,40,d[pcdiamag3]/d[betan],d[kappa]/d[betan],-0.06615249391140877,-0.9620384939530892
189652,40,d[pcdiamag3]/d[betan],d[betan]/d[t],-0.0053789635488580515,-0.4108998276453849
189652,40,d[pcdiamag3]/d[betan],d[li]/d[betan],0.00014050017238435072,0.05611840520142072
189652,40,d[kappa]/d[betan],d[pcdiamag3]/d[kappa],0.05510270421671605,0.964221632746232
189652,40,d[kappa]/d[betan],d[kappa]/d[t],-0.010635342005667523,-0.6296163408378026
189652,40,d[kappa]/d[betan],r[q95]/r[kappa],0.0008215619293003542,0.28264586224184834
189652,40,d[kappa]/d[betan],d[pcdiamag3]/d[betan],-0.06615249391140877,-0.9620384939530892
189652,40,d[kappa]/d[betan],d[kappa]/d[betan],0.07717580127354319,0.999999999999987
189652,40,d[kappa]/d[betan],d[betan]/d[t],0.009429952850168287,0.6418292475776136
189652,40,d[kappa]/d[betan],d[li]/d[betan],-0.0005865523494108666,-0.2087410514105182
189652,40,d[betan]/d[t],d[pcdiamag3]/d[kappa],0.0045656773307967205,0.4196626348923697
189652,40,d[betan]/d[t],d[kappa]/d[t],-0.0030765970426426302,-0.9567231406734581
189652,40,d[betan]/d[t],r[q95]/r[kappa],0.000223890041306234,0.4046021926208107
189652,40,d[betan]/d[t],d[pcdiamag3]/d[betan],-0.0053789635488580515,-0.4108998276453849
189652,40,d[betan]/d[t],d[kappa]/d[betan],0.009429952850168287,0.6418292475776136
189652,40,d[betan]/d[t],d[betan]/d[t],0.0027970413582614124,0.9999999999996425
189652,40,d[betan]/d[t],d[li]/d[betan],-0.00024255893566674182,-0.45342921187755436
189652,40,d[li]/d[betan],d[pcdiamag3]/d[kappa],-0.00013791652435681453,-0.06628305198527308
189652,40,d[li]/d[betan],d[kappa]/d[t],0.0003401708370757872,0.5531002370893717
189652,40,d[li]/d[betan],r[q95]/r[kappa],-7.244385605983088e-05,-0.6845199660042901
189652,40,d[li]/d[betan],d[pcdiamag3]/d[betan],0.00014050017238435072,0.05611840520142072
189652,40,d[li]/d[betan],d[kappa]/d[betan],-0.0005865523494108666,-0.2087410514105182
189652,40,d[li]/d[betan],d[betan]/d[t],-0.00024255893566674182,-0.45342921187755436
189652,40,d[li]/d[betan],d[li]/d[betan],0.00010230966835280704,0.9999999999902257
195261,41,d[pcdiamag3]/d[kappa],d[pcdiamag3]/d[kappa],0.02470651250825681,0.9999999999999596
195261,41,d[pcdiamag3]/d[kappa],d[kappa]/d[t],0.020661814177994238,0.9936678730662731
195261,41,d[pcdiamag3]/d[kappa],r[q95]/r[kappa],0.00019835278777441295,0.23371332990506158
195261,41,d[pcdiamag3]/d[kappa],d[pcdiamag3]/d[betan],-0.00799160755934714,-0.9996912508638612
195261,41,d[pcdiamag3]/d[kappa],d[kappa]/d[betan],-0.008063308241499124,-0.8932796180828223
195261,41,d[pcdiamag3]/d[kappa],d[betan]/d[t],-0.02078026168464906,-0.9942303754310875
195261,41,d[pcdiamag3]/d[kappa],d[li]/d[betan],9.21520291949185e-05,0.2162857517012857
195261,41,d[kappa]/d[t],d[pcdiamag3]/d[kappa],0.020661814177994238,0.9936678730662731
195261,41,d[kappa]/d[t],d[kappa]/d[t],0.01750019788400357,0.9999999999999429
195261,41,d[kappa]/d[t],r[q95]/r[kappa],0.00015825694598640383,0.2215604294899691
195261,41,d[kappa]/d[t],d[pcdiamag3]/d[betan],-0.0066853020626308065,-0.9936581988808774
195261,41,d[kappa]/d[t],d[kappa]/d[betan],-0.007123505536513579,-0.9376746437245311
195261,41,d[kappa]/d[t],d[betan]/d[t],-0.017585125882137988,-0.9996909026605549
195261,41,d[kappa]/d[t],d[li]/d[betan],9.899344437769192e-05,0.2760664852681772
195261,41,r[q95]/r[kappa],d[pcdiamag3]/d[kappa],0.00019835278777441295,0.23371332990506158
195261,41,r[q95]/r[kappa],d[kappa]/d[t],0.00015825694598640383,0.2215604294899691
195261,41,r[q95]/r[kappa],r[q95]/r[kappa],2.915400372051232e-05,0.9999999999656994
195261,41,r[q95]/r[kappa],d[pcdiamag3]/d[betan],-6.318112262931346e-05,-0.2300783219428708
195261,41,r[q95]/r[kappa],d[kappa]/d[betan],-4.632898697208838e-05,-0.14941134913610796
195261,41,r[q95]/r[kappa],d[betan]/d[t],-0.00015630884804153957,-0.21770890738588458
195261,41,r[q95]/r[kappa],d[li]/d[betan],-1.0676106817456817e-06,-0.07294449775610162
195261,41,d[pcdiamag3]/d[betan],d[pcdiamag3]/d[kappa],-0.00799160755934714,-0.9996912508638612
195261,41,d[pcdiamag3]/d[betan],d[kappa]/d[t],-0.0066853020626308065,-0.9936581988808774
195261,41,d[pcdiamag3]/d[betan],r[q95]/r[kappa],-6.318112262931346e-05,-0.2300783219428708
195261,41,d[pcdiamag3]/d[betan],d[pcdiamag3]/d[betan],0.0025865749627275976,0.9999999999996133
195261,41,d[pcdiamag3]/d[betan],d[kappa]/d[betan],0.0026124118303406086,0.89445602294511
195261,41,d[pcdiamag3]/d[betan],d[betan]/d[t],0.006724254023456644,0.9943134520003438
195261,41,d[pcdiamag3]/d[betan],d[li]/d[betan],-3.0486312565563258e-05,-0.2211419290880212
195261,41,d[kappa]/d[betan],d[pcdiamag3]/d[kappa],-0.008063308241499124,-0.8932796180828223
195261,41,d[kappa]/d[betan],d[kappa]/d[t],-0.007123505536513579,-0.9376746437245311
195261,41,d[kappa]/d[betan],r[q95]/r[kappa],-4.632898697208838e-05,-0.14941134913610796
195261,41,d[kappa]/d[betan],d[pcdiamag3]/d[betan],0.0026124118303406086,0.89445602294511
195261,41,d[kappa]/d[betan],d[kappa]/d[betan],0.0032979208516541432,0.9999999999996968
195261,41,d[kappa]/d[betan],d[betan]/d[t],0.007147040643273408,0.9359397139507617
195261,41,d[kappa]/d[betan],d[li]/d[betan],-6.869952802304535e-05,-0.44132890186809964
195261,41,d[betan]/d[t],d[pcdiamag3]/d[kappa],-0.02078026168464906,-0.9942303754310875
195261,41,d[betan]/d[t],d[kappa]/d[t],-0.017585125882137988,-0.9996909026605549
195261,41,d[betan]/d[t],r[q95]/r[kappa],-0.00015630884804153957,-0.21770890738588458
195261,41,d[betan]/d[t],d[pcdiamag3]/d[betan],0.006724254023456644,0.9943134520003438
195261,41,d[betan]/d[t],d[kappa]/d[betan],0.007147040643273408,0.9359397139507617
195261,41,d[betan]/d[t],d[betan]/d[t],0.01768139488853669,0.9999999999999435
195261,41,d[betan]/d[t],d[li]/d[betan],-9.584912914731575e-05,-0.26592467678642095
195261,41,d[li]/d[betan],d[pcdiamag3]/d[kappa],9.21520291949185e-05,0.2162857517012857
195261,41,d[li]/d[betan],d[kappa]/d[t],9.899344437769192e-05,0.2760664852681772
195261,41,d[li]/d[betan],r[q95]/r[kappa],-1.0676106817456817e-06,-0.07294449775610162
195261,41,d[li]/d[betan],d[pcdiamag3]/d[betan],-3.0486312565563258e-05,-0.2211419290880212
195261,41,d[li]/d[betan],d[kappa]/d[betan],-6.869952802304535e-05,-0.44132890186809964
195261,41,d[li]/d[betan],d[betan]/d[t],-9.584912914731575e-05,-0.26592467678642095
195261,41,d[li]/d[betan],d[li]/d[betan],7.347549812476316e-06,0.9999999998639002
195264,42,d[pcdiamag3]/d[kappa],d[pcdiamag3]/d[kappa],0.028152987327006048,0.9999999999999645
195264,42,d[pcdiamag3]/d[kappa],d[kappa]/d[t],0.02626391445650202,0.9778058855269036
195264,42,d[pcdiamag3]/d[kappa],r[q95]/r[kappa],0.00024327028926208604,0.22552129363630288
195264,42,d[pcdiamag3]/d[kappa],d[pcdiamag3]/d[betan],-0.01101251490978764,-0.9954470148265213
195264,42,d[pcdiamag3]/d[kappa],d[kappa]/d[betan],-0.012814931839986497,-0.7778739257984147
195264,42,d[pcdiamag3]/d[kappa],d[betan]/d[t],-0.026094540641571132,-0.9745076126292679
195264,42,d[pcdiamag3]/d[kappa],d[li]/d[betan],-0.00015884918977944945,-0.20280259409002388
195264,42,d[kappa]/d[t],d[pcdiamag3]/d[kappa],0.02626391445650202,0.9778058855269036
195264,42,d[kappa]/d[t],d[kappa]/d[t],0.02562649032965483,0.999999999999961
195264,42,d[kappa]/d[t],r[q95]/r[kappa],0.00022238027466650977,0.21607893043235363
195264,42,d[kappa]/d[t],d[pcdiamag3]/d[betan],-0.010198065066001218,-0.9662001361081078
195264,42,d[kappa]/d[t],d[kappa]/d[betan],-0.013966641917840812,-0.8885923887617969
195264,42,d[kappa]/d[t],d[betan]/d[t],-0.025486254174502048,-0.9976064918617412
195264,42,d[kappa]/d[t],d[li]/d[betan],-0.00011079913465715329,-0.14826633318037413
195264,42,r[q95]/r[kappa],d[pcdiamag3]/d[kappa],0.00024327028926208604,0.22552129363630288
195264,42,r[q95]/r[kappa],d[kappa]/d[t],0.00022238027466650977,0.21607893043235363
195264,42,r[q95]/r[kappa],r[q95]/r[kappa],4.1331250956928566e-05,0.9999999999758052
195264,42,r[q95]/r[kappa],d[pcdiamag3]/d[betan],-8.837621826830868e-05,-0.20849229990362353
195264,42,r[q95]/r[kappa],d[kappa]/d[betan],-4.0224137220817676e-05,-0.06372393978578907
195264,42,r[q95]/r[kappa],d[betan]/d[t],-0.00017499758396938652,-0.17056526768034783
195264,42,r[q95]/r[kappa],d[li]/d[betan],-8.579766360928071e-06,-0.2858820783462268
195264,42,d[pcdiamag3]/d[betan],d[pcdiamag3]/d[kappa],-0.01101251490978764,-0.9954470148265213
195264,42,d[pcdiamag3]/d[betan],d[kappa]/d[t],-0.010198065066001218,-0.9662001361081078
195264,42,d[pcdiamag3]/d[betan],r[q95]/r[kappa],-8.837621826830868e-05,-0.20849229990362353
195264,42,d[pcdiamag3]/d[betan],d[pcdiamag3]/d[betan],0.0043472261836464,0.99999999999977
195264,42,d[pcdiamag3]/d[betan],d[kappa]/d[betan],0.004855782498025437,0.7500811699444464
195264,42,d[pcdiamag3]/d[betan],d[betan]/d[t],0.010111394641513683,0.9609543673876016
195264,42,d[pcdiamag3]/d[betan],d[li]/d[betan],5.3966559739282435e-05,0.17533529942425696
195264,42,d[kappa]/d[betan],d[pcdiamag3]/d[kappa],-0.012814931839986497,-0.7778739257984147
195264,42,d[kappa]/d[betan],d[kappa]/d[t],-0.013966641917840812,-0.8885923887617969
195264,42,d[kappa]/d[betan],r[q95]/r[kappa],-4.0224137220817676e-05,-0.06372393978578907
195264,42,d[kappa]/d[betan],d[pcdiamag3]/d[betan],0.004855782498025437,0.7500811699444464
195264,42,d[kappa]/d[betan],d[kappa]/d[betan],0.009640280883072566,0.9999999999998963
195264,42,d[kappa]/d[betan],d[betan]/d[t],0.014073351746467632,0.8981534054782617
195264,42,d[kappa]/d[betan],d[li]/d[betan],-1.2734423325263173e-05,-0.027783386668461345
195264,42,d[betan]/d[t],d[pcdiamag3]/d[kappa],-0.026094540641571132,-0.9745076126292679
195264,42,d[betan]/d[t],d[kappa]/d[t],-0.025486254174502048,-0.9976064918617412
195264,42,d[betan]/d[t],r[q95]/r[kappa],-0.00017499758396938652,-0.17056526768034783
195264,42,d[betan]/d[t],d[pcdiamag3]/d[betan],0.010111394641513683,0.9609543673876016
195264,42,d[betan]/d[t],d[kappa]/d[betan],0.014073351746467632,0.8981534054782617
195264,42,d[betan]/d[t],d[betan]/d[t],0.02546855793037638,0.9999999999999608
195264,42,d[betan]/d[t],d[li]/d[betan],0.00010733430623019803,0.14407449969247849
195264,42,d[li]/d[betan],d[pcdiamag3]/d[kappa],-0.00015884918977944945,-0.20280259409002388
195264,42,d[li]/d[betan],d[kappa]/d[t],-0.00011079913465715329,-0.14826633318037413
195264,42,d[li]/d[betan],r[q95]/r[kappa],-8.579766360928071e-06,-0.2858820783462268
195264,42,d[li]/d[betan],d[pcdiamag3]/d[betan],5.3966559739282435e-05,0.17533529942425696
195264,42,d[li]/d[betan],d[kappa]/d[betan],-1.2734423325263173e-05,-0.027783386668461345
195264,42,d[li]/d[betan],d[betan]/d[t],0.00010733430623019803,0.14407449969247849
195264,42,d[li]/d[betan],d[li]/d[betan],2.179207131731381e-05,0.9999999999541117
195265,43,d[pcdiamag3]/d[kappa],d[pcdiamag3]/d[kappa],0.013281169075128533,0.9999999999999247
195265,43,d[pcdiamag3]/d[kappa],d[kappa]/d[t],0.010694230763112102,0.9776568670283281
195265,43,d[pcdiamag3]/d[kappa],r[q95]/r[kappa],0.0003828116089087008,0.35373036064035995
195265,43,d[pcdiamag3]/d[kappa],d[pcdiamag3]/d[betan],-0.0062885041478766,-0.9944910429457298
195265,43,d[pcdiamag3]/d[kappa],d[kappa]/d[betan],-0.003255616286237983,-0.6132851256120851
195265,43,d[pcdiamag3]/d[kappa],d[betan]/d[t],-0.01096531522057691,-0.971016629806413
195265,43,d[pcdiamag3]/d[kappa],d[li]/d[betan],0.0001037993654166569,0.3268669901981734
195265,43,d[kappa]/d[t],d[pcdiamag3]/d[kappa],0.010694230763112102,0.9776568670283281
195265,43,d[kappa]/d[t],d[kappa]/d[t],0.009009275895029504,0.9999999999998891
195265,43,d[kappa]/d[t],r[q95]/r[kappa],0.00032706520710816203,0.36693977772021075
195265,43,d[kappa]/d[t],d[pcdiamag3]/d[betan],-0.005013503381816566,-0.9626491813524559
195265,43,d[kappa]/d[t],d[kappa]/d[betan],-0.0033293268971445497,-0.7614806430892896
195265,43,d[kappa]/d[t],d[betan]/d[t],-0.00927509795294823,-0.9972344226503909
195265,43,d[kappa]/d[t],d[li]/d[betan],7.540942212361063e-05,0.2883202777876585
195265,43,r[q95]/r[kappa],d[pcdiamag3]/d[kappa],0.0003828116089087008,0.35373036064035995
195265,43,r[q95]/r[kappa],d[kappa]/d[t],0.00032706520710816203,0.36693977772021075
195265,43,r[q95]/r[kappa],r[q95]/r[kappa],8.81838833008716e-05,0.9999999999886601
195265,43,r[q95]/r[kappa],d[pcdiamag3]/d[betan],-0.00017349515139835448,-0.33671650843060885
195265,43,r[q95]/r[kappa],d[kappa]/d[betan],-0.0001282454530216503,-0.29647954683092875
195265,43,r[q95]/r[kappa],d[betan]/d[t],-0.0003406301350999379,-0.3701793227936485
195265,43,r[q95]/r[kappa],d[li]/d[betan],1.5150768237790793e-06,0.0585510332306387
195265,43,d[pcdiamag3]/d[betan],d[pcdiamag3]/d[kappa],-0.0062885041478766,-0.9944910429457298
195265,43,d[pcdiamag3]/d[betan],d[kappa]/d[t],-0.005013503381816566,-0.9626491813524559
195265,43,d[pcdiamag3]/d[betan],r[q95]/r[kappa],-0.00017349515139835448,-0.33671650843060885
195265,43,d[pcdiamag3]/d[betan],d[pcdiamag3]/d[betan],0.0030106248780707853,0.9999999999996678
195265,43,d[pcdiamag3]/d[betan],d[kappa]/d[betan],0.0014253233588095114,0.5639394176819634
195265,43,d[pcdiamag3]/d[betan],d[betan]/d[t],0.005111475091337876,0.9506959096873927
195265,43,d[pcdiamag3]/d[betan],d[li]/d[betan],-5.7088976925070055e-05,-0.37758823636606675
195265,43,d[kappa]/d[betan],d[pcdiamag3]/d[kappa],-0.003255616286237983,-0.6132851256120851
195265,43,d[kappa]/d[betan],d[kappa]/d[t],-0.0033293268971445497,-0.7614806430892896
195265,43,d[kappa]/d[betan],r[q95]/r[kappa],-0.0001282454530216503,-0.29647954683092875
195265,43,d[kappa]/d[betan],d[pcdiamag3]/d[betan],0.0014253233588095114,0.5639394176819634
195265,43,d[kappa]/d[betan],d[kappa]/d[betan],0.0021218039621643415,0.9999999999995287
195265,43,d[kappa]/d[betan],d[betan]/d[t],0.0035345914849231074,0.7830875123910678
195265,43,d[kappa]/d[betan],d[li]/d[betan],-1.005964984323136e-05,-0.07925465035910599
195265,43,d[betan]/d[t],d[pcdiamag3]/d[kappa],-0.01096531522057691,-0.971016629806413
195265,43,d[betan]/d[t],d[kappa]/d[t],-0.00927509795294823,-0.9972344226503909
195265,43,d[betan]/d[t],r[q95]/r[kappa],-0.0003406301350999379,-0.3701793227936485
195265,43,d[betan]/d[t],d[pcdiamag3]/d[betan],0.005111475091337876,0.9506959096873927
195265,43,d[betan]/d[t],d[kappa]/d[betan],0.0035345914849231074,0.7830875123910678
195265,43,d[betan]/d[t],d[betan]/d[t],0.009601798786099963,0.999999999999896
195265,43,d[betan]/d[t],d[li]/d[betan],-7.219676430725476e-05,-0.26738432999601564
195265,43,d[li]/d[betan],d[pcdiamag3]/d[kappa],0.0001037993654166569,0.3268669901981734
195265,43,d[li]/d[betan],d[kappa]/d[t],7.540942212361063e-05,0.2883202777876585
195265,43,d[li]/d[betan],r[q95]/r[kappa],1.5150768237790793e-06,0.0585510332306387
195265,43,d[li]/d[betan],d[pcdiamag3]/d[betan],-5.7088976925070055e-05,-0.37758823636606675
195265,43,d[li]/d[betan],d[kappa]/d[betan],-1.005964984323136e-05,-0.07925465035910599
195265,43,d[li]/d[betan],d[betan]/d[t],-7.219676430725476e-05,-0.26738432999601564
195265,43,d[li]/d[betan],d[li]/d[betan],7.592957399608413e-06,0.999999999868299
195266,44,d[pcdiamag3]/d[kappa],d[pcdiamag3]/d[kappa],0.07921640851887124,0.9999999999999873
195266,44,d[pcdiamag3]/d[kappa],d[kappa]/d[t],0.06352395345056408,0.9879460862877618
195266,44,d[pcdiamag3]/d[kappa],r[q95]/r[kappa],-0.0005828530967237167,-0.3385653884691377
195266,44,d[pcdiamag3]/d[kappa],d[pcdiamag3]/d[betan],-0.04031933212148357,-0.9997373357881434
195266,44,d[pcdiamag3]/d[kappa],d[kappa]/d[betan],-0.0072120363831732915,-0.43111319860154323
195266,44,d[pcdiamag3]/d[kappa],d[betan]/d[t],-0.06212656851284352,-0.9880795175919876
195266,44,d[pcdiamag3]/d[kappa],d[li]/d[betan],-0.00013731248314041564,-0.13765765072705297
195266,44,d[kappa]/d[t],d[pcdiamag3]/d[kappa],0.06352395345056408,0.9879460862877618
195266,44,d[kappa]/d[t],d[kappa]/d[t],0.052190733282794964,0.9999999999999809
195266,44,d[kappa]/d[t],r[q95]/r[kappa],-0.0004570985124217672,-0.3271177668673035
195266,44,d[kappa]/d[t],d[pcdiamag3]/d[betan],-0.03228433743216421,-0.9862234724410455
195266,44,d[kappa]/d[t],d[kappa]/d[betan],-0.007657663732882789,-0.5639499681908475
195266,44,d[kappa]/d[t],d[betan]/d[t],-0.05101349721088245,-0.9995637611236727
195266,44,d[kappa]/d[t],d[li]/d[betan],-0.000132449844561902,-0.16358845868834904
195266,44,r[q95]/r[kappa],d[pcdiamag3]/d[kappa],-0.0005828530967237167,-0.3385653884691377
195266,44,r[q95]/r[kappa],d[kappa]/d[t],-0.0004570985124217672,-0.3271177668673035
195266,44,r[q95]/r[kappa],r[q95]/r[kappa],3.741260524591663e-05,0.999999999973271
195266,44,r[q95]/r[kappa],d[pcdiamag3]/d[betan],0.00029944319362343064,0.34165330510280195
195266,44,r[q95]/r[kappa],d[kappa]/d[betan],4.2365537340381966e-05,0.11653187323453773
195266,44,r[q95]/r[kappa],d[betan]/d[t],0.00044670550756123673,0.32691468967312937
195266,44,r[q95]/r[kappa],d[li]/d[betan],-2.082315213863432e-06,-0.09605841212774824
195266,44,d[pcdiamag3]/d[betan],d[pcdiamag3]/d[kappa],-0.04031933212148357,-0.9997373357881434
195266,44,d[pcdiamag3]/d[betan],d[kappa]/d[t],-0.03228433743216421,-0.9862234724410455
195266,44,d[pcdiamag3]/d[betan],r[q95]/r[kappa],0.00029944319362343064,0.34165330510280195
195266,44,d[pcdiamag3]/d[betan],d[pcdiamag3]/d[betan],0.020532398642030034,0.9999999999999514
195266,44,d[pcdiamag3]/d[betan],d[kappa]/d[betan],0.0035925276979184625,0.42181426796817767
195266,44,d[pcdiamag3]/d[betan],d[betan]/d[t],0.031572083963936994,0.9862919983539165
195266,44,d[pcdiamag3]/d[betan],d[li]/d[betan],6.766288291905349e-05,0.13323813991176045
195266,44,d[kappa]/d[betan],d[pcdiamag3]/d[kappa],-0.0072120363831732915,-0.43111319860154323
195266,44,d[kappa]/d[betan],d[kappa]/d[t],-0.007657663732882789,-0.5639499681908475
195266,44,d[kappa]/d[betan],r[q95]/r[kappa],4.2365537340381966e-05,0.11653187323453773
195266,44,d[kappa]/d[betan],d[pcdiamag3]/d[betan],0.0035925276979184625,0.42181426796817767
195266,44,d[kappa]/d[betan],d[kappa]/d[betan],0.0035327916985587074,0.9999999999997169
195266,44,d[kappa]/d[betan],d[betan]/d[t],0.0074917973385222785,0.5642208223387364
195266,44,d[kappa]/d[betan],d[li]/d[betan],4.1834354631279305e-05,0.19859667130974826
195266,44,d[betan]/d[t],d[pcdiamag3]/d[kappa],-0.06212656851284352,-0.9880795175919876
195266,44,d[betan]/d[t],d[kappa]/d[t],-0.05101349721088245,-0.9995637611236727
195266,44,d[betan]/d[t],r[q95]/r[kappa],0.00044670550756123673,0.32691468967312937
195266,44,d[betan]/d[t],d[pcdiamag3]/d[betan],0.031572083963936994,0.9862919983539165
195266,44,d[betan]/d[t],d[kappa]/d[betan],0.0074917973385222785,0.5642208223387364
195266,44,d[betan]/d[t],d[betan]/d[t],0.04990634805060575,0.99999999999998
195266,44,d[betan]/d[t],d[li]/d[betan],0.00013575486869904155,0.17146497696727783
195266,44,d[li]/d[betan],d[pcdiamag3]/d[kappa],-0.00013731248314041564,-0.13765765072705297
195266,44,d[li]/d[betan],d[kappa]/d[t],-0.000132449844561902,-0.16358845868834904
195266,44,d[li]/d[betan],r[q95]/r[kappa],-2.082315213863432e-06,-0.09605841212774824
195266,44,d[li]/d[betan],d[pcdiamag3]/d[betan],6.766288291905349e-05,0.13323813991176045
195266,44,d[li]/d[betan],d[kappa]/d[betan],4.1834354631279305e-05,0.19859667130974826
195266,44,d[li]/d[betan],d[betan]/d[t],0.00013575486869904155,0.17146497696727783
195266,44,d[li]/d[betan],d[li]/d[betan],1.2560420703128181e-05,0.9999999999203848
195267,45,d[pcdiamag3]/d[kappa],d[pcdiamag3]/d[kappa],0.09243652663605513,0.9999999999999892
195267,45,d[pcdiamag3]/d[kappa],d[kappa]/d[t],0.0535088569014299,0.9828817301349847
195267,45,d[pcdiamag3]/d[kappa],r[q95]/r[kappa],0.0006995192811397924,0.2563596365079006
195267,45,d[pcdiamag3]/d[kappa],d[pcdiamag3]/d[betan],-0.060344290209433014,-0.9999149647541626
195267,45,d[pcdiamag3]/d[kappa],d[kappa]/d[betan],0.028152549042307365,0.8824562781882626
195267,45,d[pcdiamag3]/d[kappa],d[betan]/d[t],-0.05254527154739109,-0.9835082535750009
195267,45,d[pcdiamag3]/d[kappa],d[li]/d[betan],-0.00023423423138889187,-0.1934187254310841
195267,45,d[kappa]/d[t],d[pcdiamag3]/d[kappa],0.0535088569014299,0.9828817301349847
195267,45,d[kappa]/d[t],d[kappa]/d[t],0.032063077410276634,0.9999999999999688
195267,45,d[kappa]/d[t],r[q95]/r[kappa],0.000413062652216159,0.25703075627723976
195267,45,d[kappa]/d[t],d[pcdiamag3]/d[betan],-0.03491885577153041,-0.9824401354198596
195267,45,d[kappa]/d[t],d[kappa]/d[betan],0.014688961876159673,0.7817822117637759
195267,45,d[kappa]/d[t],d[betan]/d[t],-0.03145511364979596,-0.9996657990047564
195267,45,d[kappa]/d[t],d[li]/d[betan],-0.00013268517661531337,-0.18603290479729612
195267,45,r[q95]/r[kappa],d[pcdiamag3]/d[kappa],0.0006995192811397924,0.2563596365079006
195267,45,r[q95]/r[kappa],d[kappa]/d[t],0.000413062652216159,0.25703075627723976
195267,45,r[q95]/r[kappa],r[q95]/r[kappa],8.0548316299862e-05,0.999999999987585
195267,45,r[q95]/r[kappa],d[pcdiamag3]/d[betan],-0.00045420453591454017,-0.25495992778193416
195267,45,r[q95]/r[kappa],d[kappa]/d[betan],0.00022913175586846145,0.24330684791905638
195267,45,r[q95]/r[kappa],d[betan]/d[t],-0.00039286318339810364,-0.2491031820427166
195267,45,r[q95]/r[kappa],d[li]/d[betan],-1.182564876662412e-05,-0.33080091699430314
195267,45,d[pcdiamag3]/d[betan],d[pcdiamag3]/d[kappa],-0.060344290209433014,-0.9999149647541626
195267,45,d[pcdiamag3]/d[betan],d[kappa]/d[t],-0.03491885577153041,-0.9824401354198596
195267,45,d[pcdiamag3]/d[betan],r[q95]/r[kappa],-0.00045420453591454017,-0.25495992778193416
195267,45,d[pcdiamag3]/d[betan],d[pcdiamag3]/d[betan],0.039400579757657615,0.9999999999999747
195267,45,d[pcdiamag3]/d[betan],d[kappa]/d[betan],-0.018397739025298586,-0.8833044747109773
195267,45,d[pcdiamag3]/d[betan],d[betan]/d[t],0.03429174727709534,0.9831153690303714
195267,45,d[pcdiamag3]/d[betan],d[li]/d[betan],0.00015045748728185392,0.19029722741092545
195267,45,d[kappa]/d[betan],d[pcdiamag3]/d[kappa],0.028152549042307365,0.8824562781882626
195267,45,d[kappa]/d[betan],d[kappa]/d[t],0.014688961876159673,0.7817822117637759
195267,45,d[kappa]/d[betan],r[q95]/r[kappa],0.00022913175586846145,0.24330684791905638
195267,45,d[kappa]/d[betan],d[pcdiamag3]/d[betan],-0.018397739025298586,-0.8833044747109773
195267,45,d[kappa]/d[betan],d[kappa]/d[betan],0.011010459270835481,0.9999999999999093
195267,45,d[kappa]/d[betan],d[betan]/d[t],-0.01444212657191001,-0.7832395454438555
195267,45,d[kappa]/d[betan],d[li]/d[betan],-9.721236038247533e-05,-0.23258876525145433
195267,45,d[betan]/d[t],d[pcdiamag3]/d[kappa],-0.05254527154739109,-0.9835082535750009
195267,45,d[betan]/d[t],d[kappa]/d[t],-0.03145511364979596,-0.9996657990047564
195267,45,d[betan]/d[t],r[q95]/r[kappa],-0.00039286318339810364,-0.2491031820427166
195267,45,d[betan]/d[t],d[pcdiamag3]/d[betan],0.03429174727709534,0.9831153690303714
195267,45,d[betan]/d[t],d[kappa]/d[betan],-0.01444212657191001,-0.7832395454438555
195267,45,d[betan]/d[t],d[betan]/d[t],0.03087931413492633,0.9999999999999677
195267,45,d[betan]/d[t],d[li]/d[betan],0.00012532237953349033,0.17904606135415535
195267,45,d[li]/d[betan],d[pcdiamag3]/d[kappa],-0.00023423423138889187,-0.1934187254310841
195267,45,d[li]/d[betan],d[kappa]/d[t],-0.00013268517661531337,-0.18603290479729612
195267,45,d[li]/d[betan],r[q95]/r[kappa],-1.182564876662412e-05,-0.33080091699430314
195267,45,d[li]/d[betan],d[pcdiamag3]/d[betan],0.00015045748728185392,0.19029722741092545
195267,45,d[li]/d[betan],d[kappa]/d[betan],-9.721236038247533e-05,-0.23258876525145433
195267,45,d[li]/d[betan],d[betan]/d[t],0.00012532237953349033,0.17904606135415535
195267,45,d[li]/d[betan],d[li]/d[betan],1.5865730589589258e-05,0.9999999999369711
195268,46,d[pcdiamag3]/d[kappa],d[pcdiamag3]/d[kappa],0.04312035265963996,0.9999999999999768
195268,46,d[pcdiamag3]/d[kappa],d[kappa]/d[t],0.02905182362521153,0.9815839505943098
195268,46,d[pcdiamag3]/d[kappa],r[q95]/r[kappa],0.0010277421148178589,0.3990977258544765
195268,46,d[pcdiamag3]/d[kappa],d[pcdiamag3]/d[betan],-0.024278633941776394,-0.9996471546143985
195268,46,d[pcdiamag3]/d[kappa],d[kappa]/d[betan],0.002703306864287111,0.28221575083534245
195268,46,d[pcdiamag3]/d[kappa],d[betan]/d[t],-0.02878471185066792,-0.9797420046238509
195268,46,d[pcdiamag3]/d[kappa],d[li]/d[betan],1.718410056158008e-05,0.017677976337007028
195268,46,d[kappa]/d[t],d[pcdiamag3]/d[kappa],0.02905182362521153,0.9815839505943098
195268,46,d[kappa]/d[t],d[kappa]/d[t],0.020314661774581827,0.9999999999999508
195268,46,d[kappa]/d[t],r[q95]/r[kappa],0.0007050638629648544,0.398896209823512
195268,46,d[kappa]/d[t],d[pcdiamag3]/d[betan],-0.016350096688475625,-0.9807970847419842
195268,46,d[kappa]/d[t],d[kappa]/d[betan],0.000629062227933161,0.09567883182573726
195268,46,d[kappa]/d[t],d[betan]/d[t],-0.020152671962688103,-0.999352794932039
195268,46,d[kappa]/d[t],d[li]/d[betan],6.24666050469909e-06,0.009362460537342925
195268,46,r[q95]/r[kappa],d[pcdiamag3]/d[kappa],0.0010277421148178589,0.3990977258544765
195268,46,r[q95]/r[kappa],d[kappa]/d[t],0.0007050638629648544,0.398896209823512
195268,46,r[q95]/r[kappa],r[q95]/r[kappa],0.0001537897874063669,0.9999999999934978
195268,46,r[q95]/r[kappa],d[pcdiamag3]/d[betan],-0.0005798302440453645,-0.39976130599079207
195268,46,r[q95]/r[kappa],d[kappa]/d[betan],6.906443192023637e-05,0.12073070846557948
195268,46,r[q95]/r[kappa],d[betan]/d[t],-0.0006952616649929706,-0.39625570650771336
195268,46,r[q95]/r[kappa],d[li]/d[betan],-1.670721315881623e-05,-0.28779759475479094
195268,46,d[pcdiamag3]/d[betan],d[pcdiamag3]/d[kappa],-0.024278633941776394,-0.9996471546143985
195268,46,d[pcdiamag3]/d[betan],d[kappa]/d[t],-0.016350096688475625,-0.9807970847419842
195268,46,d[pcdiamag3]/d[betan],r[q95]/r[kappa],-0.0005798302440453645,-0.39976130599079207
195268,46,d[pcdiamag3]/d[betan],d[pcdiamag3]/d[betan],0.013679578687158266,0.999999999999927
195268,46,d[pcdiamag3]/d[betan],d[kappa]/d[betan],-0.0015359451217656158,-0.28468618427296905
195268,46,d[pcdiamag3]/d[betan],d[betan]/d[t],0.016201342194051675,0.9790517043774687
195268,46,d[pcdiamag3]/d[betan],d[li]/d[betan],-1.1353985095079712e-05,-0.02073761720402936
195268,46,d[kappa]/d[betan],d[pcdiamag3]/d[kappa],0.002703306864287111,0.28221575083534245
195268,46,d[kappa]/d[betan],d[kappa]/d[t],0.000629062227933161,0.09567883182573726
195268,46,d[kappa]/d[betan],r[q95]/r[kappa],6.906443192023637e-05,0.12073070846557948
195268,46,d[kappa]/d[betan],d[pcdiamag3]/d[betan],-0.0015359451217656158,-0.28468618427296905
195268,46,d[kappa]/d[betan],d[kappa]/d[betan],0.0021278739262186935,0.99999999999953
195268,46,d[kappa]/d[betan],d[betan]/d[t],-0.0005620601244160832,-0.08611936570102635
195268,46,d[kappa]/d[betan],d[li]/d[betan],-5.347519141603314e-06,-0.02476431365976876
195268,46,d[betan]/d[t],d[pcdiamag3]/d[kappa],-0.02878471185066792,-0.9797420046238509
195268,46,d[betan]/d[t],d[kappa]/d[t],-0.020152671962688103,-0.999352794932039
195268,46,d[betan]/d[t],r[q95]/r[kappa],-0.0006952616649929706,-0.39625570650771336
195268,46,d[betan]/d[t],d[pcdiamag3]/d[betan],0.016201342194051675,0.9790517043774687
195268,46,d[betan]/d[t],d[kappa]/d[betan],-0.0005620601244160832,-0.08611936570102635
195268,46,d[betan]/d[t],d[betan]/d[t],0.02001787682080586,0.99999999999995
195268,46,d[betan]/d[t],d[li]/d[betan],-2.406932724488347e-06,-0.003634141558343056
195268,46,d[li]/d[betan],d[pcdiamag3]/d[kappa],1.718410056158008e-05,0.017677976337007028
195268,46,d[li]/d[betan],d[kappa]/d[t],6.24666050469909e-06,0.009362460537342925
195268,46,d[li]/d[betan],r[q95]/r[kappa],-1.670721315881623e-05,-0.28779759475479094
195268,46,d[li]/d[betan],d[pcdiamag3]/d[betan],-1.1353985095079712e-05,-0.02073761720402936
195268,46,d[li]/d[betan],d[kappa]/d[betan],-5.347519141603314e-06,-0.02476431365976876
195268,46,d[li]/d[betan],d[betan]/d[t],-2.406932724488347e-06,-0.003634141558343056
195268,46,d[li]/d[betan],d[li]/d[betan],2.1913220585824355e-05,0.9999999999543654
195269,47,d[pcdiamag3]/d[kappa],d[pcdiamag3]/d[kappa],0.05267710885630316,0.999999999999981
195269,47,d[pcdiamag3]/d[kappa],d[kappa]/d[t],0.031118838883487893,0.9733743077431756
195269,47,d[pcdiamag3]/d[kappa],r[q95]/r[kappa],-0.000161622877398533,-0.06639158566747695
195269,47,d[pcdiamag3]/d[kappa],d[pcdiamag3]/d[betan],-0.03676512907626043,-0.9996438673313458
195269,47,d[pcdiamag3]/d[kappa],d[kappa]/d[betan],0.015497070181930387,0.7981621305565882
195269,47,d[pcdiamag3]/d[kappa],d[betan]/d[t],-0.02989078986759667,-0.9697469062483263
195269,47,d[pcdiamag3]/d[kappa],d[li]/d[betan],-0.0009961775367999142,-0.5175263399218532
195269,47,d[kappa]/d[t],d[pcdiamag3]/d[kappa],0.031118838883487893,0.9733743077431756
195269,47,d[kappa]/d[t],d[kappa]/d[t],0.01940283003979336,0.9999999999999485
195269,47,d[kappa]/d[t],r[q95]/r[kappa],-8.207954632117466e-05,-0.055555054761943244
195269,47,d[kappa]/d[t],d[pcdiamag3]/d[betan],-0.02174273999116527,-0.9740963345674097
195269,47,d[kappa]/d[t],d[kappa]/d[betan],0.007599258757122631,0.6448982182344168
195269,47,d[kappa]/d[t],d[betan]/d[t],-0.018672503152633368,-0.998164174774212
195269,47,d[kappa]/d[t],d[li]/d[betan],-0.0006040184239671009,-0.517040217516747
195269,47,r[q95]/r[kappa],d[pcdiamag3]/d[kappa],-0.000161622877398533,-0.06639158566747695
195269,47,r[q95]/r[kappa],d[kappa]/d[t],-8.207954632117466e-05,-0.055555054761943244
195269,47,r[q95]/r[kappa],r[q95]/r[kappa],0.0001125013295674866,0.9999999999911112
195269,47,r[q95]/r[kappa],d[pcdiamag3]/d[betan],0.00012572657223020535,0.07397218108811664
195269,47,r[q95]/r[kappa],d[kappa]/d[betan],1.4099412157578405e-05,0.015713562698113963
195269,47,r[q95]/r[kappa],d[betan]/d[t],0.00011881333603569691,0.0834100419102993
195269,47,r[q95]/r[kappa],d[li]/d[betan],-3.106093153767933e-05,-0.34917434597739766
195269,47,d[pcdiamag3]/d[betan],d[pcdiamag3]/d[kappa],-0.03676512907626043,-0.9996438673313458
195269,47,d[pcdiamag3]/d[betan],d[kappa]/d[t],-0.02174273999116527,-0.9740963345674097
195269,47,d[pcdiamag3]/d[betan],r[q95]/r[kappa],0.00012572657223020535,0.07397218108811664
195269,47,d[pcdiamag3]/d[betan],d[pcdiamag3]/d[betan],0.025677908506261046,0.9999999999999611
195269,47,d[pcdiamag3]/d[betan],d[kappa]/d[betan],-0.010762956049999474,-0.7939702458314942
195269,47,d[pcdiamag3]/d[betan],d[betan]/d[t],0.020901801750090935,0.9712608368315944
195269,47,d[pcdiamag3]/d[betan],d[li]/d[betan],0.0006852885997125652,0.5099180238607018
195269,47,d[kappa]/d[betan],d[pcdiamag3]/d[kappa],0.015497070181930387,0.7981621305565882
195269,47,d[kappa]/d[betan],d[kappa]/d[t],0.007599258757122631,0.6448982182344168
195269,47,d[kappa]/d[betan],r[q95]/r[kappa],1.4099412157578405e-05,0.015713562698113963
195269,47,d[kappa]/d[betan],d[pcdiamag3]/d[betan],-0.010762956049999474,-0.7939702458314942
195269,47,d[kappa]/d[betan],d[kappa]/d[betan],0.007156406997554249,0.9999999999998602
195269,47,d[kappa]/d[betan],d[betan]/d[t],-0.007156355570457148,-0.6299069088217785
195269,47,d[kappa]/d[betan],d[li]/d[betan],-0.0003600296776289696,-0.5074549173696776
195269,47,d[betan]/d[t],d[pcdiamag3]/d[kappa],-0.02989078986759667,-0.9697469062483263
195269,47,d[betan]/d[t],d[kappa]/d[t],-0.018672503152633368,-0.998164174774212
195269,47,d[betan]/d[t],r[q95]/r[kappa],0.00011881333603569691,0.0834100419102993
195269,47,d[betan]/d[t],d[pcdiamag3]/d[betan],0.020901801750090935,0.9712608368315944
195269,47,d[betan]/d[t],d[kappa]/d[betan],-0.007156355570457148,-0.6299069088217785
195269,47,d[betan]/d[t],d[betan]/d[t],0.018035826398603728,0.9999999999999446
195269,47,d[betan]/d[t],d[li]/d[betan],0.0005576287750271716,0.49508963324833605
195269,47,d[li]/d[betan],d[pcdiamag3]/d[kappa],-0.0009961775367999142,-0.5175263399218532
195269,47,d[li]/d[betan],d[kappa]/d[t],-0.0006040184239671009,-0.517040217516747
195269,47,d[li]/d[betan],r[q95]/r[kappa],-3.106093153767933e-05,-0.34917434597739766
195269,47,d[li]/d[betan],d[pcdiamag3]/d[betan],0.0006852885997125652,0.5099180238607018
195269,47,d[li]/d[betan],d[kappa]/d[betan],-0.0003600296776289696,-0.5074549173696776
195269,47,d[li]/d[betan],d[betan]/d[t],0.0005576287750271716,0.49508963324833605
195269,47,d[li]/d[betan],d[li]/d[betan],7.033745347896387e-05,0.9999999999857828
195273,48,d[pcdiamag3]/d[kappa],d[pcdiamag3]/d[kappa],0.08289487845302472,0.9999999999999879
195273,48,d[pcdiamag3]/d[kappa],d[kappa]/d[t],0.06046905272804754,0.9792125906842266
195273,48,d[pcdiamag3]/d[kappa],r[q95]/r[kappa],-0.0005639629934970312,-0.1514065189614592
195273,48,d[pcdiamag3]/d[kappa],d[pcdiamag3]/d[betan],-0.04846984706638169,-0.9991665279119454
195273,48,d[pcdiamag3]/d[kappa],d[kappa]/d[betan],-0.0005462662163591858,-0.02769152059958524
195273,48,d[pcdiamag3]/d[kappa],d[betan]/d[t],-0.05917685729829356,-0.9790120461238958
195273,48,d[pcdiamag3]/d[kappa],d[li]/d[betan],-0.00013513879313557542,-0.04553790762152934
195273,48,d[kappa]/d[t],d[pcdiamag3]/d[kappa],0.06046905272804754,0.9792125906842266
195273,48,d[kappa]/d[t],d[kappa]/d[t],0.04600284102276852,0.9999999999999782
195273,48,d[kappa]/d[t],r[q95]/r[kappa],-0.0003785099932662836,-0.13640894194184522
195273,48,d[kappa]/d[t],d[pcdiamag3]/d[betan],-0.03541044178485171,-0.9798714301038887
195273,48,d[kappa]/d[t],d[kappa]/d[betan],-0.003212133885221856,-0.2185785917216769
195273,48,d[kappa]/d[t],d[betan]/d[t],-0.04493766647198977,-0.997971588790618
195273,48,d[kappa]/d[t],d[li]/d[betan],-0.00013927543495190109,-0.06299978710692487
195273,48,r[q95]/r[kappa],d[pcdiamag3]/d[kappa],-0.0005639629934970312,-0.1514065189614592
195273,48,r[q95]/r[kappa],d[kappa]/d[t],-0.0003785099932662836,-0.13640894194184522
195273,48,r[q95]/r[kappa],r[q95]/r[kappa],0.00016737260130262582,0.9999999999940253
195273,48,r[q95]/r[kappa],d[pcdiamag3]/d[betan],0.0003432127887499939,0.1574531508835148
195273,48,r[q95]/r[kappa],d[kappa]/d[betan],2.12232601631857e-05,0.023942871035454838
195273,48,r[q95]/r[kappa],d[betan]/d[t],0.00041910999990200936,0.15430707105615882
195273,48,r[q95]/r[kappa],d[li]/d[betan],-1.433084891835872e-05,-0.10746984430503745
195273,48,d[pcdiamag3]/d[betan],d[pcdiamag3]/d[kappa],-0.04846984706638169,-0.9991665279119454
195273,48,d[pcdiamag3]/d[betan],d[kappa]/d[t],-0.03541044178485171,-0.9798714301038887
195273,48,d[pcdiamag3]/d[betan],r[q95]/r[kappa],0.0003432127887499939,0.1574531508835148
195273,48,d[pcdiamag3]/d[betan],d[pcdiamag3]/d[betan],0.028388330081161605,0.9999999999999648
195273,48,d[pcdiamag3]/d[betan],d[kappa]/d[betan],0.00042686750055673993,0.036976813210488214
195273,48,d[pcdiamag3]/d[betan],d[betan]/d[t],0.03467144586096164,0.9801713801110958
195273,48,d[pcdiamag3]/d[betan],d[li]/d[betan],4.528605325459174e-05,0.02607662820543841
195273,48,d[kappa]/d[betan],d[pcdiamag3]/d[kappa],-0.0005462662163591858,-0.02769152059958524
195273,48,d[kappa]/d[betan],d[kappa]/d[t],-0.003212133885221856,-0.2185785917216769
195273,48,d[kappa]/d[betan],r[q95]/r[kappa],2.12232601631857e-05,0.023942871035454838
195273,48,d[kappa]/d[betan],d[pcdiamag3]/d[betan],0.00042686750055673993,0.036976813210488214
195273,48,d[kappa]/d[betan],d[kappa]/d[betan],0.004694478746268963,0.999999999999787
195273,48,d[kappa]/d[betan],d[betan]/d[t],0.0032930757998482925,0.22893280342651542
195273,48,d[kappa]/d[betan],d[li]/d[betan],-0.00010373763469080715,-0.14689247152167267
195273,48,d[betan]/d[t],d[pcdiamag3]/d[kappa],-0.05917685729829356,-0.9790120461238958
195273,48,d[betan]/d[t],d[kappa]/d[t],-0.04493766647198977,-0.997971588790618
195273,48,d[betan]/d[t],r[q95]/r[kappa],0.00041910999990200936,0.15430707105615882
195273,48,d[betan]/d[t],d[pcdiamag3]/d[betan],0.03467144586096164,0.9801713801110958
195273,48,d[betan]/d[t],d[kappa]/d[betan],0.0032930757998482925,0.22893280342651542
195273,48,d[betan]/d[t],d[betan]/d[t],0.04407578181840492,0.9999999999999774
195273,48,d[betan]/d[t],d[li]/d[betan],6.985631683461493e-05,0.03228215784418752
195273,48,d[li]/d[betan],d[pcdiamag3]/d[kappa],-0.00013513879313557542,-0.04553790762152934
195273,48,d[li]/d[betan],d[kappa]/d[t],-0.00013927543495190109,-0.06299978710692487
195273,48,d[li]/d[betan],r[q95]/r[kappa],-1.433084891835872e-05,-0.10746984430503745
195273,48,d[li]/d[betan],d[pcdiamag3]/d[betan],4.528605325459174e-05,0.02607662820543841
195273,48,d[li]/d[betan],d[kappa]/d[betan],-0.00010373763469080715,-0.14689247152167267
195273,48,d[li]/d[betan],d[betan]/d[t],6.985631683461493e-05,0.03228215784418752
195273,48,d[li]/d[betan],d[li]/d[betan],0.00010623955175239061,0.9999999999905873
195274,49,d[pcdiamag3]/d[kappa],d[pcdiamag3]/d[kappa],0.04128208414207757,0.9999999999999758
195274,49,d[pcdiamag3]/d[kappa],d[kappa]/d[t],0.02873888237317427,0.9752383718354093
195274,49,d[pcdiamag3]/d[kappa],r[q95]/r[kappa],0.0010908684828636775,0.40171433594157635
195274,49,d[pcdiamag3]/d[kappa],d[pcdiamag3]/d[betan],-0.02463748404290864,-0.9995860279458082
195274,49,d[pcdiamag3]/d[kappa],d[kappa]/d[betan],0.004100647757016372,0.3842590014027428
195274,49,d[pcdiamag3]/d[kappa],d[betan]/d[t],-0.02810668092514226,-0.9759184025892255
195274,49,d[pcdiamag3]/d[kappa],d[li]/d[betan],0.0004014575997533526,0.4691346803544646
195274,49,d[kappa]/d[t],d[pcdiamag3]/d[kappa],0.02873888237317427,0.9752383718354093
195274,49,d[kappa]/d[t],d[kappa]/d[t],0.02103568086703206,0.9999999999999525
195274,49,d[kappa]/d[t],r[q95]/r[kappa],0.000801894762293414,0.41368029423663655
195274,49,d[kappa]/d[t],d[pcdiamag3]/d[betan],-0.017156932340216712,-0.975137774264825
195274,49,d[kappa]/d[t],d[kappa]/d[betan],0.0013116432219512154,0.17218282319562633
195274,49,d[kappa]/d[t],d[betan]/d[t],-0.020544775873674637,-0.9993275775292229
195274,49,d[kappa]/d[t],d[li]/d[betan],0.00029017156666621345,0.47502364783030254
195274,49,r[q95]/r[kappa],d[pcdiamag3]/d[kappa],0.0010908684828636775,0.40171433594157635
195274,49,r[q95]/r[kappa],d[kappa]/d[t],0.000801894762293414,0.41368029423663655
195274,49,r[q95]/r[kappa],r[q95]/r[kappa],0.00017862757928395603,0.9999999999944018
195274,49,r[q95]/r[kappa],d[pcdiamag3]/d[betan],-0.000650788354437158,-0.4013933237838964
195274,49,r[q95]/r[kappa],d[kappa]/d[betan],8.581134690716896e-05,0.1222426776341311
195274,49,r[q95]/r[kappa],d[betan]/d[t],-0.0007585558907586331,-0.4004036983726736
195274,49,r[q95]/r[kappa],d[li]/d[betan],1.3597766292805692e-06,0.02415638700816432
195274,49,d[pcdiamag3]/d[betan],d[pcdiamag3]/d[kappa],-0.02463748404290864,-0.9995860279458082
195274,49,d[pcdiamag3]/d[betan],d[kappa]/d[t],-0.017156932340216712,-0.975137774264825
195274,49,d[pcdiamag3]/d[betan],r[q95]/r[kappa],-0.000650788354437158,-0.4013933237838964
195274,49,d[pcdiamag3]/d[betan],d[pcdiamag3]/d[betan],0.014716032670388636,0.999999999999932
195274,49,d[pcdiamag3]/d[betan],d[kappa]/d[betan],-0.002438993199757848,-0.38279619272510024
195274,49,d[pcdiamag3]/d[betan],d[betan]/d[t],0.016783258102999247,0.976035588038348
195274,49,d[pcdiamag3]/d[betan],d[li]/d[betan],-0.00024500368917388266,-0.4795301462374362
195274,49,d[kappa]/d[betan],d[pcdiamag3]/d[kappa],0.004100647757016372,0.3842590014027428
195274,49,d[kappa]/d[betan],d[kappa]/d[t],0.0013116432219512154,0.17218282319562633
195274,49,d[kappa]/d[betan],r[q95]/r[kappa],8.581134690716896e-05,0.1222426776341311
195274,49,d[kappa]/d[betan],d[pcdiamag3]/d[betan],-0.002438993199757848,-0.38279619272510024
195274,49,d[kappa]/d[betan],d[kappa]/d[betan],0.0027586411886075823,0.9999999999996375
195274,49,d[kappa]/d[betan],d[betan]/d[t],-0.0013027123650977599,-0.17497889861657712
195274,49,d[kappa]/d[betan],d[li]/d[betan],1.624086840535211e-05,0.07341762002410118
195274,49,d[betan]/d[t],d[pcdiamag3]/d[kappa],-0.02810668092514226,-0.9759184025892255
195274,49,d[betan]/d[t],d[kappa]/d[t],-0.020544775873674637,-0.9993275775292229
195274,49,d[betan]/d[t],r[q95]/r[kappa],-0.0007585558907586331,-0.4004036983726736
195274,49,d[betan]/d[t],d[pcdiamag3]/d[betan],0.016783258102999247,0.976035588038348
195274,49,d[betan]/d[t],d[kappa]/d[betan],-0.0013027123650977599,-0.17497889861657712
195274,49,d[betan]/d[t],d[betan]/d[t],0.020092339016370888,0.9999999999999503
195274,49,d[betan]/d[t],d[li]/d[betan],-0.0002808185714031648,-0.4703804243568741
195274,49,d[li]/d[betan],d[pcdiamag3]/d[kappa],0.0004014575997533526,0.4691346803544646
195274,49,d[li]/d[betan],d[kappa]/d[t],0.00029017156666621345,0.47502364783030254
195274,49,d[li]/d[betan],r[q95]/r[kappa],1.3597766292805692e-06,0.02415638700816432
195274,49,d[li]/d[betan],d[pcdiamag3]/d[betan],-0.00024500368917388266,-0.4795301462374362
195274,49,d[li]/d[betan],d[kappa]/d[betan],1.624086840535211e-05,0.07341762002410118
195274,49,d[li]/d[betan],d[betan]/d[t],-0.0002808185714031648,-0.4703804243568741
195274,49,d[li]/d[betan],d[li]/d[betan],1.7738736183005224e-05,0.9999999999436262
195626,50,d[pcdiamag3]/d[kappa],d[pcdiamag3]/d[kappa],0.03264412598019828,0.9999999999999694
195626,50,d[pcdiamag3]/d[kappa],d[kappa]/d[t],-0.010543828767900845,-0.6347687356482296
195626,50,d[pcdiamag3]/d[kappa],r[q95]/r[kappa],0.0007484296393377729,0.10655513799911973
195626,50,d[pcdiamag3]/d[kappa],d[pcdiamag3]/d[betan],-0.050423396934173983,-0.9984375957995335
195626,50,d[pcdiamag3]/d[kappa],d[kappa]/d[betan],0.056504365342980055,0.9438893591327295
195626,50,d[pcdiamag3]/d[kappa],d[betan]/d[t],0.011609768965351425,0.6600934130489667
195626,50,d[pcdiamag3]/d[kappa],d[li]/d[betan],4.092993885586715e-05,0.013623387062669556
195626,50,d[kappa]/d[t],d[pcdiamag3]/d[kappa],-0.010543828767900845,-0.6347687356482296
195626,50,d[kappa]/d[t],d[kappa]/d[t],0.008452021380748756,0.9999999999998818
195626,50,d[kappa]/d[t],r[q95]/r[kappa],-0.0010305955600669737,-0.28835926773576653
195626,50,d[kappa]/d[t],d[pcdiamag3]/d[betan],0.01629949440713588,0.634286091307976
195626,50,d[kappa]/d[t],d[kappa]/d[betan],-0.02583460980956159,-0.8481315608277389
195626,50,d[kappa]/d[t],d[betan]/d[t],-0.008404425425663877,-0.9391005150374115
195626,50,d[kappa]/d[t],d[li]/d[betan],0.00018643736206728245,0.12195487866645716
195626,50,r[q95]/r[kappa],d[pcdiamag3]/d[kappa],0.0007484296393377729,0.10655513799911973
195626,50,r[q95]/r[kappa],d[kappa]/d[t],-0.0010305955600669737,-0.28835926773576653
195626,50,r[q95]/r[kappa],r[q95]/r[kappa],0.0015112910807880508,0.9999999999993383
195626,50,r[q95]/r[kappa],d[pcdiamag3]/d[betan],-0.0012579592516850334,-0.11576675563300862
195626,50,r[q95]/r[kappa],d[kappa]/d[betan],0.0023875755308641394,0.1853636920862843
195626,50,r[q95]/r[kappa],d[betan]/d[t],0.0006827818473223676,0.18042314586903843
195626,50,r[q95]/r[kappa],d[li]/d[betan],-0.00023205287590566883,-0.35897104395593254
195626,50,d[pcdiamag3]/d[betan],d[pcdiamag3]/d[kappa],-0.050423396934173983,-0.9984375957995335
195626,50,d[pcdiamag3]/d[betan],d[kappa]/d[t],0.01629949440713588,0.634286091307976
195626,50,d[pcdiamag3]/d[betan],r[q95]/r[kappa],-0.0012579592516850334,-0.11576675563300862
195626,50,d[pcdiamag3]/d[betan],d[pcdiamag3]/d[betan],0.07812990622187536,0.9999999999999872
195626,50,d[pcdiamag3]/d[betan],d[kappa]/d[betan],-0.087322477473948,-0.9428856122089938
195626,50,d[pcdiamag3]/d[betan],d[betan]/d[t],-0.017696926753522697,-0.650389537172468
195626,50,d[pcdiamag3]/d[betan],d[li]/d[betan],3.5813487153042194e-05,0.007705210029901622
195626,50,d[kappa]/d[betan],d[pcdiamag3]/d[kappa],0.056504365342980055,0.9438893591327295
195626,50,d[kappa]/d[betan],d[kappa]/d[t],-0.02583460980956159,-0.8481315608277389
195626,50,d[kappa]/d[betan],r[q95]/r[kappa],0.0023875755308641394,0.1853636920862843
195626,50,d[kappa]/d[betan],d[pcdiamag3]/d[betan],-0.087322477473948,-0.9428856122089938
195626,50,d[kappa]/d[betan],d[kappa]/d[betan],0.10977836976189766,0.9999999999999909
195626,50,d[kappa]/d[betan],d[betan]/d[t],0.027714957259771352,0.8592908136027123
195626,50,d[kappa]/d[betan],d[li]/d[betan],2.4647004950986852e-05,0.004473549903115189
195626,50,d[betan]/d[t],d[pcdiamag3]/d[kappa],0.011609768965351425,0.6600934130489667
195626,50,d[betan]/d[t],d[kappa]/d[t],-0.008404425425663877,-0.9391005150374115
195626,50,d[betan]/d[t],r[q95]/r[kappa],0.0006827818473223676,0.18042314586903843
195626,50,d[betan]/d[t],d[pcdiamag3]/d[betan],-0.017696926753522697,-0.650389537172468
195626,50,d[betan]/d[t],d[kappa]/d[betan],0.027714957259771352,0.8592908136027123
195626,50,d[betan]/d[t],d[betan]/d[t],0.009476136576399518,0.9999999999998945
195626,50,d[betan]/d[t],d[li]/d[betan],0.0003083323878074302,0.19048027660602043
195626,50,d[li]/d[betan],d[pcdiamag3]/d[kappa],4.092993885586715e-05,0.013623387062669556
195626,50,d[li]/d[betan],d[kappa]/d[t],0.00018643736206728245,0.12195487866645716
195626,50,d[li]/d[betan],r[q95]/r[kappa],-0.00023205287590566883,-0.35897104395593254
195626,50,d[li]/d[betan],d[pcdiamag3]/d[betan],3.5813487153042194e-05,0.007705210029901622
195626,50,d[li]/d[betan],d[kappa]/d[betan],2.4647004950986852e-05,0.004473549903115189
195626,50,d[li]/d[betan],d[betan]/d[t],0.0003083323878074302,0.19048027660602043
195626,50,d[li]/d[betan],d[li]/d[betan],0.00027650752500268494,0.9999999999963834
195638,51,d[pcdiamag3]/d[kappa],d[pcdiamag3]/d[kappa],0.05344311502067331,0.9999999999999813
195638,51,d[pcdiamag3]/d[kappa],d[kappa]/d[t],-0.015780423443791946,-0.5764241490081545
195638,51,d[pcdiamag3]/d[kappa],r[q95]/r[kappa],0.0009677907834708859,0.19003809449177422
195638,51,d[pcdiamag3]/d[kappa],d[pcdiamag3]/d[betan],-0.07786338754339128,-0.9992554973878394
195638,51,d[pcdiamag3]/d[kappa],d[kappa]/d[betan],0.08930209324951968,0.9375943912586001
195638,51,d[pcdiamag3]/d[kappa],d[betan]/d[t],0.01561496792811749,0.574985238260219
195638,51,d[pcdiamag3]/d[kappa],d[li]/d[betan],-0.0003301742108925962,-0.10617948927452119
195638,51,d[kappa]/d[t],d[pcdiamag3]/d[kappa],-0.015780423443791946,-0.5764241490081545
195638,51,d[kappa]/d[t],d[kappa]/d[t],0.014023654624816952,0.9999999999999287
195638,51,d[kappa]/d[t],r[q95]/r[kappa],-0.0007751094480634824,-0.2971238364946788
195638,51,d[kappa]/d[t],d[pcdiamag3]/d[betan],0.02245576259758666,0.5625826551009319
195638,51,d[kappa]/d[t],d[kappa]/d[betan],-0.04000243785545578,-0.8198890744371993
195638,51,d[kappa]/d[t],d[betan]/d[t],-0.01342300068715378,-0.9648959624661935
195638,51,d[kappa]/d[t],d[li]/d[betan],-4.46008906188113e-05,-0.027999887908505914
195638,51,r[q95]/r[kappa],d[pcdiamag3]/d[kappa],0.0009677907834708859,0.19003809449177422
195638,51,r[q95]/r[kappa],d[kappa]/d[t],-0.0007751094480634824,-0.2971238364946788
195638,51,r[q95]/r[kappa],r[q95]/r[kappa],0.0004852771761415606,0.9999999999979393
195638,51,r[q95]/r[kappa],d[pcdiamag3]/d[betan],-0.0013912008929231163,-0.18736309363924222
195638,51,r[q95]/r[kappa],d[kappa]/d[betan],0.00226391691673386,0.24943925197380973
195638,51,r[q95]/r[kappa],d[betan]/d[t],0.0006213268132092864,0.24009695013644924
195638,51,r[q95]/r[kappa],d[li]/d[betan],-6.592057478070039e-05,-0.22246895659526464
195638,51,d[pcdiamag3]/d[betan],d[pcdiamag3]/d[kappa],-0.07786338754339128,-0.9992554973878394
195638,51,d[pcdiamag3]/d[betan],d[kappa]/d[t],0.02245576259758666,0.5625826551009319
195638,51,d[pcdiamag3]/d[betan],r[q95]/r[kappa],-0.0013912008929231163,-0.18736309363924222
195638,51,d[pcdiamag3]/d[betan],d[pcdiamag3]/d[betan],0.11361135314366096,0.9999999999999912
195638,51,d[pcdiamag3]/d[betan],d[kappa]/d[betan],-0.1292757540431474,-0.9309052017554057
195638,51,d[pcdiamag3]/d[betan],d[betan]/d[t],-0.02206235413056644,-0.5571889121109445
195638,51,d[pcdiamag3]/d[betan],d[li]/d[betan],0.0005570587296385652,0.12286649901772546
195638,51,d[kappa]/d[betan],d[pcdiamag3]/d[kappa],0.08930209324951968,0.9375943912586001
195638,51,d[kappa]/d[betan],d[kappa]/d[t],-0.04000243785545578,-0.8198890744371993
195638,51,d[kappa]/d[betan],r[q95]/r[kappa],0.00226391691673386,0.24943925197380973
195638,51,d[kappa]/d[betan],d[pcdiamag3]/d[betan],-0.1292757540431474,-0.9309052017554057
195638,51,d[kappa]/d[betan],d[kappa]/d[betan],0.16974676745965567,0.9999999999999941
195638,51,d[kappa]/d[betan],d[betan]/d[t],0.03965258143798355,0.8192796919636555
195638,51,d[kappa]/d[betan],d[li]/d[betan],-7.615650680522857e-05,-0.013741989880672167
195638,51,d[betan]/d[t],d[pcdiamag3]/d[kappa],0.01561496792811749,0.574985238260219
195638,51,d[betan]/d[t],d[kappa]/d[t],-0.01342300068715378,-0.9648959624661935
195638,51,d[betan]/d[t],r[q95]/r[kappa],0.0006213268132092864,0.24009695013644924
195638,51,d[betan]/d[t],d[pcdiamag3]/d[betan],-0.02206235413056644,-0.5571889121109445
195638,51,d[betan]/d[t],d[kappa]/d[betan],0.03965258143798355,0.8192796919636555
195638,51,d[betan]/d[t],d[betan]/d[t],0.013799934948279134,0.9999999999999276
195638,51,d[betan]/d[t],d[li]/d[betan],0.00041057451324136713,0.25983451056039747
195638,51,d[li]/d[betan],d[pcdiamag3]/d[kappa],-0.0003301742108925962,-0.10617948927452119
195638,51,d[li]/d[betan],d[kappa]/d[t],-4.46008906188113e-05,-0.027999887908505914
195638,51,d[li]/d[betan],r[q95]/r[kappa],-6.592057478070039e-05,-0.22246895659526464
195638,51,d[li]/d[betan],d[pcdiamag3]/d[betan],0.0005570587296385652,0.12286649901772546
195638,51,d[li]/d[betan],d[kappa]/d[betan],-7.615650680522857e-05,-0.013741989880672167
195638,51,d[li]/d[betan],d[betan]/d[t],0.00041057451324136713,0.25983451056039747
195638,51,d[li]/d[betan],d[li]/d[betan],0.00018093111903545408,0.9999999999944731
195642,52,d[pcdiamag3]/d[kappa],d[pcdiamag3]/d[kappa],0.07697160963442236,0.999999999999987
195642,52,d[pcdiamag3]/d[kappa],d[kappa]/d[t],-0.026561619084506244,-0.854539275718303
195642,52,d[pcdiamag3]/d[kappa],r[q95]/r[kappa],0.00033114848872041973,0.09267702420109683
195642,52,d[pcdiamag3]/d[kappa],d[pcdiamag3]/d[betan],-0.11664847123973134,-0.9998562952529
195642,52,d[pcdiamag3]/d[kappa],d[kappa]/d[betan],0.1372349320390385,0.9856414850772727
195642,52,d[pcdiamag3]/d[kappa],d[betan]/d[t],0.022417493167435784,0.823410694758426
195642,52,d[pcdiamag3]/d[kappa],d[li]/d[betan],-0.002615851702532342,-0.566752612400488
195642,52,d[kappa]/d[t],d[pcdiamag3]/d[kappa],-0.026561619084506244,-0.854539275718303
195642,52,d[kappa]/d[t],d[kappa]/d[t],0.01255204430170042,0.9999999999999204
195642,52,d[kappa]/d[t],r[q95]/r[kappa],-0.000268865945482656,-0.18633444909709473
195642,52,d[kappa]/d[t],d[pcdiamag3]/d[betan],0.040233614572518235,0.8539956090461462
195642,52,d[kappa]/d[t],d[kappa]/d[betan],-0.052026578881702645,-0.9253107854094106
195642,52,d[kappa]/d[t],d[betan]/d[t],-0.010500612919972988,-0.955107289301337
195642,52,d[kappa]/d[t],d[li]/d[betan],0.001206768125753271,0.6474590333954064
195642,52,r[q95]/r[kappa],d[pcdiamag3]/d[kappa],0.00033114848872041973,0.09267702420109683
195642,52,r[q95]/r[kappa],d[kappa]/d[t],-0.000268865945482656,-0.18633444909709473
195642,52,r[q95]/r[kappa],r[q95]/r[kappa],0.00016587113838006674,0.9999999999939713
195642,52,r[q95]/r[kappa],d[pcdiamag3]/d[betan],-0.0005046298385570864,-0.09317755970330739
195642,52,r[q95]/r[kappa],d[kappa]/d[betan],0.000808719758149347,0.12512158238679083
195642,52,r[q95]/r[kappa],d[betan]/d[t],0.00023270312966134688,0.18412448847933988
195642,52,r[q95]/r[kappa],d[li]/d[betan],-5.214464539923351e-06,-0.024337165834109446
195642,52,d[pcdiamag3]/d[betan],d[pcdiamag3]/d[kappa],-0.11664847123973134,-0.9998562952529
195642,52,d[pcdiamag3]/d[betan],d[kappa]/d[t],0.040233614572518235,0.8539956090461462
195642,52,d[pcdiamag3]/d[betan],r[q95]/r[kappa],-0.0005046298385570864,-0.09317755970330739
195642,52,d[pcdiamag3]/d[betan],d[pcdiamag3]/d[betan],0.17682854097491457,0.9999999999999943
195642,52,d[pcdiamag3]/d[betan],d[kappa]/d[betan],-0.2079745299044704,-0.9854930292121583
195642,52,d[pcdiamag3]/d[betan],d[betan]/d[t],-0.033942378248102166,-0.8225472008990999
195642,52,d[pcdiamag3]/d[betan],d[li]/d[betan],0.003955956055294208,0.5654848477057672
195642,52,d[kappa]/d[betan],d[pcdiamag3]/d[kappa],0.1372349320390385,0.9856414850772727
195642,52,d[kappa]/d[betan],d[kappa]/d[t],-0.052026578881702645,-0.9253107854094106
195642,52,d[kappa]/d[betan],r[q95]/r[kappa],0.000808719758149347,0.12512158238679083
195642,52,d[kappa]/d[betan],d[pcdiamag3]/d[betan],-0.2079745299044704,-0.9854930292121583
195642,52,d[kappa]/d[betan],d[kappa]/d[betan],0.2518609433603888,0.999999999999996
195642,52,d[kappa]/d[betan],d[betan]/d[t],0.04453716770197226,0.9043507933696054
195642,52,d[kappa]/d[betan],d[li]/d[betan],-0.00480796768356964,-0.5758731401384569
195642,52,d[betan]/d[t],d[pcdiamag3]/d[kappa],0.022417493167435784,0.823410694758426
195642,52,d[betan]/d[t],d[kappa]/d[t],-0.010500612919972988,-0.955107289301337
195642,52,d[betan]/d[t],r[q95]/r[kappa],0.00023270312966134688,0.18412448847933988
195642,52,d[betan]/d[t],d[pcdiamag3]/d[betan],-0.033942378248102166,-0.8225472008990999
195642,52,d[betan]/d[t],d[kappa]/d[betan],0.04453716770197226,0.9043507933696054
195642,52,d[betan]/d[t],d[betan]/d[t],0.009629650311002207,0.9999999999998962
195642,52,d[betan]/d[t],d[li]/d[betan],-0.000682225465072845,-0.4178961435319709
195642,52,d[li]/d[betan],d[pcdiamag3]/d[kappa],-0.002615851702532342,-0.566752612400488
195642,52,d[li]/d[betan],d[kappa]/d[t],0.001206768125753271,0.6474590333954064
195642,52,d[li]/d[betan],r[q95]/r[kappa],-5.214464539923351e-06,-0.024337165834109446
195642,52,d[li]/d[betan],d[pcdiamag3]/d[betan],0.003955956055294208,0.5654848477057672
195642,52,d[li]/d[betan],d[kappa]/d[betan],-0.00480796768356964,-0.5758731401384569
195642,52,d[li]/d[betan],d[betan]/d[t],-0.000682225465072845,-0.4178961435319709
195642,52,d[li]/d[betan],d[li]/d[betan],0.00027676336917744574,0.9999999999963868
195645,53,d[pcdiamag3]/d[kappa],d[pcdiamag3]/d[kappa],0.06608224641982982,0.9999999999999849
195645,53,d[pcdiamag3]/d[kappa],d[kappa]/d[t],-0.02410069920520757,-0.8798042627404233
195645,53,d[pcdiamag3]/d[kappa],r[q95]/r[kappa],0.0011774147873695772,0.2618672126878916
195645,53,d[pcdiamag3]/d[kappa],d[pcdiamag3]/d[betan],-0.10329951034256755,-0.9988296442539479
195645,53,d[pcdiamag3]/d[kappa],d[kappa]/d[betan],0.12617372377562536,0.9889037465194174
195645,53,d[pcdiamag3]/d[kappa],d[betan]/d[t],0.028931065750327573,0.9202751113013594
195645,53,d[pcdiamag3]/d[kappa],d[li]/d[betan],-0.00021557041119435715,-0.06825635510857547
195645,53,d[kappa]/d[t],d[pcdiamag3]/d[kappa],-0.02410069920520757,-0.8798042627404233
195645,53,d[kappa]/d[t],d[kappa]/d[t],0.01135539806490189,0.999999999999912
195645,53,d[kappa]/d[t],r[q95]/r[kappa],-0.0005192339873456248,-0.27858387145261465
195645,53,d[kappa]/d[t],d[pcdiamag3]/d[betan],0.03805329395238695,0.8876190896594414
195645,53,d[kappa]/d[t],d[kappa]/d[betan],-0.04945206098428537,-0.9349980718797717
195645,53,d[kappa]/d[t],d[betan]/d[t],-0.012250660634025676,-0.9400565315142605
195645,53,d[kappa]/d[t],d[li]/d[betan],0.00022173076473484498,0.16936400517279213
195645,53,r[q95]/r[kappa],d[pcdiamag3]/d[kappa],0.0011774147873695772,0.2618672126878916
195645,53,r[q95]/r[kappa],d[kappa]/d[t],-0.0005192339873456248,-0.27858387145261465
195645,53,r[q95]/r[kappa],r[q95]/r[kappa],0.00030592285417907646,0.9999999999967312
195645,53,r[q95]/r[kappa],d[pcdiamag3]/d[betan],-0.0018104391913164367,-0.2572844511306228
195645,53,r[q95]/r[kappa],d[kappa]/d[betan],0.002433416575858285,0.28030961924440545
195645,53,r[q95]/r[kappa],d[betan]/d[t],0.0006379756646095518,0.2982591633501611
195645,53,r[q95]/r[kappa],d[li]/d[betan],-3.215517142060243e-05,-0.14963776401982132
195645,53,d[pcdiamag3]/d[betan],d[pcdiamag3]/d[kappa],-0.10329951034256755,-0.9988296442539479
195645,53,d[pcdiamag3]/d[betan],d[kappa]/d[t],0.03805329395238695,0.8876190896594414
195645,53,d[pcdiamag3]/d[betan],r[q95]/r[kappa],-0.0018104391913164367,-0.2572844511306228
195645,53,d[pcdiamag3]/d[betan],d[pcdiamag3]/d[betan],0.16185602898588353,0.9999999999999938
195645,53,d[pcdiamag3]/d[betan],d[kappa]/d[betan],-0.19765483583747967,-0.9898525458773861
195645,53,d[pcdiamag3]/d[betan],d[betan]/d[t],-0.045177824830375156,-0.9182406612235536
195645,53,d[pcdiamag3]/d[betan],d[li]/d[betan],0.0003207339465399249,0.06488985889344676
195645,53,d[kappa]/d[betan],d[pcdiamag3]/d[kappa],0.12617372377562536,0.9889037465194174
195645,53,d[kappa]/d[betan],d[kappa]/d[t],-0.04945206098428537,-0.9349980718797717
195645,53,d[kappa]/d[betan],r[q95]/r[kappa],0.002433416575858285,0.28030961924440545
195645,53,d[kappa]/d[betan],d[pcdiamag3]/d[betan],-0.19765483583747967,-0.9898525458773861
195645,53,d[kappa]/d[betan],d[kappa]/d[betan],0.24634570717094467,0.9999999999999959
195645,53,d[kappa]/d[betan],d[betan]/d[t],0.05842654811746047,0.9625723288605254
195645,53,d[kappa]/d[betan],d[li]/d[betan],-0.00037025486479877516,-0.06071900081872852
195645,53,d[betan]/d[t],d[pcdiamag3]/d[kappa],0.028931065750327573,0.9202751113013594
195645,53,d[betan]/d[t],d[kappa]/d[t],-0.012250660634025676,-0.9400565315142605
195645,53,d[betan]/d[t],r[q95]/r[kappa],0.0006379756646095518,0.2982591633501611
195645,53,d[betan]/d[t],d[pcdiamag3]/d[betan],-0.045177824830375156,-0.9182406612235536
195645,53,d[betan]/d[t],d[kappa]/d[betan],0.05842654811746047,0.9625723288605254
195645,53,d[betan]/d[t],d[betan]/d[t],0.014955767772701821,0.9999999999999332
195645,53,d[betan]/d[t],d[li]/d[betan],7.008675458007557e-05,0.04664745299754251
195645,53,d[li]/d[betan],d[pcdiamag3]/d[kappa],-0.00021557041119435715,-0.06825635510857547
195645,53,d[li]/d[betan],d[kappa]/d[t],0.00022173076473484498,0.16936400517279213
195645,53,d[li]/d[betan],r[q95]/r[kappa],-3.215517142060243e-05,-0.14963776401982132
195645,53,d[li]/d[betan],d[pcdiamag3]/d[betan],0.0003207339465399249,0.06488985889344676
195645,53,d[li]/d[betan],d[kappa]/d[betan],-0.00037025486479877516,-0.06071900081872852
195645,53,d[li]/d[betan],d[betan]/d[t],7.008675458007557e-05,0.04664745299754251
195645,53,d[li]/d[betan],d[li]/d[betan],0.00015094103225215668,0.999999999993375
195647,54,d[pcdiamag3]/d[kappa],d[pcdiamag3]/d[kappa],0.09057271630043488,0.999999999999989
195647,54,d[pcdiamag3]/d[kappa],d[kappa]/d[t],-0.03488336265801012,-0.8936857868251422
195647,54,d[pcdiamag3]/d[kappa],r[q95]/r[kappa],0.00027638293135766594,0.06500487247782354
195647,54,d[pcdiamag3]/d[kappa],d[pcdiamag3]/d[betan],-0.13536690135520224,-0.9999055460084555
195647,54,d[pcdiamag3]/d[kappa],d[kappa]/d[betan],0.16094397486804704,0.9882704678239549
195647,54,d[pcdiamag3]/d[kappa],d[betan]/d[t],0.03144311913620678,0.8770697566494706
195647,54,d[pcdiamag3]/d[kappa],d[li]/d[betan],-0.0018517261176777865,-0.4372867797754589
195647,54,d[kappa]/d[t],d[pcdiamag3]/d[kappa],-0.03488336265801012,-0.8936857868251422
195647,54,d[kappa]/d[t],d[kappa]/d[t],0.016821688695383988,0.9999999999999406
195647,54,d[kappa]/d[t],r[q95]/r[kappa],-0.00017338894728241352,-0.09462807430944639
195647,54,d[kappa]/d[t],d[pcdiamag3]/d[betan],0.052047820059939874,0.8920987574521928
195647,54,d[kappa]/d[t],d[kappa]/d[betan],-0.06644727439501853,-0.946764938725536
195647,54,d[kappa]/d[t],d[betan]/d[t],-0.014898842560133449,-0.9643283750823692
195647,54,d[kappa]/d[t],d[li]/d[betan],0.0009941255697859292,0.5447468661796749
195647,54,r[q95]/r[kappa],d[pcdiamag3]/d[kappa],0.00027638293135766594,0.06500487247782354
195647,54,r[q95]/r[kappa],d[kappa]/d[t],-0.00017338894728241352,-0.09462807430944639
195647,54,r[q95]/r[kappa],r[q95]/r[kappa],0.00019958744726792776,0.9999999999949898
195647,54,r[q95]/r[kappa],d[pcdiamag3]/d[betan],-0.0004051587849661922,-0.06375347093085333
195647,54,r[q95]/r[kappa],d[kappa]/d[betan],0.0005297955390560067,0.06930131513874171
195647,54,r[q95]/r[kappa],d[betan]/d[t],0.00010775767070900025,0.0640307802812403
195647,54,r[q95]/r[kappa],d[li]/d[betan],-2.0851133172901066e-05,-0.10489416791464419
195647,54,d[pcdiamag3]/d[betan],d[pcdiamag3]/d[kappa],-0.13536690135520224,-0.9999055460084555
195647,54,d[pcdiamag3]/d[betan],d[kappa]/d[t],0.052047820059939874,0.8920987574521928
195647,54,d[pcdiamag3]/d[betan],r[q95]/r[kappa],-0.0004051587849661922,-0.06375347093085333
195647,54,d[pcdiamag3]/d[betan],d[pcdiamag3]/d[betan],0.20235299115354294,0.9999999999999951
195647,54,d[pcdiamag3]/d[betan],d[kappa]/d[betan],-0.2404218031679084,-0.9876858382826244
195647,54,d[pcdiamag3]/d[betan],d[betan]/d[t],-0.046879449115041855,-0.8748526189027328
195647,54,d[pcdiamag3]/d[betan],d[li]/d[betan],0.00277277013026235,0.43807386523259856
195647,54,d[kappa]/d[betan],d[pcdiamag3]/d[kappa],0.16094397486804704,0.9882704678239549
195647,54,d[kappa]/d[betan],d[kappa]/d[t],-0.06644727439501853,-0.946764938725536
195647,54,d[kappa]/d[betan],r[q95]/r[kappa],0.0005297955390560067,0.06930131513874171
195647,54,d[kappa]/d[betan],d[pcdiamag3]/d[betan],-0.2404218031679084,-0.9876858382826244
195647,54,d[kappa]/d[betan],d[kappa]/d[betan],0.292819785445532,0.9999999999999966
195647,54,d[kappa]/d[betan],d[betan]/d[t],0.06047187619449389,0.9381244284876159
195647,54,d[kappa]/d[betan],d[li]/d[betan],-0.003371877659074653,-0.44285330662476247
195647,54,d[betan]/d[t],d[pcdiamag3]/d[kappa],0.03144311913620678,0.8770697566494706
195647,54,d[betan]/d[t],d[kappa]/d[t],-0.014898842560133449,-0.9643283750823692
195647,54,d[betan]/d[t],r[q95]/r[kappa],0.00010775767070900025,0.0640307802812403
195647,54,d[betan]/d[t],d[pcdiamag3]/d[betan],-0.046879449115041855,-0.8748526189027328
195647,54,d[betan]/d[t],d[kappa]/d[betan],0.06047187619449389,0.9381244284876159
195647,54,d[betan]/d[t],d[betan]/d[t],0.014190103994928443,0.9999999999999296
195647,54,d[betan]/d[t],d[li]/d[betan],-0.0005433637342347795,-0.3241799505655757
195647,54,d[li]/d[betan],d[pcdiamag3]/d[kappa],-0.0018517261176777865,-0.4372867797754589
195647,54,d[li]/d[betan],d[kappa]/d[t],0.0009941255697859292,0.5447468661796749
195647,54,d[li]/d[betan],r[q95]/r[kappa],-2.0851133172901066e-05,-0.10489416791464419
195647,54,d[li]/d[betan],d[pcdiamag3]/d[betan],0.00277277013026235,0.43807386523259856
195647,54,d[li]/d[betan],d[kappa]/d[betan],-0.003371877659074653,-0.44285330662476247
195647,54,d[li]/d[betan],d[betan]/d[t],-0.0005433637342347795,-0.3241799505655757
195647,54,d[li]/d[betan],d[li]/d[betan],0.00019798095559304604,0.999999999994949
195648,55,d[pcdiamag3]/d[kappa],d[pcdiamag3]/d[kappa],0.06581673786441138,0.9999999999999848
195648,55,d[pcdiamag3]/d[kappa],d[kappa]/d[t],-0.03224093199631248,-0.9046315431047042
195648,55,d[pcdiamag3]/d[kappa],r[q95]/r[kappa],0.0003178769701445026,0.08418957879566838
195648,55,d[pcdiamag3]/d[kappa],d[pcdiamag3]/d[betan],-0.10502552021315349,-0.9997463702200364
195648,55,d[pcdiamag3]/d[kappa],d[kappa]/d[betan],0.13308370149605434,0.9890636236659088
195648,55,d[pcdiamag3]/d[kappa],d[betan]/d[t],0.02974687545954997,0.914036525614291
195648,55,d[pcdiamag3]/d[kappa],d[li]/d[betan],-0.001498162330542477,-0.43944805406297716
195648,55,d[kappa]/d[t],d[pcdiamag3]/d[kappa],-0.03224093199631248,-0.9046315431047042
195648,55,d[kappa]/d[t],d[kappa]/d[t],0.019299024981027327,0.9999999999999483
195648,55,d[kappa]/d[t],r[q95]/r[kappa],-0.00022657571269725887,-0.11081871731111562
195648,55,d[kappa]/d[t],d[pcdiamag3]/d[betan],0.05140352115232502,0.9036252467926934
195648,55,d[kappa]/d[t],d[kappa]/d[betan],-0.06939850227302108,-0.9524670230060407
195648,55,d[kappa]/d[t],d[betan]/d[t],-0.017033625092144965,-0.966562123034836
195648,55,d[kappa]/d[t],d[li]/d[betan],0.00101219094586824,0.5482916263205859
195648,55,r[q95]/r[kappa],d[pcdiamag3]/d[kappa],0.0003178769701445026,0.08418957879566838
195648,55,r[q95]/r[kappa],d[kappa]/d[t],-0.00022657571269725887,-0.11081871731111562
195648,55,r[q95]/r[kappa],r[q95]/r[kappa],0.0002166033170647673,0.9999999999953834
195648,55,r[q95]/r[kappa],d[pcdiamag3]/d[betan],-0.0004903396721005778,-0.08136313086684747
195648,55,r[q95]/r[kappa],d[kappa]/d[betan],0.000680381425835995,0.08814291963773048
195648,55,r[q95]/r[kappa],d[betan]/d[t],0.00013886798727171488,0.07438064868545324
195648,55,r[q95]/r[kappa],d[li]/d[betan],-4.742484402556033e-05,-0.24248797616643925
195648,55,d[pcdiamag3]/d[betan],d[pcdiamag3]/d[kappa],-0.10502552021315349,-0.9997463702200364
195648,55,d[pcdiamag3]/d[betan],d[kappa]/d[t],0.05140352115232502,0.9036252467926934
195648,55,d[pcdiamag3]/d[betan],r[q95]/r[kappa],-0.0004903396721005778,-0.08136313086684747
195648,55,d[pcdiamag3]/d[betan],d[pcdiamag3]/d[betan],0.167677062690198,0.999999999999994
195648,55,d[pcdiamag3]/d[betan],d[kappa]/d[betan],-0.2122618913292559,-0.9883317229426816
195648,55,d[pcdiamag3]/d[betan],d[betan]/d[t],-0.04733301282934239,-0.911208353275517
195648,55,d[pcdiamag3]/d[betan],d[li]/d[betan],0.0023783211781737484,0.43706952251553416
195648,55,d[kappa]/d[betan],d[pcdiamag3]/d[kappa],0.13308370149605434,0.9890636236659088
195648,55,d[kappa]/d[betan],d[kappa]/d[t],-0.06939850227302108,-0.9524670230060407
195648,55,d[kappa]/d[betan],r[q95]/r[kappa],0.000680381425835995,0.08814291963773048
195648,55,d[kappa]/d[betan],d[pcdiamag3]/d[betan],-0.2122618913292559,-0.9883317229426816
195648,55,d[kappa]/d[betan],d[kappa]/d[betan],0.2750837467866436,0.9999999999999963
195648,55,d[kappa]/d[betan],d[betan]/d[t],0.06398502878990962,0.9616926046716584
195648,55,d[kappa]/d[betan],d[li]/d[betan],-0.003176729266641143,-0.45578978511616325
195648,55,d[betan]/d[t],d[pcdiamag3]/d[kappa],0.02974687545954997,0.914036525614291
195648,55,d[betan]/d[t],d[kappa]/d[t],-0.017033625092144965,-0.966562123034836
195648,55,d[betan]/d[t],r[q95]/r[kappa],0.00013886798727171488,0.07438064868545324
195648,55,d[betan]/d[t],d[pcdiamag3]/d[betan],-0.04733301282934239,-0.911208353275517
195648,55,d[betan]/d[t],d[kappa]/d[betan],0.06398502878990962,0.9616926046716584
195648,55,d[betan]/d[t],d[betan]/d[t],0.01609234206802006,0.9999999999999379
195648,55,d[betan]/d[t],d[li]/d[betan],-0.0006516359670629939,-0.3865558664451173
195648,55,d[li]/d[betan],d[pcdiamag3]/d[kappa],-0.001498162330542477,-0.43944805406297716
195648,55,d[li]/d[betan],d[kappa]/d[t],0.00101219094586824,0.5482916263205859
195648,55,d[li]/d[betan],r[q95]/r[kappa],-4.742484402556033e-05,-0.24248797616643925
195648,55,d[li]/d[betan],d[pcdiamag3]/d[betan],0.0023783211781737484,0.43706952251553416
195648,55,d[li]/d[betan],d[kappa]/d[betan],-0.003176729266641143,-0.45578978511616325
195648,55,d[li]/d[betan],d[betan]/d[t],-0.0006516359670629939,-0.3865558664451173
195648,55,d[li]/d[betan],d[li]/d[betan],0.00017659007930293373,0.9999999999943372
195649,56,d[pcdiamag3]/d[kappa],d[pcdiamag3]/d[kappa],0.03774419696682698,0.9999999999999736
195649,56,d[pcdiamag3]/d[kappa],d[kappa]/d[t],-0.011652477295830278,-0.7058523616381726
195649,56,d[pcdiamag3]/d[kappa],r[q95]/r[kappa],0.0006112534191306628,0.15041262337036881
195649,56,d[pcdiamag3]/d[kappa],d[pcdiamag3]/d[betan],-0.06044535323757589,-0.9994688737866018
195649,56,d[pcdiamag3]/d[kappa],d[kappa]/d[betan],0.06917670947061788,0.9684320016239364
195649,56,d[pcdiamag3]/d[kappa],d[betan]/d[t],0.011878238516204231,0.7240038720009381
195649,56,d[pcdiamag3]/d[kappa],d[li]/d[betan],-0.0013064359089580097,-0.38028322512392504
195649,56,d[kappa]/d[t],d[pcdiamag3]/d[kappa],-0.011652477295830278,-0.7058523616381726
195649,56,d[kappa]/d[t],d[kappa]/d[t],0.007220355761993151,0.9999999999998614
195649,56,d[kappa]/d[t],r[q95]/r[kappa],-0.00027151201080532404,-0.15275584158354072
195649,56,d[kappa]/d[t],d[pcdiamag3]/d[betan],0.01885370472908353,0.7127690796437537
195649,56,d[kappa]/d[t],d[kappa]/d[betan],-0.026737059531517764,-0.8557928855194726
195649,56,d[kappa]/d[t],d[betan]/d[t],-0.006678671252077526,-0.9307321378362702
195649,56,d[kappa]/d[t],d[li]/d[betan],0.0006191280941440763,0.4120456821114705
195649,56,r[q95]/r[kappa],d[pcdiamag3]/d[kappa],0.0006112534191306628,0.15041262337036881
195649,56,r[q95]/r[kappa],d[kappa]/d[t],-0.00027151201080532404,-0.15275584158354072
195649,56,r[q95]/r[kappa],r[q95]/r[kappa],0.00043754612410557963,0.9999999999977145
195649,56,r[q95]/r[kappa],d[pcdiamag3]/d[betan],-0.0009679209342718996,-0.14864811658775062
195649,56,r[q95]/r[kappa],d[kappa]/d[betan],0.0012116614373438002,0.15754466194007277
195649,56,r[q95]/r[kappa],d[betan]/d[t],0.00019959356668555089,0.11299222494692875
195649,56,r[q95]/r[kappa],d[li]/d[betan],-8.724190001060966e-05,-0.23586165913340992
195649,56,d[pcdiamag3]/d[betan],d[pcdiamag3]/d[kappa],-0.06044535323757589,-0.9994688737866018
195649,56,d[pcdiamag3]/d[betan],d[kappa]/d[t],0.01885370472908353,0.7127690796437537
195649,56,d[pcdiamag3]/d[betan],r[q95]/r[kappa],-0.0009679209342718996,-0.14864811658775062
195649,56,d[pcdiamag3]/d[betan],d[pcdiamag3]/d[betan],0.09690297330137436,0.9999999999999897
195649,56,d[pcdiamag3]/d[betan],d[kappa]/d[betan],-0.11101866224863678,-0.9699777349334615
195649,56,d[pcdiamag3]/d[betan],d[betan]/d[t],-0.019041454879683374,-0.7243450867481713
195649,56,d[pcdiamag3]/d[betan],d[li]/d[betan],0.0021298719838063187,0.3869270603761113
195649,56,d[kappa]/d[betan],d[pcdiamag3]/d[kappa],0.06917670947061788,0.9684320016239364
195649,56,d[kappa]/d[betan],d[kappa]/d[t],-0.026737059531517764,-0.8557928855194726
195649,56,d[kappa]/d[betan],r[q95]/r[kappa],0.0012116614373438002,0.15754466194007277
195649,56,d[kappa]/d[betan],d[pcdiamag3]/d[betan],-0.11101866224863678,-0.9699777349334615
195649,56,d[kappa]/d[betan],d[kappa]/d[betan],0.13518588419172806,0.9999999999999926
195649,56,d[kappa]/d[betan],d[betan]/d[t],0.026802633753335806,0.8632284416948607
195649,56,d[kappa]/d[betan],d[li]/d[betan],-0.002472780278424404,-0.3803330006394742
195649,56,d[betan]/d[t],d[pcdiamag3]/d[kappa],0.011878238516204231,0.7240038720009381
195649,56,d[betan]/d[t],d[kappa]/d[t],-0.006678671252077526,-0.9307321378362702
195649,56,d[betan]/d[t],r[q95]/r[kappa],0.00019959356668555089,0.11299222494692875
195649,56,d[betan]/d[t],d[pcdiamag3]/d[betan],-0.019041454879683374,-0.7243450867481713
195649,56,d[betan]/d[t],d[kappa]/d[betan],0.026802633753335806,0.8632284416948607
195649,56,d[betan]/d[t],d[betan]/d[t],0.00713135597901274,0.9999999999998598
195649,56,d[betan]/d[t],d[li]/d[betan],-0.00018170665040997396,-0.121682722824292
195649,56,d[li]/d[betan],d[pcdiamag3]/d[kappa],-0.0013064359089580097,-0.38028322512392504
195649,56,d[li]/d[betan],d[kappa]/d[t],0.0006191280941440763,0.4120456821114705
195649,56,d[li]/d[betan],r[q95]/r[kappa],-8.724190001060966e-05,-0.23586165913340992
195649,56,d[li]/d[betan],d[pcdiamag3]/d[betan],0.0021298719838063187,0.3869270603761113
195649,56,d[li]/d[betan],d[kappa]/d[betan],-0.002472780278424404,-0.3803330006394742
195649,56,d[li]/d[betan],d[betan]/d[t],-0.00018170665040997396,-0.121682722824292
195649,56,d[li]/d[betan],d[li]/d[betan],0.00031268834310254137,0.9999999999968019
195650,57,d[pcdiamag3]/d[kappa],d[pcdiamag3]/d[kappa],0.03573602077202591,0.999999999999972
195650,57,d[pcdiamag3]/d[kappa],d[kappa]/d[t],-0.009803886015447467,-0.6114599413188186
195650,57,d[pcdiamag3]/d[kappa],r[q95]/r[kappa],-5.0596152811583416e-05,-0.010913427067198122
195650,57,d[pcdiamag3]/d[kappa],d[pcdiamag3]/d[betan],-0.055931516824242314,-0.9993673807988264
195650,57,d[pcdiamag3]/d[kappa],d[kappa]/d[betan],0.0623484876481196,0.9595708220026322
195650,57,d[pcdiamag3]/d[kappa],d[betan]/d[t],0.00926327986350732,0.619910488607125
195650,57,d[pcdiamag3]/d[kappa],d[li]/d[betan],-0.001729168917668482,-0.32181468184075646
195650,57,d[kappa]/d[t],d[pcdiamag3]/d[kappa],-0.009803886015447467,-0.6114599413188186
195650,57,d[kappa]/d[t],d[kappa]/d[t],0.007193732659469334,0.999999999999861
195650,57,d[kappa]/d[t],r[q95]/r[kappa],-0.00028835016089795863,-0.1386244390837686
195650,57,d[kappa]/d[t],d[pcdiamag3]/d[betan],0.015551791261316223,0.6193340252422052
195650,57,d[kappa]/d[t],d[kappa]/d[betan],-0.023427028207750725,-0.8036080149372701
195650,57,d[kappa]/d[t],d[betan]/d[t],-0.005885619972384481,-0.8778743602756324
195650,57,d[kappa]/d[t],d[li]/d[betan],0.0009634401848597465,0.39964017348598263
195650,57,r[q95]/r[kappa],d[pcdiamag3]/d[kappa],-5.0596152811583416e-05,-0.010913427067198122
195650,57,r[q95]/r[kappa],d[kappa]/d[t],-0.00028835016089795863,-0.1386244390837686
195650,57,r[q95]/r[kappa],r[q95]/r[kappa],0.0006014596514936113,0.9999999999983374
195650,57,r[q95]/r[kappa],d[pcdiamag3]/d[betan],7.039068081700541e-05,0.009694682382626055
195650,57,r[q95]/r[kappa],d[kappa]/d[betan],0.00020147502333031452,0.023901335704550417
195650,57,r[q95]/r[kappa],d[betan]/d[t],-3.5701523142610716e-05,-0.01841623257670905
195650,57,r[q95]/r[kappa],d[li]/d[betan],-0.00022339408675709716,-0.3204718985317875
195650,57,d[pcdiamag3]/d[betan],d[pcdiamag3]/d[kappa],-0.055931516824242314,-0.9993673807988264
195650,57,d[pcdiamag3]/d[betan],d[kappa]/d[t],0.015551791261316223,0.6193340252422052
195650,57,d[pcdiamag3]/d[betan],r[q95]/r[kappa],7.039068081700541e-05,0.009694682382626055
195650,57,d[pcdiamag3]/d[betan],d[pcdiamag3]/d[betan],0.0876509570664453,0.9999999999999886
195650,57,d[pcdiamag3]/d[betan],d[kappa]/d[betan],-0.09781764634793086,-0.9612648980101499
195650,57,d[pcdiamag3]/d[betan],d[betan]/d[t],-0.014467002490605849,-0.6181836581310411
195650,57,d[pcdiamag3]/d[betan],d[li]/d[betan],0.002804035484344102,0.33321665710910126
195650,57,d[kappa]/d[betan],d[pcdiamag3]/d[kappa],0.0623484876481196,0.9595708220026322
195650,57,d[kappa]/d[betan],d[kappa]/d[t],-0.023427028207750725,-0.8036080149372701
195650,57,d[kappa]/d[betan],r[q95]/r[kappa],0.00020147502333031452,0.023901335704550417
195650,57,d[kappa]/d[betan],d[pcdiamag3]/d[betan],-0.09781764634793086,-0.9612648980101499
195650,57,d[kappa]/d[betan],d[kappa]/d[betan],0.11813853679487918,0.9999999999999916
195650,57,d[kappa]/d[betan],d[betan]/d[t],0.02158940251719271,0.794624817870103
195650,57,d[kappa]/d[betan],d[li]/d[betan],-0.003271416899146611,-0.3348587318593515
195650,57,d[betan]/d[t],d[pcdiamag3]/d[kappa],0.00926327986350732,0.619910488607125
195650,57,d[betan]/d[t],d[kappa]/d[t],-0.005885619972384481,-0.8778743602756324
195650,57,d[betan]/d[t],r[q95]/r[kappa],-3.5701523142610716e-05,-0.01841623257670905
195650,57,d[betan]/d[t],d[pcdiamag3]/d[betan],-0.014467002490605849,-0.6181836581310411
195650,57,d[betan]/d[t],d[kappa]/d[betan],0.02158940251719271,0.794624817870103
195650,57,d[betan]/d[t],d[betan]/d[t],0.0062483508790766125,0.9999999999998399
195650,57,d[betan]/d[t],d[li]/d[betan],6.968962235595029e-05,0.031017510329831712
195650,57,d[li]/d[betan],d[pcdiamag3]/d[kappa],-0.001729168917668482,-0.32181468184075646
195650,57,d[li]/d[betan],d[kappa]/d[t],0.0009634401848597465,0.39964017348598263
195650,57,d[li]/d[betan],r[q95]/r[kappa],-0.00022339408675709716,-0.3204718985317875
195650,57,d[li]/d[betan],d[pcdiamag3]/d[betan],0.002804035484344102,0.33321665710910126
195650,57,d[li]/d[betan],d[kappa]/d[betan],-0.003271416899146611,-0.3348587318593515
195650,57,d[li]/d[betan],d[betan]/d[t],6.968962235595029e-05,0.031017510329831712
195650,57,d[li]/d[betan],d[li]/d[betan],0.0008078987600546215,0.9999999999987623
195651,58,d[pcdiamag3]/d[kappa],d[pcdiamag3]/d[kappa],0.03468457731121269,0.9999999999999712
195651,58,d[pcdiamag3]/d[kappa],d[kappa]/d[t],-0.010691035088285636,-0.7181182360942109
195651,58,d[pcdiamag3]/d[kappa],r[q95]/r[kappa],0.0015632542760291002,0.16808245962584725
195651,58,d[pcdiamag3]/d[kappa],d[pcdiamag3]/d[betan],-0.05405898129253634,-0.9990056506095556
195651,58,d[pcdiamag3]/d[kappa],d[kappa]/d[betan],0.06221863910059451,0.9822291882085017
195651,58,d[pcdiamag3]/d[kappa],d[betan]/d[t],0.01178769082978459,0.8704071284042149
195651,58,d[pcdiamag3]/d[kappa],d[li]/d[betan],-3.7367024983537804e-05,-0.02020991035741086
195651,58,d[kappa]/d[t],d[pcdiamag3]/d[kappa],-0.010691035088285636,-0.7181182360942109
195651,58,d[kappa]/d[t],d[kappa]/d[t],0.006390152058314559,0.9999999999998435
195651,58,d[kappa]/d[t],r[q95]/r[kappa],-0.0013182310301456267,-0.3302150831785845
195651,58,d[kappa]/d[t],d[pcdiamag3]/d[betan],0.01684825215160753,0.7253832912333257
195651,58,d[kappa]/d[t],d[kappa]/d[betan],-0.022526591257896435,-0.8285150727308651
195651,58,d[kappa]/d[t],d[betan]/d[t],-0.005084853157482636,-0.8747515588578095
195651,58,d[kappa]/d[t],d[li]/d[betan],0.00035071147840135913,0.441914703428993
195651,58,r[q95]/r[kappa],d[pcdiamag3]/d[kappa],0.0015632542760291002,0.16808245962584725
195651,58,r[q95]/r[kappa],d[kappa]/d[t],-0.0013182310301456267,-0.3302150831785845
195651,58,r[q95]/r[kappa],r[q95]/r[kappa],0.0024938943710515974,0.999999999999599
195651,58,r[q95]/r[kappa],d[pcdiamag3]/d[betan],-0.0025687532746936277,-0.177031951085152
195651,58,r[q95]/r[kappa],d[kappa]/d[betan],0.0032679537498606246,0.19239660537954342
195651,58,r[q95]/r[kappa],d[betan]/d[t],0.00042775349623205687,0.11779217639858293
195651,58,r[q95]/r[kappa],d[li]/d[betan],-0.00019045955637848837,-0.3841561664541999
195651,58,d[pcdiamag3]/d[betan],d[pcdiamag3]/d[kappa],-0.05405898129253634,-0.9990056506095556
195651,58,d[pcdiamag3]/d[betan],d[kappa]/d[t],0.01684825215160753,0.7253832912333257
195651,58,d[pcdiamag3]/d[betan],r[q95]/r[kappa],-0.0025687532746936277,-0.177031951085152
195651,58,d[pcdiamag3]/d[betan],d[pcdiamag3]/d[betan],0.08442351286206902,0.9999999999999881
195651,58,d[pcdiamag3]/d[betan],d[kappa]/d[betan],-0.09713557557803999,-0.9828950309192956
195651,58,d[pcdiamag3]/d[betan],d[betan]/d[t],-0.01827231585314033,-0.8648161473351081
195651,58,d[pcdiamag3]/d[betan],d[li]/d[betan],9.763927776831149e-05,0.03384830429465955
195651,58,d[kappa]/d[betan],d[pcdiamag3]/d[kappa],0.06221863910059451,0.9822291882085017
195651,58,d[kappa]/d[betan],d[kappa]/d[t],-0.022526591257896435,-0.8285150727308651
195651,58,d[kappa]/d[betan],r[q95]/r[kappa],0.0032679537498606246,0.19239660537954342
195651,58,d[kappa]/d[betan],d[pcdiamag3]/d[betan],-0.09713557557803999,-0.9828950309192956
195651,58,d[kappa]/d[betan],d[kappa]/d[betan],0.11568550260268107,0.9999999999999913
195651,58,d[kappa]/d[betan],d[betan]/d[t],0.023161021589083775,0.9364404138570912
195651,58,d[kappa]/d[betan],d[li]/d[betan],-0.00034999585145169905,-0.10364956784017303
195651,58,d[betan]/d[t],d[pcdiamag3]/d[kappa],0.01178769082978459,0.8704071284042149
195651,58,d[betan]/d[t],d[kappa]/d[t],-0.005084853157482636,-0.8747515588578095
195651,58,d[betan]/d[t],r[q95]/r[kappa],0.00042775349623205687,0.11779217639858293
195651,58,d[betan]/d[t],d[pcdiamag3]/d[betan],-0.01827231585314033,-0.8648161473351081
195651,58,d[betan]/d[t],d[kappa]/d[betan],0.023161021589083775,0.9364404138570912
195651,58,d[betan]/d[t],d[betan]/d[t],0.005287814222067301,0.9999999999998108
195651,58,d[betan]/d[t],d[li]/d[betan],-5.5195523383502935e-05,-0.07645569305544718
195651,58,d[li]/d[betan],d[pcdiamag3]/d[kappa],-3.7367024983537804e-05,-0.02020991035741086
195651,58,d[li]/d[betan],d[kappa]/d[t],0.00035071147840135913,0.441914703428993
195651,58,d[li]/d[betan],r[q95]/r[kappa],-0.00019045955637848837,-0.3841561664541999
195651,58,d[li]/d[betan],d[pcdiamag3]/d[betan],9.763927776831149e-05,0.03384830429465955
195651,58,d[li]/d[betan],d[kappa]/d[betan],-0.00034999585145169905,-0.10364956784017303
195651,58,d[li]/d[betan],d[betan]/d[t],-5.5195523383502935e-05,-0.07645569305544718
195651,58,d[li]/d[betan],d[li]/d[betan],9.856253483670265e-05,0.9999999999898541
195652,59,d[pcdiamag3]/d[kappa],d[pcdiamag3]/d[kappa],0.04169053396595445,0.999999999999976
195652,59,d[pcdiamag3]/d[kappa],d[kappa]/d[t],-0.017002911533377726,-0.7815275652628414
195652,59,d[pcdiamag3]/d[kappa],r[q95]/r[kappa],0.0006226542533102022,0.08626442682618314
195652,59,d[pcdiamag3]/d[kappa],d[pcdiamag3]/d[betan],-0.07121776308282356,-0.9961516086160555
195652,59,d[pcdiamag3]/d[kappa],d[kappa]/d[betan],0.08330218013276036,0.9773064887523941
195652,59,d[pcdiamag3]/d[kappa],d[betan]/d[t],0.01690540866990126,0.8215208269312287
195652,59,d[pcdiamag3]/d[kappa],d[li]/d[betan],-0.0001643836504374805,-0.06845361433186445
195652,59,d[kappa]/d[t],d[pcdiamag3]/d[kappa],-0.017002911533377726,-0.7815275652628414
195652,59,d[kappa]/d[t],d[kappa]/d[t],0.011353258636832788,0.999999999999912
195652,59,d[kappa]/d[t],r[q95]/r[kappa],-0.0007511769246443355,-0.19942770127952256
195652,59,d[kappa]/d[t],d[pcdiamag3]/d[betan],0.029594897247239096,0.7932542571147451
195652,59,d[kappa]/d[t],d[kappa]/d[betan],-0.0395481903308496,-0.8891181855848972
195652,59,d[kappa]/d[t],d[betan]/d[t],-0.009467000307636168,-0.881584119547628
195652,59,d[kappa]/d[t],d[li]/d[betan],0.0003266017093712741,0.26062416421388335
195652,59,r[q95]/r[kappa],d[pcdiamag3]/d[kappa],0.0006226542533102022,0.08626442682618314
195652,59,r[q95]/r[kappa],d[kappa]/d[t],-0.0007511769246443355,-0.19942770127952256
195652,59,r[q95]/r[kappa],r[q95]/r[kappa],0.001249663193091411,0.9999999999991998
195652,59,r[q95]/r[kappa],d[pcdiamag3]/d[betan],-0.001149855691266682,-0.09289721421977505
195652,59,r[q95]/r[kappa],d[kappa]/d[betan],0.0016164726057340845,0.10953804944948274
195652,59,r[q95]/r[kappa],d[betan]/d[t],0.00022490188520549767,0.06312599542908041
195652,59,r[q95]/r[kappa],d[li]/d[betan],-0.0001342478717028942,-0.322899529373105
195652,59,d[pcdiamag3]/d[betan],d[pcdiamag3]/d[kappa],-0.07121776308282356,-0.9961516086160555
195652,59,d[pcdiamag3]/d[betan],d[kappa]/d[t],0.029594897247239096,0.7932542571147451
195652,59,d[pcdiamag3]/d[betan],r[q95]/r[kappa],-0.001149855691266682,-0.09289721421977505
195652,59,d[pcdiamag3]/d[betan],d[pcdiamag3]/d[betan],0.12259939255203596,0.9999999999999919
195652,59,d[pcdiamag3]/d[betan],d[kappa]/d[betan],-0.14263744173086162,-0.9758487836944967
195652,59,d[pcdiamag3]/d[betan],d[betan]/d[t],-0.02816160217603356,-0.7980403178218783
195652,59,d[pcdiamag3]/d[betan],d[li]/d[betan],0.0004030595681076476,0.09787720700682792
195652,59,d[kappa]/d[betan],d[pcdiamag3]/d[kappa],0.08330218013276036,0.9773064887523941
195652,59,d[kappa]/d[betan],d[kappa]/d[t],-0.0395481903308496,-0.8891181855848972
195652,59,d[kappa]/d[betan],r[q95]/r[kappa],0.0016164726057340845,0.10953804944948274
195652,59,d[kappa]/d[betan],d[pcdiamag3]/d[betan],-0.14263744173086162,-0.9758487836944967
195652,59,d[kappa]/d[betan],d[kappa]/d[betan],0.17426642151957025,0.9999999999999942
195652,59,d[kappa]/d[betan],d[betan]/d[t],0.03803119497326791,0.9039507051034272
195652,59,d[kappa]/d[betan],d[li]/d[betan],-0.00045608712791952365,-0.09289609338151159
195652,59,d[betan]/d[t],d[pcdiamag3]/d[kappa],0.01690540866990126,0.8215208269312287
195652,59,d[betan]/d[t],d[kappa]/d[t],-0.009467000307636168,-0.881584119547628
195652,59,d[betan]/d[t],r[q95]/r[kappa],0.00022490188520549767,0.06312599542908041
195652,59,d[betan]/d[t],d[pcdiamag3]/d[betan],-0.02816160217603356,-0.7980403178218783
195652,59,d[betan]/d[t],d[kappa]/d[betan],0.03803119497326791,0.9039507051034272
195652,59,d[betan]/d[t],d[betan]/d[t],0.010157263851467955,0.9999999999999016
195652,59,d[betan]/d[t],d[li]/d[betan],8.444254786705874e-05,0.0712409092289801
195652,59,d[li]/d[betan],d[pcdiamag3]/d[kappa],-0.0001643836504374805,-0.06845361433186445
195652,59,d[li]/d[betan],d[kappa]/d[t],0.0003266017093712741,0.26062416421388335
195652,59,d[li]/d[betan],r[q95]/r[kappa],-0.0001342478717028942,-0.322899529373105
195652,59,d[li]/d[betan],d[pcdiamag3]/d[betan],0.0004030595681076476,0.09787720700682792
195652,59,d[li]/d[betan],d[kappa]/d[betan],-0.00045608712791952365,-0.09289609338151159
195652,59,d[li]/d[betan],d[betan]/d[t],8.444254786705874e-05,0.0712409092289801
195652,59,d[li]/d[betan],d[li]/d[betan],0.00013832064839706444,0.9999999999927706
195655,60,d[pcdiamag3]/d[kappa],d[pcdiamag3]/d[kappa],0.03982154274227506,0.9999999999999749
195655,60,d[pcdiamag3]/d[kappa],d[kappa]/d[t],-0.013516275245737154,-0.738518681761036
195655,60,d[pcdiamag3]/d[kappa],r[q95]/r[kappa],0.0004977066056810262,0.10220885505644474
195655,60,d[pcdiamag3]/d[kappa],d[pcdiamag3]/d[betan],-0.058369281746896415,-0.9996813908134999
195655,60,d[pcdiamag3]/d[kappa],d[kappa]/d[betan],0.06884028069205228,0.9802930626107351
195655,60,d[pcdiamag3]/d[kappa],d[betan]/d[t],0.01324155660915582,0.8541603625288069
195655,60,d[pcdiamag3]/d[kappa],d[li]/d[betan],-0.00011195721085302457,-0.0591945188087807
195655,60,d[kappa]/d[t],d[pcdiamag3]/d[kappa],-0.013516275245737154,-0.738518681761036
195655,60,d[kappa]/d[t],d[kappa]/d[t],0.00841149132826926,0.9999999999998812
195655,60,d[kappa]/d[t],r[q95]/r[kappa],-0.0007287147935201532,-0.32560813328881966
195655,60,d[kappa]/d[t],d[pcdiamag3]/d[betan],0.019814421253174296,0.7383821515033114
195655,60,d[kappa]/d[t],d[kappa]/d[betan],-0.027287846695313592,-0.8454834348379663
195655,60,d[kappa]/d[t],d[betan]/d[t],-0.00639455713325784,-0.8974977827680686
195655,60,d[kappa]/d[t],d[li]/d[betan],0.0004378835737190493,0.5037448482752405
195655,60,r[q95]/r[kappa],d[pcdiamag3]/d[kappa],0.0004977066056810262,0.10220885505644474
195655,60,r[q95]/r[kappa],d[kappa]/d[t],-0.0007287147935201532,-0.32560813328881966
195655,60,r[q95]/r[kappa],r[q95]/r[kappa],0.000595458750533831,0.9999999999983207
195655,60,r[q95]/r[kappa],d[pcdiamag3]/d[betan],-0.0007485817515735497,-0.10484547562796408
195655,60,r[q95]/r[kappa],d[kappa]/d[betan],0.001081204193970166,0.125908258807996
195655,60,r[q95]/r[kappa],d[betan]/d[t],9.533444037883602e-05,0.050290203590080074
195655,60,r[q95]/r[kappa],d[li]/d[betan],-0.00014619868085154046,-0.6321295282677363
195655,60,d[pcdiamag3]/d[betan],d[pcdiamag3]/d[kappa],-0.058369281746896415,-0.9996813908134999
195655,60,d[pcdiamag3]/d[betan],d[kappa]/d[t],0.019814421253174296,0.7383821515033114
195655,60,d[pcdiamag3]/d[betan],r[q95]/r[kappa],-0.0007485817515735497,-0.10484547562796408
195655,60,d[pcdiamag3]/d[betan],d[pcdiamag3]/d[betan],0.0856105725868594,0.9999999999999883
195655,60,d[pcdiamag3]/d[betan],d[kappa]/d[betan],-0.10091049674872093,-0.9800426603363749
195655,60,d[pcdiamag3]/d[betan],d[betan]/d[t],-0.019371745218179786,-0.852244997537533
195655,60,d[pcdiamag3]/d[betan],d[li]/d[betan],0.0001651601606475728,0.059556622467250346
195655,60,d[kappa]/d[betan],d[pcdiamag3]/d[kappa],0.06884028069205228,0.9802930626107351
195655,60,d[kappa]/d[betan],d[kappa]/d[t],-0.027287846695313592,-0.8454834348379663
195655,60,d[kappa]/d[betan],r[q95]/r[kappa],0.001081204193970166,0.125908258807996
195655,60,d[kappa]/d[betan],d[pcdiamag3]/d[betan],-0.10091049674872093,-0.9800426603363749
195655,60,d[kappa]/d[betan],d[kappa]/d[betan],0.12383839802084054,0.9999999999999919
195655,60,d[kappa]/d[betan],d[betan]/d[t],0.025554604209585267,0.9347616993481895
195655,60,d[kappa]/d[betan],d[li]/d[betan],-0.0004536377101385277,-0.1360097215558139
195655,60,d[betan]/d[t],d[pcdiamag3]/d[kappa],0.01324155660915582,0.8541603625288069
195655,60,d[betan]/d[t],d[kappa]/d[t],-0.00639455713325784,-0.8974977827680686
195655,60,d[betan]/d[t],r[q95]/r[kappa],9.533444037883602e-05,0.050290203590080074
195655,60,d[betan]/d[t],d[pcdiamag3]/d[betan],-0.019371745218179786,-0.852244997537533
195655,60,d[betan]/d[t],d[kappa]/d[betan],0.025554604209585267,0.9347616993481895
195655,60,d[betan]/d[t],d[betan]/d[t],0.0060350541858879515,0.9999999999998342
195655,60,d[betan]/d[t],d[li]/d[betan],-8.57416946802217e-05,-0.11645012010544993
195655,60,d[li]/d[betan],d[pcdiamag3]/d[kappa],-0.00011195721085302457,-0.0591945188087807
195655,60,d[li]/d[betan],d[kappa]/d[t],0.0004378835737190493,0.5037448482752405
195655,60,d[li]/d[betan],r[q95]/r[kappa],-0.00014619868085154046,-0.6321295282677363
195655,60,d[li]/d[betan],d[pcdiamag3]/d[betan],0.0001651601606475728,0.059556622467250346
195655,60,d[li]/d[betan],d[kappa]/d[betan],-0.0004536377101385277,-0.1360097215558139
195655,60,d[li]/d[betan],d[betan]/d[t],-8.57416946802217e-05,-0.11645012010544993
195655,60,d[li]/d[betan],d[li]/d[betan],8.983034564945619e-05,0.9999999999888679
195659,61,d[pcdiamag3]/d[kappa],d[pcdiamag3]/d[kappa],0.09605183527840216,0.9999999999999896
195659,61,d[pcdiamag3]/d[kappa],d[kappa]/d[t],-0.034491184961998336,-0.8933693231405636
195659,61,d[pcdiamag3]/d[kappa],r[q95]/r[kappa],0.0011943138403948904,0.3298427033269131
195659,61,d[pcdiamag3]/d[kappa],d[pcdiamag3]/d[betan],-0.13811690187823195,-0.9997415776073969
195659,61,d[pcdiamag3]/d[kappa],d[kappa]/d[betan],0.1675633884969418,0.987795412281097
195659,61,d[pcdiamag3]/d[kappa],d[betan]/d[t],0.03399524481870139,0.8679305729237926
195659,61,d[pcdiamag3]/d[kappa],d[li]/d[betan],-0.0008830530750331417,-0.35515884506751627
195659,61,d[kappa]/d[t],d[pcdiamag3]/d[kappa],-0.034491184961998336,-0.8933693231405636
195659,61,d[kappa]/d[t],d[kappa]/d[t],0.0155184553787649,0.9999999999999356
195659,61,d[kappa]/d[t],r[q95]/r[kappa],-0.0005528579647880509,-0.3798661319262181
195659,61,d[kappa]/d[t],d[pcdiamag3]/d[betan],0.04926589425138906,0.8871884599733919
195659,61,d[kappa]/d[t],d[kappa]/d[betan],-0.06470002430696574,-0.9489009955195253
195659,61,d[kappa]/d[t],d[betan]/d[t],-0.015424373113965604,-0.9797221426035251
195659,61,d[kappa]/d[t],d[li]/d[betan],0.00038577991692375404,0.3860148665041753
195659,61,r[q95]/r[kappa],d[pcdiamag3]/d[kappa],0.0011943138403948904,0.3298427033269131
195659,61,r[q95]/r[kappa],d[kappa]/d[t],-0.0005528579647880509,-0.3798661319262181
195659,61,r[q95]/r[kappa],r[q95]/r[kappa],0.00013649523813695646,0.9999999999926739
195659,61,r[q95]/r[kappa],d[pcdiamag3]/d[betan],-0.0016939957817745433,-0.3252724897977937
195659,61,r[q95]/r[kappa],d[kappa]/d[betan],0.002360411382874933,0.3691217654820009
195659,61,r[q95]/r[kappa],d[betan]/d[t],0.0006360374592181393,0.43076815590580775
195659,61,r[q95]/r[kappa],d[li]/d[betan],6.185253580335396e-06,0.06599141195042502
195659,61,d[pcdiamag3]/d[betan],d[pcdiamag3]/d[kappa],-0.13811690187823195,-0.9997415776073969
195659,61,d[pcdiamag3]/d[betan],d[kappa]/d[t],0.04926589425138906,0.8871884599733919
195659,61,d[pcdiamag3]/d[betan],r[q95]/r[kappa],-0.0016939957817745433,-0.3252724897977937
195659,61,d[pcdiamag3]/d[betan],d[pcdiamag3]/d[betan],0.19870668610765255,0.999999999999995
195659,61,d[pcdiamag3]/d[betan],d[kappa]/d[betan],-0.24041920571472333,-0.985379725041446
195659,61,d[pcdiamag3]/d[betan],d[betan]/d[t],-0.04844417467685581,-0.8599138986150684
195659,61,d[pcdiamag3]/d[betan],d[li]/d[betan],0.0012801910055986931,0.357978705193739
195659,61,d[kappa]/d[betan],d[pcdiamag3]/d[kappa],0.1675633884969418,0.987795412281097
195659,61,d[kappa]/d[betan],d[kappa]/d[t],-0.06470002430696574,-0.9489009955195253
195659,61,d[kappa]/d[betan],r[q95]/r[kappa],0.002360411382874933,0.3691217654820009
195659,61,d[kappa]/d[betan],d[pcdiamag3]/d[betan],-0.24041920571472333,-0.985379725041446
195659,61,d[kappa]/d[betan],d[kappa]/d[betan],0.2995839835882503,0.9999999999999967
195659,61,d[kappa]/d[betan],d[betan]/d[t],0.06459715059640327,0.9338426676852534
195659,61,d[kappa]/d[betan],d[li]/d[betan],-0.001509879861020308,-0.343852161222454
195659,61,d[betan]/d[t],d[pcdiamag3]/d[kappa],0.03399524481870139,0.8679305729237926
195659,61,d[betan]/d[t],d[kappa]/d[t],-0.015424373113965604,-0.9797221426035251
195659,61,d[betan]/d[t],r[q95]/r[kappa],0.0006360374592181393,0.43076815590580775
195659,61,d[betan]/d[t],d[pcdiamag3]/d[betan],-0.04844417467685581,-0.8599138986150684
195659,61,d[betan]/d[t],d[kappa]/d[betan],0.06459715059640327,0.9338426676852534
195659,61,d[betan]/d[t],d[betan]/d[t],0.015972051631519362,0.9999999999999375
195659,61,d[betan]/d[t],d[li]/d[betan],-0.00023928620009509423,-0.2360075855547923
195659,61,d[li]/d[betan],d[pcdiamag3]/d[kappa],-0.0008830530750331417,-0.35515884506751627
195659,61,d[li]/d[betan],d[kappa]/d[t],0.00038577991692375404,0.3860148665041753
195659,61,d[li]/d[betan],r[q95]/r[kappa],6.185253580335396e-06,0.06599141195042502
195659,61,d[li]/d[betan],d[pcdiamag3]/d[betan],0.0012801910055986931,0.357978705193739
195659,61,d[li]/d[betan],d[kappa]/d[betan],-0.001509879861020308,-0.343852161222454
195659,61,d[li]/d[betan],d[betan]/d[t],-0.00023928620009509423,-0.2360075855547923
195659,61,d[li]/d[betan],d[li]/d[betan],6.436098423619179e-05,0.9999999999844627
