canonical_or_augmentation,noise_sigma,noise_percent,noise_replicate,dev_noise_seed,conf_noise_seed,representation_id,representation_label,n_coordinates,n_features,n_active_terms,stlsq_threshold,estimator,cohort,trajectory_id,support_scope,rmse,nrmse,n_samples
augmentation,0.0,0.0,0,5000,5500,C0_poly2,conventional quadratic,10,65,65,0.0001,pysindy.STLSQ,confirmation_24,conf_000,native,2.6410129605837898,0.3042247374907151,2397
augmentation,0.0,0.0,0,5000,5500,C0_poly2,conventional quadratic,10,65,65,0.0001,pysindy.STLSQ,confirmation_24,conf_000,common,2.4614065152925058,0.2790939930765229,2067
augmentation,0.0,0.0,0,5000,5500,C0_poly2,conventional quadratic,10,65,65,0.0001,pysindy.STLSQ,confirmation_24,conf_001,native,2.0481726891884304,0.2306619121650818,2397
augmentation,0.0,0.0,0,5000,5500,C0_poly2,conventional quadratic,10,65,65,0.0001,pysindy.STLSQ,confirmation_24,conf_001,common,1.9399492965381349,0.2097939378958067,2123
augmentation,0.0,0.0,0,5000,5500,C0_poly2,conventional quadratic,10,65,65,0.0001,pysindy.STLSQ,confirmation_24,conf_002,native,1.644930523593333,0.2237158278439757,2397
augmentation,0.0,0.0,0,5000,5500,C0_poly2,conventional quadratic,10,65,65,0.0001,pysindy.STLSQ,confirmation_24,conf_002,common,1.5810306440195363,0.207936132460697,2139
augmentation,0.0,0.0,0,5000,5500,C0_poly2,conventional quadratic,10,65,65,0.0001,pysindy.STLSQ,confirmation_24,conf_003,native,2.2132334190813823,0.2784031432188816,2397
augmentation,0.0,0.0,0,5000,5500,C0_poly2,conventional quadratic,10,65,65,0.0001,pysindy.STLSQ,confirmation_24,conf_003,common,2.1612601172069144,0.2698375948190863,2072
augmentation,0.0,0.0,0,5000,5500,C0_poly2,conventional quadratic,10,65,65,0.0001,pysindy.STLSQ,confirmation_24,conf_004,native,2.2500700372318985,0.2586481685666288,2397
augmentation,0.0,0.0,0,5000,5500,C0_poly2,conventional quadratic,10,65,65,0.0001,pysindy.STLSQ,confirmation_24,conf_004,common,2.242013982854806,0.2492657591320683,2092
augmentation,0.0,0.0,0,5000,5500,C0_poly2,conventional quadratic,10,65,65,0.0001,pysindy.STLSQ,confirmation_24,conf_005,native,2.358293801004328,0.2743030894301663,2397
augmentation,0.0,0.0,0,5000,5500,C0_poly2,conventional quadratic,10,65,65,0.0001,pysindy.STLSQ,confirmation_24,conf_005,common,2.1606823705974594,0.2486738753243867,2027
augmentation,0.0,0.0,0,5000,5500,C0_poly2,conventional quadratic,10,65,65,0.0001,pysindy.STLSQ,confirmation_24,conf_006,native,2.331266881617696,0.2607915198057964,2397
augmentation,0.0,0.0,0,5000,5500,C0_poly2,conventional quadratic,10,65,65,0.0001,pysindy.STLSQ,confirmation_24,conf_006,common,2.346619742502386,0.2537217861948251,2090
augmentation,0.0,0.0,0,5000,5500,C0_poly2,conventional quadratic,10,65,65,0.0001,pysindy.STLSQ,confirmation_24,conf_007,native,2.6719045844342406,0.3306129562842567,2397
augmentation,0.0,0.0,0,5000,5500,C0_poly2,conventional quadratic,10,65,65,0.0001,pysindy.STLSQ,confirmation_24,conf_007,common,2.4916494848238577,0.3113196291302082,2047
augmentation,0.0,0.0,0,5000,5500,C0_poly2,conventional quadratic,10,65,65,0.0001,pysindy.STLSQ,confirmation_24,conf_008,native,2.094217307920892,0.249799716425785,2397
augmentation,0.0,0.0,0,5000,5500,C0_poly2,conventional quadratic,10,65,65,0.0001,pysindy.STLSQ,confirmation_24,conf_008,common,2.0528612287960324,0.2375118740500054,2111
augmentation,0.0,0.0,0,5000,5500,C0_poly2,conventional quadratic,10,65,65,0.0001,pysindy.STLSQ,confirmation_24,conf_009,native,2.236505038917758,0.2586837324385941,2397
augmentation,0.0,0.0,0,5000,5500,C0_poly2,conventional quadratic,10,65,65,0.0001,pysindy.STLSQ,confirmation_24,conf_009,common,2.113061720564456,0.2367383069251952,2099
augmentation,0.0,0.0,0,5000,5500,C0_poly2,conventional quadratic,10,65,65,0.0001,pysindy.STLSQ,confirmation_24,conf_010,native,2.4438221963781634,0.2927637303206314,2397
augmentation,0.0,0.0,0,5000,5500,C0_poly2,conventional quadratic,10,65,65,0.0001,pysindy.STLSQ,confirmation_24,conf_010,common,2.3244059778973503,0.2751365866899817,2085
augmentation,0.0,0.0,0,5000,5500,C0_poly2,conventional quadratic,10,65,65,0.0001,pysindy.STLSQ,confirmation_24,conf_011,native,2.221514499168566,0.2578178693353442,2397
augmentation,0.0,0.0,0,5000,5500,C0_poly2,conventional quadratic,10,65,65,0.0001,pysindy.STLSQ,confirmation_24,conf_011,common,2.2207800672603595,0.2489553137274704,2096
augmentation,0.0,0.0,0,5000,5500,C0_poly2,conventional quadratic,10,65,65,0.0001,pysindy.STLSQ,confirmation_24,conf_012,native,2.133825873840145,0.2389031799249911,2397
augmentation,0.0,0.0,0,5000,5500,C0_poly2,conventional quadratic,10,65,65,0.0001,pysindy.STLSQ,confirmation_24,conf_012,common,2.0234311385359662,0.2171610100327468,2115
augmentation,0.0,0.0,0,5000,5500,C0_poly2,conventional quadratic,10,65,65,0.0001,pysindy.STLSQ,confirmation_24,conf_013,native,2.185418984886381,0.2492692965452369,2397
augmentation,0.0,0.0,0,5000,5500,C0_poly2,conventional quadratic,10,65,65,0.0001,pysindy.STLSQ,confirmation_24,conf_013,common,2.156823463900141,0.237624330872068,2123
augmentation,0.0,0.0,0,5000,5500,C0_poly2,conventional quadratic,10,65,65,0.0001,pysindy.STLSQ,confirmation_24,conf_014,native,2.5368906792168104,0.3066974253550257,2397
augmentation,0.0,0.0,0,5000,5500,C0_poly2,conventional quadratic,10,65,65,0.0001,pysindy.STLSQ,confirmation_24,conf_014,common,2.4010524249872662,0.287994324175104,2074
augmentation,0.0,0.0,0,5000,5500,C0_poly2,conventional quadratic,10,65,65,0.0001,pysindy.STLSQ,confirmation_24,conf_015,native,2.610368073423949,0.2826148803495288,2397
augmentation,0.0,0.0,0,5000,5500,C0_poly2,conventional quadratic,10,65,65,0.0001,pysindy.STLSQ,confirmation_24,conf_015,common,2.474913560067481,0.2597712179698369,2077
augmentation,0.0,0.0,0,5000,5500,C0_poly2,conventional quadratic,10,65,65,0.0001,pysindy.STLSQ,confirmation_24,conf_016,native,2.197289743117337,0.2638142900471537,2397
augmentation,0.0,0.0,0,5000,5500,C0_poly2,conventional quadratic,10,65,65,0.0001,pysindy.STLSQ,confirmation_24,conf_016,common,2.1253532419192607,0.2493180084921286,2117
augmentation,0.0,0.0,0,5000,5500,C0_poly2,conventional quadratic,10,65,65,0.0001,pysindy.STLSQ,confirmation_24,conf_017,native,2.22965082846419,0.2588136996503499,2397
augmentation,0.0,0.0,0,5000,5500,C0_poly2,conventional quadratic,10,65,65,0.0001,pysindy.STLSQ,confirmation_24,conf_017,common,2.178074942297402,0.2454155056059559,2100
augmentation,0.0,0.0,0,5000,5500,C0_poly2,conventional quadratic,10,65,65,0.0001,pysindy.STLSQ,confirmation_24,conf_018,native,2.13654622354155,0.2363505669513095,2397
augmentation,0.0,0.0,0,5000,5500,C0_poly2,conventional quadratic,10,65,65,0.0001,pysindy.STLSQ,confirmation_24,conf_018,common,2.0379241641756582,0.2166423030265661,2133
augmentation,0.0,0.0,0,5000,5500,C0_poly2,conventional quadratic,10,65,65,0.0001,pysindy.STLSQ,confirmation_24,conf_019,native,2.266708479335589,0.2487756557217569,2397
augmentation,0.0,0.0,0,5000,5500,C0_poly2,conventional quadratic,10,65,65,0.0001,pysindy.STLSQ,confirmation_24,conf_019,common,2.196263634940781,0.2313110555220283,2110
augmentation,0.0,0.0,0,5000,5500,C0_poly2,conventional quadratic,10,65,65,0.0001,pysindy.STLSQ,confirmation_24,conf_020,native,2.3457947264042813,0.2710055975745815,2397
augmentation,0.0,0.0,0,5000,5500,C0_poly2,conventional quadratic,10,65,65,0.0001,pysindy.STLSQ,confirmation_24,conf_020,common,2.315497183247058,0.2611388165710885,2118
augmentation,0.0,0.0,0,5000,5500,C0_poly2,conventional quadratic,10,65,65,0.0001,pysindy.STLSQ,confirmation_24,conf_021,native,2.0525032484890264,0.2435666761944379,2397
augmentation,0.0,0.0,0,5000,5500,C0_poly2,conventional quadratic,10,65,65,0.0001,pysindy.STLSQ,confirmation_24,conf_021,common,2.0106479829244828,0.2305125075713628,2120
augmentation,0.0,0.0,0,5000,5500,C0_poly2,conventional quadratic,10,65,65,0.0001,pysindy.STLSQ,confirmation_24,conf_022,native,1.985861678680239,0.2330759328286178,2397
augmentation,0.0,0.0,0,5000,5500,C0_poly2,conventional quadratic,10,65,65,0.0001,pysindy.STLSQ,confirmation_24,conf_022,common,1.937882445154547,0.2191337922753726,2129
augmentation,0.0,0.0,0,5000,5500,C0_poly2,conventional quadratic,10,65,65,0.0001,pysindy.STLSQ,confirmation_24,conf_023,native,2.3183526086875608,0.2548125725601436,2397
augmentation,0.0,0.0,0,5000,5500,C0_poly2,conventional quadratic,10,65,65,0.0001,pysindy.STLSQ,confirmation_24,conf_023,common,2.283410488969346,0.2422829960518468,2107
augmentation,0.0,0.0,0,5000,5500,C_compact,compact (12 coordinates),12,12,12,0.0001,pysindy.STLSQ,confirmation_24,conf_000,native,3.4755107708546565e-05,4.042440576275461e-06,2249
augmentation,0.0,0.0,0,5000,5500,C_compact,compact (12 coordinates),12,12,12,0.0001,pysindy.STLSQ,confirmation_24,conf_000,common,3.525972421060207e-05,3.998030054594389e-06,2067
augmentation,0.0,0.0,0,5000,5500,C_compact,compact (12 coordinates),12,12,12,0.0001,pysindy.STLSQ,confirmation_24,conf_001,native,3.2614580502284835e-05,3.5862587281289973e-06,2261
augmentation,0.0,0.0,0,5000,5500,C_compact,compact (12 coordinates),12,12,12,0.0001,pysindy.STLSQ,confirmation_24,conf_001,common,3.286178606484758e-05,3.5538060284032766e-06,2123
augmentation,0.0,0.0,0,5000,5500,C_compact,compact (12 coordinates),12,12,12,0.0001,pysindy.STLSQ,confirmation_24,conf_002,native,2.313060943437524e-05,3.120320058000661e-06,2324
augmentation,0.0,0.0,0,5000,5500,C_compact,compact (12 coordinates),12,12,12,0.0001,pysindy.STLSQ,confirmation_24,conf_002,common,2.347163777761389e-05,3.086974689868892e-06,2139
augmentation,0.0,0.0,0,5000,5500,C_compact,compact (12 coordinates),12,12,12,0.0001,pysindy.STLSQ,confirmation_24,conf_003,native,2.9668826343598252e-05,3.800650832857319e-06,2247
augmentation,0.0,0.0,0,5000,5500,C_compact,compact (12 coordinates),12,12,12,0.0001,pysindy.STLSQ,confirmation_24,conf_003,common,3.036704434473271e-05,3.7913854711467473e-06,2072
augmentation,0.0,0.0,0,5000,5500,C_compact,compact (12 coordinates),12,12,12,0.0001,pysindy.STLSQ,confirmation_24,conf_004,native,3.36329505996098e-05,3.824431549385336e-06,2256
augmentation,0.0,0.0,0,5000,5500,C_compact,compact (12 coordinates),12,12,12,0.0001,pysindy.STLSQ,confirmation_24,conf_004,common,3.407464909968165e-05,3.78839888597655e-06,2092
augmentation,0.0,0.0,0,5000,5500,C_compact,compact (12 coordinates),12,12,12,0.0001,pysindy.STLSQ,confirmation_24,conf_005,native,3.1244129417804884e-05,3.681275121520792e-06,2188
augmentation,0.0,0.0,0,5000,5500,C_compact,compact (12 coordinates),12,12,12,0.0001,pysindy.STLSQ,confirmation_24,conf_005,common,3.154026546164424e-05,3.629982892366644e-06,2027
augmentation,0.0,0.0,0,5000,5500,C_compact,compact (12 coordinates),12,12,12,0.0001,pysindy.STLSQ,confirmation_24,conf_006,native,3.4475048689110053e-05,3.8079086698149338e-06,2257
augmentation,0.0,0.0,0,5000,5500,C_compact,compact (12 coordinates),12,12,12,0.0001,pysindy.STLSQ,confirmation_24,conf_006,common,3.4887239675885976e-05,3.772086548855821e-06,2090
augmentation,0.0,0.0,0,5000,5500,C_compact,compact (12 coordinates),12,12,12,0.0001,pysindy.STLSQ,confirmation_24,conf_007,native,3.2687113103101274e-05,4.19506303609983e-06,2225
augmentation,0.0,0.0,0,5000,5500,C_compact,compact (12 coordinates),12,12,12,0.0001,pysindy.STLSQ,confirmation_24,conf_007,common,3.3084120430033944e-05,4.133701856987092e-06,2047
augmentation,0.0,0.0,0,5000,5500,C_compact,compact (12 coordinates),12,12,12,0.0001,pysindy.STLSQ,confirmation_24,conf_008,native,3.064759453262785e-05,3.624519925150265e-06,2263
augmentation,0.0,0.0,0,5000,5500,C_compact,compact (12 coordinates),12,12,12,0.0001,pysindy.STLSQ,confirmation_24,conf_008,common,3.118372500299918e-05,3.6078936371486415e-06,2111
augmentation,0.0,0.0,0,5000,5500,C_compact,compact (12 coordinates),12,12,12,0.0001,pysindy.STLSQ,confirmation_24,conf_009,native,3.2641109847552225e-05,3.729674412072296e-06,2241
augmentation,0.0,0.0,0,5000,5500,C_compact,compact (12 coordinates),12,12,12,0.0001,pysindy.STLSQ,confirmation_24,conf_009,common,3.302847025535394e-05,3.7003671272285257e-06,2099
augmentation,0.0,0.0,0,5000,5500,C_compact,compact (12 coordinates),12,12,12,0.0001,pysindy.STLSQ,confirmation_24,conf_010,native,3.2840847147810096e-05,3.982633755731145e-06,2262
augmentation,0.0,0.0,0,5000,5500,C_compact,compact (12 coordinates),12,12,12,0.0001,pysindy.STLSQ,confirmation_24,conf_010,common,3.337657449595604e-05,3.9507370354159295e-06,2085
augmentation,0.0,0.0,0,5000,5500,C_compact,compact (12 coordinates),12,12,12,0.0001,pysindy.STLSQ,confirmation_24,conf_011,native,3.357984029380064e-05,3.846744094469283e-06,2249
augmentation,0.0,0.0,0,5000,5500,C_compact,compact (12 coordinates),12,12,12,0.0001,pysindy.STLSQ,confirmation_24,conf_011,common,3.3980018879746985e-05,3.80924990519604e-06,2096
augmentation,0.0,0.0,0,5000,5500,C_compact,compact (12 coordinates),12,12,12,0.0001,pysindy.STLSQ,confirmation_24,conf_012,native,3.357072726477319e-05,3.663731442096433e-06,2243
augmentation,0.0,0.0,0,5000,5500,C_compact,compact (12 coordinates),12,12,12,0.0001,pysindy.STLSQ,confirmation_24,conf_012,common,3.3951904379591764e-05,3.643825434525077e-06,2115
augmentation,0.0,0.0,0,5000,5500,C_compact,compact (12 coordinates),12,12,12,0.0001,pysindy.STLSQ,confirmation_24,conf_013,native,3.291883764200364e-05,3.701726078501026e-06,2287
augmentation,0.0,0.0,0,5000,5500,C_compact,compact (12 coordinates),12,12,12,0.0001,pysindy.STLSQ,confirmation_24,conf_013,common,3.338836557844324e-05,3.678505989147053e-06,2123
augmentation,0.0,0.0,0,5000,5500,C_compact,compact (12 coordinates),12,12,12,0.0001,pysindy.STLSQ,confirmation_24,conf_014,native,3.328114655477448e-05,4.097803722999354e-06,2247
augmentation,0.0,0.0,0,5000,5500,C_compact,compact (12 coordinates),12,12,12,0.0001,pysindy.STLSQ,confirmation_24,conf_014,common,3.4339030243616847e-05,4.118796284879677e-06,2074
augmentation,0.0,0.0,0,5000,5500,C_compact,compact (12 coordinates),12,12,12,0.0001,pysindy.STLSQ,confirmation_24,conf_015,native,3.818057472630216e-05,4.082479792356001e-06,2221
augmentation,0.0,0.0,0,5000,5500,C_compact,compact (12 coordinates),12,12,12,0.0001,pysindy.STLSQ,confirmation_24,conf_015,common,3.870920348753322e-05,4.062985107376674e-06,2077
augmentation,0.0,0.0,0,5000,5500,C_compact,compact (12 coordinates),12,12,12,0.0001,pysindy.STLSQ,confirmation_24,conf_016,native,3.163571539012528e-05,3.795176784741336e-06,2286
augmentation,0.0,0.0,0,5000,5500,C_compact,compact (12 coordinates),12,12,12,0.0001,pysindy.STLSQ,confirmation_24,conf_016,common,3.218691192968636e-05,3.775737897844367e-06,2117
augmentation,0.0,0.0,0,5000,5500,C_compact,compact (12 coordinates),12,12,12,0.0001,pysindy.STLSQ,confirmation_24,conf_017,native,3.1979070920875767e-05,3.687360128962236e-06,2272
augmentation,0.0,0.0,0,5000,5500,C_compact,compact (12 coordinates),12,12,12,0.0001,pysindy.STLSQ,confirmation_24,conf_017,common,3.268466980206109e-05,3.6827588478547774e-06,2100
augmentation,0.0,0.0,0,5000,5500,C_compact,compact (12 coordinates),12,12,12,0.0001,pysindy.STLSQ,confirmation_24,conf_018,native,3.3900542288892696e-05,3.667963039323328e-06,2285
augmentation,0.0,0.0,0,5000,5500,C_compact,compact (12 coordinates),12,12,12,0.0001,pysindy.STLSQ,confirmation_24,conf_018,common,3.4308837403629204e-05,3.647214003320273e-06,2133
augmentation,0.0,0.0,0,5000,5500,C_compact,compact (12 coordinates),12,12,12,0.0001,pysindy.STLSQ,confirmation_24,conf_019,native,3.311536558911064e-05,3.5507583894370386e-06,2249
augmentation,0.0,0.0,0,5000,5500,C_compact,compact (12 coordinates),12,12,12,0.0001,pysindy.STLSQ,confirmation_24,conf_019,common,3.365930943776628e-05,3.5450071978276974e-06,2110
augmentation,0.0,0.0,0,5000,5500,C_compact,compact (12 coordinates),12,12,12,0.0001,pysindy.STLSQ,confirmation_24,conf_020,native,3.3986603543302646e-05,3.922728264686296e-06,2286
augmentation,0.0,0.0,0,5000,5500,C_compact,compact (12 coordinates),12,12,12,0.0001,pysindy.STLSQ,confirmation_24,conf_020,common,3.486670511439592e-05,3.9322224951007344e-06,2118
augmentation,0.0,0.0,0,5000,5500,C_compact,compact (12 coordinates),12,12,12,0.0001,pysindy.STLSQ,confirmation_24,conf_021,native,3.0357506675960595e-05,3.5640999781252444e-06,2290
augmentation,0.0,0.0,0,5000,5500,C_compact,compact (12 coordinates),12,12,12,0.0001,pysindy.STLSQ,confirmation_24,conf_021,common,3.1161320330245065e-05,3.572516994303257e-06,2120
augmentation,0.0,0.0,0,5000,5500,C_compact,compact (12 coordinates),12,12,12,0.0001,pysindy.STLSQ,confirmation_24,conf_022,native,2.983170328451989e-05,3.447473485271127e-06,2303
augmentation,0.0,0.0,0,5000,5500,C_compact,compact (12 coordinates),12,12,12,0.0001,pysindy.STLSQ,confirmation_24,conf_022,common,3.029797960955171e-05,3.426064974541576e-06,2129
augmentation,0.0,0.0,0,5000,5500,C_compact,compact (12 coordinates),12,12,12,0.0001,pysindy.STLSQ,confirmation_24,conf_023,native,3.507343440905525e-05,3.786864305228573e-06,2246
augmentation,0.0,0.0,0,5000,5500,C_compact,compact (12 coordinates),12,12,12,0.0001,pysindy.STLSQ,confirmation_24,conf_023,common,3.541980110777934e-05,3.7582447717610127e-06,2107
augmentation,0.0,0.0,0,5000,5500,C_all,C_all (38 coordinates),38,38,32,0.0001,pysindy.STLSQ,confirmation_24,conf_000,native,1.5285204928035807e-05,1.7331590096370169e-06,2067
augmentation,0.0,0.0,0,5000,5500,C_all,C_all (38 coordinates),38,38,32,0.0001,pysindy.STLSQ,confirmation_24,conf_000,common,1.5285204928035807e-05,1.7331590096370169e-06,2067
augmentation,0.0,0.0,0,5000,5500,C_all,C_all (38 coordinates),38,38,32,0.0001,pysindy.STLSQ,confirmation_24,conf_001,native,1.1423147677802105e-05,1.2353452426658992e-06,2123
augmentation,0.0,0.0,0,5000,5500,C_all,C_all (38 coordinates),38,38,32,0.0001,pysindy.STLSQ,confirmation_24,conf_001,common,1.1423147677802105e-05,1.2353452426658992e-06,2123
augmentation,0.0,0.0,0,5000,5500,C_all,C_all (38 coordinates),38,38,32,0.0001,pysindy.STLSQ,confirmation_24,conf_002,native,9.467291277263218e-06,1.2451320539038717e-06,2139
augmentation,0.0,0.0,0,5000,5500,C_all,C_all (38 coordinates),38,38,32,0.0001,pysindy.STLSQ,confirmation_24,conf_002,common,9.467291277263218e-06,1.2451320539038717e-06,2139
augmentation,0.0,0.0,0,5000,5500,C_all,C_all (38 coordinates),38,38,32,0.0001,pysindy.STLSQ,confirmation_24,conf_003,native,1.293621779974234e-05,1.615112345500306e-06,2072
augmentation,0.0,0.0,0,5000,5500,C_all,C_all (38 coordinates),38,38,32,0.0001,pysindy.STLSQ,confirmation_24,conf_003,common,1.293621779974234e-05,1.615112345500306e-06,2072
augmentation,0.0,0.0,0,5000,5500,C_all,C_all (38 coordinates),38,38,32,0.0001,pysindy.STLSQ,confirmation_24,conf_004,native,1.2349759953694517e-05,1.3730388452068086e-06,2092
augmentation,0.0,0.0,0,5000,5500,C_all,C_all (38 coordinates),38,38,32,0.0001,pysindy.STLSQ,confirmation_24,conf_004,common,1.2349759953694517e-05,1.3730388452068086e-06,2092
augmentation,0.0,0.0,0,5000,5500,C_all,C_all (38 coordinates),38,38,32,0.0001,pysindy.STLSQ,confirmation_24,conf_005,native,1.2139536824990871e-05,1.397144581727135e-06,2027
augmentation,0.0,0.0,0,5000,5500,C_all,C_all (38 coordinates),38,38,32,0.0001,pysindy.STLSQ,confirmation_24,conf_005,common,1.2139536824990871e-05,1.397144581727135e-06,2027
augmentation,0.0,0.0,0,5000,5500,C_all,C_all (38 coordinates),38,38,32,0.0001,pysindy.STLSQ,confirmation_24,conf_006,native,1.3171964014666498e-05,1.4241822724679242e-06,2090
augmentation,0.0,0.0,0,5000,5500,C_all,C_all (38 coordinates),38,38,32,0.0001,pysindy.STLSQ,confirmation_24,conf_006,common,1.3171964014666498e-05,1.4241822724679242e-06,2090
augmentation,0.0,0.0,0,5000,5500,C_all,C_all (38 coordinates),38,38,32,0.0001,pysindy.STLSQ,confirmation_24,conf_007,native,1.706087999847389e-05,2.131674967169532e-06,2047
augmentation,0.0,0.0,0,5000,5500,C_all,C_all (38 coordinates),38,38,32,0.0001,pysindy.STLSQ,confirmation_24,conf_007,common,1.706087999847389e-05,2.131674967169532e-06,2047
augmentation,0.0,0.0,0,5000,5500,C_all,C_all (38 coordinates),38,38,32,0.0001,pysindy.STLSQ,confirmation_24,conf_008,native,1.1965148531875636e-05,1.3843433794885192e-06,2111
augmentation,0.0,0.0,0,5000,5500,C_all,C_all (38 coordinates),38,38,32,0.0001,pysindy.STLSQ,confirmation_24,conf_008,common,1.1965148531875636e-05,1.3843433794885192e-06,2111
augmentation,0.0,0.0,0,5000,5500,C_all,C_all (38 coordinates),38,38,32,0.0001,pysindy.STLSQ,confirmation_24,conf_009,native,1.2797992907728569e-05,1.4338318391414436e-06,2099
augmentation,0.0,0.0,0,5000,5500,C_all,C_all (38 coordinates),38,38,32,0.0001,pysindy.STLSQ,confirmation_24,conf_009,common,1.2797992907728569e-05,1.4338318391414436e-06,2099
augmentation,0.0,0.0,0,5000,5500,C_all,C_all (38 coordinates),38,38,32,0.0001,pysindy.STLSQ,confirmation_24,conf_010,native,1.807159029856572e-05,2.139108106796798e-06,2085
augmentation,0.0,0.0,0,5000,5500,C_all,C_all (38 coordinates),38,38,32,0.0001,pysindy.STLSQ,confirmation_24,conf_010,common,1.807159029856572e-05,2.139108106796798e-06,2085
augmentation,0.0,0.0,0,5000,5500,C_all,C_all (38 coordinates),38,38,32,0.0001,pysindy.STLSQ,confirmation_24,conf_011,native,1.2299143249985864e-05,1.3787664575703147e-06,2096
augmentation,0.0,0.0,0,5000,5500,C_all,C_all (38 coordinates),38,38,32,0.0001,pysindy.STLSQ,confirmation_24,conf_011,common,1.2299143249985864e-05,1.3787664575703147e-06,2096
augmentation,0.0,0.0,0,5000,5500,C_all,C_all (38 coordinates),38,38,32,0.0001,pysindy.STLSQ,confirmation_24,conf_012,native,1.1624028811768222e-05,1.2475274247483209e-06,2115
augmentation,0.0,0.0,0,5000,5500,C_all,C_all (38 coordinates),38,38,32,0.0001,pysindy.STLSQ,confirmation_24,conf_012,common,1.1624028811768222e-05,1.2475274247483209e-06,2115
augmentation,0.0,0.0,0,5000,5500,C_all,C_all (38 coordinates),38,38,32,0.0001,pysindy.STLSQ,confirmation_24,conf_013,native,1.1927440333824615e-05,1.3140853091501849e-06,2123
augmentation,0.0,0.0,0,5000,5500,C_all,C_all (38 coordinates),38,38,32,0.0001,pysindy.STLSQ,confirmation_24,conf_013,common,1.1927440333824615e-05,1.3140853091501849e-06,2123
augmentation,0.0,0.0,0,5000,5500,C_all,C_all (38 coordinates),38,38,32,0.0001,pysindy.STLSQ,confirmation_24,conf_014,native,2.084607534649262e-05,2.500383298023273e-06,2074
augmentation,0.0,0.0,0,5000,5500,C_all,C_all (38 coordinates),38,38,32,0.0001,pysindy.STLSQ,confirmation_24,conf_014,common,2.084607534649262e-05,2.500383298023273e-06,2074
augmentation,0.0,0.0,0,5000,5500,C_all,C_all (38 coordinates),38,38,32,0.0001,pysindy.STLSQ,confirmation_24,conf_015,native,1.7642163245603848e-05,1.8517520401028648e-06,2077
augmentation,0.0,0.0,0,5000,5500,C_all,C_all (38 coordinates),38,38,32,0.0001,pysindy.STLSQ,confirmation_24,conf_015,common,1.7642163245603848e-05,1.8517520401028648e-06,2077
augmentation,0.0,0.0,0,5000,5500,C_all,C_all (38 coordinates),38,38,32,0.0001,pysindy.STLSQ,confirmation_24,conf_016,native,1.332732419541992e-05,1.5633833761819825e-06,2117
augmentation,0.0,0.0,0,5000,5500,C_all,C_all (38 coordinates),38,38,32,0.0001,pysindy.STLSQ,confirmation_24,conf_016,common,1.332732419541992e-05,1.5633833761819825e-06,2117
augmentation,0.0,0.0,0,5000,5500,C_all,C_all (38 coordinates),38,38,32,0.0001,pysindy.STLSQ,confirmation_24,conf_017,native,1.2664291723013348e-05,1.426954369653762e-06,2100
augmentation,0.0,0.0,0,5000,5500,C_all,C_all (38 coordinates),38,38,32,0.0001,pysindy.STLSQ,confirmation_24,conf_017,common,1.2664291723013348e-05,1.426954369653762e-06,2100
augmentation,0.0,0.0,0,5000,5500,C_all,C_all (38 coordinates),38,38,32,0.0001,pysindy.STLSQ,confirmation_24,conf_018,native,1.1561389701255246e-05,1.2290379274641491e-06,2133
augmentation,0.0,0.0,0,5000,5500,C_all,C_all (38 coordinates),38,38,32,0.0001,pysindy.STLSQ,confirmation_24,conf_018,common,1.1561389701255246e-05,1.2290379274641491e-06,2133
augmentation,0.0,0.0,0,5000,5500,C_all,C_all (38 coordinates),38,38,32,0.0001,pysindy.STLSQ,confirmation_24,conf_019,native,1.1806603234636002e-05,1.2434745141181949e-06,2110
augmentation,0.0,0.0,0,5000,5500,C_all,C_all (38 coordinates),38,38,32,0.0001,pysindy.STLSQ,confirmation_24,conf_019,common,1.1806603234636002e-05,1.2434745141181949e-06,2110
augmentation,0.0,0.0,0,5000,5500,C_all,C_all (38 coordinates),38,38,32,0.0001,pysindy.STLSQ,confirmation_24,conf_020,native,1.3526020819901623e-05,1.525447361966469e-06,2118
augmentation,0.0,0.0,0,5000,5500,C_all,C_all (38 coordinates),38,38,32,0.0001,pysindy.STLSQ,confirmation_24,conf_020,common,1.3526020819901623e-05,1.525447361966469e-06,2118
augmentation,0.0,0.0,0,5000,5500,C_all,C_all (38 coordinates),38,38,32,0.0001,pysindy.STLSQ,confirmation_24,conf_021,native,1.1674875498638993e-05,1.338476376586014e-06,2120
augmentation,0.0,0.0,0,5000,5500,C_all,C_all (38 coordinates),38,38,32,0.0001,pysindy.STLSQ,confirmation_24,conf_021,common,1.1674875498638993e-05,1.338476376586014e-06,2120
augmentation,0.0,0.0,0,5000,5500,C_all,C_all (38 coordinates),38,38,32,0.0001,pysindy.STLSQ,confirmation_24,conf_022,native,1.0814026132333392e-05,1.2228391676019394e-06,2129
augmentation,0.0,0.0,0,5000,5500,C_all,C_all (38 coordinates),38,38,32,0.0001,pysindy.STLSQ,confirmation_24,conf_022,common,1.0814026132333392e-05,1.2228391676019394e-06,2129
augmentation,0.0,0.0,0,5000,5500,C_all,C_all (38 coordinates),38,38,32,0.0001,pysindy.STLSQ,confirmation_24,conf_023,native,1.2945276068135588e-05,1.373568303052613e-06,2107
augmentation,0.0,0.0,0,5000,5500,C_all,C_all (38 coordinates),38,38,32,0.0001,pysindy.STLSQ,confirmation_24,conf_023,common,1.2945276068135588e-05,1.373568303052613e-06,2107
augmentation,0.001,0.1,0,5010,5510,C0_poly2,conventional quadratic,10,65,65,0.0001,pysindy.STLSQ,confirmation_24,conf_000,native,2.849261128712272,0.3282133529300749,2397
augmentation,0.001,0.1,0,5010,5510,C0_poly2,conventional quadratic,10,65,65,0.0001,pysindy.STLSQ,confirmation_24,conf_000,common,2.6688691648941925,0.3026055061461187,2069
augmentation,0.001,0.1,0,5010,5510,C0_poly2,conventional quadratic,10,65,65,0.0001,pysindy.STLSQ,confirmation_24,conf_001,native,2.2566651735494423,0.254142000230222,2397
augmentation,0.001,0.1,0,5010,5510,C0_poly2,conventional quadratic,10,65,65,0.0001,pysindy.STLSQ,confirmation_24,conf_001,common,2.165361262208377,0.2342124758634816,2124
augmentation,0.001,0.1,0,5010,5510,C0_poly2,conventional quadratic,10,65,65,0.0001,pysindy.STLSQ,confirmation_24,conf_002,native,1.7550070617411035,0.2386865901374084,2397
augmentation,0.001,0.1,0,5010,5510,C0_poly2,conventional quadratic,10,65,65,0.0001,pysindy.STLSQ,confirmation_24,conf_002,common,1.690951593719894,0.2220277453093445,2128
augmentation,0.001,0.1,0,5010,5510,C0_poly2,conventional quadratic,10,65,65,0.0001,pysindy.STLSQ,confirmation_24,conf_003,native,2.4536420126875504,0.3086441957620733,2397
augmentation,0.001,0.1,0,5010,5510,C0_poly2,conventional quadratic,10,65,65,0.0001,pysindy.STLSQ,confirmation_24,conf_003,common,2.3698118898881475,0.2959851835632859,2063
augmentation,0.001,0.1,0,5010,5510,C0_poly2,conventional quadratic,10,65,65,0.0001,pysindy.STLSQ,confirmation_24,conf_004,native,2.5264441827930404,0.2904176981393605,2397
augmentation,0.001,0.1,0,5010,5510,C0_poly2,conventional quadratic,10,65,65,0.0001,pysindy.STLSQ,confirmation_24,conf_004,common,2.499217736075148,0.2773464264027022,2081
augmentation,0.001,0.1,0,5010,5510,C0_poly2,conventional quadratic,10,65,65,0.0001,pysindy.STLSQ,confirmation_24,conf_005,native,2.606360440057546,0.3031567655276386,2397
augmentation,0.001,0.1,0,5010,5510,C0_poly2,conventional quadratic,10,65,65,0.0001,pysindy.STLSQ,confirmation_24,conf_005,common,2.385702519019703,0.2747607476196534,2032
augmentation,0.001,0.1,0,5010,5510,C0_poly2,conventional quadratic,10,65,65,0.0001,pysindy.STLSQ,confirmation_24,conf_006,native,2.6058034652308337,0.2915030670110137,2397
augmentation,0.001,0.1,0,5010,5510,C0_poly2,conventional quadratic,10,65,65,0.0001,pysindy.STLSQ,confirmation_24,conf_006,common,2.5875214524170898,0.2803305002775816,2095
augmentation,0.001,0.1,0,5010,5510,C0_poly2,conventional quadratic,10,65,65,0.0001,pysindy.STLSQ,confirmation_24,conf_007,native,2.877324199416866,0.3560309246442908,2397
augmentation,0.001,0.1,0,5010,5510,C0_poly2,conventional quadratic,10,65,65,0.0001,pysindy.STLSQ,confirmation_24,conf_007,common,2.6719945952165416,0.3343023659480982,2053
augmentation,0.001,0.1,0,5010,5510,C0_poly2,conventional quadratic,10,65,65,0.0001,pysindy.STLSQ,confirmation_24,conf_008,native,2.3416660639600178,0.279315578440054,2397
augmentation,0.001,0.1,0,5010,5510,C0_poly2,conventional quadratic,10,65,65,0.0001,pysindy.STLSQ,confirmation_24,conf_008,common,2.287072363219009,0.264133612240912,2100
augmentation,0.001,0.1,0,5010,5510,C0_poly2,conventional quadratic,10,65,65,0.0001,pysindy.STLSQ,confirmation_24,conf_009,native,2.4556439428263928,0.2840302747441813,2397
augmentation,0.001,0.1,0,5010,5510,C0_poly2,conventional quadratic,10,65,65,0.0001,pysindy.STLSQ,confirmation_24,conf_009,common,2.340015883777812,0.2615933738296895,2090
augmentation,0.001,0.1,0,5010,5510,C0_poly2,conventional quadratic,10,65,65,0.0001,pysindy.STLSQ,confirmation_24,conf_010,native,2.6809585895412944,0.321172071631267,2397
augmentation,0.001,0.1,0,5010,5510,C0_poly2,conventional quadratic,10,65,65,0.0001,pysindy.STLSQ,confirmation_24,conf_010,common,2.540264142614467,0.3010177627550901,2082
augmentation,0.001,0.1,0,5010,5510,C0_poly2,conventional quadratic,10,65,65,0.0001,pysindy.STLSQ,confirmation_24,conf_011,native,2.502670215103714,0.290447396471441,2397
augmentation,0.001,0.1,0,5010,5510,C0_poly2,conventional quadratic,10,65,65,0.0001,pysindy.STLSQ,confirmation_24,conf_011,common,2.4811337802117004,0.2784851619759442,2099
augmentation,0.001,0.1,0,5010,5510,C0_poly2,conventional quadratic,10,65,65,0.0001,pysindy.STLSQ,confirmation_24,conf_012,native,2.345347737706493,0.2625851712818535,2397
augmentation,0.001,0.1,0,5010,5510,C0_poly2,conventional quadratic,10,65,65,0.0001,pysindy.STLSQ,confirmation_24,conf_012,common,2.2422669478451525,0.2403731431070433,2101
augmentation,0.001,0.1,0,5010,5510,C0_poly2,conventional quadratic,10,65,65,0.0001,pysindy.STLSQ,confirmation_24,conf_013,native,2.439215099675962,0.2782173286786734,2397
augmentation,0.001,0.1,0,5010,5510,C0_poly2,conventional quadratic,10,65,65,0.0001,pysindy.STLSQ,confirmation_24,conf_013,common,2.412136108136378,0.2656409336983886,2116
augmentation,0.001,0.1,0,5010,5510,C0_poly2,conventional quadratic,10,65,65,0.0001,pysindy.STLSQ,confirmation_24,conf_014,native,2.7615582950227995,0.3338586191316615,2397
augmentation,0.001,0.1,0,5010,5510,C0_poly2,conventional quadratic,10,65,65,0.0001,pysindy.STLSQ,confirmation_24,conf_014,common,2.6084941172355065,0.3128868229185698,2066
augmentation,0.001,0.1,0,5010,5510,C0_poly2,conventional quadratic,10,65,65,0.0001,pysindy.STLSQ,confirmation_24,conf_015,native,2.864820601363353,0.3101635128471308,2397
augmentation,0.001,0.1,0,5010,5510,C0_poly2,conventional quadratic,10,65,65,0.0001,pysindy.STLSQ,confirmation_24,conf_015,common,2.717267063299536,0.2849136821046757,2072
augmentation,0.001,0.1,0,5010,5510,C0_poly2,conventional quadratic,10,65,65,0.0001,pysindy.STLSQ,confirmation_24,conf_016,native,2.438976590922537,0.2928320581258437,2397
augmentation,0.001,0.1,0,5010,5510,C0_poly2,conventional quadratic,10,65,65,0.0001,pysindy.STLSQ,confirmation_24,conf_016,common,2.3435945373964757,0.274284404533673,2103
augmentation,0.001,0.1,0,5010,5510,C0_poly2,conventional quadratic,10,65,65,0.0001,pysindy.STLSQ,confirmation_24,conf_017,native,2.4727752442965465,0.2870351272988418,2397
augmentation,0.001,0.1,0,5010,5510,C0_poly2,conventional quadratic,10,65,65,0.0001,pysindy.STLSQ,confirmation_24,conf_017,common,2.4180696928270224,0.2721469499644135,2096
augmentation,0.001,0.1,0,5010,5510,C0_poly2,conventional quadratic,10,65,65,0.0001,pysindy.STLSQ,confirmation_24,conf_018,native,2.369799661168744,0.2621536980135273,2397
augmentation,0.001,0.1,0,5010,5510,C0_poly2,conventional quadratic,10,65,65,0.0001,pysindy.STLSQ,confirmation_24,conf_018,common,2.266900886745685,0.2406566125252937,2129
augmentation,0.001,0.1,0,5010,5510,C0_poly2,conventional quadratic,10,65,65,0.0001,pysindy.STLSQ,confirmation_24,conf_019,native,2.494124705116156,0.2737350279595626,2397
augmentation,0.001,0.1,0,5010,5510,C0_poly2,conventional quadratic,10,65,65,0.0001,pysindy.STLSQ,confirmation_24,conf_019,common,2.430729544619048,0.2563312681508061,2113
augmentation,0.001,0.1,0,5010,5510,C0_poly2,conventional quadratic,10,65,65,0.0001,pysindy.STLSQ,confirmation_24,conf_020,native,2.6304848278003856,0.3038953513897764,2397
augmentation,0.001,0.1,0,5010,5510,C0_poly2,conventional quadratic,10,65,65,0.0001,pysindy.STLSQ,confirmation_24,conf_020,common,2.56661468441502,0.2903710044146851,2116
augmentation,0.001,0.1,0,5010,5510,C0_poly2,conventional quadratic,10,65,65,0.0001,pysindy.STLSQ,confirmation_24,conf_021,native,2.282987501911319,0.270917806363197,2397
augmentation,0.001,0.1,0,5010,5510,C0_poly2,conventional quadratic,10,65,65,0.0001,pysindy.STLSQ,confirmation_24,conf_021,common,2.2181707495658327,0.2544501597792296,2115
augmentation,0.001,0.1,0,5010,5510,C0_poly2,conventional quadratic,10,65,65,0.0001,pysindy.STLSQ,confirmation_24,conf_022,native,2.206101276823854,0.2589249384941269,2397
augmentation,0.001,0.1,0,5010,5510,C0_poly2,conventional quadratic,10,65,65,0.0001,pysindy.STLSQ,confirmation_24,conf_022,common,2.153356021772268,0.2434101022944186,2132
augmentation,0.001,0.1,0,5010,5510,C0_poly2,conventional quadratic,10,65,65,0.0001,pysindy.STLSQ,confirmation_24,conf_023,native,2.5519612271018497,0.2804887414083605,2397
augmentation,0.001,0.1,0,5010,5510,C0_poly2,conventional quadratic,10,65,65,0.0001,pysindy.STLSQ,confirmation_24,conf_023,common,2.5070791286489085,0.2661397413320335,2107
augmentation,0.001,0.1,0,5010,5510,C_compact,compact (12 coordinates),12,12,12,0.05,pysindy.STLSQ,confirmation_24,conf_000,native,0.7259756135448258,0.0844377140944957,2249
augmentation,0.001,0.1,0,5010,5510,C_compact,compact (12 coordinates),12,12,12,0.05,pysindy.STLSQ,confirmation_24,conf_000,common,0.66204533454787,0.0750649624147001,2069
augmentation,0.001,0.1,0,5010,5510,C_compact,compact (12 coordinates),12,12,12,0.05,pysindy.STLSQ,confirmation_24,conf_001,native,0.784178767456353,0.08622732243963,2261
augmentation,0.001,0.1,0,5010,5510,C_compact,compact (12 coordinates),12,12,12,0.05,pysindy.STLSQ,confirmation_24,conf_001,common,0.7181377147888522,0.0776760973455772,2124
augmentation,0.001,0.1,0,5010,5510,C_compact,compact (12 coordinates),12,12,12,0.05,pysindy.STLSQ,confirmation_24,conf_002,native,0.5310414276541608,0.0716587730807825,2324
augmentation,0.001,0.1,0,5010,5510,C_compact,compact (12 coordinates),12,12,12,0.05,pysindy.STLSQ,confirmation_24,conf_002,common,0.5036849952350941,0.0661355678385675,2128
augmentation,0.001,0.1,0,5010,5510,C_compact,compact (12 coordinates),12,12,12,0.05,pysindy.STLSQ,confirmation_24,conf_003,native,0.5416071081260424,0.0694077232633926,2246
augmentation,0.001,0.1,0,5010,5510,C_compact,compact (12 coordinates),12,12,12,0.05,pysindy.STLSQ,confirmation_24,conf_003,common,0.5440957113812617,0.0679565621627379,2063
augmentation,0.001,0.1,0,5010,5510,C_compact,compact (12 coordinates),12,12,12,0.05,pysindy.STLSQ,confirmation_24,conf_004,native,0.7033149294472121,0.0799465494230632,2254
augmentation,0.001,0.1,0,5010,5510,C_compact,compact (12 coordinates),12,12,12,0.05,pysindy.STLSQ,confirmation_24,conf_004,common,0.6283948329845369,0.0697350450032752,2081
augmentation,0.001,0.1,0,5010,5510,C_compact,compact (12 coordinates),12,12,12,0.05,pysindy.STLSQ,confirmation_24,conf_005,native,0.5665325749401902,0.0667482663413933,2188
augmentation,0.001,0.1,0,5010,5510,C_compact,compact (12 coordinates),12,12,12,0.05,pysindy.STLSQ,confirmation_24,conf_005,common,0.5681630295503025,0.0654351904835286,2032
augmentation,0.001,0.1,0,5010,5510,C_compact,compact (12 coordinates),12,12,12,0.05,pysindy.STLSQ,confirmation_24,conf_006,native,0.8214438674170931,0.0907563378776588,2258
augmentation,0.001,0.1,0,5010,5510,C_compact,compact (12 coordinates),12,12,12,0.05,pysindy.STLSQ,confirmation_24,conf_006,common,0.7403375378081926,0.0802077185308644,2095
augmentation,0.001,0.1,0,5010,5510,C_compact,compact (12 coordinates),12,12,12,0.05,pysindy.STLSQ,confirmation_24,conf_007,native,0.5538405913624064,0.0710798835427183,2225
augmentation,0.001,0.1,0,5010,5510,C_compact,compact (12 coordinates),12,12,12,0.05,pysindy.STLSQ,confirmation_24,conf_007,common,0.5394098462746906,0.0674874074027515,2053
augmentation,0.001,0.1,0,5010,5510,C_compact,compact (12 coordinates),12,12,12,0.05,pysindy.STLSQ,confirmation_24,conf_008,native,0.6429914510384709,0.0760597927985294,2264
augmentation,0.001,0.1,0,5010,5510,C_compact,compact (12 coordinates),12,12,12,0.05,pysindy.STLSQ,confirmation_24,conf_008,common,0.6304910119603199,0.0728153035963034,2100
augmentation,0.001,0.1,0,5010,5510,C_compact,compact (12 coordinates),12,12,12,0.05,pysindy.STLSQ,confirmation_24,conf_009,native,0.7492379548260666,0.0855647979637992,2241
augmentation,0.001,0.1,0,5010,5510,C_compact,compact (12 coordinates),12,12,12,0.05,pysindy.STLSQ,confirmation_24,conf_009,common,0.7126653981509977,0.0796697779730542,2090
augmentation,0.001,0.1,0,5010,5510,C_compact,compact (12 coordinates),12,12,12,0.05,pysindy.STLSQ,confirmation_24,conf_010,native,0.6922850129599412,0.0839650210854278,2263
augmentation,0.001,0.1,0,5010,5510,C_compact,compact (12 coordinates),12,12,12,0.05,pysindy.STLSQ,confirmation_24,conf_010,common,0.6362705051150808,0.0753971686423402,2082
augmentation,0.001,0.1,0,5010,5510,C_compact,compact (12 coordinates),12,12,12,0.05,pysindy.STLSQ,confirmation_24,conf_011,native,0.6291125160980884,0.072096340915408,2249
augmentation,0.001,0.1,0,5010,5510,C_compact,compact (12 coordinates),12,12,12,0.05,pysindy.STLSQ,confirmation_24,conf_011,common,0.607832574627777,0.0682237912157355,2099
augmentation,0.001,0.1,0,5010,5510,C_compact,compact (12 coordinates),12,12,12,0.05,pysindy.STLSQ,confirmation_24,conf_012,native,0.7857649238740334,0.0857542237613259,2243
augmentation,0.001,0.1,0,5010,5510,C_compact,compact (12 coordinates),12,12,12,0.05,pysindy.STLSQ,confirmation_24,conf_012,common,0.7485374601142518,0.0802439255477316,2101
augmentation,0.001,0.1,0,5010,5510,C_compact,compact (12 coordinates),12,12,12,0.05,pysindy.STLSQ,confirmation_24,conf_013,native,0.8063569828019582,0.0906602651712983,2286
augmentation,0.001,0.1,0,5010,5510,C_compact,compact (12 coordinates),12,12,12,0.05,pysindy.STLSQ,confirmation_24,conf_013,common,0.7558756803707177,0.0832422021362278,2116
augmentation,0.001,0.1,0,5010,5510,C_compact,compact (12 coordinates),12,12,12,0.05,pysindy.STLSQ,confirmation_24,conf_014,native,0.5694076407676176,0.0701302734600878,2249
augmentation,0.001,0.1,0,5010,5510,C_compact,compact (12 coordinates),12,12,12,0.05,pysindy.STLSQ,confirmation_24,conf_014,common,0.5448939037441982,0.0653595962680971,2066
augmentation,0.001,0.1,0,5010,5510,C_compact,compact (12 coordinates),12,12,12,0.05,pysindy.STLSQ,confirmation_24,conf_015,native,0.7702004059783768,0.0823871768676052,2220
augmentation,0.001,0.1,0,5010,5510,C_compact,compact (12 coordinates),12,12,12,0.05,pysindy.STLSQ,confirmation_24,conf_015,common,0.6925595038995854,0.0726169617251445,2072
augmentation,0.001,0.1,0,5010,5510,C_compact,compact (12 coordinates),12,12,12,0.05,pysindy.STLSQ,confirmation_24,conf_016,native,0.680631455183732,0.0816557899065782,2289
augmentation,0.001,0.1,0,5010,5510,C_compact,compact (12 coordinates),12,12,12,0.05,pysindy.STLSQ,confirmation_24,conf_016,common,0.6267342489596884,0.0733503289642142,2103
augmentation,0.001,0.1,0,5010,5510,C_compact,compact (12 coordinates),12,12,12,0.05,pysindy.STLSQ,confirmation_24,conf_017,native,0.7305329961805351,0.0842374679879273,2271
augmentation,0.001,0.1,0,5010,5510,C_compact,compact (12 coordinates),12,12,12,0.05,pysindy.STLSQ,confirmation_24,conf_017,common,0.6588470552426244,0.0741513849287313,2096
augmentation,0.001,0.1,0,5010,5510,C_compact,compact (12 coordinates),12,12,12,0.05,pysindy.STLSQ,confirmation_24,conf_018,native,0.9303441619272048,0.1006611626067497,2285
augmentation,0.001,0.1,0,5010,5510,C_compact,compact (12 coordinates),12,12,12,0.05,pysindy.STLSQ,confirmation_24,conf_018,common,0.8425725190378917,0.0894483960124325,2129
augmentation,0.001,0.1,0,5010,5510,C_compact,compact (12 coordinates),12,12,12,0.05,pysindy.STLSQ,confirmation_24,conf_019,native,0.7948450228035229,0.0852341344594906,2251
augmentation,0.001,0.1,0,5010,5510,C_compact,compact (12 coordinates),12,12,12,0.05,pysindy.STLSQ,confirmation_24,conf_019,common,0.7590089265509303,0.0800408754282343,2113
augmentation,0.001,0.1,0,5010,5510,C_compact,compact (12 coordinates),12,12,12,0.05,pysindy.STLSQ,confirmation_24,conf_020,native,0.6691514171160181,0.0772236702398726,2285
augmentation,0.001,0.1,0,5010,5510,C_compact,compact (12 coordinates),12,12,12,0.05,pysindy.STLSQ,confirmation_24,conf_020,common,0.6129537090062115,0.0693458138553454,2116
augmentation,0.001,0.1,0,5010,5510,C_compact,compact (12 coordinates),12,12,12,0.05,pysindy.STLSQ,confirmation_24,conf_021,native,0.6508679499060244,0.0764465266406521,2292
augmentation,0.001,0.1,0,5010,5510,C_compact,compact (12 coordinates),12,12,12,0.05,pysindy.STLSQ,confirmation_24,conf_021,common,0.5851781544574637,0.0671267867589366,2115
augmentation,0.001,0.1,0,5010,5510,C_compact,compact (12 coordinates),12,12,12,0.05,pysindy.STLSQ,confirmation_24,conf_022,native,0.7595185563348683,0.0877793317070859,2304
augmentation,0.001,0.1,0,5010,5510,C_compact,compact (12 coordinates),12,12,12,0.05,pysindy.STLSQ,confirmation_24,conf_022,common,0.6972762832071285,0.0788184070385313,2132
augmentation,0.001,0.1,0,5010,5510,C_compact,compact (12 coordinates),12,12,12,0.05,pysindy.STLSQ,confirmation_24,conf_023,native,0.7361684727761676,0.079454217555422,2244
augmentation,0.001,0.1,0,5010,5510,C_compact,compact (12 coordinates),12,12,12,0.05,pysindy.STLSQ,confirmation_24,conf_023,common,0.6707627848660549,0.0712050258085036,2107
augmentation,0.001,0.1,0,5010,5510,C_all,C_all (38 coordinates),38,38,38,0.0001,pysindy.STLSQ,confirmation_24,conf_000,native,0.6389327113190076,0.0724443742110773,2069
augmentation,0.001,0.1,0,5010,5510,C_all,C_all (38 coordinates),38,38,38,0.0001,pysindy.STLSQ,confirmation_24,conf_000,common,0.6389327113190076,0.0724443742110773,2069
augmentation,0.001,0.1,0,5010,5510,C_all,C_all (38 coordinates),38,38,38,0.0001,pysindy.STLSQ,confirmation_24,conf_001,native,0.6750394509214431,0.0730144497664989,2124
augmentation,0.001,0.1,0,5010,5510,C_all,C_all (38 coordinates),38,38,38,0.0001,pysindy.STLSQ,confirmation_24,conf_001,common,0.6750394509214431,0.0730144497664989,2124
augmentation,0.001,0.1,0,5010,5510,C_all,C_all (38 coordinates),38,38,38,0.0001,pysindy.STLSQ,confirmation_24,conf_002,native,0.4716099427596616,0.0619240034104382,2128
augmentation,0.001,0.1,0,5010,5510,C_all,C_all (38 coordinates),38,38,38,0.0001,pysindy.STLSQ,confirmation_24,conf_002,common,0.4716099427596616,0.0619240034104382,2128
augmentation,0.001,0.1,0,5010,5510,C_all,C_all (38 coordinates),38,38,38,0.0001,pysindy.STLSQ,confirmation_24,conf_003,native,0.5404957481653176,0.0675069333217996,2063
augmentation,0.001,0.1,0,5010,5510,C_all,C_all (38 coordinates),38,38,38,0.0001,pysindy.STLSQ,confirmation_24,conf_003,common,0.5404957481653176,0.0675069333217996,2063
augmentation,0.001,0.1,0,5010,5510,C_all,C_all (38 coordinates),38,38,38,0.0001,pysindy.STLSQ,confirmation_24,conf_004,native,0.6068302463122127,0.0673419517709053,2081
augmentation,0.001,0.1,0,5010,5510,C_all,C_all (38 coordinates),38,38,38,0.0001,pysindy.STLSQ,confirmation_24,conf_004,common,0.6068302463122127,0.0673419517709053,2081
augmentation,0.001,0.1,0,5010,5510,C_all,C_all (38 coordinates),38,38,38,0.0001,pysindy.STLSQ,confirmation_24,conf_005,native,0.5547455485612973,0.0638899026371518,2032
augmentation,0.001,0.1,0,5010,5510,C_all,C_all (38 coordinates),38,38,38,0.0001,pysindy.STLSQ,confirmation_24,conf_005,common,0.5547455485612973,0.0638899026371518,2032
augmentation,0.001,0.1,0,5010,5510,C_all,C_all (38 coordinates),38,38,38,0.0001,pysindy.STLSQ,confirmation_24,conf_006,native,0.6940622682329433,0.0751942839723252,2095
augmentation,0.001,0.1,0,5010,5510,C_all,C_all (38 coordinates),38,38,38,0.0001,pysindy.STLSQ,confirmation_24,conf_006,common,0.6940622682329433,0.0751942839723252,2095
augmentation,0.001,0.1,0,5010,5510,C_all,C_all (38 coordinates),38,38,38,0.0001,pysindy.STLSQ,confirmation_24,conf_007,native,0.5417047277278597,0.0677745278560407,2053
augmentation,0.001,0.1,0,5010,5510,C_all,C_all (38 coordinates),38,38,38,0.0001,pysindy.STLSQ,confirmation_24,conf_007,common,0.5417047277278597,0.0677745278560407,2053
augmentation,0.001,0.1,0,5010,5510,C_all,C_all (38 coordinates),38,38,38,0.0001,pysindy.STLSQ,confirmation_24,conf_008,native,0.6035688441193462,0.0697060668464947,2100
augmentation,0.001,0.1,0,5010,5510,C_all,C_all (38 coordinates),38,38,38,0.0001,pysindy.STLSQ,confirmation_24,conf_008,common,0.6035688441193462,0.0697060668464947,2100
augmentation,0.001,0.1,0,5010,5510,C_all,C_all (38 coordinates),38,38,38,0.0001,pysindy.STLSQ,confirmation_24,conf_009,native,0.669467568156986,0.0748406372101243,2090
augmentation,0.001,0.1,0,5010,5510,C_all,C_all (38 coordinates),38,38,38,0.0001,pysindy.STLSQ,confirmation_24,conf_009,common,0.669467568156986,0.0748406372101243,2090
augmentation,0.001,0.1,0,5010,5510,C_all,C_all (38 coordinates),38,38,38,0.0001,pysindy.STLSQ,confirmation_24,conf_010,native,0.6170648746522983,0.0731213281825927,2082
augmentation,0.001,0.1,0,5010,5510,C_all,C_all (38 coordinates),38,38,38,0.0001,pysindy.STLSQ,confirmation_24,conf_010,common,0.6170648746522983,0.0731213281825927,2082
augmentation,0.001,0.1,0,5010,5510,C_all,C_all (38 coordinates),38,38,38,0.0001,pysindy.STLSQ,confirmation_24,conf_011,native,0.5852193833852988,0.0656856619636251,2099
augmentation,0.001,0.1,0,5010,5510,C_all,C_all (38 coordinates),38,38,38,0.0001,pysindy.STLSQ,confirmation_24,conf_011,common,0.5852193833852988,0.0656856619636251,2099
augmentation,0.001,0.1,0,5010,5510,C_all,C_all (38 coordinates),38,38,38,0.0001,pysindy.STLSQ,confirmation_24,conf_012,native,0.6999732535901493,0.0750377965558573,2101
augmentation,0.001,0.1,0,5010,5510,C_all,C_all (38 coordinates),38,38,38,0.0001,pysindy.STLSQ,confirmation_24,conf_012,common,0.6999732535901493,0.0750377965558573,2101
augmentation,0.001,0.1,0,5010,5510,C_all,C_all (38 coordinates),38,38,38,0.0001,pysindy.STLSQ,confirmation_24,conf_013,native,0.7193063263823403,0.0792149346427177,2116
augmentation,0.001,0.1,0,5010,5510,C_all,C_all (38 coordinates),38,38,38,0.0001,pysindy.STLSQ,confirmation_24,conf_013,common,0.7193063263823403,0.0792149346427177,2116
augmentation,0.001,0.1,0,5010,5510,C_all,C_all (38 coordinates),38,38,38,0.0001,pysindy.STLSQ,confirmation_24,conf_014,native,0.5571555476872107,0.0668303708394248,2066
augmentation,0.001,0.1,0,5010,5510,C_all,C_all (38 coordinates),38,38,38,0.0001,pysindy.STLSQ,confirmation_24,conf_014,common,0.5571555476872107,0.0668303708394248,2066
augmentation,0.001,0.1,0,5010,5510,C_all,C_all (38 coordinates),38,38,38,0.0001,pysindy.STLSQ,confirmation_24,conf_015,native,0.6672605162842975,0.0699642862438322,2072
augmentation,0.001,0.1,0,5010,5510,C_all,C_all (38 coordinates),38,38,38,0.0001,pysindy.STLSQ,confirmation_24,conf_015,common,0.6672605162842975,0.0699642862438322,2072
augmentation,0.001,0.1,0,5010,5510,C_all,C_all (38 coordinates),38,38,38,0.0001,pysindy.STLSQ,confirmation_24,conf_016,native,0.5896093245385213,0.0690053846379957,2103
augmentation,0.001,0.1,0,5010,5510,C_all,C_all (38 coordinates),38,38,38,0.0001,pysindy.STLSQ,confirmation_24,conf_016,common,0.5896093245385213,0.0690053846379957,2103
augmentation,0.001,0.1,0,5010,5510,C_all,C_all (38 coordinates),38,38,38,0.0001,pysindy.STLSQ,confirmation_24,conf_017,native,0.6308943418022361,0.0710053855687471,2096
augmentation,0.001,0.1,0,5010,5510,C_all,C_all (38 coordinates),38,38,38,0.0001,pysindy.STLSQ,confirmation_24,conf_017,common,0.6308943418022361,0.0710053855687471,2096
augmentation,0.001,0.1,0,5010,5510,C_all,C_all (38 coordinates),38,38,38,0.0001,pysindy.STLSQ,confirmation_24,conf_018,native,0.7937381295577541,0.0842640852136035,2129
augmentation,0.001,0.1,0,5010,5510,C_all,C_all (38 coordinates),38,38,38,0.0001,pysindy.STLSQ,confirmation_24,conf_018,common,0.7937381295577541,0.0842640852136035,2129
augmentation,0.001,0.1,0,5010,5510,C_all,C_all (38 coordinates),38,38,38,0.0001,pysindy.STLSQ,confirmation_24,conf_019,native,0.7163422211708298,0.0755414811117794,2113
augmentation,0.001,0.1,0,5010,5510,C_all,C_all (38 coordinates),38,38,38,0.0001,pysindy.STLSQ,confirmation_24,conf_019,common,0.7163422211708298,0.0755414811117794,2113
augmentation,0.001,0.1,0,5010,5510,C_all,C_all (38 coordinates),38,38,38,0.0001,pysindy.STLSQ,confirmation_24,conf_020,native,0.5967266097700211,0.0675099796210286,2116
augmentation,0.001,0.1,0,5010,5510,C_all,C_all (38 coordinates),38,38,38,0.0001,pysindy.STLSQ,confirmation_24,conf_020,common,0.5967266097700211,0.0675099796210286,2116
augmentation,0.001,0.1,0,5010,5510,C_all,C_all (38 coordinates),38,38,38,0.0001,pysindy.STLSQ,confirmation_24,conf_021,native,0.5589376953199394,0.0641166988197956,2115
augmentation,0.001,0.1,0,5010,5510,C_all,C_all (38 coordinates),38,38,38,0.0001,pysindy.STLSQ,confirmation_24,conf_021,common,0.5589376953199394,0.0641166988197956,2115
augmentation,0.001,0.1,0,5010,5510,C_all,C_all (38 coordinates),38,38,38,0.0001,pysindy.STLSQ,confirmation_24,conf_022,native,0.6555481434091284,0.0741015600916769,2132
augmentation,0.001,0.1,0,5010,5510,C_all,C_all (38 coordinates),38,38,38,0.0001,pysindy.STLSQ,confirmation_24,conf_022,common,0.6555481434091284,0.0741015600916769,2132
augmentation,0.001,0.1,0,5010,5510,C_all,C_all (38 coordinates),38,38,38,0.0001,pysindy.STLSQ,confirmation_24,conf_023,native,0.6417813305139307,0.0681284907775342,2107
augmentation,0.001,0.1,0,5010,5510,C_all,C_all (38 coordinates),38,38,38,0.0001,pysindy.STLSQ,confirmation_24,conf_023,common,0.6417813305139307,0.0681284907775342,2107
augmentation,0.001,0.1,1,5011,5511,C0_poly2,conventional quadratic,10,65,65,0.0001,pysindy.STLSQ,confirmation_24,conf_000,native,2.8497546405394,0.3282702017635708,2397
augmentation,0.001,0.1,1,5011,5511,C0_poly2,conventional quadratic,10,65,65,0.0001,pysindy.STLSQ,confirmation_24,conf_000,common,2.6586250567433902,0.3022524632639177,2077
augmentation,0.001,0.1,1,5011,5511,C0_poly2,conventional quadratic,10,65,65,0.0001,pysindy.STLSQ,confirmation_24,conf_001,native,2.2579765986961187,0.2542896908197853,2397
augmentation,0.001,0.1,1,5011,5511,C0_poly2,conventional quadratic,10,65,65,0.0001,pysindy.STLSQ,confirmation_24,conf_001,common,2.1555107484805744,0.2332678451595122,2122
augmentation,0.001,0.1,1,5011,5511,C0_poly2,conventional quadratic,10,65,65,0.0001,pysindy.STLSQ,confirmation_24,conf_002,native,1.755697659282715,0.2387805136183777,2397
augmentation,0.001,0.1,1,5011,5511,C0_poly2,conventional quadratic,10,65,65,0.0001,pysindy.STLSQ,confirmation_24,conf_002,common,1.6746103171132178,0.2199223898282743,2129
augmentation,0.001,0.1,1,5011,5511,C0_poly2,conventional quadratic,10,65,65,0.0001,pysindy.STLSQ,confirmation_24,conf_003,native,2.4452803464572783,0.3075923798347586,2397
augmentation,0.001,0.1,1,5011,5511,C0_poly2,conventional quadratic,10,65,65,0.0001,pysindy.STLSQ,confirmation_24,conf_003,common,2.354378434060395,0.2940925713208883,2073
augmentation,0.001,0.1,1,5011,5511,C0_poly2,conventional quadratic,10,65,65,0.0001,pysindy.STLSQ,confirmation_24,conf_004,native,2.529237639389765,0.2907388092251301,2397
augmentation,0.001,0.1,1,5011,5511,C0_poly2,conventional quadratic,10,65,65,0.0001,pysindy.STLSQ,confirmation_24,conf_004,common,2.5011738927974205,0.2784112725088805,2094
augmentation,0.001,0.1,1,5011,5511,C0_poly2,conventional quadratic,10,65,65,0.0001,pysindy.STLSQ,confirmation_24,conf_005,native,2.600334192566573,0.3024558272884164,2397
augmentation,0.001,0.1,1,5011,5511,C0_poly2,conventional quadratic,10,65,65,0.0001,pysindy.STLSQ,confirmation_24,conf_005,common,2.3775830366249764,0.2734978101247527,2026
augmentation,0.001,0.1,1,5011,5511,C0_poly2,conventional quadratic,10,65,65,0.0001,pysindy.STLSQ,confirmation_24,conf_006,native,2.5972396002231752,0.2905450542719449,2397
augmentation,0.001,0.1,1,5011,5511,C0_poly2,conventional quadratic,10,65,65,0.0001,pysindy.STLSQ,confirmation_24,conf_006,common,2.578979315447492,0.2788022053855309,2094
augmentation,0.001,0.1,1,5011,5511,C0_poly2,conventional quadratic,10,65,65,0.0001,pysindy.STLSQ,confirmation_24,conf_007,native,2.877127158652826,0.356006543448238,2397
augmentation,0.001,0.1,1,5011,5511,C0_poly2,conventional quadratic,10,65,65,0.0001,pysindy.STLSQ,confirmation_24,conf_007,common,2.688051547249263,0.33628923836339,2062
augmentation,0.001,0.1,1,5011,5511,C0_poly2,conventional quadratic,10,65,65,0.0001,pysindy.STLSQ,confirmation_24,conf_008,native,2.337478234026031,0.2788160511340802,2397
augmentation,0.001,0.1,1,5011,5511,C0_poly2,conventional quadratic,10,65,65,0.0001,pysindy.STLSQ,confirmation_24,conf_008,common,2.290667878220698,0.264510385202469,2101
augmentation,0.001,0.1,1,5011,5511,C0_poly2,conventional quadratic,10,65,65,0.0001,pysindy.STLSQ,confirmation_24,conf_009,native,2.4569299507522877,0.2841790199177567,2397
augmentation,0.001,0.1,1,5011,5511,C0_poly2,conventional quadratic,10,65,65,0.0001,pysindy.STLSQ,confirmation_24,conf_009,common,2.316249181519659,0.2594839277278271,2093
augmentation,0.001,0.1,1,5011,5511,C0_poly2,conventional quadratic,10,65,65,0.0001,pysindy.STLSQ,confirmation_24,conf_010,native,2.675331795544191,0.3204979959138195,2397
augmentation,0.001,0.1,1,5011,5511,C0_poly2,conventional quadratic,10,65,65,0.0001,pysindy.STLSQ,confirmation_24,conf_010,common,2.531924797373716,0.2994488989746832,2076
augmentation,0.001,0.1,1,5011,5511,C0_poly2,conventional quadratic,10,65,65,0.0001,pysindy.STLSQ,confirmation_24,conf_011,native,2.49538253703194,0.2896016249792585,2397
augmentation,0.001,0.1,1,5011,5511,C0_poly2,conventional quadratic,10,65,65,0.0001,pysindy.STLSQ,confirmation_24,conf_011,common,2.465619557078802,0.276726761877796,2094
augmentation,0.001,0.1,1,5011,5511,C0_poly2,conventional quadratic,10,65,65,0.0001,pysindy.STLSQ,confirmation_24,conf_012,native,2.356924201545402,0.2638812723636277,2397
augmentation,0.001,0.1,1,5011,5511,C0_poly2,conventional quadratic,10,65,65,0.0001,pysindy.STLSQ,confirmation_24,conf_012,common,2.2530122096523333,0.2416855395390573,2109
augmentation,0.001,0.1,1,5011,5511,C0_poly2,conventional quadratic,10,65,65,0.0001,pysindy.STLSQ,confirmation_24,conf_013,native,2.436561638028485,0.2779146743488398,2397
augmentation,0.001,0.1,1,5011,5511,C0_poly2,conventional quadratic,10,65,65,0.0001,pysindy.STLSQ,confirmation_24,conf_013,common,2.392058369044413,0.2633874278840202,2117
augmentation,0.001,0.1,1,5011,5511,C0_poly2,conventional quadratic,10,65,65,0.0001,pysindy.STLSQ,confirmation_24,conf_014,native,2.76459173725858,0.3342253471626716,2397
augmentation,0.001,0.1,1,5011,5511,C0_poly2,conventional quadratic,10,65,65,0.0001,pysindy.STLSQ,confirmation_24,conf_014,common,2.600458855994951,0.3125708733796903,2078
augmentation,0.001,0.1,1,5011,5511,C0_poly2,conventional quadratic,10,65,65,0.0001,pysindy.STLSQ,confirmation_24,conf_015,native,2.8648341057128115,0.3101649749130154,2397
augmentation,0.001,0.1,1,5011,5511,C0_poly2,conventional quadratic,10,65,65,0.0001,pysindy.STLSQ,confirmation_24,conf_015,common,2.72615923808042,0.286200833415815,2075
augmentation,0.001,0.1,1,5011,5511,C0_poly2,conventional quadratic,10,65,65,0.0001,pysindy.STLSQ,confirmation_24,conf_016,native,2.4484205794240963,0.2939659364091044,2397
augmentation,0.001,0.1,1,5011,5511,C0_poly2,conventional quadratic,10,65,65,0.0001,pysindy.STLSQ,confirmation_24,conf_016,common,2.3645202801848297,0.2776759004174817,2118
augmentation,0.001,0.1,1,5011,5511,C0_poly2,conventional quadratic,10,65,65,0.0001,pysindy.STLSQ,confirmation_24,conf_017,native,2.4758013031413326,0.2873863865520757,2397
augmentation,0.001,0.1,1,5011,5511,C0_poly2,conventional quadratic,10,65,65,0.0001,pysindy.STLSQ,confirmation_24,conf_017,common,2.4065467619641208,0.2712534583652481,2102
augmentation,0.001,0.1,1,5011,5511,C0_poly2,conventional quadratic,10,65,65,0.0001,pysindy.STLSQ,confirmation_24,conf_018,native,2.363478665807172,0.2614544522771408,2397
augmentation,0.001,0.1,1,5011,5511,C0_poly2,conventional quadratic,10,65,65,0.0001,pysindy.STLSQ,confirmation_24,conf_018,common,2.266166562203563,0.2407398482549727,2128
augmentation,0.001,0.1,1,5011,5511,C0_poly2,conventional quadratic,10,65,65,0.0001,pysindy.STLSQ,confirmation_24,conf_019,native,2.4971575353524766,0.2740678869653024,2397
augmentation,0.001,0.1,1,5011,5511,C0_poly2,conventional quadratic,10,65,65,0.0001,pysindy.STLSQ,confirmation_24,conf_019,common,2.429476473087819,0.2558028869391535,2103
augmentation,0.001,0.1,1,5011,5511,C0_poly2,conventional quadratic,10,65,65,0.0001,pysindy.STLSQ,confirmation_24,conf_020,native,2.62519682913635,0.3032844380725156,2397
augmentation,0.001,0.1,1,5011,5511,C0_poly2,conventional quadratic,10,65,65,0.0001,pysindy.STLSQ,confirmation_24,conf_020,common,2.5507148443025334,0.2875479301665871,2101
augmentation,0.001,0.1,1,5011,5511,C0_poly2,conventional quadratic,10,65,65,0.0001,pysindy.STLSQ,confirmation_24,conf_021,native,2.283688839298432,0.2710010327436646,2397
augmentation,0.001,0.1,1,5011,5511,C0_poly2,conventional quadratic,10,65,65,0.0001,pysindy.STLSQ,confirmation_24,conf_021,common,2.219427824992648,0.254753716347066,2118
augmentation,0.001,0.1,1,5011,5511,C0_poly2,conventional quadratic,10,65,65,0.0001,pysindy.STLSQ,confirmation_24,conf_022,native,2.207923184912222,0.2591387715781645,2397
augmentation,0.001,0.1,1,5011,5511,C0_poly2,conventional quadratic,10,65,65,0.0001,pysindy.STLSQ,confirmation_24,conf_022,common,2.148064573639197,0.242713472034622,2131
augmentation,0.001,0.1,1,5011,5511,C0_poly2,conventional quadratic,10,65,65,0.0001,pysindy.STLSQ,confirmation_24,conf_023,native,2.549983590384362,0.2802713772776048,2397
augmentation,0.001,0.1,1,5011,5511,C0_poly2,conventional quadratic,10,65,65,0.0001,pysindy.STLSQ,confirmation_24,conf_023,common,2.5132350335209326,0.2659975406417333,2090
augmentation,0.001,0.1,1,5011,5511,C_compact,compact (12 coordinates),12,12,12,0.0001,pysindy.STLSQ,confirmation_24,conf_000,native,0.6539506626019634,0.0761138087153759,2249
augmentation,0.001,0.1,1,5011,5511,C_compact,compact (12 coordinates),12,12,12,0.0001,pysindy.STLSQ,confirmation_24,conf_000,common,0.6128652837357206,0.0696751281976429,2077
augmentation,0.001,0.1,1,5011,5511,C_compact,compact (12 coordinates),12,12,12,0.0001,pysindy.STLSQ,confirmation_24,conf_001,native,0.7920209796424047,0.0870896423427818,2261
augmentation,0.001,0.1,1,5011,5511,C_compact,compact (12 coordinates),12,12,12,0.0001,pysindy.STLSQ,confirmation_24,conf_001,common,0.7652860345644112,0.0828187121494732,2122
augmentation,0.001,0.1,1,5011,5511,C_compact,compact (12 coordinates),12,12,12,0.0001,pysindy.STLSQ,confirmation_24,conf_002,native,0.5256265985951497,0.0708989873398855,2324
augmentation,0.001,0.1,1,5011,5511,C_compact,compact (12 coordinates),12,12,12,0.0001,pysindy.STLSQ,confirmation_24,conf_002,common,0.4948820089108554,0.0649916180322532,2129
augmentation,0.001,0.1,1,5011,5511,C_compact,compact (12 coordinates),12,12,12,0.0001,pysindy.STLSQ,confirmation_24,conf_003,native,0.4709688731107543,0.0603284042959206,2247
augmentation,0.001,0.1,1,5011,5511,C_compact,compact (12 coordinates),12,12,12,0.0001,pysindy.STLSQ,confirmation_24,conf_003,common,0.4468477050636191,0.0558171059800094,2073
augmentation,0.001,0.1,1,5011,5511,C_compact,compact (12 coordinates),12,12,12,0.0001,pysindy.STLSQ,confirmation_24,conf_004,native,0.6762829356980313,0.0768821322401067,2258
augmentation,0.001,0.1,1,5011,5511,C_compact,compact (12 coordinates),12,12,12,0.0001,pysindy.STLSQ,confirmation_24,conf_004,common,0.6442307864625503,0.071710772915445,2094
augmentation,0.001,0.1,1,5011,5511,C_compact,compact (12 coordinates),12,12,12,0.0001,pysindy.STLSQ,confirmation_24,conf_005,native,0.6286146348606886,0.0740638613835349,2188
augmentation,0.001,0.1,1,5011,5511,C_compact,compact (12 coordinates),12,12,12,0.0001,pysindy.STLSQ,confirmation_24,conf_005,common,0.6060124917163063,0.0697107469390133,2026
augmentation,0.001,0.1,1,5011,5511,C_compact,compact (12 coordinates),12,12,12,0.0001,pysindy.STLSQ,confirmation_24,conf_006,native,0.7222324581556927,0.079775958255484,2261
augmentation,0.001,0.1,1,5011,5511,C_compact,compact (12 coordinates),12,12,12,0.0001,pysindy.STLSQ,confirmation_24,conf_006,common,0.6737778228324105,0.0728391816950042,2094
augmentation,0.001,0.1,1,5011,5511,C_compact,compact (12 coordinates),12,12,12,0.0001,pysindy.STLSQ,confirmation_24,conf_007,native,0.5372207263933866,0.0688821011785087,2226
augmentation,0.001,0.1,1,5011,5511,C_compact,compact (12 coordinates),12,12,12,0.0001,pysindy.STLSQ,confirmation_24,conf_007,common,0.5352169780993674,0.0669584294647833,2062
augmentation,0.001,0.1,1,5011,5511,C_compact,compact (12 coordinates),12,12,12,0.0001,pysindy.STLSQ,confirmation_24,conf_008,native,0.6196418691470791,0.0732518866098584,2263
augmentation,0.001,0.1,1,5011,5511,C_compact,compact (12 coordinates),12,12,12,0.0001,pysindy.STLSQ,confirmation_24,conf_008,common,0.5966920234079135,0.0689018423227137,2101
augmentation,0.001,0.1,1,5011,5511,C_compact,compact (12 coordinates),12,12,12,0.0001,pysindy.STLSQ,confirmation_24,conf_009,native,0.7721439944672148,0.0882275667723849,2241
augmentation,0.001,0.1,1,5011,5511,C_compact,compact (12 coordinates),12,12,12,0.0001,pysindy.STLSQ,confirmation_24,conf_009,common,0.6846033924417186,0.0766945018799845,2093
augmentation,0.001,0.1,1,5011,5511,C_compact,compact (12 coordinates),12,12,12,0.0001,pysindy.STLSQ,confirmation_24,conf_010,native,0.6796258739375801,0.0824058843911355,2261
augmentation,0.001,0.1,1,5011,5511,C_compact,compact (12 coordinates),12,12,12,0.0001,pysindy.STLSQ,confirmation_24,conf_010,common,0.6058278549934961,0.0716508185133191,2076
augmentation,0.001,0.1,1,5011,5511,C_compact,compact (12 coordinates),12,12,12,0.0001,pysindy.STLSQ,confirmation_24,conf_011,native,0.6762131611618815,0.0774853503983168,2247
augmentation,0.001,0.1,1,5011,5511,C_compact,compact (12 coordinates),12,12,12,0.0001,pysindy.STLSQ,confirmation_24,conf_011,common,0.6370279384771377,0.0714963012579771,2094
augmentation,0.001,0.1,1,5011,5511,C_compact,compact (12 coordinates),12,12,12,0.0001,pysindy.STLSQ,confirmation_24,conf_012,native,0.7934714228062951,0.0866031813103209,2242
augmentation,0.001,0.1,1,5011,5511,C_compact,compact (12 coordinates),12,12,12,0.0001,pysindy.STLSQ,confirmation_24,conf_012,common,0.7271506594602613,0.0780030390891461,2109
augmentation,0.001,0.1,1,5011,5511,C_compact,compact (12 coordinates),12,12,12,0.0001,pysindy.STLSQ,confirmation_24,conf_013,native,0.7479811007913924,0.0840921870692201,2286
augmentation,0.001,0.1,1,5011,5511,C_compact,compact (12 coordinates),12,12,12,0.0001,pysindy.STLSQ,confirmation_24,conf_013,common,0.6936310031926867,0.0763750952718254,2117
augmentation,0.001,0.1,1,5011,5511,C_compact,compact (12 coordinates),12,12,12,0.0001,pysindy.STLSQ,confirmation_24,conf_014,native,0.574308428217828,0.0707128046633749,2247
augmentation,0.001,0.1,1,5011,5511,C_compact,compact (12 coordinates),12,12,12,0.0001,pysindy.STLSQ,confirmation_24,conf_014,common,0.5614091816310699,0.0674804593894107,2078
augmentation,0.001,0.1,1,5011,5511,C_compact,compact (12 coordinates),12,12,12,0.0001,pysindy.STLSQ,confirmation_24,conf_015,native,0.8194114037118415,0.0875970736035249,2220
augmentation,0.001,0.1,1,5011,5511,C_compact,compact (12 coordinates),12,12,12,0.0001,pysindy.STLSQ,confirmation_24,conf_015,common,0.7376126670247358,0.0774369145762695,2075
augmentation,0.001,0.1,1,5011,5511,C_compact,compact (12 coordinates),12,12,12,0.0001,pysindy.STLSQ,confirmation_24,conf_016,native,0.7352647710095962,0.0881663453318833,2288
augmentation,0.001,0.1,1,5011,5511,C_compact,compact (12 coordinates),12,12,12,0.0001,pysindy.STLSQ,confirmation_24,conf_016,common,0.6493452813338845,0.076255440559019,2118
augmentation,0.001,0.1,1,5011,5511,C_compact,compact (12 coordinates),12,12,12,0.0001,pysindy.STLSQ,confirmation_24,conf_017,native,0.6709222288343916,0.0773937143973993,2270
augmentation,0.001,0.1,1,5011,5511,C_compact,compact (12 coordinates),12,12,12,0.0001,pysindy.STLSQ,confirmation_24,conf_017,common,0.626055697479013,0.070565748297303,2102
augmentation,0.001,0.1,1,5011,5511,C_compact,compact (12 coordinates),12,12,12,0.0001,pysindy.STLSQ,confirmation_24,conf_018,native,0.8792615734378293,0.0951374593994997,2285
augmentation,0.001,0.1,1,5011,5511,C_compact,compact (12 coordinates),12,12,12,0.0001,pysindy.STLSQ,confirmation_24,conf_018,common,0.7721288864020444,0.0820249464650833,2128
augmentation,0.001,0.1,1,5011,5511,C_compact,compact (12 coordinates),12,12,12,0.0001,pysindy.STLSQ,confirmation_24,conf_019,native,0.8837418268530193,0.0947757595013812,2250
augmentation,0.001,0.1,1,5011,5511,C_compact,compact (12 coordinates),12,12,12,0.0001,pysindy.STLSQ,confirmation_24,conf_019,common,0.8070566478533278,0.0849760937103977,2103
augmentation,0.001,0.1,1,5011,5511,C_compact,compact (12 coordinates),12,12,12,0.0001,pysindy.STLSQ,confirmation_24,conf_020,native,0.6702893871210874,0.0773646922685006,2286
augmentation,0.001,0.1,1,5011,5511,C_compact,compact (12 coordinates),12,12,12,0.0001,pysindy.STLSQ,confirmation_24,conf_020,common,0.629584782791165,0.0709745354563466,2101
augmentation,0.001,0.1,1,5011,5511,C_compact,compact (12 coordinates),12,12,12,0.0001,pysindy.STLSQ,confirmation_24,conf_021,native,0.6234924967368468,0.0732152197193626,2291
augmentation,0.001,0.1,1,5011,5511,C_compact,compact (12 coordinates),12,12,12,0.0001,pysindy.STLSQ,confirmation_24,conf_021,common,0.5825632193769942,0.0668686512227051,2118
augmentation,0.001,0.1,1,5011,5511,C_compact,compact (12 coordinates),12,12,12,0.0001,pysindy.STLSQ,confirmation_24,conf_022,native,0.7601862621796593,0.0878375796214649,2303
augmentation,0.001,0.1,1,5011,5511,C_compact,compact (12 coordinates),12,12,12,0.0001,pysindy.STLSQ,confirmation_24,conf_022,common,0.6644086851769134,0.0750726681163232,2131
augmentation,0.001,0.1,1,5011,5511,C_compact,compact (12 coordinates),12,12,12,0.0001,pysindy.STLSQ,confirmation_24,conf_023,native,0.7320333667061407,0.0790260772018876,2245
augmentation,0.001,0.1,1,5011,5511,C_compact,compact (12 coordinates),12,12,12,0.0001,pysindy.STLSQ,confirmation_24,conf_023,common,0.6898279392825318,0.0730104955834724,2090
augmentation,0.001,0.1,1,5011,5511,C_all,C_all (38 coordinates),38,38,38,0.0001,pysindy.STLSQ,confirmation_24,conf_000,native,0.6008720216156982,0.068311644088008,2077
augmentation,0.001,0.1,1,5011,5511,C_all,C_all (38 coordinates),38,38,38,0.0001,pysindy.STLSQ,confirmation_24,conf_000,common,0.6008720216156982,0.068311644088008,2077
augmentation,0.001,0.1,1,5011,5511,C_all,C_all (38 coordinates),38,38,38,0.0001,pysindy.STLSQ,confirmation_24,conf_001,native,0.7118598537122648,0.0770369687314607,2122
augmentation,0.001,0.1,1,5011,5511,C_all,C_all (38 coordinates),38,38,38,0.0001,pysindy.STLSQ,confirmation_24,conf_001,common,0.7118598537122648,0.0770369687314607,2122
augmentation,0.001,0.1,1,5011,5511,C_all,C_all (38 coordinates),38,38,38,0.0001,pysindy.STLSQ,confirmation_24,conf_002,native,0.4688445879024473,0.0615721885717891,2129
augmentation,0.001,0.1,1,5011,5511,C_all,C_all (38 coordinates),38,38,38,0.0001,pysindy.STLSQ,confirmation_24,conf_002,common,0.4688445879024473,0.0615721885717891,2129
augmentation,0.001,0.1,1,5011,5511,C_all,C_all (38 coordinates),38,38,38,0.0001,pysindy.STLSQ,confirmation_24,conf_003,native,0.4527549285436429,0.0565549952324229,2073
augmentation,0.001,0.1,1,5011,5511,C_all,C_all (38 coordinates),38,38,38,0.0001,pysindy.STLSQ,confirmation_24,conf_003,common,0.4527549285436429,0.0565549952324229,2073
augmentation,0.001,0.1,1,5011,5511,C_all,C_all (38 coordinates),38,38,38,0.0001,pysindy.STLSQ,confirmation_24,conf_004,native,0.6179996021874092,0.0687909209953176,2094
augmentation,0.001,0.1,1,5011,5511,C_all,C_all (38 coordinates),38,38,38,0.0001,pysindy.STLSQ,confirmation_24,conf_004,common,0.6179996021874092,0.0687909209953176,2094
augmentation,0.001,0.1,1,5011,5511,C_all,C_all (38 coordinates),38,38,38,0.0001,pysindy.STLSQ,confirmation_24,conf_005,native,0.5723217925229965,0.0658352429885721,2026
augmentation,0.001,0.1,1,5011,5511,C_all,C_all (38 coordinates),38,38,38,0.0001,pysindy.STLSQ,confirmation_24,conf_005,common,0.5723217925229965,0.0658352429885721,2026
augmentation,0.001,0.1,1,5011,5511,C_all,C_all (38 coordinates),38,38,38,0.0001,pysindy.STLSQ,confirmation_24,conf_006,native,0.6493588778453201,0.07019935605747,2094
augmentation,0.001,0.1,1,5011,5511,C_all,C_all (38 coordinates),38,38,38,0.0001,pysindy.STLSQ,confirmation_24,conf_006,common,0.6493588778453201,0.07019935605747,2094
augmentation,0.001,0.1,1,5011,5511,C_all,C_all (38 coordinates),38,38,38,0.0001,pysindy.STLSQ,confirmation_24,conf_007,native,0.5437770511489062,0.0680293391536656,2062
augmentation,0.001,0.1,1,5011,5511,C_all,C_all (38 coordinates),38,38,38,0.0001,pysindy.STLSQ,confirmation_24,conf_007,common,0.5437770511489062,0.0680293391536656,2062
augmentation,0.001,0.1,1,5011,5511,C_all,C_all (38 coordinates),38,38,38,0.0001,pysindy.STLSQ,confirmation_24,conf_008,native,0.5729854199605662,0.0661643687372497,2101
augmentation,0.001,0.1,1,5011,5511,C_all,C_all (38 coordinates),38,38,38,0.0001,pysindy.STLSQ,confirmation_24,conf_008,common,0.5729854199605662,0.0661643687372497,2101
augmentation,0.001,0.1,1,5011,5511,C_all,C_all (38 coordinates),38,38,38,0.0001,pysindy.STLSQ,confirmation_24,conf_009,native,0.6438700943039408,0.0721312466506121,2093
augmentation,0.001,0.1,1,5011,5511,C_all,C_all (38 coordinates),38,38,38,0.0001,pysindy.STLSQ,confirmation_24,conf_009,common,0.6438700943039408,0.0721312466506121,2093
augmentation,0.001,0.1,1,5011,5511,C_all,C_all (38 coordinates),38,38,38,0.0001,pysindy.STLSQ,confirmation_24,conf_010,native,0.5981588970834156,0.0707438164551068,2076
augmentation,0.001,0.1,1,5011,5511,C_all,C_all (38 coordinates),38,38,38,0.0001,pysindy.STLSQ,confirmation_24,conf_010,common,0.5981588970834156,0.0707438164551068,2076
augmentation,0.001,0.1,1,5011,5511,C_all,C_all (38 coordinates),38,38,38,0.0001,pysindy.STLSQ,confirmation_24,conf_011,native,0.6088566946618702,0.0683345251207432,2094
augmentation,0.001,0.1,1,5011,5511,C_all,C_all (38 coordinates),38,38,38,0.0001,pysindy.STLSQ,confirmation_24,conf_011,common,0.6088566946618702,0.0683345251207432,2094
augmentation,0.001,0.1,1,5011,5511,C_all,C_all (38 coordinates),38,38,38,0.0001,pysindy.STLSQ,confirmation_24,conf_012,native,0.6812376455451022,0.073077849828116,2109
augmentation,0.001,0.1,1,5011,5511,C_all,C_all (38 coordinates),38,38,38,0.0001,pysindy.STLSQ,confirmation_24,conf_012,common,0.6812376455451022,0.073077849828116,2109
augmentation,0.001,0.1,1,5011,5511,C_all,C_all (38 coordinates),38,38,38,0.0001,pysindy.STLSQ,confirmation_24,conf_013,native,0.6602597434207063,0.0727006154220286,2117
augmentation,0.001,0.1,1,5011,5511,C_all,C_all (38 coordinates),38,38,38,0.0001,pysindy.STLSQ,confirmation_24,conf_013,common,0.6602597434207063,0.0727006154220286,2117
augmentation,0.001,0.1,1,5011,5511,C_all,C_all (38 coordinates),38,38,38,0.0001,pysindy.STLSQ,confirmation_24,conf_014,native,0.5653916855412836,0.0679591498030597,2078
augmentation,0.001,0.1,1,5011,5511,C_all,C_all (38 coordinates),38,38,38,0.0001,pysindy.STLSQ,confirmation_24,conf_014,common,0.5653916855412836,0.0679591498030597,2078
augmentation,0.001,0.1,1,5011,5511,C_all,C_all (38 coordinates),38,38,38,0.0001,pysindy.STLSQ,confirmation_24,conf_015,native,0.7149637114359209,0.0750591554655871,2075
augmentation,0.001,0.1,1,5011,5511,C_all,C_all (38 coordinates),38,38,38,0.0001,pysindy.STLSQ,confirmation_24,conf_015,common,0.7149637114359209,0.0750591554655871,2075
augmentation,0.001,0.1,1,5011,5511,C_all,C_all (38 coordinates),38,38,38,0.0001,pysindy.STLSQ,confirmation_24,conf_016,native,0.6282946361885412,0.0737833717448555,2118
augmentation,0.001,0.1,1,5011,5511,C_all,C_all (38 coordinates),38,38,38,0.0001,pysindy.STLSQ,confirmation_24,conf_016,common,0.6282946361885412,0.0737833717448555,2118
augmentation,0.001,0.1,1,5011,5511,C_all,C_all (38 coordinates),38,38,38,0.0001,pysindy.STLSQ,confirmation_24,conf_017,native,0.600054258873683,0.0676350011139775,2102
augmentation,0.001,0.1,1,5011,5511,C_all,C_all (38 coordinates),38,38,38,0.0001,pysindy.STLSQ,confirmation_24,conf_017,common,0.600054258873683,0.0676350011139775,2102
augmentation,0.001,0.1,1,5011,5511,C_all,C_all (38 coordinates),38,38,38,0.0001,pysindy.STLSQ,confirmation_24,conf_018,native,0.7284382020414749,0.0773835891621621,2128
augmentation,0.001,0.1,1,5011,5511,C_all,C_all (38 coordinates),38,38,38,0.0001,pysindy.STLSQ,confirmation_24,conf_018,common,0.7284382020414749,0.0773835891621621,2128
augmentation,0.001,0.1,1,5011,5511,C_all,C_all (38 coordinates),38,38,38,0.0001,pysindy.STLSQ,confirmation_24,conf_019,native,0.7579201658865321,0.079802446597378,2103
augmentation,0.001,0.1,1,5011,5511,C_all,C_all (38 coordinates),38,38,38,0.0001,pysindy.STLSQ,confirmation_24,conf_019,common,0.7579201658865321,0.079802446597378,2103
augmentation,0.001,0.1,1,5011,5511,C_all,C_all (38 coordinates),38,38,38,0.0001,pysindy.STLSQ,confirmation_24,conf_020,native,0.6123672351723068,0.0690335618538265,2101
augmentation,0.001,0.1,1,5011,5511,C_all,C_all (38 coordinates),38,38,38,0.0001,pysindy.STLSQ,confirmation_24,conf_020,common,0.6123672351723068,0.0690335618538265,2101
augmentation,0.001,0.1,1,5011,5511,C_all,C_all (38 coordinates),38,38,38,0.0001,pysindy.STLSQ,confirmation_24,conf_021,native,0.555068744708236,0.0637127389096297,2118
augmentation,0.001,0.1,1,5011,5511,C_all,C_all (38 coordinates),38,38,38,0.0001,pysindy.STLSQ,confirmation_24,conf_021,common,0.555068744708236,0.0637127389096297,2118
augmentation,0.001,0.1,1,5011,5511,C_all,C_all (38 coordinates),38,38,38,0.0001,pysindy.STLSQ,confirmation_24,conf_022,native,0.6305606250842143,0.0712481181993636,2131
augmentation,0.001,0.1,1,5011,5511,C_all,C_all (38 coordinates),38,38,38,0.0001,pysindy.STLSQ,confirmation_24,conf_022,common,0.6305606250842143,0.0712481181993636,2131
augmentation,0.001,0.1,1,5011,5511,C_all,C_all (38 coordinates),38,38,38,0.0001,pysindy.STLSQ,confirmation_24,conf_023,native,0.6570331665880338,0.0695395393194178,2090
augmentation,0.001,0.1,1,5011,5511,C_all,C_all (38 coordinates),38,38,38,0.0001,pysindy.STLSQ,confirmation_24,conf_023,common,0.6570331665880338,0.0695395393194178,2090
augmentation,0.001,0.1,2,5012,5512,C0_poly2,conventional quadratic,10,65,65,0.0001,pysindy.STLSQ,confirmation_24,conf_000,native,2.842431421899177,0.327426622310664,2397
augmentation,0.001,0.1,2,5012,5512,C0_poly2,conventional quadratic,10,65,65,0.0001,pysindy.STLSQ,confirmation_24,conf_000,common,2.6448782484006004,0.3002002138562789,2072
augmentation,0.001,0.1,2,5012,5512,C0_poly2,conventional quadratic,10,65,65,0.0001,pysindy.STLSQ,confirmation_24,conf_001,native,2.2608920536518533,0.2546180246651054,2397
augmentation,0.001,0.1,2,5012,5512,C0_poly2,conventional quadratic,10,65,65,0.0001,pysindy.STLSQ,confirmation_24,conf_001,common,2.1504368449344278,0.2320393391192603,2119
augmentation,0.001,0.1,2,5012,5512,C0_poly2,conventional quadratic,10,65,65,0.0001,pysindy.STLSQ,confirmation_24,conf_002,native,1.7573263837744075,0.2390020253738972,2397
augmentation,0.001,0.1,2,5012,5512,C0_poly2,conventional quadratic,10,65,65,0.0001,pysindy.STLSQ,confirmation_24,conf_002,common,1.6829659039763216,0.2213041403738085,2141
augmentation,0.001,0.1,2,5012,5512,C0_poly2,conventional quadratic,10,65,65,0.0001,pysindy.STLSQ,confirmation_24,conf_003,native,2.4396877687111287,0.306888888187741,2397
augmentation,0.001,0.1,2,5012,5512,C0_poly2,conventional quadratic,10,65,65,0.0001,pysindy.STLSQ,confirmation_24,conf_003,common,2.363438560117412,0.2948179410001579,2065
augmentation,0.001,0.1,2,5012,5512,C0_poly2,conventional quadratic,10,65,65,0.0001,pysindy.STLSQ,confirmation_24,conf_004,native,2.526259481981603,0.2903964665662003,2397
augmentation,0.001,0.1,2,5012,5512,C0_poly2,conventional quadratic,10,65,65,0.0001,pysindy.STLSQ,confirmation_24,conf_004,common,2.489537866064332,0.2767876105264035,2089
augmentation,0.001,0.1,2,5012,5512,C0_poly2,conventional quadratic,10,65,65,0.0001,pysindy.STLSQ,confirmation_24,conf_005,native,2.6025045673491105,0.3027082727249509,2397
augmentation,0.001,0.1,2,5012,5512,C0_poly2,conventional quadratic,10,65,65,0.0001,pysindy.STLSQ,confirmation_24,conf_005,common,2.3789569796205434,0.2742923671287867,2038
augmentation,0.001,0.1,2,5012,5512,C0_poly2,conventional quadratic,10,65,65,0.0001,pysindy.STLSQ,confirmation_24,conf_006,native,2.597717685761869,0.2905985362028281,2397
augmentation,0.001,0.1,2,5012,5512,C0_poly2,conventional quadratic,10,65,65,0.0001,pysindy.STLSQ,confirmation_24,conf_006,common,2.579030640008706,0.2791673539682909,2087
augmentation,0.001,0.1,2,5012,5512,C0_poly2,conventional quadratic,10,65,65,0.0001,pysindy.STLSQ,confirmation_24,conf_007,native,2.877556597558622,0.3560596808495567,2397
augmentation,0.001,0.1,2,5012,5512,C0_poly2,conventional quadratic,10,65,65,0.0001,pysindy.STLSQ,confirmation_24,conf_007,common,2.6743500181526523,0.3340220326950987,2048
augmentation,0.001,0.1,2,5012,5512,C0_poly2,conventional quadratic,10,65,65,0.0001,pysindy.STLSQ,confirmation_24,conf_008,native,2.3312638242159065,0.2780747919522125,2397
augmentation,0.001,0.1,2,5012,5512,C0_poly2,conventional quadratic,10,65,65,0.0001,pysindy.STLSQ,confirmation_24,conf_008,common,2.275010178838369,0.264096759557611,2118
augmentation,0.001,0.1,2,5012,5512,C0_poly2,conventional quadratic,10,65,65,0.0001,pysindy.STLSQ,confirmation_24,conf_009,native,2.454453981473512,0.2838926387277788,2397
augmentation,0.001,0.1,2,5012,5512,C0_poly2,conventional quadratic,10,65,65,0.0001,pysindy.STLSQ,confirmation_24,conf_009,common,2.3379383296658918,0.260984431724639,2081
augmentation,0.001,0.1,2,5012,5512,C0_poly2,conventional quadratic,10,65,65,0.0001,pysindy.STLSQ,confirmation_24,conf_010,native,2.6821227392381166,0.3213115338263475,2397
augmentation,0.001,0.1,2,5012,5512,C0_poly2,conventional quadratic,10,65,65,0.0001,pysindy.STLSQ,confirmation_24,conf_010,common,2.5408049094471266,0.300492305771225,2078
augmentation,0.001,0.1,2,5012,5512,C0_poly2,conventional quadratic,10,65,65,0.0001,pysindy.STLSQ,confirmation_24,conf_011,native,2.500889666014238,0.2902407548435481,2397
augmentation,0.001,0.1,2,5012,5512,C0_poly2,conventional quadratic,10,65,65,0.0001,pysindy.STLSQ,confirmation_24,conf_011,common,2.4868986087052427,0.2790892175171534,2095
augmentation,0.001,0.1,2,5012,5512,C0_poly2,conventional quadratic,10,65,65,0.0001,pysindy.STLSQ,confirmation_24,conf_012,native,2.342209447991272,0.2622338083137295,2397
augmentation,0.001,0.1,2,5012,5512,C0_poly2,conventional quadratic,10,65,65,0.0001,pysindy.STLSQ,confirmation_24,conf_012,common,2.247248935023607,0.2410713686106113,2109
augmentation,0.001,0.1,2,5012,5512,C0_poly2,conventional quadratic,10,65,65,0.0001,pysindy.STLSQ,confirmation_24,conf_013,native,2.431886965528003,0.2773814803325742,2397
augmentation,0.001,0.1,2,5012,5512,C0_poly2,conventional quadratic,10,65,65,0.0001,pysindy.STLSQ,confirmation_24,conf_013,common,2.3813449961775106,0.2619329780047562,2114
augmentation,0.001,0.1,2,5012,5512,C0_poly2,conventional quadratic,10,65,65,0.0001,pysindy.STLSQ,confirmation_24,conf_014,native,2.759432749110433,0.3336016512362227,2397
augmentation,0.001,0.1,2,5012,5512,C0_poly2,conventional quadratic,10,65,65,0.0001,pysindy.STLSQ,confirmation_24,conf_014,common,2.606343242182396,0.312718581704863,2077
augmentation,0.001,0.1,2,5012,5512,C0_poly2,conventional quadratic,10,65,65,0.0001,pysindy.STLSQ,confirmation_24,conf_015,native,2.882084365859798,0.3120325966699135,2397
augmentation,0.001,0.1,2,5012,5512,C0_poly2,conventional quadratic,10,65,65,0.0001,pysindy.STLSQ,confirmation_24,conf_015,common,2.7490441404487083,0.2886063385522327,2069
augmentation,0.001,0.1,2,5012,5512,C0_poly2,conventional quadratic,10,65,65,0.0001,pysindy.STLSQ,confirmation_24,conf_016,native,2.442847256650289,0.2932967837880715,2397
augmentation,0.001,0.1,2,5012,5512,C0_poly2,conventional quadratic,10,65,65,0.0001,pysindy.STLSQ,confirmation_24,conf_016,common,2.348801537124249,0.2761482749444182,2123
augmentation,0.001,0.1,2,5012,5512,C0_poly2,conventional quadratic,10,65,65,0.0001,pysindy.STLSQ,confirmation_24,conf_017,native,2.4738836605315937,0.2871637901831297,2397
augmentation,0.001,0.1,2,5012,5512,C0_poly2,conventional quadratic,10,65,65,0.0001,pysindy.STLSQ,confirmation_24,conf_017,common,2.396243457784826,0.2705281458253998,2110
augmentation,0.001,0.1,2,5012,5512,C0_poly2,conventional quadratic,10,65,65,0.0001,pysindy.STLSQ,confirmation_24,conf_018,native,2.3670454766718785,0.2618490226172499,2397
augmentation,0.001,0.1,2,5012,5512,C0_poly2,conventional quadratic,10,65,65,0.0001,pysindy.STLSQ,confirmation_24,conf_018,common,2.268196846180468,0.2414122362269753,2142
augmentation,0.001,0.1,2,5012,5512,C0_poly2,conventional quadratic,10,65,65,0.0001,pysindy.STLSQ,confirmation_24,conf_019,native,2.504278712091236,0.2748494499359472,2397
augmentation,0.001,0.1,2,5012,5512,C0_poly2,conventional quadratic,10,65,65,0.0001,pysindy.STLSQ,confirmation_24,conf_019,common,2.4371569141245035,0.2559468912632187,2092
augmentation,0.001,0.1,2,5012,5512,C0_poly2,conventional quadratic,10,65,65,0.0001,pysindy.STLSQ,confirmation_24,conf_020,native,2.624548597462953,0.3032095489911999,2397
augmentation,0.001,0.1,2,5012,5512,C0_poly2,conventional quadratic,10,65,65,0.0001,pysindy.STLSQ,confirmation_24,conf_020,common,2.5568406094814926,0.2882863217111192,2108
augmentation,0.001,0.1,2,5012,5512,C0_poly2,conventional quadratic,10,65,65,0.0001,pysindy.STLSQ,confirmation_24,conf_021,native,2.28367779483771,0.2709997221184121,2397
augmentation,0.001,0.1,2,5012,5512,C0_poly2,conventional quadratic,10,65,65,0.0001,pysindy.STLSQ,confirmation_24,conf_021,common,2.218407382770981,0.2542902871729,2113
augmentation,0.001,0.1,2,5012,5512,C0_poly2,conventional quadratic,10,65,65,0.0001,pysindy.STLSQ,confirmation_24,conf_022,native,2.2076185832409267,0.2591030211936134,2397
augmentation,0.001,0.1,2,5012,5512,C0_poly2,conventional quadratic,10,65,65,0.0001,pysindy.STLSQ,confirmation_24,conf_022,common,2.142335451015731,0.242172089744818,2135
augmentation,0.001,0.1,2,5012,5512,C0_poly2,conventional quadratic,10,65,65,0.0001,pysindy.STLSQ,confirmation_24,conf_023,native,2.5489586342020107,0.2801587232660418,2397
augmentation,0.001,0.1,2,5012,5512,C0_poly2,conventional quadratic,10,65,65,0.0001,pysindy.STLSQ,confirmation_24,conf_023,common,2.500051421783253,0.2648540286414354,2103
augmentation,0.001,0.1,2,5012,5512,C_compact,compact (12 coordinates),12,12,8,0.5,pysindy.STLSQ,confirmation_24,conf_000,native,0.6566920107124586,0.0763629715032932,2249
augmentation,0.001,0.1,2,5012,5512,C_compact,compact (12 coordinates),12,12,8,0.5,pysindy.STLSQ,confirmation_24,conf_000,common,0.5852146569290226,0.0664233090003892,2072
augmentation,0.001,0.1,2,5012,5512,C_compact,compact (12 coordinates),12,12,8,0.5,pysindy.STLSQ,confirmation_24,conf_001,native,0.787053088146525,0.0865249966035188,2260
augmentation,0.001,0.1,2,5012,5512,C_compact,compact (12 coordinates),12,12,8,0.5,pysindy.STLSQ,confirmation_24,conf_001,common,0.7201724281531937,0.0777090174371875,2119
augmentation,0.001,0.1,2,5012,5512,C_compact,compact (12 coordinates),12,12,8,0.5,pysindy.STLSQ,confirmation_24,conf_002,native,0.5154441200602398,0.0695334306329274,2324
augmentation,0.001,0.1,2,5012,5512,C_compact,compact (12 coordinates),12,12,8,0.5,pysindy.STLSQ,confirmation_24,conf_002,common,0.4876057128015114,0.0641184487801809,2141
augmentation,0.001,0.1,2,5012,5512,C_compact,compact (12 coordinates),12,12,8,0.5,pysindy.STLSQ,confirmation_24,conf_003,native,0.5582009225663777,0.071520262008286,2248
augmentation,0.001,0.1,2,5012,5512,C_compact,compact (12 coordinates),12,12,8,0.5,pysindy.STLSQ,confirmation_24,conf_003,common,0.5113335580317425,0.0637843137905451,2065
augmentation,0.001,0.1,2,5012,5512,C_compact,compact (12 coordinates),12,12,8,0.5,pysindy.STLSQ,confirmation_24,conf_004,native,0.7118413153669091,0.0809326257150008,2255
augmentation,0.001,0.1,2,5012,5512,C_compact,compact (12 coordinates),12,12,8,0.5,pysindy.STLSQ,confirmation_24,conf_004,common,0.679102741702631,0.0755028584782905,2089
augmentation,0.001,0.1,2,5012,5512,C_compact,compact (12 coordinates),12,12,8,0.5,pysindy.STLSQ,confirmation_24,conf_005,native,0.5514341529751368,0.0649715919864117,2188
augmentation,0.001,0.1,2,5012,5512,C_compact,compact (12 coordinates),12,12,8,0.5,pysindy.STLSQ,confirmation_24,conf_005,common,0.5463638402508185,0.0629954355374157,2038
augmentation,0.001,0.1,2,5012,5512,C_compact,compact (12 coordinates),12,12,8,0.5,pysindy.STLSQ,confirmation_24,conf_006,native,0.7103591261142393,0.0784727264656273,2256
augmentation,0.001,0.1,2,5012,5512,C_compact,compact (12 coordinates),12,12,8,0.5,pysindy.STLSQ,confirmation_24,conf_006,common,0.6587492108811669,0.0713063549061884,2087
augmentation,0.001,0.1,2,5012,5512,C_compact,compact (12 coordinates),12,12,8,0.5,pysindy.STLSQ,confirmation_24,conf_007,native,0.5153068867830888,0.066134469146078,2225
augmentation,0.001,0.1,2,5012,5512,C_compact,compact (12 coordinates),12,12,8,0.5,pysindy.STLSQ,confirmation_24,conf_007,common,0.4963543280727894,0.0619938603677641,2048
augmentation,0.001,0.1,2,5012,5512,C_compact,compact (12 coordinates),12,12,8,0.5,pysindy.STLSQ,confirmation_24,conf_008,native,0.6172696435442259,0.0729875561796128,2264
augmentation,0.001,0.1,2,5012,5512,C_compact,compact (12 coordinates),12,12,8,0.5,pysindy.STLSQ,confirmation_24,conf_008,common,0.5843505122777617,0.0678348950584414,2118
augmentation,0.001,0.1,2,5012,5512,C_compact,compact (12 coordinates),12,12,8,0.5,pysindy.STLSQ,confirmation_24,conf_009,native,0.7653619474060216,0.0874526290480323,2241
augmentation,0.001,0.1,2,5012,5512,C_compact,compact (12 coordinates),12,12,8,0.5,pysindy.STLSQ,confirmation_24,conf_009,common,0.7081196609577795,0.0790475116315495,2081
augmentation,0.001,0.1,2,5012,5512,C_compact,compact (12 coordinates),12,12,8,0.5,pysindy.STLSQ,confirmation_24,conf_010,native,0.6827110964818165,0.0827928782111826,2262
augmentation,0.001,0.1,2,5012,5512,C_compact,compact (12 coordinates),12,12,8,0.5,pysindy.STLSQ,confirmation_24,conf_010,common,0.6315900503891319,0.074695994894347,2078
augmentation,0.001,0.1,2,5012,5512,C_compact,compact (12 coordinates),12,12,8,0.5,pysindy.STLSQ,confirmation_24,conf_011,native,0.6732052646508008,0.0771444227698507,2249
augmentation,0.001,0.1,2,5012,5512,C_compact,compact (12 coordinates),12,12,8,0.5,pysindy.STLSQ,confirmation_24,conf_011,common,0.6407454492276909,0.0719068905449809,2095
augmentation,0.001,0.1,2,5012,5512,C_compact,compact (12 coordinates),12,12,8,0.5,pysindy.STLSQ,confirmation_24,conf_012,native,0.7155632803053,0.0780801507848621,2242
augmentation,0.001,0.1,2,5012,5512,C_compact,compact (12 coordinates),12,12,8,0.5,pysindy.STLSQ,confirmation_24,conf_012,common,0.6530884101911705,0.0700594021493483,2109
augmentation,0.001,0.1,2,5012,5512,C_compact,compact (12 coordinates),12,12,8,0.5,pysindy.STLSQ,confirmation_24,conf_013,native,0.745123986209399,0.0837709743893102,2286
augmentation,0.001,0.1,2,5012,5512,C_compact,compact (12 coordinates),12,12,8,0.5,pysindy.STLSQ,confirmation_24,conf_013,common,0.6777475341314346,0.0745479677389818,2114
augmentation,0.001,0.1,2,5012,5512,C_compact,compact (12 coordinates),12,12,8,0.5,pysindy.STLSQ,confirmation_24,conf_014,native,0.5861430670531839,0.0721179089798745,2249
augmentation,0.001,0.1,2,5012,5512,C_compact,compact (12 coordinates),12,12,8,0.5,pysindy.STLSQ,confirmation_24,conf_014,common,0.5360937195014541,0.0643224825150052,2077
augmentation,0.001,0.1,2,5012,5512,C_compact,compact (12 coordinates),12,12,8,0.5,pysindy.STLSQ,confirmation_24,conf_015,native,0.808924307098328,0.0865102441923502,2218
augmentation,0.001,0.1,2,5012,5512,C_compact,compact (12 coordinates),12,12,8,0.5,pysindy.STLSQ,confirmation_24,conf_015,common,0.7229523712497544,0.0758986128101929,2069
augmentation,0.001,0.1,2,5012,5512,C_compact,compact (12 coordinates),12,12,8,0.5,pysindy.STLSQ,confirmation_24,conf_016,native,0.7168342953356119,0.0859667614698557,2288
augmentation,0.001,0.1,2,5012,5512,C_compact,compact (12 coordinates),12,12,8,0.5,pysindy.STLSQ,confirmation_24,conf_016,common,0.5930068420467001,0.0697197331801519,2123
augmentation,0.001,0.1,2,5012,5512,C_compact,compact (12 coordinates),12,12,8,0.5,pysindy.STLSQ,confirmation_24,conf_017,native,0.6955195165483332,0.0802157722010473,2270
augmentation,0.001,0.1,2,5012,5512,C_compact,compact (12 coordinates),12,12,8,0.5,pysindy.STLSQ,confirmation_24,conf_017,common,0.6524697009844115,0.0736617215755445,2110
augmentation,0.001,0.1,2,5012,5512,C_compact,compact (12 coordinates),12,12,8,0.5,pysindy.STLSQ,confirmation_24,conf_018,native,0.8598167877184197,0.0930304100329607,2285
augmentation,0.001,0.1,2,5012,5512,C_compact,compact (12 coordinates),12,12,8,0.5,pysindy.STLSQ,confirmation_24,conf_018,common,0.755030028973388,0.0803605242728042,2142
augmentation,0.001,0.1,2,5012,5512,C_compact,compact (12 coordinates),12,12,8,0.5,pysindy.STLSQ,confirmation_24,conf_019,native,0.7978866773662424,0.0855444828696557,2250
augmentation,0.001,0.1,2,5012,5512,C_compact,compact (12 coordinates),12,12,8,0.5,pysindy.STLSQ,confirmation_24,conf_019,common,0.7537282830612582,0.0791555150957494,2092
augmentation,0.001,0.1,2,5012,5512,C_compact,compact (12 coordinates),12,12,8,0.5,pysindy.STLSQ,confirmation_24,conf_020,native,0.721392765961576,0.0832868347401687,2286
augmentation,0.001,0.1,2,5012,5512,C_compact,compact (12 coordinates),12,12,8,0.5,pysindy.STLSQ,confirmation_24,conf_020,common,0.6693580352777878,0.0754707842101847,2108
augmentation,0.001,0.1,2,5012,5512,C_compact,compact (12 coordinates),12,12,8,0.5,pysindy.STLSQ,confirmation_24,conf_021,native,0.6782804894267622,0.0796559406990064,2290
augmentation,0.001,0.1,2,5012,5512,C_compact,compact (12 coordinates),12,12,8,0.5,pysindy.STLSQ,confirmation_24,conf_021,common,0.6193708507407341,0.0709968749313544,2113
augmentation,0.001,0.1,2,5012,5512,C_compact,compact (12 coordinates),12,12,8,0.5,pysindy.STLSQ,confirmation_24,conf_022,native,0.7168413166688443,0.0828472846670994,2304
augmentation,0.001,0.1,2,5012,5512,C_compact,compact (12 coordinates),12,12,8,0.5,pysindy.STLSQ,confirmation_24,conf_022,common,0.6604187840382012,0.0746545070527745,2135
augmentation,0.001,0.1,2,5012,5512,C_compact,compact (12 coordinates),12,12,8,0.5,pysindy.STLSQ,confirmation_24,conf_023,native,0.7272160929572585,0.0784898016127376,2244
augmentation,0.001,0.1,2,5012,5512,C_compact,compact (12 coordinates),12,12,8,0.5,pysindy.STLSQ,confirmation_24,conf_023,common,0.678816099698561,0.0719133923187829,2103
augmentation,0.001,0.1,2,5012,5512,C_all,C_all (38 coordinates),38,38,38,0.0001,pysindy.STLSQ,confirmation_24,conf_000,native,0.5771650809932689,0.0655096622497961,2072
augmentation,0.001,0.1,2,5012,5512,C_all,C_all (38 coordinates),38,38,38,0.0001,pysindy.STLSQ,confirmation_24,conf_000,common,0.5771650809932689,0.0655096622497961,2072
augmentation,0.001,0.1,2,5012,5512,C_all,C_all (38 coordinates),38,38,38,0.0001,pysindy.STLSQ,confirmation_24,conf_001,native,0.6718847172966349,0.0724986116811982,2119
augmentation,0.001,0.1,2,5012,5512,C_all,C_all (38 coordinates),38,38,38,0.0001,pysindy.STLSQ,confirmation_24,conf_001,common,0.6718847172966349,0.0724986116811982,2119
augmentation,0.001,0.1,2,5012,5512,C_all,C_all (38 coordinates),38,38,38,0.0001,pysindy.STLSQ,confirmation_24,conf_002,native,0.4590035289655551,0.0603573614689794,2141
augmentation,0.001,0.1,2,5012,5512,C_all,C_all (38 coordinates),38,38,38,0.0001,pysindy.STLSQ,confirmation_24,conf_002,common,0.4590035289655551,0.0603573614689794,2141
augmentation,0.001,0.1,2,5012,5512,C_all,C_all (38 coordinates),38,38,38,0.0001,pysindy.STLSQ,confirmation_24,conf_003,native,0.5111035491004646,0.0637556222219656,2065
augmentation,0.001,0.1,2,5012,5512,C_all,C_all (38 coordinates),38,38,38,0.0001,pysindy.STLSQ,confirmation_24,conf_003,common,0.5111035491004646,0.0637556222219656,2065
augmentation,0.001,0.1,2,5012,5512,C_all,C_all (38 coordinates),38,38,38,0.0001,pysindy.STLSQ,confirmation_24,conf_004,native,0.6437712680321135,0.0715746940157434,2089
augmentation,0.001,0.1,2,5012,5512,C_all,C_all (38 coordinates),38,38,38,0.0001,pysindy.STLSQ,confirmation_24,conf_004,common,0.6437712680321135,0.0715746940157434,2089
augmentation,0.001,0.1,2,5012,5512,C_all,C_all (38 coordinates),38,38,38,0.0001,pysindy.STLSQ,confirmation_24,conf_005,native,0.5340194343571236,0.0615721326604044,2038
augmentation,0.001,0.1,2,5012,5512,C_all,C_all (38 coordinates),38,38,38,0.0001,pysindy.STLSQ,confirmation_24,conf_005,common,0.5340194343571236,0.0615721326604044,2038
augmentation,0.001,0.1,2,5012,5512,C_all,C_all (38 coordinates),38,38,38,0.0001,pysindy.STLSQ,confirmation_24,conf_006,native,0.6320855745528039,0.0684201477066738,2087
augmentation,0.001,0.1,2,5012,5512,C_all,C_all (38 coordinates),38,38,38,0.0001,pysindy.STLSQ,confirmation_24,conf_006,common,0.6320855745528039,0.0684201477066738,2087
augmentation,0.001,0.1,2,5012,5512,C_all,C_all (38 coordinates),38,38,38,0.0001,pysindy.STLSQ,confirmation_24,conf_007,native,0.5099289795796172,0.063689312593038,2048
augmentation,0.001,0.1,2,5012,5512,C_all,C_all (38 coordinates),38,38,38,0.0001,pysindy.STLSQ,confirmation_24,conf_007,common,0.5099289795796172,0.063689312593038,2048
augmentation,0.001,0.1,2,5012,5512,C_all,C_all (38 coordinates),38,38,38,0.0001,pysindy.STLSQ,confirmation_24,conf_008,native,0.5604655033884659,0.065062180673098,2118
augmentation,0.001,0.1,2,5012,5512,C_all,C_all (38 coordinates),38,38,38,0.0001,pysindy.STLSQ,confirmation_24,conf_008,common,0.5604655033884659,0.065062180673098,2118
augmentation,0.001,0.1,2,5012,5512,C_all,C_all (38 coordinates),38,38,38,0.0001,pysindy.STLSQ,confirmation_24,conf_009,native,0.6690298697534116,0.0746839119530393,2081
augmentation,0.001,0.1,2,5012,5512,C_all,C_all (38 coordinates),38,38,38,0.0001,pysindy.STLSQ,confirmation_24,conf_009,common,0.6690298697534116,0.0746839119530393,2081
augmentation,0.001,0.1,2,5012,5512,C_all,C_all (38 coordinates),38,38,38,0.0001,pysindy.STLSQ,confirmation_24,conf_010,native,0.6147232521315728,0.0727012163576136,2078
augmentation,0.001,0.1,2,5012,5512,C_all,C_all (38 coordinates),38,38,38,0.0001,pysindy.STLSQ,confirmation_24,conf_010,common,0.6147232521315728,0.0727012163576136,2078
augmentation,0.001,0.1,2,5012,5512,C_all,C_all (38 coordinates),38,38,38,0.0001,pysindy.STLSQ,confirmation_24,conf_011,native,0.6120263090772134,0.0686839194418143,2095
augmentation,0.001,0.1,2,5012,5512,C_all,C_all (38 coordinates),38,38,38,0.0001,pysindy.STLSQ,confirmation_24,conf_011,common,0.6120263090772134,0.0686839194418143,2095
augmentation,0.001,0.1,2,5012,5512,C_all,C_all (38 coordinates),38,38,38,0.0001,pysindy.STLSQ,confirmation_24,conf_012,native,0.6118663366422893,0.0656373456817627,2109
augmentation,0.001,0.1,2,5012,5512,C_all,C_all (38 coordinates),38,38,38,0.0001,pysindy.STLSQ,confirmation_24,conf_012,common,0.6118663366422893,0.0656373456817627,2109
augmentation,0.001,0.1,2,5012,5512,C_all,C_all (38 coordinates),38,38,38,0.0001,pysindy.STLSQ,confirmation_24,conf_013,native,0.6426536881520942,0.0706878653171302,2114
augmentation,0.001,0.1,2,5012,5512,C_all,C_all (38 coordinates),38,38,38,0.0001,pysindy.STLSQ,confirmation_24,conf_013,common,0.6426536881520942,0.0706878653171302,2114
augmentation,0.001,0.1,2,5012,5512,C_all,C_all (38 coordinates),38,38,38,0.0001,pysindy.STLSQ,confirmation_24,conf_014,native,0.5393924127294327,0.0647182717767715,2077
augmentation,0.001,0.1,2,5012,5512,C_all,C_all (38 coordinates),38,38,38,0.0001,pysindy.STLSQ,confirmation_24,conf_014,common,0.5393924127294327,0.0647182717767715,2077
augmentation,0.001,0.1,2,5012,5512,C_all,C_all (38 coordinates),38,38,38,0.0001,pysindy.STLSQ,confirmation_24,conf_015,native,0.6895435233727927,0.0723912099572708,2069
augmentation,0.001,0.1,2,5012,5512,C_all,C_all (38 coordinates),38,38,38,0.0001,pysindy.STLSQ,confirmation_24,conf_015,common,0.6895435233727927,0.0723912099572708,2069
augmentation,0.001,0.1,2,5012,5512,C_all,C_all (38 coordinates),38,38,38,0.0001,pysindy.STLSQ,confirmation_24,conf_016,native,0.5742021624182237,0.0675088695723887,2123
augmentation,0.001,0.1,2,5012,5512,C_all,C_all (38 coordinates),38,38,38,0.0001,pysindy.STLSQ,confirmation_24,conf_016,common,0.5742021624182237,0.0675088695723887,2123
augmentation,0.001,0.1,2,5012,5512,C_all,C_all (38 coordinates),38,38,38,0.0001,pysindy.STLSQ,confirmation_24,conf_017,native,0.6245039585357244,0.0705044795905135,2110
augmentation,0.001,0.1,2,5012,5512,C_all,C_all (38 coordinates),38,38,38,0.0001,pysindy.STLSQ,confirmation_24,conf_017,common,0.6245039585357244,0.0705044795905135,2110
augmentation,0.001,0.1,2,5012,5512,C_all,C_all (38 coordinates),38,38,38,0.0001,pysindy.STLSQ,confirmation_24,conf_018,native,0.707975288348337,0.0753523213125969,2142
augmentation,0.001,0.1,2,5012,5512,C_all,C_all (38 coordinates),38,38,38,0.0001,pysindy.STLSQ,confirmation_24,conf_018,common,0.707975288348337,0.0753523213125969,2142
augmentation,0.001,0.1,2,5012,5512,C_all,C_all (38 coordinates),38,38,38,0.0001,pysindy.STLSQ,confirmation_24,conf_019,native,0.713652089298409,0.0749467679495082,2092
augmentation,0.001,0.1,2,5012,5512,C_all,C_all (38 coordinates),38,38,38,0.0001,pysindy.STLSQ,confirmation_24,conf_019,common,0.713652089298409,0.0749467679495082,2092
augmentation,0.001,0.1,2,5012,5512,C_all,C_all (38 coordinates),38,38,38,0.0001,pysindy.STLSQ,confirmation_24,conf_020,native,0.6392695656484007,0.0720782793339688,2108
augmentation,0.001,0.1,2,5012,5512,C_all,C_all (38 coordinates),38,38,38,0.0001,pysindy.STLSQ,confirmation_24,conf_020,common,0.6392695656484007,0.0720782793339688,2108
augmentation,0.001,0.1,2,5012,5512,C_all,C_all (38 coordinates),38,38,38,0.0001,pysindy.STLSQ,confirmation_24,conf_021,native,0.5892009574518537,0.0675385782776432,2113
augmentation,0.001,0.1,2,5012,5512,C_all,C_all (38 coordinates),38,38,38,0.0001,pysindy.STLSQ,confirmation_24,conf_021,common,0.5892009574518537,0.0675385782776432,2113
augmentation,0.001,0.1,2,5012,5512,C_all,C_all (38 coordinates),38,38,38,0.0001,pysindy.STLSQ,confirmation_24,conf_022,native,0.630285281183169,0.0712481808612928,2135
augmentation,0.001,0.1,2,5012,5512,C_all,C_all (38 coordinates),38,38,38,0.0001,pysindy.STLSQ,confirmation_24,conf_022,common,0.630285281183169,0.0712481808612928,2135
augmentation,0.001,0.1,2,5012,5512,C_all,C_all (38 coordinates),38,38,38,0.0001,pysindy.STLSQ,confirmation_24,conf_023,native,0.6520584020652391,0.0690786970186759,2103
augmentation,0.001,0.1,2,5012,5512,C_all,C_all (38 coordinates),38,38,38,0.0001,pysindy.STLSQ,confirmation_24,conf_023,common,0.6520584020652391,0.0690786970186759,2103
augmentation,0.002,0.2,0,5020,5520,C0_poly2,conventional quadratic,10,65,65,0.0001,pysindy.STLSQ,confirmation_24,conf_000,native,2.921955870532553,0.3365872379042485,2397
augmentation,0.002,0.2,0,5020,5520,C0_poly2,conventional quadratic,10,65,65,0.0001,pysindy.STLSQ,confirmation_24,conf_000,common,2.706696145340398,0.3075212696240255,2050
augmentation,0.002,0.2,0,5020,5520,C0_poly2,conventional quadratic,10,65,65,0.0001,pysindy.STLSQ,confirmation_24,conf_001,native,2.386285045808695,0.2687395816488864,2397
augmentation,0.002,0.2,0,5020,5520,C0_poly2,conventional quadratic,10,65,65,0.0001,pysindy.STLSQ,confirmation_24,conf_001,common,2.283188340549608,0.2459054425215283,2111
augmentation,0.002,0.2,0,5020,5520,C0_poly2,conventional quadratic,10,65,65,0.0001,pysindy.STLSQ,confirmation_24,conf_002,native,1.8796804123061488,0.2556425657434861,2397
augmentation,0.002,0.2,0,5020,5520,C0_poly2,conventional quadratic,10,65,65,0.0001,pysindy.STLSQ,confirmation_24,conf_002,common,1.8087569567440716,0.2376404503615455,2127
augmentation,0.002,0.2,0,5020,5520,C0_poly2,conventional quadratic,10,65,65,0.0001,pysindy.STLSQ,confirmation_24,conf_003,native,2.5282394988428165,0.318027830783486,2397
augmentation,0.002,0.2,0,5020,5520,C0_poly2,conventional quadratic,10,65,65,0.0001,pysindy.STLSQ,confirmation_24,conf_003,common,2.409000110860257,0.301086657074352,2057
augmentation,0.002,0.2,0,5020,5520,C0_poly2,conventional quadratic,10,65,65,0.0001,pysindy.STLSQ,confirmation_24,conf_004,native,2.64202880583487,0.3037042850320121,2397
augmentation,0.002,0.2,0,5020,5520,C0_poly2,conventional quadratic,10,65,65,0.0001,pysindy.STLSQ,confirmation_24,conf_004,common,2.602853769827532,0.2895850193702767,2091
augmentation,0.002,0.2,0,5020,5520,C0_poly2,conventional quadratic,10,65,65,0.0001,pysindy.STLSQ,confirmation_24,conf_005,native,2.694232947881161,0.3133775871918982,2397
augmentation,0.002,0.2,0,5020,5520,C0_poly2,conventional quadratic,10,65,65,0.0001,pysindy.STLSQ,confirmation_24,conf_005,common,2.4488766288970614,0.2820245959657419,2019
augmentation,0.002,0.2,0,5020,5520,C0_poly2,conventional quadratic,10,65,65,0.0001,pysindy.STLSQ,confirmation_24,conf_006,native,2.710929371050086,0.3032631726281533,2397
augmentation,0.002,0.2,0,5020,5520,C0_poly2,conventional quadratic,10,65,65,0.0001,pysindy.STLSQ,confirmation_24,conf_006,common,2.6991237700226787,0.2924569628064596,2094
augmentation,0.002,0.2,0,5020,5520,C0_poly2,conventional quadratic,10,65,65,0.0001,pysindy.STLSQ,confirmation_24,conf_007,native,2.955832880162587,0.3657453385445969,2397
augmentation,0.002,0.2,0,5020,5520,C0_poly2,conventional quadratic,10,65,65,0.0001,pysindy.STLSQ,confirmation_24,conf_007,common,2.7168509203608893,0.3396203644983322,2032
augmentation,0.002,0.2,0,5020,5520,C0_poly2,conventional quadratic,10,65,65,0.0001,pysindy.STLSQ,confirmation_24,conf_008,native,2.460161950241132,0.2934498512677535,2397
augmentation,0.002,0.2,0,5020,5520,C0_poly2,conventional quadratic,10,65,65,0.0001,pysindy.STLSQ,confirmation_24,conf_008,common,2.407882134989945,0.2782006724491778,2101
augmentation,0.002,0.2,0,5020,5520,C0_poly2,conventional quadratic,10,65,65,0.0001,pysindy.STLSQ,confirmation_24,conf_009,native,2.573923047805497,0.2977109415940521,2397
augmentation,0.002,0.2,0,5020,5520,C0_poly2,conventional quadratic,10,65,65,0.0001,pysindy.STLSQ,confirmation_24,conf_009,common,2.420133264457896,0.2699480559982491,2073
augmentation,0.002,0.2,0,5020,5520,C0_poly2,conventional quadratic,10,65,65,0.0001,pysindy.STLSQ,confirmation_24,conf_010,native,2.765101427496488,0.331252171221178,2397
augmentation,0.002,0.2,0,5020,5520,C0_poly2,conventional quadratic,10,65,65,0.0001,pysindy.STLSQ,confirmation_24,conf_010,common,2.609726892834244,0.3077892767574405,2066
augmentation,0.002,0.2,0,5020,5520,C0_poly2,conventional quadratic,10,65,65,0.0001,pysindy.STLSQ,confirmation_24,conf_011,native,2.61925460152858,0.3039775976549475,2397
augmentation,0.002,0.2,0,5020,5520,C0_poly2,conventional quadratic,10,65,65,0.0001,pysindy.STLSQ,confirmation_24,conf_011,common,2.5836100193066334,0.2897061916564762,2104
augmentation,0.002,0.2,0,5020,5520,C0_poly2,conventional quadratic,10,65,65,0.0001,pysindy.STLSQ,confirmation_24,conf_012,native,2.4765725044274123,0.2772770983218624,2397
augmentation,0.002,0.2,0,5020,5520,C0_poly2,conventional quadratic,10,65,65,0.0001,pysindy.STLSQ,confirmation_24,conf_012,common,2.341763402696233,0.2502884339247392,2096
augmentation,0.002,0.2,0,5020,5520,C0_poly2,conventional quadratic,10,65,65,0.0001,pysindy.STLSQ,confirmation_24,conf_013,native,2.54913256825824,0.290754535622065,2397
augmentation,0.002,0.2,0,5020,5520,C0_poly2,conventional quadratic,10,65,65,0.0001,pysindy.STLSQ,confirmation_24,conf_013,common,2.4861941022875134,0.2730079139133931,2100
augmentation,0.002,0.2,0,5020,5520,C0_poly2,conventional quadratic,10,65,65,0.0001,pysindy.STLSQ,confirmation_24,conf_014,native,2.8552973642728343,0.3451912048948911,2397
augmentation,0.002,0.2,0,5020,5520,C0_poly2,conventional quadratic,10,65,65,0.0001,pysindy.STLSQ,confirmation_24,conf_014,common,2.694668871597591,0.3247234679858215,2069
augmentation,0.002,0.2,0,5020,5520,C0_poly2,conventional quadratic,10,65,65,0.0001,pysindy.STLSQ,confirmation_24,conf_015,native,2.971103196744508,0.3216703356905024,2397
augmentation,0.002,0.2,0,5020,5520,C0_poly2,conventional quadratic,10,65,65,0.0001,pysindy.STLSQ,confirmation_24,conf_015,common,2.821428346705601,0.2949384771285292,2054
augmentation,0.002,0.2,0,5020,5520,C0_poly2,conventional quadratic,10,65,65,0.0001,pysindy.STLSQ,confirmation_24,conf_016,native,2.532431795337548,0.3040526167623117,2397
augmentation,0.002,0.2,0,5020,5520,C0_poly2,conventional quadratic,10,65,65,0.0001,pysindy.STLSQ,confirmation_24,conf_016,common,2.4271587861279365,0.2848249789300752,2101
augmentation,0.002,0.2,0,5020,5520,C0_poly2,conventional quadratic,10,65,65,0.0001,pysindy.STLSQ,confirmation_24,conf_017,native,2.5883098970357,0.3004461737871547,2397
augmentation,0.002,0.2,0,5020,5520,C0_poly2,conventional quadratic,10,65,65,0.0001,pysindy.STLSQ,confirmation_24,conf_017,common,2.4889844861841808,0.2804307549695871,2106
augmentation,0.002,0.2,0,5020,5520,C0_poly2,conventional quadratic,10,65,65,0.0001,pysindy.STLSQ,confirmation_24,conf_018,native,2.508635914151355,0.277512142752178,2397
augmentation,0.002,0.2,0,5020,5520,C0_poly2,conventional quadratic,10,65,65,0.0001,pysindy.STLSQ,confirmation_24,conf_018,common,2.408711063632856,0.255862144979528,2126
augmentation,0.002,0.2,0,5020,5520,C0_poly2,conventional quadratic,10,65,65,0.0001,pysindy.STLSQ,confirmation_24,conf_019,native,2.629189984382152,0.2885587045465446,2397
augmentation,0.002,0.2,0,5020,5520,C0_poly2,conventional quadratic,10,65,65,0.0001,pysindy.STLSQ,confirmation_24,conf_019,common,2.542977696302548,0.267100299471285,2093
augmentation,0.002,0.2,0,5020,5520,C0_poly2,conventional quadratic,10,65,65,0.0001,pysindy.STLSQ,confirmation_24,conf_020,native,2.7219507594535104,0.3144622518889375,2397
augmentation,0.002,0.2,0,5020,5520,C0_poly2,conventional quadratic,10,65,65,0.0001,pysindy.STLSQ,confirmation_24,conf_020,common,2.6168474102455703,0.2951719020145281,2103
augmentation,0.002,0.2,0,5020,5520,C0_poly2,conventional quadratic,10,65,65,0.0001,pysindy.STLSQ,confirmation_24,conf_021,native,2.4191304533886377,0.2870736327683645,2397
augmentation,0.002,0.2,0,5020,5520,C0_poly2,conventional quadratic,10,65,65,0.0001,pysindy.STLSQ,confirmation_24,conf_021,common,2.360850526564074,0.2708831677555482,2114
augmentation,0.002,0.2,0,5020,5520,C0_poly2,conventional quadratic,10,65,65,0.0001,pysindy.STLSQ,confirmation_24,conf_022,native,2.325380220671867,0.2729244286915831,2397
augmentation,0.002,0.2,0,5020,5520,C0_poly2,conventional quadratic,10,65,65,0.0001,pysindy.STLSQ,confirmation_24,conf_022,common,2.2578025246670745,0.2539864603302116,2095
augmentation,0.002,0.2,0,5020,5520,C0_poly2,conventional quadratic,10,65,65,0.0001,pysindy.STLSQ,confirmation_24,conf_023,native,2.6752491009271866,0.2940394412359803,2397
augmentation,0.002,0.2,0,5020,5520,C0_poly2,conventional quadratic,10,65,65,0.0001,pysindy.STLSQ,confirmation_24,conf_023,common,2.623737155201144,0.2770927214059206,2071
augmentation,0.002,0.2,0,5020,5520,C_compact,compact (12 coordinates),12,12,12,0.0001,pysindy.STLSQ,confirmation_24,conf_000,native,1.3197033004900516,0.1534269425283695,2247
augmentation,0.002,0.2,0,5020,5520,C_compact,compact (12 coordinates),12,12,12,0.0001,pysindy.STLSQ,confirmation_24,conf_000,common,1.1970309048272785,0.1360006605342049,2050
augmentation,0.002,0.2,0,5020,5520,C_compact,compact (12 coordinates),12,12,12,0.0001,pysindy.STLSQ,confirmation_24,conf_001,native,1.476613256522012,0.1623260548560614,2261
augmentation,0.002,0.2,0,5020,5520,C_compact,compact (12 coordinates),12,12,12,0.0001,pysindy.STLSQ,confirmation_24,conf_001,common,1.364293567848576,0.1469380372932004,2111
augmentation,0.002,0.2,0,5020,5520,C_compact,compact (12 coordinates),12,12,12,0.0001,pysindy.STLSQ,confirmation_24,conf_002,native,1.0370405630880222,0.1399646721705032,2325
augmentation,0.002,0.2,0,5020,5520,C_compact,compact (12 coordinates),12,12,12,0.0001,pysindy.STLSQ,confirmation_24,conf_002,common,0.9873133175630112,0.129716477694147,2127
augmentation,0.002,0.2,0,5020,5520,C_compact,compact (12 coordinates),12,12,12,0.0001,pysindy.STLSQ,confirmation_24,conf_003,native,1.0407820333468925,0.1333125838870931,2245
augmentation,0.002,0.2,0,5020,5520,C_compact,compact (12 coordinates),12,12,12,0.0001,pysindy.STLSQ,confirmation_24,conf_003,common,0.9484629523119796,0.118542767342799,2057
augmentation,0.002,0.2,0,5020,5520,C_compact,compact (12 coordinates),12,12,12,0.0001,pysindy.STLSQ,confirmation_24,conf_004,native,1.3670084109768297,0.1554446232895185,2256
augmentation,0.002,0.2,0,5020,5520,C_compact,compact (12 coordinates),12,12,12,0.0001,pysindy.STLSQ,confirmation_24,conf_004,common,1.2729737842764897,0.1416269105282806,2091
augmentation,0.002,0.2,0,5020,5520,C_compact,compact (12 coordinates),12,12,12,0.0001,pysindy.STLSQ,confirmation_24,conf_005,native,1.0905308365258015,0.128439462459128,2186
augmentation,0.002,0.2,0,5020,5520,C_compact,compact (12 coordinates),12,12,12,0.0001,pysindy.STLSQ,confirmation_24,conf_005,common,0.969124634920988,0.1116091273765542,2019
augmentation,0.002,0.2,0,5020,5520,C_compact,compact (12 coordinates),12,12,12,0.0001,pysindy.STLSQ,confirmation_24,conf_006,native,1.535229508126442,0.1696943206224525,2263
augmentation,0.002,0.2,0,5020,5520,C_compact,compact (12 coordinates),12,12,12,0.0001,pysindy.STLSQ,confirmation_24,conf_006,common,1.355357322915559,0.1468564319205146,2094
augmentation,0.002,0.2,0,5020,5520,C_compact,compact (12 coordinates),12,12,12,0.0001,pysindy.STLSQ,confirmation_24,conf_007,native,1.123532010876307,0.144281919381882,2223
augmentation,0.002,0.2,0,5020,5520,C_compact,compact (12 coordinates),12,12,12,0.0001,pysindy.STLSQ,confirmation_24,conf_007,common,1.038515517606314,0.1298197909879353,2032
augmentation,0.002,0.2,0,5020,5520,C_compact,compact (12 coordinates),12,12,12,0.0001,pysindy.STLSQ,confirmation_24,conf_008,native,1.1962806027671384,0.1414311717317633,2261
augmentation,0.002,0.2,0,5020,5520,C_compact,compact (12 coordinates),12,12,12,0.0001,pysindy.STLSQ,confirmation_24,conf_008,common,1.085066899546247,0.1253659125251871,2101
augmentation,0.002,0.2,0,5020,5520,C_compact,compact (12 coordinates),12,12,12,0.0001,pysindy.STLSQ,confirmation_24,conf_009,native,1.348149667850946,0.1540425887674833,2241
augmentation,0.002,0.2,0,5020,5520,C_compact,compact (12 coordinates),12,12,12,0.0001,pysindy.STLSQ,confirmation_24,conf_009,common,1.2480108089699546,0.1392064216850909,2073
augmentation,0.002,0.2,0,5020,5520,C_compact,compact (12 coordinates),12,12,12,0.0001,pysindy.STLSQ,confirmation_24,conf_010,native,1.187121305804417,0.1439677061052124,2262
augmentation,0.002,0.2,0,5020,5520,C_compact,compact (12 coordinates),12,12,12,0.0001,pysindy.STLSQ,confirmation_24,conf_010,common,1.0303746126225004,0.1215216265269372,2066
augmentation,0.002,0.2,0,5020,5520,C_compact,compact (12 coordinates),12,12,12,0.0001,pysindy.STLSQ,confirmation_24,conf_011,native,1.3790053650802776,0.1580030429725559,2250
augmentation,0.002,0.2,0,5020,5520,C_compact,compact (12 coordinates),12,12,12,0.0001,pysindy.STLSQ,confirmation_24,conf_011,common,1.2548701574393162,0.1407115050717568,2104
augmentation,0.002,0.2,0,5020,5520,C_compact,compact (12 coordinates),12,12,12,0.0001,pysindy.STLSQ,confirmation_24,conf_012,native,1.543158279884852,0.168492671811529,2244
augmentation,0.002,0.2,0,5020,5520,C_compact,compact (12 coordinates),12,12,12,0.0001,pysindy.STLSQ,confirmation_24,conf_012,common,1.3645060041196546,0.1458388454012034,2096
augmentation,0.002,0.2,0,5020,5520,C_compact,compact (12 coordinates),12,12,12,0.0001,pysindy.STLSQ,confirmation_24,conf_013,native,1.6457318682714903,0.1850543522554383,2286
augmentation,0.002,0.2,0,5020,5520,C_compact,compact (12 coordinates),12,12,12,0.0001,pysindy.STLSQ,confirmation_24,conf_013,common,1.5127467080300734,0.1661140707632822,2100
augmentation,0.002,0.2,0,5020,5520,C_compact,compact (12 coordinates),12,12,12,0.0001,pysindy.STLSQ,confirmation_24,conf_014,native,1.2793680520528177,0.1574021697062846,2247
augmentation,0.002,0.2,0,5020,5520,C_compact,compact (12 coordinates),12,12,12,0.0001,pysindy.STLSQ,confirmation_24,conf_014,common,1.1652546960875374,0.1404200530865136,2069
augmentation,0.002,0.2,0,5020,5520,C_compact,compact (12 coordinates),12,12,12,0.0001,pysindy.STLSQ,confirmation_24,conf_015,native,1.5664925664051252,0.1676035273388794,2221
augmentation,0.002,0.2,0,5020,5520,C_compact,compact (12 coordinates),12,12,12,0.0001,pysindy.STLSQ,confirmation_24,conf_015,common,1.3556411061175746,0.1417121664060718,2054
augmentation,0.002,0.2,0,5020,5520,C_compact,compact (12 coordinates),12,12,12,0.0001,pysindy.STLSQ,confirmation_24,conf_016,native,1.3034793980034274,0.1563659406727498,2285
augmentation,0.002,0.2,0,5020,5520,C_compact,compact (12 coordinates),12,12,12,0.0001,pysindy.STLSQ,confirmation_24,conf_016,common,1.209391850228666,0.1419210849443896,2101
augmentation,0.002,0.2,0,5020,5520,C_compact,compact (12 coordinates),12,12,12,0.0001,pysindy.STLSQ,confirmation_24,conf_017,native,1.3289277871674874,0.1532377913321302,2269
augmentation,0.002,0.2,0,5020,5520,C_compact,compact (12 coordinates),12,12,12,0.0001,pysindy.STLSQ,confirmation_24,conf_017,common,1.2469921639967023,0.1404970404322871,2106
augmentation,0.002,0.2,0,5020,5520,C_compact,compact (12 coordinates),12,12,12,0.0001,pysindy.STLSQ,confirmation_24,conf_018,native,1.6167435371345396,0.1750026665440804,2287
augmentation,0.002,0.2,0,5020,5520,C_compact,compact (12 coordinates),12,12,12,0.0001,pysindy.STLSQ,confirmation_24,conf_018,common,1.4419663018152524,0.1531709620722212,2126
augmentation,0.002,0.2,0,5020,5520,C_compact,compact (12 coordinates),12,12,12,0.0001,pysindy.STLSQ,confirmation_24,conf_019,native,1.6050145339767334,0.1720362519981055,2249
augmentation,0.002,0.2,0,5020,5520,C_compact,compact (12 coordinates),12,12,12,0.0001,pysindy.STLSQ,confirmation_24,conf_019,common,1.4811098963781546,0.1555675841937948,2093
augmentation,0.002,0.2,0,5020,5520,C_compact,compact (12 coordinates),12,12,12,0.0001,pysindy.STLSQ,confirmation_24,conf_020,native,1.3735857233559814,0.1585191755310116,2285
augmentation,0.002,0.2,0,5020,5520,C_compact,compact (12 coordinates),12,12,12,0.0001,pysindy.STLSQ,confirmation_24,conf_020,common,1.2002877284577445,0.1353885635006599,2103
augmentation,0.002,0.2,0,5020,5520,C_compact,compact (12 coordinates),12,12,12,0.0001,pysindy.STLSQ,confirmation_24,conf_021,native,1.3638764369391705,0.1601622038023185,2292
augmentation,0.002,0.2,0,5020,5520,C_compact,compact (12 coordinates),12,12,12,0.0001,pysindy.STLSQ,confirmation_24,conf_021,common,1.279959267334998,0.1468620808613335,2114
augmentation,0.002,0.2,0,5020,5520,C_compact,compact (12 coordinates),12,12,12,0.0001,pysindy.STLSQ,confirmation_24,conf_022,native,1.4401007380317588,0.1664483410955647,2303
augmentation,0.002,0.2,0,5020,5520,C_compact,compact (12 coordinates),12,12,12,0.0001,pysindy.STLSQ,confirmation_24,conf_022,common,1.1998177099061875,0.134970817797942,2095
augmentation,0.002,0.2,0,5020,5520,C_compact,compact (12 coordinates),12,12,12,0.0001,pysindy.STLSQ,confirmation_24,conf_023,native,1.563495937223357,0.1688383360551518,2245
augmentation,0.002,0.2,0,5020,5520,C_compact,compact (12 coordinates),12,12,12,0.0001,pysindy.STLSQ,confirmation_24,conf_023,common,1.4517393085156245,0.1533181000890711,2071
augmentation,0.002,0.2,0,5020,5520,C_all,C_all (38 coordinates),38,38,37,0.01,pysindy.STLSQ,confirmation_24,conf_000,native,1.0890406739627625,0.1237313509703599,2050
augmentation,0.002,0.2,0,5020,5520,C_all,C_all (38 coordinates),38,38,37,0.01,pysindy.STLSQ,confirmation_24,conf_000,common,1.0890406739627625,0.1237313509703599,2050
augmentation,0.002,0.2,0,5020,5520,C_all,C_all (38 coordinates),38,38,37,0.01,pysindy.STLSQ,confirmation_24,conf_001,native,1.1149296074629649,0.1200808770937997,2111
augmentation,0.002,0.2,0,5020,5520,C_all,C_all (38 coordinates),38,38,37,0.01,pysindy.STLSQ,confirmation_24,conf_001,common,1.1149296074629649,0.1200808770937997,2111
augmentation,0.002,0.2,0,5020,5520,C_all,C_all (38 coordinates),38,38,37,0.01,pysindy.STLSQ,confirmation_24,conf_002,native,0.8239875547986175,0.1082582006855874,2127
augmentation,0.002,0.2,0,5020,5520,C_all,C_all (38 coordinates),38,38,37,0.01,pysindy.STLSQ,confirmation_24,conf_002,common,0.8239875547986175,0.1082582006855874,2127
augmentation,0.002,0.2,0,5020,5520,C_all,C_all (38 coordinates),38,38,37,0.01,pysindy.STLSQ,confirmation_24,conf_003,native,0.8924197656414182,0.111538261344496,2057
augmentation,0.002,0.2,0,5020,5520,C_all,C_all (38 coordinates),38,38,37,0.01,pysindy.STLSQ,confirmation_24,conf_003,common,0.8924197656414182,0.111538261344496,2057
augmentation,0.002,0.2,0,5020,5520,C_all,C_all (38 coordinates),38,38,37,0.01,pysindy.STLSQ,confirmation_24,conf_004,native,1.1104243920385564,0.1235421954184618,2091
augmentation,0.002,0.2,0,5020,5520,C_all,C_all (38 coordinates),38,38,37,0.01,pysindy.STLSQ,confirmation_24,conf_004,common,1.1104243920385564,0.1235421954184618,2091
augmentation,0.002,0.2,0,5020,5520,C_all,C_all (38 coordinates),38,38,37,0.01,pysindy.STLSQ,confirmation_24,conf_005,native,0.9069950568748824,0.1044539816500556,2019
augmentation,0.002,0.2,0,5020,5520,C_all,C_all (38 coordinates),38,38,37,0.01,pysindy.STLSQ,confirmation_24,conf_005,common,0.9069950568748824,0.1044539816500556,2019
augmentation,0.002,0.2,0,5020,5520,C_all,C_all (38 coordinates),38,38,37,0.01,pysindy.STLSQ,confirmation_24,conf_006,native,1.2150077734512097,0.1316491993276744,2094
augmentation,0.002,0.2,0,5020,5520,C_all,C_all (38 coordinates),38,38,37,0.01,pysindy.STLSQ,confirmation_24,conf_006,common,1.2150077734512097,0.1316491993276744,2094
augmentation,0.002,0.2,0,5020,5520,C_all,C_all (38 coordinates),38,38,37,0.01,pysindy.STLSQ,confirmation_24,conf_007,native,1.014490120586682,0.1268164925618514,2032
augmentation,0.002,0.2,0,5020,5520,C_all,C_all (38 coordinates),38,38,37,0.01,pysindy.STLSQ,confirmation_24,conf_007,common,1.014490120586682,0.1268164925618514,2032
augmentation,0.002,0.2,0,5020,5520,C_all,C_all (38 coordinates),38,38,37,0.01,pysindy.STLSQ,confirmation_24,conf_008,native,0.9640817716289658,0.1113875937969418,2101
augmentation,0.002,0.2,0,5020,5520,C_all,C_all (38 coordinates),38,38,37,0.01,pysindy.STLSQ,confirmation_24,conf_008,common,0.9640817716289658,0.1113875937969418,2101
augmentation,0.002,0.2,0,5020,5520,C_all,C_all (38 coordinates),38,38,37,0.01,pysindy.STLSQ,confirmation_24,conf_009,native,1.0687878944534055,0.1192154244641507,2073
augmentation,0.002,0.2,0,5020,5520,C_all,C_all (38 coordinates),38,38,37,0.01,pysindy.STLSQ,confirmation_24,conf_009,common,1.0687878944534055,0.1192154244641507,2073
augmentation,0.002,0.2,0,5020,5520,C_all,C_all (38 coordinates),38,38,37,0.01,pysindy.STLSQ,confirmation_24,conf_010,native,1.028951710919495,0.1213538105431009,2066
augmentation,0.002,0.2,0,5020,5520,C_all,C_all (38 coordinates),38,38,37,0.01,pysindy.STLSQ,confirmation_24,conf_010,common,1.028951710919495,0.1213538105431009,2066
augmentation,0.002,0.2,0,5020,5520,C_all,C_all (38 coordinates),38,38,37,0.01,pysindy.STLSQ,confirmation_24,conf_011,native,1.0932759880831064,0.1225915755745632,2104
augmentation,0.002,0.2,0,5020,5520,C_all,C_all (38 coordinates),38,38,37,0.01,pysindy.STLSQ,confirmation_24,conf_011,common,1.0932759880831064,0.1225915755745632,2104
augmentation,0.002,0.2,0,5020,5520,C_all,C_all (38 coordinates),38,38,37,0.01,pysindy.STLSQ,confirmation_24,conf_012,native,1.120788877092894,0.1197902796178576,2096
augmentation,0.002,0.2,0,5020,5520,C_all,C_all (38 coordinates),38,38,37,0.01,pysindy.STLSQ,confirmation_24,conf_012,common,1.120788877092894,0.1197902796178576,2096
augmentation,0.002,0.2,0,5020,5520,C_all,C_all (38 coordinates),38,38,37,0.01,pysindy.STLSQ,confirmation_24,conf_013,native,1.255105767305577,0.1378226289562399,2100
augmentation,0.002,0.2,0,5020,5520,C_all,C_all (38 coordinates),38,38,37,0.01,pysindy.STLSQ,confirmation_24,conf_013,common,1.255105767305577,0.1378226289562399,2100
augmentation,0.002,0.2,0,5020,5520,C_all,C_all (38 coordinates),38,38,37,0.01,pysindy.STLSQ,confirmation_24,conf_014,native,1.0865697133943943,0.1309380492945697,2069
augmentation,0.002,0.2,0,5020,5520,C_all,C_all (38 coordinates),38,38,37,0.01,pysindy.STLSQ,confirmation_24,conf_014,common,1.0865697133943943,0.1309380492945697,2069
augmentation,0.002,0.2,0,5020,5520,C_all,C_all (38 coordinates),38,38,37,0.01,pysindy.STLSQ,confirmation_24,conf_015,native,1.2077537075787288,0.1262527328314157,2054
augmentation,0.002,0.2,0,5020,5520,C_all,C_all (38 coordinates),38,38,37,0.01,pysindy.STLSQ,confirmation_24,conf_015,common,1.2077537075787288,0.1262527328314157,2054
augmentation,0.002,0.2,0,5020,5520,C_all,C_all (38 coordinates),38,38,37,0.01,pysindy.STLSQ,confirmation_24,conf_016,native,1.0741580991914483,0.126051521523177,2101
augmentation,0.002,0.2,0,5020,5520,C_all,C_all (38 coordinates),38,38,37,0.01,pysindy.STLSQ,confirmation_24,conf_016,common,1.0741580991914483,0.126051521523177,2101
augmentation,0.002,0.2,0,5020,5520,C_all,C_all (38 coordinates),38,38,37,0.01,pysindy.STLSQ,confirmation_24,conf_017,native,1.12449254744865,0.126695162540826,2106
augmentation,0.002,0.2,0,5020,5520,C_all,C_all (38 coordinates),38,38,37,0.01,pysindy.STLSQ,confirmation_24,conf_017,common,1.12449254744865,0.126695162540826,2106
augmentation,0.002,0.2,0,5020,5520,C_all,C_all (38 coordinates),38,38,37,0.01,pysindy.STLSQ,confirmation_24,conf_018,native,1.1833792310065117,0.1257028926968475,2126
augmentation,0.002,0.2,0,5020,5520,C_all,C_all (38 coordinates),38,38,37,0.01,pysindy.STLSQ,confirmation_24,conf_018,common,1.1833792310065117,0.1257028926968475,2126
augmentation,0.002,0.2,0,5020,5520,C_all,C_all (38 coordinates),38,38,37,0.01,pysindy.STLSQ,confirmation_24,conf_019,native,1.2488885058410015,0.1311763348933006,2093
augmentation,0.002,0.2,0,5020,5520,C_all,C_all (38 coordinates),38,38,37,0.01,pysindy.STLSQ,confirmation_24,conf_019,common,1.2488885058410015,0.1311763348933006,2093
augmentation,0.002,0.2,0,5020,5520,C_all,C_all (38 coordinates),38,38,37,0.01,pysindy.STLSQ,confirmation_24,conf_020,native,1.1079331836192805,0.1249712703283777,2103
augmentation,0.002,0.2,0,5020,5520,C_all,C_all (38 coordinates),38,38,37,0.01,pysindy.STLSQ,confirmation_24,conf_020,common,1.1079331836192805,0.1249712703283777,2103
augmentation,0.002,0.2,0,5020,5520,C_all,C_all (38 coordinates),38,38,37,0.01,pysindy.STLSQ,confirmation_24,conf_021,native,1.1239282170868037,0.1289591324603734,2114
augmentation,0.002,0.2,0,5020,5520,C_all,C_all (38 coordinates),38,38,37,0.01,pysindy.STLSQ,confirmation_24,conf_021,common,1.1239282170868037,0.1289591324603734,2114
augmentation,0.002,0.2,0,5020,5520,C_all,C_all (38 coordinates),38,38,37,0.01,pysindy.STLSQ,confirmation_24,conf_022,native,1.0306657542653122,0.115942445740694,2095
augmentation,0.002,0.2,0,5020,5520,C_all,C_all (38 coordinates),38,38,37,0.01,pysindy.STLSQ,confirmation_24,conf_022,common,1.0306657542653122,0.115942445740694,2095
augmentation,0.002,0.2,0,5020,5520,C_all,C_all (38 coordinates),38,38,37,0.01,pysindy.STLSQ,confirmation_24,conf_023,native,1.2405310744497178,0.1310124113333794,2071
augmentation,0.002,0.2,0,5020,5520,C_all,C_all (38 coordinates),38,38,37,0.01,pysindy.STLSQ,confirmation_24,conf_023,common,1.2405310744497178,0.1310124113333794,2071
augmentation,0.002,0.2,1,5021,5521,C0_poly2,conventional quadratic,10,65,62,0.5,pysindy.STLSQ,confirmation_24,conf_000,native,2.9430469750945987,0.3390167737848143,2397
augmentation,0.002,0.2,1,5021,5521,C0_poly2,conventional quadratic,10,65,62,0.5,pysindy.STLSQ,confirmation_24,conf_000,common,2.747920978828213,0.3128560854298268,2073
augmentation,0.002,0.2,1,5021,5521,C0_poly2,conventional quadratic,10,65,62,0.5,pysindy.STLSQ,confirmation_24,conf_001,native,2.3771291183590466,0.2677084558339935,2397
augmentation,0.002,0.2,1,5021,5521,C0_poly2,conventional quadratic,10,65,62,0.5,pysindy.STLSQ,confirmation_24,conf_001,common,2.271217512065725,0.2450587896092825,2107
augmentation,0.002,0.2,1,5021,5521,C0_poly2,conventional quadratic,10,65,62,0.5,pysindy.STLSQ,confirmation_24,conf_002,native,1.868014042858836,0.2540559020750792,2397
augmentation,0.002,0.2,1,5021,5521,C0_poly2,conventional quadratic,10,65,62,0.5,pysindy.STLSQ,confirmation_24,conf_002,common,1.7959113572059868,0.2361044984083932,2134
augmentation,0.002,0.2,1,5021,5521,C0_poly2,conventional quadratic,10,65,62,0.5,pysindy.STLSQ,confirmation_24,conf_003,native,2.5283198382100838,0.3180379366910593,2397
augmentation,0.002,0.2,1,5021,5521,C0_poly2,conventional quadratic,10,65,62,0.5,pysindy.STLSQ,confirmation_24,conf_003,common,2.4224913316977887,0.3044288869469839,2096
augmentation,0.002,0.2,1,5021,5521,C0_poly2,conventional quadratic,10,65,62,0.5,pysindy.STLSQ,confirmation_24,conf_004,native,2.630479289550224,0.3023766546981007,2397
augmentation,0.002,0.2,1,5021,5521,C0_poly2,conventional quadratic,10,65,62,0.5,pysindy.STLSQ,confirmation_24,conf_004,common,2.6053875163868234,0.2904342655132935,2090
augmentation,0.002,0.2,1,5021,5521,C0_poly2,conventional quadratic,10,65,62,0.5,pysindy.STLSQ,confirmation_24,conf_005,native,2.6885939186792096,0.3127216879435418,2397
augmentation,0.002,0.2,1,5021,5521,C0_poly2,conventional quadratic,10,65,62,0.5,pysindy.STLSQ,confirmation_24,conf_005,common,2.436703063331404,0.2812718980385761,2028
augmentation,0.002,0.2,1,5021,5521,C0_poly2,conventional quadratic,10,65,62,0.5,pysindy.STLSQ,confirmation_24,conf_006,native,2.725006002417362,0.3048378812627436,2397
augmentation,0.002,0.2,1,5021,5521,C0_poly2,conventional quadratic,10,65,62,0.5,pysindy.STLSQ,confirmation_24,conf_006,common,2.701888517388133,0.2927301338643645,2089
augmentation,0.002,0.2,1,5021,5521,C0_poly2,conventional quadratic,10,65,62,0.5,pysindy.STLSQ,confirmation_24,conf_007,native,2.9526709524199712,0.3653540916847227,2397
augmentation,0.002,0.2,1,5021,5521,C0_poly2,conventional quadratic,10,65,62,0.5,pysindy.STLSQ,confirmation_24,conf_007,common,2.719513865150025,0.3392997879423948,2021
augmentation,0.002,0.2,1,5021,5521,C0_poly2,conventional quadratic,10,65,62,0.5,pysindy.STLSQ,confirmation_24,conf_008,native,2.442744695648405,0.2913723088648124,2397
augmentation,0.002,0.2,1,5021,5521,C0_poly2,conventional quadratic,10,65,62,0.5,pysindy.STLSQ,confirmation_24,conf_008,common,2.3854744865805912,0.2763527141871897,2107
augmentation,0.002,0.2,1,5021,5521,C0_poly2,conventional quadratic,10,65,62,0.5,pysindy.STLSQ,confirmation_24,conf_009,native,2.568598784595606,0.2970951145533553,2397
augmentation,0.002,0.2,1,5021,5521,C0_poly2,conventional quadratic,10,65,62,0.5,pysindy.STLSQ,confirmation_24,conf_009,common,2.431693509230813,0.2713296002114613,2080
augmentation,0.002,0.2,1,5021,5521,C0_poly2,conventional quadratic,10,65,62,0.5,pysindy.STLSQ,confirmation_24,conf_010,native,2.766230813942372,0.3313874688665471,2397
augmentation,0.002,0.2,1,5021,5521,C0_poly2,conventional quadratic,10,65,62,0.5,pysindy.STLSQ,confirmation_24,conf_010,common,2.605729652123679,0.308127764821567,2075
augmentation,0.002,0.2,1,5021,5521,C0_poly2,conventional quadratic,10,65,62,0.5,pysindy.STLSQ,confirmation_24,conf_011,native,2.6130362377211926,0.3032559254317085,2397
augmentation,0.002,0.2,1,5021,5521,C0_poly2,conventional quadratic,10,65,62,0.5,pysindy.STLSQ,confirmation_24,conf_011,common,2.5765554505095807,0.2891536314976254,2090
augmentation,0.002,0.2,1,5021,5521,C0_poly2,conventional quadratic,10,65,62,0.5,pysindy.STLSQ,confirmation_24,conf_012,native,2.477097480424367,0.2773358746431145,2397
augmentation,0.002,0.2,1,5021,5521,C0_poly2,conventional quadratic,10,65,62,0.5,pysindy.STLSQ,confirmation_24,conf_012,common,2.3734036388444246,0.254568271782697,2109
augmentation,0.002,0.2,1,5021,5521,C0_poly2,conventional quadratic,10,65,62,0.5,pysindy.STLSQ,confirmation_24,conf_013,native,2.565055799216765,0.292570742311587,2397
augmentation,0.002,0.2,1,5021,5521,C0_poly2,conventional quadratic,10,65,62,0.5,pysindy.STLSQ,confirmation_24,conf_013,common,2.5129488912431728,0.2763197358158661,2117
augmentation,0.002,0.2,1,5021,5521,C0_poly2,conventional quadratic,10,65,62,0.5,pysindy.STLSQ,confirmation_24,conf_014,native,2.839274900294501,0.3432541689436551,2397
augmentation,0.002,0.2,1,5021,5521,C0_poly2,conventional quadratic,10,65,62,0.5,pysindy.STLSQ,confirmation_24,conf_014,common,2.664062590288222,0.3196774456948976,2061
augmentation,0.002,0.2,1,5021,5521,C0_poly2,conventional quadratic,10,65,62,0.5,pysindy.STLSQ,confirmation_24,conf_015,native,2.9735293393916304,0.3219330051664694,2397
augmentation,0.002,0.2,1,5021,5521,C0_poly2,conventional quadratic,10,65,62,0.5,pysindy.STLSQ,confirmation_24,conf_015,common,2.8196436136355865,0.2954621179150647,2063
augmentation,0.002,0.2,1,5021,5521,C0_poly2,conventional quadratic,10,65,62,0.5,pysindy.STLSQ,confirmation_24,conf_016,native,2.55189520826217,0.3063894621777548,2397
augmentation,0.002,0.2,1,5021,5521,C0_poly2,conventional quadratic,10,65,62,0.5,pysindy.STLSQ,confirmation_24,conf_016,common,2.4386041368756555,0.2865456689942109,2100
augmentation,0.002,0.2,1,5021,5521,C0_poly2,conventional quadratic,10,65,62,0.5,pysindy.STLSQ,confirmation_24,conf_017,native,2.5665854741580207,0.2979244433951302,2397
augmentation,0.002,0.2,1,5021,5521,C0_poly2,conventional quadratic,10,65,62,0.5,pysindy.STLSQ,confirmation_24,conf_017,common,2.4698911615444863,0.2790429633008693,2104
augmentation,0.002,0.2,1,5021,5521,C0_poly2,conventional quadratic,10,65,62,0.5,pysindy.STLSQ,confirmation_24,conf_018,native,2.517690215065555,0.2785137541991195,2397
augmentation,0.002,0.2,1,5021,5521,C0_poly2,conventional quadratic,10,65,62,0.5,pysindy.STLSQ,confirmation_24,conf_018,common,2.402432187186444,0.2550276740412534,2129
augmentation,0.002,0.2,1,5021,5521,C0_poly2,conventional quadratic,10,65,62,0.5,pysindy.STLSQ,confirmation_24,conf_019,native,2.631096705824624,0.2887679709261669,2397
augmentation,0.002,0.2,1,5021,5521,C0_poly2,conventional quadratic,10,65,62,0.5,pysindy.STLSQ,confirmation_24,conf_019,common,2.5482484600213926,0.2678596959610636,2091
augmentation,0.002,0.2,1,5021,5521,C0_poly2,conventional quadratic,10,65,62,0.5,pysindy.STLSQ,confirmation_24,conf_020,native,2.7200493289339573,0.3142425829177365,2397
augmentation,0.002,0.2,1,5021,5521,C0_poly2,conventional quadratic,10,65,62,0.5,pysindy.STLSQ,confirmation_24,conf_020,common,2.623154599724032,0.2973886296142181,2131
augmentation,0.002,0.2,1,5021,5521,C0_poly2,conventional quadratic,10,65,62,0.5,pysindy.STLSQ,confirmation_24,conf_021,native,2.394970782340069,0.2842066503265181,2397
augmentation,0.002,0.2,1,5021,5521,C0_poly2,conventional quadratic,10,65,62,0.5,pysindy.STLSQ,confirmation_24,conf_021,common,2.324959153804769,0.2675080514571128,2119
augmentation,0.002,0.2,1,5021,5521,C0_poly2,conventional quadratic,10,65,62,0.5,pysindy.STLSQ,confirmation_24,conf_022,native,2.3411833067080168,0.274779199876802,2397
augmentation,0.002,0.2,1,5021,5521,C0_poly2,conventional quadratic,10,65,62,0.5,pysindy.STLSQ,confirmation_24,conf_022,common,2.2843887131889264,0.2590326512609341,2133
augmentation,0.002,0.2,1,5021,5521,C0_poly2,conventional quadratic,10,65,62,0.5,pysindy.STLSQ,confirmation_24,conf_023,native,2.6696160348426465,0.2934203050204521,2397
augmentation,0.002,0.2,1,5021,5521,C0_poly2,conventional quadratic,10,65,62,0.5,pysindy.STLSQ,confirmation_24,conf_023,common,2.6073274814525798,0.2754999594094904,2081
augmentation,0.002,0.2,1,5021,5521,C_compact,compact (12 coordinates),12,12,12,0.0001,pysindy.STLSQ,confirmation_24,conf_000,native,1.4083067870150043,0.1638386663355434,2250
augmentation,0.002,0.2,1,5021,5521,C_compact,compact (12 coordinates),12,12,12,0.0001,pysindy.STLSQ,confirmation_24,conf_000,common,1.2665683687392937,0.1442012433494321,2073
augmentation,0.002,0.2,1,5021,5521,C_compact,compact (12 coordinates),12,12,12,0.0001,pysindy.STLSQ,confirmation_24,conf_001,native,1.3560393165449365,0.1491314846653547,2263
augmentation,0.002,0.2,1,5021,5521,C_compact,compact (12 coordinates),12,12,12,0.0001,pysindy.STLSQ,confirmation_24,conf_001,common,1.18690667592224,0.1280643143316271,2107
augmentation,0.002,0.2,1,5021,5521,C_compact,compact (12 coordinates),12,12,12,0.0001,pysindy.STLSQ,confirmation_24,conf_002,native,1.0001941855744338,0.1349536036365273,2323
augmentation,0.002,0.2,1,5021,5521,C_compact,compact (12 coordinates),12,12,12,0.0001,pysindy.STLSQ,confirmation_24,conf_002,common,0.9388710167891844,0.1234312983209021,2134
augmentation,0.002,0.2,1,5021,5521,C_compact,compact (12 coordinates),12,12,12,0.0001,pysindy.STLSQ,confirmation_24,conf_003,native,1.0550149752646685,0.1351529403358468,2247
augmentation,0.002,0.2,1,5021,5521,C_compact,compact (12 coordinates),12,12,12,0.0001,pysindy.STLSQ,confirmation_24,conf_003,common,0.9736792164257676,0.1223600168229152,2096
augmentation,0.002,0.2,1,5021,5521,C_compact,compact (12 coordinates),12,12,12,0.0001,pysindy.STLSQ,confirmation_24,conf_004,native,1.3408716223790793,0.1524144249794652,2258
augmentation,0.002,0.2,1,5021,5521,C_compact,compact (12 coordinates),12,12,12,0.0001,pysindy.STLSQ,confirmation_24,conf_004,common,1.2403110276362062,0.1382630491832281,2090
augmentation,0.002,0.2,1,5021,5521,C_compact,compact (12 coordinates),12,12,12,0.0001,pysindy.STLSQ,confirmation_24,conf_005,native,1.038858577098072,0.1223409307499409,2188
augmentation,0.002,0.2,1,5021,5521,C_compact,compact (12 coordinates),12,12,12,0.0001,pysindy.STLSQ,confirmation_24,conf_005,common,0.944246124194098,0.1089955947297635,2028
augmentation,0.002,0.2,1,5021,5521,C_compact,compact (12 coordinates),12,12,12,0.0001,pysindy.STLSQ,confirmation_24,conf_006,native,1.5671097695287926,0.173116324708943,2258
augmentation,0.002,0.2,1,5021,5521,C_compact,compact (12 coordinates),12,12,12,0.0001,pysindy.STLSQ,confirmation_24,conf_006,common,1.4174999992561763,0.1535759013980772,2089
augmentation,0.002,0.2,1,5021,5521,C_compact,compact (12 coordinates),12,12,12,0.0001,pysindy.STLSQ,confirmation_24,conf_007,native,1.0631399203240175,0.1365608087645337,2223
augmentation,0.002,0.2,1,5021,5521,C_compact,compact (12 coordinates),12,12,12,0.0001,pysindy.STLSQ,confirmation_24,conf_007,common,0.999568232084558,0.1247109983612954,2021
augmentation,0.002,0.2,1,5021,5521,C_compact,compact (12 coordinates),12,12,12,0.0001,pysindy.STLSQ,confirmation_24,conf_008,native,1.3183502554353228,0.1559415207698554,2264
augmentation,0.002,0.2,1,5021,5521,C_compact,compact (12 coordinates),12,12,12,0.0001,pysindy.STLSQ,confirmation_24,conf_008,common,1.242970493829768,0.1439957843006857,2107
augmentation,0.002,0.2,1,5021,5521,C_compact,compact (12 coordinates),12,12,12,0.0001,pysindy.STLSQ,confirmation_24,conf_009,native,1.340188817907831,0.1530769870531342,2241
augmentation,0.002,0.2,1,5021,5521,C_compact,compact (12 coordinates),12,12,12,0.0001,pysindy.STLSQ,confirmation_24,conf_009,common,1.2265850955670845,0.1368629896581117,2080
augmentation,0.002,0.2,1,5021,5521,C_compact,compact (12 coordinates),12,12,12,0.0001,pysindy.STLSQ,confirmation_24,conf_010,native,1.296032448582964,0.1571403656992758,2261
augmentation,0.002,0.2,1,5021,5521,C_compact,compact (12 coordinates),12,12,12,0.0001,pysindy.STLSQ,confirmation_24,conf_010,common,1.2155610596948794,0.1437402042159901,2075
augmentation,0.002,0.2,1,5021,5521,C_compact,compact (12 coordinates),12,12,12,0.0001,pysindy.STLSQ,confirmation_24,conf_011,native,1.3813806228781238,0.1583116785964108,2250
augmentation,0.002,0.2,1,5021,5521,C_compact,compact (12 coordinates),12,12,12,0.0001,pysindy.STLSQ,confirmation_24,conf_011,common,1.2650240109819602,0.1419671704076006,2090
augmentation,0.002,0.2,1,5021,5521,C_compact,compact (12 coordinates),12,12,12,0.0001,pysindy.STLSQ,confirmation_24,conf_012,native,1.5344550168455162,0.1674829790038571,2243
augmentation,0.002,0.2,1,5021,5521,C_compact,compact (12 coordinates),12,12,12,0.0001,pysindy.STLSQ,confirmation_24,conf_012,common,1.3999228857525834,0.150153957726548,2109
augmentation,0.002,0.2,1,5021,5521,C_compact,compact (12 coordinates),12,12,12,0.0001,pysindy.STLSQ,confirmation_24,conf_013,native,1.5006519320789071,0.1686079197156658,2282
augmentation,0.002,0.2,1,5021,5521,C_compact,compact (12 coordinates),12,12,12,0.0001,pysindy.STLSQ,confirmation_24,conf_013,common,1.3650347924940274,0.1500969854802016,2117
augmentation,0.002,0.2,1,5021,5521,C_compact,compact (12 coordinates),12,12,12,0.0001,pysindy.STLSQ,confirmation_24,conf_014,native,1.1726216103930345,0.1442152146691686,2247
augmentation,0.002,0.2,1,5021,5521,C_compact,compact (12 coordinates),12,12,12,0.0001,pysindy.STLSQ,confirmation_24,conf_014,common,1.1021573281620265,0.1322547153003004,2061
augmentation,0.002,0.2,1,5021,5521,C_compact,compact (12 coordinates),12,12,12,0.0001,pysindy.STLSQ,confirmation_24,conf_015,native,1.5335823302441207,0.1639780615125673,2217
augmentation,0.002,0.2,1,5021,5521,C_compact,compact (12 coordinates),12,12,12,0.0001,pysindy.STLSQ,confirmation_24,conf_015,common,1.3632377087345422,0.1428496490466203,2063
augmentation,0.002,0.2,1,5021,5521,C_compact,compact (12 coordinates),12,12,12,0.0001,pysindy.STLSQ,confirmation_24,conf_016,native,1.3100232334942914,0.1571301437657509,2285
augmentation,0.002,0.2,1,5021,5521,C_compact,compact (12 coordinates),12,12,12,0.0001,pysindy.STLSQ,confirmation_24,conf_016,common,1.1521537291190078,0.1353826380027235,2100
augmentation,0.002,0.2,1,5021,5521,C_compact,compact (12 coordinates),12,12,12,0.0001,pysindy.STLSQ,confirmation_24,conf_017,native,1.472540777393989,0.1698551046974776,2275
augmentation,0.002,0.2,1,5021,5521,C_compact,compact (12 coordinates),12,12,12,0.0001,pysindy.STLSQ,confirmation_24,conf_017,common,1.3182522279053022,0.1489332865269427,2104
augmentation,0.002,0.2,1,5021,5521,C_compact,compact (12 coordinates),12,12,12,0.0001,pysindy.STLSQ,confirmation_24,conf_018,native,1.5851846484201533,0.1715497375877253,2286
augmentation,0.002,0.2,1,5021,5521,C_compact,compact (12 coordinates),12,12,12,0.0001,pysindy.STLSQ,confirmation_24,conf_018,common,1.4179363959241629,0.1505195538586553,2129
augmentation,0.002,0.2,1,5021,5521,C_compact,compact (12 coordinates),12,12,12,0.0001,pysindy.STLSQ,confirmation_24,conf_019,native,1.558973546740559,0.16712212227799,2248
augmentation,0.002,0.2,1,5021,5521,C_compact,compact (12 coordinates),12,12,12,0.0001,pysindy.STLSQ,confirmation_24,conf_019,common,1.436825329548609,0.1510322097550937,2091
augmentation,0.002,0.2,1,5021,5521,C_compact,compact (12 coordinates),12,12,12,0.0001,pysindy.STLSQ,confirmation_24,conf_020,native,1.3396788439767653,0.1546460325881221,2285
augmentation,0.002,0.2,1,5021,5521,C_compact,compact (12 coordinates),12,12,12,0.0001,pysindy.STLSQ,confirmation_24,conf_020,common,1.197754994709054,0.1357902109649139,2131
augmentation,0.002,0.2,1,5021,5521,C_compact,compact (12 coordinates),12,12,12,0.0001,pysindy.STLSQ,confirmation_24,conf_021,native,1.365446540671471,0.160422267102635,2292
augmentation,0.002,0.2,1,5021,5521,C_compact,compact (12 coordinates),12,12,12,0.0001,pysindy.STLSQ,confirmation_24,conf_021,common,1.2504105253468722,0.1438712945169852,2119
augmentation,0.002,0.2,1,5021,5521,C_compact,compact (12 coordinates),12,12,12,0.0001,pysindy.STLSQ,confirmation_24,conf_022,native,1.4596510882784188,0.1686794830460337,2300
augmentation,0.002,0.2,1,5021,5521,C_compact,compact (12 coordinates),12,12,12,0.0001,pysindy.STLSQ,confirmation_24,conf_022,common,1.2914465551835006,0.1464404123604668,2133
augmentation,0.002,0.2,1,5021,5521,C_compact,compact (12 coordinates),12,12,12,0.0001,pysindy.STLSQ,confirmation_24,conf_023,native,1.596477667116952,0.1722993149880605,2247
augmentation,0.002,0.2,1,5021,5521,C_compact,compact (12 coordinates),12,12,12,0.0001,pysindy.STLSQ,confirmation_24,conf_023,common,1.3950389630594384,0.1474050269601789,2081
augmentation,0.002,0.2,1,5021,5521,C_all,C_all (38 coordinates),38,38,38,0.0001,pysindy.STLSQ,confirmation_24,conf_000,native,1.132081548964037,0.1288896604105605,2073
augmentation,0.002,0.2,1,5021,5521,C_all,C_all (38 coordinates),38,38,38,0.0001,pysindy.STLSQ,confirmation_24,conf_000,common,1.132081548964037,0.1288896604105605,2073
augmentation,0.002,0.2,1,5021,5521,C_all,C_all (38 coordinates),38,38,38,0.0001,pysindy.STLSQ,confirmation_24,conf_001,native,0.9971598542645966,0.1075910984460475,2107
augmentation,0.002,0.2,1,5021,5521,C_all,C_all (38 coordinates),38,38,38,0.0001,pysindy.STLSQ,confirmation_24,conf_001,common,0.9971598542645966,0.1075910984460475,2107
augmentation,0.002,0.2,1,5021,5521,C_all,C_all (38 coordinates),38,38,38,0.0001,pysindy.STLSQ,confirmation_24,conf_002,native,0.799943316486691,0.1051667804963793,2134
augmentation,0.002,0.2,1,5021,5521,C_all,C_all (38 coordinates),38,38,38,0.0001,pysindy.STLSQ,confirmation_24,conf_002,common,0.799943316486691,0.1051667804963793,2134
augmentation,0.002,0.2,1,5021,5521,C_all,C_all (38 coordinates),38,38,38,0.0001,pysindy.STLSQ,confirmation_24,conf_003,native,0.9167945214827944,0.115211448677711,2096
augmentation,0.002,0.2,1,5021,5521,C_all,C_all (38 coordinates),38,38,38,0.0001,pysindy.STLSQ,confirmation_24,conf_003,common,0.9167945214827944,0.115211448677711,2096
augmentation,0.002,0.2,1,5021,5521,C_all,C_all (38 coordinates),38,38,38,0.0001,pysindy.STLSQ,confirmation_24,conf_004,native,1.121405234806926,0.1250080856169865,2090
augmentation,0.002,0.2,1,5021,5521,C_all,C_all (38 coordinates),38,38,38,0.0001,pysindy.STLSQ,confirmation_24,conf_004,common,1.121405234806926,0.1250080856169865,2090
augmentation,0.002,0.2,1,5021,5521,C_all,C_all (38 coordinates),38,38,38,0.0001,pysindy.STLSQ,confirmation_24,conf_005,native,0.9194412037095638,0.1061323295373924,2028
augmentation,0.002,0.2,1,5021,5521,C_all,C_all (38 coordinates),38,38,38,0.0001,pysindy.STLSQ,confirmation_24,conf_005,common,0.9194412037095638,0.1061323295373924,2028
augmentation,0.002,0.2,1,5021,5521,C_all,C_all (38 coordinates),38,38,38,0.0001,pysindy.STLSQ,confirmation_24,conf_006,native,1.22779841601974,0.1330231030506587,2089
augmentation,0.002,0.2,1,5021,5521,C_all,C_all (38 coordinates),38,38,38,0.0001,pysindy.STLSQ,confirmation_24,conf_006,common,1.22779841601974,0.1330231030506587,2089
augmentation,0.002,0.2,1,5021,5521,C_all,C_all (38 coordinates),38,38,38,0.0001,pysindy.STLSQ,confirmation_24,conf_007,native,1.0137222939483468,0.1264769280189631,2021
augmentation,0.002,0.2,1,5021,5521,C_all,C_all (38 coordinates),38,38,38,0.0001,pysindy.STLSQ,confirmation_24,conf_007,common,1.0137222939483468,0.1264769280189631,2021
augmentation,0.002,0.2,1,5021,5521,C_all,C_all (38 coordinates),38,38,38,0.0001,pysindy.STLSQ,confirmation_24,conf_008,native,1.085535009066367,0.1257571807153223,2107
augmentation,0.002,0.2,1,5021,5521,C_all,C_all (38 coordinates),38,38,38,0.0001,pysindy.STLSQ,confirmation_24,conf_008,common,1.085535009066367,0.1257571807153223,2107
augmentation,0.002,0.2,1,5021,5521,C_all,C_all (38 coordinates),38,38,38,0.0001,pysindy.STLSQ,confirmation_24,conf_009,native,1.0497969843403347,0.1171368821699741,2080
augmentation,0.002,0.2,1,5021,5521,C_all,C_all (38 coordinates),38,38,38,0.0001,pysindy.STLSQ,confirmation_24,conf_009,common,1.0497969843403347,0.1171368821699741,2080
augmentation,0.002,0.2,1,5021,5521,C_all,C_all (38 coordinates),38,38,38,0.0001,pysindy.STLSQ,confirmation_24,conf_010,native,1.135986219206744,0.1343304721988338,2075
augmentation,0.002,0.2,1,5021,5521,C_all,C_all (38 coordinates),38,38,38,0.0001,pysindy.STLSQ,confirmation_24,conf_010,common,1.135986219206744,0.1343304721988338,2075
augmentation,0.002,0.2,1,5021,5521,C_all,C_all (38 coordinates),38,38,38,0.0001,pysindy.STLSQ,confirmation_24,conf_011,native,1.126364395072788,0.1264061113687689,2090
augmentation,0.002,0.2,1,5021,5521,C_all,C_all (38 coordinates),38,38,38,0.0001,pysindy.STLSQ,confirmation_24,conf_011,common,1.126364395072788,0.1264061113687689,2090
augmentation,0.002,0.2,1,5021,5521,C_all,C_all (38 coordinates),38,38,38,0.0001,pysindy.STLSQ,confirmation_24,conf_012,native,1.1471089447613232,0.1230374542429463,2109
augmentation,0.002,0.2,1,5021,5521,C_all,C_all (38 coordinates),38,38,38,0.0001,pysindy.STLSQ,confirmation_24,conf_012,common,1.1471089447613232,0.1230374542429463,2109
augmentation,0.002,0.2,1,5021,5521,C_all,C_all (38 coordinates),38,38,38,0.0001,pysindy.STLSQ,confirmation_24,conf_013,native,1.1671559946927974,0.1283385576337254,2117
augmentation,0.002,0.2,1,5021,5521,C_all,C_all (38 coordinates),38,38,38,0.0001,pysindy.STLSQ,confirmation_24,conf_013,common,1.1671559946927974,0.1283385576337254,2117
augmentation,0.002,0.2,1,5021,5521,C_all,C_all (38 coordinates),38,38,38,0.0001,pysindy.STLSQ,confirmation_24,conf_014,native,1.0915997118240324,0.130987841227649,2061
augmentation,0.002,0.2,1,5021,5521,C_all,C_all (38 coordinates),38,38,38,0.0001,pysindy.STLSQ,confirmation_24,conf_014,common,1.0915997118240324,0.130987841227649,2061
augmentation,0.002,0.2,1,5021,5521,C_all,C_all (38 coordinates),38,38,38,0.0001,pysindy.STLSQ,confirmation_24,conf_015,native,1.1906089736439818,0.1247603942783234,2063
augmentation,0.002,0.2,1,5021,5521,C_all,C_all (38 coordinates),38,38,38,0.0001,pysindy.STLSQ,confirmation_24,conf_015,common,1.1906089736439818,0.1247603942783234,2063
augmentation,0.002,0.2,1,5021,5521,C_all,C_all (38 coordinates),38,38,38,0.0001,pysindy.STLSQ,confirmation_24,conf_016,native,1.0360230749722792,0.121736825023072,2100
augmentation,0.002,0.2,1,5021,5521,C_all,C_all (38 coordinates),38,38,38,0.0001,pysindy.STLSQ,confirmation_24,conf_016,common,1.0360230749722792,0.121736825023072,2100
augmentation,0.002,0.2,1,5021,5521,C_all,C_all (38 coordinates),38,38,38,0.0001,pysindy.STLSQ,confirmation_24,conf_017,native,1.14605538707277,0.129478859754991,2104
augmentation,0.002,0.2,1,5021,5521,C_all,C_all (38 coordinates),38,38,38,0.0001,pysindy.STLSQ,confirmation_24,conf_017,common,1.14605538707277,0.129478859754991,2104
augmentation,0.002,0.2,1,5021,5521,C_all,C_all (38 coordinates),38,38,38,0.0001,pysindy.STLSQ,confirmation_24,conf_018,native,1.1778078499879938,0.1250289594237178,2129
augmentation,0.002,0.2,1,5021,5521,C_all,C_all (38 coordinates),38,38,38,0.0001,pysindy.STLSQ,confirmation_24,conf_018,common,1.1778078499879938,0.1250289594237178,2129
augmentation,0.002,0.2,1,5021,5521,C_all,C_all (38 coordinates),38,38,38,0.0001,pysindy.STLSQ,confirmation_24,conf_019,native,1.194000871077001,0.1255076635271451,2091
augmentation,0.002,0.2,1,5021,5521,C_all,C_all (38 coordinates),38,38,38,0.0001,pysindy.STLSQ,confirmation_24,conf_019,common,1.194000871077001,0.1255076635271451,2091
augmentation,0.002,0.2,1,5021,5521,C_all,C_all (38 coordinates),38,38,38,0.0001,pysindy.STLSQ,confirmation_24,conf_020,native,1.0843981207539073,0.1229388733402007,2131
augmentation,0.002,0.2,1,5021,5521,C_all,C_all (38 coordinates),38,38,38,0.0001,pysindy.STLSQ,confirmation_24,conf_020,common,1.0843981207539073,0.1229388733402007,2131
augmentation,0.002,0.2,1,5021,5521,C_all,C_all (38 coordinates),38,38,38,0.0001,pysindy.STLSQ,confirmation_24,conf_021,native,1.060778914252517,0.1220524239809122,2119
augmentation,0.002,0.2,1,5021,5521,C_all,C_all (38 coordinates),38,38,38,0.0001,pysindy.STLSQ,confirmation_24,conf_021,common,1.060778914252517,0.1220524239809122,2119
augmentation,0.002,0.2,1,5021,5521,C_all,C_all (38 coordinates),38,38,38,0.0001,pysindy.STLSQ,confirmation_24,conf_022,native,1.0739512293992857,0.1217780637201167,2133
augmentation,0.002,0.2,1,5021,5521,C_all,C_all (38 coordinates),38,38,38,0.0001,pysindy.STLSQ,confirmation_24,conf_022,common,1.0739512293992857,0.1217780637201167,2133
augmentation,0.002,0.2,1,5021,5521,C_all,C_all (38 coordinates),38,38,38,0.0001,pysindy.STLSQ,confirmation_24,conf_023,native,1.1806631731620818,0.1247532803594045,2081
augmentation,0.002,0.2,1,5021,5521,C_all,C_all (38 coordinates),38,38,38,0.0001,pysindy.STLSQ,confirmation_24,conf_023,common,1.1806631731620818,0.1247532803594045,2081
augmentation,0.002,0.2,2,5022,5522,C0_poly2,conventional quadratic,10,65,65,0.0001,pysindy.STLSQ,confirmation_24,conf_000,native,2.943225019451615,0.3390372831494344,2397
augmentation,0.002,0.2,2,5022,5522,C0_poly2,conventional quadratic,10,65,65,0.0001,pysindy.STLSQ,confirmation_24,conf_000,common,2.745346213284485,0.3108644882103475,2070
augmentation,0.002,0.2,2,5022,5522,C0_poly2,conventional quadratic,10,65,65,0.0001,pysindy.STLSQ,confirmation_24,conf_001,native,2.3778944155180843,0.267794642368464,2397
augmentation,0.002,0.2,2,5022,5522,C0_poly2,conventional quadratic,10,65,65,0.0001,pysindy.STLSQ,confirmation_24,conf_001,common,2.254026442489347,0.2430888045015791,2114
augmentation,0.002,0.2,2,5022,5522,C0_poly2,conventional quadratic,10,65,65,0.0001,pysindy.STLSQ,confirmation_24,conf_002,native,1.8923068005428405,0.2573597950468128,2397
augmentation,0.002,0.2,2,5022,5522,C0_poly2,conventional quadratic,10,65,65,0.0001,pysindy.STLSQ,confirmation_24,conf_002,common,1.808258772725822,0.2374288736021191,2124
augmentation,0.002,0.2,2,5022,5522,C0_poly2,conventional quadratic,10,65,65,0.0001,pysindy.STLSQ,confirmation_24,conf_003,native,2.527222913979516,0.3178999543386196,2397
augmentation,0.002,0.2,2,5022,5522,C0_poly2,conventional quadratic,10,65,65,0.0001,pysindy.STLSQ,confirmation_24,conf_003,common,2.401873837399181,0.3011755769466038,2074
augmentation,0.002,0.2,2,5022,5522,C0_poly2,conventional quadratic,10,65,65,0.0001,pysindy.STLSQ,confirmation_24,conf_004,native,2.63195376880909,0.3025461478043528,2397
augmentation,0.002,0.2,2,5022,5522,C0_poly2,conventional quadratic,10,65,65,0.0001,pysindy.STLSQ,confirmation_24,conf_004,common,2.578767953478105,0.2869664730860435,2081
augmentation,0.002,0.2,2,5022,5522,C0_poly2,conventional quadratic,10,65,65,0.0001,pysindy.STLSQ,confirmation_24,conf_005,native,2.692812726807124,0.3132123952942151,2397
augmentation,0.002,0.2,2,5022,5522,C0_poly2,conventional quadratic,10,65,65,0.0001,pysindy.STLSQ,confirmation_24,conf_005,common,2.447257293888464,0.2826478528556333,2031
augmentation,0.002,0.2,2,5022,5522,C0_poly2,conventional quadratic,10,65,65,0.0001,pysindy.STLSQ,confirmation_24,conf_006,native,2.719008832057226,0.3041669966098166,2397
augmentation,0.002,0.2,2,5022,5522,C0_poly2,conventional quadratic,10,65,65,0.0001,pysindy.STLSQ,confirmation_24,conf_006,common,2.6885969206727074,0.2907032254988065,2090
augmentation,0.002,0.2,2,5022,5522,C0_poly2,conventional quadratic,10,65,65,0.0001,pysindy.STLSQ,confirmation_24,conf_007,native,2.933643804437628,0.3629997330445423,2397
augmentation,0.002,0.2,2,5022,5522,C0_poly2,conventional quadratic,10,65,65,0.0001,pysindy.STLSQ,confirmation_24,conf_007,common,2.7309761823363314,0.3416325896994019,2053
augmentation,0.002,0.2,2,5022,5522,C0_poly2,conventional quadratic,10,65,65,0.0001,pysindy.STLSQ,confirmation_24,conf_008,native,2.465667753952712,0.294106587414784,2397
augmentation,0.002,0.2,2,5022,5522,C0_poly2,conventional quadratic,10,65,65,0.0001,pysindy.STLSQ,confirmation_24,conf_008,common,2.381817002936456,0.2753412872127525,2092
augmentation,0.002,0.2,2,5022,5522,C0_poly2,conventional quadratic,10,65,65,0.0001,pysindy.STLSQ,confirmation_24,conf_009,native,2.567613854912006,0.2969811933762019,2397
augmentation,0.002,0.2,2,5022,5522,C0_poly2,conventional quadratic,10,65,65,0.0001,pysindy.STLSQ,confirmation_24,conf_009,common,2.449416130160749,0.2724524805441579,2063
augmentation,0.002,0.2,2,5022,5522,C0_poly2,conventional quadratic,10,65,65,0.0001,pysindy.STLSQ,confirmation_24,conf_010,native,2.780393345504611,0.3330841043980066,2397
augmentation,0.002,0.2,2,5022,5522,C0_poly2,conventional quadratic,10,65,65,0.0001,pysindy.STLSQ,confirmation_24,conf_010,common,2.638496019475679,0.3129718109267792,2091
augmentation,0.002,0.2,2,5022,5522,C0_poly2,conventional quadratic,10,65,65,0.0001,pysindy.STLSQ,confirmation_24,conf_011,native,2.6073995905386216,0.3026017643324452,2397
augmentation,0.002,0.2,2,5022,5522,C0_poly2,conventional quadratic,10,65,65,0.0001,pysindy.STLSQ,confirmation_24,conf_011,common,2.569972345895661,0.2877733059039864,2074
augmentation,0.002,0.2,2,5022,5522,C0_poly2,conventional quadratic,10,65,65,0.0001,pysindy.STLSQ,confirmation_24,conf_012,native,2.4814991275951943,0.2778286831327435,2397
augmentation,0.002,0.2,2,5022,5522,C0_poly2,conventional quadratic,10,65,65,0.0001,pysindy.STLSQ,confirmation_24,conf_012,common,2.3467669021743665,0.2516030570771383,2093
augmentation,0.002,0.2,2,5022,5522,C0_poly2,conventional quadratic,10,65,65,0.0001,pysindy.STLSQ,confirmation_24,conf_013,native,2.555170176017626,0.2914431862878671,2397
augmentation,0.002,0.2,2,5022,5522,C0_poly2,conventional quadratic,10,65,65,0.0001,pysindy.STLSQ,confirmation_24,conf_013,common,2.513593710910046,0.2766733211631264,2097
augmentation,0.002,0.2,2,5022,5522,C0_poly2,conventional quadratic,10,65,65,0.0001,pysindy.STLSQ,confirmation_24,conf_014,native,2.83692702019542,0.3429703219543742,2397
augmentation,0.002,0.2,2,5022,5522,C0_poly2,conventional quadratic,10,65,65,0.0001,pysindy.STLSQ,confirmation_24,conf_014,common,2.6659491594012668,0.3207266295280965,2077
augmentation,0.002,0.2,2,5022,5522,C0_poly2,conventional quadratic,10,65,65,0.0001,pysindy.STLSQ,confirmation_24,conf_015,native,2.992948702881092,0.3240354677061064,2397
augmentation,0.002,0.2,2,5022,5522,C0_poly2,conventional quadratic,10,65,65,0.0001,pysindy.STLSQ,confirmation_24,conf_015,common,2.823500920042724,0.2958870788915468,2057
augmentation,0.002,0.2,2,5022,5522,C0_poly2,conventional quadratic,10,65,65,0.0001,pysindy.STLSQ,confirmation_24,conf_016,native,2.5424991747169168,0.3052613415342371,2397
augmentation,0.002,0.2,2,5022,5522,C0_poly2,conventional quadratic,10,65,65,0.0001,pysindy.STLSQ,confirmation_24,conf_016,common,2.4420875415932164,0.2867064809020838,2098
augmentation,0.002,0.2,2,5022,5522,C0_poly2,conventional quadratic,10,65,65,0.0001,pysindy.STLSQ,confirmation_24,conf_017,native,2.585719593217292,0.3001454961627025,2397
augmentation,0.002,0.2,2,5022,5522,C0_poly2,conventional quadratic,10,65,65,0.0001,pysindy.STLSQ,confirmation_24,conf_017,common,2.5118649321318927,0.2829563866467767,2078
augmentation,0.002,0.2,2,5022,5522,C0_poly2,conventional quadratic,10,65,65,0.0001,pysindy.STLSQ,confirmation_24,conf_018,native,2.49807123364323,0.2763434489976306,2397
augmentation,0.002,0.2,2,5022,5522,C0_poly2,conventional quadratic,10,65,65,0.0001,pysindy.STLSQ,confirmation_24,conf_018,common,2.401033126977644,0.2545889493258887,2121
augmentation,0.002,0.2,2,5022,5522,C0_poly2,conventional quadratic,10,65,65,0.0001,pysindy.STLSQ,confirmation_24,conf_019,native,2.6384526425257824,0.289575299258399,2397
augmentation,0.002,0.2,2,5022,5522,C0_poly2,conventional quadratic,10,65,65,0.0001,pysindy.STLSQ,confirmation_24,conf_019,common,2.5602454287243064,0.2693855345633203,2098
augmentation,0.002,0.2,2,5022,5522,C0_poly2,conventional quadratic,10,65,65,0.0001,pysindy.STLSQ,confirmation_24,conf_020,native,2.756801706549954,0.3184885213820014,2397
augmentation,0.002,0.2,2,5022,5522,C0_poly2,conventional quadratic,10,65,65,0.0001,pysindy.STLSQ,confirmation_24,conf_020,common,2.673889727951472,0.3017805373479457,2094
augmentation,0.002,0.2,2,5022,5522,C0_poly2,conventional quadratic,10,65,65,0.0001,pysindy.STLSQ,confirmation_24,conf_021,native,2.405385054514707,0.2854424922967698,2397
augmentation,0.002,0.2,2,5022,5522,C0_poly2,conventional quadratic,10,65,65,0.0001,pysindy.STLSQ,confirmation_24,conf_021,common,2.3317290815215825,0.2684065631573411,2113
augmentation,0.002,0.2,2,5022,5522,C0_poly2,conventional quadratic,10,65,65,0.0001,pysindy.STLSQ,confirmation_24,conf_022,native,2.345500611064203,0.275285911774678,2397
augmentation,0.002,0.2,2,5022,5522,C0_poly2,conventional quadratic,10,65,65,0.0001,pysindy.STLSQ,confirmation_24,conf_022,common,2.297800377483775,0.2596486276477746,2127
augmentation,0.002,0.2,2,5022,5522,C0_poly2,conventional quadratic,10,65,65,0.0001,pysindy.STLSQ,confirmation_24,conf_023,native,2.664285781542334,0.2928344512763925,2397
augmentation,0.002,0.2,2,5022,5522,C0_poly2,conventional quadratic,10,65,65,0.0001,pysindy.STLSQ,confirmation_24,conf_023,common,2.6045317340478205,0.275317032532637,2074
augmentation,0.002,0.2,2,5022,5522,C_compact,compact (12 coordinates),12,12,12,0.0001,pysindy.STLSQ,confirmation_24,conf_000,native,1.3652934623072153,0.1588001895099033,2249
augmentation,0.002,0.2,2,5022,5522,C_compact,compact (12 coordinates),12,12,12,0.0001,pysindy.STLSQ,confirmation_24,conf_000,common,1.2652926375730047,0.1432732040542435,2070
augmentation,0.002,0.2,2,5022,5522,C_compact,compact (12 coordinates),12,12,12,0.0001,pysindy.STLSQ,confirmation_24,conf_001,native,1.384257600152484,0.152157382179226,2259
augmentation,0.002,0.2,2,5022,5522,C_compact,compact (12 coordinates),12,12,12,0.0001,pysindy.STLSQ,confirmation_24,conf_001,common,1.247464634962978,0.1345346625287348,2114
augmentation,0.002,0.2,2,5022,5522,C_compact,compact (12 coordinates),12,12,12,0.0001,pysindy.STLSQ,confirmation_24,conf_002,native,1.0400386372091213,0.1403255402971607,2325
augmentation,0.002,0.2,2,5022,5522,C_compact,compact (12 coordinates),12,12,12,0.0001,pysindy.STLSQ,confirmation_24,conf_002,common,1.0037345657883454,0.131792844555868,2124
augmentation,0.002,0.2,2,5022,5522,C_compact,compact (12 coordinates),12,12,12,0.0001,pysindy.STLSQ,confirmation_24,conf_003,native,1.0404565922897984,0.1332850908304085,2247
augmentation,0.002,0.2,2,5022,5522,C_compact,compact (12 coordinates),12,12,12,0.0001,pysindy.STLSQ,confirmation_24,conf_003,common,0.964214680363658,0.1209047320209629,2074
augmentation,0.002,0.2,2,5022,5522,C_compact,compact (12 coordinates),12,12,12,0.0001,pysindy.STLSQ,confirmation_24,conf_004,native,1.3754455991572243,0.1563830624164232,2257
augmentation,0.002,0.2,2,5022,5522,C_compact,compact (12 coordinates),12,12,12,0.0001,pysindy.STLSQ,confirmation_24,conf_004,common,1.2061659014732968,0.1342226912024401,2081
augmentation,0.002,0.2,2,5022,5522,C_compact,compact (12 coordinates),12,12,12,0.0001,pysindy.STLSQ,confirmation_24,conf_005,native,1.1849103732081154,0.139667628220858,2187
augmentation,0.002,0.2,2,5022,5522,C_compact,compact (12 coordinates),12,12,12,0.0001,pysindy.STLSQ,confirmation_24,conf_005,common,1.1063708940110517,0.1277811525723634,2031
augmentation,0.002,0.2,2,5022,5522,C_compact,compact (12 coordinates),12,12,12,0.0001,pysindy.STLSQ,confirmation_24,conf_006,native,1.5118093082989967,0.1670443032412728,2258
augmentation,0.002,0.2,2,5022,5522,C_compact,compact (12 coordinates),12,12,12,0.0001,pysindy.STLSQ,confirmation_24,conf_006,common,1.355709845556662,0.1465854631884356,2090
augmentation,0.002,0.2,2,5022,5522,C_compact,compact (12 coordinates),12,12,12,0.0001,pysindy.STLSQ,confirmation_24,conf_007,native,1.0789495301978755,0.1384945816017617,2226
augmentation,0.002,0.2,2,5022,5522,C_compact,compact (12 coordinates),12,12,12,0.0001,pysindy.STLSQ,confirmation_24,conf_007,common,1.0053130132673591,0.125760045218417,2053
augmentation,0.002,0.2,2,5022,5522,C_compact,compact (12 coordinates),12,12,12,0.0001,pysindy.STLSQ,confirmation_24,conf_008,native,1.2287668747738358,0.145292567425239,2264
augmentation,0.002,0.2,2,5022,5522,C_compact,compact (12 coordinates),12,12,12,0.0001,pysindy.STLSQ,confirmation_24,conf_008,common,1.0787519998731507,0.124705199376028,2092
augmentation,0.002,0.2,2,5022,5522,C_compact,compact (12 coordinates),12,12,12,0.0001,pysindy.STLSQ,confirmation_24,conf_009,native,1.3940398931755935,0.1592873202923554,2241
augmentation,0.002,0.2,2,5022,5522,C_compact,compact (12 coordinates),12,12,12,0.0001,pysindy.STLSQ,confirmation_24,conf_009,common,1.2945498299472835,0.1439948516767578,2063
augmentation,0.002,0.2,2,5022,5522,C_compact,compact (12 coordinates),12,12,12,0.0001,pysindy.STLSQ,confirmation_24,conf_010,native,1.2732272407500105,0.1543798960265432,2263
augmentation,0.002,0.2,2,5022,5522,C_compact,compact (12 coordinates),12,12,12,0.0001,pysindy.STLSQ,confirmation_24,conf_010,common,1.1227517973850625,0.1331780152993095,2091
augmentation,0.002,0.2,2,5022,5522,C_compact,compact (12 coordinates),12,12,12,0.0001,pysindy.STLSQ,confirmation_24,conf_011,native,1.4147860519892133,0.1621267736340879,2251
augmentation,0.002,0.2,2,5022,5522,C_compact,compact (12 coordinates),12,12,12,0.0001,pysindy.STLSQ,confirmation_24,conf_011,common,1.276752107883922,0.1429646414259728,2074
augmentation,0.002,0.2,2,5022,5522,C_compact,compact (12 coordinates),12,12,12,0.0001,pysindy.STLSQ,confirmation_24,conf_012,native,1.4395706766909158,0.157109312581773,2241
augmentation,0.002,0.2,2,5022,5522,C_compact,compact (12 coordinates),12,12,12,0.0001,pysindy.STLSQ,confirmation_24,conf_012,common,1.2981596468980143,0.1391791129451725,2093
augmentation,0.002,0.2,2,5022,5522,C_compact,compact (12 coordinates),12,12,12,0.0001,pysindy.STLSQ,confirmation_24,conf_013,native,1.5253744745100222,0.1714960361994492,2285
augmentation,0.002,0.2,2,5022,5522,C_compact,compact (12 coordinates),12,12,12,0.0001,pysindy.STLSQ,confirmation_24,conf_013,common,1.4158038476572552,0.155838690615217,2097
augmentation,0.002,0.2,2,5022,5522,C_compact,compact (12 coordinates),12,12,12,0.0001,pysindy.STLSQ,confirmation_24,conf_014,native,1.2051460677673755,0.1483002392589384,2249
augmentation,0.002,0.2,2,5022,5522,C_compact,compact (12 coordinates),12,12,12,0.0001,pysindy.STLSQ,confirmation_24,conf_014,common,1.1175010429201513,0.1344408019657836,2077
augmentation,0.002,0.2,2,5022,5522,C_compact,compact (12 coordinates),12,12,12,0.0001,pysindy.STLSQ,confirmation_24,conf_015,native,1.6567681306652595,0.1771584028326882,2218
augmentation,0.002,0.2,2,5022,5522,C_compact,compact (12 coordinates),12,12,12,0.0001,pysindy.STLSQ,confirmation_24,conf_015,common,1.5322635731146896,0.1605726385716812,2057
augmentation,0.002,0.2,2,5022,5522,C_compact,compact (12 coordinates),12,12,12,0.0001,pysindy.STLSQ,confirmation_24,conf_016,native,1.2504651496426311,0.1500138229671442,2285
augmentation,0.002,0.2,2,5022,5522,C_compact,compact (12 coordinates),12,12,12,0.0001,pysindy.STLSQ,confirmation_24,conf_016,common,1.108533862109182,0.1301443282245203,2098
augmentation,0.002,0.2,2,5022,5522,C_compact,compact (12 coordinates),12,12,12,0.0001,pysindy.STLSQ,confirmation_24,conf_017,native,1.372016939599264,0.1582609349393043,2271
augmentation,0.002,0.2,2,5022,5522,C_compact,compact (12 coordinates),12,12,12,0.0001,pysindy.STLSQ,confirmation_24,conf_017,common,1.2510340205914985,0.1409263935773488,2078
augmentation,0.002,0.2,2,5022,5522,C_compact,compact (12 coordinates),12,12,12,0.0001,pysindy.STLSQ,confirmation_24,conf_018,native,1.676225444346082,0.1813955458696196,2286
augmentation,0.002,0.2,2,5022,5522,C_compact,compact (12 coordinates),12,12,12,0.0001,pysindy.STLSQ,confirmation_24,conf_018,common,1.501293119285868,0.1591867407303515,2121
augmentation,0.002,0.2,2,5022,5522,C_compact,compact (12 coordinates),12,12,12,0.0001,pysindy.STLSQ,confirmation_24,conf_019,native,1.5616146216412237,0.1675088360563348,2251
augmentation,0.002,0.2,2,5022,5522,C_compact,compact (12 coordinates),12,12,12,0.0001,pysindy.STLSQ,confirmation_24,conf_019,common,1.422225834972073,0.1496446639549776,2098
augmentation,0.002,0.2,2,5022,5522,C_compact,compact (12 coordinates),12,12,12,0.0001,pysindy.STLSQ,confirmation_24,conf_020,native,1.3175276596472576,0.1521118428195932,2284
augmentation,0.002,0.2,2,5022,5522,C_compact,compact (12 coordinates),12,12,12,0.0001,pysindy.STLSQ,confirmation_24,conf_020,common,1.2160378357685264,0.137244459888332,2094
augmentation,0.002,0.2,2,5022,5522,C_compact,compact (12 coordinates),12,12,12,0.0001,pysindy.STLSQ,confirmation_24,conf_021,native,1.388610949171111,0.163066817359492,2292
augmentation,0.002,0.2,2,5022,5522,C_compact,compact (12 coordinates),12,12,12,0.0001,pysindy.STLSQ,confirmation_24,conf_021,common,1.2995750828859571,0.1495947725345157,2113
augmentation,0.002,0.2,2,5022,5522,C_compact,compact (12 coordinates),12,12,12,0.0001,pysindy.STLSQ,confirmation_24,conf_022,native,1.3760684901125455,0.1589968697267814,2300
augmentation,0.002,0.2,2,5022,5522,C_compact,compact (12 coordinates),12,12,12,0.0001,pysindy.STLSQ,confirmation_24,conf_022,common,1.2590087413807172,0.1422664453793978,2127
augmentation,0.002,0.2,2,5022,5522,C_compact,compact (12 coordinates),12,12,12,0.0001,pysindy.STLSQ,confirmation_24,conf_023,native,1.4979226075188217,0.1617033122279668,2245
augmentation,0.002,0.2,2,5022,5522,C_compact,compact (12 coordinates),12,12,12,0.0001,pysindy.STLSQ,confirmation_24,conf_023,common,1.3411196965944163,0.1417656349932828,2074
augmentation,0.002,0.2,2,5022,5522,C_all,C_all (38 coordinates),38,38,38,0.0001,pysindy.STLSQ,confirmation_24,conf_000,native,1.1490971827992364,0.1301160144779964,2070
augmentation,0.002,0.2,2,5022,5522,C_all,C_all (38 coordinates),38,38,38,0.0001,pysindy.STLSQ,confirmation_24,conf_000,common,1.1490971827992364,0.1301160144779964,2070
augmentation,0.002,0.2,2,5022,5522,C_all,C_all (38 coordinates),38,38,38,0.0001,pysindy.STLSQ,confirmation_24,conf_001,native,1.0399381277969506,0.1121536604346938,2114
augmentation,0.002,0.2,2,5022,5522,C_all,C_all (38 coordinates),38,38,38,0.0001,pysindy.STLSQ,confirmation_24,conf_001,common,1.0399381277969506,0.1121536604346938,2114
augmentation,0.002,0.2,2,5022,5522,C_all,C_all (38 coordinates),38,38,38,0.0001,pysindy.STLSQ,confirmation_24,conf_002,native,0.8293070738375051,0.1088900810997827,2124
augmentation,0.002,0.2,2,5022,5522,C_all,C_all (38 coordinates),38,38,38,0.0001,pysindy.STLSQ,confirmation_24,conf_002,common,0.8293070738375051,0.1088900810997827,2124
augmentation,0.002,0.2,2,5022,5522,C_all,C_all (38 coordinates),38,38,38,0.0001,pysindy.STLSQ,confirmation_24,conf_003,native,0.9078555972492666,0.1138377582653645,2074
augmentation,0.002,0.2,2,5022,5522,C_all,C_all (38 coordinates),38,38,38,0.0001,pysindy.STLSQ,confirmation_24,conf_003,common,0.9078555972492666,0.1138377582653645,2074
augmentation,0.002,0.2,2,5022,5522,C_all,C_all (38 coordinates),38,38,38,0.0001,pysindy.STLSQ,confirmation_24,conf_004,native,1.067800353880926,0.1188253100089721,2081
augmentation,0.002,0.2,2,5022,5522,C_all,C_all (38 coordinates),38,38,38,0.0001,pysindy.STLSQ,confirmation_24,conf_004,common,1.067800353880926,0.1188253100089721,2081
augmentation,0.002,0.2,2,5022,5522,C_all,C_all (38 coordinates),38,38,38,0.0001,pysindy.STLSQ,confirmation_24,conf_005,native,1.002377386422703,0.1157703428776994,2031
augmentation,0.002,0.2,2,5022,5522,C_all,C_all (38 coordinates),38,38,38,0.0001,pysindy.STLSQ,confirmation_24,conf_005,common,1.002377386422703,0.1157703428776994,2031
augmentation,0.002,0.2,2,5022,5522,C_all,C_all (38 coordinates),38,38,38,0.0001,pysindy.STLSQ,confirmation_24,conf_006,native,1.1886984240995797,0.128527435025342,2090
augmentation,0.002,0.2,2,5022,5522,C_all,C_all (38 coordinates),38,38,38,0.0001,pysindy.STLSQ,confirmation_24,conf_006,common,1.1886984240995797,0.128527435025342,2090
augmentation,0.002,0.2,2,5022,5522,C_all,C_all (38 coordinates),38,38,38,0.0001,pysindy.STLSQ,confirmation_24,conf_007,native,1.0294770782262956,0.1287828588712713,2053
augmentation,0.002,0.2,2,5022,5522,C_all,C_all (38 coordinates),38,38,38,0.0001,pysindy.STLSQ,confirmation_24,conf_007,common,1.0294770782262956,0.1287828588712713,2053
augmentation,0.002,0.2,2,5022,5522,C_all,C_all (38 coordinates),38,38,38,0.0001,pysindy.STLSQ,confirmation_24,conf_008,native,0.9568640427188644,0.110614785638441,2092
augmentation,0.002,0.2,2,5022,5522,C_all,C_all (38 coordinates),38,38,38,0.0001,pysindy.STLSQ,confirmation_24,conf_008,common,0.9568640427188644,0.110614785638441,2092
augmentation,0.002,0.2,2,5022,5522,C_all,C_all (38 coordinates),38,38,38,0.0001,pysindy.STLSQ,confirmation_24,conf_009,native,1.1300767583894993,0.1257002484132061,2063
augmentation,0.002,0.2,2,5022,5522,C_all,C_all (38 coordinates),38,38,38,0.0001,pysindy.STLSQ,confirmation_24,conf_009,common,1.1300767583894993,0.1257002484132061,2063
augmentation,0.002,0.2,2,5022,5522,C_all,C_all (38 coordinates),38,38,38,0.0001,pysindy.STLSQ,confirmation_24,conf_010,native,1.0488062588806268,0.1244067801240948,2091
augmentation,0.002,0.2,2,5022,5522,C_all,C_all (38 coordinates),38,38,38,0.0001,pysindy.STLSQ,confirmation_24,conf_010,common,1.0488062588806268,0.1244067801240948,2091
augmentation,0.002,0.2,2,5022,5522,C_all,C_all (38 coordinates),38,38,38,0.0001,pysindy.STLSQ,confirmation_24,conf_011,native,1.1198354831967452,0.1253938625381609,2074
augmentation,0.002,0.2,2,5022,5522,C_all,C_all (38 coordinates),38,38,38,0.0001,pysindy.STLSQ,confirmation_24,conf_011,common,1.1198354831967452,0.1253938625381609,2074
augmentation,0.002,0.2,2,5022,5522,C_all,C_all (38 coordinates),38,38,38,0.0001,pysindy.STLSQ,confirmation_24,conf_012,native,1.0882175954422524,0.1166706729691468,2093
augmentation,0.002,0.2,2,5022,5522,C_all,C_all (38 coordinates),38,38,38,0.0001,pysindy.STLSQ,confirmation_24,conf_012,common,1.0882175954422524,0.1166706729691468,2093
augmentation,0.002,0.2,2,5022,5522,C_all,C_all (38 coordinates),38,38,38,0.0001,pysindy.STLSQ,confirmation_24,conf_013,native,1.2077818257925137,0.1329415360692863,2097
augmentation,0.002,0.2,2,5022,5522,C_all,C_all (38 coordinates),38,38,38,0.0001,pysindy.STLSQ,confirmation_24,conf_013,common,1.2077818257925137,0.1329415360692863,2097
augmentation,0.002,0.2,2,5022,5522,C_all,C_all (38 coordinates),38,38,38,0.0001,pysindy.STLSQ,confirmation_24,conf_014,native,1.088989684709115,0.1310107471239472,2077
augmentation,0.002,0.2,2,5022,5522,C_all,C_all (38 coordinates),38,38,38,0.0001,pysindy.STLSQ,confirmation_24,conf_014,common,1.088989684709115,0.1310107471239472,2077
augmentation,0.002,0.2,2,5022,5522,C_all,C_all (38 coordinates),38,38,38,0.0001,pysindy.STLSQ,confirmation_24,conf_015,native,1.3314865970348633,0.1395323362508167,2057
augmentation,0.002,0.2,2,5022,5522,C_all,C_all (38 coordinates),38,38,38,0.0001,pysindy.STLSQ,confirmation_24,conf_015,common,1.3314865970348633,0.1395323362508167,2057
augmentation,0.002,0.2,2,5022,5522,C_all,C_all (38 coordinates),38,38,38,0.0001,pysindy.STLSQ,confirmation_24,conf_016,native,0.9940701256671308,0.1167060322964415,2098
augmentation,0.002,0.2,2,5022,5522,C_all,C_all (38 coordinates),38,38,38,0.0001,pysindy.STLSQ,confirmation_24,conf_016,common,0.9940701256671308,0.1167060322964415,2098
augmentation,0.002,0.2,2,5022,5522,C_all,C_all (38 coordinates),38,38,38,0.0001,pysindy.STLSQ,confirmation_24,conf_017,native,1.0839122629702185,0.1221004734167289,2078
augmentation,0.002,0.2,2,5022,5522,C_all,C_all (38 coordinates),38,38,38,0.0001,pysindy.STLSQ,confirmation_24,conf_017,common,1.0839122629702185,0.1221004734167289,2078
augmentation,0.002,0.2,2,5022,5522,C_all,C_all (38 coordinates),38,38,38,0.0001,pysindy.STLSQ,confirmation_24,conf_018,native,1.2144322052021197,0.1287699930817358,2121
augmentation,0.002,0.2,2,5022,5522,C_all,C_all (38 coordinates),38,38,38,0.0001,pysindy.STLSQ,confirmation_24,conf_018,common,1.2144322052021197,0.1287699930817358,2121
augmentation,0.002,0.2,2,5022,5522,C_all,C_all (38 coordinates),38,38,38,0.0001,pysindy.STLSQ,confirmation_24,conf_019,native,1.204355698862024,0.1267206651762227,2098
augmentation,0.002,0.2,2,5022,5522,C_all,C_all (38 coordinates),38,38,38,0.0001,pysindy.STLSQ,confirmation_24,conf_019,common,1.204355698862024,0.1267206651762227,2098
augmentation,0.002,0.2,2,5022,5522,C_all,C_all (38 coordinates),38,38,38,0.0001,pysindy.STLSQ,confirmation_24,conf_020,native,1.1204907240969628,0.1264608219541008,2094
augmentation,0.002,0.2,2,5022,5522,C_all,C_all (38 coordinates),38,38,38,0.0001,pysindy.STLSQ,confirmation_24,conf_020,common,1.1204907240969628,0.1264608219541008,2094
augmentation,0.002,0.2,2,5022,5522,C_all,C_all (38 coordinates),38,38,38,0.0001,pysindy.STLSQ,confirmation_24,conf_021,native,1.1217919973216408,0.1291300678816549,2113
augmentation,0.002,0.2,2,5022,5522,C_all,C_all (38 coordinates),38,38,38,0.0001,pysindy.STLSQ,confirmation_24,conf_021,common,1.1217919973216408,0.1291300678816549,2113
augmentation,0.002,0.2,2,5022,5522,C_all,C_all (38 coordinates),38,38,38,0.0001,pysindy.STLSQ,confirmation_24,conf_022,native,1.0636123063894565,0.120186887603232,2127
augmentation,0.002,0.2,2,5022,5522,C_all,C_all (38 coordinates),38,38,38,0.0001,pysindy.STLSQ,confirmation_24,conf_022,common,1.0636123063894565,0.120186887603232,2127
augmentation,0.002,0.2,2,5022,5522,C_all,C_all (38 coordinates),38,38,38,0.0001,pysindy.STLSQ,confirmation_24,conf_023,native,1.1550314370337496,0.1220948178779996,2074
augmentation,0.002,0.2,2,5022,5522,C_all,C_all (38 coordinates),38,38,38,0.0001,pysindy.STLSQ,confirmation_24,conf_023,common,1.1550314370337496,0.1220948178779996,2074
augmentation,0.003,0.3,0,5030,5530,C0_poly2,conventional quadratic,10,65,61,0.5,pysindy.STLSQ,confirmation_24,conf_000,native,3.020439200768295,0.3479317734045806,2397
augmentation,0.003,0.3,0,5030,5530,C0_poly2,conventional quadratic,10,65,61,0.5,pysindy.STLSQ,confirmation_24,conf_000,common,2.781045109932476,0.3161853389617619,2052
augmentation,0.003,0.3,0,5030,5530,C0_poly2,conventional quadratic,10,65,61,0.5,pysindy.STLSQ,confirmation_24,conf_001,native,2.510719079029086,0.2827531422204813,2397
augmentation,0.003,0.3,0,5030,5530,C0_poly2,conventional quadratic,10,65,61,0.5,pysindy.STLSQ,confirmation_24,conf_001,common,2.400349320412068,0.2592249677164002,2121
augmentation,0.003,0.3,0,5030,5530,C0_poly2,conventional quadratic,10,65,61,0.5,pysindy.STLSQ,confirmation_24,conf_002,native,1.9982241333334525,0.2717648920697043,2397
augmentation,0.003,0.3,0,5030,5530,C0_poly2,conventional quadratic,10,65,61,0.5,pysindy.STLSQ,confirmation_24,conf_002,common,1.9145113171024764,0.2521036778248246,2132
augmentation,0.003,0.3,0,5030,5530,C0_poly2,conventional quadratic,10,65,61,0.5,pysindy.STLSQ,confirmation_24,conf_003,native,2.62619857616256,0.3303501257558606,2397
augmentation,0.003,0.3,0,5030,5530,C0_poly2,conventional quadratic,10,65,61,0.5,pysindy.STLSQ,confirmation_24,conf_003,common,2.4854561913053885,0.3109455249920696,2034
augmentation,0.003,0.3,0,5030,5530,C0_poly2,conventional quadratic,10,65,61,0.5,pysindy.STLSQ,confirmation_24,conf_004,native,2.7540544925155293,0.316581768049393,2397
augmentation,0.003,0.3,0,5030,5530,C0_poly2,conventional quadratic,10,65,61,0.5,pysindy.STLSQ,confirmation_24,conf_004,common,2.700347534694465,0.3016797284861876,2084
augmentation,0.003,0.3,0,5030,5530,C0_poly2,conventional quadratic,10,65,61,0.5,pysindy.STLSQ,confirmation_24,conf_005,native,2.7805461099971467,0.3234170347860947,2397
augmentation,0.003,0.3,0,5030,5530,C0_poly2,conventional quadratic,10,65,61,0.5,pysindy.STLSQ,confirmation_24,conf_005,common,2.538301904345301,0.2923284304605509,2010
augmentation,0.003,0.3,0,5030,5530,C0_poly2,conventional quadratic,10,65,61,0.5,pysindy.STLSQ,confirmation_24,conf_006,native,2.821991820135391,0.3156873807352113,2397
augmentation,0.003,0.3,0,5030,5530,C0_poly2,conventional quadratic,10,65,61,0.5,pysindy.STLSQ,confirmation_24,conf_006,common,2.769902947175407,0.30018805140158,2080
augmentation,0.003,0.3,0,5030,5530,C0_poly2,conventional quadratic,10,65,61,0.5,pysindy.STLSQ,confirmation_24,conf_007,native,3.0443439918542405,0.3766974213662895,2397
augmentation,0.003,0.3,0,5030,5530,C0_poly2,conventional quadratic,10,65,61,0.5,pysindy.STLSQ,confirmation_24,conf_007,common,2.821752153962842,0.3534428524432935,2040
augmentation,0.003,0.3,0,5030,5530,C0_poly2,conventional quadratic,10,65,61,0.5,pysindy.STLSQ,confirmation_24,conf_008,native,2.561639005494884,0.3055541059361848,2397
augmentation,0.003,0.3,0,5030,5530,C0_poly2,conventional quadratic,10,65,61,0.5,pysindy.STLSQ,confirmation_24,conf_008,common,2.508620136662893,0.2904730091214203,2103
augmentation,0.003,0.3,0,5030,5530,C0_poly2,conventional quadratic,10,65,61,0.5,pysindy.STLSQ,confirmation_24,conf_009,native,2.686105137634508,0.3106864016107988,2397
augmentation,0.003,0.3,0,5030,5530,C0_poly2,conventional quadratic,10,65,61,0.5,pysindy.STLSQ,confirmation_24,conf_009,common,2.55089905822932,0.2854520759907695,2070
augmentation,0.003,0.3,0,5030,5530,C0_poly2,conventional quadratic,10,65,61,0.5,pysindy.STLSQ,confirmation_24,conf_010,native,2.8559858607438056,0.3421398969096486,2397
augmentation,0.003,0.3,0,5030,5530,C0_poly2,conventional quadratic,10,65,61,0.5,pysindy.STLSQ,confirmation_24,conf_010,common,2.6424834363946923,0.314270110847189,2068
augmentation,0.003,0.3,0,5030,5530,C0_poly2,conventional quadratic,10,65,61,0.5,pysindy.STLSQ,confirmation_24,conf_011,native,2.7229010971874965,0.3160062919015337,2397
augmentation,0.003,0.3,0,5030,5530,C0_poly2,conventional quadratic,10,65,61,0.5,pysindy.STLSQ,confirmation_24,conf_011,common,2.67500918894736,0.3005364527596065,2085
augmentation,0.003,0.3,0,5030,5530,C0_poly2,conventional quadratic,10,65,61,0.5,pysindy.STLSQ,confirmation_24,conf_012,native,2.606428649984017,0.2918157945138083,2397
augmentation,0.003,0.3,0,5030,5530,C0_poly2,conventional quadratic,10,65,61,0.5,pysindy.STLSQ,confirmation_24,conf_012,common,2.5144733674677497,0.2692540822423675,2098
augmentation,0.003,0.3,0,5030,5530,C0_poly2,conventional quadratic,10,65,61,0.5,pysindy.STLSQ,confirmation_24,conf_013,native,2.6945665611111305,0.3073427639402563,2397
augmentation,0.003,0.3,0,5030,5530,C0_poly2,conventional quadratic,10,65,61,0.5,pysindy.STLSQ,confirmation_24,conf_013,common,2.625427023431344,0.2899453174843165,2107
augmentation,0.003,0.3,0,5030,5530,C0_poly2,conventional quadratic,10,65,61,0.5,pysindy.STLSQ,confirmation_24,conf_014,native,2.925365586107281,0.3536621033107676,2397
augmentation,0.003,0.3,0,5030,5530,C0_poly2,conventional quadratic,10,65,61,0.5,pysindy.STLSQ,confirmation_24,conf_014,common,2.748340674972402,0.3312555759295454,2068
augmentation,0.003,0.3,0,5030,5530,C0_poly2,conventional quadratic,10,65,61,0.5,pysindy.STLSQ,confirmation_24,conf_015,native,3.080747491924395,0.3335411173165691,2397
augmentation,0.003,0.3,0,5030,5530,C0_poly2,conventional quadratic,10,65,61,0.5,pysindy.STLSQ,confirmation_24,conf_015,common,2.905780176110842,0.3043124766213597,2042
augmentation,0.003,0.3,0,5030,5530,C0_poly2,conventional quadratic,10,65,61,0.5,pysindy.STLSQ,confirmation_24,conf_016,native,2.660835949213748,0.3194692684806673,2397
augmentation,0.003,0.3,0,5030,5530,C0_poly2,conventional quadratic,10,65,61,0.5,pysindy.STLSQ,confirmation_24,conf_016,common,2.532547400098439,0.2966480749711938,2094
augmentation,0.003,0.3,0,5030,5530,C0_poly2,conventional quadratic,10,65,61,0.5,pysindy.STLSQ,confirmation_24,conf_017,native,2.714574009115864,0.3151026758561551,2397
augmentation,0.003,0.3,0,5030,5530,C0_poly2,conventional quadratic,10,65,61,0.5,pysindy.STLSQ,confirmation_24,conf_017,common,2.613042827973528,0.2946130980561629,2089
augmentation,0.003,0.3,0,5030,5530,C0_poly2,conventional quadratic,10,65,61,0.5,pysindy.STLSQ,confirmation_24,conf_018,native,2.642159654982729,0.2922829029160482,2397
augmentation,0.003,0.3,0,5030,5530,C0_poly2,conventional quadratic,10,65,61,0.5,pysindy.STLSQ,confirmation_24,conf_018,common,2.5253843285181965,0.2681798526548511,2127
augmentation,0.003,0.3,0,5030,5530,C0_poly2,conventional quadratic,10,65,61,0.5,pysindy.STLSQ,confirmation_24,conf_019,native,2.753894912328884,0.3022453124648139,2397
augmentation,0.003,0.3,0,5030,5530,C0_poly2,conventional quadratic,10,65,61,0.5,pysindy.STLSQ,confirmation_24,conf_019,common,2.659780506757818,0.27947856954026,2083
augmentation,0.003,0.3,0,5030,5530,C0_poly2,conventional quadratic,10,65,61,0.5,pysindy.STLSQ,confirmation_24,conf_020,native,2.828325199692358,0.3267515065364571,2397
augmentation,0.003,0.3,0,5030,5530,C0_poly2,conventional quadratic,10,65,61,0.5,pysindy.STLSQ,confirmation_24,conf_020,common,2.708668847228224,0.3061158363667908,2111
augmentation,0.003,0.3,0,5030,5530,C0_poly2,conventional quadratic,10,65,61,0.5,pysindy.STLSQ,confirmation_24,conf_021,native,2.5215108459253504,0.2992229201987285,2397
augmentation,0.003,0.3,0,5030,5530,C0_poly2,conventional quadratic,10,65,61,0.5,pysindy.STLSQ,confirmation_24,conf_021,common,2.4554704126422187,0.2811134705432882,2084
augmentation,0.003,0.3,0,5030,5530,C0_poly2,conventional quadratic,10,65,61,0.5,pysindy.STLSQ,confirmation_24,conf_022,native,2.461318668757366,0.2888792058721664,2397
augmentation,0.003,0.3,0,5030,5530,C0_poly2,conventional quadratic,10,65,61,0.5,pysindy.STLSQ,confirmation_24,conf_022,common,2.4027249950508267,0.272223343852746,2127
augmentation,0.003,0.3,0,5030,5530,C0_poly2,conventional quadratic,10,65,61,0.5,pysindy.STLSQ,confirmation_24,conf_023,native,2.786593152949675,0.3062773830524248,2397
augmentation,0.003,0.3,0,5030,5530,C0_poly2,conventional quadratic,10,65,61,0.5,pysindy.STLSQ,confirmation_24,conf_023,common,2.729740878585249,0.2889564767629931,2076
augmentation,0.003,0.3,0,5030,5530,C_compact,compact (12 coordinates),12,12,10,0.5,pysindy.STLSQ,confirmation_24,conf_000,native,2.079261922853745,0.2416695614343818,2251
augmentation,0.003,0.3,0,5030,5530,C_compact,compact (12 coordinates),12,12,10,0.5,pysindy.STLSQ,confirmation_24,conf_000,common,1.8634898778641824,0.2118657394588629,2052
augmentation,0.003,0.3,0,5030,5530,C_compact,compact (12 coordinates),12,12,10,0.5,pysindy.STLSQ,confirmation_24,conf_001,native,2.2187929928940195,0.2438828418206003,2260
augmentation,0.003,0.3,0,5030,5530,C_compact,compact (12 coordinates),12,12,10,0.5,pysindy.STLSQ,confirmation_24,conf_001,common,2.0774096112357148,0.2243491956886802,2121
augmentation,0.003,0.3,0,5030,5530,C_compact,compact (12 coordinates),12,12,10,0.5,pysindy.STLSQ,confirmation_24,conf_002,native,1.5505862724603356,0.209216874813822,2327
augmentation,0.003,0.3,0,5030,5530,C_compact,compact (12 coordinates),12,12,10,0.5,pysindy.STLSQ,confirmation_24,conf_002,common,1.4676181701895514,0.1932565950601383,2132
augmentation,0.003,0.3,0,5030,5530,C_compact,compact (12 coordinates),12,12,10,0.5,pysindy.STLSQ,confirmation_24,conf_003,native,1.6057343147086638,0.2056016030468016,2247
augmentation,0.003,0.3,0,5030,5530,C_compact,compact (12 coordinates),12,12,10,0.5,pysindy.STLSQ,confirmation_24,conf_003,common,1.4633653448440296,0.1830758099859095,2034
augmentation,0.003,0.3,0,5030,5530,C_compact,compact (12 coordinates),12,12,10,0.5,pysindy.STLSQ,confirmation_24,conf_004,native,1.9074900366375789,0.2168707722066533,2256
augmentation,0.003,0.3,0,5030,5530,C_compact,compact (12 coordinates),12,12,10,0.5,pysindy.STLSQ,confirmation_24,conf_004,common,1.7734899942952795,0.1981322674499772,2084
augmentation,0.003,0.3,0,5030,5530,C_compact,compact (12 coordinates),12,12,10,0.5,pysindy.STLSQ,confirmation_24,conf_005,native,1.6009922493121154,0.1885891544794095,2186
augmentation,0.003,0.3,0,5030,5530,C_compact,compact (12 coordinates),12,12,10,0.5,pysindy.STLSQ,confirmation_24,conf_005,common,1.4975092281439428,0.1724635361593921,2010
augmentation,0.003,0.3,0,5030,5530,C_compact,compact (12 coordinates),12,12,10,0.5,pysindy.STLSQ,confirmation_24,conf_006,native,2.138633529528565,0.2362220896226428,2257
augmentation,0.003,0.3,0,5030,5530,C_compact,compact (12 coordinates),12,12,10,0.5,pysindy.STLSQ,confirmation_24,conf_006,common,1.9334252512761207,0.2095348356169084,2080
augmentation,0.003,0.3,0,5030,5530,C_compact,compact (12 coordinates),12,12,10,0.5,pysindy.STLSQ,confirmation_24,conf_007,native,1.6399439921303067,0.2102218153886224,2225
augmentation,0.003,0.3,0,5030,5530,C_compact,compact (12 coordinates),12,12,10,0.5,pysindy.STLSQ,confirmation_24,conf_007,common,1.58032327017776,0.1979457918051779,2040
augmentation,0.003,0.3,0,5030,5530,C_compact,compact (12 coordinates),12,12,10,0.5,pysindy.STLSQ,confirmation_24,conf_008,native,1.8924413895348764,0.2237387859271981,2266
augmentation,0.003,0.3,0,5030,5530,C_compact,compact (12 coordinates),12,12,10,0.5,pysindy.STLSQ,confirmation_24,conf_008,common,1.8220723181590588,0.2109776691008144,2103
augmentation,0.003,0.3,0,5030,5530,C_compact,compact (12 coordinates),12,12,10,0.5,pysindy.STLSQ,confirmation_24,conf_009,native,1.9579334955956729,0.2235439730336837,2240
augmentation,0.003,0.3,0,5030,5530,C_compact,compact (12 coordinates),12,12,10,0.5,pysindy.STLSQ,confirmation_24,conf_009,common,1.7559430533825726,0.196494482324814,2070
augmentation,0.003,0.3,0,5030,5530,C_compact,compact (12 coordinates),12,12,10,0.5,pysindy.STLSQ,confirmation_24,conf_010,native,1.7968226109698973,0.2179822584045698,2259
augmentation,0.003,0.3,0,5030,5530,C_compact,compact (12 coordinates),12,12,10,0.5,pysindy.STLSQ,confirmation_24,conf_010,common,1.6110517377350255,0.1916021123255657,2068
augmentation,0.003,0.3,0,5030,5530,C_compact,compact (12 coordinates),12,12,10,0.5,pysindy.STLSQ,confirmation_24,conf_011,native,1.916481994445048,0.2196359922109642,2249
augmentation,0.003,0.3,0,5030,5530,C_compact,compact (12 coordinates),12,12,10,0.5,pysindy.STLSQ,confirmation_24,conf_011,common,1.7843258607697388,0.2004684570724745,2085
augmentation,0.003,0.3,0,5030,5530,C_compact,compact (12 coordinates),12,12,10,0.5,pysindy.STLSQ,confirmation_24,conf_012,native,2.1639779439060884,0.2361414548323782,2241
augmentation,0.003,0.3,0,5030,5530,C_compact,compact (12 coordinates),12,12,10,0.5,pysindy.STLSQ,confirmation_24,conf_012,common,2.0268895708284664,0.2170427805125856,2098
augmentation,0.003,0.3,0,5030,5530,C_compact,compact (12 coordinates),12,12,10,0.5,pysindy.STLSQ,confirmation_24,conf_013,native,2.284229086306985,0.256827042281427,2288
augmentation,0.003,0.3,0,5030,5530,C_compact,compact (12 coordinates),12,12,10,0.5,pysindy.STLSQ,confirmation_24,conf_013,common,2.160314103998635,0.2385794589449616,2107
augmentation,0.003,0.3,0,5030,5530,C_compact,compact (12 coordinates),12,12,10,0.5,pysindy.STLSQ,confirmation_24,conf_014,native,1.668898707989957,0.2054821753281117,2247
augmentation,0.003,0.3,0,5030,5530,C_compact,compact (12 coordinates),12,12,10,0.5,pysindy.STLSQ,confirmation_24,conf_014,common,1.559598469980845,0.1879773108541322,2068
augmentation,0.003,0.3,0,5030,5530,C_compact,compact (12 coordinates),12,12,10,0.5,pysindy.STLSQ,confirmation_24,conf_015,native,2.4182363977345798,0.2586620835951366,2219
augmentation,0.003,0.3,0,5030,5530,C_compact,compact (12 coordinates),12,12,10,0.5,pysindy.STLSQ,confirmation_24,conf_015,common,2.157743613722363,0.2259731511709258,2042
augmentation,0.003,0.3,0,5030,5530,C_compact,compact (12 coordinates),12,12,10,0.5,pysindy.STLSQ,confirmation_24,conf_016,native,1.9852067874192172,0.2379899080053622,2286
augmentation,0.003,0.3,0,5030,5530,C_compact,compact (12 coordinates),12,12,10,0.5,pysindy.STLSQ,confirmation_24,conf_016,common,1.7353998296042314,0.2032747812488811,2094
augmentation,0.003,0.3,0,5030,5530,C_compact,compact (12 coordinates),12,12,10,0.5,pysindy.STLSQ,confirmation_24,conf_017,native,2.1125417479303987,0.2435506472990792,2268
augmentation,0.003,0.3,0,5030,5530,C_compact,compact (12 coordinates),12,12,10,0.5,pysindy.STLSQ,confirmation_24,conf_017,common,1.938256123676036,0.2185328289721821,2089
augmentation,0.003,0.3,0,5030,5530,C_compact,compact (12 coordinates),12,12,10,0.5,pysindy.STLSQ,confirmation_24,conf_018,native,2.5600045351893086,0.2770208520181688,2286
augmentation,0.003,0.3,0,5030,5530,C_compact,compact (12 coordinates),12,12,10,0.5,pysindy.STLSQ,confirmation_24,conf_018,common,2.3052489312653166,0.2448028649493661,2127
augmentation,0.003,0.3,0,5030,5530,C_compact,compact (12 coordinates),12,12,10,0.5,pysindy.STLSQ,confirmation_24,conf_019,native,2.346770121129107,0.2517322387093054,2251
augmentation,0.003,0.3,0,5030,5530,C_compact,compact (12 coordinates),12,12,10,0.5,pysindy.STLSQ,confirmation_24,conf_019,common,2.145707707068062,0.2254619578943685,2083
augmentation,0.003,0.3,0,5030,5530,C_compact,compact (12 coordinates),12,12,10,0.5,pysindy.STLSQ,confirmation_24,conf_020,native,2.0358188874849774,0.2351549645365118,2289
augmentation,0.003,0.3,0,5030,5530,C_compact,compact (12 coordinates),12,12,10,0.5,pysindy.STLSQ,confirmation_24,conf_020,common,1.7679091152091837,0.1997973941984551,2111
augmentation,0.003,0.3,0,5030,5530,C_compact,compact (12 coordinates),12,12,10,0.5,pysindy.STLSQ,confirmation_24,conf_021,native,1.9993102773037896,0.2348434842568785,2290
augmentation,0.003,0.3,0,5030,5530,C_compact,compact (12 coordinates),12,12,10,0.5,pysindy.STLSQ,confirmation_24,conf_021,common,1.8600085456727584,0.2129422756723846,2084
augmentation,0.003,0.3,0,5030,5530,C_compact,compact (12 coordinates),12,12,10,0.5,pysindy.STLSQ,confirmation_24,conf_022,native,2.197413295086982,0.2539343544430864,2303
augmentation,0.003,0.3,0,5030,5530,C_compact,compact (12 coordinates),12,12,10,0.5,pysindy.STLSQ,confirmation_24,conf_022,common,1.9317031781968708,0.2188576302252206,2127
augmentation,0.003,0.3,0,5030,5530,C_compact,compact (12 coordinates),12,12,10,0.5,pysindy.STLSQ,confirmation_24,conf_023,native,2.306728767109812,0.2491520935403053,2250
augmentation,0.003,0.3,0,5030,5530,C_compact,compact (12 coordinates),12,12,10,0.5,pysindy.STLSQ,confirmation_24,conf_023,common,2.1449086116324168,0.2270491094074555,2076
augmentation,0.003,0.3,0,5030,5530,C_all,C_all (38 coordinates),38,38,38,0.0001,pysindy.STLSQ,confirmation_24,conf_000,native,1.5284846171014437,0.1737779890840364,2052
augmentation,0.003,0.3,0,5030,5530,C_all,C_all (38 coordinates),38,38,38,0.0001,pysindy.STLSQ,confirmation_24,conf_000,common,1.5284846171014437,0.1737779890840364,2052
augmentation,0.003,0.3,0,5030,5530,C_all,C_all (38 coordinates),38,38,38,0.0001,pysindy.STLSQ,confirmation_24,conf_001,native,1.4034068980392935,0.1515604852775162,2121
augmentation,0.003,0.3,0,5030,5530,C_all,C_all (38 coordinates),38,38,38,0.0001,pysindy.STLSQ,confirmation_24,conf_001,common,1.4034068980392935,0.1515604852775162,2121
augmentation,0.003,0.3,0,5030,5530,C_all,C_all (38 coordinates),38,38,38,0.0001,pysindy.STLSQ,confirmation_24,conf_002,native,1.0478100814803613,0.1379760844678197,2132
augmentation,0.003,0.3,0,5030,5530,C_all,C_all (38 coordinates),38,38,38,0.0001,pysindy.STLSQ,confirmation_24,conf_002,common,1.0478100814803613,0.1379760844678197,2132
augmentation,0.003,0.3,0,5030,5530,C_all,C_all (38 coordinates),38,38,38,0.0001,pysindy.STLSQ,confirmation_24,conf_003,native,1.265223421138989,0.1582870630729963,2034
augmentation,0.003,0.3,0,5030,5530,C_all,C_all (38 coordinates),38,38,38,0.0001,pysindy.STLSQ,confirmation_24,conf_003,common,1.265223421138989,0.1582870630729963,2034
augmentation,0.003,0.3,0,5030,5530,C_all,C_all (38 coordinates),38,38,38,0.0001,pysindy.STLSQ,confirmation_24,conf_004,native,1.4803792900129171,0.1653862758514168,2084
augmentation,0.003,0.3,0,5030,5530,C_all,C_all (38 coordinates),38,38,38,0.0001,pysindy.STLSQ,confirmation_24,conf_004,common,1.4803792900129171,0.1653862758514168,2084
augmentation,0.003,0.3,0,5030,5530,C_all,C_all (38 coordinates),38,38,38,0.0001,pysindy.STLSQ,confirmation_24,conf_005,native,1.31567452293507,0.151522191914261,2010
augmentation,0.003,0.3,0,5030,5530,C_all,C_all (38 coordinates),38,38,38,0.0001,pysindy.STLSQ,confirmation_24,conf_005,common,1.31567452293507,0.151522191914261,2010
augmentation,0.003,0.3,0,5030,5530,C_all,C_all (38 coordinates),38,38,38,0.0001,pysindy.STLSQ,confirmation_24,conf_006,native,1.5223130704024026,0.1649805798045222,2080
augmentation,0.003,0.3,0,5030,5530,C_all,C_all (38 coordinates),38,38,38,0.0001,pysindy.STLSQ,confirmation_24,conf_006,common,1.5223130704024026,0.1649805798045222,2080
augmentation,0.003,0.3,0,5030,5530,C_all,C_all (38 coordinates),38,38,38,0.0001,pysindy.STLSQ,confirmation_24,conf_007,native,1.4673868268998842,0.1837997660456603,2040
augmentation,0.003,0.3,0,5030,5530,C_all,C_all (38 coordinates),38,38,38,0.0001,pysindy.STLSQ,confirmation_24,conf_007,common,1.4673868268998842,0.1837997660456603,2040
augmentation,0.003,0.3,0,5030,5530,C_all,C_all (38 coordinates),38,38,38,0.0001,pysindy.STLSQ,confirmation_24,conf_008,native,1.4392257643623518,0.1666478844164626,2103
augmentation,0.003,0.3,0,5030,5530,C_all,C_all (38 coordinates),38,38,38,0.0001,pysindy.STLSQ,confirmation_24,conf_008,common,1.4392257643623518,0.1666478844164626,2103
augmentation,0.003,0.3,0,5030,5530,C_all,C_all (38 coordinates),38,38,38,0.0001,pysindy.STLSQ,confirmation_24,conf_009,native,1.3634930019366829,0.1525783259616238,2070
augmentation,0.003,0.3,0,5030,5530,C_all,C_all (38 coordinates),38,38,38,0.0001,pysindy.STLSQ,confirmation_24,conf_009,common,1.3634930019366829,0.1525783259616238,2070
augmentation,0.003,0.3,0,5030,5530,C_all,C_all (38 coordinates),38,38,38,0.0001,pysindy.STLSQ,confirmation_24,conf_010,native,1.3973347365510955,0.1661847853039668,2068
augmentation,0.003,0.3,0,5030,5530,C_all,C_all (38 coordinates),38,38,38,0.0001,pysindy.STLSQ,confirmation_24,conf_010,common,1.3973347365510955,0.1661847853039668,2068
augmentation,0.003,0.3,0,5030,5530,C_all,C_all (38 coordinates),38,38,38,0.0001,pysindy.STLSQ,confirmation_24,conf_011,native,1.455356271420787,0.1635088257346758,2085
augmentation,0.003,0.3,0,5030,5530,C_all,C_all (38 coordinates),38,38,38,0.0001,pysindy.STLSQ,confirmation_24,conf_011,common,1.455356271420787,0.1635088257346758,2085
augmentation,0.003,0.3,0,5030,5530,C_all,C_all (38 coordinates),38,38,38,0.0001,pysindy.STLSQ,confirmation_24,conf_012,native,1.414521035254507,0.1514693168309569,2098
augmentation,0.003,0.3,0,5030,5530,C_all,C_all (38 coordinates),38,38,38,0.0001,pysindy.STLSQ,confirmation_24,conf_012,common,1.414521035254507,0.1514693168309569,2098
augmentation,0.003,0.3,0,5030,5530,C_all,C_all (38 coordinates),38,38,38,0.0001,pysindy.STLSQ,confirmation_24,conf_013,native,1.5724604192867329,0.1736584302029966,2107
augmentation,0.003,0.3,0,5030,5530,C_all,C_all (38 coordinates),38,38,38,0.0001,pysindy.STLSQ,confirmation_24,conf_013,common,1.5724604192867329,0.1736584302029966,2107
augmentation,0.003,0.3,0,5030,5530,C_all,C_all (38 coordinates),38,38,38,0.0001,pysindy.STLSQ,confirmation_24,conf_014,native,1.4866334598736404,0.1791828893088447,2068
augmentation,0.003,0.3,0,5030,5530,C_all,C_all (38 coordinates),38,38,38,0.0001,pysindy.STLSQ,confirmation_24,conf_014,common,1.4866334598736404,0.1791828893088447,2068
augmentation,0.003,0.3,0,5030,5530,C_all,C_all (38 coordinates),38,38,38,0.0001,pysindy.STLSQ,confirmation_24,conf_015,native,1.6018089812010434,0.1677520075851163,2042
augmentation,0.003,0.3,0,5030,5530,C_all,C_all (38 coordinates),38,38,38,0.0001,pysindy.STLSQ,confirmation_24,conf_015,common,1.6018089812010434,0.1677520075851163,2042
augmentation,0.003,0.3,0,5030,5530,C_all,C_all (38 coordinates),38,38,38,0.0001,pysindy.STLSQ,confirmation_24,conf_016,native,1.3400879447675962,0.156970214690536,2094
augmentation,0.003,0.3,0,5030,5530,C_all,C_all (38 coordinates),38,38,38,0.0001,pysindy.STLSQ,confirmation_24,conf_016,common,1.3400879447675962,0.156970214690536,2094
augmentation,0.003,0.3,0,5030,5530,C_all,C_all (38 coordinates),38,38,38,0.0001,pysindy.STLSQ,confirmation_24,conf_017,native,1.4673383213383204,0.1654381949343203,2089
augmentation,0.003,0.3,0,5030,5530,C_all,C_all (38 coordinates),38,38,38,0.0001,pysindy.STLSQ,confirmation_24,conf_017,common,1.4673383213383204,0.1654381949343203,2089
augmentation,0.003,0.3,0,5030,5530,C_all,C_all (38 coordinates),38,38,38,0.0001,pysindy.STLSQ,confirmation_24,conf_018,native,1.575552349943394,0.1673137004480224,2127
augmentation,0.003,0.3,0,5030,5530,C_all,C_all (38 coordinates),38,38,38,0.0001,pysindy.STLSQ,confirmation_24,conf_018,common,1.575552349943394,0.1673137004480224,2127
augmentation,0.003,0.3,0,5030,5530,C_all,C_all (38 coordinates),38,38,38,0.0001,pysindy.STLSQ,confirmation_24,conf_019,native,1.5135476721854,0.1590372353202158,2083
augmentation,0.003,0.3,0,5030,5530,C_all,C_all (38 coordinates),38,38,38,0.0001,pysindy.STLSQ,confirmation_24,conf_019,common,1.5135476721854,0.1590372353202158,2083
augmentation,0.003,0.3,0,5030,5530,C_all,C_all (38 coordinates),38,38,38,0.0001,pysindy.STLSQ,confirmation_24,conf_020,native,1.5003198076480626,0.1695562206527466,2111
augmentation,0.003,0.3,0,5030,5530,C_all,C_all (38 coordinates),38,38,38,0.0001,pysindy.STLSQ,confirmation_24,conf_020,common,1.5003198076480626,0.1695562206527466,2111
augmentation,0.003,0.3,0,5030,5530,C_all,C_all (38 coordinates),38,38,38,0.0001,pysindy.STLSQ,confirmation_24,conf_021,native,1.3831502214938785,0.1583493562149944,2084
augmentation,0.003,0.3,0,5030,5530,C_all,C_all (38 coordinates),38,38,38,0.0001,pysindy.STLSQ,confirmation_24,conf_021,common,1.3831502214938785,0.1583493562149944,2084
augmentation,0.003,0.3,0,5030,5530,C_all,C_all (38 coordinates),38,38,38,0.0001,pysindy.STLSQ,confirmation_24,conf_022,native,1.389465710502134,0.1574233433542073,2127
augmentation,0.003,0.3,0,5030,5530,C_all,C_all (38 coordinates),38,38,38,0.0001,pysindy.STLSQ,confirmation_24,conf_022,common,1.389465710502134,0.1574233433542073,2127
augmentation,0.003,0.3,0,5030,5530,C_all,C_all (38 coordinates),38,38,38,0.0001,pysindy.STLSQ,confirmation_24,conf_023,native,1.5926061007034764,0.1685851764688489,2076
augmentation,0.003,0.3,0,5030,5530,C_all,C_all (38 coordinates),38,38,38,0.0001,pysindy.STLSQ,confirmation_24,conf_023,common,1.5926061007034764,0.1685851764688489,2076
augmentation,0.003,0.3,1,5031,5531,C0_poly2,conventional quadratic,10,65,62,0.5,pysindy.STLSQ,confirmation_24,conf_000,native,3.018521233018102,0.3477108380119769,2397
augmentation,0.003,0.3,1,5031,5531,C0_poly2,conventional quadratic,10,65,62,0.5,pysindy.STLSQ,confirmation_24,conf_000,common,2.782906952403407,0.3158730576715576,2056
augmentation,0.003,0.3,1,5031,5531,C0_poly2,conventional quadratic,10,65,62,0.5,pysindy.STLSQ,confirmation_24,conf_001,native,2.534818318387189,0.2854671597744732,2397
augmentation,0.003,0.3,1,5031,5531,C0_poly2,conventional quadratic,10,65,62,0.5,pysindy.STLSQ,confirmation_24,conf_001,common,2.437883717816604,0.2624258023493764,2101
augmentation,0.003,0.3,1,5031,5531,C0_poly2,conventional quadratic,10,65,62,0.5,pysindy.STLSQ,confirmation_24,conf_002,native,1.9805313340666029,0.2693586146141593,2397
augmentation,0.003,0.3,1,5031,5531,C0_poly2,conventional quadratic,10,65,62,0.5,pysindy.STLSQ,confirmation_24,conf_002,common,1.881942693304616,0.2468717991232874,2110
augmentation,0.003,0.3,1,5031,5531,C0_poly2,conventional quadratic,10,65,62,0.5,pysindy.STLSQ,confirmation_24,conf_003,native,2.626484689376009,0.3303861160030953,2397
augmentation,0.003,0.3,1,5031,5531,C0_poly2,conventional quadratic,10,65,62,0.5,pysindy.STLSQ,confirmation_24,conf_003,common,2.5028961163299277,0.3139278593489516,2069
augmentation,0.003,0.3,1,5031,5531,C0_poly2,conventional quadratic,10,65,62,0.5,pysindy.STLSQ,confirmation_24,conf_004,native,2.740940237341493,0.3150742691596905,2397
augmentation,0.003,0.3,1,5031,5531,C0_poly2,conventional quadratic,10,65,62,0.5,pysindy.STLSQ,confirmation_24,conf_004,common,2.6736719453010744,0.2987757970509595,2087
augmentation,0.003,0.3,1,5031,5531,C0_poly2,conventional quadratic,10,65,62,0.5,pysindy.STLSQ,confirmation_24,conf_005,native,2.78026250246031,0.3233840471984129,2397
augmentation,0.003,0.3,1,5031,5531,C0_poly2,conventional quadratic,10,65,62,0.5,pysindy.STLSQ,confirmation_24,conf_005,common,2.51927206483123,0.2898970305843756,2012
augmentation,0.003,0.3,1,5031,5531,C0_poly2,conventional quadratic,10,65,62,0.5,pysindy.STLSQ,confirmation_24,conf_006,native,2.844645986185315,0.3182216312925705,2397
augmentation,0.003,0.3,1,5031,5531,C0_poly2,conventional quadratic,10,65,62,0.5,pysindy.STLSQ,confirmation_24,conf_006,common,2.801441110685877,0.3027116035954466,2082
augmentation,0.003,0.3,1,5031,5531,C0_poly2,conventional quadratic,10,65,62,0.5,pysindy.STLSQ,confirmation_24,conf_007,native,3.0145600734396023,0.3730120542412213,2397
augmentation,0.003,0.3,1,5031,5531,C0_poly2,conventional quadratic,10,65,62,0.5,pysindy.STLSQ,confirmation_24,conf_007,common,2.7653450142122136,0.3465749577759523,2036
augmentation,0.003,0.3,1,5031,5531,C0_poly2,conventional quadratic,10,65,62,0.5,pysindy.STLSQ,confirmation_24,conf_008,native,2.546671576002548,0.3037687803977761,2397
augmentation,0.003,0.3,1,5031,5531,C0_poly2,conventional quadratic,10,65,62,0.5,pysindy.STLSQ,confirmation_24,conf_008,common,2.473128624219252,0.2860882495056742,2092
augmentation,0.003,0.3,1,5031,5531,C0_poly2,conventional quadratic,10,65,62,0.5,pysindy.STLSQ,confirmation_24,conf_009,native,2.6835466384545965,0.3103904746596927,2397
augmentation,0.003,0.3,1,5031,5531,C0_poly2,conventional quadratic,10,65,62,0.5,pysindy.STLSQ,confirmation_24,conf_009,common,2.542903293515827,0.2838496325564527,2068
augmentation,0.003,0.3,1,5031,5531,C0_poly2,conventional quadratic,10,65,62,0.5,pysindy.STLSQ,confirmation_24,conf_010,native,2.8616661312185347,0.342820378974128,2397
augmentation,0.003,0.3,1,5031,5531,C0_poly2,conventional quadratic,10,65,62,0.5,pysindy.STLSQ,confirmation_24,conf_010,common,2.679097895544979,0.3181348149172974,2075
augmentation,0.003,0.3,1,5031,5531,C0_poly2,conventional quadratic,10,65,62,0.5,pysindy.STLSQ,confirmation_24,conf_011,native,2.709574705156741,0.3144596974496034,2397
augmentation,0.003,0.3,1,5031,5531,C0_poly2,conventional quadratic,10,65,62,0.5,pysindy.STLSQ,confirmation_24,conf_011,common,2.6710893115884127,0.3006221145961418,2081
augmentation,0.003,0.3,1,5031,5531,C0_poly2,conventional quadratic,10,65,62,0.5,pysindy.STLSQ,confirmation_24,conf_012,native,2.608298809539308,0.2920251776083727,2397
augmentation,0.003,0.3,1,5031,5531,C0_poly2,conventional quadratic,10,65,62,0.5,pysindy.STLSQ,confirmation_24,conf_012,common,2.4857426276066907,0.2660504550082885,2089
augmentation,0.003,0.3,1,5031,5531,C0_poly2,conventional quadratic,10,65,62,0.5,pysindy.STLSQ,confirmation_24,conf_013,native,2.673342241441776,0.3049219140848194,2397
augmentation,0.003,0.3,1,5031,5531,C0_poly2,conventional quadratic,10,65,62,0.5,pysindy.STLSQ,confirmation_24,conf_013,common,2.609056516571309,0.2861330353636385,2091
augmentation,0.003,0.3,1,5031,5531,C0_poly2,conventional quadratic,10,65,62,0.5,pysindy.STLSQ,confirmation_24,conf_014,native,2.91809924973994,0.3527836394991873,2397
augmentation,0.003,0.3,1,5031,5531,C0_poly2,conventional quadratic,10,65,62,0.5,pysindy.STLSQ,confirmation_24,conf_014,common,2.748127454528912,0.3310343177550663,2064
augmentation,0.003,0.3,1,5031,5531,C0_poly2,conventional quadratic,10,65,62,0.5,pysindy.STLSQ,confirmation_24,conf_015,native,3.071690370837964,0.3325605363716009,2397
augmentation,0.003,0.3,1,5031,5531,C0_poly2,conventional quadratic,10,65,62,0.5,pysindy.STLSQ,confirmation_24,conf_015,common,2.9082785601458605,0.3045585921322153,2049
augmentation,0.003,0.3,1,5031,5531,C0_poly2,conventional quadratic,10,65,62,0.5,pysindy.STLSQ,confirmation_24,conf_016,native,2.640432028346213,0.3170195023928276,2397
augmentation,0.003,0.3,1,5031,5531,C0_poly2,conventional quadratic,10,65,62,0.5,pysindy.STLSQ,confirmation_24,conf_016,common,2.525181870806448,0.2949419333112733,2091
augmentation,0.003,0.3,1,5031,5531,C0_poly2,conventional quadratic,10,65,62,0.5,pysindy.STLSQ,confirmation_24,conf_017,native,2.698345305654368,0.3132188782992563,2397
augmentation,0.003,0.3,1,5031,5531,C0_poly2,conventional quadratic,10,65,62,0.5,pysindy.STLSQ,confirmation_24,conf_017,common,2.603542738489541,0.2934789512768609,2092
augmentation,0.003,0.3,1,5031,5531,C0_poly2,conventional quadratic,10,65,62,0.5,pysindy.STLSQ,confirmation_24,conf_018,native,2.6426671016782475,0.2923390380526822,2397
augmentation,0.003,0.3,1,5031,5531,C0_poly2,conventional quadratic,10,65,62,0.5,pysindy.STLSQ,confirmation_24,conf_018,common,2.542102967445961,0.2692258554120629,2105
augmentation,0.003,0.3,1,5031,5531,C0_poly2,conventional quadratic,10,65,62,0.5,pysindy.STLSQ,confirmation_24,conf_019,native,2.7528232544501567,0.3021276959323307,2397
augmentation,0.003,0.3,1,5031,5531,C0_poly2,conventional quadratic,10,65,62,0.5,pysindy.STLSQ,confirmation_24,conf_019,common,2.6452579029277508,0.2766761901435129,2059
augmentation,0.003,0.3,1,5031,5531,C0_poly2,conventional quadratic,10,65,62,0.5,pysindy.STLSQ,confirmation_24,conf_020,native,2.8188209607174977,0.3256534982862544,2397
augmentation,0.003,0.3,1,5031,5531,C0_poly2,conventional quadratic,10,65,62,0.5,pysindy.STLSQ,confirmation_24,conf_020,common,2.7110555849245137,0.305426633286522,2097
augmentation,0.003,0.3,1,5031,5531,C0_poly2,conventional quadratic,10,65,62,0.5,pysindy.STLSQ,confirmation_24,conf_021,native,2.504356677053502,0.2971872674424808,2397
augmentation,0.003,0.3,1,5031,5531,C0_poly2,conventional quadratic,10,65,62,0.5,pysindy.STLSQ,confirmation_24,conf_021,common,2.3998008768262773,0.2758645509893002,2101
augmentation,0.003,0.3,1,5031,5531,C0_poly2,conventional quadratic,10,65,62,0.5,pysindy.STLSQ,confirmation_24,conf_022,native,2.456340432483026,0.2882949219434619,2397
augmentation,0.003,0.3,1,5031,5531,C0_poly2,conventional quadratic,10,65,62,0.5,pysindy.STLSQ,confirmation_24,conf_022,common,2.3972551798157107,0.2711856613061819,2104
augmentation,0.003,0.3,1,5031,5531,C0_poly2,conventional quadratic,10,65,62,0.5,pysindy.STLSQ,confirmation_24,conf_023,native,2.7721870632331345,0.3046939945862148,2397
augmentation,0.003,0.3,1,5031,5531,C0_poly2,conventional quadratic,10,65,62,0.5,pysindy.STLSQ,confirmation_24,conf_023,common,2.699330354484747,0.2853877103910188,2065
augmentation,0.003,0.3,1,5031,5531,C_compact,compact (12 coordinates),12,12,12,0.0001,pysindy.STLSQ,confirmation_24,conf_000,native,2.021833820039987,0.2352172668724808,2250
augmentation,0.003,0.3,1,5031,5531,C_compact,compact (12 coordinates),12,12,12,0.0001,pysindy.STLSQ,confirmation_24,conf_000,common,1.731776491768301,0.196564795379217,2056
augmentation,0.003,0.3,1,5031,5531,C_compact,compact (12 coordinates),12,12,12,0.0001,pysindy.STLSQ,confirmation_24,conf_001,native,2.204286772143025,0.2424393125891206,2263
augmentation,0.003,0.3,1,5031,5531,C_compact,compact (12 coordinates),12,12,12,0.0001,pysindy.STLSQ,confirmation_24,conf_001,common,2.080230918650321,0.2239262947240612,2101
augmentation,0.003,0.3,1,5031,5531,C_compact,compact (12 coordinates),12,12,12,0.0001,pysindy.STLSQ,confirmation_24,conf_002,native,1.4842797530275205,0.200225460589627,2324
augmentation,0.003,0.3,1,5031,5531,C_compact,compact (12 coordinates),12,12,12,0.0001,pysindy.STLSQ,confirmation_24,conf_002,common,1.3611864152938271,0.1785593899757357,2110
augmentation,0.003,0.3,1,5031,5531,C_compact,compact (12 coordinates),12,12,12,0.0001,pysindy.STLSQ,confirmation_24,conf_003,native,1.593043406774722,0.2040570693261222,2246
augmentation,0.003,0.3,1,5031,5531,C_compact,compact (12 coordinates),12,12,12,0.0001,pysindy.STLSQ,confirmation_24,conf_003,common,1.5144262769273082,0.1899481948754294,2069
augmentation,0.003,0.3,1,5031,5531,C_compact,compact (12 coordinates),12,12,12,0.0001,pysindy.STLSQ,confirmation_24,conf_004,native,1.904219157644492,0.2163985699346184,2257
augmentation,0.003,0.3,1,5031,5531,C_compact,compact (12 coordinates),12,12,12,0.0001,pysindy.STLSQ,confirmation_24,conf_004,common,1.7185576312195494,0.1920442883608183,2087
augmentation,0.003,0.3,1,5031,5531,C_compact,compact (12 coordinates),12,12,12,0.0001,pysindy.STLSQ,confirmation_24,conf_005,native,1.6281603374224878,0.1919019562419677,2189
augmentation,0.003,0.3,1,5031,5531,C_compact,compact (12 coordinates),12,12,12,0.0001,pysindy.STLSQ,confirmation_24,conf_005,common,1.4914709100909147,0.1716261590299092,2012
augmentation,0.003,0.3,1,5031,5531,C_compact,compact (12 coordinates),12,12,12,0.0001,pysindy.STLSQ,confirmation_24,conf_006,native,2.2019049932732013,0.2431272951616648,2260
augmentation,0.003,0.3,1,5031,5531,C_compact,compact (12 coordinates),12,12,12,0.0001,pysindy.STLSQ,confirmation_24,conf_006,common,1.9618138840898585,0.2119851188530808,2082
augmentation,0.003,0.3,1,5031,5531,C_compact,compact (12 coordinates),12,12,12,0.0001,pysindy.STLSQ,confirmation_24,conf_007,native,1.545120925769038,0.1981239831738378,2226
augmentation,0.003,0.3,1,5031,5531,C_compact,compact (12 coordinates),12,12,12,0.0001,pysindy.STLSQ,confirmation_24,conf_007,common,1.423998980918134,0.1784668401766479,2036
augmentation,0.003,0.3,1,5031,5531,C_compact,compact (12 coordinates),12,12,12,0.0001,pysindy.STLSQ,confirmation_24,conf_008,native,1.8119699820267312,0.214221691669286,2264
augmentation,0.003,0.3,1,5031,5531,C_compact,compact (12 coordinates),12,12,12,0.0001,pysindy.STLSQ,confirmation_24,conf_008,common,1.6837049835522753,0.1947687664569067,2092
augmentation,0.003,0.3,1,5031,5531,C_compact,compact (12 coordinates),12,12,12,0.0001,pysindy.STLSQ,confirmation_24,conf_009,native,1.979036256943924,0.2260677750346413,2238
augmentation,0.003,0.3,1,5031,5531,C_compact,compact (12 coordinates),12,12,12,0.0001,pysindy.STLSQ,confirmation_24,conf_009,common,1.8100037187720388,0.20204027884557,2068
augmentation,0.003,0.3,1,5031,5531,C_compact,compact (12 coordinates),12,12,12,0.0001,pysindy.STLSQ,confirmation_24,conf_010,native,1.818806999238349,0.2205708302018545,2262
augmentation,0.003,0.3,1,5031,5531,C_compact,compact (12 coordinates),12,12,12,0.0001,pysindy.STLSQ,confirmation_24,conf_010,common,1.699693312168853,0.2018334672212533,2075
augmentation,0.003,0.3,1,5031,5531,C_compact,compact (12 coordinates),12,12,12,0.0001,pysindy.STLSQ,confirmation_24,conf_011,native,1.9549239847375024,0.2240872662193915,2251
augmentation,0.003,0.3,1,5031,5531,C_compact,compact (12 coordinates),12,12,12,0.0001,pysindy.STLSQ,confirmation_24,conf_011,common,1.8056852426755647,0.2032237984679638,2081
augmentation,0.003,0.3,1,5031,5531,C_compact,compact (12 coordinates),12,12,12,0.0001,pysindy.STLSQ,confirmation_24,conf_012,native,2.389053599529077,0.2605970514445779,2242
augmentation,0.003,0.3,1,5031,5531,C_compact,compact (12 coordinates),12,12,12,0.0001,pysindy.STLSQ,confirmation_24,conf_012,common,2.2620319992599702,0.2421065785180904,2089
augmentation,0.003,0.3,1,5031,5531,C_compact,compact (12 coordinates),12,12,12,0.0001,pysindy.STLSQ,confirmation_24,conf_013,native,2.115899921376762,0.2378519177891095,2286
augmentation,0.003,0.3,1,5031,5531,C_compact,compact (12 coordinates),12,12,12,0.0001,pysindy.STLSQ,confirmation_24,conf_013,common,1.913766830705816,0.2098811998782316,2091
augmentation,0.003,0.3,1,5031,5531,C_compact,compact (12 coordinates),12,12,12,0.0001,pysindy.STLSQ,confirmation_24,conf_014,native,1.7056223942862767,0.2098810455175313,2248
augmentation,0.003,0.3,1,5031,5531,C_compact,compact (12 coordinates),12,12,12,0.0001,pysindy.STLSQ,confirmation_24,conf_014,common,1.519411410491947,0.1830254702461337,2064
augmentation,0.003,0.3,1,5031,5531,C_compact,compact (12 coordinates),12,12,12,0.0001,pysindy.STLSQ,confirmation_24,conf_015,native,2.467433984651565,0.2640289287189986,2224
augmentation,0.003,0.3,1,5031,5531,C_compact,compact (12 coordinates),12,12,12,0.0001,pysindy.STLSQ,confirmation_24,conf_015,common,2.198135885476684,0.230191557222257,2049
augmentation,0.003,0.3,1,5031,5531,C_compact,compact (12 coordinates),12,12,12,0.0001,pysindy.STLSQ,confirmation_24,conf_016,native,2.122338881358848,0.2543539071600901,2287
augmentation,0.003,0.3,1,5031,5531,C_compact,compact (12 coordinates),12,12,12,0.0001,pysindy.STLSQ,confirmation_24,conf_016,common,1.885898429746492,0.2202734525099714,2091
augmentation,0.003,0.3,1,5031,5531,C_compact,compact (12 coordinates),12,12,12,0.0001,pysindy.STLSQ,confirmation_24,conf_017,native,2.084246874426903,0.2405113638677684,2273
augmentation,0.003,0.3,1,5031,5531,C_compact,compact (12 coordinates),12,12,12,0.0001,pysindy.STLSQ,confirmation_24,conf_017,common,1.8907796626093127,0.2131342129609628,2092
augmentation,0.003,0.3,1,5031,5531,C_compact,compact (12 coordinates),12,12,12,0.0001,pysindy.STLSQ,confirmation_24,conf_018,native,2.6480425452595795,0.2865002898904633,2285
augmentation,0.003,0.3,1,5031,5531,C_compact,compact (12 coordinates),12,12,12,0.0001,pysindy.STLSQ,confirmation_24,conf_018,common,2.4391261541482687,0.2583199161158535,2105
augmentation,0.003,0.3,1,5031,5531,C_compact,compact (12 coordinates),12,12,12,0.0001,pysindy.STLSQ,confirmation_24,conf_019,native,2.29235568931929,0.2457118614954765,2246
augmentation,0.003,0.3,1,5031,5531,C_compact,compact (12 coordinates),12,12,12,0.0001,pysindy.STLSQ,confirmation_24,conf_019,common,2.048686321725978,0.2142788140494414,2059
augmentation,0.003,0.3,1,5031,5531,C_compact,compact (12 coordinates),12,12,12,0.0001,pysindy.STLSQ,confirmation_24,conf_020,native,2.022888255745092,0.2334210815739324,2284
augmentation,0.003,0.3,1,5031,5531,C_compact,compact (12 coordinates),12,12,12,0.0001,pysindy.STLSQ,confirmation_24,conf_020,common,1.808578779069067,0.2037538922463274,2097
augmentation,0.003,0.3,1,5031,5531,C_compact,compact (12 coordinates),12,12,12,0.0001,pysindy.STLSQ,confirmation_24,conf_021,native,2.095190661225435,0.2459982570647629,2291
augmentation,0.003,0.3,1,5031,5531,C_compact,compact (12 coordinates),12,12,12,0.0001,pysindy.STLSQ,confirmation_24,conf_021,common,1.9559036963531051,0.2248371938618227,2101
augmentation,0.003,0.3,1,5031,5531,C_compact,compact (12 coordinates),12,12,12,0.0001,pysindy.STLSQ,confirmation_24,conf_022,native,2.155128672536322,0.2490967072415274,2304
augmentation,0.003,0.3,1,5031,5531,C_compact,compact (12 coordinates),12,12,12,0.0001,pysindy.STLSQ,confirmation_24,conf_022,common,1.936799999700542,0.2190974048816037,2104
augmentation,0.003,0.3,1,5031,5531,C_compact,compact (12 coordinates),12,12,12,0.0001,pysindy.STLSQ,confirmation_24,conf_023,native,2.082104381213404,0.2246940390108347,2243
augmentation,0.003,0.3,1,5031,5531,C_compact,compact (12 coordinates),12,12,12,0.0001,pysindy.STLSQ,confirmation_24,conf_023,common,1.866582158396291,0.1973450961852078,2065
augmentation,0.003,0.3,1,5031,5531,C_all,C_all (38 coordinates),38,38,38,0.0001,pysindy.STLSQ,confirmation_24,conf_000,native,1.4705431115974896,0.166913575280332,2056
augmentation,0.003,0.3,1,5031,5531,C_all,C_all (38 coordinates),38,38,38,0.0001,pysindy.STLSQ,confirmation_24,conf_000,common,1.4705431115974896,0.166913575280332,2056
augmentation,0.003,0.3,1,5031,5531,C_all,C_all (38 coordinates),38,38,38,0.0001,pysindy.STLSQ,confirmation_24,conf_001,native,1.406562404183615,0.1514093001133538,2101
augmentation,0.003,0.3,1,5031,5531,C_all,C_all (38 coordinates),38,38,38,0.0001,pysindy.STLSQ,confirmation_24,conf_001,common,1.406562404183615,0.1514093001133538,2101
augmentation,0.003,0.3,1,5031,5531,C_all,C_all (38 coordinates),38,38,38,0.0001,pysindy.STLSQ,confirmation_24,conf_002,native,0.9923978154438344,0.1301819842954081,2110
augmentation,0.003,0.3,1,5031,5531,C_all,C_all (38 coordinates),38,38,38,0.0001,pysindy.STLSQ,confirmation_24,conf_002,common,0.9923978154438344,0.1301819842954081,2110
augmentation,0.003,0.3,1,5031,5531,C_all,C_all (38 coordinates),38,38,38,0.0001,pysindy.STLSQ,confirmation_24,conf_003,native,1.3097610934269064,0.164277891373679,2069
augmentation,0.003,0.3,1,5031,5531,C_all,C_all (38 coordinates),38,38,38,0.0001,pysindy.STLSQ,confirmation_24,conf_003,common,1.3097610934269064,0.164277891373679,2069
augmentation,0.003,0.3,1,5031,5531,C_all,C_all (38 coordinates),38,38,38,0.0001,pysindy.STLSQ,confirmation_24,conf_004,native,1.392753247672492,0.1556365067150386,2087
augmentation,0.003,0.3,1,5031,5531,C_all,C_all (38 coordinates),38,38,38,0.0001,pysindy.STLSQ,confirmation_24,conf_004,common,1.392753247672492,0.1556365067150386,2087
augmentation,0.003,0.3,1,5031,5531,C_all,C_all (38 coordinates),38,38,38,0.0001,pysindy.STLSQ,confirmation_24,conf_005,native,1.2515305245742798,0.1440158003673554,2012
augmentation,0.003,0.3,1,5031,5531,C_all,C_all (38 coordinates),38,38,38,0.0001,pysindy.STLSQ,confirmation_24,conf_005,common,1.2515305245742798,0.1440158003673554,2012
augmentation,0.003,0.3,1,5031,5531,C_all,C_all (38 coordinates),38,38,38,0.0001,pysindy.STLSQ,confirmation_24,conf_006,native,1.5319176165955697,0.1655323885006543,2082
augmentation,0.003,0.3,1,5031,5531,C_all,C_all (38 coordinates),38,38,38,0.0001,pysindy.STLSQ,confirmation_24,conf_006,common,1.5319176165955697,0.1655323885006543,2082
augmentation,0.003,0.3,1,5031,5531,C_all,C_all (38 coordinates),38,38,38,0.0001,pysindy.STLSQ,confirmation_24,conf_007,native,1.3861467131276828,0.1737228939262605,2036
augmentation,0.003,0.3,1,5031,5531,C_all,C_all (38 coordinates),38,38,38,0.0001,pysindy.STLSQ,confirmation_24,conf_007,common,1.3861467131276828,0.1737228939262605,2036
augmentation,0.003,0.3,1,5031,5531,C_all,C_all (38 coordinates),38,38,38,0.0001,pysindy.STLSQ,confirmation_24,conf_008,native,1.351128549358801,0.1562967642514868,2092
augmentation,0.003,0.3,1,5031,5531,C_all,C_all (38 coordinates),38,38,38,0.0001,pysindy.STLSQ,confirmation_24,conf_008,common,1.351128549358801,0.1562967642514868,2092
augmentation,0.003,0.3,1,5031,5531,C_all,C_all (38 coordinates),38,38,38,0.0001,pysindy.STLSQ,confirmation_24,conf_009,native,1.3669002351611694,0.1525791918556937,2068
augmentation,0.003,0.3,1,5031,5531,C_all,C_all (38 coordinates),38,38,38,0.0001,pysindy.STLSQ,confirmation_24,conf_009,common,1.3669002351611694,0.1525791918556937,2068
augmentation,0.003,0.3,1,5031,5531,C_all,C_all (38 coordinates),38,38,38,0.0001,pysindy.STLSQ,confirmation_24,conf_010,native,1.4724067161198318,0.1748438677417131,2075
augmentation,0.003,0.3,1,5031,5531,C_all,C_all (38 coordinates),38,38,38,0.0001,pysindy.STLSQ,confirmation_24,conf_010,common,1.4724067161198318,0.1748438677417131,2075
augmentation,0.003,0.3,1,5031,5531,C_all,C_all (38 coordinates),38,38,38,0.0001,pysindy.STLSQ,confirmation_24,conf_011,native,1.3988226471075624,0.1574327823087203,2081
augmentation,0.003,0.3,1,5031,5531,C_all,C_all (38 coordinates),38,38,38,0.0001,pysindy.STLSQ,confirmation_24,conf_011,common,1.3988226471075624,0.1574327823087203,2081
augmentation,0.003,0.3,1,5031,5531,C_all,C_all (38 coordinates),38,38,38,0.0001,pysindy.STLSQ,confirmation_24,conf_012,native,1.5205164488586946,0.1627417450920629,2089
augmentation,0.003,0.3,1,5031,5531,C_all,C_all (38 coordinates),38,38,38,0.0001,pysindy.STLSQ,confirmation_24,conf_012,common,1.5205164488586946,0.1627417450920629,2089
augmentation,0.003,0.3,1,5031,5531,C_all,C_all (38 coordinates),38,38,38,0.0001,pysindy.STLSQ,confirmation_24,conf_013,native,1.455918040765174,0.1596693078892279,2091
augmentation,0.003,0.3,1,5031,5531,C_all,C_all (38 coordinates),38,38,38,0.0001,pysindy.STLSQ,confirmation_24,conf_013,common,1.455918040765174,0.1596693078892279,2091
augmentation,0.003,0.3,1,5031,5531,C_all,C_all (38 coordinates),38,38,38,0.0001,pysindy.STLSQ,confirmation_24,conf_014,native,1.4676910367167122,0.176795330294471,2064
augmentation,0.003,0.3,1,5031,5531,C_all,C_all (38 coordinates),38,38,38,0.0001,pysindy.STLSQ,confirmation_24,conf_014,common,1.4676910367167122,0.176795330294471,2064
augmentation,0.003,0.3,1,5031,5531,C_all,C_all (38 coordinates),38,38,38,0.0001,pysindy.STLSQ,confirmation_24,conf_015,native,1.7030963770091296,0.1783503966763633,2049
augmentation,0.003,0.3,1,5031,5531,C_all,C_all (38 coordinates),38,38,38,0.0001,pysindy.STLSQ,confirmation_24,conf_015,common,1.7030963770091296,0.1783503966763633,2049
augmentation,0.003,0.3,1,5031,5531,C_all,C_all (38 coordinates),38,38,38,0.0001,pysindy.STLSQ,confirmation_24,conf_016,native,1.4327351650977431,0.1673438592294425,2091
augmentation,0.003,0.3,1,5031,5531,C_all,C_all (38 coordinates),38,38,38,0.0001,pysindy.STLSQ,confirmation_24,conf_016,common,1.4327351650977431,0.1673438592294425,2091
augmentation,0.003,0.3,1,5031,5531,C_all,C_all (38 coordinates),38,38,38,0.0001,pysindy.STLSQ,confirmation_24,conf_017,native,1.4742984417613114,0.1661872317902639,2092
augmentation,0.003,0.3,1,5031,5531,C_all,C_all (38 coordinates),38,38,38,0.0001,pysindy.STLSQ,confirmation_24,conf_017,common,1.4742984417613114,0.1661872317902639,2092
augmentation,0.003,0.3,1,5031,5531,C_all,C_all (38 coordinates),38,38,38,0.0001,pysindy.STLSQ,confirmation_24,conf_018,native,1.6038721558745108,0.1698608823743815,2105
augmentation,0.003,0.3,1,5031,5531,C_all,C_all (38 coordinates),38,38,38,0.0001,pysindy.STLSQ,confirmation_24,conf_018,common,1.6038721558745108,0.1698608823743815,2105
augmentation,0.003,0.3,1,5031,5531,C_all,C_all (38 coordinates),38,38,38,0.0001,pysindy.STLSQ,confirmation_24,conf_019,native,1.4874099535656655,0.1555730799173149,2059
augmentation,0.003,0.3,1,5031,5531,C_all,C_all (38 coordinates),38,38,38,0.0001,pysindy.STLSQ,confirmation_24,conf_019,common,1.4874099535656655,0.1555730799173149,2059
augmentation,0.003,0.3,1,5031,5531,C_all,C_all (38 coordinates),38,38,38,0.0001,pysindy.STLSQ,confirmation_24,conf_020,native,1.5149937821344563,0.1706787027534242,2097
augmentation,0.003,0.3,1,5031,5531,C_all,C_all (38 coordinates),38,38,38,0.0001,pysindy.STLSQ,confirmation_24,conf_020,common,1.5149937821344563,0.1706787027534242,2097
augmentation,0.003,0.3,1,5031,5531,C_all,C_all (38 coordinates),38,38,38,0.0001,pysindy.STLSQ,confirmation_24,conf_021,native,1.3980751484047729,0.160713072817125,2101
augmentation,0.003,0.3,1,5031,5531,C_all,C_all (38 coordinates),38,38,38,0.0001,pysindy.STLSQ,confirmation_24,conf_021,common,1.3980751484047729,0.160713072817125,2101
augmentation,0.003,0.3,1,5031,5531,C_all,C_all (38 coordinates),38,38,38,0.0001,pysindy.STLSQ,confirmation_24,conf_022,native,1.4184393586756854,0.1604586857268791,2104
augmentation,0.003,0.3,1,5031,5531,C_all,C_all (38 coordinates),38,38,38,0.0001,pysindy.STLSQ,confirmation_24,conf_022,common,1.4184393586756854,0.1604586857268791,2104
augmentation,0.003,0.3,1,5031,5531,C_all,C_all (38 coordinates),38,38,38,0.0001,pysindy.STLSQ,confirmation_24,conf_023,native,1.445304303586,0.1528053375658156,2065
augmentation,0.003,0.3,1,5031,5531,C_all,C_all (38 coordinates),38,38,38,0.0001,pysindy.STLSQ,confirmation_24,conf_023,common,1.445304303586,0.1528053375658156,2065
augmentation,0.003,0.3,2,5032,5532,C0_poly2,conventional quadratic,10,65,62,0.5,pysindy.STLSQ,confirmation_24,conf_000,native,3.0208589230639187,0.347980122241603,2397
augmentation,0.003,0.3,2,5032,5532,C0_poly2,conventional quadratic,10,65,62,0.5,pysindy.STLSQ,confirmation_24,conf_000,common,2.7828463711836693,0.3171930046404304,2066
augmentation,0.003,0.3,2,5032,5532,C0_poly2,conventional quadratic,10,65,62,0.5,pysindy.STLSQ,confirmation_24,conf_001,native,2.514726165299781,0.2832044138277477,2397
augmentation,0.003,0.3,2,5032,5532,C0_poly2,conventional quadratic,10,65,62,0.5,pysindy.STLSQ,confirmation_24,conf_001,common,2.4160444389869573,0.2607497608122545,2104
augmentation,0.003,0.3,2,5032,5532,C0_poly2,conventional quadratic,10,65,62,0.5,pysindy.STLSQ,confirmation_24,conf_002,native,1.9730376498863484,0.2683394495272809,2397
augmentation,0.003,0.3,2,5032,5532,C0_poly2,conventional quadratic,10,65,62,0.5,pysindy.STLSQ,confirmation_24,conf_002,common,1.8858901642111092,0.2481820651680163,2117
augmentation,0.003,0.3,2,5032,5532,C0_poly2,conventional quadratic,10,65,62,0.5,pysindy.STLSQ,confirmation_24,conf_003,native,2.6274561392808016,0.3305083149111011,2397
augmentation,0.003,0.3,2,5032,5532,C0_poly2,conventional quadratic,10,65,62,0.5,pysindy.STLSQ,confirmation_24,conf_003,common,2.4736385744686817,0.3094094691103038,2059
augmentation,0.003,0.3,2,5032,5532,C0_poly2,conventional quadratic,10,65,62,0.5,pysindy.STLSQ,confirmation_24,conf_004,native,2.7522992523918948,0.3163800011550917,2397
augmentation,0.003,0.3,2,5032,5532,C0_poly2,conventional quadratic,10,65,62,0.5,pysindy.STLSQ,confirmation_24,conf_004,common,2.7091193260724737,0.3029169476364092,2098
augmentation,0.003,0.3,2,5032,5532,C0_poly2,conventional quadratic,10,65,62,0.5,pysindy.STLSQ,confirmation_24,conf_005,native,2.79435130758038,0.3250227754896754,2397
augmentation,0.003,0.3,2,5032,5532,C0_poly2,conventional quadratic,10,65,62,0.5,pysindy.STLSQ,confirmation_24,conf_005,common,2.5279608171712384,0.2917626591908495,2010
augmentation,0.003,0.3,2,5032,5532,C0_poly2,conventional quadratic,10,65,62,0.5,pysindy.STLSQ,confirmation_24,conf_006,native,2.8077334068979725,0.3140923367325165,2397
augmentation,0.003,0.3,2,5032,5532,C0_poly2,conventional quadratic,10,65,62,0.5,pysindy.STLSQ,confirmation_24,conf_006,common,2.7501187456608776,0.2978613584434696,2086
augmentation,0.003,0.3,2,5032,5532,C0_poly2,conventional quadratic,10,65,62,0.5,pysindy.STLSQ,confirmation_24,conf_007,native,3.0138593118342207,0.3729253442339272,2397
augmentation,0.003,0.3,2,5032,5532,C0_poly2,conventional quadratic,10,65,62,0.5,pysindy.STLSQ,confirmation_24,conf_007,common,2.77675645318725,0.3483729711583626,2037
augmentation,0.003,0.3,2,5032,5532,C0_poly2,conventional quadratic,10,65,62,0.5,pysindy.STLSQ,confirmation_24,conf_008,native,2.573411554586763,0.3069583438887779,2397
augmentation,0.003,0.3,2,5032,5532,C0_poly2,conventional quadratic,10,65,62,0.5,pysindy.STLSQ,confirmation_24,conf_008,common,2.498679459628726,0.2900795782915103,2110
augmentation,0.003,0.3,2,5032,5532,C0_poly2,conventional quadratic,10,65,62,0.5,pysindy.STLSQ,confirmation_24,conf_009,native,2.6874892878666707,0.3108464983430132,2397
augmentation,0.003,0.3,2,5032,5532,C0_poly2,conventional quadratic,10,65,62,0.5,pysindy.STLSQ,confirmation_24,conf_009,common,2.5493422887911943,0.2861825676514572,2072
augmentation,0.003,0.3,2,5032,5532,C0_poly2,conventional quadratic,10,65,62,0.5,pysindy.STLSQ,confirmation_24,conf_010,native,2.861359105228794,0.3427835980355657,2397
augmentation,0.003,0.3,2,5032,5532,C0_poly2,conventional quadratic,10,65,62,0.5,pysindy.STLSQ,confirmation_24,conf_010,common,2.7024693054709785,0.3206207305364736,2090
augmentation,0.003,0.3,2,5032,5532,C0_poly2,conventional quadratic,10,65,62,0.5,pysindy.STLSQ,confirmation_24,conf_011,native,2.7030446763172704,0.3137018549404859,2397
augmentation,0.003,0.3,2,5032,5532,C0_poly2,conventional quadratic,10,65,62,0.5,pysindy.STLSQ,confirmation_24,conf_011,common,2.6612734448774638,0.2988803293002603,2072
augmentation,0.003,0.3,2,5032,5532,C0_poly2,conventional quadratic,10,65,62,0.5,pysindy.STLSQ,confirmation_24,conf_012,native,2.597305230157004,0.2907943362799452,2397
augmentation,0.003,0.3,2,5032,5532,C0_poly2,conventional quadratic,10,65,62,0.5,pysindy.STLSQ,confirmation_24,conf_012,common,2.4841839718010177,0.2653142646024851,2074
augmentation,0.003,0.3,2,5032,5532,C0_poly2,conventional quadratic,10,65,62,0.5,pysindy.STLSQ,confirmation_24,conf_013,native,2.676072990149251,0.3052333837911145,2397
augmentation,0.003,0.3,2,5032,5532,C0_poly2,conventional quadratic,10,65,62,0.5,pysindy.STLSQ,confirmation_24,conf_013,common,2.6108447053031063,0.2864350773519384,2089
augmentation,0.003,0.3,2,5032,5532,C0_poly2,conventional quadratic,10,65,62,0.5,pysindy.STLSQ,confirmation_24,conf_014,native,2.90713466006454,0.3514580753150193,2397
augmentation,0.003,0.3,2,5032,5532,C0_poly2,conventional quadratic,10,65,62,0.5,pysindy.STLSQ,confirmation_24,conf_014,common,2.7215609982541493,0.326803463415439,2058
augmentation,0.003,0.3,2,5032,5532,C0_poly2,conventional quadratic,10,65,62,0.5,pysindy.STLSQ,confirmation_24,conf_015,native,3.066821742121045,0.3320334279778434,2397
augmentation,0.003,0.3,2,5032,5532,C0_poly2,conventional quadratic,10,65,62,0.5,pysindy.STLSQ,confirmation_24,conf_015,common,2.879742918231204,0.3009681138769466,2048
augmentation,0.003,0.3,2,5032,5532,C0_poly2,conventional quadratic,10,65,62,0.5,pysindy.STLSQ,confirmation_24,conf_016,native,2.646450727358157,0.317742128442404,2397
augmentation,0.003,0.3,2,5032,5532,C0_poly2,conventional quadratic,10,65,62,0.5,pysindy.STLSQ,confirmation_24,conf_016,common,2.5228389187563804,0.2958432054601473,2102
augmentation,0.003,0.3,2,5032,5532,C0_poly2,conventional quadratic,10,65,62,0.5,pysindy.STLSQ,confirmation_24,conf_017,native,2.690942902966331,0.3123596212346368,2397
augmentation,0.003,0.3,2,5032,5532,C0_poly2,conventional quadratic,10,65,62,0.5,pysindy.STLSQ,confirmation_24,conf_017,common,2.596453006619332,0.2935859082618686,2102
augmentation,0.003,0.3,2,5032,5532,C0_poly2,conventional quadratic,10,65,62,0.5,pysindy.STLSQ,confirmation_24,conf_018,native,2.611678558926364,0.2889110009862703,2397
augmentation,0.003,0.3,2,5032,5532,C0_poly2,conventional quadratic,10,65,62,0.5,pysindy.STLSQ,confirmation_24,conf_018,common,2.480624077067617,0.2625874260516593,2102
augmentation,0.003,0.3,2,5032,5532,C0_poly2,conventional quadratic,10,65,62,0.5,pysindy.STLSQ,confirmation_24,conf_019,native,2.75583271342301,0.3024579898965367,2397
augmentation,0.003,0.3,2,5032,5532,C0_poly2,conventional quadratic,10,65,62,0.5,pysindy.STLSQ,confirmation_24,conf_019,common,2.66452658049397,0.2795989047764772,2080
augmentation,0.003,0.3,2,5032,5532,C0_poly2,conventional quadratic,10,65,62,0.5,pysindy.STLSQ,confirmation_24,conf_020,native,2.828172384543174,0.3267338520672245,2397
augmentation,0.003,0.3,2,5032,5532,C0_poly2,conventional quadratic,10,65,62,0.5,pysindy.STLSQ,confirmation_24,conf_020,common,2.717469204012029,0.3069023634222738,2103
augmentation,0.003,0.3,2,5032,5532,C0_poly2,conventional quadratic,10,65,62,0.5,pysindy.STLSQ,confirmation_24,conf_021,native,2.5190150329517254,0.2989267467964032,2397
augmentation,0.003,0.3,2,5032,5532,C0_poly2,conventional quadratic,10,65,62,0.5,pysindy.STLSQ,confirmation_24,conf_021,common,2.4219186304101146,0.2789312707937137,2125
augmentation,0.003,0.3,2,5032,5532,C0_poly2,conventional quadratic,10,65,62,0.5,pysindy.STLSQ,confirmation_24,conf_022,native,2.474868679750877,0.2904695389180458,2397
augmentation,0.003,0.3,2,5032,5532,C0_poly2,conventional quadratic,10,65,62,0.5,pysindy.STLSQ,confirmation_24,conf_022,common,2.423030301187249,0.2744938274062183,2125
augmentation,0.003,0.3,2,5032,5532,C0_poly2,conventional quadratic,10,65,62,0.5,pysindy.STLSQ,confirmation_24,conf_023,native,2.7924787553014547,0.3069242757945828,2397
augmentation,0.003,0.3,2,5032,5532,C0_poly2,conventional quadratic,10,65,62,0.5,pysindy.STLSQ,confirmation_24,conf_023,common,2.739568825120624,0.2894190751108754,2080
augmentation,0.003,0.3,2,5032,5532,C_compact,compact (12 coordinates),12,12,12,0.0001,pysindy.STLSQ,confirmation_24,conf_000,native,2.0121228524770505,0.2340806115232564,2250
augmentation,0.003,0.3,2,5032,5532,C_compact,compact (12 coordinates),12,12,12,0.0001,pysindy.STLSQ,confirmation_24,conf_000,common,1.8825529055804973,0.2145762046726508,2066
augmentation,0.003,0.3,2,5032,5532,C_compact,compact (12 coordinates),12,12,12,0.0001,pysindy.STLSQ,confirmation_24,conf_001,native,2.10064957585726,0.2308933818432061,2259
augmentation,0.003,0.3,2,5032,5532,C_compact,compact (12 coordinates),12,12,12,0.0001,pysindy.STLSQ,confirmation_24,conf_001,common,1.9865005420677195,0.2143915620255559,2104
augmentation,0.003,0.3,2,5032,5532,C_compact,compact (12 coordinates),12,12,12,0.0001,pysindy.STLSQ,confirmation_24,conf_002,native,1.5249400095809595,0.2057139243456152,2326
augmentation,0.003,0.3,2,5032,5532,C_compact,compact (12 coordinates),12,12,12,0.0001,pysindy.STLSQ,confirmation_24,conf_002,common,1.442568435041684,0.189841179592027,2117
augmentation,0.003,0.3,2,5032,5532,C_compact,compact (12 coordinates),12,12,12,0.0001,pysindy.STLSQ,confirmation_24,conf_003,native,1.5321999221288205,0.1961433520914654,2249
augmentation,0.003,0.3,2,5032,5532,C_compact,compact (12 coordinates),12,12,12,0.0001,pysindy.STLSQ,confirmation_24,conf_003,common,1.3818043126066293,0.1728398575243671,2059
augmentation,0.003,0.3,2,5032,5532,C_compact,compact (12 coordinates),12,12,12,0.0001,pysindy.STLSQ,confirmation_24,conf_004,native,1.9628183626281728,0.2231951861443122,2258
augmentation,0.003,0.3,2,5032,5532,C_compact,compact (12 coordinates),12,12,12,0.0001,pysindy.STLSQ,confirmation_24,conf_004,common,1.845174083817689,0.206315940368036,2098
augmentation,0.003,0.3,2,5032,5532,C_compact,compact (12 coordinates),12,12,12,0.0001,pysindy.STLSQ,confirmation_24,conf_005,native,1.6781816355533932,0.1978406233586324,2187
augmentation,0.003,0.3,2,5032,5532,C_compact,compact (12 coordinates),12,12,12,0.0001,pysindy.STLSQ,confirmation_24,conf_005,common,1.5084811584430338,0.1741001961490529,2010
augmentation,0.003,0.3,2,5032,5532,C_compact,compact (12 coordinates),12,12,12,0.0001,pysindy.STLSQ,confirmation_24,conf_006,native,2.028588868849785,0.2239524422527435,2254
augmentation,0.003,0.3,2,5032,5532,C_compact,compact (12 coordinates),12,12,12,0.0001,pysindy.STLSQ,confirmation_24,conf_006,common,1.7475623767978683,0.1892759373896138,2086
augmentation,0.003,0.3,2,5032,5532,C_compact,compact (12 coordinates),12,12,12,0.0001,pysindy.STLSQ,confirmation_24,conf_007,native,1.551261536908263,0.1990409051223292,2224
augmentation,0.003,0.3,2,5032,5532,C_compact,compact (12 coordinates),12,12,12,0.0001,pysindy.STLSQ,confirmation_24,conf_007,common,1.453071670290278,0.1823029508057949,2037
augmentation,0.003,0.3,2,5032,5532,C_compact,compact (12 coordinates),12,12,12,0.0001,pysindy.STLSQ,confirmation_24,conf_008,native,2.1234773878929825,0.2511540848437975,2261
augmentation,0.003,0.3,2,5032,5532,C_compact,compact (12 coordinates),12,12,12,0.0001,pysindy.STLSQ,confirmation_24,conf_008,common,2.0292258280888267,0.235579225739388,2110
augmentation,0.003,0.3,2,5032,5532,C_compact,compact (12 coordinates),12,12,12,0.0001,pysindy.STLSQ,confirmation_24,conf_009,native,2.094104797099396,0.2394035646381114,2247
augmentation,0.003,0.3,2,5032,5532,C_compact,compact (12 coordinates),12,12,12,0.0001,pysindy.STLSQ,confirmation_24,conf_009,common,1.903059629744631,0.2136325489239776,2072
augmentation,0.003,0.3,2,5032,5532,C_compact,compact (12 coordinates),12,12,12,0.0001,pysindy.STLSQ,confirmation_24,conf_010,native,1.791496375193802,0.2174102965184302,2261
augmentation,0.003,0.3,2,5032,5532,C_compact,compact (12 coordinates),12,12,12,0.0001,pysindy.STLSQ,confirmation_24,conf_010,common,1.6391311342747692,0.1944663795634362,2090
augmentation,0.003,0.3,2,5032,5532,C_compact,compact (12 coordinates),12,12,12,0.0001,pysindy.STLSQ,confirmation_24,conf_011,native,2.052335243182001,0.2351939492002302,2252
augmentation,0.003,0.3,2,5032,5532,C_compact,compact (12 coordinates),12,12,12,0.0001,pysindy.STLSQ,confirmation_24,conf_011,common,1.9324770601654624,0.217031204072322,2072
augmentation,0.003,0.3,2,5032,5532,C_compact,compact (12 coordinates),12,12,12,0.0001,pysindy.STLSQ,confirmation_24,conf_012,native,2.158708942929836,0.2354737385706319,2239
augmentation,0.003,0.3,2,5032,5532,C_compact,compact (12 coordinates),12,12,12,0.0001,pysindy.STLSQ,confirmation_24,conf_012,common,1.936128465702712,0.206781182828998,2074
augmentation,0.003,0.3,2,5032,5532,C_compact,compact (12 coordinates),12,12,12,0.0001,pysindy.STLSQ,confirmation_24,conf_013,native,2.129101759242191,0.239486913824781,2287
augmentation,0.003,0.3,2,5032,5532,C_compact,compact (12 coordinates),12,12,12,0.0001,pysindy.STLSQ,confirmation_24,conf_013,common,1.853928650906747,0.2033940185905461,2089
augmentation,0.003,0.3,2,5032,5532,C_compact,compact (12 coordinates),12,12,12,0.0001,pysindy.STLSQ,confirmation_24,conf_014,native,1.7387137536132171,0.2140391115118738,2250
augmentation,0.003,0.3,2,5032,5532,C_compact,compact (12 coordinates),12,12,12,0.0001,pysindy.STLSQ,confirmation_24,conf_014,common,1.5806393958748832,0.189802260288917,2058
augmentation,0.003,0.3,2,5032,5532,C_compact,compact (12 coordinates),12,12,12,0.0001,pysindy.STLSQ,confirmation_24,conf_015,native,2.4352217383646577,0.2604343507008777,2218
augmentation,0.003,0.3,2,5032,5532,C_compact,compact (12 coordinates),12,12,12,0.0001,pysindy.STLSQ,confirmation_24,conf_015,common,2.121965994330942,0.2217712209592207,2048
augmentation,0.003,0.3,2,5032,5532,C_compact,compact (12 coordinates),12,12,12,0.0001,pysindy.STLSQ,confirmation_24,conf_016,native,1.8405115793268936,0.2209263365410234,2290
augmentation,0.003,0.3,2,5032,5532,C_compact,compact (12 coordinates),12,12,12,0.0001,pysindy.STLSQ,confirmation_24,conf_016,common,1.562194297215681,0.1831922620995837,2102
augmentation,0.003,0.3,2,5032,5532,C_compact,compact (12 coordinates),12,12,12,0.0001,pysindy.STLSQ,confirmation_24,conf_017,native,2.096094199685839,0.2417488983291061,2270
augmentation,0.003,0.3,2,5032,5532,C_compact,compact (12 coordinates),12,12,12,0.0001,pysindy.STLSQ,confirmation_24,conf_017,common,1.9288490950588504,0.2180986569097413,2102
augmentation,0.003,0.3,2,5032,5532,C_compact,compact (12 coordinates),12,12,12,0.0001,pysindy.STLSQ,confirmation_24,conf_018,native,2.372215706323777,0.2566862143874266,2286
augmentation,0.003,0.3,2,5032,5532,C_compact,compact (12 coordinates),12,12,12,0.0001,pysindy.STLSQ,confirmation_24,conf_018,common,2.055570087944304,0.2175931707879511,2102
augmentation,0.003,0.3,2,5032,5532,C_compact,compact (12 coordinates),12,12,12,0.0001,pysindy.STLSQ,confirmation_24,conf_019,native,2.3088842846682947,0.2475463786182732,2250
augmentation,0.003,0.3,2,5032,5532,C_compact,compact (12 coordinates),12,12,12,0.0001,pysindy.STLSQ,confirmation_24,conf_019,common,2.080487922319592,0.218313507825246,2080
augmentation,0.003,0.3,2,5032,5532,C_compact,compact (12 coordinates),12,12,12,0.0001,pysindy.STLSQ,confirmation_24,conf_020,native,1.902705336882533,0.2196014849916059,2285
augmentation,0.003,0.3,2,5032,5532,C_compact,compact (12 coordinates),12,12,12,0.0001,pysindy.STLSQ,confirmation_24,conf_020,common,1.7216901374085156,0.1944422300982785,2103
augmentation,0.003,0.3,2,5032,5532,C_compact,compact (12 coordinates),12,12,12,0.0001,pysindy.STLSQ,confirmation_24,conf_021,native,2.0049197122659947,0.2354340621224406,2291
augmentation,0.003,0.3,2,5032,5532,C_compact,compact (12 coordinates),12,12,12,0.0001,pysindy.STLSQ,confirmation_24,conf_021,common,1.9024079606956847,0.2190994624600864,2125
augmentation,0.003,0.3,2,5032,5532,C_compact,compact (12 coordinates),12,12,12,0.0001,pysindy.STLSQ,confirmation_24,conf_022,native,2.186012767188818,0.2527451696365123,2306
augmentation,0.003,0.3,2,5032,5532,C_compact,compact (12 coordinates),12,12,12,0.0001,pysindy.STLSQ,confirmation_24,conf_022,common,1.9373813887926528,0.2194769220569367,2125
augmentation,0.003,0.3,2,5032,5532,C_compact,compact (12 coordinates),12,12,12,0.0001,pysindy.STLSQ,confirmation_24,conf_023,native,2.165993484986099,0.233792528066174,2241
augmentation,0.003,0.3,2,5032,5532,C_compact,compact (12 coordinates),12,12,12,0.0001,pysindy.STLSQ,confirmation_24,conf_023,common,2.024272436696118,0.2138522861805571,2080
augmentation,0.003,0.3,2,5032,5532,C_all,C_all (38 coordinates),38,38,38,0.0001,pysindy.STLSQ,confirmation_24,conf_000,native,1.5277666020029534,0.174137129486058,2066
augmentation,0.003,0.3,2,5032,5532,C_all,C_all (38 coordinates),38,38,38,0.0001,pysindy.STLSQ,confirmation_24,conf_000,common,1.5277666020029534,0.174137129486058,2066
augmentation,0.003,0.3,2,5032,5532,C_all,C_all (38 coordinates),38,38,38,0.0001,pysindy.STLSQ,confirmation_24,conf_001,native,1.3754414104538542,0.1484434694162711,2104
augmentation,0.003,0.3,2,5032,5532,C_all,C_all (38 coordinates),38,38,38,0.0001,pysindy.STLSQ,confirmation_24,conf_001,common,1.3754414104538542,0.1484434694162711,2104
augmentation,0.003,0.3,2,5032,5532,C_all,C_all (38 coordinates),38,38,38,0.0001,pysindy.STLSQ,confirmation_24,conf_002,native,1.029103580664619,0.1354294416334603,2117
augmentation,0.003,0.3,2,5032,5532,C_all,C_all (38 coordinates),38,38,38,0.0001,pysindy.STLSQ,confirmation_24,conf_002,common,1.029103580664619,0.1354294416334603,2117
augmentation,0.003,0.3,2,5032,5532,C_all,C_all (38 coordinates),38,38,38,0.0001,pysindy.STLSQ,confirmation_24,conf_003,native,1.241030721633824,0.1552315122724734,2059
augmentation,0.003,0.3,2,5032,5532,C_all,C_all (38 coordinates),38,38,38,0.0001,pysindy.STLSQ,confirmation_24,conf_003,common,1.241030721633824,0.1552315122724734,2059
augmentation,0.003,0.3,2,5032,5532,C_all,C_all (38 coordinates),38,38,38,0.0001,pysindy.STLSQ,confirmation_24,conf_004,native,1.4995418306002637,0.1676694820368328,2098
augmentation,0.003,0.3,2,5032,5532,C_all,C_all (38 coordinates),38,38,38,0.0001,pysindy.STLSQ,confirmation_24,conf_004,common,1.4995418306002637,0.1676694820368328,2098
augmentation,0.003,0.3,2,5032,5532,C_all,C_all (38 coordinates),38,38,38,0.0001,pysindy.STLSQ,confirmation_24,conf_005,native,1.271717606212206,0.1467743123263613,2010
augmentation,0.003,0.3,2,5032,5532,C_all,C_all (38 coordinates),38,38,38,0.0001,pysindy.STLSQ,confirmation_24,conf_005,common,1.271717606212206,0.1467743123263613,2010
augmentation,0.003,0.3,2,5032,5532,C_all,C_all (38 coordinates),38,38,38,0.0001,pysindy.STLSQ,confirmation_24,conf_006,native,1.451351167903005,0.1571937325005286,2086
augmentation,0.003,0.3,2,5032,5532,C_all,C_all (38 coordinates),38,38,38,0.0001,pysindy.STLSQ,confirmation_24,conf_006,common,1.451351167903005,0.1571937325005286,2086
augmentation,0.003,0.3,2,5032,5532,C_all,C_all (38 coordinates),38,38,38,0.0001,pysindy.STLSQ,confirmation_24,conf_007,native,1.432395863294326,0.1797089558207436,2037
augmentation,0.003,0.3,2,5032,5532,C_all,C_all (38 coordinates),38,38,38,0.0001,pysindy.STLSQ,confirmation_24,conf_007,common,1.432395863294326,0.1797089558207436,2037
augmentation,0.003,0.3,2,5032,5532,C_all,C_all (38 coordinates),38,38,38,0.0001,pysindy.STLSQ,confirmation_24,conf_008,native,1.5188223708102555,0.1763248787780949,2110
augmentation,0.003,0.3,2,5032,5532,C_all,C_all (38 coordinates),38,38,38,0.0001,pysindy.STLSQ,confirmation_24,conf_008,common,1.5188223708102555,0.1763248787780949,2110
augmentation,0.003,0.3,2,5032,5532,C_all,C_all (38 coordinates),38,38,38,0.0001,pysindy.STLSQ,confirmation_24,conf_009,native,1.4182327383457995,0.1592071368257138,2072
augmentation,0.003,0.3,2,5032,5532,C_all,C_all (38 coordinates),38,38,38,0.0001,pysindy.STLSQ,confirmation_24,conf_009,common,1.4182327383457995,0.1592071368257138,2072
augmentation,0.003,0.3,2,5032,5532,C_all,C_all (38 coordinates),38,38,38,0.0001,pysindy.STLSQ,confirmation_24,conf_010,native,1.4698460075730757,0.1743824064051925,2090
augmentation,0.003,0.3,2,5032,5532,C_all,C_all (38 coordinates),38,38,38,0.0001,pysindy.STLSQ,confirmation_24,conf_010,common,1.4698460075730757,0.1743824064051925,2090
augmentation,0.003,0.3,2,5032,5532,C_all,C_all (38 coordinates),38,38,38,0.0001,pysindy.STLSQ,confirmation_24,conf_011,native,1.4910303710695472,0.1674535358851389,2072
augmentation,0.003,0.3,2,5032,5532,C_all,C_all (38 coordinates),38,38,38,0.0001,pysindy.STLSQ,confirmation_24,conf_011,common,1.4910303710695472,0.1674535358851389,2072
augmentation,0.003,0.3,2,5032,5532,C_all,C_all (38 coordinates),38,38,38,0.0001,pysindy.STLSQ,confirmation_24,conf_012,native,1.398785419081033,0.1493922064600976,2074
augmentation,0.003,0.3,2,5032,5532,C_all,C_all (38 coordinates),38,38,38,0.0001,pysindy.STLSQ,confirmation_24,conf_012,common,1.398785419081033,0.1493922064600976,2074
augmentation,0.003,0.3,2,5032,5532,C_all,C_all (38 coordinates),38,38,38,0.0001,pysindy.STLSQ,confirmation_24,conf_013,native,1.3769202652415322,0.1510615556263513,2089
augmentation,0.003,0.3,2,5032,5532,C_all,C_all (38 coordinates),38,38,38,0.0001,pysindy.STLSQ,confirmation_24,conf_013,common,1.3769202652415322,0.1510615556263513,2089
augmentation,0.003,0.3,2,5032,5532,C_all,C_all (38 coordinates),38,38,38,0.0001,pysindy.STLSQ,confirmation_24,conf_014,native,1.4888444884844387,0.1787795811432574,2058
augmentation,0.003,0.3,2,5032,5532,C_all,C_all (38 coordinates),38,38,38,0.0001,pysindy.STLSQ,confirmation_24,conf_014,common,1.4888444884844387,0.1787795811432574,2058
augmentation,0.003,0.3,2,5032,5532,C_all,C_all (38 coordinates),38,38,38,0.0001,pysindy.STLSQ,confirmation_24,conf_015,native,1.6682149319570505,0.1743487234342639,2048
augmentation,0.003,0.3,2,5032,5532,C_all,C_all (38 coordinates),38,38,38,0.0001,pysindy.STLSQ,confirmation_24,conf_015,common,1.6682149319570505,0.1743487234342639,2048
augmentation,0.003,0.3,2,5032,5532,C_all,C_all (38 coordinates),38,38,38,0.0001,pysindy.STLSQ,confirmation_24,conf_016,native,1.2917814164912214,0.1514820277138417,2102
augmentation,0.003,0.3,2,5032,5532,C_all,C_all (38 coordinates),38,38,38,0.0001,pysindy.STLSQ,confirmation_24,conf_016,common,1.2917814164912214,0.1514820277138417,2102
augmentation,0.003,0.3,2,5032,5532,C_all,C_all (38 coordinates),38,38,38,0.0001,pysindy.STLSQ,confirmation_24,conf_017,native,1.4606219693194191,0.1651553201219752,2102
augmentation,0.003,0.3,2,5032,5532,C_all,C_all (38 coordinates),38,38,38,0.0001,pysindy.STLSQ,confirmation_24,conf_017,common,1.4606219693194191,0.1651553201219752,2102
augmentation,0.003,0.3,2,5032,5532,C_all,C_all (38 coordinates),38,38,38,0.0001,pysindy.STLSQ,confirmation_24,conf_018,native,1.4193303984988586,0.1502437711155587,2102
augmentation,0.003,0.3,2,5032,5532,C_all,C_all (38 coordinates),38,38,38,0.0001,pysindy.STLSQ,confirmation_24,conf_018,common,1.4193303984988586,0.1502437711155587,2102
augmentation,0.003,0.3,2,5032,5532,C_all,C_all (38 coordinates),38,38,38,0.0001,pysindy.STLSQ,confirmation_24,conf_019,native,1.4897938134207842,0.1563297291250892,2080
augmentation,0.003,0.3,2,5032,5532,C_all,C_all (38 coordinates),38,38,38,0.0001,pysindy.STLSQ,confirmation_24,conf_019,common,1.4897938134207842,0.1563297291250892,2080
augmentation,0.003,0.3,2,5032,5532,C_all,C_all (38 coordinates),38,38,38,0.0001,pysindy.STLSQ,confirmation_24,conf_020,native,1.4298866934979697,0.1614868735265508,2103
augmentation,0.003,0.3,2,5032,5532,C_all,C_all (38 coordinates),38,38,38,0.0001,pysindy.STLSQ,confirmation_24,conf_020,common,1.4298866934979697,0.1614868735265508,2103
augmentation,0.003,0.3,2,5032,5532,C_all,C_all (38 coordinates),38,38,38,0.0001,pysindy.STLSQ,confirmation_24,conf_021,native,1.42619195240366,0.1642538806567409,2125
augmentation,0.003,0.3,2,5032,5532,C_all,C_all (38 coordinates),38,38,38,0.0001,pysindy.STLSQ,confirmation_24,conf_021,common,1.42619195240366,0.1642538806567409,2125
augmentation,0.003,0.3,2,5032,5532,C_all,C_all (38 coordinates),38,38,38,0.0001,pysindy.STLSQ,confirmation_24,conf_022,native,1.426772364063891,0.1616324017315911,2125
augmentation,0.003,0.3,2,5032,5532,C_all,C_all (38 coordinates),38,38,38,0.0001,pysindy.STLSQ,confirmation_24,conf_022,common,1.426772364063891,0.1616324017315911,2125
augmentation,0.003,0.3,2,5032,5532,C_all,C_all (38 coordinates),38,38,38,0.0001,pysindy.STLSQ,confirmation_24,conf_023,native,1.54531152810412,0.1632529283882385,2080
augmentation,0.003,0.3,2,5032,5532,C_all,C_all (38 coordinates),38,38,38,0.0001,pysindy.STLSQ,confirmation_24,conf_023,common,1.54531152810412,0.1632529283882385,2080
augmentation,0.004,0.4,0,5040,5540,C0_poly2,conventional quadratic,10,65,65,0.0001,pysindy.STLSQ,confirmation_24,conf_000,native,3.116263074634896,0.3589699596261152,2397
augmentation,0.004,0.4,0,5040,5540,C0_poly2,conventional quadratic,10,65,65,0.0001,pysindy.STLSQ,confirmation_24,conf_000,common,2.8925053365147364,0.3296840901105089,2067
augmentation,0.004,0.4,0,5040,5540,C0_poly2,conventional quadratic,10,65,65,0.0001,pysindy.STLSQ,confirmation_24,conf_001,native,2.598811539080374,0.2926739733056804,2397
augmentation,0.004,0.4,0,5040,5540,C0_poly2,conventional quadratic,10,65,65,0.0001,pysindy.STLSQ,confirmation_24,conf_001,common,2.506117559721183,0.26915109606144,2078
augmentation,0.004,0.4,0,5040,5540,C0_poly2,conventional quadratic,10,65,65,0.0001,pysindy.STLSQ,confirmation_24,conf_002,native,2.060827062031064,0.2802790911912873,2397
augmentation,0.004,0.4,0,5040,5540,C0_poly2,conventional quadratic,10,65,65,0.0001,pysindy.STLSQ,confirmation_24,conf_002,common,1.9586224466642328,0.2578504821172815,2114
augmentation,0.004,0.4,0,5040,5540,C0_poly2,conventional quadratic,10,65,65,0.0001,pysindy.STLSQ,confirmation_24,conf_003,native,2.684324728006533,0.3376618278280699,2397
augmentation,0.004,0.4,0,5040,5540,C0_poly2,conventional quadratic,10,65,65,0.0001,pysindy.STLSQ,confirmation_24,conf_003,common,2.5149108326687943,0.3156413037501526,2037
augmentation,0.004,0.4,0,5040,5540,C0_poly2,conventional quadratic,10,65,65,0.0001,pysindy.STLSQ,confirmation_24,conf_004,native,2.823935530634312,0.3246146746824656,2397
augmentation,0.004,0.4,0,5040,5540,C0_poly2,conventional quadratic,10,65,65,0.0001,pysindy.STLSQ,confirmation_24,conf_004,common,2.725392821634586,0.3036198696025487,2052
augmentation,0.004,0.4,0,5040,5540,C0_poly2,conventional quadratic,10,65,65,0.0001,pysindy.STLSQ,confirmation_24,conf_005,native,2.8538589356207136,0.3319443584617264,2397
augmentation,0.004,0.4,0,5040,5540,C0_poly2,conventional quadratic,10,65,65,0.0001,pysindy.STLSQ,confirmation_24,conf_005,common,2.5963725053866438,0.3004070504919331,2023
augmentation,0.004,0.4,0,5040,5540,C0_poly2,conventional quadratic,10,65,65,0.0001,pysindy.STLSQ,confirmation_24,conf_006,native,2.91946629852431,0.3265915451454585,2397
augmentation,0.004,0.4,0,5040,5540,C0_poly2,conventional quadratic,10,65,65,0.0001,pysindy.STLSQ,confirmation_24,conf_006,common,2.835282270250259,0.306798097194524,2062
augmentation,0.004,0.4,0,5040,5540,C0_poly2,conventional quadratic,10,65,65,0.0001,pysindy.STLSQ,confirmation_24,conf_007,native,3.099933255439962,0.3835758596454138,2397
augmentation,0.004,0.4,0,5040,5540,C0_poly2,conventional quadratic,10,65,65,0.0001,pysindy.STLSQ,confirmation_24,conf_007,common,2.84582195826071,0.3574030661835752,2025
augmentation,0.004,0.4,0,5040,5540,C0_poly2,conventional quadratic,10,65,65,0.0001,pysindy.STLSQ,confirmation_24,conf_008,native,2.660781455025373,0.3173798871885902,2397
augmentation,0.004,0.4,0,5040,5540,C0_poly2,conventional quadratic,10,65,65,0.0001,pysindy.STLSQ,confirmation_24,conf_008,common,2.5834961066697537,0.2985289930372566,2087
augmentation,0.004,0.4,0,5040,5540,C0_poly2,conventional quadratic,10,65,65,0.0001,pysindy.STLSQ,confirmation_24,conf_009,native,2.7634108349020075,0.3196279089894729,2397
augmentation,0.004,0.4,0,5040,5540,C0_poly2,conventional quadratic,10,65,65,0.0001,pysindy.STLSQ,confirmation_24,conf_009,common,2.60425972607757,0.2906246670979549,2050
augmentation,0.004,0.4,0,5040,5540,C0_poly2,conventional quadratic,10,65,65,0.0001,pysindy.STLSQ,confirmation_24,conf_010,native,2.938950124791265,0.3520788063204221,2397
augmentation,0.004,0.4,0,5040,5540,C0_poly2,conventional quadratic,10,65,65,0.0001,pysindy.STLSQ,confirmation_24,conf_010,common,2.7411548818893863,0.3253054910865899,2072
augmentation,0.004,0.4,0,5040,5540,C0_poly2,conventional quadratic,10,65,65,0.0001,pysindy.STLSQ,confirmation_24,conf_011,native,2.800293445229772,0.3249880609976105,2397
augmentation,0.004,0.4,0,5040,5540,C0_poly2,conventional quadratic,10,65,65,0.0001,pysindy.STLSQ,confirmation_24,conf_011,common,2.727643578364478,0.3065356993048755,2058
augmentation,0.004,0.4,0,5040,5540,C0_poly2,conventional quadratic,10,65,65,0.0001,pysindy.STLSQ,confirmation_24,conf_012,native,2.6971719135461805,0.3019754117944621,2397
augmentation,0.004,0.4,0,5040,5540,C0_poly2,conventional quadratic,10,65,65,0.0001,pysindy.STLSQ,confirmation_24,conf_012,common,2.606535069675082,0.2787188672080769,2076
augmentation,0.004,0.4,0,5040,5540,C0_poly2,conventional quadratic,10,65,65,0.0001,pysindy.STLSQ,confirmation_24,conf_013,native,2.786478351471946,0.3178262398713693,2397
augmentation,0.004,0.4,0,5040,5540,C0_poly2,conventional quadratic,10,65,65,0.0001,pysindy.STLSQ,confirmation_24,conf_013,common,2.7128097935973168,0.298879613987124,2094
augmentation,0.004,0.4,0,5040,5540,C0_poly2,conventional quadratic,10,65,65,0.0001,pysindy.STLSQ,confirmation_24,conf_014,native,2.992233165647109,0.3617460600427617,2397
augmentation,0.004,0.4,0,5040,5540,C0_poly2,conventional quadratic,10,65,65,0.0001,pysindy.STLSQ,confirmation_24,conf_014,common,2.7864845030534635,0.3348877782910064,2043
augmentation,0.004,0.4,0,5040,5540,C0_poly2,conventional quadratic,10,65,65,0.0001,pysindy.STLSQ,confirmation_24,conf_015,native,3.1632912799317503,0.3424778274337353,2397
augmentation,0.004,0.4,0,5040,5540,C0_poly2,conventional quadratic,10,65,65,0.0001,pysindy.STLSQ,confirmation_24,conf_015,common,3.00610253044184,0.3158509128476203,2054
augmentation,0.004,0.4,0,5040,5540,C0_poly2,conventional quadratic,10,65,65,0.0001,pysindy.STLSQ,confirmation_24,conf_016,native,2.7100621143473846,0.325379534000794,2397
augmentation,0.004,0.4,0,5040,5540,C0_poly2,conventional quadratic,10,65,65,0.0001,pysindy.STLSQ,confirmation_24,conf_016,common,2.5841429287193023,0.303730290282141,2096
augmentation,0.004,0.4,0,5040,5540,C0_poly2,conventional quadratic,10,65,65,0.0001,pysindy.STLSQ,confirmation_24,conf_017,native,2.7755041393480453,0.3221753314595577,2397
augmentation,0.004,0.4,0,5040,5540,C0_poly2,conventional quadratic,10,65,65,0.0001,pysindy.STLSQ,confirmation_24,conf_017,common,2.649532159386411,0.298977196250946,2073
augmentation,0.004,0.4,0,5040,5540,C0_poly2,conventional quadratic,10,65,65,0.0001,pysindy.STLSQ,confirmation_24,conf_018,native,2.72336137839951,0.3012656588964766,2397
augmentation,0.004,0.4,0,5040,5540,C0_poly2,conventional quadratic,10,65,65,0.0001,pysindy.STLSQ,confirmation_24,conf_018,common,2.614143325727813,0.2769568628826349,2106
augmentation,0.004,0.4,0,5040,5540,C0_poly2,conventional quadratic,10,65,65,0.0001,pysindy.STLSQ,confirmation_24,conf_019,native,2.846580534245545,0.3124177393906862,2397
augmentation,0.004,0.4,0,5040,5540,C0_poly2,conventional quadratic,10,65,65,0.0001,pysindy.STLSQ,confirmation_24,conf_019,common,2.752083662493467,0.2897448965987721,2090
augmentation,0.004,0.4,0,5040,5540,C0_poly2,conventional quadratic,10,65,65,0.0001,pysindy.STLSQ,confirmation_24,conf_020,native,2.901203455774625,0.3351710051044507,2397
augmentation,0.004,0.4,0,5040,5540,C0_poly2,conventional quadratic,10,65,65,0.0001,pysindy.STLSQ,confirmation_24,conf_020,common,2.798523124131328,0.3153051250495879,2079
augmentation,0.004,0.4,0,5040,5540,C0_poly2,conventional quadratic,10,65,65,0.0001,pysindy.STLSQ,confirmation_24,conf_021,native,2.585365589309748,0.3068004417528775,2397
augmentation,0.004,0.4,0,5040,5540,C0_poly2,conventional quadratic,10,65,65,0.0001,pysindy.STLSQ,confirmation_24,conf_021,common,2.50762854412452,0.2865398109738176,2087
augmentation,0.004,0.4,0,5040,5540,C0_poly2,conventional quadratic,10,65,65,0.0001,pysindy.STLSQ,confirmation_24,conf_022,native,2.552932748311828,0.2996317357596367,2397
augmentation,0.004,0.4,0,5040,5540,C0_poly2,conventional quadratic,10,65,65,0.0001,pysindy.STLSQ,confirmation_24,conf_022,common,2.4791525646703443,0.279522864400801,2106
augmentation,0.004,0.4,0,5040,5540,C0_poly2,conventional quadratic,10,65,65,0.0001,pysindy.STLSQ,confirmation_24,conf_023,native,2.885261410184007,0.3171221149373383,2397
augmentation,0.004,0.4,0,5040,5540,C0_poly2,conventional quadratic,10,65,65,0.0001,pysindy.STLSQ,confirmation_24,conf_023,common,2.832284186009943,0.2997987677660516,2075
augmentation,0.004,0.4,0,5040,5540,C_compact,compact (12 coordinates),12,12,12,0.5,pysindy.STLSQ,confirmation_24,conf_000,native,2.59100855838489,0.3012698312228197,2253
augmentation,0.004,0.4,0,5040,5540,C_compact,compact (12 coordinates),12,12,12,0.5,pysindy.STLSQ,confirmation_24,conf_000,common,2.42626747757115,0.2765428902100451,2067
augmentation,0.004,0.4,0,5040,5540,C_compact,compact (12 coordinates),12,12,12,0.5,pysindy.STLSQ,confirmation_24,conf_001,native,2.758098963128174,0.3032601968193742,2262
augmentation,0.004,0.4,0,5040,5540,C_compact,compact (12 coordinates),12,12,12,0.5,pysindy.STLSQ,confirmation_24,conf_001,common,2.582519210334188,0.2773564525594334,2078
augmentation,0.004,0.4,0,5040,5540,C_compact,compact (12 coordinates),12,12,12,0.5,pysindy.STLSQ,confirmation_24,conf_002,native,2.0239509807272564,0.2728727441596382,2323
augmentation,0.004,0.4,0,5040,5540,C_compact,compact (12 coordinates),12,12,12,0.5,pysindy.STLSQ,confirmation_24,conf_002,common,1.9217553467623003,0.2529969691290232,2114
augmentation,0.004,0.4,0,5040,5540,C_compact,compact (12 coordinates),12,12,12,0.5,pysindy.STLSQ,confirmation_24,conf_003,native,2.093903052023275,0.2683785943173715,2248
augmentation,0.004,0.4,0,5040,5540,C_compact,compact (12 coordinates),12,12,12,0.5,pysindy.STLSQ,confirmation_24,conf_003,common,1.89072370397178,0.2373008566350096,2037
augmentation,0.004,0.4,0,5040,5540,C_compact,compact (12 coordinates),12,12,12,0.5,pysindy.STLSQ,confirmation_24,conf_004,native,2.509994077863204,0.2852032896327235,2256
augmentation,0.004,0.4,0,5040,5540,C_compact,compact (12 coordinates),12,12,12,0.5,pysindy.STLSQ,confirmation_24,conf_004,common,2.257267836362511,0.2514688380676682,2052
augmentation,0.004,0.4,0,5040,5540,C_compact,compact (12 coordinates),12,12,12,0.5,pysindy.STLSQ,confirmation_24,conf_005,native,2.176052173900469,0.2561877753703556,2188
augmentation,0.004,0.4,0,5040,5540,C_compact,compact (12 coordinates),12,12,12,0.5,pysindy.STLSQ,confirmation_24,conf_005,common,2.0305778909595955,0.2349431423078728,2023
augmentation,0.004,0.4,0,5040,5540,C_compact,compact (12 coordinates),12,12,12,0.5,pysindy.STLSQ,confirmation_24,conf_006,native,2.6468213014086817,0.2922122536594833,2252
augmentation,0.004,0.4,0,5040,5540,C_compact,compact (12 coordinates),12,12,12,0.5,pysindy.STLSQ,confirmation_24,conf_006,common,2.364567445534638,0.2558633405181599,2062
augmentation,0.004,0.4,0,5040,5540,C_compact,compact (12 coordinates),12,12,12,0.5,pysindy.STLSQ,confirmation_24,conf_007,native,2.0978852257879668,0.2694598472851546,2223
augmentation,0.004,0.4,0,5040,5540,C_compact,compact (12 coordinates),12,12,12,0.5,pysindy.STLSQ,confirmation_24,conf_007,common,1.894571404213763,0.2379367504014768,2025
augmentation,0.004,0.4,0,5040,5540,C_compact,compact (12 coordinates),12,12,12,0.5,pysindy.STLSQ,confirmation_24,conf_008,native,2.3498121812949573,0.2777804521242837,2261
augmentation,0.004,0.4,0,5040,5540,C_compact,compact (12 coordinates),12,12,12,0.5,pysindy.STLSQ,confirmation_24,conf_008,common,2.2424343029045755,0.2591185071539488,2087
augmentation,0.004,0.4,0,5040,5540,C_compact,compact (12 coordinates),12,12,12,0.5,pysindy.STLSQ,confirmation_24,conf_009,native,2.5452524796904665,0.2908069761828646,2244
augmentation,0.004,0.4,0,5040,5540,C_compact,compact (12 coordinates),12,12,12,0.5,pysindy.STLSQ,confirmation_24,conf_009,common,2.285645322680373,0.2550686109977479,2050
augmentation,0.004,0.4,0,5040,5540,C_compact,compact (12 coordinates),12,12,12,0.5,pysindy.STLSQ,confirmation_24,conf_010,native,2.4945744756040127,0.3022919526704307,2265
augmentation,0.004,0.4,0,5040,5540,C_compact,compact (12 coordinates),12,12,12,0.5,pysindy.STLSQ,confirmation_24,conf_010,common,2.303366562444319,0.2733511322906036,2072
augmentation,0.004,0.4,0,5040,5540,C_compact,compact (12 coordinates),12,12,12,0.5,pysindy.STLSQ,confirmation_24,conf_011,native,2.567272131238786,0.2944999650694799,2253
augmentation,0.004,0.4,0,5040,5540,C_compact,compact (12 coordinates),12,12,12,0.5,pysindy.STLSQ,confirmation_24,conf_011,common,2.275727725750982,0.2557488798660616,2058
augmentation,0.004,0.4,0,5040,5540,C_compact,compact (12 coordinates),12,12,12,0.5,pysindy.STLSQ,confirmation_24,conf_012,native,2.9255675625410418,0.3192114938597913,2240
augmentation,0.004,0.4,0,5040,5540,C_compact,compact (12 coordinates),12,12,12,0.5,pysindy.STLSQ,confirmation_24,conf_012,common,2.7612194078811454,0.2952593864672324,2076
augmentation,0.004,0.4,0,5040,5540,C_compact,compact (12 coordinates),12,12,12,0.5,pysindy.STLSQ,confirmation_24,conf_013,native,2.9066717259280006,0.3267597170064691,2284
augmentation,0.004,0.4,0,5040,5540,C_compact,compact (12 coordinates),12,12,12,0.5,pysindy.STLSQ,confirmation_24,conf_013,common,2.6378898447852377,0.2906254247572936,2094
augmentation,0.004,0.4,0,5040,5540,C_compact,compact (12 coordinates),12,12,12,0.5,pysindy.STLSQ,confirmation_24,conf_014,native,2.3330427738200186,0.2873118745711784,2247
augmentation,0.004,0.4,0,5040,5540,C_compact,compact (12 coordinates),12,12,12,0.5,pysindy.STLSQ,confirmation_24,conf_014,common,2.12702687543613,0.2556322505650052,2043
augmentation,0.004,0.4,0,5040,5540,C_compact,compact (12 coordinates),12,12,12,0.5,pysindy.STLSQ,confirmation_24,conf_015,native,3.312844334062977,0.354156661645555,2220
augmentation,0.004,0.4,0,5040,5540,C_compact,compact (12 coordinates),12,12,12,0.5,pysindy.STLSQ,confirmation_24,conf_015,common,3.140148607367764,0.3299351216635027,2054
augmentation,0.004,0.4,0,5040,5540,C_compact,compact (12 coordinates),12,12,12,0.5,pysindy.STLSQ,confirmation_24,conf_016,native,2.49235770159208,0.2987733634960215,2288
augmentation,0.004,0.4,0,5040,5540,C_compact,compact (12 coordinates),12,12,12,0.5,pysindy.STLSQ,confirmation_24,conf_016,common,2.2449613098631973,0.263864178230596,2096
augmentation,0.004,0.4,0,5040,5540,C_compact,compact (12 coordinates),12,12,12,0.5,pysindy.STLSQ,confirmation_24,conf_017,native,2.714658250521085,0.3131239447393892,2271
augmentation,0.004,0.4,0,5040,5540,C_compact,compact (12 coordinates),12,12,12,0.5,pysindy.STLSQ,confirmation_24,conf_017,common,2.45039181080883,0.2765058996232616,2073
augmentation,0.004,0.4,0,5040,5540,C_compact,compact (12 coordinates),12,12,12,0.5,pysindy.STLSQ,confirmation_24,conf_018,native,2.907817802710474,0.3145463146508991,2283
augmentation,0.004,0.4,0,5040,5540,C_compact,compact (12 coordinates),12,12,12,0.5,pysindy.STLSQ,confirmation_24,conf_018,common,2.712477830869347,0.2873749665072833,2106
augmentation,0.004,0.4,0,5040,5540,C_compact,compact (12 coordinates),12,12,12,0.5,pysindy.STLSQ,confirmation_24,conf_019,native,2.9396209025276594,0.3153297080120344,2251
augmentation,0.004,0.4,0,5040,5540,C_compact,compact (12 coordinates),12,12,12,0.5,pysindy.STLSQ,confirmation_24,conf_019,common,2.735896539969853,0.2880406838214662,2090
augmentation,0.004,0.4,0,5040,5540,C_compact,compact (12 coordinates),12,12,12,0.5,pysindy.STLSQ,confirmation_24,conf_020,native,2.532017367366504,0.2923756558294136,2285
augmentation,0.004,0.4,0,5040,5540,C_compact,compact (12 coordinates),12,12,12,0.5,pysindy.STLSQ,confirmation_24,conf_020,common,2.344852077048582,0.2641907336771014,2079
augmentation,0.004,0.4,0,5040,5540,C_compact,compact (12 coordinates),12,12,12,0.5,pysindy.STLSQ,confirmation_24,conf_021,native,2.4531719043182005,0.2879831512768058,2288
augmentation,0.004,0.4,0,5040,5540,C_compact,compact (12 coordinates),12,12,12,0.5,pysindy.STLSQ,confirmation_24,conf_021,common,2.2865988468672955,0.2612833558979336,2087
augmentation,0.004,0.4,0,5040,5540,C_compact,compact (12 coordinates),12,12,12,0.5,pysindy.STLSQ,confirmation_24,conf_022,native,2.6677716794781423,0.308377207005882,2303
augmentation,0.004,0.4,0,5040,5540,C_compact,compact (12 coordinates),12,12,12,0.5,pysindy.STLSQ,confirmation_24,conf_022,common,2.330685783424737,0.2627833298705178,2106
augmentation,0.004,0.4,0,5040,5540,C_compact,compact (12 coordinates),12,12,12,0.5,pysindy.STLSQ,confirmation_24,conf_023,native,3.120349424112358,0.3367409113079586,2245
augmentation,0.004,0.4,0,5040,5540,C_compact,compact (12 coordinates),12,12,12,0.5,pysindy.STLSQ,confirmation_24,conf_023,common,2.9075899806430203,0.307769925656265,2075
augmentation,0.004,0.4,0,5040,5540,C_all,C_all (38 coordinates),38,38,38,0.0001,pysindy.STLSQ,confirmation_24,conf_000,native,1.7647266279202158,0.2011413031032445,2067
augmentation,0.004,0.4,0,5040,5540,C_all,C_all (38 coordinates),38,38,38,0.0001,pysindy.STLSQ,confirmation_24,conf_000,common,1.7647266279202158,0.2011413031032445,2067
augmentation,0.004,0.4,0,5040,5540,C_all,C_all (38 coordinates),38,38,38,0.0001,pysindy.STLSQ,confirmation_24,conf_001,native,1.5598415431863302,0.1675232909175566,2078
augmentation,0.004,0.4,0,5040,5540,C_all,C_all (38 coordinates),38,38,38,0.0001,pysindy.STLSQ,confirmation_24,conf_001,common,1.5598415431863302,0.1675232909175566,2078
augmentation,0.004,0.4,0,5040,5540,C_all,C_all (38 coordinates),38,38,38,0.0001,pysindy.STLSQ,confirmation_24,conf_002,native,1.2054962512092082,0.1587022501933762,2114
augmentation,0.004,0.4,0,5040,5540,C_all,C_all (38 coordinates),38,38,38,0.0001,pysindy.STLSQ,confirmation_24,conf_002,common,1.2054962512092082,0.1587022501933762,2114
augmentation,0.004,0.4,0,5040,5540,C_all,C_all (38 coordinates),38,38,38,0.0001,pysindy.STLSQ,confirmation_24,conf_003,native,1.513104181788147,0.1899066044192895,2037
augmentation,0.004,0.4,0,5040,5540,C_all,C_all (38 coordinates),38,38,38,0.0001,pysindy.STLSQ,confirmation_24,conf_003,common,1.513104181788147,0.1899066044192895,2037
augmentation,0.004,0.4,0,5040,5540,C_all,C_all (38 coordinates),38,38,38,0.0001,pysindy.STLSQ,confirmation_24,conf_004,native,1.6364245855845134,0.1823043692437637,2052
augmentation,0.004,0.4,0,5040,5540,C_all,C_all (38 coordinates),38,38,38,0.0001,pysindy.STLSQ,confirmation_24,conf_004,common,1.6364245855845134,0.1823043692437637,2052
augmentation,0.004,0.4,0,5040,5540,C_all,C_all (38 coordinates),38,38,38,0.0001,pysindy.STLSQ,confirmation_24,conf_005,native,1.5382364802531263,0.1779779608023235,2023
augmentation,0.004,0.4,0,5040,5540,C_all,C_all (38 coordinates),38,38,38,0.0001,pysindy.STLSQ,confirmation_24,conf_005,common,1.5382364802531263,0.1779779608023235,2023
augmentation,0.004,0.4,0,5040,5540,C_all,C_all (38 coordinates),38,38,38,0.0001,pysindy.STLSQ,confirmation_24,conf_006,native,1.7635315915110803,0.1908269036543843,2062
augmentation,0.004,0.4,0,5040,5540,C_all,C_all (38 coordinates),38,38,38,0.0001,pysindy.STLSQ,confirmation_24,conf_006,common,1.7635315915110803,0.1908269036543843,2062
augmentation,0.004,0.4,0,5040,5540,C_all,C_all (38 coordinates),38,38,38,0.0001,pysindy.STLSQ,confirmation_24,conf_007,native,1.7158139862558874,0.215486839543297,2025
augmentation,0.004,0.4,0,5040,5540,C_all,C_all (38 coordinates),38,38,38,0.0001,pysindy.STLSQ,confirmation_24,conf_007,common,1.7158139862558874,0.215486839543297,2025
augmentation,0.004,0.4,0,5040,5540,C_all,C_all (38 coordinates),38,38,38,0.0001,pysindy.STLSQ,confirmation_24,conf_008,native,1.6109336911932746,0.1861471404737803,2087
augmentation,0.004,0.4,0,5040,5540,C_all,C_all (38 coordinates),38,38,38,0.0001,pysindy.STLSQ,confirmation_24,conf_008,common,1.6109336911932746,0.1861471404737803,2087
augmentation,0.004,0.4,0,5040,5540,C_all,C_all (38 coordinates),38,38,38,0.0001,pysindy.STLSQ,confirmation_24,conf_009,native,1.5134641958629411,0.1688963753050182,2050
augmentation,0.004,0.4,0,5040,5540,C_all,C_all (38 coordinates),38,38,38,0.0001,pysindy.STLSQ,confirmation_24,conf_009,common,1.5134641958629411,0.1688963753050182,2050
augmentation,0.004,0.4,0,5040,5540,C_all,C_all (38 coordinates),38,38,38,0.0001,pysindy.STLSQ,confirmation_24,conf_010,native,1.7748968074310056,0.2106351893444972,2072
augmentation,0.004,0.4,0,5040,5540,C_all,C_all (38 coordinates),38,38,38,0.0001,pysindy.STLSQ,confirmation_24,conf_010,common,1.7748968074310056,0.2106351893444972,2072
augmentation,0.004,0.4,0,5040,5540,C_all,C_all (38 coordinates),38,38,38,0.0001,pysindy.STLSQ,confirmation_24,conf_011,native,1.6403425512673255,0.1843435685808229,2058
augmentation,0.004,0.4,0,5040,5540,C_all,C_all (38 coordinates),38,38,38,0.0001,pysindy.STLSQ,confirmation_24,conf_011,common,1.6403425512673255,0.1843435685808229,2058
augmentation,0.004,0.4,0,5040,5540,C_all,C_all (38 coordinates),38,38,38,0.0001,pysindy.STLSQ,confirmation_24,conf_012,native,1.614783251657731,0.172670056860091,2076
augmentation,0.004,0.4,0,5040,5540,C_all,C_all (38 coordinates),38,38,38,0.0001,pysindy.STLSQ,confirmation_24,conf_012,common,1.614783251657731,0.172670056860091,2076
augmentation,0.004,0.4,0,5040,5540,C_all,C_all (38 coordinates),38,38,38,0.0001,pysindy.STLSQ,confirmation_24,conf_013,native,1.6836353852826096,0.1854919188348461,2094
augmentation,0.004,0.4,0,5040,5540,C_all,C_all (38 coordinates),38,38,38,0.0001,pysindy.STLSQ,confirmation_24,conf_013,common,1.6836353852826096,0.1854919188348461,2094
augmentation,0.004,0.4,0,5040,5540,C_all,C_all (38 coordinates),38,38,38,0.0001,pysindy.STLSQ,confirmation_24,conf_014,native,1.7833234872349546,0.2143249818758548,2043
augmentation,0.004,0.4,0,5040,5540,C_all,C_all (38 coordinates),38,38,38,0.0001,pysindy.STLSQ,confirmation_24,conf_014,common,1.7833234872349546,0.2143249818758548,2043
augmentation,0.004,0.4,0,5040,5540,C_all,C_all (38 coordinates),38,38,38,0.0001,pysindy.STLSQ,confirmation_24,conf_015,native,1.9923528625423488,0.2093363296747157,2054
augmentation,0.004,0.4,0,5040,5540,C_all,C_all (38 coordinates),38,38,38,0.0001,pysindy.STLSQ,confirmation_24,conf_015,common,1.9923528625423488,0.2093363296747157,2054
augmentation,0.004,0.4,0,5040,5540,C_all,C_all (38 coordinates),38,38,38,0.0001,pysindy.STLSQ,confirmation_24,conf_016,native,1.594422762150905,0.1874023619198777,2096
augmentation,0.004,0.4,0,5040,5540,C_all,C_all (38 coordinates),38,38,38,0.0001,pysindy.STLSQ,confirmation_24,conf_016,common,1.594422762150905,0.1874023619198777,2096
augmentation,0.004,0.4,0,5040,5540,C_all,C_all (38 coordinates),38,38,38,0.0001,pysindy.STLSQ,confirmation_24,conf_017,native,1.6270260294436905,0.1835960657382759,2073
augmentation,0.004,0.4,0,5040,5540,C_all,C_all (38 coordinates),38,38,38,0.0001,pysindy.STLSQ,confirmation_24,conf_017,common,1.6270260294436905,0.1835960657382759,2073
augmentation,0.004,0.4,0,5040,5540,C_all,C_all (38 coordinates),38,38,38,0.0001,pysindy.STLSQ,confirmation_24,conf_018,native,1.6500981926058034,0.1748205671719137,2106
augmentation,0.004,0.4,0,5040,5540,C_all,C_all (38 coordinates),38,38,38,0.0001,pysindy.STLSQ,confirmation_24,conf_018,common,1.6500981926058034,0.1748205671719137,2106
augmentation,0.004,0.4,0,5040,5540,C_all,C_all (38 coordinates),38,38,38,0.0001,pysindy.STLSQ,confirmation_24,conf_019,native,1.6778856957631512,0.1766511767243947,2090
augmentation,0.004,0.4,0,5040,5540,C_all,C_all (38 coordinates),38,38,38,0.0001,pysindy.STLSQ,confirmation_24,conf_019,common,1.6778856957631512,0.1766511767243947,2090
augmentation,0.004,0.4,0,5040,5540,C_all,C_all (38 coordinates),38,38,38,0.0001,pysindy.STLSQ,confirmation_24,conf_020,native,1.796612078798949,0.2024214098095547,2079
augmentation,0.004,0.4,0,5040,5540,C_all,C_all (38 coordinates),38,38,38,0.0001,pysindy.STLSQ,confirmation_24,conf_020,common,1.796612078798949,0.2024214098095547,2079
augmentation,0.004,0.4,0,5040,5540,C_all,C_all (38 coordinates),38,38,38,0.0001,pysindy.STLSQ,confirmation_24,conf_021,native,1.573136127169948,0.1797579348709858,2087
augmentation,0.004,0.4,0,5040,5540,C_all,C_all (38 coordinates),38,38,38,0.0001,pysindy.STLSQ,confirmation_24,conf_021,common,1.573136127169948,0.1797579348709858,2087
augmentation,0.004,0.4,0,5040,5540,C_all,C_all (38 coordinates),38,38,38,0.0001,pysindy.STLSQ,confirmation_24,conf_022,native,1.553547057224622,0.1751614360508726,2106
augmentation,0.004,0.4,0,5040,5540,C_all,C_all (38 coordinates),38,38,38,0.0001,pysindy.STLSQ,confirmation_24,conf_022,common,1.553547057224622,0.1751614360508726,2106
augmentation,0.004,0.4,0,5040,5540,C_all,C_all (38 coordinates),38,38,38,0.0001,pysindy.STLSQ,confirmation_24,conf_023,native,1.8199750792725735,0.1926453174529444,2075
augmentation,0.004,0.4,0,5040,5540,C_all,C_all (38 coordinates),38,38,38,0.0001,pysindy.STLSQ,confirmation_24,conf_023,common,1.8199750792725735,0.1926453174529444,2075
augmentation,0.004,0.4,1,5041,5541,C0_poly2,conventional quadratic,10,65,65,0.0001,pysindy.STLSQ,confirmation_24,conf_000,native,3.1086503458783525,0.3580930307953549,2397
augmentation,0.004,0.4,1,5041,5541,C0_poly2,conventional quadratic,10,65,65,0.0001,pysindy.STLSQ,confirmation_24,conf_000,common,2.863642557620159,0.3270935792852997,2073
augmentation,0.004,0.4,1,5041,5541,C0_poly2,conventional quadratic,10,65,65,0.0001,pysindy.STLSQ,confirmation_24,conf_001,native,2.5983102092061423,0.2926175143420265,2397
augmentation,0.004,0.4,1,5041,5541,C0_poly2,conventional quadratic,10,65,65,0.0001,pysindy.STLSQ,confirmation_24,conf_001,common,2.494067023315869,0.2689085290177506,2104
augmentation,0.004,0.4,1,5041,5541,C0_poly2,conventional quadratic,10,65,65,0.0001,pysindy.STLSQ,confirmation_24,conf_002,native,2.052780709772061,0.2791847614728414,2397
augmentation,0.004,0.4,1,5041,5541,C0_poly2,conventional quadratic,10,65,65,0.0001,pysindy.STLSQ,confirmation_24,conf_002,common,1.9618144740228265,0.2584195332521282,2125
augmentation,0.004,0.4,1,5041,5541,C0_poly2,conventional quadratic,10,65,65,0.0001,pysindy.STLSQ,confirmation_24,conf_003,native,2.6771187074485767,0.3367553808369217,2397
augmentation,0.004,0.4,1,5041,5541,C0_poly2,conventional quadratic,10,65,65,0.0001,pysindy.STLSQ,confirmation_24,conf_003,common,2.5386886731764484,0.3177028728280031,2048
augmentation,0.004,0.4,1,5041,5541,C0_poly2,conventional quadratic,10,65,65,0.0001,pysindy.STLSQ,confirmation_24,conf_004,native,2.8134697848909296,0.3234116250331578,2397
augmentation,0.004,0.4,1,5041,5541,C0_poly2,conventional quadratic,10,65,65,0.0001,pysindy.STLSQ,confirmation_24,conf_004,common,2.751172315996953,0.3062682352353838,2072
augmentation,0.004,0.4,1,5041,5541,C0_poly2,conventional quadratic,10,65,65,0.0001,pysindy.STLSQ,confirmation_24,conf_005,native,2.8702128616486813,0.3338465525106076,2397
augmentation,0.004,0.4,1,5041,5541,C0_poly2,conventional quadratic,10,65,65,0.0001,pysindy.STLSQ,confirmation_24,conf_005,common,2.6103041559267086,0.3012064426005894,2015
augmentation,0.004,0.4,1,5041,5541,C0_poly2,conventional quadratic,10,65,65,0.0001,pysindy.STLSQ,confirmation_24,conf_006,native,2.922991967964033,0.3269859507361561,2397
augmentation,0.004,0.4,1,5041,5541,C0_poly2,conventional quadratic,10,65,65,0.0001,pysindy.STLSQ,confirmation_24,conf_006,common,2.8580773344946118,0.3109370588864837,2070
augmentation,0.004,0.4,1,5041,5541,C0_poly2,conventional quadratic,10,65,65,0.0001,pysindy.STLSQ,confirmation_24,conf_007,native,3.089507861330337,0.3822858546103944,2397
augmentation,0.004,0.4,1,5041,5541,C0_poly2,conventional quadratic,10,65,65,0.0001,pysindy.STLSQ,confirmation_24,conf_007,common,2.828451170929274,0.3542903657850741,2008
augmentation,0.004,0.4,1,5041,5541,C0_poly2,conventional quadratic,10,65,65,0.0001,pysindy.STLSQ,confirmation_24,conf_008,native,2.657186244762657,0.3169510479746649,2397
augmentation,0.004,0.4,1,5041,5541,C0_poly2,conventional quadratic,10,65,65,0.0001,pysindy.STLSQ,confirmation_24,conf_008,common,2.5628760687966343,0.2963261392613183,2081
augmentation,0.004,0.4,1,5041,5541,C0_poly2,conventional quadratic,10,65,65,0.0001,pysindy.STLSQ,confirmation_24,conf_009,native,2.7594723811337016,0.3191723705922443,2397
augmentation,0.004,0.4,1,5041,5541,C0_poly2,conventional quadratic,10,65,65,0.0001,pysindy.STLSQ,confirmation_24,conf_009,common,2.633697988804597,0.2950609743090721,2075
augmentation,0.004,0.4,1,5041,5541,C0_poly2,conventional quadratic,10,65,65,0.0001,pysindy.STLSQ,confirmation_24,conf_010,native,2.943420863941385,0.3526143895853664,2397
augmentation,0.004,0.4,1,5041,5541,C0_poly2,conventional quadratic,10,65,65,0.0001,pysindy.STLSQ,confirmation_24,conf_010,common,2.7313726858257774,0.3245012313391721,2081
augmentation,0.004,0.4,1,5041,5541,C0_poly2,conventional quadratic,10,65,65,0.0001,pysindy.STLSQ,confirmation_24,conf_011,native,2.800998369093526,0.3250698709379304,2397
augmentation,0.004,0.4,1,5041,5541,C0_poly2,conventional quadratic,10,65,65,0.0001,pysindy.STLSQ,confirmation_24,conf_011,common,2.736462211437962,0.3081769332271134,2082
augmentation,0.004,0.4,1,5041,5541,C0_poly2,conventional quadratic,10,65,65,0.0001,pysindy.STLSQ,confirmation_24,conf_012,native,2.7013801325254905,0.302446564060588,2397
augmentation,0.004,0.4,1,5041,5541,C0_poly2,conventional quadratic,10,65,65,0.0001,pysindy.STLSQ,confirmation_24,conf_012,common,2.5874348347387945,0.2771063641441229,2072
augmentation,0.004,0.4,1,5041,5541,C0_poly2,conventional quadratic,10,65,65,0.0001,pysindy.STLSQ,confirmation_24,conf_013,native,2.757124481877298,0.3144781320369721,2397
augmentation,0.004,0.4,1,5041,5541,C0_poly2,conventional quadratic,10,65,65,0.0001,pysindy.STLSQ,confirmation_24,conf_013,common,2.6786537637777155,0.294667027257483,2100
augmentation,0.004,0.4,1,5041,5541,C0_poly2,conventional quadratic,10,65,65,0.0001,pysindy.STLSQ,confirmation_24,conf_014,native,3.001134752312785,0.3628222174563638,2397
augmentation,0.004,0.4,1,5041,5541,C0_poly2,conventional quadratic,10,65,65,0.0001,pysindy.STLSQ,confirmation_24,conf_014,common,2.783023547073521,0.335061557850006,2062
augmentation,0.004,0.4,1,5041,5541,C0_poly2,conventional quadratic,10,65,65,0.0001,pysindy.STLSQ,confirmation_24,conf_015,native,3.149094451934785,0.3409407894632846,2397
augmentation,0.004,0.4,1,5041,5541,C0_poly2,conventional quadratic,10,65,65,0.0001,pysindy.STLSQ,confirmation_24,conf_015,common,3.004262326269599,0.3150590773636127,2050
augmentation,0.004,0.4,1,5041,5541,C0_poly2,conventional quadratic,10,65,65,0.0001,pysindy.STLSQ,confirmation_24,conf_016,native,2.713996784941925,0.3258519443111409,2397
augmentation,0.004,0.4,1,5041,5541,C0_poly2,conventional quadratic,10,65,65,0.0001,pysindy.STLSQ,confirmation_24,conf_016,common,2.579480730968924,0.3042488848534798,2105
augmentation,0.004,0.4,1,5041,5541,C0_poly2,conventional quadratic,10,65,65,0.0001,pysindy.STLSQ,confirmation_24,conf_017,native,2.77632694416098,0.3222708411039411,2397
augmentation,0.004,0.4,1,5041,5541,C0_poly2,conventional quadratic,10,65,65,0.0001,pysindy.STLSQ,confirmation_24,conf_017,common,2.6514793458777195,0.2988552948166887,2073
augmentation,0.004,0.4,1,5041,5541,C0_poly2,conventional quadratic,10,65,65,0.0001,pysindy.STLSQ,confirmation_24,conf_018,native,2.7339116658984586,0.3024327604571171,2397
augmentation,0.004,0.4,1,5041,5541,C0_poly2,conventional quadratic,10,65,65,0.0001,pysindy.STLSQ,confirmation_24,conf_018,common,2.650116443572532,0.2799002516687352,2081
augmentation,0.004,0.4,1,5041,5541,C0_poly2,conventional quadratic,10,65,65,0.0001,pysindy.STLSQ,confirmation_24,conf_019,native,2.8313777980923938,0.3107492095864593,2397
augmentation,0.004,0.4,1,5041,5541,C0_poly2,conventional quadratic,10,65,65,0.0001,pysindy.STLSQ,confirmation_24,conf_019,common,2.7397029169276554,0.2867700354286803,2048
augmentation,0.004,0.4,1,5041,5541,C0_poly2,conventional quadratic,10,65,65,0.0001,pysindy.STLSQ,confirmation_24,conf_020,native,2.915495018652388,0.3368220845848363,2397
augmentation,0.004,0.4,1,5041,5541,C0_poly2,conventional quadratic,10,65,65,0.0001,pysindy.STLSQ,confirmation_24,conf_020,common,2.7999003045411714,0.3171053567154288,2104
augmentation,0.004,0.4,1,5041,5541,C0_poly2,conventional quadratic,10,65,65,0.0001,pysindy.STLSQ,confirmation_24,conf_021,native,2.623868383934093,0.3113694955255098,2397
augmentation,0.004,0.4,1,5041,5541,C0_poly2,conventional quadratic,10,65,65,0.0001,pysindy.STLSQ,confirmation_24,conf_021,common,2.5421388619160985,0.291840880250881,2096
augmentation,0.004,0.4,1,5041,5541,C0_poly2,conventional quadratic,10,65,65,0.0001,pysindy.STLSQ,confirmation_24,conf_022,native,2.5312444145811948,0.2970862268402416,2397
augmentation,0.004,0.4,1,5041,5541,C0_poly2,conventional quadratic,10,65,65,0.0001,pysindy.STLSQ,confirmation_24,conf_022,common,2.4621124160812733,0.2784713733940557,2115
augmentation,0.004,0.4,1,5041,5541,C0_poly2,conventional quadratic,10,65,65,0.0001,pysindy.STLSQ,confirmation_24,conf_023,native,2.885280564997184,0.3171242202629925,2397
augmentation,0.004,0.4,1,5041,5541,C0_poly2,conventional quadratic,10,65,65,0.0001,pysindy.STLSQ,confirmation_24,conf_023,common,2.798596196690779,0.2963361789743051,2068
augmentation,0.004,0.4,1,5041,5541,C_compact,compact (12 coordinates),12,12,12,0.0001,pysindy.STLSQ,confirmation_24,conf_000,native,2.706130813267816,0.3149004439699761,2248
augmentation,0.004,0.4,1,5041,5541,C_compact,compact (12 coordinates),12,12,12,0.0001,pysindy.STLSQ,confirmation_24,conf_000,common,2.483319905695608,0.2836520201527721,2073
augmentation,0.004,0.4,1,5041,5541,C_compact,compact (12 coordinates),12,12,12,0.0001,pysindy.STLSQ,confirmation_24,conf_001,native,2.8448850642903074,0.3125614996649333,2257
augmentation,0.004,0.4,1,5041,5541,C_compact,compact (12 coordinates),12,12,12,0.0001,pysindy.STLSQ,confirmation_24,conf_001,common,2.7194708943042296,0.293211413750095,2104
augmentation,0.004,0.4,1,5041,5541,C_compact,compact (12 coordinates),12,12,12,0.0001,pysindy.STLSQ,confirmation_24,conf_002,native,1.910071897570118,0.2576394795203284,2324
augmentation,0.004,0.4,1,5041,5541,C_compact,compact (12 coordinates),12,12,12,0.0001,pysindy.STLSQ,confirmation_24,conf_002,common,1.8452620259494288,0.2430666904480079,2125
augmentation,0.004,0.4,1,5041,5541,C_compact,compact (12 coordinates),12,12,12,0.0001,pysindy.STLSQ,confirmation_24,conf_003,native,2.005224914715517,0.2566972695855264,2249
augmentation,0.004,0.4,1,5041,5541,C_compact,compact (12 coordinates),12,12,12,0.0001,pysindy.STLSQ,confirmation_24,conf_003,common,1.882938200208216,0.2356393211520669,2048
augmentation,0.004,0.4,1,5041,5541,C_compact,compact (12 coordinates),12,12,12,0.0001,pysindy.STLSQ,confirmation_24,conf_004,native,2.613849369446956,0.2972783080258683,2256
augmentation,0.004,0.4,1,5041,5541,C_compact,compact (12 coordinates),12,12,12,0.0001,pysindy.STLSQ,confirmation_24,conf_004,common,2.479018198598033,0.2759712739134224,2072
augmentation,0.004,0.4,1,5041,5541,C_compact,compact (12 coordinates),12,12,12,0.0001,pysindy.STLSQ,confirmation_24,conf_005,native,2.057399094512852,0.2425542918471359,2187
augmentation,0.004,0.4,1,5041,5541,C_compact,compact (12 coordinates),12,12,12,0.0001,pysindy.STLSQ,confirmation_24,conf_005,common,1.8897547962669652,0.2180613007409839,2015
augmentation,0.004,0.4,1,5041,5541,C_compact,compact (12 coordinates),12,12,12,0.0001,pysindy.STLSQ,confirmation_24,conf_006,native,3.056797311666729,0.3377802894944147,2256
augmentation,0.004,0.4,1,5041,5541,C_compact,compact (12 coordinates),12,12,12,0.0001,pysindy.STLSQ,confirmation_24,conf_006,common,2.6890710545021275,0.2925504620649177,2070
augmentation,0.004,0.4,1,5041,5541,C_compact,compact (12 coordinates),12,12,12,0.0001,pysindy.STLSQ,confirmation_24,conf_007,native,2.048459173905586,0.2632687570126566,2222
augmentation,0.004,0.4,1,5041,5541,C_compact,compact (12 coordinates),12,12,12,0.0001,pysindy.STLSQ,confirmation_24,conf_007,common,1.952197674292676,0.2445312951549687,2008
augmentation,0.004,0.4,1,5041,5541,C_compact,compact (12 coordinates),12,12,12,0.0001,pysindy.STLSQ,confirmation_24,conf_008,native,2.3863492424567583,0.2821059616034713,2261
augmentation,0.004,0.4,1,5041,5541,C_compact,compact (12 coordinates),12,12,12,0.0001,pysindy.STLSQ,confirmation_24,conf_008,common,2.193938579027074,0.2536686642069321,2081
augmentation,0.004,0.4,1,5041,5541,C_compact,compact (12 coordinates),12,12,12,0.0001,pysindy.STLSQ,confirmation_24,conf_009,native,2.6402348494404926,0.3019084829192628,2240
augmentation,0.004,0.4,1,5041,5541,C_compact,compact (12 coordinates),12,12,12,0.0001,pysindy.STLSQ,confirmation_24,conf_009,common,2.563854708398263,0.2872362250579293,2075
augmentation,0.004,0.4,1,5041,5541,C_compact,compact (12 coordinates),12,12,12,0.0001,pysindy.STLSQ,confirmation_24,conf_010,native,2.3144045012683745,0.2808293803762469,2260
augmentation,0.004,0.4,1,5041,5541,C_compact,compact (12 coordinates),12,12,12,0.0001,pysindy.STLSQ,confirmation_24,conf_010,common,2.156028041220793,0.2561473056418187,2081
augmentation,0.004,0.4,1,5041,5541,C_compact,compact (12 coordinates),12,12,12,0.0001,pysindy.STLSQ,confirmation_24,conf_011,native,2.5610595875272764,0.2935161669088766,2253
augmentation,0.004,0.4,1,5041,5541,C_compact,compact (12 coordinates),12,12,12,0.0001,pysindy.STLSQ,confirmation_24,conf_011,common,2.4049981506596634,0.2708478675090877,2082
augmentation,0.004,0.4,1,5041,5541,C_compact,compact (12 coordinates),12,12,12,0.0001,pysindy.STLSQ,confirmation_24,conf_012,native,2.8644234044632984,0.3123312976367245,2237
augmentation,0.004,0.4,1,5041,5541,C_compact,compact (12 coordinates),12,12,12,0.0001,pysindy.STLSQ,confirmation_24,conf_012,common,2.7564415144534085,0.2952064630927075,2072
augmentation,0.004,0.4,1,5041,5541,C_compact,compact (12 coordinates),12,12,12,0.0001,pysindy.STLSQ,confirmation_24,conf_013,native,2.689727038935384,0.3023541972590312,2285
augmentation,0.004,0.4,1,5041,5541,C_compact,compact (12 coordinates),12,12,12,0.0001,pysindy.STLSQ,confirmation_24,conf_013,common,2.4972888854441813,0.2747158673613687,2100
augmentation,0.004,0.4,1,5041,5541,C_compact,compact (12 coordinates),12,12,12,0.0001,pysindy.STLSQ,confirmation_24,conf_014,native,2.1921291434287484,0.2697177944211256,2251
augmentation,0.004,0.4,1,5041,5541,C_compact,compact (12 coordinates),12,12,12,0.0001,pysindy.STLSQ,confirmation_24,conf_014,common,1.994618065682995,0.2401416391558308,2062
augmentation,0.004,0.4,1,5041,5541,C_compact,compact (12 coordinates),12,12,12,0.0001,pysindy.STLSQ,confirmation_24,conf_015,native,3.252087724794294,0.3475588952720644,2220
augmentation,0.004,0.4,1,5041,5541,C_compact,compact (12 coordinates),12,12,12,0.0001,pysindy.STLSQ,confirmation_24,conf_015,common,2.964958367726994,0.3109372439248707,2050
augmentation,0.004,0.4,1,5041,5541,C_compact,compact (12 coordinates),12,12,12,0.0001,pysindy.STLSQ,confirmation_24,conf_016,native,2.718916736564207,0.3261725523626013,2287
augmentation,0.004,0.4,1,5041,5541,C_compact,compact (12 coordinates),12,12,12,0.0001,pysindy.STLSQ,confirmation_24,conf_016,common,2.47694771779724,0.2921551504271582,2105
augmentation,0.004,0.4,1,5041,5541,C_compact,compact (12 coordinates),12,12,12,0.0001,pysindy.STLSQ,confirmation_24,conf_017,native,2.6263058548865144,0.3027195161137845,2269
augmentation,0.004,0.4,1,5041,5541,C_compact,compact (12 coordinates),12,12,12,0.0001,pysindy.STLSQ,confirmation_24,conf_017,common,2.4639661387991314,0.277720182121725,2073
augmentation,0.004,0.4,1,5041,5541,C_compact,compact (12 coordinates),12,12,12,0.0001,pysindy.STLSQ,confirmation_24,conf_018,native,3.2182501696702595,0.3482486328967241,2286
augmentation,0.004,0.4,1,5041,5541,C_compact,compact (12 coordinates),12,12,12,0.0001,pysindy.STLSQ,confirmation_24,conf_018,common,3.017813365773041,0.3187357003190598,2081
augmentation,0.004,0.4,1,5041,5541,C_compact,compact (12 coordinates),12,12,12,0.0001,pysindy.STLSQ,confirmation_24,conf_019,native,2.964541391120743,0.3178685355282153,2251
augmentation,0.004,0.4,1,5041,5541,C_compact,compact (12 coordinates),12,12,12,0.0001,pysindy.STLSQ,confirmation_24,conf_019,common,2.755171150636622,0.2883891255502157,2048
augmentation,0.004,0.4,1,5041,5541,C_compact,compact (12 coordinates),12,12,12,0.0001,pysindy.STLSQ,confirmation_24,conf_020,native,2.602191977075297,0.30022583492857,2282
augmentation,0.004,0.4,1,5041,5541,C_compact,compact (12 coordinates),12,12,12,0.0001,pysindy.STLSQ,confirmation_24,conf_020,common,2.34682718157659,0.2657921317256552,2104
augmentation,0.004,0.4,1,5041,5541,C_compact,compact (12 coordinates),12,12,12,0.0001,pysindy.STLSQ,confirmation_24,conf_021,native,2.3745531014023222,0.2786705004148782,2288
augmentation,0.004,0.4,1,5041,5541,C_compact,compact (12 coordinates),12,12,12,0.0001,pysindy.STLSQ,confirmation_24,conf_021,common,2.215871565388621,0.2543849660826499,2096
augmentation,0.004,0.4,1,5041,5541,C_compact,compact (12 coordinates),12,12,12,0.0001,pysindy.STLSQ,confirmation_24,conf_022,native,2.667180113264453,0.3082473093017028,2303
augmentation,0.004,0.4,1,5041,5541,C_compact,compact (12 coordinates),12,12,12,0.0001,pysindy.STLSQ,confirmation_24,conf_022,common,2.557446696291557,0.2892539305869337,2115
augmentation,0.004,0.4,1,5041,5541,C_compact,compact (12 coordinates),12,12,12,0.0001,pysindy.STLSQ,confirmation_24,conf_023,native,2.9996777989143686,0.3236421612497191,2242
augmentation,0.004,0.4,1,5041,5541,C_compact,compact (12 coordinates),12,12,12,0.0001,pysindy.STLSQ,confirmation_24,conf_023,common,2.752775828304627,0.2914843775951696,2068
augmentation,0.004,0.4,1,5041,5541,C_all,C_all (38 coordinates),38,38,38,0.0001,pysindy.STLSQ,confirmation_24,conf_000,native,1.781591180388249,0.2034985247951506,2073
augmentation,0.004,0.4,1,5041,5541,C_all,C_all (38 coordinates),38,38,38,0.0001,pysindy.STLSQ,confirmation_24,conf_000,common,1.781591180388249,0.2034985247951506,2073
augmentation,0.004,0.4,1,5041,5541,C_all,C_all (38 coordinates),38,38,38,0.0001,pysindy.STLSQ,confirmation_24,conf_001,native,1.576257622738321,0.1699509735388117,2104
augmentation,0.004,0.4,1,5041,5541,C_all,C_all (38 coordinates),38,38,38,0.0001,pysindy.STLSQ,confirmation_24,conf_001,common,1.576257622738321,0.1699509735388117,2104
augmentation,0.004,0.4,1,5041,5541,C_all,C_all (38 coordinates),38,38,38,0.0001,pysindy.STLSQ,confirmation_24,conf_002,native,1.156081141417497,0.1522845064722573,2125
augmentation,0.004,0.4,1,5041,5541,C_all,C_all (38 coordinates),38,38,38,0.0001,pysindy.STLSQ,confirmation_24,conf_002,common,1.156081141417497,0.1522845064722573,2125
augmentation,0.004,0.4,1,5041,5541,C_all,C_all (38 coordinates),38,38,38,0.0001,pysindy.STLSQ,confirmation_24,conf_003,native,1.558172407617419,0.1949966750519209,2048
augmentation,0.004,0.4,1,5041,5541,C_all,C_all (38 coordinates),38,38,38,0.0001,pysindy.STLSQ,confirmation_24,conf_003,common,1.558172407617419,0.1949966750519209,2048
augmentation,0.004,0.4,1,5041,5541,C_all,C_all (38 coordinates),38,38,38,0.0001,pysindy.STLSQ,confirmation_24,conf_004,native,1.7671589758339294,0.1967251043353495,2072
augmentation,0.004,0.4,1,5041,5541,C_all,C_all (38 coordinates),38,38,38,0.0001,pysindy.STLSQ,confirmation_24,conf_004,common,1.7671589758339294,0.1967251043353495,2072
augmentation,0.004,0.4,1,5041,5541,C_all,C_all (38 coordinates),38,38,38,0.0001,pysindy.STLSQ,confirmation_24,conf_005,native,1.5406559935409023,0.17777832902426,2015
augmentation,0.004,0.4,1,5041,5541,C_all,C_all (38 coordinates),38,38,38,0.0001,pysindy.STLSQ,confirmation_24,conf_005,common,1.5406559935409023,0.17777832902426,2015
augmentation,0.004,0.4,1,5041,5541,C_all,C_all (38 coordinates),38,38,38,0.0001,pysindy.STLSQ,confirmation_24,conf_006,native,1.8085755463174265,0.1967592529281213,2070
augmentation,0.004,0.4,1,5041,5541,C_all,C_all (38 coordinates),38,38,38,0.0001,pysindy.STLSQ,confirmation_24,conf_006,common,1.8085755463174265,0.1967592529281213,2070
augmentation,0.004,0.4,1,5041,5541,C_all,C_all (38 coordinates),38,38,38,0.0001,pysindy.STLSQ,confirmation_24,conf_007,native,1.7455646051042013,0.2186485412228847,2008
augmentation,0.004,0.4,1,5041,5541,C_all,C_all (38 coordinates),38,38,38,0.0001,pysindy.STLSQ,confirmation_24,conf_007,common,1.7455646051042013,0.2186485412228847,2008
augmentation,0.004,0.4,1,5041,5541,C_all,C_all (38 coordinates),38,38,38,0.0001,pysindy.STLSQ,confirmation_24,conf_008,native,1.5192825665579672,0.1756632491428024,2081
augmentation,0.004,0.4,1,5041,5541,C_all,C_all (38 coordinates),38,38,38,0.0001,pysindy.STLSQ,confirmation_24,conf_008,common,1.5192825665579672,0.1756632491428024,2081
augmentation,0.004,0.4,1,5041,5541,C_all,C_all (38 coordinates),38,38,38,0.0001,pysindy.STLSQ,confirmation_24,conf_009,native,1.6269300274952332,0.182269782293191,2075
augmentation,0.004,0.4,1,5041,5541,C_all,C_all (38 coordinates),38,38,38,0.0001,pysindy.STLSQ,confirmation_24,conf_009,common,1.6269300274952332,0.182269782293191,2075
augmentation,0.004,0.4,1,5041,5541,C_all,C_all (38 coordinates),38,38,38,0.0001,pysindy.STLSQ,confirmation_24,conf_010,native,1.7400267130196478,0.2067241917838904,2081
augmentation,0.004,0.4,1,5041,5541,C_all,C_all (38 coordinates),38,38,38,0.0001,pysindy.STLSQ,confirmation_24,conf_010,common,1.7400267130196478,0.2067241917838904,2081
augmentation,0.004,0.4,1,5041,5541,C_all,C_all (38 coordinates),38,38,38,0.0001,pysindy.STLSQ,confirmation_24,conf_011,native,1.6802705544956589,0.1892299569538685,2082
augmentation,0.004,0.4,1,5041,5541,C_all,C_all (38 coordinates),38,38,38,0.0001,pysindy.STLSQ,confirmation_24,conf_011,common,1.6802705544956589,0.1892299569538685,2082
augmentation,0.004,0.4,1,5041,5541,C_all,C_all (38 coordinates),38,38,38,0.0001,pysindy.STLSQ,confirmation_24,conf_012,native,1.5933631755492743,0.1706443271187412,2072
augmentation,0.004,0.4,1,5041,5541,C_all,C_all (38 coordinates),38,38,38,0.0001,pysindy.STLSQ,confirmation_24,conf_012,common,1.5933631755492743,0.1706443271187412,2072
augmentation,0.004,0.4,1,5041,5541,C_all,C_all (38 coordinates),38,38,38,0.0001,pysindy.STLSQ,confirmation_24,conf_013,native,1.655455936359022,0.1821094932533229,2100
augmentation,0.004,0.4,1,5041,5541,C_all,C_all (38 coordinates),38,38,38,0.0001,pysindy.STLSQ,confirmation_24,conf_013,common,1.655455936359022,0.1821094932533229,2100
augmentation,0.004,0.4,1,5041,5541,C_all,C_all (38 coordinates),38,38,38,0.0001,pysindy.STLSQ,confirmation_24,conf_014,native,1.7479849871996544,0.2104482994854325,2062
augmentation,0.004,0.4,1,5041,5541,C_all,C_all (38 coordinates),38,38,38,0.0001,pysindy.STLSQ,confirmation_24,conf_014,common,1.7479849871996544,0.2104482994854325,2062
augmentation,0.004,0.4,1,5041,5541,C_all,C_all (38 coordinates),38,38,38,0.0001,pysindy.STLSQ,confirmation_24,conf_015,native,2.0178126211729843,0.2116094114553576,2050
augmentation,0.004,0.4,1,5041,5541,C_all,C_all (38 coordinates),38,38,38,0.0001,pysindy.STLSQ,confirmation_24,conf_015,common,2.0178126211729843,0.2116094114553576,2050
augmentation,0.004,0.4,1,5041,5541,C_all,C_all (38 coordinates),38,38,38,0.0001,pysindy.STLSQ,confirmation_24,conf_016,native,1.6664845959676258,0.1965612977299501,2105
augmentation,0.004,0.4,1,5041,5541,C_all,C_all (38 coordinates),38,38,38,0.0001,pysindy.STLSQ,confirmation_24,conf_016,common,1.6664845959676258,0.1965612977299501,2105
augmentation,0.004,0.4,1,5041,5541,C_all,C_all (38 coordinates),38,38,38,0.0001,pysindy.STLSQ,confirmation_24,conf_017,native,1.6761050894735283,0.1889182661132691,2073
augmentation,0.004,0.4,1,5041,5541,C_all,C_all (38 coordinates),38,38,38,0.0001,pysindy.STLSQ,confirmation_24,conf_017,common,1.6761050894735283,0.1889182661132691,2073
augmentation,0.004,0.4,1,5041,5541,C_all,C_all (38 coordinates),38,38,38,0.0001,pysindy.STLSQ,confirmation_24,conf_018,native,1.73566964203577,0.1833181220387002,2081
augmentation,0.004,0.4,1,5041,5541,C_all,C_all (38 coordinates),38,38,38,0.0001,pysindy.STLSQ,confirmation_24,conf_018,common,1.73566964203577,0.1833181220387002,2081
augmentation,0.004,0.4,1,5041,5541,C_all,C_all (38 coordinates),38,38,38,0.0001,pysindy.STLSQ,confirmation_24,conf_019,native,1.6766894281980935,0.1755023450741384,2048
augmentation,0.004,0.4,1,5041,5541,C_all,C_all (38 coordinates),38,38,38,0.0001,pysindy.STLSQ,confirmation_24,conf_019,common,1.6766894281980935,0.1755023450741384,2048
augmentation,0.004,0.4,1,5041,5541,C_all,C_all (38 coordinates),38,38,38,0.0001,pysindy.STLSQ,confirmation_24,conf_020,native,1.8100885884356173,0.2050032947928354,2104
augmentation,0.004,0.4,1,5041,5541,C_all,C_all (38 coordinates),38,38,38,0.0001,pysindy.STLSQ,confirmation_24,conf_020,common,1.8100885884356173,0.2050032947928354,2104
augmentation,0.004,0.4,1,5041,5541,C_all,C_all (38 coordinates),38,38,38,0.0001,pysindy.STLSQ,confirmation_24,conf_021,native,1.5189707132471086,0.1743798329313985,2096
augmentation,0.004,0.4,1,5041,5541,C_all,C_all (38 coordinates),38,38,38,0.0001,pysindy.STLSQ,confirmation_24,conf_021,common,1.5189707132471086,0.1743798329313985,2096
augmentation,0.004,0.4,1,5041,5541,C_all,C_all (38 coordinates),38,38,38,0.0001,pysindy.STLSQ,confirmation_24,conf_022,native,1.658636496052852,0.1875961389904689,2115
augmentation,0.004,0.4,1,5041,5541,C_all,C_all (38 coordinates),38,38,38,0.0001,pysindy.STLSQ,confirmation_24,conf_022,common,1.658636496052852,0.1875961389904689,2115
augmentation,0.004,0.4,1,5041,5541,C_all,C_all (38 coordinates),38,38,38,0.0001,pysindy.STLSQ,confirmation_24,conf_023,native,1.7207670994228867,0.1822076181446404,2068
augmentation,0.004,0.4,1,5041,5541,C_all,C_all (38 coordinates),38,38,38,0.0001,pysindy.STLSQ,confirmation_24,conf_023,common,1.7207670994228867,0.1822076181446404,2068
augmentation,0.004,0.4,2,5042,5542,C0_poly2,conventional quadratic,10,65,60,0.5,pysindy.STLSQ,confirmation_24,conf_000,native,3.088926846686565,0.3558210327197781,2397
augmentation,0.004,0.4,2,5042,5542,C0_poly2,conventional quadratic,10,65,60,0.5,pysindy.STLSQ,confirmation_24,conf_000,common,2.874438998499036,0.3267156430023907,2070
augmentation,0.004,0.4,2,5042,5542,C0_poly2,conventional quadratic,10,65,60,0.5,pysindy.STLSQ,confirmation_24,conf_001,native,2.617844484788422,0.2948174330219077,2397
augmentation,0.004,0.4,2,5042,5542,C0_poly2,conventional quadratic,10,65,60,0.5,pysindy.STLSQ,confirmation_24,conf_001,common,2.50265074142108,0.2700531073813361,2091
augmentation,0.004,0.4,2,5042,5542,C0_poly2,conventional quadratic,10,65,60,0.5,pysindy.STLSQ,confirmation_24,conf_002,native,2.072098024732961,0.2818119782739255,2397
augmentation,0.004,0.4,2,5042,5542,C0_poly2,conventional quadratic,10,65,60,0.5,pysindy.STLSQ,confirmation_24,conf_002,common,1.9891618049670008,0.2624969093033912,2118
augmentation,0.004,0.4,2,5042,5542,C0_poly2,conventional quadratic,10,65,60,0.5,pysindy.STLSQ,confirmation_24,conf_003,native,2.700346085254446,0.3396771580584903,2397
augmentation,0.004,0.4,2,5042,5542,C0_poly2,conventional quadratic,10,65,60,0.5,pysindy.STLSQ,confirmation_24,conf_003,common,2.563189357573686,0.3222118870252884,2052
augmentation,0.004,0.4,2,5042,5542,C0_poly2,conventional quadratic,10,65,60,0.5,pysindy.STLSQ,confirmation_24,conf_004,native,2.8424376950926624,0.3267415200128262,2397
augmentation,0.004,0.4,2,5042,5542,C0_poly2,conventional quadratic,10,65,60,0.5,pysindy.STLSQ,confirmation_24,conf_004,common,2.754350229511876,0.307393571816428,2064
augmentation,0.004,0.4,2,5042,5542,C0_poly2,conventional quadratic,10,65,60,0.5,pysindy.STLSQ,confirmation_24,conf_005,native,2.8691210243052687,0.3337195563083847,2397
augmentation,0.004,0.4,2,5042,5542,C0_poly2,conventional quadratic,10,65,60,0.5,pysindy.STLSQ,confirmation_24,conf_005,common,2.606520842017757,0.301259498334114,2013
augmentation,0.004,0.4,2,5042,5542,C0_poly2,conventional quadratic,10,65,60,0.5,pysindy.STLSQ,confirmation_24,conf_006,native,2.918501107166032,0.3264835722131385,2397
augmentation,0.004,0.4,2,5042,5542,C0_poly2,conventional quadratic,10,65,60,0.5,pysindy.STLSQ,confirmation_24,conf_006,common,2.871248864278132,0.3114481984471641,2068
augmentation,0.004,0.4,2,5042,5542,C0_poly2,conventional quadratic,10,65,60,0.5,pysindy.STLSQ,confirmation_24,conf_007,native,3.0914523687933446,0.3825264617655327,2397
augmentation,0.004,0.4,2,5042,5542,C0_poly2,conventional quadratic,10,65,60,0.5,pysindy.STLSQ,confirmation_24,conf_007,common,2.811863266679124,0.3538479546677954,2041
augmentation,0.004,0.4,2,5042,5542,C0_poly2,conventional quadratic,10,65,60,0.5,pysindy.STLSQ,confirmation_24,conf_008,native,2.631767088457448,0.3139190330959761,2397
augmentation,0.004,0.4,2,5042,5542,C0_poly2,conventional quadratic,10,65,60,0.5,pysindy.STLSQ,confirmation_24,conf_008,common,2.576397281041356,0.2986921128002299,2094
augmentation,0.004,0.4,2,5042,5542,C0_poly2,conventional quadratic,10,65,60,0.5,pysindy.STLSQ,confirmation_24,conf_009,native,2.758578306194844,0.319068958063214,2397
augmentation,0.004,0.4,2,5042,5542,C0_poly2,conventional quadratic,10,65,60,0.5,pysindy.STLSQ,confirmation_24,conf_009,common,2.6161932636035323,0.2916351945819355,2064
augmentation,0.004,0.4,2,5042,5542,C0_poly2,conventional quadratic,10,65,60,0.5,pysindy.STLSQ,confirmation_24,conf_010,native,2.915856209018123,0.3493122135054965,2397
augmentation,0.004,0.4,2,5042,5542,C0_poly2,conventional quadratic,10,65,60,0.5,pysindy.STLSQ,confirmation_24,conf_010,common,2.719676993074128,0.3233384786749531,2083
augmentation,0.004,0.4,2,5042,5542,C0_poly2,conventional quadratic,10,65,60,0.5,pysindy.STLSQ,confirmation_24,conf_011,native,2.8001014741385784,0.3249657817922648,2397
augmentation,0.004,0.4,2,5042,5542,C0_poly2,conventional quadratic,10,65,60,0.5,pysindy.STLSQ,confirmation_24,conf_011,common,2.7229141362134035,0.3059136770331244,2062
augmentation,0.004,0.4,2,5042,5542,C0_poly2,conventional quadratic,10,65,60,0.5,pysindy.STLSQ,confirmation_24,conf_012,native,2.6846056651975823,0.3005684944227065,2397
augmentation,0.004,0.4,2,5042,5542,C0_poly2,conventional quadratic,10,65,60,0.5,pysindy.STLSQ,confirmation_24,conf_012,common,2.56939243260812,0.2748608492518788,2083
augmentation,0.004,0.4,2,5042,5542,C0_poly2,conventional quadratic,10,65,60,0.5,pysindy.STLSQ,confirmation_24,conf_013,native,2.752598015864016,0.3139618424802465,2397
augmentation,0.004,0.4,2,5042,5542,C0_poly2,conventional quadratic,10,65,60,0.5,pysindy.STLSQ,confirmation_24,conf_013,common,2.6925849751083466,0.2956410056431204,2078
augmentation,0.004,0.4,2,5042,5542,C0_poly2,conventional quadratic,10,65,60,0.5,pysindy.STLSQ,confirmation_24,conf_014,native,2.969547657872751,0.359003495341702,2397
augmentation,0.004,0.4,2,5042,5542,C0_poly2,conventional quadratic,10,65,60,0.5,pysindy.STLSQ,confirmation_24,conf_014,common,2.7323646388123697,0.3296611104337256,2044
augmentation,0.004,0.4,2,5042,5542,C0_poly2,conventional quadratic,10,65,60,0.5,pysindy.STLSQ,confirmation_24,conf_015,native,3.1590630049596227,0.3420200477675271,2397
augmentation,0.004,0.4,2,5042,5542,C0_poly2,conventional quadratic,10,65,60,0.5,pysindy.STLSQ,confirmation_24,conf_015,common,3.008274214305949,0.3143642685874958,2046
augmentation,0.004,0.4,2,5042,5542,C0_poly2,conventional quadratic,10,65,60,0.5,pysindy.STLSQ,confirmation_24,conf_016,native,2.7149701857169872,0.3259688142119852,2397
augmentation,0.004,0.4,2,5042,5542,C0_poly2,conventional quadratic,10,65,60,0.5,pysindy.STLSQ,confirmation_24,conf_016,common,2.5881538644030324,0.3032253856531603,2094
augmentation,0.004,0.4,2,5042,5542,C0_poly2,conventional quadratic,10,65,60,0.5,pysindy.STLSQ,confirmation_24,conf_017,native,2.7722473780110874,0.3217972926923499,2397
augmentation,0.004,0.4,2,5042,5542,C0_poly2,conventional quadratic,10,65,60,0.5,pysindy.STLSQ,confirmation_24,conf_017,common,2.6680427772536204,0.3004452112489588,2061
augmentation,0.004,0.4,2,5042,5542,C0_poly2,conventional quadratic,10,65,60,0.5,pysindy.STLSQ,confirmation_24,conf_018,native,2.729036404721234,0.3018934457769214,2397
augmentation,0.004,0.4,2,5042,5542,C0_poly2,conventional quadratic,10,65,60,0.5,pysindy.STLSQ,confirmation_24,conf_018,common,2.622539399613615,0.2779306201059168,2101
augmentation,0.004,0.4,2,5042,5542,C0_poly2,conventional quadratic,10,65,60,0.5,pysindy.STLSQ,confirmation_24,conf_019,native,2.85982165216821,0.3138709777862409,2397
augmentation,0.004,0.4,2,5042,5542,C0_poly2,conventional quadratic,10,65,60,0.5,pysindy.STLSQ,confirmation_24,conf_019,common,2.7739017500309027,0.290706445318124,2076
augmentation,0.004,0.4,2,5042,5542,C0_poly2,conventional quadratic,10,65,60,0.5,pysindy.STLSQ,confirmation_24,conf_020,native,2.9156341799190533,0.3368381616446947,2397
augmentation,0.004,0.4,2,5042,5542,C0_poly2,conventional quadratic,10,65,60,0.5,pysindy.STLSQ,confirmation_24,conf_020,common,2.7884337766083216,0.3157336483970128,2111
augmentation,0.004,0.4,2,5042,5542,C0_poly2,conventional quadratic,10,65,60,0.5,pysindy.STLSQ,confirmation_24,conf_021,native,2.599977123528237,0.3085343648666746,2397
augmentation,0.004,0.4,2,5042,5542,C0_poly2,conventional quadratic,10,65,60,0.5,pysindy.STLSQ,confirmation_24,conf_021,common,2.503205767096335,0.2880532960298064,2107
augmentation,0.004,0.4,2,5042,5542,C0_poly2,conventional quadratic,10,65,60,0.5,pysindy.STLSQ,confirmation_24,conf_022,native,2.5512241353580563,0.2994311998601234,2397
augmentation,0.004,0.4,2,5042,5542,C0_poly2,conventional quadratic,10,65,60,0.5,pysindy.STLSQ,confirmation_24,conf_022,common,2.468598867686903,0.2800013344109595,2123
augmentation,0.004,0.4,2,5042,5542,C0_poly2,conventional quadratic,10,65,60,0.5,pysindy.STLSQ,confirmation_24,conf_023,native,2.898492508665518,0.31857635888161,2397
augmentation,0.004,0.4,2,5042,5542,C0_poly2,conventional quadratic,10,65,60,0.5,pysindy.STLSQ,confirmation_24,conf_023,common,2.820295892871368,0.2972038767705345,2059
augmentation,0.004,0.4,2,5042,5542,C_compact,compact (12 coordinates),12,12,9,0.5,pysindy.STLSQ,confirmation_24,conf_000,native,2.6036880681542143,0.3029559960764603,2252
augmentation,0.004,0.4,2,5042,5542,C_compact,compact (12 coordinates),12,12,9,0.5,pysindy.STLSQ,confirmation_24,conf_000,common,2.4496597323433917,0.2784342109912769,2070
augmentation,0.004,0.4,2,5042,5542,C_compact,compact (12 coordinates),12,12,9,0.5,pysindy.STLSQ,confirmation_24,conf_001,native,2.739807332274525,0.3011063550238609,2260
augmentation,0.004,0.4,2,5042,5542,C_compact,compact (12 coordinates),12,12,9,0.5,pysindy.STLSQ,confirmation_24,conf_001,common,2.5653230677201613,0.2768158794229009,2091
augmentation,0.004,0.4,2,5042,5542,C_compact,compact (12 coordinates),12,12,9,0.5,pysindy.STLSQ,confirmation_24,conf_002,native,2.03847955863898,0.2749338019380375,2323
augmentation,0.004,0.4,2,5042,5542,C_compact,compact (12 coordinates),12,12,9,0.5,pysindy.STLSQ,confirmation_24,conf_002,common,1.902913666055011,0.2511152962837593,2118
augmentation,0.004,0.4,2,5042,5542,C_compact,compact (12 coordinates),12,12,9,0.5,pysindy.STLSQ,confirmation_24,conf_003,native,2.0307636617406017,0.260148764692843,2248
augmentation,0.004,0.4,2,5042,5542,C_compact,compact (12 coordinates),12,12,9,0.5,pysindy.STLSQ,confirmation_24,conf_003,common,1.9039375401712912,0.2393390506964297,2052
augmentation,0.004,0.4,2,5042,5542,C_compact,compact (12 coordinates),12,12,9,0.5,pysindy.STLSQ,confirmation_24,conf_004,native,2.7844247091725607,0.3164675788030299,2258
augmentation,0.004,0.4,2,5042,5542,C_compact,compact (12 coordinates),12,12,9,0.5,pysindy.STLSQ,confirmation_24,conf_004,common,2.5160214566167367,0.2807953810773199,2064
augmentation,0.004,0.4,2,5042,5542,C_compact,compact (12 coordinates),12,12,9,0.5,pysindy.STLSQ,confirmation_24,conf_005,native,2.0678215633971027,0.2435659121818712,2185
augmentation,0.004,0.4,2,5042,5542,C_compact,compact (12 coordinates),12,12,9,0.5,pysindy.STLSQ,confirmation_24,conf_005,common,1.956473089690701,0.2261275229428606,2013
augmentation,0.004,0.4,2,5042,5542,C_compact,compact (12 coordinates),12,12,9,0.5,pysindy.STLSQ,confirmation_24,conf_006,native,2.854942675226709,0.3155029901967673,2254
augmentation,0.004,0.4,2,5042,5542,C_compact,compact (12 coordinates),12,12,9,0.5,pysindy.STLSQ,confirmation_24,conf_006,common,2.592038182736712,0.2811618429747545,2068
augmentation,0.004,0.4,2,5042,5542,C_compact,compact (12 coordinates),12,12,9,0.5,pysindy.STLSQ,confirmation_24,conf_007,native,2.1149978803460785,0.271034212595337,2228
augmentation,0.004,0.4,2,5042,5542,C_compact,compact (12 coordinates),12,12,9,0.5,pysindy.STLSQ,confirmation_24,conf_007,common,1.942649584814355,0.2444651524733064,2041
augmentation,0.004,0.4,2,5042,5542,C_compact,compact (12 coordinates),12,12,9,0.5,pysindy.STLSQ,confirmation_24,conf_008,native,2.4646744362219897,0.2914891240367411,2263
augmentation,0.004,0.4,2,5042,5542,C_compact,compact (12 coordinates),12,12,9,0.5,pysindy.STLSQ,confirmation_24,conf_008,common,2.3812220605425107,0.2760646634522445,2094
augmentation,0.004,0.4,2,5042,5542,C_compact,compact (12 coordinates),12,12,9,0.5,pysindy.STLSQ,confirmation_24,conf_009,native,2.768997478160557,0.3163875756000233,2244
augmentation,0.004,0.4,2,5042,5542,C_compact,compact (12 coordinates),12,12,9,0.5,pysindy.STLSQ,confirmation_24,conf_009,common,2.621930695280895,0.2922747639237369,2064
augmentation,0.004,0.4,2,5042,5542,C_compact,compact (12 coordinates),12,12,9,0.5,pysindy.STLSQ,confirmation_24,conf_010,native,2.334396119571838,0.2829345464998594,2261
augmentation,0.004,0.4,2,5042,5542,C_compact,compact (12 coordinates),12,12,9,0.5,pysindy.STLSQ,confirmation_24,conf_010,common,2.2593789704869525,0.2686143100551357,2083
augmentation,0.004,0.4,2,5042,5542,C_compact,compact (12 coordinates),12,12,9,0.5,pysindy.STLSQ,confirmation_24,conf_011,native,2.4766488282491186,0.2837282657993653,2251
augmentation,0.004,0.4,2,5042,5542,C_compact,compact (12 coordinates),12,12,9,0.5,pysindy.STLSQ,confirmation_24,conf_011,common,2.277636684701039,0.255887691754898,2062
augmentation,0.004,0.4,2,5042,5542,C_compact,compact (12 coordinates),12,12,9,0.5,pysindy.STLSQ,confirmation_24,conf_012,native,2.8801270814937907,0.3143644107166935,2243
augmentation,0.004,0.4,2,5042,5542,C_compact,compact (12 coordinates),12,12,9,0.5,pysindy.STLSQ,confirmation_24,conf_012,common,2.7915829416499576,0.2986296870657875,2083
augmentation,0.004,0.4,2,5042,5542,C_compact,compact (12 coordinates),12,12,9,0.5,pysindy.STLSQ,confirmation_24,conf_013,native,2.8224267963767047,0.3171893433615823,2284
augmentation,0.004,0.4,2,5042,5542,C_compact,compact (12 coordinates),12,12,9,0.5,pysindy.STLSQ,confirmation_24,conf_013,common,2.585282941906253,0.2838594346633069,2078
augmentation,0.004,0.4,2,5042,5542,C_compact,compact (12 coordinates),12,12,9,0.5,pysindy.STLSQ,confirmation_24,conf_014,native,2.1811385542527173,0.2683905992606056,2249
augmentation,0.004,0.4,2,5042,5542,C_compact,compact (12 coordinates),12,12,9,0.5,pysindy.STLSQ,confirmation_24,conf_014,common,1.9780415499839992,0.2386516662487635,2044
augmentation,0.004,0.4,2,5042,5542,C_compact,compact (12 coordinates),12,12,9,0.5,pysindy.STLSQ,confirmation_24,conf_015,native,3.2426610957366324,0.3466823209318559,2221
augmentation,0.004,0.4,2,5042,5542,C_compact,compact (12 coordinates),12,12,9,0.5,pysindy.STLSQ,confirmation_24,conf_015,common,3.0260953304901297,0.3162265729372823,2046
augmentation,0.004,0.4,2,5042,5542,C_compact,compact (12 coordinates),12,12,9,0.5,pysindy.STLSQ,confirmation_24,conf_016,native,2.541718839548581,0.3049831393154725,2288
augmentation,0.004,0.4,2,5042,5542,C_compact,compact (12 coordinates),12,12,9,0.5,pysindy.STLSQ,confirmation_24,conf_016,common,2.3497972951891586,0.2752997806043616,2094
augmentation,0.004,0.4,2,5042,5542,C_compact,compact (12 coordinates),12,12,9,0.5,pysindy.STLSQ,confirmation_24,conf_017,native,2.612446219233642,0.3013639581913721,2267
augmentation,0.004,0.4,2,5042,5542,C_compact,compact (12 coordinates),12,12,9,0.5,pysindy.STLSQ,confirmation_24,conf_017,common,2.4304630623766137,0.2736916343448564,2061
augmentation,0.004,0.4,2,5042,5542,C_compact,compact (12 coordinates),12,12,9,0.5,pysindy.STLSQ,confirmation_24,conf_018,native,2.9750958099266227,0.3218400148212625,2284
augmentation,0.004,0.4,2,5042,5542,C_compact,compact (12 coordinates),12,12,9,0.5,pysindy.STLSQ,confirmation_24,conf_018,common,2.694680276865135,0.2855759423277503,2101
augmentation,0.004,0.4,2,5042,5542,C_compact,compact (12 coordinates),12,12,9,0.5,pysindy.STLSQ,confirmation_24,conf_019,native,2.920811161522609,0.3130966833996973,2249
augmentation,0.004,0.4,2,5042,5542,C_compact,compact (12 coordinates),12,12,9,0.5,pysindy.STLSQ,confirmation_24,conf_019,common,2.763317756281634,0.289597236889929,2076
augmentation,0.004,0.4,2,5042,5542,C_compact,compact (12 coordinates),12,12,9,0.5,pysindy.STLSQ,confirmation_24,conf_020,native,2.644726847006752,0.3050322333165953,2285
augmentation,0.004,0.4,2,5042,5542,C_compact,compact (12 coordinates),12,12,9,0.5,pysindy.STLSQ,confirmation_24,conf_020,common,2.4145370517263034,0.2733974171904447,2111
augmentation,0.004,0.4,2,5042,5542,C_compact,compact (12 coordinates),12,12,9,0.5,pysindy.STLSQ,confirmation_24,conf_021,native,2.4869725097376767,0.2919265982260989,2291
augmentation,0.004,0.4,2,5042,5542,C_compact,compact (12 coordinates),12,12,9,0.5,pysindy.STLSQ,confirmation_24,conf_021,common,2.295455421411213,0.26414668291292,2107
augmentation,0.004,0.4,2,5042,5542,C_compact,compact (12 coordinates),12,12,9,0.5,pysindy.STLSQ,confirmation_24,conf_022,native,2.540112705949997,0.2933808988217627,2299
augmentation,0.004,0.4,2,5042,5542,C_compact,compact (12 coordinates),12,12,9,0.5,pysindy.STLSQ,confirmation_24,conf_022,common,2.30654165599963,0.2616199618366968,2123
augmentation,0.004,0.4,2,5042,5542,C_compact,compact (12 coordinates),12,12,9,0.5,pysindy.STLSQ,confirmation_24,conf_023,native,3.064599072715146,0.330698552227755,2244
augmentation,0.004,0.4,2,5042,5542,C_compact,compact (12 coordinates),12,12,9,0.5,pysindy.STLSQ,confirmation_24,conf_023,common,2.8540826453042065,0.3007643378668,2059
augmentation,0.004,0.4,2,5042,5542,C_all,C_all (38 coordinates),38,38,38,0.0001,pysindy.STLSQ,confirmation_24,conf_000,native,1.8468043498709088,0.2099122197349663,2070
augmentation,0.004,0.4,2,5042,5542,C_all,C_all (38 coordinates),38,38,38,0.0001,pysindy.STLSQ,confirmation_24,conf_000,common,1.8468043498709088,0.2099122197349663,2070
augmentation,0.004,0.4,2,5042,5542,C_all,C_all (38 coordinates),38,38,38,0.0001,pysindy.STLSQ,confirmation_24,conf_001,native,1.4824059076018246,0.1599617218345873,2091
augmentation,0.004,0.4,2,5042,5542,C_all,C_all (38 coordinates),38,38,38,0.0001,pysindy.STLSQ,confirmation_24,conf_001,common,1.4824059076018246,0.1599617218345873,2091
augmentation,0.004,0.4,2,5042,5542,C_all,C_all (38 coordinates),38,38,38,0.0001,pysindy.STLSQ,confirmation_24,conf_002,native,1.1530670943840418,0.152162859622309,2118
augmentation,0.004,0.4,2,5042,5542,C_all,C_all (38 coordinates),38,38,38,0.0001,pysindy.STLSQ,confirmation_24,conf_002,common,1.1530670943840418,0.152162859622309,2118
augmentation,0.004,0.4,2,5042,5542,C_all,C_all (38 coordinates),38,38,38,0.0001,pysindy.STLSQ,confirmation_24,conf_003,native,1.551246536340009,0.1950031792378757,2052
augmentation,0.004,0.4,2,5042,5542,C_all,C_all (38 coordinates),38,38,38,0.0001,pysindy.STLSQ,confirmation_24,conf_003,common,1.551246536340009,0.1950031792378757,2052
augmentation,0.004,0.4,2,5042,5542,C_all,C_all (38 coordinates),38,38,38,0.0001,pysindy.STLSQ,confirmation_24,conf_004,native,1.7105098643407015,0.1908979225637924,2064
augmentation,0.004,0.4,2,5042,5542,C_all,C_all (38 coordinates),38,38,38,0.0001,pysindy.STLSQ,confirmation_24,conf_004,common,1.7105098643407015,0.1908979225637924,2064
augmentation,0.004,0.4,2,5042,5542,C_all,C_all (38 coordinates),38,38,38,0.0001,pysindy.STLSQ,confirmation_24,conf_005,native,1.5370765035373208,0.1776540163777645,2013
augmentation,0.004,0.4,2,5042,5542,C_all,C_all (38 coordinates),38,38,38,0.0001,pysindy.STLSQ,confirmation_24,conf_005,common,1.5370765035373208,0.1776540163777645,2013
augmentation,0.004,0.4,2,5042,5542,C_all,C_all (38 coordinates),38,38,38,0.0001,pysindy.STLSQ,confirmation_24,conf_006,native,1.824698945086893,0.1979275311959527,2068
augmentation,0.004,0.4,2,5042,5542,C_all,C_all (38 coordinates),38,38,38,0.0001,pysindy.STLSQ,confirmation_24,conf_006,common,1.824698945086893,0.1979275311959527,2068
augmentation,0.004,0.4,2,5042,5542,C_all,C_all (38 coordinates),38,38,38,0.0001,pysindy.STLSQ,confirmation_24,conf_007,native,1.7340203914456394,0.2182110261676917,2041
augmentation,0.004,0.4,2,5042,5542,C_all,C_all (38 coordinates),38,38,38,0.0001,pysindy.STLSQ,confirmation_24,conf_007,common,1.7340203914456394,0.2182110261676917,2041
augmentation,0.004,0.4,2,5042,5542,C_all,C_all (38 coordinates),38,38,38,0.0001,pysindy.STLSQ,confirmation_24,conf_008,native,1.6422254673780048,0.1903898122215134,2094
augmentation,0.004,0.4,2,5042,5542,C_all,C_all (38 coordinates),38,38,38,0.0001,pysindy.STLSQ,confirmation_24,conf_008,common,1.6422254673780048,0.1903898122215134,2094
augmentation,0.004,0.4,2,5042,5542,C_all,C_all (38 coordinates),38,38,38,0.0001,pysindy.STLSQ,confirmation_24,conf_009,native,1.6540186065722138,0.1843785949916464,2064
augmentation,0.004,0.4,2,5042,5542,C_all,C_all (38 coordinates),38,38,38,0.0001,pysindy.STLSQ,confirmation_24,conf_009,common,1.6540186065722138,0.1843785949916464,2064
augmentation,0.004,0.4,2,5042,5542,C_all,C_all (38 coordinates),38,38,38,0.0001,pysindy.STLSQ,confirmation_24,conf_010,native,1.8321825546547144,0.2178255437632764,2083
augmentation,0.004,0.4,2,5042,5542,C_all,C_all (38 coordinates),38,38,38,0.0001,pysindy.STLSQ,confirmation_24,conf_010,common,1.8321825546547144,0.2178255437632764,2083
augmentation,0.004,0.4,2,5042,5542,C_all,C_all (38 coordinates),38,38,38,0.0001,pysindy.STLSQ,confirmation_24,conf_011,native,1.6496202824202906,0.1853313696499396,2062
augmentation,0.004,0.4,2,5042,5542,C_all,C_all (38 coordinates),38,38,38,0.0001,pysindy.STLSQ,confirmation_24,conf_011,common,1.6496202824202906,0.1853313696499396,2062
augmentation,0.004,0.4,2,5042,5542,C_all,C_all (38 coordinates),38,38,38,0.0001,pysindy.STLSQ,confirmation_24,conf_012,native,1.667357514876996,0.1783656310065466,2083
augmentation,0.004,0.4,2,5042,5542,C_all,C_all (38 coordinates),38,38,38,0.0001,pysindy.STLSQ,confirmation_24,conf_012,common,1.667357514876996,0.1783656310065466,2083
augmentation,0.004,0.4,2,5042,5542,C_all,C_all (38 coordinates),38,38,38,0.0001,pysindy.STLSQ,confirmation_24,conf_013,native,1.6859435453746732,0.1851135803771763,2078
augmentation,0.004,0.4,2,5042,5542,C_all,C_all (38 coordinates),38,38,38,0.0001,pysindy.STLSQ,confirmation_24,conf_013,common,1.6859435453746732,0.1851135803771763,2078
augmentation,0.004,0.4,2,5042,5542,C_all,C_all (38 coordinates),38,38,38,0.0001,pysindy.STLSQ,confirmation_24,conf_014,native,1.773877953403186,0.2140192299322738,2044
augmentation,0.004,0.4,2,5042,5542,C_all,C_all (38 coordinates),38,38,38,0.0001,pysindy.STLSQ,confirmation_24,conf_014,common,1.773877953403186,0.2140192299322738,2044
augmentation,0.004,0.4,2,5042,5542,C_all,C_all (38 coordinates),38,38,38,0.0001,pysindy.STLSQ,confirmation_24,conf_015,native,2.00014044570227,0.2090144193954501,2046
augmentation,0.004,0.4,2,5042,5542,C_all,C_all (38 coordinates),38,38,38,0.0001,pysindy.STLSQ,confirmation_24,conf_015,common,2.00014044570227,0.2090144193954501,2046
augmentation,0.004,0.4,2,5042,5542,C_all,C_all (38 coordinates),38,38,38,0.0001,pysindy.STLSQ,confirmation_24,conf_016,native,1.6268033929856751,0.1905945751543368,2094
augmentation,0.004,0.4,2,5042,5542,C_all,C_all (38 coordinates),38,38,38,0.0001,pysindy.STLSQ,confirmation_24,conf_016,common,1.6268033929856751,0.1905945751543368,2094
augmentation,0.004,0.4,2,5042,5542,C_all,C_all (38 coordinates),38,38,38,0.0001,pysindy.STLSQ,confirmation_24,conf_017,native,1.6668016880210574,0.1876966102406701,2061
augmentation,0.004,0.4,2,5042,5542,C_all,C_all (38 coordinates),38,38,38,0.0001,pysindy.STLSQ,confirmation_24,conf_017,common,1.6668016880210574,0.1876966102406701,2061
augmentation,0.004,0.4,2,5042,5542,C_all,C_all (38 coordinates),38,38,38,0.0001,pysindy.STLSQ,confirmation_24,conf_018,native,1.583634405880591,0.1678298875175353,2101
augmentation,0.004,0.4,2,5042,5542,C_all,C_all (38 coordinates),38,38,38,0.0001,pysindy.STLSQ,confirmation_24,conf_018,common,1.583634405880591,0.1678298875175353,2101
augmentation,0.004,0.4,2,5042,5542,C_all,C_all (38 coordinates),38,38,38,0.0001,pysindy.STLSQ,confirmation_24,conf_019,native,1.7269231729105838,0.1809825084571719,2076
augmentation,0.004,0.4,2,5042,5542,C_all,C_all (38 coordinates),38,38,38,0.0001,pysindy.STLSQ,confirmation_24,conf_019,common,1.7269231729105838,0.1809825084571719,2076
augmentation,0.004,0.4,2,5042,5542,C_all,C_all (38 coordinates),38,38,38,0.0001,pysindy.STLSQ,confirmation_24,conf_020,native,1.811301853180015,0.2050932488518363,2111
augmentation,0.004,0.4,2,5042,5542,C_all,C_all (38 coordinates),38,38,38,0.0001,pysindy.STLSQ,confirmation_24,conf_020,common,1.811301853180015,0.2050932488518363,2111
augmentation,0.004,0.4,2,5042,5542,C_all,C_all (38 coordinates),38,38,38,0.0001,pysindy.STLSQ,confirmation_24,conf_021,native,1.5247508122347246,0.1754588068074845,2107
augmentation,0.004,0.4,2,5042,5542,C_all,C_all (38 coordinates),38,38,38,0.0001,pysindy.STLSQ,confirmation_24,conf_021,common,1.5247508122347246,0.1754588068074845,2107
augmentation,0.004,0.4,2,5042,5542,C_all,C_all (38 coordinates),38,38,38,0.0001,pysindy.STLSQ,confirmation_24,conf_022,native,1.4785677762536804,0.1677068541945811,2123
augmentation,0.004,0.4,2,5042,5542,C_all,C_all (38 coordinates),38,38,38,0.0001,pysindy.STLSQ,confirmation_24,conf_022,common,1.4785677762536804,0.1677068541945811,2123
augmentation,0.004,0.4,2,5042,5542,C_all,C_all (38 coordinates),38,38,38,0.0001,pysindy.STLSQ,confirmation_24,conf_023,native,1.767134693749112,0.186221340493191,2059
augmentation,0.004,0.4,2,5042,5542,C_all,C_all (38 coordinates),38,38,38,0.0001,pysindy.STLSQ,confirmation_24,conf_023,common,1.767134693749112,0.186221340493191,2059
augmentation,0.005,0.5,0,5050,5550,C0_poly2,conventional quadratic,10,65,63,0.5,pysindy.STLSQ,confirmation_24,conf_000,native,3.160595726155848,0.3640767461025616,2397
augmentation,0.005,0.5,0,5050,5550,C0_poly2,conventional quadratic,10,65,63,0.5,pysindy.STLSQ,confirmation_24,conf_000,common,2.903511583190648,0.331378248367033,2066
augmentation,0.005,0.5,0,5050,5550,C0_poly2,conventional quadratic,10,65,63,0.5,pysindy.STLSQ,confirmation_24,conf_001,native,2.6832684074620303,0.3021853699077445,2397
augmentation,0.005,0.5,0,5050,5550,C0_poly2,conventional quadratic,10,65,63,0.5,pysindy.STLSQ,confirmation_24,conf_001,common,2.575332504010936,0.2773228986041113,2079
augmentation,0.005,0.5,0,5050,5550,C0_poly2,conventional quadratic,10,65,63,0.5,pysindy.STLSQ,confirmation_24,conf_002,native,2.116952215507991,0.2879122921033431,2397
augmentation,0.005,0.5,0,5050,5550,C0_poly2,conventional quadratic,10,65,63,0.5,pysindy.STLSQ,confirmation_24,conf_002,common,2.031206957334181,0.268089585483967,2118
augmentation,0.005,0.5,0,5050,5550,C0_poly2,conventional quadratic,10,65,63,0.5,pysindy.STLSQ,confirmation_24,conf_003,native,2.747088138205341,0.3455568517003087,2397
augmentation,0.005,0.5,0,5050,5550,C0_poly2,conventional quadratic,10,65,63,0.5,pysindy.STLSQ,confirmation_24,conf_003,common,2.5854546968356664,0.3255912463633424,2058
augmentation,0.005,0.5,0,5050,5550,C0_poly2,conventional quadratic,10,65,63,0.5,pysindy.STLSQ,confirmation_24,conf_004,native,2.880357013007858,0.331100389723445,2397
augmentation,0.005,0.5,0,5050,5550,C0_poly2,conventional quadratic,10,65,63,0.5,pysindy.STLSQ,confirmation_24,conf_004,common,2.8055674509129105,0.3122113334609348,2079
augmentation,0.005,0.5,0,5050,5550,C0_poly2,conventional quadratic,10,65,63,0.5,pysindy.STLSQ,confirmation_24,conf_005,native,2.9199229677165097,0.3396285444170018,2397
augmentation,0.005,0.5,0,5050,5550,C0_poly2,conventional quadratic,10,65,63,0.5,pysindy.STLSQ,confirmation_24,conf_005,common,2.645411135171275,0.3050435505090635,2010
augmentation,0.005,0.5,0,5050,5550,C0_poly2,conventional quadratic,10,65,63,0.5,pysindy.STLSQ,confirmation_24,conf_006,native,2.988191221902023,0.3342795869383285,2397
augmentation,0.005,0.5,0,5050,5550,C0_poly2,conventional quadratic,10,65,63,0.5,pysindy.STLSQ,confirmation_24,conf_006,common,2.94053935718425,0.3187100780976805,2079
augmentation,0.005,0.5,0,5050,5550,C0_poly2,conventional quadratic,10,65,63,0.5,pysindy.STLSQ,confirmation_24,conf_007,native,3.1611529709028066,0.3911509920921204,2397
augmentation,0.005,0.5,0,5050,5550,C0_poly2,conventional quadratic,10,65,63,0.5,pysindy.STLSQ,confirmation_24,conf_007,common,2.8769923290671726,0.3614826705086545,2014
augmentation,0.005,0.5,0,5050,5550,C0_poly2,conventional quadratic,10,65,63,0.5,pysindy.STLSQ,confirmation_24,conf_008,native,2.703160551675354,0.3224348957044238,2397
augmentation,0.005,0.5,0,5050,5550,C0_poly2,conventional quadratic,10,65,63,0.5,pysindy.STLSQ,confirmation_24,conf_008,common,2.5758983264346704,0.299958355458766,2079
augmentation,0.005,0.5,0,5050,5550,C0_poly2,conventional quadratic,10,65,63,0.5,pysindy.STLSQ,confirmation_24,conf_009,native,2.8234886068309644,0.3265767608850615,2397
augmentation,0.005,0.5,0,5050,5550,C0_poly2,conventional quadratic,10,65,63,0.5,pysindy.STLSQ,confirmation_24,conf_009,common,2.6594661882416486,0.2990140722363054,2058
augmentation,0.005,0.5,0,5050,5550,C0_poly2,conventional quadratic,10,65,63,0.5,pysindy.STLSQ,confirmation_24,conf_010,native,3.0137588744039765,0.3610407056884277,2397
augmentation,0.005,0.5,0,5050,5550,C0_poly2,conventional quadratic,10,65,63,0.5,pysindy.STLSQ,confirmation_24,conf_010,common,2.822431717800307,0.3361344625651671,2086
augmentation,0.005,0.5,0,5050,5550,C0_poly2,conventional quadratic,10,65,63,0.5,pysindy.STLSQ,confirmation_24,conf_011,native,2.8592124694519816,0.33182590846337,2397
augmentation,0.005,0.5,0,5050,5550,C0_poly2,conventional quadratic,10,65,63,0.5,pysindy.STLSQ,confirmation_24,conf_011,common,2.787978655863071,0.314469165285369,2070
augmentation,0.005,0.5,0,5050,5550,C0_poly2,conventional quadratic,10,65,63,0.5,pysindy.STLSQ,confirmation_24,conf_012,native,2.76862777725086,0.3099756114698989,2397
augmentation,0.005,0.5,0,5050,5550,C0_poly2,conventional quadratic,10,65,63,0.5,pysindy.STLSQ,confirmation_24,conf_012,common,2.652066755428254,0.2831584230994558,2046
augmentation,0.005,0.5,0,5050,5550,C0_poly2,conventional quadratic,10,65,63,0.5,pysindy.STLSQ,confirmation_24,conf_013,native,2.831082294916777,0.3229137739701063,2397
augmentation,0.005,0.5,0,5050,5550,C0_poly2,conventional quadratic,10,65,63,0.5,pysindy.STLSQ,confirmation_24,conf_013,common,2.7533198176131584,0.3028475210250625,2087
augmentation,0.005,0.5,0,5050,5550,C0_poly2,conventional quadratic,10,65,63,0.5,pysindy.STLSQ,confirmation_24,conf_014,native,3.05572433329957,0.3694218254241085,2397
augmentation,0.005,0.5,0,5050,5550,C0_poly2,conventional quadratic,10,65,63,0.5,pysindy.STLSQ,confirmation_24,conf_014,common,2.8619587051852946,0.3435140792195711,2045
augmentation,0.005,0.5,0,5050,5550,C0_poly2,conventional quadratic,10,65,63,0.5,pysindy.STLSQ,confirmation_24,conf_015,native,3.2396299150367303,0.3507427286351746,2397
augmentation,0.005,0.5,0,5050,5550,C0_poly2,conventional quadratic,10,65,63,0.5,pysindy.STLSQ,confirmation_24,conf_015,common,3.0931255267500646,0.324713922084471,2040
augmentation,0.005,0.5,0,5050,5550,C0_poly2,conventional quadratic,10,65,63,0.5,pysindy.STLSQ,confirmation_24,conf_016,native,2.781778489630747,0.333990052795322,2397
augmentation,0.005,0.5,0,5050,5550,C0_poly2,conventional quadratic,10,65,63,0.5,pysindy.STLSQ,confirmation_24,conf_016,common,2.657198615821388,0.3121865171663619,2108
augmentation,0.005,0.5,0,5050,5550,C0_poly2,conventional quadratic,10,65,63,0.5,pysindy.STLSQ,confirmation_24,conf_017,native,2.8289311504783243,0.328377039025317,2397
augmentation,0.005,0.5,0,5050,5550,C0_poly2,conventional quadratic,10,65,63,0.5,pysindy.STLSQ,confirmation_24,conf_017,common,2.7011248707841244,0.3062596181590589,2096
augmentation,0.005,0.5,0,5050,5550,C0_poly2,conventional quadratic,10,65,63,0.5,pysindy.STLSQ,confirmation_24,conf_018,native,2.810488252794689,0.3109038712286498,2397
augmentation,0.005,0.5,0,5050,5550,C0_poly2,conventional quadratic,10,65,63,0.5,pysindy.STLSQ,confirmation_24,conf_018,common,2.724348936574996,0.2894638934928252,2104
augmentation,0.005,0.5,0,5050,5550,C0_poly2,conventional quadratic,10,65,63,0.5,pysindy.STLSQ,confirmation_24,conf_019,native,2.921675140582448,0.3206595182091543,2397
augmentation,0.005,0.5,0,5050,5550,C0_poly2,conventional quadratic,10,65,63,0.5,pysindy.STLSQ,confirmation_24,conf_019,common,2.8374770179688227,0.2979867837290823,2086
augmentation,0.005,0.5,0,5050,5550,C0_poly2,conventional quadratic,10,65,63,0.5,pysindy.STLSQ,confirmation_24,conf_020,native,2.966223391777252,0.3426826455784929,2397
augmentation,0.005,0.5,0,5050,5550,C0_poly2,conventional quadratic,10,65,63,0.5,pysindy.STLSQ,confirmation_24,conf_020,common,2.867920755388168,0.3237387156266934,2089
augmentation,0.005,0.5,0,5050,5550,C0_poly2,conventional quadratic,10,65,63,0.5,pysindy.STLSQ,confirmation_24,conf_021,native,2.6616309530511826,0.3158507081380517,2397
augmentation,0.005,0.5,0,5050,5550,C0_poly2,conventional quadratic,10,65,63,0.5,pysindy.STLSQ,confirmation_24,conf_021,common,2.5340473071788288,0.2922940763921744,2090
augmentation,0.005,0.5,0,5050,5550,C0_poly2,conventional quadratic,10,65,63,0.5,pysindy.STLSQ,confirmation_24,conf_022,native,2.5940287784657694,0.3044550805406533,2397
augmentation,0.005,0.5,0,5050,5550,C0_poly2,conventional quadratic,10,65,63,0.5,pysindy.STLSQ,confirmation_24,conf_022,common,2.5077110762911428,0.2836183769247885,2093
augmentation,0.005,0.5,0,5050,5550,C0_poly2,conventional quadratic,10,65,63,0.5,pysindy.STLSQ,confirmation_24,conf_023,native,2.949650688212498,0.3241992081794307,2397
augmentation,0.005,0.5,0,5050,5550,C0_poly2,conventional quadratic,10,65,63,0.5,pysindy.STLSQ,confirmation_24,conf_023,common,2.8756095317741805,0.3046344928824644,2061
augmentation,0.005,0.5,0,5050,5550,C_compact,compact (12 coordinates),12,12,9,0.5,pysindy.STLSQ,confirmation_24,conf_000,native,3.1661501137496924,0.3686044942897202,2251
augmentation,0.005,0.5,0,5050,5550,C_compact,compact (12 coordinates),12,12,9,0.5,pysindy.STLSQ,confirmation_24,conf_000,common,2.980048128561222,0.3401133767156839,2066
augmentation,0.005,0.5,0,5050,5550,C_compact,compact (12 coordinates),12,12,9,0.5,pysindy.STLSQ,confirmation_24,conf_001,native,3.596141238049696,0.3954999622373582,2263
augmentation,0.005,0.5,0,5050,5550,C_compact,compact (12 coordinates),12,12,9,0.5,pysindy.STLSQ,confirmation_24,conf_001,common,3.418210648882476,0.3680876483759486,2079
augmentation,0.005,0.5,0,5050,5550,C_compact,compact (12 coordinates),12,12,9,0.5,pysindy.STLSQ,confirmation_24,conf_002,native,2.370762354800324,0.3199052493975673,2326
augmentation,0.005,0.5,0,5050,5550,C_compact,compact (12 coordinates),12,12,9,0.5,pysindy.STLSQ,confirmation_24,conf_002,common,2.2231469319099078,0.2934228525033669,2118
augmentation,0.005,0.5,0,5050,5550,C_compact,compact (12 coordinates),12,12,9,0.5,pysindy.STLSQ,confirmation_24,conf_003,native,2.5025648306932555,0.3207478183164498,2248
augmentation,0.005,0.5,0,5050,5550,C_compact,compact (12 coordinates),12,12,9,0.5,pysindy.STLSQ,confirmation_24,conf_003,common,2.282911746403698,0.2874914349722752,2058
augmentation,0.005,0.5,0,5050,5550,C_compact,compact (12 coordinates),12,12,9,0.5,pysindy.STLSQ,confirmation_24,conf_004,native,3.3574090910205863,0.3816763900404438,2259
augmentation,0.005,0.5,0,5050,5550,C_compact,compact (12 coordinates),12,12,9,0.5,pysindy.STLSQ,confirmation_24,conf_004,common,3.14745111730803,0.3502570968372533,2079
augmentation,0.005,0.5,0,5050,5550,C_compact,compact (12 coordinates),12,12,9,0.5,pysindy.STLSQ,confirmation_24,conf_005,native,2.818164495674684,0.3319323836999217,2189
augmentation,0.005,0.5,0,5050,5550,C_compact,compact (12 coordinates),12,12,9,0.5,pysindy.STLSQ,confirmation_24,conf_005,common,2.724826220675169,0.3142009398176711,2010
augmentation,0.005,0.5,0,5050,5550,C_compact,compact (12 coordinates),12,12,9,0.5,pysindy.STLSQ,confirmation_24,conf_006,native,3.5054989161676664,0.3873589494315374,2265
augmentation,0.005,0.5,0,5050,5550,C_compact,compact (12 coordinates),12,12,9,0.5,pysindy.STLSQ,confirmation_24,conf_006,common,3.3100156254491435,0.3587557282353825,2079
augmentation,0.005,0.5,0,5050,5550,C_compact,compact (12 coordinates),12,12,9,0.5,pysindy.STLSQ,confirmation_24,conf_007,native,2.7259591990234555,0.3491892589119331,2227
augmentation,0.005,0.5,0,5050,5550,C_compact,compact (12 coordinates),12,12,9,0.5,pysindy.STLSQ,confirmation_24,conf_007,common,2.638207501929558,0.3314803044548529,2014
augmentation,0.005,0.5,0,5050,5550,C_compact,compact (12 coordinates),12,12,9,0.5,pysindy.STLSQ,confirmation_24,conf_008,native,2.8556428261731712,0.3376135965071994,2261
augmentation,0.005,0.5,0,5050,5550,C_compact,compact (12 coordinates),12,12,9,0.5,pysindy.STLSQ,confirmation_24,conf_008,common,2.631927762907181,0.306482874477666,2079
augmentation,0.005,0.5,0,5050,5550,C_compact,compact (12 coordinates),12,12,9,0.5,pysindy.STLSQ,confirmation_24,conf_009,native,3.461020401938306,0.3958189958407838,2242
augmentation,0.005,0.5,0,5050,5550,C_compact,compact (12 coordinates),12,12,9,0.5,pysindy.STLSQ,confirmation_24,conf_009,common,3.251548452654267,0.365584171816313,2058
augmentation,0.005,0.5,0,5050,5550,C_compact,compact (12 coordinates),12,12,9,0.5,pysindy.STLSQ,confirmation_24,conf_010,native,2.7423172491419194,0.3325765257670873,2262
augmentation,0.005,0.5,0,5050,5550,C_compact,compact (12 coordinates),12,12,9,0.5,pysindy.STLSQ,confirmation_24,conf_010,common,2.5535611164763146,0.3041136081701316,2086
augmentation,0.005,0.5,0,5050,5550,C_compact,compact (12 coordinates),12,12,9,0.5,pysindy.STLSQ,confirmation_24,conf_011,native,3.0427843005248425,0.3487710172372996,2249
augmentation,0.005,0.5,0,5050,5550,C_compact,compact (12 coordinates),12,12,9,0.5,pysindy.STLSQ,confirmation_24,conf_011,common,2.8832738708016463,0.3252179587291074,2070
augmentation,0.005,0.5,0,5050,5550,C_compact,compact (12 coordinates),12,12,9,0.5,pysindy.STLSQ,confirmation_24,conf_012,native,3.7131182863331618,0.4051628312675472,2245
augmentation,0.005,0.5,0,5050,5550,C_compact,compact (12 coordinates),12,12,9,0.5,pysindy.STLSQ,confirmation_24,conf_012,common,3.5031813390594326,0.3740310464543072,2046
augmentation,0.005,0.5,0,5050,5550,C_compact,compact (12 coordinates),12,12,9,0.5,pysindy.STLSQ,confirmation_24,conf_013,native,3.4715596327028044,0.3903345862266733,2288
augmentation,0.005,0.5,0,5050,5550,C_compact,compact (12 coordinates),12,12,9,0.5,pysindy.STLSQ,confirmation_24,conf_013,common,3.252475078380204,0.3577513982872998,2087
augmentation,0.005,0.5,0,5050,5550,C_compact,compact (12 coordinates),12,12,9,0.5,pysindy.STLSQ,confirmation_24,conf_014,native,2.8400205357554853,0.3494081533626383,2252
augmentation,0.005,0.5,0,5050,5550,C_compact,compact (12 coordinates),12,12,9,0.5,pysindy.STLSQ,confirmation_24,conf_014,common,2.710758364623268,0.3253658628697871,2045
augmentation,0.005,0.5,0,5050,5550,C_compact,compact (12 coordinates),12,12,9,0.5,pysindy.STLSQ,confirmation_24,conf_015,native,3.7984626452146095,0.4061798937436231,2221
augmentation,0.005,0.5,0,5050,5550,C_compact,compact (12 coordinates),12,12,9,0.5,pysindy.STLSQ,confirmation_24,conf_015,common,3.626093813470243,0.380664520025249,2040
augmentation,0.005,0.5,0,5050,5550,C_compact,compact (12 coordinates),12,12,9,0.5,pysindy.STLSQ,confirmation_24,conf_016,native,3.129966818751482,0.3757976667664527,2286
augmentation,0.005,0.5,0,5050,5550,C_compact,compact (12 coordinates),12,12,9,0.5,pysindy.STLSQ,confirmation_24,conf_016,common,2.9747058522903003,0.3494895165500591,2108
augmentation,0.005,0.5,0,5050,5550,C_compact,compact (12 coordinates),12,12,9,0.5,pysindy.STLSQ,confirmation_24,conf_017,native,3.169092029347483,0.3655583809046782,2273
augmentation,0.005,0.5,0,5050,5550,C_compact,compact (12 coordinates),12,12,9,0.5,pysindy.STLSQ,confirmation_24,conf_017,common,2.9696021075418217,0.3367001716126067,2096
augmentation,0.005,0.5,0,5050,5550,C_compact,compact (12 coordinates),12,12,9,0.5,pysindy.STLSQ,confirmation_24,conf_018,native,3.929876037539792,0.4253847463795975,2287
augmentation,0.005,0.5,0,5050,5550,C_compact,compact (12 coordinates),12,12,9,0.5,pysindy.STLSQ,confirmation_24,conf_018,common,3.7162286367190176,0.3948517738871547,2104
augmentation,0.005,0.5,0,5050,5550,C_compact,compact (12 coordinates),12,12,9,0.5,pysindy.STLSQ,confirmation_24,conf_019,native,3.745736658176308,0.401602809983842,2250
augmentation,0.005,0.5,0,5050,5550,C_compact,compact (12 coordinates),12,12,9,0.5,pysindy.STLSQ,confirmation_24,conf_019,common,3.627348243489177,0.3809376533087933,2086
augmentation,0.005,0.5,0,5050,5550,C_compact,compact (12 coordinates),12,12,9,0.5,pysindy.STLSQ,confirmation_24,conf_020,native,3.0706480713995346,0.3542602435190373,2289
augmentation,0.005,0.5,0,5050,5550,C_compact,compact (12 coordinates),12,12,9,0.5,pysindy.STLSQ,confirmation_24,conf_020,common,2.755428833147849,0.3110403206811436,2089
augmentation,0.005,0.5,0,5050,5550,C_compact,compact (12 coordinates),12,12,9,0.5,pysindy.STLSQ,confirmation_24,conf_021,native,3.064734425596264,0.3600032936826073,2291
augmentation,0.005,0.5,0,5050,5550,C_compact,compact (12 coordinates),12,12,9,0.5,pysindy.STLSQ,confirmation_24,conf_021,common,2.8812331095354127,0.3323408241970812,2090
augmentation,0.005,0.5,0,5050,5550,C_compact,compact (12 coordinates),12,12,9,0.5,pysindy.STLSQ,confirmation_24,conf_022,native,3.3506127713877376,0.3871153446431744,2299
augmentation,0.005,0.5,0,5050,5550,C_compact,compact (12 coordinates),12,12,9,0.5,pysindy.STLSQ,confirmation_24,conf_022,common,3.119882939489528,0.3528541002426976,2093
augmentation,0.005,0.5,0,5050,5550,C_compact,compact (12 coordinates),12,12,9,0.5,pysindy.STLSQ,confirmation_24,conf_023,native,3.633008384017795,0.3920947228730049,2244
augmentation,0.005,0.5,0,5050,5550,C_compact,compact (12 coordinates),12,12,9,0.5,pysindy.STLSQ,confirmation_24,conf_023,common,3.34012685340156,0.3538442333376542,2061
augmentation,0.005,0.5,0,5050,5550,C_all,C_all (38 coordinates),38,38,38,0.0001,pysindy.STLSQ,confirmation_24,conf_000,native,1.945909031236441,0.2220869136482386,2066
augmentation,0.005,0.5,0,5050,5550,C_all,C_all (38 coordinates),38,38,38,0.0001,pysindy.STLSQ,confirmation_24,conf_000,common,1.945909031236441,0.2220869136482386,2066
augmentation,0.005,0.5,0,5050,5550,C_all,C_all (38 coordinates),38,38,38,0.0001,pysindy.STLSQ,confirmation_24,conf_001,native,1.6589339766831854,0.1786411573224459,2079
augmentation,0.005,0.5,0,5050,5550,C_all,C_all (38 coordinates),38,38,38,0.0001,pysindy.STLSQ,confirmation_24,conf_001,common,1.6589339766831854,0.1786411573224459,2079
augmentation,0.005,0.5,0,5050,5550,C_all,C_all (38 coordinates),38,38,38,0.0001,pysindy.STLSQ,confirmation_24,conf_002,native,1.2342566240733512,0.1629038072826106,2118
augmentation,0.005,0.5,0,5050,5550,C_all,C_all (38 coordinates),38,38,38,0.0001,pysindy.STLSQ,confirmation_24,conf_002,common,1.2342566240733512,0.1629038072826106,2118
augmentation,0.005,0.5,0,5050,5550,C_all,C_all (38 coordinates),38,38,38,0.0001,pysindy.STLSQ,confirmation_24,conf_003,native,1.6932363721879804,0.2132324892341635,2058
augmentation,0.005,0.5,0,5050,5550,C_all,C_all (38 coordinates),38,38,38,0.0001,pysindy.STLSQ,confirmation_24,conf_003,common,1.6932363721879804,0.2132324892341635,2058
augmentation,0.005,0.5,0,5050,5550,C_all,C_all (38 coordinates),38,38,38,0.0001,pysindy.STLSQ,confirmation_24,conf_004,native,1.957218671429596,0.2178047264851312,2079
augmentation,0.005,0.5,0,5050,5550,C_all,C_all (38 coordinates),38,38,38,0.0001,pysindy.STLSQ,confirmation_24,conf_004,common,1.957218671429596,0.2178047264851312,2079
augmentation,0.005,0.5,0,5050,5550,C_all,C_all (38 coordinates),38,38,38,0.0001,pysindy.STLSQ,confirmation_24,conf_005,native,1.8176004956781335,0.2095883325042383,2010
augmentation,0.005,0.5,0,5050,5550,C_all,C_all (38 coordinates),38,38,38,0.0001,pysindy.STLSQ,confirmation_24,conf_005,common,1.8176004956781335,0.2095883325042383,2010
augmentation,0.005,0.5,0,5050,5550,C_all,C_all (38 coordinates),38,38,38,0.0001,pysindy.STLSQ,confirmation_24,conf_006,native,2.0709278849360957,0.2244573215216758,2079
augmentation,0.005,0.5,0,5050,5550,C_all,C_all (38 coordinates),38,38,38,0.0001,pysindy.STLSQ,confirmation_24,conf_006,common,2.0709278849360957,0.2244573215216758,2079
augmentation,0.005,0.5,0,5050,5550,C_all,C_all (38 coordinates),38,38,38,0.0001,pysindy.STLSQ,confirmation_24,conf_007,native,2.036369605746444,0.2558617608363785,2014
augmentation,0.005,0.5,0,5050,5550,C_all,C_all (38 coordinates),38,38,38,0.0001,pysindy.STLSQ,confirmation_24,conf_007,common,2.036369605746444,0.2558617608363785,2014
augmentation,0.005,0.5,0,5050,5550,C_all,C_all (38 coordinates),38,38,38,0.0001,pysindy.STLSQ,confirmation_24,conf_008,native,1.6156970268198272,0.1881447796719877,2079
augmentation,0.005,0.5,0,5050,5550,C_all,C_all (38 coordinates),38,38,38,0.0001,pysindy.STLSQ,confirmation_24,conf_008,common,1.6156970268198272,0.1881447796719877,2079
augmentation,0.005,0.5,0,5050,5550,C_all,C_all (38 coordinates),38,38,38,0.0001,pysindy.STLSQ,confirmation_24,conf_009,native,1.7266630765620437,0.1941354096493486,2058
augmentation,0.005,0.5,0,5050,5550,C_all,C_all (38 coordinates),38,38,38,0.0001,pysindy.STLSQ,confirmation_24,conf_009,common,1.7266630765620437,0.1941354096493486,2058
augmentation,0.005,0.5,0,5050,5550,C_all,C_all (38 coordinates),38,38,38,0.0001,pysindy.STLSQ,confirmation_24,conf_010,native,1.937390582559923,0.2307314427273847,2086
augmentation,0.005,0.5,0,5050,5550,C_all,C_all (38 coordinates),38,38,38,0.0001,pysindy.STLSQ,confirmation_24,conf_010,common,1.937390582559923,0.2307314427273847,2086
augmentation,0.005,0.5,0,5050,5550,C_all,C_all (38 coordinates),38,38,38,0.0001,pysindy.STLSQ,confirmation_24,conf_011,native,1.865627879087684,0.210432902933469,2070
augmentation,0.005,0.5,0,5050,5550,C_all,C_all (38 coordinates),38,38,38,0.0001,pysindy.STLSQ,confirmation_24,conf_011,common,1.865627879087684,0.210432902933469,2070
augmentation,0.005,0.5,0,5050,5550,C_all,C_all (38 coordinates),38,38,38,0.0001,pysindy.STLSQ,confirmation_24,conf_012,native,1.7394395473653987,0.1857181604877374,2046
augmentation,0.005,0.5,0,5050,5550,C_all,C_all (38 coordinates),38,38,38,0.0001,pysindy.STLSQ,confirmation_24,conf_012,common,1.7394395473653987,0.1857181604877374,2046
augmentation,0.005,0.5,0,5050,5550,C_all,C_all (38 coordinates),38,38,38,0.0001,pysindy.STLSQ,confirmation_24,conf_013,native,1.8447952762543136,0.2029156484613153,2087
augmentation,0.005,0.5,0,5050,5550,C_all,C_all (38 coordinates),38,38,38,0.0001,pysindy.STLSQ,confirmation_24,conf_013,common,1.8447952762543136,0.2029156484613153,2087
augmentation,0.005,0.5,0,5050,5550,C_all,C_all (38 coordinates),38,38,38,0.0001,pysindy.STLSQ,confirmation_24,conf_014,native,2.059395680824421,0.2471843530675125,2045
augmentation,0.005,0.5,0,5050,5550,C_all,C_all (38 coordinates),38,38,38,0.0001,pysindy.STLSQ,confirmation_24,conf_014,common,2.059395680824421,0.2471843530675125,2045
augmentation,0.005,0.5,0,5050,5550,C_all,C_all (38 coordinates),38,38,38,0.0001,pysindy.STLSQ,confirmation_24,conf_015,native,2.136855157389618,0.2243253993676278,2040
augmentation,0.005,0.5,0,5050,5550,C_all,C_all (38 coordinates),38,38,38,0.0001,pysindy.STLSQ,confirmation_24,conf_015,common,2.136855157389618,0.2243253993676278,2040
augmentation,0.005,0.5,0,5050,5550,C_all,C_all (38 coordinates),38,38,38,0.0001,pysindy.STLSQ,confirmation_24,conf_016,native,1.8304286156077836,0.215051720645127,2108
augmentation,0.005,0.5,0,5050,5550,C_all,C_all (38 coordinates),38,38,38,0.0001,pysindy.STLSQ,confirmation_24,conf_016,common,1.8304286156077836,0.215051720645127,2108
augmentation,0.005,0.5,0,5050,5550,C_all,C_all (38 coordinates),38,38,38,0.0001,pysindy.STLSQ,confirmation_24,conf_017,native,1.756674549597354,0.1991757147581421,2096
augmentation,0.005,0.5,0,5050,5550,C_all,C_all (38 coordinates),38,38,38,0.0001,pysindy.STLSQ,confirmation_24,conf_017,common,1.756674549597354,0.1991757147581421,2096
augmentation,0.005,0.5,0,5050,5550,C_all,C_all (38 coordinates),38,38,38,0.0001,pysindy.STLSQ,confirmation_24,conf_018,native,1.796436701621278,0.190872598984491,2104
augmentation,0.005,0.5,0,5050,5550,C_all,C_all (38 coordinates),38,38,38,0.0001,pysindy.STLSQ,confirmation_24,conf_018,common,1.796436701621278,0.190872598984491,2104
augmentation,0.005,0.5,0,5050,5550,C_all,C_all (38 coordinates),38,38,38,0.0001,pysindy.STLSQ,confirmation_24,conf_019,native,1.8908236108474357,0.1985709286198096,2086
augmentation,0.005,0.5,0,5050,5550,C_all,C_all (38 coordinates),38,38,38,0.0001,pysindy.STLSQ,confirmation_24,conf_019,common,1.8908236108474357,0.1985709286198096,2086
augmentation,0.005,0.5,0,5050,5550,C_all,C_all (38 coordinates),38,38,38,0.0001,pysindy.STLSQ,confirmation_24,conf_020,native,1.9752972150517047,0.2229769362282365,2089
augmentation,0.005,0.5,0,5050,5550,C_all,C_all (38 coordinates),38,38,38,0.0001,pysindy.STLSQ,confirmation_24,conf_020,common,1.9752972150517047,0.2229769362282365,2089
augmentation,0.005,0.5,0,5050,5550,C_all,C_all (38 coordinates),38,38,38,0.0001,pysindy.STLSQ,confirmation_24,conf_021,native,1.678240092706858,0.1935795107188386,2090
augmentation,0.005,0.5,0,5050,5550,C_all,C_all (38 coordinates),38,38,38,0.0001,pysindy.STLSQ,confirmation_24,conf_021,common,1.678240092706858,0.1935795107188386,2090
augmentation,0.005,0.5,0,5050,5550,C_all,C_all (38 coordinates),38,38,38,0.0001,pysindy.STLSQ,confirmation_24,conf_022,native,1.7154678598268436,0.1940168525276487,2093
augmentation,0.005,0.5,0,5050,5550,C_all,C_all (38 coordinates),38,38,38,0.0001,pysindy.STLSQ,confirmation_24,conf_022,common,1.7154678598268436,0.1940168525276487,2093
augmentation,0.005,0.5,0,5050,5550,C_all,C_all (38 coordinates),38,38,38,0.0001,pysindy.STLSQ,confirmation_24,conf_023,native,1.8572852179386656,0.196755899663388,2061
augmentation,0.005,0.5,0,5050,5550,C_all,C_all (38 coordinates),38,38,38,0.0001,pysindy.STLSQ,confirmation_24,conf_023,common,1.8572852179386656,0.196755899663388,2061
augmentation,0.005,0.5,1,5051,5551,C0_poly2,conventional quadratic,10,65,60,0.5,pysindy.STLSQ,confirmation_24,conf_000,native,3.1652039629066278,0.3646075801562843,2397
augmentation,0.005,0.5,1,5051,5551,C0_poly2,conventional quadratic,10,65,60,0.5,pysindy.STLSQ,confirmation_24,conf_000,common,2.9274999534410773,0.332191334332685,2035
augmentation,0.005,0.5,1,5051,5551,C0_poly2,conventional quadratic,10,65,60,0.5,pysindy.STLSQ,confirmation_24,conf_001,native,2.658409111172235,0.2993857559652529,2397
augmentation,0.005,0.5,1,5051,5551,C0_poly2,conventional quadratic,10,65,60,0.5,pysindy.STLSQ,confirmation_24,conf_001,common,2.545942083280346,0.2740472837394144,2076
augmentation,0.005,0.5,1,5051,5551,C0_poly2,conventional quadratic,10,65,60,0.5,pysindy.STLSQ,confirmation_24,conf_002,native,2.1199752418046094,0.2883234333769968,2397
augmentation,0.005,0.5,1,5051,5551,C0_poly2,conventional quadratic,10,65,60,0.5,pysindy.STLSQ,confirmation_24,conf_002,common,2.017354158804833,0.2655420918350454,2097
augmentation,0.005,0.5,1,5051,5551,C0_poly2,conventional quadratic,10,65,60,0.5,pysindy.STLSQ,confirmation_24,conf_003,native,2.735973614860407,0.3441587532404121,2397
augmentation,0.005,0.5,1,5051,5551,C0_poly2,conventional quadratic,10,65,60,0.5,pysindy.STLSQ,confirmation_24,conf_003,common,2.5574433179934646,0.3228733918399217,2063
augmentation,0.005,0.5,1,5051,5551,C0_poly2,conventional quadratic,10,65,60,0.5,pysindy.STLSQ,confirmation_24,conf_004,native,2.8882713770512525,0.3320101550779989,2397
augmentation,0.005,0.5,1,5051,5551,C0_poly2,conventional quadratic,10,65,60,0.5,pysindy.STLSQ,confirmation_24,conf_004,common,2.8021982393735545,0.3118773983941373,2061
augmentation,0.005,0.5,1,5051,5551,C0_poly2,conventional quadratic,10,65,60,0.5,pysindy.STLSQ,confirmation_24,conf_005,native,2.927808063654942,0.3405456931520084,2397
augmentation,0.005,0.5,1,5051,5551,C0_poly2,conventional quadratic,10,65,60,0.5,pysindy.STLSQ,confirmation_24,conf_005,common,2.623383399896719,0.304200554982265,2009
augmentation,0.005,0.5,1,5051,5551,C0_poly2,conventional quadratic,10,65,60,0.5,pysindy.STLSQ,confirmation_24,conf_006,native,2.9879114513182463,0.3342482898799285,2397
augmentation,0.005,0.5,1,5051,5551,C0_poly2,conventional quadratic,10,65,60,0.5,pysindy.STLSQ,confirmation_24,conf_006,common,2.9275640815345225,0.3173917580783602,2062
augmentation,0.005,0.5,1,5051,5551,C0_poly2,conventional quadratic,10,65,60,0.5,pysindy.STLSQ,confirmation_24,conf_007,native,3.150644858256174,0.3898507517290062,2397
augmentation,0.005,0.5,1,5051,5551,C0_poly2,conventional quadratic,10,65,60,0.5,pysindy.STLSQ,confirmation_24,conf_007,common,2.9017993918860925,0.3631753336510936,2030
augmentation,0.005,0.5,1,5051,5551,C0_poly2,conventional quadratic,10,65,60,0.5,pysindy.STLSQ,confirmation_24,conf_008,native,2.691438492100454,0.3210366801769992,2397
augmentation,0.005,0.5,1,5051,5551,C0_poly2,conventional quadratic,10,65,60,0.5,pysindy.STLSQ,confirmation_24,conf_008,common,2.607276015754326,0.3024252071863281,2079
augmentation,0.005,0.5,1,5051,5551,C0_poly2,conventional quadratic,10,65,60,0.5,pysindy.STLSQ,confirmation_24,conf_009,native,2.828631229220678,0.3271715785720975,2397
augmentation,0.005,0.5,1,5051,5551,C0_poly2,conventional quadratic,10,65,60,0.5,pysindy.STLSQ,confirmation_24,conf_009,common,2.6758703851227232,0.2995835318767795,2060
augmentation,0.005,0.5,1,5051,5551,C0_poly2,conventional quadratic,10,65,60,0.5,pysindy.STLSQ,confirmation_24,conf_010,native,3.007834463768638,0.3603309762489769,2397
augmentation,0.005,0.5,1,5051,5551,C0_poly2,conventional quadratic,10,65,60,0.5,pysindy.STLSQ,confirmation_24,conf_010,common,2.805503645924984,0.3332033231191599,2077
augmentation,0.005,0.5,1,5051,5551,C0_poly2,conventional quadratic,10,65,60,0.5,pysindy.STLSQ,confirmation_24,conf_011,native,2.857817053572536,0.331663963470884,2397
augmentation,0.005,0.5,1,5051,5551,C0_poly2,conventional quadratic,10,65,60,0.5,pysindy.STLSQ,confirmation_24,conf_011,common,2.8008728675638235,0.3152360442759265,2081
augmentation,0.005,0.5,1,5051,5551,C0_poly2,conventional quadratic,10,65,60,0.5,pysindy.STLSQ,confirmation_24,conf_012,native,2.7575747195070077,0.3087381109431344,2397
augmentation,0.005,0.5,1,5051,5551,C0_poly2,conventional quadratic,10,65,60,0.5,pysindy.STLSQ,confirmation_24,conf_012,common,2.6392638252812777,0.2826866802425212,2075
augmentation,0.005,0.5,1,5051,5551,C0_poly2,conventional quadratic,10,65,60,0.5,pysindy.STLSQ,confirmation_24,conf_013,native,2.8358362550061087,0.3234560115435267,2397
augmentation,0.005,0.5,1,5051,5551,C0_poly2,conventional quadratic,10,65,60,0.5,pysindy.STLSQ,confirmation_24,conf_013,common,2.74835803932181,0.3038425999047336,2112
augmentation,0.005,0.5,1,5051,5551,C0_poly2,conventional quadratic,10,65,60,0.5,pysindy.STLSQ,confirmation_24,conf_014,native,3.065164756891565,0.3705631255335873,2397
augmentation,0.005,0.5,1,5051,5551,C0_poly2,conventional quadratic,10,65,60,0.5,pysindy.STLSQ,confirmation_24,conf_014,common,2.841838645553594,0.3432305123238034,2050
augmentation,0.005,0.5,1,5051,5551,C0_poly2,conventional quadratic,10,65,60,0.5,pysindy.STLSQ,confirmation_24,conf_015,native,3.235625819216521,0.3503092200151997,2397
augmentation,0.005,0.5,1,5051,5551,C0_poly2,conventional quadratic,10,65,60,0.5,pysindy.STLSQ,confirmation_24,conf_015,common,3.0540611237251034,0.321177727239711,2053
augmentation,0.005,0.5,1,5051,5551,C0_poly2,conventional quadratic,10,65,60,0.5,pysindy.STLSQ,confirmation_24,conf_016,native,2.7737146345652053,0.3330218781584437,2397
augmentation,0.005,0.5,1,5051,5551,C0_poly2,conventional quadratic,10,65,60,0.5,pysindy.STLSQ,confirmation_24,conf_016,common,2.6520382972651677,0.3118148321040552,2092
augmentation,0.005,0.5,1,5051,5551,C0_poly2,conventional quadratic,10,65,60,0.5,pysindy.STLSQ,confirmation_24,conf_017,native,2.8289368830915405,0.3283777044563415,2397
augmentation,0.005,0.5,1,5051,5551,C0_poly2,conventional quadratic,10,65,60,0.5,pysindy.STLSQ,confirmation_24,conf_017,common,2.689261684616557,0.303714478816011,2087
augmentation,0.005,0.5,1,5051,5551,C0_poly2,conventional quadratic,10,65,60,0.5,pysindy.STLSQ,confirmation_24,conf_018,native,2.8193241675189333,0.311881324199991,2397
augmentation,0.005,0.5,1,5051,5551,C0_poly2,conventional quadratic,10,65,60,0.5,pysindy.STLSQ,confirmation_24,conf_018,common,2.713042253331984,0.2886854387401874,2124
augmentation,0.005,0.5,1,5051,5551,C0_poly2,conventional quadratic,10,65,60,0.5,pysindy.STLSQ,confirmation_24,conf_019,native,2.9142166716893083,0.3198409367698176,2397
augmentation,0.005,0.5,1,5051,5551,C0_poly2,conventional quadratic,10,65,60,0.5,pysindy.STLSQ,confirmation_24,conf_019,common,2.821300723525093,0.2960385158607553,2064
augmentation,0.005,0.5,1,5051,5551,C0_poly2,conventional quadratic,10,65,60,0.5,pysindy.STLSQ,confirmation_24,conf_020,native,2.9730970164820274,0.343476743523063,2397
augmentation,0.005,0.5,1,5051,5551,C0_poly2,conventional quadratic,10,65,60,0.5,pysindy.STLSQ,confirmation_24,conf_020,common,2.871100908008152,0.3244698680868424,2099
augmentation,0.005,0.5,1,5051,5551,C0_poly2,conventional quadratic,10,65,60,0.5,pysindy.STLSQ,confirmation_24,conf_021,native,2.6769306746037587,0.31766629714041,2397
augmentation,0.005,0.5,1,5051,5551,C0_poly2,conventional quadratic,10,65,60,0.5,pysindy.STLSQ,confirmation_24,conf_021,common,2.5795844096798644,0.2959783822415727,2098
augmentation,0.005,0.5,1,5051,5551,C0_poly2,conventional quadratic,10,65,60,0.5,pysindy.STLSQ,confirmation_24,conf_022,native,2.6009506167232983,0.3052674804807309,2397
augmentation,0.005,0.5,1,5051,5551,C0_poly2,conventional quadratic,10,65,60,0.5,pysindy.STLSQ,confirmation_24,conf_022,common,2.5327790930184677,0.2871581752223693,2111
augmentation,0.005,0.5,1,5051,5551,C0_poly2,conventional quadratic,10,65,60,0.5,pysindy.STLSQ,confirmation_24,conf_023,native,2.948627058822437,0.3240866999970031,2397
augmentation,0.005,0.5,1,5051,5551,C0_poly2,conventional quadratic,10,65,60,0.5,pysindy.STLSQ,confirmation_24,conf_023,common,2.867076282868524,0.3045052310980351,2062
augmentation,0.005,0.5,1,5051,5551,C_compact,compact (12 coordinates),12,12,12,0.0001,pysindy.STLSQ,confirmation_24,conf_000,native,3.182279451659188,0.3701717536142673,2248
augmentation,0.005,0.5,1,5051,5551,C_compact,compact (12 coordinates),12,12,12,0.0001,pysindy.STLSQ,confirmation_24,conf_000,common,2.973149162929788,0.3373712735478718,2035
augmentation,0.005,0.5,1,5051,5551,C_compact,compact (12 coordinates),12,12,12,0.0001,pysindy.STLSQ,confirmation_24,conf_001,native,3.638518546220105,0.3997470022211943,2260
augmentation,0.005,0.5,1,5051,5551,C_compact,compact (12 coordinates),12,12,12,0.0001,pysindy.STLSQ,confirmation_24,conf_001,common,3.430237527667128,0.3692335670994396,2076
augmentation,0.005,0.5,1,5051,5551,C_compact,compact (12 coordinates),12,12,12,0.0001,pysindy.STLSQ,confirmation_24,conf_002,native,2.378095358781184,0.320989993209151,2323
augmentation,0.005,0.5,1,5051,5551,C_compact,compact (12 coordinates),12,12,12,0.0001,pysindy.STLSQ,confirmation_24,conf_002,common,2.1921820405358856,0.2885544921234793,2097
augmentation,0.005,0.5,1,5051,5551,C_compact,compact (12 coordinates),12,12,12,0.0001,pysindy.STLSQ,confirmation_24,conf_003,native,2.6000549479841477,0.3330789228073233,2247
augmentation,0.005,0.5,1,5051,5551,C_compact,compact (12 coordinates),12,12,12,0.0001,pysindy.STLSQ,confirmation_24,conf_003,common,2.388879893169973,0.3015925117007618,2063
augmentation,0.005,0.5,1,5051,5551,C_compact,compact (12 coordinates),12,12,12,0.0001,pysindy.STLSQ,confirmation_24,conf_004,native,3.281502427735582,0.3730892076373739,2253
augmentation,0.005,0.5,1,5051,5551,C_compact,compact (12 coordinates),12,12,12,0.0001,pysindy.STLSQ,confirmation_24,conf_004,common,3.134571325244081,0.3488696610617153,2061
augmentation,0.005,0.5,1,5051,5551,C_compact,compact (12 coordinates),12,12,12,0.0001,pysindy.STLSQ,confirmation_24,conf_005,native,2.7505543191344475,0.3241938256724417,2189
augmentation,0.005,0.5,1,5051,5551,C_compact,compact (12 coordinates),12,12,12,0.0001,pysindy.STLSQ,confirmation_24,conf_005,common,2.4316819923101023,0.281971370113204,2009
augmentation,0.005,0.5,1,5051,5551,C_compact,compact (12 coordinates),12,12,12,0.0001,pysindy.STLSQ,confirmation_24,conf_006,native,3.446723062896822,0.3808452324502303,2260
augmentation,0.005,0.5,1,5051,5551,C_compact,compact (12 coordinates),12,12,12,0.0001,pysindy.STLSQ,confirmation_24,conf_006,common,3.1226715495029898,0.3385443274322888,2062
augmentation,0.005,0.5,1,5051,5551,C_compact,compact (12 coordinates),12,12,12,0.0001,pysindy.STLSQ,confirmation_24,conf_007,native,2.686685180527787,0.345127704114949,2223
augmentation,0.005,0.5,1,5051,5551,C_compact,compact (12 coordinates),12,12,12,0.0001,pysindy.STLSQ,confirmation_24,conf_007,common,2.5789339684335646,0.322767041398141,2030
augmentation,0.005,0.5,1,5051,5551,C_compact,compact (12 coordinates),12,12,12,0.0001,pysindy.STLSQ,confirmation_24,conf_008,native,3.008879345126572,0.3553775143807398,2263
augmentation,0.005,0.5,1,5051,5551,C_compact,compact (12 coordinates),12,12,12,0.0001,pysindy.STLSQ,confirmation_24,conf_008,common,2.816464444142564,0.3266895556534742,2079
augmentation,0.005,0.5,1,5051,5551,C_compact,compact (12 coordinates),12,12,12,0.0001,pysindy.STLSQ,confirmation_24,conf_009,native,3.197367706640732,0.365346407543435,2241
augmentation,0.005,0.5,1,5051,5551,C_compact,compact (12 coordinates),12,12,12,0.0001,pysindy.STLSQ,confirmation_24,conf_009,common,3.080159292454619,0.3448466729580835,2060
augmentation,0.005,0.5,1,5051,5551,C_compact,compact (12 coordinates),12,12,12,0.0001,pysindy.STLSQ,confirmation_24,conf_010,native,3.016591208514982,0.3654541092530323,2261
augmentation,0.005,0.5,1,5051,5551,C_compact,compact (12 coordinates),12,12,12,0.0001,pysindy.STLSQ,confirmation_24,conf_010,common,2.82602063463986,0.335640079467748,2077
augmentation,0.005,0.5,1,5051,5551,C_compact,compact (12 coordinates),12,12,12,0.0001,pysindy.STLSQ,confirmation_24,conf_011,native,3.115375907865009,0.3570201018948625,2250
augmentation,0.005,0.5,1,5051,5551,C_compact,compact (12 coordinates),12,12,12,0.0001,pysindy.STLSQ,confirmation_24,conf_011,common,2.9942044111391377,0.3369953578585706,2081
augmentation,0.005,0.5,1,5051,5551,C_compact,compact (12 coordinates),12,12,12,0.0001,pysindy.STLSQ,confirmation_24,conf_012,native,3.689101753914872,0.4031000166061635,2247
augmentation,0.005,0.5,1,5051,5551,C_compact,compact (12 coordinates),12,12,12,0.0001,pysindy.STLSQ,confirmation_24,conf_012,common,3.509727692659636,0.3759204595196004,2075
augmentation,0.005,0.5,1,5051,5551,C_compact,compact (12 coordinates),12,12,12,0.0001,pysindy.STLSQ,confirmation_24,conf_013,native,3.290940258697638,0.3702664978316604,2289
augmentation,0.005,0.5,1,5051,5551,C_compact,compact (12 coordinates),12,12,12,0.0001,pysindy.STLSQ,confirmation_24,conf_013,common,3.0181226726428005,0.3336662205458139,2112
augmentation,0.005,0.5,1,5051,5551,C_compact,compact (12 coordinates),12,12,12,0.0001,pysindy.STLSQ,confirmation_24,conf_014,native,2.8275872856016977,0.3479083147166519,2248
augmentation,0.005,0.5,1,5051,5551,C_compact,compact (12 coordinates),12,12,12,0.0001,pysindy.STLSQ,confirmation_24,conf_014,common,2.5881269849814834,0.3125878214106729,2050
augmentation,0.005,0.5,1,5051,5551,C_compact,compact (12 coordinates),12,12,12,0.0001,pysindy.STLSQ,confirmation_24,conf_015,native,3.5850508294087184,0.3833985950732892,2225
augmentation,0.005,0.5,1,5051,5551,C_compact,compact (12 coordinates),12,12,12,0.0001,pysindy.STLSQ,confirmation_24,conf_015,common,3.332596991564269,0.3504697136680009,2053
augmentation,0.005,0.5,1,5051,5551,C_compact,compact (12 coordinates),12,12,12,0.0001,pysindy.STLSQ,confirmation_24,conf_016,native,3.1445468994072674,0.3769987778892287,2286
augmentation,0.005,0.5,1,5051,5551,C_compact,compact (12 coordinates),12,12,12,0.0001,pysindy.STLSQ,confirmation_24,conf_016,common,2.909945503290152,0.3421384108502734,2092
augmentation,0.005,0.5,1,5051,5551,C_compact,compact (12 coordinates),12,12,12,0.0001,pysindy.STLSQ,confirmation_24,conf_017,native,3.1206253738788723,0.3598990648207322,2272
augmentation,0.005,0.5,1,5051,5551,C_compact,compact (12 coordinates),12,12,12,0.0001,pysindy.STLSQ,confirmation_24,conf_017,common,2.8520139438946366,0.3220950692529801,2087
augmentation,0.005,0.5,1,5051,5551,C_compact,compact (12 coordinates),12,12,12,0.0001,pysindy.STLSQ,confirmation_24,conf_018,native,3.8901143674834593,0.4209343237560884,2285
augmentation,0.005,0.5,1,5051,5551,C_compact,compact (12 coordinates),12,12,12,0.0001,pysindy.STLSQ,confirmation_24,conf_018,common,3.667995825715568,0.3902987441288116,2124
augmentation,0.005,0.5,1,5051,5551,C_compact,compact (12 coordinates),12,12,12,0.0001,pysindy.STLSQ,confirmation_24,conf_019,native,3.814452252248136,0.4089984324103133,2249
augmentation,0.005,0.5,1,5051,5551,C_compact,compact (12 coordinates),12,12,12,0.0001,pysindy.STLSQ,confirmation_24,conf_019,common,3.584942343956051,0.3761672770654176,2064
augmentation,0.005,0.5,1,5051,5551,C_compact,compact (12 coordinates),12,12,12,0.0001,pysindy.STLSQ,confirmation_24,conf_020,native,3.139293950077497,0.3624579400702533,2288
augmentation,0.005,0.5,1,5051,5551,C_compact,compact (12 coordinates),12,12,12,0.0001,pysindy.STLSQ,confirmation_24,conf_020,common,2.8657352053013314,0.3238634774007403,2099
augmentation,0.005,0.5,1,5051,5551,C_compact,compact (12 coordinates),12,12,12,0.0001,pysindy.STLSQ,confirmation_24,conf_021,native,2.890421842315495,0.3391681000911365,2288
augmentation,0.005,0.5,1,5051,5551,C_compact,compact (12 coordinates),12,12,12,0.0001,pysindy.STLSQ,confirmation_24,conf_021,common,2.7393197777087024,0.3143062243693693,2098
augmentation,0.005,0.5,1,5051,5551,C_compact,compact (12 coordinates),12,12,12,0.0001,pysindy.STLSQ,confirmation_24,conf_022,native,3.686550093168541,0.4261459258670936,2304
augmentation,0.005,0.5,1,5051,5551,C_compact,compact (12 coordinates),12,12,12,0.0001,pysindy.STLSQ,confirmation_24,conf_022,common,3.466583073793076,0.3930298036931536,2111
augmentation,0.005,0.5,1,5051,5551,C_compact,compact (12 coordinates),12,12,12,0.0001,pysindy.STLSQ,confirmation_24,conf_023,native,3.422818477442424,0.369365464991522,2243
augmentation,0.005,0.5,1,5051,5551,C_compact,compact (12 coordinates),12,12,12,0.0001,pysindy.STLSQ,confirmation_24,conf_023,common,3.222836950388476,0.3422897103342724,2062
augmentation,0.005,0.5,1,5051,5551,C_all,C_all (38 coordinates),38,38,38,0.0001,pysindy.STLSQ,confirmation_24,conf_000,native,1.9989610393958064,0.2268275134130788,2035
augmentation,0.005,0.5,1,5051,5551,C_all,C_all (38 coordinates),38,38,38,0.0001,pysindy.STLSQ,confirmation_24,conf_000,common,1.9989610393958064,0.2268275134130788,2035
augmentation,0.005,0.5,1,5051,5551,C_all,C_all (38 coordinates),38,38,38,0.0001,pysindy.STLSQ,confirmation_24,conf_001,native,1.687764753062362,0.1816723755050686,2076
augmentation,0.005,0.5,1,5051,5551,C_all,C_all (38 coordinates),38,38,38,0.0001,pysindy.STLSQ,confirmation_24,conf_001,common,1.687764753062362,0.1816723755050686,2076
augmentation,0.005,0.5,1,5051,5551,C_all,C_all (38 coordinates),38,38,38,0.0001,pysindy.STLSQ,confirmation_24,conf_002,native,1.2624757138377078,0.1661782788511552,2097
augmentation,0.005,0.5,1,5051,5551,C_all,C_all (38 coordinates),38,38,38,0.0001,pysindy.STLSQ,confirmation_24,conf_002,common,1.2624757138377078,0.1661782788511552,2097
augmentation,0.005,0.5,1,5051,5551,C_all,C_all (38 coordinates),38,38,38,0.0001,pysindy.STLSQ,confirmation_24,conf_003,native,1.7068184521148912,0.2154832754305869,2063
augmentation,0.005,0.5,1,5051,5551,C_all,C_all (38 coordinates),38,38,38,0.0001,pysindy.STLSQ,confirmation_24,conf_003,common,1.7068184521148912,0.2154832754305869,2063
augmentation,0.005,0.5,1,5051,5551,C_all,C_all (38 coordinates),38,38,38,0.0001,pysindy.STLSQ,confirmation_24,conf_004,native,1.925539895174256,0.2143075977184679,2061
augmentation,0.005,0.5,1,5051,5551,C_all,C_all (38 coordinates),38,38,38,0.0001,pysindy.STLSQ,confirmation_24,conf_004,common,1.925539895174256,0.2143075977184679,2061
augmentation,0.005,0.5,1,5051,5551,C_all,C_all (38 coordinates),38,38,38,0.0001,pysindy.STLSQ,confirmation_24,conf_005,native,1.6938757576159131,0.196417323353518,2009
augmentation,0.005,0.5,1,5051,5551,C_all,C_all (38 coordinates),38,38,38,0.0001,pysindy.STLSQ,confirmation_24,conf_005,common,1.6938757576159131,0.196417323353518,2009
augmentation,0.005,0.5,1,5051,5551,C_all,C_all (38 coordinates),38,38,38,0.0001,pysindy.STLSQ,confirmation_24,conf_006,native,1.994684571698009,0.2162536584651516,2062
augmentation,0.005,0.5,1,5051,5551,C_all,C_all (38 coordinates),38,38,38,0.0001,pysindy.STLSQ,confirmation_24,conf_006,common,1.994684571698009,0.2162536584651516,2062
augmentation,0.005,0.5,1,5051,5551,C_all,C_all (38 coordinates),38,38,38,0.0001,pysindy.STLSQ,confirmation_24,conf_007,native,2.02345692152903,0.2532461908496281,2030
augmentation,0.005,0.5,1,5051,5551,C_all,C_all (38 coordinates),38,38,38,0.0001,pysindy.STLSQ,confirmation_24,conf_007,common,2.02345692152903,0.2532461908496281,2030
augmentation,0.005,0.5,1,5051,5551,C_all,C_all (38 coordinates),38,38,38,0.0001,pysindy.STLSQ,confirmation_24,conf_008,native,1.736570071083318,0.2014295994622592,2079
augmentation,0.005,0.5,1,5051,5551,C_all,C_all (38 coordinates),38,38,38,0.0001,pysindy.STLSQ,confirmation_24,conf_008,common,1.736570071083318,0.2014295994622592,2079
augmentation,0.005,0.5,1,5051,5551,C_all,C_all (38 coordinates),38,38,38,0.0001,pysindy.STLSQ,confirmation_24,conf_009,native,1.7472277807794092,0.1956151061984701,2060
augmentation,0.005,0.5,1,5051,5551,C_all,C_all (38 coordinates),38,38,38,0.0001,pysindy.STLSQ,confirmation_24,conf_009,common,1.7472277807794092,0.1956151061984701,2060
augmentation,0.005,0.5,1,5051,5551,C_all,C_all (38 coordinates),38,38,38,0.0001,pysindy.STLSQ,confirmation_24,conf_010,native,2.00075946433997,0.2376256766760993,2077
augmentation,0.005,0.5,1,5051,5551,C_all,C_all (38 coordinates),38,38,38,0.0001,pysindy.STLSQ,confirmation_24,conf_010,common,2.00075946433997,0.2376256766760993,2077
augmentation,0.005,0.5,1,5051,5551,C_all,C_all (38 coordinates),38,38,38,0.0001,pysindy.STLSQ,confirmation_24,conf_011,native,1.9082903084381693,0.2147765773765268,2081
augmentation,0.005,0.5,1,5051,5551,C_all,C_all (38 coordinates),38,38,38,0.0001,pysindy.STLSQ,confirmation_24,conf_011,common,1.9082903084381693,0.2147765773765268,2081
augmentation,0.005,0.5,1,5051,5551,C_all,C_all (38 coordinates),38,38,38,0.0001,pysindy.STLSQ,confirmation_24,conf_012,native,1.7695000224530042,0.1895278835881428,2075
augmentation,0.005,0.5,1,5051,5551,C_all,C_all (38 coordinates),38,38,38,0.0001,pysindy.STLSQ,confirmation_24,conf_012,common,1.7695000224530042,0.1895278835881428,2075
augmentation,0.005,0.5,1,5051,5551,C_all,C_all (38 coordinates),38,38,38,0.0001,pysindy.STLSQ,confirmation_24,conf_013,native,1.8426300840120224,0.2037105454888421,2112
augmentation,0.005,0.5,1,5051,5551,C_all,C_all (38 coordinates),38,38,38,0.0001,pysindy.STLSQ,confirmation_24,conf_013,common,1.8426300840120224,0.2037105454888421,2112
augmentation,0.005,0.5,1,5051,5551,C_all,C_all (38 coordinates),38,38,38,0.0001,pysindy.STLSQ,confirmation_24,conf_014,native,2.0252468234844363,0.2446044943101641,2050
augmentation,0.005,0.5,1,5051,5551,C_all,C_all (38 coordinates),38,38,38,0.0001,pysindy.STLSQ,confirmation_24,conf_014,common,2.0252468234844363,0.2446044943101641,2050
augmentation,0.005,0.5,1,5051,5551,C_all,C_all (38 coordinates),38,38,38,0.0001,pysindy.STLSQ,confirmation_24,conf_015,native,2.0638354564791785,0.2170414914617727,2053
augmentation,0.005,0.5,1,5051,5551,C_all,C_all (38 coordinates),38,38,38,0.0001,pysindy.STLSQ,confirmation_24,conf_015,common,2.0638354564791785,0.2170414914617727,2053
augmentation,0.005,0.5,1,5051,5551,C_all,C_all (38 coordinates),38,38,38,0.0001,pysindy.STLSQ,confirmation_24,conf_016,native,1.8530420916907344,0.2178724226185339,2092
augmentation,0.005,0.5,1,5051,5551,C_all,C_all (38 coordinates),38,38,38,0.0001,pysindy.STLSQ,confirmation_24,conf_016,common,1.8530420916907344,0.2178724226185339,2092
augmentation,0.005,0.5,1,5051,5551,C_all,C_all (38 coordinates),38,38,38,0.0001,pysindy.STLSQ,confirmation_24,conf_017,native,1.7713330370841462,0.2000472818413356,2087
augmentation,0.005,0.5,1,5051,5551,C_all,C_all (38 coordinates),38,38,38,0.0001,pysindy.STLSQ,confirmation_24,conf_017,common,1.7713330370841462,0.2000472818413356,2087
augmentation,0.005,0.5,1,5051,5551,C_all,C_all (38 coordinates),38,38,38,0.0001,pysindy.STLSQ,confirmation_24,conf_018,native,1.8165549305159423,0.1932933246681268,2124
augmentation,0.005,0.5,1,5051,5551,C_all,C_all (38 coordinates),38,38,38,0.0001,pysindy.STLSQ,confirmation_24,conf_018,common,1.8165549305159423,0.1932933246681268,2124
augmentation,0.005,0.5,1,5051,5551,C_all,C_all (38 coordinates),38,38,38,0.0001,pysindy.STLSQ,confirmation_24,conf_019,native,1.8722360117551016,0.196453347081882,2064
augmentation,0.005,0.5,1,5051,5551,C_all,C_all (38 coordinates),38,38,38,0.0001,pysindy.STLSQ,confirmation_24,conf_019,common,1.8722360117551016,0.196453347081882,2064
augmentation,0.005,0.5,1,5051,5551,C_all,C_all (38 coordinates),38,38,38,0.0001,pysindy.STLSQ,confirmation_24,conf_020,native,1.9835129860884515,0.2241614689158223,2099
augmentation,0.005,0.5,1,5051,5551,C_all,C_all (38 coordinates),38,38,38,0.0001,pysindy.STLSQ,confirmation_24,conf_020,common,1.9835129860884515,0.2241614689158223,2099
augmentation,0.005,0.5,1,5051,5551,C_all,C_all (38 coordinates),38,38,38,0.0001,pysindy.STLSQ,confirmation_24,conf_021,native,1.671348241622045,0.1917684673784263,2098
augmentation,0.005,0.5,1,5051,5551,C_all,C_all (38 coordinates),38,38,38,0.0001,pysindy.STLSQ,confirmation_24,conf_021,common,1.671348241622045,0.1917684673784263,2098
augmentation,0.005,0.5,1,5051,5551,C_all,C_all (38 coordinates),38,38,38,0.0001,pysindy.STLSQ,confirmation_24,conf_022,native,1.81574276028918,0.2058629507623099,2111
augmentation,0.005,0.5,1,5051,5551,C_all,C_all (38 coordinates),38,38,38,0.0001,pysindy.STLSQ,confirmation_24,conf_022,common,1.81574276028918,0.2058629507623099,2111
augmentation,0.005,0.5,1,5051,5551,C_all,C_all (38 coordinates),38,38,38,0.0001,pysindy.STLSQ,confirmation_24,conf_023,native,1.84860124058532,0.1963354624835284,2062
augmentation,0.005,0.5,1,5051,5551,C_all,C_all (38 coordinates),38,38,38,0.0001,pysindy.STLSQ,confirmation_24,conf_023,common,1.84860124058532,0.1963354624835284,2062
augmentation,0.005,0.5,2,5052,5552,C0_poly2,conventional quadratic,10,65,60,0.5,pysindy.STLSQ,confirmation_24,conf_000,native,3.1597606787445747,0.3639805549504247,2397
augmentation,0.005,0.5,2,5052,5552,C0_poly2,conventional quadratic,10,65,60,0.5,pysindy.STLSQ,confirmation_24,conf_000,common,2.917714955332033,0.3301830378607641,2046
augmentation,0.005,0.5,2,5052,5552,C0_poly2,conventional quadratic,10,65,60,0.5,pysindy.STLSQ,confirmation_24,conf_001,native,2.684479511089818,0.3023217624492964,2397
augmentation,0.005,0.5,2,5052,5552,C0_poly2,conventional quadratic,10,65,60,0.5,pysindy.STLSQ,confirmation_24,conf_001,common,2.5846776373260987,0.2792010056380372,2102
augmentation,0.005,0.5,2,5052,5552,C0_poly2,conventional quadratic,10,65,60,0.5,pysindy.STLSQ,confirmation_24,conf_002,native,2.134433870138112,0.2902898532109797,2397
augmentation,0.005,0.5,2,5052,5552,C0_poly2,conventional quadratic,10,65,60,0.5,pysindy.STLSQ,confirmation_24,conf_002,common,2.043146159462194,0.2705239149721606,2131
augmentation,0.005,0.5,2,5052,5552,C0_poly2,conventional quadratic,10,65,60,0.5,pysindy.STLSQ,confirmation_24,conf_003,native,2.7532892917786,0.3463368962412477,2397
augmentation,0.005,0.5,2,5052,5552,C0_poly2,conventional quadratic,10,65,60,0.5,pysindy.STLSQ,confirmation_24,conf_003,common,2.628035730397097,0.3282585640296426,2044
augmentation,0.005,0.5,2,5052,5552,C0_poly2,conventional quadratic,10,65,60,0.5,pysindy.STLSQ,confirmation_24,conf_004,native,2.901119631460044,0.3334870768702647,2397
augmentation,0.005,0.5,2,5052,5552,C0_poly2,conventional quadratic,10,65,60,0.5,pysindy.STLSQ,confirmation_24,conf_004,common,2.8180681039129087,0.3127228178403141,2053
augmentation,0.005,0.5,2,5052,5552,C0_poly2,conventional quadratic,10,65,60,0.5,pysindy.STLSQ,confirmation_24,conf_005,native,2.93336979450196,0.3411926015029808,2397
augmentation,0.005,0.5,2,5052,5552,C0_poly2,conventional quadratic,10,65,60,0.5,pysindy.STLSQ,confirmation_24,conf_005,common,2.661183465371471,0.3081089138005395,2019
augmentation,0.005,0.5,2,5052,5552,C0_poly2,conventional quadratic,10,65,60,0.5,pysindy.STLSQ,confirmation_24,conf_006,native,2.973318256764573,0.3326157949405961,2397
augmentation,0.005,0.5,2,5052,5552,C0_poly2,conventional quadratic,10,65,60,0.5,pysindy.STLSQ,confirmation_24,conf_006,common,2.9322138988859288,0.3167816332568998,2082
augmentation,0.005,0.5,2,5052,5552,C0_poly2,conventional quadratic,10,65,60,0.5,pysindy.STLSQ,confirmation_24,conf_007,native,3.135773891513739,0.3880106657071611,2397
augmentation,0.005,0.5,2,5052,5552,C0_poly2,conventional quadratic,10,65,60,0.5,pysindy.STLSQ,confirmation_24,conf_007,common,2.879259569001505,0.3622108225916358,2033
augmentation,0.005,0.5,2,5052,5552,C0_poly2,conventional quadratic,10,65,60,0.5,pysindy.STLSQ,confirmation_24,conf_008,native,2.693255619235932,0.3212534283823718,2397
augmentation,0.005,0.5,2,5052,5552,C0_poly2,conventional quadratic,10,65,60,0.5,pysindy.STLSQ,confirmation_24,conf_008,common,2.5980989038870987,0.3010280134151887,2070
augmentation,0.005,0.5,2,5052,5552,C0_poly2,conventional quadratic,10,65,60,0.5,pysindy.STLSQ,confirmation_24,conf_009,native,2.8099587182154817,0.3250118361361215,2397
augmentation,0.005,0.5,2,5052,5552,C0_poly2,conventional quadratic,10,65,60,0.5,pysindy.STLSQ,confirmation_24,conf_009,common,2.6906946713495885,0.2994575101906529,2056
augmentation,0.005,0.5,2,5052,5552,C0_poly2,conventional quadratic,10,65,60,0.5,pysindy.STLSQ,confirmation_24,conf_010,native,2.9892847390315804,0.3581087660495236,2397
augmentation,0.005,0.5,2,5052,5552,C0_poly2,conventional quadratic,10,65,60,0.5,pysindy.STLSQ,confirmation_24,conf_010,common,2.7758983770379992,0.3298577513144914,2060
augmentation,0.005,0.5,2,5052,5552,C0_poly2,conventional quadratic,10,65,60,0.5,pysindy.STLSQ,confirmation_24,conf_011,native,2.851024848657432,0.330875694116821,2397
augmentation,0.005,0.5,2,5052,5552,C0_poly2,conventional quadratic,10,65,60,0.5,pysindy.STLSQ,confirmation_24,conf_011,common,2.7847579071613144,0.3140636651344942,2061
augmentation,0.005,0.5,2,5052,5552,C0_poly2,conventional quadratic,10,65,60,0.5,pysindy.STLSQ,confirmation_24,conf_012,native,2.7700480832441774,0.310134628952267,2397
augmentation,0.005,0.5,2,5052,5552,C0_poly2,conventional quadratic,10,65,60,0.5,pysindy.STLSQ,confirmation_24,conf_012,common,2.672644798848489,0.2864667475077121,2080
augmentation,0.005,0.5,2,5052,5552,C0_poly2,conventional quadratic,10,65,60,0.5,pysindy.STLSQ,confirmation_24,conf_013,native,2.810285647832888,0.3205417045294401,2397
augmentation,0.005,0.5,2,5052,5552,C0_poly2,conventional quadratic,10,65,60,0.5,pysindy.STLSQ,confirmation_24,conf_013,common,2.73358735961692,0.3017916869932064,2101
augmentation,0.005,0.5,2,5052,5552,C0_poly2,conventional quadratic,10,65,60,0.5,pysindy.STLSQ,confirmation_24,conf_014,native,3.042586571875339,0.3678335356185013,2397
augmentation,0.005,0.5,2,5052,5552,C0_poly2,conventional quadratic,10,65,60,0.5,pysindy.STLSQ,confirmation_24,conf_014,common,2.820775637781137,0.3403446641647844,2037
augmentation,0.005,0.5,2,5052,5552,C0_poly2,conventional quadratic,10,65,60,0.5,pysindy.STLSQ,confirmation_24,conf_015,native,3.2417810217599405,0.35097562099062,2397
augmentation,0.005,0.5,2,5052,5552,C0_poly2,conventional quadratic,10,65,60,0.5,pysindy.STLSQ,confirmation_24,conf_015,common,3.067960192933126,0.3227533296877893,2047
augmentation,0.005,0.5,2,5052,5552,C0_poly2,conventional quadratic,10,65,60,0.5,pysindy.STLSQ,confirmation_24,conf_016,native,2.779606605417625,0.3337292887820443,2397
augmentation,0.005,0.5,2,5052,5552,C0_poly2,conventional quadratic,10,65,60,0.5,pysindy.STLSQ,confirmation_24,conf_016,common,2.6085618050195616,0.306374368142897,2069
augmentation,0.005,0.5,2,5052,5552,C0_poly2,conventional quadratic,10,65,60,0.5,pysindy.STLSQ,confirmation_24,conf_017,native,2.8255883304637828,0.3279890107277092,2397
augmentation,0.005,0.5,2,5052,5552,C0_poly2,conventional quadratic,10,65,60,0.5,pysindy.STLSQ,confirmation_24,conf_017,common,2.7422595148659985,0.3102397881947014,2085
augmentation,0.005,0.5,2,5052,5552,C0_poly2,conventional quadratic,10,65,60,0.5,pysindy.STLSQ,confirmation_24,conf_018,native,2.794069893898498,0.309087627615117,2397
augmentation,0.005,0.5,2,5052,5552,C0_poly2,conventional quadratic,10,65,60,0.5,pysindy.STLSQ,confirmation_24,conf_018,common,2.683066886744597,0.2840318330935759,2111
augmentation,0.005,0.5,2,5052,5552,C0_poly2,conventional quadratic,10,65,60,0.5,pysindy.STLSQ,confirmation_24,conf_019,native,2.921043808974829,0.3205902283396827,2397
augmentation,0.005,0.5,2,5052,5552,C0_poly2,conventional quadratic,10,65,60,0.5,pysindy.STLSQ,confirmation_24,conf_019,common,2.833209048668288,0.297959037193344,2078
augmentation,0.005,0.5,2,5052,5552,C0_poly2,conventional quadratic,10,65,60,0.5,pysindy.STLSQ,confirmation_24,conf_020,native,2.975421327238903,0.3437452671148871,2397
augmentation,0.005,0.5,2,5052,5552,C0_poly2,conventional quadratic,10,65,60,0.5,pysindy.STLSQ,confirmation_24,conf_020,common,2.8419056493968347,0.3211318685741117,2085
augmentation,0.005,0.5,2,5052,5552,C0_poly2,conventional quadratic,10,65,60,0.5,pysindy.STLSQ,confirmation_24,conf_021,native,2.6667579559905925,0.3164591198741649,2397
augmentation,0.005,0.5,2,5052,5552,C0_poly2,conventional quadratic,10,65,60,0.5,pysindy.STLSQ,confirmation_24,conf_021,common,2.587633629580904,0.2974454636106037,2093
augmentation,0.005,0.5,2,5052,5552,C0_poly2,conventional quadratic,10,65,60,0.5,pysindy.STLSQ,confirmation_24,conf_022,native,2.60244776428099,0.3054431971821192,2397
augmentation,0.005,0.5,2,5052,5552,C0_poly2,conventional quadratic,10,65,60,0.5,pysindy.STLSQ,confirmation_24,conf_022,common,2.516970337830737,0.2840899768863954,2093
augmentation,0.005,0.5,2,5052,5552,C0_poly2,conventional quadratic,10,65,60,0.5,pysindy.STLSQ,confirmation_24,conf_023,native,2.954998205550603,0.3247869594320341,2397
augmentation,0.005,0.5,2,5052,5552,C0_poly2,conventional quadratic,10,65,60,0.5,pysindy.STLSQ,confirmation_24,conf_023,common,2.8661926321649247,0.3036730380579949,2048
augmentation,0.005,0.5,2,5052,5552,C_compact,compact (12 coordinates),12,12,10,0.5,pysindy.STLSQ,confirmation_24,conf_000,native,3.0811119933283675,0.3584544746815971,2247
augmentation,0.005,0.5,2,5052,5552,C_compact,compact (12 coordinates),12,12,10,0.5,pysindy.STLSQ,confirmation_24,conf_000,common,2.941548137957031,0.3328801185425598,2046
augmentation,0.005,0.5,2,5052,5552,C_compact,compact (12 coordinates),12,12,10,0.5,pysindy.STLSQ,confirmation_24,conf_001,native,3.5324776230733685,0.3882361067970052,2259
augmentation,0.005,0.5,2,5052,5552,C_compact,compact (12 coordinates),12,12,10,0.5,pysindy.STLSQ,confirmation_24,conf_001,common,3.33727983149074,0.3604982964187715,2102
augmentation,0.005,0.5,2,5052,5552,C_compact,compact (12 coordinates),12,12,10,0.5,pysindy.STLSQ,confirmation_24,conf_002,native,2.5512842915241785,0.3443352962140855,2325
augmentation,0.005,0.5,2,5052,5552,C_compact,compact (12 coordinates),12,12,10,0.5,pysindy.STLSQ,confirmation_24,conf_002,common,2.4313960624972357,0.3219303614812288,2131
augmentation,0.005,0.5,2,5052,5552,C_compact,compact (12 coordinates),12,12,10,0.5,pysindy.STLSQ,confirmation_24,conf_003,native,2.4370447189139224,0.3119688107485786,2247
augmentation,0.005,0.5,2,5052,5552,C_compact,compact (12 coordinates),12,12,10,0.5,pysindy.STLSQ,confirmation_24,conf_003,common,2.3686473379254536,0.2958592856431827,2044
augmentation,0.005,0.5,2,5052,5552,C_compact,compact (12 coordinates),12,12,10,0.5,pysindy.STLSQ,confirmation_24,conf_004,native,3.308387796665836,0.3761827734727626,2255
augmentation,0.005,0.5,2,5052,5552,C_compact,compact (12 coordinates),12,12,10,0.5,pysindy.STLSQ,confirmation_24,conf_004,common,3.101498964107743,0.344175321468584,2053
augmentation,0.005,0.5,2,5052,5552,C_compact,compact (12 coordinates),12,12,10,0.5,pysindy.STLSQ,confirmation_24,conf_005,native,2.682860914940137,0.3161396365453211,2187
augmentation,0.005,0.5,2,5052,5552,C_compact,compact (12 coordinates),12,12,10,0.5,pysindy.STLSQ,confirmation_24,conf_005,common,2.4433896491951157,0.2828929837424424,2019
augmentation,0.005,0.5,2,5052,5552,C_compact,compact (12 coordinates),12,12,10,0.5,pysindy.STLSQ,confirmation_24,conf_006,native,3.400691687441011,0.3755249463657581,2258
augmentation,0.005,0.5,2,5052,5552,C_compact,compact (12 coordinates),12,12,10,0.5,pysindy.STLSQ,confirmation_24,conf_006,common,3.160819869042069,0.3414790718120662,2082
augmentation,0.005,0.5,2,5052,5552,C_compact,compact (12 coordinates),12,12,10,0.5,pysindy.STLSQ,confirmation_24,conf_007,native,2.6408723173284265,0.339292044197764,2226
augmentation,0.005,0.5,2,5052,5552,C_compact,compact (12 coordinates),12,12,10,0.5,pysindy.STLSQ,confirmation_24,conf_007,common,2.455208005926408,0.3088651405502056,2033
augmentation,0.005,0.5,2,5052,5552,C_compact,compact (12 coordinates),12,12,10,0.5,pysindy.STLSQ,confirmation_24,conf_008,native,2.986250169505964,0.3532112894143356,2265
augmentation,0.005,0.5,2,5052,5552,C_compact,compact (12 coordinates),12,12,10,0.5,pysindy.STLSQ,confirmation_24,conf_008,common,2.8150777333823416,0.3261682056913116,2070
augmentation,0.005,0.5,2,5052,5552,C_compact,compact (12 coordinates),12,12,10,0.5,pysindy.STLSQ,confirmation_24,conf_009,native,3.364705383875973,0.3843297355313928,2241
augmentation,0.005,0.5,2,5052,5552,C_compact,compact (12 coordinates),12,12,10,0.5,pysindy.STLSQ,confirmation_24,conf_009,common,3.3247637107798784,0.3700254337304635,2056
augmentation,0.005,0.5,2,5052,5552,C_compact,compact (12 coordinates),12,12,10,0.5,pysindy.STLSQ,confirmation_24,conf_010,native,2.975163865678051,0.3609893745682038,2258
augmentation,0.005,0.5,2,5052,5552,C_compact,compact (12 coordinates),12,12,10,0.5,pysindy.STLSQ,confirmation_24,conf_010,common,2.7339862795602223,0.3248773707857038,2060
augmentation,0.005,0.5,2,5052,5552,C_compact,compact (12 coordinates),12,12,10,0.5,pysindy.STLSQ,confirmation_24,conf_011,native,3.104435635026809,0.3558277713507513,2253
augmentation,0.005,0.5,2,5052,5552,C_compact,compact (12 coordinates),12,12,10,0.5,pysindy.STLSQ,confirmation_24,conf_011,common,3.002110545572972,0.3385765917593448,2061
augmentation,0.005,0.5,2,5052,5552,C_compact,compact (12 coordinates),12,12,10,0.5,pysindy.STLSQ,confirmation_24,conf_012,native,3.905694272997699,0.4265131918865174,2245
augmentation,0.005,0.5,2,5052,5552,C_compact,compact (12 coordinates),12,12,10,0.5,pysindy.STLSQ,confirmation_24,conf_012,common,3.7944520961461214,0.406707375041056,2080
augmentation,0.005,0.5,2,5052,5552,C_compact,compact (12 coordinates),12,12,10,0.5,pysindy.STLSQ,confirmation_24,conf_013,native,3.4248844350218874,0.3849734413116641,2285
augmentation,0.005,0.5,2,5052,5552,C_compact,compact (12 coordinates),12,12,10,0.5,pysindy.STLSQ,confirmation_24,conf_013,common,3.2326150638230358,0.356885010489484,2101
augmentation,0.005,0.5,2,5052,5552,C_compact,compact (12 coordinates),12,12,10,0.5,pysindy.STLSQ,confirmation_24,conf_014,native,2.790739625773102,0.3440858952132314,2249
augmentation,0.005,0.5,2,5052,5552,C_compact,compact (12 coordinates),12,12,10,0.5,pysindy.STLSQ,confirmation_24,conf_014,common,2.4894245903515,0.3003650360626363,2037
augmentation,0.005,0.5,2,5052,5552,C_compact,compact (12 coordinates),12,12,10,0.5,pysindy.STLSQ,confirmation_24,conf_015,native,3.9225657370621545,0.4196452714171037,2223
augmentation,0.005,0.5,2,5052,5552,C_compact,compact (12 coordinates),12,12,10,0.5,pysindy.STLSQ,confirmation_24,conf_015,common,3.680151282708537,0.3871566140215757,2047
augmentation,0.005,0.5,2,5052,5552,C_compact,compact (12 coordinates),12,12,10,0.5,pysindy.STLSQ,confirmation_24,conf_016,native,2.9525893529815312,0.3544065552568587,2283
augmentation,0.005,0.5,2,5052,5552,C_compact,compact (12 coordinates),12,12,10,0.5,pysindy.STLSQ,confirmation_24,conf_016,common,2.6965834063151872,0.3167124641879976,2069
augmentation,0.005,0.5,2,5052,5552,C_compact,compact (12 coordinates),12,12,10,0.5,pysindy.STLSQ,confirmation_24,conf_017,native,3.1159263379779065,0.3593970909897195,2273
augmentation,0.005,0.5,2,5052,5552,C_compact,compact (12 coordinates),12,12,10,0.5,pysindy.STLSQ,confirmation_24,conf_017,common,2.9408962841305604,0.3327121431597378,2085
augmentation,0.005,0.5,2,5052,5552,C_compact,compact (12 coordinates),12,12,10,0.5,pysindy.STLSQ,confirmation_24,conf_018,native,3.637261558434163,0.3936550823728504,2287
augmentation,0.005,0.5,2,5052,5552,C_compact,compact (12 coordinates),12,12,10,0.5,pysindy.STLSQ,confirmation_24,conf_018,common,3.374028943407544,0.3571776873850444,2111
augmentation,0.005,0.5,2,5052,5552,C_compact,compact (12 coordinates),12,12,10,0.5,pysindy.STLSQ,confirmation_24,conf_019,native,3.6080788885335298,0.3868372555108358,2251
augmentation,0.005,0.5,2,5052,5552,C_compact,compact (12 coordinates),12,12,10,0.5,pysindy.STLSQ,confirmation_24,conf_019,common,3.4482746188173743,0.3626434081466762,2078
augmentation,0.005,0.5,2,5052,5552,C_compact,compact (12 coordinates),12,12,10,0.5,pysindy.STLSQ,confirmation_24,conf_020,native,3.111142338909445,0.3592767209617573,2287
augmentation,0.005,0.5,2,5052,5552,C_compact,compact (12 coordinates),12,12,10,0.5,pysindy.STLSQ,confirmation_24,conf_020,common,2.9303788126733816,0.3311292280035812,2085
augmentation,0.005,0.5,2,5052,5552,C_compact,compact (12 coordinates),12,12,10,0.5,pysindy.STLSQ,confirmation_24,conf_021,native,3.206559534451677,0.3766203277957581,2292
augmentation,0.005,0.5,2,5052,5552,C_compact,compact (12 coordinates),12,12,10,0.5,pysindy.STLSQ,confirmation_24,conf_021,common,2.996373102164386,0.3444295886152854,2093
augmentation,0.005,0.5,2,5052,5552,C_compact,compact (12 coordinates),12,12,10,0.5,pysindy.STLSQ,confirmation_24,conf_022,native,3.253951030107734,0.3760934428406443,2302
augmentation,0.005,0.5,2,5052,5552,C_compact,compact (12 coordinates),12,12,10,0.5,pysindy.STLSQ,confirmation_24,conf_022,common,3.035942481886616,0.3426662668781897,2093
augmentation,0.005,0.5,2,5052,5552,C_compact,compact (12 coordinates),12,12,10,0.5,pysindy.STLSQ,confirmation_24,conf_023,native,3.4524462589753853,0.3724748523775373,2240
augmentation,0.005,0.5,2,5052,5552,C_compact,compact (12 coordinates),12,12,10,0.5,pysindy.STLSQ,confirmation_24,conf_023,common,3.2251199609084256,0.3417013796071291,2048
augmentation,0.005,0.5,2,5052,5552,C_all,C_all (38 coordinates),38,38,38,0.0001,pysindy.STLSQ,confirmation_24,conf_000,native,2.023676298907211,0.2290092069476924,2046
augmentation,0.005,0.5,2,5052,5552,C_all,C_all (38 coordinates),38,38,38,0.0001,pysindy.STLSQ,confirmation_24,conf_000,common,2.023676298907211,0.2290092069476924,2046
augmentation,0.005,0.5,2,5052,5552,C_all,C_all (38 coordinates),38,38,38,0.0001,pysindy.STLSQ,confirmation_24,conf_001,native,1.6528526303463482,0.1785437804311967,2102
augmentation,0.005,0.5,2,5052,5552,C_all,C_all (38 coordinates),38,38,38,0.0001,pysindy.STLSQ,confirmation_24,conf_001,common,1.6528526303463482,0.1785437804311967,2102
augmentation,0.005,0.5,2,5052,5552,C_all,C_all (38 coordinates),38,38,38,0.0001,pysindy.STLSQ,confirmation_24,conf_002,native,1.3011635639754335,0.1722812926112039,2131
augmentation,0.005,0.5,2,5052,5552,C_all,C_all (38 coordinates),38,38,38,0.0001,pysindy.STLSQ,confirmation_24,conf_002,common,1.3011635639754335,0.1722812926112039,2131
augmentation,0.005,0.5,2,5052,5552,C_all,C_all (38 coordinates),38,38,38,0.0001,pysindy.STLSQ,confirmation_24,conf_003,native,1.7291954468405302,0.2159876320329559,2044
augmentation,0.005,0.5,2,5052,5552,C_all,C_all (38 coordinates),38,38,38,0.0001,pysindy.STLSQ,confirmation_24,conf_003,common,1.7291954468405302,0.2159876320329559,2044
augmentation,0.005,0.5,2,5052,5552,C_all,C_all (38 coordinates),38,38,38,0.0001,pysindy.STLSQ,confirmation_24,conf_004,native,1.9169532306240236,0.2127255246658029,2053
augmentation,0.005,0.5,2,5052,5552,C_all,C_all (38 coordinates),38,38,38,0.0001,pysindy.STLSQ,confirmation_24,conf_004,common,1.9169532306240236,0.2127255246658029,2053
augmentation,0.005,0.5,2,5052,5552,C_all,C_all (38 coordinates),38,38,38,0.0001,pysindy.STLSQ,confirmation_24,conf_005,native,1.7255142129113974,0.1997781501371652,2019
augmentation,0.005,0.5,2,5052,5552,C_all,C_all (38 coordinates),38,38,38,0.0001,pysindy.STLSQ,confirmation_24,conf_005,common,1.7255142129113974,0.1997781501371652,2019
augmentation,0.005,0.5,2,5052,5552,C_all,C_all (38 coordinates),38,38,38,0.0001,pysindy.STLSQ,confirmation_24,conf_006,native,2.000180899571596,0.2160894784709548,2082
augmentation,0.005,0.5,2,5052,5552,C_all,C_all (38 coordinates),38,38,38,0.0001,pysindy.STLSQ,confirmation_24,conf_006,common,2.000180899571596,0.2160894784709548,2082
augmentation,0.005,0.5,2,5052,5552,C_all,C_all (38 coordinates),38,38,38,0.0001,pysindy.STLSQ,confirmation_24,conf_007,native,1.976994011688388,0.2487058252551786,2033
augmentation,0.005,0.5,2,5052,5552,C_all,C_all (38 coordinates),38,38,38,0.0001,pysindy.STLSQ,confirmation_24,conf_007,common,1.976994011688388,0.2487058252551786,2033
augmentation,0.005,0.5,2,5052,5552,C_all,C_all (38 coordinates),38,38,38,0.0001,pysindy.STLSQ,confirmation_24,conf_008,native,1.7243565547280078,0.1997920969492807,2070
augmentation,0.005,0.5,2,5052,5552,C_all,C_all (38 coordinates),38,38,38,0.0001,pysindy.STLSQ,confirmation_24,conf_008,common,1.7243565547280078,0.1997920969492807,2070
augmentation,0.005,0.5,2,5052,5552,C_all,C_all (38 coordinates),38,38,38,0.0001,pysindy.STLSQ,confirmation_24,conf_009,native,1.881629433417028,0.2094136028261764,2056
augmentation,0.005,0.5,2,5052,5552,C_all,C_all (38 coordinates),38,38,38,0.0001,pysindy.STLSQ,confirmation_24,conf_009,common,1.881629433417028,0.2094136028261764,2056
augmentation,0.005,0.5,2,5052,5552,C_all,C_all (38 coordinates),38,38,38,0.0001,pysindy.STLSQ,confirmation_24,conf_010,native,1.992964256275848,0.2368223251482199,2060
augmentation,0.005,0.5,2,5052,5552,C_all,C_all (38 coordinates),38,38,38,0.0001,pysindy.STLSQ,confirmation_24,conf_010,common,1.992964256275848,0.2368223251482199,2060
augmentation,0.005,0.5,2,5052,5552,C_all,C_all (38 coordinates),38,38,38,0.0001,pysindy.STLSQ,confirmation_24,conf_011,native,1.902382510572702,0.2145497898477153,2061
augmentation,0.005,0.5,2,5052,5552,C_all,C_all (38 coordinates),38,38,38,0.0001,pysindy.STLSQ,confirmation_24,conf_011,common,1.902382510572702,0.2145497898477153,2061
augmentation,0.005,0.5,2,5052,5552,C_all,C_all (38 coordinates),38,38,38,0.0001,pysindy.STLSQ,confirmation_24,conf_012,native,1.812958181191284,0.1943214578147937,2080
augmentation,0.005,0.5,2,5052,5552,C_all,C_all (38 coordinates),38,38,38,0.0001,pysindy.STLSQ,confirmation_24,conf_012,common,1.812958181191284,0.1943214578147937,2080
augmentation,0.005,0.5,2,5052,5552,C_all,C_all (38 coordinates),38,38,38,0.0001,pysindy.STLSQ,confirmation_24,conf_013,native,1.854033733114422,0.2046877946265179,2101
augmentation,0.005,0.5,2,5052,5552,C_all,C_all (38 coordinates),38,38,38,0.0001,pysindy.STLSQ,confirmation_24,conf_013,common,1.854033733114422,0.2046877946265179,2101
augmentation,0.005,0.5,2,5052,5552,C_all,C_all (38 coordinates),38,38,38,0.0001,pysindy.STLSQ,confirmation_24,conf_014,native,1.970831609140841,0.2377934682766944,2037
augmentation,0.005,0.5,2,5052,5552,C_all,C_all (38 coordinates),38,38,38,0.0001,pysindy.STLSQ,confirmation_24,conf_014,common,1.970831609140841,0.2377934682766944,2037
augmentation,0.005,0.5,2,5052,5552,C_all,C_all (38 coordinates),38,38,38,0.0001,pysindy.STLSQ,confirmation_24,conf_015,native,2.1305196039655527,0.2241333827371407,2047
augmentation,0.005,0.5,2,5052,5552,C_all,C_all (38 coordinates),38,38,38,0.0001,pysindy.STLSQ,confirmation_24,conf_015,common,2.1305196039655527,0.2241333827371407,2047
augmentation,0.005,0.5,2,5052,5552,C_all,C_all (38 coordinates),38,38,38,0.0001,pysindy.STLSQ,confirmation_24,conf_016,native,1.7449620450204395,0.2049449788568323,2069
augmentation,0.005,0.5,2,5052,5552,C_all,C_all (38 coordinates),38,38,38,0.0001,pysindy.STLSQ,confirmation_24,conf_016,common,1.7449620450204395,0.2049449788568323,2069
augmentation,0.005,0.5,2,5052,5552,C_all,C_all (38 coordinates),38,38,38,0.0001,pysindy.STLSQ,confirmation_24,conf_017,native,1.810451375199758,0.2048216254274625,2085
augmentation,0.005,0.5,2,5052,5552,C_all,C_all (38 coordinates),38,38,38,0.0001,pysindy.STLSQ,confirmation_24,conf_017,common,1.810451375199758,0.2048216254274625,2085
augmentation,0.005,0.5,2,5052,5552,C_all,C_all (38 coordinates),38,38,38,0.0001,pysindy.STLSQ,confirmation_24,conf_018,native,1.7627604092678462,0.1866073756202965,2111
augmentation,0.005,0.5,2,5052,5552,C_all,C_all (38 coordinates),38,38,38,0.0001,pysindy.STLSQ,confirmation_24,conf_018,common,1.7627604092678462,0.1866073756202965,2111
augmentation,0.005,0.5,2,5052,5552,C_all,C_all (38 coordinates),38,38,38,0.0001,pysindy.STLSQ,confirmation_24,conf_019,native,1.8788734448962852,0.1975947814061154,2078
augmentation,0.005,0.5,2,5052,5552,C_all,C_all (38 coordinates),38,38,38,0.0001,pysindy.STLSQ,confirmation_24,conf_019,common,1.8788734448962852,0.1975947814061154,2078
augmentation,0.005,0.5,2,5052,5552,C_all,C_all (38 coordinates),38,38,38,0.0001,pysindy.STLSQ,confirmation_24,conf_020,native,1.957950021783712,0.2212459619141733,2085
augmentation,0.005,0.5,2,5052,5552,C_all,C_all (38 coordinates),38,38,38,0.0001,pysindy.STLSQ,confirmation_24,conf_020,common,1.957950021783712,0.2212459619141733,2085
augmentation,0.005,0.5,2,5052,5552,C_all,C_all (38 coordinates),38,38,38,0.0001,pysindy.STLSQ,confirmation_24,conf_021,native,1.7563839045784686,0.2018942785421126,2093
augmentation,0.005,0.5,2,5052,5552,C_all,C_all (38 coordinates),38,38,38,0.0001,pysindy.STLSQ,confirmation_24,conf_021,common,1.7563839045784686,0.2018942785421126,2093
augmentation,0.005,0.5,2,5052,5552,C_all,C_all (38 coordinates),38,38,38,0.0001,pysindy.STLSQ,confirmation_24,conf_022,native,1.7223943647414337,0.1944063336441104,2093
augmentation,0.005,0.5,2,5052,5552,C_all,C_all (38 coordinates),38,38,38,0.0001,pysindy.STLSQ,confirmation_24,conf_022,common,1.7223943647414337,0.1944063336441104,2093
augmentation,0.005,0.5,2,5052,5552,C_all,C_all (38 coordinates),38,38,38,0.0001,pysindy.STLSQ,confirmation_24,conf_023,native,1.8534125466120557,0.1963690131948193,2048
augmentation,0.005,0.5,2,5052,5552,C_all,C_all (38 coordinates),38,38,38,0.0001,pysindy.STLSQ,confirmation_24,conf_023,common,1.8534125466120557,0.1963690131948193,2048
augmentation,0.006,0.6,0,5060,5560,C0_poly2,conventional quadratic,10,65,58,0.5,pysindy.STLSQ,confirmation_24,conf_000,native,3.218194895352503,0.3707117351730666,2397
augmentation,0.006,0.6,0,5060,5560,C0_poly2,conventional quadratic,10,65,58,0.5,pysindy.STLSQ,confirmation_24,conf_000,common,2.958774188702008,0.3364347888714042,2035
augmentation,0.006,0.6,0,5060,5560,C0_poly2,conventional quadratic,10,65,58,0.5,pysindy.STLSQ,confirmation_24,conf_001,native,2.720547988049378,0.306383736280063,2397
augmentation,0.006,0.6,0,5060,5560,C0_poly2,conventional quadratic,10,65,58,0.5,pysindy.STLSQ,confirmation_24,conf_001,common,2.6365310276183487,0.2850822255717187,2105
augmentation,0.006,0.6,0,5060,5560,C0_poly2,conventional quadratic,10,65,58,0.5,pysindy.STLSQ,confirmation_24,conf_002,native,2.1594147856256987,0.2936873378514846,2397
augmentation,0.006,0.6,0,5060,5560,C0_poly2,conventional quadratic,10,65,58,0.5,pysindy.STLSQ,confirmation_24,conf_002,common,2.0535665484996657,0.2707536856889523,2102
augmentation,0.006,0.6,0,5060,5560,C0_poly2,conventional quadratic,10,65,58,0.5,pysindy.STLSQ,confirmation_24,conf_003,native,2.7827497488328325,0.3500427339418042,2397
augmentation,0.006,0.6,0,5060,5560,C0_poly2,conventional quadratic,10,65,58,0.5,pysindy.STLSQ,confirmation_24,conf_003,common,2.6492354633449304,0.3335941102098254,2072
augmentation,0.006,0.6,0,5060,5560,C0_poly2,conventional quadratic,10,65,58,0.5,pysindy.STLSQ,confirmation_24,conf_004,native,2.932758116683497,0.3371239575556925,2397
augmentation,0.006,0.6,0,5060,5560,C0_poly2,conventional quadratic,10,65,58,0.5,pysindy.STLSQ,confirmation_24,conf_004,common,2.8792685600669325,0.3207295172111455,2080
augmentation,0.006,0.6,0,5060,5560,C0_poly2,conventional quadratic,10,65,58,0.5,pysindy.STLSQ,confirmation_24,conf_005,native,2.969585893177991,0.345405048548261,2397
augmentation,0.006,0.6,0,5060,5560,C0_poly2,conventional quadratic,10,65,58,0.5,pysindy.STLSQ,confirmation_24,conf_005,common,2.7045607352631293,0.3133403825576188,2008
augmentation,0.006,0.6,0,5060,5560,C0_poly2,conventional quadratic,10,65,58,0.5,pysindy.STLSQ,confirmation_24,conf_006,native,3.0368765095576395,0.3397258574876189,2397
augmentation,0.006,0.6,0,5060,5560,C0_poly2,conventional quadratic,10,65,58,0.5,pysindy.STLSQ,confirmation_24,conf_006,common,2.9855990825332275,0.32357611962981,2060
augmentation,0.006,0.6,0,5060,5560,C0_poly2,conventional quadratic,10,65,58,0.5,pysindy.STLSQ,confirmation_24,conf_007,native,3.18970194851259,0.3946835515785072,2397
augmentation,0.006,0.6,0,5060,5560,C0_poly2,conventional quadratic,10,65,58,0.5,pysindy.STLSQ,confirmation_24,conf_007,common,2.892923045796141,0.36474965204924,2012
augmentation,0.006,0.6,0,5060,5560,C0_poly2,conventional quadratic,10,65,58,0.5,pysindy.STLSQ,confirmation_24,conf_008,native,2.746946768488888,0.327657746505059,2397
augmentation,0.006,0.6,0,5060,5560,C0_poly2,conventional quadratic,10,65,58,0.5,pysindy.STLSQ,confirmation_24,conf_008,common,2.6598379561556733,0.3088206852695558,2081
augmentation,0.006,0.6,0,5060,5560,C0_poly2,conventional quadratic,10,65,58,0.5,pysindy.STLSQ,confirmation_24,conf_009,native,2.858973260856611,0.3306810676440073,2397
augmentation,0.006,0.6,0,5060,5560,C0_poly2,conventional quadratic,10,65,58,0.5,pysindy.STLSQ,confirmation_24,conf_009,common,2.7214389209561447,0.3051375087804542,2066
augmentation,0.006,0.6,0,5060,5560,C0_poly2,conventional quadratic,10,65,58,0.5,pysindy.STLSQ,confirmation_24,conf_010,native,3.030842177600228,0.3630872422888994,2397
augmentation,0.006,0.6,0,5060,5560,C0_poly2,conventional quadratic,10,65,58,0.5,pysindy.STLSQ,confirmation_24,conf_010,common,2.841683048950235,0.3374284538653984,2076
augmentation,0.006,0.6,0,5060,5560,C0_poly2,conventional quadratic,10,65,58,0.5,pysindy.STLSQ,confirmation_24,conf_011,native,2.8934299662436818,0.3357970201172111,2397
augmentation,0.006,0.6,0,5060,5560,C0_poly2,conventional quadratic,10,65,58,0.5,pysindy.STLSQ,confirmation_24,conf_011,common,2.8157368091217503,0.315992635426328,2071
augmentation,0.006,0.6,0,5060,5560,C0_poly2,conventional quadratic,10,65,58,0.5,pysindy.STLSQ,confirmation_24,conf_012,native,2.82328927950244,0.3160955141608706,2397
augmentation,0.006,0.6,0,5060,5560,C0_poly2,conventional quadratic,10,65,58,0.5,pysindy.STLSQ,confirmation_24,conf_012,common,2.718586507255608,0.2908674624400502,2053
augmentation,0.006,0.6,0,5060,5560,C0_poly2,conventional quadratic,10,65,58,0.5,pysindy.STLSQ,confirmation_24,conf_013,native,2.881148401117586,0.3286243233703548,2397
augmentation,0.006,0.6,0,5060,5560,C0_poly2,conventional quadratic,10,65,58,0.5,pysindy.STLSQ,confirmation_24,conf_013,common,2.8069942664666216,0.3091920759033504,2099
augmentation,0.006,0.6,0,5060,5560,C0_poly2,conventional quadratic,10,65,58,0.5,pysindy.STLSQ,confirmation_24,conf_014,native,3.0736963772744383,0.3715945558695375,2397
augmentation,0.006,0.6,0,5060,5560,C0_poly2,conventional quadratic,10,65,58,0.5,pysindy.STLSQ,confirmation_24,conf_014,common,2.863284571712041,0.3459813347549425,2059
augmentation,0.006,0.6,0,5060,5560,C0_poly2,conventional quadratic,10,65,58,0.5,pysindy.STLSQ,confirmation_24,conf_015,native,3.281624462401372,0.3552893226958442,2397
augmentation,0.006,0.6,0,5060,5560,C0_poly2,conventional quadratic,10,65,58,0.5,pysindy.STLSQ,confirmation_24,conf_015,common,3.105530609808329,0.3254101797640592,2032
augmentation,0.006,0.6,0,5060,5560,C0_poly2,conventional quadratic,10,65,58,0.5,pysindy.STLSQ,confirmation_24,conf_016,native,2.825564835655547,0.3392471946112681,2397
augmentation,0.006,0.6,0,5060,5560,C0_poly2,conventional quadratic,10,65,58,0.5,pysindy.STLSQ,confirmation_24,conf_016,common,2.6915570663640858,0.3150503240409421,2063
augmentation,0.006,0.6,0,5060,5560,C0_poly2,conventional quadratic,10,65,58,0.5,pysindy.STLSQ,confirmation_24,conf_017,native,2.8767536937420464,0.3339281904391455,2397
augmentation,0.006,0.6,0,5060,5560,C0_poly2,conventional quadratic,10,65,58,0.5,pysindy.STLSQ,confirmation_24,conf_017,common,2.78086925729744,0.3151972775117148,2085
augmentation,0.006,0.6,0,5060,5560,C0_poly2,conventional quadratic,10,65,58,0.5,pysindy.STLSQ,confirmation_24,conf_018,native,2.8436163948882665,0.3145685966062649,2397
augmentation,0.006,0.6,0,5060,5560,C0_poly2,conventional quadratic,10,65,58,0.5,pysindy.STLSQ,confirmation_24,conf_018,common,2.7502114313017407,0.2919139466934513,2109
augmentation,0.006,0.6,0,5060,5560,C0_poly2,conventional quadratic,10,65,58,0.5,pysindy.STLSQ,confirmation_24,conf_019,native,2.9899342657339227,0.3281510896985454,2397
augmentation,0.006,0.6,0,5060,5560,C0_poly2,conventional quadratic,10,65,58,0.5,pysindy.STLSQ,confirmation_24,conf_019,common,2.8849435593573283,0.3033710859138525,2066
augmentation,0.006,0.6,0,5060,5560,C0_poly2,conventional quadratic,10,65,58,0.5,pysindy.STLSQ,confirmation_24,conf_020,native,3.030604412146084,0.3501204732371222,2397
augmentation,0.006,0.6,0,5060,5560,C0_poly2,conventional quadratic,10,65,58,0.5,pysindy.STLSQ,confirmation_24,conf_020,common,2.8978870776898207,0.3287143318233862,2095
augmentation,0.006,0.6,0,5060,5560,C0_poly2,conventional quadratic,10,65,58,0.5,pysindy.STLSQ,confirmation_24,conf_021,native,2.7122593601301865,0.3218586853933032,2397
augmentation,0.006,0.6,0,5060,5560,C0_poly2,conventional quadratic,10,65,58,0.5,pysindy.STLSQ,confirmation_24,conf_021,common,2.61201852291014,0.3018069575080344,2102
augmentation,0.006,0.6,0,5060,5560,C0_poly2,conventional quadratic,10,65,58,0.5,pysindy.STLSQ,confirmation_24,conf_022,native,2.653981820543017,0.3114916286336476,2397
augmentation,0.006,0.6,0,5060,5560,C0_poly2,conventional quadratic,10,65,58,0.5,pysindy.STLSQ,confirmation_24,conf_022,common,2.5810622394242952,0.2924117240306834,2111
augmentation,0.006,0.6,0,5060,5560,C0_poly2,conventional quadratic,10,65,58,0.5,pysindy.STLSQ,confirmation_24,conf_023,native,3.007070939289712,0.3305103283426043,2397
augmentation,0.006,0.6,0,5060,5560,C0_poly2,conventional quadratic,10,65,58,0.5,pysindy.STLSQ,confirmation_24,conf_023,common,2.9427607899099644,0.3113824399078698,2058
augmentation,0.006,0.6,0,5060,5560,C_compact,compact (12 coordinates),12,12,9,0.5,pysindy.STLSQ,confirmation_24,conf_000,native,3.710511950217773,0.4319008516639052,2247
augmentation,0.006,0.6,0,5060,5560,C_compact,compact (12 coordinates),12,12,9,0.5,pysindy.STLSQ,confirmation_24,conf_000,common,3.5821598248441626,0.407318405364273,2035
augmentation,0.006,0.6,0,5060,5560,C_compact,compact (12 coordinates),12,12,9,0.5,pysindy.STLSQ,confirmation_24,conf_001,native,4.056833773211941,0.4465797882912153,2268
augmentation,0.006,0.6,0,5060,5560,C_compact,compact (12 coordinates),12,12,9,0.5,pysindy.STLSQ,confirmation_24,conf_001,common,3.8916710882903778,0.4207977237594382,2105
augmentation,0.006,0.6,0,5060,5560,C_compact,compact (12 coordinates),12,12,9,0.5,pysindy.STLSQ,confirmation_24,conf_002,native,2.862125233524341,0.3859140938844109,2326
augmentation,0.006,0.6,0,5060,5560,C_compact,compact (12 coordinates),12,12,9,0.5,pysindy.STLSQ,confirmation_24,conf_002,common,2.7368547918408783,0.3608422247760961,2102
augmentation,0.006,0.6,0,5060,5560,C_compact,compact (12 coordinates),12,12,9,0.5,pysindy.STLSQ,confirmation_24,conf_003,native,3.055251433266087,0.391002363947477,2252
augmentation,0.006,0.6,0,5060,5560,C_compact,compact (12 coordinates),12,12,9,0.5,pysindy.STLSQ,confirmation_24,conf_003,common,2.7992465917754634,0.352483646305334,2072
augmentation,0.006,0.6,0,5060,5560,C_compact,compact (12 coordinates),12,12,9,0.5,pysindy.STLSQ,confirmation_24,conf_004,native,3.797909254523213,0.4317306083909632,2256
augmentation,0.006,0.6,0,5060,5560,C_compact,compact (12 coordinates),12,12,9,0.5,pysindy.STLSQ,confirmation_24,conf_004,common,3.652714219935769,0.4068857224777433,2080
augmentation,0.006,0.6,0,5060,5560,C_compact,compact (12 coordinates),12,12,9,0.5,pysindy.STLSQ,confirmation_24,conf_005,native,3.2132730922054327,0.378369354836967,2185
augmentation,0.006,0.6,0,5060,5560,C_compact,compact (12 coordinates),12,12,9,0.5,pysindy.STLSQ,confirmation_24,conf_005,common,3.11665656615906,0.3610842781262158,2008
augmentation,0.006,0.6,0,5060,5560,C_compact,compact (12 coordinates),12,12,9,0.5,pysindy.STLSQ,confirmation_24,conf_006,native,3.830574929716807,0.4230287054947489,2258
augmentation,0.006,0.6,0,5060,5560,C_compact,compact (12 coordinates),12,12,9,0.5,pysindy.STLSQ,confirmation_24,conf_006,common,3.6038875716626166,0.3905855822514676,2060
augmentation,0.006,0.6,0,5060,5560,C_compact,compact (12 coordinates),12,12,9,0.5,pysindy.STLSQ,confirmation_24,conf_007,native,2.8525619908271262,0.3659157192971482,2223
augmentation,0.006,0.6,0,5060,5560,C_compact,compact (12 coordinates),12,12,9,0.5,pysindy.STLSQ,confirmation_24,conf_007,common,2.663254506865248,0.335792255555948,2012
augmentation,0.006,0.6,0,5060,5560,C_compact,compact (12 coordinates),12,12,9,0.5,pysindy.STLSQ,confirmation_24,conf_008,native,3.471742566028074,0.4100941571423175,2265
augmentation,0.006,0.6,0,5060,5560,C_compact,compact (12 coordinates),12,12,9,0.5,pysindy.STLSQ,confirmation_24,conf_008,common,3.2633019791822537,0.3788859208961446,2081
augmentation,0.006,0.6,0,5060,5560,C_compact,compact (12 coordinates),12,12,9,0.5,pysindy.STLSQ,confirmation_24,conf_009,native,3.790587332502777,0.4326263615254654,2243
augmentation,0.006,0.6,0,5060,5560,C_compact,compact (12 coordinates),12,12,9,0.5,pysindy.STLSQ,confirmation_24,conf_009,common,3.657058561602113,0.4100425441697733,2066
augmentation,0.006,0.6,0,5060,5560,C_compact,compact (12 coordinates),12,12,9,0.5,pysindy.STLSQ,confirmation_24,conf_010,native,3.4588955601259923,0.4190238242158215,2268
augmentation,0.006,0.6,0,5060,5560,C_compact,compact (12 coordinates),12,12,9,0.5,pysindy.STLSQ,confirmation_24,conf_010,common,3.2920110505803843,0.3909015114530452,2076
augmentation,0.006,0.6,0,5060,5560,C_compact,compact (12 coordinates),12,12,9,0.5,pysindy.STLSQ,confirmation_24,conf_011,native,3.483885561893584,0.3992872133466271,2253
augmentation,0.006,0.6,0,5060,5560,C_compact,compact (12 coordinates),12,12,9,0.5,pysindy.STLSQ,confirmation_24,conf_011,common,3.418656780884485,0.38365459524135,2071
augmentation,0.006,0.6,0,5060,5560,C_compact,compact (12 coordinates),12,12,9,0.5,pysindy.STLSQ,confirmation_24,conf_012,native,4.121592336028441,0.4499621831478578,2245
augmentation,0.006,0.6,0,5060,5560,C_compact,compact (12 coordinates),12,12,9,0.5,pysindy.STLSQ,confirmation_24,conf_012,common,3.911169479239682,0.4184644993135972,2053
augmentation,0.006,0.6,0,5060,5560,C_compact,compact (12 coordinates),12,12,9,0.5,pysindy.STLSQ,confirmation_24,conf_013,native,4.010114368497708,0.4507404974313814,2286
augmentation,0.006,0.6,0,5060,5560,C_compact,compact (12 coordinates),12,12,9,0.5,pysindy.STLSQ,confirmation_24,conf_013,common,3.820764703877964,0.4208594881874601,2099
augmentation,0.006,0.6,0,5060,5560,C_compact,compact (12 coordinates),12,12,9,0.5,pysindy.STLSQ,confirmation_24,conf_014,native,3.1338338577999765,0.3855747609178649,2249
augmentation,0.006,0.6,0,5060,5560,C_compact,compact (12 coordinates),12,12,9,0.5,pysindy.STLSQ,confirmation_24,conf_014,common,3.015454163636479,0.3643685530717206,2059
augmentation,0.006,0.6,0,5060,5560,C_compact,compact (12 coordinates),12,12,9,0.5,pysindy.STLSQ,confirmation_24,conf_015,native,4.322039902808748,0.4614740117721279,2219
augmentation,0.006,0.6,0,5060,5560,C_compact,compact (12 coordinates),12,12,9,0.5,pysindy.STLSQ,confirmation_24,conf_015,common,4.111356267186475,0.4308046997681389,2032
augmentation,0.006,0.6,0,5060,5560,C_compact,compact (12 coordinates),12,12,9,0.5,pysindy.STLSQ,confirmation_24,conf_016,native,3.630847405790102,0.4358760522218882,2286
augmentation,0.006,0.6,0,5060,5560,C_compact,compact (12 coordinates),12,12,9,0.5,pysindy.STLSQ,confirmation_24,conf_016,common,3.355700129458264,0.3927891503330469,2063
augmentation,0.006,0.6,0,5060,5560,C_compact,compact (12 coordinates),12,12,9,0.5,pysindy.STLSQ,confirmation_24,conf_017,native,3.629393716435945,0.4183823363520652,2275
augmentation,0.006,0.6,0,5060,5560,C_compact,compact (12 coordinates),12,12,9,0.5,pysindy.STLSQ,confirmation_24,conf_017,common,3.509604263450281,0.3977956554700102,2085
augmentation,0.006,0.6,0,5060,5560,C_compact,compact (12 coordinates),12,12,9,0.5,pysindy.STLSQ,confirmation_24,conf_018,native,4.2033113953866446,0.4549617060620856,2287
augmentation,0.006,0.6,0,5060,5560,C_compact,compact (12 coordinates),12,12,9,0.5,pysindy.STLSQ,confirmation_24,conf_018,common,3.9368526593576094,0.4178668535312338,2109
augmentation,0.006,0.6,0,5060,5560,C_compact,compact (12 coordinates),12,12,9,0.5,pysindy.STLSQ,confirmation_24,conf_019,native,4.187649862864583,0.4488797096230661,2247
augmentation,0.006,0.6,0,5060,5560,C_compact,compact (12 coordinates),12,12,9,0.5,pysindy.STLSQ,confirmation_24,conf_019,common,4.011195830857113,0.4218040353244629,2066
augmentation,0.006,0.6,0,5060,5560,C_compact,compact (12 coordinates),12,12,9,0.5,pysindy.STLSQ,confirmation_24,conf_020,native,3.5771554432202226,0.4130873767348684,2283
augmentation,0.006,0.6,0,5060,5560,C_compact,compact (12 coordinates),12,12,9,0.5,pysindy.STLSQ,confirmation_24,conf_020,common,3.416240833718525,0.3875124505882321,2095
augmentation,0.006,0.6,0,5060,5560,C_compact,compact (12 coordinates),12,12,9,0.5,pysindy.STLSQ,confirmation_24,conf_021,native,3.683864961493973,0.432689543472017,2292
augmentation,0.006,0.6,0,5060,5560,C_compact,compact (12 coordinates),12,12,9,0.5,pysindy.STLSQ,confirmation_24,conf_021,common,3.512787615283922,0.4058867627629061,2102
augmentation,0.006,0.6,0,5060,5560,C_compact,compact (12 coordinates),12,12,9,0.5,pysindy.STLSQ,confirmation_24,conf_022,native,3.6029270415052808,0.4162358092725613,2297
augmentation,0.006,0.6,0,5060,5560,C_compact,compact (12 coordinates),12,12,9,0.5,pysindy.STLSQ,confirmation_24,conf_022,common,3.4036866163740447,0.3856078541430655,2111
augmentation,0.006,0.6,0,5060,5560,C_compact,compact (12 coordinates),12,12,9,0.5,pysindy.STLSQ,confirmation_24,conf_023,native,4.000171484193841,0.4317695273360353,2247
augmentation,0.006,0.6,0,5060,5560,C_compact,compact (12 coordinates),12,12,9,0.5,pysindy.STLSQ,confirmation_24,conf_023,common,3.8691424662903264,0.4094056933324491,2058
augmentation,0.006,0.6,0,5060,5560,C_all,C_all (38 coordinates),38,38,38,0.0001,pysindy.STLSQ,confirmation_24,conf_000,native,2.134062436203434,0.242658884853077,2035
augmentation,0.006,0.6,0,5060,5560,C_all,C_all (38 coordinates),38,38,38,0.0001,pysindy.STLSQ,confirmation_24,conf_000,common,2.134062436203434,0.242658884853077,2035
augmentation,0.006,0.6,0,5060,5560,C_all,C_all (38 coordinates),38,38,38,0.0001,pysindy.STLSQ,confirmation_24,conf_001,native,1.7301124729364088,0.1870732068416598,2105
augmentation,0.006,0.6,0,5060,5560,C_all,C_all (38 coordinates),38,38,38,0.0001,pysindy.STLSQ,confirmation_24,conf_001,common,1.7301124729364088,0.1870732068416598,2105
augmentation,0.006,0.6,0,5060,5560,C_all,C_all (38 coordinates),38,38,38,0.0001,pysindy.STLSQ,confirmation_24,conf_002,native,1.354487001287763,0.1785831328837981,2102
augmentation,0.006,0.6,0,5060,5560,C_all,C_all (38 coordinates),38,38,38,0.0001,pysindy.STLSQ,confirmation_24,conf_002,common,1.354487001287763,0.1785831328837981,2102
augmentation,0.006,0.6,0,5060,5560,C_all,C_all (38 coordinates),38,38,38,0.0001,pysindy.STLSQ,confirmation_24,conf_003,native,1.94508176040136,0.2449264431660561,2072
augmentation,0.006,0.6,0,5060,5560,C_all,C_all (38 coordinates),38,38,38,0.0001,pysindy.STLSQ,confirmation_24,conf_003,common,1.94508176040136,0.2449264431660561,2072
augmentation,0.006,0.6,0,5060,5560,C_all,C_all (38 coordinates),38,38,38,0.0001,pysindy.STLSQ,confirmation_24,conf_004,native,2.1281203860332094,0.2370570892364973,2080
augmentation,0.006,0.6,0,5060,5560,C_all,C_all (38 coordinates),38,38,38,0.0001,pysindy.STLSQ,confirmation_24,conf_004,common,2.1281203860332094,0.2370570892364973,2080
augmentation,0.006,0.6,0,5060,5560,C_all,C_all (38 coordinates),38,38,38,0.0001,pysindy.STLSQ,confirmation_24,conf_005,native,1.9050214746657783,0.2207087272507412,2008
augmentation,0.006,0.6,0,5060,5560,C_all,C_all (38 coordinates),38,38,38,0.0001,pysindy.STLSQ,confirmation_24,conf_005,common,1.9050214746657783,0.2207087272507412,2008
augmentation,0.006,0.6,0,5060,5560,C_all,C_all (38 coordinates),38,38,38,0.0001,pysindy.STLSQ,confirmation_24,conf_006,native,2.07974285814089,0.2254003653076048,2060
augmentation,0.006,0.6,0,5060,5560,C_all,C_all (38 coordinates),38,38,38,0.0001,pysindy.STLSQ,confirmation_24,conf_006,common,2.07974285814089,0.2254003653076048,2060
augmentation,0.006,0.6,0,5060,5560,C_all,C_all (38 coordinates),38,38,38,0.0001,pysindy.STLSQ,confirmation_24,conf_007,native,2.0755901296867667,0.2616975168766499,2012
augmentation,0.006,0.6,0,5060,5560,C_all,C_all (38 coordinates),38,38,38,0.0001,pysindy.STLSQ,confirmation_24,conf_007,common,2.0755901296867667,0.2616975168766499,2012
augmentation,0.006,0.6,0,5060,5560,C_all,C_all (38 coordinates),38,38,38,0.0001,pysindy.STLSQ,confirmation_24,conf_008,native,1.8745901595232093,0.2176494309827201,2081
augmentation,0.006,0.6,0,5060,5560,C_all,C_all (38 coordinates),38,38,38,0.0001,pysindy.STLSQ,confirmation_24,conf_008,common,1.8745901595232093,0.2176494309827201,2081
augmentation,0.006,0.6,0,5060,5560,C_all,C_all (38 coordinates),38,38,38,0.0001,pysindy.STLSQ,confirmation_24,conf_009,native,1.8702075298624967,0.2096943871017289,2066
augmentation,0.006,0.6,0,5060,5560,C_all,C_all (38 coordinates),38,38,38,0.0001,pysindy.STLSQ,confirmation_24,conf_009,common,1.8702075298624967,0.2096943871017289,2066
augmentation,0.006,0.6,0,5060,5560,C_all,C_all (38 coordinates),38,38,38,0.0001,pysindy.STLSQ,confirmation_24,conf_010,native,2.0937388014349283,0.2486157092104864,2076
augmentation,0.006,0.6,0,5060,5560,C_all,C_all (38 coordinates),38,38,38,0.0001,pysindy.STLSQ,confirmation_24,conf_010,common,2.0937388014349283,0.2486157092104864,2076
augmentation,0.006,0.6,0,5060,5560,C_all,C_all (38 coordinates),38,38,38,0.0001,pysindy.STLSQ,confirmation_24,conf_011,native,1.973717992739645,0.2214980988612687,2071
augmentation,0.006,0.6,0,5060,5560,C_all,C_all (38 coordinates),38,38,38,0.0001,pysindy.STLSQ,confirmation_24,conf_011,common,1.973717992739645,0.2214980988612687,2071
augmentation,0.006,0.6,0,5060,5560,C_all,C_all (38 coordinates),38,38,38,0.0001,pysindy.STLSQ,confirmation_24,conf_012,native,1.8184425598417944,0.1945591106122712,2053
augmentation,0.006,0.6,0,5060,5560,C_all,C_all (38 coordinates),38,38,38,0.0001,pysindy.STLSQ,confirmation_24,conf_012,common,1.8184425598417944,0.1945591106122712,2053
augmentation,0.006,0.6,0,5060,5560,C_all,C_all (38 coordinates),38,38,38,0.0001,pysindy.STLSQ,confirmation_24,conf_013,native,1.9459463195411413,0.2143471361246418,2099
augmentation,0.006,0.6,0,5060,5560,C_all,C_all (38 coordinates),38,38,38,0.0001,pysindy.STLSQ,confirmation_24,conf_013,common,1.9459463195411413,0.2143471361246418,2099
augmentation,0.006,0.6,0,5060,5560,C_all,C_all (38 coordinates),38,38,38,0.0001,pysindy.STLSQ,confirmation_24,conf_014,native,2.19570347209852,0.2653150250966767,2059
augmentation,0.006,0.6,0,5060,5560,C_all,C_all (38 coordinates),38,38,38,0.0001,pysindy.STLSQ,confirmation_24,conf_014,common,2.19570347209852,0.2653150250966767,2059
augmentation,0.006,0.6,0,5060,5560,C_all,C_all (38 coordinates),38,38,38,0.0001,pysindy.STLSQ,confirmation_24,conf_015,native,2.183501835782117,0.2287962394100716,2032
augmentation,0.006,0.6,0,5060,5560,C_all,C_all (38 coordinates),38,38,38,0.0001,pysindy.STLSQ,confirmation_24,conf_015,common,2.183501835782117,0.2287962394100716,2032
augmentation,0.006,0.6,0,5060,5560,C_all,C_all (38 coordinates),38,38,38,0.0001,pysindy.STLSQ,confirmation_24,conf_016,native,1.941720826286748,0.2272809977404863,2063
augmentation,0.006,0.6,0,5060,5560,C_all,C_all (38 coordinates),38,38,38,0.0001,pysindy.STLSQ,confirmation_24,conf_016,common,1.941720826286748,0.2272809977404863,2063
augmentation,0.006,0.6,0,5060,5560,C_all,C_all (38 coordinates),38,38,38,0.0001,pysindy.STLSQ,confirmation_24,conf_017,native,2.003086024060439,0.2270395344005505,2085
augmentation,0.006,0.6,0,5060,5560,C_all,C_all (38 coordinates),38,38,38,0.0001,pysindy.STLSQ,confirmation_24,conf_017,common,2.003086024060439,0.2270395344005505,2085
augmentation,0.006,0.6,0,5060,5560,C_all,C_all (38 coordinates),38,38,38,0.0001,pysindy.STLSQ,confirmation_24,conf_018,native,1.841360945180476,0.1954464062933503,2109
augmentation,0.006,0.6,0,5060,5560,C_all,C_all (38 coordinates),38,38,38,0.0001,pysindy.STLSQ,confirmation_24,conf_018,common,1.841360945180476,0.1954464062933503,2109
augmentation,0.006,0.6,0,5060,5560,C_all,C_all (38 coordinates),38,38,38,0.0001,pysindy.STLSQ,confirmation_24,conf_019,native,1.8697592358203043,0.1966176731355609,2066
augmentation,0.006,0.6,0,5060,5560,C_all,C_all (38 coordinates),38,38,38,0.0001,pysindy.STLSQ,confirmation_24,conf_019,common,1.8697592358203043,0.1966176731355609,2066
augmentation,0.006,0.6,0,5060,5560,C_all,C_all (38 coordinates),38,38,38,0.0001,pysindy.STLSQ,confirmation_24,conf_020,native,2.1113260113185226,0.2394928099217636,2095
augmentation,0.006,0.6,0,5060,5560,C_all,C_all (38 coordinates),38,38,38,0.0001,pysindy.STLSQ,confirmation_24,conf_020,common,2.1113260113185226,0.2394928099217636,2095
augmentation,0.006,0.6,0,5060,5560,C_all,C_all (38 coordinates),38,38,38,0.0001,pysindy.STLSQ,confirmation_24,conf_021,native,1.8378859454119272,0.2123594302897805,2102
augmentation,0.006,0.6,0,5060,5560,C_all,C_all (38 coordinates),38,38,38,0.0001,pysindy.STLSQ,confirmation_24,conf_021,common,1.8378859454119272,0.2123594302897805,2102
augmentation,0.006,0.6,0,5060,5560,C_all,C_all (38 coordinates),38,38,38,0.0001,pysindy.STLSQ,confirmation_24,conf_022,native,1.7806047897421298,0.20172691244436,2111
augmentation,0.006,0.6,0,5060,5560,C_all,C_all (38 coordinates),38,38,38,0.0001,pysindy.STLSQ,confirmation_24,conf_022,common,1.7806047897421298,0.20172691244436,2111
augmentation,0.006,0.6,0,5060,5560,C_all,C_all (38 coordinates),38,38,38,0.0001,pysindy.STLSQ,confirmation_24,conf_023,native,1.9911197906794256,0.2106864209610377,2058
augmentation,0.006,0.6,0,5060,5560,C_all,C_all (38 coordinates),38,38,38,0.0001,pysindy.STLSQ,confirmation_24,conf_023,common,1.9911197906794256,0.2106864209610377,2058
augmentation,0.006,0.6,1,5061,5561,C0_poly2,conventional quadratic,10,65,57,0.5,pysindy.STLSQ,confirmation_24,conf_000,native,3.203239702583144,0.3689890099678954,2397
augmentation,0.006,0.6,1,5061,5561,C0_poly2,conventional quadratic,10,65,57,0.5,pysindy.STLSQ,confirmation_24,conf_000,common,2.923354295129592,0.3330922359525963,2033
augmentation,0.006,0.6,1,5061,5561,C0_poly2,conventional quadratic,10,65,57,0.5,pysindy.STLSQ,confirmation_24,conf_001,native,2.721172448327008,0.3064540619915958,2397
augmentation,0.006,0.6,1,5061,5561,C0_poly2,conventional quadratic,10,65,57,0.5,pysindy.STLSQ,confirmation_24,conf_001,common,2.617232161312124,0.2823121062672618,2091
augmentation,0.006,0.6,1,5061,5561,C0_poly2,conventional quadratic,10,65,57,0.5,pysindy.STLSQ,confirmation_24,conf_002,native,2.1593902441084194,0.2936840001264099,2397
augmentation,0.006,0.6,1,5061,5561,C0_poly2,conventional quadratic,10,65,57,0.5,pysindy.STLSQ,confirmation_24,conf_002,common,2.062814548602696,0.2715143794186616,2114
augmentation,0.006,0.6,1,5061,5561,C0_poly2,conventional quadratic,10,65,57,0.5,pysindy.STLSQ,confirmation_24,conf_003,native,2.783415800187628,0.3501265166956346,2397
augmentation,0.006,0.6,1,5061,5561,C0_poly2,conventional quadratic,10,65,57,0.5,pysindy.STLSQ,confirmation_24,conf_003,common,2.6659151148524054,0.3322543086445459,2047
augmentation,0.006,0.6,1,5061,5561,C0_poly2,conventional quadratic,10,65,57,0.5,pysindy.STLSQ,confirmation_24,conf_004,native,2.9337085646448853,0.3372332126546286,2397
augmentation,0.006,0.6,1,5061,5561,C0_poly2,conventional quadratic,10,65,57,0.5,pysindy.STLSQ,confirmation_24,conf_004,common,2.8314361156748684,0.3168904277886015,2060
augmentation,0.006,0.6,1,5061,5561,C0_poly2,conventional quadratic,10,65,57,0.5,pysindy.STLSQ,confirmation_24,conf_005,native,2.985836450276896,0.3472952193214244,2397
augmentation,0.006,0.6,1,5061,5561,C0_poly2,conventional quadratic,10,65,57,0.5,pysindy.STLSQ,confirmation_24,conf_005,common,2.7340121093034715,0.3165720106857201,2018
augmentation,0.006,0.6,1,5061,5561,C0_poly2,conventional quadratic,10,65,57,0.5,pysindy.STLSQ,confirmation_24,conf_006,native,3.0346248809578658,0.3394739748528149,2397
augmentation,0.006,0.6,1,5061,5561,C0_poly2,conventional quadratic,10,65,57,0.5,pysindy.STLSQ,confirmation_24,conf_006,common,2.9745632322256794,0.3225925997929545,2079
augmentation,0.006,0.6,1,5061,5561,C0_poly2,conventional quadratic,10,65,57,0.5,pysindy.STLSQ,confirmation_24,conf_007,native,3.181153340942594,0.3936257741274352,2397
augmentation,0.006,0.6,1,5061,5561,C0_poly2,conventional quadratic,10,65,57,0.5,pysindy.STLSQ,confirmation_24,conf_007,common,2.9337015890104445,0.3710984046496685,2058
augmentation,0.006,0.6,1,5061,5561,C0_poly2,conventional quadratic,10,65,57,0.5,pysindy.STLSQ,confirmation_24,conf_008,native,2.734074206354806,0.326122298221538,2397
augmentation,0.006,0.6,1,5061,5561,C0_poly2,conventional quadratic,10,65,57,0.5,pysindy.STLSQ,confirmation_24,conf_008,common,2.644381271708607,0.3076189543629706,2082
augmentation,0.006,0.6,1,5061,5561,C0_poly2,conventional quadratic,10,65,57,0.5,pysindy.STLSQ,confirmation_24,conf_009,native,2.867623589721509,0.3316816016551786,2397
augmentation,0.006,0.6,1,5061,5561,C0_poly2,conventional quadratic,10,65,57,0.5,pysindy.STLSQ,confirmation_24,conf_009,common,2.7210622230057653,0.3048307345466134,2038
augmentation,0.006,0.6,1,5061,5561,C0_poly2,conventional quadratic,10,65,57,0.5,pysindy.STLSQ,confirmation_24,conf_010,native,3.042946158144932,0.3645372686047449,2397
augmentation,0.006,0.6,1,5061,5561,C0_poly2,conventional quadratic,10,65,57,0.5,pysindy.STLSQ,confirmation_24,conf_010,common,2.858159636145042,0.3401150754875585,2080
augmentation,0.006,0.6,1,5061,5561,C0_poly2,conventional quadratic,10,65,57,0.5,pysindy.STLSQ,confirmation_24,conf_011,native,2.9166395374867644,0.338490606951021,2397
augmentation,0.006,0.6,1,5061,5561,C0_poly2,conventional quadratic,10,65,57,0.5,pysindy.STLSQ,confirmation_24,conf_011,common,2.822201551189948,0.3192925929516462,2069
augmentation,0.006,0.6,1,5061,5561,C0_poly2,conventional quadratic,10,65,57,0.5,pysindy.STLSQ,confirmation_24,conf_012,native,2.812208928799905,0.3148549579140033,2397
augmentation,0.006,0.6,1,5061,5561,C0_poly2,conventional quadratic,10,65,57,0.5,pysindy.STLSQ,confirmation_24,conf_012,common,2.704976017134899,0.2886309514850295,2059
augmentation,0.006,0.6,1,5061,5561,C0_poly2,conventional quadratic,10,65,57,0.5,pysindy.STLSQ,confirmation_24,conf_013,native,2.8505261872093857,0.3251315479472697,2397
augmentation,0.006,0.6,1,5061,5561,C0_poly2,conventional quadratic,10,65,57,0.5,pysindy.STLSQ,confirmation_24,conf_013,common,2.761292523622964,0.3047427628014889,2105
augmentation,0.006,0.6,1,5061,5561,C0_poly2,conventional quadratic,10,65,57,0.5,pysindy.STLSQ,confirmation_24,conf_014,native,3.0827076279738663,0.372683971117654,2397
augmentation,0.006,0.6,1,5061,5561,C0_poly2,conventional quadratic,10,65,57,0.5,pysindy.STLSQ,confirmation_24,conf_014,common,2.839892632422003,0.3429571489696101,2041
augmentation,0.006,0.6,1,5061,5561,C0_poly2,conventional quadratic,10,65,57,0.5,pysindy.STLSQ,confirmation_24,conf_015,native,3.2675600448936004,0.3537666203185005,2397
augmentation,0.006,0.6,1,5061,5561,C0_poly2,conventional quadratic,10,65,57,0.5,pysindy.STLSQ,confirmation_24,conf_015,common,3.111254998796769,0.3269390986713389,2047
augmentation,0.006,0.6,1,5061,5561,C0_poly2,conventional quadratic,10,65,57,0.5,pysindy.STLSQ,confirmation_24,conf_016,native,2.8307036240101926,0.3398641755104554,2397
augmentation,0.006,0.6,1,5061,5561,C0_poly2,conventional quadratic,10,65,57,0.5,pysindy.STLSQ,confirmation_24,conf_016,common,2.692370136993236,0.317452742602689,2102
augmentation,0.006,0.6,1,5061,5561,C0_poly2,conventional quadratic,10,65,57,0.5,pysindy.STLSQ,confirmation_24,conf_017,native,2.884148151834486,0.3347865253099611,2397
augmentation,0.006,0.6,1,5061,5561,C0_poly2,conventional quadratic,10,65,57,0.5,pysindy.STLSQ,confirmation_24,conf_017,common,2.7529628137072737,0.3110168970671509,2071
augmentation,0.006,0.6,1,5061,5561,C0_poly2,conventional quadratic,10,65,57,0.5,pysindy.STLSQ,confirmation_24,conf_018,native,2.851091121342097,0.3153954712208663,2397
augmentation,0.006,0.6,1,5061,5561,C0_poly2,conventional quadratic,10,65,57,0.5,pysindy.STLSQ,confirmation_24,conf_018,common,2.7304684570136484,0.2908806523934365,2114
augmentation,0.006,0.6,1,5061,5561,C0_poly2,conventional quadratic,10,65,57,0.5,pysindy.STLSQ,confirmation_24,conf_019,native,2.9602955084870444,0.3248981785562042,2397
augmentation,0.006,0.6,1,5061,5561,C0_poly2,conventional quadratic,10,65,57,0.5,pysindy.STLSQ,confirmation_24,conf_019,common,2.875828125192521,0.3011388194211822,2051
augmentation,0.006,0.6,1,5061,5561,C0_poly2,conventional quadratic,10,65,57,0.5,pysindy.STLSQ,confirmation_24,conf_020,native,3.030294486842249,0.3500846681041223,2397
augmentation,0.006,0.6,1,5061,5561,C0_poly2,conventional quadratic,10,65,57,0.5,pysindy.STLSQ,confirmation_24,conf_020,common,2.912752676993401,0.3302933399738701,2094
augmentation,0.006,0.6,1,5061,5561,C0_poly2,conventional quadratic,10,65,57,0.5,pysindy.STLSQ,confirmation_24,conf_021,native,2.7096270124938897,0.3215463096809466,2397
augmentation,0.006,0.6,1,5061,5561,C0_poly2,conventional quadratic,10,65,57,0.5,pysindy.STLSQ,confirmation_24,conf_021,common,2.5992914774124563,0.2992130191220694,2090
augmentation,0.006,0.6,1,5061,5561,C0_poly2,conventional quadratic,10,65,57,0.5,pysindy.STLSQ,confirmation_24,conf_022,native,2.64504206364647,0.3104423903104082,2397
augmentation,0.006,0.6,1,5061,5561,C0_poly2,conventional quadratic,10,65,57,0.5,pysindy.STLSQ,confirmation_24,conf_022,common,2.5844730792955404,0.2938097880940394,2123
augmentation,0.006,0.6,1,5061,5561,C0_poly2,conventional quadratic,10,65,57,0.5,pysindy.STLSQ,confirmation_24,conf_023,native,2.9924531242791,0.328903668926731,2397
augmentation,0.006,0.6,1,5061,5561,C0_poly2,conventional quadratic,10,65,57,0.5,pysindy.STLSQ,confirmation_24,conf_023,common,2.894778513291428,0.3064838438880025,2056
augmentation,0.006,0.6,1,5061,5561,C_compact,compact (12 coordinates),12,12,12,0.5,pysindy.STLSQ,confirmation_24,conf_000,native,3.61701871126901,0.4206167228558815,2246
augmentation,0.006,0.6,1,5061,5561,C_compact,compact (12 coordinates),12,12,12,0.5,pysindy.STLSQ,confirmation_24,conf_000,common,3.453859151168384,0.3935389115321083,2033
augmentation,0.006,0.6,1,5061,5561,C_compact,compact (12 coordinates),12,12,12,0.5,pysindy.STLSQ,confirmation_24,conf_001,native,3.997475597533124,0.4393543596133488,2260
augmentation,0.006,0.6,1,5061,5561,C_compact,compact (12 coordinates),12,12,12,0.5,pysindy.STLSQ,confirmation_24,conf_001,common,3.9041768537059167,0.4211305390107361,2091
augmentation,0.006,0.6,1,5061,5561,C_compact,compact (12 coordinates),12,12,12,0.5,pysindy.STLSQ,confirmation_24,conf_002,native,2.948063423940269,0.3976923780908695,2324
augmentation,0.006,0.6,1,5061,5561,C_compact,compact (12 coordinates),12,12,12,0.5,pysindy.STLSQ,confirmation_24,conf_002,common,2.818059031479592,0.3709221217271456,2114
augmentation,0.006,0.6,1,5061,5561,C_compact,compact (12 coordinates),12,12,12,0.5,pysindy.STLSQ,confirmation_24,conf_003,native,2.9088736842826517,0.3725891169286289,2249
augmentation,0.006,0.6,1,5061,5561,C_compact,compact (12 coordinates),12,12,12,0.5,pysindy.STLSQ,confirmation_24,conf_003,common,2.84395433951342,0.3544434245589255,2047
augmentation,0.006,0.6,1,5061,5561,C_compact,compact (12 coordinates),12,12,12,0.5,pysindy.STLSQ,confirmation_24,conf_004,native,3.538804131485462,0.4026789583217074,2255
augmentation,0.006,0.6,1,5061,5561,C_compact,compact (12 coordinates),12,12,12,0.5,pysindy.STLSQ,confirmation_24,conf_004,common,3.3239423323114785,0.3720110447838121,2060
augmentation,0.006,0.6,1,5061,5561,C_compact,compact (12 coordinates),12,12,12,0.5,pysindy.STLSQ,confirmation_24,conf_005,native,3.347091043504098,0.3948026991389933,2188
augmentation,0.006,0.6,1,5061,5561,C_compact,compact (12 coordinates),12,12,12,0.5,pysindy.STLSQ,confirmation_24,conf_005,common,3.2339796534511027,0.3744633895094738,2018
augmentation,0.006,0.6,1,5061,5561,C_compact,compact (12 coordinates),12,12,12,0.5,pysindy.STLSQ,confirmation_24,conf_006,native,3.892092481193692,0.4298782873497935,2258
augmentation,0.006,0.6,1,5061,5561,C_compact,compact (12 coordinates),12,12,12,0.5,pysindy.STLSQ,confirmation_24,conf_006,common,3.705130999114637,0.4018229730767999,2079
augmentation,0.006,0.6,1,5061,5561,C_compact,compact (12 coordinates),12,12,12,0.5,pysindy.STLSQ,confirmation_24,conf_007,native,3.0320647088296746,0.3892893160043819,2226
augmentation,0.006,0.6,1,5061,5561,C_compact,compact (12 coordinates),12,12,12,0.5,pysindy.STLSQ,confirmation_24,conf_007,common,2.8859710934843696,0.3650607385117028,2058
augmentation,0.006,0.6,1,5061,5561,C_compact,compact (12 coordinates),12,12,12,0.5,pysindy.STLSQ,confirmation_24,conf_008,native,3.5571564403541416,0.420408218828024,2261
augmentation,0.006,0.6,1,5061,5561,C_compact,compact (12 coordinates),12,12,12,0.5,pysindy.STLSQ,confirmation_24,conf_008,common,3.4773447101459696,0.4045169866913895,2082
augmentation,0.006,0.6,1,5061,5561,C_compact,compact (12 coordinates),12,12,12,0.5,pysindy.STLSQ,confirmation_24,conf_009,native,3.9583478523975857,0.4520046529746571,2240
augmentation,0.006,0.6,1,5061,5561,C_compact,compact (12 coordinates),12,12,12,0.5,pysindy.STLSQ,confirmation_24,conf_009,common,3.643384045211001,0.4081551040425172,2038
augmentation,0.006,0.6,1,5061,5561,C_compact,compact (12 coordinates),12,12,12,0.5,pysindy.STLSQ,confirmation_24,conf_010,native,3.526060166604488,0.4271509378145983,2265
augmentation,0.006,0.6,1,5061,5561,C_compact,compact (12 coordinates),12,12,12,0.5,pysindy.STLSQ,confirmation_24,conf_010,common,3.426729717522302,0.4077737372718999,2080
augmentation,0.006,0.6,1,5061,5561,C_compact,compact (12 coordinates),12,12,12,0.5,pysindy.STLSQ,confirmation_24,conf_011,native,3.724628536709415,0.4270426764225715,2249
augmentation,0.006,0.6,1,5061,5561,C_compact,compact (12 coordinates),12,12,12,0.5,pysindy.STLSQ,confirmation_24,conf_011,common,3.520098701266152,0.3982498844914515,2069
augmentation,0.006,0.6,1,5061,5561,C_compact,compact (12 coordinates),12,12,12,0.5,pysindy.STLSQ,confirmation_24,conf_012,native,4.103997360643815,0.4474361463521231,2240
augmentation,0.006,0.6,1,5061,5561,C_compact,compact (12 coordinates),12,12,12,0.5,pysindy.STLSQ,confirmation_24,conf_012,common,3.9150232828456457,0.4177474728262733,2059
augmentation,0.006,0.6,1,5061,5561,C_compact,compact (12 coordinates),12,12,12,0.5,pysindy.STLSQ,confirmation_24,conf_013,native,3.791907657730645,0.4263373255723507,2286
augmentation,0.006,0.6,1,5061,5561,C_compact,compact (12 coordinates),12,12,12,0.5,pysindy.STLSQ,confirmation_24,conf_013,common,3.643651855256123,0.4021220220451862,2105
augmentation,0.006,0.6,1,5061,5561,C_compact,compact (12 coordinates),12,12,12,0.5,pysindy.STLSQ,confirmation_24,conf_014,native,3.333259092458202,0.4108036557034818,2249
augmentation,0.006,0.6,1,5061,5561,C_compact,compact (12 coordinates),12,12,12,0.5,pysindy.STLSQ,confirmation_24,conf_014,common,3.1306397686141008,0.3780689724805151,2041
augmentation,0.006,0.6,1,5061,5561,C_compact,compact (12 coordinates),12,12,12,0.5,pysindy.STLSQ,confirmation_24,conf_015,native,4.205115011080403,0.4501701711570554,2223
augmentation,0.006,0.6,1,5061,5561,C_compact,compact (12 coordinates),12,12,12,0.5,pysindy.STLSQ,confirmation_24,conf_015,common,3.990735368107413,0.4193572769796931,2047
augmentation,0.006,0.6,1,5061,5561,C_compact,compact (12 coordinates),12,12,12,0.5,pysindy.STLSQ,confirmation_24,conf_016,native,3.627352434299576,0.4348912294970502,2288
augmentation,0.006,0.6,1,5061,5561,C_compact,compact (12 coordinates),12,12,12,0.5,pysindy.STLSQ,confirmation_24,conf_016,common,3.521675273107621,0.415234688070267,2102
augmentation,0.006,0.6,1,5061,5561,C_compact,compact (12 coordinates),12,12,12,0.5,pysindy.STLSQ,confirmation_24,conf_017,native,3.3992269132000468,0.3919497404633537,2272
augmentation,0.006,0.6,1,5061,5561,C_compact,compact (12 coordinates),12,12,12,0.5,pysindy.STLSQ,confirmation_24,conf_017,common,3.2498389444366147,0.3671516445605486,2071
augmentation,0.006,0.6,1,5061,5561,C_compact,compact (12 coordinates),12,12,12,0.5,pysindy.STLSQ,confirmation_24,conf_018,native,4.392922417858285,0.4755352614698423,2288
augmentation,0.006,0.6,1,5061,5561,C_compact,compact (12 coordinates),12,12,12,0.5,pysindy.STLSQ,confirmation_24,conf_018,common,4.188399162728447,0.4461960649313167,2114
augmentation,0.006,0.6,1,5061,5561,C_compact,compact (12 coordinates),12,12,12,0.5,pysindy.STLSQ,confirmation_24,conf_019,native,4.238552876704088,0.4541241181235202,2246
augmentation,0.006,0.6,1,5061,5561,C_compact,compact (12 coordinates),12,12,12,0.5,pysindy.STLSQ,confirmation_24,conf_019,common,4.017983491148894,0.4207382194989059,2051
augmentation,0.006,0.6,1,5061,5561,C_compact,compact (12 coordinates),12,12,12,0.5,pysindy.STLSQ,confirmation_24,conf_020,native,3.574255010815476,0.4129567510359141,2285
augmentation,0.006,0.6,1,5061,5561,C_compact,compact (12 coordinates),12,12,12,0.5,pysindy.STLSQ,confirmation_24,conf_020,common,3.3995140171224723,0.3854899346148343,2094
augmentation,0.006,0.6,1,5061,5561,C_compact,compact (12 coordinates),12,12,12,0.5,pysindy.STLSQ,confirmation_24,conf_021,native,3.5853396780619757,0.4211595990004863,2288
augmentation,0.006,0.6,1,5061,5561,C_compact,compact (12 coordinates),12,12,12,0.5,pysindy.STLSQ,confirmation_24,conf_021,common,3.4143843488428973,0.3930410492006211,2090
augmentation,0.006,0.6,1,5061,5561,C_compact,compact (12 coordinates),12,12,12,0.5,pysindy.STLSQ,confirmation_24,conf_022,native,3.8551757931829314,0.4454746617924989,2299
augmentation,0.006,0.6,1,5061,5561,C_compact,compact (12 coordinates),12,12,12,0.5,pysindy.STLSQ,confirmation_24,conf_022,common,3.7155628335597433,0.4223950860714081,2123
augmentation,0.006,0.6,1,5061,5561,C_compact,compact (12 coordinates),12,12,12,0.5,pysindy.STLSQ,confirmation_24,conf_023,native,4.222421593723495,0.4562544719970438,2246
augmentation,0.006,0.6,1,5061,5561,C_compact,compact (12 coordinates),12,12,12,0.5,pysindy.STLSQ,confirmation_24,conf_023,common,3.998661660226281,0.4233571551007137,2056
augmentation,0.006,0.6,1,5061,5561,C_all,C_all (38 coordinates),38,38,38,0.0001,pysindy.STLSQ,confirmation_24,conf_000,native,2.0526276901618377,0.2338800835852537,2033
augmentation,0.006,0.6,1,5061,5561,C_all,C_all (38 coordinates),38,38,38,0.0001,pysindy.STLSQ,confirmation_24,conf_000,common,2.0526276901618377,0.2338800835852537,2033
augmentation,0.006,0.6,1,5061,5561,C_all,C_all (38 coordinates),38,38,38,0.0001,pysindy.STLSQ,confirmation_24,conf_001,native,1.7574370105915078,0.1895688702844729,2091
augmentation,0.006,0.6,1,5061,5561,C_all,C_all (38 coordinates),38,38,38,0.0001,pysindy.STLSQ,confirmation_24,conf_001,common,1.7574370105915078,0.1895688702844729,2091
augmentation,0.006,0.6,1,5061,5561,C_all,C_all (38 coordinates),38,38,38,0.0001,pysindy.STLSQ,confirmation_24,conf_002,native,1.3595779404872756,0.1789520832266551,2114
augmentation,0.006,0.6,1,5061,5561,C_all,C_all (38 coordinates),38,38,38,0.0001,pysindy.STLSQ,confirmation_24,conf_002,common,1.3595779404872756,0.1789520832266551,2114
augmentation,0.006,0.6,1,5061,5561,C_all,C_all (38 coordinates),38,38,38,0.0001,pysindy.STLSQ,confirmation_24,conf_003,native,1.9567028534980675,0.2438648365770655,2047
augmentation,0.006,0.6,1,5061,5561,C_all,C_all (38 coordinates),38,38,38,0.0001,pysindy.STLSQ,confirmation_24,conf_003,common,1.9567028534980675,0.2438648365770655,2047
augmentation,0.006,0.6,1,5061,5561,C_all,C_all (38 coordinates),38,38,38,0.0001,pysindy.STLSQ,confirmation_24,conf_004,native,1.9587885193424863,0.2192249114876794,2060
augmentation,0.006,0.6,1,5061,5561,C_all,C_all (38 coordinates),38,38,38,0.0001,pysindy.STLSQ,confirmation_24,conf_004,common,1.9587885193424863,0.2192249114876794,2060
augmentation,0.006,0.6,1,5061,5561,C_all,C_all (38 coordinates),38,38,38,0.0001,pysindy.STLSQ,confirmation_24,conf_005,native,1.9481320884790552,0.2255747479071352,2018
augmentation,0.006,0.6,1,5061,5561,C_all,C_all (38 coordinates),38,38,38,0.0001,pysindy.STLSQ,confirmation_24,conf_005,common,1.9481320884790552,0.2255747479071352,2018
augmentation,0.006,0.6,1,5061,5561,C_all,C_all (38 coordinates),38,38,38,0.0001,pysindy.STLSQ,confirmation_24,conf_006,native,2.1775996571591447,0.2361615739415951,2079
augmentation,0.006,0.6,1,5061,5561,C_all,C_all (38 coordinates),38,38,38,0.0001,pysindy.STLSQ,confirmation_24,conf_006,common,2.1775996571591447,0.2361615739415951,2079
augmentation,0.006,0.6,1,5061,5561,C_all,C_all (38 coordinates),38,38,38,0.0001,pysindy.STLSQ,confirmation_24,conf_007,native,2.2079014936481096,0.2792883655875869,2058
augmentation,0.006,0.6,1,5061,5561,C_all,C_all (38 coordinates),38,38,38,0.0001,pysindy.STLSQ,confirmation_24,conf_007,common,2.2079014936481096,0.2792883655875869,2058
augmentation,0.006,0.6,1,5061,5561,C_all,C_all (38 coordinates),38,38,38,0.0001,pysindy.STLSQ,confirmation_24,conf_008,native,1.8795413637046083,0.2186456828939738,2082
augmentation,0.006,0.6,1,5061,5561,C_all,C_all (38 coordinates),38,38,38,0.0001,pysindy.STLSQ,confirmation_24,conf_008,common,1.8795413637046083,0.2186456828939738,2082
augmentation,0.006,0.6,1,5061,5561,C_all,C_all (38 coordinates),38,38,38,0.0001,pysindy.STLSQ,confirmation_24,conf_009,native,1.870304974313756,0.2095234847354827,2038
augmentation,0.006,0.6,1,5061,5561,C_all,C_all (38 coordinates),38,38,38,0.0001,pysindy.STLSQ,confirmation_24,conf_009,common,1.870304974313756,0.2095234847354827,2038
augmentation,0.006,0.6,1,5061,5561,C_all,C_all (38 coordinates),38,38,38,0.0001,pysindy.STLSQ,confirmation_24,conf_010,native,2.1516371146281053,0.2560403591209466,2080
augmentation,0.006,0.6,1,5061,5561,C_all,C_all (38 coordinates),38,38,38,0.0001,pysindy.STLSQ,confirmation_24,conf_010,common,2.1516371146281053,0.2560403591209466,2080
augmentation,0.006,0.6,1,5061,5561,C_all,C_all (38 coordinates),38,38,38,0.0001,pysindy.STLSQ,confirmation_24,conf_011,native,1.931545514246584,0.2185273321063396,2069
augmentation,0.006,0.6,1,5061,5561,C_all,C_all (38 coordinates),38,38,38,0.0001,pysindy.STLSQ,confirmation_24,conf_011,common,1.931545514246584,0.2185273321063396,2069
augmentation,0.006,0.6,1,5061,5561,C_all,C_all (38 coordinates),38,38,38,0.0001,pysindy.STLSQ,confirmation_24,conf_012,native,1.8108874619567024,0.193228393843762,2059
augmentation,0.006,0.6,1,5061,5561,C_all,C_all (38 coordinates),38,38,38,0.0001,pysindy.STLSQ,confirmation_24,conf_012,common,1.8108874619567024,0.193228393843762,2059
augmentation,0.006,0.6,1,5061,5561,C_all,C_all (38 coordinates),38,38,38,0.0001,pysindy.STLSQ,confirmation_24,conf_013,native,1.9301596585582783,0.2130169773629326,2105
augmentation,0.006,0.6,1,5061,5561,C_all,C_all (38 coordinates),38,38,38,0.0001,pysindy.STLSQ,confirmation_24,conf_013,common,1.9301596585582783,0.2130169773629326,2105
augmentation,0.006,0.6,1,5061,5561,C_all,C_all (38 coordinates),38,38,38,0.0001,pysindy.STLSQ,confirmation_24,conf_014,native,2.0916032827138564,0.2525906403733461,2041
augmentation,0.006,0.6,1,5061,5561,C_all,C_all (38 coordinates),38,38,38,0.0001,pysindy.STLSQ,confirmation_24,conf_014,common,2.0916032827138564,0.2525906403733461,2041
augmentation,0.006,0.6,1,5061,5561,C_all,C_all (38 coordinates),38,38,38,0.0001,pysindy.STLSQ,confirmation_24,conf_015,native,2.215381617775316,0.2327982983100467,2047
augmentation,0.006,0.6,1,5061,5561,C_all,C_all (38 coordinates),38,38,38,0.0001,pysindy.STLSQ,confirmation_24,conf_015,common,2.215381617775316,0.2327982983100467,2047
augmentation,0.006,0.6,1,5061,5561,C_all,C_all (38 coordinates),38,38,38,0.0001,pysindy.STLSQ,confirmation_24,conf_016,native,1.9389625618720543,0.2286197483075731,2102
augmentation,0.006,0.6,1,5061,5561,C_all,C_all (38 coordinates),38,38,38,0.0001,pysindy.STLSQ,confirmation_24,conf_016,common,1.9389625618720543,0.2286197483075731,2102
augmentation,0.006,0.6,1,5061,5561,C_all,C_all (38 coordinates),38,38,38,0.0001,pysindy.STLSQ,confirmation_24,conf_017,native,1.881881106001157,0.2126061490273414,2071
augmentation,0.006,0.6,1,5061,5561,C_all,C_all (38 coordinates),38,38,38,0.0001,pysindy.STLSQ,confirmation_24,conf_017,common,1.881881106001157,0.2126061490273414,2071
augmentation,0.006,0.6,1,5061,5561,C_all,C_all (38 coordinates),38,38,38,0.0001,pysindy.STLSQ,confirmation_24,conf_018,native,1.9044233548398048,0.2028809036288861,2114
augmentation,0.006,0.6,1,5061,5561,C_all,C_all (38 coordinates),38,38,38,0.0001,pysindy.STLSQ,confirmation_24,conf_018,common,1.9044233548398048,0.2028809036288861,2114
augmentation,0.006,0.6,1,5061,5561,C_all,C_all (38 coordinates),38,38,38,0.0001,pysindy.STLSQ,confirmation_24,conf_019,native,1.8950252157566052,0.1984352441813998,2051
augmentation,0.006,0.6,1,5061,5561,C_all,C_all (38 coordinates),38,38,38,0.0001,pysindy.STLSQ,confirmation_24,conf_019,common,1.8950252157566052,0.1984352441813998,2051
augmentation,0.006,0.6,1,5061,5561,C_all,C_all (38 coordinates),38,38,38,0.0001,pysindy.STLSQ,confirmation_24,conf_020,native,2.078747916211225,0.2357208690021173,2094
augmentation,0.006,0.6,1,5061,5561,C_all,C_all (38 coordinates),38,38,38,0.0001,pysindy.STLSQ,confirmation_24,conf_020,common,2.078747916211225,0.2357208690021173,2094
augmentation,0.006,0.6,1,5061,5561,C_all,C_all (38 coordinates),38,38,38,0.0001,pysindy.STLSQ,confirmation_24,conf_021,native,1.786727209323999,0.2056760649181135,2090
augmentation,0.006,0.6,1,5061,5561,C_all,C_all (38 coordinates),38,38,38,0.0001,pysindy.STLSQ,confirmation_24,conf_021,common,1.786727209323999,0.2056760649181135,2090
augmentation,0.006,0.6,1,5061,5561,C_all,C_all (38 coordinates),38,38,38,0.0001,pysindy.STLSQ,confirmation_24,conf_022,native,1.8453027403409887,0.2097789338385049,2123
augmentation,0.006,0.6,1,5061,5561,C_all,C_all (38 coordinates),38,38,38,0.0001,pysindy.STLSQ,confirmation_24,conf_022,common,1.8453027403409887,0.2097789338385049,2123
augmentation,0.006,0.6,1,5061,5561,C_all,C_all (38 coordinates),38,38,38,0.0001,pysindy.STLSQ,confirmation_24,conf_023,native,2.008950839183586,0.2126970932484008,2056
augmentation,0.006,0.6,1,5061,5561,C_all,C_all (38 coordinates),38,38,38,0.0001,pysindy.STLSQ,confirmation_24,conf_023,common,2.008950839183586,0.2126970932484008,2056
augmentation,0.006,0.6,2,5062,5562,C0_poly2,conventional quadratic,10,65,59,0.5,pysindy.STLSQ,confirmation_24,conf_000,native,3.221342966441084,0.3710743691755571,2397
augmentation,0.006,0.6,2,5062,5562,C0_poly2,conventional quadratic,10,65,59,0.5,pysindy.STLSQ,confirmation_24,conf_000,common,3.0238851775472098,0.3434770105402728,2062
augmentation,0.006,0.6,2,5062,5562,C0_poly2,conventional quadratic,10,65,59,0.5,pysindy.STLSQ,confirmation_24,conf_001,native,2.709328415599422,0.3051202060862262,2397
augmentation,0.006,0.6,2,5062,5562,C0_poly2,conventional quadratic,10,65,59,0.5,pysindy.STLSQ,confirmation_24,conf_001,common,2.603137487524414,0.2812975460814938,2084
augmentation,0.006,0.6,2,5062,5562,C0_poly2,conventional quadratic,10,65,59,0.5,pysindy.STLSQ,confirmation_24,conf_002,native,2.1662025112971004,0.2946104903165736,2397
augmentation,0.006,0.6,2,5062,5562,C0_poly2,conventional quadratic,10,65,59,0.5,pysindy.STLSQ,confirmation_24,conf_002,common,2.0723847511634146,0.2718012963398366,2107
augmentation,0.006,0.6,2,5062,5562,C0_poly2,conventional quadratic,10,65,59,0.5,pysindy.STLSQ,confirmation_24,conf_003,native,2.778426956948827,0.349498968951807,2397
augmentation,0.006,0.6,2,5062,5562,C0_poly2,conventional quadratic,10,65,59,0.5,pysindy.STLSQ,confirmation_24,conf_003,common,2.6446110029758776,0.3307238737940161,2054
augmentation,0.006,0.6,2,5062,5562,C0_poly2,conventional quadratic,10,65,59,0.5,pysindy.STLSQ,confirmation_24,conf_004,native,2.9355985452799964,0.3374504681274846,2397
augmentation,0.006,0.6,2,5062,5562,C0_poly2,conventional quadratic,10,65,59,0.5,pysindy.STLSQ,confirmation_24,conf_004,common,2.855748080656194,0.3179913156183206,2067
augmentation,0.006,0.6,2,5062,5562,C0_poly2,conventional quadratic,10,65,59,0.5,pysindy.STLSQ,confirmation_24,conf_005,native,2.976774781388692,0.3462412184287583,2397
augmentation,0.006,0.6,2,5062,5562,C0_poly2,conventional quadratic,10,65,59,0.5,pysindy.STLSQ,confirmation_24,conf_005,common,2.7044264571443364,0.312202428500397,2007
augmentation,0.006,0.6,2,5062,5562,C0_poly2,conventional quadratic,10,65,59,0.5,pysindy.STLSQ,confirmation_24,conf_006,native,3.026335877629099,0.3385467100283413,2397
augmentation,0.006,0.6,2,5062,5562,C0_poly2,conventional quadratic,10,65,59,0.5,pysindy.STLSQ,confirmation_24,conf_006,common,2.978723091433172,0.3234470072926005,2088
augmentation,0.006,0.6,2,5062,5562,C0_poly2,conventional quadratic,10,65,59,0.5,pysindy.STLSQ,confirmation_24,conf_007,native,3.199924146648722,0.3959484137914764,2397
augmentation,0.006,0.6,2,5062,5562,C0_poly2,conventional quadratic,10,65,59,0.5,pysindy.STLSQ,confirmation_24,conf_007,common,2.9311563576726667,0.3684951724245578,2028
augmentation,0.006,0.6,2,5062,5562,C0_poly2,conventional quadratic,10,65,59,0.5,pysindy.STLSQ,confirmation_24,conf_008,native,2.739397449553085,0.3267572584218793,2397
augmentation,0.006,0.6,2,5062,5562,C0_poly2,conventional quadratic,10,65,59,0.5,pysindy.STLSQ,confirmation_24,conf_008,common,2.665380763751525,0.3095875299456812,2075
augmentation,0.006,0.6,2,5062,5562,C0_poly2,conventional quadratic,10,65,59,0.5,pysindy.STLSQ,confirmation_24,conf_009,native,2.877299051443546,0.3328007069143979,2397
augmentation,0.006,0.6,2,5062,5562,C0_poly2,conventional quadratic,10,65,59,0.5,pysindy.STLSQ,confirmation_24,conf_009,common,2.738721440362144,0.3051820692057013,2042
augmentation,0.006,0.6,2,5062,5562,C0_poly2,conventional quadratic,10,65,59,0.5,pysindy.STLSQ,confirmation_24,conf_010,native,3.037414274424401,0.3638745628988541,2397
augmentation,0.006,0.6,2,5062,5562,C0_poly2,conventional quadratic,10,65,59,0.5,pysindy.STLSQ,confirmation_24,conf_010,common,2.839849279734192,0.3358357923317504,2050
augmentation,0.006,0.6,2,5062,5562,C0_poly2,conventional quadratic,10,65,59,0.5,pysindy.STLSQ,confirmation_24,conf_011,native,2.9011377856674674,0.3366915511147831,2397
augmentation,0.006,0.6,2,5062,5562,C0_poly2,conventional quadratic,10,65,59,0.5,pysindy.STLSQ,confirmation_24,conf_011,common,2.842884335082775,0.3200571261555771,2067
augmentation,0.006,0.6,2,5062,5562,C0_poly2,conventional quadratic,10,65,59,0.5,pysindy.STLSQ,confirmation_24,conf_012,native,2.8248854081874306,0.3162742167546899,2397
augmentation,0.006,0.6,2,5062,5562,C0_poly2,conventional quadratic,10,65,59,0.5,pysindy.STLSQ,confirmation_24,conf_012,common,2.7270465746790005,0.2912447172611254,2054
augmentation,0.006,0.6,2,5062,5562,C0_poly2,conventional quadratic,10,65,59,0.5,pysindy.STLSQ,confirmation_24,conf_013,native,2.868027838785544,0.3271277895864882,2397
augmentation,0.006,0.6,2,5062,5562,C0_poly2,conventional quadratic,10,65,59,0.5,pysindy.STLSQ,confirmation_24,conf_013,common,2.7766110740972216,0.3050419950199919,2079
augmentation,0.006,0.6,2,5062,5562,C0_poly2,conventional quadratic,10,65,59,0.5,pysindy.STLSQ,confirmation_24,conf_014,native,3.0704969799553314,0.3712077646969827,2397
augmentation,0.006,0.6,2,5062,5562,C0_poly2,conventional quadratic,10,65,59,0.5,pysindy.STLSQ,confirmation_24,conf_014,common,2.8187402569184106,0.3418288820778782,2049
augmentation,0.006,0.6,2,5062,5562,C0_poly2,conventional quadratic,10,65,59,0.5,pysindy.STLSQ,confirmation_24,conf_015,native,3.269437536331326,0.3539698893606836,2397
augmentation,0.006,0.6,2,5062,5562,C0_poly2,conventional quadratic,10,65,59,0.5,pysindy.STLSQ,confirmation_24,conf_015,common,3.0827250474287773,0.3236894247818958,2046
augmentation,0.006,0.6,2,5062,5562,C0_poly2,conventional quadratic,10,65,59,0.5,pysindy.STLSQ,confirmation_24,conf_016,native,2.832449202708752,0.3400737557929485,2397
augmentation,0.006,0.6,2,5062,5562,C0_poly2,conventional quadratic,10,65,59,0.5,pysindy.STLSQ,confirmation_24,conf_016,common,2.664909785330896,0.3147136000344058,2098
augmentation,0.006,0.6,2,5062,5562,C0_poly2,conventional quadratic,10,65,59,0.5,pysindy.STLSQ,confirmation_24,conf_017,native,2.891132013876417,0.3355971989588772,2397
augmentation,0.006,0.6,2,5062,5562,C0_poly2,conventional quadratic,10,65,59,0.5,pysindy.STLSQ,confirmation_24,conf_017,common,2.75454833536001,0.3121061460416093,2086
augmentation,0.006,0.6,2,5062,5562,C0_poly2,conventional quadratic,10,65,59,0.5,pysindy.STLSQ,confirmation_24,conf_018,native,2.850740490440002,0.3153566834747423,2397
augmentation,0.006,0.6,2,5062,5562,C0_poly2,conventional quadratic,10,65,59,0.5,pysindy.STLSQ,confirmation_24,conf_018,common,2.748901458576853,0.2916231373148548,2085
augmentation,0.006,0.6,2,5062,5562,C0_poly2,conventional quadratic,10,65,59,0.5,pysindy.STLSQ,confirmation_24,conf_019,native,2.967219547248143,0.3256581052511182,2397
augmentation,0.006,0.6,2,5062,5562,C0_poly2,conventional quadratic,10,65,59,0.5,pysindy.STLSQ,confirmation_24,conf_019,common,2.8779107974316376,0.302973324867328,2070
augmentation,0.006,0.6,2,5062,5562,C0_poly2,conventional quadratic,10,65,59,0.5,pysindy.STLSQ,confirmation_24,conf_020,native,3.0307788211369804,0.3501406224054481,2397
augmentation,0.006,0.6,2,5062,5562,C0_poly2,conventional quadratic,10,65,59,0.5,pysindy.STLSQ,confirmation_24,conf_020,common,2.915180793448082,0.3315420873949227,2094
augmentation,0.006,0.6,2,5062,5562,C0_poly2,conventional quadratic,10,65,59,0.5,pysindy.STLSQ,confirmation_24,conf_021,native,2.7103715906144097,0.3216346673574159,2397
augmentation,0.006,0.6,2,5062,5562,C0_poly2,conventional quadratic,10,65,59,0.5,pysindy.STLSQ,confirmation_24,conf_021,common,2.615308302269067,0.3016738897893198,2121
augmentation,0.006,0.6,2,5062,5562,C0_poly2,conventional quadratic,10,65,59,0.5,pysindy.STLSQ,confirmation_24,conf_022,native,2.656309665218165,0.3117648423095874,2397
augmentation,0.006,0.6,2,5062,5562,C0_poly2,conventional quadratic,10,65,59,0.5,pysindy.STLSQ,confirmation_24,conf_022,common,2.578013859792456,0.2917484276090707,2113
augmentation,0.006,0.6,2,5062,5562,C0_poly2,conventional quadratic,10,65,59,0.5,pysindy.STLSQ,confirmation_24,conf_023,native,3.009279770572171,0.3307531033110563,2397
augmentation,0.006,0.6,2,5062,5562,C0_poly2,conventional quadratic,10,65,59,0.5,pysindy.STLSQ,confirmation_24,conf_023,common,2.929084829602096,0.3089532885214024,2042
augmentation,0.006,0.6,2,5062,5562,C_compact,compact (12 coordinates),12,12,12,0.0001,pysindy.STLSQ,confirmation_24,conf_000,native,3.600938089868381,0.4183698476849091,2248
augmentation,0.006,0.6,2,5062,5562,C_compact,compact (12 coordinates),12,12,12,0.0001,pysindy.STLSQ,confirmation_24,conf_000,common,3.5055460875643054,0.3981879005883446,2062
augmentation,0.006,0.6,2,5062,5562,C_compact,compact (12 coordinates),12,12,12,0.0001,pysindy.STLSQ,confirmation_24,conf_001,native,3.958692765976743,0.4352629856930147,2263
augmentation,0.006,0.6,2,5062,5562,C_compact,compact (12 coordinates),12,12,12,0.0001,pysindy.STLSQ,confirmation_24,conf_001,common,3.827720924055473,0.4136272126162503,2084
augmentation,0.006,0.6,2,5062,5562,C_compact,compact (12 coordinates),12,12,12,0.0001,pysindy.STLSQ,confirmation_24,conf_002,native,2.689435257122522,0.3628531920562842,2327
augmentation,0.006,0.6,2,5062,5562,C_compact,compact (12 coordinates),12,12,12,0.0001,pysindy.STLSQ,confirmation_24,conf_002,common,2.600166931766934,0.341021975942198,2107
augmentation,0.006,0.6,2,5062,5562,C_compact,compact (12 coordinates),12,12,12,0.0001,pysindy.STLSQ,confirmation_24,conf_003,native,2.958951636646166,0.3790735888393879,2247
augmentation,0.006,0.6,2,5062,5562,C_compact,compact (12 coordinates),12,12,12,0.0001,pysindy.STLSQ,confirmation_24,conf_003,common,2.8724966603245345,0.3592222908752563,2054
augmentation,0.006,0.6,2,5062,5562,C_compact,compact (12 coordinates),12,12,12,0.0001,pysindy.STLSQ,confirmation_24,conf_004,native,3.676716734796701,0.4183911771171704,2262
augmentation,0.006,0.6,2,5062,5562,C_compact,compact (12 coordinates),12,12,12,0.0001,pysindy.STLSQ,confirmation_24,conf_004,common,3.545172900432053,0.3947596786771777,2067
augmentation,0.006,0.6,2,5062,5562,C_compact,compact (12 coordinates),12,12,12,0.0001,pysindy.STLSQ,confirmation_24,conf_005,native,3.0801714864154635,0.3628039765632975,2188
augmentation,0.006,0.6,2,5062,5562,C_compact,compact (12 coordinates),12,12,12,0.0001,pysindy.STLSQ,confirmation_24,conf_005,common,2.977277066633416,0.34370064974996,2007
augmentation,0.006,0.6,2,5062,5562,C_compact,compact (12 coordinates),12,12,12,0.0001,pysindy.STLSQ,confirmation_24,conf_006,native,4.145129729794471,0.4578505454383312,2260
augmentation,0.006,0.6,2,5062,5562,C_compact,compact (12 coordinates),12,12,12,0.0001,pysindy.STLSQ,confirmation_24,conf_006,common,3.9726359572993615,0.4313718234323096,2088
augmentation,0.006,0.6,2,5062,5562,C_compact,compact (12 coordinates),12,12,12,0.0001,pysindy.STLSQ,confirmation_24,conf_007,native,2.95295348165786,0.3786456279615466,2223
augmentation,0.006,0.6,2,5062,5562,C_compact,compact (12 coordinates),12,12,12,0.0001,pysindy.STLSQ,confirmation_24,conf_007,common,2.8211797130625538,0.3546692765414547,2028
augmentation,0.006,0.6,2,5062,5562,C_compact,compact (12 coordinates),12,12,12,0.0001,pysindy.STLSQ,confirmation_24,conf_008,native,3.472677428991057,0.4105126939915967,2263
augmentation,0.006,0.6,2,5062,5562,C_compact,compact (12 coordinates),12,12,12,0.0001,pysindy.STLSQ,confirmation_24,conf_008,common,3.2400864819117325,0.376340365469433,2075
augmentation,0.006,0.6,2,5062,5562,C_compact,compact (12 coordinates),12,12,12,0.0001,pysindy.STLSQ,confirmation_24,conf_009,native,3.607942693314862,0.4123905457145146,2239
augmentation,0.006,0.6,2,5062,5562,C_compact,compact (12 coordinates),12,12,12,0.0001,pysindy.STLSQ,confirmation_24,conf_009,common,3.485849831010496,0.388436315095798,2042
augmentation,0.006,0.6,2,5062,5562,C_compact,compact (12 coordinates),12,12,12,0.0001,pysindy.STLSQ,confirmation_24,conf_010,native,3.22838308504727,0.3911509643791812,2262
augmentation,0.006,0.6,2,5062,5562,C_compact,compact (12 coordinates),12,12,12,0.0001,pysindy.STLSQ,confirmation_24,conf_010,common,3.09904634222902,0.3664880003465224,2050
augmentation,0.006,0.6,2,5062,5562,C_compact,compact (12 coordinates),12,12,12,0.0001,pysindy.STLSQ,confirmation_24,conf_011,native,3.48579139257327,0.3997035768547137,2252
augmentation,0.006,0.6,2,5062,5562,C_compact,compact (12 coordinates),12,12,12,0.0001,pysindy.STLSQ,confirmation_24,conf_011,common,3.3131979898790576,0.3730058989523576,2067
augmentation,0.006,0.6,2,5062,5562,C_compact,compact (12 coordinates),12,12,12,0.0001,pysindy.STLSQ,confirmation_24,conf_012,native,3.8841566268889576,0.4237868749480398,2241
augmentation,0.006,0.6,2,5062,5562,C_compact,compact (12 coordinates),12,12,12,0.0001,pysindy.STLSQ,confirmation_24,conf_012,common,3.744927226767245,0.3999529312959026,2054
augmentation,0.006,0.6,2,5062,5562,C_compact,compact (12 coordinates),12,12,12,0.0001,pysindy.STLSQ,confirmation_24,conf_013,native,3.692476091498879,0.4150986820259718,2283
augmentation,0.006,0.6,2,5062,5562,C_compact,compact (12 coordinates),12,12,12,0.0001,pysindy.STLSQ,confirmation_24,conf_013,common,3.4718860661129143,0.3814257826633275,2079
augmentation,0.006,0.6,2,5062,5562,C_compact,compact (12 coordinates),12,12,12,0.0001,pysindy.STLSQ,confirmation_24,conf_014,native,3.259266817780728,0.4013461561767303,2249
augmentation,0.006,0.6,2,5062,5562,C_compact,compact (12 coordinates),12,12,12,0.0001,pysindy.STLSQ,confirmation_24,conf_014,common,3.065344856468526,0.3717346438353082,2049
augmentation,0.006,0.6,2,5062,5562,C_compact,compact (12 coordinates),12,12,12,0.0001,pysindy.STLSQ,confirmation_24,conf_015,native,4.253853532915208,0.4545567652690636,2221
augmentation,0.006,0.6,2,5062,5562,C_compact,compact (12 coordinates),12,12,12,0.0001,pysindy.STLSQ,confirmation_24,conf_015,common,4.123191673516428,0.4329395325668823,2046
augmentation,0.006,0.6,2,5062,5562,C_compact,compact (12 coordinates),12,12,12,0.0001,pysindy.STLSQ,confirmation_24,conf_016,native,3.5929561358995388,0.4310618675052717,2283
augmentation,0.006,0.6,2,5062,5562,C_compact,compact (12 coordinates),12,12,12,0.0001,pysindy.STLSQ,confirmation_24,conf_016,common,3.3379971904881574,0.3942021296577665,2098
augmentation,0.006,0.6,2,5062,5562,C_compact,compact (12 coordinates),12,12,12,0.0001,pysindy.STLSQ,confirmation_24,conf_017,native,3.640929834806886,0.4200692507745577,2270
augmentation,0.006,0.6,2,5062,5562,C_compact,compact (12 coordinates),12,12,12,0.0001,pysindy.STLSQ,confirmation_24,conf_017,common,3.4545041025279986,0.3914151543773976,2086
augmentation,0.006,0.6,2,5062,5562,C_compact,compact (12 coordinates),12,12,12,0.0001,pysindy.STLSQ,confirmation_24,conf_018,native,4.458844792847671,0.4829798418882606,2290
augmentation,0.006,0.6,2,5062,5562,C_compact,compact (12 coordinates),12,12,12,0.0001,pysindy.STLSQ,confirmation_24,conf_018,common,4.228987640071369,0.4486412706484717,2085
augmentation,0.006,0.6,2,5062,5562,C_compact,compact (12 coordinates),12,12,12,0.0001,pysindy.STLSQ,confirmation_24,conf_019,native,4.044109477232967,0.4337899527785382,2247
augmentation,0.006,0.6,2,5062,5562,C_compact,compact (12 coordinates),12,12,12,0.0001,pysindy.STLSQ,confirmation_24,conf_019,common,3.783900687124933,0.3983518089473515,2070
augmentation,0.006,0.6,2,5062,5562,C_compact,compact (12 coordinates),12,12,12,0.0001,pysindy.STLSQ,confirmation_24,conf_020,native,3.95039863480096,0.4560411552804022,2287
augmentation,0.006,0.6,2,5062,5562,C_compact,compact (12 coordinates),12,12,12,0.0001,pysindy.STLSQ,confirmation_24,conf_020,common,3.656804575522147,0.4158865978016773,2094
augmentation,0.006,0.6,2,5062,5562,C_compact,compact (12 coordinates),12,12,12,0.0001,pysindy.STLSQ,confirmation_24,conf_021,native,3.721539934294105,0.4367417942796696,2290
augmentation,0.006,0.6,2,5062,5562,C_compact,compact (12 coordinates),12,12,12,0.0001,pysindy.STLSQ,confirmation_24,conf_021,common,3.580248264310858,0.4129790049490688,2121
augmentation,0.006,0.6,2,5062,5562,C_compact,compact (12 coordinates),12,12,12,0.0001,pysindy.STLSQ,confirmation_24,conf_022,native,3.712620065703815,0.4291270804749189,2301
augmentation,0.006,0.6,2,5062,5562,C_compact,compact (12 coordinates),12,12,12,0.0001,pysindy.STLSQ,confirmation_24,conf_022,common,3.587787032436517,0.4060223420962661,2113
augmentation,0.006,0.6,2,5062,5562,C_compact,compact (12 coordinates),12,12,12,0.0001,pysindy.STLSQ,confirmation_24,conf_023,native,4.17297867437715,0.4504382451940612,2239
augmentation,0.006,0.6,2,5062,5562,C_compact,compact (12 coordinates),12,12,12,0.0001,pysindy.STLSQ,confirmation_24,conf_023,common,3.9616474874092256,0.417865678326531,2042
augmentation,0.006,0.6,2,5062,5562,C_all,C_all (38 coordinates),38,38,38,0.0001,pysindy.STLSQ,confirmation_24,conf_000,native,2.1890403539085543,0.2486486730036535,2062
augmentation,0.006,0.6,2,5062,5562,C_all,C_all (38 coordinates),38,38,38,0.0001,pysindy.STLSQ,confirmation_24,conf_000,common,2.1890403539085543,0.2486486730036535,2062
augmentation,0.006,0.6,2,5062,5562,C_all,C_all (38 coordinates),38,38,38,0.0001,pysindy.STLSQ,confirmation_24,conf_001,native,1.6822049515599549,0.1817806885528613,2084
augmentation,0.006,0.6,2,5062,5562,C_all,C_all (38 coordinates),38,38,38,0.0001,pysindy.STLSQ,confirmation_24,conf_001,common,1.6822049515599549,0.1817806885528613,2084
augmentation,0.006,0.6,2,5062,5562,C_all,C_all (38 coordinates),38,38,38,0.0001,pysindy.STLSQ,confirmation_24,conf_002,native,1.3687930606255898,0.1795225177613127,2107
augmentation,0.006,0.6,2,5062,5562,C_all,C_all (38 coordinates),38,38,38,0.0001,pysindy.STLSQ,confirmation_24,conf_002,common,1.3687930606255898,0.1795225177613127,2107
augmentation,0.006,0.6,2,5062,5562,C_all,C_all (38 coordinates),38,38,38,0.0001,pysindy.STLSQ,confirmation_24,conf_003,native,1.959253319196862,0.2450159387295268,2054
augmentation,0.006,0.6,2,5062,5562,C_all,C_all (38 coordinates),38,38,38,0.0001,pysindy.STLSQ,confirmation_24,conf_003,common,1.959253319196862,0.2450159387295268,2054
augmentation,0.006,0.6,2,5062,5562,C_all,C_all (38 coordinates),38,38,38,0.0001,pysindy.STLSQ,confirmation_24,conf_004,native,2.0516766059863536,0.2284568963138441,2067
augmentation,0.006,0.6,2,5062,5562,C_all,C_all (38 coordinates),38,38,38,0.0001,pysindy.STLSQ,confirmation_24,conf_004,common,2.0516766059863536,0.2284568963138441,2067
augmentation,0.006,0.6,2,5062,5562,C_all,C_all (38 coordinates),38,38,38,0.0001,pysindy.STLSQ,confirmation_24,conf_005,native,1.931732587947174,0.2230016658716178,2007
augmentation,0.006,0.6,2,5062,5562,C_all,C_all (38 coordinates),38,38,38,0.0001,pysindy.STLSQ,confirmation_24,conf_005,common,1.931732587947174,0.2230016658716178,2007
augmentation,0.006,0.6,2,5062,5562,C_all,C_all (38 coordinates),38,38,38,0.0001,pysindy.STLSQ,confirmation_24,conf_006,native,2.209211270512236,0.2398889564388693,2088
augmentation,0.006,0.6,2,5062,5562,C_all,C_all (38 coordinates),38,38,38,0.0001,pysindy.STLSQ,confirmation_24,conf_006,common,2.209211270512236,0.2398889564388693,2088
augmentation,0.006,0.6,2,5062,5562,C_all,C_all (38 coordinates),38,38,38,0.0001,pysindy.STLSQ,confirmation_24,conf_007,native,2.1179944782700533,0.2662671810125056,2028
augmentation,0.006,0.6,2,5062,5562,C_all,C_all (38 coordinates),38,38,38,0.0001,pysindy.STLSQ,confirmation_24,conf_007,common,2.1179944782700533,0.2662671810125056,2028
augmentation,0.006,0.6,2,5062,5562,C_all,C_all (38 coordinates),38,38,38,0.0001,pysindy.STLSQ,confirmation_24,conf_008,native,1.8459185221445829,0.2144058978452949,2075
augmentation,0.006,0.6,2,5062,5562,C_all,C_all (38 coordinates),38,38,38,0.0001,pysindy.STLSQ,confirmation_24,conf_008,common,1.8459185221445829,0.2144058978452949,2075
augmentation,0.006,0.6,2,5062,5562,C_all,C_all (38 coordinates),38,38,38,0.0001,pysindy.STLSQ,confirmation_24,conf_009,native,1.8192009995705665,0.2027177781456345,2042
augmentation,0.006,0.6,2,5062,5562,C_all,C_all (38 coordinates),38,38,38,0.0001,pysindy.STLSQ,confirmation_24,conf_009,common,1.8192009995705665,0.2027177781456345,2042
augmentation,0.006,0.6,2,5062,5562,C_all,C_all (38 coordinates),38,38,38,0.0001,pysindy.STLSQ,confirmation_24,conf_010,native,2.13457295792611,0.2524310024939568,2050
augmentation,0.006,0.6,2,5062,5562,C_all,C_all (38 coordinates),38,38,38,0.0001,pysindy.STLSQ,confirmation_24,conf_010,common,2.13457295792611,0.2524310024939568,2050
augmentation,0.006,0.6,2,5062,5562,C_all,C_all (38 coordinates),38,38,38,0.0001,pysindy.STLSQ,confirmation_24,conf_011,native,1.963018119008841,0.2210001757750031,2067
augmentation,0.006,0.6,2,5062,5562,C_all,C_all (38 coordinates),38,38,38,0.0001,pysindy.STLSQ,confirmation_24,conf_011,common,1.963018119008841,0.2210001757750031,2067
augmentation,0.006,0.6,2,5062,5562,C_all,C_all (38 coordinates),38,38,38,0.0001,pysindy.STLSQ,confirmation_24,conf_012,native,1.849018116884152,0.1974725197812259,2054
augmentation,0.006,0.6,2,5062,5562,C_all,C_all (38 coordinates),38,38,38,0.0001,pysindy.STLSQ,confirmation_24,conf_012,common,1.849018116884152,0.1974725197812259,2054
augmentation,0.006,0.6,2,5062,5562,C_all,C_all (38 coordinates),38,38,38,0.0001,pysindy.STLSQ,confirmation_24,conf_013,native,1.922897746125936,0.2112519719343175,2079
augmentation,0.006,0.6,2,5062,5562,C_all,C_all (38 coordinates),38,38,38,0.0001,pysindy.STLSQ,confirmation_24,conf_013,common,1.922897746125936,0.2112519719343175,2079
augmentation,0.006,0.6,2,5062,5562,C_all,C_all (38 coordinates),38,38,38,0.0001,pysindy.STLSQ,confirmation_24,conf_014,native,2.146443076900038,0.260299343162139,2049
augmentation,0.006,0.6,2,5062,5562,C_all,C_all (38 coordinates),38,38,38,0.0001,pysindy.STLSQ,confirmation_24,conf_014,common,2.146443076900038,0.260299343162139,2049
augmentation,0.006,0.6,2,5062,5562,C_all,C_all (38 coordinates),38,38,38,0.0001,pysindy.STLSQ,confirmation_24,conf_015,native,2.26080615675429,0.237387062798072,2046
augmentation,0.006,0.6,2,5062,5562,C_all,C_all (38 coordinates),38,38,38,0.0001,pysindy.STLSQ,confirmation_24,conf_015,common,2.26080615675429,0.237387062798072,2046
augmentation,0.006,0.6,2,5062,5562,C_all,C_all (38 coordinates),38,38,38,0.0001,pysindy.STLSQ,confirmation_24,conf_016,native,1.9159600018739715,0.2262660721315239,2098
augmentation,0.006,0.6,2,5062,5562,C_all,C_all (38 coordinates),38,38,38,0.0001,pysindy.STLSQ,confirmation_24,conf_016,common,1.9159600018739715,0.2262660721315239,2098
augmentation,0.006,0.6,2,5062,5562,C_all,C_all (38 coordinates),38,38,38,0.0001,pysindy.STLSQ,confirmation_24,conf_017,native,1.912998264085648,0.2167536898603838,2086
augmentation,0.006,0.6,2,5062,5562,C_all,C_all (38 coordinates),38,38,38,0.0001,pysindy.STLSQ,confirmation_24,conf_017,common,1.912998264085648,0.2167536898603838,2086
augmentation,0.006,0.6,2,5062,5562,C_all,C_all (38 coordinates),38,38,38,0.0001,pysindy.STLSQ,confirmation_24,conf_018,native,1.9016074942830168,0.2017361305164258,2085
augmentation,0.006,0.6,2,5062,5562,C_all,C_all (38 coordinates),38,38,38,0.0001,pysindy.STLSQ,confirmation_24,conf_018,common,1.9016074942830168,0.2017361305164258,2085
augmentation,0.006,0.6,2,5062,5562,C_all,C_all (38 coordinates),38,38,38,0.0001,pysindy.STLSQ,confirmation_24,conf_019,native,1.85507441947779,0.19529377534811,2070
augmentation,0.006,0.6,2,5062,5562,C_all,C_all (38 coordinates),38,38,38,0.0001,pysindy.STLSQ,confirmation_24,conf_019,common,1.85507441947779,0.19529377534811,2070
augmentation,0.006,0.6,2,5062,5562,C_all,C_all (38 coordinates),38,38,38,0.0001,pysindy.STLSQ,confirmation_24,conf_020,native,2.165835205507821,0.2463193797795796,2094
augmentation,0.006,0.6,2,5062,5562,C_all,C_all (38 coordinates),38,38,38,0.0001,pysindy.STLSQ,confirmation_24,conf_020,common,2.165835205507821,0.2463193797795796,2094
augmentation,0.006,0.6,2,5062,5562,C_all,C_all (38 coordinates),38,38,38,0.0001,pysindy.STLSQ,confirmation_24,conf_021,native,1.8754227852600704,0.2163286393952337,2121
augmentation,0.006,0.6,2,5062,5562,C_all,C_all (38 coordinates),38,38,38,0.0001,pysindy.STLSQ,confirmation_24,conf_021,common,1.8754227852600704,0.2163286393952337,2121
augmentation,0.006,0.6,2,5062,5562,C_all,C_all (38 coordinates),38,38,38,0.0001,pysindy.STLSQ,confirmation_24,conf_022,native,1.831184340257189,0.2072312954808544,2113
augmentation,0.006,0.6,2,5062,5562,C_all,C_all (38 coordinates),38,38,38,0.0001,pysindy.STLSQ,confirmation_24,conf_022,common,1.831184340257189,0.2072312954808544,2113
augmentation,0.006,0.6,2,5062,5562,C_all,C_all (38 coordinates),38,38,38,0.0001,pysindy.STLSQ,confirmation_24,conf_023,native,1.991126013364503,0.2100194994260513,2042
augmentation,0.006,0.6,2,5062,5562,C_all,C_all (38 coordinates),38,38,38,0.0001,pysindy.STLSQ,confirmation_24,conf_023,common,1.991126013364503,0.2100194994260513,2042
augmentation,0.007,0.7000000000000001,0,5070,5570,C0_poly2,conventional quadratic,10,65,65,0.0001,pysindy.STLSQ,confirmation_24,conf_000,native,3.25021168887639,0.3743998278672221,2397
augmentation,0.007,0.7000000000000001,0,5070,5570,C0_poly2,conventional quadratic,10,65,65,0.0001,pysindy.STLSQ,confirmation_24,conf_000,common,3.035378564897949,0.346777991313539,2049
augmentation,0.007,0.7000000000000001,0,5070,5570,C0_poly2,conventional quadratic,10,65,65,0.0001,pysindy.STLSQ,confirmation_24,conf_001,native,2.7596198467142634,0.3107839461251896,2397
augmentation,0.007,0.7000000000000001,0,5070,5570,C0_poly2,conventional quadratic,10,65,65,0.0001,pysindy.STLSQ,confirmation_24,conf_001,common,2.657717992112208,0.2873206416743232,2077
augmentation,0.007,0.7000000000000001,0,5070,5570,C0_poly2,conventional quadratic,10,65,65,0.0001,pysindy.STLSQ,confirmation_24,conf_002,native,2.194394015424838,0.2984446253111182,2397
augmentation,0.007,0.7000000000000001,0,5070,5570,C0_poly2,conventional quadratic,10,65,65,0.0001,pysindy.STLSQ,confirmation_24,conf_002,common,2.101269996096385,0.277542693535058,2102
augmentation,0.007,0.7000000000000001,0,5070,5570,C0_poly2,conventional quadratic,10,65,65,0.0001,pysindy.STLSQ,confirmation_24,conf_003,native,2.806796817332652,0.3530676202451784,2397
augmentation,0.007,0.7000000000000001,0,5070,5570,C0_poly2,conventional quadratic,10,65,65,0.0001,pysindy.STLSQ,confirmation_24,conf_003,common,2.65910129133464,0.3339186341930863,2071
augmentation,0.007,0.7000000000000001,0,5070,5570,C0_poly2,conventional quadratic,10,65,65,0.0001,pysindy.STLSQ,confirmation_24,conf_004,native,2.9706116423152893,0.3414752643667898,2397
augmentation,0.007,0.7000000000000001,0,5070,5570,C0_poly2,conventional quadratic,10,65,65,0.0001,pysindy.STLSQ,confirmation_24,conf_004,common,2.9031286896911093,0.3237886096778684,2057
augmentation,0.007,0.7000000000000001,0,5070,5570,C0_poly2,conventional quadratic,10,65,65,0.0001,pysindy.STLSQ,confirmation_24,conf_005,native,3.0019609764138626,0.3491707309023325,2397
augmentation,0.007,0.7000000000000001,0,5070,5570,C0_poly2,conventional quadratic,10,65,65,0.0001,pysindy.STLSQ,confirmation_24,conf_005,common,2.7186499659119385,0.3172358069922653,2048
augmentation,0.007,0.7000000000000001,0,5070,5570,C0_poly2,conventional quadratic,10,65,65,0.0001,pysindy.STLSQ,confirmation_24,conf_006,native,3.088464497180652,0.3454968439851376,2397
augmentation,0.007,0.7000000000000001,0,5070,5570,C0_poly2,conventional quadratic,10,65,65,0.0001,pysindy.STLSQ,confirmation_24,conf_006,common,3.007682164634616,0.3255432974572754,2070
augmentation,0.007,0.7000000000000001,0,5070,5570,C0_poly2,conventional quadratic,10,65,65,0.0001,pysindy.STLSQ,confirmation_24,conf_007,native,3.223017567305018,0.3988059200506345,2397
augmentation,0.007,0.7000000000000001,0,5070,5570,C0_poly2,conventional quadratic,10,65,65,0.0001,pysindy.STLSQ,confirmation_24,conf_007,common,2.9309911302738167,0.3707565010682129,2023
augmentation,0.007,0.7000000000000001,0,5070,5570,C0_poly2,conventional quadratic,10,65,65,0.0001,pysindy.STLSQ,confirmation_24,conf_008,native,2.766945604254538,0.3300432217297218,2397
augmentation,0.007,0.7000000000000001,0,5070,5570,C0_poly2,conventional quadratic,10,65,65,0.0001,pysindy.STLSQ,confirmation_24,conf_008,common,2.6821394935743443,0.3105123300339372,2061
augmentation,0.007,0.7000000000000001,0,5070,5570,C0_poly2,conventional quadratic,10,65,65,0.0001,pysindy.STLSQ,confirmation_24,conf_009,native,2.898712254714416,0.3352774495325389,2397
augmentation,0.007,0.7000000000000001,0,5070,5570,C0_poly2,conventional quadratic,10,65,65,0.0001,pysindy.STLSQ,confirmation_24,conf_009,common,2.7667763488838557,0.3099926949253324,2050
augmentation,0.007,0.7000000000000001,0,5070,5570,C0_poly2,conventional quadratic,10,65,65,0.0001,pysindy.STLSQ,confirmation_24,conf_010,native,3.065089027752145,0.3671899284896656,2397
augmentation,0.007,0.7000000000000001,0,5070,5570,C0_poly2,conventional quadratic,10,65,65,0.0001,pysindy.STLSQ,confirmation_24,conf_010,common,2.893224620947707,0.34423588238842,2087
augmentation,0.007,0.7000000000000001,0,5070,5570,C0_poly2,conventional quadratic,10,65,65,0.0001,pysindy.STLSQ,confirmation_24,conf_011,native,2.9531452527144277,0.3427272777997062,2397
augmentation,0.007,0.7000000000000001,0,5070,5570,C0_poly2,conventional quadratic,10,65,65,0.0001,pysindy.STLSQ,confirmation_24,conf_011,common,2.873521578600362,0.3240501802102655,2071
augmentation,0.007,0.7000000000000001,0,5070,5570,C0_poly2,conventional quadratic,10,65,65,0.0001,pysindy.STLSQ,confirmation_24,conf_012,native,2.8520821235772686,0.3193191614569745,2397
augmentation,0.007,0.7000000000000001,0,5070,5570,C0_poly2,conventional quadratic,10,65,65,0.0001,pysindy.STLSQ,confirmation_24,conf_012,common,2.746975446427826,0.2965723007783485,2095
augmentation,0.007,0.7000000000000001,0,5070,5570,C0_poly2,conventional quadratic,10,65,65,0.0001,pysindy.STLSQ,confirmation_24,conf_013,native,2.9088889875324617,0.3317884198247233,2397
augmentation,0.007,0.7000000000000001,0,5070,5570,C0_poly2,conventional quadratic,10,65,65,0.0001,pysindy.STLSQ,confirmation_24,conf_013,common,2.8491796929773083,0.3131942581449126,2069
augmentation,0.007,0.7000000000000001,0,5070,5570,C0_poly2,conventional quadratic,10,65,65,0.0001,pysindy.STLSQ,confirmation_24,conf_014,native,3.116931904703818,0.3768215154130017,2397
augmentation,0.007,0.7000000000000001,0,5070,5570,C0_poly2,conventional quadratic,10,65,65,0.0001,pysindy.STLSQ,confirmation_24,conf_014,common,2.898406702058878,0.3510526139026106,2052
augmentation,0.007,0.7000000000000001,0,5070,5570,C0_poly2,conventional quadratic,10,65,65,0.0001,pysindy.STLSQ,confirmation_24,conf_015,native,3.3193816036081123,0.3593771484906512,2397
augmentation,0.007,0.7000000000000001,0,5070,5570,C0_poly2,conventional quadratic,10,65,65,0.0001,pysindy.STLSQ,confirmation_24,conf_015,common,3.1456987331780955,0.3306998177357783,2043
augmentation,0.007,0.7000000000000001,0,5070,5570,C0_poly2,conventional quadratic,10,65,65,0.0001,pysindy.STLSQ,confirmation_24,conf_016,native,2.8580544799612584,0.3431480149164845,2397
augmentation,0.007,0.7000000000000001,0,5070,5570,C0_poly2,conventional quadratic,10,65,65,0.0001,pysindy.STLSQ,confirmation_24,conf_016,common,2.7411434738134224,0.3211925670253681,2063
augmentation,0.007,0.7000000000000001,0,5070,5570,C0_poly2,conventional quadratic,10,65,65,0.0001,pysindy.STLSQ,confirmation_24,conf_017,native,2.914766320269812,0.3383406250587199,2397
augmentation,0.007,0.7000000000000001,0,5070,5570,C0_poly2,conventional quadratic,10,65,65,0.0001,pysindy.STLSQ,confirmation_24,conf_017,common,2.783766202633314,0.3147374789754343,2052
augmentation,0.007,0.7000000000000001,0,5070,5570,C0_poly2,conventional quadratic,10,65,65,0.0001,pysindy.STLSQ,confirmation_24,conf_018,native,2.8934451443445948,0.3200807886921241,2397
augmentation,0.007,0.7000000000000001,0,5070,5570,C0_poly2,conventional quadratic,10,65,65,0.0001,pysindy.STLSQ,confirmation_24,conf_018,common,2.782217432305006,0.2953293550927008,2106
augmentation,0.007,0.7000000000000001,0,5070,5570,C0_poly2,conventional quadratic,10,65,65,0.0001,pysindy.STLSQ,confirmation_24,conf_019,native,3.0157237595016,0.3309815367018877,2397
augmentation,0.007,0.7000000000000001,0,5070,5570,C0_poly2,conventional quadratic,10,65,65,0.0001,pysindy.STLSQ,confirmation_24,conf_019,common,2.943545390070757,0.3096143033213747,2072
augmentation,0.007,0.7000000000000001,0,5070,5570,C0_poly2,conventional quadratic,10,65,65,0.0001,pysindy.STLSQ,confirmation_24,conf_020,native,3.054593567870976,0.3528918988053344,2397
augmentation,0.007,0.7000000000000001,0,5070,5570,C0_poly2,conventional quadratic,10,65,65,0.0001,pysindy.STLSQ,confirmation_24,conf_020,common,2.901114069485068,0.3307393689170949,2117
augmentation,0.007,0.7000000000000001,0,5070,5570,C0_poly2,conventional quadratic,10,65,65,0.0001,pysindy.STLSQ,confirmation_24,conf_021,native,2.7520612936996844,0.3265819055259735,2397
augmentation,0.007,0.7000000000000001,0,5070,5570,C0_poly2,conventional quadratic,10,65,65,0.0001,pysindy.STLSQ,confirmation_24,conf_021,common,2.6363342417137736,0.3033029147304664,2088
augmentation,0.007,0.7000000000000001,0,5070,5570,C0_poly2,conventional quadratic,10,65,65,0.0001,pysindy.STLSQ,confirmation_24,conf_022,native,2.6924416712398345,0.3160055712077182,2397
augmentation,0.007,0.7000000000000001,0,5070,5570,C0_poly2,conventional quadratic,10,65,65,0.0001,pysindy.STLSQ,confirmation_24,conf_022,common,2.618214496037414,0.2959151627662834,2095
augmentation,0.007,0.7000000000000001,0,5070,5570,C0_poly2,conventional quadratic,10,65,65,0.0001,pysindy.STLSQ,confirmation_24,conf_023,native,3.035459692687994,0.3336305660743818,2397
augmentation,0.007,0.7000000000000001,0,5070,5570,C0_poly2,conventional quadratic,10,65,65,0.0001,pysindy.STLSQ,confirmation_24,conf_023,common,2.9500723387914296,0.3121634926998374,2053
augmentation,0.007,0.7000000000000001,0,5070,5570,C_compact,compact (12 coordinates),12,12,2,0.5,pysindy.STLSQ,confirmation_24,conf_000,native,3.8754870319204207,0.4504988732932437,2246
augmentation,0.007,0.7000000000000001,0,5070,5570,C_compact,compact (12 coordinates),12,12,2,0.5,pysindy.STLSQ,confirmation_24,conf_000,common,3.696822148873283,0.4223448679037432,2049
augmentation,0.007,0.7000000000000001,0,5070,5570,C_compact,compact (12 coordinates),12,12,2,0.5,pysindy.STLSQ,confirmation_24,conf_001,native,4.287057598006906,0.4718064283777297,2266
augmentation,0.007,0.7000000000000001,0,5070,5570,C_compact,compact (12 coordinates),12,12,2,0.5,pysindy.STLSQ,confirmation_24,conf_001,common,4.039497546826961,0.4367020995608986,2077
augmentation,0.007,0.7000000000000001,0,5070,5570,C_compact,compact (12 coordinates),12,12,2,0.5,pysindy.STLSQ,confirmation_24,conf_002,native,3.124340230206485,0.4215162612381056,2325
augmentation,0.007,0.7000000000000001,0,5070,5570,C_compact,compact (12 coordinates),12,12,2,0.5,pysindy.STLSQ,confirmation_24,conf_002,common,3.030022791242944,0.400215435672935,2102
augmentation,0.007,0.7000000000000001,0,5070,5570,C_compact,compact (12 coordinates),12,12,2,0.5,pysindy.STLSQ,confirmation_24,conf_003,native,3.254143261942592,0.4166854429221599,2253
augmentation,0.007,0.7000000000000001,0,5070,5570,C_compact,compact (12 coordinates),12,12,2,0.5,pysindy.STLSQ,confirmation_24,conf_003,common,3.1647386826824944,0.3974144279283775,2071
augmentation,0.007,0.7000000000000001,0,5070,5570,C_compact,compact (12 coordinates),12,12,2,0.5,pysindy.STLSQ,confirmation_24,conf_004,native,3.9703982204761994,0.4517493350897222,2268
augmentation,0.007,0.7000000000000001,0,5070,5570,C_compact,compact (12 coordinates),12,12,2,0.5,pysindy.STLSQ,confirmation_24,conf_004,common,3.70042019096165,0.4127112632347233,2057
augmentation,0.007,0.7000000000000001,0,5070,5570,C_compact,compact (12 coordinates),12,12,2,0.5,pysindy.STLSQ,confirmation_24,conf_005,native,3.540189037602466,0.4167763222848598,2190
augmentation,0.007,0.7000000000000001,0,5070,5570,C_compact,compact (12 coordinates),12,12,2,0.5,pysindy.STLSQ,confirmation_24,conf_005,common,3.461281414983853,0.4038925263191827,2048
augmentation,0.007,0.7000000000000001,0,5070,5570,C_compact,compact (12 coordinates),12,12,2,0.5,pysindy.STLSQ,confirmation_24,conf_006,native,4.3839541305450425,0.484075995040428,2261
augmentation,0.007,0.7000000000000001,0,5070,5570,C_compact,compact (12 coordinates),12,12,2,0.5,pysindy.STLSQ,confirmation_24,conf_006,common,4.128940044404852,0.4469051859481426,2070
augmentation,0.007,0.7000000000000001,0,5070,5570,C_compact,compact (12 coordinates),12,12,2,0.5,pysindy.STLSQ,confirmation_24,conf_007,native,3.4023978478933694,0.4375045675889628,2227
augmentation,0.007,0.7000000000000001,0,5070,5570,C_compact,compact (12 coordinates),12,12,2,0.5,pysindy.STLSQ,confirmation_24,conf_007,common,3.337256333052624,0.422147125738567,2023
augmentation,0.007,0.7000000000000001,0,5070,5570,C_compact,compact (12 coordinates),12,12,2,0.5,pysindy.STLSQ,confirmation_24,conf_008,native,3.827311453648273,0.4530515377376767,2263
augmentation,0.007,0.7000000000000001,0,5070,5570,C_compact,compact (12 coordinates),12,12,2,0.5,pysindy.STLSQ,confirmation_24,conf_008,common,3.698840837613978,0.4282162391865771,2061
augmentation,0.007,0.7000000000000001,0,5070,5570,C_compact,compact (12 coordinates),12,12,2,0.5,pysindy.STLSQ,confirmation_24,conf_009,native,4.27002505100869,0.4878724585943554,2244
augmentation,0.007,0.7000000000000001,0,5070,5570,C_compact,compact (12 coordinates),12,12,2,0.5,pysindy.STLSQ,confirmation_24,conf_009,common,4.053133767597439,0.4541176087533266,2050
augmentation,0.007,0.7000000000000001,0,5070,5570,C_compact,compact (12 coordinates),12,12,2,0.5,pysindy.STLSQ,confirmation_24,conf_010,native,3.890329410920776,0.4718900520508495,2260
augmentation,0.007,0.7000000000000001,0,5070,5570,C_compact,compact (12 coordinates),12,12,2,0.5,pysindy.STLSQ,confirmation_24,conf_010,common,3.8716317911807874,0.4606467732476366,2087
augmentation,0.007,0.7000000000000001,0,5070,5570,C_compact,compact (12 coordinates),12,12,2,0.5,pysindy.STLSQ,confirmation_24,conf_011,native,4.013561154262873,0.4599566013666082,2254
augmentation,0.007,0.7000000000000001,0,5070,5570,C_compact,compact (12 coordinates),12,12,2,0.5,pysindy.STLSQ,confirmation_24,conf_011,common,3.8146927971931976,0.4301870908445948,2071
augmentation,0.007,0.7000000000000001,0,5070,5570,C_compact,compact (12 coordinates),12,12,2,0.5,pysindy.STLSQ,confirmation_24,conf_012,native,4.551911955674633,0.4969970174481389,2244
augmentation,0.007,0.7000000000000001,0,5070,5570,C_compact,compact (12 coordinates),12,12,2,0.5,pysindy.STLSQ,confirmation_24,conf_012,common,4.467757087750816,0.4823534191235978,2095
augmentation,0.007,0.7000000000000001,0,5070,5570,C_compact,compact (12 coordinates),12,12,2,0.5,pysindy.STLSQ,confirmation_24,conf_013,native,4.285815686532627,0.4824061750314599,2289
augmentation,0.007,0.7000000000000001,0,5070,5570,C_compact,compact (12 coordinates),12,12,2,0.5,pysindy.STLSQ,confirmation_24,conf_013,common,4.05413263239665,0.445647940477113,2069
augmentation,0.007,0.7000000000000001,0,5070,5570,C_compact,compact (12 coordinates),12,12,2,0.5,pysindy.STLSQ,confirmation_24,conf_014,native,3.649138950310823,0.4493522414690212,2252
augmentation,0.007,0.7000000000000001,0,5070,5570,C_compact,compact (12 coordinates),12,12,2,0.5,pysindy.STLSQ,confirmation_24,conf_014,common,3.5193092939357133,0.4262558204444788,2052
augmentation,0.007,0.7000000000000001,0,5070,5570,C_compact,compact (12 coordinates),12,12,2,0.5,pysindy.STLSQ,confirmation_24,conf_015,native,4.690732290988993,0.5014080229744016,2216
augmentation,0.007,0.7000000000000001,0,5070,5570,C_compact,compact (12 coordinates),12,12,2,0.5,pysindy.STLSQ,confirmation_24,conf_015,common,4.491665337023837,0.4721980819769112,2043
augmentation,0.007,0.7000000000000001,0,5070,5570,C_compact,compact (12 coordinates),12,12,2,0.5,pysindy.STLSQ,confirmation_24,conf_016,native,3.7169049722785497,0.445576701375485,2285
augmentation,0.007,0.7000000000000001,0,5070,5570,C_compact,compact (12 coordinates),12,12,2,0.5,pysindy.STLSQ,confirmation_24,conf_016,common,3.558217340710914,0.4169329232910147,2063
augmentation,0.007,0.7000000000000001,0,5070,5570,C_compact,compact (12 coordinates),12,12,2,0.5,pysindy.STLSQ,confirmation_24,conf_017,native,3.928328409042439,0.4528147386092583,2276
augmentation,0.007,0.7000000000000001,0,5070,5570,C_compact,compact (12 coordinates),12,12,2,0.5,pysindy.STLSQ,confirmation_24,conf_017,common,3.5900291601375143,0.4058949800601531,2052
augmentation,0.007,0.7000000000000001,0,5070,5570,C_compact,compact (12 coordinates),12,12,2,0.5,pysindy.STLSQ,confirmation_24,conf_018,native,4.784628151392381,0.5176604348129227,2284
augmentation,0.007,0.7000000000000001,0,5070,5570,C_compact,compact (12 coordinates),12,12,2,0.5,pysindy.STLSQ,confirmation_24,conf_018,common,4.653676983445056,0.493982751445828,2106
augmentation,0.007,0.7000000000000001,0,5070,5570,C_compact,compact (12 coordinates),12,12,2,0.5,pysindy.STLSQ,confirmation_24,conf_019,native,5.126014763288131,0.549955642255017,2252
augmentation,0.007,0.7000000000000001,0,5070,5570,C_compact,compact (12 coordinates),12,12,2,0.5,pysindy.STLSQ,confirmation_24,conf_019,common,5.004887921436764,0.5264348537733804,2072
augmentation,0.007,0.7000000000000001,0,5070,5570,C_compact,compact (12 coordinates),12,12,2,0.5,pysindy.STLSQ,confirmation_24,conf_020,native,4.211984722576903,0.4857401594387648,2287
augmentation,0.007,0.7000000000000001,0,5070,5570,C_compact,compact (12 coordinates),12,12,2,0.5,pysindy.STLSQ,confirmation_24,conf_020,common,4.058262148215881,0.4626591818360636,2117
augmentation,0.007,0.7000000000000001,0,5070,5570,C_compact,compact (12 coordinates),12,12,2,0.5,pysindy.STLSQ,confirmation_24,conf_021,native,4.000025239886424,0.4695171437045935,2294
augmentation,0.007,0.7000000000000001,0,5070,5570,C_compact,compact (12 coordinates),12,12,2,0.5,pysindy.STLSQ,confirmation_24,conf_021,common,3.732790379580529,0.4294471407649143,2088
augmentation,0.007,0.7000000000000001,0,5070,5570,C_compact,compact (12 coordinates),12,12,2,0.5,pysindy.STLSQ,confirmation_24,conf_022,native,3.9841697382562486,0.4604608207052371,2299
augmentation,0.007,0.7000000000000001,0,5070,5570,C_compact,compact (12 coordinates),12,12,2,0.5,pysindy.STLSQ,confirmation_24,conf_022,common,3.779799471739814,0.4271995199769209,2095
augmentation,0.007,0.7000000000000001,0,5070,5570,C_compact,compact (12 coordinates),12,12,2,0.5,pysindy.STLSQ,confirmation_24,conf_023,native,4.718150693681703,0.5091831005647856,2243
augmentation,0.007,0.7000000000000001,0,5070,5570,C_compact,compact (12 coordinates),12,12,2,0.5,pysindy.STLSQ,confirmation_24,conf_023,common,4.527393929323701,0.4790686259526489,2053
augmentation,0.007,0.7000000000000001,0,5070,5570,C_all,C_all (38 coordinates),38,38,38,0.0001,pysindy.STLSQ,confirmation_24,conf_000,native,2.257719458996952,0.2579340277336297,2049
augmentation,0.007,0.7000000000000001,0,5070,5570,C_all,C_all (38 coordinates),38,38,38,0.0001,pysindy.STLSQ,confirmation_24,conf_000,common,2.257719458996952,0.2579340277336297,2049
augmentation,0.007,0.7000000000000001,0,5070,5570,C_all,C_all (38 coordinates),38,38,38,0.0001,pysindy.STLSQ,confirmation_24,conf_001,native,1.6912465884755843,0.1828373275390759,2077
augmentation,0.007,0.7000000000000001,0,5070,5570,C_all,C_all (38 coordinates),38,38,38,0.0001,pysindy.STLSQ,confirmation_24,conf_001,common,1.6912465884755843,0.1828373275390759,2077
augmentation,0.007,0.7000000000000001,0,5070,5570,C_all,C_all (38 coordinates),38,38,38,0.0001,pysindy.STLSQ,confirmation_24,conf_002,native,1.4243678016633956,0.1881352120349481,2102
augmentation,0.007,0.7000000000000001,0,5070,5570,C_all,C_all (38 coordinates),38,38,38,0.0001,pysindy.STLSQ,confirmation_24,conf_002,common,1.4243678016633956,0.1881352120349481,2102
augmentation,0.007,0.7000000000000001,0,5070,5570,C_all,C_all (38 coordinates),38,38,38,0.0001,pysindy.STLSQ,confirmation_24,conf_003,native,2.049253579318098,0.257336551469892,2071
augmentation,0.007,0.7000000000000001,0,5070,5570,C_all,C_all (38 coordinates),38,38,38,0.0001,pysindy.STLSQ,confirmation_24,conf_003,common,2.049253579318098,0.257336551469892,2071
augmentation,0.007,0.7000000000000001,0,5070,5570,C_all,C_all (38 coordinates),38,38,38,0.0001,pysindy.STLSQ,confirmation_24,conf_004,native,2.105276082755563,0.2348033754907438,2057
augmentation,0.007,0.7000000000000001,0,5070,5570,C_all,C_all (38 coordinates),38,38,38,0.0001,pysindy.STLSQ,confirmation_24,conf_004,common,2.105276082755563,0.2348033754907438,2057
augmentation,0.007,0.7000000000000001,0,5070,5570,C_all,C_all (38 coordinates),38,38,38,0.0001,pysindy.STLSQ,confirmation_24,conf_005,native,2.033603017708634,0.2372985498367764,2048
augmentation,0.007,0.7000000000000001,0,5070,5570,C_all,C_all (38 coordinates),38,38,38,0.0001,pysindy.STLSQ,confirmation_24,conf_005,common,2.033603017708634,0.2372985498367764,2048
augmentation,0.007,0.7000000000000001,0,5070,5570,C_all,C_all (38 coordinates),38,38,38,0.0001,pysindy.STLSQ,confirmation_24,conf_006,native,2.2629150131409266,0.2449317364399656,2070
augmentation,0.007,0.7000000000000001,0,5070,5570,C_all,C_all (38 coordinates),38,38,38,0.0001,pysindy.STLSQ,confirmation_24,conf_006,common,2.2629150131409266,0.2449317364399656,2070
augmentation,0.007,0.7000000000000001,0,5070,5570,C_all,C_all (38 coordinates),38,38,38,0.0001,pysindy.STLSQ,confirmation_24,conf_007,native,2.229950769722875,0.2820782145661367,2023
augmentation,0.007,0.7000000000000001,0,5070,5570,C_all,C_all (38 coordinates),38,38,38,0.0001,pysindy.STLSQ,confirmation_24,conf_007,common,2.229950769722875,0.2820782145661367,2023
augmentation,0.007,0.7000000000000001,0,5070,5570,C_all,C_all (38 coordinates),38,38,38,0.0001,pysindy.STLSQ,confirmation_24,conf_008,native,1.9295218761238409,0.2233814963919812,2061
augmentation,0.007,0.7000000000000001,0,5070,5570,C_all,C_all (38 coordinates),38,38,38,0.0001,pysindy.STLSQ,confirmation_24,conf_008,common,1.9295218761238409,0.2233814963919812,2061
augmentation,0.007,0.7000000000000001,0,5070,5570,C_all,C_all (38 coordinates),38,38,38,0.0001,pysindy.STLSQ,confirmation_24,conf_009,native,1.958433906348787,0.2194251099143292,2050
augmentation,0.007,0.7000000000000001,0,5070,5570,C_all,C_all (38 coordinates),38,38,38,0.0001,pysindy.STLSQ,confirmation_24,conf_009,common,1.958433906348787,0.2194251099143292,2050
augmentation,0.007,0.7000000000000001,0,5070,5570,C_all,C_all (38 coordinates),38,38,38,0.0001,pysindy.STLSQ,confirmation_24,conf_010,native,2.291192854546845,0.2726061392871133,2087
augmentation,0.007,0.7000000000000001,0,5070,5570,C_all,C_all (38 coordinates),38,38,38,0.0001,pysindy.STLSQ,confirmation_24,conf_010,common,2.291192854546845,0.2726061392871133,2087
augmentation,0.007,0.7000000000000001,0,5070,5570,C_all,C_all (38 coordinates),38,38,38,0.0001,pysindy.STLSQ,confirmation_24,conf_011,native,2.057135788430968,0.2319854592088141,2071
augmentation,0.007,0.7000000000000001,0,5070,5570,C_all,C_all (38 coordinates),38,38,38,0.0001,pysindy.STLSQ,confirmation_24,conf_011,common,2.057135788430968,0.2319854592088141,2071
augmentation,0.007,0.7000000000000001,0,5070,5570,C_all,C_all (38 coordinates),38,38,38,0.0001,pysindy.STLSQ,confirmation_24,conf_012,native,1.8728293728653904,0.20219668027912,2095
augmentation,0.007,0.7000000000000001,0,5070,5570,C_all,C_all (38 coordinates),38,38,38,0.0001,pysindy.STLSQ,confirmation_24,conf_012,common,1.8728293728653904,0.20219668027912,2095
augmentation,0.007,0.7000000000000001,0,5070,5570,C_all,C_all (38 coordinates),38,38,38,0.0001,pysindy.STLSQ,confirmation_24,conf_013,native,2.031622574956688,0.2233248140727516,2069
augmentation,0.007,0.7000000000000001,0,5070,5570,C_all,C_all (38 coordinates),38,38,38,0.0001,pysindy.STLSQ,confirmation_24,conf_013,common,2.031622574956688,0.2233248140727516,2069
augmentation,0.007,0.7000000000000001,0,5070,5570,C_all,C_all (38 coordinates),38,38,38,0.0001,pysindy.STLSQ,confirmation_24,conf_014,native,2.361643096710333,0.2860402515686622,2052
augmentation,0.007,0.7000000000000001,0,5070,5570,C_all,C_all (38 coordinates),38,38,38,0.0001,pysindy.STLSQ,confirmation_24,conf_014,common,2.361643096710333,0.2860402515686622,2052
augmentation,0.007,0.7000000000000001,0,5070,5570,C_all,C_all (38 coordinates),38,38,38,0.0001,pysindy.STLSQ,confirmation_24,conf_015,native,2.3063133569257523,0.2424572317535268,2043
augmentation,0.007,0.7000000000000001,0,5070,5570,C_all,C_all (38 coordinates),38,38,38,0.0001,pysindy.STLSQ,confirmation_24,conf_015,common,2.3063133569257523,0.2424572317535268,2043
augmentation,0.007,0.7000000000000001,0,5070,5570,C_all,C_all (38 coordinates),38,38,38,0.0001,pysindy.STLSQ,confirmation_24,conf_016,native,2.076860760018289,0.2433554628705786,2063
augmentation,0.007,0.7000000000000001,0,5070,5570,C_all,C_all (38 coordinates),38,38,38,0.0001,pysindy.STLSQ,confirmation_24,conf_016,common,2.076860760018289,0.2433554628705786,2063
augmentation,0.007,0.7000000000000001,0,5070,5570,C_all,C_all (38 coordinates),38,38,38,0.0001,pysindy.STLSQ,confirmation_24,conf_017,native,1.9497771371780832,0.2204452155999552,2052
augmentation,0.007,0.7000000000000001,0,5070,5570,C_all,C_all (38 coordinates),38,38,38,0.0001,pysindy.STLSQ,confirmation_24,conf_017,common,1.9497771371780832,0.2204452155999552,2052
augmentation,0.007,0.7000000000000001,0,5070,5570,C_all,C_all (38 coordinates),38,38,38,0.0001,pysindy.STLSQ,confirmation_24,conf_018,native,1.962791655127054,0.2083481998780245,2106
augmentation,0.007,0.7000000000000001,0,5070,5570,C_all,C_all (38 coordinates),38,38,38,0.0001,pysindy.STLSQ,confirmation_24,conf_018,common,1.962791655127054,0.2083481998780245,2106
augmentation,0.007,0.7000000000000001,0,5070,5570,C_all,C_all (38 coordinates),38,38,38,0.0001,pysindy.STLSQ,confirmation_24,conf_019,native,2.050577026908123,0.2156881900766996,2072
augmentation,0.007,0.7000000000000001,0,5070,5570,C_all,C_all (38 coordinates),38,38,38,0.0001,pysindy.STLSQ,confirmation_24,conf_019,common,2.050577026908123,0.2156881900766996,2072
augmentation,0.007,0.7000000000000001,0,5070,5570,C_all,C_all (38 coordinates),38,38,38,0.0001,pysindy.STLSQ,confirmation_24,conf_020,native,2.252743491235836,0.2568223595412363,2117
augmentation,0.007,0.7000000000000001,0,5070,5570,C_all,C_all (38 coordinates),38,38,38,0.0001,pysindy.STLSQ,confirmation_24,conf_020,common,2.252743491235836,0.2568223595412363,2117
augmentation,0.007,0.7000000000000001,0,5070,5570,C_all,C_all (38 coordinates),38,38,38,0.0001,pysindy.STLSQ,confirmation_24,conf_021,native,1.8538896491386696,0.2132848427469797,2088
augmentation,0.007,0.7000000000000001,0,5070,5570,C_all,C_all (38 coordinates),38,38,38,0.0001,pysindy.STLSQ,confirmation_24,conf_021,common,1.8538896491386696,0.2132848427469797,2088
augmentation,0.007,0.7000000000000001,0,5070,5570,C_all,C_all (38 coordinates),38,38,38,0.0001,pysindy.STLSQ,confirmation_24,conf_022,native,1.8620758676750568,0.2104550579412722,2095
augmentation,0.007,0.7000000000000001,0,5070,5570,C_all,C_all (38 coordinates),38,38,38,0.0001,pysindy.STLSQ,confirmation_24,conf_022,common,1.8620758676750568,0.2104550579412722,2095
augmentation,0.007,0.7000000000000001,0,5070,5570,C_all,C_all (38 coordinates),38,38,38,0.0001,pysindy.STLSQ,confirmation_24,conf_023,native,2.137031760793591,0.2261311662388273,2053
augmentation,0.007,0.7000000000000001,0,5070,5570,C_all,C_all (38 coordinates),38,38,38,0.0001,pysindy.STLSQ,confirmation_24,conf_023,common,2.137031760793591,0.2261311662388273,2053
augmentation,0.007,0.7000000000000001,1,5071,5571,C0_poly2,conventional quadratic,10,65,54,0.5,pysindy.STLSQ,confirmation_24,conf_000,native,3.256474777363997,0.3751212883369209,2397
augmentation,0.007,0.7000000000000001,1,5071,5571,C0_poly2,conventional quadratic,10,65,54,0.5,pysindy.STLSQ,confirmation_24,conf_000,common,3.029114211598347,0.3433263104118079,2043
augmentation,0.007,0.7000000000000001,1,5071,5571,C0_poly2,conventional quadratic,10,65,54,0.5,pysindy.STLSQ,confirmation_24,conf_001,native,2.7451990923721064,0.3091599039782636,2397
augmentation,0.007,0.7000000000000001,1,5071,5571,C0_poly2,conventional quadratic,10,65,54,0.5,pysindy.STLSQ,confirmation_24,conf_001,common,2.6386428766010708,0.2838846137218171,2067
augmentation,0.007,0.7000000000000001,1,5071,5571,C0_poly2,conventional quadratic,10,65,54,0.5,pysindy.STLSQ,confirmation_24,conf_002,native,2.1752501442169367,0.2958409974168176,2397
augmentation,0.007,0.7000000000000001,1,5071,5571,C0_poly2,conventional quadratic,10,65,54,0.5,pysindy.STLSQ,confirmation_24,conf_002,common,2.0831399279150173,0.2748289264913319,2114
augmentation,0.007,0.7000000000000001,1,5071,5571,C0_poly2,conventional quadratic,10,65,54,0.5,pysindy.STLSQ,confirmation_24,conf_003,native,2.804549314585298,0.3527849063552372,2397
augmentation,0.007,0.7000000000000001,1,5071,5571,C0_poly2,conventional quadratic,10,65,54,0.5,pysindy.STLSQ,confirmation_24,conf_003,common,2.614169645324325,0.329000689916655,2037
augmentation,0.007,0.7000000000000001,1,5071,5571,C0_poly2,conventional quadratic,10,65,54,0.5,pysindy.STLSQ,confirmation_24,conf_004,native,2.9715464666252185,0.3415827235088137,2397
augmentation,0.007,0.7000000000000001,1,5071,5571,C0_poly2,conventional quadratic,10,65,54,0.5,pysindy.STLSQ,confirmation_24,conf_004,common,2.891231226595034,0.3223345430325016,2076
augmentation,0.007,0.7000000000000001,1,5071,5571,C0_poly2,conventional quadratic,10,65,54,0.5,pysindy.STLSQ,confirmation_24,conf_005,native,3.004685172540563,0.3494875936331124,2397
augmentation,0.007,0.7000000000000001,1,5071,5571,C0_poly2,conventional quadratic,10,65,54,0.5,pysindy.STLSQ,confirmation_24,conf_005,common,2.7509990056180857,0.3174083880628934,2010
augmentation,0.007,0.7000000000000001,1,5071,5571,C0_poly2,conventional quadratic,10,65,54,0.5,pysindy.STLSQ,confirmation_24,conf_006,native,3.079093959964193,0.3444485913541984,2397
augmentation,0.007,0.7000000000000001,1,5071,5571,C0_poly2,conventional quadratic,10,65,54,0.5,pysindy.STLSQ,confirmation_24,conf_006,common,3.0187080951013523,0.3284912241270159,2069
augmentation,0.007,0.7000000000000001,1,5071,5571,C0_poly2,conventional quadratic,10,65,54,0.5,pysindy.STLSQ,confirmation_24,conf_007,native,3.2199913826803304,0.3984314696114763,2397
augmentation,0.007,0.7000000000000001,1,5071,5571,C0_poly2,conventional quadratic,10,65,54,0.5,pysindy.STLSQ,confirmation_24,conf_007,common,2.9520158715162053,0.3725886754390894,1998
augmentation,0.007,0.7000000000000001,1,5071,5571,C0_poly2,conventional quadratic,10,65,54,0.5,pysindy.STLSQ,confirmation_24,conf_008,native,2.786663779518097,0.3323952195718946,2397
augmentation,0.007,0.7000000000000001,1,5071,5571,C0_poly2,conventional quadratic,10,65,54,0.5,pysindy.STLSQ,confirmation_24,conf_008,common,2.6955605353734726,0.3127535754026107,2053
augmentation,0.007,0.7000000000000001,1,5071,5571,C0_poly2,conventional quadratic,10,65,54,0.5,pysindy.STLSQ,confirmation_24,conf_009,native,2.8996283866450945,0.3353834132675229,2397
augmentation,0.007,0.7000000000000001,1,5071,5571,C0_poly2,conventional quadratic,10,65,54,0.5,pysindy.STLSQ,confirmation_24,conf_009,common,2.752452490432185,0.3098286409596277,2071
augmentation,0.007,0.7000000000000001,1,5071,5571,C0_poly2,conventional quadratic,10,65,54,0.5,pysindy.STLSQ,confirmation_24,conf_010,native,3.062261103621052,0.3668511503171334,2397
augmentation,0.007,0.7000000000000001,1,5071,5571,C0_poly2,conventional quadratic,10,65,54,0.5,pysindy.STLSQ,confirmation_24,conf_010,common,2.8632199454420286,0.340141581365685,2054
augmentation,0.007,0.7000000000000001,1,5071,5571,C0_poly2,conventional quadratic,10,65,54,0.5,pysindy.STLSQ,confirmation_24,conf_011,native,2.930917833631893,0.3401476746367164,2397
augmentation,0.007,0.7000000000000001,1,5071,5571,C0_poly2,conventional quadratic,10,65,54,0.5,pysindy.STLSQ,confirmation_24,conf_011,common,2.865238254039637,0.3223369805389269,2065
augmentation,0.007,0.7000000000000001,1,5071,5571,C0_poly2,conventional quadratic,10,65,54,0.5,pysindy.STLSQ,confirmation_24,conf_012,native,2.8662352038678662,0.3209037405590511,2397
augmentation,0.007,0.7000000000000001,1,5071,5571,C0_poly2,conventional quadratic,10,65,54,0.5,pysindy.STLSQ,confirmation_24,conf_012,common,2.7551575012753107,0.2947845898949867,2059
augmentation,0.007,0.7000000000000001,1,5071,5571,C0_poly2,conventional quadratic,10,65,54,0.5,pysindy.STLSQ,confirmation_24,conf_013,native,2.913087196944567,0.3322672683723666,2397
augmentation,0.007,0.7000000000000001,1,5071,5571,C0_poly2,conventional quadratic,10,65,54,0.5,pysindy.STLSQ,confirmation_24,conf_013,common,2.8356089476175743,0.3125434204384106,2082
augmentation,0.007,0.7000000000000001,1,5071,5571,C0_poly2,conventional quadratic,10,65,54,0.5,pysindy.STLSQ,confirmation_24,conf_014,native,3.1058135927130173,0.3754773669678959,2397
augmentation,0.007,0.7000000000000001,1,5071,5571,C0_poly2,conventional quadratic,10,65,54,0.5,pysindy.STLSQ,confirmation_24,conf_014,common,2.8816698643539067,0.3490698378869049,2037
augmentation,0.007,0.7000000000000001,1,5071,5571,C0_poly2,conventional quadratic,10,65,54,0.5,pysindy.STLSQ,confirmation_24,conf_015,native,3.3188961082653234,0.3593245857085633,2397
augmentation,0.007,0.7000000000000001,1,5071,5571,C0_poly2,conventional quadratic,10,65,54,0.5,pysindy.STLSQ,confirmation_24,conf_015,common,3.1177546453008067,0.3268380384388835,2017
augmentation,0.007,0.7000000000000001,1,5071,5571,C0_poly2,conventional quadratic,10,65,54,0.5,pysindy.STLSQ,confirmation_24,conf_016,native,2.8444313907673417,0.3415123791906091,2397
augmentation,0.007,0.7000000000000001,1,5071,5571,C0_poly2,conventional quadratic,10,65,54,0.5,pysindy.STLSQ,confirmation_24,conf_016,common,2.7291680574383643,0.3216232634697283,2101
augmentation,0.007,0.7000000000000001,1,5071,5571,C0_poly2,conventional quadratic,10,65,54,0.5,pysindy.STLSQ,confirmation_24,conf_017,native,2.9073234010141173,0.3374766649066757,2397
augmentation,0.007,0.7000000000000001,1,5071,5571,C0_poly2,conventional quadratic,10,65,54,0.5,pysindy.STLSQ,confirmation_24,conf_017,common,2.7651198943807693,0.3127560705893715,2071
augmentation,0.007,0.7000000000000001,1,5071,5571,C0_poly2,conventional quadratic,10,65,54,0.5,pysindy.STLSQ,confirmation_24,conf_018,native,2.883700029356109,0.3190027575092946,2397
augmentation,0.007,0.7000000000000001,1,5071,5571,C0_poly2,conventional quadratic,10,65,54,0.5,pysindy.STLSQ,confirmation_24,conf_018,common,2.771065047063139,0.2953649607079424,2104
augmentation,0.007,0.7000000000000001,1,5071,5571,C0_poly2,conventional quadratic,10,65,54,0.5,pysindy.STLSQ,confirmation_24,conf_019,native,3.003950499317821,0.3296893985425683,2397
augmentation,0.007,0.7000000000000001,1,5071,5571,C0_poly2,conventional quadratic,10,65,54,0.5,pysindy.STLSQ,confirmation_24,conf_019,common,2.9061140987251903,0.3052184408297151,2042
augmentation,0.007,0.7000000000000001,1,5071,5571,C0_poly2,conventional quadratic,10,65,54,0.5,pysindy.STLSQ,confirmation_24,conf_020,native,3.067602922115368,0.3543948469454153,2397
augmentation,0.007,0.7000000000000001,1,5071,5571,C0_poly2,conventional quadratic,10,65,54,0.5,pysindy.STLSQ,confirmation_24,conf_020,common,2.924422731250952,0.3295167582557489,2064
augmentation,0.007,0.7000000000000001,1,5071,5571,C0_poly2,conventional quadratic,10,65,54,0.5,pysindy.STLSQ,confirmation_24,conf_021,native,2.734408336294265,0.3244870624783899,2397
augmentation,0.007,0.7000000000000001,1,5071,5571,C0_poly2,conventional quadratic,10,65,54,0.5,pysindy.STLSQ,confirmation_24,conf_021,common,2.611265026915361,0.3003424666654961,2076
augmentation,0.007,0.7000000000000001,1,5071,5571,C0_poly2,conventional quadratic,10,65,54,0.5,pysindy.STLSQ,confirmation_24,conf_022,native,2.705902832326562,0.3175854761481924,2397
augmentation,0.007,0.7000000000000001,1,5071,5571,C0_poly2,conventional quadratic,10,65,54,0.5,pysindy.STLSQ,confirmation_24,conf_022,common,2.6315662140080365,0.2989555236529027,2110
augmentation,0.007,0.7000000000000001,1,5071,5571,C0_poly2,conventional quadratic,10,65,54,0.5,pysindy.STLSQ,confirmation_24,conf_023,native,3.028038097569654,0.3328148507524255,2397
augmentation,0.007,0.7000000000000001,1,5071,5571,C0_poly2,conventional quadratic,10,65,54,0.5,pysindy.STLSQ,confirmation_24,conf_023,common,2.949350001285689,0.3130635813219887,2052
augmentation,0.007,0.7000000000000001,1,5071,5571,C_compact,compact (12 coordinates),12,12,6,0.5,pysindy.STLSQ,confirmation_24,conf_000,native,4.092670590830846,0.4755194926563145,2249
augmentation,0.007,0.7000000000000001,1,5071,5571,C_compact,compact (12 coordinates),12,12,6,0.5,pysindy.STLSQ,confirmation_24,conf_000,common,3.9683926512815617,0.449786146066416,2043
augmentation,0.007,0.7000000000000001,1,5071,5571,C_compact,compact (12 coordinates),12,12,6,0.5,pysindy.STLSQ,confirmation_24,conf_001,native,4.129839861831511,0.453640357772368,2258
augmentation,0.007,0.7000000000000001,1,5071,5571,C_compact,compact (12 coordinates),12,12,6,0.5,pysindy.STLSQ,confirmation_24,conf_001,common,4.014843841054136,0.4319464384809911,2067
augmentation,0.007,0.7000000000000001,1,5071,5571,C_compact,compact (12 coordinates),12,12,6,0.5,pysindy.STLSQ,confirmation_24,conf_002,native,3.1140229409832765,0.4204027853393263,2323
augmentation,0.007,0.7000000000000001,1,5071,5571,C_compact,compact (12 coordinates),12,12,6,0.5,pysindy.STLSQ,confirmation_24,conf_002,common,2.988331272024209,0.3942509403642875,2114
augmentation,0.007,0.7000000000000001,1,5071,5571,C_compact,compact (12 coordinates),12,12,6,0.5,pysindy.STLSQ,confirmation_24,conf_003,native,3.185099408151957,0.4082114285987172,2248
augmentation,0.007,0.7000000000000001,1,5071,5571,C_compact,compact (12 coordinates),12,12,6,0.5,pysindy.STLSQ,confirmation_24,conf_003,common,2.9910131574344203,0.3764275184304773,2037
augmentation,0.007,0.7000000000000001,1,5071,5571,C_compact,compact (12 coordinates),12,12,6,0.5,pysindy.STLSQ,confirmation_24,conf_004,native,4.080623890306806,0.4640058000249022,2260
augmentation,0.007,0.7000000000000001,1,5071,5571,C_compact,compact (12 coordinates),12,12,6,0.5,pysindy.STLSQ,confirmation_24,conf_004,common,3.914764255987306,0.4364451158130718,2076
augmentation,0.007,0.7000000000000001,1,5071,5571,C_compact,compact (12 coordinates),12,12,6,0.5,pysindy.STLSQ,confirmation_24,conf_005,native,3.332786287723589,0.3924715576254122,2192
augmentation,0.007,0.7000000000000001,1,5071,5571,C_compact,compact (12 coordinates),12,12,6,0.5,pysindy.STLSQ,confirmation_24,conf_005,common,3.207359507688771,0.3700629513840764,2010
augmentation,0.007,0.7000000000000001,1,5071,5571,C_compact,compact (12 coordinates),12,12,6,0.5,pysindy.STLSQ,confirmation_24,conf_006,native,4.450685472033578,0.4918640272095906,2263
augmentation,0.007,0.7000000000000001,1,5071,5571,C_compact,compact (12 coordinates),12,12,6,0.5,pysindy.STLSQ,confirmation_24,conf_006,common,4.215869886076433,0.4587645496047784,2069
augmentation,0.007,0.7000000000000001,1,5071,5571,C_compact,compact (12 coordinates),12,12,6,0.5,pysindy.STLSQ,confirmation_24,conf_007,native,3.3219807448155403,0.4259170984509376,2227
augmentation,0.007,0.7000000000000001,1,5071,5571,C_compact,compact (12 coordinates),12,12,6,0.5,pysindy.STLSQ,confirmation_24,conf_007,common,3.1407842833885646,0.3964140800457857,1998
augmentation,0.007,0.7000000000000001,1,5071,5571,C_compact,compact (12 coordinates),12,12,6,0.5,pysindy.STLSQ,confirmation_24,conf_008,native,3.934247363935965,0.4651319392583701,2266
augmentation,0.007,0.7000000000000001,1,5071,5571,C_compact,compact (12 coordinates),12,12,6,0.5,pysindy.STLSQ,confirmation_24,conf_008,common,3.789138309497897,0.4396364089913785,2053
augmentation,0.007,0.7000000000000001,1,5071,5571,C_compact,compact (12 coordinates),12,12,6,0.5,pysindy.STLSQ,confirmation_24,conf_009,native,4.096717087537795,0.4685465352233214,2241
augmentation,0.007,0.7000000000000001,1,5071,5571,C_compact,compact (12 coordinates),12,12,6,0.5,pysindy.STLSQ,confirmation_24,conf_009,common,3.9365384859685126,0.4431147761614541,2071
augmentation,0.007,0.7000000000000001,1,5071,5571,C_compact,compact (12 coordinates),12,12,6,0.5,pysindy.STLSQ,confirmation_24,conf_010,native,3.832297809721408,0.4641847441920966,2262
augmentation,0.007,0.7000000000000001,1,5071,5571,C_compact,compact (12 coordinates),12,12,6,0.5,pysindy.STLSQ,confirmation_24,conf_010,common,3.733690691113504,0.4435507855508538,2054
augmentation,0.007,0.7000000000000001,1,5071,5571,C_compact,compact (12 coordinates),12,12,6,0.5,pysindy.STLSQ,confirmation_24,conf_011,native,3.980130547993768,0.456160851362364,2252
augmentation,0.007,0.7000000000000001,1,5071,5571,C_compact,compact (12 coordinates),12,12,6,0.5,pysindy.STLSQ,confirmation_24,conf_011,common,3.800694265440228,0.4275750233846592,2065
augmentation,0.007,0.7000000000000001,1,5071,5571,C_compact,compact (12 coordinates),12,12,6,0.5,pysindy.STLSQ,confirmation_24,conf_012,native,4.397237306072765,0.4795577257176373,2238
augmentation,0.007,0.7000000000000001,1,5071,5571,C_compact,compact (12 coordinates),12,12,6,0.5,pysindy.STLSQ,confirmation_24,conf_012,common,4.242746380895763,0.4539472793631118,2059
augmentation,0.007,0.7000000000000001,1,5071,5571,C_compact,compact (12 coordinates),12,12,6,0.5,pysindy.STLSQ,confirmation_24,conf_013,native,4.278995121428216,0.481230062749104,2287
augmentation,0.007,0.7000000000000001,1,5071,5571,C_compact,compact (12 coordinates),12,12,6,0.5,pysindy.STLSQ,confirmation_24,conf_013,common,4.088100412864255,0.4505941791465215,2082
augmentation,0.007,0.7000000000000001,1,5071,5571,C_compact,compact (12 coordinates),12,12,6,0.5,pysindy.STLSQ,confirmation_24,conf_014,native,3.6662676884626175,0.4514226055151182,2251
augmentation,0.007,0.7000000000000001,1,5071,5571,C_compact,compact (12 coordinates),12,12,6,0.5,pysindy.STLSQ,confirmation_24,conf_014,common,3.546901143606596,0.4296523423848997,2037
augmentation,0.007,0.7000000000000001,1,5071,5571,C_compact,compact (12 coordinates),12,12,6,0.5,pysindy.STLSQ,confirmation_24,conf_015,native,4.479977438977884,0.4786167691451328,2217
augmentation,0.007,0.7000000000000001,1,5071,5571,C_compact,compact (12 coordinates),12,12,6,0.5,pysindy.STLSQ,confirmation_24,conf_015,common,4.123150474251348,0.4322349147081917,2017
augmentation,0.007,0.7000000000000001,1,5071,5571,C_compact,compact (12 coordinates),12,12,6,0.5,pysindy.STLSQ,confirmation_24,conf_016,native,3.9699767487188793,0.4761517472876113,2285
augmentation,0.007,0.7000000000000001,1,5071,5571,C_compact,compact (12 coordinates),12,12,6,0.5,pysindy.STLSQ,confirmation_24,conf_016,common,3.789870430634624,0.4466234656037339,2101
augmentation,0.007,0.7000000000000001,1,5071,5571,C_compact,compact (12 coordinates),12,12,6,0.5,pysindy.STLSQ,confirmation_24,conf_017,native,3.999103017228705,0.4613017902977379,2271
augmentation,0.007,0.7000000000000001,1,5071,5571,C_compact,compact (12 coordinates),12,12,6,0.5,pysindy.STLSQ,confirmation_24,conf_017,common,3.803609680162345,0.430217156240046,2071
augmentation,0.007,0.7000000000000001,1,5071,5571,C_compact,compact (12 coordinates),12,12,6,0.5,pysindy.STLSQ,confirmation_24,conf_018,native,4.672971839352418,0.5055972060342133,2285
augmentation,0.007,0.7000000000000001,1,5071,5571,C_compact,compact (12 coordinates),12,12,6,0.5,pysindy.STLSQ,confirmation_24,conf_018,common,4.498256221915419,0.4794644837545138,2104
augmentation,0.007,0.7000000000000001,1,5071,5571,C_compact,compact (12 coordinates),12,12,6,0.5,pysindy.STLSQ,confirmation_24,conf_019,native,4.372983176252578,0.4686256120080918,2246
augmentation,0.007,0.7000000000000001,1,5071,5571,C_compact,compact (12 coordinates),12,12,6,0.5,pysindy.STLSQ,confirmation_24,conf_019,common,4.2114121732806815,0.4423090813206101,2042
augmentation,0.007,0.7000000000000001,1,5071,5571,C_compact,compact (12 coordinates),12,12,6,0.5,pysindy.STLSQ,confirmation_24,conf_020,native,3.8503808510086257,0.444567466779251,2292
augmentation,0.007,0.7000000000000001,1,5071,5571,C_compact,compact (12 coordinates),12,12,6,0.5,pysindy.STLSQ,confirmation_24,conf_020,common,3.5942545036483717,0.4049917543493146,2064
augmentation,0.007,0.7000000000000001,1,5071,5571,C_compact,compact (12 coordinates),12,12,6,0.5,pysindy.STLSQ,confirmation_24,conf_021,native,3.8035538117972023,0.4465966716379927,2290
augmentation,0.007,0.7000000000000001,1,5071,5571,C_compact,compact (12 coordinates),12,12,6,0.5,pysindy.STLSQ,confirmation_24,conf_021,common,3.68010835778128,0.4232786830825822,2076
augmentation,0.007,0.7000000000000001,1,5071,5571,C_compact,compact (12 coordinates),12,12,6,0.5,pysindy.STLSQ,confirmation_24,conf_022,native,4.171029405058071,0.48180301922331,2294
augmentation,0.007,0.7000000000000001,1,5071,5571,C_compact,compact (12 coordinates),12,12,6,0.5,pysindy.STLSQ,confirmation_24,conf_022,common,3.920851827781537,0.4454230735675079,2110
augmentation,0.007,0.7000000000000001,1,5071,5571,C_compact,compact (12 coordinates),12,12,6,0.5,pysindy.STLSQ,confirmation_24,conf_023,native,4.540806304784758,0.4900701799198201,2245
augmentation,0.007,0.7000000000000001,1,5071,5571,C_compact,compact (12 coordinates),12,12,6,0.5,pysindy.STLSQ,confirmation_24,conf_023,common,4.32658264218521,0.4592521932824516,2052
augmentation,0.007,0.7000000000000001,1,5071,5571,C_all,C_all (38 coordinates),38,38,38,0.0001,pysindy.STLSQ,confirmation_24,conf_000,native,2.2917058097328,0.259746858402444,2043
augmentation,0.007,0.7000000000000001,1,5071,5571,C_all,C_all (38 coordinates),38,38,38,0.0001,pysindy.STLSQ,confirmation_24,conf_000,common,2.2917058097328,0.259746858402444,2043
augmentation,0.007,0.7000000000000001,1,5071,5571,C_all,C_all (38 coordinates),38,38,38,0.0001,pysindy.STLSQ,confirmation_24,conf_001,native,1.7308181929582038,0.1862141551961597,2067
augmentation,0.007,0.7000000000000001,1,5071,5571,C_all,C_all (38 coordinates),38,38,38,0.0001,pysindy.STLSQ,confirmation_24,conf_001,common,1.7308181929582038,0.1862141551961597,2067
augmentation,0.007,0.7000000000000001,1,5071,5571,C_all,C_all (38 coordinates),38,38,38,0.0001,pysindy.STLSQ,confirmation_24,conf_002,native,1.3808364264896904,0.1821739325654028,2114
augmentation,0.007,0.7000000000000001,1,5071,5571,C_all,C_all (38 coordinates),38,38,38,0.0001,pysindy.STLSQ,confirmation_24,conf_002,common,1.3808364264896904,0.1821739325654028,2114
augmentation,0.007,0.7000000000000001,1,5071,5571,C_all,C_all (38 coordinates),38,38,38,0.0001,pysindy.STLSQ,confirmation_24,conf_003,native,1.9409565603545909,0.2442749071763831,2037
augmentation,0.007,0.7000000000000001,1,5071,5571,C_all,C_all (38 coordinates),38,38,38,0.0001,pysindy.STLSQ,confirmation_24,conf_003,common,1.9409565603545909,0.2442749071763831,2037
augmentation,0.007,0.7000000000000001,1,5071,5571,C_all,C_all (38 coordinates),38,38,38,0.0001,pysindy.STLSQ,confirmation_24,conf_004,native,2.1896905791021606,0.2441219179237682,2076
augmentation,0.007,0.7000000000000001,1,5071,5571,C_all,C_all (38 coordinates),38,38,38,0.0001,pysindy.STLSQ,confirmation_24,conf_004,common,2.1896905791021606,0.2441219179237682,2076
augmentation,0.007,0.7000000000000001,1,5071,5571,C_all,C_all (38 coordinates),38,38,38,0.0001,pysindy.STLSQ,confirmation_24,conf_005,native,2.0095994834756525,0.2318662171085434,2010
augmentation,0.007,0.7000000000000001,1,5071,5571,C_all,C_all (38 coordinates),38,38,38,0.0001,pysindy.STLSQ,confirmation_24,conf_005,common,2.0095994834756525,0.2318662171085434,2010
augmentation,0.007,0.7000000000000001,1,5071,5571,C_all,C_all (38 coordinates),38,38,38,0.0001,pysindy.STLSQ,confirmation_24,conf_006,native,2.259500287182719,0.2458753850551009,2069
augmentation,0.007,0.7000000000000001,1,5071,5571,C_all,C_all (38 coordinates),38,38,38,0.0001,pysindy.STLSQ,confirmation_24,conf_006,common,2.259500287182719,0.2458753850551009,2069
augmentation,0.007,0.7000000000000001,1,5071,5571,C_all,C_all (38 coordinates),38,38,38,0.0001,pysindy.STLSQ,confirmation_24,conf_007,native,2.243962015928729,0.2832216599232211,1998
augmentation,0.007,0.7000000000000001,1,5071,5571,C_all,C_all (38 coordinates),38,38,38,0.0001,pysindy.STLSQ,confirmation_24,conf_007,common,2.243962015928729,0.2832216599232211,1998
augmentation,0.007,0.7000000000000001,1,5071,5571,C_all,C_all (38 coordinates),38,38,38,0.0001,pysindy.STLSQ,confirmation_24,conf_008,native,1.9600001284458335,0.2274098614802874,2053
augmentation,0.007,0.7000000000000001,1,5071,5571,C_all,C_all (38 coordinates),38,38,38,0.0001,pysindy.STLSQ,confirmation_24,conf_008,common,1.9600001284458335,0.2274098614802874,2053
augmentation,0.007,0.7000000000000001,1,5071,5571,C_all,C_all (38 coordinates),38,38,38,0.0001,pysindy.STLSQ,confirmation_24,conf_009,native,1.8923683437478511,0.2130136357217766,2071
augmentation,0.007,0.7000000000000001,1,5071,5571,C_all,C_all (38 coordinates),38,38,38,0.0001,pysindy.STLSQ,confirmation_24,conf_009,common,1.8923683437478511,0.2130136357217766,2071
augmentation,0.007,0.7000000000000001,1,5071,5571,C_all,C_all (38 coordinates),38,38,38,0.0001,pysindy.STLSQ,confirmation_24,conf_010,native,2.3025919591226263,0.2735407286690188,2054
augmentation,0.007,0.7000000000000001,1,5071,5571,C_all,C_all (38 coordinates),38,38,38,0.0001,pysindy.STLSQ,confirmation_24,conf_010,common,2.3025919591226263,0.2735407286690188,2054
augmentation,0.007,0.7000000000000001,1,5071,5571,C_all,C_all (38 coordinates),38,38,38,0.0001,pysindy.STLSQ,confirmation_24,conf_011,native,2.0624570981002286,0.2320247513641873,2065
augmentation,0.007,0.7000000000000001,1,5071,5571,C_all,C_all (38 coordinates),38,38,38,0.0001,pysindy.STLSQ,confirmation_24,conf_011,common,2.0624570981002286,0.2320247513641873,2065
augmentation,0.007,0.7000000000000001,1,5071,5571,C_all,C_all (38 coordinates),38,38,38,0.0001,pysindy.STLSQ,confirmation_24,conf_012,native,1.783279213253975,0.1907997024866994,2059
augmentation,0.007,0.7000000000000001,1,5071,5571,C_all,C_all (38 coordinates),38,38,38,0.0001,pysindy.STLSQ,confirmation_24,conf_012,common,1.783279213253975,0.1907997024866994,2059
augmentation,0.007,0.7000000000000001,1,5071,5571,C_all,C_all (38 coordinates),38,38,38,0.0001,pysindy.STLSQ,confirmation_24,conf_013,native,2.0511396543473874,0.2260784950284513,2082
augmentation,0.007,0.7000000000000001,1,5071,5571,C_all,C_all (38 coordinates),38,38,38,0.0001,pysindy.STLSQ,confirmation_24,conf_013,common,2.0511396543473874,0.2260784950284513,2082
augmentation,0.007,0.7000000000000001,1,5071,5571,C_all,C_all (38 coordinates),38,38,38,0.0001,pysindy.STLSQ,confirmation_24,conf_014,native,2.2912900189405767,0.277554429588622,2037
augmentation,0.007,0.7000000000000001,1,5071,5571,C_all,C_all (38 coordinates),38,38,38,0.0001,pysindy.STLSQ,confirmation_24,conf_014,common,2.2912900189405767,0.277554429588622,2037
augmentation,0.007,0.7000000000000001,1,5071,5571,C_all,C_all (38 coordinates),38,38,38,0.0001,pysindy.STLSQ,confirmation_24,conf_015,native,2.221486296299036,0.2328811295640568,2017
augmentation,0.007,0.7000000000000001,1,5071,5571,C_all,C_all (38 coordinates),38,38,38,0.0001,pysindy.STLSQ,confirmation_24,conf_015,common,2.221486296299036,0.2328811295640568,2017
augmentation,0.007,0.7000000000000001,1,5071,5571,C_all,C_all (38 coordinates),38,38,38,0.0001,pysindy.STLSQ,confirmation_24,conf_016,native,2.055107186528382,0.2421874601345532,2101
augmentation,0.007,0.7000000000000001,1,5071,5571,C_all,C_all (38 coordinates),38,38,38,0.0001,pysindy.STLSQ,confirmation_24,conf_016,common,2.055107186528382,0.2421874601345532,2101
augmentation,0.007,0.7000000000000001,1,5071,5571,C_all,C_all (38 coordinates),38,38,38,0.0001,pysindy.STLSQ,confirmation_24,conf_017,native,1.9686979389060424,0.2226746958787967,2071
augmentation,0.007,0.7000000000000001,1,5071,5571,C_all,C_all (38 coordinates),38,38,38,0.0001,pysindy.STLSQ,confirmation_24,conf_017,common,1.9686979389060424,0.2226746958787967,2071
augmentation,0.007,0.7000000000000001,1,5071,5571,C_all,C_all (38 coordinates),38,38,38,0.0001,pysindy.STLSQ,confirmation_24,conf_018,native,1.971821185000472,0.2101743831123725,2104
augmentation,0.007,0.7000000000000001,1,5071,5571,C_all,C_all (38 coordinates),38,38,38,0.0001,pysindy.STLSQ,confirmation_24,conf_018,common,1.971821185000472,0.2101743831123725,2104
augmentation,0.007,0.7000000000000001,1,5071,5571,C_all,C_all (38 coordinates),38,38,38,0.0001,pysindy.STLSQ,confirmation_24,conf_019,native,1.9575767958634092,0.2055970678164207,2042
augmentation,0.007,0.7000000000000001,1,5071,5571,C_all,C_all (38 coordinates),38,38,38,0.0001,pysindy.STLSQ,confirmation_24,conf_019,common,1.9575767958634092,0.2055970678164207,2042
augmentation,0.007,0.7000000000000001,1,5071,5571,C_all,C_all (38 coordinates),38,38,38,0.0001,pysindy.STLSQ,confirmation_24,conf_020,native,2.1997927776672603,0.2478672379287843,2064
augmentation,0.007,0.7000000000000001,1,5071,5571,C_all,C_all (38 coordinates),38,38,38,0.0001,pysindy.STLSQ,confirmation_24,conf_020,common,2.1997927776672603,0.2478672379287843,2064
augmentation,0.007,0.7000000000000001,1,5071,5571,C_all,C_all (38 coordinates),38,38,38,0.0001,pysindy.STLSQ,confirmation_24,conf_021,native,1.8543974905211844,0.2132890804804131,2076
augmentation,0.007,0.7000000000000001,1,5071,5571,C_all,C_all (38 coordinates),38,38,38,0.0001,pysindy.STLSQ,confirmation_24,conf_021,common,1.8543974905211844,0.2132890804804131,2076
augmentation,0.007,0.7000000000000001,1,5071,5571,C_all,C_all (38 coordinates),38,38,38,0.0001,pysindy.STLSQ,confirmation_24,conf_022,native,1.9017408312364912,0.2160446972711724,2110
augmentation,0.007,0.7000000000000001,1,5071,5571,C_all,C_all (38 coordinates),38,38,38,0.0001,pysindy.STLSQ,confirmation_24,conf_022,common,1.9017408312364912,0.2160446972711724,2110
augmentation,0.007,0.7000000000000001,1,5071,5571,C_all,C_all (38 coordinates),38,38,38,0.0001,pysindy.STLSQ,confirmation_24,conf_023,native,2.037996493529747,0.2163264721745297,2052
augmentation,0.007,0.7000000000000001,1,5071,5571,C_all,C_all (38 coordinates),38,38,38,0.0001,pysindy.STLSQ,confirmation_24,conf_023,common,2.037996493529747,0.2163264721745297,2052
augmentation,0.007,0.7000000000000001,2,5072,5572,C0_poly2,conventional quadratic,10,65,59,0.5,pysindy.STLSQ,confirmation_24,conf_000,native,3.245903925023681,0.3739036060209754,2397
augmentation,0.007,0.7000000000000001,2,5072,5572,C0_poly2,conventional quadratic,10,65,59,0.5,pysindy.STLSQ,confirmation_24,conf_000,common,3.0115329943717195,0.3440226110700707,2058
augmentation,0.007,0.7000000000000001,2,5072,5572,C0_poly2,conventional quadratic,10,65,59,0.5,pysindy.STLSQ,confirmation_24,conf_001,native,2.7613022556914943,0.3109734163167317,2397
augmentation,0.007,0.7000000000000001,2,5072,5572,C0_poly2,conventional quadratic,10,65,59,0.5,pysindy.STLSQ,confirmation_24,conf_001,common,2.660796365858092,0.2871280356102114,2079
augmentation,0.007,0.7000000000000001,2,5072,5572,C0_poly2,conventional quadratic,10,65,59,0.5,pysindy.STLSQ,confirmation_24,conf_002,native,2.1756407266593665,0.2958941178819049,2397
augmentation,0.007,0.7000000000000001,2,5072,5572,C0_poly2,conventional quadratic,10,65,59,0.5,pysindy.STLSQ,confirmation_24,conf_002,common,2.0818184974147558,0.2729744497210531,2095
augmentation,0.007,0.7000000000000001,2,5072,5572,C0_poly2,conventional quadratic,10,65,59,0.5,pysindy.STLSQ,confirmation_24,conf_003,native,2.814345834276217,0.3540172128309317,2397
augmentation,0.007,0.7000000000000001,2,5072,5572,C0_poly2,conventional quadratic,10,65,59,0.5,pysindy.STLSQ,confirmation_24,conf_003,common,2.64394058930903,0.331948482736267,2024
augmentation,0.007,0.7000000000000001,2,5072,5572,C0_poly2,conventional quadratic,10,65,59,0.5,pysindy.STLSQ,confirmation_24,conf_004,native,2.9701929023041185,0.3414271297153333,2397
augmentation,0.007,0.7000000000000001,2,5072,5572,C0_poly2,conventional quadratic,10,65,59,0.5,pysindy.STLSQ,confirmation_24,conf_004,common,2.894143476613884,0.324487681440326,2102
augmentation,0.007,0.7000000000000001,2,5072,5572,C0_poly2,conventional quadratic,10,65,59,0.5,pysindy.STLSQ,confirmation_24,conf_005,native,3.0033675561764546,0.3493343361215993,2397
augmentation,0.007,0.7000000000000001,2,5072,5572,C0_poly2,conventional quadratic,10,65,59,0.5,pysindy.STLSQ,confirmation_24,conf_005,common,2.719364217830763,0.3142706371750196,1997
augmentation,0.007,0.7000000000000001,2,5072,5572,C0_poly2,conventional quadratic,10,65,59,0.5,pysindy.STLSQ,confirmation_24,conf_006,native,3.068327792108365,0.3432442138975696,2397
augmentation,0.007,0.7000000000000001,2,5072,5572,C0_poly2,conventional quadratic,10,65,59,0.5,pysindy.STLSQ,confirmation_24,conf_006,common,2.9997951083520933,0.3256280203551215,2075
augmentation,0.007,0.7000000000000001,2,5072,5572,C0_poly2,conventional quadratic,10,65,59,0.5,pysindy.STLSQ,confirmation_24,conf_007,native,3.222874362718179,0.3987882003715395,2397
augmentation,0.007,0.7000000000000001,2,5072,5572,C0_poly2,conventional quadratic,10,65,59,0.5,pysindy.STLSQ,confirmation_24,conf_007,common,2.947081024237347,0.3722002449782316,2018
augmentation,0.007,0.7000000000000001,2,5072,5572,C0_poly2,conventional quadratic,10,65,59,0.5,pysindy.STLSQ,confirmation_24,conf_008,native,2.7645789276786794,0.3297609228797958,2397
augmentation,0.007,0.7000000000000001,2,5072,5572,C0_poly2,conventional quadratic,10,65,59,0.5,pysindy.STLSQ,confirmation_24,conf_008,common,2.655439384420868,0.3078228097591077,2057
augmentation,0.007,0.7000000000000001,2,5072,5572,C0_poly2,conventional quadratic,10,65,59,0.5,pysindy.STLSQ,confirmation_24,conf_009,native,2.9026736451805437,0.3357356408862774,2397
augmentation,0.007,0.7000000000000001,2,5072,5572,C0_poly2,conventional quadratic,10,65,59,0.5,pysindy.STLSQ,confirmation_24,conf_009,common,2.763571826306051,0.3108674518148376,2076
augmentation,0.007,0.7000000000000001,2,5072,5572,C0_poly2,conventional quadratic,10,65,59,0.5,pysindy.STLSQ,confirmation_24,conf_010,native,3.073791878269165,0.3682325080134794,2397
augmentation,0.007,0.7000000000000001,2,5072,5572,C0_poly2,conventional quadratic,10,65,59,0.5,pysindy.STLSQ,confirmation_24,conf_010,common,2.896258523610155,0.344747307578802,2077
augmentation,0.007,0.7000000000000001,2,5072,5572,C0_poly2,conventional quadratic,10,65,59,0.5,pysindy.STLSQ,confirmation_24,conf_011,native,2.9488774302931127,0.3422319756606579,2397
augmentation,0.007,0.7000000000000001,2,5072,5572,C0_poly2,conventional quadratic,10,65,59,0.5,pysindy.STLSQ,confirmation_24,conf_011,common,2.8744028020607546,0.3242544656636142,2078
augmentation,0.007,0.7000000000000001,2,5072,5572,C0_poly2,conventional quadratic,10,65,59,0.5,pysindy.STLSQ,confirmation_24,conf_012,native,2.8570592337664897,0.3198763987956061,2397
augmentation,0.007,0.7000000000000001,2,5072,5572,C0_poly2,conventional quadratic,10,65,59,0.5,pysindy.STLSQ,confirmation_24,conf_012,common,2.7693409557468143,0.296341077326944,2035
augmentation,0.007,0.7000000000000001,2,5072,5572,C0_poly2,conventional quadratic,10,65,59,0.5,pysindy.STLSQ,confirmation_24,conf_013,native,2.9121482396812426,0.3321601707319903,2397
augmentation,0.007,0.7000000000000001,2,5072,5572,C0_poly2,conventional quadratic,10,65,59,0.5,pysindy.STLSQ,confirmation_24,conf_013,common,2.823477705427398,0.3119610731996479,2094
augmentation,0.007,0.7000000000000001,2,5072,5572,C0_poly2,conventional quadratic,10,65,59,0.5,pysindy.STLSQ,confirmation_24,conf_014,native,3.1208921842907897,0.3773002934553354,2397
augmentation,0.007,0.7000000000000001,2,5072,5572,C0_poly2,conventional quadratic,10,65,59,0.5,pysindy.STLSQ,confirmation_24,conf_014,common,2.8580960636206085,0.3464882102078278,2025
augmentation,0.007,0.7000000000000001,2,5072,5572,C0_poly2,conventional quadratic,10,65,59,0.5,pysindy.STLSQ,confirmation_24,conf_015,native,3.320603135998549,0.3595093992769986,2397
augmentation,0.007,0.7000000000000001,2,5072,5572,C0_poly2,conventional quadratic,10,65,59,0.5,pysindy.STLSQ,confirmation_24,conf_015,common,3.170776398914988,0.3327383480495938,2036
augmentation,0.007,0.7000000000000001,2,5072,5572,C0_poly2,conventional quadratic,10,65,59,0.5,pysindy.STLSQ,confirmation_24,conf_016,native,2.857560496531157,0.343088705538504,2397
augmentation,0.007,0.7000000000000001,2,5072,5572,C0_poly2,conventional quadratic,10,65,59,0.5,pysindy.STLSQ,confirmation_24,conf_016,common,2.75248639424146,0.3243044947952809,2089
augmentation,0.007,0.7000000000000001,2,5072,5572,C0_poly2,conventional quadratic,10,65,59,0.5,pysindy.STLSQ,confirmation_24,conf_017,native,2.90862190620294,0.3376273929613308,2397
augmentation,0.007,0.7000000000000001,2,5072,5572,C0_poly2,conventional quadratic,10,65,59,0.5,pysindy.STLSQ,confirmation_24,conf_017,common,2.770575790339972,0.3139599169227459,2070
augmentation,0.007,0.7000000000000001,2,5072,5572,C0_poly2,conventional quadratic,10,65,59,0.5,pysindy.STLSQ,confirmation_24,conf_018,native,2.894631902883467,0.320212071156508,2397
augmentation,0.007,0.7000000000000001,2,5072,5572,C0_poly2,conventional quadratic,10,65,59,0.5,pysindy.STLSQ,confirmation_24,conf_018,common,2.7890004364910848,0.2965518541754937,2102
augmentation,0.007,0.7000000000000001,2,5072,5572,C0_poly2,conventional quadratic,10,65,59,0.5,pysindy.STLSQ,confirmation_24,conf_019,native,2.9948567714694354,0.328691344258543,2397
augmentation,0.007,0.7000000000000001,2,5072,5572,C0_poly2,conventional quadratic,10,65,59,0.5,pysindy.STLSQ,confirmation_24,conf_019,common,2.900683117938128,0.3042531606080403,2042
augmentation,0.007,0.7000000000000001,2,5072,5572,C0_poly2,conventional quadratic,10,65,59,0.5,pysindy.STLSQ,confirmation_24,conf_020,native,3.0455293482912413,0.3518447252329398,2397
augmentation,0.007,0.7000000000000001,2,5072,5572,C0_poly2,conventional quadratic,10,65,59,0.5,pysindy.STLSQ,confirmation_24,conf_020,common,2.9064292011151083,0.3301166334325409,2080
augmentation,0.007,0.7000000000000001,2,5072,5572,C0_poly2,conventional quadratic,10,65,59,0.5,pysindy.STLSQ,confirmation_24,conf_021,native,2.7475362902992724,0.3260449319358862,2397
augmentation,0.007,0.7000000000000001,2,5072,5572,C0_poly2,conventional quadratic,10,65,59,0.5,pysindy.STLSQ,confirmation_24,conf_021,common,2.6378719033155047,0.3039526459147275,2087
augmentation,0.007,0.7000000000000001,2,5072,5572,C0_poly2,conventional quadratic,10,65,59,0.5,pysindy.STLSQ,confirmation_24,conf_022,native,2.6711104584461483,0.3135019767360437,2397
augmentation,0.007,0.7000000000000001,2,5072,5572,C0_poly2,conventional quadratic,10,65,59,0.5,pysindy.STLSQ,confirmation_24,conf_022,common,2.6009685825339504,0.2946291016686052,2096
augmentation,0.007,0.7000000000000001,2,5072,5572,C0_poly2,conventional quadratic,10,65,59,0.5,pysindy.STLSQ,confirmation_24,conf_023,native,3.016582620430957,0.3315557672166954,2397
augmentation,0.007,0.7000000000000001,2,5072,5572,C0_poly2,conventional quadratic,10,65,59,0.5,pysindy.STLSQ,confirmation_24,conf_023,common,2.912783406967544,0.3097419990669225,2065
augmentation,0.007,0.7000000000000001,2,5072,5572,C_compact,compact (12 coordinates),12,12,12,0.0001,pysindy.STLSQ,confirmation_24,conf_000,native,4.11781186747354,0.4788037927391148,2253
augmentation,0.007,0.7000000000000001,2,5072,5572,C_compact,compact (12 coordinates),12,12,12,0.0001,pysindy.STLSQ,confirmation_24,conf_000,common,3.9882915162269335,0.4556026660459177,2058
augmentation,0.007,0.7000000000000001,2,5072,5572,C_compact,compact (12 coordinates),12,12,12,0.0001,pysindy.STLSQ,confirmation_24,conf_001,native,4.408865159146892,0.4846329093926999,2259
augmentation,0.007,0.7000000000000001,2,5072,5572,C_compact,compact (12 coordinates),12,12,12,0.0001,pysindy.STLSQ,confirmation_24,conf_001,common,4.249570495447237,0.4585735474542336,2079
augmentation,0.007,0.7000000000000001,2,5072,5572,C_compact,compact (12 coordinates),12,12,12,0.0001,pysindy.STLSQ,confirmation_24,conf_002,native,3.1789373451447664,0.4287120864222761,2322
augmentation,0.007,0.7000000000000001,2,5072,5572,C_compact,compact (12 coordinates),12,12,12,0.0001,pysindy.STLSQ,confirmation_24,conf_002,common,3.1004400387480677,0.406539241783747,2095
augmentation,0.007,0.7000000000000001,2,5072,5572,C_compact,compact (12 coordinates),12,12,12,0.0001,pysindy.STLSQ,confirmation_24,conf_003,native,3.2754426907417167,0.4195593483615561,2246
augmentation,0.007,0.7000000000000001,2,5072,5572,C_compact,compact (12 coordinates),12,12,12,0.0001,pysindy.STLSQ,confirmation_24,conf_003,common,3.121951062242737,0.3919630125120126,2024
augmentation,0.007,0.7000000000000001,2,5072,5572,C_compact,compact (12 coordinates),12,12,12,0.0001,pysindy.STLSQ,confirmation_24,conf_004,native,4.224136768051589,0.4799545297832447,2260
augmentation,0.007,0.7000000000000001,2,5072,5572,C_compact,compact (12 coordinates),12,12,12,0.0001,pysindy.STLSQ,confirmation_24,conf_004,common,4.039563668370144,0.4529107348588034,2102
augmentation,0.007,0.7000000000000001,2,5072,5572,C_compact,compact (12 coordinates),12,12,12,0.0001,pysindy.STLSQ,confirmation_24,conf_005,native,3.424705469615187,0.4029793658546045,2185
augmentation,0.007,0.7000000000000001,2,5072,5572,C_compact,compact (12 coordinates),12,12,12,0.0001,pysindy.STLSQ,confirmation_24,conf_005,common,3.2392310631949592,0.3743504468847689,1997
augmentation,0.007,0.7000000000000001,2,5072,5572,C_compact,compact (12 coordinates),12,12,12,0.0001,pysindy.STLSQ,confirmation_24,conf_006,native,4.556984543581616,0.503679725395071,2262
augmentation,0.007,0.7000000000000001,2,5072,5572,C_compact,compact (12 coordinates),12,12,12,0.0001,pysindy.STLSQ,confirmation_24,conf_006,common,4.322632201765981,0.4692221020913628,2075
augmentation,0.007,0.7000000000000001,2,5072,5572,C_compact,compact (12 coordinates),12,12,12,0.0001,pysindy.STLSQ,confirmation_24,conf_007,native,3.304302407826309,0.4249737642156133,2226
augmentation,0.007,0.7000000000000001,2,5072,5572,C_compact,compact (12 coordinates),12,12,12,0.0001,pysindy.STLSQ,confirmation_24,conf_007,common,3.1442203854121,0.3970978700929273,2018
augmentation,0.007,0.7000000000000001,2,5072,5572,C_compact,compact (12 coordinates),12,12,12,0.0001,pysindy.STLSQ,confirmation_24,conf_008,native,3.8070483816279697,0.449834230940028,2265
augmentation,0.007,0.7000000000000001,2,5072,5572,C_compact,compact (12 coordinates),12,12,12,0.0001,pysindy.STLSQ,confirmation_24,conf_008,common,3.513393657469209,0.4072782507396109,2057
augmentation,0.007,0.7000000000000001,2,5072,5572,C_compact,compact (12 coordinates),12,12,12,0.0001,pysindy.STLSQ,confirmation_24,conf_009,native,4.186006573534616,0.4786691783048017,2244
augmentation,0.007,0.7000000000000001,2,5072,5572,C_compact,compact (12 coordinates),12,12,12,0.0001,pysindy.STLSQ,confirmation_24,conf_009,common,4.1118074462814285,0.4625271871031245,2076
augmentation,0.007,0.7000000000000001,2,5072,5572,C_compact,compact (12 coordinates),12,12,12,0.0001,pysindy.STLSQ,confirmation_24,conf_010,native,3.757706504446439,0.4557238618636642,2264
augmentation,0.007,0.7000000000000001,2,5072,5572,C_compact,compact (12 coordinates),12,12,12,0.0001,pysindy.STLSQ,confirmation_24,conf_010,common,3.690063421719395,0.4392354546606823,2077
augmentation,0.007,0.7000000000000001,2,5072,5572,C_compact,compact (12 coordinates),12,12,12,0.0001,pysindy.STLSQ,confirmation_24,conf_011,native,4.06142536752587,0.4654470405885458,2249
augmentation,0.007,0.7000000000000001,2,5072,5572,C_compact,compact (12 coordinates),12,12,12,0.0001,pysindy.STLSQ,confirmation_24,conf_011,common,3.921543806850245,0.4423799234940369,2078
augmentation,0.007,0.7000000000000001,2,5072,5572,C_compact,compact (12 coordinates),12,12,12,0.0001,pysindy.STLSQ,confirmation_24,conf_012,native,4.765397961065206,0.5199590607271533,2243
augmentation,0.007,0.7000000000000001,2,5072,5572,C_compact,compact (12 coordinates),12,12,12,0.0001,pysindy.STLSQ,confirmation_24,conf_012,common,4.600405172008343,0.4922792269346107,2035
augmentation,0.007,0.7000000000000001,2,5072,5572,C_compact,compact (12 coordinates),12,12,12,0.0001,pysindy.STLSQ,confirmation_24,conf_013,native,4.339532097220378,0.4879898186574672,2287
augmentation,0.007,0.7000000000000001,2,5072,5572,C_compact,compact (12 coordinates),12,12,12,0.0001,pysindy.STLSQ,confirmation_24,conf_013,common,4.151759251649288,0.458720559160577,2094
augmentation,0.007,0.7000000000000001,2,5072,5572,C_compact,compact (12 coordinates),12,12,12,0.0001,pysindy.STLSQ,confirmation_24,conf_014,native,3.70212498599517,0.4562038086237957,2249
augmentation,0.007,0.7000000000000001,2,5072,5572,C_compact,compact (12 coordinates),12,12,12,0.0001,pysindy.STLSQ,confirmation_24,conf_014,common,3.488326686443825,0.4228913386049731,2025
augmentation,0.007,0.7000000000000001,2,5072,5572,C_compact,compact (12 coordinates),12,12,12,0.0001,pysindy.STLSQ,confirmation_24,conf_015,native,4.880460206913531,0.5218404605517423,2223
augmentation,0.007,0.7000000000000001,2,5072,5572,C_compact,compact (12 coordinates),12,12,12,0.0001,pysindy.STLSQ,confirmation_24,conf_015,common,4.760788958212293,0.4995927981267835,2036
augmentation,0.007,0.7000000000000001,2,5072,5572,C_compact,compact (12 coordinates),12,12,12,0.0001,pysindy.STLSQ,confirmation_24,conf_016,native,3.957360699728845,0.4744258760794133,2284
augmentation,0.007,0.7000000000000001,2,5072,5572,C_compact,compact (12 coordinates),12,12,12,0.0001,pysindy.STLSQ,confirmation_24,conf_016,common,3.717091491427352,0.4379565620223137,2089
augmentation,0.007,0.7000000000000001,2,5072,5572,C_compact,compact (12 coordinates),12,12,12,0.0001,pysindy.STLSQ,confirmation_24,conf_017,native,3.990753013207442,0.4601722015217568,2271
augmentation,0.007,0.7000000000000001,2,5072,5572,C_compact,compact (12 coordinates),12,12,12,0.0001,pysindy.STLSQ,confirmation_24,conf_017,common,3.808063346943872,0.4315273583966257,2070
augmentation,0.007,0.7000000000000001,2,5072,5572,C_compact,compact (12 coordinates),12,12,12,0.0001,pysindy.STLSQ,confirmation_24,conf_018,native,4.782586741675857,0.5175485728703708,2285
augmentation,0.007,0.7000000000000001,2,5072,5572,C_compact,compact (12 coordinates),12,12,12,0.0001,pysindy.STLSQ,confirmation_24,conf_018,common,4.650729836378591,0.4945078309068132,2102
augmentation,0.007,0.7000000000000001,2,5072,5572,C_compact,compact (12 coordinates),12,12,12,0.0001,pysindy.STLSQ,confirmation_24,conf_019,native,4.537199162214979,0.4864889759444108,2250
augmentation,0.007,0.7000000000000001,2,5072,5572,C_compact,compact (12 coordinates),12,12,12,0.0001,pysindy.STLSQ,confirmation_24,conf_019,common,4.375420101600942,0.4589385812836778,2042
augmentation,0.007,0.7000000000000001,2,5072,5572,C_compact,compact (12 coordinates),12,12,12,0.0001,pysindy.STLSQ,confirmation_24,conf_020,native,4.295336778626297,0.4960505527817042,2282
augmentation,0.007,0.7000000000000001,2,5072,5572,C_compact,compact (12 coordinates),12,12,12,0.0001,pysindy.STLSQ,confirmation_24,conf_020,common,4.100936419493489,0.4657905736030597,2080
augmentation,0.007,0.7000000000000001,2,5072,5572,C_compact,compact (12 coordinates),12,12,12,0.0001,pysindy.STLSQ,confirmation_24,conf_021,native,3.838294529089917,0.4506501539271733,2291
augmentation,0.007,0.7000000000000001,2,5072,5572,C_compact,compact (12 coordinates),12,12,12,0.0001,pysindy.STLSQ,confirmation_24,conf_021,common,3.674077339062884,0.4233509319007807,2087
augmentation,0.007,0.7000000000000001,2,5072,5572,C_compact,compact (12 coordinates),12,12,12,0.0001,pysindy.STLSQ,confirmation_24,conf_022,native,4.408832074897763,0.5095903423097118,2300
augmentation,0.007,0.7000000000000001,2,5072,5572,C_compact,compact (12 coordinates),12,12,12,0.0001,pysindy.STLSQ,confirmation_24,conf_022,common,4.179832310565972,0.4734775525768535,2096
augmentation,0.007,0.7000000000000001,2,5072,5572,C_compact,compact (12 coordinates),12,12,12,0.0001,pysindy.STLSQ,confirmation_24,conf_023,native,4.435978254415241,0.4786595156958205,2248
augmentation,0.007,0.7000000000000001,2,5072,5572,C_compact,compact (12 coordinates),12,12,12,0.0001,pysindy.STLSQ,confirmation_24,conf_023,common,4.189932195669433,0.4455525155550885,2065
augmentation,0.007,0.7000000000000001,2,5072,5572,C_all,C_all (38 coordinates),38,38,38,0.0001,pysindy.STLSQ,confirmation_24,conf_000,native,2.215697447351412,0.2531103005026673,2058
augmentation,0.007,0.7000000000000001,2,5072,5572,C_all,C_all (38 coordinates),38,38,38,0.0001,pysindy.STLSQ,confirmation_24,conf_000,common,2.215697447351412,0.2531103005026673,2058
augmentation,0.007,0.7000000000000001,2,5072,5572,C_all,C_all (38 coordinates),38,38,38,0.0001,pysindy.STLSQ,confirmation_24,conf_001,native,1.7597874870847356,0.1898996596438597,2079
augmentation,0.007,0.7000000000000001,2,5072,5572,C_all,C_all (38 coordinates),38,38,38,0.0001,pysindy.STLSQ,confirmation_24,conf_001,common,1.7597874870847356,0.1898996596438597,2079
augmentation,0.007,0.7000000000000001,2,5072,5572,C_all,C_all (38 coordinates),38,38,38,0.0001,pysindy.STLSQ,confirmation_24,conf_002,native,1.442626592359668,0.189161639543201,2095
augmentation,0.007,0.7000000000000001,2,5072,5572,C_all,C_all (38 coordinates),38,38,38,0.0001,pysindy.STLSQ,confirmation_24,conf_002,common,1.442626592359668,0.189161639543201,2095
augmentation,0.007,0.7000000000000001,2,5072,5572,C_all,C_all (38 coordinates),38,38,38,0.0001,pysindy.STLSQ,confirmation_24,conf_003,native,1.9723764151325176,0.2476331582621316,2024
augmentation,0.007,0.7000000000000001,2,5072,5572,C_all,C_all (38 coordinates),38,38,38,0.0001,pysindy.STLSQ,confirmation_24,conf_003,common,1.9723764151325176,0.2476331582621316,2024
augmentation,0.007,0.7000000000000001,2,5072,5572,C_all,C_all (38 coordinates),38,38,38,0.0001,pysindy.STLSQ,confirmation_24,conf_004,native,2.2195219713480565,0.2488499772759115,2102
augmentation,0.007,0.7000000000000001,2,5072,5572,C_all,C_all (38 coordinates),38,38,38,0.0001,pysindy.STLSQ,confirmation_24,conf_004,common,2.2195219713480565,0.2488499772759115,2102
augmentation,0.007,0.7000000000000001,2,5072,5572,C_all,C_all (38 coordinates),38,38,38,0.0001,pysindy.STLSQ,confirmation_24,conf_005,native,1.984828625588676,0.2293820565692946,1997
augmentation,0.007,0.7000000000000001,2,5072,5572,C_all,C_all (38 coordinates),38,38,38,0.0001,pysindy.STLSQ,confirmation_24,conf_005,common,1.984828625588676,0.2293820565692946,1997
augmentation,0.007,0.7000000000000001,2,5072,5572,C_all,C_all (38 coordinates),38,38,38,0.0001,pysindy.STLSQ,confirmation_24,conf_006,native,2.296265480065085,0.2492598179127485,2075
augmentation,0.007,0.7000000000000001,2,5072,5572,C_all,C_all (38 coordinates),38,38,38,0.0001,pysindy.STLSQ,confirmation_24,conf_006,common,2.296265480065085,0.2492598179127485,2075
augmentation,0.007,0.7000000000000001,2,5072,5572,C_all,C_all (38 coordinates),38,38,38,0.0001,pysindy.STLSQ,confirmation_24,conf_007,native,2.239447575065722,0.2828300033831168,2018
augmentation,0.007,0.7000000000000001,2,5072,5572,C_all,C_all (38 coordinates),38,38,38,0.0001,pysindy.STLSQ,confirmation_24,conf_007,common,2.239447575065722,0.2828300033831168,2018
augmentation,0.007,0.7000000000000001,2,5072,5572,C_all,C_all (38 coordinates),38,38,38,0.0001,pysindy.STLSQ,confirmation_24,conf_008,native,1.962441942909701,0.2274894303367173,2057
augmentation,0.007,0.7000000000000001,2,5072,5572,C_all,C_all (38 coordinates),38,38,38,0.0001,pysindy.STLSQ,confirmation_24,conf_008,common,1.962441942909701,0.2274894303367173,2057
augmentation,0.007,0.7000000000000001,2,5072,5572,C_all,C_all (38 coordinates),38,38,38,0.0001,pysindy.STLSQ,confirmation_24,conf_009,native,1.956663845657226,0.2201003418719614,2076
augmentation,0.007,0.7000000000000001,2,5072,5572,C_all,C_all (38 coordinates),38,38,38,0.0001,pysindy.STLSQ,confirmation_24,conf_009,common,1.956663845657226,0.2201003418719614,2076
augmentation,0.007,0.7000000000000001,2,5072,5572,C_all,C_all (38 coordinates),38,38,38,0.0001,pysindy.STLSQ,confirmation_24,conf_010,native,2.235702262692726,0.2661200059759923,2077
augmentation,0.007,0.7000000000000001,2,5072,5572,C_all,C_all (38 coordinates),38,38,38,0.0001,pysindy.STLSQ,confirmation_24,conf_010,common,2.235702262692726,0.2661200059759923,2077
augmentation,0.007,0.7000000000000001,2,5072,5572,C_all,C_all (38 coordinates),38,38,38,0.0001,pysindy.STLSQ,confirmation_24,conf_011,native,2.133903757964439,0.2407205497852533,2078
augmentation,0.007,0.7000000000000001,2,5072,5572,C_all,C_all (38 coordinates),38,38,38,0.0001,pysindy.STLSQ,confirmation_24,conf_011,common,2.133903757964439,0.2407205497852533,2078
augmentation,0.007,0.7000000000000001,2,5072,5572,C_all,C_all (38 coordinates),38,38,38,0.0001,pysindy.STLSQ,confirmation_24,conf_012,native,1.9183097991822111,0.205274107313084,2035
augmentation,0.007,0.7000000000000001,2,5072,5572,C_all,C_all (38 coordinates),38,38,38,0.0001,pysindy.STLSQ,confirmation_24,conf_012,common,1.9183097991822111,0.205274107313084,2035
augmentation,0.007,0.7000000000000001,2,5072,5572,C_all,C_all (38 coordinates),38,38,38,0.0001,pysindy.STLSQ,confirmation_24,conf_013,native,2.067602773002668,0.2284457847060786,2094
augmentation,0.007,0.7000000000000001,2,5072,5572,C_all,C_all (38 coordinates),38,38,38,0.0001,pysindy.STLSQ,confirmation_24,conf_013,common,2.067602773002668,0.2284457847060786,2094
augmentation,0.007,0.7000000000000001,2,5072,5572,C_all,C_all (38 coordinates),38,38,38,0.0001,pysindy.STLSQ,confirmation_24,conf_014,native,2.259129617430371,0.2738752513375456,2025
augmentation,0.007,0.7000000000000001,2,5072,5572,C_all,C_all (38 coordinates),38,38,38,0.0001,pysindy.STLSQ,confirmation_24,conf_014,common,2.259129617430371,0.2738752513375456,2025
augmentation,0.007,0.7000000000000001,2,5072,5572,C_all,C_all (38 coordinates),38,38,38,0.0001,pysindy.STLSQ,confirmation_24,conf_015,native,2.409452110549663,0.2528456800811444,2036
augmentation,0.007,0.7000000000000001,2,5072,5572,C_all,C_all (38 coordinates),38,38,38,0.0001,pysindy.STLSQ,confirmation_24,conf_015,common,2.409452110549663,0.2528456800811444,2036
augmentation,0.007,0.7000000000000001,2,5072,5572,C_all,C_all (38 coordinates),38,38,38,0.0001,pysindy.STLSQ,confirmation_24,conf_016,native,2.074216940019384,0.2443891741794344,2089
augmentation,0.007,0.7000000000000001,2,5072,5572,C_all,C_all (38 coordinates),38,38,38,0.0001,pysindy.STLSQ,confirmation_24,conf_016,common,2.074216940019384,0.2443891741794344,2089
augmentation,0.007,0.7000000000000001,2,5072,5572,C_all,C_all (38 coordinates),38,38,38,0.0001,pysindy.STLSQ,confirmation_24,conf_017,native,1.959543683445164,0.2220542654728975,2070
augmentation,0.007,0.7000000000000001,2,5072,5572,C_all,C_all (38 coordinates),38,38,38,0.0001,pysindy.STLSQ,confirmation_24,conf_017,common,1.959543683445164,0.2220542654728975,2070
augmentation,0.007,0.7000000000000001,2,5072,5572,C_all,C_all (38 coordinates),38,38,38,0.0001,pysindy.STLSQ,confirmation_24,conf_018,native,1.921500537383756,0.2043113868699395,2102
augmentation,0.007,0.7000000000000001,2,5072,5572,C_all,C_all (38 coordinates),38,38,38,0.0001,pysindy.STLSQ,confirmation_24,conf_018,common,1.921500537383756,0.2043113868699395,2102
augmentation,0.007,0.7000000000000001,2,5072,5572,C_all,C_all (38 coordinates),38,38,38,0.0001,pysindy.STLSQ,confirmation_24,conf_019,native,1.9356632009596528,0.2030320523888444,2042
augmentation,0.007,0.7000000000000001,2,5072,5572,C_all,C_all (38 coordinates),38,38,38,0.0001,pysindy.STLSQ,confirmation_24,conf_019,common,1.9356632009596528,0.2030320523888444,2042
augmentation,0.007,0.7000000000000001,2,5072,5572,C_all,C_all (38 coordinates),38,38,38,0.0001,pysindy.STLSQ,confirmation_24,conf_020,native,2.2200450951207387,0.2521560864405374,2080
augmentation,0.007,0.7000000000000001,2,5072,5572,C_all,C_all (38 coordinates),38,38,38,0.0001,pysindy.STLSQ,confirmation_24,conf_020,common,2.2200450951207387,0.2521560864405374,2080
augmentation,0.007,0.7000000000000001,2,5072,5572,C_all,C_all (38 coordinates),38,38,38,0.0001,pysindy.STLSQ,confirmation_24,conf_021,native,1.8804338323240264,0.2166757370151558,2087
augmentation,0.007,0.7000000000000001,2,5072,5572,C_all,C_all (38 coordinates),38,38,38,0.0001,pysindy.STLSQ,confirmation_24,conf_021,common,1.8804338323240264,0.2166757370151558,2087
augmentation,0.007,0.7000000000000001,2,5072,5572,C_all,C_all (38 coordinates),38,38,38,0.0001,pysindy.STLSQ,confirmation_24,conf_022,native,1.934683216435913,0.2191545034029261,2096
augmentation,0.007,0.7000000000000001,2,5072,5572,C_all,C_all (38 coordinates),38,38,38,0.0001,pysindy.STLSQ,confirmation_24,conf_022,common,1.934683216435913,0.2191545034029261,2096
augmentation,0.007,0.7000000000000001,2,5072,5572,C_all,C_all (38 coordinates),38,38,38,0.0001,pysindy.STLSQ,confirmation_24,conf_023,native,2.026991332146008,0.2155479002689968,2065
augmentation,0.007,0.7000000000000001,2,5072,5572,C_all,C_all (38 coordinates),38,38,38,0.0001,pysindy.STLSQ,confirmation_24,conf_023,common,2.026991332146008,0.2155479002689968,2065
augmentation,0.008,0.8,0,5080,5580,C0_poly2,conventional quadratic,10,65,55,0.5,pysindy.STLSQ,confirmation_24,conf_000,native,3.2890641783888053,0.378875341088544,2397
augmentation,0.008,0.8,0,5080,5580,C0_poly2,conventional quadratic,10,65,55,0.5,pysindy.STLSQ,confirmation_24,conf_000,common,3.060411427992144,0.3492712436917436,2049
augmentation,0.008,0.8,0,5080,5580,C0_poly2,conventional quadratic,10,65,55,0.5,pysindy.STLSQ,confirmation_24,conf_001,native,2.7726117213343677,0.3122470701372911,2397
augmentation,0.008,0.8,0,5080,5580,C0_poly2,conventional quadratic,10,65,55,0.5,pysindy.STLSQ,confirmation_24,conf_001,common,2.673109133701004,0.2883003337596337,2061
augmentation,0.008,0.8,0,5080,5580,C0_poly2,conventional quadratic,10,65,55,0.5,pysindy.STLSQ,confirmation_24,conf_002,native,2.1943181263201987,0.298434304149449,2397
augmentation,0.008,0.8,0,5080,5580,C0_poly2,conventional quadratic,10,65,55,0.5,pysindy.STLSQ,confirmation_24,conf_002,common,2.086964453518908,0.2757182339032815,2111
augmentation,0.008,0.8,0,5080,5580,C0_poly2,conventional quadratic,10,65,55,0.5,pysindy.STLSQ,confirmation_24,conf_003,native,2.84115109840876,0.3573890532003084,2397
augmentation,0.008,0.8,0,5080,5580,C0_poly2,conventional quadratic,10,65,55,0.5,pysindy.STLSQ,confirmation_24,conf_003,common,2.721609015988416,0.3414688181530024,2046
augmentation,0.008,0.8,0,5080,5580,C0_poly2,conventional quadratic,10,65,55,0.5,pysindy.STLSQ,confirmation_24,conf_004,native,3.0035839698179205,0.345265471774034,2397
augmentation,0.008,0.8,0,5080,5580,C0_poly2,conventional quadratic,10,65,55,0.5,pysindy.STLSQ,confirmation_24,conf_004,common,2.9123042122692056,0.3255918222865879,2068
augmentation,0.008,0.8,0,5080,5580,C0_poly2,conventional quadratic,10,65,55,0.5,pysindy.STLSQ,confirmation_24,conf_005,native,3.037317737793785,0.353283224805606,2397
augmentation,0.008,0.8,0,5080,5580,C0_poly2,conventional quadratic,10,65,55,0.5,pysindy.STLSQ,confirmation_24,conf_005,common,2.7660849787900177,0.3210751293729474,2018
augmentation,0.008,0.8,0,5080,5580,C0_poly2,conventional quadratic,10,65,55,0.5,pysindy.STLSQ,confirmation_24,conf_006,native,3.1114915710365496,0.3480728105700499,2397
augmentation,0.008,0.8,0,5080,5580,C0_poly2,conventional quadratic,10,65,55,0.5,pysindy.STLSQ,confirmation_24,conf_006,common,3.0345130847245128,0.3290021460436733,2069
augmentation,0.008,0.8,0,5080,5580,C0_poly2,conventional quadratic,10,65,55,0.5,pysindy.STLSQ,confirmation_24,conf_007,native,3.246399810343386,0.4016991642706966,2397
augmentation,0.008,0.8,0,5080,5580,C0_poly2,conventional quadratic,10,65,55,0.5,pysindy.STLSQ,confirmation_24,conf_007,common,2.987738907033039,0.3763942741435377,2043
augmentation,0.008,0.8,0,5080,5580,C0_poly2,conventional quadratic,10,65,55,0.5,pysindy.STLSQ,confirmation_24,conf_008,native,2.8078437768375126,0.3349215845791352,2397
augmentation,0.008,0.8,0,5080,5580,C0_poly2,conventional quadratic,10,65,55,0.5,pysindy.STLSQ,confirmation_24,conf_008,common,2.7349577124045403,0.3177825867652844,2081
augmentation,0.008,0.8,0,5080,5580,C0_poly2,conventional quadratic,10,65,55,0.5,pysindy.STLSQ,confirmation_24,conf_009,native,2.9334327167968097,0.3392933665848933,2397
augmentation,0.008,0.8,0,5080,5580,C0_poly2,conventional quadratic,10,65,55,0.5,pysindy.STLSQ,confirmation_24,conf_009,common,2.788759448796513,0.3142218267405295,2052
augmentation,0.008,0.8,0,5080,5580,C0_poly2,conventional quadratic,10,65,55,0.5,pysindy.STLSQ,confirmation_24,conf_010,native,3.084478898293448,0.3695127860357338,2397
augmentation,0.008,0.8,0,5080,5580,C0_poly2,conventional quadratic,10,65,55,0.5,pysindy.STLSQ,confirmation_24,conf_010,common,2.8881281140664794,0.3440975290422799,2064
augmentation,0.008,0.8,0,5080,5580,C0_poly2,conventional quadratic,10,65,55,0.5,pysindy.STLSQ,confirmation_24,conf_011,native,2.965913823482321,0.3442091343039369,2397
augmentation,0.008,0.8,0,5080,5580,C0_poly2,conventional quadratic,10,65,55,0.5,pysindy.STLSQ,confirmation_24,conf_011,common,2.912459208822271,0.3271085098207942,2083
augmentation,0.008,0.8,0,5080,5580,C0_poly2,conventional quadratic,10,65,55,0.5,pysindy.STLSQ,confirmation_24,conf_012,native,2.888010910215403,0.3233417489998134,2397
augmentation,0.008,0.8,0,5080,5580,C0_poly2,conventional quadratic,10,65,55,0.5,pysindy.STLSQ,confirmation_24,conf_012,common,2.791584072245689,0.2994056522348779,2055
augmentation,0.008,0.8,0,5080,5580,C0_poly2,conventional quadratic,10,65,55,0.5,pysindy.STLSQ,confirmation_24,conf_013,native,2.936638944046744,0.3349535850343755,2397
augmentation,0.008,0.8,0,5080,5580,C0_poly2,conventional quadratic,10,65,55,0.5,pysindy.STLSQ,confirmation_24,conf_013,common,2.843034198863497,0.3133796844640268,2084
augmentation,0.008,0.8,0,5080,5580,C0_poly2,conventional quadratic,10,65,55,0.5,pysindy.STLSQ,confirmation_24,conf_014,native,3.1302293381000115,0.3784291087633393,2397
augmentation,0.008,0.8,0,5080,5580,C0_poly2,conventional quadratic,10,65,55,0.5,pysindy.STLSQ,confirmation_24,conf_014,common,2.8946547309208,0.3522772196369493,2058
augmentation,0.008,0.8,0,5080,5580,C0_poly2,conventional quadratic,10,65,55,0.5,pysindy.STLSQ,confirmation_24,conf_015,native,3.333324740727674,0.3608867202896862,2397
augmentation,0.008,0.8,0,5080,5580,C0_poly2,conventional quadratic,10,65,55,0.5,pysindy.STLSQ,confirmation_24,conf_015,common,3.098058720943522,0.3278859236139279,2021
augmentation,0.008,0.8,0,5080,5580,C0_poly2,conventional quadratic,10,65,55,0.5,pysindy.STLSQ,confirmation_24,conf_016,native,2.8731403386805487,0.3449592758665925,2397
augmentation,0.008,0.8,0,5080,5580,C0_poly2,conventional quadratic,10,65,55,0.5,pysindy.STLSQ,confirmation_24,conf_016,common,2.749374979202172,0.3238960499193714,2098
augmentation,0.008,0.8,0,5080,5580,C0_poly2,conventional quadratic,10,65,55,0.5,pysindy.STLSQ,confirmation_24,conf_017,native,2.9511938437955854,0.3425690638853049,2397
augmentation,0.008,0.8,0,5080,5580,C0_poly2,conventional quadratic,10,65,55,0.5,pysindy.STLSQ,confirmation_24,conf_017,common,2.8138219494234487,0.3184888921457586,2069
augmentation,0.008,0.8,0,5080,5580,C0_poly2,conventional quadratic,10,65,55,0.5,pysindy.STLSQ,confirmation_24,conf_018,native,2.9006725893494645,0.3208803083588125,2397
augmentation,0.008,0.8,0,5080,5580,C0_poly2,conventional quadratic,10,65,55,0.5,pysindy.STLSQ,confirmation_24,conf_018,common,2.8046089751092294,0.2978289778337865,2089
augmentation,0.008,0.8,0,5080,5580,C0_poly2,conventional quadratic,10,65,55,0.5,pysindy.STLSQ,confirmation_24,conf_019,native,3.0340028445499,0.3329877017691387,2397
augmentation,0.008,0.8,0,5080,5580,C0_poly2,conventional quadratic,10,65,55,0.5,pysindy.STLSQ,confirmation_24,conf_019,common,2.948069767386225,0.3112893818909503,2078
augmentation,0.008,0.8,0,5080,5580,C0_poly2,conventional quadratic,10,65,55,0.5,pysindy.STLSQ,confirmation_24,conf_020,native,3.075371787078564,0.3552923704448625,2397
augmentation,0.008,0.8,0,5080,5580,C0_poly2,conventional quadratic,10,65,55,0.5,pysindy.STLSQ,confirmation_24,conf_020,common,2.9608038067853246,0.3354928248010037,2101
augmentation,0.008,0.8,0,5080,5580,C0_poly2,conventional quadratic,10,65,55,0.5,pysindy.STLSQ,confirmation_24,conf_021,native,2.756454665922356,0.3271032586933065,2397
augmentation,0.008,0.8,0,5080,5580,C0_poly2,conventional quadratic,10,65,55,0.5,pysindy.STLSQ,confirmation_24,conf_021,common,2.649214819116845,0.3062684402030358,2098
augmentation,0.008,0.8,0,5080,5580,C0_poly2,conventional quadratic,10,65,55,0.5,pysindy.STLSQ,confirmation_24,conf_022,native,2.7203102569823248,0.3192764418268954,2397
augmentation,0.008,0.8,0,5080,5580,C0_poly2,conventional quadratic,10,65,55,0.5,pysindy.STLSQ,confirmation_24,conf_022,common,2.655558877513932,0.3017668167239437,2117
augmentation,0.008,0.8,0,5080,5580,C0_poly2,conventional quadratic,10,65,55,0.5,pysindy.STLSQ,confirmation_24,conf_023,native,3.058697508816415,0.3361846588755259,2397
augmentation,0.008,0.8,0,5080,5580,C0_poly2,conventional quadratic,10,65,55,0.5,pysindy.STLSQ,confirmation_24,conf_023,common,2.95251043498655,0.313823389212138,2070
augmentation,0.008,0.8,0,5080,5580,C_compact,compact (12 coordinates),12,12,12,0.0001,pysindy.STLSQ,confirmation_24,conf_000,native,4.279499676075812,0.4977039210508687,2254
augmentation,0.008,0.8,0,5080,5580,C_compact,compact (12 coordinates),12,12,12,0.0001,pysindy.STLSQ,confirmation_24,conf_000,common,4.074310680022351,0.4649830886730086,2049
augmentation,0.008,0.8,0,5080,5580,C_compact,compact (12 coordinates),12,12,12,0.0001,pysindy.STLSQ,confirmation_24,conf_001,native,4.638689763990646,0.5100860574558216,2260
augmentation,0.008,0.8,0,5080,5580,C_compact,compact (12 coordinates),12,12,12,0.0001,pysindy.STLSQ,confirmation_24,conf_001,common,4.492338161440937,0.4845079368351101,2061
augmentation,0.008,0.8,0,5080,5580,C_compact,compact (12 coordinates),12,12,12,0.0001,pysindy.STLSQ,confirmation_24,conf_002,native,3.5409610567794743,0.4777992177289238,2328
augmentation,0.008,0.8,0,5080,5580,C_compact,compact (12 coordinates),12,12,12,0.0001,pysindy.STLSQ,confirmation_24,conf_002,common,3.443055155160478,0.4548774585076253,2111
augmentation,0.008,0.8,0,5080,5580,C_compact,compact (12 coordinates),12,12,12,0.0001,pysindy.STLSQ,confirmation_24,conf_003,native,3.689541456899452,0.4731154156953852,2243
augmentation,0.008,0.8,0,5080,5580,C_compact,compact (12 coordinates),12,12,12,0.0001,pysindy.STLSQ,confirmation_24,conf_003,common,3.5871157884668694,0.4500603068515742,2046
augmentation,0.008,0.8,0,5080,5580,C_compact,compact (12 coordinates),12,12,12,0.0001,pysindy.STLSQ,confirmation_24,conf_004,native,4.568812725562351,0.519660225445767,2256
augmentation,0.008,0.8,0,5080,5580,C_compact,compact (12 coordinates),12,12,12,0.0001,pysindy.STLSQ,confirmation_24,conf_004,common,4.5062127883403615,0.5037887275600459,2068
augmentation,0.008,0.8,0,5080,5580,C_compact,compact (12 coordinates),12,12,12,0.0001,pysindy.STLSQ,confirmation_24,conf_005,native,3.879974656619888,0.4574023987035602,2192
augmentation,0.008,0.8,0,5080,5580,C_compact,compact (12 coordinates),12,12,12,0.0001,pysindy.STLSQ,confirmation_24,conf_005,common,3.823760014666415,0.4438454533443754,2018
augmentation,0.008,0.8,0,5080,5580,C_compact,compact (12 coordinates),12,12,12,0.0001,pysindy.STLSQ,confirmation_24,conf_006,native,4.995761251668481,0.5516218017101796,2257
augmentation,0.008,0.8,0,5080,5580,C_compact,compact (12 coordinates),12,12,12,0.0001,pysindy.STLSQ,confirmation_24,conf_006,common,4.862445717242078,0.5271867450651462,2069
augmentation,0.008,0.8,0,5080,5580,C_compact,compact (12 coordinates),12,12,12,0.0001,pysindy.STLSQ,confirmation_24,conf_007,native,4.087148769075789,0.5251982505166832,2225
augmentation,0.008,0.8,0,5080,5580,C_compact,compact (12 coordinates),12,12,12,0.0001,pysindy.STLSQ,confirmation_24,conf_007,common,4.05814318392941,0.5112434203972979,2043
augmentation,0.008,0.8,0,5080,5580,C_compact,compact (12 coordinates),12,12,12,0.0001,pysindy.STLSQ,confirmation_24,conf_008,native,4.534928829714949,0.53599520884365,2266
augmentation,0.008,0.8,0,5080,5580,C_compact,compact (12 coordinates),12,12,12,0.0001,pysindy.STLSQ,confirmation_24,conf_008,common,4.4482606395805,0.5168561715746925,2081
augmentation,0.008,0.8,0,5080,5580,C_compact,compact (12 coordinates),12,12,12,0.0001,pysindy.STLSQ,confirmation_24,conf_009,native,4.603514570572569,0.5259698640958351,2243
augmentation,0.008,0.8,0,5080,5580,C_compact,compact (12 coordinates),12,12,12,0.0001,pysindy.STLSQ,confirmation_24,conf_009,common,4.5453664455021565,0.5121464844618121,2052
augmentation,0.008,0.8,0,5080,5580,C_compact,compact (12 coordinates),12,12,12,0.0001,pysindy.STLSQ,confirmation_24,conf_010,native,4.148770544731527,0.5036752369698116,2261
augmentation,0.008,0.8,0,5080,5580,C_compact,compact (12 coordinates),12,12,12,0.0001,pysindy.STLSQ,confirmation_24,conf_010,common,3.911663591583341,0.4660436528950651,2064
augmentation,0.008,0.8,0,5080,5580,C_compact,compact (12 coordinates),12,12,12,0.0001,pysindy.STLSQ,confirmation_24,conf_011,native,4.443843016779228,0.5094095785300645,2261
augmentation,0.008,0.8,0,5080,5580,C_compact,compact (12 coordinates),12,12,12,0.0001,pysindy.STLSQ,confirmation_24,conf_011,common,4.360773431310926,0.4897737604225706,2083
augmentation,0.008,0.8,0,5080,5580,C_compact,compact (12 coordinates),12,12,12,0.0001,pysindy.STLSQ,confirmation_24,conf_012,native,4.7322813216654565,0.5162423035422543,2238
augmentation,0.008,0.8,0,5080,5580,C_compact,compact (12 coordinates),12,12,12,0.0001,pysindy.STLSQ,confirmation_24,conf_012,common,4.663664940974694,0.5001918650202738,2055
augmentation,0.008,0.8,0,5080,5580,C_compact,compact (12 coordinates),12,12,12,0.0001,pysindy.STLSQ,confirmation_24,conf_013,native,4.767965326987189,0.5357943967044847,2283
augmentation,0.008,0.8,0,5080,5580,C_compact,compact (12 coordinates),12,12,12,0.0001,pysindy.STLSQ,confirmation_24,conf_013,common,4.5916397248034215,0.5061235664019089,2084
augmentation,0.008,0.8,0,5080,5580,C_compact,compact (12 coordinates),12,12,12,0.0001,pysindy.STLSQ,confirmation_24,conf_014,native,3.9138820690764353,0.4810200733757,2256
augmentation,0.008,0.8,0,5080,5580,C_compact,compact (12 coordinates),12,12,12,0.0001,pysindy.STLSQ,confirmation_24,conf_014,common,3.645152854663851,0.4436122550561296,2058
augmentation,0.008,0.8,0,5080,5580,C_compact,compact (12 coordinates),12,12,12,0.0001,pysindy.STLSQ,confirmation_24,conf_015,native,5.071893693650866,0.5426530821334331,2220
augmentation,0.008,0.8,0,5080,5580,C_compact,compact (12 coordinates),12,12,12,0.0001,pysindy.STLSQ,confirmation_24,conf_015,common,4.88806289640477,0.5173326788920691,2021
augmentation,0.008,0.8,0,5080,5580,C_compact,compact (12 coordinates),12,12,12,0.0001,pysindy.STLSQ,confirmation_24,conf_016,native,4.268320873855346,0.5118269797408096,2288
augmentation,0.008,0.8,0,5080,5580,C_compact,compact (12 coordinates),12,12,12,0.0001,pysindy.STLSQ,confirmation_24,conf_016,common,4.160717713067003,0.4901623249961445,2098
augmentation,0.008,0.8,0,5080,5580,C_compact,compact (12 coordinates),12,12,12,0.0001,pysindy.STLSQ,confirmation_24,conf_017,native,4.375769768448917,0.5049593230456877,2269
augmentation,0.008,0.8,0,5080,5580,C_compact,compact (12 coordinates),12,12,12,0.0001,pysindy.STLSQ,confirmation_24,conf_017,common,4.2086725297163,0.4763682548102529,2069
augmentation,0.008,0.8,0,5080,5580,C_compact,compact (12 coordinates),12,12,12,0.0001,pysindy.STLSQ,confirmation_24,conf_018,native,5.377142313394102,0.581982699662817,2286
augmentation,0.008,0.8,0,5080,5580,C_compact,compact (12 coordinates),12,12,12,0.0001,pysindy.STLSQ,confirmation_24,conf_018,common,5.24535612928178,0.5570184892877398,2089
augmentation,0.008,0.8,0,5080,5580,C_compact,compact (12 coordinates),12,12,12,0.0001,pysindy.STLSQ,confirmation_24,conf_019,native,5.134050840971443,0.550576654397043,2253
augmentation,0.008,0.8,0,5080,5580,C_compact,compact (12 coordinates),12,12,12,0.0001,pysindy.STLSQ,confirmation_24,conf_019,common,5.001643045531661,0.5281280617260048,2078
augmentation,0.008,0.8,0,5080,5580,C_compact,compact (12 coordinates),12,12,12,0.0001,pysindy.STLSQ,confirmation_24,conf_020,native,4.287873723913893,0.4952875713640646,2286
augmentation,0.008,0.8,0,5080,5580,C_compact,compact (12 coordinates),12,12,12,0.0001,pysindy.STLSQ,confirmation_24,conf_020,common,4.229089458937871,0.4792040477871784,2101
augmentation,0.008,0.8,0,5080,5580,C_compact,compact (12 coordinates),12,12,12,0.0001,pysindy.STLSQ,confirmation_24,conf_021,native,4.3022637950814095,0.5052768511087425,2289
augmentation,0.008,0.8,0,5080,5580,C_compact,compact (12 coordinates),12,12,12,0.0001,pysindy.STLSQ,confirmation_24,conf_021,common,4.221202374481042,0.4880015986943031,2098
augmentation,0.008,0.8,0,5080,5580,C_compact,compact (12 coordinates),12,12,12,0.0001,pysindy.STLSQ,confirmation_24,conf_022,native,4.455262970049939,0.5147678196300437,2296
augmentation,0.008,0.8,0,5080,5580,C_compact,compact (12 coordinates),12,12,12,0.0001,pysindy.STLSQ,confirmation_24,conf_022,common,4.293613811812452,0.4879086595306731,2117
augmentation,0.008,0.8,0,5080,5580,C_compact,compact (12 coordinates),12,12,12,0.0001,pysindy.STLSQ,confirmation_24,conf_023,native,4.789281711237925,0.5167177596665524,2243
augmentation,0.008,0.8,0,5080,5580,C_compact,compact (12 coordinates),12,12,12,0.0001,pysindy.STLSQ,confirmation_24,conf_023,common,4.585512852586154,0.4873957997310045,2070
augmentation,0.008,0.8,0,5080,5580,C_all,C_all (38 coordinates),38,38,38,0.0001,pysindy.STLSQ,confirmation_24,conf_000,native,2.2723297242818883,0.2593309584516717,2049
augmentation,0.008,0.8,0,5080,5580,C_all,C_all (38 coordinates),38,38,38,0.0001,pysindy.STLSQ,confirmation_24,conf_000,common,2.2723297242818883,0.2593309584516717,2049
augmentation,0.008,0.8,0,5080,5580,C_all,C_all (38 coordinates),38,38,38,0.0001,pysindy.STLSQ,confirmation_24,conf_001,native,1.744260205823939,0.1881220609973558,2061
augmentation,0.008,0.8,0,5080,5580,C_all,C_all (38 coordinates),38,38,38,0.0001,pysindy.STLSQ,confirmation_24,conf_001,common,1.744260205823939,0.1881220609973558,2061
augmentation,0.008,0.8,0,5080,5580,C_all,C_all (38 coordinates),38,38,38,0.0001,pysindy.STLSQ,confirmation_24,conf_002,native,1.4579515773146965,0.1926165217313174,2111
augmentation,0.008,0.8,0,5080,5580,C_all,C_all (38 coordinates),38,38,38,0.0001,pysindy.STLSQ,confirmation_24,conf_002,common,1.4579515773146965,0.1926165217313174,2111
augmentation,0.008,0.8,0,5080,5580,C_all,C_all (38 coordinates),38,38,38,0.0001,pysindy.STLSQ,confirmation_24,conf_003,native,2.159310954169904,0.270919649080251,2046
augmentation,0.008,0.8,0,5080,5580,C_all,C_all (38 coordinates),38,38,38,0.0001,pysindy.STLSQ,confirmation_24,conf_003,common,2.159310954169904,0.270919649080251,2046
augmentation,0.008,0.8,0,5080,5580,C_all,C_all (38 coordinates),38,38,38,0.0001,pysindy.STLSQ,confirmation_24,conf_004,native,2.2424829166068783,0.2507066728086318,2068
augmentation,0.008,0.8,0,5080,5580,C_all,C_all (38 coordinates),38,38,38,0.0001,pysindy.STLSQ,confirmation_24,conf_004,common,2.2424829166068783,0.2507066728086318,2068
augmentation,0.008,0.8,0,5080,5580,C_all,C_all (38 coordinates),38,38,38,0.0001,pysindy.STLSQ,confirmation_24,conf_005,native,2.0907203709365003,0.2426817392554346,2018
augmentation,0.008,0.8,0,5080,5580,C_all,C_all (38 coordinates),38,38,38,0.0001,pysindy.STLSQ,confirmation_24,conf_005,common,2.0907203709365003,0.2426817392554346,2018
augmentation,0.008,0.8,0,5080,5580,C_all,C_all (38 coordinates),38,38,38,0.0001,pysindy.STLSQ,confirmation_24,conf_006,native,2.3847605918393886,0.2585559299332427,2069
augmentation,0.008,0.8,0,5080,5580,C_all,C_all (38 coordinates),38,38,38,0.0001,pysindy.STLSQ,confirmation_24,conf_006,common,2.3847605918393886,0.2585559299332427,2069
augmentation,0.008,0.8,0,5080,5580,C_all,C_all (38 coordinates),38,38,38,0.0001,pysindy.STLSQ,confirmation_24,conf_007,native,2.382041607943415,0.3000887460048905,2043
augmentation,0.008,0.8,0,5080,5580,C_all,C_all (38 coordinates),38,38,38,0.0001,pysindy.STLSQ,confirmation_24,conf_007,common,2.382041607943415,0.3000887460048905,2043
augmentation,0.008,0.8,0,5080,5580,C_all,C_all (38 coordinates),38,38,38,0.0001,pysindy.STLSQ,confirmation_24,conf_008,native,2.082083151499861,0.2419232175850819,2081
augmentation,0.008,0.8,0,5080,5580,C_all,C_all (38 coordinates),38,38,38,0.0001,pysindy.STLSQ,confirmation_24,conf_008,common,2.082083151499861,0.2419232175850819,2081
augmentation,0.008,0.8,0,5080,5580,C_all,C_all (38 coordinates),38,38,38,0.0001,pysindy.STLSQ,confirmation_24,conf_009,native,2.0004394756219748,0.2253983385282899,2052
augmentation,0.008,0.8,0,5080,5580,C_all,C_all (38 coordinates),38,38,38,0.0001,pysindy.STLSQ,confirmation_24,conf_009,common,2.0004394756219748,0.2253983385282899,2052
augmentation,0.008,0.8,0,5080,5580,C_all,C_all (38 coordinates),38,38,38,0.0001,pysindy.STLSQ,confirmation_24,conf_010,native,2.2982933015846903,0.273823395242747,2064
augmentation,0.008,0.8,0,5080,5580,C_all,C_all (38 coordinates),38,38,38,0.0001,pysindy.STLSQ,confirmation_24,conf_010,common,2.2982933015846903,0.273823395242747,2064
augmentation,0.008,0.8,0,5080,5580,C_all,C_all (38 coordinates),38,38,38,0.0001,pysindy.STLSQ,confirmation_24,conf_011,native,2.242521686576258,0.251865476747193,2083
augmentation,0.008,0.8,0,5080,5580,C_all,C_all (38 coordinates),38,38,38,0.0001,pysindy.STLSQ,confirmation_24,conf_011,common,2.242521686576258,0.251865476747193,2083
augmentation,0.008,0.8,0,5080,5580,C_all,C_all (38 coordinates),38,38,38,0.0001,pysindy.STLSQ,confirmation_24,conf_012,native,1.867258959228639,0.2002690487231244,2055
augmentation,0.008,0.8,0,5080,5580,C_all,C_all (38 coordinates),38,38,38,0.0001,pysindy.STLSQ,confirmation_24,conf_012,common,1.867258959228639,0.2002690487231244,2055
augmentation,0.008,0.8,0,5080,5580,C_all,C_all (38 coordinates),38,38,38,0.0001,pysindy.STLSQ,confirmation_24,conf_013,native,2.048446305946605,0.2257944900049618,2084
augmentation,0.008,0.8,0,5080,5580,C_all,C_all (38 coordinates),38,38,38,0.0001,pysindy.STLSQ,confirmation_24,conf_013,common,2.048446305946605,0.2257944900049618,2084
augmentation,0.008,0.8,0,5080,5580,C_all,C_all (38 coordinates),38,38,38,0.0001,pysindy.STLSQ,confirmation_24,conf_014,native,2.3168024569901027,0.2819530492802172,2058
augmentation,0.008,0.8,0,5080,5580,C_all,C_all (38 coordinates),38,38,38,0.0001,pysindy.STLSQ,confirmation_24,conf_014,common,2.3168024569901027,0.2819530492802172,2058
augmentation,0.008,0.8,0,5080,5580,C_all,C_all (38 coordinates),38,38,38,0.0001,pysindy.STLSQ,confirmation_24,conf_015,native,2.3351006818418845,0.2471375505639413,2021
augmentation,0.008,0.8,0,5080,5580,C_all,C_all (38 coordinates),38,38,38,0.0001,pysindy.STLSQ,confirmation_24,conf_015,common,2.3351006818418845,0.2471375505639413,2021
augmentation,0.008,0.8,0,5080,5580,C_all,C_all (38 coordinates),38,38,38,0.0001,pysindy.STLSQ,confirmation_24,conf_016,native,2.131235940818843,0.2510748471558918,2098
augmentation,0.008,0.8,0,5080,5580,C_all,C_all (38 coordinates),38,38,38,0.0001,pysindy.STLSQ,confirmation_24,conf_016,common,2.131235940818843,0.2510748471558918,2098
augmentation,0.008,0.8,0,5080,5580,C_all,C_all (38 coordinates),38,38,38,0.0001,pysindy.STLSQ,confirmation_24,conf_017,native,2.0194102911538945,0.2285715862544647,2069
augmentation,0.008,0.8,0,5080,5580,C_all,C_all (38 coordinates),38,38,38,0.0001,pysindy.STLSQ,confirmation_24,conf_017,common,2.0194102911538945,0.2285715862544647,2069
augmentation,0.008,0.8,0,5080,5580,C_all,C_all (38 coordinates),38,38,38,0.0001,pysindy.STLSQ,confirmation_24,conf_018,native,1.9785304748773345,0.2101054778671108,2089
augmentation,0.008,0.8,0,5080,5580,C_all,C_all (38 coordinates),38,38,38,0.0001,pysindy.STLSQ,confirmation_24,conf_018,common,1.9785304748773345,0.2101054778671108,2089
augmentation,0.008,0.8,0,5080,5580,C_all,C_all (38 coordinates),38,38,38,0.0001,pysindy.STLSQ,confirmation_24,conf_019,native,2.038177652016096,0.2152130415972337,2078
augmentation,0.008,0.8,0,5080,5580,C_all,C_all (38 coordinates),38,38,38,0.0001,pysindy.STLSQ,confirmation_24,conf_019,common,2.038177652016096,0.2152130415972337,2078
augmentation,0.008,0.8,0,5080,5580,C_all,C_all (38 coordinates),38,38,38,0.0001,pysindy.STLSQ,confirmation_24,conf_020,native,2.3423416130004098,0.2654140077074768,2101
augmentation,0.008,0.8,0,5080,5580,C_all,C_all (38 coordinates),38,38,38,0.0001,pysindy.STLSQ,confirmation_24,conf_020,common,2.3423416130004098,0.2654140077074768,2101
augmentation,0.008,0.8,0,5080,5580,C_all,C_all (38 coordinates),38,38,38,0.0001,pysindy.STLSQ,confirmation_24,conf_021,native,1.9825862864524124,0.229201348693244,2098
augmentation,0.008,0.8,0,5080,5580,C_all,C_all (38 coordinates),38,38,38,0.0001,pysindy.STLSQ,confirmation_24,conf_021,common,1.9825862864524124,0.229201348693244,2098
augmentation,0.008,0.8,0,5080,5580,C_all,C_all (38 coordinates),38,38,38,0.0001,pysindy.STLSQ,confirmation_24,conf_022,native,1.921787344580696,0.2183840299324844,2117
augmentation,0.008,0.8,0,5080,5580,C_all,C_all (38 coordinates),38,38,38,0.0001,pysindy.STLSQ,confirmation_24,conf_022,common,1.921787344580696,0.2183840299324844,2117
augmentation,0.008,0.8,0,5080,5580,C_all,C_all (38 coordinates),38,38,38,0.0001,pysindy.STLSQ,confirmation_24,conf_023,native,2.089719137195141,0.2221169938520577,2070
augmentation,0.008,0.8,0,5080,5580,C_all,C_all (38 coordinates),38,38,38,0.0001,pysindy.STLSQ,confirmation_24,conf_023,common,2.089719137195141,0.2221169938520577,2070
augmentation,0.008,0.8,1,5081,5581,C0_poly2,conventional quadratic,10,65,58,0.5,pysindy.STLSQ,confirmation_24,conf_000,native,3.265165958751296,0.3761224467619257,2397
augmentation,0.008,0.8,1,5081,5581,C0_poly2,conventional quadratic,10,65,58,0.5,pysindy.STLSQ,confirmation_24,conf_000,common,3.0111776768441088,0.343997521879299,2043
augmentation,0.008,0.8,1,5081,5581,C0_poly2,conventional quadratic,10,65,58,0.5,pysindy.STLSQ,confirmation_24,conf_001,native,2.78425209664803,0.3135579904724473,2397
augmentation,0.008,0.8,1,5081,5581,C0_poly2,conventional quadratic,10,65,58,0.5,pysindy.STLSQ,confirmation_24,conf_001,common,2.6616879219441936,0.2878600904724194,2084
augmentation,0.008,0.8,1,5081,5581,C0_poly2,conventional quadratic,10,65,58,0.5,pysindy.STLSQ,confirmation_24,conf_002,native,2.20453766214906,0.2998241938045697,2397
augmentation,0.008,0.8,1,5081,5581,C0_poly2,conventional quadratic,10,65,58,0.5,pysindy.STLSQ,confirmation_24,conf_002,common,2.104129237887082,0.278721190773987,2103
augmentation,0.008,0.8,1,5081,5581,C0_poly2,conventional quadratic,10,65,58,0.5,pysindy.STLSQ,confirmation_24,conf_003,native,2.8402996235929856,0.3572819459864739,2397
augmentation,0.008,0.8,1,5081,5581,C0_poly2,conventional quadratic,10,65,58,0.5,pysindy.STLSQ,confirmation_24,conf_003,common,2.7013509654754584,0.3396253402926714,2060
augmentation,0.008,0.8,1,5081,5581,C0_poly2,conventional quadratic,10,65,58,0.5,pysindy.STLSQ,confirmation_24,conf_004,native,2.99805341528764,0.3446297280963951,2397
augmentation,0.008,0.8,1,5081,5581,C0_poly2,conventional quadratic,10,65,58,0.5,pysindy.STLSQ,confirmation_24,conf_004,common,2.935439180838176,0.3280671954083188,2080
augmentation,0.008,0.8,1,5081,5581,C0_poly2,conventional quadratic,10,65,58,0.5,pysindy.STLSQ,confirmation_24,conf_005,native,3.0304269238335717,0.3524817251972153,2397
augmentation,0.008,0.8,1,5081,5581,C0_poly2,conventional quadratic,10,65,58,0.5,pysindy.STLSQ,confirmation_24,conf_005,common,2.7814723288556533,0.3215520214135332,2012
augmentation,0.008,0.8,1,5081,5581,C0_poly2,conventional quadratic,10,65,58,0.5,pysindy.STLSQ,confirmation_24,conf_006,native,3.100236196211017,0.3468137070629054,2397
augmentation,0.008,0.8,1,5081,5581,C0_poly2,conventional quadratic,10,65,58,0.5,pysindy.STLSQ,confirmation_24,conf_006,common,3.027847263316005,0.329307947098661,2062
augmentation,0.008,0.8,1,5081,5581,C0_poly2,conventional quadratic,10,65,58,0.5,pysindy.STLSQ,confirmation_24,conf_007,native,3.232315295334036,0.3999563912794008,2397
augmentation,0.008,0.8,1,5081,5581,C0_poly2,conventional quadratic,10,65,58,0.5,pysindy.STLSQ,confirmation_24,conf_007,common,2.968025496617474,0.3747516773542166,2029
augmentation,0.008,0.8,1,5081,5581,C0_poly2,conventional quadratic,10,65,58,0.5,pysindy.STLSQ,confirmation_24,conf_008,native,2.8029276349348367,0.3343351837082454,2397
augmentation,0.008,0.8,1,5081,5581,C0_poly2,conventional quadratic,10,65,58,0.5,pysindy.STLSQ,confirmation_24,conf_008,common,2.719457027020473,0.3157398937987391,2069
augmentation,0.008,0.8,1,5081,5581,C0_poly2,conventional quadratic,10,65,58,0.5,pysindy.STLSQ,confirmation_24,conf_009,native,2.916799928007092,0.3373695471388754,2397
augmentation,0.008,0.8,1,5081,5581,C0_poly2,conventional quadratic,10,65,58,0.5,pysindy.STLSQ,confirmation_24,conf_009,common,2.7899802768835538,0.3137570812182287,2077
augmentation,0.008,0.8,1,5081,5581,C0_poly2,conventional quadratic,10,65,58,0.5,pysindy.STLSQ,confirmation_24,conf_010,native,3.1034723790296423,0.3717881570837348,2397
augmentation,0.008,0.8,1,5081,5581,C0_poly2,conventional quadratic,10,65,58,0.5,pysindy.STLSQ,confirmation_24,conf_010,common,2.8913169836900425,0.3440096106954883,2037
augmentation,0.008,0.8,1,5081,5581,C0_poly2,conventional quadratic,10,65,58,0.5,pysindy.STLSQ,confirmation_24,conf_011,native,2.973544284410303,0.3450946874611345,2397
augmentation,0.008,0.8,1,5081,5581,C0_poly2,conventional quadratic,10,65,58,0.5,pysindy.STLSQ,confirmation_24,conf_011,common,2.872262423871037,0.3242378451247069,2072
augmentation,0.008,0.8,1,5081,5581,C0_poly2,conventional quadratic,10,65,58,0.5,pysindy.STLSQ,confirmation_24,conf_012,native,2.8891309198453508,0.3234671452964004,2397
augmentation,0.008,0.8,1,5081,5581,C0_poly2,conventional quadratic,10,65,58,0.5,pysindy.STLSQ,confirmation_24,conf_012,common,2.781297291225821,0.2979830399380623,2056
augmentation,0.008,0.8,1,5081,5581,C0_poly2,conventional quadratic,10,65,58,0.5,pysindy.STLSQ,confirmation_24,conf_013,native,2.9384563090508635,0.3351608740253085,2397
augmentation,0.008,0.8,1,5081,5581,C0_poly2,conventional quadratic,10,65,58,0.5,pysindy.STLSQ,confirmation_24,conf_013,common,2.848844819989981,0.3131164551052471,2077
augmentation,0.008,0.8,1,5081,5581,C0_poly2,conventional quadratic,10,65,58,0.5,pysindy.STLSQ,confirmation_24,conf_014,native,3.1424606873691605,0.3799078178619214,2397
augmentation,0.008,0.8,1,5081,5581,C0_poly2,conventional quadratic,10,65,58,0.5,pysindy.STLSQ,confirmation_24,conf_014,common,2.921118305343932,0.3531836994364732,2035
augmentation,0.008,0.8,1,5081,5581,C0_poly2,conventional quadratic,10,65,58,0.5,pysindy.STLSQ,confirmation_24,conf_015,native,3.357381844833634,0.3634912938238484,2397
augmentation,0.008,0.8,1,5081,5581,C0_poly2,conventional quadratic,10,65,58,0.5,pysindy.STLSQ,confirmation_24,conf_015,common,3.1787856221168838,0.3345373368063246,2010
augmentation,0.008,0.8,1,5081,5581,C0_poly2,conventional quadratic,10,65,58,0.5,pysindy.STLSQ,confirmation_24,conf_016,native,2.89242071401343,0.3472741451487248,2397
augmentation,0.008,0.8,1,5081,5581,C0_poly2,conventional quadratic,10,65,58,0.5,pysindy.STLSQ,confirmation_24,conf_016,common,2.7550329992394107,0.3259119052840738,2091
augmentation,0.008,0.8,1,5081,5581,C0_poly2,conventional quadratic,10,65,58,0.5,pysindy.STLSQ,confirmation_24,conf_017,native,2.9412511665266328,0.3414149364965875,2397
augmentation,0.008,0.8,1,5081,5581,C0_poly2,conventional quadratic,10,65,58,0.5,pysindy.STLSQ,confirmation_24,conf_017,common,2.8078519786850427,0.3172116904665981,2048
augmentation,0.008,0.8,1,5081,5581,C0_poly2,conventional quadratic,10,65,58,0.5,pysindy.STLSQ,confirmation_24,conf_018,native,2.923040020240704,0.3233546545321547,2397
augmentation,0.008,0.8,1,5081,5581,C0_poly2,conventional quadratic,10,65,58,0.5,pysindy.STLSQ,confirmation_24,conf_018,common,2.8082455139777616,0.2976982666057557,2091
augmentation,0.008,0.8,1,5081,5581,C0_poly2,conventional quadratic,10,65,58,0.5,pysindy.STLSQ,confirmation_24,conf_019,native,3.03853657966243,0.3334852879985859,2397
augmentation,0.008,0.8,1,5081,5581,C0_poly2,conventional quadratic,10,65,58,0.5,pysindy.STLSQ,confirmation_24,conf_019,common,2.954098273206737,0.3105110507820608,2061
augmentation,0.008,0.8,1,5081,5581,C0_poly2,conventional quadratic,10,65,58,0.5,pysindy.STLSQ,confirmation_24,conf_020,native,3.081422041569294,0.3559913458561731,2397
augmentation,0.008,0.8,1,5081,5581,C0_poly2,conventional quadratic,10,65,58,0.5,pysindy.STLSQ,confirmation_24,conf_020,common,2.9518099451750683,0.3347671351604114,2104
augmentation,0.008,0.8,1,5081,5581,C0_poly2,conventional quadratic,10,65,58,0.5,pysindy.STLSQ,confirmation_24,conf_021,native,2.771198682512845,0.3288529032394697,2397
augmentation,0.008,0.8,1,5081,5581,C0_poly2,conventional quadratic,10,65,58,0.5,pysindy.STLSQ,confirmation_24,conf_021,common,2.6341811038635425,0.3047323701664829,2069
augmentation,0.008,0.8,1,5081,5581,C0_poly2,conventional quadratic,10,65,58,0.5,pysindy.STLSQ,confirmation_24,conf_022,native,2.7026148511525103,0.317199573500746,2397
augmentation,0.008,0.8,1,5081,5581,C0_poly2,conventional quadratic,10,65,58,0.5,pysindy.STLSQ,confirmation_24,conf_022,common,2.6214799393886747,0.2987897538437044,2123
augmentation,0.008,0.8,1,5081,5581,C0_poly2,conventional quadratic,10,65,58,0.5,pysindy.STLSQ,confirmation_24,conf_023,native,3.061764543265108,0.3365217598562282,2397
augmentation,0.008,0.8,1,5081,5581,C0_poly2,conventional quadratic,10,65,58,0.5,pysindy.STLSQ,confirmation_24,conf_023,common,2.9905706826296563,0.316317396744491,2069
augmentation,0.008,0.8,1,5081,5581,C_compact,compact (12 coordinates),12,12,12,0.0001,pysindy.STLSQ,confirmation_24,conf_000,native,4.221770648166055,0.4908126672027729,2251
augmentation,0.008,0.8,1,5081,5581,C_compact,compact (12 coordinates),12,12,12,0.0001,pysindy.STLSQ,confirmation_24,conf_000,common,4.022689752412522,0.4595528575947259,2043
augmentation,0.008,0.8,1,5081,5581,C_compact,compact (12 coordinates),12,12,12,0.0001,pysindy.STLSQ,confirmation_24,conf_001,native,4.857671998735428,0.5341462254874655,2262
augmentation,0.008,0.8,1,5081,5581,C_compact,compact (12 coordinates),12,12,12,0.0001,pysindy.STLSQ,confirmation_24,conf_001,common,4.719159033708043,0.5103744639622011,2084
augmentation,0.008,0.8,1,5081,5581,C_compact,compact (12 coordinates),12,12,12,0.0001,pysindy.STLSQ,confirmation_24,conf_002,native,3.447735952241417,0.4648468503114132,2323
augmentation,0.008,0.8,1,5081,5581,C_compact,compact (12 coordinates),12,12,12,0.0001,pysindy.STLSQ,confirmation_24,conf_002,common,3.3623636987887857,0.4453918500190198,2103
augmentation,0.008,0.8,1,5081,5581,C_compact,compact (12 coordinates),12,12,12,0.0001,pysindy.STLSQ,confirmation_24,conf_003,native,3.645104150270324,0.4672606988450876,2252
augmentation,0.008,0.8,1,5081,5581,C_compact,compact (12 coordinates),12,12,12,0.0001,pysindy.STLSQ,confirmation_24,conf_003,common,3.5461838686303557,0.4458413284746905,2060
augmentation,0.008,0.8,1,5081,5581,C_compact,compact (12 coordinates),12,12,12,0.0001,pysindy.STLSQ,confirmation_24,conf_004,native,4.605465544222161,0.5238098608116594,2264
augmentation,0.008,0.8,1,5081,5581,C_compact,compact (12 coordinates),12,12,12,0.0001,pysindy.STLSQ,confirmation_24,conf_004,common,4.514405828806037,0.504533859484861,2080
augmentation,0.008,0.8,1,5081,5581,C_compact,compact (12 coordinates),12,12,12,0.0001,pysindy.STLSQ,confirmation_24,conf_005,native,4.051234676244292,0.4772470542668539,2191
augmentation,0.008,0.8,1,5081,5581,C_compact,compact (12 coordinates),12,12,12,0.0001,pysindy.STLSQ,confirmation_24,conf_005,common,3.973499536484237,0.4593562893965248,2012
augmentation,0.008,0.8,1,5081,5581,C_compact,compact (12 coordinates),12,12,12,0.0001,pysindy.STLSQ,confirmation_24,conf_006,native,5.207314980298593,0.5752996809861112,2265
augmentation,0.008,0.8,1,5081,5581,C_compact,compact (12 coordinates),12,12,12,0.0001,pysindy.STLSQ,confirmation_24,conf_006,common,5.069941377528457,0.5514056165158047,2062
augmentation,0.008,0.8,1,5081,5581,C_compact,compact (12 coordinates),12,12,12,0.0001,pysindy.STLSQ,confirmation_24,conf_007,native,3.8601855048382983,0.4955242474218317,2228
augmentation,0.008,0.8,1,5081,5581,C_compact,compact (12 coordinates),12,12,12,0.0001,pysindy.STLSQ,confirmation_24,conf_007,common,3.761799066655401,0.4749758759502761,2029
augmentation,0.008,0.8,1,5081,5581,C_compact,compact (12 coordinates),12,12,12,0.0001,pysindy.STLSQ,confirmation_24,conf_008,native,4.223140864829923,0.4985951276596703,2263
augmentation,0.008,0.8,1,5081,5581,C_compact,compact (12 coordinates),12,12,12,0.0001,pysindy.STLSQ,confirmation_24,conf_008,common,4.111617400539051,0.4773753100300321,2069
augmentation,0.008,0.8,1,5081,5581,C_compact,compact (12 coordinates),12,12,12,0.0001,pysindy.STLSQ,confirmation_24,conf_009,native,4.557297909433679,0.5204745891648166,2241
augmentation,0.008,0.8,1,5081,5581,C_compact,compact (12 coordinates),12,12,12,0.0001,pysindy.STLSQ,confirmation_24,conf_009,common,4.421249068850436,0.4972071719198114,2077
augmentation,0.008,0.8,1,5081,5581,C_compact,compact (12 coordinates),12,12,12,0.0001,pysindy.STLSQ,confirmation_24,conf_010,native,4.105968354902469,0.4984653426918675,2259
augmentation,0.008,0.8,1,5081,5581,C_compact,compact (12 coordinates),12,12,12,0.0001,pysindy.STLSQ,confirmation_24,conf_010,common,3.921732286097214,0.4666086785373577,2037
augmentation,0.008,0.8,1,5081,5581,C_compact,compact (12 coordinates),12,12,12,0.0001,pysindy.STLSQ,confirmation_24,conf_011,native,4.645867041296012,0.5323236713678416,2252
augmentation,0.008,0.8,1,5081,5581,C_compact,compact (12 coordinates),12,12,12,0.0001,pysindy.STLSQ,confirmation_24,conf_011,common,4.504826859218542,0.5085313031823806,2072
augmentation,0.008,0.8,1,5081,5581,C_compact,compact (12 coordinates),12,12,12,0.0001,pysindy.STLSQ,confirmation_24,conf_012,native,4.9158874247990045,0.5364326808345654,2242
augmentation,0.008,0.8,1,5081,5581,C_compact,compact (12 coordinates),12,12,12,0.0001,pysindy.STLSQ,confirmation_24,conf_012,common,4.634347367342118,0.4965153926572593,2056
augmentation,0.008,0.8,1,5081,5581,C_compact,compact (12 coordinates),12,12,12,0.0001,pysindy.STLSQ,confirmation_24,conf_013,native,4.839917312071328,0.5441503356056993,2287
augmentation,0.008,0.8,1,5081,5581,C_compact,compact (12 coordinates),12,12,12,0.0001,pysindy.STLSQ,confirmation_24,conf_013,common,4.718155391735235,0.5185723281695074,2077
augmentation,0.008,0.8,1,5081,5581,C_compact,compact (12 coordinates),12,12,12,0.0001,pysindy.STLSQ,confirmation_24,conf_014,native,3.9827936772648895,0.4907304400944094,2250
augmentation,0.008,0.8,1,5081,5581,C_compact,compact (12 coordinates),12,12,12,0.0001,pysindy.STLSQ,confirmation_24,conf_014,common,3.7748962094521854,0.4564114386616973,2035
augmentation,0.008,0.8,1,5081,5581,C_compact,compact (12 coordinates),12,12,12,0.0001,pysindy.STLSQ,confirmation_24,conf_015,native,5.1743844278356175,0.5541476934740537,2222
augmentation,0.008,0.8,1,5081,5581,C_compact,compact (12 coordinates),12,12,12,0.0001,pysindy.STLSQ,confirmation_24,conf_015,common,4.858558947302896,0.5113177056164143,2010
augmentation,0.008,0.8,1,5081,5581,C_compact,compact (12 coordinates),12,12,12,0.0001,pysindy.STLSQ,confirmation_24,conf_016,native,4.5187168875789565,0.5420853455010107,2285
augmentation,0.008,0.8,1,5081,5581,C_compact,compact (12 coordinates),12,12,12,0.0001,pysindy.STLSQ,confirmation_24,conf_016,common,4.43728960609089,0.5249176725714524,2091
augmentation,0.008,0.8,1,5081,5581,C_compact,compact (12 coordinates),12,12,12,0.0001,pysindy.STLSQ,confirmation_24,conf_017,native,4.634182388192769,0.5342887717213964,2270
augmentation,0.008,0.8,1,5081,5581,C_compact,compact (12 coordinates),12,12,12,0.0001,pysindy.STLSQ,confirmation_24,conf_017,common,4.546781307277737,0.5136638952523935,2048
augmentation,0.008,0.8,1,5081,5581,C_compact,compact (12 coordinates),12,12,12,0.0001,pysindy.STLSQ,confirmation_24,conf_018,native,5.262014240633335,0.5697697226238522,2287
augmentation,0.008,0.8,1,5081,5581,C_compact,compact (12 coordinates),12,12,12,0.0001,pysindy.STLSQ,confirmation_24,conf_018,common,5.134520639146034,0.5443035113978129,2091
augmentation,0.008,0.8,1,5081,5581,C_compact,compact (12 coordinates),12,12,12,0.0001,pysindy.STLSQ,confirmation_24,conf_019,native,5.132532093999607,0.5500897773804354,2252
augmentation,0.008,0.8,1,5081,5581,C_compact,compact (12 coordinates),12,12,12,0.0001,pysindy.STLSQ,confirmation_24,conf_019,common,5.02298331411577,0.52797560632056,2061
augmentation,0.008,0.8,1,5081,5581,C_compact,compact (12 coordinates),12,12,12,0.0001,pysindy.STLSQ,confirmation_24,conf_020,native,4.526124170110803,0.5222453339475766,2285
augmentation,0.008,0.8,1,5081,5581,C_compact,compact (12 coordinates),12,12,12,0.0001,pysindy.STLSQ,confirmation_24,conf_020,common,4.487576233950332,0.5089396226573122,2104
augmentation,0.008,0.8,1,5081,5581,C_compact,compact (12 coordinates),12,12,12,0.0001,pysindy.STLSQ,confirmation_24,conf_021,native,4.21904435962092,0.4950866373832454,2286
augmentation,0.008,0.8,1,5081,5581,C_compact,compact (12 coordinates),12,12,12,0.0001,pysindy.STLSQ,confirmation_24,conf_021,common,4.101546144442299,0.4744828956938142,2069
augmentation,0.008,0.8,1,5081,5581,C_compact,compact (12 coordinates),12,12,12,0.0001,pysindy.STLSQ,confirmation_24,conf_022,native,4.763433444384053,0.5505913101637671,2299
augmentation,0.008,0.8,1,5081,5581,C_compact,compact (12 coordinates),12,12,12,0.0001,pysindy.STLSQ,confirmation_24,conf_022,common,4.651819823389996,0.5302028366007973,2123
augmentation,0.008,0.8,1,5081,5581,C_compact,compact (12 coordinates),12,12,12,0.0001,pysindy.STLSQ,confirmation_24,conf_023,native,4.908975406041242,0.5296346461008151,2244
augmentation,0.008,0.8,1,5081,5581,C_compact,compact (12 coordinates),12,12,12,0.0001,pysindy.STLSQ,confirmation_24,conf_023,common,4.785039037451137,0.5061211562190477,2069
augmentation,0.008,0.8,1,5081,5581,C_all,C_all (38 coordinates),38,38,38,0.0001,pysindy.STLSQ,confirmation_24,conf_000,native,2.254173171354685,0.2575171803364018,2043
augmentation,0.008,0.8,1,5081,5581,C_all,C_all (38 coordinates),38,38,38,0.0001,pysindy.STLSQ,confirmation_24,conf_000,common,2.254173171354685,0.2575171803364018,2043
augmentation,0.008,0.8,1,5081,5581,C_all,C_all (38 coordinates),38,38,38,0.0001,pysindy.STLSQ,confirmation_24,conf_001,native,1.796786790355509,0.1943215069532217,2084
augmentation,0.008,0.8,1,5081,5581,C_all,C_all (38 coordinates),38,38,38,0.0001,pysindy.STLSQ,confirmation_24,conf_001,common,1.796786790355509,0.1943215069532217,2084
augmentation,0.008,0.8,1,5081,5581,C_all,C_all (38 coordinates),38,38,38,0.0001,pysindy.STLSQ,confirmation_24,conf_002,native,1.4671098743701578,0.1943391136902538,2103
augmentation,0.008,0.8,1,5081,5581,C_all,C_all (38 coordinates),38,38,38,0.0001,pysindy.STLSQ,confirmation_24,conf_002,common,1.4671098743701578,0.1943391136902538,2103
augmentation,0.008,0.8,1,5081,5581,C_all,C_all (38 coordinates),38,38,38,0.0001,pysindy.STLSQ,confirmation_24,conf_003,native,2.1335619478415726,0.2682404884933757,2060
augmentation,0.008,0.8,1,5081,5581,C_all,C_all (38 coordinates),38,38,38,0.0001,pysindy.STLSQ,confirmation_24,conf_003,common,2.1335619478415726,0.2682404884933757,2060
augmentation,0.008,0.8,1,5081,5581,C_all,C_all (38 coordinates),38,38,38,0.0001,pysindy.STLSQ,confirmation_24,conf_004,native,2.278261454593581,0.2546204502189605,2080
augmentation,0.008,0.8,1,5081,5581,C_all,C_all (38 coordinates),38,38,38,0.0001,pysindy.STLSQ,confirmation_24,conf_004,common,2.278261454593581,0.2546204502189605,2080
augmentation,0.008,0.8,1,5081,5581,C_all,C_all (38 coordinates),38,38,38,0.0001,pysindy.STLSQ,confirmation_24,conf_005,native,2.1303098377554988,0.2462744020355722,2012
augmentation,0.008,0.8,1,5081,5581,C_all,C_all (38 coordinates),38,38,38,0.0001,pysindy.STLSQ,confirmation_24,conf_005,common,2.1303098377554988,0.2462744020355722,2012
augmentation,0.008,0.8,1,5081,5581,C_all,C_all (38 coordinates),38,38,38,0.0001,pysindy.STLSQ,confirmation_24,conf_006,native,2.3666179637994964,0.2573928059938233,2062
augmentation,0.008,0.8,1,5081,5581,C_all,C_all (38 coordinates),38,38,38,0.0001,pysindy.STLSQ,confirmation_24,conf_006,common,2.3666179637994964,0.2573928059938233,2062
augmentation,0.008,0.8,1,5081,5581,C_all,C_all (38 coordinates),38,38,38,0.0001,pysindy.STLSQ,confirmation_24,conf_007,native,2.378118374144452,0.3002682593775494,2029
augmentation,0.008,0.8,1,5081,5581,C_all,C_all (38 coordinates),38,38,38,0.0001,pysindy.STLSQ,confirmation_24,conf_007,common,2.378118374144452,0.3002682593775494,2029
augmentation,0.008,0.8,1,5081,5581,C_all,C_all (38 coordinates),38,38,38,0.0001,pysindy.STLSQ,confirmation_24,conf_008,native,2.086362409289569,0.242235063466517,2069
augmentation,0.008,0.8,1,5081,5581,C_all,C_all (38 coordinates),38,38,38,0.0001,pysindy.STLSQ,confirmation_24,conf_008,common,2.086362409289569,0.242235063466517,2069
augmentation,0.008,0.8,1,5081,5581,C_all,C_all (38 coordinates),38,38,38,0.0001,pysindy.STLSQ,confirmation_24,conf_009,native,2.001214408652908,0.2250536310070863,2077
augmentation,0.008,0.8,1,5081,5581,C_all,C_all (38 coordinates),38,38,38,0.0001,pysindy.STLSQ,confirmation_24,conf_009,common,2.001214408652908,0.2250536310070863,2077
augmentation,0.008,0.8,1,5081,5581,C_all,C_all (38 coordinates),38,38,38,0.0001,pysindy.STLSQ,confirmation_24,conf_010,native,2.274080893054017,0.2705707077856069,2037
augmentation,0.008,0.8,1,5081,5581,C_all,C_all (38 coordinates),38,38,38,0.0001,pysindy.STLSQ,confirmation_24,conf_010,common,2.274080893054017,0.2705707077856069,2037
augmentation,0.008,0.8,1,5081,5581,C_all,C_all (38 coordinates),38,38,38,0.0001,pysindy.STLSQ,confirmation_24,conf_011,native,2.168391507016917,0.2447807636860443,2072
augmentation,0.008,0.8,1,5081,5581,C_all,C_all (38 coordinates),38,38,38,0.0001,pysindy.STLSQ,confirmation_24,conf_011,common,2.168391507016917,0.2447807636860443,2072
augmentation,0.008,0.8,1,5081,5581,C_all,C_all (38 coordinates),38,38,38,0.0001,pysindy.STLSQ,confirmation_24,conf_012,native,1.9006362269059285,0.2036306447701686,2056
augmentation,0.008,0.8,1,5081,5581,C_all,C_all (38 coordinates),38,38,38,0.0001,pysindy.STLSQ,confirmation_24,conf_012,common,1.9006362269059285,0.2036306447701686,2056
augmentation,0.008,0.8,1,5081,5581,C_all,C_all (38 coordinates),38,38,38,0.0001,pysindy.STLSQ,confirmation_24,conf_013,native,2.131310200358313,0.2342522449742264,2077
augmentation,0.008,0.8,1,5081,5581,C_all,C_all (38 coordinates),38,38,38,0.0001,pysindy.STLSQ,confirmation_24,conf_013,common,2.131310200358313,0.2342522449742264,2077
augmentation,0.008,0.8,1,5081,5581,C_all,C_all (38 coordinates),38,38,38,0.0001,pysindy.STLSQ,confirmation_24,conf_014,native,2.359210141200063,0.2852450597063297,2035
augmentation,0.008,0.8,1,5081,5581,C_all,C_all (38 coordinates),38,38,38,0.0001,pysindy.STLSQ,confirmation_24,conf_014,common,2.359210141200063,0.2852450597063297,2035
augmentation,0.008,0.8,1,5081,5581,C_all,C_all (38 coordinates),38,38,38,0.0001,pysindy.STLSQ,confirmation_24,conf_015,native,2.3591927936937847,0.2482828878813808,2010
augmentation,0.008,0.8,1,5081,5581,C_all,C_all (38 coordinates),38,38,38,0.0001,pysindy.STLSQ,confirmation_24,conf_015,common,2.3591927936937847,0.2482828878813808,2010
augmentation,0.008,0.8,1,5081,5581,C_all,C_all (38 coordinates),38,38,38,0.0001,pysindy.STLSQ,confirmation_24,conf_016,native,2.1185190825929845,0.2506142724167595,2091
augmentation,0.008,0.8,1,5081,5581,C_all,C_all (38 coordinates),38,38,38,0.0001,pysindy.STLSQ,confirmation_24,conf_016,common,2.1185190825929845,0.2506142724167595,2091
augmentation,0.008,0.8,1,5081,5581,C_all,C_all (38 coordinates),38,38,38,0.0001,pysindy.STLSQ,confirmation_24,conf_017,native,2.1514929551869644,0.2430607890026483,2048
augmentation,0.008,0.8,1,5081,5581,C_all,C_all (38 coordinates),38,38,38,0.0001,pysindy.STLSQ,confirmation_24,conf_017,common,2.1514929551869644,0.2430607890026483,2048
augmentation,0.008,0.8,1,5081,5581,C_all,C_all (38 coordinates),38,38,38,0.0001,pysindy.STLSQ,confirmation_24,conf_018,native,1.9914645662106831,0.2111124352969939,2091
augmentation,0.008,0.8,1,5081,5581,C_all,C_all (38 coordinates),38,38,38,0.0001,pysindy.STLSQ,confirmation_24,conf_018,common,1.9914645662106831,0.2111124352969939,2091
augmentation,0.008,0.8,1,5081,5581,C_all,C_all (38 coordinates),38,38,38,0.0001,pysindy.STLSQ,confirmation_24,conf_019,native,2.0694964363630377,0.2175288205111942,2061
augmentation,0.008,0.8,1,5081,5581,C_all,C_all (38 coordinates),38,38,38,0.0001,pysindy.STLSQ,confirmation_24,conf_019,common,2.0694964363630377,0.2175288205111942,2061
augmentation,0.008,0.8,1,5081,5581,C_all,C_all (38 coordinates),38,38,38,0.0001,pysindy.STLSQ,confirmation_24,conf_020,native,2.3608539463366918,0.2677463409997461,2104
augmentation,0.008,0.8,1,5081,5581,C_all,C_all (38 coordinates),38,38,38,0.0001,pysindy.STLSQ,confirmation_24,conf_020,common,2.3608539463366918,0.2677463409997461,2104
augmentation,0.008,0.8,1,5081,5581,C_all,C_all (38 coordinates),38,38,38,0.0001,pysindy.STLSQ,confirmation_24,conf_021,native,1.9178062294055864,0.2218593235482736,2069
augmentation,0.008,0.8,1,5081,5581,C_all,C_all (38 coordinates),38,38,38,0.0001,pysindy.STLSQ,confirmation_24,conf_021,common,1.9178062294055864,0.2218593235482736,2069
augmentation,0.008,0.8,1,5081,5581,C_all,C_all (38 coordinates),38,38,38,0.0001,pysindy.STLSQ,confirmation_24,conf_022,native,1.9012481972170685,0.2166995338422267,2123
augmentation,0.008,0.8,1,5081,5581,C_all,C_all (38 coordinates),38,38,38,0.0001,pysindy.STLSQ,confirmation_24,conf_022,common,1.9012481972170685,0.2166995338422267,2123
augmentation,0.008,0.8,1,5081,5581,C_all,C_all (38 coordinates),38,38,38,0.0001,pysindy.STLSQ,confirmation_24,conf_023,native,2.2127763667436904,0.2340488602966672,2069
augmentation,0.008,0.8,1,5081,5581,C_all,C_all (38 coordinates),38,38,38,0.0001,pysindy.STLSQ,confirmation_24,conf_023,common,2.2127763667436904,0.2340488602966672,2069
augmentation,0.008,0.8,2,5082,5582,C0_poly2,conventional quadratic,10,65,55,0.5,pysindy.STLSQ,confirmation_24,conf_000,native,3.276876518840511,0.3774714147988803,2397
augmentation,0.008,0.8,2,5082,5582,C0_poly2,conventional quadratic,10,65,55,0.5,pysindy.STLSQ,confirmation_24,conf_000,common,3.0457013028908206,0.3477002963810729,2041
augmentation,0.008,0.8,2,5082,5582,C0_poly2,conventional quadratic,10,65,55,0.5,pysindy.STLSQ,confirmation_24,conf_001,native,2.7930046153005064,0.3145436850378019,2397
augmentation,0.008,0.8,2,5082,5582,C0_poly2,conventional quadratic,10,65,55,0.5,pysindy.STLSQ,confirmation_24,conf_001,common,2.6774514990315152,0.2886764601062381,2065
augmentation,0.008,0.8,2,5082,5582,C0_poly2,conventional quadratic,10,65,55,0.5,pysindy.STLSQ,confirmation_24,conf_002,native,2.2046067527954607,0.2998335903541104,2397
augmentation,0.008,0.8,2,5082,5582,C0_poly2,conventional quadratic,10,65,55,0.5,pysindy.STLSQ,confirmation_24,conf_002,common,2.1200071889064898,0.2804186877387781,2113
augmentation,0.008,0.8,2,5082,5582,C0_poly2,conventional quadratic,10,65,55,0.5,pysindy.STLSQ,confirmation_24,conf_003,native,2.8432366163318865,0.3576513909817788,2397
augmentation,0.008,0.8,2,5082,5582,C0_poly2,conventional quadratic,10,65,55,0.5,pysindy.STLSQ,confirmation_24,conf_003,common,2.7007527055071607,0.3388825473528634,2037
augmentation,0.008,0.8,2,5082,5582,C0_poly2,conventional quadratic,10,65,55,0.5,pysindy.STLSQ,confirmation_24,conf_004,native,3.007447934081933,0.3457096389616133,2397
augmentation,0.008,0.8,2,5082,5582,C0_poly2,conventional quadratic,10,65,55,0.5,pysindy.STLSQ,confirmation_24,conf_004,common,2.9080429717305587,0.3240280422842941,2056
augmentation,0.008,0.8,2,5082,5582,C0_poly2,conventional quadratic,10,65,55,0.5,pysindy.STLSQ,confirmation_24,conf_005,native,3.0413150652580927,0.3537481708070146,2397
augmentation,0.008,0.8,2,5082,5582,C0_poly2,conventional quadratic,10,65,55,0.5,pysindy.STLSQ,confirmation_24,conf_005,common,2.7507253386156405,0.3179431804617884,2005
augmentation,0.008,0.8,2,5082,5582,C0_poly2,conventional quadratic,10,65,55,0.5,pysindy.STLSQ,confirmation_24,conf_006,native,3.095644574169812,0.3463000566953985,2397
augmentation,0.008,0.8,2,5082,5582,C0_poly2,conventional quadratic,10,65,55,0.5,pysindy.STLSQ,confirmation_24,conf_006,common,3.0109407282113105,0.328219779865013,2052
augmentation,0.008,0.8,2,5082,5582,C0_poly2,conventional quadratic,10,65,55,0.5,pysindy.STLSQ,confirmation_24,conf_007,native,3.2539710198555936,0.402636001601663,2397
augmentation,0.008,0.8,2,5082,5582,C0_poly2,conventional quadratic,10,65,55,0.5,pysindy.STLSQ,confirmation_24,conf_007,common,2.989141317927648,0.3758156030721333,2018
augmentation,0.008,0.8,2,5082,5582,C0_poly2,conventional quadratic,10,65,55,0.5,pysindy.STLSQ,confirmation_24,conf_008,native,2.8051673148908627,0.3346023343118545,2397
augmentation,0.008,0.8,2,5082,5582,C0_poly2,conventional quadratic,10,65,55,0.5,pysindy.STLSQ,confirmation_24,conf_008,common,2.689013361576247,0.3126568264110516,2071
augmentation,0.008,0.8,2,5082,5582,C0_poly2,conventional quadratic,10,65,55,0.5,pysindy.STLSQ,confirmation_24,conf_009,native,2.917703218780745,0.3374740256107499,2397
augmentation,0.008,0.8,2,5082,5582,C0_poly2,conventional quadratic,10,65,55,0.5,pysindy.STLSQ,confirmation_24,conf_009,common,2.761151804698032,0.3096835752482256,2025
augmentation,0.008,0.8,2,5082,5582,C0_poly2,conventional quadratic,10,65,55,0.5,pysindy.STLSQ,confirmation_24,conf_010,native,3.091764406620266,0.37038557154288,2397
augmentation,0.008,0.8,2,5082,5582,C0_poly2,conventional quadratic,10,65,55,0.5,pysindy.STLSQ,confirmation_24,conf_010,common,2.8947395131043185,0.3449858789418333,2059
augmentation,0.008,0.8,2,5082,5582,C0_poly2,conventional quadratic,10,65,55,0.5,pysindy.STLSQ,confirmation_24,conf_011,native,2.965603104791389,0.3441730738456826,2397
augmentation,0.008,0.8,2,5082,5582,C0_poly2,conventional quadratic,10,65,55,0.5,pysindy.STLSQ,confirmation_24,conf_011,common,2.8861364751171665,0.3249862779012466,2071
augmentation,0.008,0.8,2,5082,5582,C0_poly2,conventional quadratic,10,65,55,0.5,pysindy.STLSQ,confirmation_24,conf_012,native,2.886608925000892,0.3231847827121417,2397
augmentation,0.008,0.8,2,5082,5582,C0_poly2,conventional quadratic,10,65,55,0.5,pysindy.STLSQ,confirmation_24,conf_012,common,2.7573374476919184,0.2955214489127967,2049
augmentation,0.008,0.8,2,5082,5582,C0_poly2,conventional quadratic,10,65,55,0.5,pysindy.STLSQ,confirmation_24,conf_013,native,2.944397788724124,0.335838560303699,2397
augmentation,0.008,0.8,2,5082,5582,C0_poly2,conventional quadratic,10,65,55,0.5,pysindy.STLSQ,confirmation_24,conf_013,common,2.852555559444,0.315549288465333,2089
augmentation,0.008,0.8,2,5082,5582,C0_poly2,conventional quadratic,10,65,55,0.5,pysindy.STLSQ,confirmation_24,conf_014,native,3.1411928708581143,0.3797545451714795,2397
augmentation,0.008,0.8,2,5082,5582,C0_poly2,conventional quadratic,10,65,55,0.5,pysindy.STLSQ,confirmation_24,conf_014,common,2.888332928416652,0.3494401517182572,2023
augmentation,0.008,0.8,2,5082,5582,C0_poly2,conventional quadratic,10,65,55,0.5,pysindy.STLSQ,confirmation_24,conf_015,native,3.3608706986925,0.3638690191055505,2397
augmentation,0.008,0.8,2,5082,5582,C0_poly2,conventional quadratic,10,65,55,0.5,pysindy.STLSQ,confirmation_24,conf_015,common,3.2033777731534805,0.3363062484543509,2029
augmentation,0.008,0.8,2,5082,5582,C0_poly2,conventional quadratic,10,65,55,0.5,pysindy.STLSQ,confirmation_24,conf_016,native,2.878661206928593,0.3456221306138392,2397
augmentation,0.008,0.8,2,5082,5582,C0_poly2,conventional quadratic,10,65,55,0.5,pysindy.STLSQ,confirmation_24,conf_016,common,2.758380847791472,0.3239960183918627,2069
augmentation,0.008,0.8,2,5082,5582,C0_poly2,conventional quadratic,10,65,55,0.5,pysindy.STLSQ,confirmation_24,conf_017,native,2.936869926890304,0.3409063703906945,2397
augmentation,0.008,0.8,2,5082,5582,C0_poly2,conventional quadratic,10,65,55,0.5,pysindy.STLSQ,confirmation_24,conf_017,common,2.8172781773722044,0.3190919451325666,2075
augmentation,0.008,0.8,2,5082,5582,C0_poly2,conventional quadratic,10,65,55,0.5,pysindy.STLSQ,confirmation_24,conf_018,native,2.891953709303312,0.3199158020825697,2397
augmentation,0.008,0.8,2,5082,5582,C0_poly2,conventional quadratic,10,65,55,0.5,pysindy.STLSQ,confirmation_24,conf_018,common,2.760214944818416,0.2936179865605787,2089
augmentation,0.008,0.8,2,5082,5582,C0_poly2,conventional quadratic,10,65,55,0.5,pysindy.STLSQ,confirmation_24,conf_019,native,3.045113240289973,0.3342070892690147,2397
augmentation,0.008,0.8,2,5082,5582,C0_poly2,conventional quadratic,10,65,55,0.5,pysindy.STLSQ,confirmation_24,conf_019,common,2.9634700057007075,0.3121652477324351,2058
augmentation,0.008,0.8,2,5082,5582,C0_poly2,conventional quadratic,10,65,55,0.5,pysindy.STLSQ,confirmation_24,conf_020,native,3.090313128495811,0.3570185177133209,2397
augmentation,0.008,0.8,2,5082,5582,C0_poly2,conventional quadratic,10,65,55,0.5,pysindy.STLSQ,confirmation_24,conf_020,common,2.967323965694197,0.3358937274203024,2092
augmentation,0.008,0.8,2,5082,5582,C0_poly2,conventional quadratic,10,65,55,0.5,pysindy.STLSQ,confirmation_24,conf_021,native,2.766045975119064,0.3282414412044012,2397
augmentation,0.008,0.8,2,5082,5582,C0_poly2,conventional quadratic,10,65,55,0.5,pysindy.STLSQ,confirmation_24,conf_021,common,2.6819132837368893,0.3085452271913474,2108
augmentation,0.008,0.8,2,5082,5582,C0_poly2,conventional quadratic,10,65,55,0.5,pysindy.STLSQ,confirmation_24,conf_022,native,2.7110016707431783,0.318183914867794,2397
augmentation,0.008,0.8,2,5082,5582,C0_poly2,conventional quadratic,10,65,55,0.5,pysindy.STLSQ,confirmation_24,conf_022,common,2.6303264855107766,0.2971012086964267,2092
augmentation,0.008,0.8,2,5082,5582,C0_poly2,conventional quadratic,10,65,55,0.5,pysindy.STLSQ,confirmation_24,conf_023,native,3.078799516891226,0.3383940917167481,2397
augmentation,0.008,0.8,2,5082,5582,C0_poly2,conventional quadratic,10,65,55,0.5,pysindy.STLSQ,confirmation_24,conf_023,common,3.010996038260311,0.3197430955669401,2065
augmentation,0.008,0.8,2,5082,5582,C_compact,compact (12 coordinates),12,12,8,0.5,pysindy.STLSQ,confirmation_24,conf_000,native,4.537857747612273,0.5274536085894959,2250
augmentation,0.008,0.8,2,5082,5582,C_compact,compact (12 coordinates),12,12,8,0.5,pysindy.STLSQ,confirmation_24,conf_000,common,4.335582952985934,0.4949544711778244,2041
augmentation,0.008,0.8,2,5082,5582,C_compact,compact (12 coordinates),12,12,8,0.5,pysindy.STLSQ,confirmation_24,conf_001,native,4.875586428956463,0.5357450955212578,2257
augmentation,0.008,0.8,2,5082,5582,C_compact,compact (12 coordinates),12,12,8,0.5,pysindy.STLSQ,confirmation_24,conf_001,common,4.765615629699793,0.513817356059044,2065
augmentation,0.008,0.8,2,5082,5582,C_compact,compact (12 coordinates),12,12,8,0.5,pysindy.STLSQ,confirmation_24,conf_002,native,3.5185062995210523,0.4749415149359483,2325
augmentation,0.008,0.8,2,5082,5582,C_compact,compact (12 coordinates),12,12,8,0.5,pysindy.STLSQ,confirmation_24,conf_002,common,3.447495453083331,0.4560089022328657,2113
augmentation,0.008,0.8,2,5082,5582,C_compact,compact (12 coordinates),12,12,8,0.5,pysindy.STLSQ,confirmation_24,conf_003,native,3.697747433029456,0.4745322547680152,2249
augmentation,0.008,0.8,2,5082,5582,C_compact,compact (12 coordinates),12,12,8,0.5,pysindy.STLSQ,confirmation_24,conf_003,common,3.579666467670462,0.4491660746147408,2037
augmentation,0.008,0.8,2,5082,5582,C_compact,compact (12 coordinates),12,12,8,0.5,pysindy.STLSQ,confirmation_24,conf_004,native,4.300449059594415,0.4886550809528228,2257
augmentation,0.008,0.8,2,5082,5582,C_compact,compact (12 coordinates),12,12,8,0.5,pysindy.STLSQ,confirmation_24,conf_004,common,4.136415871326431,0.4608992198151642,2056
augmentation,0.008,0.8,2,5082,5582,C_compact,compact (12 coordinates),12,12,8,0.5,pysindy.STLSQ,confirmation_24,conf_005,native,3.635584492218999,0.4284095653542901,2187
augmentation,0.008,0.8,2,5082,5582,C_compact,compact (12 coordinates),12,12,8,0.5,pysindy.STLSQ,confirmation_24,conf_005,common,3.4668893803067062,0.4007211554021075,2005
augmentation,0.008,0.8,2,5082,5582,C_compact,compact (12 coordinates),12,12,8,0.5,pysindy.STLSQ,confirmation_24,conf_006,native,4.954183482521148,0.5477835090971995,2262
augmentation,0.008,0.8,2,5082,5582,C_compact,compact (12 coordinates),12,12,8,0.5,pysindy.STLSQ,confirmation_24,conf_006,common,4.7055189945611495,0.5129441420333092,2052
augmentation,0.008,0.8,2,5082,5582,C_compact,compact (12 coordinates),12,12,8,0.5,pysindy.STLSQ,confirmation_24,conf_007,native,4.015611685805671,0.5146261424419251,2228
augmentation,0.008,0.8,2,5082,5582,C_compact,compact (12 coordinates),12,12,8,0.5,pysindy.STLSQ,confirmation_24,conf_007,common,3.935960990477839,0.4948563470161849,2018
augmentation,0.008,0.8,2,5082,5582,C_compact,compact (12 coordinates),12,12,8,0.5,pysindy.STLSQ,confirmation_24,conf_008,native,4.166333052066845,0.4926360913242288,2260
augmentation,0.008,0.8,2,5082,5582,C_compact,compact (12 coordinates),12,12,8,0.5,pysindy.STLSQ,confirmation_24,conf_008,common,3.975836178805786,0.462278224332435,2071
augmentation,0.008,0.8,2,5082,5582,C_compact,compact (12 coordinates),12,12,8,0.5,pysindy.STLSQ,confirmation_24,conf_009,native,4.207011737267765,0.4808344034514228,2242
augmentation,0.008,0.8,2,5082,5582,C_compact,compact (12 coordinates),12,12,8,0.5,pysindy.STLSQ,confirmation_24,conf_009,common,4.07577945934108,0.4571287796434878,2025
augmentation,0.008,0.8,2,5082,5582,C_compact,compact (12 coordinates),12,12,8,0.5,pysindy.STLSQ,confirmation_24,conf_010,native,4.293218364873198,0.5200108143556856,2267
augmentation,0.008,0.8,2,5082,5582,C_compact,compact (12 coordinates),12,12,8,0.5,pysindy.STLSQ,confirmation_24,conf_010,common,4.076834513165385,0.4858642138464764,2059
augmentation,0.008,0.8,2,5082,5582,C_compact,compact (12 coordinates),12,12,8,0.5,pysindy.STLSQ,confirmation_24,conf_011,native,4.281588138864175,0.4900534717310145,2248
augmentation,0.008,0.8,2,5082,5582,C_compact,compact (12 coordinates),12,12,8,0.5,pysindy.STLSQ,confirmation_24,conf_011,common,4.180682507033225,0.4707554402784862,2071
augmentation,0.008,0.8,2,5082,5582,C_compact,compact (12 coordinates),12,12,8,0.5,pysindy.STLSQ,confirmation_24,conf_012,native,5.138005047974337,0.5609051138722788,2245
augmentation,0.008,0.8,2,5082,5582,C_compact,compact (12 coordinates),12,12,8,0.5,pysindy.STLSQ,confirmation_24,conf_012,common,5.026964368227563,0.538771848536399,2049
augmentation,0.008,0.8,2,5082,5582,C_compact,compact (12 coordinates),12,12,8,0.5,pysindy.STLSQ,confirmation_24,conf_013,native,4.740243915714502,0.5331008345499307,2285
augmentation,0.008,0.8,2,5082,5582,C_compact,compact (12 coordinates),12,12,8,0.5,pysindy.STLSQ,confirmation_24,conf_013,common,4.62632006171158,0.5117628643035176,2089
augmentation,0.008,0.8,2,5082,5582,C_compact,compact (12 coordinates),12,12,8,0.5,pysindy.STLSQ,confirmation_24,conf_014,native,3.8219561735727616,0.4708292639316143,2247
augmentation,0.008,0.8,2,5082,5582,C_compact,compact (12 coordinates),12,12,8,0.5,pysindy.STLSQ,confirmation_24,conf_014,common,3.73764835992184,0.4521931655145316,2023
augmentation,0.008,0.8,2,5082,5582,C_compact,compact (12 coordinates),12,12,8,0.5,pysindy.STLSQ,confirmation_24,conf_015,native,4.8884076287837175,0.5224815403235494,2222
augmentation,0.008,0.8,2,5082,5582,C_compact,compact (12 coordinates),12,12,8,0.5,pysindy.STLSQ,confirmation_24,conf_015,common,4.700704314833782,0.4935029038609697,2029
augmentation,0.008,0.8,2,5082,5582,C_compact,compact (12 coordinates),12,12,8,0.5,pysindy.STLSQ,confirmation_24,conf_016,native,4.170307287445788,0.5000965002189608,2283
augmentation,0.008,0.8,2,5082,5582,C_compact,compact (12 coordinates),12,12,8,0.5,pysindy.STLSQ,confirmation_24,conf_016,common,4.052790129482552,0.4760357390030194,2069
augmentation,0.008,0.8,2,5082,5582,C_compact,compact (12 coordinates),12,12,8,0.5,pysindy.STLSQ,confirmation_24,conf_017,native,4.188708000670719,0.4833858522613155,2273
augmentation,0.008,0.8,2,5082,5582,C_compact,compact (12 coordinates),12,12,8,0.5,pysindy.STLSQ,confirmation_24,conf_017,common,4.024037639911464,0.4557725282931375,2075
augmentation,0.008,0.8,2,5082,5582,C_compact,compact (12 coordinates),12,12,8,0.5,pysindy.STLSQ,confirmation_24,conf_018,native,5.2055675720878485,0.5633259533354299,2285
augmentation,0.008,0.8,2,5082,5582,C_compact,compact (12 coordinates),12,12,8,0.5,pysindy.STLSQ,confirmation_24,conf_018,common,5.0233831779440505,0.5343626072306645,2089
augmentation,0.008,0.8,2,5082,5582,C_compact,compact (12 coordinates),12,12,8,0.5,pysindy.STLSQ,confirmation_24,conf_019,native,4.90375235464897,0.5257574409411987,2250
augmentation,0.008,0.8,2,5082,5582,C_compact,compact (12 coordinates),12,12,8,0.5,pysindy.STLSQ,confirmation_24,conf_019,common,4.771521927564324,0.502621359998099,2058
augmentation,0.008,0.8,2,5082,5582,C_compact,compact (12 coordinates),12,12,8,0.5,pysindy.STLSQ,confirmation_24,conf_020,native,4.267859501894681,0.4928239682499417,2295
augmentation,0.008,0.8,2,5082,5582,C_compact,compact (12 coordinates),12,12,8,0.5,pysindy.STLSQ,confirmation_24,conf_020,common,4.183649843618277,0.4735788058334073,2092
augmentation,0.008,0.8,2,5082,5582,C_compact,compact (12 coordinates),12,12,8,0.5,pysindy.STLSQ,confirmation_24,conf_021,native,4.246473396900786,0.4986864013523971,2293
augmentation,0.008,0.8,2,5082,5582,C_compact,compact (12 coordinates),12,12,8,0.5,pysindy.STLSQ,confirmation_24,conf_021,common,4.1064861670675255,0.4724376120060556,2108
augmentation,0.008,0.8,2,5082,5582,C_compact,compact (12 coordinates),12,12,8,0.5,pysindy.STLSQ,confirmation_24,conf_022,native,4.397453300385981,0.5083564439072017,2303
augmentation,0.008,0.8,2,5082,5582,C_compact,compact (12 coordinates),12,12,8,0.5,pysindy.STLSQ,confirmation_24,conf_022,common,4.199963088925851,0.4743951433686524,2092
augmentation,0.008,0.8,2,5082,5582,C_compact,compact (12 coordinates),12,12,8,0.5,pysindy.STLSQ,confirmation_24,conf_023,native,4.881572594109159,0.5269682407886346,2245
augmentation,0.008,0.8,2,5082,5582,C_compact,compact (12 coordinates),12,12,8,0.5,pysindy.STLSQ,confirmation_24,conf_023,common,4.788558405256451,0.5085056467508436,2065
augmentation,0.008,0.8,2,5082,5582,C_all,C_all (38 coordinates),38,38,38,0.0001,pysindy.STLSQ,confirmation_24,conf_000,native,2.3306276827663552,0.2660667791955316,2041
augmentation,0.008,0.8,2,5082,5582,C_all,C_all (38 coordinates),38,38,38,0.0001,pysindy.STLSQ,confirmation_24,conf_000,common,2.3306276827663552,0.2660667791955316,2041
augmentation,0.008,0.8,2,5082,5582,C_all,C_all (38 coordinates),38,38,38,0.0001,pysindy.STLSQ,confirmation_24,conf_001,native,1.841983228043622,0.198598255856001,2065
augmentation,0.008,0.8,2,5082,5582,C_all,C_all (38 coordinates),38,38,38,0.0001,pysindy.STLSQ,confirmation_24,conf_001,common,1.841983228043622,0.198598255856001,2065
augmentation,0.008,0.8,2,5082,5582,C_all,C_all (38 coordinates),38,38,38,0.0001,pysindy.STLSQ,confirmation_24,conf_002,native,1.4928556380639983,0.1974637733305382,2113
augmentation,0.008,0.8,2,5082,5582,C_all,C_all (38 coordinates),38,38,38,0.0001,pysindy.STLSQ,confirmation_24,conf_002,common,1.4928556380639983,0.1974637733305382,2113
augmentation,0.008,0.8,2,5082,5582,C_all,C_all (38 coordinates),38,38,38,0.0001,pysindy.STLSQ,confirmation_24,conf_003,native,2.086917807154577,0.2618603403275272,2037
augmentation,0.008,0.8,2,5082,5582,C_all,C_all (38 coordinates),38,38,38,0.0001,pysindy.STLSQ,confirmation_24,conf_003,common,2.086917807154577,0.2618603403275272,2037
augmentation,0.008,0.8,2,5082,5582,C_all,C_all (38 coordinates),38,38,38,0.0001,pysindy.STLSQ,confirmation_24,conf_004,native,2.183111713856576,0.2432527378740532,2056
augmentation,0.008,0.8,2,5082,5582,C_all,C_all (38 coordinates),38,38,38,0.0001,pysindy.STLSQ,confirmation_24,conf_004,common,2.183111713856576,0.2432527378740532,2056
augmentation,0.008,0.8,2,5082,5582,C_all,C_all (38 coordinates),38,38,38,0.0001,pysindy.STLSQ,confirmation_24,conf_005,native,2.017427172668713,0.2331847540805858,2005
augmentation,0.008,0.8,2,5082,5582,C_all,C_all (38 coordinates),38,38,38,0.0001,pysindy.STLSQ,confirmation_24,conf_005,common,2.017427172668713,0.2331847540805858,2005
augmentation,0.008,0.8,2,5082,5582,C_all,C_all (38 coordinates),38,38,38,0.0001,pysindy.STLSQ,confirmation_24,conf_006,native,2.318320049587385,0.2527178596385892,2052
augmentation,0.008,0.8,2,5082,5582,C_all,C_all (38 coordinates),38,38,38,0.0001,pysindy.STLSQ,confirmation_24,conf_006,common,2.318320049587385,0.2527178596385892,2052
augmentation,0.008,0.8,2,5082,5582,C_all,C_all (38 coordinates),38,38,38,0.0001,pysindy.STLSQ,confirmation_24,conf_007,native,2.4272998832151704,0.3051769964759854,2018
augmentation,0.008,0.8,2,5082,5582,C_all,C_all (38 coordinates),38,38,38,0.0001,pysindy.STLSQ,confirmation_24,conf_007,common,2.4272998832151704,0.3051769964759854,2018
augmentation,0.008,0.8,2,5082,5582,C_all,C_all (38 coordinates),38,38,38,0.0001,pysindy.STLSQ,confirmation_24,conf_008,native,1.950481418838392,0.2267862774881362,2071
augmentation,0.008,0.8,2,5082,5582,C_all,C_all (38 coordinates),38,38,38,0.0001,pysindy.STLSQ,confirmation_24,conf_008,common,1.950481418838392,0.2267862774881362,2071
augmentation,0.008,0.8,2,5082,5582,C_all,C_all (38 coordinates),38,38,38,0.0001,pysindy.STLSQ,confirmation_24,conf_009,native,1.9650165961438912,0.2203911294846355,2025
augmentation,0.008,0.8,2,5082,5582,C_all,C_all (38 coordinates),38,38,38,0.0001,pysindy.STLSQ,confirmation_24,conf_009,common,1.9650165961438912,0.2203911294846355,2025
augmentation,0.008,0.8,2,5082,5582,C_all,C_all (38 coordinates),38,38,38,0.0001,pysindy.STLSQ,confirmation_24,conf_010,native,2.2609314505357707,0.2694506431958213,2059
augmentation,0.008,0.8,2,5082,5582,C_all,C_all (38 coordinates),38,38,38,0.0001,pysindy.STLSQ,confirmation_24,conf_010,common,2.2609314505357707,0.2694506431958213,2059
augmentation,0.008,0.8,2,5082,5582,C_all,C_all (38 coordinates),38,38,38,0.0001,pysindy.STLSQ,confirmation_24,conf_011,native,2.2098932351274256,0.2488395761028767,2071
augmentation,0.008,0.8,2,5082,5582,C_all,C_all (38 coordinates),38,38,38,0.0001,pysindy.STLSQ,confirmation_24,conf_011,common,2.2098932351274256,0.2488395761028767,2071
augmentation,0.008,0.8,2,5082,5582,C_all,C_all (38 coordinates),38,38,38,0.0001,pysindy.STLSQ,confirmation_24,conf_012,native,1.9548791349541368,0.2095168710288338,2049
augmentation,0.008,0.8,2,5082,5582,C_all,C_all (38 coordinates),38,38,38,0.0001,pysindy.STLSQ,confirmation_24,conf_012,common,1.9548791349541368,0.2095168710288338,2049
augmentation,0.008,0.8,2,5082,5582,C_all,C_all (38 coordinates),38,38,38,0.0001,pysindy.STLSQ,confirmation_24,conf_013,native,2.125271959095313,0.2350972804955863,2089
augmentation,0.008,0.8,2,5082,5582,C_all,C_all (38 coordinates),38,38,38,0.0001,pysindy.STLSQ,confirmation_24,conf_013,common,2.125271959095313,0.2350972804955863,2089
augmentation,0.008,0.8,2,5082,5582,C_all,C_all (38 coordinates),38,38,38,0.0001,pysindy.STLSQ,confirmation_24,conf_014,native,2.304191935384164,0.2787688259781102,2023
augmentation,0.008,0.8,2,5082,5582,C_all,C_all (38 coordinates),38,38,38,0.0001,pysindy.STLSQ,confirmation_24,conf_014,common,2.304191935384164,0.2787688259781102,2023
augmentation,0.008,0.8,2,5082,5582,C_all,C_all (38 coordinates),38,38,38,0.0001,pysindy.STLSQ,confirmation_24,conf_015,native,2.400417414805916,0.2520075472407265,2029
augmentation,0.008,0.8,2,5082,5582,C_all,C_all (38 coordinates),38,38,38,0.0001,pysindy.STLSQ,confirmation_24,conf_015,common,2.400417414805916,0.2520075472407265,2029
augmentation,0.008,0.8,2,5082,5582,C_all,C_all (38 coordinates),38,38,38,0.0001,pysindy.STLSQ,confirmation_24,conf_016,native,2.1335390135677104,0.2506028658200349,2069
augmentation,0.008,0.8,2,5082,5582,C_all,C_all (38 coordinates),38,38,38,0.0001,pysindy.STLSQ,confirmation_24,conf_016,common,2.1335390135677104,0.2506028658200349,2069
augmentation,0.008,0.8,2,5082,5582,C_all,C_all (38 coordinates),38,38,38,0.0001,pysindy.STLSQ,confirmation_24,conf_017,native,2.0943145234758185,0.2372072805528262,2075
augmentation,0.008,0.8,2,5082,5582,C_all,C_all (38 coordinates),38,38,38,0.0001,pysindy.STLSQ,confirmation_24,conf_017,common,2.0943145234758185,0.2372072805528262,2075
augmentation,0.008,0.8,2,5082,5582,C_all,C_all (38 coordinates),38,38,38,0.0001,pysindy.STLSQ,confirmation_24,conf_018,native,1.920683778621371,0.2043128217086989,2089
augmentation,0.008,0.8,2,5082,5582,C_all,C_all (38 coordinates),38,38,38,0.0001,pysindy.STLSQ,confirmation_24,conf_018,common,1.920683778621371,0.2043128217086989,2089
augmentation,0.008,0.8,2,5082,5582,C_all,C_all (38 coordinates),38,38,38,0.0001,pysindy.STLSQ,confirmation_24,conf_019,native,2.019202541210487,0.2126982423599374,2058
augmentation,0.008,0.8,2,5082,5582,C_all,C_all (38 coordinates),38,38,38,0.0001,pysindy.STLSQ,confirmation_24,conf_019,common,2.019202541210487,0.2126982423599374,2058
augmentation,0.008,0.8,2,5082,5582,C_all,C_all (38 coordinates),38,38,38,0.0001,pysindy.STLSQ,confirmation_24,conf_020,native,2.3748001834785986,0.2688215020433164,2092
augmentation,0.008,0.8,2,5082,5582,C_all,C_all (38 coordinates),38,38,38,0.0001,pysindy.STLSQ,confirmation_24,conf_020,common,2.3748001834785986,0.2688215020433164,2092
augmentation,0.008,0.8,2,5082,5582,C_all,C_all (38 coordinates),38,38,38,0.0001,pysindy.STLSQ,confirmation_24,conf_021,native,1.963485585408041,0.2258925035758518,2108
augmentation,0.008,0.8,2,5082,5582,C_all,C_all (38 coordinates),38,38,38,0.0001,pysindy.STLSQ,confirmation_24,conf_021,common,1.963485585408041,0.2258925035758518,2108
augmentation,0.008,0.8,2,5082,5582,C_all,C_all (38 coordinates),38,38,38,0.0001,pysindy.STLSQ,confirmation_24,conf_022,native,1.9511551117281047,0.2203872961177528,2092
augmentation,0.008,0.8,2,5082,5582,C_all,C_all (38 coordinates),38,38,38,0.0001,pysindy.STLSQ,confirmation_24,conf_022,common,1.9511551117281047,0.2203872961177528,2092
augmentation,0.008,0.8,2,5082,5582,C_all,C_all (38 coordinates),38,38,38,0.0001,pysindy.STLSQ,confirmation_24,conf_023,native,2.2023392183157706,0.2338703705367946,2065
augmentation,0.008,0.8,2,5082,5582,C_all,C_all (38 coordinates),38,38,38,0.0001,pysindy.STLSQ,confirmation_24,conf_023,common,2.2023392183157706,0.2338703705367946,2065
augmentation,0.009,0.8999999999999999,0,5090,5590,C0_poly2,conventional quadratic,10,65,55,0.5,pysindy.STLSQ,confirmation_24,conf_000,native,3.297391493808148,0.3798345849034217,2397
augmentation,0.009,0.8999999999999999,0,5090,5590,C0_poly2,conventional quadratic,10,65,55,0.5,pysindy.STLSQ,confirmation_24,conf_000,common,3.0475253604748027,0.3483387850615234,2021
augmentation,0.009,0.8999999999999999,0,5090,5590,C0_poly2,conventional quadratic,10,65,55,0.5,pysindy.STLSQ,confirmation_24,conf_001,native,2.808454595066061,0.3162836368955952,2397
augmentation,0.009,0.8999999999999999,0,5090,5590,C0_poly2,conventional quadratic,10,65,55,0.5,pysindy.STLSQ,confirmation_24,conf_001,common,2.7152122117307638,0.2938287650852302,2075
augmentation,0.009,0.8999999999999999,0,5090,5590,C0_poly2,conventional quadratic,10,65,55,0.5,pysindy.STLSQ,confirmation_24,conf_002,native,2.220839878084929,0.3020413474663654,2397
augmentation,0.009,0.8999999999999999,0,5090,5590,C0_poly2,conventional quadratic,10,65,55,0.5,pysindy.STLSQ,confirmation_24,conf_002,common,2.142790024807382,0.2837014719886708,2117
augmentation,0.009,0.8999999999999999,0,5090,5590,C0_poly2,conventional quadratic,10,65,55,0.5,pysindy.STLSQ,confirmation_24,conf_003,native,2.850337001861716,0.3585445501183287,2397
augmentation,0.009,0.8999999999999999,0,5090,5590,C0_poly2,conventional quadratic,10,65,55,0.5,pysindy.STLSQ,confirmation_24,conf_003,common,2.670394423605603,0.3362150549974935,2045
augmentation,0.009,0.8999999999999999,0,5090,5590,C0_poly2,conventional quadratic,10,65,55,0.5,pysindy.STLSQ,confirmation_24,conf_004,native,3.02301514994357,0.3474991085361903,2397
augmentation,0.009,0.8999999999999999,0,5090,5590,C0_poly2,conventional quadratic,10,65,55,0.5,pysindy.STLSQ,confirmation_24,conf_004,common,2.9424976518172423,0.3284221884706014,2056
augmentation,0.009,0.8999999999999999,0,5090,5590,C0_poly2,conventional quadratic,10,65,55,0.5,pysindy.STLSQ,confirmation_24,conf_005,native,3.0528370554081623,0.3550883420330094,2397
augmentation,0.009,0.8999999999999999,0,5090,5590,C0_poly2,conventional quadratic,10,65,55,0.5,pysindy.STLSQ,confirmation_24,conf_005,common,2.79743778874524,0.3242498939103459,2021
augmentation,0.009,0.8999999999999999,0,5090,5590,C0_poly2,conventional quadratic,10,65,55,0.5,pysindy.STLSQ,confirmation_24,conf_006,native,3.1179346837404185,0.3487935813953772,2397
augmentation,0.009,0.8999999999999999,0,5090,5590,C0_poly2,conventional quadratic,10,65,55,0.5,pysindy.STLSQ,confirmation_24,conf_006,common,3.067298638312202,0.3318539554057308,2053
augmentation,0.009,0.8999999999999999,0,5090,5590,C0_poly2,conventional quadratic,10,65,55,0.5,pysindy.STLSQ,confirmation_24,conf_007,native,3.2801200311306333,0.4058715969039488,2397
augmentation,0.009,0.8999999999999999,0,5090,5590,C0_poly2,conventional quadratic,10,65,55,0.5,pysindy.STLSQ,confirmation_24,conf_007,common,2.9973168834400066,0.379288573403442,2004
augmentation,0.009,0.8999999999999999,0,5090,5590,C0_poly2,conventional quadratic,10,65,55,0.5,pysindy.STLSQ,confirmation_24,conf_008,native,2.828235463327789,0.3373539193150999,2397
augmentation,0.009,0.8999999999999999,0,5090,5590,C0_poly2,conventional quadratic,10,65,55,0.5,pysindy.STLSQ,confirmation_24,conf_008,common,2.7310794010646884,0.3169856082248524,2081
augmentation,0.009,0.8999999999999999,0,5090,5590,C0_poly2,conventional quadratic,10,65,55,0.5,pysindy.STLSQ,confirmation_24,conf_009,native,2.9599452760294893,0.3423599225100826,2397
augmentation,0.009,0.8999999999999999,0,5090,5590,C0_poly2,conventional quadratic,10,65,55,0.5,pysindy.STLSQ,confirmation_24,conf_009,common,2.8200302090990994,0.3170749518578475,2055
augmentation,0.009,0.8999999999999999,0,5090,5590,C0_poly2,conventional quadratic,10,65,55,0.5,pysindy.STLSQ,confirmation_24,conf_010,native,3.120460409394902,0.3738232802395456,2397
augmentation,0.009,0.8999999999999999,0,5090,5590,C0_poly2,conventional quadratic,10,65,55,0.5,pysindy.STLSQ,confirmation_24,conf_010,common,2.9352505749625792,0.3492877988517583,2066
augmentation,0.009,0.8999999999999999,0,5090,5590,C0_poly2,conventional quadratic,10,65,55,0.5,pysindy.STLSQ,confirmation_24,conf_011,native,2.993745618456676,0.3474391533214819,2397
augmentation,0.009,0.8999999999999999,0,5090,5590,C0_poly2,conventional quadratic,10,65,55,0.5,pysindy.STLSQ,confirmation_24,conf_011,common,2.925135047874841,0.3291365066195625,2045
augmentation,0.009,0.8999999999999999,0,5090,5590,C0_poly2,conventional quadratic,10,65,55,0.5,pysindy.STLSQ,confirmation_24,conf_012,native,2.913145444599293,0.3261558118827604,2397
augmentation,0.009,0.8999999999999999,0,5090,5590,C0_poly2,conventional quadratic,10,65,55,0.5,pysindy.STLSQ,confirmation_24,conf_012,common,2.8075630106956257,0.3014495841282907,2061
augmentation,0.009,0.8999999999999999,0,5090,5590,C0_poly2,conventional quadratic,10,65,55,0.5,pysindy.STLSQ,confirmation_24,conf_013,native,2.9595681918034336,0.3375688993050708,2397
augmentation,0.009,0.8999999999999999,0,5090,5590,C0_poly2,conventional quadratic,10,65,55,0.5,pysindy.STLSQ,confirmation_24,conf_013,common,2.8862980846251,0.3175324129041857,2086
augmentation,0.009,0.8999999999999999,0,5090,5590,C0_poly2,conventional quadratic,10,65,55,0.5,pysindy.STLSQ,confirmation_24,conf_014,native,3.1772398052059136,0.3841124396787134,2397
augmentation,0.009,0.8999999999999999,0,5090,5590,C0_poly2,conventional quadratic,10,65,55,0.5,pysindy.STLSQ,confirmation_24,conf_014,common,2.9659327800667348,0.3568312813913294,2016
augmentation,0.009,0.8999999999999999,0,5090,5590,C0_poly2,conventional quadratic,10,65,55,0.5,pysindy.STLSQ,confirmation_24,conf_015,native,3.364624193335493,0.3642753960645021,2397
augmentation,0.009,0.8999999999999999,0,5090,5590,C0_poly2,conventional quadratic,10,65,55,0.5,pysindy.STLSQ,confirmation_24,conf_015,common,3.1853970261695363,0.3346132317761598,2034
augmentation,0.009,0.8999999999999999,0,5090,5590,C0_poly2,conventional quadratic,10,65,55,0.5,pysindy.STLSQ,confirmation_24,conf_016,native,2.8951039352210426,0.3475963020696057,2397
augmentation,0.009,0.8999999999999999,0,5090,5590,C0_poly2,conventional quadratic,10,65,55,0.5,pysindy.STLSQ,confirmation_24,conf_016,common,2.7344715073312607,0.3225244191057498,2079
augmentation,0.009,0.8999999999999999,0,5090,5590,C0_poly2,conventional quadratic,10,65,55,0.5,pysindy.STLSQ,confirmation_24,conf_017,native,2.960408053792973,0.3436386321550693,2397
augmentation,0.009,0.8999999999999999,0,5090,5590,C0_poly2,conventional quadratic,10,65,55,0.5,pysindy.STLSQ,confirmation_24,conf_017,common,2.864719314854019,0.3237010242397118,2058
augmentation,0.009,0.8999999999999999,0,5090,5590,C0_poly2,conventional quadratic,10,65,55,0.5,pysindy.STLSQ,confirmation_24,conf_018,native,2.9231385842722952,0.3233655579539908,2397
augmentation,0.009,0.8999999999999999,0,5090,5590,C0_poly2,conventional quadratic,10,65,55,0.5,pysindy.STLSQ,confirmation_24,conf_018,common,2.8009042496640264,0.2980865588585472,2097
augmentation,0.009,0.8999999999999999,0,5090,5590,C0_poly2,conventional quadratic,10,65,55,0.5,pysindy.STLSQ,confirmation_24,conf_019,native,3.066398636697751,0.3365432028437937,2397
augmentation,0.009,0.8999999999999999,0,5090,5590,C0_poly2,conventional quadratic,10,65,55,0.5,pysindy.STLSQ,confirmation_24,conf_019,common,2.983479740526858,0.3138797695778883,2040
augmentation,0.009,0.8999999999999999,0,5090,5590,C0_poly2,conventional quadratic,10,65,55,0.5,pysindy.STLSQ,confirmation_24,conf_020,native,3.1152463801477377,0.3598990130470986,2397
augmentation,0.009,0.8999999999999999,0,5090,5590,C0_poly2,conventional quadratic,10,65,55,0.5,pysindy.STLSQ,confirmation_24,conf_020,common,2.97660099847147,0.3373311141989613,2083
augmentation,0.009,0.8999999999999999,0,5090,5590,C0_poly2,conventional quadratic,10,65,55,0.5,pysindy.STLSQ,confirmation_24,conf_021,native,2.792938471661134,0.3314327228757673,2397
augmentation,0.009,0.8999999999999999,0,5090,5590,C0_poly2,conventional quadratic,10,65,55,0.5,pysindy.STLSQ,confirmation_24,conf_021,common,2.6715304851944324,0.3081058662991793,2095
augmentation,0.009,0.8999999999999999,0,5090,5590,C0_poly2,conventional quadratic,10,65,55,0.5,pysindy.STLSQ,confirmation_24,conf_022,native,2.7250846422852306,0.3198368002446567,2397
augmentation,0.009,0.8999999999999999,0,5090,5590,C0_poly2,conventional quadratic,10,65,55,0.5,pysindy.STLSQ,confirmation_24,conf_022,common,2.642537459450681,0.3010446577806845,2108
augmentation,0.009,0.8999999999999999,0,5090,5590,C0_poly2,conventional quadratic,10,65,55,0.5,pysindy.STLSQ,confirmation_24,conf_023,native,3.082408323626697,0.3387907394590682,2397
augmentation,0.009,0.8999999999999999,0,5090,5590,C0_poly2,conventional quadratic,10,65,55,0.5,pysindy.STLSQ,confirmation_24,conf_023,common,2.988430232162939,0.315951350314139,2035
augmentation,0.009,0.8999999999999999,0,5090,5590,C_compact,compact (12 coordinates),12,12,12,0.0001,pysindy.STLSQ,confirmation_24,conf_000,native,4.738657612703828,0.5523105931550437,2251
augmentation,0.009,0.8999999999999999,0,5090,5590,C_compact,compact (12 coordinates),12,12,12,0.0001,pysindy.STLSQ,confirmation_24,conf_000,common,4.640419744192565,0.530410081842831,2021
augmentation,0.009,0.8999999999999999,0,5090,5590,C_compact,compact (12 coordinates),12,12,12,0.0001,pysindy.STLSQ,confirmation_24,conf_001,native,5.1209500641210814,0.5632743762045315,2264
augmentation,0.009,0.8999999999999999,0,5090,5590,C_compact,compact (12 coordinates),12,12,12,0.0001,pysindy.STLSQ,confirmation_24,conf_001,common,4.924143021935046,0.5328699012869997,2075
augmentation,0.009,0.8999999999999999,0,5090,5590,C_compact,compact (12 coordinates),12,12,12,0.0001,pysindy.STLSQ,confirmation_24,conf_002,native,3.811117982695949,0.514104195151642,2324
augmentation,0.009,0.8999999999999999,0,5090,5590,C_compact,compact (12 coordinates),12,12,12,0.0001,pysindy.STLSQ,confirmation_24,conf_002,common,3.784557322360084,0.5010684531610011,2117
augmentation,0.009,0.8999999999999999,0,5090,5590,C_compact,compact (12 coordinates),12,12,12,0.0001,pysindy.STLSQ,confirmation_24,conf_003,native,3.9888186335937217,0.5104506855828159,2252
augmentation,0.009,0.8999999999999999,0,5090,5590,C_compact,compact (12 coordinates),12,12,12,0.0001,pysindy.STLSQ,confirmation_24,conf_003,common,3.836994862116207,0.4830954660434207,2045
augmentation,0.009,0.8999999999999999,0,5090,5590,C_compact,compact (12 coordinates),12,12,12,0.0001,pysindy.STLSQ,confirmation_24,conf_004,native,4.8377855731595325,0.5500114972238409,2257
augmentation,0.009,0.8999999999999999,0,5090,5590,C_compact,compact (12 coordinates),12,12,12,0.0001,pysindy.STLSQ,confirmation_24,conf_004,common,4.801165819344658,0.535874475422472,2056
augmentation,0.009,0.8999999999999999,0,5090,5590,C_compact,compact (12 coordinates),12,12,12,0.0001,pysindy.STLSQ,confirmation_24,conf_005,native,4.160663344231346,0.4899345670523334,2194
augmentation,0.009,0.8999999999999999,0,5090,5590,C_compact,compact (12 coordinates),12,12,12,0.0001,pysindy.STLSQ,confirmation_24,conf_005,common,4.058490190028817,0.4704179727776127,2021
augmentation,0.009,0.8999999999999999,0,5090,5590,C_compact,compact (12 coordinates),12,12,12,0.0001,pysindy.STLSQ,confirmation_24,conf_006,native,5.40751757034685,0.5975136918822996,2256
augmentation,0.009,0.8999999999999999,0,5090,5590,C_compact,compact (12 coordinates),12,12,12,0.0001,pysindy.STLSQ,confirmation_24,conf_006,common,5.243674648049324,0.5673181447286268,2053
augmentation,0.009,0.8999999999999999,0,5090,5590,C_compact,compact (12 coordinates),12,12,12,0.0001,pysindy.STLSQ,confirmation_24,conf_007,native,4.188182631871532,0.5372470528954914,2227
augmentation,0.009,0.8999999999999999,0,5090,5590,C_compact,compact (12 coordinates),12,12,12,0.0001,pysindy.STLSQ,confirmation_24,conf_007,common,4.016724017067257,0.5082871052460332,2004
augmentation,0.009,0.8999999999999999,0,5090,5590,C_compact,compact (12 coordinates),12,12,12,0.0001,pysindy.STLSQ,confirmation_24,conf_008,native,4.669254397920557,0.5522240540329065,2260
augmentation,0.009,0.8999999999999999,0,5090,5590,C_compact,compact (12 coordinates),12,12,12,0.0001,pysindy.STLSQ,confirmation_24,conf_008,common,4.569962088376343,0.5304174648249927,2081
augmentation,0.009,0.8999999999999999,0,5090,5590,C_compact,compact (12 coordinates),12,12,12,0.0001,pysindy.STLSQ,confirmation_24,conf_009,native,4.755876232780548,0.5435944306446318,2249
augmentation,0.009,0.8999999999999999,0,5090,5590,C_compact,compact (12 coordinates),12,12,12,0.0001,pysindy.STLSQ,confirmation_24,conf_009,common,4.638629043339121,0.521552242900629,2055
augmentation,0.009,0.8999999999999999,0,5090,5590,C_compact,compact (12 coordinates),12,12,12,0.0001,pysindy.STLSQ,confirmation_24,conf_010,native,4.605338664318839,0.5583539319842622,2262
augmentation,0.009,0.8999999999999999,0,5090,5590,C_compact,compact (12 coordinates),12,12,12,0.0001,pysindy.STLSQ,confirmation_24,conf_010,common,4.526070633156357,0.5385915813756115,2066
augmentation,0.009,0.8999999999999999,0,5090,5590,C_compact,compact (12 coordinates),12,12,12,0.0001,pysindy.STLSQ,confirmation_24,conf_011,native,4.874659778295945,0.558346458549575,2248
augmentation,0.009,0.8999999999999999,0,5090,5590,C_compact,compact (12 coordinates),12,12,12,0.0001,pysindy.STLSQ,confirmation_24,conf_011,common,4.69244128672394,0.5279939925343939,2045
augmentation,0.009,0.8999999999999999,0,5090,5590,C_compact,compact (12 coordinates),12,12,12,0.0001,pysindy.STLSQ,confirmation_24,conf_012,native,5.225883413612532,0.5702860832014557,2243
augmentation,0.009,0.8999999999999999,0,5090,5590,C_compact,compact (12 coordinates),12,12,12,0.0001,pysindy.STLSQ,confirmation_24,conf_012,common,5.126383354925271,0.5504225994349193,2061
augmentation,0.009,0.8999999999999999,0,5090,5590,C_compact,compact (12 coordinates),12,12,12,0.0001,pysindy.STLSQ,confirmation_24,conf_013,native,5.33358857690422,0.599377404626815,2288
augmentation,0.009,0.8999999999999999,0,5090,5590,C_compact,compact (12 coordinates),12,12,12,0.0001,pysindy.STLSQ,confirmation_24,conf_013,common,5.230101694273367,0.5753829861036696,2086
augmentation,0.009,0.8999999999999999,0,5090,5590,C_compact,compact (12 coordinates),12,12,12,0.0001,pysindy.STLSQ,confirmation_24,conf_014,native,4.30015299810927,0.5301175036931797,2250
augmentation,0.009,0.8999999999999999,0,5090,5590,C_compact,compact (12 coordinates),12,12,12,0.0001,pysindy.STLSQ,confirmation_24,conf_014,common,4.1848389400663,0.503477843947155,2016
augmentation,0.009,0.8999999999999999,0,5090,5590,C_compact,compact (12 coordinates),12,12,12,0.0001,pysindy.STLSQ,confirmation_24,conf_015,native,5.450865809164988,0.5829262072254835,2217
augmentation,0.009,0.8999999999999999,0,5090,5590,C_compact,compact (12 coordinates),12,12,12,0.0001,pysindy.STLSQ,confirmation_24,conf_015,common,5.251746322476077,0.5516749701827447,2034
augmentation,0.009,0.8999999999999999,0,5090,5590,C_compact,compact (12 coordinates),12,12,12,0.0001,pysindy.STLSQ,confirmation_24,conf_016,native,4.574943711287257,0.5485111604951166,2282
augmentation,0.009,0.8999999999999999,0,5090,5590,C_compact,compact (12 coordinates),12,12,12,0.0001,pysindy.STLSQ,confirmation_24,conf_016,common,4.46934731362614,0.5271488996116611,2079
augmentation,0.009,0.8999999999999999,0,5090,5590,C_compact,compact (12 coordinates),12,12,12,0.0001,pysindy.STLSQ,confirmation_24,conf_017,native,4.712821026058087,0.5434007158320479,2268
augmentation,0.009,0.8999999999999999,0,5090,5590,C_compact,compact (12 coordinates),12,12,12,0.0001,pysindy.STLSQ,confirmation_24,conf_017,common,4.601408667676572,0.5199394896907362,2058
augmentation,0.009,0.8999999999999999,0,5090,5590,C_compact,compact (12 coordinates),12,12,12,0.0001,pysindy.STLSQ,confirmation_24,conf_018,native,5.691366840084817,0.6163572685501646,2289
augmentation,0.009,0.8999999999999999,0,5090,5590,C_compact,compact (12 coordinates),12,12,12,0.0001,pysindy.STLSQ,confirmation_24,conf_018,common,5.391505338470529,0.5737915794889975,2097
augmentation,0.009,0.8999999999999999,0,5090,5590,C_compact,compact (12 coordinates),12,12,12,0.0001,pysindy.STLSQ,confirmation_24,conf_019,native,5.311025165599231,0.5698796185078094,2250
augmentation,0.009,0.8999999999999999,0,5090,5590,C_compact,compact (12 coordinates),12,12,12,0.0001,pysindy.STLSQ,confirmation_24,conf_019,common,5.120572552048785,0.5387146126422517,2040
augmentation,0.009,0.8999999999999999,0,5090,5590,C_compact,compact (12 coordinates),12,12,12,0.0001,pysindy.STLSQ,confirmation_24,conf_020,native,4.653282774913789,0.5369349718238547,2291
augmentation,0.009,0.8999999999999999,0,5090,5590,C_compact,compact (12 coordinates),12,12,12,0.0001,pysindy.STLSQ,confirmation_24,conf_020,common,4.465937729031744,0.5061141049307811,2083
augmentation,0.009,0.8999999999999999,0,5090,5590,C_compact,compact (12 coordinates),12,12,12,0.0001,pysindy.STLSQ,confirmation_24,conf_021,native,4.660426174584746,0.5474596804609331,2292
augmentation,0.009,0.8999999999999999,0,5090,5590,C_compact,compact (12 coordinates),12,12,12,0.0001,pysindy.STLSQ,confirmation_24,conf_021,common,4.458976177508235,0.5142508107589836,2095
augmentation,0.009,0.8999999999999999,0,5090,5590,C_compact,compact (12 coordinates),12,12,12,0.0001,pysindy.STLSQ,confirmation_24,conf_022,native,4.811463382337013,0.5561575994402517,2301
augmentation,0.009,0.8999999999999999,0,5090,5590,C_compact,compact (12 coordinates),12,12,12,0.0001,pysindy.STLSQ,confirmation_24,conf_022,common,4.66612577640557,0.5315770387647224,2108
augmentation,0.009,0.8999999999999999,0,5090,5590,C_compact,compact (12 coordinates),12,12,12,0.0001,pysindy.STLSQ,confirmation_24,conf_023,native,5.311560710755941,0.5727457608554943,2244
augmentation,0.009,0.8999999999999999,0,5090,5590,C_compact,compact (12 coordinates),12,12,12,0.0001,pysindy.STLSQ,confirmation_24,conf_023,common,5.152396140118347,0.5447363302323168,2035
augmentation,0.009,0.8999999999999999,0,5090,5590,C_all,C_all (38 coordinates),38,38,38,0.0001,pysindy.STLSQ,confirmation_24,conf_000,native,2.3717811879411457,0.2710997546253319,2021
augmentation,0.009,0.8999999999999999,0,5090,5590,C_all,C_all (38 coordinates),38,38,38,0.0001,pysindy.STLSQ,confirmation_24,conf_000,common,2.3717811879411457,0.2710997546253319,2021
augmentation,0.009,0.8999999999999999,0,5090,5590,C_all,C_all (38 coordinates),38,38,38,0.0001,pysindy.STLSQ,confirmation_24,conf_001,native,1.8298790775030915,0.1980217631885593,2075
augmentation,0.009,0.8999999999999999,0,5090,5590,C_all,C_all (38 coordinates),38,38,38,0.0001,pysindy.STLSQ,confirmation_24,conf_001,common,1.8298790775030915,0.1980217631885593,2075
augmentation,0.009,0.8999999999999999,0,5090,5590,C_all,C_all (38 coordinates),38,38,38,0.0001,pysindy.STLSQ,confirmation_24,conf_002,native,1.5669112904339118,0.2074561830255525,2117
augmentation,0.009,0.8999999999999999,0,5090,5590,C_all,C_all (38 coordinates),38,38,38,0.0001,pysindy.STLSQ,confirmation_24,conf_002,common,1.5669112904339118,0.2074561830255525,2117
augmentation,0.009,0.8999999999999999,0,5090,5590,C_all,C_all (38 coordinates),38,38,38,0.0001,pysindy.STLSQ,confirmation_24,conf_003,native,2.204730557936424,0.2775858125071969,2045
augmentation,0.009,0.8999999999999999,0,5090,5590,C_all,C_all (38 coordinates),38,38,38,0.0001,pysindy.STLSQ,confirmation_24,conf_003,common,2.204730557936424,0.2775858125071969,2045
augmentation,0.009,0.8999999999999999,0,5090,5590,C_all,C_all (38 coordinates),38,38,38,0.0001,pysindy.STLSQ,confirmation_24,conf_004,native,2.3207544137011733,0.2590273072876817,2056
augmentation,0.009,0.8999999999999999,0,5090,5590,C_all,C_all (38 coordinates),38,38,38,0.0001,pysindy.STLSQ,confirmation_24,conf_004,common,2.3207544137011733,0.2590273072876817,2056
augmentation,0.009,0.8999999999999999,0,5090,5590,C_all,C_all (38 coordinates),38,38,38,0.0001,pysindy.STLSQ,confirmation_24,conf_005,native,2.1627127561332653,0.2506791695443942,2021
augmentation,0.009,0.8999999999999999,0,5090,5590,C_all,C_all (38 coordinates),38,38,38,0.0001,pysindy.STLSQ,confirmation_24,conf_005,common,2.1627127561332653,0.2506791695443942,2021
augmentation,0.009,0.8999999999999999,0,5090,5590,C_all,C_all (38 coordinates),38,38,38,0.0001,pysindy.STLSQ,confirmation_24,conf_006,native,2.443097090721672,0.2643209966155565,2053
augmentation,0.009,0.8999999999999999,0,5090,5590,C_all,C_all (38 coordinates),38,38,38,0.0001,pysindy.STLSQ,confirmation_24,conf_006,common,2.443097090721672,0.2643209966155565,2053
augmentation,0.009,0.8999999999999999,0,5090,5590,C_all,C_all (38 coordinates),38,38,38,0.0001,pysindy.STLSQ,confirmation_24,conf_007,native,2.491568945855125,0.3152898634878769,2004
augmentation,0.009,0.8999999999999999,0,5090,5590,C_all,C_all (38 coordinates),38,38,38,0.0001,pysindy.STLSQ,confirmation_24,conf_007,common,2.491568945855125,0.3152898634878769,2004
augmentation,0.009,0.8999999999999999,0,5090,5590,C_all,C_all (38 coordinates),38,38,38,0.0001,pysindy.STLSQ,confirmation_24,conf_008,native,2.0561590019567197,0.2386502609877134,2081
augmentation,0.009,0.8999999999999999,0,5090,5590,C_all,C_all (38 coordinates),38,38,38,0.0001,pysindy.STLSQ,confirmation_24,conf_008,common,2.0561590019567197,0.2386502609877134,2081
augmentation,0.009,0.8999999999999999,0,5090,5590,C_all,C_all (38 coordinates),38,38,38,0.0001,pysindy.STLSQ,confirmation_24,conf_009,native,2.021175336846267,0.2272543288929987,2055
augmentation,0.009,0.8999999999999999,0,5090,5590,C_all,C_all (38 coordinates),38,38,38,0.0001,pysindy.STLSQ,confirmation_24,conf_009,common,2.021175336846267,0.2272543288929987,2055
augmentation,0.009,0.8999999999999999,0,5090,5590,C_all,C_all (38 coordinates),38,38,38,0.0001,pysindy.STLSQ,confirmation_24,conf_010,native,2.4037189588504453,0.2860368076772512,2066
augmentation,0.009,0.8999999999999999,0,5090,5590,C_all,C_all (38 coordinates),38,38,38,0.0001,pysindy.STLSQ,confirmation_24,conf_010,common,2.4037189588504453,0.2860368076772512,2066
augmentation,0.009,0.8999999999999999,0,5090,5590,C_all,C_all (38 coordinates),38,38,38,0.0001,pysindy.STLSQ,confirmation_24,conf_011,native,2.299244943423384,0.2587112855151317,2045
augmentation,0.009,0.8999999999999999,0,5090,5590,C_all,C_all (38 coordinates),38,38,38,0.0001,pysindy.STLSQ,confirmation_24,conf_011,common,2.299244943423384,0.2587112855151317,2045
augmentation,0.009,0.8999999999999999,0,5090,5590,C_all,C_all (38 coordinates),38,38,38,0.0001,pysindy.STLSQ,confirmation_24,conf_012,native,1.997664060837546,0.2144902885788859,2061
augmentation,0.009,0.8999999999999999,0,5090,5590,C_all,C_all (38 coordinates),38,38,38,0.0001,pysindy.STLSQ,confirmation_24,conf_012,common,1.997664060837546,0.2144902885788859,2061
augmentation,0.009,0.8999999999999999,0,5090,5590,C_all,C_all (38 coordinates),38,38,38,0.0001,pysindy.STLSQ,confirmation_24,conf_013,native,2.2531832096248205,0.2478810851445018,2086
augmentation,0.009,0.8999999999999999,0,5090,5590,C_all,C_all (38 coordinates),38,38,38,0.0001,pysindy.STLSQ,confirmation_24,conf_013,common,2.2531832096248205,0.2478810851445018,2086
augmentation,0.009,0.8999999999999999,0,5090,5590,C_all,C_all (38 coordinates),38,38,38,0.0001,pysindy.STLSQ,confirmation_24,conf_014,native,2.3900601533437404,0.2875480634125548,2016
augmentation,0.009,0.8999999999999999,0,5090,5590,C_all,C_all (38 coordinates),38,38,38,0.0001,pysindy.STLSQ,confirmation_24,conf_014,common,2.3900601533437404,0.2875480634125548,2016
augmentation,0.009,0.8999999999999999,0,5090,5590,C_all,C_all (38 coordinates),38,38,38,0.0001,pysindy.STLSQ,confirmation_24,conf_015,native,2.4499182355348768,0.2573541230951226,2034
augmentation,0.009,0.8999999999999999,0,5090,5590,C_all,C_all (38 coordinates),38,38,38,0.0001,pysindy.STLSQ,confirmation_24,conf_015,common,2.4499182355348768,0.2573541230951226,2034
augmentation,0.009,0.8999999999999999,0,5090,5590,C_all,C_all (38 coordinates),38,38,38,0.0001,pysindy.STLSQ,confirmation_24,conf_016,native,2.1405532577503963,0.2524731723003587,2079
augmentation,0.009,0.8999999999999999,0,5090,5590,C_all,C_all (38 coordinates),38,38,38,0.0001,pysindy.STLSQ,confirmation_24,conf_016,common,2.1405532577503963,0.2524731723003587,2079
augmentation,0.009,0.8999999999999999,0,5090,5590,C_all,C_all (38 coordinates),38,38,38,0.0001,pysindy.STLSQ,confirmation_24,conf_017,native,2.173352205966985,0.2455794993447727,2058
augmentation,0.009,0.8999999999999999,0,5090,5590,C_all,C_all (38 coordinates),38,38,38,0.0001,pysindy.STLSQ,confirmation_24,conf_017,common,2.173352205966985,0.2455794993447727,2058
augmentation,0.009,0.8999999999999999,0,5090,5590,C_all,C_all (38 coordinates),38,38,38,0.0001,pysindy.STLSQ,confirmation_24,conf_018,native,1.97106862366473,0.209771206342648,2097
augmentation,0.009,0.8999999999999999,0,5090,5590,C_all,C_all (38 coordinates),38,38,38,0.0001,pysindy.STLSQ,confirmation_24,conf_018,common,1.97106862366473,0.209771206342648,2097
augmentation,0.009,0.8999999999999999,0,5090,5590,C_all,C_all (38 coordinates),38,38,38,0.0001,pysindy.STLSQ,confirmation_24,conf_019,native,2.0423265698630684,0.2148648721972603,2040
augmentation,0.009,0.8999999999999999,0,5090,5590,C_all,C_all (38 coordinates),38,38,38,0.0001,pysindy.STLSQ,confirmation_24,conf_019,common,2.0423265698630684,0.2148648721972603,2040
augmentation,0.009,0.8999999999999999,0,5090,5590,C_all,C_all (38 coordinates),38,38,38,0.0001,pysindy.STLSQ,confirmation_24,conf_020,native,2.353373661590388,0.2667022418518429,2083
augmentation,0.009,0.8999999999999999,0,5090,5590,C_all,C_all (38 coordinates),38,38,38,0.0001,pysindy.STLSQ,confirmation_24,conf_020,common,2.353373661590388,0.2667022418518429,2083
augmentation,0.009,0.8999999999999999,0,5090,5590,C_all,C_all (38 coordinates),38,38,38,0.0001,pysindy.STLSQ,confirmation_24,conf_021,native,1.996135667202472,0.230213022985342,2095
augmentation,0.009,0.8999999999999999,0,5090,5590,C_all,C_all (38 coordinates),38,38,38,0.0001,pysindy.STLSQ,confirmation_24,conf_021,common,1.996135667202472,0.230213022985342,2095
augmentation,0.009,0.8999999999999999,0,5090,5590,C_all,C_all (38 coordinates),38,38,38,0.0001,pysindy.STLSQ,confirmation_24,conf_022,native,2.015170535100866,0.2295734056444627,2108
augmentation,0.009,0.8999999999999999,0,5090,5590,C_all,C_all (38 coordinates),38,38,38,0.0001,pysindy.STLSQ,confirmation_24,conf_022,common,2.015170535100866,0.2295734056444627,2108
augmentation,0.009,0.8999999999999999,0,5090,5590,C_all,C_all (38 coordinates),38,38,38,0.0001,pysindy.STLSQ,confirmation_24,conf_023,native,2.1601572349503275,0.2283823085203618,2035
augmentation,0.009,0.8999999999999999,0,5090,5590,C_all,C_all (38 coordinates),38,38,38,0.0001,pysindy.STLSQ,confirmation_24,conf_023,common,2.1601572349503275,0.2283823085203618,2035
augmentation,0.009,0.8999999999999999,1,5091,5591,C0_poly2,conventional quadratic,10,65,55,0.5,pysindy.STLSQ,confirmation_24,conf_000,native,3.300310616101186,0.3801708457346092,2397
augmentation,0.009,0.8999999999999999,1,5091,5591,C0_poly2,conventional quadratic,10,65,55,0.5,pysindy.STLSQ,confirmation_24,conf_000,common,3.0361764190768,0.346750719996382,2038
augmentation,0.009,0.8999999999999999,1,5091,5591,C0_poly2,conventional quadratic,10,65,55,0.5,pysindy.STLSQ,confirmation_24,conf_001,native,2.811557827397919,0.3166331179268272,2397
augmentation,0.009,0.8999999999999999,1,5091,5591,C0_poly2,conventional quadratic,10,65,55,0.5,pysindy.STLSQ,confirmation_24,conf_001,common,2.7086757198189138,0.2925393943713674,2058
augmentation,0.009,0.8999999999999999,1,5091,5591,C0_poly2,conventional quadratic,10,65,55,0.5,pysindy.STLSQ,confirmation_24,conf_002,native,2.215131305359205,0.3012649632636131,2397
augmentation,0.009,0.8999999999999999,1,5091,5591,C0_poly2,conventional quadratic,10,65,55,0.5,pysindy.STLSQ,confirmation_24,conf_002,common,2.137474464024065,0.2822066456509018,2102
augmentation,0.009,0.8999999999999999,1,5091,5591,C0_poly2,conventional quadratic,10,65,55,0.5,pysindy.STLSQ,confirmation_24,conf_003,native,2.855127529142548,0.3591471516519768,2397
augmentation,0.009,0.8999999999999999,1,5091,5591,C0_poly2,conventional quadratic,10,65,55,0.5,pysindy.STLSQ,confirmation_24,conf_003,common,2.681832440290392,0.336626878112956,2028
augmentation,0.009,0.8999999999999999,1,5091,5591,C0_poly2,conventional quadratic,10,65,55,0.5,pysindy.STLSQ,confirmation_24,conf_004,native,3.027342037122831,0.3479964892514533,2397
augmentation,0.009,0.8999999999999999,1,5091,5591,C0_poly2,conventional quadratic,10,65,55,0.5,pysindy.STLSQ,confirmation_24,conf_004,common,2.911356871599922,0.3253307830354812,2072
augmentation,0.009,0.8999999999999999,1,5091,5591,C0_poly2,conventional quadratic,10,65,55,0.5,pysindy.STLSQ,confirmation_24,conf_005,native,3.0622596518736724,0.3561843239330774,2397
augmentation,0.009,0.8999999999999999,1,5091,5591,C0_poly2,conventional quadratic,10,65,55,0.5,pysindy.STLSQ,confirmation_24,conf_005,common,2.810937482900855,0.3251120215809534,1998
augmentation,0.009,0.8999999999999999,1,5091,5591,C0_poly2,conventional quadratic,10,65,55,0.5,pysindy.STLSQ,confirmation_24,conf_006,native,3.1209081578838798,0.349126214628874,2397
augmentation,0.009,0.8999999999999999,1,5091,5591,C0_poly2,conventional quadratic,10,65,55,0.5,pysindy.STLSQ,confirmation_24,conf_006,common,3.028478816896832,0.3295484162334977,2057
augmentation,0.009,0.8999999999999999,1,5091,5591,C0_poly2,conventional quadratic,10,65,55,0.5,pysindy.STLSQ,confirmation_24,conf_007,native,3.26185429366876,0.4036114527744904,2397
augmentation,0.009,0.8999999999999999,1,5091,5591,C0_poly2,conventional quadratic,10,65,55,0.5,pysindy.STLSQ,confirmation_24,conf_007,common,2.982069248822938,0.375503527770385,2022
augmentation,0.009,0.8999999999999999,1,5091,5591,C0_poly2,conventional quadratic,10,65,55,0.5,pysindy.STLSQ,confirmation_24,conf_008,native,2.810466121413383,0.335234379688289,2397
augmentation,0.009,0.8999999999999999,1,5091,5591,C0_poly2,conventional quadratic,10,65,55,0.5,pysindy.STLSQ,confirmation_24,conf_008,common,2.710937704699756,0.3160943190001433,2049
augmentation,0.009,0.8999999999999999,1,5091,5591,C0_poly2,conventional quadratic,10,65,55,0.5,pysindy.STLSQ,confirmation_24,conf_009,native,2.957670949265283,0.3420968641552333,2397
augmentation,0.009,0.8999999999999999,1,5091,5591,C0_poly2,conventional quadratic,10,65,55,0.5,pysindy.STLSQ,confirmation_24,conf_009,common,2.814684466334533,0.3152072377685843,2040
augmentation,0.009,0.8999999999999999,1,5091,5591,C0_poly2,conventional quadratic,10,65,55,0.5,pysindy.STLSQ,confirmation_24,conf_010,native,3.104206464631657,0.3718760986858445,2397
augmentation,0.009,0.8999999999999999,1,5091,5591,C0_poly2,conventional quadratic,10,65,55,0.5,pysindy.STLSQ,confirmation_24,conf_010,common,2.905218158028052,0.3451228079355687,2056
augmentation,0.009,0.8999999999999999,1,5091,5591,C0_poly2,conventional quadratic,10,65,55,0.5,pysindy.STLSQ,confirmation_24,conf_011,native,2.9820353433986018,0.3460801173278238,2397
augmentation,0.009,0.8999999999999999,1,5091,5591,C0_poly2,conventional quadratic,10,65,55,0.5,pysindy.STLSQ,confirmation_24,conf_011,common,2.8844513415675177,0.3256970498570228,2073
augmentation,0.009,0.8999999999999999,1,5091,5591,C0_poly2,conventional quadratic,10,65,55,0.5,pysindy.STLSQ,confirmation_24,conf_012,native,2.9165808964892266,0.3265404451328518,2397
augmentation,0.009,0.8999999999999999,1,5091,5591,C0_poly2,conventional quadratic,10,65,55,0.5,pysindy.STLSQ,confirmation_24,conf_012,common,2.815763387973117,0.3017445893100876,2052
augmentation,0.009,0.8999999999999999,1,5091,5591,C0_poly2,conventional quadratic,10,65,55,0.5,pysindy.STLSQ,confirmation_24,conf_013,native,2.960949021034354,0.3377263969443889,2397
augmentation,0.009,0.8999999999999999,1,5091,5591,C0_poly2,conventional quadratic,10,65,55,0.5,pysindy.STLSQ,confirmation_24,conf_013,common,2.8688569938824213,0.317613829594271,2086
augmentation,0.009,0.8999999999999999,1,5091,5591,C0_poly2,conventional quadratic,10,65,55,0.5,pysindy.STLSQ,confirmation_24,conf_014,native,3.1646549986068253,0.3825909993525094,2397
augmentation,0.009,0.8999999999999999,1,5091,5591,C0_poly2,conventional quadratic,10,65,55,0.5,pysindy.STLSQ,confirmation_24,conf_014,common,2.940537773998717,0.3556154185756575,2021
augmentation,0.009,0.8999999999999999,1,5091,5591,C0_poly2,conventional quadratic,10,65,55,0.5,pysindy.STLSQ,confirmation_24,conf_015,native,3.371617955280121,0.3650325847595743,2397
augmentation,0.009,0.8999999999999999,1,5091,5591,C0_poly2,conventional quadratic,10,65,55,0.5,pysindy.STLSQ,confirmation_24,conf_015,common,3.183162563696918,0.3361701409595642,2023
augmentation,0.009,0.8999999999999999,1,5091,5591,C0_poly2,conventional quadratic,10,65,55,0.5,pysindy.STLSQ,confirmation_24,conf_016,native,2.896134759834464,0.3477200664772831,2397
augmentation,0.009,0.8999999999999999,1,5091,5591,C0_poly2,conventional quadratic,10,65,55,0.5,pysindy.STLSQ,confirmation_24,conf_016,common,2.7896950832089678,0.3273962688410844,2082
augmentation,0.009,0.8999999999999999,1,5091,5591,C0_poly2,conventional quadratic,10,65,55,0.5,pysindy.STLSQ,confirmation_24,conf_017,native,2.968529871999578,0.344581397628077,2397
augmentation,0.009,0.8999999999999999,1,5091,5591,C0_poly2,conventional quadratic,10,65,55,0.5,pysindy.STLSQ,confirmation_24,conf_017,common,2.889935862077741,0.3257823486613955,2070
augmentation,0.009,0.8999999999999999,1,5091,5591,C0_poly2,conventional quadratic,10,65,55,0.5,pysindy.STLSQ,confirmation_24,conf_018,native,2.9278767066357143,0.3238897019647965,2397
augmentation,0.009,0.8999999999999999,1,5091,5591,C0_poly2,conventional quadratic,10,65,55,0.5,pysindy.STLSQ,confirmation_24,conf_018,common,2.83455437351904,0.3009647485463942,2090
augmentation,0.009,0.8999999999999999,1,5091,5591,C0_poly2,conventional quadratic,10,65,55,0.5,pysindy.STLSQ,confirmation_24,conf_019,native,3.071519731967003,0.3371052529906195,2397
augmentation,0.009,0.8999999999999999,1,5091,5591,C0_poly2,conventional quadratic,10,65,55,0.5,pysindy.STLSQ,confirmation_24,conf_019,common,2.979252281554269,0.3132704690415767,2040
augmentation,0.009,0.8999999999999999,1,5091,5591,C0_poly2,conventional quadratic,10,65,55,0.5,pysindy.STLSQ,confirmation_24,conf_020,native,3.1139333662493587,0.359747322827938,2397
augmentation,0.009,0.8999999999999999,1,5091,5591,C0_poly2,conventional quadratic,10,65,55,0.5,pysindy.STLSQ,confirmation_24,conf_020,common,2.9761561541374077,0.3389344069296151,2100
augmentation,0.009,0.8999999999999999,1,5091,5591,C0_poly2,conventional quadratic,10,65,55,0.5,pysindy.STLSQ,confirmation_24,conf_021,native,2.7825393669784817,0.3301986808030855,2397
augmentation,0.009,0.8999999999999999,1,5091,5591,C0_poly2,conventional quadratic,10,65,55,0.5,pysindy.STLSQ,confirmation_24,conf_021,common,2.689167025710736,0.31050621194737,2110
augmentation,0.009,0.8999999999999999,1,5091,5591,C0_poly2,conventional quadratic,10,65,55,0.5,pysindy.STLSQ,confirmation_24,conf_022,native,2.7274690209567933,0.3201166491833102,2397
augmentation,0.009,0.8999999999999999,1,5091,5591,C0_poly2,conventional quadratic,10,65,55,0.5,pysindy.STLSQ,confirmation_24,conf_022,common,2.657116119178188,0.3012494738202885,2090
augmentation,0.009,0.8999999999999999,1,5091,5591,C0_poly2,conventional quadratic,10,65,55,0.5,pysindy.STLSQ,confirmation_24,conf_023,native,3.086262187177173,0.3392143216535595,2397
augmentation,0.009,0.8999999999999999,1,5091,5591,C0_poly2,conventional quadratic,10,65,55,0.5,pysindy.STLSQ,confirmation_24,conf_023,common,3.0151483158144496,0.3190462360892653,2054
augmentation,0.009,0.8999999999999999,1,5091,5591,C_compact,compact (12 coordinates),12,12,10,0.5,pysindy.STLSQ,confirmation_24,conf_000,native,4.856483442032743,0.5635737984323702,2247
augmentation,0.009,0.8999999999999999,1,5091,5591,C_compact,compact (12 coordinates),12,12,10,0.5,pysindy.STLSQ,confirmation_24,conf_000,common,4.5961057085505,0.5249045982986587,2038
augmentation,0.009,0.8999999999999999,1,5091,5591,C_compact,compact (12 coordinates),12,12,10,0.5,pysindy.STLSQ,confirmation_24,conf_001,native,5.170632625247315,0.5683836115187794,2262
augmentation,0.009,0.8999999999999999,1,5091,5591,C_compact,compact (12 coordinates),12,12,10,0.5,pysindy.STLSQ,confirmation_24,conf_001,common,5.074959216634549,0.5481001231823032,2058
augmentation,0.009,0.8999999999999999,1,5091,5591,C_compact,compact (12 coordinates),12,12,10,0.5,pysindy.STLSQ,confirmation_24,conf_002,native,3.740201366468189,0.5047575369870216,2324
augmentation,0.009,0.8999999999999999,1,5091,5591,C_compact,compact (12 coordinates),12,12,10,0.5,pysindy.STLSQ,confirmation_24,conf_002,common,3.658908759749661,0.4830786917976617,2102
augmentation,0.009,0.8999999999999999,1,5091,5591,C_compact,compact (12 coordinates),12,12,10,0.5,pysindy.STLSQ,confirmation_24,conf_003,native,3.9818947752166136,0.5100038983640721,2246
augmentation,0.009,0.8999999999999999,1,5091,5591,C_compact,compact (12 coordinates),12,12,10,0.5,pysindy.STLSQ,confirmation_24,conf_003,common,3.936095239230967,0.4940634740752547,2028
augmentation,0.009,0.8999999999999999,1,5091,5591,C_compact,compact (12 coordinates),12,12,10,0.5,pysindy.STLSQ,confirmation_24,conf_004,native,4.734704989088143,0.5382664969884979,2254
augmentation,0.009,0.8999999999999999,1,5091,5591,C_compact,compact (12 coordinates),12,12,10,0.5,pysindy.STLSQ,confirmation_24,conf_004,common,4.668219507780674,0.5216521281409217,2072
augmentation,0.009,0.8999999999999999,1,5091,5591,C_compact,compact (12 coordinates),12,12,10,0.5,pysindy.STLSQ,confirmation_24,conf_005,native,4.276820825521573,0.5034469670001521,2188
augmentation,0.009,0.8999999999999999,1,5091,5591,C_compact,compact (12 coordinates),12,12,10,0.5,pysindy.STLSQ,confirmation_24,conf_005,common,4.180481914500095,0.4835130395725269,1998
augmentation,0.009,0.8999999999999999,1,5091,5591,C_compact,compact (12 coordinates),12,12,10,0.5,pysindy.STLSQ,confirmation_24,conf_006,native,5.219287994637845,0.5768219185928893,2255
augmentation,0.009,0.8999999999999999,1,5091,5591,C_compact,compact (12 coordinates),12,12,10,0.5,pysindy.STLSQ,confirmation_24,conf_006,common,4.979235925986131,0.5418229456671686,2057
augmentation,0.009,0.8999999999999999,1,5091,5591,C_compact,compact (12 coordinates),12,12,10,0.5,pysindy.STLSQ,confirmation_24,conf_007,native,4.036764180988312,0.5182721969540511,2228
augmentation,0.009,0.8999999999999999,1,5091,5591,C_compact,compact (12 coordinates),12,12,10,0.5,pysindy.STLSQ,confirmation_24,conf_007,common,3.970214691048573,0.4999312551453989,2022
augmentation,0.009,0.8999999999999999,1,5091,5591,C_compact,compact (12 coordinates),12,12,10,0.5,pysindy.STLSQ,confirmation_24,conf_008,native,4.437197923362711,0.524671311145075,2256
augmentation,0.009,0.8999999999999999,1,5091,5591,C_compact,compact (12 coordinates),12,12,10,0.5,pysindy.STLSQ,confirmation_24,conf_008,common,4.351096591326661,0.5073362296576898,2049
augmentation,0.009,0.8999999999999999,1,5091,5591,C_compact,compact (12 coordinates),12,12,10,0.5,pysindy.STLSQ,confirmation_24,conf_009,native,4.58502086115031,0.5237397138766268,2245
augmentation,0.009,0.8999999999999999,1,5091,5591,C_compact,compact (12 coordinates),12,12,10,0.5,pysindy.STLSQ,confirmation_24,conf_009,common,4.435011707256178,0.4966623457925472,2040
augmentation,0.009,0.8999999999999999,1,5091,5591,C_compact,compact (12 coordinates),12,12,10,0.5,pysindy.STLSQ,confirmation_24,conf_010,native,4.520510571831732,0.5486474527710093,2263
augmentation,0.009,0.8999999999999999,1,5091,5591,C_compact,compact (12 coordinates),12,12,10,0.5,pysindy.STLSQ,confirmation_24,conf_010,common,4.441459295341906,0.527619207908424,2056
augmentation,0.009,0.8999999999999999,1,5091,5591,C_compact,compact (12 coordinates),12,12,10,0.5,pysindy.STLSQ,confirmation_24,conf_011,native,4.555199441222082,0.5223804339468562,2245
augmentation,0.009,0.8999999999999999,1,5091,5591,C_compact,compact (12 coordinates),12,12,10,0.5,pysindy.STLSQ,confirmation_24,conf_011,common,4.428150664238661,0.5000034449813889,2073
augmentation,0.009,0.8999999999999999,1,5091,5591,C_compact,compact (12 coordinates),12,12,10,0.5,pysindy.STLSQ,confirmation_24,conf_012,native,5.498381823565868,0.6001353881082845,2243
augmentation,0.009,0.8999999999999999,1,5091,5591,C_compact,compact (12 coordinates),12,12,10,0.5,pysindy.STLSQ,confirmation_24,conf_012,common,5.441657046320827,0.5831422404388826,2052
augmentation,0.009,0.8999999999999999,1,5091,5591,C_compact,compact (12 coordinates),12,12,10,0.5,pysindy.STLSQ,confirmation_24,conf_013,native,5.2875545939646535,0.5943521681439216,2286
augmentation,0.009,0.8999999999999999,1,5091,5591,C_compact,compact (12 coordinates),12,12,10,0.5,pysindy.STLSQ,confirmation_24,conf_013,common,5.194916295340683,0.5751340211461445,2086
augmentation,0.009,0.8999999999999999,1,5091,5591,C_compact,compact (12 coordinates),12,12,10,0.5,pysindy.STLSQ,confirmation_24,conf_014,native,4.277635837253258,0.5264621540428347,2248
augmentation,0.009,0.8999999999999999,1,5091,5591,C_compact,compact (12 coordinates),12,12,10,0.5,pysindy.STLSQ,confirmation_24,conf_014,common,4.104576654866975,0.4963890476439864,2021
augmentation,0.009,0.8999999999999999,1,5091,5591,C_compact,compact (12 coordinates),12,12,10,0.5,pysindy.STLSQ,confirmation_24,conf_015,native,5.675323685734623,0.6075741541945938,2221
augmentation,0.009,0.8999999999999999,1,5091,5591,C_compact,compact (12 coordinates),12,12,10,0.5,pysindy.STLSQ,confirmation_24,conf_015,common,5.66169147444602,0.5979247314418032,2023
augmentation,0.009,0.8999999999999999,1,5091,5591,C_compact,compact (12 coordinates),12,12,10,0.5,pysindy.STLSQ,confirmation_24,conf_016,native,4.7334754236096215,0.5680242897898167,2287
augmentation,0.009,0.8999999999999999,1,5091,5591,C_compact,compact (12 coordinates),12,12,10,0.5,pysindy.STLSQ,confirmation_24,conf_016,common,4.680928777553431,0.5493498646880813,2082
augmentation,0.009,0.8999999999999999,1,5091,5591,C_compact,compact (12 coordinates),12,12,10,0.5,pysindy.STLSQ,confirmation_24,conf_017,native,4.713392598247089,0.5435695435562384,2275
augmentation,0.009,0.8999999999999999,1,5091,5591,C_compact,compact (12 coordinates),12,12,10,0.5,pysindy.STLSQ,confirmation_24,conf_017,common,4.621616200381433,0.5209946006515611,2070
augmentation,0.009,0.8999999999999999,1,5091,5591,C_compact,compact (12 coordinates),12,12,10,0.5,pysindy.STLSQ,confirmation_24,conf_018,native,5.429753526891309,0.5874972852007586,2282
augmentation,0.009,0.8999999999999999,1,5091,5591,C_compact,compact (12 coordinates),12,12,10,0.5,pysindy.STLSQ,confirmation_24,conf_018,common,5.302566997342119,0.5630111589724845,2090
augmentation,0.009,0.8999999999999999,1,5091,5591,C_compact,compact (12 coordinates),12,12,10,0.5,pysindy.STLSQ,confirmation_24,conf_019,native,5.701030052945372,0.6108034338523155,2246
augmentation,0.009,0.8999999999999999,1,5091,5591,C_compact,compact (12 coordinates),12,12,10,0.5,pysindy.STLSQ,confirmation_24,conf_019,common,5.607462774134092,0.5896286475174658,2040
augmentation,0.009,0.8999999999999999,1,5091,5591,C_compact,compact (12 coordinates),12,12,10,0.5,pysindy.STLSQ,confirmation_24,conf_020,native,4.842541530272305,0.558671756916779,2293
augmentation,0.009,0.8999999999999999,1,5091,5591,C_compact,compact (12 coordinates),12,12,10,0.5,pysindy.STLSQ,confirmation_24,conf_020,common,4.732743863769123,0.5389803664657787,2100
augmentation,0.009,0.8999999999999999,1,5091,5591,C_compact,compact (12 coordinates),12,12,10,0.5,pysindy.STLSQ,confirmation_24,conf_021,native,4.642372230521375,0.5449807371323925,2294
augmentation,0.009,0.8999999999999999,1,5091,5591,C_compact,compact (12 coordinates),12,12,10,0.5,pysindy.STLSQ,confirmation_24,conf_021,common,4.503807293272677,0.5200346905211027,2110
augmentation,0.009,0.8999999999999999,1,5091,5591,C_compact,compact (12 coordinates),12,12,10,0.5,pysindy.STLSQ,confirmation_24,conf_022,native,4.799063688908299,0.5548641559310151,2302
augmentation,0.009,0.8999999999999999,1,5091,5591,C_compact,compact (12 coordinates),12,12,10,0.5,pysindy.STLSQ,confirmation_24,conf_022,common,4.677768890380765,0.5303401709504364,2090
augmentation,0.009,0.8999999999999999,1,5091,5591,C_compact,compact (12 coordinates),12,12,10,0.5,pysindy.STLSQ,confirmation_24,conf_023,native,5.235925512029476,0.5652857012348597,2245
augmentation,0.009,0.8999999999999999,1,5091,5591,C_compact,compact (12 coordinates),12,12,10,0.5,pysindy.STLSQ,confirmation_24,conf_023,common,5.129365558220417,0.5427609535135209,2054
augmentation,0.009,0.8999999999999999,1,5091,5591,C_all,C_all (38 coordinates),38,38,38,0.0001,pysindy.STLSQ,confirmation_24,conf_000,native,2.3807345174879337,0.2718950726552951,2038
augmentation,0.009,0.8999999999999999,1,5091,5591,C_all,C_all (38 coordinates),38,38,38,0.0001,pysindy.STLSQ,confirmation_24,conf_000,common,2.3807345174879337,0.2718950726552951,2038
augmentation,0.009,0.8999999999999999,1,5091,5591,C_all,C_all (38 coordinates),38,38,38,0.0001,pysindy.STLSQ,confirmation_24,conf_001,native,1.86603747188354,0.2015337118079174,2058
augmentation,0.009,0.8999999999999999,1,5091,5591,C_all,C_all (38 coordinates),38,38,38,0.0001,pysindy.STLSQ,confirmation_24,conf_001,common,1.86603747188354,0.2015337118079174,2058
augmentation,0.009,0.8999999999999999,1,5091,5591,C_all,C_all (38 coordinates),38,38,38,0.0001,pysindy.STLSQ,confirmation_24,conf_002,native,1.513835710626073,0.1998688195591577,2102
augmentation,0.009,0.8999999999999999,1,5091,5591,C_all,C_all (38 coordinates),38,38,38,0.0001,pysindy.STLSQ,confirmation_24,conf_002,common,1.513835710626073,0.1998688195591577,2102
augmentation,0.009,0.8999999999999999,1,5091,5591,C_all,C_all (38 coordinates),38,38,38,0.0001,pysindy.STLSQ,confirmation_24,conf_003,native,2.16214486245765,0.2713950596399954,2028
augmentation,0.009,0.8999999999999999,1,5091,5591,C_all,C_all (38 coordinates),38,38,38,0.0001,pysindy.STLSQ,confirmation_24,conf_003,common,2.16214486245765,0.2713950596399954,2028
augmentation,0.009,0.8999999999999999,1,5091,5591,C_all,C_all (38 coordinates),38,38,38,0.0001,pysindy.STLSQ,confirmation_24,conf_004,native,2.2516209217799434,0.2516083152592651,2072
augmentation,0.009,0.8999999999999999,1,5091,5591,C_all,C_all (38 coordinates),38,38,38,0.0001,pysindy.STLSQ,confirmation_24,conf_004,common,2.2516209217799434,0.2516083152592651,2072
augmentation,0.009,0.8999999999999999,1,5091,5591,C_all,C_all (38 coordinates),38,38,38,0.0001,pysindy.STLSQ,confirmation_24,conf_005,native,2.206946147891181,0.2552546002982404,1998
augmentation,0.009,0.8999999999999999,1,5091,5591,C_all,C_all (38 coordinates),38,38,38,0.0001,pysindy.STLSQ,confirmation_24,conf_005,common,2.206946147891181,0.2552546002982404,1998
augmentation,0.009,0.8999999999999999,1,5091,5591,C_all,C_all (38 coordinates),38,38,38,0.0001,pysindy.STLSQ,confirmation_24,conf_006,native,2.3620869413722425,0.2570339954804997,2057
augmentation,0.009,0.8999999999999999,1,5091,5591,C_all,C_all (38 coordinates),38,38,38,0.0001,pysindy.STLSQ,confirmation_24,conf_006,common,2.3620869413722425,0.2570339954804997,2057
augmentation,0.009,0.8999999999999999,1,5091,5591,C_all,C_all (38 coordinates),38,38,38,0.0001,pysindy.STLSQ,confirmation_24,conf_007,native,2.506854635604213,0.3156642856796439,2022
augmentation,0.009,0.8999999999999999,1,5091,5591,C_all,C_all (38 coordinates),38,38,38,0.0001,pysindy.STLSQ,confirmation_24,conf_007,common,2.506854635604213,0.3156642856796439,2022
augmentation,0.009,0.8999999999999999,1,5091,5591,C_all,C_all (38 coordinates),38,38,38,0.0001,pysindy.STLSQ,confirmation_24,conf_008,native,2.0791590069567603,0.2424291599388851,2049
augmentation,0.009,0.8999999999999999,1,5091,5591,C_all,C_all (38 coordinates),38,38,38,0.0001,pysindy.STLSQ,confirmation_24,conf_008,common,2.0791590069567603,0.2424291599388851,2049
augmentation,0.009,0.8999999999999999,1,5091,5591,C_all,C_all (38 coordinates),38,38,38,0.0001,pysindy.STLSQ,confirmation_24,conf_009,native,2.017186597791537,0.2258980795746887,2040
augmentation,0.009,0.8999999999999999,1,5091,5591,C_all,C_all (38 coordinates),38,38,38,0.0001,pysindy.STLSQ,confirmation_24,conf_009,common,2.017186597791537,0.2258980795746887,2040
augmentation,0.009,0.8999999999999999,1,5091,5591,C_all,C_all (38 coordinates),38,38,38,0.0001,pysindy.STLSQ,confirmation_24,conf_010,native,2.40229836788363,0.2853788986317588,2056
augmentation,0.009,0.8999999999999999,1,5091,5591,C_all,C_all (38 coordinates),38,38,38,0.0001,pysindy.STLSQ,confirmation_24,conf_010,common,2.40229836788363,0.2853788986317588,2056
augmentation,0.009,0.8999999999999999,1,5091,5591,C_all,C_all (38 coordinates),38,38,38,0.0001,pysindy.STLSQ,confirmation_24,conf_011,native,2.184530604800348,0.2466656875269728,2073
augmentation,0.009,0.8999999999999999,1,5091,5591,C_all,C_all (38 coordinates),38,38,38,0.0001,pysindy.STLSQ,confirmation_24,conf_011,common,2.184530604800348,0.2466656875269728,2073
augmentation,0.009,0.8999999999999999,1,5091,5591,C_all,C_all (38 coordinates),38,38,38,0.0001,pysindy.STLSQ,confirmation_24,conf_012,native,2.0160855861302225,0.216049018819993,2052
augmentation,0.009,0.8999999999999999,1,5091,5591,C_all,C_all (38 coordinates),38,38,38,0.0001,pysindy.STLSQ,confirmation_24,conf_012,common,2.0160855861302225,0.216049018819993,2052
augmentation,0.009,0.8999999999999999,1,5091,5591,C_all,C_all (38 coordinates),38,38,38,0.0001,pysindy.STLSQ,confirmation_24,conf_013,native,2.1943617573801317,0.2429398337954529,2086
augmentation,0.009,0.8999999999999999,1,5091,5591,C_all,C_all (38 coordinates),38,38,38,0.0001,pysindy.STLSQ,confirmation_24,conf_013,common,2.1943617573801317,0.2429398337954529,2086
augmentation,0.009,0.8999999999999999,1,5091,5591,C_all,C_all (38 coordinates),38,38,38,0.0001,pysindy.STLSQ,confirmation_24,conf_014,native,2.440150381303961,0.2951008169008941,2021
augmentation,0.009,0.8999999999999999,1,5091,5591,C_all,C_all (38 coordinates),38,38,38,0.0001,pysindy.STLSQ,confirmation_24,conf_014,common,2.440150381303961,0.2951008169008941,2021
augmentation,0.009,0.8999999999999999,1,5091,5591,C_all,C_all (38 coordinates),38,38,38,0.0001,pysindy.STLSQ,confirmation_24,conf_015,native,2.4862176599958423,0.2625665904559625,2023
augmentation,0.009,0.8999999999999999,1,5091,5591,C_all,C_all (38 coordinates),38,38,38,0.0001,pysindy.STLSQ,confirmation_24,conf_015,common,2.4862176599958423,0.2625665904559625,2023
augmentation,0.009,0.8999999999999999,1,5091,5591,C_all,C_all (38 coordinates),38,38,38,0.0001,pysindy.STLSQ,confirmation_24,conf_016,native,2.2528132989335075,0.2643882741543178,2082
augmentation,0.009,0.8999999999999999,1,5091,5591,C_all,C_all (38 coordinates),38,38,38,0.0001,pysindy.STLSQ,confirmation_24,conf_016,common,2.2528132989335075,0.2643882741543178,2082
augmentation,0.009,0.8999999999999999,1,5091,5591,C_all,C_all (38 coordinates),38,38,38,0.0001,pysindy.STLSQ,confirmation_24,conf_017,native,2.229596321105517,0.2513422998717826,2070
augmentation,0.009,0.8999999999999999,1,5091,5591,C_all,C_all (38 coordinates),38,38,38,0.0001,pysindy.STLSQ,confirmation_24,conf_017,common,2.229596321105517,0.2513422998717826,2070
augmentation,0.009,0.8999999999999999,1,5091,5591,C_all,C_all (38 coordinates),38,38,38,0.0001,pysindy.STLSQ,confirmation_24,conf_018,native,2.007235748118609,0.2131224603943173,2090
augmentation,0.009,0.8999999999999999,1,5091,5591,C_all,C_all (38 coordinates),38,38,38,0.0001,pysindy.STLSQ,confirmation_24,conf_018,common,2.007235748118609,0.2131224603943173,2090
augmentation,0.009,0.8999999999999999,1,5091,5591,C_all,C_all (38 coordinates),38,38,38,0.0001,pysindy.STLSQ,confirmation_24,conf_019,native,2.102920287723753,0.2211235446461023,2040
augmentation,0.009,0.8999999999999999,1,5091,5591,C_all,C_all (38 coordinates),38,38,38,0.0001,pysindy.STLSQ,confirmation_24,conf_019,common,2.102920287723753,0.2211235446461023,2040
augmentation,0.009,0.8999999999999999,1,5091,5591,C_all,C_all (38 coordinates),38,38,38,0.0001,pysindy.STLSQ,confirmation_24,conf_020,native,2.442210298369872,0.2781269047071561,2100
augmentation,0.009,0.8999999999999999,1,5091,5591,C_all,C_all (38 coordinates),38,38,38,0.0001,pysindy.STLSQ,confirmation_24,conf_020,common,2.442210298369872,0.2781269047071561,2100
augmentation,0.009,0.8999999999999999,1,5091,5591,C_all,C_all (38 coordinates),38,38,38,0.0001,pysindy.STLSQ,confirmation_24,conf_021,native,2.0259698922131326,0.2339297748098257,2110
augmentation,0.009,0.8999999999999999,1,5091,5591,C_all,C_all (38 coordinates),38,38,38,0.0001,pysindy.STLSQ,confirmation_24,conf_021,common,2.0259698922131326,0.2339297748098257,2110
augmentation,0.009,0.8999999999999999,1,5091,5591,C_all,C_all (38 coordinates),38,38,38,0.0001,pysindy.STLSQ,confirmation_24,conf_022,native,1.990009444256638,0.2256165222335602,2090
augmentation,0.009,0.8999999999999999,1,5091,5591,C_all,C_all (38 coordinates),38,38,38,0.0001,pysindy.STLSQ,confirmation_24,conf_022,common,1.990009444256638,0.2256165222335602,2090
augmentation,0.009,0.8999999999999999,1,5091,5591,C_all,C_all (38 coordinates),38,38,38,0.0001,pysindy.STLSQ,confirmation_24,conf_023,native,2.2166118937759323,0.2345495503059128,2054
augmentation,0.009,0.8999999999999999,1,5091,5591,C_all,C_all (38 coordinates),38,38,38,0.0001,pysindy.STLSQ,confirmation_24,conf_023,common,2.2166118937759323,0.2345495503059128,2054
augmentation,0.009,0.8999999999999999,2,5092,5592,C0_poly2,conventional quadratic,10,65,55,0.5,pysindy.STLSQ,confirmation_24,conf_000,native,3.290592763210952,0.3790514225100252,2397
augmentation,0.009,0.8999999999999999,2,5092,5592,C0_poly2,conventional quadratic,10,65,55,0.5,pysindy.STLSQ,confirmation_24,conf_000,common,3.0493986972770086,0.3455164754168985,2032
augmentation,0.009,0.8999999999999999,2,5092,5592,C0_poly2,conventional quadratic,10,65,55,0.5,pysindy.STLSQ,confirmation_24,conf_001,native,2.809987835270724,0.3164563079400254,2397
augmentation,0.009,0.8999999999999999,2,5092,5592,C0_poly2,conventional quadratic,10,65,55,0.5,pysindy.STLSQ,confirmation_24,conf_001,common,2.696677819482449,0.2910760956410274,2058
augmentation,0.009,0.8999999999999999,2,5092,5592,C0_poly2,conventional quadratic,10,65,55,0.5,pysindy.STLSQ,confirmation_24,conf_002,native,2.199723209521144,0.2991694128032926,2397
augmentation,0.009,0.8999999999999999,2,5092,5592,C0_poly2,conventional quadratic,10,65,55,0.5,pysindy.STLSQ,confirmation_24,conf_002,common,2.1063523533779875,0.2774101292145158,2092
augmentation,0.009,0.8999999999999999,2,5092,5592,C0_poly2,conventional quadratic,10,65,55,0.5,pysindy.STLSQ,confirmation_24,conf_003,native,2.849621282589018,0.3584545196256281,2397
augmentation,0.009,0.8999999999999999,2,5092,5592,C0_poly2,conventional quadratic,10,65,55,0.5,pysindy.STLSQ,confirmation_24,conf_003,common,2.6800147855714718,0.3390065532623867,2044
augmentation,0.009,0.8999999999999999,2,5092,5592,C0_poly2,conventional quadratic,10,65,55,0.5,pysindy.STLSQ,confirmation_24,conf_004,native,3.024335131638964,0.347650841967775,2397
augmentation,0.009,0.8999999999999999,2,5092,5592,C0_poly2,conventional quadratic,10,65,55,0.5,pysindy.STLSQ,confirmation_24,conf_004,common,2.9363402453643226,0.3271758114400833,2060
augmentation,0.009,0.8999999999999999,2,5092,5592,C0_poly2,conventional quadratic,10,65,55,0.5,pysindy.STLSQ,confirmation_24,conf_005,native,3.053752646410281,0.3551948382806053,2397
augmentation,0.009,0.8999999999999999,2,5092,5592,C0_poly2,conventional quadratic,10,65,55,0.5,pysindy.STLSQ,confirmation_24,conf_005,common,2.782936379490873,0.3243257051648759,1993
augmentation,0.009,0.8999999999999999,2,5092,5592,C0_poly2,conventional quadratic,10,65,55,0.5,pysindy.STLSQ,confirmation_24,conf_006,native,3.1257460532583434,0.3496674148223467,2397
augmentation,0.009,0.8999999999999999,2,5092,5592,C0_poly2,conventional quadratic,10,65,55,0.5,pysindy.STLSQ,confirmation_24,conf_006,common,3.050458067813665,0.3323773059736783,2088
augmentation,0.009,0.8999999999999999,2,5092,5592,C0_poly2,conventional quadratic,10,65,55,0.5,pysindy.STLSQ,confirmation_24,conf_007,native,3.269144507019779,0.4045135205361779,2397
augmentation,0.009,0.8999999999999999,2,5092,5592,C0_poly2,conventional quadratic,10,65,55,0.5,pysindy.STLSQ,confirmation_24,conf_007,common,2.959681477084989,0.3746320502027397,2005
augmentation,0.009,0.8999999999999999,2,5092,5592,C0_poly2,conventional quadratic,10,65,55,0.5,pysindy.STLSQ,confirmation_24,conf_008,native,2.812915540870283,0.3355265481673801,2397
augmentation,0.009,0.8999999999999999,2,5092,5592,C0_poly2,conventional quadratic,10,65,55,0.5,pysindy.STLSQ,confirmation_24,conf_008,common,2.7388811447289725,0.3183354062189586,2065
augmentation,0.009,0.8999999999999999,2,5092,5592,C0_poly2,conventional quadratic,10,65,55,0.5,pysindy.STLSQ,confirmation_24,conf_009,native,2.961440951515546,0.3425329187298618,2397
augmentation,0.009,0.8999999999999999,2,5092,5592,C0_poly2,conventional quadratic,10,65,55,0.5,pysindy.STLSQ,confirmation_24,conf_009,common,2.8374993282896,0.3185191731764881,2060
augmentation,0.009,0.8999999999999999,2,5092,5592,C0_poly2,conventional quadratic,10,65,55,0.5,pysindy.STLSQ,confirmation_24,conf_010,native,3.11868658237809,0.3736107802405052,2397
augmentation,0.009,0.8999999999999999,2,5092,5592,C0_poly2,conventional quadratic,10,65,55,0.5,pysindy.STLSQ,confirmation_24,conf_010,common,2.935402762848698,0.3481833014915214,2052
augmentation,0.009,0.8999999999999999,2,5092,5592,C0_poly2,conventional quadratic,10,65,55,0.5,pysindy.STLSQ,confirmation_24,conf_011,native,3.0000569881238928,0.3481716193399565,2397
augmentation,0.009,0.8999999999999999,2,5092,5592,C0_poly2,conventional quadratic,10,65,55,0.5,pysindy.STLSQ,confirmation_24,conf_011,common,2.913413653171416,0.3280391674398394,2038
augmentation,0.009,0.8999999999999999,2,5092,5592,C0_poly2,conventional quadratic,10,65,55,0.5,pysindy.STLSQ,confirmation_24,conf_012,native,2.90466983166474,0.32520688211923,2397
augmentation,0.009,0.8999999999999999,2,5092,5592,C0_poly2,conventional quadratic,10,65,55,0.5,pysindy.STLSQ,confirmation_24,conf_012,common,2.812511588713825,0.3013579638833436,2043
augmentation,0.009,0.8999999999999999,2,5092,5592,C0_poly2,conventional quadratic,10,65,55,0.5,pysindy.STLSQ,confirmation_24,conf_013,native,2.9673995327873968,0.3384621435166286,2397
augmentation,0.009,0.8999999999999999,2,5092,5592,C0_poly2,conventional quadratic,10,65,55,0.5,pysindy.STLSQ,confirmation_24,conf_013,common,2.90829213173364,0.3194218807380578,2074
augmentation,0.009,0.8999999999999999,2,5092,5592,C0_poly2,conventional quadratic,10,65,55,0.5,pysindy.STLSQ,confirmation_24,conf_014,native,3.1554089560508536,0.3814731989404258,2397
augmentation,0.009,0.8999999999999999,2,5092,5592,C0_poly2,conventional quadratic,10,65,55,0.5,pysindy.STLSQ,confirmation_24,conf_014,common,2.948957563676004,0.3536742867889043,2051
augmentation,0.009,0.8999999999999999,2,5092,5592,C0_poly2,conventional quadratic,10,65,55,0.5,pysindy.STLSQ,confirmation_24,conf_015,native,3.369466845881448,0.3647996921144665,2397
augmentation,0.009,0.8999999999999999,2,5092,5592,C0_poly2,conventional quadratic,10,65,55,0.5,pysindy.STLSQ,confirmation_24,conf_015,common,3.155062572064173,0.3327654437406424,2036
augmentation,0.009,0.8999999999999999,2,5092,5592,C0_poly2,conventional quadratic,10,65,55,0.5,pysindy.STLSQ,confirmation_24,conf_016,native,2.8950106645028453,0.3475851036610296,2397
augmentation,0.009,0.8999999999999999,2,5092,5592,C0_poly2,conventional quadratic,10,65,55,0.5,pysindy.STLSQ,confirmation_24,conf_016,common,2.752952705532884,0.3245644472195841,2088
augmentation,0.009,0.8999999999999999,2,5092,5592,C0_poly2,conventional quadratic,10,65,55,0.5,pysindy.STLSQ,confirmation_24,conf_017,native,2.9613910403940777,0.3437527354019503,2397
augmentation,0.009,0.8999999999999999,2,5092,5592,C0_poly2,conventional quadratic,10,65,55,0.5,pysindy.STLSQ,confirmation_24,conf_017,common,2.841420469797308,0.322569759987514,2058
augmentation,0.009,0.8999999999999999,2,5092,5592,C0_poly2,conventional quadratic,10,65,55,0.5,pysindy.STLSQ,confirmation_24,conf_018,native,2.9459912545773954,0.3258935826339383,2397
augmentation,0.009,0.8999999999999999,2,5092,5592,C0_poly2,conventional quadratic,10,65,55,0.5,pysindy.STLSQ,confirmation_24,conf_018,common,2.825318906451248,0.300277283404338,2100
augmentation,0.009,0.8999999999999999,2,5092,5592,C0_poly2,conventional quadratic,10,65,55,0.5,pysindy.STLSQ,confirmation_24,conf_019,native,3.0602900801678192,0.3358727769067572,2397
augmentation,0.009,0.8999999999999999,2,5092,5592,C0_poly2,conventional quadratic,10,65,55,0.5,pysindy.STLSQ,confirmation_24,conf_019,common,2.965075155541172,0.3119675953447035,2065
augmentation,0.009,0.8999999999999999,2,5092,5592,C0_poly2,conventional quadratic,10,65,55,0.5,pysindy.STLSQ,confirmation_24,conf_020,native,3.1211545328758645,0.3605815716881533,2397
augmentation,0.009,0.8999999999999999,2,5092,5592,C0_poly2,conventional quadratic,10,65,55,0.5,pysindy.STLSQ,confirmation_24,conf_020,common,3.006555899195093,0.3402210888534648,2083
augmentation,0.009,0.8999999999999999,2,5092,5592,C0_poly2,conventional quadratic,10,65,55,0.5,pysindy.STLSQ,confirmation_24,conf_021,native,2.8053693878132893,0.3329078761703899,2397
augmentation,0.009,0.8999999999999999,2,5092,5592,C0_poly2,conventional quadratic,10,65,55,0.5,pysindy.STLSQ,confirmation_24,conf_021,common,2.718298086784631,0.3121695513332997,2097
augmentation,0.009,0.8999999999999999,2,5092,5592,C0_poly2,conventional quadratic,10,65,55,0.5,pysindy.STLSQ,confirmation_24,conf_022,native,2.724397776366092,0.3197561844008896,2397
augmentation,0.009,0.8999999999999999,2,5092,5592,C0_poly2,conventional quadratic,10,65,55,0.5,pysindy.STLSQ,confirmation_24,conf_022,common,2.640685444181581,0.2986097068026345,2103
augmentation,0.009,0.8999999999999999,2,5092,5592,C0_poly2,conventional quadratic,10,65,55,0.5,pysindy.STLSQ,confirmation_24,conf_023,native,3.088903660616088,0.3395046487762745,2397
augmentation,0.009,0.8999999999999999,2,5092,5592,C0_poly2,conventional quadratic,10,65,55,0.5,pysindy.STLSQ,confirmation_24,conf_023,common,3.0091542160880325,0.3201537966971304,2073
augmentation,0.009,0.8999999999999999,2,5092,5592,C_compact,compact (12 coordinates),12,12,5,0.5,pysindy.STLSQ,confirmation_24,conf_000,native,4.761765259220036,0.554500986131181,2250
augmentation,0.009,0.8999999999999999,2,5092,5592,C_compact,compact (12 coordinates),12,12,5,0.5,pysindy.STLSQ,confirmation_24,conf_000,common,4.719638143948681,0.5347653418349206,2032
augmentation,0.009,0.8999999999999999,2,5092,5592,C_compact,compact (12 coordinates),12,12,5,0.5,pysindy.STLSQ,confirmation_24,conf_001,native,5.075180468874914,0.557611991203579,2259
augmentation,0.009,0.8999999999999999,2,5092,5592,C_compact,compact (12 coordinates),12,12,5,0.5,pysindy.STLSQ,confirmation_24,conf_001,common,4.950990337326693,0.5344038233021429,2058
augmentation,0.009,0.8999999999999999,2,5092,5592,C_compact,compact (12 coordinates),12,12,5,0.5,pysindy.STLSQ,confirmation_24,conf_002,native,3.992629242455132,0.5385713693662394,2326
augmentation,0.009,0.8999999999999999,2,5092,5592,C_compact,compact (12 coordinates),12,12,5,0.5,pysindy.STLSQ,confirmation_24,conf_002,common,3.964854305164515,0.5221779458448663,2092
augmentation,0.009,0.8999999999999999,2,5092,5592,C_compact,compact (12 coordinates),12,12,5,0.5,pysindy.STLSQ,confirmation_24,conf_003,native,3.80275220040622,0.487057311864552,2245
augmentation,0.009,0.8999999999999999,2,5092,5592,C_compact,compact (12 coordinates),12,12,5,0.5,pysindy.STLSQ,confirmation_24,conf_003,common,3.662056963674371,0.4632292761179852,2044
augmentation,0.009,0.8999999999999999,2,5092,5592,C_compact,compact (12 coordinates),12,12,5,0.5,pysindy.STLSQ,confirmation_24,conf_004,native,4.775377306168943,0.5425977342501169,2264
augmentation,0.009,0.8999999999999999,2,5092,5592,C_compact,compact (12 coordinates),12,12,5,0.5,pysindy.STLSQ,confirmation_24,conf_004,common,4.680976155711514,0.5215683620092797,2060
augmentation,0.009,0.8999999999999999,2,5092,5592,C_compact,compact (12 coordinates),12,12,5,0.5,pysindy.STLSQ,confirmation_24,conf_005,native,4.543943100431421,0.5357283525599502,2186
augmentation,0.009,0.8999999999999999,2,5092,5592,C_compact,compact (12 coordinates),12,12,5,0.5,pysindy.STLSQ,confirmation_24,conf_005,common,4.428829190754214,0.5161394133662977,1993
augmentation,0.009,0.8999999999999999,2,5092,5592,C_compact,compact (12 coordinates),12,12,5,0.5,pysindy.STLSQ,confirmation_24,conf_006,native,5.026033148634483,0.5554348347150823,2261
augmentation,0.009,0.8999999999999999,2,5092,5592,C_compact,compact (12 coordinates),12,12,5,0.5,pysindy.STLSQ,confirmation_24,conf_006,common,4.856325139320107,0.5291442238694176,2088
augmentation,0.009,0.8999999999999999,2,5092,5592,C_compact,compact (12 coordinates),12,12,5,0.5,pysindy.STLSQ,confirmation_24,conf_007,native,4.188167525632619,0.5379044326999023,2227
augmentation,0.009,0.8999999999999999,2,5092,5592,C_compact,compact (12 coordinates),12,12,5,0.5,pysindy.STLSQ,confirmation_24,conf_007,common,4.120410464944841,0.5215553876694358,2005
augmentation,0.009,0.8999999999999999,2,5092,5592,C_compact,compact (12 coordinates),12,12,5,0.5,pysindy.STLSQ,confirmation_24,conf_008,native,4.506531823098123,0.5331069390946694,2264
augmentation,0.009,0.8999999999999999,2,5092,5592,C_compact,compact (12 coordinates),12,12,5,0.5,pysindy.STLSQ,confirmation_24,conf_008,common,4.400931645131819,0.5115126538773341,2065
augmentation,0.009,0.8999999999999999,2,5092,5592,C_compact,compact (12 coordinates),12,12,5,0.5,pysindy.STLSQ,confirmation_24,conf_009,native,4.8642978294286845,0.5559357428195814,2250
augmentation,0.009,0.8999999999999999,2,5092,5592,C_compact,compact (12 coordinates),12,12,5,0.5,pysindy.STLSQ,confirmation_24,conf_009,common,4.685052553528266,0.5259134515946265,2060
augmentation,0.009,0.8999999999999999,2,5092,5592,C_compact,compact (12 coordinates),12,12,5,0.5,pysindy.STLSQ,confirmation_24,conf_010,native,4.635533249351512,0.5615254703583389,2265
augmentation,0.009,0.8999999999999999,2,5092,5592,C_compact,compact (12 coordinates),12,12,5,0.5,pysindy.STLSQ,confirmation_24,conf_010,common,4.556124869831563,0.5404255318088182,2052
augmentation,0.009,0.8999999999999999,2,5092,5592,C_compact,compact (12 coordinates),12,12,5,0.5,pysindy.STLSQ,confirmation_24,conf_011,native,4.605143319998792,0.5278822717628362,2252
augmentation,0.009,0.8999999999999999,2,5092,5592,C_compact,compact (12 coordinates),12,12,5,0.5,pysindy.STLSQ,confirmation_24,conf_011,common,4.41611207496561,0.4972372278189176,2038
augmentation,0.009,0.8999999999999999,2,5092,5592,C_compact,compact (12 coordinates),12,12,5,0.5,pysindy.STLSQ,confirmation_24,conf_012,native,5.261210298840072,0.574058291020147,2239
augmentation,0.009,0.8999999999999999,2,5092,5592,C_compact,compact (12 coordinates),12,12,5,0.5,pysindy.STLSQ,confirmation_24,conf_012,common,5.194978095942156,0.5566370029172502,2043
augmentation,0.009,0.8999999999999999,2,5092,5592,C_compact,compact (12 coordinates),12,12,5,0.5,pysindy.STLSQ,confirmation_24,conf_013,native,5.04021122925902,0.566846308299613,2291
augmentation,0.009,0.8999999999999999,2,5092,5592,C_compact,compact (12 coordinates),12,12,5,0.5,pysindy.STLSQ,confirmation_24,conf_013,common,4.904173779310821,0.5386324141790862,2074
augmentation,0.009,0.8999999999999999,2,5092,5592,C_compact,compact (12 coordinates),12,12,5,0.5,pysindy.STLSQ,confirmation_24,conf_014,native,4.418348355069101,0.5437810635886806,2250
augmentation,0.009,0.8999999999999999,2,5092,5592,C_compact,compact (12 coordinates),12,12,5,0.5,pysindy.STLSQ,confirmation_24,conf_014,common,4.32664480687961,0.5189030303829035,2051
augmentation,0.009,0.8999999999999999,2,5092,5592,C_compact,compact (12 coordinates),12,12,5,0.5,pysindy.STLSQ,confirmation_24,conf_015,native,5.684257014074535,0.6084451860834772,2221
augmentation,0.009,0.8999999999999999,2,5092,5592,C_compact,compact (12 coordinates),12,12,5,0.5,pysindy.STLSQ,confirmation_24,conf_015,common,5.591041646758844,0.589688924406624,2036
augmentation,0.009,0.8999999999999999,2,5092,5592,C_compact,compact (12 coordinates),12,12,5,0.5,pysindy.STLSQ,confirmation_24,conf_016,native,4.623521299118019,0.5547375267112775,2291
augmentation,0.009,0.8999999999999999,2,5092,5592,C_compact,compact (12 coordinates),12,12,5,0.5,pysindy.STLSQ,confirmation_24,conf_016,common,4.51410117175745,0.5321983005956268,2088
augmentation,0.009,0.8999999999999999,2,5092,5592,C_compact,compact (12 coordinates),12,12,5,0.5,pysindy.STLSQ,confirmation_24,conf_017,native,4.537691467711913,0.5233767793612558,2271
augmentation,0.009,0.8999999999999999,2,5092,5592,C_compact,compact (12 coordinates),12,12,5,0.5,pysindy.STLSQ,confirmation_24,conf_017,common,4.407099229364259,0.5003120642537626,2058
augmentation,0.009,0.8999999999999999,2,5092,5592,C_compact,compact (12 coordinates),12,12,5,0.5,pysindy.STLSQ,confirmation_24,conf_018,native,5.631262955173664,0.6097389856308645,2288
augmentation,0.009,0.8999999999999999,2,5092,5592,C_compact,compact (12 coordinates),12,12,5,0.5,pysindy.STLSQ,confirmation_24,conf_018,common,5.381266799378744,0.5719255876219045,2100
augmentation,0.009,0.8999999999999999,2,5092,5592,C_compact,compact (12 coordinates),12,12,5,0.5,pysindy.STLSQ,confirmation_24,conf_019,native,5.605264178924957,0.601250479842492,2251
augmentation,0.009,0.8999999999999999,2,5092,5592,C_compact,compact (12 coordinates),12,12,5,0.5,pysindy.STLSQ,confirmation_24,conf_019,common,5.308541228916704,0.5585331754166275,2065
augmentation,0.009,0.8999999999999999,2,5092,5592,C_compact,compact (12 coordinates),12,12,5,0.5,pysindy.STLSQ,confirmation_24,conf_020,native,4.811663420257183,0.5557791251530559,2287
augmentation,0.009,0.8999999999999999,2,5092,5592,C_compact,compact (12 coordinates),12,12,5,0.5,pysindy.STLSQ,confirmation_24,conf_020,common,4.691560222687574,0.5308957428038148,2083
augmentation,0.009,0.8999999999999999,2,5092,5592,C_compact,compact (12 coordinates),12,12,5,0.5,pysindy.STLSQ,confirmation_24,conf_021,native,4.4637819046749465,0.5242544895668625,2289
augmentation,0.009,0.8999999999999999,2,5092,5592,C_compact,compact (12 coordinates),12,12,5,0.5,pysindy.STLSQ,confirmation_24,conf_021,common,4.377625794825635,0.5027268668287408,2097
augmentation,0.009,0.8999999999999999,2,5092,5592,C_compact,compact (12 coordinates),12,12,5,0.5,pysindy.STLSQ,confirmation_24,conf_022,native,4.804525781333028,0.5549660620278191,2297
augmentation,0.009,0.8999999999999999,2,5092,5592,C_compact,compact (12 coordinates),12,12,5,0.5,pysindy.STLSQ,confirmation_24,conf_022,common,4.727357284023271,0.5345713461040382,2103
augmentation,0.009,0.8999999999999999,2,5092,5592,C_compact,compact (12 coordinates),12,12,5,0.5,pysindy.STLSQ,confirmation_24,conf_023,native,5.3175159524497655,0.5744588188350616,2250
augmentation,0.009,0.8999999999999999,2,5092,5592,C_compact,compact (12 coordinates),12,12,5,0.5,pysindy.STLSQ,confirmation_24,conf_023,common,5.153203107918546,0.548266197634887,2073
augmentation,0.009,0.8999999999999999,2,5092,5592,C_all,C_all (38 coordinates),38,38,38,0.0001,pysindy.STLSQ,confirmation_24,conf_000,native,2.384594925717667,0.2701899344177966,2032
augmentation,0.009,0.8999999999999999,2,5092,5592,C_all,C_all (38 coordinates),38,38,38,0.0001,pysindy.STLSQ,confirmation_24,conf_000,common,2.384594925717667,0.2701899344177966,2032
augmentation,0.009,0.8999999999999999,2,5092,5592,C_all,C_all (38 coordinates),38,38,38,0.0001,pysindy.STLSQ,confirmation_24,conf_001,native,1.8477379062224375,0.1994425628547557,2058
augmentation,0.009,0.8999999999999999,2,5092,5592,C_all,C_all (38 coordinates),38,38,38,0.0001,pysindy.STLSQ,confirmation_24,conf_001,common,1.8477379062224375,0.1994425628547557,2058
augmentation,0.009,0.8999999999999999,2,5092,5592,C_all,C_all (38 coordinates),38,38,38,0.0001,pysindy.STLSQ,confirmation_24,conf_002,native,1.5244534130837744,0.2007730651649381,2092
augmentation,0.009,0.8999999999999999,2,5092,5592,C_all,C_all (38 coordinates),38,38,38,0.0001,pysindy.STLSQ,confirmation_24,conf_002,common,1.5244534130837744,0.2007730651649381,2092
augmentation,0.009,0.8999999999999999,2,5092,5592,C_all,C_all (38 coordinates),38,38,38,0.0001,pysindy.STLSQ,confirmation_24,conf_003,native,2.166039364643634,0.2739916000433222,2044
augmentation,0.009,0.8999999999999999,2,5092,5592,C_all,C_all (38 coordinates),38,38,38,0.0001,pysindy.STLSQ,confirmation_24,conf_003,common,2.166039364643634,0.2739916000433222,2044
augmentation,0.009,0.8999999999999999,2,5092,5592,C_all,C_all (38 coordinates),38,38,38,0.0001,pysindy.STLSQ,confirmation_24,conf_004,native,2.237832337474796,0.2493459714132455,2060
augmentation,0.009,0.8999999999999999,2,5092,5592,C_all,C_all (38 coordinates),38,38,38,0.0001,pysindy.STLSQ,confirmation_24,conf_004,common,2.237832337474796,0.2493459714132455,2060
augmentation,0.009,0.8999999999999999,2,5092,5592,C_all,C_all (38 coordinates),38,38,38,0.0001,pysindy.STLSQ,confirmation_24,conf_005,native,2.134774017238813,0.2487883279010848,1993
augmentation,0.009,0.8999999999999999,2,5092,5592,C_all,C_all (38 coordinates),38,38,38,0.0001,pysindy.STLSQ,confirmation_24,conf_005,common,2.134774017238813,0.2487883279010848,1993
augmentation,0.009,0.8999999999999999,2,5092,5592,C_all,C_all (38 coordinates),38,38,38,0.0001,pysindy.STLSQ,confirmation_24,conf_006,native,2.3957609228069328,0.2610416349208518,2088
augmentation,0.009,0.8999999999999999,2,5092,5592,C_all,C_all (38 coordinates),38,38,38,0.0001,pysindy.STLSQ,confirmation_24,conf_006,common,2.3957609228069328,0.2610416349208518,2088
augmentation,0.009,0.8999999999999999,2,5092,5592,C_all,C_all (38 coordinates),38,38,38,0.0001,pysindy.STLSQ,confirmation_24,conf_007,native,2.427209377640247,0.3072325290599405,2005
augmentation,0.009,0.8999999999999999,2,5092,5592,C_all,C_all (38 coordinates),38,38,38,0.0001,pysindy.STLSQ,confirmation_24,conf_007,common,2.427209377640247,0.3072325290599405,2005
augmentation,0.009,0.8999999999999999,2,5092,5592,C_all,C_all (38 coordinates),38,38,38,0.0001,pysindy.STLSQ,confirmation_24,conf_008,native,2.0933563036175094,0.2433071732797082,2065
augmentation,0.009,0.8999999999999999,2,5092,5592,C_all,C_all (38 coordinates),38,38,38,0.0001,pysindy.STLSQ,confirmation_24,conf_008,common,2.0933563036175094,0.2433071732797082,2065
augmentation,0.009,0.8999999999999999,2,5092,5592,C_all,C_all (38 coordinates),38,38,38,0.0001,pysindy.STLSQ,confirmation_24,conf_009,native,2.0778030921868726,0.2332406271778213,2060
augmentation,0.009,0.8999999999999999,2,5092,5592,C_all,C_all (38 coordinates),38,38,38,0.0001,pysindy.STLSQ,confirmation_24,conf_009,common,2.0778030921868726,0.2332406271778213,2060
augmentation,0.009,0.8999999999999999,2,5092,5592,C_all,C_all (38 coordinates),38,38,38,0.0001,pysindy.STLSQ,confirmation_24,conf_010,native,2.362987345538656,0.2802861487238927,2052
augmentation,0.009,0.8999999999999999,2,5092,5592,C_all,C_all (38 coordinates),38,38,38,0.0001,pysindy.STLSQ,confirmation_24,conf_010,common,2.362987345538656,0.2802861487238927,2052
augmentation,0.009,0.8999999999999999,2,5092,5592,C_all,C_all (38 coordinates),38,38,38,0.0001,pysindy.STLSQ,confirmation_24,conf_011,native,2.2671960363533814,0.2552775502300114,2038
augmentation,0.009,0.8999999999999999,2,5092,5592,C_all,C_all (38 coordinates),38,38,38,0.0001,pysindy.STLSQ,confirmation_24,conf_011,common,2.2671960363533814,0.2552775502300114,2038
augmentation,0.009,0.8999999999999999,2,5092,5592,C_all,C_all (38 coordinates),38,38,38,0.0001,pysindy.STLSQ,confirmation_24,conf_012,native,1.9880935695541504,0.2130223507467897,2043
augmentation,0.009,0.8999999999999999,2,5092,5592,C_all,C_all (38 coordinates),38,38,38,0.0001,pysindy.STLSQ,confirmation_24,conf_012,common,1.9880935695541504,0.2130223507467897,2043
augmentation,0.009,0.8999999999999999,2,5092,5592,C_all,C_all (38 coordinates),38,38,38,0.0001,pysindy.STLSQ,confirmation_24,conf_013,native,2.2094864081401315,0.2426710495319439,2074
augmentation,0.009,0.8999999999999999,2,5092,5592,C_all,C_all (38 coordinates),38,38,38,0.0001,pysindy.STLSQ,confirmation_24,conf_013,common,2.2094864081401315,0.2426710495319439,2074
augmentation,0.009,0.8999999999999999,2,5092,5592,C_all,C_all (38 coordinates),38,38,38,0.0001,pysindy.STLSQ,confirmation_24,conf_014,native,2.466238732468871,0.2957808669412685,2051
augmentation,0.009,0.8999999999999999,2,5092,5592,C_all,C_all (38 coordinates),38,38,38,0.0001,pysindy.STLSQ,confirmation_24,conf_014,common,2.466238732468871,0.2957808669412685,2051
augmentation,0.009,0.8999999999999999,2,5092,5592,C_all,C_all (38 coordinates),38,38,38,0.0001,pysindy.STLSQ,confirmation_24,conf_015,native,2.4388945597488294,0.2572309777934098,2036
augmentation,0.009,0.8999999999999999,2,5092,5592,C_all,C_all (38 coordinates),38,38,38,0.0001,pysindy.STLSQ,confirmation_24,conf_015,common,2.4388945597488294,0.2572309777934098,2036
augmentation,0.009,0.8999999999999999,2,5092,5592,C_all,C_all (38 coordinates),38,38,38,0.0001,pysindy.STLSQ,confirmation_24,conf_016,native,2.1722083074457346,0.2560965130766544,2088
augmentation,0.009,0.8999999999999999,2,5092,5592,C_all,C_all (38 coordinates),38,38,38,0.0001,pysindy.STLSQ,confirmation_24,conf_016,common,2.1722083074457346,0.2560965130766544,2088
augmentation,0.009,0.8999999999999999,2,5092,5592,C_all,C_all (38 coordinates),38,38,38,0.0001,pysindy.STLSQ,confirmation_24,conf_017,native,2.1008897842482988,0.2385016651595869,2058
augmentation,0.009,0.8999999999999999,2,5092,5592,C_all,C_all (38 coordinates),38,38,38,0.0001,pysindy.STLSQ,confirmation_24,conf_017,common,2.1008897842482988,0.2385016651595869,2058
augmentation,0.009,0.8999999999999999,2,5092,5592,C_all,C_all (38 coordinates),38,38,38,0.0001,pysindy.STLSQ,confirmation_24,conf_018,native,2.0301883030906005,0.2157701302530209,2100
augmentation,0.009,0.8999999999999999,2,5092,5592,C_all,C_all (38 coordinates),38,38,38,0.0001,pysindy.STLSQ,confirmation_24,conf_018,common,2.0301883030906005,0.2157701302530209,2100
augmentation,0.009,0.8999999999999999,2,5092,5592,C_all,C_all (38 coordinates),38,38,38,0.0001,pysindy.STLSQ,confirmation_24,conf_019,native,2.0749790869190763,0.2183169741674037,2065
augmentation,0.009,0.8999999999999999,2,5092,5592,C_all,C_all (38 coordinates),38,38,38,0.0001,pysindy.STLSQ,confirmation_24,conf_019,common,2.0749790869190763,0.2183169741674037,2065
augmentation,0.009,0.8999999999999999,2,5092,5592,C_all,C_all (38 coordinates),38,38,38,0.0001,pysindy.STLSQ,confirmation_24,conf_020,native,2.439212081536158,0.2760206090121022,2083
augmentation,0.009,0.8999999999999999,2,5092,5592,C_all,C_all (38 coordinates),38,38,38,0.0001,pysindy.STLSQ,confirmation_24,conf_020,common,2.439212081536158,0.2760206090121022,2083
augmentation,0.009,0.8999999999999999,2,5092,5592,C_all,C_all (38 coordinates),38,38,38,0.0001,pysindy.STLSQ,confirmation_24,conf_021,native,2.05106974705518,0.2355449999410786,2097
augmentation,0.009,0.8999999999999999,2,5092,5592,C_all,C_all (38 coordinates),38,38,38,0.0001,pysindy.STLSQ,confirmation_24,conf_021,common,2.05106974705518,0.2355449999410786,2097
augmentation,0.009,0.8999999999999999,2,5092,5592,C_all,C_all (38 coordinates),38,38,38,0.0001,pysindy.STLSQ,confirmation_24,conf_022,native,1.9649384567683523,0.2221959823929988,2103
augmentation,0.009,0.8999999999999999,2,5092,5592,C_all,C_all (38 coordinates),38,38,38,0.0001,pysindy.STLSQ,confirmation_24,conf_022,common,1.9649384567683523,0.2221959823929988,2103
augmentation,0.009,0.8999999999999999,2,5092,5592,C_all,C_all (38 coordinates),38,38,38,0.0001,pysindy.STLSQ,confirmation_24,conf_023,native,2.1936714488189435,0.2333919076964095,2073
augmentation,0.009,0.8999999999999999,2,5092,5592,C_all,C_all (38 coordinates),38,38,38,0.0001,pysindy.STLSQ,confirmation_24,conf_023,common,2.1936714488189435,0.2333919076964095,2073
augmentation,0.01,1.0,0,5100,5600,C0_poly2,conventional quadratic,10,65,54,0.5,pysindy.STLSQ,confirmation_24,conf_000,native,3.324265860142972,0.3829303088417222,2397
augmentation,0.01,1.0,0,5100,5600,C0_poly2,conventional quadratic,10,65,54,0.5,pysindy.STLSQ,confirmation_24,conf_000,common,3.113625296519344,0.3543815744326994,2059
augmentation,0.01,1.0,0,5100,5600,C0_poly2,conventional quadratic,10,65,54,0.5,pysindy.STLSQ,confirmation_24,conf_001,native,2.818961550047646,0.3174669132569478,2397
augmentation,0.01,1.0,0,5100,5600,C0_poly2,conventional quadratic,10,65,54,0.5,pysindy.STLSQ,confirmation_24,conf_001,common,2.7302434691926867,0.2948491074482034,2078
augmentation,0.01,1.0,0,5100,5600,C0_poly2,conventional quadratic,10,65,54,0.5,pysindy.STLSQ,confirmation_24,conf_002,native,2.234778744626165,0.3039370780292996,2397
augmentation,0.01,1.0,0,5100,5600,C0_poly2,conventional quadratic,10,65,54,0.5,pysindy.STLSQ,confirmation_24,conf_002,common,2.1240997828492465,0.2811732138598928,2079
augmentation,0.01,1.0,0,5100,5600,C0_poly2,conventional quadratic,10,65,54,0.5,pysindy.STLSQ,confirmation_24,conf_003,native,2.869777576307325,0.360989984470158,2397
augmentation,0.01,1.0,0,5100,5600,C0_poly2,conventional quadratic,10,65,54,0.5,pysindy.STLSQ,confirmation_24,conf_003,common,2.7400615737608187,0.3448394661256778,2050
augmentation,0.01,1.0,0,5100,5600,C0_poly2,conventional quadratic,10,65,54,0.5,pysindy.STLSQ,confirmation_24,conf_004,native,3.039669179398033,0.3494135085976882,2397
augmentation,0.01,1.0,0,5100,5600,C0_poly2,conventional quadratic,10,65,54,0.5,pysindy.STLSQ,confirmation_24,conf_004,common,2.932650592661046,0.327913037709003,2048
augmentation,0.01,1.0,0,5100,5600,C0_poly2,conventional quadratic,10,65,54,0.5,pysindy.STLSQ,confirmation_24,conf_005,native,3.0784247539558605,0.3580645550731541,2397
augmentation,0.01,1.0,0,5100,5600,C0_poly2,conventional quadratic,10,65,54,0.5,pysindy.STLSQ,confirmation_24,conf_005,common,2.8093566141586765,0.3254482489582531,2001
augmentation,0.01,1.0,0,5100,5600,C0_poly2,conventional quadratic,10,65,54,0.5,pysindy.STLSQ,confirmation_24,conf_006,native,3.155426604392591,0.3529876850582464,2397
augmentation,0.01,1.0,0,5100,5600,C0_poly2,conventional quadratic,10,65,54,0.5,pysindy.STLSQ,confirmation_24,conf_006,common,3.069166745459897,0.3327441258236595,2063
augmentation,0.01,1.0,0,5100,5600,C0_poly2,conventional quadratic,10,65,54,0.5,pysindy.STLSQ,confirmation_24,conf_007,native,3.2917747107307718,0.4073137098070797,2397
augmentation,0.01,1.0,0,5100,5600,C0_poly2,conventional quadratic,10,65,54,0.5,pysindy.STLSQ,confirmation_24,conf_007,common,3.0352963115303075,0.3804737380526126,1983
augmentation,0.01,1.0,0,5100,5600,C0_poly2,conventional quadratic,10,65,54,0.5,pysindy.STLSQ,confirmation_24,conf_008,native,2.820720213001989,0.3364574949597319,2397
augmentation,0.01,1.0,0,5100,5600,C0_poly2,conventional quadratic,10,65,54,0.5,pysindy.STLSQ,confirmation_24,conf_008,common,2.726955912406183,0.3178600018521456,2086
augmentation,0.01,1.0,0,5100,5600,C0_poly2,conventional quadratic,10,65,54,0.5,pysindy.STLSQ,confirmation_24,conf_009,native,2.959503753215184,0.3423088540941507,2397
augmentation,0.01,1.0,0,5100,5600,C0_poly2,conventional quadratic,10,65,54,0.5,pysindy.STLSQ,confirmation_24,conf_009,common,2.8043482155696973,0.3151309145591376,2050
augmentation,0.01,1.0,0,5100,5600,C0_poly2,conventional quadratic,10,65,54,0.5,pysindy.STLSQ,confirmation_24,conf_010,native,3.1458357823178926,0.3768631858620668,2397
augmentation,0.01,1.0,0,5100,5600,C0_poly2,conventional quadratic,10,65,54,0.5,pysindy.STLSQ,confirmation_24,conf_010,common,2.934123478708736,0.3500141233951339,2063
augmentation,0.01,1.0,0,5100,5600,C0_poly2,conventional quadratic,10,65,54,0.5,pysindy.STLSQ,confirmation_24,conf_011,native,3.008651814816076,0.3491690919677132,2397
augmentation,0.01,1.0,0,5100,5600,C0_poly2,conventional quadratic,10,65,54,0.5,pysindy.STLSQ,confirmation_24,conf_011,common,2.9500031238953373,0.3334417317333344,2065
augmentation,0.01,1.0,0,5100,5600,C0_poly2,conventional quadratic,10,65,54,0.5,pysindy.STLSQ,confirmation_24,conf_012,native,2.9151624462795964,0.3263816354240558,2397
augmentation,0.01,1.0,0,5100,5600,C0_poly2,conventional quadratic,10,65,54,0.5,pysindy.STLSQ,confirmation_24,conf_012,common,2.7850423929671786,0.2996922665414024,2057
augmentation,0.01,1.0,0,5100,5600,C0_poly2,conventional quadratic,10,65,54,0.5,pysindy.STLSQ,confirmation_24,conf_013,native,2.9828258398916927,0.3402216709787635,2397
augmentation,0.01,1.0,0,5100,5600,C0_poly2,conventional quadratic,10,65,54,0.5,pysindy.STLSQ,confirmation_24,conf_013,common,2.874547956268974,0.3167541303945799,2086
augmentation,0.01,1.0,0,5100,5600,C0_poly2,conventional quadratic,10,65,54,0.5,pysindy.STLSQ,confirmation_24,conf_014,native,3.1872623076675874,0.3853241102192661,2397
augmentation,0.01,1.0,0,5100,5600,C0_poly2,conventional quadratic,10,65,54,0.5,pysindy.STLSQ,confirmation_24,conf_014,common,3.002512342853519,0.3610932671394301,2012
augmentation,0.01,1.0,0,5100,5600,C0_poly2,conventional quadratic,10,65,54,0.5,pysindy.STLSQ,confirmation_24,conf_015,native,3.379407374111417,0.3658759162779955,2397
augmentation,0.01,1.0,0,5100,5600,C0_poly2,conventional quadratic,10,65,54,0.5,pysindy.STLSQ,confirmation_24,conf_015,common,3.216392853532127,0.3380101400205452,2030
augmentation,0.01,1.0,0,5100,5600,C0_poly2,conventional quadratic,10,65,54,0.5,pysindy.STLSQ,confirmation_24,conf_016,native,2.905414303954743,0.348834200993098,2397
augmentation,0.01,1.0,0,5100,5600,C0_poly2,conventional quadratic,10,65,54,0.5,pysindy.STLSQ,confirmation_24,conf_016,common,2.7300961510541284,0.3234376084530114,2090
augmentation,0.01,1.0,0,5100,5600,C0_poly2,conventional quadratic,10,65,54,0.5,pysindy.STLSQ,confirmation_24,conf_017,native,2.9918141247671266,0.3472841901574858,2397
augmentation,0.01,1.0,0,5100,5600,C0_poly2,conventional quadratic,10,65,54,0.5,pysindy.STLSQ,confirmation_24,conf_017,common,2.906901624290045,0.329078426239944,2074
augmentation,0.01,1.0,0,5100,5600,C0_poly2,conventional quadratic,10,65,54,0.5,pysindy.STLSQ,confirmation_24,conf_018,native,2.948557861093794,0.3261775076427248,2397
augmentation,0.01,1.0,0,5100,5600,C0_poly2,conventional quadratic,10,65,54,0.5,pysindy.STLSQ,confirmation_24,conf_018,common,2.8371510706940497,0.3017665965179634,2098
augmentation,0.01,1.0,0,5100,5600,C0_poly2,conventional quadratic,10,65,54,0.5,pysindy.STLSQ,confirmation_24,conf_019,native,3.066733477667234,0.3365799522901849,2397
augmentation,0.01,1.0,0,5100,5600,C0_poly2,conventional quadratic,10,65,54,0.5,pysindy.STLSQ,confirmation_24,conf_019,common,2.9961968170332773,0.3150519108313424,2075
augmentation,0.01,1.0,0,5100,5600,C0_poly2,conventional quadratic,10,65,54,0.5,pysindy.STLSQ,confirmation_24,conf_020,native,3.132238016672965,0.3618620273545558,2397
augmentation,0.01,1.0,0,5100,5600,C0_poly2,conventional quadratic,10,65,54,0.5,pysindy.STLSQ,confirmation_24,conf_020,common,2.9947719478695003,0.3408709779258518,2072
augmentation,0.01,1.0,0,5100,5600,C0_poly2,conventional quadratic,10,65,54,0.5,pysindy.STLSQ,confirmation_24,conf_021,native,2.8214878205054723,0.3348206200742979,2397
augmentation,0.01,1.0,0,5100,5600,C0_poly2,conventional quadratic,10,65,54,0.5,pysindy.STLSQ,confirmation_24,conf_021,common,2.7487616948293168,0.3174196778998923,2105
augmentation,0.01,1.0,0,5100,5600,C0_poly2,conventional quadratic,10,65,54,0.5,pysindy.STLSQ,confirmation_24,conf_022,native,2.7586008715067885,0.3237705215478967,2397
augmentation,0.01,1.0,0,5100,5600,C0_poly2,conventional quadratic,10,65,54,0.5,pysindy.STLSQ,confirmation_24,conf_022,common,2.660828258253742,0.3016020455567172,2090
augmentation,0.01,1.0,0,5100,5600,C0_poly2,conventional quadratic,10,65,54,0.5,pysindy.STLSQ,confirmation_24,conf_023,native,3.113216354927659,0.3421768825685737,2397
augmentation,0.01,1.0,0,5100,5600,C0_poly2,conventional quadratic,10,65,54,0.5,pysindy.STLSQ,confirmation_24,conf_023,common,3.036076970571583,0.3218854476178347,2048
augmentation,0.01,1.0,0,5100,5600,C_compact,compact (12 coordinates),12,12,10,0.5,pysindy.STLSQ,confirmation_24,conf_000,native,5.333512714025859,0.6192083196412578,2250
augmentation,0.01,1.0,0,5100,5600,C_compact,compact (12 coordinates),12,12,10,0.5,pysindy.STLSQ,confirmation_24,conf_000,common,5.20929661305336,0.592903307114209,2059
augmentation,0.01,1.0,0,5100,5600,C_compact,compact (12 coordinates),12,12,10,0.5,pysindy.STLSQ,confirmation_24,conf_001,native,5.374829646194587,0.5914568801486202,2264
augmentation,0.01,1.0,0,5100,5600,C_compact,compact (12 coordinates),12,12,10,0.5,pysindy.STLSQ,confirmation_24,conf_001,common,5.299221870942761,0.572282602796403,2078
augmentation,0.01,1.0,0,5100,5600,C_compact,compact (12 coordinates),12,12,10,0.5,pysindy.STLSQ,confirmation_24,conf_002,native,3.989576989653624,0.5381134838367009,2328
augmentation,0.01,1.0,0,5100,5600,C_compact,compact (12 coordinates),12,12,10,0.5,pysindy.STLSQ,confirmation_24,conf_002,common,3.902962808453416,0.5166464425491477,2079
augmentation,0.01,1.0,0,5100,5600,C_compact,compact (12 coordinates),12,12,10,0.5,pysindy.STLSQ,confirmation_24,conf_003,native,4.181944749152454,0.5363370491219485,2247
augmentation,0.01,1.0,0,5100,5600,C_compact,compact (12 coordinates),12,12,10,0.5,pysindy.STLSQ,confirmation_24,conf_003,common,4.130516048791369,0.5198295405945114,2050
augmentation,0.01,1.0,0,5100,5600,C_compact,compact (12 coordinates),12,12,10,0.5,pysindy.STLSQ,confirmation_24,conf_004,native,5.0495352014957895,0.5743773997104966,2256
augmentation,0.01,1.0,0,5100,5600,C_compact,compact (12 coordinates),12,12,10,0.5,pysindy.STLSQ,confirmation_24,conf_004,common,4.97082156922728,0.5558102300880358,2048
augmentation,0.01,1.0,0,5100,5600,C_compact,compact (12 coordinates),12,12,10,0.5,pysindy.STLSQ,confirmation_24,conf_005,native,4.78908733376526,0.5644353163597474,2197
augmentation,0.01,1.0,0,5100,5600,C_compact,compact (12 coordinates),12,12,10,0.5,pysindy.STLSQ,confirmation_24,conf_005,common,4.63093496796129,0.5364679118225398,2001
augmentation,0.01,1.0,0,5100,5600,C_compact,compact (12 coordinates),12,12,10,0.5,pysindy.STLSQ,confirmation_24,conf_006,native,5.533227407180873,0.6111388579389105,2260
augmentation,0.01,1.0,0,5100,5600,C_compact,compact (12 coordinates),12,12,10,0.5,pysindy.STLSQ,confirmation_24,conf_006,common,5.334891871516216,0.5783830203351864,2063
augmentation,0.01,1.0,0,5100,5600,C_compact,compact (12 coordinates),12,12,10,0.5,pysindy.STLSQ,confirmation_24,conf_007,native,4.3146490174169285,0.5520869335343512,2225
augmentation,0.01,1.0,0,5100,5600,C_compact,compact (12 coordinates),12,12,10,0.5,pysindy.STLSQ,confirmation_24,conf_007,common,4.261289024969717,0.5341516602823481,1983
augmentation,0.01,1.0,0,5100,5600,C_compact,compact (12 coordinates),12,12,10,0.5,pysindy.STLSQ,confirmation_24,conf_008,native,4.776016595386358,0.5650181076818691,2263
augmentation,0.01,1.0,0,5100,5600,C_compact,compact (12 coordinates),12,12,10,0.5,pysindy.STLSQ,confirmation_24,conf_008,common,4.733319807058303,0.551726207157781,2086
augmentation,0.01,1.0,0,5100,5600,C_compact,compact (12 coordinates),12,12,10,0.5,pysindy.STLSQ,confirmation_24,conf_009,native,5.190828873727826,0.5935134816710843,2243
augmentation,0.01,1.0,0,5100,5600,C_compact,compact (12 coordinates),12,12,10,0.5,pysindy.STLSQ,confirmation_24,conf_009,common,5.083646538443222,0.5712607921015833,2050
augmentation,0.01,1.0,0,5100,5600,C_compact,compact (12 coordinates),12,12,10,0.5,pysindy.STLSQ,confirmation_24,conf_010,native,4.789394205871307,0.5816283688820747,2258
augmentation,0.01,1.0,0,5100,5600,C_compact,compact (12 coordinates),12,12,10,0.5,pysindy.STLSQ,confirmation_24,conf_010,common,4.753306002702585,0.5670259775491635,2063
augmentation,0.01,1.0,0,5100,5600,C_compact,compact (12 coordinates),12,12,10,0.5,pysindy.STLSQ,confirmation_24,conf_011,native,4.978780451652274,0.5714920535462292,2252
augmentation,0.01,1.0,0,5100,5600,C_compact,compact (12 coordinates),12,12,10,0.5,pysindy.STLSQ,confirmation_24,conf_011,common,4.84189253038387,0.5472838374713446,2065
augmentation,0.01,1.0,0,5100,5600,C_compact,compact (12 coordinates),12,12,10,0.5,pysindy.STLSQ,confirmation_24,conf_012,native,5.575075379218758,0.6082746655496666,2241
augmentation,0.01,1.0,0,5100,5600,C_compact,compact (12 coordinates),12,12,10,0.5,pysindy.STLSQ,confirmation_24,conf_012,common,5.4876206517357575,0.5905107495638321,2057
augmentation,0.01,1.0,0,5100,5600,C_compact,compact (12 coordinates),12,12,10,0.5,pysindy.STLSQ,confirmation_24,conf_013,native,5.252201568150761,0.5903145694287034,2284
augmentation,0.01,1.0,0,5100,5600,C_compact,compact (12 coordinates),12,12,10,0.5,pysindy.STLSQ,confirmation_24,conf_013,common,5.149679277421054,0.5674569379763249,2086
augmentation,0.01,1.0,0,5100,5600,C_compact,compact (12 coordinates),12,12,10,0.5,pysindy.STLSQ,confirmation_24,conf_014,native,4.922839574768356,0.6059449128318001,2245
augmentation,0.01,1.0,0,5100,5600,C_compact,compact (12 coordinates),12,12,10,0.5,pysindy.STLSQ,confirmation_24,conf_014,common,4.900721692118098,0.5893789617085124,2012
augmentation,0.01,1.0,0,5100,5600,C_compact,compact (12 coordinates),12,12,10,0.5,pysindy.STLSQ,confirmation_24,conf_015,native,5.884836681327878,0.6298261048220473,2225
augmentation,0.01,1.0,0,5100,5600,C_compact,compact (12 coordinates),12,12,10,0.5,pysindy.STLSQ,confirmation_24,conf_015,common,5.749505121266325,0.6042144475460796,2030
augmentation,0.01,1.0,0,5100,5600,C_compact,compact (12 coordinates),12,12,10,0.5,pysindy.STLSQ,confirmation_24,conf_016,native,5.029086407627732,0.6035167939457377,2285
augmentation,0.01,1.0,0,5100,5600,C_compact,compact (12 coordinates),12,12,10,0.5,pysindy.STLSQ,confirmation_24,conf_016,common,4.952509740312771,0.5867294840983966,2090
augmentation,0.01,1.0,0,5100,5600,C_compact,compact (12 coordinates),12,12,10,0.5,pysindy.STLSQ,confirmation_24,conf_017,native,5.200935186105412,0.5992420938688758,2273
augmentation,0.01,1.0,0,5100,5600,C_compact,compact (12 coordinates),12,12,10,0.5,pysindy.STLSQ,confirmation_24,conf_017,common,5.174406889669073,0.5857734096499722,2074
augmentation,0.01,1.0,0,5100,5600,C_compact,compact (12 coordinates),12,12,10,0.5,pysindy.STLSQ,confirmation_24,conf_018,native,5.925364638034141,0.6408046056590824,2280
augmentation,0.01,1.0,0,5100,5600,C_compact,compact (12 coordinates),12,12,10,0.5,pysindy.STLSQ,confirmation_24,conf_018,common,5.776922286221479,0.6144481323778682,2098
augmentation,0.01,1.0,0,5100,5600,C_compact,compact (12 coordinates),12,12,10,0.5,pysindy.STLSQ,confirmation_24,conf_019,native,5.590770789249857,0.5992298822653925,2246
augmentation,0.01,1.0,0,5100,5600,C_compact,compact (12 coordinates),12,12,10,0.5,pysindy.STLSQ,confirmation_24,conf_019,common,5.506363036790924,0.5789974098529944,2075
augmentation,0.01,1.0,0,5100,5600,C_compact,compact (12 coordinates),12,12,10,0.5,pysindy.STLSQ,confirmation_24,conf_020,native,4.928504757455572,0.5688870299496868,2282
augmentation,0.01,1.0,0,5100,5600,C_compact,compact (12 coordinates),12,12,10,0.5,pysindy.STLSQ,confirmation_24,conf_020,common,4.844820248246036,0.5514472035406411,2072
augmentation,0.01,1.0,0,5100,5600,C_compact,compact (12 coordinates),12,12,10,0.5,pysindy.STLSQ,confirmation_24,conf_021,native,4.981636330635028,0.5853262450134206,2288
augmentation,0.01,1.0,0,5100,5600,C_compact,compact (12 coordinates),12,12,10,0.5,pysindy.STLSQ,confirmation_24,conf_021,common,4.948115420391908,0.571395187115272,2105
augmentation,0.01,1.0,0,5100,5600,C_compact,compact (12 coordinates),12,12,10,0.5,pysindy.STLSQ,confirmation_24,conf_022,native,5.157660225207176,0.5961850525512017,2302
augmentation,0.01,1.0,0,5100,5600,C_compact,compact (12 coordinates),12,12,10,0.5,pysindy.STLSQ,confirmation_24,conf_022,common,5.121017269883799,0.580461846471018,2090
augmentation,0.01,1.0,0,5100,5600,C_compact,compact (12 coordinates),12,12,10,0.5,pysindy.STLSQ,confirmation_24,conf_023,native,5.697648409060561,0.6153172540992947,2251
augmentation,0.01,1.0,0,5100,5600,C_compact,compact (12 coordinates),12,12,10,0.5,pysindy.STLSQ,confirmation_24,conf_023,common,5.509839913668681,0.5841542569917002,2048
augmentation,0.01,1.0,0,5100,5600,C_all,C_all (38 coordinates),38,38,38,0.0001,pysindy.STLSQ,confirmation_24,conf_000,native,2.5316294419493106,0.2881409103790017,2059
augmentation,0.01,1.0,0,5100,5600,C_all,C_all (38 coordinates),38,38,38,0.0001,pysindy.STLSQ,confirmation_24,conf_000,common,2.5316294419493106,0.2881409103790017,2059
augmentation,0.01,1.0,0,5100,5600,C_all,C_all (38 coordinates),38,38,38,0.0001,pysindy.STLSQ,confirmation_24,conf_001,native,1.871508656246268,0.2021111534931959,2078
augmentation,0.01,1.0,0,5100,5600,C_all,C_all (38 coordinates),38,38,38,0.0001,pysindy.STLSQ,confirmation_24,conf_001,common,1.871508656246268,0.2021111534931959,2078
augmentation,0.01,1.0,0,5100,5600,C_all,C_all (38 coordinates),38,38,38,0.0001,pysindy.STLSQ,confirmation_24,conf_002,native,1.5991249919295365,0.2116807868326092,2079
augmentation,0.01,1.0,0,5100,5600,C_all,C_all (38 coordinates),38,38,38,0.0001,pysindy.STLSQ,confirmation_24,conf_002,common,1.5991249919295365,0.2116807868326092,2079
augmentation,0.01,1.0,0,5100,5600,C_all,C_all (38 coordinates),38,38,38,0.0001,pysindy.STLSQ,confirmation_24,conf_003,native,2.318461247007841,0.29178064694142,2050
augmentation,0.01,1.0,0,5100,5600,C_all,C_all (38 coordinates),38,38,38,0.0001,pysindy.STLSQ,confirmation_24,conf_003,common,2.318461247007841,0.29178064694142,2050
augmentation,0.01,1.0,0,5100,5600,C_all,C_all (38 coordinates),38,38,38,0.0001,pysindy.STLSQ,confirmation_24,conf_004,native,2.2921260631122533,0.2562930688190539,2048
augmentation,0.01,1.0,0,5100,5600,C_all,C_all (38 coordinates),38,38,38,0.0001,pysindy.STLSQ,confirmation_24,conf_004,common,2.2921260631122533,0.2562930688190539,2048
augmentation,0.01,1.0,0,5100,5600,C_all,C_all (38 coordinates),38,38,38,0.0001,pysindy.STLSQ,confirmation_24,conf_005,native,2.1887270434026944,0.2535517848225546,2001
augmentation,0.01,1.0,0,5100,5600,C_all,C_all (38 coordinates),38,38,38,0.0001,pysindy.STLSQ,confirmation_24,conf_005,common,2.1887270434026944,0.2535517848225546,2001
augmentation,0.01,1.0,0,5100,5600,C_all,C_all (38 coordinates),38,38,38,0.0001,pysindy.STLSQ,confirmation_24,conf_006,native,2.455803055801208,0.2662462188496046,2063
augmentation,0.01,1.0,0,5100,5600,C_all,C_all (38 coordinates),38,38,38,0.0001,pysindy.STLSQ,confirmation_24,conf_006,common,2.455803055801208,0.2662462188496046,2063
augmentation,0.01,1.0,0,5100,5600,C_all,C_all (38 coordinates),38,38,38,0.0001,pysindy.STLSQ,confirmation_24,conf_007,native,2.613536904261705,0.3276062873089203,1983
augmentation,0.01,1.0,0,5100,5600,C_all,C_all (38 coordinates),38,38,38,0.0001,pysindy.STLSQ,confirmation_24,conf_007,common,2.613536904261705,0.3276062873089203,1983
augmentation,0.01,1.0,0,5100,5600,C_all,C_all (38 coordinates),38,38,38,0.0001,pysindy.STLSQ,confirmation_24,conf_008,native,2.112098959862156,0.2461909179533889,2086
augmentation,0.01,1.0,0,5100,5600,C_all,C_all (38 coordinates),38,38,38,0.0001,pysindy.STLSQ,confirmation_24,conf_008,common,2.112098959862156,0.2461909179533889,2086
augmentation,0.01,1.0,0,5100,5600,C_all,C_all (38 coordinates),38,38,38,0.0001,pysindy.STLSQ,confirmation_24,conf_009,native,2.080550968531295,0.2337961904516816,2050
augmentation,0.01,1.0,0,5100,5600,C_all,C_all (38 coordinates),38,38,38,0.0001,pysindy.STLSQ,confirmation_24,conf_009,common,2.080550968531295,0.2337961904516816,2050
augmentation,0.01,1.0,0,5100,5600,C_all,C_all (38 coordinates),38,38,38,0.0001,pysindy.STLSQ,confirmation_24,conf_010,native,2.421420327224914,0.2888533217346983,2063
augmentation,0.01,1.0,0,5100,5600,C_all,C_all (38 coordinates),38,38,38,0.0001,pysindy.STLSQ,confirmation_24,conf_010,common,2.421420327224914,0.2888533217346983,2063
augmentation,0.01,1.0,0,5100,5600,C_all,C_all (38 coordinates),38,38,38,0.0001,pysindy.STLSQ,confirmation_24,conf_011,native,2.357518139724026,0.2664725758203021,2065
augmentation,0.01,1.0,0,5100,5600,C_all,C_all (38 coordinates),38,38,38,0.0001,pysindy.STLSQ,confirmation_24,conf_011,common,2.357518139724026,0.2664725758203021,2065
augmentation,0.01,1.0,0,5100,5600,C_all,C_all (38 coordinates),38,38,38,0.0001,pysindy.STLSQ,confirmation_24,conf_012,native,1.9846897924225209,0.2135680892235884,2057
augmentation,0.01,1.0,0,5100,5600,C_all,C_all (38 coordinates),38,38,38,0.0001,pysindy.STLSQ,confirmation_24,conf_012,common,1.9846897924225209,0.2135680892235884,2057
augmentation,0.01,1.0,0,5100,5600,C_all,C_all (38 coordinates),38,38,38,0.0001,pysindy.STLSQ,confirmation_24,conf_013,native,2.1575067990703545,0.2377414467793201,2086
augmentation,0.01,1.0,0,5100,5600,C_all,C_all (38 coordinates),38,38,38,0.0001,pysindy.STLSQ,confirmation_24,conf_013,common,2.1575067990703545,0.2377414467793201,2086
augmentation,0.01,1.0,0,5100,5600,C_all,C_all (38 coordinates),38,38,38,0.0001,pysindy.STLSQ,confirmation_24,conf_014,native,2.5940088240809662,0.3119651193126183,2012
augmentation,0.01,1.0,0,5100,5600,C_all,C_all (38 coordinates),38,38,38,0.0001,pysindy.STLSQ,confirmation_24,conf_014,common,2.5940088240809662,0.3119651193126183,2012
augmentation,0.01,1.0,0,5100,5600,C_all,C_all (38 coordinates),38,38,38,0.0001,pysindy.STLSQ,confirmation_24,conf_015,native,2.496233482688093,0.2623287227120895,2030
augmentation,0.01,1.0,0,5100,5600,C_all,C_all (38 coordinates),38,38,38,0.0001,pysindy.STLSQ,confirmation_24,conf_015,common,2.496233482688093,0.2623287227120895,2030
augmentation,0.01,1.0,0,5100,5600,C_all,C_all (38 coordinates),38,38,38,0.0001,pysindy.STLSQ,confirmation_24,conf_016,native,2.1929187918031623,0.2597975933113645,2090
augmentation,0.01,1.0,0,5100,5600,C_all,C_all (38 coordinates),38,38,38,0.0001,pysindy.STLSQ,confirmation_24,conf_016,common,2.1929187918031623,0.2597975933113645,2090
augmentation,0.01,1.0,0,5100,5600,C_all,C_all (38 coordinates),38,38,38,0.0001,pysindy.STLSQ,confirmation_24,conf_017,native,2.304765733694005,0.2609130884093849,2074
augmentation,0.01,1.0,0,5100,5600,C_all,C_all (38 coordinates),38,38,38,0.0001,pysindy.STLSQ,confirmation_24,conf_017,common,2.304765733694005,0.2609130884093849,2074
augmentation,0.01,1.0,0,5100,5600,C_all,C_all (38 coordinates),38,38,38,0.0001,pysindy.STLSQ,confirmation_24,conf_018,native,2.069945091104556,0.2201646192103835,2098
augmentation,0.01,1.0,0,5100,5600,C_all,C_all (38 coordinates),38,38,38,0.0001,pysindy.STLSQ,confirmation_24,conf_018,common,2.069945091104556,0.2201646192103835,2098
augmentation,0.01,1.0,0,5100,5600,C_all,C_all (38 coordinates),38,38,38,0.0001,pysindy.STLSQ,confirmation_24,conf_019,native,2.1628656976983214,0.2274266386832799,2075
augmentation,0.01,1.0,0,5100,5600,C_all,C_all (38 coordinates),38,38,38,0.0001,pysindy.STLSQ,confirmation_24,conf_019,common,2.1628656976983214,0.2274266386832799,2075
augmentation,0.01,1.0,0,5100,5600,C_all,C_all (38 coordinates),38,38,38,0.0001,pysindy.STLSQ,confirmation_24,conf_020,native,2.4339828528685903,0.2770408330765575,2072
augmentation,0.01,1.0,0,5100,5600,C_all,C_all (38 coordinates),38,38,38,0.0001,pysindy.STLSQ,confirmation_24,conf_020,common,2.4339828528685903,0.2770408330765575,2072
augmentation,0.01,1.0,0,5100,5600,C_all,C_all (38 coordinates),38,38,38,0.0001,pysindy.STLSQ,confirmation_24,conf_021,native,2.12818463577629,0.2457570923191857,2105
augmentation,0.01,1.0,0,5100,5600,C_all,C_all (38 coordinates),38,38,38,0.0001,pysindy.STLSQ,confirmation_24,conf_021,common,2.12818463577629,0.2457570923191857,2105
augmentation,0.01,1.0,0,5100,5600,C_all,C_all (38 coordinates),38,38,38,0.0001,pysindy.STLSQ,confirmation_24,conf_022,native,2.0466770544567114,0.2319886615392656,2090
augmentation,0.01,1.0,0,5100,5600,C_all,C_all (38 coordinates),38,38,38,0.0001,pysindy.STLSQ,confirmation_24,conf_022,common,2.0466770544567114,0.2319886615392656,2090
augmentation,0.01,1.0,0,5100,5600,C_all,C_all (38 coordinates),38,38,38,0.0001,pysindy.STLSQ,confirmation_24,conf_023,native,2.304571510139877,0.2443311020435125,2048
augmentation,0.01,1.0,0,5100,5600,C_all,C_all (38 coordinates),38,38,38,0.0001,pysindy.STLSQ,confirmation_24,conf_023,common,2.304571510139877,0.2443311020435125,2048
augmentation,0.01,1.0,1,5101,5601,C0_poly2,conventional quadratic,10,65,55,0.5,pysindy.STLSQ,confirmation_24,conf_000,native,3.321086472603993,0.382564067420774,2397
augmentation,0.01,1.0,1,5101,5601,C0_poly2,conventional quadratic,10,65,55,0.5,pysindy.STLSQ,confirmation_24,conf_000,common,3.069077849381963,0.3508010142086534,2052
augmentation,0.01,1.0,1,5101,5601,C0_poly2,conventional quadratic,10,65,55,0.5,pysindy.STLSQ,confirmation_24,conf_001,native,2.8163216470260632,0.3171696116270106,2397
augmentation,0.01,1.0,1,5101,5601,C0_poly2,conventional quadratic,10,65,55,0.5,pysindy.STLSQ,confirmation_24,conf_001,common,2.708678684309989,0.292354237039972,2076
augmentation,0.01,1.0,1,5101,5601,C0_poly2,conventional quadratic,10,65,55,0.5,pysindy.STLSQ,confirmation_24,conf_002,native,2.238147908918069,0.3043952951806593,2397
augmentation,0.01,1.0,1,5101,5601,C0_poly2,conventional quadratic,10,65,55,0.5,pysindy.STLSQ,confirmation_24,conf_002,common,2.115162812495434,0.2807563217158775,2102
augmentation,0.01,1.0,1,5101,5601,C0_poly2,conventional quadratic,10,65,55,0.5,pysindy.STLSQ,confirmation_24,conf_003,native,2.875505448616817,0.3617104948515623,2397
augmentation,0.01,1.0,1,5101,5601,C0_poly2,conventional quadratic,10,65,55,0.5,pysindy.STLSQ,confirmation_24,conf_003,common,2.722888297145805,0.3425232023207999,2055
augmentation,0.01,1.0,1,5101,5601,C0_poly2,conventional quadratic,10,65,55,0.5,pysindy.STLSQ,confirmation_24,conf_004,native,3.0344022763263694,0.348808071961956,2397
augmentation,0.01,1.0,1,5101,5601,C0_poly2,conventional quadratic,10,65,55,0.5,pysindy.STLSQ,confirmation_24,conf_004,common,2.962150843712916,0.3316226215307545,2084
augmentation,0.01,1.0,1,5101,5601,C0_poly2,conventional quadratic,10,65,55,0.5,pysindy.STLSQ,confirmation_24,conf_005,native,3.0720321764878253,0.3573210074506496,2397
augmentation,0.01,1.0,1,5101,5601,C0_poly2,conventional quadratic,10,65,55,0.5,pysindy.STLSQ,confirmation_24,conf_005,common,2.815753530623814,0.327193408024362,2028
augmentation,0.01,1.0,1,5101,5601,C0_poly2,conventional quadratic,10,65,55,0.5,pysindy.STLSQ,confirmation_24,conf_006,native,3.1539899946029184,0.3528269760234419,2397
augmentation,0.01,1.0,1,5101,5601,C0_poly2,conventional quadratic,10,65,55,0.5,pysindy.STLSQ,confirmation_24,conf_006,common,3.085843361009477,0.3349223529012764,2057
augmentation,0.01,1.0,1,5101,5601,C0_poly2,conventional quadratic,10,65,55,0.5,pysindy.STLSQ,confirmation_24,conf_007,native,3.294357720129682,0.4076333231564706,2397
augmentation,0.01,1.0,1,5101,5601,C0_poly2,conventional quadratic,10,65,55,0.5,pysindy.STLSQ,confirmation_24,conf_007,common,3.0304796970395653,0.383070565915139,2023
augmentation,0.01,1.0,1,5101,5601,C0_poly2,conventional quadratic,10,65,55,0.5,pysindy.STLSQ,confirmation_24,conf_008,native,2.842627154487248,0.3390705703794011,2397
augmentation,0.01,1.0,1,5101,5601,C0_poly2,conventional quadratic,10,65,55,0.5,pysindy.STLSQ,confirmation_24,conf_008,common,2.753573334960628,0.3212133065960422,2082
augmentation,0.01,1.0,1,5101,5601,C0_poly2,conventional quadratic,10,65,55,0.5,pysindy.STLSQ,confirmation_24,conf_009,native,2.981868083345037,0.3448956081102645,2397
augmentation,0.01,1.0,1,5101,5601,C0_poly2,conventional quadratic,10,65,55,0.5,pysindy.STLSQ,confirmation_24,conf_009,common,2.847087241646296,0.3201607078094927,2051
augmentation,0.01,1.0,1,5101,5601,C0_poly2,conventional quadratic,10,65,55,0.5,pysindy.STLSQ,confirmation_24,conf_010,native,3.1391435766290727,0.3760614765133115,2397
augmentation,0.01,1.0,1,5101,5601,C0_poly2,conventional quadratic,10,65,55,0.5,pysindy.STLSQ,confirmation_24,conf_010,common,2.900395789453335,0.3476333425750035,2074
augmentation,0.01,1.0,1,5101,5601,C0_poly2,conventional quadratic,10,65,55,0.5,pysindy.STLSQ,confirmation_24,conf_011,native,2.9945828509488024,0.3475363183399138,2397
augmentation,0.01,1.0,1,5101,5601,C0_poly2,conventional quadratic,10,65,55,0.5,pysindy.STLSQ,confirmation_24,conf_011,common,2.9190286429034478,0.3307960204282739,2053
augmentation,0.01,1.0,1,5101,5601,C0_poly2,conventional quadratic,10,65,55,0.5,pysindy.STLSQ,confirmation_24,conf_012,native,2.926450300955521,0.3276454238191962,2397
augmentation,0.01,1.0,1,5101,5601,C0_poly2,conventional quadratic,10,65,55,0.5,pysindy.STLSQ,confirmation_24,conf_012,common,2.8216500465298355,0.3040588992921443,2061
augmentation,0.01,1.0,1,5101,5601,C0_poly2,conventional quadratic,10,65,55,0.5,pysindy.STLSQ,confirmation_24,conf_013,native,2.976941018233237,0.3395504471240967,2397
augmentation,0.01,1.0,1,5101,5601,C0_poly2,conventional quadratic,10,65,55,0.5,pysindy.STLSQ,confirmation_24,conf_013,common,2.8882868448492727,0.3192542525592042,2077
augmentation,0.01,1.0,1,5101,5601,C0_poly2,conventional quadratic,10,65,55,0.5,pysindy.STLSQ,confirmation_24,conf_014,native,3.175966058586615,0.3839584500677719,2397
augmentation,0.01,1.0,1,5101,5601,C0_poly2,conventional quadratic,10,65,55,0.5,pysindy.STLSQ,confirmation_24,conf_014,common,2.9741873058481905,0.3600849374980542,2043
augmentation,0.01,1.0,1,5101,5601,C0_poly2,conventional quadratic,10,65,55,0.5,pysindy.STLSQ,confirmation_24,conf_015,native,3.392299588891985,0.3672717086088723,2397
augmentation,0.01,1.0,1,5101,5601,C0_poly2,conventional quadratic,10,65,55,0.5,pysindy.STLSQ,confirmation_24,conf_015,common,3.2398939756109275,0.3387138634767793,2016
augmentation,0.01,1.0,1,5101,5601,C0_poly2,conventional quadratic,10,65,55,0.5,pysindy.STLSQ,confirmation_24,conf_016,native,2.9137756753625563,0.3498380964823853,2397
augmentation,0.01,1.0,1,5101,5601,C0_poly2,conventional quadratic,10,65,55,0.5,pysindy.STLSQ,confirmation_24,conf_016,common,2.7843419698318552,0.3282085096907345,2088
augmentation,0.01,1.0,1,5101,5601,C0_poly2,conventional quadratic,10,65,55,0.5,pysindy.STLSQ,confirmation_24,conf_017,native,3.001896880585383,0.3484545776023179,2397
augmentation,0.01,1.0,1,5101,5601,C0_poly2,conventional quadratic,10,65,55,0.5,pysindy.STLSQ,confirmation_24,conf_017,common,2.8943618286035893,0.3277396666028103,2068
augmentation,0.01,1.0,1,5101,5601,C0_poly2,conventional quadratic,10,65,55,0.5,pysindy.STLSQ,confirmation_24,conf_018,native,2.9494349057894644,0.3262745287175695,2397
augmentation,0.01,1.0,1,5101,5601,C0_poly2,conventional quadratic,10,65,55,0.5,pysindy.STLSQ,confirmation_24,conf_018,common,2.836923996582166,0.3018731157660391,2101
augmentation,0.01,1.0,1,5101,5601,C0_poly2,conventional quadratic,10,65,55,0.5,pysindy.STLSQ,confirmation_24,conf_019,native,3.08292409144572,0.3383569035814516,2397
augmentation,0.01,1.0,1,5101,5601,C0_poly2,conventional quadratic,10,65,55,0.5,pysindy.STLSQ,confirmation_24,conf_019,common,2.9913437718673666,0.3151958864722418,2045
augmentation,0.01,1.0,1,5101,5601,C0_poly2,conventional quadratic,10,65,55,0.5,pysindy.STLSQ,confirmation_24,conf_020,native,3.132899770864253,0.361938478668918,2397
augmentation,0.01,1.0,1,5101,5601,C0_poly2,conventional quadratic,10,65,55,0.5,pysindy.STLSQ,confirmation_24,conf_020,common,3.022005175058061,0.3420327999578313,2102
augmentation,0.01,1.0,1,5101,5601,C0_poly2,conventional quadratic,10,65,55,0.5,pysindy.STLSQ,confirmation_24,conf_021,native,2.80839934543382,0.3332674355071101,2397
augmentation,0.01,1.0,1,5101,5601,C0_poly2,conventional quadratic,10,65,55,0.5,pysindy.STLSQ,confirmation_24,conf_021,common,2.7057444988317787,0.3127881473924722,2097
augmentation,0.01,1.0,1,5101,5601,C0_poly2,conventional quadratic,10,65,55,0.5,pysindy.STLSQ,confirmation_24,conf_022,native,2.7512578836248758,0.3229086922630577,2397
augmentation,0.01,1.0,1,5101,5601,C0_poly2,conventional quadratic,10,65,55,0.5,pysindy.STLSQ,confirmation_24,conf_022,common,2.685793392835348,0.3052620926738633,2104
augmentation,0.01,1.0,1,5101,5601,C0_poly2,conventional quadratic,10,65,55,0.5,pysindy.STLSQ,confirmation_24,conf_023,native,3.114290525510121,0.3422949457865932,2397
augmentation,0.01,1.0,1,5101,5601,C0_poly2,conventional quadratic,10,65,55,0.5,pysindy.STLSQ,confirmation_24,conf_023,common,3.005583629309116,0.3198917328970337,2049
augmentation,0.01,1.0,1,5101,5601,C_compact,compact (12 coordinates),12,12,6,0.5,pysindy.STLSQ,confirmation_24,conf_000,native,5.315422278489982,0.617501330334404,2250
augmentation,0.01,1.0,1,5101,5601,C_compact,compact (12 coordinates),12,12,6,0.5,pysindy.STLSQ,confirmation_24,conf_000,common,5.236006507197512,0.59848478379194,2052
augmentation,0.01,1.0,1,5101,5601,C_compact,compact (12 coordinates),12,12,6,0.5,pysindy.STLSQ,confirmation_24,conf_001,native,5.555867870966197,0.6101178945298921,2255
augmentation,0.01,1.0,1,5101,5601,C_compact,compact (12 coordinates),12,12,6,0.5,pysindy.STLSQ,confirmation_24,conf_001,common,5.486735790494049,0.592196654834465,2076
augmentation,0.01,1.0,1,5101,5601,C_compact,compact (12 coordinates),12,12,6,0.5,pysindy.STLSQ,confirmation_24,conf_002,native,4.032579165276003,0.5442677530134447,2326
augmentation,0.01,1.0,1,5101,5601,C_compact,compact (12 coordinates),12,12,6,0.5,pysindy.STLSQ,confirmation_24,conf_002,common,3.942795336104956,0.5233472852793614,2102
augmentation,0.01,1.0,1,5101,5601,C_compact,compact (12 coordinates),12,12,6,0.5,pysindy.STLSQ,confirmation_24,conf_003,native,4.309687290719457,0.552846175862256,2250
augmentation,0.01,1.0,1,5101,5601,C_compact,compact (12 coordinates),12,12,6,0.5,pysindy.STLSQ,confirmation_24,conf_003,common,4.25433390506866,0.5351699790379028,2055
augmentation,0.01,1.0,1,5101,5601,C_compact,compact (12 coordinates),12,12,6,0.5,pysindy.STLSQ,confirmation_24,conf_004,native,5.143102959304135,0.5847283326314404,2256
augmentation,0.01,1.0,1,5101,5601,C_compact,compact (12 coordinates),12,12,6,0.5,pysindy.STLSQ,confirmation_24,conf_004,common,5.0370229063978496,0.5639114376890947,2084
augmentation,0.01,1.0,1,5101,5601,C_compact,compact (12 coordinates),12,12,6,0.5,pysindy.STLSQ,confirmation_24,conf_005,native,4.4937657313511865,0.5295268406107542,2191
augmentation,0.01,1.0,1,5101,5601,C_compact,compact (12 coordinates),12,12,6,0.5,pysindy.STLSQ,confirmation_24,conf_005,common,4.370012791278841,0.5077999060421337,2028
augmentation,0.01,1.0,1,5101,5601,C_compact,compact (12 coordinates),12,12,6,0.5,pysindy.STLSQ,confirmation_24,conf_006,native,5.676991073880404,0.6279608021205974,2262
augmentation,0.01,1.0,1,5101,5601,C_compact,compact (12 coordinates),12,12,6,0.5,pysindy.STLSQ,confirmation_24,conf_006,common,5.606724621158076,0.6085264812577806,2057
augmentation,0.01,1.0,1,5101,5601,C_compact,compact (12 coordinates),12,12,6,0.5,pysindy.STLSQ,confirmation_24,conf_007,native,4.384950004454352,0.5623125236156093,2228
augmentation,0.01,1.0,1,5101,5601,C_compact,compact (12 coordinates),12,12,6,0.5,pysindy.STLSQ,confirmation_24,conf_007,common,4.381059159341743,0.5537918017125174,2023
augmentation,0.01,1.0,1,5101,5601,C_compact,compact (12 coordinates),12,12,6,0.5,pysindy.STLSQ,confirmation_24,conf_008,native,4.796309631416389,0.5672627666989074,2262
augmentation,0.01,1.0,1,5101,5601,C_compact,compact (12 coordinates),12,12,6,0.5,pysindy.STLSQ,confirmation_24,conf_008,common,4.755715054207774,0.5547696654363837,2082
augmentation,0.01,1.0,1,5101,5601,C_compact,compact (12 coordinates),12,12,6,0.5,pysindy.STLSQ,confirmation_24,conf_009,native,5.1398622310309925,0.5871029395326173,2239
augmentation,0.01,1.0,1,5101,5601,C_compact,compact (12 coordinates),12,12,6,0.5,pysindy.STLSQ,confirmation_24,conf_009,common,5.0416787839192745,0.5669469570150351,2051
augmentation,0.01,1.0,1,5101,5601,C_compact,compact (12 coordinates),12,12,6,0.5,pysindy.STLSQ,confirmation_24,conf_010,native,4.535267852044198,0.5499269510201754,2259
augmentation,0.01,1.0,1,5101,5601,C_compact,compact (12 coordinates),12,12,6,0.5,pysindy.STLSQ,confirmation_24,conf_010,common,4.398452749457633,0.5271862678232496,2074
augmentation,0.01,1.0,1,5101,5601,C_compact,compact (12 coordinates),12,12,6,0.5,pysindy.STLSQ,confirmation_24,conf_011,native,4.920824235215036,0.5637513590538881,2251
augmentation,0.01,1.0,1,5101,5601,C_compact,compact (12 coordinates),12,12,6,0.5,pysindy.STLSQ,confirmation_24,conf_011,common,4.804671534924683,0.5444846274742988,2053
augmentation,0.01,1.0,1,5101,5601,C_compact,compact (12 coordinates),12,12,6,0.5,pysindy.STLSQ,confirmation_24,conf_012,native,5.533880988449631,0.6049522490538475,2248
augmentation,0.01,1.0,1,5101,5601,C_compact,compact (12 coordinates),12,12,6,0.5,pysindy.STLSQ,confirmation_24,conf_012,common,5.403735379053375,0.5823024841233139,2061
augmentation,0.01,1.0,1,5101,5601,C_compact,compact (12 coordinates),12,12,6,0.5,pysindy.STLSQ,confirmation_24,conf_013,native,5.288395380319305,0.5941433362843063,2285
augmentation,0.01,1.0,1,5101,5601,C_compact,compact (12 coordinates),12,12,6,0.5,pysindy.STLSQ,confirmation_24,conf_013,common,5.147885981958412,0.5690170608784891,2077
augmentation,0.01,1.0,1,5101,5601,C_compact,compact (12 coordinates),12,12,6,0.5,pysindy.STLSQ,confirmation_24,conf_014,native,4.614855834608911,0.5680170929867495,2247
augmentation,0.01,1.0,1,5101,5601,C_compact,compact (12 coordinates),12,12,6,0.5,pysindy.STLSQ,confirmation_24,conf_014,common,4.51992477727727,0.5472274149383606,2043
augmentation,0.01,1.0,1,5101,5601,C_compact,compact (12 coordinates),12,12,6,0.5,pysindy.STLSQ,confirmation_24,conf_015,native,5.635072937322954,0.6022978386596236,2219
augmentation,0.01,1.0,1,5101,5601,C_compact,compact (12 coordinates),12,12,6,0.5,pysindy.STLSQ,confirmation_24,conf_015,common,5.485348255940191,0.5734642905821541,2016
augmentation,0.01,1.0,1,5101,5601,C_compact,compact (12 coordinates),12,12,6,0.5,pysindy.STLSQ,confirmation_24,conf_016,native,5.043908684343626,0.6053219518371765,2288
augmentation,0.01,1.0,1,5101,5601,C_compact,compact (12 coordinates),12,12,6,0.5,pysindy.STLSQ,confirmation_24,conf_016,common,4.978180894746443,0.5868105822268257,2088
augmentation,0.01,1.0,1,5101,5601,C_compact,compact (12 coordinates),12,12,6,0.5,pysindy.STLSQ,confirmation_24,conf_017,native,5.110679494314063,0.5894388933473064,2276
augmentation,0.01,1.0,1,5101,5601,C_compact,compact (12 coordinates),12,12,6,0.5,pysindy.STLSQ,confirmation_24,conf_017,common,4.962757537761629,0.561952028520669,2068
augmentation,0.01,1.0,1,5101,5601,C_compact,compact (12 coordinates),12,12,6,0.5,pysindy.STLSQ,confirmation_24,conf_018,native,5.960112962041561,0.6451663347396839,2286
augmentation,0.01,1.0,1,5101,5601,C_compact,compact (12 coordinates),12,12,6,0.5,pysindy.STLSQ,confirmation_24,conf_018,common,5.86059552163282,0.6236177749179098,2101
augmentation,0.01,1.0,1,5101,5601,C_compact,compact (12 coordinates),12,12,6,0.5,pysindy.STLSQ,confirmation_24,conf_019,native,5.5844598871324695,0.5988292438938151,2251
augmentation,0.01,1.0,1,5101,5601,C_compact,compact (12 coordinates),12,12,6,0.5,pysindy.STLSQ,confirmation_24,conf_019,common,5.474619613816698,0.5768569960108839,2045
augmentation,0.01,1.0,1,5101,5601,C_compact,compact (12 coordinates),12,12,6,0.5,pysindy.STLSQ,confirmation_24,conf_020,native,4.991151453427063,0.5763178927352821,2287
augmentation,0.01,1.0,1,5101,5601,C_compact,compact (12 coordinates),12,12,6,0.5,pysindy.STLSQ,confirmation_24,conf_020,common,4.936353043096429,0.5587001196575364,2102
augmentation,0.01,1.0,1,5101,5601,C_compact,compact (12 coordinates),12,12,6,0.5,pysindy.STLSQ,confirmation_24,conf_021,native,4.911110775444068,0.5769509411991068,2290
augmentation,0.01,1.0,1,5101,5601,C_compact,compact (12 coordinates),12,12,6,0.5,pysindy.STLSQ,confirmation_24,conf_021,common,4.845660922659236,0.5601657154047905,2097
augmentation,0.01,1.0,1,5101,5601,C_compact,compact (12 coordinates),12,12,6,0.5,pysindy.STLSQ,confirmation_24,conf_022,native,5.290155742838162,0.6112818791386296,2295
augmentation,0.01,1.0,1,5101,5601,C_compact,compact (12 coordinates),12,12,6,0.5,pysindy.STLSQ,confirmation_24,conf_022,common,5.097603880493838,0.5793838172113456,2104
augmentation,0.01,1.0,1,5101,5601,C_compact,compact (12 coordinates),12,12,6,0.5,pysindy.STLSQ,confirmation_24,conf_023,native,5.4145404346723165,0.5838394447905595,2241
augmentation,0.01,1.0,1,5101,5601,C_compact,compact (12 coordinates),12,12,6,0.5,pysindy.STLSQ,confirmation_24,conf_023,common,5.323143140274946,0.5665553495155731,2049
augmentation,0.01,1.0,1,5101,5601,C_all,C_all (38 coordinates),38,38,38,0.0001,pysindy.STLSQ,confirmation_24,conf_000,native,2.4716342109871747,0.2825121520269382,2052
augmentation,0.01,1.0,1,5101,5601,C_all,C_all (38 coordinates),38,38,38,0.0001,pysindy.STLSQ,confirmation_24,conf_000,common,2.4716342109871747,0.2825121520269382,2052
augmentation,0.01,1.0,1,5101,5601,C_all,C_all (38 coordinates),38,38,38,0.0001,pysindy.STLSQ,confirmation_24,conf_001,native,1.8846108067000689,0.203410599308659,2076
augmentation,0.01,1.0,1,5101,5601,C_all,C_all (38 coordinates),38,38,38,0.0001,pysindy.STLSQ,confirmation_24,conf_001,common,1.8846108067000689,0.203410599308659,2076
augmentation,0.01,1.0,1,5101,5601,C_all,C_all (38 coordinates),38,38,38,0.0001,pysindy.STLSQ,confirmation_24,conf_002,native,1.5659854835300775,0.2078612207150429,2102
augmentation,0.01,1.0,1,5101,5601,C_all,C_all (38 coordinates),38,38,38,0.0001,pysindy.STLSQ,confirmation_24,conf_002,common,1.5659854835300775,0.2078612207150429,2102
augmentation,0.01,1.0,1,5101,5601,C_all,C_all (38 coordinates),38,38,38,0.0001,pysindy.STLSQ,confirmation_24,conf_003,native,2.2580046094693405,0.2840435909549728,2055
augmentation,0.01,1.0,1,5101,5601,C_all,C_all (38 coordinates),38,38,38,0.0001,pysindy.STLSQ,confirmation_24,conf_003,common,2.2580046094693405,0.2840435909549728,2055
augmentation,0.01,1.0,1,5101,5601,C_all,C_all (38 coordinates),38,38,38,0.0001,pysindy.STLSQ,confirmation_24,conf_004,native,2.36704523141974,0.2649985724364287,2084
augmentation,0.01,1.0,1,5101,5601,C_all,C_all (38 coordinates),38,38,38,0.0001,pysindy.STLSQ,confirmation_24,conf_004,common,2.36704523141974,0.2649985724364287,2084
augmentation,0.01,1.0,1,5101,5601,C_all,C_all (38 coordinates),38,38,38,0.0001,pysindy.STLSQ,confirmation_24,conf_005,native,2.20458933794028,0.2561755107220077,2028
augmentation,0.01,1.0,1,5101,5601,C_all,C_all (38 coordinates),38,38,38,0.0001,pysindy.STLSQ,confirmation_24,conf_005,common,2.20458933794028,0.2561755107220077,2028
augmentation,0.01,1.0,1,5101,5601,C_all,C_all (38 coordinates),38,38,38,0.0001,pysindy.STLSQ,confirmation_24,conf_006,native,2.5307923268265,0.2746798270823262,2057
augmentation,0.01,1.0,1,5101,5601,C_all,C_all (38 coordinates),38,38,38,0.0001,pysindy.STLSQ,confirmation_24,conf_006,common,2.5307923268265,0.2746798270823262,2057
augmentation,0.01,1.0,1,5101,5601,C_all,C_all (38 coordinates),38,38,38,0.0001,pysindy.STLSQ,confirmation_24,conf_007,native,2.5574676133041607,0.3232790395840999,2023
augmentation,0.01,1.0,1,5101,5601,C_all,C_all (38 coordinates),38,38,38,0.0001,pysindy.STLSQ,confirmation_24,conf_007,common,2.5574676133041607,0.3232790395840999,2023
augmentation,0.01,1.0,1,5101,5601,C_all,C_all (38 coordinates),38,38,38,0.0001,pysindy.STLSQ,confirmation_24,conf_008,native,2.119647205264905,0.2472637568702833,2082
augmentation,0.01,1.0,1,5101,5601,C_all,C_all (38 coordinates),38,38,38,0.0001,pysindy.STLSQ,confirmation_24,conf_008,common,2.119647205264905,0.2472637568702833,2082
augmentation,0.01,1.0,1,5101,5601,C_all,C_all (38 coordinates),38,38,38,0.0001,pysindy.STLSQ,confirmation_24,conf_009,native,2.1142849289759065,0.2377556084233137,2051
augmentation,0.01,1.0,1,5101,5601,C_all,C_all (38 coordinates),38,38,38,0.0001,pysindy.STLSQ,confirmation_24,conf_009,common,2.1142849289759065,0.2377556084233137,2051
augmentation,0.01,1.0,1,5101,5601,C_all,C_all (38 coordinates),38,38,38,0.0001,pysindy.STLSQ,confirmation_24,conf_010,native,2.3662230078688147,0.2836088841717543,2074
augmentation,0.01,1.0,1,5101,5601,C_all,C_all (38 coordinates),38,38,38,0.0001,pysindy.STLSQ,confirmation_24,conf_010,common,2.3662230078688147,0.2836088841717543,2074
augmentation,0.01,1.0,1,5101,5601,C_all,C_all (38 coordinates),38,38,38,0.0001,pysindy.STLSQ,confirmation_24,conf_011,native,2.3071520766807527,0.2614557165597724,2053
augmentation,0.01,1.0,1,5101,5601,C_all,C_all (38 coordinates),38,38,38,0.0001,pysindy.STLSQ,confirmation_24,conf_011,common,2.3071520766807527,0.2614557165597724,2053
augmentation,0.01,1.0,1,5101,5601,C_all,C_all (38 coordinates),38,38,38,0.0001,pysindy.STLSQ,confirmation_24,conf_012,native,1.9258363127926816,0.2075266811363571,2061
augmentation,0.01,1.0,1,5101,5601,C_all,C_all (38 coordinates),38,38,38,0.0001,pysindy.STLSQ,confirmation_24,conf_012,common,1.9258363127926816,0.2075266811363571,2061
augmentation,0.01,1.0,1,5101,5601,C_all,C_all (38 coordinates),38,38,38,0.0001,pysindy.STLSQ,confirmation_24,conf_013,native,2.2028459963497187,0.2434896496938362,2077
augmentation,0.01,1.0,1,5101,5601,C_all,C_all (38 coordinates),38,38,38,0.0001,pysindy.STLSQ,confirmation_24,conf_013,common,2.2028459963497187,0.2434896496938362,2077
augmentation,0.01,1.0,1,5101,5601,C_all,C_all (38 coordinates),38,38,38,0.0001,pysindy.STLSQ,confirmation_24,conf_014,native,2.539625860132676,0.3074725715210198,2043
augmentation,0.01,1.0,1,5101,5601,C_all,C_all (38 coordinates),38,38,38,0.0001,pysindy.STLSQ,confirmation_24,conf_014,common,2.539625860132676,0.3074725715210198,2043
augmentation,0.01,1.0,1,5101,5601,C_all,C_all (38 coordinates),38,38,38,0.0001,pysindy.STLSQ,confirmation_24,conf_015,native,2.471058098397572,0.2583361189237683,2016
augmentation,0.01,1.0,1,5101,5601,C_all,C_all (38 coordinates),38,38,38,0.0001,pysindy.STLSQ,confirmation_24,conf_015,common,2.471058098397572,0.2583361189237683,2016
augmentation,0.01,1.0,1,5101,5601,C_all,C_all (38 coordinates),38,38,38,0.0001,pysindy.STLSQ,confirmation_24,conf_016,native,2.2200713115402926,0.2616942546794266,2088
augmentation,0.01,1.0,1,5101,5601,C_all,C_all (38 coordinates),38,38,38,0.0001,pysindy.STLSQ,confirmation_24,conf_016,common,2.2200713115402926,0.2616942546794266,2088
augmentation,0.01,1.0,1,5101,5601,C_all,C_all (38 coordinates),38,38,38,0.0001,pysindy.STLSQ,confirmation_24,conf_017,native,2.2541458154209955,0.2552455573174224,2068
augmentation,0.01,1.0,1,5101,5601,C_all,C_all (38 coordinates),38,38,38,0.0001,pysindy.STLSQ,confirmation_24,conf_017,common,2.2541458154209955,0.2552455573174224,2068
augmentation,0.01,1.0,1,5101,5601,C_all,C_all (38 coordinates),38,38,38,0.0001,pysindy.STLSQ,confirmation_24,conf_018,native,2.093820852214032,0.2228005492128969,2101
augmentation,0.01,1.0,1,5101,5601,C_all,C_all (38 coordinates),38,38,38,0.0001,pysindy.STLSQ,confirmation_24,conf_018,common,2.093820852214032,0.2228005492128969,2101
augmentation,0.01,1.0,1,5101,5601,C_all,C_all (38 coordinates),38,38,38,0.0001,pysindy.STLSQ,confirmation_24,conf_019,native,2.094707905053665,0.2207179667021825,2045
augmentation,0.01,1.0,1,5101,5601,C_all,C_all (38 coordinates),38,38,38,0.0001,pysindy.STLSQ,confirmation_24,conf_019,common,2.094707905053665,0.2207179667021825,2045
augmentation,0.01,1.0,1,5101,5601,C_all,C_all (38 coordinates),38,38,38,0.0001,pysindy.STLSQ,confirmation_24,conf_020,native,2.4901304191069253,0.2818348183308277,2102
augmentation,0.01,1.0,1,5101,5601,C_all,C_all (38 coordinates),38,38,38,0.0001,pysindy.STLSQ,confirmation_24,conf_020,common,2.4901304191069253,0.2818348183308277,2102
augmentation,0.01,1.0,1,5101,5601,C_all,C_all (38 coordinates),38,38,38,0.0001,pysindy.STLSQ,confirmation_24,conf_021,native,2.132134213162632,0.2464779327150759,2097
augmentation,0.01,1.0,1,5101,5601,C_all,C_all (38 coordinates),38,38,38,0.0001,pysindy.STLSQ,confirmation_24,conf_021,common,2.132134213162632,0.2464779327150759,2097
augmentation,0.01,1.0,1,5101,5601,C_all,C_all (38 coordinates),38,38,38,0.0001,pysindy.STLSQ,confirmation_24,conf_022,native,2.059096378851694,0.2340329197704508,2104
augmentation,0.01,1.0,1,5101,5601,C_all,C_all (38 coordinates),38,38,38,0.0001,pysindy.STLSQ,confirmation_24,conf_022,common,2.059096378851694,0.2340329197704508,2104
augmentation,0.01,1.0,1,5101,5601,C_all,C_all (38 coordinates),38,38,38,0.0001,pysindy.STLSQ,confirmation_24,conf_023,native,2.241455597381017,0.2385636880191516,2049
augmentation,0.01,1.0,1,5101,5601,C_all,C_all (38 coordinates),38,38,38,0.0001,pysindy.STLSQ,confirmation_24,conf_023,common,2.241455597381017,0.2385636880191516,2049
augmentation,0.01,1.0,2,5102,5602,C0_poly2,conventional quadratic,10,65,55,0.5,pysindy.STLSQ,confirmation_24,conf_000,native,3.320900185290212,0.3825426085298185,2397
augmentation,0.01,1.0,2,5102,5602,C0_poly2,conventional quadratic,10,65,55,0.5,pysindy.STLSQ,confirmation_24,conf_000,common,3.090057077403424,0.3513015014553485,2031
augmentation,0.01,1.0,2,5102,5602,C0_poly2,conventional quadratic,10,65,55,0.5,pysindy.STLSQ,confirmation_24,conf_001,native,2.8354985057375663,0.3193292785940902,2397
augmentation,0.01,1.0,2,5102,5602,C0_poly2,conventional quadratic,10,65,55,0.5,pysindy.STLSQ,confirmation_24,conf_001,common,2.748554331835794,0.2966885541694991,2064
augmentation,0.01,1.0,2,5102,5602,C0_poly2,conventional quadratic,10,65,55,0.5,pysindy.STLSQ,confirmation_24,conf_002,native,2.2378899249915274,0.3043602085390846,2397
augmentation,0.01,1.0,2,5102,5602,C0_poly2,conventional quadratic,10,65,55,0.5,pysindy.STLSQ,confirmation_24,conf_002,common,2.1482325733000307,0.2834195699711483,2087
augmentation,0.01,1.0,2,5102,5602,C0_poly2,conventional quadratic,10,65,55,0.5,pysindy.STLSQ,confirmation_24,conf_003,native,2.862965233600668,0.3601330583068957,2397
augmentation,0.01,1.0,2,5102,5602,C0_poly2,conventional quadratic,10,65,55,0.5,pysindy.STLSQ,confirmation_24,conf_003,common,2.6912423178752904,0.3407795278443322,2044
augmentation,0.01,1.0,2,5102,5602,C0_poly2,conventional quadratic,10,65,55,0.5,pysindy.STLSQ,confirmation_24,conf_004,native,3.0466338777415025,0.3502141087751715,2397
augmentation,0.01,1.0,2,5102,5602,C0_poly2,conventional quadratic,10,65,55,0.5,pysindy.STLSQ,confirmation_24,conf_004,common,2.942990205442762,0.3291627834090727,2059
augmentation,0.01,1.0,2,5102,5602,C0_poly2,conventional quadratic,10,65,55,0.5,pysindy.STLSQ,confirmation_24,conf_005,native,3.078232199579796,0.3580421582622837,2397
augmentation,0.01,1.0,2,5102,5602,C0_poly2,conventional quadratic,10,65,55,0.5,pysindy.STLSQ,confirmation_24,conf_005,common,2.826818363456875,0.3271735141670579,1982
augmentation,0.01,1.0,2,5102,5602,C0_poly2,conventional quadratic,10,65,55,0.5,pysindy.STLSQ,confirmation_24,conf_006,native,3.149202517431257,0.352291415956305,2397
augmentation,0.01,1.0,2,5102,5602,C0_poly2,conventional quadratic,10,65,55,0.5,pysindy.STLSQ,confirmation_24,conf_006,common,3.0905657587934128,0.3344147544732179,2028
augmentation,0.01,1.0,2,5102,5602,C0_poly2,conventional quadratic,10,65,55,0.5,pysindy.STLSQ,confirmation_24,conf_007,native,3.2821924396551827,0.4061280301287434,2397
augmentation,0.01,1.0,2,5102,5602,C0_poly2,conventional quadratic,10,65,55,0.5,pysindy.STLSQ,confirmation_24,conf_007,common,3.042094571571906,0.3800880456610869,2004
augmentation,0.01,1.0,2,5102,5602,C0_poly2,conventional quadratic,10,65,55,0.5,pysindy.STLSQ,confirmation_24,conf_008,native,2.8318320185872152,0.3377829189611807,2397
augmentation,0.01,1.0,2,5102,5602,C0_poly2,conventional quadratic,10,65,55,0.5,pysindy.STLSQ,confirmation_24,conf_008,common,2.731453165222383,0.3165911901103791,2066
augmentation,0.01,1.0,2,5102,5602,C0_poly2,conventional quadratic,10,65,55,0.5,pysindy.STLSQ,confirmation_24,conf_009,native,2.968353083587252,0.3433324054702461,2397
augmentation,0.01,1.0,2,5102,5602,C0_poly2,conventional quadratic,10,65,55,0.5,pysindy.STLSQ,confirmation_24,conf_009,common,2.824381316820692,0.3170300093157586,2037
augmentation,0.01,1.0,2,5102,5602,C0_poly2,conventional quadratic,10,65,55,0.5,pysindy.STLSQ,confirmation_24,conf_010,native,3.1291974222621795,0.3748699523266862,2397
augmentation,0.01,1.0,2,5102,5602,C0_poly2,conventional quadratic,10,65,55,0.5,pysindy.STLSQ,confirmation_24,conf_010,common,2.9561728749801643,0.3513796798737968,2065
augmentation,0.01,1.0,2,5102,5602,C0_poly2,conventional quadratic,10,65,55,0.5,pysindy.STLSQ,confirmation_24,conf_011,native,3.0057431633867955,0.3488315284206749,2397
augmentation,0.01,1.0,2,5102,5602,C0_poly2,conventional quadratic,10,65,55,0.5,pysindy.STLSQ,confirmation_24,conf_011,common,2.9282768371330885,0.3315240707356228,2072
augmentation,0.01,1.0,2,5102,5602,C0_poly2,conventional quadratic,10,65,55,0.5,pysindy.STLSQ,confirmation_24,conf_012,native,2.9305075887545597,0.3280996778278969,2397
augmentation,0.01,1.0,2,5102,5602,C0_poly2,conventional quadratic,10,65,55,0.5,pysindy.STLSQ,confirmation_24,conf_012,common,2.8253254967176487,0.3031553761603386,2058
augmentation,0.01,1.0,2,5102,5602,C0_poly2,conventional quadratic,10,65,55,0.5,pysindy.STLSQ,confirmation_24,conf_013,native,2.981537402937624,0.3400747116197551,2397
augmentation,0.01,1.0,2,5102,5602,C0_poly2,conventional quadratic,10,65,55,0.5,pysindy.STLSQ,confirmation_24,conf_013,common,2.8684300779318264,0.3160642810280598,2084
augmentation,0.01,1.0,2,5102,5602,C0_poly2,conventional quadratic,10,65,55,0.5,pysindy.STLSQ,confirmation_24,conf_014,native,3.179653322368474,0.3844042218614742,2397
augmentation,0.01,1.0,2,5102,5602,C0_poly2,conventional quadratic,10,65,55,0.5,pysindy.STLSQ,confirmation_24,conf_014,common,2.979024976761886,0.3586407610381212,2027
augmentation,0.01,1.0,2,5102,5602,C0_poly2,conventional quadratic,10,65,55,0.5,pysindy.STLSQ,confirmation_24,conf_015,native,3.4010148251994488,0.3682152749554455,2397
augmentation,0.01,1.0,2,5102,5602,C0_poly2,conventional quadratic,10,65,55,0.5,pysindy.STLSQ,confirmation_24,conf_015,common,3.1866101696637674,0.3364259405327818,2033
augmentation,0.01,1.0,2,5102,5602,C0_poly2,conventional quadratic,10,65,55,0.5,pysindy.STLSQ,confirmation_24,conf_016,native,2.914518092884037,0.3499272337261018,2397
augmentation,0.01,1.0,2,5102,5602,C0_poly2,conventional quadratic,10,65,55,0.5,pysindy.STLSQ,confirmation_24,conf_016,common,2.776808046658464,0.3270484951746756,2071
augmentation,0.01,1.0,2,5102,5602,C0_poly2,conventional quadratic,10,65,55,0.5,pysindy.STLSQ,confirmation_24,conf_017,native,2.9811334097028213,0.3460443927213069,2397
augmentation,0.01,1.0,2,5102,5602,C0_poly2,conventional quadratic,10,65,55,0.5,pysindy.STLSQ,confirmation_24,conf_017,common,2.857869510982617,0.3247339402767571,2068
augmentation,0.01,1.0,2,5102,5602,C0_poly2,conventional quadratic,10,65,55,0.5,pysindy.STLSQ,confirmation_24,conf_018,native,2.943289499016074,0.3255947070694192,2397
augmentation,0.01,1.0,2,5102,5602,C0_poly2,conventional quadratic,10,65,55,0.5,pysindy.STLSQ,confirmation_24,conf_018,common,2.8274805786365613,0.3018542592841771,2084
augmentation,0.01,1.0,2,5102,5602,C0_poly2,conventional quadratic,10,65,55,0.5,pysindy.STLSQ,confirmation_24,conf_019,native,3.088668951825541,0.3389874131600096,2397
augmentation,0.01,1.0,2,5102,5602,C0_poly2,conventional quadratic,10,65,55,0.5,pysindy.STLSQ,confirmation_24,conf_019,common,3.009318918396223,0.3172461957401366,2034
augmentation,0.01,1.0,2,5102,5602,C0_poly2,conventional quadratic,10,65,55,0.5,pysindy.STLSQ,confirmation_24,conf_020,native,3.1506062811239155,0.3639840810994579,2397
augmentation,0.01,1.0,2,5102,5602,C0_poly2,conventional quadratic,10,65,55,0.5,pysindy.STLSQ,confirmation_24,conf_020,common,3.0126997427951383,0.3422250406581049,2108
augmentation,0.01,1.0,2,5102,5602,C0_poly2,conventional quadratic,10,65,55,0.5,pysindy.STLSQ,confirmation_24,conf_021,native,2.803145080157404,0.3326439217903047,2397
augmentation,0.01,1.0,2,5102,5602,C0_poly2,conventional quadratic,10,65,55,0.5,pysindy.STLSQ,confirmation_24,conf_021,common,2.717126477075902,0.3129294637845621,2087
augmentation,0.01,1.0,2,5102,5602,C0_poly2,conventional quadratic,10,65,55,0.5,pysindy.STLSQ,confirmation_24,conf_022,native,2.7583102221569225,0.3237364087146247,2397
augmentation,0.01,1.0,2,5102,5602,C0_poly2,conventional quadratic,10,65,55,0.5,pysindy.STLSQ,confirmation_24,conf_022,common,2.693955995862337,0.3061791374948037,2127
augmentation,0.01,1.0,2,5102,5602,C0_poly2,conventional quadratic,10,65,55,0.5,pysindy.STLSQ,confirmation_24,conf_023,native,3.119811366740805,0.3429017472504496,2397
augmentation,0.01,1.0,2,5102,5602,C0_poly2,conventional quadratic,10,65,55,0.5,pysindy.STLSQ,confirmation_24,conf_023,common,3.0538242869987013,0.3227174867177991,2054
augmentation,0.01,1.0,2,5102,5602,C_compact,compact (12 coordinates),12,12,8,0.5,pysindy.STLSQ,confirmation_24,conf_000,native,5.064531936811312,0.5886287978837448,2252
augmentation,0.01,1.0,2,5102,5602,C_compact,compact (12 coordinates),12,12,8,0.5,pysindy.STLSQ,confirmation_24,conf_000,common,5.009685080594265,0.5695396060806996,2031
augmentation,0.01,1.0,2,5102,5602,C_compact,compact (12 coordinates),12,12,8,0.5,pysindy.STLSQ,confirmation_24,conf_001,native,5.607003355848469,0.6168607392444474,2265
augmentation,0.01,1.0,2,5102,5602,C_compact,compact (12 coordinates),12,12,8,0.5,pysindy.STLSQ,confirmation_24,conf_001,common,5.534935145129854,0.5974602308602389,2064
augmentation,0.01,1.0,2,5102,5602,C_compact,compact (12 coordinates),12,12,8,0.5,pysindy.STLSQ,confirmation_24,conf_002,native,4.128431563211939,0.5570663206723364,2328
augmentation,0.01,1.0,2,5102,5602,C_compact,compact (12 coordinates),12,12,8,0.5,pysindy.STLSQ,confirmation_24,conf_002,common,4.11248578174031,0.5425664642924646,2087
augmentation,0.01,1.0,2,5102,5602,C_compact,compact (12 coordinates),12,12,8,0.5,pysindy.STLSQ,confirmation_24,conf_003,native,4.273502805729372,0.5462717877846481,2250
augmentation,0.01,1.0,2,5102,5602,C_compact,compact (12 coordinates),12,12,8,0.5,pysindy.STLSQ,confirmation_24,conf_003,common,4.232305788550552,0.5359172448855367,2044
augmentation,0.01,1.0,2,5102,5602,C_compact,compact (12 coordinates),12,12,8,0.5,pysindy.STLSQ,confirmation_24,conf_004,native,5.277293820233089,0.6005402234919425,2256
augmentation,0.01,1.0,2,5102,5602,C_compact,compact (12 coordinates),12,12,8,0.5,pysindy.STLSQ,confirmation_24,conf_004,common,5.240467378828536,0.5861272747661536,2059
augmentation,0.01,1.0,2,5102,5602,C_compact,compact (12 coordinates),12,12,8,0.5,pysindy.STLSQ,confirmation_24,conf_005,native,4.674196521969028,0.550487891724055,2194
augmentation,0.01,1.0,2,5102,5602,C_compact,compact (12 coordinates),12,12,8,0.5,pysindy.STLSQ,confirmation_24,conf_005,common,4.630012072548221,0.5358735955567576,1982
augmentation,0.01,1.0,2,5102,5602,C_compact,compact (12 coordinates),12,12,8,0.5,pysindy.STLSQ,confirmation_24,conf_006,native,5.509759696994112,0.6082504567205592,2257
augmentation,0.01,1.0,2,5102,5602,C_compact,compact (12 coordinates),12,12,8,0.5,pysindy.STLSQ,confirmation_24,conf_006,common,5.391908100728868,0.5834315670252428,2028
augmentation,0.01,1.0,2,5102,5602,C_compact,compact (12 coordinates),12,12,8,0.5,pysindy.STLSQ,confirmation_24,conf_007,native,4.319543132903211,0.5544911782417369,2229
augmentation,0.01,1.0,2,5102,5602,C_compact,compact (12 coordinates),12,12,8,0.5,pysindy.STLSQ,confirmation_24,conf_007,common,4.217739598352647,0.5269765167809619,2004
augmentation,0.01,1.0,2,5102,5602,C_compact,compact (12 coordinates),12,12,8,0.5,pysindy.STLSQ,confirmation_24,conf_008,native,4.965075884368477,0.5871052240811953,2267
augmentation,0.01,1.0,2,5102,5602,C_compact,compact (12 coordinates),12,12,8,0.5,pysindy.STLSQ,confirmation_24,conf_008,common,4.826170377675027,0.5593810075155353,2066
augmentation,0.01,1.0,2,5102,5602,C_compact,compact (12 coordinates),12,12,8,0.5,pysindy.STLSQ,confirmation_24,conf_009,native,5.2258467350613405,0.5974252180179883,2237
augmentation,0.01,1.0,2,5102,5602,C_compact,compact (12 coordinates),12,12,8,0.5,pysindy.STLSQ,confirmation_24,conf_009,common,5.124279821318347,0.5751880844891757,2037
augmentation,0.01,1.0,2,5102,5602,C_compact,compact (12 coordinates),12,12,8,0.5,pysindy.STLSQ,confirmation_24,conf_010,native,4.677838333047425,0.5665351752900791,2264
augmentation,0.01,1.0,2,5102,5602,C_compact,compact (12 coordinates),12,12,8,0.5,pysindy.STLSQ,confirmation_24,conf_010,common,4.585009337722867,0.5449881253369664,2065
augmentation,0.01,1.0,2,5102,5602,C_compact,compact (12 coordinates),12,12,8,0.5,pysindy.STLSQ,confirmation_24,conf_011,native,5.070073903239058,0.5814324919874796,2260
augmentation,0.01,1.0,2,5102,5602,C_compact,compact (12 coordinates),12,12,8,0.5,pysindy.STLSQ,confirmation_24,conf_011,common,4.983471128855526,0.5642023370471869,2072
augmentation,0.01,1.0,2,5102,5602,C_compact,compact (12 coordinates),12,12,8,0.5,pysindy.STLSQ,confirmation_24,conf_012,native,5.500037256432624,0.6008259204220524,2249
augmentation,0.01,1.0,2,5102,5602,C_compact,compact (12 coordinates),12,12,8,0.5,pysindy.STLSQ,confirmation_24,conf_012,common,5.349025901539121,0.573946598774683,2058
augmentation,0.01,1.0,2,5102,5602,C_compact,compact (12 coordinates),12,12,8,0.5,pysindy.STLSQ,confirmation_24,conf_013,native,5.406139943460188,0.6082712692232819,2289
augmentation,0.01,1.0,2,5102,5602,C_compact,compact (12 coordinates),12,12,8,0.5,pysindy.STLSQ,confirmation_24,conf_013,common,5.3098065315274185,0.5850727185915376,2084
augmentation,0.01,1.0,2,5102,5602,C_compact,compact (12 coordinates),12,12,8,0.5,pysindy.STLSQ,confirmation_24,conf_014,native,4.794615790257343,0.590144494225208,2252
augmentation,0.01,1.0,2,5102,5602,C_compact,compact (12 coordinates),12,12,8,0.5,pysindy.STLSQ,confirmation_24,conf_014,common,4.6013557903560764,0.5539509588987152,2027
augmentation,0.01,1.0,2,5102,5602,C_compact,compact (12 coordinates),12,12,8,0.5,pysindy.STLSQ,confirmation_24,conf_015,native,5.944505345309001,0.6354737296939709,2218
augmentation,0.01,1.0,2,5102,5602,C_compact,compact (12 coordinates),12,12,8,0.5,pysindy.STLSQ,confirmation_24,conf_015,common,5.596889604011587,0.5908908679866618,2033
augmentation,0.01,1.0,2,5102,5602,C_compact,compact (12 coordinates),12,12,8,0.5,pysindy.STLSQ,confirmation_24,conf_016,native,4.875906355045954,0.58512800080228,2279
augmentation,0.01,1.0,2,5102,5602,C_compact,compact (12 coordinates),12,12,8,0.5,pysindy.STLSQ,confirmation_24,conf_016,common,4.7932205479767465,0.564538686475846,2071
augmentation,0.01,1.0,2,5102,5602,C_compact,compact (12 coordinates),12,12,8,0.5,pysindy.STLSQ,confirmation_24,conf_017,native,5.043022611820938,0.5816165426605837,2274
augmentation,0.01,1.0,2,5102,5602,C_compact,compact (12 coordinates),12,12,8,0.5,pysindy.STLSQ,confirmation_24,conf_017,common,5.001235938619025,0.5682803383290512,2068
augmentation,0.01,1.0,2,5102,5602,C_compact,compact (12 coordinates),12,12,8,0.5,pysindy.STLSQ,confirmation_24,conf_018,native,5.990856786538992,0.6487552379295093,2287
augmentation,0.01,1.0,2,5102,5602,C_compact,compact (12 coordinates),12,12,8,0.5,pysindy.STLSQ,confirmation_24,conf_018,common,5.766964778221039,0.6156657253813119,2084
augmentation,0.01,1.0,2,5102,5602,C_compact,compact (12 coordinates),12,12,8,0.5,pysindy.STLSQ,confirmation_24,conf_019,native,5.636457992194636,0.6046884792779573,2252
augmentation,0.01,1.0,2,5102,5602,C_compact,compact (12 coordinates),12,12,8,0.5,pysindy.STLSQ,confirmation_24,conf_019,common,5.53677476001595,0.5836937781992154,2034
augmentation,0.01,1.0,2,5102,5602,C_compact,compact (12 coordinates),12,12,8,0.5,pysindy.STLSQ,confirmation_24,conf_020,native,5.255386804890439,0.6059561960281248,2295
augmentation,0.01,1.0,2,5102,5602,C_compact,compact (12 coordinates),12,12,8,0.5,pysindy.STLSQ,confirmation_24,conf_020,common,5.1074328303483725,0.5801744472560162,2108
augmentation,0.01,1.0,2,5102,5602,C_compact,compact (12 coordinates),12,12,8,0.5,pysindy.STLSQ,confirmation_24,conf_021,native,5.005531081957434,0.5877424256897996,2291
augmentation,0.01,1.0,2,5102,5602,C_compact,compact (12 coordinates),12,12,8,0.5,pysindy.STLSQ,confirmation_24,conf_021,common,4.903618586380381,0.5647461565688316,2087
augmentation,0.01,1.0,2,5102,5602,C_compact,compact (12 coordinates),12,12,8,0.5,pysindy.STLSQ,confirmation_24,conf_022,native,5.169307896067558,0.5977754043355006,2301
augmentation,0.01,1.0,2,5102,5602,C_compact,compact (12 coordinates),12,12,8,0.5,pysindy.STLSQ,confirmation_24,conf_022,common,5.028487320790859,0.5715081883846693,2127
augmentation,0.01,1.0,2,5102,5602,C_compact,compact (12 coordinates),12,12,8,0.5,pysindy.STLSQ,confirmation_24,conf_023,native,5.648576766846195,0.609555419025627,2249
augmentation,0.01,1.0,2,5102,5602,C_compact,compact (12 coordinates),12,12,8,0.5,pysindy.STLSQ,confirmation_24,conf_023,common,5.455292122585844,0.5764962216744136,2054
augmentation,0.01,1.0,2,5102,5602,C_all,C_all (38 coordinates),38,38,38,0.0001,pysindy.STLSQ,confirmation_24,conf_000,native,2.494814787671473,0.2836297708450296,2031
augmentation,0.01,1.0,2,5102,5602,C_all,C_all (38 coordinates),38,38,38,0.0001,pysindy.STLSQ,confirmation_24,conf_000,common,2.494814787671473,0.2836297708450296,2031
augmentation,0.01,1.0,2,5102,5602,C_all,C_all (38 coordinates),38,38,38,0.0001,pysindy.STLSQ,confirmation_24,conf_001,native,1.897300592470852,0.2048012524566463,2064
augmentation,0.01,1.0,2,5102,5602,C_all,C_all (38 coordinates),38,38,38,0.0001,pysindy.STLSQ,confirmation_24,conf_001,common,1.897300592470852,0.2048012524566463,2064
augmentation,0.01,1.0,2,5102,5602,C_all,C_all (38 coordinates),38,38,38,0.0001,pysindy.STLSQ,confirmation_24,conf_002,native,1.591410373318329,0.2099571756146683,2087
augmentation,0.01,1.0,2,5102,5602,C_all,C_all (38 coordinates),38,38,38,0.0001,pysindy.STLSQ,confirmation_24,conf_002,common,1.591410373318329,0.2099571756146683,2087
augmentation,0.01,1.0,2,5102,5602,C_all,C_all (38 coordinates),38,38,38,0.0001,pysindy.STLSQ,confirmation_24,conf_003,native,2.3130030607047702,0.2928848456692529,2044
augmentation,0.01,1.0,2,5102,5602,C_all,C_all (38 coordinates),38,38,38,0.0001,pysindy.STLSQ,confirmation_24,conf_003,common,2.3130030607047702,0.2928848456692529,2044
augmentation,0.01,1.0,2,5102,5602,C_all,C_all (38 coordinates),38,38,38,0.0001,pysindy.STLSQ,confirmation_24,conf_004,native,2.3664032642947177,0.264673624704224,2059
augmentation,0.01,1.0,2,5102,5602,C_all,C_all (38 coordinates),38,38,38,0.0001,pysindy.STLSQ,confirmation_24,conf_004,common,2.3664032642947177,0.264673624704224,2059
augmentation,0.01,1.0,2,5102,5602,C_all,C_all (38 coordinates),38,38,38,0.0001,pysindy.STLSQ,confirmation_24,conf_005,native,2.2810575590672624,0.2640076303681309,1982
augmentation,0.01,1.0,2,5102,5602,C_all,C_all (38 coordinates),38,38,38,0.0001,pysindy.STLSQ,confirmation_24,conf_005,common,2.2810575590672624,0.2640076303681309,1982
augmentation,0.01,1.0,2,5102,5602,C_all,C_all (38 coordinates),38,38,38,0.0001,pysindy.STLSQ,confirmation_24,conf_006,native,2.490103868684115,0.2694417588396221,2028
augmentation,0.01,1.0,2,5102,5602,C_all,C_all (38 coordinates),38,38,38,0.0001,pysindy.STLSQ,confirmation_24,conf_006,common,2.490103868684115,0.2694417588396221,2028
augmentation,0.01,1.0,2,5102,5602,C_all,C_all (38 coordinates),38,38,38,0.0001,pysindy.STLSQ,confirmation_24,conf_007,native,2.5357347641579406,0.3168219948946736,2004
augmentation,0.01,1.0,2,5102,5602,C_all,C_all (38 coordinates),38,38,38,0.0001,pysindy.STLSQ,confirmation_24,conf_007,common,2.5357347641579406,0.3168219948946736,2004
augmentation,0.01,1.0,2,5102,5602,C_all,C_all (38 coordinates),38,38,38,0.0001,pysindy.STLSQ,confirmation_24,conf_008,native,2.163578045490865,0.2507711854773369,2066
augmentation,0.01,1.0,2,5102,5602,C_all,C_all (38 coordinates),38,38,38,0.0001,pysindy.STLSQ,confirmation_24,conf_008,common,2.163578045490865,0.2507711854773369,2066
augmentation,0.01,1.0,2,5102,5602,C_all,C_all (38 coordinates),38,38,38,0.0001,pysindy.STLSQ,confirmation_24,conf_009,native,2.1239118563234225,0.2384039972173532,2037
augmentation,0.01,1.0,2,5102,5602,C_all,C_all (38 coordinates),38,38,38,0.0001,pysindy.STLSQ,confirmation_24,conf_009,common,2.1239118563234225,0.2384039972173532,2037
augmentation,0.01,1.0,2,5102,5602,C_all,C_all (38 coordinates),38,38,38,0.0001,pysindy.STLSQ,confirmation_24,conf_010,native,2.491979134504609,0.2962042030577411,2065
augmentation,0.01,1.0,2,5102,5602,C_all,C_all (38 coordinates),38,38,38,0.0001,pysindy.STLSQ,confirmation_24,conf_010,common,2.491979134504609,0.2962042030577411,2065
augmentation,0.01,1.0,2,5102,5602,C_all,C_all (38 coordinates),38,38,38,0.0001,pysindy.STLSQ,confirmation_24,conf_011,native,2.331265531471832,0.2639335971102586,2072
augmentation,0.01,1.0,2,5102,5602,C_all,C_all (38 coordinates),38,38,38,0.0001,pysindy.STLSQ,confirmation_24,conf_011,common,2.331265531471832,0.2639335971102586,2072
augmentation,0.01,1.0,2,5102,5602,C_all,C_all (38 coordinates),38,38,38,0.0001,pysindy.STLSQ,confirmation_24,conf_012,native,1.961075648314132,0.2104219943982488,2058
augmentation,0.01,1.0,2,5102,5602,C_all,C_all (38 coordinates),38,38,38,0.0001,pysindy.STLSQ,confirmation_24,conf_012,common,1.961075648314132,0.2104219943982488,2058
augmentation,0.01,1.0,2,5102,5602,C_all,C_all (38 coordinates),38,38,38,0.0001,pysindy.STLSQ,confirmation_24,conf_013,native,2.156469064927699,0.2376152899139362,2084
augmentation,0.01,1.0,2,5102,5602,C_all,C_all (38 coordinates),38,38,38,0.0001,pysindy.STLSQ,confirmation_24,conf_013,common,2.156469064927699,0.2376152899139362,2084
augmentation,0.01,1.0,2,5102,5602,C_all,C_all (38 coordinates),38,38,38,0.0001,pysindy.STLSQ,confirmation_24,conf_014,native,2.5010865751612936,0.3011024075780252,2027
augmentation,0.01,1.0,2,5102,5602,C_all,C_all (38 coordinates),38,38,38,0.0001,pysindy.STLSQ,confirmation_24,conf_014,common,2.5010865751612936,0.3011024075780252,2027
augmentation,0.01,1.0,2,5102,5602,C_all,C_all (38 coordinates),38,38,38,0.0001,pysindy.STLSQ,confirmation_24,conf_015,native,2.4759027179849977,0.261393096807214,2033
augmentation,0.01,1.0,2,5102,5602,C_all,C_all (38 coordinates),38,38,38,0.0001,pysindy.STLSQ,confirmation_24,conf_015,common,2.4759027179849977,0.261393096807214,2033
augmentation,0.01,1.0,2,5102,5602,C_all,C_all (38 coordinates),38,38,38,0.0001,pysindy.STLSQ,confirmation_24,conf_016,native,2.234192310650455,0.2631399869387278,2071
augmentation,0.01,1.0,2,5102,5602,C_all,C_all (38 coordinates),38,38,38,0.0001,pysindy.STLSQ,confirmation_24,conf_016,common,2.234192310650455,0.2631399869387278,2071
augmentation,0.01,1.0,2,5102,5602,C_all,C_all (38 coordinates),38,38,38,0.0001,pysindy.STLSQ,confirmation_24,conf_017,native,2.232376558656003,0.253660439459526,2068
augmentation,0.01,1.0,2,5102,5602,C_all,C_all (38 coordinates),38,38,38,0.0001,pysindy.STLSQ,confirmation_24,conf_017,common,2.232376558656003,0.253660439459526,2068
augmentation,0.01,1.0,2,5102,5602,C_all,C_all (38 coordinates),38,38,38,0.0001,pysindy.STLSQ,confirmation_24,conf_018,native,2.089142154926091,0.2230312252113342,2084
augmentation,0.01,1.0,2,5102,5602,C_all,C_all (38 coordinates),38,38,38,0.0001,pysindy.STLSQ,confirmation_24,conf_018,common,2.089142154926091,0.2230312252113342,2084
augmentation,0.01,1.0,2,5102,5602,C_all,C_all (38 coordinates),38,38,38,0.0001,pysindy.STLSQ,confirmation_24,conf_019,native,2.11364790751482,0.2228234281498272,2034
augmentation,0.01,1.0,2,5102,5602,C_all,C_all (38 coordinates),38,38,38,0.0001,pysindy.STLSQ,confirmation_24,conf_019,common,2.11364790751482,0.2228234281498272,2034
augmentation,0.01,1.0,2,5102,5602,C_all,C_all (38 coordinates),38,38,38,0.0001,pysindy.STLSQ,confirmation_24,conf_020,native,2.4562047245460947,0.2790104668520812,2108
augmentation,0.01,1.0,2,5102,5602,C_all,C_all (38 coordinates),38,38,38,0.0001,pysindy.STLSQ,confirmation_24,conf_020,common,2.4562047245460947,0.2790104668520812,2108
augmentation,0.01,1.0,2,5102,5602,C_all,C_all (38 coordinates),38,38,38,0.0001,pysindy.STLSQ,confirmation_24,conf_021,native,2.068769033229276,0.2382586124438476,2087
augmentation,0.01,1.0,2,5102,5602,C_all,C_all (38 coordinates),38,38,38,0.0001,pysindy.STLSQ,confirmation_24,conf_021,common,2.068769033229276,0.2382586124438476,2087
augmentation,0.01,1.0,2,5102,5602,C_all,C_all (38 coordinates),38,38,38,0.0001,pysindy.STLSQ,confirmation_24,conf_022,native,2.063613312814213,0.2345381087184386,2127
augmentation,0.01,1.0,2,5102,5602,C_all,C_all (38 coordinates),38,38,38,0.0001,pysindy.STLSQ,confirmation_24,conf_022,common,2.063613312814213,0.2345381087184386,2127
augmentation,0.01,1.0,2,5102,5602,C_all,C_all (38 coordinates),38,38,38,0.0001,pysindy.STLSQ,confirmation_24,conf_023,native,2.272760585458,0.240177402207749,2054
augmentation,0.01,1.0,2,5102,5602,C_all,C_all (38 coordinates),38,38,38,0.0001,pysindy.STLSQ,confirmation_24,conf_023,common,2.272760585458,0.240177402207749,2054
