shot_id,signal_id,resample_method,resample_category,original_length,resampled_length,length_ratio,direction
155537,aminor,cubic_spline,smooth_high_snr,227,239,1.052863436123348,UPSAMPLED
155537,area,cubic_spline,smooth_high_snr,227,239,1.052863436123348,UPSAMPLED
155537,betan,cubic_spline,smooth_high_snr,227,239,1.052863436123348,UPSAMPLED
155537,bt,cubic_spline,smooth_high_snr,9780,4890,0.5,DOWNSAMPLED
155537,cerqrott10,cubic_spline_simple,slow_varying,800,429,0.53625,DOWNSAMPLED
155537,cerqrott11,cubic_spline_simple,slow_varying,790,429,0.5430379746835443,DOWNSAMPLED
155537,cerqrott12,cubic_spline_simple,slow_varying,798,429,0.5375939849624061,DOWNSAMPLED
155537,cerqrott13,cubic_spline_simple,slow_varying,797,429,0.5382685069008782,DOWNSAMPLED
155537,cerqrott3,cubic_spline,smooth_high_snr,761,448,0.5886990801576872,DOWNSAMPLED
155537,cerqrott6,cubic_spline,smooth_high_snr,761,448,0.5886990801576872,DOWNSAMPLED
155537,cerqrott8,cubic_spline,smooth_high_snr,801,429,0.5355805243445693,DOWNSAMPLED
155537,cerqtit10,cubic_spline,smooth_high_snr,800,429,0.53625,DOWNSAMPLED
155537,cerqtit11,cubic_spline_simple,slow_varying,790,429,0.5430379746835443,DOWNSAMPLED
155537,cerqtit12,cubic_spline_simple,slow_varying,798,429,0.5375939849624061,DOWNSAMPLED
155537,cerqtit13,cubic_spline_simple,slow_varying,797,429,0.5382685069008782,DOWNSAMPLED
155537,cerqtit3,cubic_spline,smooth_high_snr,761,448,0.5886990801576872,DOWNSAMPLED
155537,cerqtit6,cubic_spline,smooth_high_snr,761,448,0.5886990801576872,DOWNSAMPLED
155537,cerqtit8,cubic_spline,smooth_high_snr,801,429,0.5355805243445693,DOWNSAMPLED
155537,density,cubic_spline,smooth_high_snr,4785,4784,0.999791013584117,PRESERVED
155537,drsep,pchip_careful,fast_transient,227,239,1.052863436123348,UPSAMPLED
155537,ece1,cubic_spline,smooth_high_snr,24450,24449,0.999959100204499,PRESERVED
155537,ece2,cubic_spline,smooth_high_snr,24450,24449,0.999959100204499,PRESERVED
155537,ece3,cubic_spline,smooth_high_snr,24450,24449,0.999959100204499,PRESERVED
155537,ece4,cubic_spline,smooth_high_snr,24450,24449,0.999959100204499,PRESERVED
155537,ece5,cubic_spline,smooth_high_snr,24450,24449,0.999959100204499,PRESERVED
155537,ece6,cubic_spline,smooth_high_snr,24450,24449,0.999959100204499,PRESERVED
155537,ece7,cubic_spline,smooth_high_snr,24450,24449,0.999959100204499,PRESERVED
155537,ece8,cubic_spline,smooth_high_snr,24450,24449,0.999959100204499,PRESERVED
155537,ece9,cubic_spline,smooth_high_snr,24450,24449,0.999959100204499,PRESERVED
155537,ece10,cubic_spline,smooth_high_snr,24450,24449,0.999959100204499,PRESERVED
155537,ece11,cubic_spline,smooth_high_snr,24450,24449,0.999959100204499,PRESERVED
155537,ece12,cubic_spline,smooth_high_snr,24450,24449,0.999959100204499,PRESERVED
155537,ece13,cubic_spline,smooth_high_snr,24450,24449,0.999959100204499,PRESERVED
155537,ece14,cubic_spline,smooth_high_snr,24450,24449,0.999959100204499,PRESERVED
155537,ece15,cubic_spline,smooth_high_snr,24450,24449,0.999959100204499,PRESERVED
155537,ece16,cubic_spline,smooth_high_snr,24450,24449,0.999959100204499,PRESERVED
155537,ece17,cubic_spline,smooth_high_snr,24450,24449,0.999959100204499,PRESERVED
155537,ece18,cubic_spline,smooth_high_snr,24450,24449,0.999959100204499,PRESERVED
155537,ece19,cubic_spline,smooth_high_snr,24450,24449,0.999959100204499,PRESERVED
155537,ece20,cubic_spline,smooth_high_snr,24450,24449,0.999959100204499,PRESERVED
155537,ece21,cubic_spline,smooth_high_snr,24450,24449,0.999959100204499,PRESERVED
155537,ece22,cubic_spline,smooth_high_snr,24450,24449,0.999959100204499,PRESERVED
155537,ece23,cubic_spline,smooth_high_snr,24450,24449,0.999959100204499,PRESERVED
155537,ece24,cubic_spline,smooth_high_snr,24450,24449,0.999959100204499,PRESERVED
155537,ece25,cubic_spline,smooth_high_snr,24450,24449,0.999959100204499,PRESERVED
155537,ece26,cubic_spline,smooth_high_snr,24450,24449,0.999959100204499,PRESERVED
155537,ece27,cubic_spline,smooth_high_snr,24450,24449,0.999959100204499,PRESERVED
155537,ece28,cubic_spline,smooth_high_snr,24450,24449,0.999959100204499,PRESERVED
155537,ece29,cubic_spline,smooth_high_snr,24450,24449,0.999959100204499,PRESERVED
155537,ece30,cubic_spline,smooth_high_snr,24450,24449,0.999959100204499,PRESERVED
155537,ece31,cubic_spline,smooth_high_snr,24450,24449,0.999959100204499,PRESERVED
155537,ece32,cubic_spline,smooth_high_snr,24450,24449,0.999959100204499,PRESERVED
155537,ece33,cubic_spline,smooth_high_snr,24450,24449,0.999959100204499,PRESERVED
155537,ece34,cubic_spline,smooth_high_snr,24450,24449,0.999959100204499,PRESERVED
155537,ece35,cubic_spline,smooth_high_snr,24450,24449,0.999959100204499,PRESERVED
155537,ece36,cubic_spline,smooth_high_snr,24450,24449,0.999959100204499,PRESERVED
155537,ece37,cubic_spline,smooth_high_snr,24450,24449,0.999959100204499,PRESERVED
155537,ece38,cubic_spline,smooth_high_snr,24450,24449,0.999959100204499,PRESERVED
155537,ece39,cubic_spline,smooth_high_snr,24450,24449,0.999959100204499,PRESERVED
155537,ece40,cubic_spline,smooth_high_snr,24450,24449,0.999959100204499,PRESERVED
155537,fs03da,pchip_no_smoothing,noisy,244500,244499,0.9999959100204499,PRESERVED
155537,fs04,cubic_spline_simple,slow_varying,244500,244499,0.9999959100204499,PRESERVED
155537,fs04da,cubic_spline_simple,slow_varying,244500,244499,0.9999959100204499,PRESERVED
155537,fs05da,pchip_careful,fast_transient,244500,244499,0.9999959100204499,PRESERVED
155537,gasa,decimate_with_antialiasing,smooth_high_snr,9780,2445,0.25,DOWNSAMPLED
155537,gasb,decimate_with_antialiasing,fast_transient,9780,2445,0.25,DOWNSAMPLED
155537,gasc,decimate_with_antialiasing,fast_transient,9780,2445,0.25,DOWNSAMPLED
155537,gasd,decimate_with_antialiasing,noisy,9780,2445,0.25,DOWNSAMPLED
155537,ip,cubic_spline,smooth_high_snr,9781,4890,0.49994888048256825,DOWNSAMPLED
155537,kappa,cubic_spline,smooth_high_snr,227,239,1.052863436123348,UPSAMPLED
155537,li,cubic_spline,smooth_high_snr,227,239,1.052863436123348,UPSAMPLED
155537,pcbcoil,decimate_with_antialiasing,smooth_high_snr,19559,6520,0.3333503757860831,DOWNSAMPLED
155537,pcdiamag3,decimate_with_antialiasing,smooth_high_snr,19559,6520,0.3333503757860831,DOWNSAMPLED
155537,pinj,cubic_spline,smooth_high_snr,48901,48900,0.9999795505204393,PRESERVED
155537,pinj_15l,pchip_careful,fast_transient,48901,48900,0.9999795505204393,PRESERVED
155537,pinj_15r,pchip_careful,fast_transient,48901,48900,0.9999795505204393,PRESERVED
155537,pinj_21l,cubic_spline,smooth_high_snr,48901,48900,0.9999795505204393,PRESERVED
155537,pinj_21r,pchip_careful,fast_transient,48901,48900,0.9999795505204393,PRESERVED
155537,pinj_30l,pchip_careful,fast_transient,48901,48900,0.9999795505204393,PRESERVED
155537,pinj_30r,cubic_spline,smooth_high_snr,48901,48900,0.9999795505204393,PRESERVED
155537,pinj_33l,pchip_careful,fast_transient,48901,48900,0.9999795505204393,PRESERVED
155537,pinj_33r,cubic_spline,smooth_high_snr,48901,48900,0.9999795505204393,PRESERVED
155537,prmtan_neped,decimate_with_antialiasing,fast_transient,1016,508,0.5,DOWNSAMPLED
155537,prmtan_teped,decimate_with_antialiasing,slow_varying,1012,506,0.5,DOWNSAMPLED
155537,q95,cubic_spline,smooth_high_snr,227,239,1.052863436123348,UPSAMPLED
155537,rmaxis,cubic_spline,smooth_high_snr,227,239,1.052863436123348,UPSAMPLED
155537,rsurf,cubic_spline,smooth_high_snr,227,239,1.052863436123348,UPSAMPLED
155537,tinj,cubic_spline,smooth_high_snr,48901,48900,0.9999795505204393,PRESERVED
155537,tribot,pchip_careful,fast_transient,227,239,1.052863436123348,UPSAMPLED
155537,tritop,cubic_spline,smooth_high_snr,227,239,1.052863436123348,UPSAMPLED
155537,volume,cubic_spline,smooth_high_snr,227,239,1.052863436123348,UPSAMPLED
155537,vsurf,cubic_spline,smooth_high_snr,227,239,1.052863436123348,UPSAMPLED
155537,zcur,pchip_no_smoothing,noisy,227,239,1.052863436123348,UPSAMPLED
155537,zmaxis,cubic_spline_simple,slow_varying,227,239,1.052863436123348,UPSAMPLED
155537,zsurf,cubic_spline_simple,slow_varying,227,239,1.052863436123348,UPSAMPLED
159310,aminor,cubic_spline,smooth_high_snr,245,249,1.0163265306122449,UPSAMPLED
159310,area,cubic_spline,smooth_high_snr,245,249,1.0163265306122449,UPSAMPLED
159310,betan,cubic_spline,smooth_high_snr,245,249,1.0163265306122449,UPSAMPLED
159310,bt,cubic_spline,smooth_high_snr,10181,5090,0.49995088891071604,DOWNSAMPLED
159310,cerqrott10,cubic_spline_simple,slow_varying,762,439,0.5761154855643045,DOWNSAMPLED
159310,cerqrott11,cubic_spline_simple,slow_varying,762,439,0.5761154855643045,DOWNSAMPLED
159310,cerqrott12,cubic_spline_simple,slow_varying,762,439,0.5761154855643045,DOWNSAMPLED
159310,cerqrott13,cubic_spline_simple,slow_varying,762,439,0.5761154855643045,DOWNSAMPLED
159310,cerqrott3,cubic_spline,smooth_high_snr,673,437,0.649331352154532,DOWNSAMPLED
159310,cerqrott6,cubic_spline,smooth_high_snr,673,437,0.649331352154532,DOWNSAMPLED
159310,cerqrott8,cubic_spline,smooth_high_snr,762,439,0.5761154855643045,DOWNSAMPLED
159310,cerqtit10,cubic_spline,smooth_high_snr,762,439,0.5761154855643045,DOWNSAMPLED
159310,cerqtit11,cubic_spline_simple,slow_varying,762,439,0.5761154855643045,DOWNSAMPLED
159310,cerqtit12,cubic_spline_simple,slow_varying,762,439,0.5761154855643045,DOWNSAMPLED
159310,cerqtit13,cubic_spline_simple,slow_varying,762,439,0.5761154855643045,DOWNSAMPLED
159310,cerqtit3,cubic_spline,smooth_high_snr,673,437,0.649331352154532,DOWNSAMPLED
159310,cerqtit6,cubic_spline,smooth_high_snr,673,437,0.649331352154532,DOWNSAMPLED
159310,cerqtit8,cubic_spline,smooth_high_snr,762,439,0.5761154855643045,DOWNSAMPLED
159310,density,cubic_spline,smooth_high_snr,4990,4989,0.9997995991983968,PRESERVED
159310,drsep,pchip_careful,fast_transient,245,249,1.0163265306122449,UPSAMPLED
159310,ece1,cubic_spline,smooth_high_snr,25450,25449,0.9999607072691552,PRESERVED
159310,ece2,cubic_spline,smooth_high_snr,25450,25449,0.9999607072691552,PRESERVED
159310,ece3,cubic_spline,smooth_high_snr,25450,25449,0.9999607072691552,PRESERVED
159310,ece4,cubic_spline,smooth_high_snr,25450,25449,0.9999607072691552,PRESERVED
159310,ece5,cubic_spline,smooth_high_snr,25450,25449,0.9999607072691552,PRESERVED
159310,ece6,cubic_spline,smooth_high_snr,25450,25449,0.9999607072691552,PRESERVED
159310,ece7,cubic_spline,smooth_high_snr,25450,25449,0.9999607072691552,PRESERVED
159310,ece8,cubic_spline,smooth_high_snr,25450,25449,0.9999607072691552,PRESERVED
159310,ece9,cubic_spline,smooth_high_snr,25450,25449,0.9999607072691552,PRESERVED
159310,ece10,cubic_spline,smooth_high_snr,25450,25449,0.9999607072691552,PRESERVED
159310,ece11,cubic_spline,smooth_high_snr,25450,25449,0.9999607072691552,PRESERVED
159310,ece12,cubic_spline,smooth_high_snr,25450,25449,0.9999607072691552,PRESERVED
159310,ece13,cubic_spline,smooth_high_snr,25450,25449,0.9999607072691552,PRESERVED
159310,ece14,cubic_spline,smooth_high_snr,25450,25449,0.9999607072691552,PRESERVED
159310,ece15,cubic_spline,smooth_high_snr,25450,25449,0.9999607072691552,PRESERVED
159310,ece16,cubic_spline,smooth_high_snr,25450,25449,0.9999607072691552,PRESERVED
159310,ece17,cubic_spline,smooth_high_snr,25450,25449,0.9999607072691552,PRESERVED
159310,ece18,cubic_spline,smooth_high_snr,25450,25449,0.9999607072691552,PRESERVED
159310,ece19,cubic_spline,smooth_high_snr,25450,25449,0.9999607072691552,PRESERVED
159310,ece20,cubic_spline,smooth_high_snr,25450,25449,0.9999607072691552,PRESERVED
159310,ece21,cubic_spline,smooth_high_snr,25450,25449,0.9999607072691552,PRESERVED
159310,ece22,cubic_spline,smooth_high_snr,25450,25449,0.9999607072691552,PRESERVED
159310,ece23,cubic_spline,smooth_high_snr,25450,25449,0.9999607072691552,PRESERVED
159310,ece24,cubic_spline,smooth_high_snr,25450,25449,0.9999607072691552,PRESERVED
159310,ece25,cubic_spline,smooth_high_snr,25450,25449,0.9999607072691552,PRESERVED
159310,ece26,cubic_spline,smooth_high_snr,25450,25449,0.9999607072691552,PRESERVED
159310,ece27,cubic_spline,smooth_high_snr,25450,25449,0.9999607072691552,PRESERVED
159310,ece28,cubic_spline,smooth_high_snr,25450,25449,0.9999607072691552,PRESERVED
159310,ece29,cubic_spline,smooth_high_snr,25450,25449,0.9999607072691552,PRESERVED
159310,ece30,cubic_spline,smooth_high_snr,25450,25449,0.9999607072691552,PRESERVED
159310,ece31,cubic_spline,smooth_high_snr,25450,25449,0.9999607072691552,PRESERVED
159310,ece32,cubic_spline,smooth_high_snr,25450,25449,0.9999607072691552,PRESERVED
159310,ece33,cubic_spline,smooth_high_snr,25450,25449,0.9999607072691552,PRESERVED
159310,ece34,cubic_spline,smooth_high_snr,25450,25449,0.9999607072691552,PRESERVED
159310,ece35,cubic_spline,smooth_high_snr,25450,25449,0.9999607072691552,PRESERVED
159310,ece36,cubic_spline,smooth_high_snr,25450,25449,0.9999607072691552,PRESERVED
159310,ece37,cubic_spline,smooth_high_snr,25450,25449,0.9999607072691552,PRESERVED
159310,ece38,cubic_spline,smooth_high_snr,25450,25449,0.9999607072691552,PRESERVED
159310,ece39,cubic_spline,smooth_high_snr,25450,25449,0.9999607072691552,PRESERVED
159310,ece40,cubic_spline,smooth_high_snr,25450,25449,0.9999607072691552,PRESERVED
159310,fs03da,pchip_no_smoothing,noisy,101800,254498,2.4999803536345775,UPSAMPLED
159310,fs04,cubic_spline_simple,slow_varying,101800,254498,2.4999803536345775,UPSAMPLED
159310,fs04da,cubic_spline_simple,slow_varying,101800,254498,2.4999803536345775,UPSAMPLED
159310,fs05da,pchip_careful,fast_transient,101800,254498,2.4999803536345775,UPSAMPLED
159310,gasa,decimate_with_antialiasing,smooth_high_snr,10181,2546,0.25007366663392594,DOWNSAMPLED
159310,gasb,decimate_with_antialiasing,fast_transient,10181,2546,0.25007366663392594,DOWNSAMPLED
159310,gasc,decimate_with_antialiasing,fast_transient,10181,2546,0.25007366663392594,DOWNSAMPLED
159310,gasd,decimate_with_antialiasing,noisy,10181,2546,0.25007366663392594,DOWNSAMPLED
159310,ip,cubic_spline,smooth_high_snr,10181,5090,0.49995088891071604,DOWNSAMPLED
159310,kappa,cubic_spline,smooth_high_snr,245,249,1.0163265306122449,UPSAMPLED
159310,li,cubic_spline,smooth_high_snr,245,249,1.0163265306122449,UPSAMPLED
159310,pcbcoil,decimate_with_antialiasing,smooth_high_snr,101801,5091,0.05000933193190637,DOWNSAMPLED
159310,pcdiamag3,decimate_with_antialiasing,smooth_high_snr,101801,5091,0.05000933193190637,DOWNSAMPLED
159310,pinj,cubic_spline,smooth_high_snr,50901,50900,0.9999803540205497,PRESERVED
159310,pinj_15l,pchip_careful,fast_transient,50901,50900,0.9999803540205497,PRESERVED
159310,pinj_15r,pchip_careful,fast_transient,50901,50900,0.9999803540205497,PRESERVED
159310,pinj_21l,cubic_spline,smooth_high_snr,50901,50900,0.9999803540205497,PRESERVED
159310,pinj_21r,pchip_careful,fast_transient,50901,50900,0.9999803540205497,PRESERVED
159310,pinj_30l,pchip_careful,fast_transient,50901,50900,0.9999803540205497,PRESERVED
159310,pinj_30r,cubic_spline,smooth_high_snr,50901,50900,0.9999803540205497,PRESERVED
159310,pinj_33l,pchip_careful,fast_transient,50901,50900,0.9999803540205497,PRESERVED
159310,pinj_33r,cubic_spline,smooth_high_snr,50901,50900,0.9999803540205497,PRESERVED
159310,prmtan_neped,decimate_with_antialiasing,fast_transient,1094,547,0.5,DOWNSAMPLED
159310,prmtan_teped,decimate_with_antialiasing,slow_varying,1040,520,0.5,DOWNSAMPLED
159310,q95,cubic_spline,smooth_high_snr,245,249,1.0163265306122449,UPSAMPLED
159310,rmaxis,cubic_spline,smooth_high_snr,245,249,1.0163265306122449,UPSAMPLED
159310,rsurf,cubic_spline,smooth_high_snr,245,249,1.0163265306122449,UPSAMPLED
159310,tinj,cubic_spline,smooth_high_snr,50901,50900,0.9999803540205497,PRESERVED
159310,tribot,pchip_careful,fast_transient,245,249,1.0163265306122449,UPSAMPLED
159310,tritop,cubic_spline,smooth_high_snr,245,249,1.0163265306122449,UPSAMPLED
159310,volume,cubic_spline,smooth_high_snr,245,249,1.0163265306122449,UPSAMPLED
159310,vsurf,cubic_spline,smooth_high_snr,245,249,1.0163265306122449,UPSAMPLED
159310,zcur,pchip_no_smoothing,noisy,245,249,1.0163265306122449,UPSAMPLED
159310,zmaxis,cubic_spline_simple,slow_varying,245,249,1.0163265306122449,UPSAMPLED
159310,zsurf,cubic_spline_simple,slow_varying,245,249,1.0163265306122449,UPSAMPLED
160715,aminor,cubic_spline,smooth_high_snr,224,240,1.0714285714285714,UPSAMPLED
160715,area,cubic_spline,smooth_high_snr,224,240,1.0714285714285714,UPSAMPLED
160715,betan,cubic_spline,smooth_high_snr,224,240,1.0714285714285714,UPSAMPLED
160715,bt,cubic_spline,smooth_high_snr,9801,4900,0.49994898479746963,DOWNSAMPLED
160715,cerqrott10,cubic_spline_simple,slow_varying,826,430,0.5205811138014528,DOWNSAMPLED
160715,cerqrott11,cubic_spline_simple,slow_varying,826,430,0.5205811138014528,DOWNSAMPLED
160715,cerqrott12,cubic_spline_simple,slow_varying,826,430,0.5205811138014528,DOWNSAMPLED
160715,cerqrott13,cubic_spline_simple,slow_varying,826,430,0.5205811138014528,DOWNSAMPLED
160715,cerqrott3,cubic_spline,smooth_high_snr,764,450,0.5890052356020943,DOWNSAMPLED
160715,cerqrott6,cubic_spline,smooth_high_snr,764,450,0.5890052356020943,DOWNSAMPLED
160715,cerqrott8,cubic_spline,smooth_high_snr,826,430,0.5205811138014528,DOWNSAMPLED
160715,cerqtit10,cubic_spline,smooth_high_snr,826,430,0.5205811138014528,DOWNSAMPLED
160715,cerqtit11,cubic_spline_simple,slow_varying,826,430,0.5205811138014528,DOWNSAMPLED
160715,cerqtit12,cubic_spline_simple,slow_varying,826,430,0.5205811138014528,DOWNSAMPLED
160715,cerqtit13,cubic_spline_simple,slow_varying,826,430,0.5205811138014528,DOWNSAMPLED
160715,cerqtit3,cubic_spline,smooth_high_snr,764,450,0.5890052356020943,DOWNSAMPLED
160715,cerqtit6,cubic_spline,smooth_high_snr,764,450,0.5890052356020943,DOWNSAMPLED
160715,cerqtit8,cubic_spline,smooth_high_snr,826,430,0.5205811138014528,DOWNSAMPLED
160715,density,cubic_spline,smooth_high_snr,4800,4799,0.9997916666666666,PRESERVED
160715,drsep,pchip_careful,fast_transient,224,240,1.0714285714285714,UPSAMPLED
160715,ece1,cubic_spline,smooth_high_snr,24501,24500,0.9999591853393739,PRESERVED
160715,ece2,cubic_spline,smooth_high_snr,24501,24500,0.9999591853393739,PRESERVED
160715,ece3,cubic_spline,smooth_high_snr,24501,24500,0.9999591853393739,PRESERVED
160715,ece4,cubic_spline,smooth_high_snr,24501,24500,0.9999591853393739,PRESERVED
160715,ece5,cubic_spline,smooth_high_snr,24501,24500,0.9999591853393739,PRESERVED
160715,ece6,cubic_spline,smooth_high_snr,24501,24500,0.9999591853393739,PRESERVED
160715,ece7,cubic_spline,smooth_high_snr,24501,24500,0.9999591853393739,PRESERVED
160715,ece8,cubic_spline,smooth_high_snr,24501,24500,0.9999591853393739,PRESERVED
160715,ece9,cubic_spline,smooth_high_snr,24501,24500,0.9999591853393739,PRESERVED
160715,ece10,cubic_spline,smooth_high_snr,24501,24500,0.9999591853393739,PRESERVED
160715,ece11,cubic_spline,smooth_high_snr,24501,24500,0.9999591853393739,PRESERVED
160715,ece12,cubic_spline,smooth_high_snr,24501,24500,0.9999591853393739,PRESERVED
160715,ece13,cubic_spline,smooth_high_snr,24501,24500,0.9999591853393739,PRESERVED
160715,ece14,cubic_spline,smooth_high_snr,24501,24500,0.9999591853393739,PRESERVED
160715,ece15,cubic_spline,smooth_high_snr,24501,24500,0.9999591853393739,PRESERVED
160715,ece16,cubic_spline,smooth_high_snr,24501,24500,0.9999591853393739,PRESERVED
160715,ece17,cubic_spline,smooth_high_snr,24501,24500,0.9999591853393739,PRESERVED
160715,ece18,cubic_spline,smooth_high_snr,24501,24500,0.9999591853393739,PRESERVED
160715,ece19,cubic_spline,smooth_high_snr,24501,24500,0.9999591853393739,PRESERVED
160715,ece20,cubic_spline,smooth_high_snr,24501,24500,0.9999591853393739,PRESERVED
160715,ece21,cubic_spline,smooth_high_snr,24501,24500,0.9999591853393739,PRESERVED
160715,ece22,cubic_spline,smooth_high_snr,24501,24500,0.9999591853393739,PRESERVED
160715,ece23,cubic_spline,smooth_high_snr,24501,24500,0.9999591853393739,PRESERVED
160715,ece24,cubic_spline,smooth_high_snr,24501,24500,0.9999591853393739,PRESERVED
160715,ece25,cubic_spline,smooth_high_snr,24501,24500,0.9999591853393739,PRESERVED
160715,ece26,cubic_spline,smooth_high_snr,24501,24500,0.9999591853393739,PRESERVED
160715,ece27,cubic_spline,smooth_high_snr,24501,24500,0.9999591853393739,PRESERVED
160715,ece28,cubic_spline,smooth_high_snr,24501,24500,0.9999591853393739,PRESERVED
160715,ece29,cubic_spline,smooth_high_snr,24501,24500,0.9999591853393739,PRESERVED
160715,ece30,cubic_spline,smooth_high_snr,24501,24500,0.9999591853393739,PRESERVED
160715,ece31,cubic_spline,smooth_high_snr,24501,24500,0.9999591853393739,PRESERVED
160715,ece32,cubic_spline,smooth_high_snr,24501,24500,0.9999591853393739,PRESERVED
160715,ece33,cubic_spline,smooth_high_snr,24501,24500,0.9999591853393739,PRESERVED
160715,ece34,cubic_spline,smooth_high_snr,24501,24500,0.9999591853393739,PRESERVED
160715,ece35,cubic_spline,smooth_high_snr,24501,24500,0.9999591853393739,PRESERVED
160715,ece36,cubic_spline,smooth_high_snr,24501,24500,0.9999591853393739,PRESERVED
160715,ece37,cubic_spline,smooth_high_snr,24501,24500,0.9999591853393739,PRESERVED
160715,ece38,cubic_spline,smooth_high_snr,24501,24500,0.9999591853393739,PRESERVED
160715,ece39,cubic_spline,smooth_high_snr,24501,24500,0.9999591853393739,PRESERVED
160715,ece40,cubic_spline,smooth_high_snr,24501,24500,0.9999591853393739,PRESERVED
160715,fs03da,pchip_no_smoothing,noisy,98000,244998,2.499979591836735,UPSAMPLED
160715,fs04,cubic_spline_simple,slow_varying,98000,244998,2.499979591836735,UPSAMPLED
160715,fs04da,cubic_spline_simple,slow_varying,98000,244998,2.499979591836735,UPSAMPLED
160715,fs05da,pchip_careful,fast_transient,98000,244998,2.499979591836735,UPSAMPLED
160715,gasa,decimate_with_antialiasing,smooth_high_snr,9801,2451,0.25007652280379555,DOWNSAMPLED
160715,gasb,decimate_with_antialiasing,fast_transient,9801,2451,0.25007652280379555,DOWNSAMPLED
160715,gasc,decimate_with_antialiasing,fast_transient,9801,2451,0.25007652280379555,DOWNSAMPLED
160715,gasd,decimate_with_antialiasing,noisy,9801,2451,0.25007652280379555,DOWNSAMPLED
160715,ip,cubic_spline,smooth_high_snr,9801,4900,0.49994898479746963,DOWNSAMPLED
160715,kappa,cubic_spline,smooth_high_snr,224,240,1.0714285714285714,UPSAMPLED
160715,li,cubic_spline,smooth_high_snr,224,240,1.0714285714285714,UPSAMPLED
160715,pcbcoil,decimate_with_antialiasing,smooth_high_snr,98001,4901,0.050009693778634914,DOWNSAMPLED
160715,pcdiamag3,decimate_with_antialiasing,smooth_high_snr,98001,4901,0.050009693778634914,DOWNSAMPLED
160715,pinj,cubic_spline,smooth_high_snr,49001,49000,0.9999795922532193,PRESERVED
160715,pinj_15l,pchip_careful,fast_transient,49001,49000,0.9999795922532193,PRESERVED
160715,pinj_15r,pchip_careful,fast_transient,49001,49000,0.9999795922532193,PRESERVED
160715,pinj_21l,cubic_spline,smooth_high_snr,49001,49000,0.9999795922532193,PRESERVED
160715,pinj_21r,pchip_careful,fast_transient,49001,49000,0.9999795922532193,PRESERVED
160715,pinj_30l,pchip_careful,fast_transient,49001,49000,0.9999795922532193,PRESERVED
160715,pinj_30r,cubic_spline,smooth_high_snr,49001,49000,0.9999795922532193,PRESERVED
160715,pinj_33l,pchip_careful,fast_transient,49001,49000,0.9999795922532193,PRESERVED
160715,pinj_33r,cubic_spline,smooth_high_snr,49001,49000,0.9999795922532193,PRESERVED
160715,prmtan_neped,pchip_careful,fast_transient,801,459,0.5730337078651685,DOWNSAMPLED
160715,prmtan_teped,cubic_spline_simple,slow_varying,791,460,0.5815423514538559,DOWNSAMPLED
160715,q95,cubic_spline,smooth_high_snr,224,240,1.0714285714285714,UPSAMPLED
160715,rmaxis,cubic_spline,smooth_high_snr,224,240,1.0714285714285714,UPSAMPLED
160715,rsurf,cubic_spline,smooth_high_snr,224,240,1.0714285714285714,UPSAMPLED
160715,tinj,cubic_spline,smooth_high_snr,49001,49000,0.9999795922532193,PRESERVED
160715,tribot,pchip_careful,fast_transient,224,240,1.0714285714285714,UPSAMPLED
160715,tritop,cubic_spline,smooth_high_snr,224,240,1.0714285714285714,UPSAMPLED
160715,volume,cubic_spline,smooth_high_snr,224,240,1.0714285714285714,UPSAMPLED
160715,vsurf,cubic_spline,smooth_high_snr,224,240,1.0714285714285714,UPSAMPLED
160715,zcur,pchip_no_smoothing,noisy,224,240,1.0714285714285714,UPSAMPLED
160715,zmaxis,cubic_spline_simple,slow_varying,224,240,1.0714285714285714,UPSAMPLED
160715,zsurf,cubic_spline_simple,slow_varying,224,240,1.0714285714285714,UPSAMPLED
160717,aminor,cubic_spline,smooth_high_snr,201,238,1.1840796019900497,UPSAMPLED
160717,area,cubic_spline,smooth_high_snr,201,238,1.1840796019900497,UPSAMPLED
160717,betan,cubic_spline,smooth_high_snr,201,238,1.1840796019900497,UPSAMPLED
160717,bt,cubic_spline,smooth_high_snr,9801,4900,0.49994898479746963,DOWNSAMPLED
160717,cerqrott10,cubic_spline_simple,slow_varying,819,430,0.525030525030525,DOWNSAMPLED
160717,cerqrott11,cubic_spline_simple,slow_varying,819,430,0.525030525030525,DOWNSAMPLED
160717,cerqrott12,cubic_spline_simple,slow_varying,819,430,0.525030525030525,DOWNSAMPLED
160717,cerqrott13,cubic_spline_simple,slow_varying,819,430,0.525030525030525,DOWNSAMPLED
160717,cerqrott3,cubic_spline,smooth_high_snr,764,450,0.5890052356020943,DOWNSAMPLED
160717,cerqrott6,cubic_spline,smooth_high_snr,764,450,0.5890052356020943,DOWNSAMPLED
160717,cerqrott8,cubic_spline,smooth_high_snr,819,430,0.525030525030525,DOWNSAMPLED
160717,cerqtit10,cubic_spline,smooth_high_snr,819,430,0.525030525030525,DOWNSAMPLED
160717,cerqtit11,cubic_spline_simple,slow_varying,819,430,0.525030525030525,DOWNSAMPLED
160717,cerqtit12,cubic_spline_simple,slow_varying,819,430,0.525030525030525,DOWNSAMPLED
160717,cerqtit13,cubic_spline_simple,slow_varying,819,430,0.525030525030525,DOWNSAMPLED
160717,cerqtit3,cubic_spline,smooth_high_snr,764,450,0.5890052356020943,DOWNSAMPLED
160717,cerqtit6,cubic_spline,smooth_high_snr,764,450,0.5890052356020943,DOWNSAMPLED
160717,cerqtit8,cubic_spline,smooth_high_snr,819,430,0.525030525030525,DOWNSAMPLED
160717,density,cubic_spline,smooth_high_snr,4800,4799,0.9997916666666666,PRESERVED
160717,drsep,pchip_careful,fast_transient,201,238,1.1840796019900497,UPSAMPLED
160717,ece1,cubic_spline,smooth_high_snr,24501,24500,0.9999591853393739,PRESERVED
160717,ece2,cubic_spline,smooth_high_snr,24501,24500,0.9999591853393739,PRESERVED
160717,ece3,cubic_spline,smooth_high_snr,24501,24500,0.9999591853393739,PRESERVED
160717,ece4,cubic_spline,smooth_high_snr,24501,24500,0.9999591853393739,PRESERVED
160717,ece5,cubic_spline,smooth_high_snr,24501,24500,0.9999591853393739,PRESERVED
160717,ece6,cubic_spline,smooth_high_snr,24501,24500,0.9999591853393739,PRESERVED
160717,ece7,cubic_spline,smooth_high_snr,24501,24500,0.9999591853393739,PRESERVED
160717,ece8,cubic_spline,smooth_high_snr,24501,24500,0.9999591853393739,PRESERVED
160717,ece9,cubic_spline,smooth_high_snr,24501,24500,0.9999591853393739,PRESERVED
160717,ece10,cubic_spline,smooth_high_snr,24501,24500,0.9999591853393739,PRESERVED
160717,ece11,cubic_spline,smooth_high_snr,24501,24500,0.9999591853393739,PRESERVED
160717,ece12,cubic_spline,smooth_high_snr,24501,24500,0.9999591853393739,PRESERVED
160717,ece13,cubic_spline,smooth_high_snr,24501,24500,0.9999591853393739,PRESERVED
160717,ece14,cubic_spline,smooth_high_snr,24501,24500,0.9999591853393739,PRESERVED
160717,ece15,cubic_spline,smooth_high_snr,24501,24500,0.9999591853393739,PRESERVED
160717,ece16,cubic_spline,smooth_high_snr,24501,24500,0.9999591853393739,PRESERVED
160717,ece17,cubic_spline,smooth_high_snr,24501,24500,0.9999591853393739,PRESERVED
160717,ece18,cubic_spline,smooth_high_snr,24501,24500,0.9999591853393739,PRESERVED
160717,ece19,cubic_spline,smooth_high_snr,24501,24500,0.9999591853393739,PRESERVED
160717,ece20,cubic_spline,smooth_high_snr,24501,24500,0.9999591853393739,PRESERVED
160717,ece21,cubic_spline,smooth_high_snr,24501,24500,0.9999591853393739,PRESERVED
160717,ece22,cubic_spline,smooth_high_snr,24501,24500,0.9999591853393739,PRESERVED
160717,ece23,cubic_spline,smooth_high_snr,24501,24500,0.9999591853393739,PRESERVED
160717,ece24,cubic_spline,smooth_high_snr,24501,24500,0.9999591853393739,PRESERVED
160717,ece25,cubic_spline,smooth_high_snr,24501,24500,0.9999591853393739,PRESERVED
160717,ece26,cubic_spline,smooth_high_snr,24501,24500,0.9999591853393739,PRESERVED
160717,ece27,cubic_spline,smooth_high_snr,24501,24500,0.9999591853393739,PRESERVED
160717,ece28,cubic_spline,smooth_high_snr,24501,24500,0.9999591853393739,PRESERVED
160717,ece29,cubic_spline,smooth_high_snr,24501,24500,0.9999591853393739,PRESERVED
160717,ece30,cubic_spline,smooth_high_snr,24501,24500,0.9999591853393739,PRESERVED
160717,ece31,cubic_spline,smooth_high_snr,24501,24500,0.9999591853393739,PRESERVED
160717,ece32,cubic_spline,smooth_high_snr,24501,24500,0.9999591853393739,PRESERVED
160717,ece33,cubic_spline,smooth_high_snr,24501,24500,0.9999591853393739,PRESERVED
160717,ece34,cubic_spline,smooth_high_snr,24501,24500,0.9999591853393739,PRESERVED
160717,ece35,cubic_spline,smooth_high_snr,24501,24500,0.9999591853393739,PRESERVED
160717,ece36,cubic_spline,smooth_high_snr,24501,24500,0.9999591853393739,PRESERVED
160717,ece37,cubic_spline,smooth_high_snr,24501,24500,0.9999591853393739,PRESERVED
160717,ece38,cubic_spline,smooth_high_snr,24501,24500,0.9999591853393739,PRESERVED
160717,ece39,cubic_spline,smooth_high_snr,24501,24500,0.9999591853393739,PRESERVED
160717,ece40,cubic_spline,smooth_high_snr,24501,24500,0.9999591853393739,PRESERVED
160717,fs03da,pchip_no_smoothing,noisy,98000,244998,2.499979591836735,UPSAMPLED
160717,fs04,cubic_spline_simple,slow_varying,98000,244998,2.499979591836735,UPSAMPLED
160717,fs04da,cubic_spline_simple,slow_varying,98000,244998,2.499979591836735,UPSAMPLED
160717,fs05da,pchip_careful,fast_transient,98000,244998,2.499979591836735,UPSAMPLED
160717,gasa,decimate_with_antialiasing,smooth_high_snr,9801,2451,0.25007652280379555,DOWNSAMPLED
160717,gasb,decimate_with_antialiasing,fast_transient,9801,2451,0.25007652280379555,DOWNSAMPLED
160717,gasc,decimate_with_antialiasing,fast_transient,9801,2451,0.25007652280379555,DOWNSAMPLED
160717,gasd,decimate_with_antialiasing,noisy,9801,2451,0.25007652280379555,DOWNSAMPLED
160717,ip,cubic_spline,smooth_high_snr,9801,4900,0.49994898479746963,DOWNSAMPLED
160717,kappa,cubic_spline,smooth_high_snr,201,238,1.1840796019900497,UPSAMPLED
160717,li,cubic_spline,smooth_high_snr,201,238,1.1840796019900497,UPSAMPLED
160717,pcbcoil,decimate_with_antialiasing,smooth_high_snr,98001,4901,0.050009693778634914,DOWNSAMPLED
160717,pcdiamag3,decimate_with_antialiasing,smooth_high_snr,98001,4901,0.050009693778634914,DOWNSAMPLED
160717,pinj,cubic_spline,smooth_high_snr,49001,49000,0.9999795922532193,PRESERVED
160717,pinj_15l,pchip_careful,fast_transient,49001,49000,0.9999795922532193,PRESERVED
160717,pinj_15r,pchip_careful,fast_transient,49001,49000,0.9999795922532193,PRESERVED
160717,pinj_21l,cubic_spline,smooth_high_snr,49001,49000,0.9999795922532193,PRESERVED
160717,pinj_21r,pchip_careful,fast_transient,49001,49000,0.9999795922532193,PRESERVED
160717,pinj_30l,pchip_careful,fast_transient,49001,49000,0.9999795922532193,PRESERVED
160717,pinj_30r,cubic_spline,smooth_high_snr,49001,49000,0.9999795922532193,PRESERVED
160717,pinj_33l,pchip_careful,fast_transient,49001,49000,0.9999795922532193,PRESERVED
160717,pinj_33r,cubic_spline,smooth_high_snr,49001,49000,0.9999795922532193,PRESERVED
160717,prmtan_neped,pchip_careful,fast_transient,797,459,0.5759096612296111,DOWNSAMPLED
160717,prmtan_teped,cubic_spline_simple,slow_varying,790,459,0.5810126582278481,DOWNSAMPLED
160717,q95,cubic_spline,smooth_high_snr,201,238,1.1840796019900497,UPSAMPLED
160717,rmaxis,cubic_spline,smooth_high_snr,201,238,1.1840796019900497,UPSAMPLED
160717,rsurf,cubic_spline,smooth_high_snr,201,238,1.1840796019900497,UPSAMPLED
160717,tinj,cubic_spline,smooth_high_snr,49001,49000,0.9999795922532193,PRESERVED
160717,tribot,pchip_careful,fast_transient,201,238,1.1840796019900497,UPSAMPLED
160717,tritop,cubic_spline,smooth_high_snr,201,238,1.1840796019900497,UPSAMPLED
160717,volume,cubic_spline,smooth_high_snr,201,238,1.1840796019900497,UPSAMPLED
160717,vsurf,cubic_spline,smooth_high_snr,201,238,1.1840796019900497,UPSAMPLED
160717,zcur,pchip_no_smoothing,noisy,201,238,1.1840796019900497,UPSAMPLED
160717,zmaxis,cubic_spline_simple,slow_varying,201,238,1.1840796019900497,UPSAMPLED
160717,zsurf,cubic_spline_simple,slow_varying,201,238,1.1840796019900497,UPSAMPLED
160719,aminor,cubic_spline,smooth_high_snr,221,241,1.090497737556561,UPSAMPLED
160719,area,cubic_spline,smooth_high_snr,221,241,1.090497737556561,UPSAMPLED
160719,betan,cubic_spline,smooth_high_snr,221,241,1.090497737556561,UPSAMPLED
160719,bt,cubic_spline,smooth_high_snr,9850,4925,0.5,DOWNSAMPLED
160719,cerqrott10,cubic_spline_simple,slow_varying,838,433,0.5167064439140812,DOWNSAMPLED
160719,cerqrott11,cubic_spline_simple,slow_varying,838,433,0.5167064439140812,DOWNSAMPLED
160719,cerqrott12,cubic_spline_simple,slow_varying,838,433,0.5167064439140812,DOWNSAMPLED
160719,cerqrott13,cubic_spline_simple,slow_varying,838,433,0.5167064439140812,DOWNSAMPLED
160719,cerqrott3,cubic_spline,smooth_high_snr,766,453,0.5913838120104439,DOWNSAMPLED
160719,cerqrott6,cubic_spline,smooth_high_snr,766,453,0.5913838120104439,DOWNSAMPLED
160719,cerqrott8,cubic_spline,smooth_high_snr,838,433,0.5167064439140812,DOWNSAMPLED
160719,cerqtit10,cubic_spline,smooth_high_snr,838,433,0.5167064439140812,DOWNSAMPLED
160719,cerqtit11,cubic_spline_simple,slow_varying,838,433,0.5167064439140812,DOWNSAMPLED
160719,cerqtit12,cubic_spline_simple,slow_varying,838,433,0.5167064439140812,DOWNSAMPLED
160719,cerqtit13,cubic_spline_simple,slow_varying,838,433,0.5167064439140812,DOWNSAMPLED
160719,cerqtit3,cubic_spline,smooth_high_snr,766,453,0.5913838120104439,DOWNSAMPLED
160719,cerqtit6,cubic_spline,smooth_high_snr,766,453,0.5913838120104439,DOWNSAMPLED
160719,cerqtit8,cubic_spline,smooth_high_snr,838,433,0.5167064439140812,DOWNSAMPLED
160719,density,cubic_spline,smooth_high_snr,4825,4824,0.9997927461139896,PRESERVED
160719,drsep,pchip_careful,fast_transient,221,241,1.090497737556561,UPSAMPLED
160719,ece1,cubic_spline,smooth_high_snr,24625,24624,0.9999593908629442,PRESERVED
160719,ece2,cubic_spline,smooth_high_snr,24625,24624,0.9999593908629442,PRESERVED
160719,ece3,cubic_spline,smooth_high_snr,24625,24624,0.9999593908629442,PRESERVED
160719,ece4,cubic_spline,smooth_high_snr,24625,24624,0.9999593908629442,PRESERVED
160719,ece5,cubic_spline,smooth_high_snr,24625,24624,0.9999593908629442,PRESERVED
160719,ece6,cubic_spline,smooth_high_snr,24625,24624,0.9999593908629442,PRESERVED
160719,ece7,cubic_spline,smooth_high_snr,24625,24624,0.9999593908629442,PRESERVED
160719,ece8,cubic_spline,smooth_high_snr,24625,24624,0.9999593908629442,PRESERVED
160719,ece9,cubic_spline,smooth_high_snr,24625,24624,0.9999593908629442,PRESERVED
160719,ece10,cubic_spline,smooth_high_snr,24625,24624,0.9999593908629442,PRESERVED
160719,ece11,cubic_spline,smooth_high_snr,24625,24624,0.9999593908629442,PRESERVED
160719,ece12,cubic_spline,smooth_high_snr,24625,24624,0.9999593908629442,PRESERVED
160719,ece13,cubic_spline,smooth_high_snr,24625,24624,0.9999593908629442,PRESERVED
160719,ece14,cubic_spline,smooth_high_snr,24625,24624,0.9999593908629442,PRESERVED
160719,ece15,cubic_spline,smooth_high_snr,24625,24624,0.9999593908629442,PRESERVED
160719,ece16,cubic_spline,smooth_high_snr,24625,24624,0.9999593908629442,PRESERVED
160719,ece17,cubic_spline,smooth_high_snr,24625,24624,0.9999593908629442,PRESERVED
160719,ece18,cubic_spline,smooth_high_snr,24625,24624,0.9999593908629442,PRESERVED
160719,ece19,cubic_spline,smooth_high_snr,24625,24624,0.9999593908629442,PRESERVED
160719,ece20,cubic_spline,smooth_high_snr,24625,24624,0.9999593908629442,PRESERVED
160719,ece21,cubic_spline,smooth_high_snr,24625,24624,0.9999593908629442,PRESERVED
160719,ece22,cubic_spline,smooth_high_snr,24625,24624,0.9999593908629442,PRESERVED
160719,ece23,cubic_spline,smooth_high_snr,24625,24624,0.9999593908629442,PRESERVED
160719,ece24,cubic_spline,smooth_high_snr,24625,24624,0.9999593908629442,PRESERVED
160719,ece25,cubic_spline,smooth_high_snr,24625,24624,0.9999593908629442,PRESERVED
160719,ece26,cubic_spline,smooth_high_snr,24625,24624,0.9999593908629442,PRESERVED
160719,ece27,cubic_spline,smooth_high_snr,24625,24624,0.9999593908629442,PRESERVED
160719,ece28,cubic_spline,smooth_high_snr,24625,24624,0.9999593908629442,PRESERVED
160719,ece29,cubic_spline,smooth_high_snr,24625,24624,0.9999593908629442,PRESERVED
160719,ece30,cubic_spline,smooth_high_snr,24625,24624,0.9999593908629442,PRESERVED
160719,ece31,cubic_spline,smooth_high_snr,24625,24624,0.9999593908629442,PRESERVED
160719,ece32,cubic_spline,smooth_high_snr,24625,24624,0.9999593908629442,PRESERVED
160719,ece33,cubic_spline,smooth_high_snr,24625,24624,0.9999593908629442,PRESERVED
160719,ece34,cubic_spline,smooth_high_snr,24625,24624,0.9999593908629442,PRESERVED
160719,ece35,cubic_spline,smooth_high_snr,24625,24624,0.9999593908629442,PRESERVED
160719,ece36,cubic_spline,smooth_high_snr,24625,24624,0.9999593908629442,PRESERVED
160719,ece37,cubic_spline,smooth_high_snr,24625,24624,0.9999593908629442,PRESERVED
160719,ece38,cubic_spline,smooth_high_snr,24625,24624,0.9999593908629442,PRESERVED
160719,ece39,cubic_spline,smooth_high_snr,24625,24624,0.9999593908629442,PRESERVED
160719,ece40,cubic_spline,smooth_high_snr,24625,24624,0.9999593908629442,PRESERVED
160719,fs03da,pchip_no_smoothing,noisy,98500,246248,2.499979695431472,UPSAMPLED
160719,fs04,cubic_spline_simple,slow_varying,98500,246248,2.499979695431472,UPSAMPLED
160719,fs04da,cubic_spline_simple,slow_varying,98500,246248,2.499979695431472,UPSAMPLED
160719,fs05da,pchip_careful,fast_transient,98500,246248,2.499979695431472,UPSAMPLED
160719,gasa,decimate_with_antialiasing,smooth_high_snr,9850,2463,0.2500507614213198,DOWNSAMPLED
160719,gasb,decimate_with_antialiasing,fast_transient,9850,2463,0.2500507614213198,DOWNSAMPLED
160719,gasc,decimate_with_antialiasing,fast_transient,9850,2463,0.2500507614213198,DOWNSAMPLED
160719,gasd,decimate_with_antialiasing,noisy,9850,2463,0.2500507614213198,DOWNSAMPLED
160719,ip,cubic_spline,smooth_high_snr,9851,4925,0.4999492437316009,DOWNSAMPLED
160719,kappa,cubic_spline,smooth_high_snr,221,241,1.090497737556561,UPSAMPLED
160719,li,cubic_spline,smooth_high_snr,221,241,1.090497737556561,UPSAMPLED
160719,pcbcoil,decimate_with_antialiasing,smooth_high_snr,98501,4926,0.05000964457213632,DOWNSAMPLED
160719,pcdiamag3,decimate_with_antialiasing,smooth_high_snr,98501,4926,0.05000964457213632,DOWNSAMPLED
160719,pinj,cubic_spline,smooth_high_snr,49251,49250,0.9999796958437392,PRESERVED
160719,pinj_15l,pchip_careful,fast_transient,49251,49250,0.9999796958437392,PRESERVED
160719,pinj_15r,pchip_careful,fast_transient,49251,49250,0.9999796958437392,PRESERVED
160719,pinj_21l,cubic_spline,smooth_high_snr,49251,49250,0.9999796958437392,PRESERVED
160719,pinj_21r,pchip_careful,fast_transient,49251,49250,0.9999796958437392,PRESERVED
160719,pinj_30l,pchip_careful,fast_transient,49251,49250,0.9999796958437392,PRESERVED
160719,pinj_30r,cubic_spline,smooth_high_snr,49251,49250,0.9999796958437392,PRESERVED
160719,pinj_33l,pchip_careful,fast_transient,49251,49250,0.9999796958437392,PRESERVED
160719,pinj_33r,cubic_spline,smooth_high_snr,49251,49250,0.9999796958437392,PRESERVED
160719,prmtan_neped,pchip_careful,fast_transient,808,461,0.5705445544554455,DOWNSAMPLED
160719,prmtan_teped,cubic_spline_simple,slow_varying,783,461,0.5887611749680716,DOWNSAMPLED
160719,q95,cubic_spline,smooth_high_snr,221,241,1.090497737556561,UPSAMPLED
160719,rmaxis,cubic_spline,smooth_high_snr,221,241,1.090497737556561,UPSAMPLED
160719,rsurf,cubic_spline,smooth_high_snr,221,241,1.090497737556561,UPSAMPLED
160719,tinj,cubic_spline,smooth_high_snr,49251,49250,0.9999796958437392,PRESERVED
160719,tribot,pchip_careful,fast_transient,221,241,1.090497737556561,UPSAMPLED
160719,tritop,cubic_spline,smooth_high_snr,221,241,1.090497737556561,UPSAMPLED
160719,volume,cubic_spline,smooth_high_snr,221,241,1.090497737556561,UPSAMPLED
160719,vsurf,cubic_spline,smooth_high_snr,221,241,1.090497737556561,UPSAMPLED
160719,zcur,pchip_no_smoothing,noisy,221,241,1.090497737556561,UPSAMPLED
160719,zmaxis,cubic_spline_simple,slow_varying,221,241,1.090497737556561,UPSAMPLED
160719,zsurf,cubic_spline_simple,slow_varying,221,241,1.090497737556561,UPSAMPLED
160720,aminor,cubic_spline,smooth_high_snr,210,240,1.1428571428571428,UPSAMPLED
160720,area,cubic_spline,smooth_high_snr,210,240,1.1428571428571428,UPSAMPLED
160720,betan,cubic_spline,smooth_high_snr,210,240,1.1428571428571428,UPSAMPLED
160720,bt,cubic_spline,smooth_high_snr,9801,4900,0.49994898479746963,DOWNSAMPLED
160720,cerqrott10,cubic_spline_simple,slow_varying,817,430,0.5263157894736842,DOWNSAMPLED
160720,cerqrott11,cubic_spline_simple,slow_varying,817,430,0.5263157894736842,DOWNSAMPLED
160720,cerqrott12,cubic_spline_simple,slow_varying,817,430,0.5263157894736842,DOWNSAMPLED
160720,cerqrott13,cubic_spline_simple,slow_varying,817,430,0.5263157894736842,DOWNSAMPLED
160720,cerqrott3,cubic_spline,smooth_high_snr,764,450,0.5890052356020943,DOWNSAMPLED
160720,cerqrott6,cubic_spline,smooth_high_snr,764,450,0.5890052356020943,DOWNSAMPLED
160720,cerqrott8,cubic_spline,smooth_high_snr,817,430,0.5263157894736842,DOWNSAMPLED
160720,cerqtit10,cubic_spline,smooth_high_snr,817,430,0.5263157894736842,DOWNSAMPLED
160720,cerqtit11,cubic_spline_simple,slow_varying,817,430,0.5263157894736842,DOWNSAMPLED
160720,cerqtit12,cubic_spline_simple,slow_varying,817,430,0.5263157894736842,DOWNSAMPLED
160720,cerqtit13,cubic_spline_simple,slow_varying,817,430,0.5263157894736842,DOWNSAMPLED
160720,cerqtit3,cubic_spline,smooth_high_snr,764,450,0.5890052356020943,DOWNSAMPLED
160720,cerqtit6,cubic_spline,smooth_high_snr,764,450,0.5890052356020943,DOWNSAMPLED
160720,cerqtit8,cubic_spline,smooth_high_snr,817,430,0.5263157894736842,DOWNSAMPLED
160720,density,cubic_spline,smooth_high_snr,4800,4799,0.9997916666666666,PRESERVED
160720,drsep,pchip_careful,fast_transient,210,240,1.1428571428571428,UPSAMPLED
160720,ece1,cubic_spline,smooth_high_snr,24501,24500,0.9999591853393739,PRESERVED
160720,ece2,cubic_spline,smooth_high_snr,24501,24500,0.9999591853393739,PRESERVED
160720,ece3,cubic_spline,smooth_high_snr,24501,24500,0.9999591853393739,PRESERVED
160720,ece4,cubic_spline,smooth_high_snr,24501,24500,0.9999591853393739,PRESERVED
160720,ece5,cubic_spline,smooth_high_snr,24501,24500,0.9999591853393739,PRESERVED
160720,ece6,cubic_spline,smooth_high_snr,24501,24500,0.9999591853393739,PRESERVED
160720,ece7,cubic_spline,smooth_high_snr,24501,24500,0.9999591853393739,PRESERVED
160720,ece8,cubic_spline,smooth_high_snr,24501,24500,0.9999591853393739,PRESERVED
160720,ece9,cubic_spline,smooth_high_snr,24501,24500,0.9999591853393739,PRESERVED
160720,ece10,cubic_spline,smooth_high_snr,24501,24500,0.9999591853393739,PRESERVED
160720,ece11,cubic_spline,smooth_high_snr,24501,24500,0.9999591853393739,PRESERVED
160720,ece12,cubic_spline,smooth_high_snr,24501,24500,0.9999591853393739,PRESERVED
160720,ece13,cubic_spline,smooth_high_snr,24501,24500,0.9999591853393739,PRESERVED
160720,ece14,cubic_spline,smooth_high_snr,24501,24500,0.9999591853393739,PRESERVED
160720,ece15,cubic_spline,smooth_high_snr,24501,24500,0.9999591853393739,PRESERVED
160720,ece16,cubic_spline,smooth_high_snr,24501,24500,0.9999591853393739,PRESERVED
160720,ece17,cubic_spline,smooth_high_snr,24501,24500,0.9999591853393739,PRESERVED
160720,ece18,cubic_spline,smooth_high_snr,24501,24500,0.9999591853393739,PRESERVED
160720,ece19,cubic_spline,smooth_high_snr,24501,24500,0.9999591853393739,PRESERVED
160720,ece20,cubic_spline,smooth_high_snr,24501,24500,0.9999591853393739,PRESERVED
160720,ece21,cubic_spline,smooth_high_snr,24501,24500,0.9999591853393739,PRESERVED
160720,ece22,cubic_spline,smooth_high_snr,24501,24500,0.9999591853393739,PRESERVED
160720,ece23,cubic_spline,smooth_high_snr,24501,24500,0.9999591853393739,PRESERVED
160720,ece24,cubic_spline,smooth_high_snr,24501,24500,0.9999591853393739,PRESERVED
160720,ece25,cubic_spline,smooth_high_snr,24501,24500,0.9999591853393739,PRESERVED
160720,ece26,cubic_spline,smooth_high_snr,24501,24500,0.9999591853393739,PRESERVED
160720,ece27,cubic_spline,smooth_high_snr,24501,24500,0.9999591853393739,PRESERVED
160720,ece28,cubic_spline,smooth_high_snr,24501,24500,0.9999591853393739,PRESERVED
160720,ece29,cubic_spline,smooth_high_snr,24501,24500,0.9999591853393739,PRESERVED
160720,ece30,cubic_spline,smooth_high_snr,24501,24500,0.9999591853393739,PRESERVED
160720,ece31,cubic_spline,smooth_high_snr,24501,24500,0.9999591853393739,PRESERVED
160720,ece32,cubic_spline,smooth_high_snr,24501,24500,0.9999591853393739,PRESERVED
160720,ece33,cubic_spline,smooth_high_snr,24501,24500,0.9999591853393739,PRESERVED
160720,ece34,cubic_spline,smooth_high_snr,24501,24500,0.9999591853393739,PRESERVED
160720,ece35,cubic_spline,smooth_high_snr,24501,24500,0.9999591853393739,PRESERVED
160720,ece36,cubic_spline,smooth_high_snr,24501,24500,0.9999591853393739,PRESERVED
160720,ece37,cubic_spline,smooth_high_snr,24501,24500,0.9999591853393739,PRESERVED
160720,ece38,cubic_spline,smooth_high_snr,24501,24500,0.9999591853393739,PRESERVED
160720,ece39,cubic_spline,smooth_high_snr,24501,24500,0.9999591853393739,PRESERVED
160720,ece40,cubic_spline,smooth_high_snr,24501,24500,0.9999591853393739,PRESERVED
160720,fs03da,pchip_no_smoothing,noisy,98000,244998,2.499979591836735,UPSAMPLED
160720,fs04,cubic_spline_simple,slow_varying,98000,244998,2.499979591836735,UPSAMPLED
160720,fs04da,cubic_spline_simple,slow_varying,98000,244998,2.499979591836735,UPSAMPLED
160720,fs05da,pchip_careful,fast_transient,98000,244998,2.499979591836735,UPSAMPLED
160720,gasa,decimate_with_antialiasing,smooth_high_snr,9801,2451,0.25007652280379555,DOWNSAMPLED
160720,gasb,decimate_with_antialiasing,fast_transient,9801,2451,0.25007652280379555,DOWNSAMPLED
160720,gasc,decimate_with_antialiasing,fast_transient,9801,2451,0.25007652280379555,DOWNSAMPLED
160720,gasd,decimate_with_antialiasing,noisy,9801,2451,0.25007652280379555,DOWNSAMPLED
160720,ip,cubic_spline,smooth_high_snr,9801,4900,0.49994898479746963,DOWNSAMPLED
160720,kappa,cubic_spline,smooth_high_snr,210,240,1.1428571428571428,UPSAMPLED
160720,li,cubic_spline,smooth_high_snr,210,240,1.1428571428571428,UPSAMPLED
160720,pcbcoil,decimate_with_antialiasing,smooth_high_snr,98001,4901,0.050009693778634914,DOWNSAMPLED
160720,pcdiamag3,decimate_with_antialiasing,smooth_high_snr,98001,4901,0.050009693778634914,DOWNSAMPLED
160720,pinj,cubic_spline,smooth_high_snr,49001,49000,0.9999795922532193,PRESERVED
160720,pinj_15l,pchip_careful,fast_transient,49001,49000,0.9999795922532193,PRESERVED
160720,pinj_15r,pchip_careful,fast_transient,49001,49000,0.9999795922532193,PRESERVED
160720,pinj_21l,cubic_spline,smooth_high_snr,49001,49000,0.9999795922532193,PRESERVED
160720,pinj_21r,pchip_careful,fast_transient,49001,49000,0.9999795922532193,PRESERVED
160720,pinj_30l,pchip_careful,fast_transient,49001,49000,0.9999795922532193,PRESERVED
160720,pinj_30r,cubic_spline,smooth_high_snr,49001,49000,0.9999795922532193,PRESERVED
160720,pinj_33l,pchip_careful,fast_transient,49001,49000,0.9999795922532193,PRESERVED
160720,pinj_33r,cubic_spline,smooth_high_snr,49001,49000,0.9999795922532193,PRESERVED
160720,prmtan_neped,pchip_careful,fast_transient,809,460,0.5686032138442522,DOWNSAMPLED
160720,prmtan_teped,cubic_spline_simple,slow_varying,789,460,0.5830164765525983,DOWNSAMPLED
160720,q95,cubic_spline,smooth_high_snr,210,240,1.1428571428571428,UPSAMPLED
160720,rmaxis,cubic_spline,smooth_high_snr,210,240,1.1428571428571428,UPSAMPLED
160720,rsurf,cubic_spline,smooth_high_snr,210,240,1.1428571428571428,UPSAMPLED
160720,tinj,cubic_spline,smooth_high_snr,49001,49000,0.9999795922532193,PRESERVED
160720,tribot,pchip_careful,fast_transient,210,240,1.1428571428571428,UPSAMPLED
160720,tritop,cubic_spline,smooth_high_snr,210,240,1.1428571428571428,UPSAMPLED
160720,volume,cubic_spline,smooth_high_snr,210,240,1.1428571428571428,UPSAMPLED
160720,vsurf,cubic_spline,smooth_high_snr,210,240,1.1428571428571428,UPSAMPLED
160720,zcur,pchip_no_smoothing,noisy,210,240,1.1428571428571428,UPSAMPLED
160720,zmaxis,cubic_spline_simple,slow_varying,210,240,1.1428571428571428,UPSAMPLED
160720,zsurf,cubic_spline_simple,slow_varying,210,240,1.1428571428571428,UPSAMPLED
160721,aminor,cubic_spline,smooth_high_snr,226,239,1.0575221238938053,UPSAMPLED
160721,area,cubic_spline,smooth_high_snr,226,239,1.0575221238938053,UPSAMPLED
160721,betan,cubic_spline,smooth_high_snr,226,239,1.0575221238938053,UPSAMPLED
160721,bt,cubic_spline,smooth_high_snr,9801,4900,0.49994898479746963,DOWNSAMPLED
160721,cerqrott10,cubic_spline_simple,slow_varying,825,430,0.5212121212121212,DOWNSAMPLED
160721,cerqrott11,cubic_spline_simple,slow_varying,825,430,0.5212121212121212,DOWNSAMPLED
160721,cerqrott12,cubic_spline_simple,slow_varying,825,430,0.5212121212121212,DOWNSAMPLED
160721,cerqrott13,cubic_spline_simple,slow_varying,825,430,0.5212121212121212,DOWNSAMPLED
160721,cerqrott3,cubic_spline,smooth_high_snr,764,450,0.5890052356020943,DOWNSAMPLED
160721,cerqrott6,cubic_spline,smooth_high_snr,764,450,0.5890052356020943,DOWNSAMPLED
160721,cerqrott8,cubic_spline,smooth_high_snr,825,430,0.5212121212121212,DOWNSAMPLED
160721,cerqtit10,cubic_spline,smooth_high_snr,825,430,0.5212121212121212,DOWNSAMPLED
160721,cerqtit11,cubic_spline_simple,slow_varying,825,430,0.5212121212121212,DOWNSAMPLED
160721,cerqtit12,cubic_spline_simple,slow_varying,825,430,0.5212121212121212,DOWNSAMPLED
160721,cerqtit13,cubic_spline_simple,slow_varying,825,430,0.5212121212121212,DOWNSAMPLED
160721,cerqtit3,cubic_spline,smooth_high_snr,764,450,0.5890052356020943,DOWNSAMPLED
160721,cerqtit6,cubic_spline,smooth_high_snr,764,450,0.5890052356020943,DOWNSAMPLED
160721,cerqtit8,cubic_spline,smooth_high_snr,825,430,0.5212121212121212,DOWNSAMPLED
160721,density,cubic_spline,smooth_high_snr,4800,4799,0.9997916666666666,PRESERVED
160721,drsep,pchip_careful,fast_transient,226,239,1.0575221238938053,UPSAMPLED
160721,ece1,cubic_spline,smooth_high_snr,24501,24500,0.9999591853393739,PRESERVED
160721,ece2,cubic_spline,smooth_high_snr,24501,24500,0.9999591853393739,PRESERVED
160721,ece3,cubic_spline,smooth_high_snr,24501,24500,0.9999591853393739,PRESERVED
160721,ece4,cubic_spline,smooth_high_snr,24501,24500,0.9999591853393739,PRESERVED
160721,ece5,cubic_spline,smooth_high_snr,24501,24500,0.9999591853393739,PRESERVED
160721,ece6,cubic_spline,smooth_high_snr,24501,24500,0.9999591853393739,PRESERVED
160721,ece7,cubic_spline,smooth_high_snr,24501,24500,0.9999591853393739,PRESERVED
160721,ece8,cubic_spline,smooth_high_snr,24501,24500,0.9999591853393739,PRESERVED
160721,ece9,cubic_spline,smooth_high_snr,24501,24500,0.9999591853393739,PRESERVED
160721,ece10,cubic_spline,smooth_high_snr,24501,24500,0.9999591853393739,PRESERVED
160721,ece11,cubic_spline,smooth_high_snr,24501,24500,0.9999591853393739,PRESERVED
160721,ece12,cubic_spline,smooth_high_snr,24501,24500,0.9999591853393739,PRESERVED
160721,ece13,cubic_spline,smooth_high_snr,24501,24500,0.9999591853393739,PRESERVED
160721,ece14,cubic_spline,smooth_high_snr,24501,24500,0.9999591853393739,PRESERVED
160721,ece15,cubic_spline,smooth_high_snr,24501,24500,0.9999591853393739,PRESERVED
160721,ece16,cubic_spline,smooth_high_snr,24501,24500,0.9999591853393739,PRESERVED
160721,ece17,cubic_spline,smooth_high_snr,24501,24500,0.9999591853393739,PRESERVED
160721,ece18,cubic_spline,smooth_high_snr,24501,24500,0.9999591853393739,PRESERVED
160721,ece19,cubic_spline,smooth_high_snr,24501,24500,0.9999591853393739,PRESERVED
160721,ece20,cubic_spline,smooth_high_snr,24501,24500,0.9999591853393739,PRESERVED
160721,ece21,cubic_spline,smooth_high_snr,24501,24500,0.9999591853393739,PRESERVED
160721,ece22,cubic_spline,smooth_high_snr,24501,24500,0.9999591853393739,PRESERVED
160721,ece23,cubic_spline,smooth_high_snr,24501,24500,0.9999591853393739,PRESERVED
160721,ece24,cubic_spline,smooth_high_snr,24501,24500,0.9999591853393739,PRESERVED
160721,ece25,cubic_spline,smooth_high_snr,24501,24500,0.9999591853393739,PRESERVED
160721,ece26,cubic_spline,smooth_high_snr,24501,24500,0.9999591853393739,PRESERVED
160721,ece27,cubic_spline,smooth_high_snr,24501,24500,0.9999591853393739,PRESERVED
160721,ece28,cubic_spline,smooth_high_snr,24501,24500,0.9999591853393739,PRESERVED
160721,ece29,cubic_spline,smooth_high_snr,24501,24500,0.9999591853393739,PRESERVED
160721,ece30,cubic_spline,smooth_high_snr,24501,24500,0.9999591853393739,PRESERVED
160721,ece31,cubic_spline,smooth_high_snr,24501,24500,0.9999591853393739,PRESERVED
160721,ece32,cubic_spline,smooth_high_snr,24501,24500,0.9999591853393739,PRESERVED
160721,ece33,cubic_spline,smooth_high_snr,24501,24500,0.9999591853393739,PRESERVED
160721,ece34,cubic_spline,smooth_high_snr,24501,24500,0.9999591853393739,PRESERVED
160721,ece35,cubic_spline,smooth_high_snr,24501,24500,0.9999591853393739,PRESERVED
160721,ece36,cubic_spline,smooth_high_snr,24501,24500,0.9999591853393739,PRESERVED
160721,ece37,cubic_spline,smooth_high_snr,24501,24500,0.9999591853393739,PRESERVED
160721,ece38,cubic_spline,smooth_high_snr,24501,24500,0.9999591853393739,PRESERVED
160721,ece39,cubic_spline,smooth_high_snr,24501,24500,0.9999591853393739,PRESERVED
160721,ece40,cubic_spline,smooth_high_snr,24501,24500,0.9999591853393739,PRESERVED
160721,fs03da,pchip_no_smoothing,noisy,98000,244998,2.499979591836735,UPSAMPLED
160721,fs04,cubic_spline_simple,slow_varying,98000,244998,2.499979591836735,UPSAMPLED
160721,fs04da,cubic_spline_simple,slow_varying,98000,244998,2.499979591836735,UPSAMPLED
160721,fs05da,pchip_careful,fast_transient,98000,244998,2.499979591836735,UPSAMPLED
160721,gasa,decimate_with_antialiasing,smooth_high_snr,9801,2451,0.25007652280379555,DOWNSAMPLED
160721,gasb,decimate_with_antialiasing,fast_transient,9801,2451,0.25007652280379555,DOWNSAMPLED
160721,gasc,decimate_with_antialiasing,fast_transient,9801,2451,0.25007652280379555,DOWNSAMPLED
160721,gasd,decimate_with_antialiasing,noisy,9801,2451,0.25007652280379555,DOWNSAMPLED
160721,ip,cubic_spline,smooth_high_snr,9801,4900,0.49994898479746963,DOWNSAMPLED
160721,kappa,cubic_spline,smooth_high_snr,226,239,1.0575221238938053,UPSAMPLED
160721,li,cubic_spline,smooth_high_snr,226,239,1.0575221238938053,UPSAMPLED
160721,pcbcoil,decimate_with_antialiasing,smooth_high_snr,98001,4901,0.050009693778634914,DOWNSAMPLED
160721,pcdiamag3,decimate_with_antialiasing,smooth_high_snr,98001,4901,0.050009693778634914,DOWNSAMPLED
160721,pinj,cubic_spline,smooth_high_snr,49001,49000,0.9999795922532193,PRESERVED
160721,pinj_15l,pchip_careful,fast_transient,49001,49000,0.9999795922532193,PRESERVED
160721,pinj_15r,pchip_careful,fast_transient,49001,49000,0.9999795922532193,PRESERVED
160721,pinj_21l,cubic_spline,smooth_high_snr,49001,49000,0.9999795922532193,PRESERVED
160721,pinj_21r,pchip_careful,fast_transient,49001,49000,0.9999795922532193,PRESERVED
160721,pinj_30l,pchip_careful,fast_transient,49001,49000,0.9999795922532193,PRESERVED
160721,pinj_30r,cubic_spline,smooth_high_snr,49001,49000,0.9999795922532193,PRESERVED
160721,pinj_33l,pchip_careful,fast_transient,49001,49000,0.9999795922532193,PRESERVED
160721,pinj_33r,cubic_spline,smooth_high_snr,49001,49000,0.9999795922532193,PRESERVED
160721,prmtan_neped,pchip_careful,fast_transient,802,459,0.5723192019950125,DOWNSAMPLED
160721,prmtan_teped,cubic_spline_simple,slow_varying,790,459,0.5810126582278481,DOWNSAMPLED
160721,q95,cubic_spline,smooth_high_snr,226,239,1.0575221238938053,UPSAMPLED
160721,rmaxis,cubic_spline,smooth_high_snr,226,239,1.0575221238938053,UPSAMPLED
160721,rsurf,cubic_spline,smooth_high_snr,226,239,1.0575221238938053,UPSAMPLED
160721,tinj,cubic_spline,smooth_high_snr,49001,49000,0.9999795922532193,PRESERVED
160721,tribot,pchip_careful,fast_transient,226,239,1.0575221238938053,UPSAMPLED
160721,tritop,cubic_spline,smooth_high_snr,226,239,1.0575221238938053,UPSAMPLED
160721,volume,cubic_spline,smooth_high_snr,226,239,1.0575221238938053,UPSAMPLED
160721,vsurf,cubic_spline,smooth_high_snr,226,239,1.0575221238938053,UPSAMPLED
160721,zcur,pchip_no_smoothing,noisy,226,239,1.0575221238938053,UPSAMPLED
160721,zmaxis,cubic_spline_simple,slow_varying,226,239,1.0575221238938053,UPSAMPLED
160721,zsurf,cubic_spline_simple,slow_varying,226,239,1.0575221238938053,UPSAMPLED
161136,aminor,cubic_spline,smooth_high_snr,242,244,1.0082644628099173,PRESERVED
161136,area,cubic_spline,smooth_high_snr,242,244,1.0082644628099173,PRESERVED
161136,betan,cubic_spline,smooth_high_snr,242,244,1.0082644628099173,PRESERVED
161136,bt,cubic_spline,smooth_high_snr,9990,4995,0.5,DOWNSAMPLED
161136,cerqrott10,cubic_spline_simple,slow_varying,380,379,0.9973684210526316,PRESERVED
161136,cerqrott11,cubic_spline_simple,slow_varying,380,379,0.9973684210526316,PRESERVED
161136,cerqrott12,cubic_spline_simple,slow_varying,380,379,0.9973684210526316,PRESERVED
161136,cerqrott13,cubic_spline_simple,slow_varying,380,379,0.9973684210526316,PRESERVED
161136,cerqrott3,cubic_spline,smooth_high_snr,860,430,0.5,DOWNSAMPLED
161136,cerqrott6,cubic_spline,smooth_high_snr,860,430,0.5,DOWNSAMPLED
161136,cerqrott8,cubic_spline,smooth_high_snr,380,379,0.9973684210526316,PRESERVED
161136,cerqtit10,cubic_spline,smooth_high_snr,380,379,0.9973684210526316,PRESERVED
161136,cerqtit11,cubic_spline_simple,slow_varying,380,379,0.9973684210526316,PRESERVED
161136,cerqtit12,cubic_spline_simple,slow_varying,380,379,0.9973684210526316,PRESERVED
161136,cerqtit13,cubic_spline_simple,slow_varying,380,379,0.9973684210526316,PRESERVED
161136,cerqtit3,cubic_spline,smooth_high_snr,860,430,0.5,DOWNSAMPLED
161136,cerqtit6,cubic_spline,smooth_high_snr,860,430,0.5,DOWNSAMPLED
161136,cerqtit8,cubic_spline,smooth_high_snr,380,379,0.9973684210526316,PRESERVED
161136,density,cubic_spline,smooth_high_snr,4895,4894,0.9997957099080694,PRESERVED
161136,drsep,pchip_careful,fast_transient,242,244,1.0082644628099173,PRESERVED
161136,ece1,cubic_spline,smooth_high_snr,24976,24975,0.9999599615631006,PRESERVED
161136,ece2,cubic_spline,smooth_high_snr,24976,24975,0.9999599615631006,PRESERVED
161136,ece3,cubic_spline,smooth_high_snr,24976,24975,0.9999599615631006,PRESERVED
161136,ece4,cubic_spline,smooth_high_snr,24976,24975,0.9999599615631006,PRESERVED
161136,ece5,cubic_spline,smooth_high_snr,24976,24975,0.9999599615631006,PRESERVED
161136,ece6,cubic_spline,smooth_high_snr,24976,24975,0.9999599615631006,PRESERVED
161136,ece7,cubic_spline,smooth_high_snr,24976,24975,0.9999599615631006,PRESERVED
161136,ece8,cubic_spline,smooth_high_snr,24976,24975,0.9999599615631006,PRESERVED
161136,ece9,cubic_spline,smooth_high_snr,24976,24975,0.9999599615631006,PRESERVED
161136,ece10,cubic_spline,smooth_high_snr,24976,24975,0.9999599615631006,PRESERVED
161136,ece11,cubic_spline,smooth_high_snr,24976,24975,0.9999599615631006,PRESERVED
161136,ece12,cubic_spline,smooth_high_snr,24976,24975,0.9999599615631006,PRESERVED
161136,ece13,cubic_spline,smooth_high_snr,24976,24975,0.9999599615631006,PRESERVED
161136,ece14,cubic_spline,smooth_high_snr,24976,24975,0.9999599615631006,PRESERVED
161136,ece15,cubic_spline,smooth_high_snr,24976,24975,0.9999599615631006,PRESERVED
161136,ece16,cubic_spline,smooth_high_snr,24976,24975,0.9999599615631006,PRESERVED
161136,ece17,cubic_spline,smooth_high_snr,24976,24975,0.9999599615631006,PRESERVED
161136,ece18,cubic_spline,smooth_high_snr,24976,24975,0.9999599615631006,PRESERVED
161136,ece19,cubic_spline,smooth_high_snr,24976,24975,0.9999599615631006,PRESERVED
161136,ece20,cubic_spline,smooth_high_snr,24976,24975,0.9999599615631006,PRESERVED
161136,ece21,cubic_spline,smooth_high_snr,24976,24975,0.9999599615631006,PRESERVED
161136,ece22,cubic_spline,smooth_high_snr,24976,24975,0.9999599615631006,PRESERVED
161136,ece23,cubic_spline,smooth_high_snr,24976,24975,0.9999599615631006,PRESERVED
161136,ece24,cubic_spline,smooth_high_snr,24976,24975,0.9999599615631006,PRESERVED
161136,ece25,cubic_spline,smooth_high_snr,24976,24975,0.9999599615631006,PRESERVED
161136,ece26,cubic_spline,smooth_high_snr,24976,24975,0.9999599615631006,PRESERVED
161136,ece27,cubic_spline,smooth_high_snr,24976,24975,0.9999599615631006,PRESERVED
161136,ece28,cubic_spline,smooth_high_snr,24976,24975,0.9999599615631006,PRESERVED
161136,ece29,cubic_spline,smooth_high_snr,24976,24975,0.9999599615631006,PRESERVED
161136,ece30,cubic_spline,smooth_high_snr,24976,24975,0.9999599615631006,PRESERVED
161136,ece31,cubic_spline,smooth_high_snr,24976,24975,0.9999599615631006,PRESERVED
161136,ece32,cubic_spline,smooth_high_snr,24976,24975,0.9999599615631006,PRESERVED
161136,ece33,cubic_spline,smooth_high_snr,24976,24975,0.9999599615631006,PRESERVED
161136,ece34,cubic_spline,smooth_high_snr,24976,24975,0.9999599615631006,PRESERVED
161136,ece35,cubic_spline,smooth_high_snr,24976,24975,0.9999599615631006,PRESERVED
161136,ece36,cubic_spline,smooth_high_snr,24976,24975,0.9999599615631006,PRESERVED
161136,ece37,cubic_spline,smooth_high_snr,24976,24975,0.9999599615631006,PRESERVED
161136,ece38,cubic_spline,smooth_high_snr,24976,24975,0.9999599615631006,PRESERVED
161136,ece39,cubic_spline,smooth_high_snr,24976,24975,0.9999599615631006,PRESERVED
161136,ece40,cubic_spline,smooth_high_snr,24976,24975,0.9999599615631006,PRESERVED
161136,fs03da,pchip_no_smoothing,noisy,99900,249748,2.49997997997998,UPSAMPLED
161136,fs04,cubic_spline_simple,slow_varying,99900,249748,2.49997997997998,UPSAMPLED
161136,fs04da,cubic_spline_simple,slow_varying,99900,249748,2.49997997997998,UPSAMPLED
161136,fs05da,pchip_careful,fast_transient,99900,249748,2.49997997997998,UPSAMPLED
161136,gasa,decimate_with_antialiasing,smooth_high_snr,9990,2498,0.25005005005005004,DOWNSAMPLED
161136,gasb,decimate_with_antialiasing,fast_transient,9990,2498,0.25005005005005004,DOWNSAMPLED
161136,gasc,decimate_with_antialiasing,fast_transient,9990,2498,0.25005005005005004,DOWNSAMPLED
161136,gasd,decimate_with_antialiasing,noisy,9990,2498,0.25005005005005004,DOWNSAMPLED
161136,ip,cubic_spline,smooth_high_snr,9991,4995,0.49994995495946354,DOWNSAMPLED
161136,kappa,cubic_spline,smooth_high_snr,242,244,1.0082644628099173,PRESERVED
161136,li,cubic_spline,smooth_high_snr,242,244,1.0082644628099173,PRESERVED
161136,pcbcoil,decimate_with_antialiasing,smooth_high_snr,99901,4996,0.050009509414320176,DOWNSAMPLED
161136,pcdiamag3,decimate_with_antialiasing,smooth_high_snr,99901,4996,0.050009509414320176,DOWNSAMPLED
161136,pinj,cubic_spline,smooth_high_snr,49951,49950,0.9999799803807732,PRESERVED
161136,pinj_15l,pchip_careful,fast_transient,49951,49950,0.9999799803807732,PRESERVED
161136,pinj_15r,pchip_careful,fast_transient,49951,49950,0.9999799803807732,PRESERVED
161136,pinj_21l,cubic_spline,smooth_high_snr,49951,49950,0.9999799803807732,PRESERVED
161136,pinj_21r,pchip_careful,fast_transient,49951,49950,0.9999799803807732,PRESERVED
161136,pinj_30l,pchip_careful,fast_transient,49951,49950,0.9999799803807732,PRESERVED
161136,pinj_30r,cubic_spline,smooth_high_snr,49951,49950,0.9999799803807732,PRESERVED
161136,pinj_33l,pchip_careful,fast_transient,49951,49950,0.9999799803807732,PRESERVED
161136,pinj_33r,cubic_spline,smooth_high_snr,49951,49950,0.9999799803807732,PRESERVED
161136,prmtan_neped,pchip_careful,fast_transient,844,470,0.556872037914692,DOWNSAMPLED
161136,prmtan_teped,cubic_spline_simple,slow_varying,777,470,0.6048906048906049,DOWNSAMPLED
161136,q95,cubic_spline,smooth_high_snr,242,244,1.0082644628099173,PRESERVED
161136,rmaxis,cubic_spline,smooth_high_snr,242,244,1.0082644628099173,PRESERVED
161136,rsurf,cubic_spline,smooth_high_snr,242,244,1.0082644628099173,PRESERVED
161136,tinj,cubic_spline,smooth_high_snr,49951,49950,0.9999799803807732,PRESERVED
161136,tribot,pchip_careful,fast_transient,242,244,1.0082644628099173,PRESERVED
161136,tritop,cubic_spline,smooth_high_snr,242,244,1.0082644628099173,PRESERVED
161136,volume,cubic_spline,smooth_high_snr,242,244,1.0082644628099173,PRESERVED
161136,vsurf,cubic_spline,smooth_high_snr,242,244,1.0082644628099173,PRESERVED
161136,zcur,pchip_no_smoothing,noisy,242,244,1.0082644628099173,PRESERVED
161136,zmaxis,cubic_spline_simple,slow_varying,242,244,1.0082644628099173,PRESERVED
161136,zsurf,cubic_spline_simple,slow_varying,242,244,1.0082644628099173,PRESERVED
161138,aminor,cubic_spline,smooth_high_snr,243,244,1.0041152263374487,PRESERVED
161138,area,cubic_spline,smooth_high_snr,243,244,1.0041152263374487,PRESERVED
161138,betan,cubic_spline,smooth_high_snr,243,244,1.0041152263374487,PRESERVED
161138,bt,cubic_spline,smooth_high_snr,9990,4995,0.5,DOWNSAMPLED
161138,cerqrott10,cubic_spline_simple,slow_varying,380,379,0.9973684210526316,PRESERVED
161138,cerqrott11,cubic_spline_simple,slow_varying,380,379,0.9973684210526316,PRESERVED
161138,cerqrott12,cubic_spline_simple,slow_varying,380,379,0.9973684210526316,PRESERVED
161138,cerqrott13,cubic_spline_simple,slow_varying,380,379,0.9973684210526316,PRESERVED
161138,cerqrott3,cubic_spline,smooth_high_snr,860,430,0.5,DOWNSAMPLED
161138,cerqrott6,cubic_spline,smooth_high_snr,860,430,0.5,DOWNSAMPLED
161138,cerqrott8,cubic_spline,smooth_high_snr,380,379,0.9973684210526316,PRESERVED
161138,cerqtit10,cubic_spline,smooth_high_snr,380,379,0.9973684210526316,PRESERVED
161138,cerqtit11,cubic_spline_simple,slow_varying,380,379,0.9973684210526316,PRESERVED
161138,cerqtit12,cubic_spline_simple,slow_varying,380,379,0.9973684210526316,PRESERVED
161138,cerqtit13,cubic_spline_simple,slow_varying,380,379,0.9973684210526316,PRESERVED
161138,cerqtit3,cubic_spline,smooth_high_snr,860,430,0.5,DOWNSAMPLED
161138,cerqtit6,cubic_spline,smooth_high_snr,860,430,0.5,DOWNSAMPLED
161138,cerqtit8,cubic_spline,smooth_high_snr,380,379,0.9973684210526316,PRESERVED
161138,density,cubic_spline,smooth_high_snr,4895,4894,0.9997957099080694,PRESERVED
161138,drsep,pchip_careful,fast_transient,243,244,1.0041152263374487,PRESERVED
161138,ece1,cubic_spline,smooth_high_snr,24976,24975,0.9999599615631006,PRESERVED
161138,ece2,cubic_spline,smooth_high_snr,24976,24975,0.9999599615631006,PRESERVED
161138,ece3,cubic_spline,smooth_high_snr,24976,24975,0.9999599615631006,PRESERVED
161138,ece4,cubic_spline,smooth_high_snr,24976,24975,0.9999599615631006,PRESERVED
161138,ece5,cubic_spline,smooth_high_snr,24976,24975,0.9999599615631006,PRESERVED
161138,ece6,cubic_spline,smooth_high_snr,24976,24975,0.9999599615631006,PRESERVED
161138,ece7,cubic_spline,smooth_high_snr,24976,24975,0.9999599615631006,PRESERVED
161138,ece8,cubic_spline,smooth_high_snr,24976,24975,0.9999599615631006,PRESERVED
161138,ece9,cubic_spline,smooth_high_snr,24976,24975,0.9999599615631006,PRESERVED
161138,ece10,cubic_spline,smooth_high_snr,24976,24975,0.9999599615631006,PRESERVED
161138,ece11,cubic_spline,smooth_high_snr,24976,24975,0.9999599615631006,PRESERVED
161138,ece12,cubic_spline,smooth_high_snr,24976,24975,0.9999599615631006,PRESERVED
161138,ece13,cubic_spline,smooth_high_snr,24976,24975,0.9999599615631006,PRESERVED
161138,ece14,cubic_spline,smooth_high_snr,24976,24975,0.9999599615631006,PRESERVED
161138,ece15,cubic_spline,smooth_high_snr,24976,24975,0.9999599615631006,PRESERVED
161138,ece16,cubic_spline,smooth_high_snr,24976,24975,0.9999599615631006,PRESERVED
161138,ece17,cubic_spline,smooth_high_snr,24976,24975,0.9999599615631006,PRESERVED
161138,ece18,cubic_spline,smooth_high_snr,24976,24975,0.9999599615631006,PRESERVED
161138,ece19,cubic_spline,smooth_high_snr,24976,24975,0.9999599615631006,PRESERVED
161138,ece20,cubic_spline,smooth_high_snr,24976,24975,0.9999599615631006,PRESERVED
161138,ece21,cubic_spline,smooth_high_snr,24976,24975,0.9999599615631006,PRESERVED
161138,ece22,cubic_spline,smooth_high_snr,24976,24975,0.9999599615631006,PRESERVED
161138,ece23,cubic_spline,smooth_high_snr,24976,24975,0.9999599615631006,PRESERVED
161138,ece24,cubic_spline,smooth_high_snr,24976,24975,0.9999599615631006,PRESERVED
161138,ece25,cubic_spline,smooth_high_snr,24976,24975,0.9999599615631006,PRESERVED
161138,ece26,cubic_spline,smooth_high_snr,24976,24975,0.9999599615631006,PRESERVED
161138,ece27,cubic_spline,smooth_high_snr,24976,24975,0.9999599615631006,PRESERVED
161138,ece28,cubic_spline,smooth_high_snr,24976,24975,0.9999599615631006,PRESERVED
161138,ece29,cubic_spline,smooth_high_snr,24976,24975,0.9999599615631006,PRESERVED
161138,ece30,cubic_spline,smooth_high_snr,24976,24975,0.9999599615631006,PRESERVED
161138,ece31,cubic_spline,smooth_high_snr,24976,24975,0.9999599615631006,PRESERVED
161138,ece32,cubic_spline,smooth_high_snr,24976,24975,0.9999599615631006,PRESERVED
161138,ece33,cubic_spline,smooth_high_snr,24976,24975,0.9999599615631006,PRESERVED
161138,ece34,cubic_spline,smooth_high_snr,24976,24975,0.9999599615631006,PRESERVED
161138,ece35,cubic_spline,smooth_high_snr,24976,24975,0.9999599615631006,PRESERVED
161138,ece36,cubic_spline,smooth_high_snr,24976,24975,0.9999599615631006,PRESERVED
161138,ece37,cubic_spline,smooth_high_snr,24976,24975,0.9999599615631006,PRESERVED
161138,ece38,cubic_spline,smooth_high_snr,24976,24975,0.9999599615631006,PRESERVED
161138,ece39,cubic_spline,smooth_high_snr,24976,24975,0.9999599615631006,PRESERVED
161138,ece40,cubic_spline,smooth_high_snr,24976,24975,0.9999599615631006,PRESERVED
161138,fs03da,pchip_no_smoothing,noisy,99900,249748,2.49997997997998,UPSAMPLED
161138,fs04,cubic_spline_simple,slow_varying,99900,249748,2.49997997997998,UPSAMPLED
161138,fs04da,cubic_spline_simple,slow_varying,99900,249748,2.49997997997998,UPSAMPLED
161138,fs05da,pchip_careful,fast_transient,99900,249748,2.49997997997998,UPSAMPLED
161138,gasa,decimate_with_antialiasing,smooth_high_snr,9990,2498,0.25005005005005004,DOWNSAMPLED
161138,gasb,decimate_with_antialiasing,fast_transient,9990,2498,0.25005005005005004,DOWNSAMPLED
161138,gasc,decimate_with_antialiasing,fast_transient,9990,2498,0.25005005005005004,DOWNSAMPLED
161138,gasd,decimate_with_antialiasing,noisy,9990,2498,0.25005005005005004,DOWNSAMPLED
161138,ip,cubic_spline,smooth_high_snr,9991,4995,0.49994995495946354,DOWNSAMPLED
161138,kappa,cubic_spline,smooth_high_snr,243,244,1.0041152263374487,PRESERVED
161138,li,cubic_spline,smooth_high_snr,243,244,1.0041152263374487,PRESERVED
161138,pcbcoil,decimate_with_antialiasing,smooth_high_snr,99901,4996,0.050009509414320176,DOWNSAMPLED
161138,pcdiamag3,decimate_with_antialiasing,smooth_high_snr,99901,4996,0.050009509414320176,DOWNSAMPLED
161138,pinj,cubic_spline,smooth_high_snr,49951,49950,0.9999799803807732,PRESERVED
161138,pinj_15l,pchip_careful,fast_transient,49951,49950,0.9999799803807732,PRESERVED
161138,pinj_15r,pchip_careful,fast_transient,49951,49950,0.9999799803807732,PRESERVED
161138,pinj_21l,cubic_spline,smooth_high_snr,49951,49950,0.9999799803807732,PRESERVED
161138,pinj_21r,pchip_careful,fast_transient,49951,49950,0.9999799803807732,PRESERVED
161138,pinj_30l,pchip_careful,fast_transient,49951,49950,0.9999799803807732,PRESERVED
161138,pinj_30r,cubic_spline,smooth_high_snr,49951,49950,0.9999799803807732,PRESERVED
161138,pinj_33l,pchip_careful,fast_transient,49951,49950,0.9999799803807732,PRESERVED
161138,pinj_33r,cubic_spline,smooth_high_snr,49951,49950,0.9999799803807732,PRESERVED
161138,prmtan_neped,pchip_careful,fast_transient,835,470,0.562874251497006,DOWNSAMPLED
161138,prmtan_teped,cubic_spline_simple,slow_varying,762,470,0.6167979002624672,DOWNSAMPLED
161138,q95,cubic_spline,smooth_high_snr,243,244,1.0041152263374487,PRESERVED
161138,rmaxis,cubic_spline,smooth_high_snr,243,244,1.0041152263374487,PRESERVED
161138,rsurf,cubic_spline,smooth_high_snr,243,244,1.0041152263374487,PRESERVED
161138,tinj,cubic_spline,smooth_high_snr,49951,49950,0.9999799803807732,PRESERVED
161138,tribot,pchip_careful,fast_transient,243,244,1.0041152263374487,PRESERVED
161138,tritop,cubic_spline,smooth_high_snr,243,244,1.0041152263374487,PRESERVED
161138,volume,cubic_spline,smooth_high_snr,243,244,1.0041152263374487,PRESERVED
161138,vsurf,cubic_spline,smooth_high_snr,243,244,1.0041152263374487,PRESERVED
161138,zcur,pchip_no_smoothing,noisy,243,244,1.0041152263374487,PRESERVED
161138,zmaxis,cubic_spline_simple,slow_varying,243,244,1.0041152263374487,PRESERVED
161138,zsurf,cubic_spline_simple,slow_varying,243,244,1.0041152263374487,PRESERVED
161145,aminor,cubic_spline,smooth_high_snr,240,244,1.0166666666666666,UPSAMPLED
161145,area,cubic_spline,smooth_high_snr,240,244,1.0166666666666666,UPSAMPLED
161145,betan,cubic_spline,smooth_high_snr,240,244,1.0166666666666666,UPSAMPLED
161145,bt,cubic_spline,smooth_high_snr,9990,4995,0.5,DOWNSAMPLED
161145,cerqrott10,cubic_spline_simple,slow_varying,380,379,0.9973684210526316,PRESERVED
161145,cerqrott11,cubic_spline_simple,slow_varying,380,379,0.9973684210526316,PRESERVED
161145,cerqrott12,cubic_spline_simple,slow_varying,380,379,0.9973684210526316,PRESERVED
161145,cerqrott13,cubic_spline_simple,slow_varying,380,379,0.9973684210526316,PRESERVED
161145,cerqrott3,cubic_spline,smooth_high_snr,860,430,0.5,DOWNSAMPLED
161145,cerqrott6,cubic_spline,smooth_high_snr,860,430,0.5,DOWNSAMPLED
161145,cerqrott8,cubic_spline,smooth_high_snr,380,379,0.9973684210526316,PRESERVED
161145,cerqtit10,cubic_spline,smooth_high_snr,380,379,0.9973684210526316,PRESERVED
161145,cerqtit11,cubic_spline_simple,slow_varying,380,379,0.9973684210526316,PRESERVED
161145,cerqtit12,cubic_spline_simple,slow_varying,380,379,0.9973684210526316,PRESERVED
161145,cerqtit13,cubic_spline_simple,slow_varying,380,379,0.9973684210526316,PRESERVED
161145,cerqtit3,cubic_spline,smooth_high_snr,860,430,0.5,DOWNSAMPLED
161145,cerqtit6,cubic_spline,smooth_high_snr,860,430,0.5,DOWNSAMPLED
161145,cerqtit8,cubic_spline,smooth_high_snr,380,379,0.9973684210526316,PRESERVED
161145,density,cubic_spline,smooth_high_snr,4895,4894,0.9997957099080694,PRESERVED
161145,drsep,pchip_careful,fast_transient,240,244,1.0166666666666666,UPSAMPLED
161145,ece1,cubic_spline,smooth_high_snr,24976,24975,0.9999599615631006,PRESERVED
161145,ece2,cubic_spline,smooth_high_snr,24976,24975,0.9999599615631006,PRESERVED
161145,ece3,cubic_spline,smooth_high_snr,24976,24975,0.9999599615631006,PRESERVED
161145,ece4,cubic_spline,smooth_high_snr,24976,24975,0.9999599615631006,PRESERVED
161145,ece5,cubic_spline,smooth_high_snr,24976,24975,0.9999599615631006,PRESERVED
161145,ece6,cubic_spline,smooth_high_snr,24976,24975,0.9999599615631006,PRESERVED
161145,ece7,cubic_spline,smooth_high_snr,24976,24975,0.9999599615631006,PRESERVED
161145,ece8,cubic_spline,smooth_high_snr,24976,24975,0.9999599615631006,PRESERVED
161145,ece9,cubic_spline,smooth_high_snr,24976,24975,0.9999599615631006,PRESERVED
161145,ece10,cubic_spline,smooth_high_snr,24976,24975,0.9999599615631006,PRESERVED
161145,ece11,cubic_spline,smooth_high_snr,24976,24975,0.9999599615631006,PRESERVED
161145,ece12,cubic_spline,smooth_high_snr,24976,24975,0.9999599615631006,PRESERVED
161145,ece13,cubic_spline,smooth_high_snr,24976,24975,0.9999599615631006,PRESERVED
161145,ece14,cubic_spline,smooth_high_snr,24976,24975,0.9999599615631006,PRESERVED
161145,ece15,cubic_spline,smooth_high_snr,24976,24975,0.9999599615631006,PRESERVED
161145,ece16,cubic_spline,smooth_high_snr,24976,24975,0.9999599615631006,PRESERVED
161145,ece17,cubic_spline,smooth_high_snr,24976,24975,0.9999599615631006,PRESERVED
161145,ece18,cubic_spline,smooth_high_snr,24976,24975,0.9999599615631006,PRESERVED
161145,ece19,cubic_spline,smooth_high_snr,24976,24975,0.9999599615631006,PRESERVED
161145,ece20,cubic_spline,smooth_high_snr,24976,24975,0.9999599615631006,PRESERVED
161145,ece21,cubic_spline,smooth_high_snr,24976,24975,0.9999599615631006,PRESERVED
161145,ece22,cubic_spline,smooth_high_snr,24976,24975,0.9999599615631006,PRESERVED
161145,ece23,cubic_spline,smooth_high_snr,24976,24975,0.9999599615631006,PRESERVED
161145,ece24,cubic_spline,smooth_high_snr,24976,24975,0.9999599615631006,PRESERVED
161145,ece25,cubic_spline,smooth_high_snr,24976,24975,0.9999599615631006,PRESERVED
161145,ece26,cubic_spline,smooth_high_snr,24976,24975,0.9999599615631006,PRESERVED
161145,ece27,cubic_spline,smooth_high_snr,24976,24975,0.9999599615631006,PRESERVED
161145,ece28,cubic_spline,smooth_high_snr,24976,24975,0.9999599615631006,PRESERVED
161145,ece29,cubic_spline,smooth_high_snr,24976,24975,0.9999599615631006,PRESERVED
161145,ece30,cubic_spline,smooth_high_snr,24976,24975,0.9999599615631006,PRESERVED
161145,ece31,cubic_spline,smooth_high_snr,24976,24975,0.9999599615631006,PRESERVED
161145,ece32,cubic_spline,smooth_high_snr,24976,24975,0.9999599615631006,PRESERVED
161145,ece33,cubic_spline,smooth_high_snr,24976,24975,0.9999599615631006,PRESERVED
161145,ece34,cubic_spline,smooth_high_snr,24976,24975,0.9999599615631006,PRESERVED
161145,ece35,cubic_spline,smooth_high_snr,24976,24975,0.9999599615631006,PRESERVED
161145,ece36,cubic_spline,smooth_high_snr,24976,24975,0.9999599615631006,PRESERVED
161145,ece37,cubic_spline,smooth_high_snr,24976,24975,0.9999599615631006,PRESERVED
161145,ece38,cubic_spline,smooth_high_snr,24976,24975,0.9999599615631006,PRESERVED
161145,ece39,cubic_spline,smooth_high_snr,24976,24975,0.9999599615631006,PRESERVED
161145,ece40,cubic_spline,smooth_high_snr,24976,24975,0.9999599615631006,PRESERVED
161145,fs03da,pchip_no_smoothing,noisy,99900,249748,2.49997997997998,UPSAMPLED
161145,fs04,cubic_spline_simple,slow_varying,99900,249748,2.49997997997998,UPSAMPLED
161145,fs04da,cubic_spline_simple,slow_varying,99900,249748,2.49997997997998,UPSAMPLED
161145,fs05da,pchip_careful,fast_transient,99900,249748,2.49997997997998,UPSAMPLED
161145,gasa,decimate_with_antialiasing,smooth_high_snr,9990,2498,0.25005005005005004,DOWNSAMPLED
161145,gasb,decimate_with_antialiasing,fast_transient,9990,2498,0.25005005005005004,DOWNSAMPLED
161145,gasc,decimate_with_antialiasing,fast_transient,9990,2498,0.25005005005005004,DOWNSAMPLED
161145,gasd,decimate_with_antialiasing,noisy,9990,2498,0.25005005005005004,DOWNSAMPLED
161145,ip,cubic_spline,smooth_high_snr,9991,4995,0.49994995495946354,DOWNSAMPLED
161145,kappa,cubic_spline,smooth_high_snr,240,244,1.0166666666666666,UPSAMPLED
161145,li,cubic_spline,smooth_high_snr,240,244,1.0166666666666666,UPSAMPLED
161145,pcbcoil,decimate_with_antialiasing,smooth_high_snr,99901,4996,0.050009509414320176,DOWNSAMPLED
161145,pcdiamag3,decimate_with_antialiasing,smooth_high_snr,99901,4996,0.050009509414320176,DOWNSAMPLED
161145,pinj,cubic_spline,smooth_high_snr,49951,49950,0.9999799803807732,PRESERVED
161145,pinj_15l,pchip_careful,fast_transient,49951,49950,0.9999799803807732,PRESERVED
161145,pinj_15r,pchip_careful,fast_transient,49951,49950,0.9999799803807732,PRESERVED
161145,pinj_21l,cubic_spline,smooth_high_snr,49951,49950,0.9999799803807732,PRESERVED
161145,pinj_21r,pchip_careful,fast_transient,49951,49950,0.9999799803807732,PRESERVED
161145,pinj_30l,pchip_careful,fast_transient,49951,49950,0.9999799803807732,PRESERVED
161145,pinj_30r,cubic_spline,smooth_high_snr,49951,49950,0.9999799803807732,PRESERVED
161145,pinj_33l,pchip_careful,fast_transient,49951,49950,0.9999799803807732,PRESERVED
161145,pinj_33r,cubic_spline,smooth_high_snr,49951,49950,0.9999799803807732,PRESERVED
161145,prmtan_neped,pchip_careful,fast_transient,844,470,0.556872037914692,DOWNSAMPLED
161145,prmtan_teped,cubic_spline_simple,slow_varying,786,470,0.5979643765903307,DOWNSAMPLED
161145,q95,cubic_spline,smooth_high_snr,240,244,1.0166666666666666,UPSAMPLED
161145,rmaxis,cubic_spline,smooth_high_snr,240,244,1.0166666666666666,UPSAMPLED
161145,rsurf,cubic_spline,smooth_high_snr,240,244,1.0166666666666666,UPSAMPLED
161145,tinj,cubic_spline,smooth_high_snr,49951,49950,0.9999799803807732,PRESERVED
161145,tribot,pchip_careful,fast_transient,240,244,1.0166666666666666,UPSAMPLED
161145,tritop,cubic_spline,smooth_high_snr,240,244,1.0166666666666666,UPSAMPLED
161145,volume,cubic_spline,smooth_high_snr,240,244,1.0166666666666666,UPSAMPLED
161145,vsurf,cubic_spline,smooth_high_snr,240,244,1.0166666666666666,UPSAMPLED
161145,zcur,pchip_no_smoothing,noisy,240,244,1.0166666666666666,UPSAMPLED
161145,zmaxis,cubic_spline_simple,slow_varying,240,244,1.0166666666666666,UPSAMPLED
161145,zsurf,cubic_spline_simple,slow_varying,240,244,1.0166666666666666,UPSAMPLED
161414,aminor,cubic_spline,smooth_high_snr,282,287,1.0177304964539007,UPSAMPLED
161414,area,cubic_spline,smooth_high_snr,282,287,1.0177304964539007,UPSAMPLED
161414,betan,cubic_spline,smooth_high_snr,282,287,1.0177304964539007,UPSAMPLED
161414,bt,cubic_spline,smooth_high_snr,11701,5850,0.49995726860952056,DOWNSAMPLED
161414,cerqrott10,cubic_spline_simple,slow_varying,885,515,0.5819209039548022,DOWNSAMPLED
161414,cerqrott11,cubic_spline_simple,slow_varying,885,515,0.5819209039548022,DOWNSAMPLED
161414,cerqrott12,cubic_spline_simple,slow_varying,885,515,0.5819209039548022,DOWNSAMPLED
161414,cerqrott13,cubic_spline_simple,slow_varying,885,515,0.5819209039548022,DOWNSAMPLED
161414,cerqrott3,cubic_spline,smooth_high_snr,833,513,0.6158463385354142,DOWNSAMPLED
161414,cerqrott6,cubic_spline,smooth_high_snr,833,513,0.6158463385354142,DOWNSAMPLED
161414,cerqrott8,cubic_spline,smooth_high_snr,885,515,0.5819209039548022,DOWNSAMPLED
161414,cerqtit10,cubic_spline,smooth_high_snr,885,515,0.5819209039548022,DOWNSAMPLED
161414,cerqtit11,cubic_spline_simple,slow_varying,885,515,0.5819209039548022,DOWNSAMPLED
161414,cerqtit12,cubic_spline_simple,slow_varying,885,515,0.5819209039548022,DOWNSAMPLED
161414,cerqtit13,cubic_spline_simple,slow_varying,885,515,0.5819209039548022,DOWNSAMPLED
161414,cerqtit3,cubic_spline,smooth_high_snr,833,513,0.6158463385354142,DOWNSAMPLED
161414,cerqtit6,cubic_spline,smooth_high_snr,833,513,0.6158463385354142,DOWNSAMPLED
161414,cerqtit8,cubic_spline,smooth_high_snr,885,515,0.5819209039548022,DOWNSAMPLED
161414,density,cubic_spline,smooth_high_snr,5750,5749,0.9998260869565218,PRESERVED
161414,drsep,pchip_careful,fast_transient,282,287,1.0177304964539007,UPSAMPLED
161414,ece1,cubic_spline,smooth_high_snr,29250,29249,0.9999658119658119,PRESERVED
161414,ece2,cubic_spline,smooth_high_snr,29250,29249,0.9999658119658119,PRESERVED
161414,ece3,cubic_spline,smooth_high_snr,29250,29249,0.9999658119658119,PRESERVED
161414,ece4,cubic_spline,smooth_high_snr,29250,29249,0.9999658119658119,PRESERVED
161414,ece5,cubic_spline,smooth_high_snr,29250,29249,0.9999658119658119,PRESERVED
161414,ece6,cubic_spline,smooth_high_snr,29250,29249,0.9999658119658119,PRESERVED
161414,ece7,cubic_spline,smooth_high_snr,29250,29249,0.9999658119658119,PRESERVED
161414,ece8,cubic_spline,smooth_high_snr,29250,29249,0.9999658119658119,PRESERVED
161414,ece9,cubic_spline,smooth_high_snr,29250,29249,0.9999658119658119,PRESERVED
161414,ece10,cubic_spline,smooth_high_snr,29250,29249,0.9999658119658119,PRESERVED
161414,ece11,cubic_spline,smooth_high_snr,29250,29249,0.9999658119658119,PRESERVED
161414,ece12,cubic_spline,smooth_high_snr,29250,29249,0.9999658119658119,PRESERVED
161414,ece13,cubic_spline,smooth_high_snr,29250,29249,0.9999658119658119,PRESERVED
161414,ece14,cubic_spline,smooth_high_snr,29250,29249,0.9999658119658119,PRESERVED
161414,ece15,cubic_spline,smooth_high_snr,29250,29249,0.9999658119658119,PRESERVED
161414,ece16,cubic_spline,smooth_high_snr,29250,29249,0.9999658119658119,PRESERVED
161414,ece17,cubic_spline,smooth_high_snr,29250,29249,0.9999658119658119,PRESERVED
161414,ece18,cubic_spline,smooth_high_snr,29250,29249,0.9999658119658119,PRESERVED
161414,ece19,cubic_spline,smooth_high_snr,29250,29249,0.9999658119658119,PRESERVED
161414,ece20,cubic_spline,smooth_high_snr,29250,29249,0.9999658119658119,PRESERVED
161414,ece21,cubic_spline,smooth_high_snr,29250,29249,0.9999658119658119,PRESERVED
161414,ece22,cubic_spline,smooth_high_snr,29250,29249,0.9999658119658119,PRESERVED
161414,ece23,cubic_spline,smooth_high_snr,29250,29249,0.9999658119658119,PRESERVED
161414,ece24,cubic_spline,smooth_high_snr,29250,29249,0.9999658119658119,PRESERVED
161414,ece25,cubic_spline,smooth_high_snr,29250,29249,0.9999658119658119,PRESERVED
161414,ece26,cubic_spline,smooth_high_snr,29250,29249,0.9999658119658119,PRESERVED
161414,ece27,cubic_spline,smooth_high_snr,29250,29249,0.9999658119658119,PRESERVED
161414,ece28,cubic_spline,smooth_high_snr,29250,29249,0.9999658119658119,PRESERVED
161414,ece29,cubic_spline,smooth_high_snr,29250,29249,0.9999658119658119,PRESERVED
161414,ece30,cubic_spline,smooth_high_snr,29250,29249,0.9999658119658119,PRESERVED
161414,ece31,cubic_spline,smooth_high_snr,29250,29249,0.9999658119658119,PRESERVED
161414,ece32,cubic_spline,smooth_high_snr,29250,29249,0.9999658119658119,PRESERVED
161414,ece33,cubic_spline,smooth_high_snr,29250,29249,0.9999658119658119,PRESERVED
161414,ece34,cubic_spline,smooth_high_snr,29250,29249,0.9999658119658119,PRESERVED
161414,ece35,cubic_spline,smooth_high_snr,29250,29249,0.9999658119658119,PRESERVED
161414,ece36,cubic_spline,smooth_high_snr,29250,29249,0.9999658119658119,PRESERVED
161414,ece37,cubic_spline,smooth_high_snr,29250,29249,0.9999658119658119,PRESERVED
161414,ece38,cubic_spline,smooth_high_snr,29250,29249,0.9999658119658119,PRESERVED
161414,ece39,cubic_spline,smooth_high_snr,29250,29249,0.9999658119658119,PRESERVED
161414,ece40,cubic_spline,smooth_high_snr,29250,29249,0.9999658119658119,PRESERVED
161414,fs03da,pchip_no_smoothing,noisy,292500,292499,0.9999965811965812,PRESERVED
161414,fs04,cubic_spline_simple,slow_varying,292500,292499,0.9999965811965812,PRESERVED
161414,fs04da,cubic_spline_simple,slow_varying,292500,292499,0.9999965811965812,PRESERVED
161414,fs05da,pchip_careful,fast_transient,292500,292499,0.9999965811965812,PRESERVED
161414,gasa,decimate_with_antialiasing,smooth_high_snr,11701,2926,0.2500640970857192,DOWNSAMPLED
161414,gasb,decimate_with_antialiasing,fast_transient,11701,2926,0.2500640970857192,DOWNSAMPLED
161414,gasc,decimate_with_antialiasing,fast_transient,11701,2926,0.2500640970857192,DOWNSAMPLED
161414,gasd,decimate_with_antialiasing,noisy,11701,2926,0.2500640970857192,DOWNSAMPLED
161414,ip,cubic_spline,smooth_high_snr,11701,5850,0.49995726860952056,DOWNSAMPLED
161414,kappa,cubic_spline,smooth_high_snr,282,287,1.0177304964539007,UPSAMPLED
161414,li,cubic_spline,smooth_high_snr,282,287,1.0177304964539007,UPSAMPLED
161414,pcbcoil,decimate_with_antialiasing,smooth_high_snr,117001,5851,0.050008119588721464,DOWNSAMPLED
161414,pcdiamag3,decimate_with_antialiasing,smooth_high_snr,117001,5851,0.050008119588721464,DOWNSAMPLED
161414,pinj,cubic_spline,smooth_high_snr,58501,58500,0.9999829062751064,PRESERVED
161414,pinj_15l,pchip_careful,fast_transient,58501,58500,0.9999829062751064,PRESERVED
161414,pinj_15r,pchip_careful,fast_transient,58501,58500,0.9999829062751064,PRESERVED
161414,pinj_21l,cubic_spline,smooth_high_snr,58501,58500,0.9999829062751064,PRESERVED
161414,pinj_21r,pchip_careful,fast_transient,58501,58500,0.9999829062751064,PRESERVED
161414,pinj_30l,pchip_careful,fast_transient,58501,58500,0.9999829062751064,PRESERVED
161414,pinj_30r,cubic_spline,smooth_high_snr,58501,58500,0.9999829062751064,PRESERVED
161414,pinj_33l,pchip_careful,fast_transient,58501,58500,0.9999829062751064,PRESERVED
161414,pinj_33r,cubic_spline,smooth_high_snr,58501,58500,0.9999829062751064,PRESERVED
161414,prmtan_neped,pchip_careful,fast_transient,996,555,0.5572289156626506,DOWNSAMPLED
161414,prmtan_teped,cubic_spline_simple,slow_varying,962,555,0.5769230769230769,DOWNSAMPLED
161414,q95,cubic_spline,smooth_high_snr,282,287,1.0177304964539007,UPSAMPLED
161414,rmaxis,cubic_spline,smooth_high_snr,282,287,1.0177304964539007,UPSAMPLED
161414,rsurf,cubic_spline,smooth_high_snr,282,287,1.0177304964539007,UPSAMPLED
161414,tinj,cubic_spline,smooth_high_snr,58501,58500,0.9999829062751064,PRESERVED
161414,tribot,pchip_careful,fast_transient,282,287,1.0177304964539007,UPSAMPLED
161414,tritop,cubic_spline,smooth_high_snr,282,287,1.0177304964539007,UPSAMPLED
161414,volume,cubic_spline,smooth_high_snr,282,287,1.0177304964539007,UPSAMPLED
161414,vsurf,cubic_spline,smooth_high_snr,282,287,1.0177304964539007,UPSAMPLED
161414,zcur,pchip_no_smoothing,noisy,282,287,1.0177304964539007,UPSAMPLED
161414,zmaxis,cubic_spline_simple,slow_varying,282,287,1.0177304964539007,UPSAMPLED
161414,zsurf,cubic_spline_simple,slow_varying,282,287,1.0177304964539007,UPSAMPLED
165017,aminor,cubic_spline,smooth_high_snr,230,240,1.0434782608695652,UPSAMPLED
165017,area,cubic_spline,smooth_high_snr,230,240,1.0434782608695652,UPSAMPLED
165017,betan,cubic_spline,smooth_high_snr,230,240,1.0434782608695652,UPSAMPLED
165017,bt,decimate_with_antialiasing,smooth_high_snr,9811,4906,0.5000509632045663,DOWNSAMPLED
165017,cerqrott10,cubic_spline_simple,slow_varying,813,431,0.5301353013530136,DOWNSAMPLED
165017,cerqrott11,cubic_spline_simple,slow_varying,813,431,0.5301353013530136,DOWNSAMPLED
165017,cerqrott12,cubic_spline_simple,slow_varying,813,431,0.5301353013530136,DOWNSAMPLED
165017,cerqrott13,cubic_spline_simple,slow_varying,760,431,0.5671052631578948,DOWNSAMPLED
165017,cerqrott3,cubic_spline,smooth_high_snr,757,451,0.5957727873183619,DOWNSAMPLED
165017,cerqrott6,cubic_spline,smooth_high_snr,757,451,0.5957727873183619,DOWNSAMPLED
165017,cerqrott8,cubic_spline,smooth_high_snr,813,431,0.5301353013530136,DOWNSAMPLED
165017,cerqtit10,cubic_spline,smooth_high_snr,813,431,0.5301353013530136,DOWNSAMPLED
165017,cerqtit11,cubic_spline_simple,slow_varying,813,431,0.5301353013530136,DOWNSAMPLED
165017,cerqtit12,cubic_spline_simple,slow_varying,813,431,0.5301353013530136,DOWNSAMPLED
165017,cerqtit13,cubic_spline_simple,slow_varying,760,431,0.5671052631578948,DOWNSAMPLED
165017,cerqtit3,cubic_spline,smooth_high_snr,757,451,0.5957727873183619,DOWNSAMPLED
165017,cerqtit6,cubic_spline,smooth_high_snr,757,451,0.5957727873183619,DOWNSAMPLED
165017,cerqtit8,cubic_spline,smooth_high_snr,813,431,0.5301353013530136,DOWNSAMPLED
165017,density,cubic_spline,smooth_high_snr,4800,4799,0.9997916666666666,PRESERVED
165017,drsep,pchip_careful,fast_transient,230,240,1.0434782608695652,UPSAMPLED
165017,ece1,cubic_spline,smooth_high_snr,24526,24525,0.9999592269428361,PRESERVED
165017,ece2,cubic_spline,smooth_high_snr,24526,24525,0.9999592269428361,PRESERVED
165017,ece3,cubic_spline,smooth_high_snr,24526,24525,0.9999592269428361,PRESERVED
165017,ece4,cubic_spline,smooth_high_snr,24526,24525,0.9999592269428361,PRESERVED
165017,ece5,cubic_spline,smooth_high_snr,24526,24525,0.9999592269428361,PRESERVED
165017,ece6,cubic_spline,smooth_high_snr,24526,24525,0.9999592269428361,PRESERVED
165017,ece7,cubic_spline,smooth_high_snr,24526,24525,0.9999592269428361,PRESERVED
165017,ece8,cubic_spline,smooth_high_snr,24526,24525,0.9999592269428361,PRESERVED
165017,ece9,cubic_spline,smooth_high_snr,24526,24525,0.9999592269428361,PRESERVED
165017,ece10,cubic_spline,smooth_high_snr,24526,24525,0.9999592269428361,PRESERVED
165017,ece11,cubic_spline,smooth_high_snr,24526,24525,0.9999592269428361,PRESERVED
165017,ece12,cubic_spline,smooth_high_snr,24526,24525,0.9999592269428361,PRESERVED
165017,ece13,cubic_spline,smooth_high_snr,24526,24525,0.9999592269428361,PRESERVED
165017,ece14,cubic_spline,smooth_high_snr,24526,24525,0.9999592269428361,PRESERVED
165017,ece15,cubic_spline,smooth_high_snr,24526,24525,0.9999592269428361,PRESERVED
165017,ece16,cubic_spline,smooth_high_snr,24526,24525,0.9999592269428361,PRESERVED
165017,ece17,cubic_spline,smooth_high_snr,24526,24525,0.9999592269428361,PRESERVED
165017,ece18,cubic_spline,smooth_high_snr,24526,24525,0.9999592269428361,PRESERVED
165017,ece19,cubic_spline,smooth_high_snr,24526,24525,0.9999592269428361,PRESERVED
165017,ece20,cubic_spline,smooth_high_snr,24526,24525,0.9999592269428361,PRESERVED
165017,ece21,cubic_spline,smooth_high_snr,24526,24525,0.9999592269428361,PRESERVED
165017,ece22,cubic_spline,smooth_high_snr,24526,24525,0.9999592269428361,PRESERVED
165017,ece23,cubic_spline,smooth_high_snr,24526,24525,0.9999592269428361,PRESERVED
165017,ece24,cubic_spline,smooth_high_snr,24526,24525,0.9999592269428361,PRESERVED
165017,ece25,cubic_spline,smooth_high_snr,24526,24525,0.9999592269428361,PRESERVED
165017,ece26,cubic_spline,smooth_high_snr,24526,24525,0.9999592269428361,PRESERVED
165017,ece27,cubic_spline,smooth_high_snr,24526,24525,0.9999592269428361,PRESERVED
165017,ece28,cubic_spline,smooth_high_snr,24526,24525,0.9999592269428361,PRESERVED
165017,ece29,cubic_spline,smooth_high_snr,24526,24525,0.9999592269428361,PRESERVED
165017,ece30,cubic_spline,smooth_high_snr,24526,24525,0.9999592269428361,PRESERVED
165017,ece31,cubic_spline,smooth_high_snr,24526,24525,0.9999592269428361,PRESERVED
165017,ece32,cubic_spline,smooth_high_snr,24526,24525,0.9999592269428361,PRESERVED
165017,ece33,cubic_spline,smooth_high_snr,24526,24525,0.9999592269428361,PRESERVED
165017,ece34,cubic_spline,smooth_high_snr,24526,24525,0.9999592269428361,PRESERVED
165017,ece35,cubic_spline,smooth_high_snr,24526,24525,0.9999592269428361,PRESERVED
165017,ece36,cubic_spline,smooth_high_snr,24526,24525,0.9999592269428361,PRESERVED
165017,ece37,cubic_spline,smooth_high_snr,24526,24525,0.9999592269428361,PRESERVED
165017,ece38,cubic_spline,smooth_high_snr,24526,24525,0.9999592269428361,PRESERVED
165017,ece39,cubic_spline,smooth_high_snr,24526,24525,0.9999592269428361,PRESERVED
165017,ece40,cubic_spline,smooth_high_snr,24526,24525,0.9999592269428361,PRESERVED
165017,fs03da,pchip_no_smoothing,noisy,245250,245249,0.9999959225280326,PRESERVED
165017,fs04,cubic_spline_simple,slow_varying,245250,245249,0.9999959225280326,PRESERVED
165017,fs04da,cubic_spline_simple,slow_varying,245250,245249,0.9999959225280326,PRESERVED
165017,fs05da,pchip_careful,fast_transient,245250,245249,0.9999959225280326,PRESERVED
165017,gasa,decimate_with_antialiasing,smooth_high_snr,98100,2453,0.025005096839959225,DOWNSAMPLED
165017,gasb,decimate_with_antialiasing,fast_transient,98100,2453,0.025005096839959225,DOWNSAMPLED
165017,gasc,decimate_with_antialiasing,fast_transient,98100,2453,0.025005096839959225,DOWNSAMPLED
165017,gasd,decimate_with_antialiasing,noisy,98100,2453,0.025005096839959225,DOWNSAMPLED
165017,ip,cubic_spline,smooth_high_snr,9811,4905,0.4999490367954337,DOWNSAMPLED
165017,kappa,cubic_spline,smooth_high_snr,230,240,1.0434782608695652,UPSAMPLED
165017,li,cubic_spline,smooth_high_snr,230,240,1.0434782608695652,UPSAMPLED
165017,pcbcoil,decimate_with_antialiasing,smooth_high_snr,98101,4906,0.05000968389720798,DOWNSAMPLED
165017,pcdiamag3,decimate_with_antialiasing,smooth_high_snr,98101,4906,0.05000968389720798,DOWNSAMPLED
165017,pinj,cubic_spline,smooth_high_snr,49051,49050,0.9999796130557991,PRESERVED
165017,pinj_15l,pchip_careful,fast_transient,49051,49050,0.9999796130557991,PRESERVED
165017,pinj_15r,pchip_careful,fast_transient,49051,49050,0.9999796130557991,PRESERVED
165017,pinj_21l,cubic_spline,smooth_high_snr,49051,49050,0.9999796130557991,PRESERVED
165017,pinj_21r,pchip_careful,fast_transient,49051,49050,0.9999796130557991,PRESERVED
165017,pinj_30l,pchip_careful,fast_transient,49051,49050,0.9999796130557991,PRESERVED
165017,pinj_30r,cubic_spline,smooth_high_snr,49051,49050,0.9999796130557991,PRESERVED
165017,pinj_33l,pchip_careful,fast_transient,49051,49050,0.9999796130557991,PRESERVED
165017,pinj_33r,cubic_spline,smooth_high_snr,49051,49050,0.9999796130557991,PRESERVED
165017,prmtan_neped,decimate_with_antialiasing,fast_transient,1047,524,0.5004775549188156,DOWNSAMPLED
165017,prmtan_teped,decimate_with_antialiasing,slow_varying,998,499,0.5,DOWNSAMPLED
165017,q95,cubic_spline,smooth_high_snr,230,240,1.0434782608695652,UPSAMPLED
165017,rmaxis,cubic_spline,smooth_high_snr,230,240,1.0434782608695652,UPSAMPLED
165017,rsurf,cubic_spline,smooth_high_snr,230,240,1.0434782608695652,UPSAMPLED
165017,tinj,cubic_spline,smooth_high_snr,49051,49050,0.9999796130557991,PRESERVED
165017,tribot,pchip_careful,fast_transient,230,240,1.0434782608695652,UPSAMPLED
165017,tritop,cubic_spline,smooth_high_snr,230,240,1.0434782608695652,UPSAMPLED
165017,volume,cubic_spline,smooth_high_snr,230,240,1.0434782608695652,UPSAMPLED
165017,vsurf,cubic_spline,smooth_high_snr,230,240,1.0434782608695652,UPSAMPLED
165017,zcur,pchip_no_smoothing,noisy,230,240,1.0434782608695652,UPSAMPLED
165017,zmaxis,cubic_spline_simple,slow_varying,230,240,1.0434782608695652,UPSAMPLED
165017,zsurf,cubic_spline_simple,slow_varying,230,240,1.0434782608695652,UPSAMPLED
165022,aminor,cubic_spline,smooth_high_snr,218,239,1.0963302752293578,UPSAMPLED
165022,area,cubic_spline,smooth_high_snr,218,239,1.0963302752293578,UPSAMPLED
165022,betan,cubic_spline,smooth_high_snr,218,239,1.0963302752293578,UPSAMPLED
165022,bt,cubic_spline,smooth_high_snr,9791,4895,0.49994893269328977,DOWNSAMPLED
165022,cerqrott10,cubic_spline_simple,slow_varying,784,430,0.548469387755102,DOWNSAMPLED
165022,cerqrott11,cubic_spline_simple,slow_varying,784,430,0.548469387755102,DOWNSAMPLED
165022,cerqrott12,cubic_spline_simple,slow_varying,784,430,0.548469387755102,DOWNSAMPLED
165022,cerqrott13,cubic_spline_simple,slow_varying,775,430,0.5548387096774193,DOWNSAMPLED
165022,cerqrott3,cubic_spline,smooth_high_snr,748,440,0.5882352941176471,DOWNSAMPLED
165022,cerqrott6,cubic_spline,smooth_high_snr,748,440,0.5882352941176471,DOWNSAMPLED
165022,cerqrott8,cubic_spline,smooth_high_snr,784,430,0.548469387755102,DOWNSAMPLED
165022,cerqtit10,cubic_spline,smooth_high_snr,784,430,0.548469387755102,DOWNSAMPLED
165022,cerqtit11,cubic_spline_simple,slow_varying,784,430,0.548469387755102,DOWNSAMPLED
165022,cerqtit12,cubic_spline_simple,slow_varying,784,430,0.548469387755102,DOWNSAMPLED
165022,cerqtit13,cubic_spline_simple,slow_varying,775,430,0.5548387096774193,DOWNSAMPLED
165022,cerqtit3,cubic_spline,smooth_high_snr,748,440,0.5882352941176471,DOWNSAMPLED
165022,cerqtit6,cubic_spline,smooth_high_snr,748,440,0.5882352941176471,DOWNSAMPLED
165022,cerqtit8,cubic_spline,smooth_high_snr,784,430,0.548469387755102,DOWNSAMPLED
165022,density,cubic_spline,smooth_high_snr,4790,4789,0.9997912317327766,PRESERVED
165022,drsep,pchip_careful,fast_transient,218,239,1.0963302752293578,UPSAMPLED
165022,ece1,cubic_spline,smooth_high_snr,24475,24474,0.9999591419816138,PRESERVED
165022,ece2,cubic_spline,smooth_high_snr,24475,24474,0.9999591419816138,PRESERVED
165022,ece3,cubic_spline,smooth_high_snr,24475,24474,0.9999591419816138,PRESERVED
165022,ece4,cubic_spline,smooth_high_snr,24475,24474,0.9999591419816138,PRESERVED
165022,ece5,cubic_spline,smooth_high_snr,24475,24474,0.9999591419816138,PRESERVED
165022,ece6,cubic_spline,smooth_high_snr,24475,24474,0.9999591419816138,PRESERVED
165022,ece7,cubic_spline,smooth_high_snr,24475,24474,0.9999591419816138,PRESERVED
165022,ece8,cubic_spline,smooth_high_snr,24475,24474,0.9999591419816138,PRESERVED
165022,ece9,cubic_spline,smooth_high_snr,24475,24474,0.9999591419816138,PRESERVED
165022,ece10,cubic_spline,smooth_high_snr,24475,24474,0.9999591419816138,PRESERVED
165022,ece11,cubic_spline,smooth_high_snr,24475,24474,0.9999591419816138,PRESERVED
165022,ece12,cubic_spline,smooth_high_snr,24475,24474,0.9999591419816138,PRESERVED
165022,ece13,cubic_spline,smooth_high_snr,24475,24474,0.9999591419816138,PRESERVED
165022,ece14,cubic_spline,smooth_high_snr,24475,24474,0.9999591419816138,PRESERVED
165022,ece15,cubic_spline,smooth_high_snr,24475,24474,0.9999591419816138,PRESERVED
165022,ece16,cubic_spline,smooth_high_snr,24475,24474,0.9999591419816138,PRESERVED
165022,ece17,cubic_spline,smooth_high_snr,24475,24474,0.9999591419816138,PRESERVED
165022,ece18,cubic_spline,smooth_high_snr,24475,24474,0.9999591419816138,PRESERVED
165022,ece19,cubic_spline,smooth_high_snr,24475,24474,0.9999591419816138,PRESERVED
165022,ece20,cubic_spline,smooth_high_snr,24475,24474,0.9999591419816138,PRESERVED
165022,ece21,cubic_spline,smooth_high_snr,24475,24474,0.9999591419816138,PRESERVED
165022,ece22,cubic_spline,smooth_high_snr,24475,24474,0.9999591419816138,PRESERVED
165022,ece23,cubic_spline,smooth_high_snr,24475,24474,0.9999591419816138,PRESERVED
165022,ece24,cubic_spline,smooth_high_snr,24475,24474,0.9999591419816138,PRESERVED
165022,ece25,cubic_spline,smooth_high_snr,24475,24474,0.9999591419816138,PRESERVED
165022,ece26,cubic_spline,smooth_high_snr,24475,24474,0.9999591419816138,PRESERVED
165022,ece27,cubic_spline,smooth_high_snr,24475,24474,0.9999591419816138,PRESERVED
165022,ece28,cubic_spline,smooth_high_snr,24475,24474,0.9999591419816138,PRESERVED
165022,ece29,cubic_spline,smooth_high_snr,24475,24474,0.9999591419816138,PRESERVED
165022,ece30,cubic_spline,smooth_high_snr,24475,24474,0.9999591419816138,PRESERVED
165022,ece31,cubic_spline,smooth_high_snr,24475,24474,0.9999591419816138,PRESERVED
165022,ece32,cubic_spline,smooth_high_snr,24475,24474,0.9999591419816138,PRESERVED
165022,ece33,cubic_spline,smooth_high_snr,24475,24474,0.9999591419816138,PRESERVED
165022,ece34,cubic_spline,smooth_high_snr,24475,24474,0.9999591419816138,PRESERVED
165022,ece35,cubic_spline,smooth_high_snr,24475,24474,0.9999591419816138,PRESERVED
165022,ece36,cubic_spline,smooth_high_snr,24475,24474,0.9999591419816138,PRESERVED
165022,ece37,cubic_spline,smooth_high_snr,24475,24474,0.9999591419816138,PRESERVED
165022,ece38,cubic_spline,smooth_high_snr,24475,24474,0.9999591419816138,PRESERVED
165022,ece39,cubic_spline,smooth_high_snr,24475,24474,0.9999591419816138,PRESERVED
165022,ece40,cubic_spline,smooth_high_snr,24475,24474,0.9999591419816138,PRESERVED
165022,fs03da,pchip_no_smoothing,noisy,244750,244749,0.9999959141981614,PRESERVED
165022,fs04,cubic_spline_simple,slow_varying,244750,244749,0.9999959141981614,PRESERVED
165022,fs04da,cubic_spline_simple,slow_varying,244750,244749,0.9999959141981614,PRESERVED
165022,fs05da,pchip_careful,fast_transient,244750,244749,0.9999959141981614,PRESERVED
165022,gasa,decimate_with_antialiasing,smooth_high_snr,97900,2448,0.025005107252298264,DOWNSAMPLED
165022,gasb,decimate_with_antialiasing,fast_transient,97900,2448,0.025005107252298264,DOWNSAMPLED
165022,gasc,decimate_with_antialiasing,fast_transient,97900,2448,0.025005107252298264,DOWNSAMPLED
165022,gasd,decimate_with_antialiasing,noisy,97900,2448,0.025005107252298264,DOWNSAMPLED
165022,ip,cubic_spline,smooth_high_snr,9790,4895,0.5,DOWNSAMPLED
165022,kappa,cubic_spline,smooth_high_snr,218,239,1.0963302752293578,UPSAMPLED
165022,li,cubic_spline,smooth_high_snr,218,239,1.0963302752293578,UPSAMPLED
165022,pcbcoil,decimate_with_antialiasing,smooth_high_snr,97901,4896,0.050009703680248416,DOWNSAMPLED
165022,pcdiamag3,decimate_with_antialiasing,smooth_high_snr,97901,4896,0.050009703680248416,DOWNSAMPLED
165022,pinj,cubic_spline,smooth_high_snr,48951,48950,0.9999795714081429,PRESERVED
165022,pinj_15l,pchip_careful,fast_transient,48951,48950,0.9999795714081429,PRESERVED
165022,pinj_15r,pchip_careful,fast_transient,48951,48950,0.9999795714081429,PRESERVED
165022,pinj_21l,cubic_spline,smooth_high_snr,48951,48950,0.9999795714081429,PRESERVED
165022,pinj_21r,pchip_careful,fast_transient,48951,48950,0.9999795714081429,PRESERVED
165022,pinj_30l,pchip_careful,fast_transient,48951,48950,0.9999795714081429,PRESERVED
165022,pinj_30r,cubic_spline,smooth_high_snr,48951,48950,0.9999795714081429,PRESERVED
165022,pinj_33l,pchip_careful,fast_transient,48951,48950,0.9999795714081429,PRESERVED
165022,pinj_33r,cubic_spline,smooth_high_snr,48951,48950,0.9999795714081429,PRESERVED
165022,prmtan_neped,decimate_with_antialiasing,fast_transient,1033,517,0.5004840271055179,DOWNSAMPLED
165022,prmtan_teped,decimate_with_antialiasing,slow_varying,994,497,0.5,DOWNSAMPLED
165022,q95,cubic_spline,smooth_high_snr,218,239,1.0963302752293578,UPSAMPLED
165022,rmaxis,cubic_spline,smooth_high_snr,218,239,1.0963302752293578,UPSAMPLED
165022,rsurf,cubic_spline,smooth_high_snr,218,239,1.0963302752293578,UPSAMPLED
165022,tinj,cubic_spline,smooth_high_snr,48951,48950,0.9999795714081429,PRESERVED
165022,tribot,pchip_careful,fast_transient,218,239,1.0963302752293578,UPSAMPLED
165022,tritop,cubic_spline,smooth_high_snr,218,239,1.0963302752293578,UPSAMPLED
165022,volume,cubic_spline,smooth_high_snr,218,239,1.0963302752293578,UPSAMPLED
165022,vsurf,cubic_spline,smooth_high_snr,218,239,1.0963302752293578,UPSAMPLED
165022,zcur,pchip_no_smoothing,noisy,218,239,1.0963302752293578,UPSAMPLED
165022,zmaxis,cubic_spline_simple,slow_varying,218,239,1.0963302752293578,UPSAMPLED
165022,zsurf,cubic_spline_simple,slow_varying,218,239,1.0963302752293578,UPSAMPLED
165026,aminor,cubic_spline,smooth_high_snr,239,240,1.00418410041841,PRESERVED
165026,area,cubic_spline,smooth_high_snr,239,240,1.00418410041841,PRESERVED
165026,betan,cubic_spline,smooth_high_snr,239,240,1.00418410041841,PRESERVED
165026,bt,decimate_with_antialiasing,smooth_high_snr,9811,4906,0.5000509632045663,DOWNSAMPLED
165026,cerqrott10,cubic_spline_simple,slow_varying,807,431,0.5340768277571252,DOWNSAMPLED
165026,cerqrott11,cubic_spline_simple,slow_varying,807,431,0.5340768277571252,DOWNSAMPLED
165026,cerqrott12,cubic_spline_simple,slow_varying,807,431,0.5340768277571252,DOWNSAMPLED
165026,cerqrott13,cubic_spline_simple,slow_varying,807,431,0.5340768277571252,DOWNSAMPLED
165026,cerqrott3,cubic_spline,smooth_high_snr,734,441,0.6008174386920981,DOWNSAMPLED
165026,cerqrott6,cubic_spline,smooth_high_snr,734,441,0.6008174386920981,DOWNSAMPLED
165026,cerqrott8,cubic_spline,smooth_high_snr,807,431,0.5340768277571252,DOWNSAMPLED
165026,cerqtit10,cubic_spline,smooth_high_snr,807,431,0.5340768277571252,DOWNSAMPLED
165026,cerqtit11,cubic_spline_simple,slow_varying,807,431,0.5340768277571252,DOWNSAMPLED
165026,cerqtit12,cubic_spline_simple,slow_varying,807,431,0.5340768277571252,DOWNSAMPLED
165026,cerqtit13,cubic_spline_simple,slow_varying,807,431,0.5340768277571252,DOWNSAMPLED
165026,cerqtit3,cubic_spline,smooth_high_snr,734,441,0.6008174386920981,DOWNSAMPLED
165026,cerqtit6,cubic_spline,smooth_high_snr,734,441,0.6008174386920981,DOWNSAMPLED
165026,cerqtit8,cubic_spline,smooth_high_snr,807,431,0.5340768277571252,DOWNSAMPLED
165026,density,cubic_spline,smooth_high_snr,4800,4799,0.9997916666666666,PRESERVED
165026,drsep,pchip_careful,fast_transient,239,240,1.00418410041841,PRESERVED
165026,ece1,cubic_spline,smooth_high_snr,24526,24525,0.9999592269428361,PRESERVED
165026,ece2,cubic_spline,smooth_high_snr,24526,24525,0.9999592269428361,PRESERVED
165026,ece3,cubic_spline,smooth_high_snr,24526,24525,0.9999592269428361,PRESERVED
165026,ece4,cubic_spline,smooth_high_snr,24526,24525,0.9999592269428361,PRESERVED
165026,ece5,cubic_spline,smooth_high_snr,24526,24525,0.9999592269428361,PRESERVED
165026,ece6,cubic_spline,smooth_high_snr,24526,24525,0.9999592269428361,PRESERVED
165026,ece7,cubic_spline,smooth_high_snr,24526,24525,0.9999592269428361,PRESERVED
165026,ece8,cubic_spline,smooth_high_snr,24526,24525,0.9999592269428361,PRESERVED
165026,ece9,cubic_spline,smooth_high_snr,24526,24525,0.9999592269428361,PRESERVED
165026,ece10,cubic_spline,smooth_high_snr,24526,24525,0.9999592269428361,PRESERVED
165026,ece11,cubic_spline,smooth_high_snr,24526,24525,0.9999592269428361,PRESERVED
165026,ece12,cubic_spline,smooth_high_snr,24526,24525,0.9999592269428361,PRESERVED
165026,ece13,cubic_spline,smooth_high_snr,24526,24525,0.9999592269428361,PRESERVED
165026,ece14,cubic_spline,smooth_high_snr,24526,24525,0.9999592269428361,PRESERVED
165026,ece15,cubic_spline,smooth_high_snr,24526,24525,0.9999592269428361,PRESERVED
165026,ece16,cubic_spline,smooth_high_snr,24526,24525,0.9999592269428361,PRESERVED
165026,ece17,cubic_spline,smooth_high_snr,24526,24525,0.9999592269428361,PRESERVED
165026,ece18,cubic_spline,smooth_high_snr,24526,24525,0.9999592269428361,PRESERVED
165026,ece19,cubic_spline,smooth_high_snr,24526,24525,0.9999592269428361,PRESERVED
165026,ece20,cubic_spline,smooth_high_snr,24526,24525,0.9999592269428361,PRESERVED
165026,ece21,cubic_spline,smooth_high_snr,24526,24525,0.9999592269428361,PRESERVED
165026,ece22,cubic_spline,smooth_high_snr,24526,24525,0.9999592269428361,PRESERVED
165026,ece23,cubic_spline,smooth_high_snr,24526,24525,0.9999592269428361,PRESERVED
165026,ece24,cubic_spline,smooth_high_snr,24526,24525,0.9999592269428361,PRESERVED
165026,ece25,cubic_spline,smooth_high_snr,24526,24525,0.9999592269428361,PRESERVED
165026,ece26,cubic_spline,smooth_high_snr,24526,24525,0.9999592269428361,PRESERVED
165026,ece27,cubic_spline,smooth_high_snr,24526,24525,0.9999592269428361,PRESERVED
165026,ece28,cubic_spline,smooth_high_snr,24526,24525,0.9999592269428361,PRESERVED
165026,ece29,cubic_spline,smooth_high_snr,24526,24525,0.9999592269428361,PRESERVED
165026,ece30,cubic_spline,smooth_high_snr,24526,24525,0.9999592269428361,PRESERVED
165026,ece31,cubic_spline,smooth_high_snr,24526,24525,0.9999592269428361,PRESERVED
165026,ece32,cubic_spline,smooth_high_snr,24526,24525,0.9999592269428361,PRESERVED
165026,ece33,cubic_spline,smooth_high_snr,24526,24525,0.9999592269428361,PRESERVED
165026,ece34,cubic_spline,smooth_high_snr,24526,24525,0.9999592269428361,PRESERVED
165026,ece35,cubic_spline,smooth_high_snr,24526,24525,0.9999592269428361,PRESERVED
165026,ece36,cubic_spline,smooth_high_snr,24526,24525,0.9999592269428361,PRESERVED
165026,ece37,cubic_spline,smooth_high_snr,24526,24525,0.9999592269428361,PRESERVED
165026,ece38,cubic_spline,smooth_high_snr,24526,24525,0.9999592269428361,PRESERVED
165026,ece39,cubic_spline,smooth_high_snr,24526,24525,0.9999592269428361,PRESERVED
165026,ece40,cubic_spline,smooth_high_snr,24526,24525,0.9999592269428361,PRESERVED
165026,fs03da,pchip_no_smoothing,noisy,245250,245249,0.9999959225280326,PRESERVED
165026,fs04,cubic_spline_simple,slow_varying,245250,245249,0.9999959225280326,PRESERVED
165026,fs04da,cubic_spline_simple,slow_varying,245250,245249,0.9999959225280326,PRESERVED
165026,fs05da,pchip_careful,fast_transient,245250,245249,0.9999959225280326,PRESERVED
165026,gasa,decimate_with_antialiasing,smooth_high_snr,98100,2453,0.025005096839959225,DOWNSAMPLED
165026,gasb,decimate_with_antialiasing,fast_transient,98100,2453,0.025005096839959225,DOWNSAMPLED
165026,gasc,decimate_with_antialiasing,fast_transient,98100,2453,0.025005096839959225,DOWNSAMPLED
165026,gasd,decimate_with_antialiasing,noisy,98100,2453,0.025005096839959225,DOWNSAMPLED
165026,ip,cubic_spline,smooth_high_snr,9811,4905,0.4999490367954337,DOWNSAMPLED
165026,kappa,cubic_spline,smooth_high_snr,239,240,1.00418410041841,PRESERVED
165026,li,cubic_spline,smooth_high_snr,239,240,1.00418410041841,PRESERVED
165026,pcbcoil,decimate_with_antialiasing,smooth_high_snr,98101,4906,0.05000968389720798,DOWNSAMPLED
165026,pcdiamag3,decimate_with_antialiasing,smooth_high_snr,98101,4906,0.05000968389720798,DOWNSAMPLED
165026,pinj,cubic_spline,smooth_high_snr,49051,49050,0.9999796130557991,PRESERVED
165026,pinj_15l,pchip_careful,fast_transient,49051,49050,0.9999796130557991,PRESERVED
165026,pinj_15r,pchip_careful,fast_transient,49051,49050,0.9999796130557991,PRESERVED
165026,pinj_21l,cubic_spline,smooth_high_snr,49051,49050,0.9999796130557991,PRESERVED
165026,pinj_21r,pchip_careful,fast_transient,49051,49050,0.9999796130557991,PRESERVED
165026,pinj_30l,pchip_careful,fast_transient,49051,49050,0.9999796130557991,PRESERVED
165026,pinj_30r,cubic_spline,smooth_high_snr,49051,49050,0.9999796130557991,PRESERVED
165026,pinj_33l,pchip_careful,fast_transient,49051,49050,0.9999796130557991,PRESERVED
165026,pinj_33r,cubic_spline,smooth_high_snr,49051,49050,0.9999796130557991,PRESERVED
165026,prmtan_neped,decimate_with_antialiasing,fast_transient,1034,517,0.5,DOWNSAMPLED
165026,prmtan_teped,decimate_with_antialiasing,slow_varying,986,493,0.5,DOWNSAMPLED
165026,q95,cubic_spline,smooth_high_snr,239,240,1.00418410041841,PRESERVED
165026,rmaxis,cubic_spline,smooth_high_snr,239,240,1.00418410041841,PRESERVED
165026,rsurf,cubic_spline,smooth_high_snr,239,240,1.00418410041841,PRESERVED
165026,tinj,cubic_spline,smooth_high_snr,49051,49050,0.9999796130557991,PRESERVED
165026,tribot,pchip_careful,fast_transient,239,240,1.00418410041841,PRESERVED
165026,tritop,cubic_spline,smooth_high_snr,239,240,1.00418410041841,PRESERVED
165026,volume,cubic_spline,smooth_high_snr,239,240,1.00418410041841,PRESERVED
165026,vsurf,cubic_spline,smooth_high_snr,239,240,1.00418410041841,PRESERVED
165026,zcur,pchip_no_smoothing,noisy,239,240,1.00418410041841,PRESERVED
165026,zmaxis,cubic_spline_simple,slow_varying,239,240,1.00418410041841,PRESERVED
165026,zsurf,cubic_spline_simple,slow_varying,239,240,1.00418410041841,PRESERVED
165027,aminor,cubic_spline,smooth_high_snr,56,229,4.089285714285714,UPSAMPLED
165027,area,cubic_spline,smooth_high_snr,56,229,4.089285714285714,UPSAMPLED
165027,betan,cubic_spline,smooth_high_snr,56,229,4.089285714285714,UPSAMPLED
165027,bt,decimate_with_antialiasing,smooth_high_snr,9811,4906,0.5000509632045663,DOWNSAMPLED
165027,cerqrott10,cubic_spline_simple,slow_varying,832,431,0.5180288461538461,DOWNSAMPLED
165027,cerqrott11,cubic_spline_simple,slow_varying,832,431,0.5180288461538461,DOWNSAMPLED
165027,cerqrott12,cubic_spline_simple,slow_varying,832,431,0.5180288461538461,DOWNSAMPLED
165027,cerqrott13,cubic_spline_simple,slow_varying,832,431,0.5180288461538461,DOWNSAMPLED
165027,cerqrott3,cubic_spline,smooth_high_snr,748,440,0.5882352941176471,DOWNSAMPLED
165027,cerqrott6,cubic_spline,smooth_high_snr,748,440,0.5882352941176471,DOWNSAMPLED
165027,cerqrott8,cubic_spline,smooth_high_snr,832,431,0.5180288461538461,DOWNSAMPLED
165027,cerqtit10,cubic_spline,smooth_high_snr,832,431,0.5180288461538461,DOWNSAMPLED
165027,cerqtit11,cubic_spline_simple,slow_varying,832,431,0.5180288461538461,DOWNSAMPLED
165027,cerqtit12,cubic_spline_simple,slow_varying,832,431,0.5180288461538461,DOWNSAMPLED
165027,cerqtit13,cubic_spline_simple,slow_varying,832,431,0.5180288461538461,DOWNSAMPLED
165027,cerqtit3,cubic_spline,smooth_high_snr,748,440,0.5882352941176471,DOWNSAMPLED
165027,cerqtit6,cubic_spline,smooth_high_snr,748,440,0.5882352941176471,DOWNSAMPLED
165027,cerqtit8,cubic_spline,smooth_high_snr,832,431,0.5180288461538461,DOWNSAMPLED
165027,density,cubic_spline,smooth_high_snr,4800,4799,0.9997916666666666,PRESERVED
165027,drsep,pchip_careful,fast_transient,56,229,4.089285714285714,UPSAMPLED
165027,ece1,cubic_spline,smooth_high_snr,24526,24525,0.9999592269428361,PRESERVED
165027,ece2,cubic_spline,smooth_high_snr,24526,24525,0.9999592269428361,PRESERVED
165027,ece3,cubic_spline,smooth_high_snr,24526,24525,0.9999592269428361,PRESERVED
165027,ece4,cubic_spline,smooth_high_snr,24526,24525,0.9999592269428361,PRESERVED
165027,ece5,cubic_spline,smooth_high_snr,24526,24525,0.9999592269428361,PRESERVED
165027,ece6,cubic_spline,smooth_high_snr,24526,24525,0.9999592269428361,PRESERVED
165027,ece7,cubic_spline,smooth_high_snr,24526,24525,0.9999592269428361,PRESERVED
165027,ece8,cubic_spline,smooth_high_snr,24526,24525,0.9999592269428361,PRESERVED
165027,ece9,cubic_spline,smooth_high_snr,24526,24525,0.9999592269428361,PRESERVED
165027,ece10,cubic_spline,smooth_high_snr,24526,24525,0.9999592269428361,PRESERVED
165027,ece11,cubic_spline,smooth_high_snr,24526,24525,0.9999592269428361,PRESERVED
165027,ece12,cubic_spline,smooth_high_snr,24526,24525,0.9999592269428361,PRESERVED
165027,ece13,cubic_spline,smooth_high_snr,24526,24525,0.9999592269428361,PRESERVED
165027,ece14,cubic_spline,smooth_high_snr,24526,24525,0.9999592269428361,PRESERVED
165027,ece15,cubic_spline,smooth_high_snr,24526,24525,0.9999592269428361,PRESERVED
165027,ece16,cubic_spline,smooth_high_snr,24526,24525,0.9999592269428361,PRESERVED
165027,ece17,cubic_spline,smooth_high_snr,24526,24525,0.9999592269428361,PRESERVED
165027,ece18,cubic_spline,smooth_high_snr,24526,24525,0.9999592269428361,PRESERVED
165027,ece19,cubic_spline,smooth_high_snr,24526,24525,0.9999592269428361,PRESERVED
165027,ece20,cubic_spline,smooth_high_snr,24526,24525,0.9999592269428361,PRESERVED
165027,ece21,cubic_spline,smooth_high_snr,24526,24525,0.9999592269428361,PRESERVED
165027,ece22,cubic_spline,smooth_high_snr,24526,24525,0.9999592269428361,PRESERVED
165027,ece23,cubic_spline,smooth_high_snr,24526,24525,0.9999592269428361,PRESERVED
165027,ece24,cubic_spline,smooth_high_snr,24526,24525,0.9999592269428361,PRESERVED
165027,ece25,cubic_spline,smooth_high_snr,24526,24525,0.9999592269428361,PRESERVED
165027,ece26,cubic_spline,smooth_high_snr,24526,24525,0.9999592269428361,PRESERVED
165027,ece27,cubic_spline,smooth_high_snr,24526,24525,0.9999592269428361,PRESERVED
165027,ece28,cubic_spline,smooth_high_snr,24526,24525,0.9999592269428361,PRESERVED
165027,ece29,cubic_spline,smooth_high_snr,24526,24525,0.9999592269428361,PRESERVED
165027,ece30,cubic_spline,smooth_high_snr,24526,24525,0.9999592269428361,PRESERVED
165027,ece31,cubic_spline,smooth_high_snr,24526,24525,0.9999592269428361,PRESERVED
165027,ece32,cubic_spline,smooth_high_snr,24526,24525,0.9999592269428361,PRESERVED
165027,ece33,cubic_spline,smooth_high_snr,24526,24525,0.9999592269428361,PRESERVED
165027,ece34,cubic_spline,smooth_high_snr,24526,24525,0.9999592269428361,PRESERVED
165027,ece35,cubic_spline,smooth_high_snr,24526,24525,0.9999592269428361,PRESERVED
165027,ece36,cubic_spline,smooth_high_snr,24526,24525,0.9999592269428361,PRESERVED
165027,ece37,cubic_spline,smooth_high_snr,24526,24525,0.9999592269428361,PRESERVED
165027,ece38,cubic_spline,smooth_high_snr,24526,24525,0.9999592269428361,PRESERVED
165027,ece39,cubic_spline,smooth_high_snr,24526,24525,0.9999592269428361,PRESERVED
165027,ece40,cubic_spline,smooth_high_snr,24526,24525,0.9999592269428361,PRESERVED
165027,fs03da,pchip_no_smoothing,noisy,245250,245249,0.9999959225280326,PRESERVED
165027,fs04,cubic_spline_simple,slow_varying,245250,245249,0.9999959225280326,PRESERVED
165027,fs04da,cubic_spline_simple,slow_varying,245250,245249,0.9999959225280326,PRESERVED
165027,fs05da,pchip_careful,fast_transient,245250,245249,0.9999959225280326,PRESERVED
165027,gasa,decimate_with_antialiasing,smooth_high_snr,98100,2453,0.025005096839959225,DOWNSAMPLED
165027,gasb,decimate_with_antialiasing,fast_transient,98100,2453,0.025005096839959225,DOWNSAMPLED
165027,gasc,decimate_with_antialiasing,fast_transient,98100,2453,0.025005096839959225,DOWNSAMPLED
165027,gasd,decimate_with_antialiasing,noisy,98100,2453,0.025005096839959225,DOWNSAMPLED
165027,ip,cubic_spline,smooth_high_snr,9811,4905,0.4999490367954337,DOWNSAMPLED
165027,kappa,cubic_spline,smooth_high_snr,56,229,4.089285714285714,UPSAMPLED
165027,li,cubic_spline,smooth_high_snr,56,229,4.089285714285714,UPSAMPLED
165027,pcbcoil,decimate_with_antialiasing,smooth_high_snr,98101,4906,0.05000968389720798,DOWNSAMPLED
165027,pcdiamag3,decimate_with_antialiasing,smooth_high_snr,98101,4906,0.05000968389720798,DOWNSAMPLED
165027,pinj,cubic_spline,smooth_high_snr,49051,49050,0.9999796130557991,PRESERVED
165027,pinj_15l,pchip_careful,fast_transient,49051,49050,0.9999796130557991,PRESERVED
165027,pinj_15r,pchip_careful,fast_transient,49051,49050,0.9999796130557991,PRESERVED
165027,pinj_21l,cubic_spline,smooth_high_snr,49051,49050,0.9999796130557991,PRESERVED
165027,pinj_21r,pchip_careful,fast_transient,49051,49050,0.9999796130557991,PRESERVED
165027,pinj_30l,pchip_careful,fast_transient,49051,49050,0.9999796130557991,PRESERVED
165027,pinj_30r,cubic_spline,smooth_high_snr,49051,49050,0.9999796130557991,PRESERVED
165027,pinj_33l,pchip_careful,fast_transient,49051,49050,0.9999796130557991,PRESERVED
165027,pinj_33r,cubic_spline,smooth_high_snr,49051,49050,0.9999796130557991,PRESERVED
165027,prmtan_neped,decimate_with_antialiasing,fast_transient,1026,513,0.5,DOWNSAMPLED
165027,prmtan_teped,decimate_with_antialiasing,slow_varying,997,499,0.5005015045135406,DOWNSAMPLED
165027,q95,cubic_spline,smooth_high_snr,56,229,4.089285714285714,UPSAMPLED
165027,rmaxis,cubic_spline,smooth_high_snr,56,229,4.089285714285714,UPSAMPLED
165027,rsurf,cubic_spline,smooth_high_snr,56,229,4.089285714285714,UPSAMPLED
165027,tinj,cubic_spline,smooth_high_snr,49051,49050,0.9999796130557991,PRESERVED
165027,tribot,pchip_careful,fast_transient,56,229,4.089285714285714,UPSAMPLED
165027,tritop,cubic_spline,smooth_high_snr,56,229,4.089285714285714,UPSAMPLED
165027,volume,cubic_spline,smooth_high_snr,56,229,4.089285714285714,UPSAMPLED
165027,vsurf,cubic_spline,smooth_high_snr,56,229,4.089285714285714,UPSAMPLED
165027,zcur,pchip_no_smoothing,noisy,56,229,4.089285714285714,UPSAMPLED
165027,zmaxis,cubic_spline_simple,slow_varying,56,229,4.089285714285714,UPSAMPLED
165027,zsurf,cubic_spline_simple,slow_varying,56,229,4.089285714285714,UPSAMPLED
165028,aminor,cubic_spline,smooth_high_snr,234,240,1.0256410256410255,UPSAMPLED
165028,area,cubic_spline,smooth_high_snr,234,240,1.0256410256410255,UPSAMPLED
165028,betan,cubic_spline,smooth_high_snr,234,240,1.0256410256410255,UPSAMPLED
165028,bt,decimate_with_antialiasing,smooth_high_snr,9811,4906,0.5000509632045663,DOWNSAMPLED
165028,cerqrott10,cubic_spline_simple,slow_varying,840,431,0.513095238095238,DOWNSAMPLED
165028,cerqrott11,cubic_spline_simple,slow_varying,840,431,0.513095238095238,DOWNSAMPLED
165028,cerqrott12,cubic_spline_simple,slow_varying,840,431,0.513095238095238,DOWNSAMPLED
165028,cerqrott13,cubic_spline_simple,slow_varying,830,431,0.519277108433735,DOWNSAMPLED
165028,cerqrott3,cubic_spline,smooth_high_snr,747,441,0.5903614457831325,DOWNSAMPLED
165028,cerqrott6,cubic_spline,smooth_high_snr,747,441,0.5903614457831325,DOWNSAMPLED
165028,cerqrott8,cubic_spline,smooth_high_snr,840,431,0.513095238095238,DOWNSAMPLED
165028,cerqtit10,cubic_spline,smooth_high_snr,840,431,0.513095238095238,DOWNSAMPLED
165028,cerqtit11,cubic_spline_simple,slow_varying,840,431,0.513095238095238,DOWNSAMPLED
165028,cerqtit12,cubic_spline_simple,slow_varying,840,431,0.513095238095238,DOWNSAMPLED
165028,cerqtit13,cubic_spline_simple,slow_varying,830,431,0.519277108433735,DOWNSAMPLED
165028,cerqtit3,cubic_spline,smooth_high_snr,747,441,0.5903614457831325,DOWNSAMPLED
165028,cerqtit6,cubic_spline,smooth_high_snr,747,441,0.5903614457831325,DOWNSAMPLED
165028,cerqtit8,cubic_spline,smooth_high_snr,840,431,0.513095238095238,DOWNSAMPLED
165028,density,cubic_spline,smooth_high_snr,4800,4799,0.9997916666666666,PRESERVED
165028,drsep,pchip_careful,fast_transient,234,240,1.0256410256410255,UPSAMPLED
165028,ece1,cubic_spline,smooth_high_snr,24526,24525,0.9999592269428361,PRESERVED
165028,ece2,cubic_spline,smooth_high_snr,24526,24525,0.9999592269428361,PRESERVED
165028,ece3,cubic_spline,smooth_high_snr,24526,24525,0.9999592269428361,PRESERVED
165028,ece4,cubic_spline,smooth_high_snr,24526,24525,0.9999592269428361,PRESERVED
165028,ece5,cubic_spline,smooth_high_snr,24526,24525,0.9999592269428361,PRESERVED
165028,ece6,cubic_spline,smooth_high_snr,24526,24525,0.9999592269428361,PRESERVED
165028,ece7,cubic_spline,smooth_high_snr,24526,24525,0.9999592269428361,PRESERVED
165028,ece8,cubic_spline,smooth_high_snr,24526,24525,0.9999592269428361,PRESERVED
165028,ece9,cubic_spline,smooth_high_snr,24526,24525,0.9999592269428361,PRESERVED
165028,ece10,cubic_spline,smooth_high_snr,24526,24525,0.9999592269428361,PRESERVED
165028,ece11,cubic_spline,smooth_high_snr,24526,24525,0.9999592269428361,PRESERVED
165028,ece12,cubic_spline,smooth_high_snr,24526,24525,0.9999592269428361,PRESERVED
165028,ece13,cubic_spline,smooth_high_snr,24526,24525,0.9999592269428361,PRESERVED
165028,ece14,cubic_spline,smooth_high_snr,24526,24525,0.9999592269428361,PRESERVED
165028,ece15,cubic_spline,smooth_high_snr,24526,24525,0.9999592269428361,PRESERVED
165028,ece16,cubic_spline,smooth_high_snr,24526,24525,0.9999592269428361,PRESERVED
165028,ece17,cubic_spline,smooth_high_snr,24526,24525,0.9999592269428361,PRESERVED
165028,ece18,cubic_spline,smooth_high_snr,24526,24525,0.9999592269428361,PRESERVED
165028,ece19,cubic_spline,smooth_high_snr,24526,24525,0.9999592269428361,PRESERVED
165028,ece20,cubic_spline,smooth_high_snr,24526,24525,0.9999592269428361,PRESERVED
165028,ece21,cubic_spline,smooth_high_snr,24526,24525,0.9999592269428361,PRESERVED
165028,ece22,cubic_spline,smooth_high_snr,24526,24525,0.9999592269428361,PRESERVED
165028,ece23,cubic_spline,smooth_high_snr,24526,24525,0.9999592269428361,PRESERVED
165028,ece24,cubic_spline,smooth_high_snr,24526,24525,0.9999592269428361,PRESERVED
165028,ece25,cubic_spline,smooth_high_snr,24526,24525,0.9999592269428361,PRESERVED
165028,ece26,cubic_spline,smooth_high_snr,24526,24525,0.9999592269428361,PRESERVED
165028,ece27,cubic_spline,smooth_high_snr,24526,24525,0.9999592269428361,PRESERVED
165028,ece28,cubic_spline,smooth_high_snr,24526,24525,0.9999592269428361,PRESERVED
165028,ece29,cubic_spline,smooth_high_snr,24526,24525,0.9999592269428361,PRESERVED
165028,ece30,cubic_spline,smooth_high_snr,24526,24525,0.9999592269428361,PRESERVED
165028,ece31,cubic_spline,smooth_high_snr,24526,24525,0.9999592269428361,PRESERVED
165028,ece32,cubic_spline,smooth_high_snr,24526,24525,0.9999592269428361,PRESERVED
165028,ece33,cubic_spline,smooth_high_snr,24526,24525,0.9999592269428361,PRESERVED
165028,ece34,cubic_spline,smooth_high_snr,24526,24525,0.9999592269428361,PRESERVED
165028,ece35,cubic_spline,smooth_high_snr,24526,24525,0.9999592269428361,PRESERVED
165028,ece36,cubic_spline,smooth_high_snr,24526,24525,0.9999592269428361,PRESERVED
165028,ece37,cubic_spline,smooth_high_snr,24526,24525,0.9999592269428361,PRESERVED
165028,ece38,cubic_spline,smooth_high_snr,24526,24525,0.9999592269428361,PRESERVED
165028,ece39,cubic_spline,smooth_high_snr,24526,24525,0.9999592269428361,PRESERVED
165028,ece40,cubic_spline,smooth_high_snr,24526,24525,0.9999592269428361,PRESERVED
165028,fs03da,pchip_no_smoothing,noisy,245250,245249,0.9999959225280326,PRESERVED
165028,fs04,cubic_spline_simple,slow_varying,245250,245249,0.9999959225280326,PRESERVED
165028,fs04da,cubic_spline_simple,slow_varying,245250,245249,0.9999959225280326,PRESERVED
165028,fs05da,pchip_careful,fast_transient,245250,245249,0.9999959225280326,PRESERVED
165028,gasa,decimate_with_antialiasing,smooth_high_snr,98100,2453,0.025005096839959225,DOWNSAMPLED
165028,gasb,decimate_with_antialiasing,fast_transient,98100,2453,0.025005096839959225,DOWNSAMPLED
165028,gasc,decimate_with_antialiasing,fast_transient,98100,2453,0.025005096839959225,DOWNSAMPLED
165028,gasd,decimate_with_antialiasing,noisy,98100,2453,0.025005096839959225,DOWNSAMPLED
165028,ip,cubic_spline,smooth_high_snr,9811,4905,0.4999490367954337,DOWNSAMPLED
165028,kappa,cubic_spline,smooth_high_snr,234,240,1.0256410256410255,UPSAMPLED
165028,li,cubic_spline,smooth_high_snr,234,240,1.0256410256410255,UPSAMPLED
165028,pcbcoil,decimate_with_antialiasing,smooth_high_snr,98101,4906,0.05000968389720798,DOWNSAMPLED
165028,pcdiamag3,decimate_with_antialiasing,smooth_high_snr,98101,4906,0.05000968389720798,DOWNSAMPLED
165028,pinj,cubic_spline,smooth_high_snr,49051,49050,0.9999796130557991,PRESERVED
165028,pinj_15l,pchip_careful,fast_transient,49051,49050,0.9999796130557991,PRESERVED
165028,pinj_15r,pchip_careful,fast_transient,49051,49050,0.9999796130557991,PRESERVED
165028,pinj_21l,cubic_spline,smooth_high_snr,49051,49050,0.9999796130557991,PRESERVED
165028,pinj_21r,pchip_careful,fast_transient,49051,49050,0.9999796130557991,PRESERVED
165028,pinj_30l,pchip_careful,fast_transient,49051,49050,0.9999796130557991,PRESERVED
165028,pinj_30r,cubic_spline,smooth_high_snr,49051,49050,0.9999796130557991,PRESERVED
165028,pinj_33l,pchip_careful,fast_transient,49051,49050,0.9999796130557991,PRESERVED
165028,pinj_33r,cubic_spline,smooth_high_snr,49051,49050,0.9999796130557991,PRESERVED
165028,prmtan_neped,decimate_with_antialiasing,fast_transient,1040,520,0.5,DOWNSAMPLED
165028,prmtan_teped,decimate_with_antialiasing,slow_varying,989,495,0.5005055611729019,DOWNSAMPLED
165028,q95,cubic_spline,smooth_high_snr,234,240,1.0256410256410255,UPSAMPLED
165028,rmaxis,cubic_spline,smooth_high_snr,234,240,1.0256410256410255,UPSAMPLED
165028,rsurf,cubic_spline,smooth_high_snr,234,240,1.0256410256410255,UPSAMPLED
165028,tinj,cubic_spline,smooth_high_snr,49051,49050,0.9999796130557991,PRESERVED
165028,tribot,pchip_careful,fast_transient,234,240,1.0256410256410255,UPSAMPLED
165028,tritop,cubic_spline,smooth_high_snr,234,240,1.0256410256410255,UPSAMPLED
165028,volume,cubic_spline,smooth_high_snr,234,240,1.0256410256410255,UPSAMPLED
165028,vsurf,cubic_spline,smooth_high_snr,234,240,1.0256410256410255,UPSAMPLED
165028,zcur,pchip_no_smoothing,noisy,234,240,1.0256410256410255,UPSAMPLED
165028,zmaxis,cubic_spline_simple,slow_varying,234,240,1.0256410256410255,UPSAMPLED
165028,zsurf,cubic_spline_simple,slow_varying,234,240,1.0256410256410255,UPSAMPLED
165029,aminor,cubic_spline,smooth_high_snr,227,240,1.0572687224669604,UPSAMPLED
165029,area,cubic_spline,smooth_high_snr,227,240,1.0572687224669604,UPSAMPLED
165029,betan,cubic_spline,smooth_high_snr,227,240,1.0572687224669604,UPSAMPLED
165029,bt,decimate_with_antialiasing,smooth_high_snr,9811,4906,0.5000509632045663,DOWNSAMPLED
165029,cerqrott10,cubic_spline_simple,slow_varying,799,411,0.5143929912390488,DOWNSAMPLED
165029,cerqrott11,cubic_spline_simple,slow_varying,799,411,0.5143929912390488,DOWNSAMPLED
165029,cerqrott12,cubic_spline_simple,slow_varying,799,411,0.5143929912390488,DOWNSAMPLED
165029,cerqrott13,cubic_spline_simple,slow_varying,799,411,0.5143929912390488,DOWNSAMPLED
165029,cerqrott3,cubic_spline,smooth_high_snr,717,441,0.6150627615062761,DOWNSAMPLED
165029,cerqrott6,cubic_spline,smooth_high_snr,717,441,0.6150627615062761,DOWNSAMPLED
165029,cerqrott8,cubic_spline,smooth_high_snr,799,411,0.5143929912390488,DOWNSAMPLED
165029,cerqtit10,cubic_spline,smooth_high_snr,799,411,0.5143929912390488,DOWNSAMPLED
165029,cerqtit11,cubic_spline_simple,slow_varying,799,411,0.5143929912390488,DOWNSAMPLED
165029,cerqtit12,cubic_spline_simple,slow_varying,799,411,0.5143929912390488,DOWNSAMPLED
165029,cerqtit13,cubic_spline_simple,slow_varying,799,411,0.5143929912390488,DOWNSAMPLED
165029,cerqtit3,cubic_spline,smooth_high_snr,717,441,0.6150627615062761,DOWNSAMPLED
165029,cerqtit6,cubic_spline,smooth_high_snr,717,441,0.6150627615062761,DOWNSAMPLED
165029,cerqtit8,cubic_spline,smooth_high_snr,799,411,0.5143929912390488,DOWNSAMPLED
165029,density,cubic_spline,smooth_high_snr,4800,4799,0.9997916666666666,PRESERVED
165029,drsep,pchip_careful,fast_transient,227,240,1.0572687224669604,UPSAMPLED
165029,ece1,cubic_spline,smooth_high_snr,24526,24525,0.9999592269428361,PRESERVED
165029,ece2,cubic_spline,smooth_high_snr,24526,24525,0.9999592269428361,PRESERVED
165029,ece3,cubic_spline,smooth_high_snr,24526,24525,0.9999592269428361,PRESERVED
165029,ece4,cubic_spline,smooth_high_snr,24526,24525,0.9999592269428361,PRESERVED
165029,ece5,cubic_spline,smooth_high_snr,24526,24525,0.9999592269428361,PRESERVED
165029,ece6,cubic_spline,smooth_high_snr,24526,24525,0.9999592269428361,PRESERVED
165029,ece7,cubic_spline,smooth_high_snr,24526,24525,0.9999592269428361,PRESERVED
165029,ece8,cubic_spline,smooth_high_snr,24526,24525,0.9999592269428361,PRESERVED
165029,ece9,cubic_spline,smooth_high_snr,24526,24525,0.9999592269428361,PRESERVED
165029,ece10,cubic_spline,smooth_high_snr,24526,24525,0.9999592269428361,PRESERVED
165029,ece11,cubic_spline,smooth_high_snr,24526,24525,0.9999592269428361,PRESERVED
165029,ece12,cubic_spline,smooth_high_snr,24526,24525,0.9999592269428361,PRESERVED
165029,ece13,cubic_spline,smooth_high_snr,24526,24525,0.9999592269428361,PRESERVED
165029,ece14,cubic_spline,smooth_high_snr,24526,24525,0.9999592269428361,PRESERVED
165029,ece15,cubic_spline,smooth_high_snr,24526,24525,0.9999592269428361,PRESERVED
165029,ece16,cubic_spline,smooth_high_snr,24526,24525,0.9999592269428361,PRESERVED
165029,ece17,cubic_spline,smooth_high_snr,24526,24525,0.9999592269428361,PRESERVED
165029,ece18,cubic_spline,smooth_high_snr,24526,24525,0.9999592269428361,PRESERVED
165029,ece19,cubic_spline,smooth_high_snr,24526,24525,0.9999592269428361,PRESERVED
165029,ece20,cubic_spline,smooth_high_snr,24526,24525,0.9999592269428361,PRESERVED
165029,ece21,cubic_spline,smooth_high_snr,24526,24525,0.9999592269428361,PRESERVED
165029,ece22,cubic_spline,smooth_high_snr,24526,24525,0.9999592269428361,PRESERVED
165029,ece23,cubic_spline,smooth_high_snr,24526,24525,0.9999592269428361,PRESERVED
165029,ece24,cubic_spline,smooth_high_snr,24526,24525,0.9999592269428361,PRESERVED
165029,ece25,cubic_spline,smooth_high_snr,24526,24525,0.9999592269428361,PRESERVED
165029,ece26,cubic_spline,smooth_high_snr,24526,24525,0.9999592269428361,PRESERVED
165029,ece27,cubic_spline,smooth_high_snr,24526,24525,0.9999592269428361,PRESERVED
165029,ece28,cubic_spline,smooth_high_snr,24526,24525,0.9999592269428361,PRESERVED
165029,ece29,cubic_spline,smooth_high_snr,24526,24525,0.9999592269428361,PRESERVED
165029,ece30,cubic_spline,smooth_high_snr,24526,24525,0.9999592269428361,PRESERVED
165029,ece31,cubic_spline,smooth_high_snr,24526,24525,0.9999592269428361,PRESERVED
165029,ece32,cubic_spline,smooth_high_snr,24526,24525,0.9999592269428361,PRESERVED
165029,ece33,cubic_spline,smooth_high_snr,24526,24525,0.9999592269428361,PRESERVED
165029,ece34,cubic_spline,smooth_high_snr,24526,24525,0.9999592269428361,PRESERVED
165029,ece35,cubic_spline,smooth_high_snr,24526,24525,0.9999592269428361,PRESERVED
165029,ece36,cubic_spline,smooth_high_snr,24526,24525,0.9999592269428361,PRESERVED
165029,ece37,cubic_spline,smooth_high_snr,24526,24525,0.9999592269428361,PRESERVED
165029,ece38,cubic_spline,smooth_high_snr,24526,24525,0.9999592269428361,PRESERVED
165029,ece39,cubic_spline,smooth_high_snr,24526,24525,0.9999592269428361,PRESERVED
165029,ece40,cubic_spline,smooth_high_snr,24526,24525,0.9999592269428361,PRESERVED
165029,fs03da,pchip_no_smoothing,noisy,245250,245249,0.9999959225280326,PRESERVED
165029,fs04,cubic_spline_simple,slow_varying,245250,245249,0.9999959225280326,PRESERVED
165029,fs04da,cubic_spline_simple,slow_varying,245250,245249,0.9999959225280326,PRESERVED
165029,fs05da,pchip_careful,fast_transient,245250,245249,0.9999959225280326,PRESERVED
165029,gasa,decimate_with_antialiasing,smooth_high_snr,98100,2453,0.025005096839959225,DOWNSAMPLED
165029,gasb,decimate_with_antialiasing,fast_transient,98100,2453,0.025005096839959225,DOWNSAMPLED
165029,gasc,decimate_with_antialiasing,fast_transient,98100,2453,0.025005096839959225,DOWNSAMPLED
165029,gasd,decimate_with_antialiasing,noisy,98100,2453,0.025005096839959225,DOWNSAMPLED
165029,ip,cubic_spline,smooth_high_snr,9811,4905,0.4999490367954337,DOWNSAMPLED
165029,kappa,cubic_spline,smooth_high_snr,227,240,1.0572687224669604,UPSAMPLED
165029,li,cubic_spline,smooth_high_snr,227,240,1.0572687224669604,UPSAMPLED
165029,pcbcoil,decimate_with_antialiasing,smooth_high_snr,98101,4906,0.05000968389720798,DOWNSAMPLED
165029,pcdiamag3,decimate_with_antialiasing,smooth_high_snr,98101,4906,0.05000968389720798,DOWNSAMPLED
165029,pinj,cubic_spline,smooth_high_snr,49051,49050,0.9999796130557991,PRESERVED
165029,pinj_15l,pchip_careful,fast_transient,49051,49050,0.9999796130557991,PRESERVED
165029,pinj_15r,pchip_careful,fast_transient,49051,49050,0.9999796130557991,PRESERVED
165029,pinj_21l,cubic_spline,smooth_high_snr,49051,49050,0.9999796130557991,PRESERVED
165029,pinj_21r,pchip_careful,fast_transient,49051,49050,0.9999796130557991,PRESERVED
165029,pinj_30l,pchip_careful,fast_transient,49051,49050,0.9999796130557991,PRESERVED
165029,pinj_30r,cubic_spline,smooth_high_snr,49051,49050,0.9999796130557991,PRESERVED
165029,pinj_33l,pchip_careful,fast_transient,49051,49050,0.9999796130557991,PRESERVED
165029,pinj_33r,cubic_spline,smooth_high_snr,49051,49050,0.9999796130557991,PRESERVED
165029,prmtan_neped,decimate_with_antialiasing,fast_transient,1039,520,0.5004812319538018,DOWNSAMPLED
165029,prmtan_teped,decimate_with_antialiasing,slow_varying,1012,506,0.5,DOWNSAMPLED
165029,q95,cubic_spline,smooth_high_snr,227,240,1.0572687224669604,UPSAMPLED
165029,rmaxis,cubic_spline,smooth_high_snr,227,240,1.0572687224669604,UPSAMPLED
165029,rsurf,cubic_spline,smooth_high_snr,227,240,1.0572687224669604,UPSAMPLED
165029,tinj,cubic_spline,smooth_high_snr,49051,49050,0.9999796130557991,PRESERVED
165029,tribot,pchip_careful,fast_transient,227,240,1.0572687224669604,UPSAMPLED
165029,tritop,cubic_spline,smooth_high_snr,227,240,1.0572687224669604,UPSAMPLED
165029,volume,cubic_spline,smooth_high_snr,227,240,1.0572687224669604,UPSAMPLED
165029,vsurf,cubic_spline,smooth_high_snr,227,240,1.0572687224669604,UPSAMPLED
165029,zcur,pchip_no_smoothing,noisy,227,240,1.0572687224669604,UPSAMPLED
165029,zmaxis,cubic_spline_simple,slow_varying,227,240,1.0572687224669604,UPSAMPLED
165029,zsurf,cubic_spline_simple,slow_varying,227,240,1.0572687224669604,UPSAMPLED
165031,aminor,cubic_spline,smooth_high_snr,233,240,1.0300429184549356,UPSAMPLED
165031,area,cubic_spline,smooth_high_snr,233,240,1.0300429184549356,UPSAMPLED
165031,betan,cubic_spline,smooth_high_snr,233,240,1.0300429184549356,UPSAMPLED
165031,bt,decimate_with_antialiasing,smooth_high_snr,9811,4906,0.5000509632045663,DOWNSAMPLED
165031,cerqrott10,cubic_spline_simple,slow_varying,803,411,0.5118306351183064,DOWNSAMPLED
165031,cerqrott11,cubic_spline_simple,slow_varying,803,411,0.5118306351183064,DOWNSAMPLED
165031,cerqrott12,cubic_spline_simple,slow_varying,803,411,0.5118306351183064,DOWNSAMPLED
165031,cerqrott13,cubic_spline_simple,slow_varying,799,411,0.5143929912390488,DOWNSAMPLED
165031,cerqrott3,cubic_spline,smooth_high_snr,716,441,0.6159217877094972,DOWNSAMPLED
165031,cerqrott6,cubic_spline,smooth_high_snr,716,441,0.6159217877094972,DOWNSAMPLED
165031,cerqrott8,cubic_spline,smooth_high_snr,803,411,0.5118306351183064,DOWNSAMPLED
165031,cerqtit10,cubic_spline,smooth_high_snr,803,411,0.5118306351183064,DOWNSAMPLED
165031,cerqtit11,cubic_spline_simple,slow_varying,803,411,0.5118306351183064,DOWNSAMPLED
165031,cerqtit12,cubic_spline_simple,slow_varying,803,411,0.5118306351183064,DOWNSAMPLED
165031,cerqtit13,cubic_spline_simple,slow_varying,799,411,0.5143929912390488,DOWNSAMPLED
165031,cerqtit3,cubic_spline,smooth_high_snr,716,441,0.6159217877094972,DOWNSAMPLED
165031,cerqtit6,cubic_spline,smooth_high_snr,716,441,0.6159217877094972,DOWNSAMPLED
165031,cerqtit8,cubic_spline,smooth_high_snr,803,411,0.5118306351183064,DOWNSAMPLED
165031,density,cubic_spline,smooth_high_snr,4800,4799,0.9997916666666666,PRESERVED
165031,drsep,pchip_careful,fast_transient,233,240,1.0300429184549356,UPSAMPLED
165031,ece1,cubic_spline,smooth_high_snr,24526,24525,0.9999592269428361,PRESERVED
165031,ece2,cubic_spline,smooth_high_snr,24526,24525,0.9999592269428361,PRESERVED
165031,ece3,cubic_spline,smooth_high_snr,24526,24525,0.9999592269428361,PRESERVED
165031,ece4,cubic_spline,smooth_high_snr,24526,24525,0.9999592269428361,PRESERVED
165031,ece5,cubic_spline,smooth_high_snr,24526,24525,0.9999592269428361,PRESERVED
165031,ece6,cubic_spline,smooth_high_snr,24526,24525,0.9999592269428361,PRESERVED
165031,ece7,cubic_spline,smooth_high_snr,24526,24525,0.9999592269428361,PRESERVED
165031,ece8,cubic_spline,smooth_high_snr,24526,24525,0.9999592269428361,PRESERVED
165031,ece9,cubic_spline,smooth_high_snr,24526,24525,0.9999592269428361,PRESERVED
165031,ece10,cubic_spline,smooth_high_snr,24526,24525,0.9999592269428361,PRESERVED
165031,ece11,cubic_spline,smooth_high_snr,24526,24525,0.9999592269428361,PRESERVED
165031,ece12,cubic_spline,smooth_high_snr,24526,24525,0.9999592269428361,PRESERVED
165031,ece13,cubic_spline,smooth_high_snr,24526,24525,0.9999592269428361,PRESERVED
165031,ece14,cubic_spline,smooth_high_snr,24526,24525,0.9999592269428361,PRESERVED
165031,ece15,cubic_spline,smooth_high_snr,24526,24525,0.9999592269428361,PRESERVED
165031,ece16,cubic_spline,smooth_high_snr,24526,24525,0.9999592269428361,PRESERVED
165031,ece17,cubic_spline,smooth_high_snr,24526,24525,0.9999592269428361,PRESERVED
165031,ece18,cubic_spline,smooth_high_snr,24526,24525,0.9999592269428361,PRESERVED
165031,ece19,cubic_spline,smooth_high_snr,24526,24525,0.9999592269428361,PRESERVED
165031,ece20,cubic_spline,smooth_high_snr,24526,24525,0.9999592269428361,PRESERVED
165031,ece21,cubic_spline,smooth_high_snr,24526,24525,0.9999592269428361,PRESERVED
165031,ece22,cubic_spline,smooth_high_snr,24526,24525,0.9999592269428361,PRESERVED
165031,ece23,cubic_spline,smooth_high_snr,24526,24525,0.9999592269428361,PRESERVED
165031,ece24,cubic_spline,smooth_high_snr,24526,24525,0.9999592269428361,PRESERVED
165031,ece25,cubic_spline,smooth_high_snr,24526,24525,0.9999592269428361,PRESERVED
165031,ece26,cubic_spline,smooth_high_snr,24526,24525,0.9999592269428361,PRESERVED
165031,ece27,cubic_spline,smooth_high_snr,24526,24525,0.9999592269428361,PRESERVED
165031,ece28,cubic_spline,smooth_high_snr,24526,24525,0.9999592269428361,PRESERVED
165031,ece29,cubic_spline,smooth_high_snr,24526,24525,0.9999592269428361,PRESERVED
165031,ece30,cubic_spline,smooth_high_snr,24526,24525,0.9999592269428361,PRESERVED
165031,ece31,cubic_spline,smooth_high_snr,24526,24525,0.9999592269428361,PRESERVED
165031,ece32,cubic_spline,smooth_high_snr,24526,24525,0.9999592269428361,PRESERVED
165031,ece33,cubic_spline,smooth_high_snr,24526,24525,0.9999592269428361,PRESERVED
165031,ece34,cubic_spline,smooth_high_snr,24526,24525,0.9999592269428361,PRESERVED
165031,ece35,cubic_spline,smooth_high_snr,24526,24525,0.9999592269428361,PRESERVED
165031,ece36,cubic_spline,smooth_high_snr,24526,24525,0.9999592269428361,PRESERVED
165031,ece37,cubic_spline,smooth_high_snr,24526,24525,0.9999592269428361,PRESERVED
165031,ece38,cubic_spline,smooth_high_snr,24526,24525,0.9999592269428361,PRESERVED
165031,ece39,cubic_spline,smooth_high_snr,24526,24525,0.9999592269428361,PRESERVED
165031,ece40,cubic_spline,smooth_high_snr,24526,24525,0.9999592269428361,PRESERVED
165031,fs03da,pchip_no_smoothing,noisy,245250,245249,0.9999959225280326,PRESERVED
165031,fs04,cubic_spline_simple,slow_varying,245250,245249,0.9999959225280326,PRESERVED
165031,fs04da,cubic_spline_simple,slow_varying,245250,245249,0.9999959225280326,PRESERVED
165031,fs05da,pchip_careful,fast_transient,245250,245249,0.9999959225280326,PRESERVED
165031,gasa,decimate_with_antialiasing,smooth_high_snr,98100,2453,0.025005096839959225,DOWNSAMPLED
165031,gasb,decimate_with_antialiasing,fast_transient,98100,2453,0.025005096839959225,DOWNSAMPLED
165031,gasc,decimate_with_antialiasing,fast_transient,98100,2453,0.025005096839959225,DOWNSAMPLED
165031,gasd,decimate_with_antialiasing,noisy,98100,2453,0.025005096839959225,DOWNSAMPLED
165031,ip,cubic_spline,smooth_high_snr,9811,4905,0.4999490367954337,DOWNSAMPLED
165031,kappa,cubic_spline,smooth_high_snr,233,240,1.0300429184549356,UPSAMPLED
165031,li,cubic_spline,smooth_high_snr,233,240,1.0300429184549356,UPSAMPLED
165031,pcbcoil,decimate_with_antialiasing,smooth_high_snr,98101,4906,0.05000968389720798,DOWNSAMPLED
165031,pcdiamag3,decimate_with_antialiasing,smooth_high_snr,98101,4906,0.05000968389720798,DOWNSAMPLED
165031,pinj,cubic_spline,smooth_high_snr,49051,49050,0.9999796130557991,PRESERVED
165031,pinj_15l,pchip_careful,fast_transient,49051,49050,0.9999796130557991,PRESERVED
165031,pinj_15r,pchip_careful,fast_transient,49051,49050,0.9999796130557991,PRESERVED
165031,pinj_21l,cubic_spline,smooth_high_snr,49051,49050,0.9999796130557991,PRESERVED
165031,pinj_21r,pchip_careful,fast_transient,49051,49050,0.9999796130557991,PRESERVED
165031,pinj_30l,pchip_careful,fast_transient,49051,49050,0.9999796130557991,PRESERVED
165031,pinj_30r,cubic_spline,smooth_high_snr,49051,49050,0.9999796130557991,PRESERVED
165031,pinj_33l,pchip_careful,fast_transient,49051,49050,0.9999796130557991,PRESERVED
165031,pinj_33r,cubic_spline,smooth_high_snr,49051,49050,0.9999796130557991,PRESERVED
165031,prmtan_neped,decimate_with_antialiasing,fast_transient,1027,514,0.5004868549172347,DOWNSAMPLED
165031,prmtan_teped,decimate_with_antialiasing,slow_varying,998,499,0.5,DOWNSAMPLED
165031,q95,cubic_spline,smooth_high_snr,233,240,1.0300429184549356,UPSAMPLED
165031,rmaxis,cubic_spline,smooth_high_snr,233,240,1.0300429184549356,UPSAMPLED
165031,rsurf,cubic_spline,smooth_high_snr,233,240,1.0300429184549356,UPSAMPLED
165031,tinj,cubic_spline,smooth_high_snr,49051,49050,0.9999796130557991,PRESERVED
165031,tribot,pchip_careful,fast_transient,233,240,1.0300429184549356,UPSAMPLED
165031,tritop,cubic_spline,smooth_high_snr,233,240,1.0300429184549356,UPSAMPLED
165031,volume,cubic_spline,smooth_high_snr,233,240,1.0300429184549356,UPSAMPLED
165031,vsurf,cubic_spline,smooth_high_snr,233,240,1.0300429184549356,UPSAMPLED
165031,zcur,pchip_no_smoothing,noisy,233,240,1.0300429184549356,UPSAMPLED
165031,zmaxis,cubic_spline_simple,slow_varying,233,240,1.0300429184549356,UPSAMPLED
165031,zsurf,cubic_spline_simple,slow_varying,233,240,1.0300429184549356,UPSAMPLED
165042,aminor,cubic_spline,smooth_high_snr,239,239,1.0,PRESERVED
165042,area,cubic_spline,smooth_high_snr,239,239,1.0,PRESERVED
165042,betan,cubic_spline,smooth_high_snr,239,239,1.0,PRESERVED
165042,bt,cubic_spline,smooth_high_snr,9791,4895,0.49994893269328977,DOWNSAMPLED
165042,cerqrott10,cubic_spline_simple,slow_varying,752,430,0.5718085106382979,DOWNSAMPLED
165042,cerqrott11,cubic_spline_simple,slow_varying,752,430,0.5718085106382979,DOWNSAMPLED
165042,cerqrott12,cubic_spline_simple,slow_varying,752,430,0.5718085106382979,DOWNSAMPLED
165042,cerqrott13,cubic_spline_simple,slow_varying,746,430,0.5764075067024129,DOWNSAMPLED
165042,cerqrott3,cubic_spline,smooth_high_snr,751,440,0.5858854860186418,DOWNSAMPLED
165042,cerqrott6,cubic_spline,smooth_high_snr,751,440,0.5858854860186418,DOWNSAMPLED
165042,cerqrott8,cubic_spline,smooth_high_snr,752,430,0.5718085106382979,DOWNSAMPLED
165042,cerqtit10,cubic_spline,smooth_high_snr,752,430,0.5718085106382979,DOWNSAMPLED
165042,cerqtit11,cubic_spline_simple,slow_varying,752,430,0.5718085106382979,DOWNSAMPLED
165042,cerqtit12,cubic_spline_simple,slow_varying,752,430,0.5718085106382979,DOWNSAMPLED
165042,cerqtit13,cubic_spline_simple,slow_varying,746,430,0.5764075067024129,DOWNSAMPLED
165042,cerqtit3,cubic_spline,smooth_high_snr,751,440,0.5858854860186418,DOWNSAMPLED
165042,cerqtit6,cubic_spline,smooth_high_snr,751,440,0.5858854860186418,DOWNSAMPLED
165042,cerqtit8,cubic_spline,smooth_high_snr,752,430,0.5718085106382979,DOWNSAMPLED
165042,density,cubic_spline,smooth_high_snr,4790,4789,0.9997912317327766,PRESERVED
165042,drsep,pchip_careful,fast_transient,239,239,1.0,PRESERVED
165042,ece1,cubic_spline,smooth_high_snr,24475,24474,0.9999591419816138,PRESERVED
165042,ece2,cubic_spline,smooth_high_snr,24475,24474,0.9999591419816138,PRESERVED
165042,ece3,cubic_spline,smooth_high_snr,24475,24474,0.9999591419816138,PRESERVED
165042,ece4,cubic_spline,smooth_high_snr,24475,24474,0.9999591419816138,PRESERVED
165042,ece5,cubic_spline,smooth_high_snr,24475,24474,0.9999591419816138,PRESERVED
165042,ece6,cubic_spline,smooth_high_snr,24475,24474,0.9999591419816138,PRESERVED
165042,ece7,cubic_spline,smooth_high_snr,24475,24474,0.9999591419816138,PRESERVED
165042,ece8,cubic_spline,smooth_high_snr,24475,24474,0.9999591419816138,PRESERVED
165042,ece9,cubic_spline,smooth_high_snr,24475,24474,0.9999591419816138,PRESERVED
165042,ece10,cubic_spline,smooth_high_snr,24475,24474,0.9999591419816138,PRESERVED
165042,ece11,cubic_spline,smooth_high_snr,24475,24474,0.9999591419816138,PRESERVED
165042,ece12,cubic_spline,smooth_high_snr,24475,24474,0.9999591419816138,PRESERVED
165042,ece13,cubic_spline,smooth_high_snr,24475,24474,0.9999591419816138,PRESERVED
165042,ece14,cubic_spline,smooth_high_snr,24475,24474,0.9999591419816138,PRESERVED
165042,ece15,cubic_spline,smooth_high_snr,24475,24474,0.9999591419816138,PRESERVED
165042,ece16,cubic_spline,smooth_high_snr,24475,24474,0.9999591419816138,PRESERVED
165042,ece17,cubic_spline,smooth_high_snr,24475,24474,0.9999591419816138,PRESERVED
165042,ece18,cubic_spline,smooth_high_snr,24475,24474,0.9999591419816138,PRESERVED
165042,ece19,cubic_spline,smooth_high_snr,24475,24474,0.9999591419816138,PRESERVED
165042,ece20,cubic_spline,smooth_high_snr,24475,24474,0.9999591419816138,PRESERVED
165042,ece21,cubic_spline,smooth_high_snr,24475,24474,0.9999591419816138,PRESERVED
165042,ece22,cubic_spline,smooth_high_snr,24475,24474,0.9999591419816138,PRESERVED
165042,ece23,cubic_spline,smooth_high_snr,24475,24474,0.9999591419816138,PRESERVED
165042,ece24,cubic_spline,smooth_high_snr,24475,24474,0.9999591419816138,PRESERVED
165042,ece25,cubic_spline,smooth_high_snr,24475,24474,0.9999591419816138,PRESERVED
165042,ece26,cubic_spline,smooth_high_snr,24475,24474,0.9999591419816138,PRESERVED
165042,ece27,cubic_spline,smooth_high_snr,24475,24474,0.9999591419816138,PRESERVED
165042,ece28,cubic_spline,smooth_high_snr,24475,24474,0.9999591419816138,PRESERVED
165042,ece29,cubic_spline,smooth_high_snr,24475,24474,0.9999591419816138,PRESERVED
165042,ece30,cubic_spline,smooth_high_snr,24475,24474,0.9999591419816138,PRESERVED
165042,ece31,cubic_spline,smooth_high_snr,24475,24474,0.9999591419816138,PRESERVED
165042,ece32,cubic_spline,smooth_high_snr,24475,24474,0.9999591419816138,PRESERVED
165042,ece33,cubic_spline,smooth_high_snr,24475,24474,0.9999591419816138,PRESERVED
165042,ece34,cubic_spline,smooth_high_snr,24475,24474,0.9999591419816138,PRESERVED
165042,ece35,cubic_spline,smooth_high_snr,24475,24474,0.9999591419816138,PRESERVED
165042,ece36,cubic_spline,smooth_high_snr,24475,24474,0.9999591419816138,PRESERVED
165042,ece37,cubic_spline,smooth_high_snr,24475,24474,0.9999591419816138,PRESERVED
165042,ece38,cubic_spline,smooth_high_snr,24475,24474,0.9999591419816138,PRESERVED
165042,ece39,cubic_spline,smooth_high_snr,24475,24474,0.9999591419816138,PRESERVED
165042,ece40,cubic_spline,smooth_high_snr,24475,24474,0.9999591419816138,PRESERVED
165042,fs03da,pchip_no_smoothing,noisy,244750,244749,0.9999959141981614,PRESERVED
165042,fs04,cubic_spline_simple,slow_varying,244750,244749,0.9999959141981614,PRESERVED
165042,fs04da,cubic_spline_simple,slow_varying,244750,244749,0.9999959141981614,PRESERVED
165042,fs05da,pchip_careful,fast_transient,244750,244749,0.9999959141981614,PRESERVED
165042,gasa,decimate_with_antialiasing,smooth_high_snr,97900,2448,0.025005107252298264,DOWNSAMPLED
165042,gasb,decimate_with_antialiasing,fast_transient,97900,2448,0.025005107252298264,DOWNSAMPLED
165042,gasc,decimate_with_antialiasing,fast_transient,97900,2448,0.025005107252298264,DOWNSAMPLED
165042,gasd,decimate_with_antialiasing,noisy,97900,2448,0.025005107252298264,DOWNSAMPLED
165042,ip,cubic_spline,smooth_high_snr,9790,4895,0.5,DOWNSAMPLED
165042,kappa,cubic_spline,smooth_high_snr,239,239,1.0,PRESERVED
165042,li,cubic_spline,smooth_high_snr,239,239,1.0,PRESERVED
165042,pcbcoil,decimate_with_antialiasing,smooth_high_snr,97901,4896,0.050009703680248416,DOWNSAMPLED
165042,pcdiamag3,decimate_with_antialiasing,smooth_high_snr,97901,4896,0.050009703680248416,DOWNSAMPLED
165042,pinj,cubic_spline,smooth_high_snr,48951,48950,0.9999795714081429,PRESERVED
165042,pinj_15l,pchip_careful,fast_transient,48951,48950,0.9999795714081429,PRESERVED
165042,pinj_15r,pchip_careful,fast_transient,48951,48950,0.9999795714081429,PRESERVED
165042,pinj_21l,cubic_spline,smooth_high_snr,48951,48950,0.9999795714081429,PRESERVED
165042,pinj_21r,pchip_careful,fast_transient,48951,48950,0.9999795714081429,PRESERVED
165042,pinj_30l,pchip_careful,fast_transient,48951,48950,0.9999795714081429,PRESERVED
165042,pinj_30r,cubic_spline,smooth_high_snr,48951,48950,0.9999795714081429,PRESERVED
165042,pinj_33l,pchip_careful,fast_transient,48951,48950,0.9999795714081429,PRESERVED
165042,pinj_33r,cubic_spline,smooth_high_snr,48951,48950,0.9999795714081429,PRESERVED
165042,prmtan_neped,decimate_with_antialiasing,fast_transient,1034,517,0.5,DOWNSAMPLED
165042,prmtan_teped,decimate_with_antialiasing,slow_varying,996,498,0.5,DOWNSAMPLED
165042,q95,cubic_spline,smooth_high_snr,239,239,1.0,PRESERVED
165042,rmaxis,cubic_spline,smooth_high_snr,239,239,1.0,PRESERVED
165042,rsurf,cubic_spline,smooth_high_snr,239,239,1.0,PRESERVED
165042,tinj,cubic_spline,smooth_high_snr,48951,48950,0.9999795714081429,PRESERVED
165042,tribot,pchip_careful,fast_transient,239,239,1.0,PRESERVED
165042,tritop,cubic_spline,smooth_high_snr,239,239,1.0,PRESERVED
165042,volume,cubic_spline,smooth_high_snr,239,239,1.0,PRESERVED
165042,vsurf,cubic_spline,smooth_high_snr,239,239,1.0,PRESERVED
165042,zcur,pchip_no_smoothing,noisy,239,239,1.0,PRESERVED
165042,zmaxis,cubic_spline_simple,slow_varying,239,239,1.0,PRESERVED
165042,zsurf,cubic_spline_simple,slow_varying,239,239,1.0,PRESERVED
165043,aminor,cubic_spline,smooth_high_snr,240,240,1.0,PRESERVED
165043,area,cubic_spline,smooth_high_snr,240,240,1.0,PRESERVED
165043,betan,cubic_spline,smooth_high_snr,240,240,1.0,PRESERVED
165043,bt,decimate_with_antialiasing,smooth_high_snr,9811,4906,0.5000509632045663,DOWNSAMPLED
165043,cerqrott10,cubic_spline_simple,slow_varying,776,431,0.5554123711340206,DOWNSAMPLED
165043,cerqrott11,cubic_spline_simple,slow_varying,776,431,0.5554123711340206,DOWNSAMPLED
165043,cerqrott12,cubic_spline_simple,slow_varying,776,431,0.5554123711340206,DOWNSAMPLED
165043,cerqrott13,cubic_spline_simple,slow_varying,758,431,0.5686015831134564,DOWNSAMPLED
165043,cerqrott3,cubic_spline,smooth_high_snr,749,441,0.5887850467289719,DOWNSAMPLED
165043,cerqrott6,cubic_spline,smooth_high_snr,749,441,0.5887850467289719,DOWNSAMPLED
165043,cerqrott8,cubic_spline,smooth_high_snr,776,431,0.5554123711340206,DOWNSAMPLED
165043,cerqtit10,cubic_spline,smooth_high_snr,776,431,0.5554123711340206,DOWNSAMPLED
165043,cerqtit11,cubic_spline_simple,slow_varying,776,431,0.5554123711340206,DOWNSAMPLED
165043,cerqtit12,cubic_spline_simple,slow_varying,776,431,0.5554123711340206,DOWNSAMPLED
165043,cerqtit13,cubic_spline_simple,slow_varying,758,431,0.5686015831134564,DOWNSAMPLED
165043,cerqtit3,cubic_spline,smooth_high_snr,749,441,0.5887850467289719,DOWNSAMPLED
165043,cerqtit6,cubic_spline,smooth_high_snr,749,441,0.5887850467289719,DOWNSAMPLED
165043,cerqtit8,cubic_spline,smooth_high_snr,776,431,0.5554123711340206,DOWNSAMPLED
165043,density,cubic_spline,smooth_high_snr,4800,4799,0.9997916666666666,PRESERVED
165043,drsep,pchip_careful,fast_transient,240,240,1.0,PRESERVED
165043,ece1,cubic_spline,smooth_high_snr,24526,24525,0.9999592269428361,PRESERVED
165043,ece2,cubic_spline,smooth_high_snr,24526,24525,0.9999592269428361,PRESERVED
165043,ece3,cubic_spline,smooth_high_snr,24526,24525,0.9999592269428361,PRESERVED
165043,ece4,cubic_spline,smooth_high_snr,24526,24525,0.9999592269428361,PRESERVED
165043,ece5,cubic_spline,smooth_high_snr,24526,24525,0.9999592269428361,PRESERVED
165043,ece6,cubic_spline,smooth_high_snr,24526,24525,0.9999592269428361,PRESERVED
165043,ece7,cubic_spline,smooth_high_snr,24526,24525,0.9999592269428361,PRESERVED
165043,ece8,cubic_spline,smooth_high_snr,24526,24525,0.9999592269428361,PRESERVED
165043,ece9,cubic_spline,smooth_high_snr,24526,24525,0.9999592269428361,PRESERVED
165043,ece10,cubic_spline,smooth_high_snr,24526,24525,0.9999592269428361,PRESERVED
165043,ece11,cubic_spline,smooth_high_snr,24526,24525,0.9999592269428361,PRESERVED
165043,ece12,cubic_spline,smooth_high_snr,24526,24525,0.9999592269428361,PRESERVED
165043,ece13,cubic_spline,smooth_high_snr,24526,24525,0.9999592269428361,PRESERVED
165043,ece14,cubic_spline,smooth_high_snr,24526,24525,0.9999592269428361,PRESERVED
165043,ece15,cubic_spline,smooth_high_snr,24526,24525,0.9999592269428361,PRESERVED
165043,ece16,cubic_spline,smooth_high_snr,24526,24525,0.9999592269428361,PRESERVED
165043,ece17,cubic_spline,smooth_high_snr,24526,24525,0.9999592269428361,PRESERVED
165043,ece18,cubic_spline,smooth_high_snr,24526,24525,0.9999592269428361,PRESERVED
165043,ece19,cubic_spline,smooth_high_snr,24526,24525,0.9999592269428361,PRESERVED
165043,ece20,cubic_spline,smooth_high_snr,24526,24525,0.9999592269428361,PRESERVED
165043,ece21,cubic_spline,smooth_high_snr,24526,24525,0.9999592269428361,PRESERVED
165043,ece22,cubic_spline,smooth_high_snr,24526,24525,0.9999592269428361,PRESERVED
165043,ece23,cubic_spline,smooth_high_snr,24526,24525,0.9999592269428361,PRESERVED
165043,ece24,cubic_spline,smooth_high_snr,24526,24525,0.9999592269428361,PRESERVED
165043,ece25,cubic_spline,smooth_high_snr,24526,24525,0.9999592269428361,PRESERVED
165043,ece26,cubic_spline,smooth_high_snr,24526,24525,0.9999592269428361,PRESERVED
165043,ece27,cubic_spline,smooth_high_snr,24526,24525,0.9999592269428361,PRESERVED
165043,ece28,cubic_spline,smooth_high_snr,24526,24525,0.9999592269428361,PRESERVED
165043,ece29,cubic_spline,smooth_high_snr,24526,24525,0.9999592269428361,PRESERVED
165043,ece30,cubic_spline,smooth_high_snr,24526,24525,0.9999592269428361,PRESERVED
165043,ece31,cubic_spline,smooth_high_snr,24526,24525,0.9999592269428361,PRESERVED
165043,ece32,cubic_spline,smooth_high_snr,24526,24525,0.9999592269428361,PRESERVED
165043,ece33,cubic_spline,smooth_high_snr,24526,24525,0.9999592269428361,PRESERVED
165043,ece34,cubic_spline,smooth_high_snr,24526,24525,0.9999592269428361,PRESERVED
165043,ece35,cubic_spline,smooth_high_snr,24526,24525,0.9999592269428361,PRESERVED
165043,ece36,cubic_spline,smooth_high_snr,24526,24525,0.9999592269428361,PRESERVED
165043,ece37,cubic_spline,smooth_high_snr,24526,24525,0.9999592269428361,PRESERVED
165043,ece38,cubic_spline,smooth_high_snr,24526,24525,0.9999592269428361,PRESERVED
165043,ece39,cubic_spline,smooth_high_snr,24526,24525,0.9999592269428361,PRESERVED
165043,ece40,cubic_spline,smooth_high_snr,24526,24525,0.9999592269428361,PRESERVED
165043,fs03da,pchip_no_smoothing,noisy,245250,245249,0.9999959225280326,PRESERVED
165043,fs04,cubic_spline_simple,slow_varying,245250,245249,0.9999959225280326,PRESERVED
165043,fs04da,cubic_spline_simple,slow_varying,245250,245249,0.9999959225280326,PRESERVED
165043,fs05da,pchip_careful,fast_transient,245250,245249,0.9999959225280326,PRESERVED
165043,gasa,decimate_with_antialiasing,smooth_high_snr,98100,2453,0.025005096839959225,DOWNSAMPLED
165043,gasb,decimate_with_antialiasing,fast_transient,98100,2453,0.025005096839959225,DOWNSAMPLED
165043,gasc,decimate_with_antialiasing,fast_transient,98100,2453,0.025005096839959225,DOWNSAMPLED
165043,gasd,decimate_with_antialiasing,noisy,98100,2453,0.025005096839959225,DOWNSAMPLED
165043,ip,cubic_spline,smooth_high_snr,9811,4905,0.4999490367954337,DOWNSAMPLED
165043,kappa,cubic_spline,smooth_high_snr,240,240,1.0,PRESERVED
165043,li,cubic_spline,smooth_high_snr,240,240,1.0,PRESERVED
165043,pcbcoil,decimate_with_antialiasing,smooth_high_snr,98101,4906,0.05000968389720798,DOWNSAMPLED
165043,pcdiamag3,decimate_with_antialiasing,smooth_high_snr,98101,4906,0.05000968389720798,DOWNSAMPLED
165043,pinj,cubic_spline,smooth_high_snr,49051,49050,0.9999796130557991,PRESERVED
165043,pinj_15l,pchip_careful,fast_transient,49051,49050,0.9999796130557991,PRESERVED
165043,pinj_15r,pchip_careful,fast_transient,49051,49050,0.9999796130557991,PRESERVED
165043,pinj_21l,cubic_spline,smooth_high_snr,49051,49050,0.9999796130557991,PRESERVED
165043,pinj_21r,pchip_careful,fast_transient,49051,49050,0.9999796130557991,PRESERVED
165043,pinj_30l,pchip_careful,fast_transient,49051,49050,0.9999796130557991,PRESERVED
165043,pinj_30r,cubic_spline,smooth_high_snr,49051,49050,0.9999796130557991,PRESERVED
165043,pinj_33l,pchip_careful,fast_transient,49051,49050,0.9999796130557991,PRESERVED
165043,pinj_33r,cubic_spline,smooth_high_snr,49051,49050,0.9999796130557991,PRESERVED
165043,prmtan_neped,decimate_with_antialiasing,fast_transient,1033,517,0.5004840271055179,DOWNSAMPLED
165043,prmtan_teped,decimate_with_antialiasing,slow_varying,1003,502,0.5004985044865404,DOWNSAMPLED
165043,q95,cubic_spline,smooth_high_snr,240,240,1.0,PRESERVED
165043,rmaxis,cubic_spline,smooth_high_snr,240,240,1.0,PRESERVED
165043,rsurf,cubic_spline,smooth_high_snr,240,240,1.0,PRESERVED
165043,tinj,cubic_spline,smooth_high_snr,49051,49050,0.9999796130557991,PRESERVED
165043,tribot,pchip_careful,fast_transient,240,240,1.0,PRESERVED
165043,tritop,cubic_spline,smooth_high_snr,240,240,1.0,PRESERVED
165043,volume,cubic_spline,smooth_high_snr,240,240,1.0,PRESERVED
165043,vsurf,cubic_spline,smooth_high_snr,240,240,1.0,PRESERVED
165043,zcur,pchip_no_smoothing,noisy,240,240,1.0,PRESERVED
165043,zmaxis,cubic_spline_simple,slow_varying,240,240,1.0,PRESERVED
165043,zsurf,cubic_spline_simple,slow_varying,240,240,1.0,PRESERVED
165860,aminor,cubic_spline,smooth_high_snr,150,222,1.48,UPSAMPLED
165860,area,cubic_spline,smooth_high_snr,150,222,1.48,UPSAMPLED
165860,betan,cubic_spline,smooth_high_snr,150,222,1.48,UPSAMPLED
165860,bt,decimate_with_antialiasing,smooth_high_snr,9811,4906,0.5000509632045663,DOWNSAMPLED
165860,cerqrott10,cubic_spline_simple,slow_varying,773,431,0.5575679172056921,DOWNSAMPLED
165860,cerqrott11,cubic_spline_simple,slow_varying,773,431,0.5575679172056921,DOWNSAMPLED
165860,cerqrott12,cubic_spline_simple,slow_varying,773,431,0.5575679172056921,DOWNSAMPLED
165860,cerqrott13,cubic_spline_simple,slow_varying,773,431,0.5575679172056921,DOWNSAMPLED
165860,cerqrott3,cubic_spline,smooth_high_snr,749,441,0.5887850467289719,DOWNSAMPLED
165860,cerqrott6,cubic_spline,smooth_high_snr,749,441,0.5887850467289719,DOWNSAMPLED
165860,cerqrott8,cubic_spline,smooth_high_snr,773,431,0.5575679172056921,DOWNSAMPLED
165860,cerqtit10,cubic_spline,smooth_high_snr,773,431,0.5575679172056921,DOWNSAMPLED
165860,cerqtit11,cubic_spline_simple,slow_varying,773,431,0.5575679172056921,DOWNSAMPLED
165860,cerqtit12,cubic_spline_simple,slow_varying,773,431,0.5575679172056921,DOWNSAMPLED
165860,cerqtit13,cubic_spline_simple,slow_varying,773,431,0.5575679172056921,DOWNSAMPLED
165860,cerqtit3,cubic_spline,smooth_high_snr,749,441,0.5887850467289719,DOWNSAMPLED
165860,cerqtit6,cubic_spline,smooth_high_snr,749,441,0.5887850467289719,DOWNSAMPLED
165860,cerqtit8,cubic_spline,smooth_high_snr,773,431,0.5575679172056921,DOWNSAMPLED
165860,density,cubic_spline,smooth_high_snr,4805,4804,0.9997918834547347,PRESERVED
165860,drsep,pchip_careful,fast_transient,150,222,1.48,UPSAMPLED
165860,ece1,cubic_spline,smooth_high_snr,24526,24525,0.9999592269428361,PRESERVED
165860,ece2,cubic_spline,smooth_high_snr,24526,24525,0.9999592269428361,PRESERVED
165860,ece3,cubic_spline,smooth_high_snr,24526,24525,0.9999592269428361,PRESERVED
165860,ece4,cubic_spline,smooth_high_snr,24526,24525,0.9999592269428361,PRESERVED
165860,ece5,cubic_spline,smooth_high_snr,24526,24525,0.9999592269428361,PRESERVED
165860,ece6,cubic_spline,smooth_high_snr,24526,24525,0.9999592269428361,PRESERVED
165860,ece7,cubic_spline,smooth_high_snr,24526,24525,0.9999592269428361,PRESERVED
165860,ece8,cubic_spline,smooth_high_snr,24526,24525,0.9999592269428361,PRESERVED
165860,ece9,cubic_spline,smooth_high_snr,24526,24525,0.9999592269428361,PRESERVED
165860,ece10,cubic_spline,smooth_high_snr,24526,24525,0.9999592269428361,PRESERVED
165860,ece11,cubic_spline,smooth_high_snr,24526,24525,0.9999592269428361,PRESERVED
165860,ece12,cubic_spline,smooth_high_snr,24526,24525,0.9999592269428361,PRESERVED
165860,ece13,cubic_spline,smooth_high_snr,24526,24525,0.9999592269428361,PRESERVED
165860,ece14,cubic_spline,smooth_high_snr,24526,24525,0.9999592269428361,PRESERVED
165860,ece15,cubic_spline,smooth_high_snr,24526,24525,0.9999592269428361,PRESERVED
165860,ece16,cubic_spline,smooth_high_snr,24526,24525,0.9999592269428361,PRESERVED
165860,ece17,cubic_spline,smooth_high_snr,24526,24525,0.9999592269428361,PRESERVED
165860,ece18,cubic_spline,smooth_high_snr,24526,24525,0.9999592269428361,PRESERVED
165860,ece19,cubic_spline,smooth_high_snr,24526,24525,0.9999592269428361,PRESERVED
165860,ece20,cubic_spline,smooth_high_snr,24526,24525,0.9999592269428361,PRESERVED
165860,ece21,cubic_spline,smooth_high_snr,24526,24525,0.9999592269428361,PRESERVED
165860,ece22,cubic_spline,smooth_high_snr,24526,24525,0.9999592269428361,PRESERVED
165860,ece23,cubic_spline,smooth_high_snr,24526,24525,0.9999592269428361,PRESERVED
165860,ece24,cubic_spline,smooth_high_snr,24526,24525,0.9999592269428361,PRESERVED
165860,ece25,cubic_spline,smooth_high_snr,24526,24525,0.9999592269428361,PRESERVED
165860,ece26,cubic_spline,smooth_high_snr,24526,24525,0.9999592269428361,PRESERVED
165860,ece27,cubic_spline,smooth_high_snr,24526,24525,0.9999592269428361,PRESERVED
165860,ece28,cubic_spline,smooth_high_snr,24526,24525,0.9999592269428361,PRESERVED
165860,ece29,cubic_spline,smooth_high_snr,24526,24525,0.9999592269428361,PRESERVED
165860,ece30,cubic_spline,smooth_high_snr,24526,24525,0.9999592269428361,PRESERVED
165860,ece31,cubic_spline,smooth_high_snr,24526,24525,0.9999592269428361,PRESERVED
165860,ece32,cubic_spline,smooth_high_snr,24526,24525,0.9999592269428361,PRESERVED
165860,ece33,cubic_spline,smooth_high_snr,24526,24525,0.9999592269428361,PRESERVED
165860,ece34,cubic_spline,smooth_high_snr,24526,24525,0.9999592269428361,PRESERVED
165860,ece35,cubic_spline,smooth_high_snr,24526,24525,0.9999592269428361,PRESERVED
165860,ece36,cubic_spline,smooth_high_snr,24526,24525,0.9999592269428361,PRESERVED
165860,ece37,cubic_spline,smooth_high_snr,24526,24525,0.9999592269428361,PRESERVED
165860,ece38,cubic_spline,smooth_high_snr,24526,24525,0.9999592269428361,PRESERVED
165860,ece39,cubic_spline,smooth_high_snr,24526,24525,0.9999592269428361,PRESERVED
165860,ece40,cubic_spline,smooth_high_snr,24526,24525,0.9999592269428361,PRESERVED
165860,fs03da,pchip_no_smoothing,noisy,245250,245249,0.9999959225280326,PRESERVED
165860,fs04,cubic_spline_simple,slow_varying,245250,245249,0.9999959225280326,PRESERVED
165860,fs04da,cubic_spline_simple,slow_varying,245250,245249,0.9999959225280326,PRESERVED
165860,fs05da,pchip_careful,fast_transient,245250,245249,0.9999959225280326,PRESERVED
165860,gasa,decimate_with_antialiasing,smooth_high_snr,98100,2453,0.025005096839959225,DOWNSAMPLED
165860,gasb,decimate_with_antialiasing,fast_transient,98100,2453,0.025005096839959225,DOWNSAMPLED
165860,gasc,decimate_with_antialiasing,fast_transient,98100,2453,0.025005096839959225,DOWNSAMPLED
165860,gasd,decimate_with_antialiasing,noisy,98100,2453,0.025005096839959225,DOWNSAMPLED
165860,ip,cubic_spline,smooth_high_snr,9811,4905,0.4999490367954337,DOWNSAMPLED
165860,kappa,cubic_spline,smooth_high_snr,150,222,1.48,UPSAMPLED
165860,li,cubic_spline,smooth_high_snr,150,222,1.48,UPSAMPLED
165860,pcbcoil,decimate_with_antialiasing,smooth_high_snr,98101,4906,0.05000968389720798,DOWNSAMPLED
165860,pcdiamag3,decimate_with_antialiasing,smooth_high_snr,98101,4906,0.05000968389720798,DOWNSAMPLED
165860,pinj,cubic_spline,smooth_high_snr,49051,49050,0.9999796130557991,PRESERVED
165860,pinj_15l,pchip_careful,fast_transient,49051,49050,0.9999796130557991,PRESERVED
165860,pinj_15r,pchip_careful,fast_transient,49051,49050,0.9999796130557991,PRESERVED
165860,pinj_21l,cubic_spline,smooth_high_snr,49051,49050,0.9999796130557991,PRESERVED
165860,pinj_21r,pchip_careful,fast_transient,49051,49050,0.9999796130557991,PRESERVED
165860,pinj_30l,pchip_careful,fast_transient,49051,49050,0.9999796130557991,PRESERVED
165860,pinj_30r,cubic_spline,smooth_high_snr,49051,49050,0.9999796130557991,PRESERVED
165860,pinj_33l,pchip_careful,fast_transient,49051,49050,0.9999796130557991,PRESERVED
165860,pinj_33r,cubic_spline,smooth_high_snr,49051,49050,0.9999796130557991,PRESERVED
165860,prmtan_neped,decimate_with_antialiasing,fast_transient,1015,508,0.5004926108374385,DOWNSAMPLED
165860,prmtan_teped,decimate_with_antialiasing,slow_varying,975,488,0.5005128205128205,DOWNSAMPLED
165860,q95,cubic_spline,smooth_high_snr,150,222,1.48,UPSAMPLED
165860,rmaxis,cubic_spline,smooth_high_snr,150,222,1.48,UPSAMPLED
165860,rsurf,cubic_spline,smooth_high_snr,150,222,1.48,UPSAMPLED
165860,tinj,cubic_spline,smooth_high_snr,49051,49050,0.9999796130557991,PRESERVED
165860,tribot,pchip_careful,fast_transient,150,222,1.48,UPSAMPLED
165860,tritop,cubic_spline,smooth_high_snr,150,222,1.48,UPSAMPLED
165860,volume,cubic_spline,smooth_high_snr,150,222,1.48,UPSAMPLED
165860,vsurf,cubic_spline,smooth_high_snr,150,222,1.48,UPSAMPLED
165860,zcur,pchip_no_smoothing,noisy,150,222,1.48,UPSAMPLED
165860,zmaxis,cubic_spline_simple,slow_varying,150,222,1.48,UPSAMPLED
165860,zsurf,cubic_spline_simple,slow_varying,150,222,1.48,UPSAMPLED
165861,aminor,cubic_spline,smooth_high_snr,198,240,1.2121212121212122,UPSAMPLED
165861,area,cubic_spline,smooth_high_snr,198,240,1.2121212121212122,UPSAMPLED
165861,betan,cubic_spline,smooth_high_snr,198,240,1.2121212121212122,UPSAMPLED
165861,bt,decimate_with_antialiasing,smooth_high_snr,9811,4906,0.5000509632045663,DOWNSAMPLED
165861,cerqrott10,cubic_spline_simple,slow_varying,774,431,0.5568475452196382,DOWNSAMPLED
165861,cerqrott11,cubic_spline_simple,slow_varying,774,431,0.5568475452196382,DOWNSAMPLED
165861,cerqrott12,cubic_spline_simple,slow_varying,774,431,0.5568475452196382,DOWNSAMPLED
165861,cerqrott13,cubic_spline_simple,slow_varying,774,431,0.5568475452196382,DOWNSAMPLED
165861,cerqrott3,cubic_spline,smooth_high_snr,748,441,0.589572192513369,DOWNSAMPLED
165861,cerqrott6,cubic_spline,smooth_high_snr,748,441,0.589572192513369,DOWNSAMPLED
165861,cerqrott8,cubic_spline,smooth_high_snr,774,431,0.5568475452196382,DOWNSAMPLED
165861,cerqtit10,cubic_spline,smooth_high_snr,774,431,0.5568475452196382,DOWNSAMPLED
165861,cerqtit11,cubic_spline_simple,slow_varying,774,431,0.5568475452196382,DOWNSAMPLED
165861,cerqtit12,cubic_spline_simple,slow_varying,774,431,0.5568475452196382,DOWNSAMPLED
165861,cerqtit13,cubic_spline_simple,slow_varying,774,431,0.5568475452196382,DOWNSAMPLED
165861,cerqtit3,cubic_spline,smooth_high_snr,748,441,0.589572192513369,DOWNSAMPLED
165861,cerqtit6,cubic_spline,smooth_high_snr,748,441,0.589572192513369,DOWNSAMPLED
165861,cerqtit8,cubic_spline,smooth_high_snr,774,431,0.5568475452196382,DOWNSAMPLED
165861,density,cubic_spline,smooth_high_snr,4805,4804,0.9997918834547347,PRESERVED
165861,drsep,pchip_careful,fast_transient,198,240,1.2121212121212122,UPSAMPLED
165861,ece1,cubic_spline,smooth_high_snr,24526,24525,0.9999592269428361,PRESERVED
165861,ece2,cubic_spline,smooth_high_snr,24526,24525,0.9999592269428361,PRESERVED
165861,ece3,cubic_spline,smooth_high_snr,24526,24525,0.9999592269428361,PRESERVED
165861,ece4,cubic_spline,smooth_high_snr,24526,24525,0.9999592269428361,PRESERVED
165861,ece5,cubic_spline,smooth_high_snr,24526,24525,0.9999592269428361,PRESERVED
165861,ece6,cubic_spline,smooth_high_snr,24526,24525,0.9999592269428361,PRESERVED
165861,ece7,cubic_spline,smooth_high_snr,24526,24525,0.9999592269428361,PRESERVED
165861,ece8,cubic_spline,smooth_high_snr,24526,24525,0.9999592269428361,PRESERVED
165861,ece9,cubic_spline,smooth_high_snr,24526,24525,0.9999592269428361,PRESERVED
165861,ece10,cubic_spline,smooth_high_snr,24526,24525,0.9999592269428361,PRESERVED
165861,ece11,cubic_spline,smooth_high_snr,24526,24525,0.9999592269428361,PRESERVED
165861,ece12,cubic_spline,smooth_high_snr,24526,24525,0.9999592269428361,PRESERVED
165861,ece13,cubic_spline,smooth_high_snr,24526,24525,0.9999592269428361,PRESERVED
165861,ece14,cubic_spline,smooth_high_snr,24526,24525,0.9999592269428361,PRESERVED
165861,ece15,cubic_spline,smooth_high_snr,24526,24525,0.9999592269428361,PRESERVED
165861,ece16,cubic_spline,smooth_high_snr,24526,24525,0.9999592269428361,PRESERVED
165861,ece17,cubic_spline,smooth_high_snr,24526,24525,0.9999592269428361,PRESERVED
165861,ece18,cubic_spline,smooth_high_snr,24526,24525,0.9999592269428361,PRESERVED
165861,ece19,cubic_spline,smooth_high_snr,24526,24525,0.9999592269428361,PRESERVED
165861,ece20,cubic_spline,smooth_high_snr,24526,24525,0.9999592269428361,PRESERVED
165861,ece21,cubic_spline,smooth_high_snr,24526,24525,0.9999592269428361,PRESERVED
165861,ece22,cubic_spline,smooth_high_snr,24526,24525,0.9999592269428361,PRESERVED
165861,ece23,cubic_spline,smooth_high_snr,24526,24525,0.9999592269428361,PRESERVED
165861,ece24,cubic_spline,smooth_high_snr,24526,24525,0.9999592269428361,PRESERVED
165861,ece25,cubic_spline,smooth_high_snr,24526,24525,0.9999592269428361,PRESERVED
165861,ece26,cubic_spline,smooth_high_snr,24526,24525,0.9999592269428361,PRESERVED
165861,ece27,cubic_spline,smooth_high_snr,24526,24525,0.9999592269428361,PRESERVED
165861,ece28,cubic_spline,smooth_high_snr,24526,24525,0.9999592269428361,PRESERVED
165861,ece29,cubic_spline,smooth_high_snr,24526,24525,0.9999592269428361,PRESERVED
165861,ece30,cubic_spline,smooth_high_snr,24526,24525,0.9999592269428361,PRESERVED
165861,ece31,cubic_spline,smooth_high_snr,24526,24525,0.9999592269428361,PRESERVED
165861,ece32,cubic_spline,smooth_high_snr,24526,24525,0.9999592269428361,PRESERVED
165861,ece33,cubic_spline,smooth_high_snr,24526,24525,0.9999592269428361,PRESERVED
165861,ece34,cubic_spline,smooth_high_snr,24526,24525,0.9999592269428361,PRESERVED
165861,ece35,cubic_spline,smooth_high_snr,24526,24525,0.9999592269428361,PRESERVED
165861,ece36,cubic_spline,smooth_high_snr,24526,24525,0.9999592269428361,PRESERVED
165861,ece37,cubic_spline,smooth_high_snr,24526,24525,0.9999592269428361,PRESERVED
165861,ece38,cubic_spline,smooth_high_snr,24526,24525,0.9999592269428361,PRESERVED
165861,ece39,cubic_spline,smooth_high_snr,24526,24525,0.9999592269428361,PRESERVED
165861,ece40,cubic_spline,smooth_high_snr,24526,24525,0.9999592269428361,PRESERVED
165861,fs03da,pchip_no_smoothing,noisy,245250,245249,0.9999959225280326,PRESERVED
165861,fs04,cubic_spline_simple,slow_varying,245250,245249,0.9999959225280326,PRESERVED
165861,fs04da,cubic_spline_simple,slow_varying,245250,245249,0.9999959225280326,PRESERVED
165861,fs05da,pchip_careful,fast_transient,245250,245249,0.9999959225280326,PRESERVED
165861,gasa,decimate_with_antialiasing,smooth_high_snr,98100,2453,0.025005096839959225,DOWNSAMPLED
165861,gasb,decimate_with_antialiasing,fast_transient,98100,2453,0.025005096839959225,DOWNSAMPLED
165861,gasc,decimate_with_antialiasing,fast_transient,98100,2453,0.025005096839959225,DOWNSAMPLED
165861,gasd,decimate_with_antialiasing,noisy,98100,2453,0.025005096839959225,DOWNSAMPLED
165861,ip,cubic_spline,smooth_high_snr,9811,4905,0.4999490367954337,DOWNSAMPLED
165861,kappa,cubic_spline,smooth_high_snr,198,240,1.2121212121212122,UPSAMPLED
165861,li,cubic_spline,smooth_high_snr,198,240,1.2121212121212122,UPSAMPLED
165861,pcbcoil,decimate_with_antialiasing,smooth_high_snr,98101,4906,0.05000968389720798,DOWNSAMPLED
165861,pcdiamag3,decimate_with_antialiasing,smooth_high_snr,98101,4906,0.05000968389720798,DOWNSAMPLED
165861,pinj,cubic_spline,smooth_high_snr,49051,49050,0.9999796130557991,PRESERVED
165861,pinj_15l,pchip_careful,fast_transient,49051,49050,0.9999796130557991,PRESERVED
165861,pinj_15r,pchip_careful,fast_transient,49051,49050,0.9999796130557991,PRESERVED
165861,pinj_21l,cubic_spline,smooth_high_snr,49051,49050,0.9999796130557991,PRESERVED
165861,pinj_21r,pchip_careful,fast_transient,49051,49050,0.9999796130557991,PRESERVED
165861,pinj_30l,pchip_careful,fast_transient,49051,49050,0.9999796130557991,PRESERVED
165861,pinj_30r,cubic_spline,smooth_high_snr,49051,49050,0.9999796130557991,PRESERVED
165861,pinj_33l,pchip_careful,fast_transient,49051,49050,0.9999796130557991,PRESERVED
165861,pinj_33r,cubic_spline,smooth_high_snr,49051,49050,0.9999796130557991,PRESERVED
165861,prmtan_neped,decimate_with_antialiasing,fast_transient,1017,509,0.5004916420845624,DOWNSAMPLED
165861,prmtan_teped,decimate_with_antialiasing,slow_varying,979,490,0.5005107252298263,DOWNSAMPLED
165861,q95,cubic_spline,smooth_high_snr,198,240,1.2121212121212122,UPSAMPLED
165861,rmaxis,cubic_spline,smooth_high_snr,198,240,1.2121212121212122,UPSAMPLED
165861,rsurf,cubic_spline,smooth_high_snr,198,240,1.2121212121212122,UPSAMPLED
165861,tinj,cubic_spline,smooth_high_snr,49051,49050,0.9999796130557991,PRESERVED
165861,tribot,pchip_careful,fast_transient,198,240,1.2121212121212122,UPSAMPLED
165861,tritop,cubic_spline,smooth_high_snr,198,240,1.2121212121212122,UPSAMPLED
165861,volume,cubic_spline,smooth_high_snr,198,240,1.2121212121212122,UPSAMPLED
165861,vsurf,cubic_spline,smooth_high_snr,198,240,1.2121212121212122,UPSAMPLED
165861,zcur,pchip_no_smoothing,noisy,198,240,1.2121212121212122,UPSAMPLED
165861,zmaxis,cubic_spline_simple,slow_varying,198,240,1.2121212121212122,UPSAMPLED
165861,zsurf,cubic_spline_simple,slow_varying,198,240,1.2121212121212122,UPSAMPLED
165955,aminor,cubic_spline,smooth_high_snr,143,229,1.6013986013986015,UPSAMPLED
165955,area,cubic_spline,smooth_high_snr,143,229,1.6013986013986015,UPSAMPLED
165955,betan,cubic_spline,smooth_high_snr,143,229,1.6013986013986015,UPSAMPLED
165955,bt,decimate_with_antialiasing,smooth_high_snr,9811,4906,0.5000509632045663,DOWNSAMPLED
165955,cerqrott10,cubic_spline_simple,slow_varying,821,431,0.5249695493300852,DOWNSAMPLED
165955,cerqrott11,cubic_spline_simple,slow_varying,821,431,0.5249695493300852,DOWNSAMPLED
165955,cerqrott12,cubic_spline_simple,slow_varying,821,431,0.5249695493300852,DOWNSAMPLED
165955,cerqrott13,cubic_spline_simple,slow_varying,821,431,0.5249695493300852,DOWNSAMPLED
165955,cerqrott3,cubic_spline,smooth_high_snr,752,441,0.586436170212766,DOWNSAMPLED
165955,cerqrott6,cubic_spline,smooth_high_snr,752,441,0.586436170212766,DOWNSAMPLED
165955,cerqrott8,cubic_spline,smooth_high_snr,821,431,0.5249695493300852,DOWNSAMPLED
165955,cerqtit10,cubic_spline,smooth_high_snr,821,431,0.5249695493300852,DOWNSAMPLED
165955,cerqtit11,cubic_spline_simple,slow_varying,821,431,0.5249695493300852,DOWNSAMPLED
165955,cerqtit12,cubic_spline_simple,slow_varying,821,431,0.5249695493300852,DOWNSAMPLED
165955,cerqtit13,cubic_spline_simple,slow_varying,821,431,0.5249695493300852,DOWNSAMPLED
165955,cerqtit3,cubic_spline,smooth_high_snr,752,441,0.586436170212766,DOWNSAMPLED
165955,cerqtit6,cubic_spline,smooth_high_snr,752,441,0.586436170212766,DOWNSAMPLED
165955,cerqtit8,cubic_spline,smooth_high_snr,821,431,0.5249695493300852,DOWNSAMPLED
165955,density,cubic_spline,smooth_high_snr,4805,4804,0.9997918834547347,PRESERVED
165955,drsep,pchip_careful,fast_transient,143,229,1.6013986013986015,UPSAMPLED
165955,ece1,cubic_spline,smooth_high_snr,24526,24525,0.9999592269428361,PRESERVED
165955,ece2,cubic_spline,smooth_high_snr,24526,24525,0.9999592269428361,PRESERVED
165955,ece3,cubic_spline,smooth_high_snr,24526,24525,0.9999592269428361,PRESERVED
165955,ece4,cubic_spline,smooth_high_snr,24526,24525,0.9999592269428361,PRESERVED
165955,ece5,cubic_spline,smooth_high_snr,24526,24525,0.9999592269428361,PRESERVED
165955,ece6,cubic_spline,smooth_high_snr,24526,24525,0.9999592269428361,PRESERVED
165955,ece7,cubic_spline,smooth_high_snr,24526,24525,0.9999592269428361,PRESERVED
165955,ece8,cubic_spline,smooth_high_snr,24526,24525,0.9999592269428361,PRESERVED
165955,ece9,cubic_spline,smooth_high_snr,24526,24525,0.9999592269428361,PRESERVED
165955,ece10,cubic_spline,smooth_high_snr,24526,24525,0.9999592269428361,PRESERVED
165955,ece11,cubic_spline,smooth_high_snr,24526,24525,0.9999592269428361,PRESERVED
165955,ece12,cubic_spline,smooth_high_snr,24526,24525,0.9999592269428361,PRESERVED
165955,ece13,cubic_spline,smooth_high_snr,24526,24525,0.9999592269428361,PRESERVED
165955,ece14,cubic_spline,smooth_high_snr,24526,24525,0.9999592269428361,PRESERVED
165955,ece15,cubic_spline,smooth_high_snr,24526,24525,0.9999592269428361,PRESERVED
165955,ece16,cubic_spline,smooth_high_snr,24526,24525,0.9999592269428361,PRESERVED
165955,ece17,cubic_spline,smooth_high_snr,24526,24525,0.9999592269428361,PRESERVED
165955,ece18,cubic_spline,smooth_high_snr,24526,24525,0.9999592269428361,PRESERVED
165955,ece19,cubic_spline,smooth_high_snr,24526,24525,0.9999592269428361,PRESERVED
165955,ece20,cubic_spline,smooth_high_snr,24526,24525,0.9999592269428361,PRESERVED
165955,ece21,cubic_spline,smooth_high_snr,24526,24525,0.9999592269428361,PRESERVED
165955,ece22,cubic_spline,smooth_high_snr,24526,24525,0.9999592269428361,PRESERVED
165955,ece23,cubic_spline,smooth_high_snr,24526,24525,0.9999592269428361,PRESERVED
165955,ece24,cubic_spline,smooth_high_snr,24526,24525,0.9999592269428361,PRESERVED
165955,ece25,cubic_spline,smooth_high_snr,24526,24525,0.9999592269428361,PRESERVED
165955,ece26,cubic_spline,smooth_high_snr,24526,24525,0.9999592269428361,PRESERVED
165955,ece27,cubic_spline,smooth_high_snr,24526,24525,0.9999592269428361,PRESERVED
165955,ece28,cubic_spline,smooth_high_snr,24526,24525,0.9999592269428361,PRESERVED
165955,ece29,cubic_spline,smooth_high_snr,24526,24525,0.9999592269428361,PRESERVED
165955,ece30,cubic_spline,smooth_high_snr,24526,24525,0.9999592269428361,PRESERVED
165955,ece31,cubic_spline,smooth_high_snr,24526,24525,0.9999592269428361,PRESERVED
165955,ece32,cubic_spline,smooth_high_snr,24526,24525,0.9999592269428361,PRESERVED
165955,ece33,cubic_spline,smooth_high_snr,24526,24525,0.9999592269428361,PRESERVED
165955,ece34,cubic_spline,smooth_high_snr,24526,24525,0.9999592269428361,PRESERVED
165955,ece35,cubic_spline,smooth_high_snr,24526,24525,0.9999592269428361,PRESERVED
165955,ece36,cubic_spline,smooth_high_snr,24526,24525,0.9999592269428361,PRESERVED
165955,ece37,cubic_spline,smooth_high_snr,24526,24525,0.9999592269428361,PRESERVED
165955,ece38,cubic_spline,smooth_high_snr,24526,24525,0.9999592269428361,PRESERVED
165955,ece39,cubic_spline,smooth_high_snr,24526,24525,0.9999592269428361,PRESERVED
165955,ece40,cubic_spline,smooth_high_snr,24526,24525,0.9999592269428361,PRESERVED
165955,fs03da,pchip_no_smoothing,noisy,245250,245249,0.9999959225280326,PRESERVED
165955,fs04,cubic_spline_simple,slow_varying,245250,245249,0.9999959225280326,PRESERVED
165955,fs04da,cubic_spline_simple,slow_varying,245250,245249,0.9999959225280326,PRESERVED
165955,fs05da,pchip_careful,fast_transient,245250,245249,0.9999959225280326,PRESERVED
165955,gasa,decimate_with_antialiasing,smooth_high_snr,98100,2453,0.025005096839959225,DOWNSAMPLED
165955,gasb,decimate_with_antialiasing,fast_transient,98100,2453,0.025005096839959225,DOWNSAMPLED
165955,gasc,decimate_with_antialiasing,fast_transient,98100,2453,0.025005096839959225,DOWNSAMPLED
165955,gasd,decimate_with_antialiasing,noisy,98100,2453,0.025005096839959225,DOWNSAMPLED
165955,ip,cubic_spline,smooth_high_snr,9811,4905,0.4999490367954337,DOWNSAMPLED
165955,kappa,cubic_spline,smooth_high_snr,143,229,1.6013986013986015,UPSAMPLED
165955,li,cubic_spline,smooth_high_snr,143,229,1.6013986013986015,UPSAMPLED
165955,pcbcoil,decimate_with_antialiasing,smooth_high_snr,98101,4906,0.05000968389720798,DOWNSAMPLED
165955,pcdiamag3,decimate_with_antialiasing,smooth_high_snr,98101,4906,0.05000968389720798,DOWNSAMPLED
165955,pinj,cubic_spline,smooth_high_snr,49051,49050,0.9999796130557991,PRESERVED
165955,pinj_15l,pchip_careful,fast_transient,49051,49050,0.9999796130557991,PRESERVED
165955,pinj_15r,pchip_careful,fast_transient,49051,49050,0.9999796130557991,PRESERVED
165955,pinj_21l,cubic_spline,smooth_high_snr,49051,49050,0.9999796130557991,PRESERVED
165955,pinj_21r,pchip_careful,fast_transient,49051,49050,0.9999796130557991,PRESERVED
165955,pinj_30l,pchip_careful,fast_transient,49051,49050,0.9999796130557991,PRESERVED
165955,pinj_30r,cubic_spline,smooth_high_snr,49051,49050,0.9999796130557991,PRESERVED
165955,pinj_33l,pchip_careful,fast_transient,49051,49050,0.9999796130557991,PRESERVED
165955,pinj_33r,cubic_spline,smooth_high_snr,49051,49050,0.9999796130557991,PRESERVED
165955,prmtan_neped,decimate_with_antialiasing,fast_transient,1038,519,0.5,DOWNSAMPLED
165955,prmtan_teped,decimate_with_antialiasing,slow_varying,990,495,0.5,DOWNSAMPLED
165955,q95,cubic_spline,smooth_high_snr,143,229,1.6013986013986015,UPSAMPLED
165955,rmaxis,cubic_spline,smooth_high_snr,143,229,1.6013986013986015,UPSAMPLED
165955,rsurf,cubic_spline,smooth_high_snr,143,229,1.6013986013986015,UPSAMPLED
165955,tinj,cubic_spline,smooth_high_snr,49051,49050,0.9999796130557991,PRESERVED
165955,tribot,pchip_careful,fast_transient,143,229,1.6013986013986015,UPSAMPLED
165955,tritop,cubic_spline,smooth_high_snr,143,229,1.6013986013986015,UPSAMPLED
165955,volume,cubic_spline,smooth_high_snr,143,229,1.6013986013986015,UPSAMPLED
165955,vsurf,cubic_spline,smooth_high_snr,143,229,1.6013986013986015,UPSAMPLED
165955,zcur,pchip_no_smoothing,noisy,143,229,1.6013986013986015,UPSAMPLED
165955,zmaxis,cubic_spline_simple,slow_varying,143,229,1.6013986013986015,UPSAMPLED
165955,zsurf,cubic_spline_simple,slow_varying,143,229,1.6013986013986015,UPSAMPLED
165965,aminor,cubic_spline,smooth_high_snr,197,239,1.2131979695431472,UPSAMPLED
165965,area,cubic_spline,smooth_high_snr,197,239,1.2131979695431472,UPSAMPLED
165965,betan,cubic_spline,smooth_high_snr,197,239,1.2131979695431472,UPSAMPLED
165965,bt,cubic_spline,smooth_high_snr,9801,4900,0.49994898479746963,DOWNSAMPLED
165965,cerqrott10,cubic_spline_simple,slow_varying,614,430,0.7003257328990228,DOWNSAMPLED
165965,cerqrott11,cubic_spline_simple,slow_varying,614,430,0.7003257328990228,DOWNSAMPLED
165965,cerqrott12,cubic_spline_simple,slow_varying,614,430,0.7003257328990228,DOWNSAMPLED
165965,cerqrott13,cubic_spline_simple,slow_varying,611,430,0.7037643207855974,DOWNSAMPLED
165965,cerqrott3,cubic_spline,smooth_high_snr,752,440,0.5851063829787234,DOWNSAMPLED
165965,cerqrott6,cubic_spline,smooth_high_snr,752,440,0.5851063829787234,DOWNSAMPLED
165965,cerqrott8,cubic_spline,smooth_high_snr,614,430,0.7003257328990228,DOWNSAMPLED
165965,cerqtit10,cubic_spline,smooth_high_snr,614,430,0.7003257328990228,DOWNSAMPLED
165965,cerqtit11,cubic_spline_simple,slow_varying,614,430,0.7003257328990228,DOWNSAMPLED
165965,cerqtit12,cubic_spline_simple,slow_varying,614,430,0.7003257328990228,DOWNSAMPLED
165965,cerqtit13,cubic_spline_simple,slow_varying,611,430,0.7037643207855974,DOWNSAMPLED
165965,cerqtit3,cubic_spline,smooth_high_snr,752,440,0.5851063829787234,DOWNSAMPLED
165965,cerqtit6,cubic_spline,smooth_high_snr,752,440,0.5851063829787234,DOWNSAMPLED
165965,cerqtit8,cubic_spline,smooth_high_snr,614,430,0.7003257328990228,DOWNSAMPLED
165965,density,cubic_spline,smooth_high_snr,4800,4799,0.9997916666666666,PRESERVED
165965,drsep,pchip_careful,fast_transient,197,239,1.2131979695431472,UPSAMPLED
165965,ece1,cubic_spline,smooth_high_snr,24501,24500,0.9999591853393739,PRESERVED
165965,ece2,cubic_spline,smooth_high_snr,24501,24500,0.9999591853393739,PRESERVED
165965,ece3,cubic_spline,smooth_high_snr,24501,24500,0.9999591853393739,PRESERVED
165965,ece4,cubic_spline,smooth_high_snr,24501,24500,0.9999591853393739,PRESERVED
165965,ece5,cubic_spline,smooth_high_snr,24501,24500,0.9999591853393739,PRESERVED
165965,ece6,cubic_spline,smooth_high_snr,24501,24500,0.9999591853393739,PRESERVED
165965,ece7,cubic_spline,smooth_high_snr,24501,24500,0.9999591853393739,PRESERVED
165965,ece8,cubic_spline,smooth_high_snr,24501,24500,0.9999591853393739,PRESERVED
165965,ece9,cubic_spline,smooth_high_snr,24501,24500,0.9999591853393739,PRESERVED
165965,ece10,cubic_spline,smooth_high_snr,24501,24500,0.9999591853393739,PRESERVED
165965,ece11,cubic_spline,smooth_high_snr,24501,24500,0.9999591853393739,PRESERVED
165965,ece12,cubic_spline,smooth_high_snr,24501,24500,0.9999591853393739,PRESERVED
165965,ece13,cubic_spline,smooth_high_snr,24501,24500,0.9999591853393739,PRESERVED
165965,ece14,cubic_spline,smooth_high_snr,24501,24500,0.9999591853393739,PRESERVED
165965,ece15,cubic_spline,smooth_high_snr,24501,24500,0.9999591853393739,PRESERVED
165965,ece16,cubic_spline,smooth_high_snr,24501,24500,0.9999591853393739,PRESERVED
165965,ece17,cubic_spline,smooth_high_snr,24501,24500,0.9999591853393739,PRESERVED
165965,ece18,cubic_spline,smooth_high_snr,24501,24500,0.9999591853393739,PRESERVED
165965,ece19,cubic_spline,smooth_high_snr,24501,24500,0.9999591853393739,PRESERVED
165965,ece20,cubic_spline,smooth_high_snr,24501,24500,0.9999591853393739,PRESERVED
165965,ece21,cubic_spline,smooth_high_snr,24501,24500,0.9999591853393739,PRESERVED
165965,ece22,cubic_spline,smooth_high_snr,24501,24500,0.9999591853393739,PRESERVED
165965,ece23,cubic_spline,smooth_high_snr,24501,24500,0.9999591853393739,PRESERVED
165965,ece24,cubic_spline,smooth_high_snr,24501,24500,0.9999591853393739,PRESERVED
165965,ece25,cubic_spline,smooth_high_snr,24501,24500,0.9999591853393739,PRESERVED
165965,ece26,cubic_spline,smooth_high_snr,24501,24500,0.9999591853393739,PRESERVED
165965,ece27,cubic_spline,smooth_high_snr,24501,24500,0.9999591853393739,PRESERVED
165965,ece28,cubic_spline,smooth_high_snr,24501,24500,0.9999591853393739,PRESERVED
165965,ece29,cubic_spline,smooth_high_snr,24501,24500,0.9999591853393739,PRESERVED
165965,ece30,cubic_spline,smooth_high_snr,24501,24500,0.9999591853393739,PRESERVED
165965,ece31,cubic_spline,smooth_high_snr,24501,24500,0.9999591853393739,PRESERVED
165965,ece32,cubic_spline,smooth_high_snr,24501,24500,0.9999591853393739,PRESERVED
165965,ece33,cubic_spline,smooth_high_snr,24501,24500,0.9999591853393739,PRESERVED
165965,ece34,cubic_spline,smooth_high_snr,24501,24500,0.9999591853393739,PRESERVED
165965,ece35,cubic_spline,smooth_high_snr,24501,24500,0.9999591853393739,PRESERVED
165965,ece36,cubic_spline,smooth_high_snr,24501,24500,0.9999591853393739,PRESERVED
165965,ece37,cubic_spline,smooth_high_snr,24501,24500,0.9999591853393739,PRESERVED
165965,ece38,cubic_spline,smooth_high_snr,24501,24500,0.9999591853393739,PRESERVED
165965,ece39,cubic_spline,smooth_high_snr,24501,24500,0.9999591853393739,PRESERVED
165965,ece40,cubic_spline,smooth_high_snr,24501,24500,0.9999591853393739,PRESERVED
165965,fs03da,pchip_no_smoothing,noisy,245000,244999,0.9999959183673469,PRESERVED
165965,fs04,cubic_spline_simple,slow_varying,245000,244999,0.9999959183673469,PRESERVED
165965,fs04da,cubic_spline_simple,slow_varying,245000,244999,0.9999959183673469,PRESERVED
165965,fs05da,pchip_careful,fast_transient,245000,244999,0.9999959183673469,PRESERVED
165965,gasa,decimate_with_antialiasing,smooth_high_snr,98001,2451,0.025009948878072674,DOWNSAMPLED
165965,gasb,decimate_with_antialiasing,fast_transient,98001,2451,0.025009948878072674,DOWNSAMPLED
165965,gasc,decimate_with_antialiasing,fast_transient,98001,2451,0.025009948878072674,DOWNSAMPLED
165965,gasd,decimate_with_antialiasing,noisy,98001,2451,0.025009948878072674,DOWNSAMPLED
165965,ip,cubic_spline,smooth_high_snr,9801,4900,0.49994898479746963,DOWNSAMPLED
165965,kappa,cubic_spline,smooth_high_snr,197,239,1.2131979695431472,UPSAMPLED
165965,li,cubic_spline,smooth_high_snr,197,239,1.2131979695431472,UPSAMPLED
165965,pcbcoil,decimate_with_antialiasing,smooth_high_snr,98001,4901,0.050009693778634914,DOWNSAMPLED
165965,pcdiamag3,decimate_with_antialiasing,smooth_high_snr,98001,4901,0.050009693778634914,DOWNSAMPLED
165965,pinj,cubic_spline,smooth_high_snr,49001,49000,0.9999795922532193,PRESERVED
165965,pinj_15l,pchip_careful,fast_transient,49001,49000,0.9999795922532193,PRESERVED
165965,pinj_15r,pchip_careful,fast_transient,49001,49000,0.9999795922532193,PRESERVED
165965,pinj_21l,cubic_spline,smooth_high_snr,49001,49000,0.9999795922532193,PRESERVED
165965,pinj_21r,pchip_careful,fast_transient,49001,49000,0.9999795922532193,PRESERVED
165965,pinj_30l,pchip_careful,fast_transient,49001,49000,0.9999795922532193,PRESERVED
165965,pinj_30r,cubic_spline,smooth_high_snr,49001,49000,0.9999795922532193,PRESERVED
165965,pinj_33l,pchip_careful,fast_transient,49001,49000,0.9999795922532193,PRESERVED
165965,pinj_33r,cubic_spline,smooth_high_snr,49001,49000,0.9999795922532193,PRESERVED
165965,prmtan_neped,decimate_with_antialiasing,fast_transient,1018,509,0.5,DOWNSAMPLED
165965,prmtan_teped,decimate_with_antialiasing,slow_varying,984,492,0.5,DOWNSAMPLED
165965,q95,cubic_spline,smooth_high_snr,197,239,1.2131979695431472,UPSAMPLED
165965,rmaxis,cubic_spline,smooth_high_snr,197,239,1.2131979695431472,UPSAMPLED
165965,rsurf,cubic_spline,smooth_high_snr,197,239,1.2131979695431472,UPSAMPLED
165965,tinj,cubic_spline,smooth_high_snr,49001,49000,0.9999795922532193,PRESERVED
165965,tribot,pchip_careful,fast_transient,197,239,1.2131979695431472,UPSAMPLED
165965,tritop,cubic_spline,smooth_high_snr,197,239,1.2131979695431472,UPSAMPLED
165965,volume,cubic_spline,smooth_high_snr,197,239,1.2131979695431472,UPSAMPLED
165965,vsurf,cubic_spline,smooth_high_snr,197,239,1.2131979695431472,UPSAMPLED
165965,zcur,pchip_no_smoothing,noisy,197,239,1.2131979695431472,UPSAMPLED
165965,zmaxis,cubic_spline_simple,slow_varying,197,239,1.2131979695431472,UPSAMPLED
165965,zsurf,cubic_spline_simple,slow_varying,197,239,1.2131979695431472,UPSAMPLED
170394,aminor,cubic_spline,smooth_high_snr,222,246,1.1081081081081081,UPSAMPLED
170394,area,cubic_spline,smooth_high_snr,222,246,1.1081081081081081,UPSAMPLED
170394,betan,cubic_spline,smooth_high_snr,222,246,1.1081081081081081,UPSAMPLED
170394,bt,cubic_spline,smooth_high_snr,10041,5020,0.49995020416293195,DOWNSAMPLED
170394,cerqrott10,cubic_spline_simple,slow_varying,861,461,0.5354239256678281,DOWNSAMPLED
170394,cerqrott11,cubic_spline_simple,slow_varying,861,461,0.5354239256678281,DOWNSAMPLED
170394,cerqrott12,cubic_spline_simple,slow_varying,861,461,0.5354239256678281,DOWNSAMPLED
170394,cerqrott13,cubic_spline_simple,slow_varying,861,461,0.5354239256678281,DOWNSAMPLED
170394,cerqrott3,cubic_spline,smooth_high_snr,771,462,0.5992217898832685,DOWNSAMPLED
170394,cerqrott6,cubic_spline,smooth_high_snr,771,462,0.5992217898832685,DOWNSAMPLED
170394,cerqrott8,cubic_spline,smooth_high_snr,861,461,0.5354239256678281,DOWNSAMPLED
170394,cerqtit10,cubic_spline,smooth_high_snr,861,461,0.5354239256678281,DOWNSAMPLED
170394,cerqtit11,cubic_spline_simple,slow_varying,861,461,0.5354239256678281,DOWNSAMPLED
170394,cerqtit12,cubic_spline_simple,slow_varying,861,461,0.5354239256678281,DOWNSAMPLED
170394,cerqtit13,cubic_spline_simple,slow_varying,861,461,0.5354239256678281,DOWNSAMPLED
170394,cerqtit3,cubic_spline,smooth_high_snr,771,462,0.5992217898832685,DOWNSAMPLED
170394,cerqtit6,cubic_spline,smooth_high_snr,771,462,0.5992217898832685,DOWNSAMPLED
170394,cerqtit8,cubic_spline,smooth_high_snr,861,461,0.5354239256678281,DOWNSAMPLED
170394,density,cubic_spline,smooth_high_snr,4920,4919,0.9997967479674796,PRESERVED
170394,drsep,pchip_careful,fast_transient,222,246,1.1081081081081081,UPSAMPLED
170394,ece1,cubic_spline,smooth_high_snr,25100,25099,0.9999601593625498,PRESERVED
170394,ece2,cubic_spline,smooth_high_snr,25100,25099,0.9999601593625498,PRESERVED
170394,ece3,cubic_spline,smooth_high_snr,25100,25099,0.9999601593625498,PRESERVED
170394,ece4,cubic_spline,smooth_high_snr,25100,25099,0.9999601593625498,PRESERVED
170394,ece5,cubic_spline,smooth_high_snr,25100,25099,0.9999601593625498,PRESERVED
170394,ece6,cubic_spline,smooth_high_snr,25100,25099,0.9999601593625498,PRESERVED
170394,ece7,cubic_spline,smooth_high_snr,25100,25099,0.9999601593625498,PRESERVED
170394,ece8,cubic_spline,smooth_high_snr,25100,25099,0.9999601593625498,PRESERVED
170394,ece9,cubic_spline,smooth_high_snr,25100,25099,0.9999601593625498,PRESERVED
170394,ece10,cubic_spline,smooth_high_snr,25100,25099,0.9999601593625498,PRESERVED
170394,ece11,cubic_spline,smooth_high_snr,25100,25099,0.9999601593625498,PRESERVED
170394,ece12,cubic_spline,smooth_high_snr,25100,25099,0.9999601593625498,PRESERVED
170394,ece13,cubic_spline,smooth_high_snr,25100,25099,0.9999601593625498,PRESERVED
170394,ece14,cubic_spline,smooth_high_snr,25100,25099,0.9999601593625498,PRESERVED
170394,ece15,cubic_spline,smooth_high_snr,25100,25099,0.9999601593625498,PRESERVED
170394,ece16,cubic_spline,smooth_high_snr,25100,25099,0.9999601593625498,PRESERVED
170394,ece17,cubic_spline,smooth_high_snr,25100,25099,0.9999601593625498,PRESERVED
170394,ece18,cubic_spline,smooth_high_snr,25100,25099,0.9999601593625498,PRESERVED
170394,ece19,cubic_spline,smooth_high_snr,25100,25099,0.9999601593625498,PRESERVED
170394,ece20,cubic_spline,smooth_high_snr,25100,25099,0.9999601593625498,PRESERVED
170394,ece21,cubic_spline,smooth_high_snr,25100,25099,0.9999601593625498,PRESERVED
170394,ece22,cubic_spline,smooth_high_snr,25100,25099,0.9999601593625498,PRESERVED
170394,ece23,cubic_spline,smooth_high_snr,25100,25099,0.9999601593625498,PRESERVED
170394,ece24,cubic_spline,smooth_high_snr,25100,25099,0.9999601593625498,PRESERVED
170394,ece25,cubic_spline,smooth_high_snr,25100,25099,0.9999601593625498,PRESERVED
170394,ece26,cubic_spline,smooth_high_snr,25100,25099,0.9999601593625498,PRESERVED
170394,ece27,cubic_spline,smooth_high_snr,25100,25099,0.9999601593625498,PRESERVED
170394,ece28,cubic_spline,smooth_high_snr,25100,25099,0.9999601593625498,PRESERVED
170394,ece29,cubic_spline,smooth_high_snr,25100,25099,0.9999601593625498,PRESERVED
170394,ece30,cubic_spline,smooth_high_snr,25100,25099,0.9999601593625498,PRESERVED
170394,ece31,cubic_spline,smooth_high_snr,25100,25099,0.9999601593625498,PRESERVED
170394,ece32,cubic_spline,smooth_high_snr,25100,25099,0.9999601593625498,PRESERVED
170394,ece33,cubic_spline,smooth_high_snr,25100,25099,0.9999601593625498,PRESERVED
170394,ece34,cubic_spline,smooth_high_snr,25100,25099,0.9999601593625498,PRESERVED
170394,ece35,cubic_spline,smooth_high_snr,25100,25099,0.9999601593625498,PRESERVED
170394,ece36,cubic_spline,smooth_high_snr,25100,25099,0.9999601593625498,PRESERVED
170394,ece37,cubic_spline,smooth_high_snr,25100,25099,0.9999601593625498,PRESERVED
170394,ece38,cubic_spline,smooth_high_snr,25100,25099,0.9999601593625498,PRESERVED
170394,ece39,cubic_spline,smooth_high_snr,25100,25099,0.9999601593625498,PRESERVED
170394,ece40,cubic_spline,smooth_high_snr,25100,25099,0.9999601593625498,PRESERVED
170394,fs03da,pchip_no_smoothing,noisy,251000,250999,0.999996015936255,PRESERVED
170394,fs04,cubic_spline_simple,slow_varying,251000,250999,0.999996015936255,PRESERVED
170394,fs04da,cubic_spline_simple,slow_varying,251000,250999,0.999996015936255,PRESERVED
170394,fs05da,pchip_careful,fast_transient,251000,250999,0.999996015936255,PRESERVED
170394,gasa,decimate_with_antialiasing,smooth_high_snr,100400,2510,0.025,DOWNSAMPLED
170394,gasb,decimate_with_antialiasing,fast_transient,100400,2510,0.025,DOWNSAMPLED
170394,gasc,decimate_with_antialiasing,fast_transient,100400,2510,0.025,DOWNSAMPLED
170394,gasd,decimate_with_antialiasing,noisy,100400,2510,0.025,DOWNSAMPLED
170394,ip,cubic_spline,smooth_high_snr,10040,5020,0.5,DOWNSAMPLED
170394,kappa,cubic_spline,smooth_high_snr,222,246,1.1081081081081081,UPSAMPLED
170394,li,cubic_spline,smooth_high_snr,222,246,1.1081081081081081,UPSAMPLED
170394,pcbcoil,decimate_with_antialiasing,smooth_high_snr,100401,5021,0.05000946205715082,DOWNSAMPLED
170394,pcdiamag3,decimate_with_antialiasing,smooth_high_snr,100401,5021,0.05000946205715082,DOWNSAMPLED
170394,pinj,cubic_spline,smooth_high_snr,50201,50200,0.9999800800780861,PRESERVED
170394,pinj_15l,pchip_careful,fast_transient,50201,50200,0.9999800800780861,PRESERVED
170394,pinj_15r,pchip_careful,fast_transient,50201,50200,0.9999800800780861,PRESERVED
170394,pinj_21l,cubic_spline,smooth_high_snr,50201,50200,0.9999800800780861,PRESERVED
170394,pinj_21r,pchip_careful,fast_transient,50201,50200,0.9999800800780861,PRESERVED
170394,pinj_30l,pchip_careful,fast_transient,50201,50200,0.9999800800780861,PRESERVED
170394,pinj_30r,cubic_spline,smooth_high_snr,50201,50200,0.9999800800780861,PRESERVED
170394,pinj_33l,pchip_careful,fast_transient,50201,50200,0.9999800800780861,PRESERVED
170394,pinj_33r,cubic_spline,smooth_high_snr,50201,50200,0.9999800800780861,PRESERVED
170394,prmtan_neped,pchip_careful,fast_transient,359,472,1.3147632311977715,UPSAMPLED
170394,prmtan_teped,cubic_spline_simple,slow_varying,338,469,1.3875739644970415,UPSAMPLED
170394,q95,cubic_spline,smooth_high_snr,222,246,1.1081081081081081,UPSAMPLED
170394,rmaxis,cubic_spline,smooth_high_snr,222,246,1.1081081081081081,UPSAMPLED
170394,rsurf,cubic_spline,smooth_high_snr,222,246,1.1081081081081081,UPSAMPLED
170394,tinj,cubic_spline,smooth_high_snr,50201,50200,0.9999800800780861,PRESERVED
170394,tribot,pchip_careful,fast_transient,222,246,1.1081081081081081,UPSAMPLED
170394,tritop,cubic_spline,smooth_high_snr,222,246,1.1081081081081081,UPSAMPLED
170394,volume,cubic_spline,smooth_high_snr,222,246,1.1081081081081081,UPSAMPLED
170394,vsurf,cubic_spline,smooth_high_snr,222,246,1.1081081081081081,UPSAMPLED
170394,zcur,pchip_no_smoothing,noisy,222,246,1.1081081081081081,UPSAMPLED
170394,zmaxis,cubic_spline_simple,slow_varying,222,246,1.1081081081081081,UPSAMPLED
170394,zsurf,cubic_spline_simple,slow_varying,222,246,1.1081081081081081,UPSAMPLED
170396,aminor,cubic_spline,smooth_high_snr,234,246,1.0512820512820513,UPSAMPLED
170396,area,cubic_spline,smooth_high_snr,234,246,1.0512820512820513,UPSAMPLED
170396,betan,cubic_spline,smooth_high_snr,234,246,1.0512820512820513,UPSAMPLED
170396,bt,cubic_spline,smooth_high_snr,10041,5020,0.49995020416293195,DOWNSAMPLED
170396,cerqrott10,cubic_spline_simple,slow_varying,853,461,0.5404454865181711,DOWNSAMPLED
170396,cerqrott11,cubic_spline_simple,slow_varying,853,461,0.5404454865181711,DOWNSAMPLED
170396,cerqrott12,cubic_spline_simple,slow_varying,853,461,0.5404454865181711,DOWNSAMPLED
170396,cerqrott13,cubic_spline_simple,slow_varying,853,461,0.5404454865181711,DOWNSAMPLED
170396,cerqrott3,cubic_spline,smooth_high_snr,771,462,0.5992217898832685,DOWNSAMPLED
170396,cerqrott6,cubic_spline,smooth_high_snr,771,462,0.5992217898832685,DOWNSAMPLED
170396,cerqrott8,cubic_spline,smooth_high_snr,853,461,0.5404454865181711,DOWNSAMPLED
170396,cerqtit10,cubic_spline,smooth_high_snr,853,461,0.5404454865181711,DOWNSAMPLED
170396,cerqtit11,cubic_spline_simple,slow_varying,853,461,0.5404454865181711,DOWNSAMPLED
170396,cerqtit12,cubic_spline_simple,slow_varying,853,461,0.5404454865181711,DOWNSAMPLED
170396,cerqtit13,cubic_spline_simple,slow_varying,853,461,0.5404454865181711,DOWNSAMPLED
170396,cerqtit3,cubic_spline,smooth_high_snr,771,462,0.5992217898832685,DOWNSAMPLED
170396,cerqtit6,cubic_spline,smooth_high_snr,771,462,0.5992217898832685,DOWNSAMPLED
170396,cerqtit8,cubic_spline,smooth_high_snr,853,461,0.5404454865181711,DOWNSAMPLED
170396,density,cubic_spline,smooth_high_snr,4920,4919,0.9997967479674796,PRESERVED
170396,drsep,pchip_careful,fast_transient,234,246,1.0512820512820513,UPSAMPLED
170396,ece1,cubic_spline,smooth_high_snr,25100,25099,0.9999601593625498,PRESERVED
170396,ece2,cubic_spline,smooth_high_snr,25100,25099,0.9999601593625498,PRESERVED
170396,ece3,cubic_spline,smooth_high_snr,25100,25099,0.9999601593625498,PRESERVED
170396,ece4,cubic_spline,smooth_high_snr,25100,25099,0.9999601593625498,PRESERVED
170396,ece5,cubic_spline,smooth_high_snr,25100,25099,0.9999601593625498,PRESERVED
170396,ece6,cubic_spline,smooth_high_snr,25100,25099,0.9999601593625498,PRESERVED
170396,ece7,cubic_spline,smooth_high_snr,25100,25099,0.9999601593625498,PRESERVED
170396,ece8,cubic_spline,smooth_high_snr,25100,25099,0.9999601593625498,PRESERVED
170396,ece9,cubic_spline,smooth_high_snr,25100,25099,0.9999601593625498,PRESERVED
170396,ece10,cubic_spline,smooth_high_snr,25100,25099,0.9999601593625498,PRESERVED
170396,ece11,cubic_spline,smooth_high_snr,25100,25099,0.9999601593625498,PRESERVED
170396,ece12,cubic_spline,smooth_high_snr,25100,25099,0.9999601593625498,PRESERVED
170396,ece13,cubic_spline,smooth_high_snr,25100,25099,0.9999601593625498,PRESERVED
170396,ece14,cubic_spline,smooth_high_snr,25100,25099,0.9999601593625498,PRESERVED
170396,ece15,cubic_spline,smooth_high_snr,25100,25099,0.9999601593625498,PRESERVED
170396,ece16,cubic_spline,smooth_high_snr,25100,25099,0.9999601593625498,PRESERVED
170396,ece17,cubic_spline,smooth_high_snr,25100,25099,0.9999601593625498,PRESERVED
170396,ece18,cubic_spline,smooth_high_snr,25100,25099,0.9999601593625498,PRESERVED
170396,ece19,cubic_spline,smooth_high_snr,25100,25099,0.9999601593625498,PRESERVED
170396,ece20,cubic_spline,smooth_high_snr,25100,25099,0.9999601593625498,PRESERVED
170396,ece21,cubic_spline,smooth_high_snr,25100,25099,0.9999601593625498,PRESERVED
170396,ece22,cubic_spline,smooth_high_snr,25100,25099,0.9999601593625498,PRESERVED
170396,ece23,cubic_spline,smooth_high_snr,25100,25099,0.9999601593625498,PRESERVED
170396,ece24,cubic_spline,smooth_high_snr,25100,25099,0.9999601593625498,PRESERVED
170396,ece25,cubic_spline,smooth_high_snr,25100,25099,0.9999601593625498,PRESERVED
170396,ece26,cubic_spline,smooth_high_snr,25100,25099,0.9999601593625498,PRESERVED
170396,ece27,cubic_spline,smooth_high_snr,25100,25099,0.9999601593625498,PRESERVED
170396,ece28,cubic_spline,smooth_high_snr,25100,25099,0.9999601593625498,PRESERVED
170396,ece29,cubic_spline,smooth_high_snr,25100,25099,0.9999601593625498,PRESERVED
170396,ece30,cubic_spline,smooth_high_snr,25100,25099,0.9999601593625498,PRESERVED
170396,ece31,cubic_spline,smooth_high_snr,25100,25099,0.9999601593625498,PRESERVED
170396,ece32,cubic_spline,smooth_high_snr,25100,25099,0.9999601593625498,PRESERVED
170396,ece33,cubic_spline,smooth_high_snr,25100,25099,0.9999601593625498,PRESERVED
170396,ece34,cubic_spline,smooth_high_snr,25100,25099,0.9999601593625498,PRESERVED
170396,ece35,cubic_spline,smooth_high_snr,25100,25099,0.9999601593625498,PRESERVED
170396,ece36,cubic_spline,smooth_high_snr,25100,25099,0.9999601593625498,PRESERVED
170396,ece37,cubic_spline,smooth_high_snr,25100,25099,0.9999601593625498,PRESERVED
170396,ece38,cubic_spline,smooth_high_snr,25100,25099,0.9999601593625498,PRESERVED
170396,ece39,cubic_spline,smooth_high_snr,25100,25099,0.9999601593625498,PRESERVED
170396,ece40,cubic_spline,smooth_high_snr,25100,25099,0.9999601593625498,PRESERVED
170396,fs03da,pchip_no_smoothing,noisy,251000,250999,0.999996015936255,PRESERVED
170396,fs04,cubic_spline_simple,slow_varying,251000,250999,0.999996015936255,PRESERVED
170396,fs04da,cubic_spline_simple,slow_varying,251000,250999,0.999996015936255,PRESERVED
170396,fs05da,pchip_careful,fast_transient,251000,250999,0.999996015936255,PRESERVED
170396,gasa,decimate_with_antialiasing,smooth_high_snr,100400,2510,0.025,DOWNSAMPLED
170396,gasb,decimate_with_antialiasing,fast_transient,100400,2510,0.025,DOWNSAMPLED
170396,gasc,decimate_with_antialiasing,fast_transient,100400,2510,0.025,DOWNSAMPLED
170396,gasd,decimate_with_antialiasing,noisy,100400,2510,0.025,DOWNSAMPLED
170396,ip,cubic_spline,smooth_high_snr,10040,5020,0.5,DOWNSAMPLED
170396,kappa,cubic_spline,smooth_high_snr,234,246,1.0512820512820513,UPSAMPLED
170396,li,cubic_spline,smooth_high_snr,234,246,1.0512820512820513,UPSAMPLED
170396,pcbcoil,decimate_with_antialiasing,smooth_high_snr,100401,5021,0.05000946205715082,DOWNSAMPLED
170396,pcdiamag3,decimate_with_antialiasing,smooth_high_snr,100401,5021,0.05000946205715082,DOWNSAMPLED
170396,pinj,cubic_spline,smooth_high_snr,50201,50200,0.9999800800780861,PRESERVED
170396,pinj_15l,pchip_careful,fast_transient,50201,50200,0.9999800800780861,PRESERVED
170396,pinj_15r,pchip_careful,fast_transient,50201,50200,0.9999800800780861,PRESERVED
170396,pinj_21l,cubic_spline,smooth_high_snr,50201,50200,0.9999800800780861,PRESERVED
170396,pinj_21r,pchip_careful,fast_transient,50201,50200,0.9999800800780861,PRESERVED
170396,pinj_30l,pchip_careful,fast_transient,50201,50200,0.9999800800780861,PRESERVED
170396,pinj_30r,cubic_spline,smooth_high_snr,50201,50200,0.9999800800780861,PRESERVED
170396,pinj_33l,pchip_careful,fast_transient,50201,50200,0.9999800800780861,PRESERVED
170396,pinj_33r,cubic_spline,smooth_high_snr,50201,50200,0.9999800800780861,PRESERVED
170396,prmtan_neped,pchip_careful,fast_transient,361,472,1.3074792243767313,UPSAMPLED
170396,prmtan_teped,cubic_spline_simple,slow_varying,334,472,1.4131736526946108,UPSAMPLED
170396,q95,cubic_spline,smooth_high_snr,234,246,1.0512820512820513,UPSAMPLED
170396,rmaxis,cubic_spline,smooth_high_snr,234,246,1.0512820512820513,UPSAMPLED
170396,rsurf,cubic_spline,smooth_high_snr,234,246,1.0512820512820513,UPSAMPLED
170396,tinj,cubic_spline,smooth_high_snr,50201,50200,0.9999800800780861,PRESERVED
170396,tribot,pchip_careful,fast_transient,234,246,1.0512820512820513,UPSAMPLED
170396,tritop,cubic_spline,smooth_high_snr,234,246,1.0512820512820513,UPSAMPLED
170396,volume,cubic_spline,smooth_high_snr,234,246,1.0512820512820513,UPSAMPLED
170396,vsurf,cubic_spline,smooth_high_snr,234,246,1.0512820512820513,UPSAMPLED
170396,zcur,pchip_no_smoothing,noisy,234,246,1.0512820512820513,UPSAMPLED
170396,zmaxis,cubic_spline_simple,slow_varying,234,246,1.0512820512820513,UPSAMPLED
170396,zsurf,cubic_spline_simple,slow_varying,234,246,1.0512820512820513,UPSAMPLED
170411,aminor,cubic_spline,smooth_high_snr,230,246,1.0695652173913044,UPSAMPLED
170411,area,cubic_spline,smooth_high_snr,230,246,1.0695652173913044,UPSAMPLED
170411,betan,cubic_spline,smooth_high_snr,230,246,1.0695652173913044,UPSAMPLED
170411,bt,cubic_spline,smooth_high_snr,10041,5020,0.49995020416293195,DOWNSAMPLED
170411,cerqrott10,cubic_spline_simple,slow_varying,861,461,0.5354239256678281,DOWNSAMPLED
170411,cerqrott11,cubic_spline_simple,slow_varying,861,461,0.5354239256678281,DOWNSAMPLED
170411,cerqrott12,cubic_spline_simple,slow_varying,861,461,0.5354239256678281,DOWNSAMPLED
170411,cerqrott13,cubic_spline_simple,slow_varying,861,461,0.5354239256678281,DOWNSAMPLED
170411,cerqrott3,cubic_spline,smooth_high_snr,771,462,0.5992217898832685,DOWNSAMPLED
170411,cerqrott6,cubic_spline,smooth_high_snr,771,462,0.5992217898832685,DOWNSAMPLED
170411,cerqrott8,cubic_spline,smooth_high_snr,861,461,0.5354239256678281,DOWNSAMPLED
170411,cerqtit10,cubic_spline,smooth_high_snr,861,461,0.5354239256678281,DOWNSAMPLED
170411,cerqtit11,cubic_spline_simple,slow_varying,861,461,0.5354239256678281,DOWNSAMPLED
170411,cerqtit12,cubic_spline_simple,slow_varying,861,461,0.5354239256678281,DOWNSAMPLED
170411,cerqtit13,cubic_spline_simple,slow_varying,861,461,0.5354239256678281,DOWNSAMPLED
170411,cerqtit3,cubic_spline,smooth_high_snr,771,462,0.5992217898832685,DOWNSAMPLED
170411,cerqtit6,cubic_spline,smooth_high_snr,771,462,0.5992217898832685,DOWNSAMPLED
170411,cerqtit8,cubic_spline,smooth_high_snr,861,461,0.5354239256678281,DOWNSAMPLED
170411,density,cubic_spline,smooth_high_snr,4920,4919,0.9997967479674796,PRESERVED
170411,drsep,pchip_careful,fast_transient,230,246,1.0695652173913044,UPSAMPLED
170411,ece1,cubic_spline,smooth_high_snr,25100,25099,0.9999601593625498,PRESERVED
170411,ece2,cubic_spline,smooth_high_snr,25100,25099,0.9999601593625498,PRESERVED
170411,ece3,cubic_spline,smooth_high_snr,25100,25099,0.9999601593625498,PRESERVED
170411,ece4,cubic_spline,smooth_high_snr,25100,25099,0.9999601593625498,PRESERVED
170411,ece5,cubic_spline,smooth_high_snr,25100,25099,0.9999601593625498,PRESERVED
170411,ece6,cubic_spline,smooth_high_snr,25100,25099,0.9999601593625498,PRESERVED
170411,ece7,cubic_spline,smooth_high_snr,25100,25099,0.9999601593625498,PRESERVED
170411,ece8,cubic_spline,smooth_high_snr,25100,25099,0.9999601593625498,PRESERVED
170411,ece9,cubic_spline,smooth_high_snr,25100,25099,0.9999601593625498,PRESERVED
170411,ece10,cubic_spline,smooth_high_snr,25100,25099,0.9999601593625498,PRESERVED
170411,ece11,cubic_spline,smooth_high_snr,25100,25099,0.9999601593625498,PRESERVED
170411,ece12,cubic_spline,smooth_high_snr,25100,25099,0.9999601593625498,PRESERVED
170411,ece13,cubic_spline,smooth_high_snr,25100,25099,0.9999601593625498,PRESERVED
170411,ece14,cubic_spline,smooth_high_snr,25100,25099,0.9999601593625498,PRESERVED
170411,ece15,cubic_spline,smooth_high_snr,25100,25099,0.9999601593625498,PRESERVED
170411,ece16,cubic_spline,smooth_high_snr,25100,25099,0.9999601593625498,PRESERVED
170411,ece17,cubic_spline,smooth_high_snr,25100,25099,0.9999601593625498,PRESERVED
170411,ece18,cubic_spline,smooth_high_snr,25100,25099,0.9999601593625498,PRESERVED
170411,ece19,cubic_spline,smooth_high_snr,25100,25099,0.9999601593625498,PRESERVED
170411,ece20,cubic_spline,smooth_high_snr,25100,25099,0.9999601593625498,PRESERVED
170411,ece21,cubic_spline,smooth_high_snr,25100,25099,0.9999601593625498,PRESERVED
170411,ece22,cubic_spline,smooth_high_snr,25100,25099,0.9999601593625498,PRESERVED
170411,ece23,cubic_spline,smooth_high_snr,25100,25099,0.9999601593625498,PRESERVED
170411,ece24,cubic_spline,smooth_high_snr,25100,25099,0.9999601593625498,PRESERVED
170411,ece25,cubic_spline,smooth_high_snr,25100,25099,0.9999601593625498,PRESERVED
170411,ece26,cubic_spline,smooth_high_snr,25100,25099,0.9999601593625498,PRESERVED
170411,ece27,cubic_spline,smooth_high_snr,25100,25099,0.9999601593625498,PRESERVED
170411,ece28,cubic_spline,smooth_high_snr,25100,25099,0.9999601593625498,PRESERVED
170411,ece29,cubic_spline,smooth_high_snr,25100,25099,0.9999601593625498,PRESERVED
170411,ece30,cubic_spline,smooth_high_snr,25100,25099,0.9999601593625498,PRESERVED
170411,ece31,cubic_spline,smooth_high_snr,25100,25099,0.9999601593625498,PRESERVED
170411,ece32,cubic_spline,smooth_high_snr,25100,25099,0.9999601593625498,PRESERVED
170411,ece33,cubic_spline,smooth_high_snr,25100,25099,0.9999601593625498,PRESERVED
170411,ece34,cubic_spline,smooth_high_snr,25100,25099,0.9999601593625498,PRESERVED
170411,ece35,cubic_spline,smooth_high_snr,25100,25099,0.9999601593625498,PRESERVED
170411,ece36,cubic_spline,smooth_high_snr,25100,25099,0.9999601593625498,PRESERVED
170411,ece37,cubic_spline,smooth_high_snr,25100,25099,0.9999601593625498,PRESERVED
170411,ece38,cubic_spline,smooth_high_snr,25100,25099,0.9999601593625498,PRESERVED
170411,ece39,cubic_spline,smooth_high_snr,25100,25099,0.9999601593625498,PRESERVED
170411,ece40,cubic_spline,smooth_high_snr,25100,25099,0.9999601593625498,PRESERVED
170411,fs03da,pchip_no_smoothing,noisy,251000,250999,0.999996015936255,PRESERVED
170411,fs04,cubic_spline_simple,slow_varying,251000,250999,0.999996015936255,PRESERVED
170411,fs04da,cubic_spline_simple,slow_varying,251000,250999,0.999996015936255,PRESERVED
170411,fs05da,pchip_careful,fast_transient,251000,250999,0.999996015936255,PRESERVED
170411,gasa,decimate_with_antialiasing,smooth_high_snr,100400,2510,0.025,DOWNSAMPLED
170411,gasb,decimate_with_antialiasing,fast_transient,100400,2510,0.025,DOWNSAMPLED
170411,gasc,decimate_with_antialiasing,fast_transient,100400,2510,0.025,DOWNSAMPLED
170411,gasd,decimate_with_antialiasing,noisy,100400,2510,0.025,DOWNSAMPLED
170411,ip,cubic_spline,smooth_high_snr,10040,5020,0.5,DOWNSAMPLED
170411,kappa,cubic_spline,smooth_high_snr,230,246,1.0695652173913044,UPSAMPLED
170411,li,cubic_spline,smooth_high_snr,230,246,1.0695652173913044,UPSAMPLED
170411,pcbcoil,decimate_with_antialiasing,smooth_high_snr,100401,5021,0.05000946205715082,DOWNSAMPLED
170411,pcdiamag3,decimate_with_antialiasing,smooth_high_snr,100401,5021,0.05000946205715082,DOWNSAMPLED
170411,pinj,cubic_spline,smooth_high_snr,50201,50200,0.9999800800780861,PRESERVED
170411,pinj_15l,pchip_careful,fast_transient,50201,50200,0.9999800800780861,PRESERVED
170411,pinj_15r,pchip_careful,fast_transient,50201,50200,0.9999800800780861,PRESERVED
170411,pinj_21l,cubic_spline,smooth_high_snr,50201,50200,0.9999800800780861,PRESERVED
170411,pinj_21r,pchip_careful,fast_transient,50201,50200,0.9999800800780861,PRESERVED
170411,pinj_30l,pchip_careful,fast_transient,50201,50200,0.9999800800780861,PRESERVED
170411,pinj_30r,cubic_spline,smooth_high_snr,50201,50200,0.9999800800780861,PRESERVED
170411,pinj_33l,pchip_careful,fast_transient,50201,50200,0.9999800800780861,PRESERVED
170411,pinj_33r,cubic_spline,smooth_high_snr,50201,50200,0.9999800800780861,PRESERVED
170411,prmtan_neped,pchip_careful,fast_transient,356,472,1.3258426966292134,UPSAMPLED
170411,prmtan_teped,cubic_spline_simple,slow_varying,333,472,1.4174174174174174,UPSAMPLED
170411,q95,cubic_spline,smooth_high_snr,230,246,1.0695652173913044,UPSAMPLED
170411,rmaxis,cubic_spline,smooth_high_snr,230,246,1.0695652173913044,UPSAMPLED
170411,rsurf,cubic_spline,smooth_high_snr,230,246,1.0695652173913044,UPSAMPLED
170411,tinj,cubic_spline,smooth_high_snr,50201,50200,0.9999800800780861,PRESERVED
170411,tribot,pchip_careful,fast_transient,230,246,1.0695652173913044,UPSAMPLED
170411,tritop,cubic_spline,smooth_high_snr,230,246,1.0695652173913044,UPSAMPLED
170411,volume,cubic_spline,smooth_high_snr,230,246,1.0695652173913044,UPSAMPLED
170411,vsurf,cubic_spline,smooth_high_snr,230,246,1.0695652173913044,UPSAMPLED
170411,zcur,pchip_no_smoothing,noisy,230,246,1.0695652173913044,UPSAMPLED
170411,zmaxis,cubic_spline_simple,slow_varying,230,246,1.0695652173913044,UPSAMPLED
170411,zsurf,cubic_spline_simple,slow_varying,230,246,1.0695652173913044,UPSAMPLED
186997,aminor,cubic_spline,smooth_high_snr,294,294,1.0,PRESERVED
186997,area,cubic_spline,smooth_high_snr,294,294,1.0,PRESERVED
186997,betan,cubic_spline,smooth_high_snr,294,294,1.0,PRESERVED
186997,bt,cubic_spline,smooth_high_snr,11990,5995,0.5,DOWNSAMPLED
186997,cerqrott10,cubic_spline_simple,slow_varying,839,540,0.6436233611442194,DOWNSAMPLED
186997,cerqrott11,cubic_spline_simple,slow_varying,844,540,0.6398104265402843,DOWNSAMPLED
186997,cerqrott12,cubic_spline_simple,slow_varying,842,540,0.6413301662707839,DOWNSAMPLED
186997,cerqrott13,cubic_spline_simple,slow_varying,837,540,0.6451612903225806,DOWNSAMPLED
186997,cerqrott3,cubic_spline,smooth_high_snr,912,557,0.6107456140350878,DOWNSAMPLED
186997,cerqrott6,cubic_spline,smooth_high_snr,913,557,0.6100766703176341,DOWNSAMPLED
186997,cerqrott8,cubic_spline,smooth_high_snr,842,540,0.6413301662707839,DOWNSAMPLED
186997,cerqtit10,cubic_spline,smooth_high_snr,839,540,0.6436233611442194,DOWNSAMPLED
186997,cerqtit11,cubic_spline_simple,slow_varying,844,540,0.6398104265402843,DOWNSAMPLED
186997,cerqtit12,cubic_spline_simple,slow_varying,842,540,0.6413301662707839,DOWNSAMPLED
186997,cerqtit13,cubic_spline_simple,slow_varying,837,540,0.6451612903225806,DOWNSAMPLED
186997,cerqtit3,cubic_spline,smooth_high_snr,912,557,0.6107456140350878,DOWNSAMPLED
186997,cerqtit6,cubic_spline,smooth_high_snr,913,557,0.6100766703176341,DOWNSAMPLED
186997,cerqtit8,cubic_spline,smooth_high_snr,842,540,0.6413301662707839,DOWNSAMPLED
186997,density,cubic_spline,smooth_high_snr,5895,5894,0.999830364715861,PRESERVED
186997,drsep,pchip_careful,fast_transient,294,294,1.0,PRESERVED
186997,ece1,cubic_spline,smooth_high_snr,29976,29975,0.9999666399786495,PRESERVED
186997,ece2,cubic_spline,smooth_high_snr,29976,29975,0.9999666399786495,PRESERVED
186997,ece3,cubic_spline,smooth_high_snr,29976,29975,0.9999666399786495,PRESERVED
186997,ece4,cubic_spline,smooth_high_snr,29976,29975,0.9999666399786495,PRESERVED
186997,ece5,cubic_spline,smooth_high_snr,29976,29975,0.9999666399786495,PRESERVED
186997,ece6,cubic_spline,smooth_high_snr,29976,29975,0.9999666399786495,PRESERVED
186997,ece7,cubic_spline,smooth_high_snr,29976,29975,0.9999666399786495,PRESERVED
186997,ece8,cubic_spline,smooth_high_snr,29976,29975,0.9999666399786495,PRESERVED
186997,ece9,cubic_spline,smooth_high_snr,29976,29975,0.9999666399786495,PRESERVED
186997,ece10,cubic_spline,smooth_high_snr,29976,29975,0.9999666399786495,PRESERVED
186997,ece11,cubic_spline,smooth_high_snr,29976,29975,0.9999666399786495,PRESERVED
186997,ece12,cubic_spline,smooth_high_snr,29976,29975,0.9999666399786495,PRESERVED
186997,ece13,cubic_spline,smooth_high_snr,29976,29975,0.9999666399786495,PRESERVED
186997,ece14,cubic_spline,smooth_high_snr,29976,29975,0.9999666399786495,PRESERVED
186997,ece15,cubic_spline,smooth_high_snr,29976,29975,0.9999666399786495,PRESERVED
186997,ece16,cubic_spline,smooth_high_snr,29976,29975,0.9999666399786495,PRESERVED
186997,ece17,cubic_spline,smooth_high_snr,29976,29975,0.9999666399786495,PRESERVED
186997,ece18,cubic_spline,smooth_high_snr,29976,29975,0.9999666399786495,PRESERVED
186997,ece19,cubic_spline,smooth_high_snr,29976,29975,0.9999666399786495,PRESERVED
186997,ece20,cubic_spline,smooth_high_snr,29976,29975,0.9999666399786495,PRESERVED
186997,ece21,cubic_spline,smooth_high_snr,29976,29975,0.9999666399786495,PRESERVED
186997,ece22,cubic_spline,smooth_high_snr,29976,29975,0.9999666399786495,PRESERVED
186997,ece23,cubic_spline,smooth_high_snr,29976,29975,0.9999666399786495,PRESERVED
186997,ece24,cubic_spline,smooth_high_snr,29976,29975,0.9999666399786495,PRESERVED
186997,ece25,cubic_spline,smooth_high_snr,29976,29975,0.9999666399786495,PRESERVED
186997,ece26,cubic_spline,smooth_high_snr,29976,29975,0.9999666399786495,PRESERVED
186997,ece27,cubic_spline,smooth_high_snr,29976,29975,0.9999666399786495,PRESERVED
186997,ece28,cubic_spline,smooth_high_snr,29976,29975,0.9999666399786495,PRESERVED
186997,ece29,cubic_spline,smooth_high_snr,29976,29975,0.9999666399786495,PRESERVED
186997,ece30,cubic_spline,smooth_high_snr,29976,29975,0.9999666399786495,PRESERVED
186997,ece31,cubic_spline,smooth_high_snr,29976,29975,0.9999666399786495,PRESERVED
186997,ece32,cubic_spline,smooth_high_snr,29976,29975,0.9999666399786495,PRESERVED
186997,ece33,cubic_spline,smooth_high_snr,29976,29975,0.9999666399786495,PRESERVED
186997,ece34,cubic_spline,smooth_high_snr,29976,29975,0.9999666399786495,PRESERVED
186997,ece35,cubic_spline,smooth_high_snr,29976,29975,0.9999666399786495,PRESERVED
186997,ece36,cubic_spline,smooth_high_snr,29976,29975,0.9999666399786495,PRESERVED
186997,ece37,cubic_spline,smooth_high_snr,29976,29975,0.9999666399786495,PRESERVED
186997,ece38,cubic_spline,smooth_high_snr,29976,29975,0.9999666399786495,PRESERVED
186997,ece39,cubic_spline,smooth_high_snr,29976,29975,0.9999666399786495,PRESERVED
186997,ece40,cubic_spline,smooth_high_snr,29976,29975,0.9999666399786495,PRESERVED
186997,fs03da,pchip_no_smoothing,noisy,299751,299750,0.9999966638977018,PRESERVED
186997,fs04,cubic_spline_simple,slow_varying,299751,299750,0.9999966638977018,PRESERVED
186997,fs04da,cubic_spline_simple,slow_varying,299751,299750,0.9999966638977018,PRESERVED
186997,fs05da,pchip_careful,fast_transient,299751,299750,0.9999966638977018,PRESERVED
186997,gasa,decimate_with_antialiasing,smooth_high_snr,119901,2998,0.0250039616016547,DOWNSAMPLED
186997,gasb,decimate_with_antialiasing,fast_transient,119901,2998,0.0250039616016547,DOWNSAMPLED
186997,gasc,decimate_with_antialiasing,fast_transient,119901,2998,0.0250039616016547,DOWNSAMPLED
186997,gasd,decimate_with_antialiasing,noisy,119901,2998,0.0250039616016547,DOWNSAMPLED
186997,ip,cubic_spline,smooth_high_snr,11990,5995,0.5,DOWNSAMPLED
186997,kappa,cubic_spline,smooth_high_snr,294,294,1.0,PRESERVED
186997,li,cubic_spline,smooth_high_snr,294,294,1.0,PRESERVED
186997,pcbcoil,decimate_with_antialiasing,smooth_high_snr,119901,5996,0.0500079232033094,DOWNSAMPLED
186997,pcdiamag3,decimate_with_antialiasing,smooth_high_snr,119901,5996,0.0500079232033094,DOWNSAMPLED
186997,pinj,cubic_spline,smooth_high_snr,59951,59950,0.9999833197110974,PRESERVED
186997,pinj_15l,pchip_careful,fast_transient,59951,59950,0.9999833197110974,PRESERVED
186997,pinj_15r,pchip_careful,fast_transient,59951,59950,0.9999833197110974,PRESERVED
186997,pinj_21l,cubic_spline,smooth_high_snr,59951,59950,0.9999833197110974,PRESERVED
186997,pinj_21r,pchip_careful,fast_transient,59951,59950,0.9999833197110974,PRESERVED
186997,pinj_30l,pchip_careful,fast_transient,59951,59950,0.9999833197110974,PRESERVED
186997,pinj_30r,cubic_spline,smooth_high_snr,59951,59950,0.9999833197110974,PRESERVED
186997,pinj_33l,pchip_careful,fast_transient,59951,59950,0.9999833197110974,PRESERVED
186997,pinj_33r,cubic_spline,smooth_high_snr,59951,59950,0.9999833197110974,PRESERVED
186997,prmtan_neped,pchip_careful,fast_transient,702,566,0.8062678062678063,DOWNSAMPLED
186997,prmtan_teped,cubic_spline_simple,slow_varying,654,568,0.8685015290519877,DOWNSAMPLED
186997,q95,cubic_spline,smooth_high_snr,294,294,1.0,PRESERVED
186997,rmaxis,cubic_spline,smooth_high_snr,294,294,1.0,PRESERVED
186997,rsurf,cubic_spline,smooth_high_snr,294,294,1.0,PRESERVED
186997,tinj,cubic_spline,smooth_high_snr,59951,59950,0.9999833197110974,PRESERVED
186997,tribot,pchip_careful,fast_transient,294,294,1.0,PRESERVED
186997,tritop,cubic_spline,smooth_high_snr,294,294,1.0,PRESERVED
186997,volume,cubic_spline,smooth_high_snr,294,294,1.0,PRESERVED
186997,vsurf,cubic_spline,smooth_high_snr,294,294,1.0,PRESERVED
186997,zcur,pchip_no_smoothing,noisy,294,294,1.0,PRESERVED
186997,zmaxis,cubic_spline_simple,slow_varying,294,294,1.0,PRESERVED
186997,zsurf,cubic_spline_simple,slow_varying,294,294,1.0,PRESERVED
187017,aminor,cubic_spline,smooth_high_snr,295,295,1.0,PRESERVED
187017,area,cubic_spline,smooth_high_snr,295,295,1.0,PRESERVED
187017,betan,cubic_spline,smooth_high_snr,295,295,1.0,PRESERVED
187017,bt,cubic_spline,smooth_high_snr,12020,6010,0.5,DOWNSAMPLED
187017,cerqrott10,cubic_spline_simple,slow_varying,1103,551,0.499546690843155,DOWNSAMPLED
187017,cerqrott11,cubic_spline_simple,slow_varying,1103,551,0.499546690843155,DOWNSAMPLED
187017,cerqrott12,cubic_spline_simple,slow_varying,1103,551,0.499546690843155,DOWNSAMPLED
187017,cerqrott13,cubic_spline_simple,slow_varying,1102,551,0.5,DOWNSAMPLED
187017,cerqrott3,cubic_spline,smooth_high_snr,752,501,0.6662234042553191,DOWNSAMPLED
187017,cerqrott6,cubic_spline,smooth_high_snr,752,501,0.6662234042553191,DOWNSAMPLED
187017,cerqrott8,cubic_spline,smooth_high_snr,1102,551,0.5,DOWNSAMPLED
187017,cerqtit10,cubic_spline,smooth_high_snr,1103,551,0.499546690843155,DOWNSAMPLED
187017,cerqtit11,cubic_spline_simple,slow_varying,1103,551,0.499546690843155,DOWNSAMPLED
187017,cerqtit12,cubic_spline_simple,slow_varying,1103,551,0.499546690843155,DOWNSAMPLED
187017,cerqtit13,cubic_spline_simple,slow_varying,1102,551,0.5,DOWNSAMPLED
187017,cerqtit3,cubic_spline,smooth_high_snr,752,501,0.6662234042553191,DOWNSAMPLED
187017,cerqtit6,cubic_spline,smooth_high_snr,752,501,0.6662234042553191,DOWNSAMPLED
187017,cerqtit8,cubic_spline,smooth_high_snr,1102,551,0.5,DOWNSAMPLED
187017,density,cubic_spline,smooth_high_snr,5910,5909,0.9998307952622674,PRESERVED
187017,drsep,pchip_careful,fast_transient,295,295,1.0,PRESERVED
187017,ece1,cubic_spline,smooth_high_snr,30050,30049,0.9999667221297837,PRESERVED
187017,ece2,cubic_spline,smooth_high_snr,30050,30049,0.9999667221297837,PRESERVED
187017,ece3,cubic_spline,smooth_high_snr,30050,30049,0.9999667221297837,PRESERVED
187017,ece4,cubic_spline,smooth_high_snr,30050,30049,0.9999667221297837,PRESERVED
187017,ece5,cubic_spline,smooth_high_snr,30050,30049,0.9999667221297837,PRESERVED
187017,ece6,cubic_spline,smooth_high_snr,30050,30049,0.9999667221297837,PRESERVED
187017,ece7,cubic_spline,smooth_high_snr,30050,30049,0.9999667221297837,PRESERVED
187017,ece8,cubic_spline,smooth_high_snr,30050,30049,0.9999667221297837,PRESERVED
187017,ece9,cubic_spline,smooth_high_snr,30050,30049,0.9999667221297837,PRESERVED
187017,ece10,cubic_spline,smooth_high_snr,30050,30049,0.9999667221297837,PRESERVED
187017,ece11,cubic_spline,smooth_high_snr,30050,30049,0.9999667221297837,PRESERVED
187017,ece12,cubic_spline,smooth_high_snr,30050,30049,0.9999667221297837,PRESERVED
187017,ece13,cubic_spline,smooth_high_snr,30050,30049,0.9999667221297837,PRESERVED
187017,ece14,cubic_spline,smooth_high_snr,30050,30049,0.9999667221297837,PRESERVED
187017,ece15,cubic_spline,smooth_high_snr,30050,30049,0.9999667221297837,PRESERVED
187017,ece16,cubic_spline,smooth_high_snr,30050,30049,0.9999667221297837,PRESERVED
187017,ece17,cubic_spline,smooth_high_snr,30050,30049,0.9999667221297837,PRESERVED
187017,ece18,cubic_spline,smooth_high_snr,30050,30049,0.9999667221297837,PRESERVED
187017,ece19,cubic_spline,smooth_high_snr,30050,30049,0.9999667221297837,PRESERVED
187017,ece20,cubic_spline,smooth_high_snr,30050,30049,0.9999667221297837,PRESERVED
187017,ece21,cubic_spline,smooth_high_snr,30050,30049,0.9999667221297837,PRESERVED
187017,ece22,cubic_spline,smooth_high_snr,30050,30049,0.9999667221297837,PRESERVED
187017,ece23,cubic_spline,smooth_high_snr,30050,30049,0.9999667221297837,PRESERVED
187017,ece24,cubic_spline,smooth_high_snr,30050,30049,0.9999667221297837,PRESERVED
187017,ece25,cubic_spline,smooth_high_snr,30050,30049,0.9999667221297837,PRESERVED
187017,ece26,cubic_spline,smooth_high_snr,30050,30049,0.9999667221297837,PRESERVED
187017,ece27,cubic_spline,smooth_high_snr,30050,30049,0.9999667221297837,PRESERVED
187017,ece28,cubic_spline,smooth_high_snr,30050,30049,0.9999667221297837,PRESERVED
187017,ece29,cubic_spline,smooth_high_snr,30050,30049,0.9999667221297837,PRESERVED
187017,ece30,cubic_spline,smooth_high_snr,30050,30049,0.9999667221297837,PRESERVED
187017,ece31,cubic_spline,smooth_high_snr,30050,30049,0.9999667221297837,PRESERVED
187017,ece32,cubic_spline,smooth_high_snr,30050,30049,0.9999667221297837,PRESERVED
187017,ece33,cubic_spline,smooth_high_snr,30050,30049,0.9999667221297837,PRESERVED
187017,ece34,cubic_spline,smooth_high_snr,30050,30049,0.9999667221297837,PRESERVED
187017,ece35,cubic_spline,smooth_high_snr,30050,30049,0.9999667221297837,PRESERVED
187017,ece36,cubic_spline,smooth_high_snr,30050,30049,0.9999667221297837,PRESERVED
187017,ece37,cubic_spline,smooth_high_snr,30050,30049,0.9999667221297837,PRESERVED
187017,ece38,cubic_spline,smooth_high_snr,30050,30049,0.9999667221297837,PRESERVED
187017,ece39,cubic_spline,smooth_high_snr,30050,30049,0.9999667221297837,PRESERVED
187017,ece40,cubic_spline,smooth_high_snr,30050,30049,0.9999667221297837,PRESERVED
187017,fs03da,pchip_no_smoothing,noisy,300501,300500,0.9999966722240525,PRESERVED
187017,fs04,cubic_spline_simple,slow_varying,300501,300500,0.9999966722240525,PRESERVED
187017,fs04da,cubic_spline_simple,slow_varying,300501,300500,0.9999966722240525,PRESERVED
187017,fs05da,pchip_careful,fast_transient,300501,300500,0.9999966722240525,PRESERVED
187017,gasa,decimate_with_antialiasing,smooth_high_snr,120201,3006,0.025008111413382585,DOWNSAMPLED
187017,gasb,decimate_with_antialiasing,fast_transient,120201,3006,0.025008111413382585,DOWNSAMPLED
187017,gasc,decimate_with_antialiasing,fast_transient,120201,3006,0.025008111413382585,DOWNSAMPLED
187017,gasd,decimate_with_antialiasing,noisy,120201,3006,0.025008111413382585,DOWNSAMPLED
187017,ip,cubic_spline,smooth_high_snr,12020,6010,0.5,DOWNSAMPLED
187017,kappa,cubic_spline,smooth_high_snr,295,295,1.0,PRESERVED
187017,li,cubic_spline,smooth_high_snr,295,295,1.0,PRESERVED
187017,pcbcoil,decimate_with_antialiasing,smooth_high_snr,120201,6011,0.05000790342842406,DOWNSAMPLED
187017,pcdiamag3,decimate_with_antialiasing,smooth_high_snr,120201,6011,0.05000790342842406,DOWNSAMPLED
187017,pinj,cubic_spline,smooth_high_snr,60101,60100,0.9999833613417414,PRESERVED
187017,pinj_15l,pchip_careful,fast_transient,60101,60100,0.9999833613417414,PRESERVED
187017,pinj_15r,pchip_careful,fast_transient,60101,60100,0.9999833613417414,PRESERVED
187017,pinj_21l,cubic_spline,smooth_high_snr,60101,60100,0.9999833613417414,PRESERVED
187017,pinj_21r,pchip_careful,fast_transient,60101,60100,0.9999833613417414,PRESERVED
187017,pinj_30l,pchip_careful,fast_transient,60101,60100,0.9999833613417414,PRESERVED
187017,pinj_30r,cubic_spline,smooth_high_snr,60101,60100,0.9999833613417414,PRESERVED
187017,pinj_33l,pchip_careful,fast_transient,60101,60100,0.9999833613417414,PRESERVED
187017,pinj_33r,cubic_spline,smooth_high_snr,60101,60100,0.9999833613417414,PRESERVED
187017,prmtan_neped,pchip_careful,fast_transient,716,569,0.7946927374301676,DOWNSAMPLED
187017,prmtan_teped,cubic_spline_simple,slow_varying,683,569,0.8330893118594437,DOWNSAMPLED
187017,q95,cubic_spline,smooth_high_snr,295,295,1.0,PRESERVED
187017,rmaxis,cubic_spline,smooth_high_snr,295,295,1.0,PRESERVED
187017,rsurf,cubic_spline,smooth_high_snr,295,295,1.0,PRESERVED
187017,tinj,cubic_spline,smooth_high_snr,60101,60100,0.9999833613417414,PRESERVED
187017,tribot,pchip_careful,fast_transient,295,295,1.0,PRESERVED
187017,tritop,cubic_spline,smooth_high_snr,295,295,1.0,PRESERVED
187017,volume,cubic_spline,smooth_high_snr,295,295,1.0,PRESERVED
187017,vsurf,cubic_spline,smooth_high_snr,295,295,1.0,PRESERVED
187017,zcur,pchip_no_smoothing,noisy,295,295,1.0,PRESERVED
187017,zmaxis,cubic_spline_simple,slow_varying,295,295,1.0,PRESERVED
187017,zsurf,cubic_spline_simple,slow_varying,295,295,1.0,PRESERVED
187018,aminor,cubic_spline,smooth_high_snr,295,295,1.0,PRESERVED
187018,area,cubic_spline,smooth_high_snr,295,295,1.0,PRESERVED
187018,betan,cubic_spline,smooth_high_snr,295,295,1.0,PRESERVED
187018,bt,cubic_spline,smooth_high_snr,12010,6005,0.5,DOWNSAMPLED
187018,cerqrott10,cubic_spline_simple,slow_varying,650,550,0.8461538461538461,DOWNSAMPLED
187018,cerqrott11,cubic_spline_simple,slow_varying,650,550,0.8461538461538461,DOWNSAMPLED
187018,cerqrott12,cubic_spline_simple,slow_varying,650,550,0.8461538461538461,DOWNSAMPLED
187018,cerqrott13,cubic_spline_simple,slow_varying,650,550,0.8461538461538461,DOWNSAMPLED
187018,cerqrott3,cubic_spline,smooth_high_snr,502,501,0.99800796812749,PRESERVED
187018,cerqrott6,cubic_spline,smooth_high_snr,502,501,0.99800796812749,PRESERVED
187018,cerqrott8,cubic_spline,smooth_high_snr,650,550,0.8461538461538461,DOWNSAMPLED
187018,cerqtit10,cubic_spline,smooth_high_snr,650,550,0.8461538461538461,DOWNSAMPLED
187018,cerqtit11,cubic_spline_simple,slow_varying,650,550,0.8461538461538461,DOWNSAMPLED
187018,cerqtit12,cubic_spline_simple,slow_varying,650,550,0.8461538461538461,DOWNSAMPLED
187018,cerqtit13,cubic_spline_simple,slow_varying,650,550,0.8461538461538461,DOWNSAMPLED
187018,cerqtit3,cubic_spline,smooth_high_snr,502,501,0.99800796812749,PRESERVED
187018,cerqtit6,cubic_spline,smooth_high_snr,502,501,0.99800796812749,PRESERVED
187018,cerqtit8,cubic_spline,smooth_high_snr,650,550,0.8461538461538461,DOWNSAMPLED
187018,density,cubic_spline,smooth_high_snr,5905,5904,0.9998306519898391,PRESERVED
187018,drsep,pchip_careful,fast_transient,295,295,1.0,PRESERVED
187018,ece1,cubic_spline,smooth_high_snr,30025,30024,0.9999666944213156,PRESERVED
187018,ece2,cubic_spline,smooth_high_snr,30025,30024,0.9999666944213156,PRESERVED
187018,ece3,cubic_spline,smooth_high_snr,30025,30024,0.9999666944213156,PRESERVED
187018,ece4,cubic_spline,smooth_high_snr,30025,30024,0.9999666944213156,PRESERVED
187018,ece5,cubic_spline,smooth_high_snr,30025,30024,0.9999666944213156,PRESERVED
187018,ece6,cubic_spline,smooth_high_snr,30025,30024,0.9999666944213156,PRESERVED
187018,ece7,cubic_spline,smooth_high_snr,30025,30024,0.9999666944213156,PRESERVED
187018,ece8,cubic_spline,smooth_high_snr,30025,30024,0.9999666944213156,PRESERVED
187018,ece9,cubic_spline,smooth_high_snr,30025,30024,0.9999666944213156,PRESERVED
187018,ece10,cubic_spline,smooth_high_snr,30025,30024,0.9999666944213156,PRESERVED
187018,ece11,cubic_spline,smooth_high_snr,30025,30024,0.9999666944213156,PRESERVED
187018,ece12,cubic_spline,smooth_high_snr,30025,30024,0.9999666944213156,PRESERVED
187018,ece13,cubic_spline,smooth_high_snr,30025,30024,0.9999666944213156,PRESERVED
187018,ece14,cubic_spline,smooth_high_snr,30025,30024,0.9999666944213156,PRESERVED
187018,ece15,cubic_spline,smooth_high_snr,30025,30024,0.9999666944213156,PRESERVED
187018,ece16,cubic_spline,smooth_high_snr,30025,30024,0.9999666944213156,PRESERVED
187018,ece17,cubic_spline,smooth_high_snr,30025,30024,0.9999666944213156,PRESERVED
187018,ece18,cubic_spline,smooth_high_snr,30025,30024,0.9999666944213156,PRESERVED
187018,ece19,cubic_spline,smooth_high_snr,30025,30024,0.9999666944213156,PRESERVED
187018,ece20,cubic_spline,smooth_high_snr,30025,30024,0.9999666944213156,PRESERVED
187018,ece21,cubic_spline,smooth_high_snr,30025,30024,0.9999666944213156,PRESERVED
187018,ece22,cubic_spline,smooth_high_snr,30025,30024,0.9999666944213156,PRESERVED
187018,ece23,cubic_spline,smooth_high_snr,30025,30024,0.9999666944213156,PRESERVED
187018,ece24,cubic_spline,smooth_high_snr,30025,30024,0.9999666944213156,PRESERVED
187018,ece25,cubic_spline,smooth_high_snr,30025,30024,0.9999666944213156,PRESERVED
187018,ece26,cubic_spline,smooth_high_snr,30025,30024,0.9999666944213156,PRESERVED
187018,ece27,cubic_spline,smooth_high_snr,30025,30024,0.9999666944213156,PRESERVED
187018,ece28,cubic_spline,smooth_high_snr,30025,30024,0.9999666944213156,PRESERVED
187018,ece29,cubic_spline,smooth_high_snr,30025,30024,0.9999666944213156,PRESERVED
187018,ece30,cubic_spline,smooth_high_snr,30025,30024,0.9999666944213156,PRESERVED
187018,ece31,cubic_spline,smooth_high_snr,30025,30024,0.9999666944213156,PRESERVED
187018,ece32,cubic_spline,smooth_high_snr,30025,30024,0.9999666944213156,PRESERVED
187018,ece33,cubic_spline,smooth_high_snr,30025,30024,0.9999666944213156,PRESERVED
187018,ece34,cubic_spline,smooth_high_snr,30025,30024,0.9999666944213156,PRESERVED
187018,ece35,cubic_spline,smooth_high_snr,30025,30024,0.9999666944213156,PRESERVED
187018,ece36,cubic_spline,smooth_high_snr,30025,30024,0.9999666944213156,PRESERVED
187018,ece37,cubic_spline,smooth_high_snr,30025,30024,0.9999666944213156,PRESERVED
187018,ece38,cubic_spline,smooth_high_snr,30025,30024,0.9999666944213156,PRESERVED
187018,ece39,cubic_spline,smooth_high_snr,30025,30024,0.9999666944213156,PRESERVED
187018,ece40,cubic_spline,smooth_high_snr,30025,30024,0.9999666944213156,PRESERVED
187018,fs03da,pchip_no_smoothing,noisy,300250,300250,1.0,PRESERVED
187018,fs04,cubic_spline_simple,slow_varying,300250,300250,1.0,PRESERVED
187018,fs04da,cubic_spline_simple,slow_varying,300250,300250,1.0,PRESERVED
187018,fs05da,pchip_careful,fast_transient,300250,300250,1.0,PRESERVED
187018,gasa,decimate_with_antialiasing,smooth_high_snr,120100,3003,0.025004163197335554,DOWNSAMPLED
187018,gasb,decimate_with_antialiasing,fast_transient,120100,3003,0.025004163197335554,DOWNSAMPLED
187018,gasc,decimate_with_antialiasing,fast_transient,120100,3003,0.025004163197335554,DOWNSAMPLED
187018,gasd,decimate_with_antialiasing,noisy,120100,3003,0.025004163197335554,DOWNSAMPLED
187018,ip,cubic_spline,smooth_high_snr,12010,6005,0.5,DOWNSAMPLED
187018,kappa,cubic_spline,smooth_high_snr,295,295,1.0,PRESERVED
187018,li,cubic_spline,smooth_high_snr,295,295,1.0,PRESERVED
187018,pcbcoil,decimate_with_antialiasing,smooth_high_snr,120101,6006,0.050007910009075694,DOWNSAMPLED
187018,pcdiamag3,decimate_with_antialiasing,smooth_high_snr,120101,6006,0.050007910009075694,DOWNSAMPLED
187018,pinj,cubic_spline,smooth_high_snr,60051,60050,0.9999833474879686,PRESERVED
187018,pinj_15l,pchip_careful,fast_transient,60051,60050,0.9999833474879686,PRESERVED
187018,pinj_15r,pchip_careful,fast_transient,60051,60050,0.9999833474879686,PRESERVED
187018,pinj_21l,cubic_spline,smooth_high_snr,60051,60050,0.9999833474879686,PRESERVED
187018,pinj_21r,pchip_careful,fast_transient,60051,60050,0.9999833474879686,PRESERVED
187018,pinj_30l,pchip_careful,fast_transient,60051,60050,0.9999833474879686,PRESERVED
187018,pinj_30r,cubic_spline,smooth_high_snr,60051,60050,0.9999833474879686,PRESERVED
187018,pinj_33l,pchip_careful,fast_transient,60051,60050,0.9999833474879686,PRESERVED
187018,pinj_33r,cubic_spline,smooth_high_snr,60051,60050,0.9999833474879686,PRESERVED
187018,prmtan_neped,pchip_careful,fast_transient,720,569,0.7902777777777777,DOWNSAMPLED
187018,prmtan_teped,cubic_spline_simple,slow_varying,689,569,0.8258345428156749,DOWNSAMPLED
187018,q95,cubic_spline,smooth_high_snr,295,295,1.0,PRESERVED
187018,rmaxis,cubic_spline,smooth_high_snr,295,295,1.0,PRESERVED
187018,rsurf,cubic_spline,smooth_high_snr,295,295,1.0,PRESERVED
187018,tinj,cubic_spline,smooth_high_snr,60051,60050,0.9999833474879686,PRESERVED
187018,tribot,pchip_careful,fast_transient,295,295,1.0,PRESERVED
187018,tritop,cubic_spline,smooth_high_snr,295,295,1.0,PRESERVED
187018,volume,cubic_spline,smooth_high_snr,295,295,1.0,PRESERVED
187018,vsurf,cubic_spline,smooth_high_snr,295,295,1.0,PRESERVED
187018,zcur,pchip_no_smoothing,noisy,295,295,1.0,PRESERVED
187018,zmaxis,cubic_spline_simple,slow_varying,295,295,1.0,PRESERVED
187018,zsurf,cubic_spline_simple,slow_varying,295,295,1.0,PRESERVED
187019,aminor,cubic_spline,smooth_high_snr,280,279,0.9964285714285714,PRESERVED
187019,area,cubic_spline,smooth_high_snr,280,279,0.9964285714285714,PRESERVED
187019,betan,cubic_spline,smooth_high_snr,280,279,0.9964285714285714,PRESERVED
187019,bt,cubic_spline,smooth_high_snr,11380,5690,0.5,DOWNSAMPLED
187019,cerqrott10,cubic_spline_simple,slow_varying,1039,519,0.49951876804619827,DOWNSAMPLED
187019,cerqrott11,cubic_spline_simple,slow_varying,1039,519,0.49951876804619827,DOWNSAMPLED
187019,cerqrott12,cubic_spline_simple,slow_varying,1039,519,0.49951876804619827,DOWNSAMPLED
187019,cerqrott13,cubic_spline_simple,slow_varying,1039,519,0.49951876804619827,DOWNSAMPLED
187019,cerqrott3,cubic_spline,smooth_high_snr,705,469,0.6652482269503546,DOWNSAMPLED
187019,cerqrott6,cubic_spline,smooth_high_snr,705,469,0.6652482269503546,DOWNSAMPLED
187019,cerqrott8,cubic_spline,smooth_high_snr,1038,519,0.5,DOWNSAMPLED
187019,cerqtit10,cubic_spline,smooth_high_snr,1039,519,0.49951876804619827,DOWNSAMPLED
187019,cerqtit11,cubic_spline_simple,slow_varying,1039,519,0.49951876804619827,DOWNSAMPLED
187019,cerqtit12,cubic_spline_simple,slow_varying,1039,519,0.49951876804619827,DOWNSAMPLED
187019,cerqtit13,cubic_spline_simple,slow_varying,1039,519,0.49951876804619827,DOWNSAMPLED
187019,cerqtit3,cubic_spline,smooth_high_snr,705,469,0.6652482269503546,DOWNSAMPLED
187019,cerqtit6,cubic_spline,smooth_high_snr,705,469,0.6652482269503546,DOWNSAMPLED
187019,cerqtit8,cubic_spline,smooth_high_snr,1038,519,0.5,DOWNSAMPLED
187019,density,cubic_spline,smooth_high_snr,5590,5589,0.9998211091234347,PRESERVED
187019,drsep,pchip_careful,fast_transient,280,279,0.9964285714285714,PRESERVED
187019,ece1,cubic_spline,smooth_high_snr,28451,28450,0.9999648518505501,PRESERVED
187019,ece2,cubic_spline,smooth_high_snr,28451,28450,0.9999648518505501,PRESERVED
187019,ece3,cubic_spline,smooth_high_snr,28451,28450,0.9999648518505501,PRESERVED
187019,ece4,cubic_spline,smooth_high_snr,28451,28450,0.9999648518505501,PRESERVED
187019,ece5,cubic_spline,smooth_high_snr,28451,28450,0.9999648518505501,PRESERVED
187019,ece6,cubic_spline,smooth_high_snr,28451,28450,0.9999648518505501,PRESERVED
187019,ece7,cubic_spline,smooth_high_snr,28451,28450,0.9999648518505501,PRESERVED
187019,ece8,cubic_spline,smooth_high_snr,28451,28450,0.9999648518505501,PRESERVED
187019,ece9,cubic_spline,smooth_high_snr,28451,28450,0.9999648518505501,PRESERVED
187019,ece10,cubic_spline,smooth_high_snr,28451,28450,0.9999648518505501,PRESERVED
187019,ece11,cubic_spline,smooth_high_snr,28451,28450,0.9999648518505501,PRESERVED
187019,ece12,cubic_spline,smooth_high_snr,28451,28450,0.9999648518505501,PRESERVED
187019,ece13,cubic_spline,smooth_high_snr,28451,28450,0.9999648518505501,PRESERVED
187019,ece14,cubic_spline,smooth_high_snr,28451,28450,0.9999648518505501,PRESERVED
187019,ece15,cubic_spline,smooth_high_snr,28451,28450,0.9999648518505501,PRESERVED
187019,ece16,cubic_spline,smooth_high_snr,28451,28450,0.9999648518505501,PRESERVED
187019,ece17,cubic_spline,smooth_high_snr,28451,28450,0.9999648518505501,PRESERVED
187019,ece18,cubic_spline,smooth_high_snr,28451,28450,0.9999648518505501,PRESERVED
187019,ece19,cubic_spline,smooth_high_snr,28451,28450,0.9999648518505501,PRESERVED
187019,ece20,cubic_spline,smooth_high_snr,28451,28450,0.9999648518505501,PRESERVED
187019,ece21,cubic_spline,smooth_high_snr,28451,28450,0.9999648518505501,PRESERVED
187019,ece22,cubic_spline,smooth_high_snr,28451,28450,0.9999648518505501,PRESERVED
187019,ece23,cubic_spline,smooth_high_snr,28451,28450,0.9999648518505501,PRESERVED
187019,ece24,cubic_spline,smooth_high_snr,28451,28450,0.9999648518505501,PRESERVED
187019,ece25,cubic_spline,smooth_high_snr,28451,28450,0.9999648518505501,PRESERVED
187019,ece26,cubic_spline,smooth_high_snr,28451,28450,0.9999648518505501,PRESERVED
187019,ece27,cubic_spline,smooth_high_snr,28451,28450,0.9999648518505501,PRESERVED
187019,ece28,cubic_spline,smooth_high_snr,28451,28450,0.9999648518505501,PRESERVED
187019,ece29,cubic_spline,smooth_high_snr,28451,28450,0.9999648518505501,PRESERVED
187019,ece30,cubic_spline,smooth_high_snr,28451,28450,0.9999648518505501,PRESERVED
187019,ece31,cubic_spline,smooth_high_snr,28451,28450,0.9999648518505501,PRESERVED
187019,ece32,cubic_spline,smooth_high_snr,28451,28450,0.9999648518505501,PRESERVED
187019,ece33,cubic_spline,smooth_high_snr,28451,28450,0.9999648518505501,PRESERVED
187019,ece34,cubic_spline,smooth_high_snr,28451,28450,0.9999648518505501,PRESERVED
187019,ece35,cubic_spline,smooth_high_snr,28451,28450,0.9999648518505501,PRESERVED
187019,ece36,cubic_spline,smooth_high_snr,28451,28450,0.9999648518505501,PRESERVED
187019,ece37,cubic_spline,smooth_high_snr,28451,28450,0.9999648518505501,PRESERVED
187019,ece38,cubic_spline,smooth_high_snr,28451,28450,0.9999648518505501,PRESERVED
187019,ece39,cubic_spline,smooth_high_snr,28451,28450,0.9999648518505501,PRESERVED
187019,ece40,cubic_spline,smooth_high_snr,28451,28450,0.9999648518505501,PRESERVED
187019,fs03da,pchip_no_smoothing,noisy,284501,284500,0.9999964850738662,PRESERVED
187019,fs04,cubic_spline_simple,slow_varying,284501,284500,0.9999964850738662,PRESERVED
187019,fs04da,cubic_spline_simple,slow_varying,284501,284500,0.9999964850738662,PRESERVED
187019,fs05da,pchip_careful,fast_transient,284501,284500,0.9999964850738662,PRESERVED
187019,gasa,decimate_with_antialiasing,smooth_high_snr,113801,2846,0.02500856758727955,DOWNSAMPLED
187019,gasb,decimate_with_antialiasing,fast_transient,113801,2846,0.02500856758727955,DOWNSAMPLED
187019,gasc,decimate_with_antialiasing,fast_transient,113801,2846,0.02500856758727955,DOWNSAMPLED
187019,gasd,decimate_with_antialiasing,noisy,113801,2846,0.02500856758727955,DOWNSAMPLED
187019,ip,cubic_spline,smooth_high_snr,11380,5690,0.5,DOWNSAMPLED
187019,kappa,cubic_spline,smooth_high_snr,280,279,0.9964285714285714,PRESERVED
187019,li,cubic_spline,smooth_high_snr,280,279,0.9964285714285714,PRESERVED
187019,pcbcoil,decimate_with_antialiasing,smooth_high_snr,113801,5691,0.05000834790555443,DOWNSAMPLED
187019,pcdiamag3,decimate_with_antialiasing,smooth_high_snr,113801,5691,0.05000834790555443,DOWNSAMPLED
187019,pinj,cubic_spline,smooth_high_snr,56901,56900,0.9999824256164215,PRESERVED
187019,pinj_15l,pchip_careful,fast_transient,56901,56900,0.9999824256164215,PRESERVED
187019,pinj_15r,pchip_careful,fast_transient,56901,56900,0.9999824256164215,PRESERVED
187019,pinj_21l,cubic_spline,smooth_high_snr,56901,56900,0.9999824256164215,PRESERVED
187019,pinj_21r,pchip_careful,fast_transient,56901,56900,0.9999824256164215,PRESERVED
187019,pinj_30l,pchip_careful,fast_transient,56901,56900,0.9999824256164215,PRESERVED
187019,pinj_30r,cubic_spline,smooth_high_snr,56901,56900,0.9999824256164215,PRESERVED
187019,pinj_33l,pchip_careful,fast_transient,56901,56900,0.9999824256164215,PRESERVED
187019,pinj_33r,cubic_spline,smooth_high_snr,56901,56900,0.9999824256164215,PRESERVED
187019,prmtan_neped,pchip_careful,fast_transient,680,538,0.7911764705882353,DOWNSAMPLED
187019,prmtan_teped,cubic_spline_simple,slow_varying,652,538,0.8251533742331288,DOWNSAMPLED
187019,q95,cubic_spline,smooth_high_snr,280,279,0.9964285714285714,PRESERVED
187019,rmaxis,cubic_spline,smooth_high_snr,280,279,0.9964285714285714,PRESERVED
187019,rsurf,cubic_spline,smooth_high_snr,280,279,0.9964285714285714,PRESERVED
187019,tinj,cubic_spline,smooth_high_snr,56901,56900,0.9999824256164215,PRESERVED
187019,tribot,pchip_careful,fast_transient,280,279,0.9964285714285714,PRESERVED
187019,tritop,cubic_spline,smooth_high_snr,280,279,0.9964285714285714,PRESERVED
187019,volume,cubic_spline,smooth_high_snr,280,279,0.9964285714285714,PRESERVED
187019,vsurf,cubic_spline,smooth_high_snr,280,279,0.9964285714285714,PRESERVED
187019,zcur,pchip_no_smoothing,noisy,280,279,0.9964285714285714,PRESERVED
187019,zmaxis,cubic_spline_simple,slow_varying,280,279,0.9964285714285714,PRESERVED
187019,zsurf,cubic_spline_simple,slow_varying,280,279,0.9964285714285714,PRESERVED
187020,aminor,cubic_spline,smooth_high_snr,301,302,1.0033222591362125,PRESERVED
187020,area,cubic_spline,smooth_high_snr,301,302,1.0033222591362125,PRESERVED
187020,betan,cubic_spline,smooth_high_snr,301,302,1.0033222591362125,PRESERVED
187020,bt,cubic_spline,smooth_high_snr,12308,6154,0.5,DOWNSAMPLED
187020,cerqrott10,cubic_spline_simple,slow_varying,1125,565,0.5022222222222222,DOWNSAMPLED
187020,cerqrott11,cubic_spline_simple,slow_varying,1125,565,0.5022222222222222,DOWNSAMPLED
187020,cerqrott12,cubic_spline_simple,slow_varying,1125,565,0.5022222222222222,DOWNSAMPLED
187020,cerqrott13,cubic_spline_simple,slow_varying,1124,565,0.5026690391459074,DOWNSAMPLED
187020,cerqrott3,cubic_spline,smooth_high_snr,766,515,0.6723237597911227,DOWNSAMPLED
187020,cerqrott6,cubic_spline,smooth_high_snr,766,515,0.6723237597911227,DOWNSAMPLED
187020,cerqrott8,cubic_spline,smooth_high_snr,1124,565,0.5026690391459074,DOWNSAMPLED
187020,cerqtit10,cubic_spline,smooth_high_snr,1125,565,0.5022222222222222,DOWNSAMPLED
187020,cerqtit11,cubic_spline_simple,slow_varying,1125,565,0.5022222222222222,DOWNSAMPLED
187020,cerqtit12,cubic_spline_simple,slow_varying,1125,565,0.5022222222222222,DOWNSAMPLED
187020,cerqtit13,cubic_spline_simple,slow_varying,1124,565,0.5026690391459074,DOWNSAMPLED
187020,cerqtit3,cubic_spline,smooth_high_snr,766,515,0.6723237597911227,DOWNSAMPLED
187020,cerqtit6,cubic_spline,smooth_high_snr,766,515,0.6723237597911227,DOWNSAMPLED
187020,cerqtit8,cubic_spline,smooth_high_snr,1124,565,0.5026690391459074,DOWNSAMPLED
187020,density,cubic_spline,smooth_high_snr,6054,6053,0.9998348199537496,PRESERVED
187020,drsep,pchip_careful,fast_transient,301,302,1.0033222591362125,PRESERVED
187020,ece1,cubic_spline,smooth_high_snr,30771,30771,1.0,PRESERVED
187020,ece2,cubic_spline,smooth_high_snr,30771,30771,1.0,PRESERVED
187020,ece3,cubic_spline,smooth_high_snr,30771,30771,1.0,PRESERVED
187020,ece4,cubic_spline,smooth_high_snr,30771,30771,1.0,PRESERVED
187020,ece5,cubic_spline,smooth_high_snr,30771,30771,1.0,PRESERVED
187020,ece6,cubic_spline,smooth_high_snr,30771,30771,1.0,PRESERVED
187020,ece7,cubic_spline,smooth_high_snr,30771,30771,1.0,PRESERVED
187020,ece8,cubic_spline,smooth_high_snr,30771,30771,1.0,PRESERVED
187020,ece9,cubic_spline,smooth_high_snr,30771,30771,1.0,PRESERVED
187020,ece10,cubic_spline,smooth_high_snr,30771,30771,1.0,PRESERVED
187020,ece11,cubic_spline,smooth_high_snr,30771,30771,1.0,PRESERVED
187020,ece12,cubic_spline,smooth_high_snr,30771,30771,1.0,PRESERVED
187020,ece13,cubic_spline,smooth_high_snr,30771,30771,1.0,PRESERVED
187020,ece14,cubic_spline,smooth_high_snr,30771,30771,1.0,PRESERVED
187020,ece15,cubic_spline,smooth_high_snr,30771,30771,1.0,PRESERVED
187020,ece16,cubic_spline,smooth_high_snr,30771,30771,1.0,PRESERVED
187020,ece17,cubic_spline,smooth_high_snr,30771,30771,1.0,PRESERVED
187020,ece18,cubic_spline,smooth_high_snr,30771,30771,1.0,PRESERVED
187020,ece19,cubic_spline,smooth_high_snr,30771,30771,1.0,PRESERVED
187020,ece20,cubic_spline,smooth_high_snr,30771,30771,1.0,PRESERVED
187020,ece21,cubic_spline,smooth_high_snr,30771,30771,1.0,PRESERVED
187020,ece22,cubic_spline,smooth_high_snr,30771,30771,1.0,PRESERVED
187020,ece23,cubic_spline,smooth_high_snr,30771,30771,1.0,PRESERVED
187020,ece24,cubic_spline,smooth_high_snr,30771,30771,1.0,PRESERVED
187020,ece25,cubic_spline,smooth_high_snr,30771,30771,1.0,PRESERVED
187020,ece26,cubic_spline,smooth_high_snr,30771,30771,1.0,PRESERVED
187020,ece27,cubic_spline,smooth_high_snr,30771,30771,1.0,PRESERVED
187020,ece28,cubic_spline,smooth_high_snr,30771,30771,1.0,PRESERVED
187020,ece29,cubic_spline,smooth_high_snr,30771,30771,1.0,PRESERVED
187020,ece30,cubic_spline,smooth_high_snr,30771,30771,1.0,PRESERVED
187020,ece31,cubic_spline,smooth_high_snr,30771,30771,1.0,PRESERVED
187020,ece32,cubic_spline,smooth_high_snr,30771,30771,1.0,PRESERVED
187020,ece33,cubic_spline,smooth_high_snr,30771,30771,1.0,PRESERVED
187020,ece34,cubic_spline,smooth_high_snr,30771,30771,1.0,PRESERVED
187020,ece35,cubic_spline,smooth_high_snr,30771,30771,1.0,PRESERVED
187020,ece36,cubic_spline,smooth_high_snr,30771,30771,1.0,PRESERVED
187020,ece37,cubic_spline,smooth_high_snr,30771,30771,1.0,PRESERVED
187020,ece38,cubic_spline,smooth_high_snr,30771,30771,1.0,PRESERVED
187020,ece39,cubic_spline,smooth_high_snr,30771,30771,1.0,PRESERVED
187020,ece40,cubic_spline,smooth_high_snr,30771,30771,1.0,PRESERVED
187020,fs03da,pchip_no_smoothing,noisy,307702,307702,1.0,PRESERVED
187020,fs04,cubic_spline_simple,slow_varying,307702,307702,1.0,PRESERVED
187020,fs04da,cubic_spline_simple,slow_varying,307702,307702,1.0,PRESERVED
187020,fs05da,pchip_careful,fast_transient,307702,307702,1.0,PRESERVED
187020,gasa,decimate_with_antialiasing,smooth_high_snr,123081,3156,0.0256416506203232,DOWNSAMPLED
187020,gasb,decimate_with_antialiasing,fast_transient,123081,3156,0.0256416506203232,DOWNSAMPLED
187020,gasc,decimate_with_antialiasing,fast_transient,123081,3156,0.0256416506203232,DOWNSAMPLED
187020,gasd,decimate_with_antialiasing,noisy,123081,3156,0.0256416506203232,DOWNSAMPLED
187020,ip,cubic_spline,smooth_high_snr,12308,6154,0.5,DOWNSAMPLED
187020,kappa,cubic_spline,smooth_high_snr,301,302,1.0033222591362125,PRESERVED
187020,li,cubic_spline,smooth_high_snr,301,302,1.0033222591362125,PRESERVED
187020,pcbcoil,decimate_with_antialiasing,smooth_high_snr,123081,6155,0.05000771849432487,DOWNSAMPLED
187020,pcdiamag3,decimate_with_antialiasing,smooth_high_snr,123081,6155,0.05000771849432487,DOWNSAMPLED
187020,pinj,cubic_spline,smooth_high_snr,61541,61540,0.9999837506702849,PRESERVED
187020,pinj_15l,pchip_careful,fast_transient,61541,61540,0.9999837506702849,PRESERVED
187020,pinj_15r,pchip_careful,fast_transient,61541,61540,0.9999837506702849,PRESERVED
187020,pinj_21l,cubic_spline,smooth_high_snr,61541,61540,0.9999837506702849,PRESERVED
187020,pinj_21r,pchip_careful,fast_transient,61541,61540,0.9999837506702849,PRESERVED
187020,pinj_30l,pchip_careful,fast_transient,61541,61540,0.9999837506702849,PRESERVED
187020,pinj_30r,cubic_spline,smooth_high_snr,61541,61540,0.9999837506702849,PRESERVED
187020,pinj_33l,pchip_careful,fast_transient,61541,61540,0.9999837506702849,PRESERVED
187020,pinj_33r,cubic_spline,smooth_high_snr,61541,61540,0.9999837506702849,PRESERVED
187020,prmtan_neped,pchip_careful,fast_transient,733,583,0.7953615279672579,DOWNSAMPLED
187020,prmtan_teped,cubic_spline_simple,slow_varying,703,583,0.829302987197724,DOWNSAMPLED
187020,q95,cubic_spline,smooth_high_snr,301,302,1.0033222591362125,PRESERVED
187020,rmaxis,cubic_spline,smooth_high_snr,301,302,1.0033222591362125,PRESERVED
187020,rsurf,cubic_spline,smooth_high_snr,301,302,1.0033222591362125,PRESERVED
187020,tinj,cubic_spline,smooth_high_snr,61541,61540,0.9999837506702849,PRESERVED
187020,tribot,pchip_careful,fast_transient,301,302,1.0033222591362125,PRESERVED
187020,tritop,cubic_spline,smooth_high_snr,301,302,1.0033222591362125,PRESERVED
187020,volume,cubic_spline,smooth_high_snr,301,302,1.0033222591362125,PRESERVED
187020,vsurf,cubic_spline,smooth_high_snr,301,302,1.0033222591362125,PRESERVED
187020,zcur,pchip_no_smoothing,noisy,301,302,1.0033222591362125,PRESERVED
187020,zmaxis,cubic_spline_simple,slow_varying,301,302,1.0033222591362125,PRESERVED
187020,zsurf,cubic_spline_simple,slow_varying,301,302,1.0033222591362125,PRESERVED
187021,aminor,cubic_spline,smooth_high_snr,294,295,1.0034013605442176,PRESERVED
187021,area,cubic_spline,smooth_high_snr,294,295,1.0034013605442176,PRESERVED
187021,betan,cubic_spline,smooth_high_snr,294,295,1.0034013605442176,PRESERVED
187021,bt,cubic_spline,smooth_high_snr,12010,6005,0.5,DOWNSAMPLED
187021,cerqrott10,cubic_spline_simple,slow_varying,650,550,0.8461538461538461,DOWNSAMPLED
187021,cerqrott11,cubic_spline_simple,slow_varying,650,550,0.8461538461538461,DOWNSAMPLED
187021,cerqrott12,cubic_spline_simple,slow_varying,650,550,0.8461538461538461,DOWNSAMPLED
187021,cerqrott13,cubic_spline_simple,slow_varying,650,550,0.8461538461538461,DOWNSAMPLED
187021,cerqrott3,cubic_spline,smooth_high_snr,501,501,1.0,PRESERVED
187021,cerqrott6,cubic_spline,smooth_high_snr,502,501,0.99800796812749,PRESERVED
187021,cerqrott8,cubic_spline,smooth_high_snr,650,550,0.8461538461538461,DOWNSAMPLED
187021,cerqtit10,cubic_spline,smooth_high_snr,650,550,0.8461538461538461,DOWNSAMPLED
187021,cerqtit11,cubic_spline_simple,slow_varying,650,550,0.8461538461538461,DOWNSAMPLED
187021,cerqtit12,cubic_spline_simple,slow_varying,650,550,0.8461538461538461,DOWNSAMPLED
187021,cerqtit13,cubic_spline_simple,slow_varying,650,550,0.8461538461538461,DOWNSAMPLED
187021,cerqtit3,cubic_spline,smooth_high_snr,501,501,1.0,PRESERVED
187021,cerqtit6,cubic_spline,smooth_high_snr,502,501,0.99800796812749,PRESERVED
187021,cerqtit8,cubic_spline,smooth_high_snr,650,550,0.8461538461538461,DOWNSAMPLED
187021,density,cubic_spline,smooth_high_snr,5905,5904,0.9998306519898391,PRESERVED
187021,drsep,pchip_careful,fast_transient,294,295,1.0034013605442176,PRESERVED
187021,ece1,cubic_spline,smooth_high_snr,30025,30024,0.9999666944213156,PRESERVED
187021,ece2,cubic_spline,smooth_high_snr,30025,30024,0.9999666944213156,PRESERVED
187021,ece3,cubic_spline,smooth_high_snr,30025,30024,0.9999666944213156,PRESERVED
187021,ece4,cubic_spline,smooth_high_snr,30025,30024,0.9999666944213156,PRESERVED
187021,ece5,cubic_spline,smooth_high_snr,30025,30024,0.9999666944213156,PRESERVED
187021,ece6,cubic_spline,smooth_high_snr,30025,30024,0.9999666944213156,PRESERVED
187021,ece7,cubic_spline,smooth_high_snr,30025,30024,0.9999666944213156,PRESERVED
187021,ece8,cubic_spline,smooth_high_snr,30025,30024,0.9999666944213156,PRESERVED
187021,ece9,cubic_spline,smooth_high_snr,30025,30024,0.9999666944213156,PRESERVED
187021,ece10,cubic_spline,smooth_high_snr,30025,30024,0.9999666944213156,PRESERVED
187021,ece11,cubic_spline,smooth_high_snr,30025,30024,0.9999666944213156,PRESERVED
187021,ece12,cubic_spline,smooth_high_snr,30025,30024,0.9999666944213156,PRESERVED
187021,ece13,cubic_spline,smooth_high_snr,30025,30024,0.9999666944213156,PRESERVED
187021,ece14,cubic_spline,smooth_high_snr,30025,30024,0.9999666944213156,PRESERVED
187021,ece15,cubic_spline,smooth_high_snr,30025,30024,0.9999666944213156,PRESERVED
187021,ece16,cubic_spline,smooth_high_snr,30025,30024,0.9999666944213156,PRESERVED
187021,ece17,cubic_spline,smooth_high_snr,30025,30024,0.9999666944213156,PRESERVED
187021,ece18,cubic_spline,smooth_high_snr,30025,30024,0.9999666944213156,PRESERVED
187021,ece19,cubic_spline,smooth_high_snr,30025,30024,0.9999666944213156,PRESERVED
187021,ece20,cubic_spline,smooth_high_snr,30025,30024,0.9999666944213156,PRESERVED
187021,ece21,cubic_spline,smooth_high_snr,30025,30024,0.9999666944213156,PRESERVED
187021,ece22,cubic_spline,smooth_high_snr,30025,30024,0.9999666944213156,PRESERVED
187021,ece23,cubic_spline,smooth_high_snr,30025,30024,0.9999666944213156,PRESERVED
187021,ece24,cubic_spline,smooth_high_snr,30025,30024,0.9999666944213156,PRESERVED
187021,ece25,cubic_spline,smooth_high_snr,30025,30024,0.9999666944213156,PRESERVED
187021,ece26,cubic_spline,smooth_high_snr,30025,30024,0.9999666944213156,PRESERVED
187021,ece27,cubic_spline,smooth_high_snr,30025,30024,0.9999666944213156,PRESERVED
187021,ece28,cubic_spline,smooth_high_snr,30025,30024,0.9999666944213156,PRESERVED
187021,ece29,cubic_spline,smooth_high_snr,30025,30024,0.9999666944213156,PRESERVED
187021,ece30,cubic_spline,smooth_high_snr,30025,30024,0.9999666944213156,PRESERVED
187021,ece31,cubic_spline,smooth_high_snr,30025,30024,0.9999666944213156,PRESERVED
187021,ece32,cubic_spline,smooth_high_snr,30025,30024,0.9999666944213156,PRESERVED
187021,ece33,cubic_spline,smooth_high_snr,30025,30024,0.9999666944213156,PRESERVED
187021,ece34,cubic_spline,smooth_high_snr,30025,30024,0.9999666944213156,PRESERVED
187021,ece35,cubic_spline,smooth_high_snr,30025,30024,0.9999666944213156,PRESERVED
187021,ece36,cubic_spline,smooth_high_snr,30025,30024,0.9999666944213156,PRESERVED
187021,ece37,cubic_spline,smooth_high_snr,30025,30024,0.9999666944213156,PRESERVED
187021,ece38,cubic_spline,smooth_high_snr,30025,30024,0.9999666944213156,PRESERVED
187021,ece39,cubic_spline,smooth_high_snr,30025,30024,0.9999666944213156,PRESERVED
187021,ece40,cubic_spline,smooth_high_snr,30025,30024,0.9999666944213156,PRESERVED
187021,fs03da,pchip_no_smoothing,noisy,300251,300250,0.9999966694532242,PRESERVED
187021,fs04,cubic_spline_simple,slow_varying,300251,300250,0.9999966694532242,PRESERVED
187021,fs04da,cubic_spline_simple,slow_varying,300251,300250,0.9999966694532242,PRESERVED
187021,fs05da,pchip_careful,fast_transient,300251,300250,0.9999966694532242,PRESERVED
187021,gasa,decimate_with_antialiasing,smooth_high_snr,120100,3003,0.025004163197335554,DOWNSAMPLED
187021,gasb,decimate_with_antialiasing,fast_transient,120100,3003,0.025004163197335554,DOWNSAMPLED
187021,gasc,decimate_with_antialiasing,fast_transient,120100,3003,0.025004163197335554,DOWNSAMPLED
187021,gasd,decimate_with_antialiasing,noisy,120100,3003,0.025004163197335554,DOWNSAMPLED
187021,ip,cubic_spline,smooth_high_snr,12010,6005,0.5,DOWNSAMPLED
187021,kappa,cubic_spline,smooth_high_snr,294,295,1.0034013605442176,PRESERVED
187021,li,cubic_spline,smooth_high_snr,294,295,1.0034013605442176,PRESERVED
187021,pcbcoil,decimate_with_antialiasing,smooth_high_snr,120101,6006,0.050007910009075694,DOWNSAMPLED
187021,pcdiamag3,decimate_with_antialiasing,smooth_high_snr,120101,6006,0.050007910009075694,DOWNSAMPLED
187021,pinj,cubic_spline,smooth_high_snr,60051,60050,0.9999833474879686,PRESERVED
187021,pinj_15l,pchip_careful,fast_transient,60051,60050,0.9999833474879686,PRESERVED
187021,pinj_15r,pchip_careful,fast_transient,60051,60050,0.9999833474879686,PRESERVED
187021,pinj_21l,cubic_spline,smooth_high_snr,60051,60050,0.9999833474879686,PRESERVED
187021,pinj_21r,pchip_careful,fast_transient,60051,60050,0.9999833474879686,PRESERVED
187021,pinj_30l,pchip_careful,fast_transient,60051,60050,0.9999833474879686,PRESERVED
187021,pinj_30r,cubic_spline,smooth_high_snr,60051,60050,0.9999833474879686,PRESERVED
187021,pinj_33l,pchip_careful,fast_transient,60051,60050,0.9999833474879686,PRESERVED
187021,pinj_33r,cubic_spline,smooth_high_snr,60051,60050,0.9999833474879686,PRESERVED
187021,prmtan_neped,pchip_careful,fast_transient,712,568,0.797752808988764,DOWNSAMPLED
187021,prmtan_teped,cubic_spline_simple,slow_varying,694,569,0.8198847262247838,DOWNSAMPLED
187021,q95,cubic_spline,smooth_high_snr,294,295,1.0034013605442176,PRESERVED
187021,rmaxis,cubic_spline,smooth_high_snr,294,295,1.0034013605442176,PRESERVED
187021,rsurf,cubic_spline,smooth_high_snr,294,295,1.0034013605442176,PRESERVED
187021,tinj,cubic_spline,smooth_high_snr,60051,60050,0.9999833474879686,PRESERVED
187021,tribot,pchip_careful,fast_transient,294,295,1.0034013605442176,PRESERVED
187021,tritop,cubic_spline,smooth_high_snr,294,295,1.0034013605442176,PRESERVED
187021,volume,cubic_spline,smooth_high_snr,294,295,1.0034013605442176,PRESERVED
187021,vsurf,cubic_spline,smooth_high_snr,294,295,1.0034013605442176,PRESERVED
187021,zcur,pchip_no_smoothing,noisy,294,295,1.0034013605442176,PRESERVED
187021,zmaxis,cubic_spline_simple,slow_varying,294,295,1.0034013605442176,PRESERVED
187021,zsurf,cubic_spline_simple,slow_varying,294,295,1.0034013605442176,PRESERVED
187022,aminor,cubic_spline,smooth_high_snr,276,279,1.0108695652173914,UPSAMPLED
187022,area,cubic_spline,smooth_high_snr,276,279,1.0108695652173914,UPSAMPLED
187022,betan,cubic_spline,smooth_high_snr,276,279,1.0108695652173914,UPSAMPLED
187022,bt,cubic_spline,smooth_high_snr,11380,5690,0.5,DOWNSAMPLED
187022,cerqrott10,cubic_spline_simple,slow_varying,1039,519,0.49951876804619827,DOWNSAMPLED
187022,cerqrott11,cubic_spline_simple,slow_varying,1039,519,0.49951876804619827,DOWNSAMPLED
187022,cerqrott12,cubic_spline_simple,slow_varying,1037,519,0.5004821600771456,DOWNSAMPLED
187022,cerqrott13,cubic_spline_simple,slow_varying,1039,519,0.49951876804619827,DOWNSAMPLED
187022,cerqrott3,cubic_spline,smooth_high_snr,705,469,0.6652482269503546,DOWNSAMPLED
187022,cerqrott6,cubic_spline,smooth_high_snr,705,469,0.6652482269503546,DOWNSAMPLED
187022,cerqrott8,cubic_spline,smooth_high_snr,1039,519,0.49951876804619827,DOWNSAMPLED
187022,cerqtit10,cubic_spline,smooth_high_snr,1039,519,0.49951876804619827,DOWNSAMPLED
187022,cerqtit11,cubic_spline_simple,slow_varying,1039,519,0.49951876804619827,DOWNSAMPLED
187022,cerqtit12,cubic_spline_simple,slow_varying,1037,519,0.5004821600771456,DOWNSAMPLED
187022,cerqtit13,cubic_spline_simple,slow_varying,1039,519,0.49951876804619827,DOWNSAMPLED
187022,cerqtit3,cubic_spline,smooth_high_snr,705,469,0.6652482269503546,DOWNSAMPLED
187022,cerqtit6,cubic_spline,smooth_high_snr,705,469,0.6652482269503546,DOWNSAMPLED
187022,cerqtit8,cubic_spline,smooth_high_snr,1039,519,0.49951876804619827,DOWNSAMPLED
187022,density,cubic_spline,smooth_high_snr,5590,5589,0.9998211091234347,PRESERVED
187022,drsep,pchip_careful,fast_transient,276,279,1.0108695652173914,UPSAMPLED
187022,ece1,cubic_spline,smooth_high_snr,28451,28450,0.9999648518505501,PRESERVED
187022,ece2,cubic_spline,smooth_high_snr,28451,28450,0.9999648518505501,PRESERVED
187022,ece3,cubic_spline,smooth_high_snr,28451,28450,0.9999648518505501,PRESERVED
187022,ece4,cubic_spline,smooth_high_snr,28451,28450,0.9999648518505501,PRESERVED
187022,ece5,cubic_spline,smooth_high_snr,28451,28450,0.9999648518505501,PRESERVED
187022,ece6,cubic_spline,smooth_high_snr,28451,28450,0.9999648518505501,PRESERVED
187022,ece7,cubic_spline,smooth_high_snr,28451,28450,0.9999648518505501,PRESERVED
187022,ece8,cubic_spline,smooth_high_snr,28451,28450,0.9999648518505501,PRESERVED
187022,ece9,cubic_spline,smooth_high_snr,28451,28450,0.9999648518505501,PRESERVED
187022,ece10,cubic_spline,smooth_high_snr,28451,28450,0.9999648518505501,PRESERVED
187022,ece11,cubic_spline,smooth_high_snr,28451,28450,0.9999648518505501,PRESERVED
187022,ece12,cubic_spline,smooth_high_snr,28451,28450,0.9999648518505501,PRESERVED
187022,ece13,cubic_spline,smooth_high_snr,28451,28450,0.9999648518505501,PRESERVED
187022,ece14,cubic_spline,smooth_high_snr,28451,28450,0.9999648518505501,PRESERVED
187022,ece15,cubic_spline,smooth_high_snr,28451,28450,0.9999648518505501,PRESERVED
187022,ece16,cubic_spline,smooth_high_snr,28451,28450,0.9999648518505501,PRESERVED
187022,ece17,cubic_spline,smooth_high_snr,28451,28450,0.9999648518505501,PRESERVED
187022,ece18,cubic_spline,smooth_high_snr,28451,28450,0.9999648518505501,PRESERVED
187022,ece19,cubic_spline,smooth_high_snr,28451,28450,0.9999648518505501,PRESERVED
187022,ece20,cubic_spline,smooth_high_snr,28451,28450,0.9999648518505501,PRESERVED
187022,ece21,cubic_spline,smooth_high_snr,28451,28450,0.9999648518505501,PRESERVED
187022,ece22,cubic_spline,smooth_high_snr,28451,28450,0.9999648518505501,PRESERVED
187022,ece23,cubic_spline,smooth_high_snr,28451,28450,0.9999648518505501,PRESERVED
187022,ece24,cubic_spline,smooth_high_snr,28451,28450,0.9999648518505501,PRESERVED
187022,ece25,cubic_spline,smooth_high_snr,28451,28450,0.9999648518505501,PRESERVED
187022,ece26,cubic_spline,smooth_high_snr,28451,28450,0.9999648518505501,PRESERVED
187022,ece27,cubic_spline,smooth_high_snr,28451,28450,0.9999648518505501,PRESERVED
187022,ece28,cubic_spline,smooth_high_snr,28451,28450,0.9999648518505501,PRESERVED
187022,ece29,cubic_spline,smooth_high_snr,28451,28450,0.9999648518505501,PRESERVED
187022,ece30,cubic_spline,smooth_high_snr,28451,28450,0.9999648518505501,PRESERVED
187022,ece31,cubic_spline,smooth_high_snr,28451,28450,0.9999648518505501,PRESERVED
187022,ece32,cubic_spline,smooth_high_snr,28451,28450,0.9999648518505501,PRESERVED
187022,ece33,cubic_spline,smooth_high_snr,28451,28450,0.9999648518505501,PRESERVED
187022,ece34,cubic_spline,smooth_high_snr,28451,28450,0.9999648518505501,PRESERVED
187022,ece35,cubic_spline,smooth_high_snr,28451,28450,0.9999648518505501,PRESERVED
187022,ece36,cubic_spline,smooth_high_snr,28451,28450,0.9999648518505501,PRESERVED
187022,ece37,cubic_spline,smooth_high_snr,28451,28450,0.9999648518505501,PRESERVED
187022,ece38,cubic_spline,smooth_high_snr,28451,28450,0.9999648518505501,PRESERVED
187022,ece39,cubic_spline,smooth_high_snr,28451,28450,0.9999648518505501,PRESERVED
187022,ece40,cubic_spline,smooth_high_snr,28451,28450,0.9999648518505501,PRESERVED
187022,fs03da,pchip_no_smoothing,noisy,284501,284500,0.9999964850738662,PRESERVED
187022,fs04,cubic_spline_simple,slow_varying,284501,284500,0.9999964850738662,PRESERVED
187022,fs04da,cubic_spline_simple,slow_varying,284501,284500,0.9999964850738662,PRESERVED
187022,fs05da,pchip_careful,fast_transient,284501,284500,0.9999964850738662,PRESERVED
187022,gasa,decimate_with_antialiasing,smooth_high_snr,113801,2846,0.02500856758727955,DOWNSAMPLED
187022,gasb,decimate_with_antialiasing,fast_transient,113801,2846,0.02500856758727955,DOWNSAMPLED
187022,gasc,decimate_with_antialiasing,fast_transient,113801,2846,0.02500856758727955,DOWNSAMPLED
187022,gasd,decimate_with_antialiasing,noisy,113801,2846,0.02500856758727955,DOWNSAMPLED
187022,ip,cubic_spline,smooth_high_snr,11380,5690,0.5,DOWNSAMPLED
187022,kappa,cubic_spline,smooth_high_snr,276,279,1.0108695652173914,UPSAMPLED
187022,li,cubic_spline,smooth_high_snr,276,279,1.0108695652173914,UPSAMPLED
187022,pcbcoil,decimate_with_antialiasing,smooth_high_snr,113801,5691,0.05000834790555443,DOWNSAMPLED
187022,pcdiamag3,decimate_with_antialiasing,smooth_high_snr,113801,5691,0.05000834790555443,DOWNSAMPLED
187022,pinj,cubic_spline,smooth_high_snr,56901,56900,0.9999824256164215,PRESERVED
187022,pinj_15l,pchip_careful,fast_transient,56901,56900,0.9999824256164215,PRESERVED
187022,pinj_15r,pchip_careful,fast_transient,56901,56900,0.9999824256164215,PRESERVED
187022,pinj_21l,cubic_spline,smooth_high_snr,56901,56900,0.9999824256164215,PRESERVED
187022,pinj_21r,pchip_careful,fast_transient,56901,56900,0.9999824256164215,PRESERVED
187022,pinj_30l,pchip_careful,fast_transient,56901,56900,0.9999824256164215,PRESERVED
187022,pinj_30r,cubic_spline,smooth_high_snr,56901,56900,0.9999824256164215,PRESERVED
187022,pinj_33l,pchip_careful,fast_transient,56901,56900,0.9999824256164215,PRESERVED
187022,pinj_33r,cubic_spline,smooth_high_snr,56901,56900,0.9999824256164215,PRESERVED
187022,prmtan_neped,pchip_careful,fast_transient,672,538,0.8005952380952381,DOWNSAMPLED
187022,prmtan_teped,cubic_spline_simple,slow_varying,655,538,0.8213740458015267,DOWNSAMPLED
187022,q95,cubic_spline,smooth_high_snr,276,279,1.0108695652173914,UPSAMPLED
187022,rmaxis,cubic_spline,smooth_high_snr,276,279,1.0108695652173914,UPSAMPLED
187022,rsurf,cubic_spline,smooth_high_snr,276,279,1.0108695652173914,UPSAMPLED
187022,tinj,cubic_spline,smooth_high_snr,56901,56900,0.9999824256164215,PRESERVED
187022,tribot,pchip_careful,fast_transient,276,279,1.0108695652173914,UPSAMPLED
187022,tritop,cubic_spline,smooth_high_snr,276,279,1.0108695652173914,UPSAMPLED
187022,volume,cubic_spline,smooth_high_snr,276,279,1.0108695652173914,UPSAMPLED
187022,vsurf,cubic_spline,smooth_high_snr,276,279,1.0108695652173914,UPSAMPLED
187022,zcur,pchip_no_smoothing,noisy,276,279,1.0108695652173914,UPSAMPLED
187022,zmaxis,cubic_spline_simple,slow_varying,276,279,1.0108695652173914,UPSAMPLED
187022,zsurf,cubic_spline_simple,slow_varying,276,279,1.0108695652173914,UPSAMPLED
187024,aminor,cubic_spline,smooth_high_snr,300,302,1.0066666666666666,PRESERVED
187024,area,cubic_spline,smooth_high_snr,300,302,1.0066666666666666,PRESERVED
187024,betan,cubic_spline,smooth_high_snr,300,302,1.0066666666666666,PRESERVED
187024,bt,decimate_with_antialiasing,smooth_high_snr,12299,6150,0.5000406537116838,DOWNSAMPLED
187024,cerqrott10,cubic_spline_simple,slow_varying,1124,564,0.501779359430605,DOWNSAMPLED
187024,cerqrott11,cubic_spline_simple,slow_varying,1124,564,0.501779359430605,DOWNSAMPLED
187024,cerqrott12,cubic_spline_simple,slow_varying,1124,564,0.501779359430605,DOWNSAMPLED
187024,cerqrott13,cubic_spline_simple,slow_varying,1124,564,0.501779359430605,DOWNSAMPLED
187024,cerqrott3,cubic_spline,smooth_high_snr,766,515,0.6723237597911227,DOWNSAMPLED
187024,cerqrott6,cubic_spline,smooth_high_snr,766,515,0.6723237597911227,DOWNSAMPLED
187024,cerqrott8,cubic_spline,smooth_high_snr,1124,564,0.501779359430605,DOWNSAMPLED
187024,cerqtit10,cubic_spline,smooth_high_snr,1124,564,0.501779359430605,DOWNSAMPLED
187024,cerqtit11,cubic_spline_simple,slow_varying,1124,564,0.501779359430605,DOWNSAMPLED
187024,cerqtit12,cubic_spline_simple,slow_varying,1124,564,0.501779359430605,DOWNSAMPLED
187024,cerqtit13,cubic_spline_simple,slow_varying,1124,564,0.501779359430605,DOWNSAMPLED
187024,cerqtit3,cubic_spline,smooth_high_snr,766,515,0.6723237597911227,DOWNSAMPLED
187024,cerqtit6,cubic_spline,smooth_high_snr,766,515,0.6723237597911227,DOWNSAMPLED
187024,cerqtit8,cubic_spline,smooth_high_snr,1124,564,0.501779359430605,DOWNSAMPLED
187024,density,cubic_spline,smooth_high_snr,6050,6049,0.9998347107438017,PRESERVED
187024,drsep,pchip_careful,fast_transient,300,302,1.0066666666666666,PRESERVED
187024,ece1,cubic_spline,smooth_high_snr,30747,30747,1.0,PRESERVED
187024,ece2,cubic_spline,smooth_high_snr,30747,30747,1.0,PRESERVED
187024,ece3,cubic_spline,smooth_high_snr,30747,30747,1.0,PRESERVED
187024,ece4,cubic_spline,smooth_high_snr,30747,30747,1.0,PRESERVED
187024,ece5,cubic_spline,smooth_high_snr,30747,30747,1.0,PRESERVED
187024,ece6,cubic_spline,smooth_high_snr,30747,30747,1.0,PRESERVED
187024,ece7,cubic_spline,smooth_high_snr,30747,30747,1.0,PRESERVED
187024,ece8,cubic_spline,smooth_high_snr,30747,30747,1.0,PRESERVED
187024,ece9,cubic_spline,smooth_high_snr,30747,30747,1.0,PRESERVED
187024,ece10,cubic_spline,smooth_high_snr,30747,30747,1.0,PRESERVED
187024,ece11,cubic_spline,smooth_high_snr,30747,30747,1.0,PRESERVED
187024,ece12,cubic_spline,smooth_high_snr,30747,30747,1.0,PRESERVED
187024,ece13,cubic_spline,smooth_high_snr,30747,30747,1.0,PRESERVED
187024,ece14,cubic_spline,smooth_high_snr,30747,30747,1.0,PRESERVED
187024,ece15,cubic_spline,smooth_high_snr,30747,30747,1.0,PRESERVED
187024,ece16,cubic_spline,smooth_high_snr,30747,30747,1.0,PRESERVED
187024,ece17,cubic_spline,smooth_high_snr,30747,30747,1.0,PRESERVED
187024,ece18,cubic_spline,smooth_high_snr,30747,30747,1.0,PRESERVED
187024,ece19,cubic_spline,smooth_high_snr,30747,30747,1.0,PRESERVED
187024,ece20,cubic_spline,smooth_high_snr,30747,30747,1.0,PRESERVED
187024,ece21,cubic_spline,smooth_high_snr,30747,30747,1.0,PRESERVED
187024,ece22,cubic_spline,smooth_high_snr,30747,30747,1.0,PRESERVED
187024,ece23,cubic_spline,smooth_high_snr,30747,30747,1.0,PRESERVED
187024,ece24,cubic_spline,smooth_high_snr,30747,30747,1.0,PRESERVED
187024,ece25,cubic_spline,smooth_high_snr,30747,30747,1.0,PRESERVED
187024,ece26,cubic_spline,smooth_high_snr,30747,30747,1.0,PRESERVED
187024,ece27,cubic_spline,smooth_high_snr,30747,30747,1.0,PRESERVED
187024,ece28,cubic_spline,smooth_high_snr,30747,30747,1.0,PRESERVED
187024,ece29,cubic_spline,smooth_high_snr,30747,30747,1.0,PRESERVED
187024,ece30,cubic_spline,smooth_high_snr,30747,30747,1.0,PRESERVED
187024,ece31,cubic_spline,smooth_high_snr,30747,30747,1.0,PRESERVED
187024,ece32,cubic_spline,smooth_high_snr,30747,30747,1.0,PRESERVED
187024,ece33,cubic_spline,smooth_high_snr,30747,30747,1.0,PRESERVED
187024,ece34,cubic_spline,smooth_high_snr,30747,30747,1.0,PRESERVED
187024,ece35,cubic_spline,smooth_high_snr,30747,30747,1.0,PRESERVED
187024,ece36,cubic_spline,smooth_high_snr,30747,30747,1.0,PRESERVED
187024,ece37,cubic_spline,smooth_high_snr,30747,30747,1.0,PRESERVED
187024,ece38,cubic_spline,smooth_high_snr,30747,30747,1.0,PRESERVED
187024,ece39,cubic_spline,smooth_high_snr,30747,30747,1.0,PRESERVED
187024,ece40,cubic_spline,smooth_high_snr,30747,30747,1.0,PRESERVED
187024,fs03da,pchip_no_smoothing,noisy,307470,307469,0.9999967476501772,PRESERVED
187024,fs04,cubic_spline_simple,slow_varying,307470,307469,0.9999967476501772,PRESERVED
187024,fs04da,cubic_spline_simple,slow_varying,307470,307469,0.9999967476501772,PRESERVED
187024,fs05da,pchip_careful,fast_transient,307470,307469,0.9999967476501772,PRESERVED
187024,gasa,decimate_with_antialiasing,smooth_high_snr,122988,3075,0.02500243926236706,DOWNSAMPLED
187024,gasb,decimate_with_antialiasing,fast_transient,122988,3075,0.02500243926236706,DOWNSAMPLED
187024,gasc,decimate_with_antialiasing,fast_transient,122988,3075,0.02500243926236706,DOWNSAMPLED
187024,gasd,decimate_with_antialiasing,noisy,122988,3075,0.02500243926236706,DOWNSAMPLED
187024,ip,cubic_spline,smooth_high_snr,12299,6149,0.4999593462883161,DOWNSAMPLED
187024,kappa,cubic_spline,smooth_high_snr,300,302,1.0066666666666666,PRESERVED
187024,li,cubic_spline,smooth_high_snr,300,302,1.0066666666666666,PRESERVED
187024,pcbcoil,decimate_with_antialiasing,smooth_high_snr,122988,6150,0.05000487852473412,DOWNSAMPLED
187024,pcdiamag3,decimate_with_antialiasing,smooth_high_snr,122988,6150,0.05000487852473412,DOWNSAMPLED
187024,pinj,cubic_spline,smooth_high_snr,61494,61494,1.0,PRESERVED
187024,pinj_15l,pchip_careful,fast_transient,61494,61494,1.0,PRESERVED
187024,pinj_15r,pchip_careful,fast_transient,61494,61494,1.0,PRESERVED
187024,pinj_21l,cubic_spline,smooth_high_snr,61494,61494,1.0,PRESERVED
187024,pinj_21r,pchip_careful,fast_transient,61494,61494,1.0,PRESERVED
187024,pinj_30l,pchip_careful,fast_transient,61494,61494,1.0,PRESERVED
187024,pinj_30r,cubic_spline,smooth_high_snr,61494,61494,1.0,PRESERVED
187024,pinj_33l,pchip_careful,fast_transient,61494,61494,1.0,PRESERVED
187024,pinj_33r,cubic_spline,smooth_high_snr,61494,61494,1.0,PRESERVED
187024,prmtan_neped,pchip_careful,fast_transient,739,583,0.7889039242219216,DOWNSAMPLED
187024,prmtan_teped,cubic_spline_simple,slow_varying,732,583,0.796448087431694,DOWNSAMPLED
187024,q95,cubic_spline,smooth_high_snr,300,302,1.0066666666666666,PRESERVED
187024,rmaxis,cubic_spline,smooth_high_snr,300,302,1.0066666666666666,PRESERVED
187024,rsurf,cubic_spline,smooth_high_snr,300,302,1.0066666666666666,PRESERVED
187024,tinj,cubic_spline,smooth_high_snr,61494,61494,1.0,PRESERVED
187024,tribot,pchip_careful,fast_transient,300,302,1.0066666666666666,PRESERVED
187024,tritop,cubic_spline,smooth_high_snr,300,302,1.0066666666666666,PRESERVED
187024,volume,cubic_spline,smooth_high_snr,300,302,1.0066666666666666,PRESERVED
187024,vsurf,cubic_spline,smooth_high_snr,300,302,1.0066666666666666,PRESERVED
187024,zcur,pchip_no_smoothing,noisy,300,302,1.0066666666666666,PRESERVED
187024,zmaxis,cubic_spline_simple,slow_varying,300,302,1.0066666666666666,PRESERVED
187024,zsurf,cubic_spline_simple,slow_varying,300,302,1.0066666666666666,PRESERVED
189646,aminor,cubic_spline,smooth_high_snr,248,249,1.0040322580645162,PRESERVED
189646,area,cubic_spline,smooth_high_snr,248,249,1.0040322580645162,PRESERVED
189646,betan,cubic_spline,smooth_high_snr,248,249,1.0040322580645162,PRESERVED
189646,bt,decimate_with_antialiasing,smooth_high_snr,101700,5085,0.05,DOWNSAMPLED
189646,cerqrott10,cubic_spline_simple,slow_varying,590,437,0.7406779661016949,DOWNSAMPLED
189646,cerqrott11,cubic_spline_simple,slow_varying,590,437,0.7406779661016949,DOWNSAMPLED
189646,cerqrott12,cubic_spline_simple,slow_varying,590,437,0.7406779661016949,DOWNSAMPLED
189646,cerqrott13,cubic_spline_simple,slow_varying,590,437,0.7406779661016949,DOWNSAMPLED
189646,cerqrott3,cubic_spline,smooth_high_snr,673,439,0.6523031203566122,DOWNSAMPLED
189646,cerqrott6,cubic_spline,smooth_high_snr,673,439,0.6523031203566122,DOWNSAMPLED
189646,cerqrott8,cubic_spline,smooth_high_snr,590,437,0.7406779661016949,DOWNSAMPLED
189646,cerqtit10,cubic_spline,smooth_high_snr,590,437,0.7406779661016949,DOWNSAMPLED
189646,cerqtit11,cubic_spline_simple,slow_varying,590,437,0.7406779661016949,DOWNSAMPLED
189646,cerqtit12,cubic_spline_simple,slow_varying,590,437,0.7406779661016949,DOWNSAMPLED
189646,cerqtit13,cubic_spline_simple,slow_varying,590,437,0.7406779661016949,DOWNSAMPLED
189646,cerqtit3,cubic_spline,smooth_high_snr,673,439,0.6523031203566122,DOWNSAMPLED
189646,cerqtit6,cubic_spline,smooth_high_snr,673,439,0.6523031203566122,DOWNSAMPLED
189646,cerqtit8,cubic_spline,smooth_high_snr,590,437,0.7406779661016949,DOWNSAMPLED
189646,density,cubic_spline,smooth_high_snr,4985,4984,0.9997993981945837,PRESERVED
189646,drsep,pchip_careful,fast_transient,248,249,1.0040322580645162,PRESERVED
189646,ece1,cubic_spline,smooth_high_snr,25425,25424,0.999960668633235,PRESERVED
189646,ece2,cubic_spline,smooth_high_snr,25425,25424,0.999960668633235,PRESERVED
189646,ece3,cubic_spline,smooth_high_snr,25425,25424,0.999960668633235,PRESERVED
189646,ece4,cubic_spline,smooth_high_snr,25425,25424,0.999960668633235,PRESERVED
189646,ece5,cubic_spline,smooth_high_snr,25425,25424,0.999960668633235,PRESERVED
189646,ece6,cubic_spline,smooth_high_snr,25425,25424,0.999960668633235,PRESERVED
189646,ece7,cubic_spline,smooth_high_snr,25425,25424,0.999960668633235,PRESERVED
189646,ece8,cubic_spline,smooth_high_snr,25425,25424,0.999960668633235,PRESERVED
189646,ece9,cubic_spline,smooth_high_snr,25425,25424,0.999960668633235,PRESERVED
189646,ece10,cubic_spline,smooth_high_snr,25425,25424,0.999960668633235,PRESERVED
189646,ece11,cubic_spline,smooth_high_snr,25425,25424,0.999960668633235,PRESERVED
189646,ece12,cubic_spline,smooth_high_snr,25425,25424,0.999960668633235,PRESERVED
189646,ece13,cubic_spline,smooth_high_snr,25425,25424,0.999960668633235,PRESERVED
189646,ece14,cubic_spline,smooth_high_snr,25425,25424,0.999960668633235,PRESERVED
189646,ece15,cubic_spline,smooth_high_snr,25425,25424,0.999960668633235,PRESERVED
189646,ece16,cubic_spline,smooth_high_snr,25425,25424,0.999960668633235,PRESERVED
189646,ece17,cubic_spline,smooth_high_snr,25425,25424,0.999960668633235,PRESERVED
189646,ece18,cubic_spline,smooth_high_snr,25425,25424,0.999960668633235,PRESERVED
189646,ece19,cubic_spline,smooth_high_snr,25425,25424,0.999960668633235,PRESERVED
189646,ece20,cubic_spline,smooth_high_snr,25425,25424,0.999960668633235,PRESERVED
189646,ece21,cubic_spline,smooth_high_snr,25425,25424,0.999960668633235,PRESERVED
189646,ece22,cubic_spline,smooth_high_snr,25425,25424,0.999960668633235,PRESERVED
189646,ece23,cubic_spline,smooth_high_snr,25425,25424,0.999960668633235,PRESERVED
189646,ece24,cubic_spline,smooth_high_snr,25425,25424,0.999960668633235,PRESERVED
189646,ece25,cubic_spline,smooth_high_snr,25425,25424,0.999960668633235,PRESERVED
189646,ece26,cubic_spline,smooth_high_snr,25425,25424,0.999960668633235,PRESERVED
189646,ece27,cubic_spline,smooth_high_snr,25425,25424,0.999960668633235,PRESERVED
189646,ece28,cubic_spline,smooth_high_snr,25425,25424,0.999960668633235,PRESERVED
189646,ece29,cubic_spline,smooth_high_snr,25425,25424,0.999960668633235,PRESERVED
189646,ece30,cubic_spline,smooth_high_snr,25425,25424,0.999960668633235,PRESERVED
189646,ece31,cubic_spline,smooth_high_snr,25425,25424,0.999960668633235,PRESERVED
189646,ece32,cubic_spline,smooth_high_snr,25425,25424,0.999960668633235,PRESERVED
189646,ece33,cubic_spline,smooth_high_snr,25425,25424,0.999960668633235,PRESERVED
189646,ece34,cubic_spline,smooth_high_snr,25425,25424,0.999960668633235,PRESERVED
189646,ece35,cubic_spline,smooth_high_snr,25425,25424,0.999960668633235,PRESERVED
189646,ece36,cubic_spline,smooth_high_snr,25425,25424,0.999960668633235,PRESERVED
189646,ece37,cubic_spline,smooth_high_snr,25425,25424,0.999960668633235,PRESERVED
189646,ece38,cubic_spline,smooth_high_snr,25425,25424,0.999960668633235,PRESERVED
189646,ece39,cubic_spline,smooth_high_snr,25425,25424,0.999960668633235,PRESERVED
189646,ece40,cubic_spline,smooth_high_snr,25425,25424,0.999960668633235,PRESERVED
189646,fs03da,pchip_no_smoothing,noisy,254251,254250,0.999996066878793,PRESERVED
189646,fs04,cubic_spline_simple,slow_varying,254251,254250,0.999996066878793,PRESERVED
189646,fs04da,cubic_spline_simple,slow_varying,254251,254250,0.999996066878793,PRESERVED
189646,fs05da,pchip_careful,fast_transient,254251,254250,0.999996066878793,PRESERVED
189646,gasa,decimate_with_antialiasing,smooth_high_snr,101700,2608,0.025644051130776793,DOWNSAMPLED
189646,gasb,decimate_with_antialiasing,fast_transient,101700,2608,0.025644051130776793,DOWNSAMPLED
189646,gasc,decimate_with_antialiasing,fast_transient,101700,2608,0.025644051130776793,DOWNSAMPLED
189646,gasd,decimate_with_antialiasing,noisy,101700,2608,0.025644051130776793,DOWNSAMPLED
189646,ip,decimate_with_antialiasing,smooth_high_snr,101700,5085,0.05,DOWNSAMPLED
189646,kappa,cubic_spline,smooth_high_snr,248,249,1.0040322580645162,PRESERVED
189646,li,cubic_spline,smooth_high_snr,248,249,1.0040322580645162,PRESERVED
189646,pcbcoil,decimate_with_antialiasing,smooth_high_snr,101701,5086,0.05000934110775705,DOWNSAMPLED
189646,pcdiamag3,decimate_with_antialiasing,smooth_high_snr,101701,5086,0.05000934110775705,DOWNSAMPLED
189646,pinj,cubic_spline,smooth_high_snr,50851,50850,0.999980334703349,PRESERVED
189646,pinj_15l,pchip_careful,fast_transient,50851,50850,0.999980334703349,PRESERVED
189646,pinj_15r,pchip_careful,fast_transient,50851,50850,0.999980334703349,PRESERVED
189646,pinj_21l,cubic_spline,smooth_high_snr,50851,50850,0.999980334703349,PRESERVED
189646,pinj_21r,pchip_careful,fast_transient,50851,50850,0.999980334703349,PRESERVED
189646,pinj_30l,pchip_careful,fast_transient,50851,50850,0.999980334703349,PRESERVED
189646,pinj_30r,cubic_spline,smooth_high_snr,50851,50850,0.999980334703349,PRESERVED
189646,pinj_33l,pchip_careful,fast_transient,50851,50850,0.999980334703349,PRESERVED
189646,pinj_33r,cubic_spline,smooth_high_snr,50851,50850,0.999980334703349,PRESERVED
189646,prmtan_neped,pchip_careful,fast_transient,927,477,0.5145631067961165,DOWNSAMPLED
189646,prmtan_teped,cubic_spline_simple,slow_varying,853,477,0.5592028135990621,DOWNSAMPLED
189646,q95,cubic_spline,smooth_high_snr,248,249,1.0040322580645162,PRESERVED
189646,rmaxis,cubic_spline,smooth_high_snr,248,249,1.0040322580645162,PRESERVED
189646,rsurf,cubic_spline,smooth_high_snr,248,249,1.0040322580645162,PRESERVED
189646,tinj,cubic_spline,smooth_high_snr,50851,50850,0.999980334703349,PRESERVED
189646,tribot,pchip_careful,fast_transient,248,249,1.0040322580645162,PRESERVED
189646,tritop,cubic_spline,smooth_high_snr,248,249,1.0040322580645162,PRESERVED
189646,volume,cubic_spline,smooth_high_snr,248,249,1.0040322580645162,PRESERVED
189646,vsurf,cubic_spline,smooth_high_snr,248,249,1.0040322580645162,PRESERVED
189646,zcur,pchip_no_smoothing,noisy,248,249,1.0040322580645162,PRESERVED
189646,zmaxis,cubic_spline_simple,slow_varying,248,249,1.0040322580645162,PRESERVED
189646,zsurf,cubic_spline_simple,slow_varying,248,249,1.0040322580645162,PRESERVED
189647,aminor,cubic_spline,smooth_high_snr,247,248,1.0040485829959513,PRESERVED
189647,area,cubic_spline,smooth_high_snr,247,248,1.0040485829959513,PRESERVED
189647,betan,cubic_spline,smooth_high_snr,247,248,1.0040485829959513,PRESERVED
189647,bt,decimate_with_antialiasing,smooth_high_snr,101700,5085,0.05,DOWNSAMPLED
189647,cerqrott10,cubic_spline_simple,slow_varying,586,437,0.7457337883959044,DOWNSAMPLED
189647,cerqrott11,cubic_spline_simple,slow_varying,586,437,0.7457337883959044,DOWNSAMPLED
189647,cerqrott12,cubic_spline_simple,slow_varying,586,437,0.7457337883959044,DOWNSAMPLED
189647,cerqrott13,cubic_spline_simple,slow_varying,586,437,0.7457337883959044,DOWNSAMPLED
189647,cerqrott3,cubic_spline,smooth_high_snr,661,439,0.6641452344931922,DOWNSAMPLED
189647,cerqrott6,cubic_spline,smooth_high_snr,661,439,0.6641452344931922,DOWNSAMPLED
189647,cerqrott8,cubic_spline,smooth_high_snr,586,437,0.7457337883959044,DOWNSAMPLED
189647,cerqtit10,cubic_spline,smooth_high_snr,586,437,0.7457337883959044,DOWNSAMPLED
189647,cerqtit11,cubic_spline_simple,slow_varying,586,437,0.7457337883959044,DOWNSAMPLED
189647,cerqtit12,cubic_spline_simple,slow_varying,586,437,0.7457337883959044,DOWNSAMPLED
189647,cerqtit13,cubic_spline_simple,slow_varying,586,437,0.7457337883959044,DOWNSAMPLED
189647,cerqtit3,cubic_spline,smooth_high_snr,661,439,0.6641452344931922,DOWNSAMPLED
189647,cerqtit6,cubic_spline,smooth_high_snr,661,439,0.6641452344931922,DOWNSAMPLED
189647,cerqtit8,cubic_spline,smooth_high_snr,586,437,0.7457337883959044,DOWNSAMPLED
189647,density,cubic_spline,smooth_high_snr,4965,4964,0.9997985901309164,PRESERVED
189647,drsep,pchip_careful,fast_transient,247,248,1.0040485829959513,PRESERVED
189647,ece1,cubic_spline,smooth_high_snr,25425,25424,0.999960668633235,PRESERVED
189647,ece2,cubic_spline,smooth_high_snr,25425,25424,0.999960668633235,PRESERVED
189647,ece3,cubic_spline,smooth_high_snr,25425,25424,0.999960668633235,PRESERVED
189647,ece4,cubic_spline,smooth_high_snr,25425,25424,0.999960668633235,PRESERVED
189647,ece5,cubic_spline,smooth_high_snr,25425,25424,0.999960668633235,PRESERVED
189647,ece6,cubic_spline,smooth_high_snr,25425,25424,0.999960668633235,PRESERVED
189647,ece7,cubic_spline,smooth_high_snr,25425,25424,0.999960668633235,PRESERVED
189647,ece8,cubic_spline,smooth_high_snr,25425,25424,0.999960668633235,PRESERVED
189647,ece9,cubic_spline,smooth_high_snr,25425,25424,0.999960668633235,PRESERVED
189647,ece10,cubic_spline,smooth_high_snr,25425,25424,0.999960668633235,PRESERVED
189647,ece11,cubic_spline,smooth_high_snr,25425,25424,0.999960668633235,PRESERVED
189647,ece12,cubic_spline,smooth_high_snr,25425,25424,0.999960668633235,PRESERVED
189647,ece13,cubic_spline,smooth_high_snr,25425,25424,0.999960668633235,PRESERVED
189647,ece14,cubic_spline,smooth_high_snr,25425,25424,0.999960668633235,PRESERVED
189647,ece15,cubic_spline,smooth_high_snr,25425,25424,0.999960668633235,PRESERVED
189647,ece16,cubic_spline,smooth_high_snr,25425,25424,0.999960668633235,PRESERVED
189647,ece17,cubic_spline,smooth_high_snr,25425,25424,0.999960668633235,PRESERVED
189647,ece18,cubic_spline,smooth_high_snr,25425,25424,0.999960668633235,PRESERVED
189647,ece19,cubic_spline,smooth_high_snr,25425,25424,0.999960668633235,PRESERVED
189647,ece20,cubic_spline,smooth_high_snr,25425,25424,0.999960668633235,PRESERVED
189647,ece21,cubic_spline,smooth_high_snr,25425,25424,0.999960668633235,PRESERVED
189647,ece22,cubic_spline,smooth_high_snr,25425,25424,0.999960668633235,PRESERVED
189647,ece23,cubic_spline,smooth_high_snr,25425,25424,0.999960668633235,PRESERVED
189647,ece24,cubic_spline,smooth_high_snr,25425,25424,0.999960668633235,PRESERVED
189647,ece25,cubic_spline,smooth_high_snr,25425,25424,0.999960668633235,PRESERVED
189647,ece26,cubic_spline,smooth_high_snr,25425,25424,0.999960668633235,PRESERVED
189647,ece27,cubic_spline,smooth_high_snr,25425,25424,0.999960668633235,PRESERVED
189647,ece28,cubic_spline,smooth_high_snr,25425,25424,0.999960668633235,PRESERVED
189647,ece29,cubic_spline,smooth_high_snr,25425,25424,0.999960668633235,PRESERVED
189647,ece30,cubic_spline,smooth_high_snr,25425,25424,0.999960668633235,PRESERVED
189647,ece31,cubic_spline,smooth_high_snr,25425,25424,0.999960668633235,PRESERVED
189647,ece32,cubic_spline,smooth_high_snr,25425,25424,0.999960668633235,PRESERVED
189647,ece33,cubic_spline,smooth_high_snr,25425,25424,0.999960668633235,PRESERVED
189647,ece34,cubic_spline,smooth_high_snr,25425,25424,0.999960668633235,PRESERVED
189647,ece35,cubic_spline,smooth_high_snr,25425,25424,0.999960668633235,PRESERVED
189647,ece36,cubic_spline,smooth_high_snr,25425,25424,0.999960668633235,PRESERVED
189647,ece37,cubic_spline,smooth_high_snr,25425,25424,0.999960668633235,PRESERVED
189647,ece38,cubic_spline,smooth_high_snr,25425,25424,0.999960668633235,PRESERVED
189647,ece39,cubic_spline,smooth_high_snr,25425,25424,0.999960668633235,PRESERVED
189647,ece40,cubic_spline,smooth_high_snr,25425,25424,0.999960668633235,PRESERVED
189647,fs03da,pchip_no_smoothing,noisy,254251,254250,0.999996066878793,PRESERVED
189647,fs04,cubic_spline_simple,slow_varying,254251,254250,0.999996066878793,PRESERVED
189647,fs04da,cubic_spline_simple,slow_varying,254251,254250,0.999996066878793,PRESERVED
189647,fs05da,pchip_careful,fast_transient,254251,254250,0.999996066878793,PRESERVED
189647,gasa,decimate_with_antialiasing,smooth_high_snr,101700,2608,0.025644051130776793,DOWNSAMPLED
189647,gasb,decimate_with_antialiasing,fast_transient,101700,2608,0.025644051130776793,DOWNSAMPLED
189647,gasc,decimate_with_antialiasing,fast_transient,101700,2608,0.025644051130776793,DOWNSAMPLED
189647,gasd,decimate_with_antialiasing,noisy,101700,2608,0.025644051130776793,DOWNSAMPLED
189647,ip,decimate_with_antialiasing,smooth_high_snr,101700,5085,0.05,DOWNSAMPLED
189647,kappa,cubic_spline,smooth_high_snr,247,248,1.0040485829959513,PRESERVED
189647,li,cubic_spline,smooth_high_snr,247,248,1.0040485829959513,PRESERVED
189647,pcbcoil,decimate_with_antialiasing,smooth_high_snr,101701,5086,0.05000934110775705,DOWNSAMPLED
189647,pcdiamag3,decimate_with_antialiasing,smooth_high_snr,101701,5086,0.05000934110775705,DOWNSAMPLED
189647,pinj,cubic_spline,smooth_high_snr,50851,50850,0.999980334703349,PRESERVED
189647,pinj_15l,pchip_careful,fast_transient,50851,50850,0.999980334703349,PRESERVED
189647,pinj_15r,pchip_careful,fast_transient,50851,50850,0.999980334703349,PRESERVED
189647,pinj_21l,cubic_spline,smooth_high_snr,50851,50850,0.999980334703349,PRESERVED
189647,pinj_21r,pchip_careful,fast_transient,50851,50850,0.999980334703349,PRESERVED
189647,pinj_30l,pchip_careful,fast_transient,50851,50850,0.999980334703349,PRESERVED
189647,pinj_30r,cubic_spline,smooth_high_snr,50851,50850,0.999980334703349,PRESERVED
189647,pinj_33l,pchip_careful,fast_transient,50851,50850,0.999980334703349,PRESERVED
189647,pinj_33r,cubic_spline,smooth_high_snr,50851,50850,0.999980334703349,PRESERVED
189647,prmtan_neped,pchip_careful,fast_transient,954,479,0.5020964360587002,DOWNSAMPLED
189647,prmtan_teped,cubic_spline_simple,slow_varying,881,477,0.5414301929625426,DOWNSAMPLED
189647,q95,cubic_spline,smooth_high_snr,247,248,1.0040485829959513,PRESERVED
189647,rmaxis,cubic_spline,smooth_high_snr,247,248,1.0040485829959513,PRESERVED
189647,rsurf,cubic_spline,smooth_high_snr,247,248,1.0040485829959513,PRESERVED
189647,tinj,cubic_spline,smooth_high_snr,50851,50850,0.999980334703349,PRESERVED
189647,tribot,pchip_careful,fast_transient,247,248,1.0040485829959513,PRESERVED
189647,tritop,cubic_spline,smooth_high_snr,247,248,1.0040485829959513,PRESERVED
189647,volume,cubic_spline,smooth_high_snr,247,248,1.0040485829959513,PRESERVED
189647,vsurf,cubic_spline,smooth_high_snr,247,248,1.0040485829959513,PRESERVED
189647,zcur,pchip_no_smoothing,noisy,247,248,1.0040485829959513,PRESERVED
189647,zmaxis,cubic_spline_simple,slow_varying,247,248,1.0040485829959513,PRESERVED
189647,zsurf,cubic_spline_simple,slow_varying,247,248,1.0040485829959513,PRESERVED
189649,aminor,cubic_spline,smooth_high_snr,248,249,1.0040322580645162,PRESERVED
189649,area,cubic_spline,smooth_high_snr,248,249,1.0040322580645162,PRESERVED
189649,betan,cubic_spline,smooth_high_snr,248,249,1.0040322580645162,PRESERVED
189649,bt,decimate_with_antialiasing,smooth_high_snr,101700,5085,0.05,DOWNSAMPLED
189649,cerqrott10,cubic_spline_simple,slow_varying,604,437,0.7235099337748344,DOWNSAMPLED
189649,cerqrott11,cubic_spline_simple,slow_varying,604,437,0.7235099337748344,DOWNSAMPLED
189649,cerqrott12,cubic_spline_simple,slow_varying,604,437,0.7235099337748344,DOWNSAMPLED
189649,cerqrott13,cubic_spline_simple,slow_varying,604,437,0.7235099337748344,DOWNSAMPLED
189649,cerqrott3,cubic_spline,smooth_high_snr,718,439,0.6114206128133705,DOWNSAMPLED
189649,cerqrott6,cubic_spline,smooth_high_snr,718,439,0.6114206128133705,DOWNSAMPLED
189649,cerqrott8,cubic_spline,smooth_high_snr,604,437,0.7235099337748344,DOWNSAMPLED
189649,cerqtit10,cubic_spline,smooth_high_snr,604,437,0.7235099337748344,DOWNSAMPLED
189649,cerqtit11,cubic_spline_simple,slow_varying,604,437,0.7235099337748344,DOWNSAMPLED
189649,cerqtit12,cubic_spline_simple,slow_varying,604,437,0.7235099337748344,DOWNSAMPLED
189649,cerqtit13,cubic_spline_simple,slow_varying,604,437,0.7235099337748344,DOWNSAMPLED
189649,cerqtit3,cubic_spline,smooth_high_snr,718,439,0.6114206128133705,DOWNSAMPLED
189649,cerqtit6,cubic_spline,smooth_high_snr,718,439,0.6114206128133705,DOWNSAMPLED
189649,cerqtit8,cubic_spline,smooth_high_snr,604,437,0.7235099337748344,DOWNSAMPLED
189649,density,cubic_spline,smooth_high_snr,4985,4984,0.9997993981945837,PRESERVED
189649,drsep,pchip_careful,fast_transient,248,249,1.0040322580645162,PRESERVED
189649,ece1,cubic_spline,smooth_high_snr,25425,25424,0.999960668633235,PRESERVED
189649,ece2,cubic_spline,smooth_high_snr,25425,25424,0.999960668633235,PRESERVED
189649,ece3,cubic_spline,smooth_high_snr,25425,25424,0.999960668633235,PRESERVED
189649,ece4,cubic_spline,smooth_high_snr,25425,25424,0.999960668633235,PRESERVED
189649,ece5,cubic_spline,smooth_high_snr,25425,25424,0.999960668633235,PRESERVED
189649,ece6,cubic_spline,smooth_high_snr,25425,25424,0.999960668633235,PRESERVED
189649,ece7,cubic_spline,smooth_high_snr,25425,25424,0.999960668633235,PRESERVED
189649,ece8,cubic_spline,smooth_high_snr,25425,25424,0.999960668633235,PRESERVED
189649,ece9,cubic_spline,smooth_high_snr,25425,25424,0.999960668633235,PRESERVED
189649,ece10,cubic_spline,smooth_high_snr,25425,25424,0.999960668633235,PRESERVED
189649,ece11,cubic_spline,smooth_high_snr,25425,25424,0.999960668633235,PRESERVED
189649,ece12,cubic_spline,smooth_high_snr,25425,25424,0.999960668633235,PRESERVED
189649,ece13,cubic_spline,smooth_high_snr,25425,25424,0.999960668633235,PRESERVED
189649,ece14,cubic_spline,smooth_high_snr,25425,25424,0.999960668633235,PRESERVED
189649,ece15,cubic_spline,smooth_high_snr,25425,25424,0.999960668633235,PRESERVED
189649,ece16,cubic_spline,smooth_high_snr,25425,25424,0.999960668633235,PRESERVED
189649,ece17,cubic_spline,smooth_high_snr,25425,25424,0.999960668633235,PRESERVED
189649,ece18,cubic_spline,smooth_high_snr,25425,25424,0.999960668633235,PRESERVED
189649,ece19,cubic_spline,smooth_high_snr,25425,25424,0.999960668633235,PRESERVED
189649,ece20,cubic_spline,smooth_high_snr,25425,25424,0.999960668633235,PRESERVED
189649,ece21,cubic_spline,smooth_high_snr,25425,25424,0.999960668633235,PRESERVED
189649,ece22,cubic_spline,smooth_high_snr,25425,25424,0.999960668633235,PRESERVED
189649,ece23,cubic_spline,smooth_high_snr,25425,25424,0.999960668633235,PRESERVED
189649,ece24,cubic_spline,smooth_high_snr,25425,25424,0.999960668633235,PRESERVED
189649,ece25,cubic_spline,smooth_high_snr,25425,25424,0.999960668633235,PRESERVED
189649,ece26,cubic_spline,smooth_high_snr,25425,25424,0.999960668633235,PRESERVED
189649,ece27,cubic_spline,smooth_high_snr,25425,25424,0.999960668633235,PRESERVED
189649,ece28,cubic_spline,smooth_high_snr,25425,25424,0.999960668633235,PRESERVED
189649,ece29,cubic_spline,smooth_high_snr,25425,25424,0.999960668633235,PRESERVED
189649,ece30,cubic_spline,smooth_high_snr,25425,25424,0.999960668633235,PRESERVED
189649,ece31,cubic_spline,smooth_high_snr,25425,25424,0.999960668633235,PRESERVED
189649,ece32,cubic_spline,smooth_high_snr,25425,25424,0.999960668633235,PRESERVED
189649,ece33,cubic_spline,smooth_high_snr,25425,25424,0.999960668633235,PRESERVED
189649,ece34,cubic_spline,smooth_high_snr,25425,25424,0.999960668633235,PRESERVED
189649,ece35,cubic_spline,smooth_high_snr,25425,25424,0.999960668633235,PRESERVED
189649,ece36,cubic_spline,smooth_high_snr,25425,25424,0.999960668633235,PRESERVED
189649,ece37,cubic_spline,smooth_high_snr,25425,25424,0.999960668633235,PRESERVED
189649,ece38,cubic_spline,smooth_high_snr,25425,25424,0.999960668633235,PRESERVED
189649,ece39,cubic_spline,smooth_high_snr,25425,25424,0.999960668633235,PRESERVED
189649,ece40,cubic_spline,smooth_high_snr,25425,25424,0.999960668633235,PRESERVED
189649,fs03da,pchip_no_smoothing,noisy,254251,254250,0.999996066878793,PRESERVED
189649,fs04,cubic_spline_simple,slow_varying,254251,254250,0.999996066878793,PRESERVED
189649,fs04da,cubic_spline_simple,slow_varying,254251,254250,0.999996066878793,PRESERVED
189649,fs05da,pchip_careful,fast_transient,254251,254250,0.999996066878793,PRESERVED
189649,gasa,decimate_with_antialiasing,smooth_high_snr,101700,2608,0.025644051130776793,DOWNSAMPLED
189649,gasb,decimate_with_antialiasing,fast_transient,101700,2608,0.025644051130776793,DOWNSAMPLED
189649,gasc,decimate_with_antialiasing,fast_transient,101700,2608,0.025644051130776793,DOWNSAMPLED
189649,gasd,decimate_with_antialiasing,noisy,101700,2608,0.025644051130776793,DOWNSAMPLED
189649,ip,decimate_with_antialiasing,smooth_high_snr,101700,5085,0.05,DOWNSAMPLED
189649,kappa,cubic_spline,smooth_high_snr,248,249,1.0040322580645162,PRESERVED
189649,li,cubic_spline,smooth_high_snr,248,249,1.0040322580645162,PRESERVED
189649,pcbcoil,decimate_with_antialiasing,smooth_high_snr,101701,5086,0.05000934110775705,DOWNSAMPLED
189649,pcdiamag3,decimate_with_antialiasing,smooth_high_snr,101701,5086,0.05000934110775705,DOWNSAMPLED
189649,pinj,cubic_spline,smooth_high_snr,50851,50850,0.999980334703349,PRESERVED
189649,pinj_15l,pchip_careful,fast_transient,50851,50850,0.999980334703349,PRESERVED
189649,pinj_15r,pchip_careful,fast_transient,50851,50850,0.999980334703349,PRESERVED
189649,pinj_21l,cubic_spline,smooth_high_snr,50851,50850,0.999980334703349,PRESERVED
189649,pinj_21r,pchip_careful,fast_transient,50851,50850,0.999980334703349,PRESERVED
189649,pinj_30l,pchip_careful,fast_transient,50851,50850,0.999980334703349,PRESERVED
189649,pinj_30r,cubic_spline,smooth_high_snr,50851,50850,0.999980334703349,PRESERVED
189649,pinj_33l,pchip_careful,fast_transient,50851,50850,0.999980334703349,PRESERVED
189649,pinj_33r,cubic_spline,smooth_high_snr,50851,50850,0.999980334703349,PRESERVED
189649,prmtan_neped,pchip_careful,fast_transient,942,479,0.5084925690021231,DOWNSAMPLED
189649,prmtan_teped,cubic_spline_simple,slow_varying,858,479,0.5582750582750583,DOWNSAMPLED
189649,q95,cubic_spline,smooth_high_snr,248,249,1.0040322580645162,PRESERVED
189649,rmaxis,cubic_spline,smooth_high_snr,248,249,1.0040322580645162,PRESERVED
189649,rsurf,cubic_spline,smooth_high_snr,248,249,1.0040322580645162,PRESERVED
189649,tinj,cubic_spline,smooth_high_snr,50851,50850,0.999980334703349,PRESERVED
189649,tribot,pchip_careful,fast_transient,248,249,1.0040322580645162,PRESERVED
189649,tritop,cubic_spline,smooth_high_snr,248,249,1.0040322580645162,PRESERVED
189649,volume,cubic_spline,smooth_high_snr,248,249,1.0040322580645162,PRESERVED
189649,vsurf,cubic_spline,smooth_high_snr,248,249,1.0040322580645162,PRESERVED
189649,zcur,pchip_no_smoothing,noisy,248,249,1.0040322580645162,PRESERVED
189649,zmaxis,cubic_spline_simple,slow_varying,248,249,1.0040322580645162,PRESERVED
189649,zsurf,cubic_spline_simple,slow_varying,248,249,1.0040322580645162,PRESERVED
189650,aminor,cubic_spline,smooth_high_snr,248,249,1.0040322580645162,PRESERVED
189650,area,cubic_spline,smooth_high_snr,248,249,1.0040322580645162,PRESERVED
189650,betan,cubic_spline,smooth_high_snr,248,249,1.0040322580645162,PRESERVED
189650,bt,decimate_with_antialiasing,smooth_high_snr,101700,5353,0.05263520157325467,DOWNSAMPLED
189650,cerqrott10,cubic_spline_simple,slow_varying,591,437,0.739424703891709,DOWNSAMPLED
189650,cerqrott11,cubic_spline_simple,slow_varying,591,437,0.739424703891709,DOWNSAMPLED
189650,cerqrott12,cubic_spline_simple,slow_varying,591,437,0.739424703891709,DOWNSAMPLED
189650,cerqrott13,cubic_spline_simple,slow_varying,591,437,0.739424703891709,DOWNSAMPLED
189650,cerqrott3,cubic_spline,smooth_high_snr,772,439,0.5686528497409327,DOWNSAMPLED
189650,cerqrott6,cubic_spline,smooth_high_snr,772,439,0.5686528497409327,DOWNSAMPLED
189650,cerqrott8,cubic_spline,smooth_high_snr,591,437,0.739424703891709,DOWNSAMPLED
189650,cerqtit10,cubic_spline,smooth_high_snr,591,437,0.739424703891709,DOWNSAMPLED
189650,cerqtit11,cubic_spline_simple,slow_varying,591,437,0.739424703891709,DOWNSAMPLED
189650,cerqtit12,cubic_spline_simple,slow_varying,591,437,0.739424703891709,DOWNSAMPLED
189650,cerqtit13,cubic_spline_simple,slow_varying,591,437,0.739424703891709,DOWNSAMPLED
189650,cerqtit3,cubic_spline,smooth_high_snr,772,439,0.5686528497409327,DOWNSAMPLED
189650,cerqtit6,cubic_spline,smooth_high_snr,772,439,0.5686528497409327,DOWNSAMPLED
189650,cerqtit8,cubic_spline,smooth_high_snr,591,437,0.739424703891709,DOWNSAMPLED
189650,density,cubic_spline,smooth_high_snr,4985,4984,0.9997993981945837,PRESERVED
189650,drsep,pchip_careful,fast_transient,248,249,1.0040322580645162,PRESERVED
189650,ece1,cubic_spline,smooth_high_snr,25425,25424,0.999960668633235,PRESERVED
189650,ece2,cubic_spline,smooth_high_snr,25425,25424,0.999960668633235,PRESERVED
189650,ece3,cubic_spline,smooth_high_snr,25425,25424,0.999960668633235,PRESERVED
189650,ece4,cubic_spline,smooth_high_snr,25425,25424,0.999960668633235,PRESERVED
189650,ece5,cubic_spline,smooth_high_snr,25425,25424,0.999960668633235,PRESERVED
189650,ece6,cubic_spline,smooth_high_snr,25425,25424,0.999960668633235,PRESERVED
189650,ece7,cubic_spline,smooth_high_snr,25425,25424,0.999960668633235,PRESERVED
189650,ece8,cubic_spline,smooth_high_snr,25425,25424,0.999960668633235,PRESERVED
189650,ece9,cubic_spline,smooth_high_snr,25425,25424,0.999960668633235,PRESERVED
189650,ece10,cubic_spline,smooth_high_snr,25425,25424,0.999960668633235,PRESERVED
189650,ece11,cubic_spline,smooth_high_snr,25425,25424,0.999960668633235,PRESERVED
189650,ece12,cubic_spline,smooth_high_snr,25425,25424,0.999960668633235,PRESERVED
189650,ece13,cubic_spline,smooth_high_snr,25425,25424,0.999960668633235,PRESERVED
189650,ece14,cubic_spline,smooth_high_snr,25425,25424,0.999960668633235,PRESERVED
189650,ece15,cubic_spline,smooth_high_snr,25425,25424,0.999960668633235,PRESERVED
189650,ece16,cubic_spline,smooth_high_snr,25425,25424,0.999960668633235,PRESERVED
189650,ece17,cubic_spline,smooth_high_snr,25425,25424,0.999960668633235,PRESERVED
189650,ece18,cubic_spline,smooth_high_snr,25425,25424,0.999960668633235,PRESERVED
189650,ece19,cubic_spline,smooth_high_snr,25425,25424,0.999960668633235,PRESERVED
189650,ece20,cubic_spline,smooth_high_snr,25425,25424,0.999960668633235,PRESERVED
189650,ece21,cubic_spline,smooth_high_snr,25425,25424,0.999960668633235,PRESERVED
189650,ece22,cubic_spline,smooth_high_snr,25425,25424,0.999960668633235,PRESERVED
189650,ece23,cubic_spline,smooth_high_snr,25425,25424,0.999960668633235,PRESERVED
189650,ece24,cubic_spline,smooth_high_snr,25425,25424,0.999960668633235,PRESERVED
189650,ece25,cubic_spline,smooth_high_snr,25425,25424,0.999960668633235,PRESERVED
189650,ece26,cubic_spline,smooth_high_snr,25425,25424,0.999960668633235,PRESERVED
189650,ece27,cubic_spline,smooth_high_snr,25425,25424,0.999960668633235,PRESERVED
189650,ece28,cubic_spline,smooth_high_snr,25425,25424,0.999960668633235,PRESERVED
189650,ece29,cubic_spline,smooth_high_snr,25425,25424,0.999960668633235,PRESERVED
189650,ece30,cubic_spline,smooth_high_snr,25425,25424,0.999960668633235,PRESERVED
189650,ece31,cubic_spline,smooth_high_snr,25425,25424,0.999960668633235,PRESERVED
189650,ece32,cubic_spline,smooth_high_snr,25425,25424,0.999960668633235,PRESERVED
189650,ece33,cubic_spline,smooth_high_snr,25425,25424,0.999960668633235,PRESERVED
189650,ece34,cubic_spline,smooth_high_snr,25425,25424,0.999960668633235,PRESERVED
189650,ece35,cubic_spline,smooth_high_snr,25425,25424,0.999960668633235,PRESERVED
189650,ece36,cubic_spline,smooth_high_snr,25425,25424,0.999960668633235,PRESERVED
189650,ece37,cubic_spline,smooth_high_snr,25425,25424,0.999960668633235,PRESERVED
189650,ece38,cubic_spline,smooth_high_snr,25425,25424,0.999960668633235,PRESERVED
189650,ece39,cubic_spline,smooth_high_snr,25425,25424,0.999960668633235,PRESERVED
189650,ece40,cubic_spline,smooth_high_snr,25425,25424,0.999960668633235,PRESERVED
189650,fs03da,pchip_no_smoothing,noisy,254251,254250,0.999996066878793,PRESERVED
189650,fs04,cubic_spline_simple,slow_varying,254251,254250,0.999996066878793,PRESERVED
189650,fs04da,cubic_spline_simple,slow_varying,254251,254250,0.999996066878793,PRESERVED
189650,fs05da,pchip_careful,fast_transient,254251,254250,0.999996066878793,PRESERVED
189650,gasa,decimate_with_antialiasing,smooth_high_snr,101700,2608,0.025644051130776793,DOWNSAMPLED
189650,gasb,decimate_with_antialiasing,fast_transient,101700,2608,0.025644051130776793,DOWNSAMPLED
189650,gasc,decimate_with_antialiasing,fast_transient,101700,2608,0.025644051130776793,DOWNSAMPLED
189650,gasd,decimate_with_antialiasing,noisy,101700,2608,0.025644051130776793,DOWNSAMPLED
189650,ip,decimate_with_antialiasing,smooth_high_snr,101700,5353,0.05263520157325467,DOWNSAMPLED
189650,kappa,cubic_spline,smooth_high_snr,248,249,1.0040322580645162,PRESERVED
189650,li,cubic_spline,smooth_high_snr,248,249,1.0040322580645162,PRESERVED
189650,pcbcoil,decimate_with_antialiasing,smooth_high_snr,101701,5086,0.05000934110775705,DOWNSAMPLED
189650,pcdiamag3,decimate_with_antialiasing,smooth_high_snr,101701,5086,0.05000934110775705,DOWNSAMPLED
189650,pinj,cubic_spline,smooth_high_snr,50851,50850,0.999980334703349,PRESERVED
189650,pinj_15l,pchip_careful,fast_transient,50851,50850,0.999980334703349,PRESERVED
189650,pinj_15r,pchip_careful,fast_transient,50851,50850,0.999980334703349,PRESERVED
189650,pinj_21l,cubic_spline,smooth_high_snr,50851,50850,0.999980334703349,PRESERVED
189650,pinj_21r,pchip_careful,fast_transient,50851,50850,0.999980334703349,PRESERVED
189650,pinj_30l,pchip_careful,fast_transient,50851,50850,0.999980334703349,PRESERVED
189650,pinj_30r,cubic_spline,smooth_high_snr,50851,50850,0.999980334703349,PRESERVED
189650,pinj_33l,pchip_careful,fast_transient,50851,50850,0.999980334703349,PRESERVED
189650,pinj_33r,cubic_spline,smooth_high_snr,50851,50850,0.999980334703349,PRESERVED
189650,prmtan_neped,pchip_careful,fast_transient,957,479,0.5005224660397074,DOWNSAMPLED
189650,prmtan_teped,cubic_spline_simple,slow_varying,892,477,0.5347533632286996,DOWNSAMPLED
189650,q95,cubic_spline,smooth_high_snr,248,249,1.0040322580645162,PRESERVED
189650,rmaxis,cubic_spline,smooth_high_snr,248,249,1.0040322580645162,PRESERVED
189650,rsurf,cubic_spline,smooth_high_snr,248,249,1.0040322580645162,PRESERVED
189650,tinj,cubic_spline,smooth_high_snr,50851,50850,0.999980334703349,PRESERVED
189650,tribot,pchip_careful,fast_transient,248,249,1.0040322580645162,PRESERVED
189650,tritop,cubic_spline,smooth_high_snr,248,249,1.0040322580645162,PRESERVED
189650,volume,cubic_spline,smooth_high_snr,248,249,1.0040322580645162,PRESERVED
189650,vsurf,cubic_spline,smooth_high_snr,248,249,1.0040322580645162,PRESERVED
189650,zcur,pchip_no_smoothing,noisy,248,249,1.0040322580645162,PRESERVED
189650,zmaxis,cubic_spline_simple,slow_varying,248,249,1.0040322580645162,PRESERVED
189650,zsurf,cubic_spline_simple,slow_varying,248,249,1.0040322580645162,PRESERVED
189651,aminor,cubic_spline,smooth_high_snr,247,249,1.008097165991903,PRESERVED
189651,area,cubic_spline,smooth_high_snr,247,249,1.008097165991903,PRESERVED
189651,betan,cubic_spline,smooth_high_snr,247,249,1.008097165991903,PRESERVED
189651,bt,decimate_with_antialiasing,smooth_high_snr,101700,5353,0.05263520157325467,DOWNSAMPLED
189651,cerqrott10,cubic_spline_simple,slow_varying,607,437,0.7199341021416804,DOWNSAMPLED
189651,cerqrott11,cubic_spline_simple,slow_varying,607,437,0.7199341021416804,DOWNSAMPLED
189651,cerqrott12,cubic_spline_simple,slow_varying,607,437,0.7199341021416804,DOWNSAMPLED
189651,cerqrott13,cubic_spline_simple,slow_varying,607,437,0.7199341021416804,DOWNSAMPLED
189651,cerqrott3,cubic_spline,smooth_high_snr,696,439,0.6307471264367817,DOWNSAMPLED
189651,cerqrott6,cubic_spline,smooth_high_snr,696,439,0.6307471264367817,DOWNSAMPLED
189651,cerqrott8,cubic_spline,smooth_high_snr,607,437,0.7199341021416804,DOWNSAMPLED
189651,cerqtit10,cubic_spline,smooth_high_snr,607,437,0.7199341021416804,DOWNSAMPLED
189651,cerqtit11,cubic_spline_simple,slow_varying,607,437,0.7199341021416804,DOWNSAMPLED
189651,cerqtit12,cubic_spline_simple,slow_varying,607,437,0.7199341021416804,DOWNSAMPLED
189651,cerqtit13,cubic_spline_simple,slow_varying,607,437,0.7199341021416804,DOWNSAMPLED
189651,cerqtit3,cubic_spline,smooth_high_snr,696,439,0.6307471264367817,DOWNSAMPLED
189651,cerqtit6,cubic_spline,smooth_high_snr,696,439,0.6307471264367817,DOWNSAMPLED
189651,cerqtit8,cubic_spline,smooth_high_snr,607,437,0.7199341021416804,DOWNSAMPLED
189651,density,cubic_spline,smooth_high_snr,4985,4984,0.9997993981945837,PRESERVED
189651,drsep,pchip_careful,fast_transient,247,249,1.008097165991903,PRESERVED
189651,ece1,cubic_spline,smooth_high_snr,25425,25424,0.999960668633235,PRESERVED
189651,ece2,cubic_spline,smooth_high_snr,25425,25424,0.999960668633235,PRESERVED
189651,ece3,cubic_spline,smooth_high_snr,25425,25424,0.999960668633235,PRESERVED
189651,ece4,cubic_spline,smooth_high_snr,25425,25424,0.999960668633235,PRESERVED
189651,ece5,cubic_spline,smooth_high_snr,25425,25424,0.999960668633235,PRESERVED
189651,ece6,cubic_spline,smooth_high_snr,25425,25424,0.999960668633235,PRESERVED
189651,ece7,cubic_spline,smooth_high_snr,25425,25424,0.999960668633235,PRESERVED
189651,ece8,cubic_spline,smooth_high_snr,25425,25424,0.999960668633235,PRESERVED
189651,ece9,cubic_spline,smooth_high_snr,25425,25424,0.999960668633235,PRESERVED
189651,ece10,cubic_spline,smooth_high_snr,25425,25424,0.999960668633235,PRESERVED
189651,ece11,cubic_spline,smooth_high_snr,25425,25424,0.999960668633235,PRESERVED
189651,ece12,cubic_spline,smooth_high_snr,25425,25424,0.999960668633235,PRESERVED
189651,ece13,cubic_spline,smooth_high_snr,25425,25424,0.999960668633235,PRESERVED
189651,ece14,cubic_spline,smooth_high_snr,25425,25424,0.999960668633235,PRESERVED
189651,ece15,cubic_spline,smooth_high_snr,25425,25424,0.999960668633235,PRESERVED
189651,ece16,cubic_spline,smooth_high_snr,25425,25424,0.999960668633235,PRESERVED
189651,ece17,cubic_spline,smooth_high_snr,25425,25424,0.999960668633235,PRESERVED
189651,ece18,cubic_spline,smooth_high_snr,25425,25424,0.999960668633235,PRESERVED
189651,ece19,cubic_spline,smooth_high_snr,25425,25424,0.999960668633235,PRESERVED
189651,ece20,cubic_spline,smooth_high_snr,25425,25424,0.999960668633235,PRESERVED
189651,ece21,cubic_spline,smooth_high_snr,25425,25424,0.999960668633235,PRESERVED
189651,ece22,cubic_spline,smooth_high_snr,25425,25424,0.999960668633235,PRESERVED
189651,ece23,cubic_spline,smooth_high_snr,25425,25424,0.999960668633235,PRESERVED
189651,ece24,cubic_spline,smooth_high_snr,25425,25424,0.999960668633235,PRESERVED
189651,ece25,cubic_spline,smooth_high_snr,25425,25424,0.999960668633235,PRESERVED
189651,ece26,cubic_spline,smooth_high_snr,25425,25424,0.999960668633235,PRESERVED
189651,ece27,cubic_spline,smooth_high_snr,25425,25424,0.999960668633235,PRESERVED
189651,ece28,cubic_spline,smooth_high_snr,25425,25424,0.999960668633235,PRESERVED
189651,ece29,cubic_spline,smooth_high_snr,25425,25424,0.999960668633235,PRESERVED
189651,ece30,cubic_spline,smooth_high_snr,25425,25424,0.999960668633235,PRESERVED
189651,ece31,cubic_spline,smooth_high_snr,25425,25424,0.999960668633235,PRESERVED
189651,ece32,cubic_spline,smooth_high_snr,25425,25424,0.999960668633235,PRESERVED
189651,ece33,cubic_spline,smooth_high_snr,25425,25424,0.999960668633235,PRESERVED
189651,ece34,cubic_spline,smooth_high_snr,25425,25424,0.999960668633235,PRESERVED
189651,ece35,cubic_spline,smooth_high_snr,25425,25424,0.999960668633235,PRESERVED
189651,ece36,cubic_spline,smooth_high_snr,25425,25424,0.999960668633235,PRESERVED
189651,ece37,cubic_spline,smooth_high_snr,25425,25424,0.999960668633235,PRESERVED
189651,ece38,cubic_spline,smooth_high_snr,25425,25424,0.999960668633235,PRESERVED
189651,ece39,cubic_spline,smooth_high_snr,25425,25424,0.999960668633235,PRESERVED
189651,ece40,cubic_spline,smooth_high_snr,25425,25424,0.999960668633235,PRESERVED
189651,fs03da,pchip_no_smoothing,noisy,254251,254250,0.999996066878793,PRESERVED
189651,fs04,cubic_spline_simple,slow_varying,254251,254250,0.999996066878793,PRESERVED
189651,fs04da,cubic_spline_simple,slow_varying,254251,254250,0.999996066878793,PRESERVED
189651,fs05da,pchip_careful,fast_transient,254251,254250,0.999996066878793,PRESERVED
189651,gasa,decimate_with_antialiasing,smooth_high_snr,101700,2608,0.025644051130776793,DOWNSAMPLED
189651,gasb,decimate_with_antialiasing,fast_transient,101700,2608,0.025644051130776793,DOWNSAMPLED
189651,gasc,decimate_with_antialiasing,fast_transient,101700,2608,0.025644051130776793,DOWNSAMPLED
189651,gasd,decimate_with_antialiasing,noisy,101700,2608,0.025644051130776793,DOWNSAMPLED
189651,ip,decimate_with_antialiasing,smooth_high_snr,101700,5353,0.05263520157325467,DOWNSAMPLED
189651,kappa,cubic_spline,smooth_high_snr,247,249,1.008097165991903,PRESERVED
189651,li,cubic_spline,smooth_high_snr,247,249,1.008097165991903,PRESERVED
189651,pcbcoil,decimate_with_antialiasing,smooth_high_snr,101701,5086,0.05000934110775705,DOWNSAMPLED
189651,pcdiamag3,decimate_with_antialiasing,smooth_high_snr,101701,5086,0.05000934110775705,DOWNSAMPLED
189651,pinj,cubic_spline,smooth_high_snr,50851,50850,0.999980334703349,PRESERVED
189651,pinj_15l,pchip_careful,fast_transient,50851,50850,0.999980334703349,PRESERVED
189651,pinj_15r,pchip_careful,fast_transient,50851,50850,0.999980334703349,PRESERVED
189651,pinj_21l,cubic_spline,smooth_high_snr,50851,50850,0.999980334703349,PRESERVED
189651,pinj_21r,pchip_careful,fast_transient,50851,50850,0.999980334703349,PRESERVED
189651,pinj_30l,pchip_careful,fast_transient,50851,50850,0.999980334703349,PRESERVED
189651,pinj_30r,cubic_spline,smooth_high_snr,50851,50850,0.999980334703349,PRESERVED
189651,pinj_33l,pchip_careful,fast_transient,50851,50850,0.999980334703349,PRESERVED
189651,pinj_33r,cubic_spline,smooth_high_snr,50851,50850,0.999980334703349,PRESERVED
189651,prmtan_neped,pchip_careful,fast_transient,936,479,0.5117521367521367,DOWNSAMPLED
189651,prmtan_teped,cubic_spline_simple,slow_varying,894,479,0.5357941834451901,DOWNSAMPLED
189651,q95,cubic_spline,smooth_high_snr,247,249,1.008097165991903,PRESERVED
189651,rmaxis,cubic_spline,smooth_high_snr,247,249,1.008097165991903,PRESERVED
189651,rsurf,cubic_spline,smooth_high_snr,247,249,1.008097165991903,PRESERVED
189651,tinj,cubic_spline,smooth_high_snr,50851,50850,0.999980334703349,PRESERVED
189651,tribot,pchip_careful,fast_transient,247,249,1.008097165991903,PRESERVED
189651,tritop,cubic_spline,smooth_high_snr,247,249,1.008097165991903,PRESERVED
189651,volume,cubic_spline,smooth_high_snr,247,249,1.008097165991903,PRESERVED
189651,vsurf,cubic_spline,smooth_high_snr,247,249,1.008097165991903,PRESERVED
189651,zcur,pchip_no_smoothing,noisy,247,249,1.008097165991903,PRESERVED
189651,zmaxis,cubic_spline_simple,slow_varying,247,249,1.008097165991903,PRESERVED
189651,zsurf,cubic_spline_simple,slow_varying,247,249,1.008097165991903,PRESERVED
189652,aminor,cubic_spline,smooth_high_snr,237,240,1.0126582278481013,UPSAMPLED
189652,area,cubic_spline,smooth_high_snr,237,240,1.0126582278481013,UPSAMPLED
189652,betan,cubic_spline,smooth_high_snr,237,240,1.0126582278481013,UPSAMPLED
189652,bt,decimate_with_antialiasing,smooth_high_snr,98000,5158,0.05263265306122449,DOWNSAMPLED
189652,cerqrott10,cubic_spline_simple,slow_varying,645,414,0.641860465116279,DOWNSAMPLED
189652,cerqrott11,cubic_spline_simple,slow_varying,645,414,0.641860465116279,DOWNSAMPLED
189652,cerqrott12,cubic_spline_simple,slow_varying,645,414,0.641860465116279,DOWNSAMPLED
189652,cerqrott13,cubic_spline_simple,slow_varying,645,414,0.641860465116279,DOWNSAMPLED
189652,cerqrott3,cubic_spline,smooth_high_snr,744,420,0.5645161290322581,DOWNSAMPLED
189652,cerqrott6,cubic_spline,smooth_high_snr,744,420,0.5645161290322581,DOWNSAMPLED
189652,cerqrott8,cubic_spline,smooth_high_snr,645,414,0.641860465116279,DOWNSAMPLED
189652,cerqtit10,cubic_spline,smooth_high_snr,645,414,0.641860465116279,DOWNSAMPLED
189652,cerqtit11,cubic_spline_simple,slow_varying,645,414,0.641860465116279,DOWNSAMPLED
189652,cerqtit12,cubic_spline_simple,slow_varying,645,414,0.641860465116279,DOWNSAMPLED
189652,cerqtit13,cubic_spline_simple,slow_varying,645,414,0.641860465116279,DOWNSAMPLED
189652,cerqtit3,cubic_spline,smooth_high_snr,744,420,0.5645161290322581,DOWNSAMPLED
189652,cerqtit6,cubic_spline,smooth_high_snr,744,420,0.5645161290322581,DOWNSAMPLED
189652,cerqtit8,cubic_spline,smooth_high_snr,645,414,0.641860465116279,DOWNSAMPLED
189652,density,cubic_spline,smooth_high_snr,4800,4799,0.9997916666666666,PRESERVED
189652,drsep,pchip_careful,fast_transient,237,240,1.0126582278481013,UPSAMPLED
189652,ece1,cubic_spline,smooth_high_snr,24501,24500,0.9999591853393739,PRESERVED
189652,ece2,cubic_spline,smooth_high_snr,24501,24500,0.9999591853393739,PRESERVED
189652,ece3,cubic_spline,smooth_high_snr,24501,24500,0.9999591853393739,PRESERVED
189652,ece4,cubic_spline,smooth_high_snr,24501,24500,0.9999591853393739,PRESERVED
189652,ece5,cubic_spline,smooth_high_snr,24501,24500,0.9999591853393739,PRESERVED
189652,ece6,cubic_spline,smooth_high_snr,24501,24500,0.9999591853393739,PRESERVED
189652,ece7,cubic_spline,smooth_high_snr,24501,24500,0.9999591853393739,PRESERVED
189652,ece8,cubic_spline,smooth_high_snr,24501,24500,0.9999591853393739,PRESERVED
189652,ece9,cubic_spline,smooth_high_snr,24501,24500,0.9999591853393739,PRESERVED
189652,ece10,cubic_spline,smooth_high_snr,24501,24500,0.9999591853393739,PRESERVED
189652,ece11,cubic_spline,smooth_high_snr,24501,24500,0.9999591853393739,PRESERVED
189652,ece12,cubic_spline,smooth_high_snr,24501,24500,0.9999591853393739,PRESERVED
189652,ece13,cubic_spline,smooth_high_snr,24501,24500,0.9999591853393739,PRESERVED
189652,ece14,cubic_spline,smooth_high_snr,24501,24500,0.9999591853393739,PRESERVED
189652,ece15,cubic_spline,smooth_high_snr,24501,24500,0.9999591853393739,PRESERVED
189652,ece16,cubic_spline,smooth_high_snr,24501,24500,0.9999591853393739,PRESERVED
189652,ece17,cubic_spline,smooth_high_snr,24501,24500,0.9999591853393739,PRESERVED
189652,ece18,cubic_spline,smooth_high_snr,24501,24500,0.9999591853393739,PRESERVED
189652,ece19,cubic_spline,smooth_high_snr,24501,24500,0.9999591853393739,PRESERVED
189652,ece20,cubic_spline,smooth_high_snr,24501,24500,0.9999591853393739,PRESERVED
189652,ece21,cubic_spline,smooth_high_snr,24501,24500,0.9999591853393739,PRESERVED
189652,ece22,cubic_spline,smooth_high_snr,24501,24500,0.9999591853393739,PRESERVED
189652,ece23,cubic_spline,smooth_high_snr,24501,24500,0.9999591853393739,PRESERVED
189652,ece24,cubic_spline,smooth_high_snr,24501,24500,0.9999591853393739,PRESERVED
189652,ece25,cubic_spline,smooth_high_snr,24501,24500,0.9999591853393739,PRESERVED
189652,ece26,cubic_spline,smooth_high_snr,24501,24500,0.9999591853393739,PRESERVED
189652,ece27,cubic_spline,smooth_high_snr,24501,24500,0.9999591853393739,PRESERVED
189652,ece28,cubic_spline,smooth_high_snr,24501,24500,0.9999591853393739,PRESERVED
189652,ece29,cubic_spline,smooth_high_snr,24501,24500,0.9999591853393739,PRESERVED
189652,ece30,cubic_spline,smooth_high_snr,24501,24500,0.9999591853393739,PRESERVED
189652,ece31,cubic_spline,smooth_high_snr,24501,24500,0.9999591853393739,PRESERVED
189652,ece32,cubic_spline,smooth_high_snr,24501,24500,0.9999591853393739,PRESERVED
189652,ece33,cubic_spline,smooth_high_snr,24501,24500,0.9999591853393739,PRESERVED
189652,ece34,cubic_spline,smooth_high_snr,24501,24500,0.9999591853393739,PRESERVED
189652,ece35,cubic_spline,smooth_high_snr,24501,24500,0.9999591853393739,PRESERVED
189652,ece36,cubic_spline,smooth_high_snr,24501,24500,0.9999591853393739,PRESERVED
189652,ece37,cubic_spline,smooth_high_snr,24501,24500,0.9999591853393739,PRESERVED
189652,ece38,cubic_spline,smooth_high_snr,24501,24500,0.9999591853393739,PRESERVED
189652,ece39,cubic_spline,smooth_high_snr,24501,24500,0.9999591853393739,PRESERVED
189652,ece40,cubic_spline,smooth_high_snr,24501,24500,0.9999591853393739,PRESERVED
189652,fs03da,pchip_no_smoothing,noisy,245001,245000,0.9999959183840066,PRESERVED
189652,fs04,cubic_spline_simple,slow_varying,245001,245000,0.9999959183840066,PRESERVED
189652,fs04da,cubic_spline_simple,slow_varying,245001,245000,0.9999959183840066,PRESERVED
189652,fs05da,pchip_careful,fast_transient,245001,245000,0.9999959183840066,PRESERVED
189652,gasa,decimate_with_antialiasing,smooth_high_snr,98001,2451,0.025009948878072674,DOWNSAMPLED
189652,gasb,decimate_with_antialiasing,fast_transient,98001,2451,0.025009948878072674,DOWNSAMPLED
189652,gasc,decimate_with_antialiasing,fast_transient,98001,2451,0.025009948878072674,DOWNSAMPLED
189652,gasd,decimate_with_antialiasing,noisy,98001,2451,0.025009948878072674,DOWNSAMPLED
189652,ip,decimate_with_antialiasing,smooth_high_snr,98000,5158,0.05263265306122449,DOWNSAMPLED
189652,kappa,cubic_spline,smooth_high_snr,237,240,1.0126582278481013,UPSAMPLED
189652,li,cubic_spline,smooth_high_snr,237,240,1.0126582278481013,UPSAMPLED
189652,pcbcoil,decimate_with_antialiasing,smooth_high_snr,98001,4901,0.050009693778634914,DOWNSAMPLED
189652,pcdiamag3,decimate_with_antialiasing,smooth_high_snr,98001,4901,0.050009693778634914,DOWNSAMPLED
189652,pinj,cubic_spline,smooth_high_snr,49001,49000,0.9999795922532193,PRESERVED
189652,pinj_15l,pchip_careful,fast_transient,49001,49000,0.9999795922532193,PRESERVED
189652,pinj_15r,pchip_careful,fast_transient,49001,49000,0.9999795922532193,PRESERVED
189652,pinj_21l,cubic_spline,smooth_high_snr,49001,49000,0.9999795922532193,PRESERVED
189652,pinj_21r,pchip_careful,fast_transient,49001,49000,0.9999795922532193,PRESERVED
189652,pinj_30l,pchip_careful,fast_transient,49001,49000,0.9999795922532193,PRESERVED
189652,pinj_30r,cubic_spline,smooth_high_snr,49001,49000,0.9999795922532193,PRESERVED
189652,pinj_33l,pchip_careful,fast_transient,49001,49000,0.9999795922532193,PRESERVED
189652,pinj_33r,cubic_spline,smooth_high_snr,49001,49000,0.9999795922532193,PRESERVED
189652,prmtan_neped,pchip_careful,fast_transient,916,460,0.5021834061135371,DOWNSAMPLED
189652,prmtan_teped,cubic_spline_simple,slow_varying,847,458,0.5407319952774499,DOWNSAMPLED
189652,q95,cubic_spline,smooth_high_snr,237,240,1.0126582278481013,UPSAMPLED
189652,rmaxis,cubic_spline,smooth_high_snr,237,240,1.0126582278481013,UPSAMPLED
189652,rsurf,cubic_spline,smooth_high_snr,237,240,1.0126582278481013,UPSAMPLED
189652,tinj,cubic_spline,smooth_high_snr,49001,49000,0.9999795922532193,PRESERVED
189652,tribot,pchip_careful,fast_transient,237,240,1.0126582278481013,UPSAMPLED
189652,tritop,cubic_spline,smooth_high_snr,237,240,1.0126582278481013,UPSAMPLED
189652,volume,cubic_spline,smooth_high_snr,237,240,1.0126582278481013,UPSAMPLED
189652,vsurf,cubic_spline,smooth_high_snr,237,240,1.0126582278481013,UPSAMPLED
189652,zcur,pchip_no_smoothing,noisy,237,240,1.0126582278481013,UPSAMPLED
189652,zmaxis,cubic_spline_simple,slow_varying,237,240,1.0126582278481013,UPSAMPLED
189652,zsurf,cubic_spline_simple,slow_varying,237,240,1.0126582278481013,UPSAMPLED
195261,aminor,cubic_spline,smooth_high_snr,291,294,1.0103092783505154,UPSAMPLED
195261,area,cubic_spline,smooth_high_snr,291,294,1.0103092783505154,UPSAMPLED
195261,betan,cubic_spline,smooth_high_snr,291,294,1.0103092783505154,UPSAMPLED
195261,bt,decimate_with_antialiasing,smooth_high_snr,120300,6332,0.052635078969243555,DOWNSAMPLED
195261,cerqrott10,cubic_spline_simple,slow_varying,849,532,0.6266195524146054,DOWNSAMPLED
195261,cerqrott11,cubic_spline_simple,slow_varying,849,532,0.6266195524146054,DOWNSAMPLED
195261,cerqrott12,cubic_spline_simple,slow_varying,849,532,0.6266195524146054,DOWNSAMPLED
195261,cerqrott13,cubic_spline_simple,slow_varying,849,532,0.6266195524146054,DOWNSAMPLED
195261,cerqrott3,cubic_spline,smooth_high_snr,868,530,0.6105990783410138,DOWNSAMPLED
195261,cerqrott6,cubic_spline,smooth_high_snr,868,530,0.6105990783410138,DOWNSAMPLED
195261,cerqrott8,cubic_spline,smooth_high_snr,849,532,0.6266195524146054,DOWNSAMPLED
195261,cerqtit10,cubic_spline,smooth_high_snr,849,532,0.6266195524146054,DOWNSAMPLED
195261,cerqtit11,cubic_spline_simple,slow_varying,849,532,0.6266195524146054,DOWNSAMPLED
195261,cerqtit12,cubic_spline_simple,slow_varying,849,532,0.6266195524146054,DOWNSAMPLED
195261,cerqtit13,cubic_spline_simple,slow_varying,849,532,0.6266195524146054,DOWNSAMPLED
195261,cerqtit3,cubic_spline,smooth_high_snr,868,530,0.6105990783410138,DOWNSAMPLED
195261,cerqtit6,cubic_spline,smooth_high_snr,868,530,0.6105990783410138,DOWNSAMPLED
195261,cerqtit8,cubic_spline,smooth_high_snr,849,532,0.6266195524146054,DOWNSAMPLED
195261,density,cubic_spline,smooth_high_snr,5895,5894,0.999830364715861,PRESERVED
195261,drsep,pchip_careful,fast_transient,291,294,1.0103092783505154,UPSAMPLED
195261,ece1,cubic_spline,smooth_high_snr,30075,30074,0.9999667497921862,PRESERVED
195261,ece2,cubic_spline,smooth_high_snr,30075,30074,0.9999667497921862,PRESERVED
195261,ece3,cubic_spline,smooth_high_snr,30075,30074,0.9999667497921862,PRESERVED
195261,ece4,cubic_spline,smooth_high_snr,30075,30074,0.9999667497921862,PRESERVED
195261,ece5,cubic_spline,smooth_high_snr,30075,30074,0.9999667497921862,PRESERVED
195261,ece6,cubic_spline,smooth_high_snr,30075,30074,0.9999667497921862,PRESERVED
195261,ece7,cubic_spline,smooth_high_snr,30075,30074,0.9999667497921862,PRESERVED
195261,ece8,cubic_spline,smooth_high_snr,30075,30074,0.9999667497921862,PRESERVED
195261,ece9,cubic_spline,smooth_high_snr,30075,30074,0.9999667497921862,PRESERVED
195261,ece10,cubic_spline,smooth_high_snr,30075,30074,0.9999667497921862,PRESERVED
195261,ece11,cubic_spline,smooth_high_snr,30075,30074,0.9999667497921862,PRESERVED
195261,ece12,cubic_spline,smooth_high_snr,30075,30074,0.9999667497921862,PRESERVED
195261,ece13,cubic_spline,smooth_high_snr,30075,30074,0.9999667497921862,PRESERVED
195261,ece14,cubic_spline,smooth_high_snr,30075,30074,0.9999667497921862,PRESERVED
195261,ece15,cubic_spline,smooth_high_snr,30075,30074,0.9999667497921862,PRESERVED
195261,ece16,cubic_spline,smooth_high_snr,30075,30074,0.9999667497921862,PRESERVED
195261,ece17,cubic_spline,smooth_high_snr,30075,30074,0.9999667497921862,PRESERVED
195261,ece18,cubic_spline,smooth_high_snr,30075,30074,0.9999667497921862,PRESERVED
195261,ece19,cubic_spline,smooth_high_snr,30075,30074,0.9999667497921862,PRESERVED
195261,ece20,cubic_spline,smooth_high_snr,30075,30074,0.9999667497921862,PRESERVED
195261,ece21,cubic_spline,smooth_high_snr,30075,30074,0.9999667497921862,PRESERVED
195261,ece22,cubic_spline,smooth_high_snr,30075,30074,0.9999667497921862,PRESERVED
195261,ece23,cubic_spline,smooth_high_snr,30075,30074,0.9999667497921862,PRESERVED
195261,ece24,cubic_spline,smooth_high_snr,30075,30074,0.9999667497921862,PRESERVED
195261,ece25,cubic_spline,smooth_high_snr,30075,30074,0.9999667497921862,PRESERVED
195261,ece26,cubic_spline,smooth_high_snr,30075,30074,0.9999667497921862,PRESERVED
195261,ece27,cubic_spline,smooth_high_snr,30075,30074,0.9999667497921862,PRESERVED
195261,ece28,cubic_spline,smooth_high_snr,30075,30074,0.9999667497921862,PRESERVED
195261,ece29,cubic_spline,smooth_high_snr,30075,30074,0.9999667497921862,PRESERVED
195261,ece30,cubic_spline,smooth_high_snr,30075,30074,0.9999667497921862,PRESERVED
195261,ece31,cubic_spline,smooth_high_snr,30075,30074,0.9999667497921862,PRESERVED
195261,ece32,cubic_spline,smooth_high_snr,30075,30074,0.9999667497921862,PRESERVED
195261,ece33,cubic_spline,smooth_high_snr,30075,30074,0.9999667497921862,PRESERVED
195261,ece34,cubic_spline,smooth_high_snr,30075,30074,0.9999667497921862,PRESERVED
195261,ece35,cubic_spline,smooth_high_snr,30075,30074,0.9999667497921862,PRESERVED
195261,ece36,cubic_spline,smooth_high_snr,30075,30074,0.9999667497921862,PRESERVED
195261,ece37,cubic_spline,smooth_high_snr,30075,30074,0.9999667497921862,PRESERVED
195261,ece38,cubic_spline,smooth_high_snr,30075,30074,0.9999667497921862,PRESERVED
195261,ece39,cubic_spline,smooth_high_snr,30075,30074,0.9999667497921862,PRESERVED
195261,ece40,cubic_spline,smooth_high_snr,30075,30074,0.9999667497921862,PRESERVED
195261,fs03da,pchip_no_smoothing,noisy,300751,300750,0.9999966749902743,PRESERVED
195261,fs04,cubic_spline_simple,slow_varying,300751,300750,0.9999966749902743,PRESERVED
195261,fs04da,cubic_spline_simple,slow_varying,300751,300750,0.9999966749902743,PRESERVED
195261,fs05da,pchip_careful,fast_transient,300751,300750,0.9999966749902743,PRESERVED
195261,gasa,decimate_with_antialiasing,smooth_high_snr,120300,3085,0.02564422277639235,DOWNSAMPLED
195261,gasb,decimate_with_antialiasing,fast_transient,120300,3085,0.02564422277639235,DOWNSAMPLED
195261,gasc,decimate_with_antialiasing,fast_transient,120300,3085,0.02564422277639235,DOWNSAMPLED
195261,gasd,decimate_with_antialiasing,noisy,120300,3085,0.02564422277639235,DOWNSAMPLED
195261,ip,decimate_with_antialiasing,smooth_high_snr,120300,6332,0.052635078969243555,DOWNSAMPLED
195261,kappa,cubic_spline,smooth_high_snr,291,294,1.0103092783505154,UPSAMPLED
195261,li,cubic_spline,smooth_high_snr,291,294,1.0103092783505154,UPSAMPLED
195261,pcbcoil,decimate_with_antialiasing,smooth_high_snr,120301,6016,0.05000789685871273,DOWNSAMPLED
195261,pcdiamag3,decimate_with_antialiasing,smooth_high_snr,120301,6016,0.05000789685871273,DOWNSAMPLED
195261,pinj,cubic_spline,smooth_high_snr,60151,60150,0.9999833751724826,PRESERVED
195261,pinj_15l,pchip_careful,fast_transient,60151,60150,0.9999833751724826,PRESERVED
195261,pinj_15r,pchip_careful,fast_transient,60151,60150,0.9999833751724826,PRESERVED
195261,pinj_21l,cubic_spline,smooth_high_snr,60151,60150,0.9999833751724826,PRESERVED
195261,pinj_21r,pchip_careful,fast_transient,60151,60150,0.9999833751724826,PRESERVED
195261,pinj_30l,pchip_careful,fast_transient,60151,60150,0.9999833751724826,PRESERVED
195261,pinj_30r,cubic_spline,smooth_high_snr,60151,60150,0.9999833751724826,PRESERVED
195261,pinj_33l,pchip_careful,fast_transient,60151,60150,0.9999833751724826,PRESERVED
195261,pinj_33r,cubic_spline,smooth_high_snr,60151,60150,0.9999833751724826,PRESERVED
195261,prmtan_neped,pchip_careful,fast_transient,902,571,0.6330376940133038,DOWNSAMPLED
195261,prmtan_teped,cubic_spline_simple,slow_varying,848,567,0.6686320754716981,DOWNSAMPLED
195261,q95,cubic_spline,smooth_high_snr,291,294,1.0103092783505154,UPSAMPLED
195261,rmaxis,cubic_spline,smooth_high_snr,291,294,1.0103092783505154,UPSAMPLED
195261,rsurf,cubic_spline,smooth_high_snr,291,294,1.0103092783505154,UPSAMPLED
195261,tinj,cubic_spline,smooth_high_snr,60151,60150,0.9999833751724826,PRESERVED
195261,tribot,pchip_careful,fast_transient,291,294,1.0103092783505154,UPSAMPLED
195261,tritop,cubic_spline,smooth_high_snr,291,294,1.0103092783505154,UPSAMPLED
195261,volume,cubic_spline,smooth_high_snr,291,294,1.0103092783505154,UPSAMPLED
195261,vsurf,cubic_spline,smooth_high_snr,291,294,1.0103092783505154,UPSAMPLED
195261,zcur,pchip_no_smoothing,noisy,291,294,1.0103092783505154,UPSAMPLED
195261,zmaxis,cubic_spline_simple,slow_varying,291,294,1.0103092783505154,UPSAMPLED
195261,zsurf,cubic_spline_simple,slow_varying,291,294,1.0103092783505154,UPSAMPLED
195264,aminor,cubic_spline,smooth_high_snr,290,293,1.0103448275862068,UPSAMPLED
195264,area,cubic_spline,smooth_high_snr,290,293,1.0103448275862068,UPSAMPLED
195264,betan,cubic_spline,smooth_high_snr,290,293,1.0103448275862068,UPSAMPLED
195264,bt,decimate_with_antialiasing,smooth_high_snr,120300,6332,0.052635078969243555,DOWNSAMPLED
195264,cerqrott10,cubic_spline_simple,slow_varying,861,532,0.6178861788617886,DOWNSAMPLED
195264,cerqrott11,cubic_spline_simple,slow_varying,861,532,0.6178861788617886,DOWNSAMPLED
195264,cerqrott12,cubic_spline_simple,slow_varying,861,532,0.6178861788617886,DOWNSAMPLED
195264,cerqrott13,cubic_spline_simple,slow_varying,861,532,0.6178861788617886,DOWNSAMPLED
195264,cerqrott3,cubic_spline,smooth_high_snr,868,530,0.6105990783410138,DOWNSAMPLED
195264,cerqrott6,cubic_spline,smooth_high_snr,868,530,0.6105990783410138,DOWNSAMPLED
195264,cerqrott8,cubic_spline,smooth_high_snr,861,532,0.6178861788617886,DOWNSAMPLED
195264,cerqtit10,cubic_spline,smooth_high_snr,861,532,0.6178861788617886,DOWNSAMPLED
195264,cerqtit11,cubic_spline_simple,slow_varying,861,532,0.6178861788617886,DOWNSAMPLED
195264,cerqtit12,cubic_spline_simple,slow_varying,861,532,0.6178861788617886,DOWNSAMPLED
195264,cerqtit13,cubic_spline_simple,slow_varying,861,532,0.6178861788617886,DOWNSAMPLED
195264,cerqtit3,cubic_spline,smooth_high_snr,868,530,0.6105990783410138,DOWNSAMPLED
195264,cerqtit6,cubic_spline,smooth_high_snr,868,530,0.6105990783410138,DOWNSAMPLED
195264,cerqtit8,cubic_spline,smooth_high_snr,861,532,0.6178861788617886,DOWNSAMPLED
195264,density,cubic_spline,smooth_high_snr,5875,5874,0.9998297872340426,PRESERVED
195264,drsep,pchip_careful,fast_transient,290,293,1.0103448275862068,UPSAMPLED
195264,ece1,cubic_spline,smooth_high_snr,30075,30074,0.9999667497921862,PRESERVED
195264,ece2,cubic_spline,smooth_high_snr,30075,30074,0.9999667497921862,PRESERVED
195264,ece3,cubic_spline,smooth_high_snr,30075,30074,0.9999667497921862,PRESERVED
195264,ece4,cubic_spline,smooth_high_snr,30075,30074,0.9999667497921862,PRESERVED
195264,ece5,cubic_spline,smooth_high_snr,30075,30074,0.9999667497921862,PRESERVED
195264,ece6,cubic_spline,smooth_high_snr,30075,30074,0.9999667497921862,PRESERVED
195264,ece7,cubic_spline,smooth_high_snr,30075,30074,0.9999667497921862,PRESERVED
195264,ece8,cubic_spline,smooth_high_snr,30075,30074,0.9999667497921862,PRESERVED
195264,ece9,cubic_spline,smooth_high_snr,30075,30074,0.9999667497921862,PRESERVED
195264,ece10,cubic_spline,smooth_high_snr,30075,30074,0.9999667497921862,PRESERVED
195264,ece11,cubic_spline,smooth_high_snr,30075,30074,0.9999667497921862,PRESERVED
195264,ece12,cubic_spline,smooth_high_snr,30075,30074,0.9999667497921862,PRESERVED
195264,ece13,cubic_spline,smooth_high_snr,30075,30074,0.9999667497921862,PRESERVED
195264,ece14,cubic_spline,smooth_high_snr,30075,30074,0.9999667497921862,PRESERVED
195264,ece15,cubic_spline,smooth_high_snr,30075,30074,0.9999667497921862,PRESERVED
195264,ece16,cubic_spline,smooth_high_snr,30075,30074,0.9999667497921862,PRESERVED
195264,ece17,cubic_spline,smooth_high_snr,30075,30074,0.9999667497921862,PRESERVED
195264,ece18,cubic_spline,smooth_high_snr,30075,30074,0.9999667497921862,PRESERVED
195264,ece19,cubic_spline,smooth_high_snr,30075,30074,0.9999667497921862,PRESERVED
195264,ece20,cubic_spline,smooth_high_snr,30075,30074,0.9999667497921862,PRESERVED
195264,ece21,cubic_spline,smooth_high_snr,30075,30074,0.9999667497921862,PRESERVED
195264,ece22,cubic_spline,smooth_high_snr,30075,30074,0.9999667497921862,PRESERVED
195264,ece23,cubic_spline,smooth_high_snr,30075,30074,0.9999667497921862,PRESERVED
195264,ece24,cubic_spline,smooth_high_snr,30075,30074,0.9999667497921862,PRESERVED
195264,ece25,cubic_spline,smooth_high_snr,30075,30074,0.9999667497921862,PRESERVED
195264,ece26,cubic_spline,smooth_high_snr,30075,30074,0.9999667497921862,PRESERVED
195264,ece27,cubic_spline,smooth_high_snr,30075,30074,0.9999667497921862,PRESERVED
195264,ece28,cubic_spline,smooth_high_snr,30075,30074,0.9999667497921862,PRESERVED
195264,ece29,cubic_spline,smooth_high_snr,30075,30074,0.9999667497921862,PRESERVED
195264,ece30,cubic_spline,smooth_high_snr,30075,30074,0.9999667497921862,PRESERVED
195264,ece31,cubic_spline,smooth_high_snr,30075,30074,0.9999667497921862,PRESERVED
195264,ece32,cubic_spline,smooth_high_snr,30075,30074,0.9999667497921862,PRESERVED
195264,ece33,cubic_spline,smooth_high_snr,30075,30074,0.9999667497921862,PRESERVED
195264,ece34,cubic_spline,smooth_high_snr,30075,30074,0.9999667497921862,PRESERVED
195264,ece35,cubic_spline,smooth_high_snr,30075,30074,0.9999667497921862,PRESERVED
195264,ece36,cubic_spline,smooth_high_snr,30075,30074,0.9999667497921862,PRESERVED
195264,ece37,cubic_spline,smooth_high_snr,30075,30074,0.9999667497921862,PRESERVED
195264,ece38,cubic_spline,smooth_high_snr,30075,30074,0.9999667497921862,PRESERVED
195264,ece39,cubic_spline,smooth_high_snr,30075,30074,0.9999667497921862,PRESERVED
195264,ece40,cubic_spline,smooth_high_snr,30075,30074,0.9999667497921862,PRESERVED
195264,fs03da,pchip_no_smoothing,noisy,300751,300750,0.9999966749902743,PRESERVED
195264,fs04,cubic_spline_simple,slow_varying,300751,300750,0.9999966749902743,PRESERVED
195264,fs04da,cubic_spline_simple,slow_varying,300751,300750,0.9999966749902743,PRESERVED
195264,fs05da,pchip_careful,fast_transient,300751,300750,0.9999966749902743,PRESERVED
195264,gasa,decimate_with_antialiasing,smooth_high_snr,120300,3085,0.02564422277639235,DOWNSAMPLED
195264,gasb,decimate_with_antialiasing,fast_transient,120300,3085,0.02564422277639235,DOWNSAMPLED
195264,gasc,decimate_with_antialiasing,fast_transient,120300,3085,0.02564422277639235,DOWNSAMPLED
195264,gasd,decimate_with_antialiasing,noisy,120300,3085,0.02564422277639235,DOWNSAMPLED
195264,ip,decimate_with_antialiasing,smooth_high_snr,120300,6332,0.052635078969243555,DOWNSAMPLED
195264,kappa,cubic_spline,smooth_high_snr,290,293,1.0103448275862068,UPSAMPLED
195264,li,cubic_spline,smooth_high_snr,290,293,1.0103448275862068,UPSAMPLED
195264,pcbcoil,decimate_with_antialiasing,smooth_high_snr,120301,6016,0.05000789685871273,DOWNSAMPLED
195264,pcdiamag3,decimate_with_antialiasing,smooth_high_snr,120301,6016,0.05000789685871273,DOWNSAMPLED
195264,pinj,cubic_spline,smooth_high_snr,60151,60150,0.9999833751724826,PRESERVED
195264,pinj_15l,pchip_careful,fast_transient,60151,60150,0.9999833751724826,PRESERVED
195264,pinj_15r,pchip_careful,fast_transient,60151,60150,0.9999833751724826,PRESERVED
195264,pinj_21l,cubic_spline,smooth_high_snr,60151,60150,0.9999833751724826,PRESERVED
195264,pinj_21r,pchip_careful,fast_transient,60151,60150,0.9999833751724826,PRESERVED
195264,pinj_30l,pchip_careful,fast_transient,60151,60150,0.9999833751724826,PRESERVED
195264,pinj_30r,cubic_spline,smooth_high_snr,60151,60150,0.9999833751724826,PRESERVED
195264,pinj_33l,pchip_careful,fast_transient,60151,60150,0.9999833751724826,PRESERVED
195264,pinj_33r,cubic_spline,smooth_high_snr,60151,60150,0.9999833751724826,PRESERVED
195264,prmtan_neped,pchip_careful,fast_transient,904,571,0.6316371681415929,DOWNSAMPLED
195264,prmtan_teped,cubic_spline_simple,slow_varying,837,571,0.6821983273596177,DOWNSAMPLED
195264,q95,cubic_spline,smooth_high_snr,290,293,1.0103448275862068,UPSAMPLED
195264,rmaxis,cubic_spline,smooth_high_snr,290,293,1.0103448275862068,UPSAMPLED
195264,rsurf,cubic_spline,smooth_high_snr,290,293,1.0103448275862068,UPSAMPLED
195264,tinj,cubic_spline,smooth_high_snr,60151,60150,0.9999833751724826,PRESERVED
195264,tribot,pchip_careful,fast_transient,290,293,1.0103448275862068,UPSAMPLED
195264,tritop,cubic_spline,smooth_high_snr,290,293,1.0103448275862068,UPSAMPLED
195264,volume,cubic_spline,smooth_high_snr,290,293,1.0103448275862068,UPSAMPLED
195264,vsurf,cubic_spline,smooth_high_snr,290,293,1.0103448275862068,UPSAMPLED
195264,zcur,pchip_no_smoothing,noisy,290,293,1.0103448275862068,UPSAMPLED
195264,zmaxis,cubic_spline_simple,slow_varying,290,293,1.0103448275862068,UPSAMPLED
195264,zsurf,cubic_spline_simple,slow_varying,290,293,1.0103448275862068,UPSAMPLED
195265,aminor,cubic_spline,smooth_high_snr,291,294,1.0103092783505154,UPSAMPLED
195265,area,cubic_spline,smooth_high_snr,291,294,1.0103092783505154,UPSAMPLED
195265,betan,cubic_spline,smooth_high_snr,291,294,1.0103092783505154,UPSAMPLED
195265,bt,decimate_with_antialiasing,smooth_high_snr,120300,6332,0.052635078969243555,DOWNSAMPLED
195265,cerqrott10,cubic_spline_simple,slow_varying,804,532,0.6616915422885572,DOWNSAMPLED
195265,cerqrott11,cubic_spline_simple,slow_varying,804,532,0.6616915422885572,DOWNSAMPLED
195265,cerqrott12,cubic_spline_simple,slow_varying,804,532,0.6616915422885572,DOWNSAMPLED
195265,cerqrott13,cubic_spline_simple,slow_varying,804,532,0.6616915422885572,DOWNSAMPLED
195265,cerqrott3,cubic_spline,smooth_high_snr,864,530,0.6134259259259259,DOWNSAMPLED
195265,cerqrott6,cubic_spline,smooth_high_snr,864,530,0.6134259259259259,DOWNSAMPLED
195265,cerqrott8,cubic_spline,smooth_high_snr,804,532,0.6616915422885572,DOWNSAMPLED
195265,cerqtit10,cubic_spline,smooth_high_snr,804,532,0.6616915422885572,DOWNSAMPLED
195265,cerqtit11,cubic_spline_simple,slow_varying,804,532,0.6616915422885572,DOWNSAMPLED
195265,cerqtit12,cubic_spline_simple,slow_varying,804,532,0.6616915422885572,DOWNSAMPLED
195265,cerqtit13,cubic_spline_simple,slow_varying,804,532,0.6616915422885572,DOWNSAMPLED
195265,cerqtit3,cubic_spline,smooth_high_snr,864,530,0.6134259259259259,DOWNSAMPLED
195265,cerqtit6,cubic_spline,smooth_high_snr,864,530,0.6134259259259259,DOWNSAMPLED
195265,cerqtit8,cubic_spline,smooth_high_snr,804,532,0.6616915422885572,DOWNSAMPLED
195265,density,cubic_spline,smooth_high_snr,5895,5894,0.999830364715861,PRESERVED
195265,drsep,pchip_careful,fast_transient,291,294,1.0103092783505154,UPSAMPLED
195265,ece1,cubic_spline,smooth_high_snr,30075,30074,0.9999667497921862,PRESERVED
195265,ece2,cubic_spline,smooth_high_snr,30075,30074,0.9999667497921862,PRESERVED
195265,ece3,cubic_spline,smooth_high_snr,30075,30074,0.9999667497921862,PRESERVED
195265,ece4,cubic_spline,smooth_high_snr,30075,30074,0.9999667497921862,PRESERVED
195265,ece5,cubic_spline,smooth_high_snr,30075,30074,0.9999667497921862,PRESERVED
195265,ece6,cubic_spline,smooth_high_snr,30075,30074,0.9999667497921862,PRESERVED
195265,ece7,cubic_spline,smooth_high_snr,30075,30074,0.9999667497921862,PRESERVED
195265,ece8,cubic_spline,smooth_high_snr,30075,30074,0.9999667497921862,PRESERVED
195265,ece9,cubic_spline,smooth_high_snr,30075,30074,0.9999667497921862,PRESERVED
195265,ece10,cubic_spline,smooth_high_snr,30075,30074,0.9999667497921862,PRESERVED
195265,ece11,cubic_spline,smooth_high_snr,30075,30074,0.9999667497921862,PRESERVED
195265,ece12,cubic_spline,smooth_high_snr,30075,30074,0.9999667497921862,PRESERVED
195265,ece13,cubic_spline,smooth_high_snr,30075,30074,0.9999667497921862,PRESERVED
195265,ece14,cubic_spline,smooth_high_snr,30075,30074,0.9999667497921862,PRESERVED
195265,ece15,cubic_spline,smooth_high_snr,30075,30074,0.9999667497921862,PRESERVED
195265,ece16,cubic_spline,smooth_high_snr,30075,30074,0.9999667497921862,PRESERVED
195265,ece17,cubic_spline,smooth_high_snr,30075,30074,0.9999667497921862,PRESERVED
195265,ece18,cubic_spline,smooth_high_snr,30075,30074,0.9999667497921862,PRESERVED
195265,ece19,cubic_spline,smooth_high_snr,30075,30074,0.9999667497921862,PRESERVED
195265,ece20,cubic_spline,smooth_high_snr,30075,30074,0.9999667497921862,PRESERVED
195265,ece21,cubic_spline,smooth_high_snr,30075,30074,0.9999667497921862,PRESERVED
195265,ece22,cubic_spline,smooth_high_snr,30075,30074,0.9999667497921862,PRESERVED
195265,ece23,cubic_spline,smooth_high_snr,30075,30074,0.9999667497921862,PRESERVED
195265,ece24,cubic_spline,smooth_high_snr,30075,30074,0.9999667497921862,PRESERVED
195265,ece25,cubic_spline,smooth_high_snr,30075,30074,0.9999667497921862,PRESERVED
195265,ece26,cubic_spline,smooth_high_snr,30075,30074,0.9999667497921862,PRESERVED
195265,ece27,cubic_spline,smooth_high_snr,30075,30074,0.9999667497921862,PRESERVED
195265,ece28,cubic_spline,smooth_high_snr,30075,30074,0.9999667497921862,PRESERVED
195265,ece29,cubic_spline,smooth_high_snr,30075,30074,0.9999667497921862,PRESERVED
195265,ece30,cubic_spline,smooth_high_snr,30075,30074,0.9999667497921862,PRESERVED
195265,ece31,cubic_spline,smooth_high_snr,30075,30074,0.9999667497921862,PRESERVED
195265,ece32,cubic_spline,smooth_high_snr,30075,30074,0.9999667497921862,PRESERVED
195265,ece33,cubic_spline,smooth_high_snr,30075,30074,0.9999667497921862,PRESERVED
195265,ece34,cubic_spline,smooth_high_snr,30075,30074,0.9999667497921862,PRESERVED
195265,ece35,cubic_spline,smooth_high_snr,30075,30074,0.9999667497921862,PRESERVED
195265,ece36,cubic_spline,smooth_high_snr,30075,30074,0.9999667497921862,PRESERVED
195265,ece37,cubic_spline,smooth_high_snr,30075,30074,0.9999667497921862,PRESERVED
195265,ece38,cubic_spline,smooth_high_snr,30075,30074,0.9999667497921862,PRESERVED
195265,ece39,cubic_spline,smooth_high_snr,30075,30074,0.9999667497921862,PRESERVED
195265,ece40,cubic_spline,smooth_high_snr,30075,30074,0.9999667497921862,PRESERVED
195265,fs03da,pchip_no_smoothing,noisy,300751,300750,0.9999966749902743,PRESERVED
195265,fs04,cubic_spline_simple,slow_varying,300751,300750,0.9999966749902743,PRESERVED
195265,fs04da,cubic_spline_simple,slow_varying,300751,300750,0.9999966749902743,PRESERVED
195265,fs05da,pchip_careful,fast_transient,300751,300750,0.9999966749902743,PRESERVED
195265,gasa,decimate_with_antialiasing,smooth_high_snr,120300,3085,0.02564422277639235,DOWNSAMPLED
195265,gasb,decimate_with_antialiasing,fast_transient,120300,3085,0.02564422277639235,DOWNSAMPLED
195265,gasc,decimate_with_antialiasing,fast_transient,120300,3085,0.02564422277639235,DOWNSAMPLED
195265,gasd,decimate_with_antialiasing,noisy,120300,3085,0.02564422277639235,DOWNSAMPLED
195265,ip,decimate_with_antialiasing,smooth_high_snr,120300,6332,0.052635078969243555,DOWNSAMPLED
195265,kappa,cubic_spline,smooth_high_snr,291,294,1.0103092783505154,UPSAMPLED
195265,li,cubic_spline,smooth_high_snr,291,294,1.0103092783505154,UPSAMPLED
195265,pcbcoil,decimate_with_antialiasing,smooth_high_snr,120301,6016,0.05000789685871273,DOWNSAMPLED
195265,pcdiamag3,decimate_with_antialiasing,smooth_high_snr,120301,6016,0.05000789685871273,DOWNSAMPLED
195265,pinj,cubic_spline,smooth_high_snr,60151,60150,0.9999833751724826,PRESERVED
195265,pinj_15l,pchip_careful,fast_transient,60151,60150,0.9999833751724826,PRESERVED
195265,pinj_15r,pchip_careful,fast_transient,60151,60150,0.9999833751724826,PRESERVED
195265,pinj_21l,cubic_spline,smooth_high_snr,60151,60150,0.9999833751724826,PRESERVED
195265,pinj_21r,pchip_careful,fast_transient,60151,60150,0.9999833751724826,PRESERVED
195265,pinj_30l,pchip_careful,fast_transient,60151,60150,0.9999833751724826,PRESERVED
195265,pinj_30r,cubic_spline,smooth_high_snr,60151,60150,0.9999833751724826,PRESERVED
195265,pinj_33l,pchip_careful,fast_transient,60151,60150,0.9999833751724826,PRESERVED
195265,pinj_33r,cubic_spline,smooth_high_snr,60151,60150,0.9999833751724826,PRESERVED
195265,prmtan_neped,pchip_careful,fast_transient,903,571,0.6323366555924695,DOWNSAMPLED
195265,prmtan_teped,cubic_spline_simple,slow_varying,827,571,0.6904474002418379,DOWNSAMPLED
195265,q95,cubic_spline,smooth_high_snr,291,294,1.0103092783505154,UPSAMPLED
195265,rmaxis,cubic_spline,smooth_high_snr,291,294,1.0103092783505154,UPSAMPLED
195265,rsurf,cubic_spline,smooth_high_snr,291,294,1.0103092783505154,UPSAMPLED
195265,tinj,cubic_spline,smooth_high_snr,60151,60150,0.9999833751724826,PRESERVED
195265,tribot,pchip_careful,fast_transient,291,294,1.0103092783505154,UPSAMPLED
195265,tritop,cubic_spline,smooth_high_snr,291,294,1.0103092783505154,UPSAMPLED
195265,volume,cubic_spline,smooth_high_snr,291,294,1.0103092783505154,UPSAMPLED
195265,vsurf,cubic_spline,smooth_high_snr,291,294,1.0103092783505154,UPSAMPLED
195265,zcur,pchip_no_smoothing,noisy,291,294,1.0103092783505154,UPSAMPLED
195265,zmaxis,cubic_spline_simple,slow_varying,291,294,1.0103092783505154,UPSAMPLED
195265,zsurf,cubic_spline_simple,slow_varying,291,294,1.0103092783505154,UPSAMPLED
195266,aminor,cubic_spline,smooth_high_snr,289,294,1.0173010380622838,UPSAMPLED
195266,area,cubic_spline,smooth_high_snr,289,294,1.0173010380622838,UPSAMPLED
195266,betan,cubic_spline,smooth_high_snr,289,294,1.0173010380622838,UPSAMPLED
195266,bt,decimate_with_antialiasing,smooth_high_snr,120300,6332,0.052635078969243555,DOWNSAMPLED
195266,cerqrott10,cubic_spline_simple,slow_varying,837,532,0.6356033452807647,DOWNSAMPLED
195266,cerqrott11,cubic_spline_simple,slow_varying,837,532,0.6356033452807647,DOWNSAMPLED
195266,cerqrott12,cubic_spline_simple,slow_varying,837,532,0.6356033452807647,DOWNSAMPLED
195266,cerqrott13,cubic_spline_simple,slow_varying,837,532,0.6356033452807647,DOWNSAMPLED
195266,cerqrott3,cubic_spline,smooth_high_snr,868,530,0.6105990783410138,DOWNSAMPLED
195266,cerqrott6,cubic_spline,smooth_high_snr,868,530,0.6105990783410138,DOWNSAMPLED
195266,cerqrott8,cubic_spline,smooth_high_snr,837,532,0.6356033452807647,DOWNSAMPLED
195266,cerqtit10,cubic_spline,smooth_high_snr,837,532,0.6356033452807647,DOWNSAMPLED
195266,cerqtit11,cubic_spline_simple,slow_varying,837,532,0.6356033452807647,DOWNSAMPLED
195266,cerqtit12,cubic_spline_simple,slow_varying,837,532,0.6356033452807647,DOWNSAMPLED
195266,cerqtit13,cubic_spline_simple,slow_varying,837,532,0.6356033452807647,DOWNSAMPLED
195266,cerqtit3,cubic_spline,smooth_high_snr,868,530,0.6105990783410138,DOWNSAMPLED
195266,cerqtit6,cubic_spline,smooth_high_snr,868,530,0.6105990783410138,DOWNSAMPLED
195266,cerqtit8,cubic_spline,smooth_high_snr,837,532,0.6356033452807647,DOWNSAMPLED
195266,density,cubic_spline,smooth_high_snr,5895,5894,0.999830364715861,PRESERVED
195266,drsep,pchip_careful,fast_transient,289,294,1.0173010380622838,UPSAMPLED
195266,ece1,cubic_spline,smooth_high_snr,30075,30074,0.9999667497921862,PRESERVED
195266,ece2,cubic_spline,smooth_high_snr,30075,30074,0.9999667497921862,PRESERVED
195266,ece3,cubic_spline,smooth_high_snr,30075,30074,0.9999667497921862,PRESERVED
195266,ece4,cubic_spline,smooth_high_snr,30075,30074,0.9999667497921862,PRESERVED
195266,ece5,cubic_spline,smooth_high_snr,30075,30074,0.9999667497921862,PRESERVED
195266,ece6,cubic_spline,smooth_high_snr,30075,30074,0.9999667497921862,PRESERVED
195266,ece7,cubic_spline,smooth_high_snr,30075,30074,0.9999667497921862,PRESERVED
195266,ece8,cubic_spline,smooth_high_snr,30075,30074,0.9999667497921862,PRESERVED
195266,ece9,cubic_spline,smooth_high_snr,30075,30074,0.9999667497921862,PRESERVED
195266,ece10,cubic_spline,smooth_high_snr,30075,30074,0.9999667497921862,PRESERVED
195266,ece11,cubic_spline,smooth_high_snr,30075,30074,0.9999667497921862,PRESERVED
195266,ece12,cubic_spline,smooth_high_snr,30075,30074,0.9999667497921862,PRESERVED
195266,ece13,cubic_spline,smooth_high_snr,30075,30074,0.9999667497921862,PRESERVED
195266,ece14,cubic_spline,smooth_high_snr,30075,30074,0.9999667497921862,PRESERVED
195266,ece15,cubic_spline,smooth_high_snr,30075,30074,0.9999667497921862,PRESERVED
195266,ece16,cubic_spline,smooth_high_snr,30075,30074,0.9999667497921862,PRESERVED
195266,ece17,cubic_spline,smooth_high_snr,30075,30074,0.9999667497921862,PRESERVED
195266,ece18,cubic_spline,smooth_high_snr,30075,30074,0.9999667497921862,PRESERVED
195266,ece19,cubic_spline,smooth_high_snr,30075,30074,0.9999667497921862,PRESERVED
195266,ece20,cubic_spline,smooth_high_snr,30075,30074,0.9999667497921862,PRESERVED
195266,ece21,cubic_spline,smooth_high_snr,30075,30074,0.9999667497921862,PRESERVED
195266,ece22,cubic_spline,smooth_high_snr,30075,30074,0.9999667497921862,PRESERVED
195266,ece23,cubic_spline,smooth_high_snr,30075,30074,0.9999667497921862,PRESERVED
195266,ece24,cubic_spline,smooth_high_snr,30075,30074,0.9999667497921862,PRESERVED
195266,ece25,cubic_spline,smooth_high_snr,30075,30074,0.9999667497921862,PRESERVED
195266,ece26,cubic_spline,smooth_high_snr,30075,30074,0.9999667497921862,PRESERVED
195266,ece27,cubic_spline,smooth_high_snr,30075,30074,0.9999667497921862,PRESERVED
195266,ece28,cubic_spline,smooth_high_snr,30075,30074,0.9999667497921862,PRESERVED
195266,ece29,cubic_spline,smooth_high_snr,30075,30074,0.9999667497921862,PRESERVED
195266,ece30,cubic_spline,smooth_high_snr,30075,30074,0.9999667497921862,PRESERVED
195266,ece31,cubic_spline,smooth_high_snr,30075,30074,0.9999667497921862,PRESERVED
195266,ece32,cubic_spline,smooth_high_snr,30075,30074,0.9999667497921862,PRESERVED
195266,ece33,cubic_spline,smooth_high_snr,30075,30074,0.9999667497921862,PRESERVED
195266,ece34,cubic_spline,smooth_high_snr,30075,30074,0.9999667497921862,PRESERVED
195266,ece35,cubic_spline,smooth_high_snr,30075,30074,0.9999667497921862,PRESERVED
195266,ece36,cubic_spline,smooth_high_snr,30075,30074,0.9999667497921862,PRESERVED
195266,ece37,cubic_spline,smooth_high_snr,30075,30074,0.9999667497921862,PRESERVED
195266,ece38,cubic_spline,smooth_high_snr,30075,30074,0.9999667497921862,PRESERVED
195266,ece39,cubic_spline,smooth_high_snr,30075,30074,0.9999667497921862,PRESERVED
195266,ece40,cubic_spline,smooth_high_snr,30075,30074,0.9999667497921862,PRESERVED
195266,fs03da,pchip_no_smoothing,noisy,300751,300750,0.9999966749902743,PRESERVED
195266,fs04,cubic_spline_simple,slow_varying,300751,300750,0.9999966749902743,PRESERVED
195266,fs04da,cubic_spline_simple,slow_varying,300751,300750,0.9999966749902743,PRESERVED
195266,fs05da,pchip_careful,fast_transient,300751,300750,0.9999966749902743,PRESERVED
195266,gasa,decimate_with_antialiasing,smooth_high_snr,120300,3085,0.02564422277639235,DOWNSAMPLED
195266,gasb,decimate_with_antialiasing,fast_transient,120300,3085,0.02564422277639235,DOWNSAMPLED
195266,gasc,decimate_with_antialiasing,fast_transient,120300,3085,0.02564422277639235,DOWNSAMPLED
195266,gasd,decimate_with_antialiasing,noisy,120300,3085,0.02564422277639235,DOWNSAMPLED
195266,ip,decimate_with_antialiasing,smooth_high_snr,120300,6332,0.052635078969243555,DOWNSAMPLED
195266,kappa,cubic_spline,smooth_high_snr,289,294,1.0173010380622838,UPSAMPLED
195266,li,cubic_spline,smooth_high_snr,289,294,1.0173010380622838,UPSAMPLED
195266,pcbcoil,decimate_with_antialiasing,smooth_high_snr,120301,6016,0.05000789685871273,DOWNSAMPLED
195266,pcdiamag3,decimate_with_antialiasing,smooth_high_snr,120301,6016,0.05000789685871273,DOWNSAMPLED
195266,pinj,cubic_spline,smooth_high_snr,60151,60150,0.9999833751724826,PRESERVED
195266,pinj_15l,pchip_careful,fast_transient,60151,60150,0.9999833751724826,PRESERVED
195266,pinj_15r,pchip_careful,fast_transient,60151,60150,0.9999833751724826,PRESERVED
195266,pinj_21l,cubic_spline,smooth_high_snr,60151,60150,0.9999833751724826,PRESERVED
195266,pinj_21r,pchip_careful,fast_transient,60151,60150,0.9999833751724826,PRESERVED
195266,pinj_30l,pchip_careful,fast_transient,60151,60150,0.9999833751724826,PRESERVED
195266,pinj_30r,cubic_spline,smooth_high_snr,60151,60150,0.9999833751724826,PRESERVED
195266,pinj_33l,pchip_careful,fast_transient,60151,60150,0.9999833751724826,PRESERVED
195266,pinj_33r,cubic_spline,smooth_high_snr,60151,60150,0.9999833751724826,PRESERVED
195266,prmtan_neped,pchip_careful,fast_transient,905,571,0.630939226519337,DOWNSAMPLED
195266,prmtan_teped,cubic_spline_simple,slow_varying,832,569,0.6838942307692307,DOWNSAMPLED
195266,q95,cubic_spline,smooth_high_snr,289,294,1.0173010380622838,UPSAMPLED
195266,rmaxis,cubic_spline,smooth_high_snr,289,294,1.0173010380622838,UPSAMPLED
195266,rsurf,cubic_spline,smooth_high_snr,289,294,1.0173010380622838,UPSAMPLED
195266,tinj,cubic_spline,smooth_high_snr,60151,60150,0.9999833751724826,PRESERVED
195266,tribot,pchip_careful,fast_transient,289,294,1.0173010380622838,UPSAMPLED
195266,tritop,cubic_spline,smooth_high_snr,289,294,1.0173010380622838,UPSAMPLED
195266,volume,cubic_spline,smooth_high_snr,289,294,1.0173010380622838,UPSAMPLED
195266,vsurf,cubic_spline,smooth_high_snr,289,294,1.0173010380622838,UPSAMPLED
195266,zcur,pchip_no_smoothing,noisy,289,294,1.0173010380622838,UPSAMPLED
195266,zmaxis,cubic_spline_simple,slow_varying,289,294,1.0173010380622838,UPSAMPLED
195266,zsurf,cubic_spline_simple,slow_varying,289,294,1.0173010380622838,UPSAMPLED
195267,aminor,cubic_spline,smooth_high_snr,293,298,1.0170648464163823,UPSAMPLED
195267,area,cubic_spline,smooth_high_snr,293,298,1.0170648464163823,UPSAMPLED
195267,betan,cubic_spline,smooth_high_snr,293,298,1.0170648464163823,UPSAMPLED
195267,bt,decimate_with_antialiasing,smooth_high_snr,121800,6411,0.052635467980295565,DOWNSAMPLED
195267,cerqrott10,cubic_spline_simple,slow_varying,798,539,0.6754385964912281,DOWNSAMPLED
195267,cerqrott11,cubic_spline_simple,slow_varying,798,539,0.6754385964912281,DOWNSAMPLED
195267,cerqrott12,cubic_spline_simple,slow_varying,798,539,0.6754385964912281,DOWNSAMPLED
195267,cerqrott13,cubic_spline_simple,slow_varying,798,539,0.6754385964912281,DOWNSAMPLED
195267,cerqrott3,cubic_spline,smooth_high_snr,883,537,0.608154020385051,DOWNSAMPLED
195267,cerqrott6,cubic_spline,smooth_high_snr,883,537,0.608154020385051,DOWNSAMPLED
195267,cerqrott8,cubic_spline,smooth_high_snr,798,539,0.6754385964912281,DOWNSAMPLED
195267,cerqtit10,cubic_spline,smooth_high_snr,798,539,0.6754385964912281,DOWNSAMPLED
195267,cerqtit11,cubic_spline_simple,slow_varying,798,539,0.6754385964912281,DOWNSAMPLED
195267,cerqtit12,cubic_spline_simple,slow_varying,798,539,0.6754385964912281,DOWNSAMPLED
195267,cerqtit13,cubic_spline_simple,slow_varying,798,539,0.6754385964912281,DOWNSAMPLED
195267,cerqtit3,cubic_spline,smooth_high_snr,883,537,0.608154020385051,DOWNSAMPLED
195267,cerqtit6,cubic_spline,smooth_high_snr,883,537,0.608154020385051,DOWNSAMPLED
195267,cerqtit8,cubic_spline,smooth_high_snr,798,539,0.6754385964912281,DOWNSAMPLED
195267,density,cubic_spline,smooth_high_snr,5970,5969,0.9998324958123953,PRESERVED
195267,drsep,pchip_careful,fast_transient,293,298,1.0170648464163823,UPSAMPLED
195267,ece1,cubic_spline,smooth_high_snr,30450,30449,0.9999671592775041,PRESERVED
195267,ece2,cubic_spline,smooth_high_snr,30450,30449,0.9999671592775041,PRESERVED
195267,ece3,cubic_spline,smooth_high_snr,30450,30449,0.9999671592775041,PRESERVED
195267,ece4,cubic_spline,smooth_high_snr,30450,30449,0.9999671592775041,PRESERVED
195267,ece5,cubic_spline,smooth_high_snr,30450,30449,0.9999671592775041,PRESERVED
195267,ece6,cubic_spline,smooth_high_snr,30450,30449,0.9999671592775041,PRESERVED
195267,ece7,cubic_spline,smooth_high_snr,30450,30449,0.9999671592775041,PRESERVED
195267,ece8,cubic_spline,smooth_high_snr,30450,30449,0.9999671592775041,PRESERVED
195267,ece9,cubic_spline,smooth_high_snr,30450,30449,0.9999671592775041,PRESERVED
195267,ece10,cubic_spline,smooth_high_snr,30450,30449,0.9999671592775041,PRESERVED
195267,ece11,cubic_spline,smooth_high_snr,30450,30449,0.9999671592775041,PRESERVED
195267,ece12,cubic_spline,smooth_high_snr,30450,30449,0.9999671592775041,PRESERVED
195267,ece13,cubic_spline,smooth_high_snr,30450,30449,0.9999671592775041,PRESERVED
195267,ece14,cubic_spline,smooth_high_snr,30450,30449,0.9999671592775041,PRESERVED
195267,ece15,cubic_spline,smooth_high_snr,30450,30449,0.9999671592775041,PRESERVED
195267,ece16,cubic_spline,smooth_high_snr,30450,30449,0.9999671592775041,PRESERVED
195267,ece17,cubic_spline,smooth_high_snr,30450,30449,0.9999671592775041,PRESERVED
195267,ece18,cubic_spline,smooth_high_snr,30450,30449,0.9999671592775041,PRESERVED
195267,ece19,cubic_spline,smooth_high_snr,30450,30449,0.9999671592775041,PRESERVED
195267,ece20,cubic_spline,smooth_high_snr,30450,30449,0.9999671592775041,PRESERVED
195267,ece21,cubic_spline,smooth_high_snr,30450,30449,0.9999671592775041,PRESERVED
195267,ece22,cubic_spline,smooth_high_snr,30450,30449,0.9999671592775041,PRESERVED
195267,ece23,cubic_spline,smooth_high_snr,30450,30449,0.9999671592775041,PRESERVED
195267,ece24,cubic_spline,smooth_high_snr,30450,30449,0.9999671592775041,PRESERVED
195267,ece25,cubic_spline,smooth_high_snr,30450,30449,0.9999671592775041,PRESERVED
195267,ece26,cubic_spline,smooth_high_snr,30450,30449,0.9999671592775041,PRESERVED
195267,ece27,cubic_spline,smooth_high_snr,30450,30449,0.9999671592775041,PRESERVED
195267,ece28,cubic_spline,smooth_high_snr,30450,30449,0.9999671592775041,PRESERVED
195267,ece29,cubic_spline,smooth_high_snr,30450,30449,0.9999671592775041,PRESERVED
195267,ece30,cubic_spline,smooth_high_snr,30450,30449,0.9999671592775041,PRESERVED
195267,ece31,cubic_spline,smooth_high_snr,30450,30449,0.9999671592775041,PRESERVED
195267,ece32,cubic_spline,smooth_high_snr,30450,30449,0.9999671592775041,PRESERVED
195267,ece33,cubic_spline,smooth_high_snr,30450,30449,0.9999671592775041,PRESERVED
195267,ece34,cubic_spline,smooth_high_snr,30450,30449,0.9999671592775041,PRESERVED
195267,ece35,cubic_spline,smooth_high_snr,30450,30449,0.9999671592775041,PRESERVED
195267,ece36,cubic_spline,smooth_high_snr,30450,30449,0.9999671592775041,PRESERVED
195267,ece37,cubic_spline,smooth_high_snr,30450,30449,0.9999671592775041,PRESERVED
195267,ece38,cubic_spline,smooth_high_snr,30450,30449,0.9999671592775041,PRESERVED
195267,ece39,cubic_spline,smooth_high_snr,30450,30449,0.9999671592775041,PRESERVED
195267,ece40,cubic_spline,smooth_high_snr,30450,30449,0.9999671592775041,PRESERVED
195267,fs03da,pchip_no_smoothing,noisy,304501,304500,0.9999967159385355,PRESERVED
195267,fs04,cubic_spline_simple,slow_varying,304501,304500,0.9999967159385355,PRESERVED
195267,fs04da,cubic_spline_simple,slow_varying,304501,304500,0.9999967159385355,PRESERVED
195267,fs05da,pchip_careful,fast_transient,304501,304500,0.9999967159385355,PRESERVED
195267,gasa,decimate_with_antialiasing,smooth_high_snr,121801,3046,0.025008004860387026,DOWNSAMPLED
195267,gasb,decimate_with_antialiasing,fast_transient,121801,3046,0.025008004860387026,DOWNSAMPLED
195267,gasc,decimate_with_antialiasing,fast_transient,121801,3046,0.025008004860387026,DOWNSAMPLED
195267,gasd,decimate_with_antialiasing,noisy,121801,3046,0.025008004860387026,DOWNSAMPLED
195267,ip,decimate_with_antialiasing,smooth_high_snr,121800,6411,0.052635467980295565,DOWNSAMPLED
195267,kappa,cubic_spline,smooth_high_snr,293,298,1.0170648464163823,UPSAMPLED
195267,li,cubic_spline,smooth_high_snr,293,298,1.0170648464163823,UPSAMPLED
195267,pcbcoil,decimate_with_antialiasing,smooth_high_snr,121801,6091,0.05000779960755659,DOWNSAMPLED
195267,pcdiamag3,decimate_with_antialiasing,smooth_high_snr,121801,6091,0.05000779960755659,DOWNSAMPLED
195267,pinj,cubic_spline,smooth_high_snr,60901,60900,0.9999835799083759,PRESERVED
195267,pinj_15l,pchip_careful,fast_transient,60901,60900,0.9999835799083759,PRESERVED
195267,pinj_15r,pchip_careful,fast_transient,60901,60900,0.9999835799083759,PRESERVED
195267,pinj_21l,cubic_spline,smooth_high_snr,60901,60900,0.9999835799083759,PRESERVED
195267,pinj_21r,pchip_careful,fast_transient,60901,60900,0.9999835799083759,PRESERVED
195267,pinj_30l,pchip_careful,fast_transient,60901,60900,0.9999835799083759,PRESERVED
195267,pinj_30r,cubic_spline,smooth_high_snr,60901,60900,0.9999835799083759,PRESERVED
195267,pinj_33l,pchip_careful,fast_transient,60901,60900,0.9999835799083759,PRESERVED
195267,pinj_33r,cubic_spline,smooth_high_snr,60901,60900,0.9999835799083759,PRESERVED
195267,prmtan_neped,pchip_careful,fast_transient,913,578,0.6330777656078861,DOWNSAMPLED
195267,prmtan_teped,cubic_spline_simple,slow_varying,841,578,0.6872770511296076,DOWNSAMPLED
195267,q95,cubic_spline,smooth_high_snr,293,298,1.0170648464163823,UPSAMPLED
195267,rmaxis,cubic_spline,smooth_high_snr,293,298,1.0170648464163823,UPSAMPLED
195267,rsurf,cubic_spline,smooth_high_snr,293,298,1.0170648464163823,UPSAMPLED
195267,tinj,cubic_spline,smooth_high_snr,60901,60900,0.9999835799083759,PRESERVED
195267,tribot,pchip_careful,fast_transient,293,298,1.0170648464163823,UPSAMPLED
195267,tritop,cubic_spline,smooth_high_snr,293,298,1.0170648464163823,UPSAMPLED
195267,volume,cubic_spline,smooth_high_snr,293,298,1.0170648464163823,UPSAMPLED
195267,vsurf,cubic_spline,smooth_high_snr,293,298,1.0170648464163823,UPSAMPLED
195267,zcur,pchip_no_smoothing,noisy,293,298,1.0170648464163823,UPSAMPLED
195267,zmaxis,cubic_spline_simple,slow_varying,293,298,1.0170648464163823,UPSAMPLED
195267,zsurf,cubic_spline_simple,slow_varying,293,298,1.0170648464163823,UPSAMPLED
195268,aminor,cubic_spline,smooth_high_snr,296,298,1.0067567567567568,PRESERVED
195268,area,cubic_spline,smooth_high_snr,296,298,1.0067567567567568,PRESERVED
195268,betan,cubic_spline,smooth_high_snr,296,298,1.0067567567567568,PRESERVED
195268,bt,decimate_with_antialiasing,smooth_high_snr,121600,6400,0.05263157894736842,DOWNSAMPLED
195268,cerqrott10,cubic_spline_simple,slow_varying,841,538,0.6397146254458977,DOWNSAMPLED
195268,cerqrott11,cubic_spline_simple,slow_varying,841,538,0.6397146254458977,DOWNSAMPLED
195268,cerqrott12,cubic_spline_simple,slow_varying,841,538,0.6397146254458977,DOWNSAMPLED
195268,cerqrott13,cubic_spline_simple,slow_varying,841,538,0.6397146254458977,DOWNSAMPLED
195268,cerqrott3,cubic_spline,smooth_high_snr,876,536,0.6118721461187214,DOWNSAMPLED
195268,cerqrott6,cubic_spline,smooth_high_snr,876,536,0.6118721461187214,DOWNSAMPLED
195268,cerqrott8,cubic_spline,smooth_high_snr,841,538,0.6397146254458977,DOWNSAMPLED
195268,cerqtit10,cubic_spline,smooth_high_snr,841,538,0.6397146254458977,DOWNSAMPLED
195268,cerqtit11,cubic_spline_simple,slow_varying,841,538,0.6397146254458977,DOWNSAMPLED
195268,cerqtit12,cubic_spline_simple,slow_varying,841,538,0.6397146254458977,DOWNSAMPLED
195268,cerqtit13,cubic_spline_simple,slow_varying,841,538,0.6397146254458977,DOWNSAMPLED
195268,cerqtit3,cubic_spline,smooth_high_snr,876,536,0.6118721461187214,DOWNSAMPLED
195268,cerqtit6,cubic_spline,smooth_high_snr,876,536,0.6118721461187214,DOWNSAMPLED
195268,cerqtit8,cubic_spline,smooth_high_snr,841,538,0.6397146254458977,DOWNSAMPLED
195268,density,cubic_spline,smooth_high_snr,5960,5959,0.9998322147651006,PRESERVED
195268,drsep,pchip_careful,fast_transient,296,298,1.0067567567567568,PRESERVED
195268,ece1,cubic_spline,smooth_high_snr,30401,30400,0.999967106345186,PRESERVED
195268,ece2,cubic_spline,smooth_high_snr,30401,30400,0.999967106345186,PRESERVED
195268,ece3,cubic_spline,smooth_high_snr,30401,30400,0.999967106345186,PRESERVED
195268,ece4,cubic_spline,smooth_high_snr,30401,30400,0.999967106345186,PRESERVED
195268,ece5,cubic_spline,smooth_high_snr,30401,30400,0.999967106345186,PRESERVED
195268,ece6,cubic_spline,smooth_high_snr,30401,30400,0.999967106345186,PRESERVED
195268,ece7,cubic_spline,smooth_high_snr,30401,30400,0.999967106345186,PRESERVED
195268,ece8,cubic_spline,smooth_high_snr,30401,30400,0.999967106345186,PRESERVED
195268,ece9,cubic_spline,smooth_high_snr,30401,30400,0.999967106345186,PRESERVED
195268,ece10,cubic_spline,smooth_high_snr,30401,30400,0.999967106345186,PRESERVED
195268,ece11,cubic_spline,smooth_high_snr,30401,30400,0.999967106345186,PRESERVED
195268,ece12,cubic_spline,smooth_high_snr,30401,30400,0.999967106345186,PRESERVED
195268,ece13,cubic_spline,smooth_high_snr,30401,30400,0.999967106345186,PRESERVED
195268,ece14,cubic_spline,smooth_high_snr,30401,30400,0.999967106345186,PRESERVED
195268,ece15,cubic_spline,smooth_high_snr,30401,30400,0.999967106345186,PRESERVED
195268,ece16,cubic_spline,smooth_high_snr,30401,30400,0.999967106345186,PRESERVED
195268,ece17,cubic_spline,smooth_high_snr,30401,30400,0.999967106345186,PRESERVED
195268,ece18,cubic_spline,smooth_high_snr,30401,30400,0.999967106345186,PRESERVED
195268,ece19,cubic_spline,smooth_high_snr,30401,30400,0.999967106345186,PRESERVED
195268,ece20,cubic_spline,smooth_high_snr,30401,30400,0.999967106345186,PRESERVED
195268,ece21,cubic_spline,smooth_high_snr,30401,30400,0.999967106345186,PRESERVED
195268,ece22,cubic_spline,smooth_high_snr,30401,30400,0.999967106345186,PRESERVED
195268,ece23,cubic_spline,smooth_high_snr,30401,30400,0.999967106345186,PRESERVED
195268,ece24,cubic_spline,smooth_high_snr,30401,30400,0.999967106345186,PRESERVED
195268,ece25,cubic_spline,smooth_high_snr,30401,30400,0.999967106345186,PRESERVED
195268,ece26,cubic_spline,smooth_high_snr,30401,30400,0.999967106345186,PRESERVED
195268,ece27,cubic_spline,smooth_high_snr,30401,30400,0.999967106345186,PRESERVED
195268,ece28,cubic_spline,smooth_high_snr,30401,30400,0.999967106345186,PRESERVED
195268,ece29,cubic_spline,smooth_high_snr,30401,30400,0.999967106345186,PRESERVED
195268,ece30,cubic_spline,smooth_high_snr,30401,30400,0.999967106345186,PRESERVED
195268,ece31,cubic_spline,smooth_high_snr,30401,30400,0.999967106345186,PRESERVED
195268,ece32,cubic_spline,smooth_high_snr,30401,30400,0.999967106345186,PRESERVED
195268,ece33,cubic_spline,smooth_high_snr,30401,30400,0.999967106345186,PRESERVED
195268,ece34,cubic_spline,smooth_high_snr,30401,30400,0.999967106345186,PRESERVED
195268,ece35,cubic_spline,smooth_high_snr,30401,30400,0.999967106345186,PRESERVED
195268,ece36,cubic_spline,smooth_high_snr,30401,30400,0.999967106345186,PRESERVED
195268,ece37,cubic_spline,smooth_high_snr,30401,30400,0.999967106345186,PRESERVED
195268,ece38,cubic_spline,smooth_high_snr,30401,30400,0.999967106345186,PRESERVED
195268,ece39,cubic_spline,smooth_high_snr,30401,30400,0.999967106345186,PRESERVED
195268,ece40,cubic_spline,smooth_high_snr,30401,30400,0.999967106345186,PRESERVED
195268,fs03da,pchip_no_smoothing,noisy,304001,304000,0.9999967105371363,PRESERVED
195268,fs04,cubic_spline_simple,slow_varying,304001,304000,0.9999967105371363,PRESERVED
195268,fs04da,cubic_spline_simple,slow_varying,304001,304000,0.9999967105371363,PRESERVED
195268,fs05da,pchip_careful,fast_transient,304001,304000,0.9999967105371363,PRESERVED
195268,gasa,decimate_with_antialiasing,smooth_high_snr,121600,3040,0.025,DOWNSAMPLED
195268,gasb,decimate_with_antialiasing,fast_transient,121600,3040,0.025,DOWNSAMPLED
195268,gasc,decimate_with_antialiasing,fast_transient,121600,3040,0.025,DOWNSAMPLED
195268,gasd,decimate_with_antialiasing,noisy,121600,3040,0.025,DOWNSAMPLED
195268,ip,decimate_with_antialiasing,smooth_high_snr,121600,6400,0.05263157894736842,DOWNSAMPLED
195268,kappa,cubic_spline,smooth_high_snr,296,298,1.0067567567567568,PRESERVED
195268,li,cubic_spline,smooth_high_snr,296,298,1.0067567567567568,PRESERVED
195268,pcbcoil,decimate_with_antialiasing,smooth_high_snr,121601,6081,0.050007812435752995,DOWNSAMPLED
195268,pcdiamag3,decimate_with_antialiasing,smooth_high_snr,121601,6081,0.050007812435752995,DOWNSAMPLED
195268,pinj,cubic_spline,smooth_high_snr,60801,60800,0.9999835529020904,PRESERVED
195268,pinj_15l,pchip_careful,fast_transient,60801,60800,0.9999835529020904,PRESERVED
195268,pinj_15r,pchip_careful,fast_transient,60801,60800,0.9999835529020904,PRESERVED
195268,pinj_21l,cubic_spline,smooth_high_snr,60801,60800,0.9999835529020904,PRESERVED
195268,pinj_21r,pchip_careful,fast_transient,60801,60800,0.9999835529020904,PRESERVED
195268,pinj_30l,pchip_careful,fast_transient,60801,60800,0.9999835529020904,PRESERVED
195268,pinj_30r,cubic_spline,smooth_high_snr,60801,60800,0.9999835529020904,PRESERVED
195268,pinj_33l,pchip_careful,fast_transient,60801,60800,0.9999835529020904,PRESERVED
195268,pinj_33r,cubic_spline,smooth_high_snr,60801,60800,0.9999835529020904,PRESERVED
195268,prmtan_neped,pchip_careful,fast_transient,910,578,0.6351648351648351,DOWNSAMPLED
195268,prmtan_teped,cubic_spline_simple,slow_varying,841,578,0.6872770511296076,DOWNSAMPLED
195268,q95,cubic_spline,smooth_high_snr,296,298,1.0067567567567568,PRESERVED
195268,rmaxis,cubic_spline,smooth_high_snr,296,298,1.0067567567567568,PRESERVED
195268,rsurf,cubic_spline,smooth_high_snr,296,298,1.0067567567567568,PRESERVED
195268,tinj,cubic_spline,smooth_high_snr,60801,60800,0.9999835529020904,PRESERVED
195268,tribot,pchip_careful,fast_transient,296,298,1.0067567567567568,PRESERVED
195268,tritop,cubic_spline,smooth_high_snr,296,298,1.0067567567567568,PRESERVED
195268,volume,cubic_spline,smooth_high_snr,296,298,1.0067567567567568,PRESERVED
195268,vsurf,cubic_spline,smooth_high_snr,296,298,1.0067567567567568,PRESERVED
195268,zcur,pchip_no_smoothing,noisy,296,298,1.0067567567567568,PRESERVED
195268,zmaxis,cubic_spline_simple,slow_varying,296,298,1.0067567567567568,PRESERVED
195268,zsurf,cubic_spline_simple,slow_varying,296,298,1.0067567567567568,PRESERVED
195269,aminor,cubic_spline,smooth_high_snr,289,294,1.0173010380622838,UPSAMPLED
195269,area,cubic_spline,smooth_high_snr,289,294,1.0173010380622838,UPSAMPLED
195269,betan,cubic_spline,smooth_high_snr,289,294,1.0173010380622838,UPSAMPLED
195269,bt,decimate_with_antialiasing,smooth_high_snr,120300,6332,0.052635078969243555,DOWNSAMPLED
195269,cerqrott10,cubic_spline_simple,slow_varying,798,532,0.6666666666666666,DOWNSAMPLED
195269,cerqrott11,cubic_spline_simple,slow_varying,798,532,0.6666666666666666,DOWNSAMPLED
195269,cerqrott12,cubic_spline_simple,slow_varying,798,532,0.6666666666666666,DOWNSAMPLED
195269,cerqrott13,cubic_spline_simple,slow_varying,798,532,0.6666666666666666,DOWNSAMPLED
195269,cerqrott3,cubic_spline,smooth_high_snr,867,530,0.6113033448673587,DOWNSAMPLED
195269,cerqrott6,cubic_spline,smooth_high_snr,867,530,0.6113033448673587,DOWNSAMPLED
195269,cerqrott8,cubic_spline,smooth_high_snr,798,532,0.6666666666666666,DOWNSAMPLED
195269,cerqtit10,cubic_spline,smooth_high_snr,798,532,0.6666666666666666,DOWNSAMPLED
195269,cerqtit11,cubic_spline_simple,slow_varying,798,532,0.6666666666666666,DOWNSAMPLED
195269,cerqtit12,cubic_spline_simple,slow_varying,798,532,0.6666666666666666,DOWNSAMPLED
195269,cerqtit13,cubic_spline_simple,slow_varying,798,532,0.6666666666666666,DOWNSAMPLED
195269,cerqtit3,cubic_spline,smooth_high_snr,867,530,0.6113033448673587,DOWNSAMPLED
195269,cerqtit6,cubic_spline,smooth_high_snr,867,530,0.6113033448673587,DOWNSAMPLED
195269,cerqtit8,cubic_spline,smooth_high_snr,798,532,0.6666666666666666,DOWNSAMPLED
195269,density,cubic_spline,smooth_high_snr,5895,5894,0.999830364715861,PRESERVED
195269,drsep,pchip_careful,fast_transient,289,294,1.0173010380622838,UPSAMPLED
195269,ece1,cubic_spline,smooth_high_snr,30075,30074,0.9999667497921862,PRESERVED
195269,ece2,cubic_spline,smooth_high_snr,30075,30074,0.9999667497921862,PRESERVED
195269,ece3,cubic_spline,smooth_high_snr,30075,30074,0.9999667497921862,PRESERVED
195269,ece4,cubic_spline,smooth_high_snr,30075,30074,0.9999667497921862,PRESERVED
195269,ece5,cubic_spline,smooth_high_snr,30075,30074,0.9999667497921862,PRESERVED
195269,ece6,cubic_spline,smooth_high_snr,30075,30074,0.9999667497921862,PRESERVED
195269,ece7,cubic_spline,smooth_high_snr,30075,30074,0.9999667497921862,PRESERVED
195269,ece8,cubic_spline,smooth_high_snr,30075,30074,0.9999667497921862,PRESERVED
195269,ece9,cubic_spline,smooth_high_snr,30075,30074,0.9999667497921862,PRESERVED
195269,ece10,cubic_spline,smooth_high_snr,30075,30074,0.9999667497921862,PRESERVED
195269,ece11,cubic_spline,smooth_high_snr,30075,30074,0.9999667497921862,PRESERVED
195269,ece12,cubic_spline,smooth_high_snr,30075,30074,0.9999667497921862,PRESERVED
195269,ece13,cubic_spline,smooth_high_snr,30075,30074,0.9999667497921862,PRESERVED
195269,ece14,cubic_spline,smooth_high_snr,30075,30074,0.9999667497921862,PRESERVED
195269,ece15,cubic_spline,smooth_high_snr,30075,30074,0.9999667497921862,PRESERVED
195269,ece16,cubic_spline,smooth_high_snr,30075,30074,0.9999667497921862,PRESERVED
195269,ece17,cubic_spline,smooth_high_snr,30075,30074,0.9999667497921862,PRESERVED
195269,ece18,cubic_spline,smooth_high_snr,30075,30074,0.9999667497921862,PRESERVED
195269,ece19,cubic_spline,smooth_high_snr,30075,30074,0.9999667497921862,PRESERVED
195269,ece20,cubic_spline,smooth_high_snr,30075,30074,0.9999667497921862,PRESERVED
195269,ece21,cubic_spline,smooth_high_snr,30075,30074,0.9999667497921862,PRESERVED
195269,ece22,cubic_spline,smooth_high_snr,30075,30074,0.9999667497921862,PRESERVED
195269,ece23,cubic_spline,smooth_high_snr,30075,30074,0.9999667497921862,PRESERVED
195269,ece24,cubic_spline,smooth_high_snr,30075,30074,0.9999667497921862,PRESERVED
195269,ece25,cubic_spline,smooth_high_snr,30075,30074,0.9999667497921862,PRESERVED
195269,ece26,cubic_spline,smooth_high_snr,30075,30074,0.9999667497921862,PRESERVED
195269,ece27,cubic_spline,smooth_high_snr,30075,30074,0.9999667497921862,PRESERVED
195269,ece28,cubic_spline,smooth_high_snr,30075,30074,0.9999667497921862,PRESERVED
195269,ece29,cubic_spline,smooth_high_snr,30075,30074,0.9999667497921862,PRESERVED
195269,ece30,cubic_spline,smooth_high_snr,30075,30074,0.9999667497921862,PRESERVED
195269,ece31,cubic_spline,smooth_high_snr,30075,30074,0.9999667497921862,PRESERVED
195269,ece32,cubic_spline,smooth_high_snr,30075,30074,0.9999667497921862,PRESERVED
195269,ece33,cubic_spline,smooth_high_snr,30075,30074,0.9999667497921862,PRESERVED
195269,ece34,cubic_spline,smooth_high_snr,30075,30074,0.9999667497921862,PRESERVED
195269,ece35,cubic_spline,smooth_high_snr,30075,30074,0.9999667497921862,PRESERVED
195269,ece36,cubic_spline,smooth_high_snr,30075,30074,0.9999667497921862,PRESERVED
195269,ece37,cubic_spline,smooth_high_snr,30075,30074,0.9999667497921862,PRESERVED
195269,ece38,cubic_spline,smooth_high_snr,30075,30074,0.9999667497921862,PRESERVED
195269,ece39,cubic_spline,smooth_high_snr,30075,30074,0.9999667497921862,PRESERVED
195269,ece40,cubic_spline,smooth_high_snr,30075,30074,0.9999667497921862,PRESERVED
195269,fs03da,pchip_no_smoothing,noisy,300751,300750,0.9999966749902743,PRESERVED
195269,fs04,cubic_spline_simple,slow_varying,300751,300750,0.9999966749902743,PRESERVED
195269,fs04da,cubic_spline_simple,slow_varying,300751,300750,0.9999966749902743,PRESERVED
195269,fs05da,pchip_careful,fast_transient,300751,300750,0.9999966749902743,PRESERVED
195269,gasa,decimate_with_antialiasing,smooth_high_snr,120300,3085,0.02564422277639235,DOWNSAMPLED
195269,gasb,decimate_with_antialiasing,fast_transient,120300,3085,0.02564422277639235,DOWNSAMPLED
195269,gasc,decimate_with_antialiasing,fast_transient,120300,3085,0.02564422277639235,DOWNSAMPLED
195269,gasd,decimate_with_antialiasing,noisy,120300,3085,0.02564422277639235,DOWNSAMPLED
195269,ip,decimate_with_antialiasing,smooth_high_snr,120300,6332,0.052635078969243555,DOWNSAMPLED
195269,kappa,cubic_spline,smooth_high_snr,289,294,1.0173010380622838,UPSAMPLED
195269,li,cubic_spline,smooth_high_snr,289,294,1.0173010380622838,UPSAMPLED
195269,pcbcoil,decimate_with_antialiasing,smooth_high_snr,120301,6016,0.05000789685871273,DOWNSAMPLED
195269,pcdiamag3,decimate_with_antialiasing,smooth_high_snr,120301,6016,0.05000789685871273,DOWNSAMPLED
195269,pinj,cubic_spline,smooth_high_snr,60151,60150,0.9999833751724826,PRESERVED
195269,pinj_15l,pchip_careful,fast_transient,60151,60150,0.9999833751724826,PRESERVED
195269,pinj_15r,pchip_careful,fast_transient,60151,60150,0.9999833751724826,PRESERVED
195269,pinj_21l,cubic_spline,smooth_high_snr,60151,60150,0.9999833751724826,PRESERVED
195269,pinj_21r,pchip_careful,fast_transient,60151,60150,0.9999833751724826,PRESERVED
195269,pinj_30l,pchip_careful,fast_transient,60151,60150,0.9999833751724826,PRESERVED
195269,pinj_30r,cubic_spline,smooth_high_snr,60151,60150,0.9999833751724826,PRESERVED
195269,pinj_33l,pchip_careful,fast_transient,60151,60150,0.9999833751724826,PRESERVED
195269,pinj_33r,cubic_spline,smooth_high_snr,60151,60150,0.9999833751724826,PRESERVED
195269,prmtan_neped,pchip_careful,fast_transient,903,571,0.6323366555924695,DOWNSAMPLED
195269,prmtan_teped,cubic_spline_simple,slow_varying,841,569,0.6765755053507729,DOWNSAMPLED
195269,q95,cubic_spline,smooth_high_snr,289,294,1.0173010380622838,UPSAMPLED
195269,rmaxis,cubic_spline,smooth_high_snr,289,294,1.0173010380622838,UPSAMPLED
195269,rsurf,cubic_spline,smooth_high_snr,289,294,1.0173010380622838,UPSAMPLED
195269,tinj,cubic_spline,smooth_high_snr,60151,60150,0.9999833751724826,PRESERVED
195269,tribot,pchip_careful,fast_transient,289,294,1.0173010380622838,UPSAMPLED
195269,tritop,cubic_spline,smooth_high_snr,289,294,1.0173010380622838,UPSAMPLED
195269,volume,cubic_spline,smooth_high_snr,289,294,1.0173010380622838,UPSAMPLED
195269,vsurf,cubic_spline,smooth_high_snr,289,294,1.0173010380622838,UPSAMPLED
195269,zcur,pchip_no_smoothing,noisy,289,294,1.0173010380622838,UPSAMPLED
195269,zmaxis,cubic_spline_simple,slow_varying,289,294,1.0173010380622838,UPSAMPLED
195269,zsurf,cubic_spline_simple,slow_varying,289,294,1.0173010380622838,UPSAMPLED
195273,aminor,cubic_spline,smooth_high_snr,287,298,1.038327526132404,UPSAMPLED
195273,area,cubic_spline,smooth_high_snr,287,298,1.038327526132404,UPSAMPLED
195273,betan,cubic_spline,smooth_high_snr,287,298,1.038327526132404,UPSAMPLED
195273,bt,decimate_with_antialiasing,smooth_high_snr,121900,6416,0.05263330598851518,DOWNSAMPLED
195273,cerqrott10,cubic_spline_simple,slow_varying,841,540,0.6420927467300832,DOWNSAMPLED
195273,cerqrott11,cubic_spline_simple,slow_varying,841,540,0.6420927467300832,DOWNSAMPLED
195273,cerqrott12,cubic_spline_simple,slow_varying,841,540,0.6420927467300832,DOWNSAMPLED
195273,cerqrott13,cubic_spline_simple,slow_varying,841,540,0.6420927467300832,DOWNSAMPLED
195273,cerqrott3,cubic_spline,smooth_high_snr,864,538,0.6226851851851852,DOWNSAMPLED
195273,cerqrott6,cubic_spline,smooth_high_snr,864,538,0.6226851851851852,DOWNSAMPLED
195273,cerqrott8,cubic_spline,smooth_high_snr,841,540,0.6420927467300832,DOWNSAMPLED
195273,cerqtit10,cubic_spline,smooth_high_snr,841,540,0.6420927467300832,DOWNSAMPLED
195273,cerqtit11,cubic_spline_simple,slow_varying,841,540,0.6420927467300832,DOWNSAMPLED
195273,cerqtit12,cubic_spline_simple,slow_varying,841,540,0.6420927467300832,DOWNSAMPLED
195273,cerqtit13,cubic_spline_simple,slow_varying,841,540,0.6420927467300832,DOWNSAMPLED
195273,cerqtit3,cubic_spline,smooth_high_snr,864,538,0.6226851851851852,DOWNSAMPLED
195273,cerqtit6,cubic_spline,smooth_high_snr,864,538,0.6226851851851852,DOWNSAMPLED
195273,cerqtit8,cubic_spline,smooth_high_snr,841,540,0.6420927467300832,DOWNSAMPLED
195273,density,cubic_spline,smooth_high_snr,5975,5974,0.9998326359832636,PRESERVED
195273,drsep,pchip_careful,fast_transient,287,298,1.038327526132404,UPSAMPLED
195273,ece1,cubic_spline,smooth_high_snr,30475,30474,0.9999671862182117,PRESERVED
195273,ece2,cubic_spline,smooth_high_snr,30475,30474,0.9999671862182117,PRESERVED
195273,ece3,cubic_spline,smooth_high_snr,30475,30474,0.9999671862182117,PRESERVED
195273,ece4,cubic_spline,smooth_high_snr,30475,30474,0.9999671862182117,PRESERVED
195273,ece5,cubic_spline,smooth_high_snr,30475,30474,0.9999671862182117,PRESERVED
195273,ece6,cubic_spline,smooth_high_snr,30475,30474,0.9999671862182117,PRESERVED
195273,ece7,cubic_spline,smooth_high_snr,30475,30474,0.9999671862182117,PRESERVED
195273,ece8,cubic_spline,smooth_high_snr,30475,30474,0.9999671862182117,PRESERVED
195273,ece9,cubic_spline,smooth_high_snr,30475,30474,0.9999671862182117,PRESERVED
195273,ece10,cubic_spline,smooth_high_snr,30475,30474,0.9999671862182117,PRESERVED
195273,ece11,cubic_spline,smooth_high_snr,30475,30474,0.9999671862182117,PRESERVED
195273,ece12,cubic_spline,smooth_high_snr,30475,30474,0.9999671862182117,PRESERVED
195273,ece13,cubic_spline,smooth_high_snr,30475,30474,0.9999671862182117,PRESERVED
195273,ece14,cubic_spline,smooth_high_snr,30475,30474,0.9999671862182117,PRESERVED
195273,ece15,cubic_spline,smooth_high_snr,30475,30474,0.9999671862182117,PRESERVED
195273,ece16,cubic_spline,smooth_high_snr,30475,30474,0.9999671862182117,PRESERVED
195273,ece17,cubic_spline,smooth_high_snr,30475,30474,0.9999671862182117,PRESERVED
195273,ece18,cubic_spline,smooth_high_snr,30475,30474,0.9999671862182117,PRESERVED
195273,ece19,cubic_spline,smooth_high_snr,30475,30474,0.9999671862182117,PRESERVED
195273,ece20,cubic_spline,smooth_high_snr,30475,30474,0.9999671862182117,PRESERVED
195273,ece21,cubic_spline,smooth_high_snr,30475,30474,0.9999671862182117,PRESERVED
195273,ece22,cubic_spline,smooth_high_snr,30475,30474,0.9999671862182117,PRESERVED
195273,ece23,cubic_spline,smooth_high_snr,30475,30474,0.9999671862182117,PRESERVED
195273,ece24,cubic_spline,smooth_high_snr,30475,30474,0.9999671862182117,PRESERVED
195273,ece25,cubic_spline,smooth_high_snr,30475,30474,0.9999671862182117,PRESERVED
195273,ece26,cubic_spline,smooth_high_snr,30475,30474,0.9999671862182117,PRESERVED
195273,ece27,cubic_spline,smooth_high_snr,30475,30474,0.9999671862182117,PRESERVED
195273,ece28,cubic_spline,smooth_high_snr,30475,30474,0.9999671862182117,PRESERVED
195273,ece29,cubic_spline,smooth_high_snr,30475,30474,0.9999671862182117,PRESERVED
195273,ece30,cubic_spline,smooth_high_snr,30475,30474,0.9999671862182117,PRESERVED
195273,ece31,cubic_spline,smooth_high_snr,30475,30474,0.9999671862182117,PRESERVED
195273,ece32,cubic_spline,smooth_high_snr,30475,30474,0.9999671862182117,PRESERVED
195273,ece33,cubic_spline,smooth_high_snr,30475,30474,0.9999671862182117,PRESERVED
195273,ece34,cubic_spline,smooth_high_snr,30475,30474,0.9999671862182117,PRESERVED
195273,ece35,cubic_spline,smooth_high_snr,30475,30474,0.9999671862182117,PRESERVED
195273,ece36,cubic_spline,smooth_high_snr,30475,30474,0.9999671862182117,PRESERVED
195273,ece37,cubic_spline,smooth_high_snr,30475,30474,0.9999671862182117,PRESERVED
195273,ece38,cubic_spline,smooth_high_snr,30475,30474,0.9999671862182117,PRESERVED
195273,ece39,cubic_spline,smooth_high_snr,30475,30474,0.9999671862182117,PRESERVED
195273,ece40,cubic_spline,smooth_high_snr,30475,30474,0.9999671862182117,PRESERVED
195273,fs03da,pchip_no_smoothing,noisy,304751,304750,0.9999967186325885,PRESERVED
195273,fs04,cubic_spline_simple,slow_varying,304751,304750,0.9999967186325885,PRESERVED
195273,fs04da,cubic_spline_simple,slow_varying,304751,304750,0.9999967186325885,PRESERVED
195273,fs05da,pchip_careful,fast_transient,304751,304750,0.9999967186325885,PRESERVED
195273,gasa,decimate_with_antialiasing,smooth_high_snr,121900,3126,0.02564397046759639,DOWNSAMPLED
195273,gasb,decimate_with_antialiasing,fast_transient,121900,3126,0.02564397046759639,DOWNSAMPLED
195273,gasc,decimate_with_antialiasing,fast_transient,121900,3126,0.02564397046759639,DOWNSAMPLED
195273,gasd,decimate_with_antialiasing,noisy,121900,3126,0.02564397046759639,DOWNSAMPLED
195273,ip,decimate_with_antialiasing,smooth_high_snr,121900,6416,0.05263330598851518,DOWNSAMPLED
195273,kappa,cubic_spline,smooth_high_snr,287,298,1.038327526132404,UPSAMPLED
195273,li,cubic_spline,smooth_high_snr,287,298,1.038327526132404,UPSAMPLED
195273,pcbcoil,decimate_with_antialiasing,smooth_high_snr,121901,6096,0.05000779320924357,DOWNSAMPLED
195273,pcdiamag3,decimate_with_antialiasing,smooth_high_snr,121901,6096,0.05000779320924357,DOWNSAMPLED
195273,pinj,cubic_spline,smooth_high_snr,60951,60950,0.9999835933782875,PRESERVED
195273,pinj_15l,pchip_careful,fast_transient,60951,60950,0.9999835933782875,PRESERVED
195273,pinj_15r,pchip_careful,fast_transient,60951,60950,0.9999835933782875,PRESERVED
195273,pinj_21l,cubic_spline,smooth_high_snr,60951,60950,0.9999835933782875,PRESERVED
195273,pinj_21r,pchip_careful,fast_transient,60951,60950,0.9999835933782875,PRESERVED
195273,pinj_30l,pchip_careful,fast_transient,60951,60950,0.9999835933782875,PRESERVED
195273,pinj_30r,cubic_spline,smooth_high_snr,60951,60950,0.9999835933782875,PRESERVED
195273,pinj_33l,pchip_careful,fast_transient,60951,60950,0.9999835933782875,PRESERVED
195273,pinj_33r,cubic_spline,smooth_high_snr,60951,60950,0.9999835933782875,PRESERVED
195273,prmtan_neped,pchip_careful,fast_transient,904,579,0.6404867256637168,DOWNSAMPLED
195273,prmtan_teped,cubic_spline_simple,slow_varying,844,579,0.6860189573459715,DOWNSAMPLED
195273,q95,cubic_spline,smooth_high_snr,287,298,1.038327526132404,UPSAMPLED
195273,rmaxis,cubic_spline,smooth_high_snr,287,298,1.038327526132404,UPSAMPLED
195273,rsurf,cubic_spline,smooth_high_snr,287,298,1.038327526132404,UPSAMPLED
195273,tinj,cubic_spline,smooth_high_snr,60951,60950,0.9999835933782875,PRESERVED
195273,tribot,pchip_careful,fast_transient,287,298,1.038327526132404,UPSAMPLED
195273,tritop,cubic_spline,smooth_high_snr,287,298,1.038327526132404,UPSAMPLED
195273,volume,cubic_spline,smooth_high_snr,287,298,1.038327526132404,UPSAMPLED
195273,vsurf,cubic_spline,smooth_high_snr,287,298,1.038327526132404,UPSAMPLED
195273,zcur,pchip_no_smoothing,noisy,287,298,1.038327526132404,UPSAMPLED
195273,zmaxis,cubic_spline_simple,slow_varying,287,298,1.038327526132404,UPSAMPLED
195273,zsurf,cubic_spline_simple,slow_varying,287,298,1.038327526132404,UPSAMPLED
195274,aminor,cubic_spline,smooth_high_snr,290,294,1.013793103448276,UPSAMPLED
195274,area,cubic_spline,smooth_high_snr,290,294,1.013793103448276,UPSAMPLED
195274,betan,cubic_spline,smooth_high_snr,290,294,1.013793103448276,UPSAMPLED
195274,bt,decimate_with_antialiasing,smooth_high_snr,120300,6332,0.052635078969243555,DOWNSAMPLED
195274,cerqrott10,cubic_spline_simple,slow_varying,756,532,0.7037037037037037,DOWNSAMPLED
195274,cerqrott11,cubic_spline_simple,slow_varying,756,532,0.7037037037037037,DOWNSAMPLED
195274,cerqrott12,cubic_spline_simple,slow_varying,756,532,0.7037037037037037,DOWNSAMPLED
195274,cerqrott13,cubic_spline_simple,slow_varying,756,532,0.7037037037037037,DOWNSAMPLED
195274,cerqrott3,cubic_spline,smooth_high_snr,848,530,0.625,DOWNSAMPLED
195274,cerqrott6,cubic_spline,smooth_high_snr,848,530,0.625,DOWNSAMPLED
195274,cerqrott8,cubic_spline,smooth_high_snr,756,532,0.7037037037037037,DOWNSAMPLED
195274,cerqtit10,cubic_spline,smooth_high_snr,756,532,0.7037037037037037,DOWNSAMPLED
195274,cerqtit11,cubic_spline_simple,slow_varying,756,532,0.7037037037037037,DOWNSAMPLED
195274,cerqtit12,cubic_spline_simple,slow_varying,756,532,0.7037037037037037,DOWNSAMPLED
195274,cerqtit13,cubic_spline_simple,slow_varying,756,532,0.7037037037037037,DOWNSAMPLED
195274,cerqtit3,cubic_spline,smooth_high_snr,848,530,0.625,DOWNSAMPLED
195274,cerqtit6,cubic_spline,smooth_high_snr,848,530,0.625,DOWNSAMPLED
195274,cerqtit8,cubic_spline,smooth_high_snr,756,532,0.7037037037037037,DOWNSAMPLED
195274,density,cubic_spline,smooth_high_snr,5895,5894,0.999830364715861,PRESERVED
195274,drsep,pchip_careful,fast_transient,290,294,1.013793103448276,UPSAMPLED
195274,ece1,cubic_spline,smooth_high_snr,30075,30074,0.9999667497921862,PRESERVED
195274,ece2,cubic_spline,smooth_high_snr,30075,30074,0.9999667497921862,PRESERVED
195274,ece3,cubic_spline,smooth_high_snr,30075,30074,0.9999667497921862,PRESERVED
195274,ece4,cubic_spline,smooth_high_snr,30075,30074,0.9999667497921862,PRESERVED
195274,ece5,cubic_spline,smooth_high_snr,30075,30074,0.9999667497921862,PRESERVED
195274,ece6,cubic_spline,smooth_high_snr,30075,30074,0.9999667497921862,PRESERVED
195274,ece7,cubic_spline,smooth_high_snr,30075,30074,0.9999667497921862,PRESERVED
195274,ece8,cubic_spline,smooth_high_snr,30075,30074,0.9999667497921862,PRESERVED
195274,ece9,cubic_spline,smooth_high_snr,30075,30074,0.9999667497921862,PRESERVED
195274,ece10,cubic_spline,smooth_high_snr,30075,30074,0.9999667497921862,PRESERVED
195274,ece11,cubic_spline,smooth_high_snr,30075,30074,0.9999667497921862,PRESERVED
195274,ece12,cubic_spline,smooth_high_snr,30075,30074,0.9999667497921862,PRESERVED
195274,ece13,cubic_spline,smooth_high_snr,30075,30074,0.9999667497921862,PRESERVED
195274,ece14,cubic_spline,smooth_high_snr,30075,30074,0.9999667497921862,PRESERVED
195274,ece15,cubic_spline,smooth_high_snr,30075,30074,0.9999667497921862,PRESERVED
195274,ece16,cubic_spline,smooth_high_snr,30075,30074,0.9999667497921862,PRESERVED
195274,ece17,cubic_spline,smooth_high_snr,30075,30074,0.9999667497921862,PRESERVED
195274,ece18,cubic_spline,smooth_high_snr,30075,30074,0.9999667497921862,PRESERVED
195274,ece19,cubic_spline,smooth_high_snr,30075,30074,0.9999667497921862,PRESERVED
195274,ece20,cubic_spline,smooth_high_snr,30075,30074,0.9999667497921862,PRESERVED
195274,ece21,cubic_spline,smooth_high_snr,30075,30074,0.9999667497921862,PRESERVED
195274,ece22,cubic_spline,smooth_high_snr,30075,30074,0.9999667497921862,PRESERVED
195274,ece23,cubic_spline,smooth_high_snr,30075,30074,0.9999667497921862,PRESERVED
195274,ece24,cubic_spline,smooth_high_snr,30075,30074,0.9999667497921862,PRESERVED
195274,ece25,cubic_spline,smooth_high_snr,30075,30074,0.9999667497921862,PRESERVED
195274,ece26,cubic_spline,smooth_high_snr,30075,30074,0.9999667497921862,PRESERVED
195274,ece27,cubic_spline,smooth_high_snr,30075,30074,0.9999667497921862,PRESERVED
195274,ece28,cubic_spline,smooth_high_snr,30075,30074,0.9999667497921862,PRESERVED
195274,ece29,cubic_spline,smooth_high_snr,30075,30074,0.9999667497921862,PRESERVED
195274,ece30,cubic_spline,smooth_high_snr,30075,30074,0.9999667497921862,PRESERVED
195274,ece31,cubic_spline,smooth_high_snr,30075,30074,0.9999667497921862,PRESERVED
195274,ece32,cubic_spline,smooth_high_snr,30075,30074,0.9999667497921862,PRESERVED
195274,ece33,cubic_spline,smooth_high_snr,30075,30074,0.9999667497921862,PRESERVED
195274,ece34,cubic_spline,smooth_high_snr,30075,30074,0.9999667497921862,PRESERVED
195274,ece35,cubic_spline,smooth_high_snr,30075,30074,0.9999667497921862,PRESERVED
195274,ece36,cubic_spline,smooth_high_snr,30075,30074,0.9999667497921862,PRESERVED
195274,ece37,cubic_spline,smooth_high_snr,30075,30074,0.9999667497921862,PRESERVED
195274,ece38,cubic_spline,smooth_high_snr,30075,30074,0.9999667497921862,PRESERVED
195274,ece39,cubic_spline,smooth_high_snr,30075,30074,0.9999667497921862,PRESERVED
195274,ece40,cubic_spline,smooth_high_snr,30075,30074,0.9999667497921862,PRESERVED
195274,fs03da,pchip_no_smoothing,noisy,300751,300750,0.9999966749902743,PRESERVED
195274,fs04,cubic_spline_simple,slow_varying,300751,300750,0.9999966749902743,PRESERVED
195274,fs04da,cubic_spline_simple,slow_varying,300751,300750,0.9999966749902743,PRESERVED
195274,fs05da,pchip_careful,fast_transient,300751,300750,0.9999966749902743,PRESERVED
195274,gasa,decimate_with_antialiasing,smooth_high_snr,120300,3085,0.02564422277639235,DOWNSAMPLED
195274,gasb,decimate_with_antialiasing,fast_transient,120300,3085,0.02564422277639235,DOWNSAMPLED
195274,gasc,decimate_with_antialiasing,fast_transient,120300,3085,0.02564422277639235,DOWNSAMPLED
195274,gasd,decimate_with_antialiasing,noisy,120300,3085,0.02564422277639235,DOWNSAMPLED
195274,ip,decimate_with_antialiasing,smooth_high_snr,120300,6332,0.052635078969243555,DOWNSAMPLED
195274,kappa,cubic_spline,smooth_high_snr,290,294,1.013793103448276,UPSAMPLED
195274,li,cubic_spline,smooth_high_snr,290,294,1.013793103448276,UPSAMPLED
195274,pcbcoil,decimate_with_antialiasing,smooth_high_snr,120301,6016,0.05000789685871273,DOWNSAMPLED
195274,pcdiamag3,decimate_with_antialiasing,smooth_high_snr,120301,6016,0.05000789685871273,DOWNSAMPLED
195274,pinj,cubic_spline,smooth_high_snr,60151,60150,0.9999833751724826,PRESERVED
195274,pinj_15l,pchip_careful,fast_transient,60151,60150,0.9999833751724826,PRESERVED
195274,pinj_15r,pchip_careful,fast_transient,60151,60150,0.9999833751724826,PRESERVED
195274,pinj_21l,cubic_spline,smooth_high_snr,60151,60150,0.9999833751724826,PRESERVED
195274,pinj_21r,pchip_careful,fast_transient,60151,60150,0.9999833751724826,PRESERVED
195274,pinj_30l,pchip_careful,fast_transient,60151,60150,0.9999833751724826,PRESERVED
195274,pinj_30r,cubic_spline,smooth_high_snr,60151,60150,0.9999833751724826,PRESERVED
195274,pinj_33l,pchip_careful,fast_transient,60151,60150,0.9999833751724826,PRESERVED
195274,pinj_33r,cubic_spline,smooth_high_snr,60151,60150,0.9999833751724826,PRESERVED
195274,prmtan_neped,pchip_careful,fast_transient,897,571,0.6365663322185061,DOWNSAMPLED
195274,prmtan_teped,cubic_spline_simple,slow_varying,819,571,0.6971916971916972,DOWNSAMPLED
195274,q95,cubic_spline,smooth_high_snr,290,294,1.013793103448276,UPSAMPLED
195274,rmaxis,cubic_spline,smooth_high_snr,290,294,1.013793103448276,UPSAMPLED
195274,rsurf,cubic_spline,smooth_high_snr,290,294,1.013793103448276,UPSAMPLED
195274,tinj,cubic_spline,smooth_high_snr,60151,60150,0.9999833751724826,PRESERVED
195274,tribot,pchip_careful,fast_transient,290,294,1.013793103448276,UPSAMPLED
195274,tritop,cubic_spline,smooth_high_snr,290,294,1.013793103448276,UPSAMPLED
195274,volume,cubic_spline,smooth_high_snr,290,294,1.013793103448276,UPSAMPLED
195274,vsurf,cubic_spline,smooth_high_snr,290,294,1.013793103448276,UPSAMPLED
195274,zcur,pchip_no_smoothing,noisy,290,294,1.013793103448276,UPSAMPLED
195274,zmaxis,cubic_spline_simple,slow_varying,290,294,1.013793103448276,UPSAMPLED
195274,zsurf,cubic_spline_simple,slow_varying,290,294,1.013793103448276,UPSAMPLED
195626,aminor,cubic_spline,smooth_high_snr,268,267,0.996268656716418,PRESERVED
195626,area,cubic_spline,smooth_high_snr,268,267,0.996268656716418,PRESERVED
195626,betan,cubic_spline,smooth_high_snr,268,267,0.996268656716418,PRESERVED
195626,bt,decimate_with_antialiasing,smooth_high_snr,109900,5495,0.05,DOWNSAMPLED
195626,cerqrott10,cubic_spline_simple,slow_varying,915,509,0.5562841530054645,DOWNSAMPLED
195626,cerqrott11,cubic_spline_simple,slow_varying,915,509,0.5562841530054645,DOWNSAMPLED
195626,cerqrott12,cubic_spline_simple,slow_varying,915,509,0.5562841530054645,DOWNSAMPLED
195626,cerqrott13,cubic_spline_simple,slow_varying,915,509,0.5562841530054645,DOWNSAMPLED
195626,cerqrott3,cubic_spline,smooth_high_snr,867,510,0.5882352941176471,DOWNSAMPLED
195626,cerqrott6,cubic_spline,smooth_high_snr,867,510,0.5882352941176471,DOWNSAMPLED
195626,cerqrott8,cubic_spline,smooth_high_snr,915,509,0.5562841530054645,DOWNSAMPLED
195626,cerqtit10,cubic_spline,smooth_high_snr,915,509,0.5562841530054645,DOWNSAMPLED
195626,cerqtit11,cubic_spline_simple,slow_varying,915,509,0.5562841530054645,DOWNSAMPLED
195626,cerqtit12,cubic_spline_simple,slow_varying,915,509,0.5562841530054645,DOWNSAMPLED
195626,cerqtit13,cubic_spline_simple,slow_varying,915,509,0.5562841530054645,DOWNSAMPLED
195626,cerqtit3,cubic_spline,smooth_high_snr,867,510,0.5882352941176471,DOWNSAMPLED
195626,cerqtit6,cubic_spline,smooth_high_snr,867,510,0.5882352941176471,DOWNSAMPLED
195626,cerqtit8,cubic_spline,smooth_high_snr,915,509,0.5562841530054645,DOWNSAMPLED
195626,density,cubic_spline,smooth_high_snr,5355,5354,0.999813258636788,PRESERVED
195626,drsep,pchip_careful,fast_transient,268,267,0.996268656716418,PRESERVED
195626,ece1,cubic_spline,smooth_high_snr,27476,27475,0.9999636046003785,PRESERVED
195626,ece2,cubic_spline,smooth_high_snr,27476,27475,0.9999636046003785,PRESERVED
195626,ece3,cubic_spline,smooth_high_snr,27476,27475,0.9999636046003785,PRESERVED
195626,ece4,cubic_spline,smooth_high_snr,27476,27475,0.9999636046003785,PRESERVED
195626,ece5,cubic_spline,smooth_high_snr,27476,27475,0.9999636046003785,PRESERVED
195626,ece6,cubic_spline,smooth_high_snr,27476,27475,0.9999636046003785,PRESERVED
195626,ece7,cubic_spline,smooth_high_snr,27476,27475,0.9999636046003785,PRESERVED
195626,ece8,cubic_spline,smooth_high_snr,27476,27475,0.9999636046003785,PRESERVED
195626,ece9,cubic_spline,smooth_high_snr,27476,27475,0.9999636046003785,PRESERVED
195626,ece10,cubic_spline,smooth_high_snr,27476,27475,0.9999636046003785,PRESERVED
195626,ece11,cubic_spline,smooth_high_snr,27476,27475,0.9999636046003785,PRESERVED
195626,ece12,cubic_spline,smooth_high_snr,27476,27475,0.9999636046003785,PRESERVED
195626,ece13,cubic_spline,smooth_high_snr,27476,27475,0.9999636046003785,PRESERVED
195626,ece14,cubic_spline,smooth_high_snr,27476,27475,0.9999636046003785,PRESERVED
195626,ece15,cubic_spline,smooth_high_snr,27476,27475,0.9999636046003785,PRESERVED
195626,ece16,cubic_spline,smooth_high_snr,27476,27475,0.9999636046003785,PRESERVED
195626,ece17,cubic_spline,smooth_high_snr,27476,27475,0.9999636046003785,PRESERVED
195626,ece18,cubic_spline,smooth_high_snr,27476,27475,0.9999636046003785,PRESERVED
195626,ece19,cubic_spline,smooth_high_snr,27476,27475,0.9999636046003785,PRESERVED
195626,ece20,cubic_spline,smooth_high_snr,27476,27475,0.9999636046003785,PRESERVED
195626,ece21,cubic_spline,smooth_high_snr,27476,27475,0.9999636046003785,PRESERVED
195626,ece22,cubic_spline,smooth_high_snr,27476,27475,0.9999636046003785,PRESERVED
195626,ece23,cubic_spline,smooth_high_snr,27476,27475,0.9999636046003785,PRESERVED
195626,ece24,cubic_spline,smooth_high_snr,27476,27475,0.9999636046003785,PRESERVED
195626,ece25,cubic_spline,smooth_high_snr,27476,27475,0.9999636046003785,PRESERVED
195626,ece26,cubic_spline,smooth_high_snr,27476,27475,0.9999636046003785,PRESERVED
195626,ece27,cubic_spline,smooth_high_snr,27476,27475,0.9999636046003785,PRESERVED
195626,ece28,cubic_spline,smooth_high_snr,27476,27475,0.9999636046003785,PRESERVED
195626,ece29,cubic_spline,smooth_high_snr,27476,27475,0.9999636046003785,PRESERVED
195626,ece30,cubic_spline,smooth_high_snr,27476,27475,0.9999636046003785,PRESERVED
195626,ece31,cubic_spline,smooth_high_snr,27476,27475,0.9999636046003785,PRESERVED
195626,ece32,cubic_spline,smooth_high_snr,27476,27475,0.9999636046003785,PRESERVED
195626,ece33,cubic_spline,smooth_high_snr,27476,27475,0.9999636046003785,PRESERVED
195626,ece34,cubic_spline,smooth_high_snr,27476,27475,0.9999636046003785,PRESERVED
195626,ece35,cubic_spline,smooth_high_snr,27476,27475,0.9999636046003785,PRESERVED
195626,ece36,cubic_spline,smooth_high_snr,27476,27475,0.9999636046003785,PRESERVED
195626,ece37,cubic_spline,smooth_high_snr,27476,27475,0.9999636046003785,PRESERVED
195626,ece38,cubic_spline,smooth_high_snr,27476,27475,0.9999636046003785,PRESERVED
195626,ece39,cubic_spline,smooth_high_snr,27476,27475,0.9999636046003785,PRESERVED
195626,ece40,cubic_spline,smooth_high_snr,27476,27475,0.9999636046003785,PRESERVED
195626,fs03da,pchip_no_smoothing,noisy,274751,274750,0.9999963603408177,PRESERVED
195626,fs04,cubic_spline_simple,slow_varying,274751,274750,0.9999963603408177,PRESERVED
195626,fs04da,cubic_spline_simple,slow_varying,274751,274750,0.9999963603408177,PRESERVED
195626,fs05da,pchip_careful,fast_transient,274751,274750,0.9999963603408177,PRESERVED
195626,gasa,decimate_with_antialiasing,smooth_high_snr,109900,2818,0.02564149226569609,DOWNSAMPLED
195626,gasb,decimate_with_antialiasing,fast_transient,109900,2818,0.02564149226569609,DOWNSAMPLED
195626,gasc,decimate_with_antialiasing,fast_transient,109900,2818,0.02564149226569609,DOWNSAMPLED
195626,gasd,decimate_with_antialiasing,noisy,109900,2818,0.02564149226569609,DOWNSAMPLED
195626,ip,decimate_with_antialiasing,smooth_high_snr,109900,5495,0.05,DOWNSAMPLED
195626,kappa,cubic_spline,smooth_high_snr,268,267,0.996268656716418,PRESERVED
195626,li,cubic_spline,smooth_high_snr,268,267,0.996268656716418,PRESERVED
195626,pcbcoil,decimate_with_antialiasing,smooth_high_snr,109901,5496,0.050008644143365394,DOWNSAMPLED
195626,pcdiamag3,decimate_with_antialiasing,smooth_high_snr,109901,5496,0.050008644143365394,DOWNSAMPLED
195626,pinj,cubic_spline,smooth_high_snr,54951,54950,0.999981801969027,PRESERVED
195626,pinj_15l,pchip_careful,fast_transient,54951,54950,0.999981801969027,PRESERVED
195626,pinj_15r,pchip_careful,fast_transient,54951,54950,0.999981801969027,PRESERVED
195626,pinj_21l,cubic_spline,smooth_high_snr,54951,54950,0.999981801969027,PRESERVED
195626,pinj_21r,pchip_careful,fast_transient,54951,54950,0.999981801969027,PRESERVED
195626,pinj_30l,pchip_careful,fast_transient,54951,54950,0.999981801969027,PRESERVED
195626,pinj_30r,cubic_spline,smooth_high_snr,54951,54950,0.999981801969027,PRESERVED
195626,pinj_33l,pchip_careful,fast_transient,54951,54950,0.999981801969027,PRESERVED
195626,pinj_33r,cubic_spline,smooth_high_snr,54951,54950,0.999981801969027,PRESERVED
195626,prmtan_neped,pchip_careful,fast_transient,814,517,0.6351351351351351,DOWNSAMPLED
195626,prmtan_teped,cubic_spline_simple,slow_varying,778,519,0.6670951156812339,DOWNSAMPLED
195626,q95,cubic_spline,smooth_high_snr,268,267,0.996268656716418,PRESERVED
195626,rmaxis,cubic_spline,smooth_high_snr,268,267,0.996268656716418,PRESERVED
195626,rsurf,cubic_spline,smooth_high_snr,268,267,0.996268656716418,PRESERVED
195626,tinj,cubic_spline,smooth_high_snr,54951,54950,0.999981801969027,PRESERVED
195626,tribot,pchip_careful,fast_transient,268,267,0.996268656716418,PRESERVED
195626,tritop,cubic_spline,smooth_high_snr,268,267,0.996268656716418,PRESERVED
195626,volume,cubic_spline,smooth_high_snr,268,267,0.996268656716418,PRESERVED
195626,vsurf,cubic_spline,smooth_high_snr,268,267,0.996268656716418,PRESERVED
195626,zcur,pchip_no_smoothing,noisy,268,267,0.996268656716418,PRESERVED
195626,zmaxis,cubic_spline_simple,slow_varying,268,267,0.996268656716418,PRESERVED
195626,zsurf,cubic_spline_simple,slow_varying,268,267,0.996268656716418,PRESERVED
195638,aminor,cubic_spline,smooth_high_snr,250,254,1.016,UPSAMPLED
195638,area,cubic_spline,smooth_high_snr,250,254,1.016,UPSAMPLED
195638,betan,cubic_spline,smooth_high_snr,250,254,1.016,UPSAMPLED
195638,bt,decimate_with_antialiasing,smooth_high_snr,103657,5183,0.05000144708027437,DOWNSAMPLED
195638,cerqrott10,cubic_spline_simple,slow_varying,860,477,0.5546511627906977,DOWNSAMPLED
195638,cerqrott11,cubic_spline_simple,slow_varying,860,477,0.5546511627906977,DOWNSAMPLED
195638,cerqrott12,cubic_spline_simple,slow_varying,860,477,0.5546511627906977,DOWNSAMPLED
195638,cerqrott13,cubic_spline_simple,slow_varying,860,477,0.5546511627906977,DOWNSAMPLED
195638,cerqrott3,cubic_spline,smooth_high_snr,804,478,0.5945273631840796,DOWNSAMPLED
195638,cerqrott6,cubic_spline,smooth_high_snr,804,478,0.5945273631840796,DOWNSAMPLED
195638,cerqrott8,cubic_spline,smooth_high_snr,860,477,0.5546511627906977,DOWNSAMPLED
195638,cerqtit10,cubic_spline,smooth_high_snr,860,477,0.5546511627906977,DOWNSAMPLED
195638,cerqtit11,cubic_spline_simple,slow_varying,860,477,0.5546511627906977,DOWNSAMPLED
195638,cerqtit12,cubic_spline_simple,slow_varying,860,477,0.5546511627906977,DOWNSAMPLED
195638,cerqtit13,cubic_spline_simple,slow_varying,860,477,0.5546511627906977,DOWNSAMPLED
195638,cerqtit3,cubic_spline,smooth_high_snr,804,478,0.5945273631840796,DOWNSAMPLED
195638,cerqtit6,cubic_spline,smooth_high_snr,804,478,0.5945273631840796,DOWNSAMPLED
195638,cerqtit8,cubic_spline,smooth_high_snr,860,477,0.5546511627906977,DOWNSAMPLED
195638,density,cubic_spline,smooth_high_snr,5083,5082,0.9998032657879206,PRESERVED
195638,drsep,pchip_careful,fast_transient,250,254,1.016,UPSAMPLED
195638,ece1,cubic_spline,smooth_high_snr,25915,25914,0.9999614123094733,PRESERVED
195638,ece2,cubic_spline,smooth_high_snr,25915,25914,0.9999614123094733,PRESERVED
195638,ece3,cubic_spline,smooth_high_snr,25915,25914,0.9999614123094733,PRESERVED
195638,ece4,cubic_spline,smooth_high_snr,25915,25914,0.9999614123094733,PRESERVED
195638,ece5,cubic_spline,smooth_high_snr,25915,25914,0.9999614123094733,PRESERVED
195638,ece6,cubic_spline,smooth_high_snr,25915,25914,0.9999614123094733,PRESERVED
195638,ece7,cubic_spline,smooth_high_snr,25915,25914,0.9999614123094733,PRESERVED
195638,ece8,cubic_spline,smooth_high_snr,25915,25914,0.9999614123094733,PRESERVED
195638,ece9,cubic_spline,smooth_high_snr,25915,25914,0.9999614123094733,PRESERVED
195638,ece10,cubic_spline,smooth_high_snr,25915,25914,0.9999614123094733,PRESERVED
195638,ece11,cubic_spline,smooth_high_snr,25915,25914,0.9999614123094733,PRESERVED
195638,ece12,cubic_spline,smooth_high_snr,25915,25914,0.9999614123094733,PRESERVED
195638,ece13,cubic_spline,smooth_high_snr,25915,25914,0.9999614123094733,PRESERVED
195638,ece14,cubic_spline,smooth_high_snr,25915,25914,0.9999614123094733,PRESERVED
195638,ece15,cubic_spline,smooth_high_snr,25915,25914,0.9999614123094733,PRESERVED
195638,ece16,cubic_spline,smooth_high_snr,25915,25914,0.9999614123094733,PRESERVED
195638,ece17,cubic_spline,smooth_high_snr,25915,25914,0.9999614123094733,PRESERVED
195638,ece18,cubic_spline,smooth_high_snr,25915,25914,0.9999614123094733,PRESERVED
195638,ece19,cubic_spline,smooth_high_snr,25915,25914,0.9999614123094733,PRESERVED
195638,ece20,cubic_spline,smooth_high_snr,25915,25914,0.9999614123094733,PRESERVED
195638,ece21,cubic_spline,smooth_high_snr,25915,25914,0.9999614123094733,PRESERVED
195638,ece22,cubic_spline,smooth_high_snr,25915,25914,0.9999614123094733,PRESERVED
195638,ece23,cubic_spline,smooth_high_snr,25915,25914,0.9999614123094733,PRESERVED
195638,ece24,cubic_spline,smooth_high_snr,25915,25914,0.9999614123094733,PRESERVED
195638,ece25,cubic_spline,smooth_high_snr,25915,25914,0.9999614123094733,PRESERVED
195638,ece26,cubic_spline,smooth_high_snr,25915,25914,0.9999614123094733,PRESERVED
195638,ece27,cubic_spline,smooth_high_snr,25915,25914,0.9999614123094733,PRESERVED
195638,ece28,cubic_spline,smooth_high_snr,25915,25914,0.9999614123094733,PRESERVED
195638,ece29,cubic_spline,smooth_high_snr,25915,25914,0.9999614123094733,PRESERVED
195638,ece30,cubic_spline,smooth_high_snr,25915,25914,0.9999614123094733,PRESERVED
195638,ece31,cubic_spline,smooth_high_snr,25915,25914,0.9999614123094733,PRESERVED
195638,ece32,cubic_spline,smooth_high_snr,25915,25914,0.9999614123094733,PRESERVED
195638,ece33,cubic_spline,smooth_high_snr,25915,25914,0.9999614123094733,PRESERVED
195638,ece34,cubic_spline,smooth_high_snr,25915,25914,0.9999614123094733,PRESERVED
195638,ece35,cubic_spline,smooth_high_snr,25915,25914,0.9999614123094733,PRESERVED
195638,ece36,cubic_spline,smooth_high_snr,25915,25914,0.9999614123094733,PRESERVED
195638,ece37,cubic_spline,smooth_high_snr,25915,25914,0.9999614123094733,PRESERVED
195638,ece38,cubic_spline,smooth_high_snr,25915,25914,0.9999614123094733,PRESERVED
195638,ece39,cubic_spline,smooth_high_snr,25915,25914,0.9999614123094733,PRESERVED
195638,ece40,cubic_spline,smooth_high_snr,25915,25914,0.9999614123094733,PRESERVED
195638,fs03da,pchip_no_smoothing,noisy,259144,259144,1.0,PRESERVED
195638,fs04,cubic_spline_simple,slow_varying,259144,259144,1.0,PRESERVED
195638,fs04da,cubic_spline_simple,slow_varying,259144,259144,1.0,PRESERVED
195638,fs05da,pchip_careful,fast_transient,259144,259144,1.0,PRESERVED
195638,gasa,decimate_with_antialiasing,smooth_high_snr,103658,2592,0.025005305909818826,DOWNSAMPLED
195638,gasb,decimate_with_antialiasing,fast_transient,103658,2592,0.025005305909818826,DOWNSAMPLED
195638,gasc,decimate_with_antialiasing,fast_transient,103658,2592,0.025005305909818826,DOWNSAMPLED
195638,gasd,decimate_with_antialiasing,noisy,103658,2592,0.025005305909818826,DOWNSAMPLED
195638,ip,decimate_with_antialiasing,smooth_high_snr,103657,5183,0.05000144708027437,DOWNSAMPLED
195638,kappa,cubic_spline,smooth_high_snr,250,254,1.016,UPSAMPLED
195638,li,cubic_spline,smooth_high_snr,250,254,1.016,UPSAMPLED
195638,pcbcoil,decimate_with_antialiasing,smooth_high_snr,103658,5183,0.05000096471087615,DOWNSAMPLED
195638,pcdiamag3,decimate_with_antialiasing,smooth_high_snr,103658,5183,0.05000096471087615,DOWNSAMPLED
195638,pinj,cubic_spline,smooth_high_snr,51829,51829,1.0,PRESERVED
195638,pinj_15l,pchip_careful,fast_transient,51829,51829,1.0,PRESERVED
195638,pinj_15r,pchip_careful,fast_transient,51829,51829,1.0,PRESERVED
195638,pinj_21l,cubic_spline,smooth_high_snr,51829,51829,1.0,PRESERVED
195638,pinj_21r,pchip_careful,fast_transient,51829,51829,1.0,PRESERVED
195638,pinj_30l,pchip_careful,fast_transient,51829,51829,1.0,PRESERVED
195638,pinj_30r,cubic_spline,smooth_high_snr,51829,51829,1.0,PRESERVED
195638,pinj_33l,pchip_careful,fast_transient,51829,51829,1.0,PRESERVED
195638,pinj_33r,cubic_spline,smooth_high_snr,51829,51829,1.0,PRESERVED
195638,prmtan_neped,pchip_careful,fast_transient,764,485,0.6348167539267016,DOWNSAMPLED
195638,prmtan_teped,cubic_spline_simple,slow_varying,722,489,0.6772853185595568,DOWNSAMPLED
195638,q95,cubic_spline,smooth_high_snr,250,254,1.016,UPSAMPLED
195638,rmaxis,cubic_spline,smooth_high_snr,250,254,1.016,UPSAMPLED
195638,rsurf,cubic_spline,smooth_high_snr,250,254,1.016,UPSAMPLED
195638,tinj,cubic_spline,smooth_high_snr,51829,51829,1.0,PRESERVED
195638,tribot,pchip_careful,fast_transient,250,254,1.016,UPSAMPLED
195638,tritop,cubic_spline,smooth_high_snr,250,254,1.016,UPSAMPLED
195638,volume,cubic_spline,smooth_high_snr,250,254,1.016,UPSAMPLED
195638,vsurf,cubic_spline,smooth_high_snr,250,254,1.016,UPSAMPLED
195638,zcur,pchip_no_smoothing,noisy,250,254,1.016,UPSAMPLED
195638,zmaxis,cubic_spline_simple,slow_varying,250,254,1.016,UPSAMPLED
195638,zsurf,cubic_spline_simple,slow_varying,250,254,1.016,UPSAMPLED
195642,aminor,cubic_spline,smooth_high_snr,252,254,1.007936507936508,PRESERVED
195642,area,cubic_spline,smooth_high_snr,252,254,1.007936507936508,PRESERVED
195642,betan,cubic_spline,smooth_high_snr,252,254,1.007936507936508,PRESERVED
195642,bt,decimate_with_antialiasing,smooth_high_snr,103952,5198,0.05000384792981376,DOWNSAMPLED
195642,cerqrott10,cubic_spline_simple,slow_varying,890,479,0.5382022471910113,DOWNSAMPLED
195642,cerqrott11,cubic_spline_simple,slow_varying,890,479,0.5382022471910113,DOWNSAMPLED
195642,cerqrott12,cubic_spline_simple,slow_varying,890,479,0.5382022471910113,DOWNSAMPLED
195642,cerqrott13,cubic_spline_simple,slow_varying,890,479,0.5382022471910113,DOWNSAMPLED
195642,cerqrott3,cubic_spline,smooth_high_snr,807,480,0.5947955390334573,DOWNSAMPLED
195642,cerqrott6,cubic_spline,smooth_high_snr,807,480,0.5947955390334573,DOWNSAMPLED
195642,cerqrott8,cubic_spline,smooth_high_snr,890,479,0.5382022471910113,DOWNSAMPLED
195642,cerqtit10,cubic_spline,smooth_high_snr,890,479,0.5382022471910113,DOWNSAMPLED
195642,cerqtit11,cubic_spline_simple,slow_varying,890,479,0.5382022471910113,DOWNSAMPLED
195642,cerqtit12,cubic_spline_simple,slow_varying,890,479,0.5382022471910113,DOWNSAMPLED
195642,cerqtit13,cubic_spline_simple,slow_varying,890,479,0.5382022471910113,DOWNSAMPLED
195642,cerqtit3,cubic_spline,smooth_high_snr,807,480,0.5947955390334573,DOWNSAMPLED
195642,cerqtit6,cubic_spline,smooth_high_snr,807,480,0.5947955390334573,DOWNSAMPLED
195642,cerqtit8,cubic_spline,smooth_high_snr,890,479,0.5382022471910113,DOWNSAMPLED
195642,density,cubic_spline,smooth_high_snr,5098,5097,0.9998038446449589,PRESERVED
195642,drsep,pchip_careful,fast_transient,252,254,1.007936507936508,PRESERVED
195642,ece1,cubic_spline,smooth_high_snr,25989,25988,0.9999615221824618,PRESERVED
195642,ece2,cubic_spline,smooth_high_snr,25989,25988,0.9999615221824618,PRESERVED
195642,ece3,cubic_spline,smooth_high_snr,25989,25988,0.9999615221824618,PRESERVED
195642,ece4,cubic_spline,smooth_high_snr,25989,25988,0.9999615221824618,PRESERVED
195642,ece5,cubic_spline,smooth_high_snr,25989,25988,0.9999615221824618,PRESERVED
195642,ece6,cubic_spline,smooth_high_snr,25989,25988,0.9999615221824618,PRESERVED
195642,ece7,cubic_spline,smooth_high_snr,25989,25988,0.9999615221824618,PRESERVED
195642,ece8,cubic_spline,smooth_high_snr,25989,25988,0.9999615221824618,PRESERVED
195642,ece9,cubic_spline,smooth_high_snr,25989,25988,0.9999615221824618,PRESERVED
195642,ece10,cubic_spline,smooth_high_snr,25989,25988,0.9999615221824618,PRESERVED
195642,ece11,cubic_spline,smooth_high_snr,25989,25988,0.9999615221824618,PRESERVED
195642,ece12,cubic_spline,smooth_high_snr,25989,25988,0.9999615221824618,PRESERVED
195642,ece13,cubic_spline,smooth_high_snr,25989,25988,0.9999615221824618,PRESERVED
195642,ece14,cubic_spline,smooth_high_snr,25989,25988,0.9999615221824618,PRESERVED
195642,ece15,cubic_spline,smooth_high_snr,25989,25988,0.9999615221824618,PRESERVED
195642,ece16,cubic_spline,smooth_high_snr,25989,25988,0.9999615221824618,PRESERVED
195642,ece17,cubic_spline,smooth_high_snr,25989,25988,0.9999615221824618,PRESERVED
195642,ece18,cubic_spline,smooth_high_snr,25989,25988,0.9999615221824618,PRESERVED
195642,ece19,cubic_spline,smooth_high_snr,25989,25988,0.9999615221824618,PRESERVED
195642,ece20,cubic_spline,smooth_high_snr,25989,25988,0.9999615221824618,PRESERVED
195642,ece21,cubic_spline,smooth_high_snr,25989,25988,0.9999615221824618,PRESERVED
195642,ece22,cubic_spline,smooth_high_snr,25989,25988,0.9999615221824618,PRESERVED
195642,ece23,cubic_spline,smooth_high_snr,25989,25988,0.9999615221824618,PRESERVED
195642,ece24,cubic_spline,smooth_high_snr,25989,25988,0.9999615221824618,PRESERVED
195642,ece25,cubic_spline,smooth_high_snr,25989,25988,0.9999615221824618,PRESERVED
195642,ece26,cubic_spline,smooth_high_snr,25989,25988,0.9999615221824618,PRESERVED
195642,ece27,cubic_spline,smooth_high_snr,25989,25988,0.9999615221824618,PRESERVED
195642,ece28,cubic_spline,smooth_high_snr,25989,25988,0.9999615221824618,PRESERVED
195642,ece29,cubic_spline,smooth_high_snr,25989,25988,0.9999615221824618,PRESERVED
195642,ece30,cubic_spline,smooth_high_snr,25989,25988,0.9999615221824618,PRESERVED
195642,ece31,cubic_spline,smooth_high_snr,25989,25988,0.9999615221824618,PRESERVED
195642,ece32,cubic_spline,smooth_high_snr,25989,25988,0.9999615221824618,PRESERVED
195642,ece33,cubic_spline,smooth_high_snr,25989,25988,0.9999615221824618,PRESERVED
195642,ece34,cubic_spline,smooth_high_snr,25989,25988,0.9999615221824618,PRESERVED
195642,ece35,cubic_spline,smooth_high_snr,25989,25988,0.9999615221824618,PRESERVED
195642,ece36,cubic_spline,smooth_high_snr,25989,25988,0.9999615221824618,PRESERVED
195642,ece37,cubic_spline,smooth_high_snr,25989,25988,0.9999615221824618,PRESERVED
195642,ece38,cubic_spline,smooth_high_snr,25989,25988,0.9999615221824618,PRESERVED
195642,ece39,cubic_spline,smooth_high_snr,25989,25988,0.9999615221824618,PRESERVED
195642,ece40,cubic_spline,smooth_high_snr,25989,25988,0.9999615221824618,PRESERVED
195642,fs03da,pchip_no_smoothing,noisy,259882,259882,1.0,PRESERVED
195642,fs04,cubic_spline_simple,slow_varying,259882,259882,1.0,PRESERVED
195642,fs04da,cubic_spline_simple,slow_varying,259882,259882,1.0,PRESERVED
195642,fs05da,pchip_careful,fast_transient,259882,259882,1.0,PRESERVED
195642,gasa,decimate_with_antialiasing,smooth_high_snr,103953,2666,0.025646205496714862,DOWNSAMPLED
195642,gasb,decimate_with_antialiasing,fast_transient,103953,2666,0.025646205496714862,DOWNSAMPLED
195642,gasc,decimate_with_antialiasing,fast_transient,103953,2666,0.025646205496714862,DOWNSAMPLED
195642,gasd,decimate_with_antialiasing,noisy,103953,2666,0.025646205496714862,DOWNSAMPLED
195642,ip,decimate_with_antialiasing,smooth_high_snr,103952,5198,0.05000384792981376,DOWNSAMPLED
195642,kappa,cubic_spline,smooth_high_snr,252,254,1.007936507936508,PRESERVED
195642,li,cubic_spline,smooth_high_snr,252,254,1.007936507936508,PRESERVED
195642,pcbcoil,decimate_with_antialiasing,smooth_high_snr,103953,5198,0.05000336690619799,DOWNSAMPLED
195642,pcdiamag3,decimate_with_antialiasing,smooth_high_snr,103953,5198,0.05000336690619799,DOWNSAMPLED
195642,pinj,cubic_spline,smooth_high_snr,51977,51977,1.0,PRESERVED
195642,pinj_15l,pchip_careful,fast_transient,51977,51977,1.0,PRESERVED
195642,pinj_15r,pchip_careful,fast_transient,51977,51977,1.0,PRESERVED
195642,pinj_21l,cubic_spline,smooth_high_snr,51977,51977,1.0,PRESERVED
195642,pinj_21r,pchip_careful,fast_transient,51977,51977,1.0,PRESERVED
195642,pinj_30l,pchip_careful,fast_transient,51977,51977,1.0,PRESERVED
195642,pinj_30r,cubic_spline,smooth_high_snr,51977,51977,1.0,PRESERVED
195642,pinj_33l,pchip_careful,fast_transient,51977,51977,1.0,PRESERVED
195642,pinj_33r,cubic_spline,smooth_high_snr,51977,51977,1.0,PRESERVED
195642,prmtan_neped,pchip_careful,fast_transient,766,490,0.639686684073107,DOWNSAMPLED
195642,prmtan_teped,cubic_spline_simple,slow_varying,717,490,0.6834030683403068,DOWNSAMPLED
195642,q95,cubic_spline,smooth_high_snr,252,254,1.007936507936508,PRESERVED
195642,rmaxis,cubic_spline,smooth_high_snr,252,254,1.007936507936508,PRESERVED
195642,rsurf,cubic_spline,smooth_high_snr,252,254,1.007936507936508,PRESERVED
195642,tinj,cubic_spline,smooth_high_snr,51977,51977,1.0,PRESERVED
195642,tribot,pchip_careful,fast_transient,252,254,1.007936507936508,PRESERVED
195642,tritop,cubic_spline,smooth_high_snr,252,254,1.007936507936508,PRESERVED
195642,volume,cubic_spline,smooth_high_snr,252,254,1.007936507936508,PRESERVED
195642,vsurf,cubic_spline,smooth_high_snr,252,254,1.007936507936508,PRESERVED
195642,zcur,pchip_no_smoothing,noisy,252,254,1.007936507936508,PRESERVED
195642,zmaxis,cubic_spline_simple,slow_varying,252,254,1.007936507936508,PRESERVED
195642,zsurf,cubic_spline_simple,slow_varying,252,254,1.007936507936508,PRESERVED
195645,aminor,cubic_spline,smooth_high_snr,253,254,1.0039525691699605,PRESERVED
195645,area,cubic_spline,smooth_high_snr,253,254,1.0039525691699605,PRESERVED
195645,betan,cubic_spline,smooth_high_snr,253,254,1.0039525691699605,PRESERVED
195645,bt,decimate_with_antialiasing,smooth_high_snr,103878,5194,0.050000962667744855,DOWNSAMPLED
195645,cerqrott10,cubic_spline_simple,slow_varying,883,478,0.5413363533408834,DOWNSAMPLED
195645,cerqrott11,cubic_spline_simple,slow_varying,883,478,0.5413363533408834,DOWNSAMPLED
195645,cerqrott12,cubic_spline_simple,slow_varying,883,478,0.5413363533408834,DOWNSAMPLED
195645,cerqrott13,cubic_spline_simple,slow_varying,883,478,0.5413363533408834,DOWNSAMPLED
195645,cerqrott3,cubic_spline,smooth_high_snr,806,479,0.5942928039702233,DOWNSAMPLED
195645,cerqrott6,cubic_spline,smooth_high_snr,806,479,0.5942928039702233,DOWNSAMPLED
195645,cerqrott8,cubic_spline,smooth_high_snr,883,478,0.5413363533408834,DOWNSAMPLED
195645,cerqtit10,cubic_spline,smooth_high_snr,883,478,0.5413363533408834,DOWNSAMPLED
195645,cerqtit11,cubic_spline_simple,slow_varying,883,478,0.5413363533408834,DOWNSAMPLED
195645,cerqtit12,cubic_spline_simple,slow_varying,883,478,0.5413363533408834,DOWNSAMPLED
195645,cerqtit13,cubic_spline_simple,slow_varying,883,478,0.5413363533408834,DOWNSAMPLED
195645,cerqtit3,cubic_spline,smooth_high_snr,806,479,0.5942928039702233,DOWNSAMPLED
195645,cerqtit6,cubic_spline,smooth_high_snr,806,479,0.5942928039702233,DOWNSAMPLED
195645,cerqtit8,cubic_spline,smooth_high_snr,883,478,0.5413363533408834,DOWNSAMPLED
195645,density,cubic_spline,smooth_high_snr,5094,5093,0.9998036906164115,PRESERVED
195645,drsep,pchip_careful,fast_transient,253,254,1.0039525691699605,PRESERVED
195645,ece1,cubic_spline,smooth_high_snr,25970,25969,0.9999614940315749,PRESERVED
195645,ece2,cubic_spline,smooth_high_snr,25970,25969,0.9999614940315749,PRESERVED
195645,ece3,cubic_spline,smooth_high_snr,25970,25969,0.9999614940315749,PRESERVED
195645,ece4,cubic_spline,smooth_high_snr,25970,25969,0.9999614940315749,PRESERVED
195645,ece5,cubic_spline,smooth_high_snr,25970,25969,0.9999614940315749,PRESERVED
195645,ece6,cubic_spline,smooth_high_snr,25970,25969,0.9999614940315749,PRESERVED
195645,ece7,cubic_spline,smooth_high_snr,25970,25969,0.9999614940315749,PRESERVED
195645,ece8,cubic_spline,smooth_high_snr,25970,25969,0.9999614940315749,PRESERVED
195645,ece9,cubic_spline,smooth_high_snr,25970,25969,0.9999614940315749,PRESERVED
195645,ece10,cubic_spline,smooth_high_snr,25970,25969,0.9999614940315749,PRESERVED
195645,ece11,cubic_spline,smooth_high_snr,25970,25969,0.9999614940315749,PRESERVED
195645,ece12,cubic_spline,smooth_high_snr,25970,25969,0.9999614940315749,PRESERVED
195645,ece13,cubic_spline,smooth_high_snr,25970,25969,0.9999614940315749,PRESERVED
195645,ece14,cubic_spline,smooth_high_snr,25970,25969,0.9999614940315749,PRESERVED
195645,ece15,cubic_spline,smooth_high_snr,25970,25969,0.9999614940315749,PRESERVED
195645,ece16,cubic_spline,smooth_high_snr,25970,25969,0.9999614940315749,PRESERVED
195645,ece17,cubic_spline,smooth_high_snr,25970,25969,0.9999614940315749,PRESERVED
195645,ece18,cubic_spline,smooth_high_snr,25970,25969,0.9999614940315749,PRESERVED
195645,ece19,cubic_spline,smooth_high_snr,25970,25969,0.9999614940315749,PRESERVED
195645,ece20,cubic_spline,smooth_high_snr,25970,25969,0.9999614940315749,PRESERVED
195645,ece21,cubic_spline,smooth_high_snr,25970,25969,0.9999614940315749,PRESERVED
195645,ece22,cubic_spline,smooth_high_snr,25970,25969,0.9999614940315749,PRESERVED
195645,ece23,cubic_spline,smooth_high_snr,25970,25969,0.9999614940315749,PRESERVED
195645,ece24,cubic_spline,smooth_high_snr,25970,25969,0.9999614940315749,PRESERVED
195645,ece25,cubic_spline,smooth_high_snr,25970,25969,0.9999614940315749,PRESERVED
195645,ece26,cubic_spline,smooth_high_snr,25970,25969,0.9999614940315749,PRESERVED
195645,ece27,cubic_spline,smooth_high_snr,25970,25969,0.9999614940315749,PRESERVED
195645,ece28,cubic_spline,smooth_high_snr,25970,25969,0.9999614940315749,PRESERVED
195645,ece29,cubic_spline,smooth_high_snr,25970,25969,0.9999614940315749,PRESERVED
195645,ece30,cubic_spline,smooth_high_snr,25970,25969,0.9999614940315749,PRESERVED
195645,ece31,cubic_spline,smooth_high_snr,25970,25969,0.9999614940315749,PRESERVED
195645,ece32,cubic_spline,smooth_high_snr,25970,25969,0.9999614940315749,PRESERVED
195645,ece33,cubic_spline,smooth_high_snr,25970,25969,0.9999614940315749,PRESERVED
195645,ece34,cubic_spline,smooth_high_snr,25970,25969,0.9999614940315749,PRESERVED
195645,ece35,cubic_spline,smooth_high_snr,25970,25969,0.9999614940315749,PRESERVED
195645,ece36,cubic_spline,smooth_high_snr,25970,25969,0.9999614940315749,PRESERVED
195645,ece37,cubic_spline,smooth_high_snr,25970,25969,0.9999614940315749,PRESERVED
195645,ece38,cubic_spline,smooth_high_snr,25970,25969,0.9999614940315749,PRESERVED
195645,ece39,cubic_spline,smooth_high_snr,25970,25969,0.9999614940315749,PRESERVED
195645,ece40,cubic_spline,smooth_high_snr,25970,25969,0.9999614940315749,PRESERVED
195645,fs03da,pchip_no_smoothing,noisy,259694,259693,0.9999961493141929,PRESERVED
195645,fs04,cubic_spline_simple,slow_varying,259694,259693,0.9999961493141929,PRESERVED
195645,fs04da,cubic_spline_simple,slow_varying,259694,259693,0.9999961493141929,PRESERVED
195645,fs05da,pchip_careful,fast_transient,259694,259693,0.9999961493141929,PRESERVED
195645,gasa,decimate_with_antialiasing,smooth_high_snr,103878,2664,0.02564546872292497,DOWNSAMPLED
195645,gasb,decimate_with_antialiasing,fast_transient,103878,2664,0.02564546872292497,DOWNSAMPLED
195645,gasc,decimate_with_antialiasing,fast_transient,103878,2664,0.02564546872292497,DOWNSAMPLED
195645,gasd,decimate_with_antialiasing,noisy,103878,2664,0.02564546872292497,DOWNSAMPLED
195645,ip,decimate_with_antialiasing,smooth_high_snr,103878,5194,0.050000962667744855,DOWNSAMPLED
195645,kappa,cubic_spline,smooth_high_snr,253,254,1.0039525691699605,PRESERVED
195645,li,cubic_spline,smooth_high_snr,253,254,1.0039525691699605,PRESERVED
195645,pcbcoil,decimate_with_antialiasing,smooth_high_snr,103878,5194,0.050000962667744855,DOWNSAMPLED
195645,pcdiamag3,decimate_with_antialiasing,smooth_high_snr,103878,5194,0.050000962667744855,DOWNSAMPLED
195645,pinj,cubic_spline,smooth_high_snr,51939,51939,1.0,PRESERVED
195645,pinj_15l,pchip_careful,fast_transient,51939,51939,1.0,PRESERVED
195645,pinj_15r,pchip_careful,fast_transient,51939,51939,1.0,PRESERVED
195645,pinj_21l,cubic_spline,smooth_high_snr,51939,51939,1.0,PRESERVED
195645,pinj_21r,pchip_careful,fast_transient,51939,51939,1.0,PRESERVED
195645,pinj_30l,pchip_careful,fast_transient,51939,51939,1.0,PRESERVED
195645,pinj_30r,cubic_spline,smooth_high_snr,51939,51939,1.0,PRESERVED
195645,pinj_33l,pchip_careful,fast_transient,51939,51939,1.0,PRESERVED
195645,pinj_33r,cubic_spline,smooth_high_snr,51939,51939,1.0,PRESERVED
195645,prmtan_neped,pchip_careful,fast_transient,759,485,0.6389986824769434,DOWNSAMPLED
195645,prmtan_teped,cubic_spline_simple,slow_varying,717,489,0.6820083682008368,DOWNSAMPLED
195645,q95,cubic_spline,smooth_high_snr,253,254,1.0039525691699605,PRESERVED
195645,rmaxis,cubic_spline,smooth_high_snr,253,254,1.0039525691699605,PRESERVED
195645,rsurf,cubic_spline,smooth_high_snr,253,254,1.0039525691699605,PRESERVED
195645,tinj,cubic_spline,smooth_high_snr,51939,51939,1.0,PRESERVED
195645,tribot,pchip_careful,fast_transient,253,254,1.0039525691699605,PRESERVED
195645,tritop,cubic_spline,smooth_high_snr,253,254,1.0039525691699605,PRESERVED
195645,volume,cubic_spline,smooth_high_snr,253,254,1.0039525691699605,PRESERVED
195645,vsurf,cubic_spline,smooth_high_snr,253,254,1.0039525691699605,PRESERVED
195645,zcur,pchip_no_smoothing,noisy,253,254,1.0039525691699605,PRESERVED
195645,zmaxis,cubic_spline_simple,slow_varying,253,254,1.0039525691699605,PRESERVED
195645,zsurf,cubic_spline_simple,slow_varying,253,254,1.0039525691699605,PRESERVED
195647,aminor,cubic_spline,smooth_high_snr,253,254,1.0039525691699605,PRESERVED
195647,area,cubic_spline,smooth_high_snr,253,254,1.0039525691699605,PRESERVED
195647,betan,cubic_spline,smooth_high_snr,253,254,1.0039525691699605,PRESERVED
195647,bt,decimate_with_antialiasing,smooth_high_snr,103975,5199,0.05000240442414042,DOWNSAMPLED
195647,cerqrott10,cubic_spline_simple,slow_varying,897,479,0.5340022296544036,DOWNSAMPLED
195647,cerqrott11,cubic_spline_simple,slow_varying,897,479,0.5340022296544036,DOWNSAMPLED
195647,cerqrott12,cubic_spline_simple,slow_varying,897,479,0.5340022296544036,DOWNSAMPLED
195647,cerqrott13,cubic_spline_simple,slow_varying,897,479,0.5340022296544036,DOWNSAMPLED
195647,cerqrott3,cubic_spline,smooth_high_snr,671,480,0.7153502235469449,DOWNSAMPLED
195647,cerqrott6,cubic_spline,smooth_high_snr,671,480,0.7153502235469449,DOWNSAMPLED
195647,cerqrott8,cubic_spline,smooth_high_snr,897,479,0.5340022296544036,DOWNSAMPLED
195647,cerqtit10,cubic_spline,smooth_high_snr,897,479,0.5340022296544036,DOWNSAMPLED
195647,cerqtit11,cubic_spline_simple,slow_varying,897,479,0.5340022296544036,DOWNSAMPLED
195647,cerqtit12,cubic_spline_simple,slow_varying,897,479,0.5340022296544036,DOWNSAMPLED
195647,cerqtit13,cubic_spline_simple,slow_varying,897,479,0.5340022296544036,DOWNSAMPLED
195647,cerqtit3,cubic_spline,smooth_high_snr,671,480,0.7153502235469449,DOWNSAMPLED
195647,cerqtit6,cubic_spline,smooth_high_snr,671,480,0.7153502235469449,DOWNSAMPLED
195647,cerqtit8,cubic_spline,smooth_high_snr,897,479,0.5340022296544036,DOWNSAMPLED
195647,density,cubic_spline,smooth_high_snr,5099,5098,0.9998038831143361,PRESERVED
195647,drsep,pchip_careful,fast_transient,253,254,1.0039525691699605,PRESERVED
195647,ece1,cubic_spline,smooth_high_snr,25994,25993,0.9999615295837501,PRESERVED
195647,ece2,cubic_spline,smooth_high_snr,25994,25993,0.9999615295837501,PRESERVED
195647,ece3,cubic_spline,smooth_high_snr,25994,25993,0.9999615295837501,PRESERVED
195647,ece4,cubic_spline,smooth_high_snr,25994,25993,0.9999615295837501,PRESERVED
195647,ece5,cubic_spline,smooth_high_snr,25994,25993,0.9999615295837501,PRESERVED
195647,ece6,cubic_spline,smooth_high_snr,25994,25993,0.9999615295837501,PRESERVED
195647,ece7,cubic_spline,smooth_high_snr,25994,25993,0.9999615295837501,PRESERVED
195647,ece8,cubic_spline,smooth_high_snr,25994,25993,0.9999615295837501,PRESERVED
195647,ece9,cubic_spline,smooth_high_snr,25994,25993,0.9999615295837501,PRESERVED
195647,ece10,cubic_spline,smooth_high_snr,25994,25993,0.9999615295837501,PRESERVED
195647,ece11,cubic_spline,smooth_high_snr,25994,25993,0.9999615295837501,PRESERVED
195647,ece12,cubic_spline,smooth_high_snr,25994,25993,0.9999615295837501,PRESERVED
195647,ece13,cubic_spline,smooth_high_snr,25994,25993,0.9999615295837501,PRESERVED
195647,ece14,cubic_spline,smooth_high_snr,25994,25993,0.9999615295837501,PRESERVED
195647,ece15,cubic_spline,smooth_high_snr,25994,25993,0.9999615295837501,PRESERVED
195647,ece16,cubic_spline,smooth_high_snr,25994,25993,0.9999615295837501,PRESERVED
195647,ece17,cubic_spline,smooth_high_snr,25994,25993,0.9999615295837501,PRESERVED
195647,ece18,cubic_spline,smooth_high_snr,25994,25993,0.9999615295837501,PRESERVED
195647,ece19,cubic_spline,smooth_high_snr,25994,25993,0.9999615295837501,PRESERVED
195647,ece20,cubic_spline,smooth_high_snr,25994,25993,0.9999615295837501,PRESERVED
195647,ece21,cubic_spline,smooth_high_snr,25994,25993,0.9999615295837501,PRESERVED
195647,ece22,cubic_spline,smooth_high_snr,25994,25993,0.9999615295837501,PRESERVED
195647,ece23,cubic_spline,smooth_high_snr,25994,25993,0.9999615295837501,PRESERVED
195647,ece24,cubic_spline,smooth_high_snr,25994,25993,0.9999615295837501,PRESERVED
195647,ece25,cubic_spline,smooth_high_snr,25994,25993,0.9999615295837501,PRESERVED
195647,ece26,cubic_spline,smooth_high_snr,25994,25993,0.9999615295837501,PRESERVED
195647,ece27,cubic_spline,smooth_high_snr,25994,25993,0.9999615295837501,PRESERVED
195647,ece28,cubic_spline,smooth_high_snr,25994,25993,0.9999615295837501,PRESERVED
195647,ece29,cubic_spline,smooth_high_snr,25994,25993,0.9999615295837501,PRESERVED
195647,ece30,cubic_spline,smooth_high_snr,25994,25993,0.9999615295837501,PRESERVED
195647,ece31,cubic_spline,smooth_high_snr,25994,25993,0.9999615295837501,PRESERVED
195647,ece32,cubic_spline,smooth_high_snr,25994,25993,0.9999615295837501,PRESERVED
195647,ece33,cubic_spline,smooth_high_snr,25994,25993,0.9999615295837501,PRESERVED
195647,ece34,cubic_spline,smooth_high_snr,25994,25993,0.9999615295837501,PRESERVED
195647,ece35,cubic_spline,smooth_high_snr,25994,25993,0.9999615295837501,PRESERVED
195647,ece36,cubic_spline,smooth_high_snr,25994,25993,0.9999615295837501,PRESERVED
195647,ece37,cubic_spline,smooth_high_snr,25994,25993,0.9999615295837501,PRESERVED
195647,ece38,cubic_spline,smooth_high_snr,25994,25993,0.9999615295837501,PRESERVED
195647,ece39,cubic_spline,smooth_high_snr,25994,25993,0.9999615295837501,PRESERVED
195647,ece40,cubic_spline,smooth_high_snr,25994,25993,0.9999615295837501,PRESERVED
195647,fs03da,pchip_no_smoothing,noisy,259939,259938,0.9999961529435752,PRESERVED
195647,fs04,cubic_spline_simple,slow_varying,259939,259938,0.9999961529435752,PRESERVED
195647,fs04da,cubic_spline_simple,slow_varying,259939,259938,0.9999961529435752,PRESERVED
195647,fs05da,pchip_careful,fast_transient,259939,259938,0.9999961529435752,PRESERVED
195647,gasa,decimate_with_antialiasing,smooth_high_snr,103976,2600,0.025005770562437486,DOWNSAMPLED
195647,gasb,decimate_with_antialiasing,fast_transient,103976,2600,0.025005770562437486,DOWNSAMPLED
195647,gasc,decimate_with_antialiasing,fast_transient,103976,2600,0.025005770562437486,DOWNSAMPLED
195647,gasd,decimate_with_antialiasing,noisy,103976,2600,0.025005770562437486,DOWNSAMPLED
195647,ip,decimate_with_antialiasing,smooth_high_snr,103975,5199,0.05000240442414042,DOWNSAMPLED
195647,kappa,cubic_spline,smooth_high_snr,253,254,1.0039525691699605,PRESERVED
195647,li,cubic_spline,smooth_high_snr,253,254,1.0039525691699605,PRESERVED
195647,pcbcoil,decimate_with_antialiasing,smooth_high_snr,103975,5473,0.052637653282038954,DOWNSAMPLED
195647,pcdiamag3,decimate_with_antialiasing,smooth_high_snr,103975,5473,0.052637653282038954,DOWNSAMPLED
195647,pinj,cubic_spline,smooth_high_snr,51988,51988,1.0,PRESERVED
195647,pinj_15l,pchip_careful,fast_transient,51988,51988,1.0,PRESERVED
195647,pinj_15r,pchip_careful,fast_transient,51988,51988,1.0,PRESERVED
195647,pinj_21l,cubic_spline,smooth_high_snr,51988,51988,1.0,PRESERVED
195647,pinj_21r,pchip_careful,fast_transient,51988,51988,1.0,PRESERVED
195647,pinj_30l,pchip_careful,fast_transient,51988,51988,1.0,PRESERVED
195647,pinj_30r,cubic_spline,smooth_high_snr,51988,51988,1.0,PRESERVED
195647,pinj_33l,pchip_careful,fast_transient,51988,51988,1.0,PRESERVED
195647,pinj_33r,cubic_spline,smooth_high_snr,51988,51988,1.0,PRESERVED
195647,prmtan_neped,pchip_careful,fast_transient,770,490,0.6363636363636364,DOWNSAMPLED
195647,prmtan_teped,cubic_spline_simple,slow_varying,725,490,0.6758620689655173,DOWNSAMPLED
195647,q95,cubic_spline,smooth_high_snr,253,254,1.0039525691699605,PRESERVED
195647,rmaxis,cubic_spline,smooth_high_snr,253,254,1.0039525691699605,PRESERVED
195647,rsurf,cubic_spline,smooth_high_snr,253,254,1.0039525691699605,PRESERVED
195647,tinj,cubic_spline,smooth_high_snr,51988,51988,1.0,PRESERVED
195647,tribot,pchip_careful,fast_transient,253,254,1.0039525691699605,PRESERVED
195647,tritop,cubic_spline,smooth_high_snr,253,254,1.0039525691699605,PRESERVED
195647,volume,cubic_spline,smooth_high_snr,253,254,1.0039525691699605,PRESERVED
195647,vsurf,cubic_spline,smooth_high_snr,253,254,1.0039525691699605,PRESERVED
195647,zcur,pchip_no_smoothing,noisy,253,254,1.0039525691699605,PRESERVED
195647,zmaxis,cubic_spline_simple,slow_varying,253,254,1.0039525691699605,PRESERVED
195647,zsurf,cubic_spline_simple,slow_varying,253,254,1.0039525691699605,PRESERVED
195648,aminor,cubic_spline,smooth_high_snr,252,254,1.007936507936508,PRESERVED
195648,area,cubic_spline,smooth_high_snr,252,254,1.007936507936508,PRESERVED
195648,betan,cubic_spline,smooth_high_snr,252,254,1.007936507936508,PRESERVED
195648,bt,decimate_with_antialiasing,smooth_high_snr,103990,5200,0.05000480815463025,DOWNSAMPLED
195648,cerqrott10,cubic_spline_simple,slow_varying,906,479,0.5286975717439294,DOWNSAMPLED
195648,cerqrott11,cubic_spline_simple,slow_varying,906,479,0.5286975717439294,DOWNSAMPLED
195648,cerqrott12,cubic_spline_simple,slow_varying,906,479,0.5286975717439294,DOWNSAMPLED
195648,cerqrott13,cubic_spline_simple,slow_varying,906,479,0.5286975717439294,DOWNSAMPLED
195648,cerqrott3,cubic_spline,smooth_high_snr,674,480,0.712166172106825,DOWNSAMPLED
195648,cerqrott6,cubic_spline,smooth_high_snr,674,480,0.712166172106825,DOWNSAMPLED
195648,cerqrott8,cubic_spline,smooth_high_snr,906,479,0.5286975717439294,DOWNSAMPLED
195648,cerqtit10,cubic_spline,smooth_high_snr,906,479,0.5286975717439294,DOWNSAMPLED
195648,cerqtit11,cubic_spline_simple,slow_varying,906,479,0.5286975717439294,DOWNSAMPLED
195648,cerqtit12,cubic_spline_simple,slow_varying,906,479,0.5286975717439294,DOWNSAMPLED
195648,cerqtit13,cubic_spline_simple,slow_varying,906,479,0.5286975717439294,DOWNSAMPLED
195648,cerqtit3,cubic_spline,smooth_high_snr,674,480,0.712166172106825,DOWNSAMPLED
195648,cerqtit6,cubic_spline,smooth_high_snr,674,480,0.712166172106825,DOWNSAMPLED
195648,cerqtit8,cubic_spline,smooth_high_snr,906,479,0.5286975717439294,DOWNSAMPLED
195648,density,cubic_spline,smooth_high_snr,5100,5099,0.9998039215686274,PRESERVED
195648,drsep,pchip_careful,fast_transient,252,254,1.007936507936508,PRESERVED
195648,ece1,cubic_spline,smooth_high_snr,25998,25997,0.9999615355027309,PRESERVED
195648,ece2,cubic_spline,smooth_high_snr,25998,25997,0.9999615355027309,PRESERVED
195648,ece3,cubic_spline,smooth_high_snr,25998,25997,0.9999615355027309,PRESERVED
195648,ece4,cubic_spline,smooth_high_snr,25998,25997,0.9999615355027309,PRESERVED
195648,ece5,cubic_spline,smooth_high_snr,25998,25997,0.9999615355027309,PRESERVED
195648,ece6,cubic_spline,smooth_high_snr,25998,25997,0.9999615355027309,PRESERVED
195648,ece7,cubic_spline,smooth_high_snr,25998,25997,0.9999615355027309,PRESERVED
195648,ece8,cubic_spline,smooth_high_snr,25998,25997,0.9999615355027309,PRESERVED
195648,ece9,cubic_spline,smooth_high_snr,25998,25997,0.9999615355027309,PRESERVED
195648,ece10,cubic_spline,smooth_high_snr,25998,25997,0.9999615355027309,PRESERVED
195648,ece11,cubic_spline,smooth_high_snr,25998,25997,0.9999615355027309,PRESERVED
195648,ece12,cubic_spline,smooth_high_snr,25998,25997,0.9999615355027309,PRESERVED
195648,ece13,cubic_spline,smooth_high_snr,25998,25997,0.9999615355027309,PRESERVED
195648,ece14,cubic_spline,smooth_high_snr,25998,25997,0.9999615355027309,PRESERVED
195648,ece15,cubic_spline,smooth_high_snr,25998,25997,0.9999615355027309,PRESERVED
195648,ece16,cubic_spline,smooth_high_snr,25998,25997,0.9999615355027309,PRESERVED
195648,ece17,cubic_spline,smooth_high_snr,25998,25997,0.9999615355027309,PRESERVED
195648,ece18,cubic_spline,smooth_high_snr,25998,25997,0.9999615355027309,PRESERVED
195648,ece19,cubic_spline,smooth_high_snr,25998,25997,0.9999615355027309,PRESERVED
195648,ece20,cubic_spline,smooth_high_snr,25998,25997,0.9999615355027309,PRESERVED
195648,ece21,cubic_spline,smooth_high_snr,25998,25997,0.9999615355027309,PRESERVED
195648,ece22,cubic_spline,smooth_high_snr,25998,25997,0.9999615355027309,PRESERVED
195648,ece23,cubic_spline,smooth_high_snr,25998,25997,0.9999615355027309,PRESERVED
195648,ece24,cubic_spline,smooth_high_snr,25998,25997,0.9999615355027309,PRESERVED
195648,ece25,cubic_spline,smooth_high_snr,25998,25997,0.9999615355027309,PRESERVED
195648,ece26,cubic_spline,smooth_high_snr,25998,25997,0.9999615355027309,PRESERVED
195648,ece27,cubic_spline,smooth_high_snr,25998,25997,0.9999615355027309,PRESERVED
195648,ece28,cubic_spline,smooth_high_snr,25998,25997,0.9999615355027309,PRESERVED
195648,ece29,cubic_spline,smooth_high_snr,25998,25997,0.9999615355027309,PRESERVED
195648,ece30,cubic_spline,smooth_high_snr,25998,25997,0.9999615355027309,PRESERVED
195648,ece31,cubic_spline,smooth_high_snr,25998,25997,0.9999615355027309,PRESERVED
195648,ece32,cubic_spline,smooth_high_snr,25998,25997,0.9999615355027309,PRESERVED
195648,ece33,cubic_spline,smooth_high_snr,25998,25997,0.9999615355027309,PRESERVED
195648,ece34,cubic_spline,smooth_high_snr,25998,25997,0.9999615355027309,PRESERVED
195648,ece35,cubic_spline,smooth_high_snr,25998,25997,0.9999615355027309,PRESERVED
195648,ece36,cubic_spline,smooth_high_snr,25998,25997,0.9999615355027309,PRESERVED
195648,ece37,cubic_spline,smooth_high_snr,25998,25997,0.9999615355027309,PRESERVED
195648,ece38,cubic_spline,smooth_high_snr,25998,25997,0.9999615355027309,PRESERVED
195648,ece39,cubic_spline,smooth_high_snr,25998,25997,0.9999615355027309,PRESERVED
195648,ece40,cubic_spline,smooth_high_snr,25998,25997,0.9999615355027309,PRESERVED
195648,fs03da,pchip_no_smoothing,noisy,259977,259977,1.0,PRESERVED
195648,fs04,cubic_spline_simple,slow_varying,259977,259977,1.0,PRESERVED
195648,fs04da,cubic_spline_simple,slow_varying,259977,259977,1.0,PRESERVED
195648,fs05da,pchip_careful,fast_transient,259977,259977,1.0,PRESERVED
195648,gasa,decimate_with_antialiasing,smooth_high_snr,103991,2600,0.025002163648777297,DOWNSAMPLED
195648,gasb,decimate_with_antialiasing,fast_transient,103991,2600,0.025002163648777297,DOWNSAMPLED
195648,gasc,decimate_with_antialiasing,fast_transient,103991,2600,0.025002163648777297,DOWNSAMPLED
195648,gasd,decimate_with_antialiasing,noisy,103991,2600,0.025002163648777297,DOWNSAMPLED
195648,ip,decimate_with_antialiasing,smooth_high_snr,103990,5200,0.05000480815463025,DOWNSAMPLED
195648,kappa,cubic_spline,smooth_high_snr,252,254,1.007936507936508,PRESERVED
195648,li,cubic_spline,smooth_high_snr,252,254,1.007936507936508,PRESERVED
195648,pcbcoil,decimate_with_antialiasing,smooth_high_snr,103991,5200,0.05000432729755459,DOWNSAMPLED
195648,pcdiamag3,decimate_with_antialiasing,smooth_high_snr,103991,5200,0.05000432729755459,DOWNSAMPLED
195648,pinj,cubic_spline,smooth_high_snr,51996,51995,0.9999807677513655,PRESERVED
195648,pinj_15l,pchip_careful,fast_transient,51996,51995,0.9999807677513655,PRESERVED
195648,pinj_15r,pchip_careful,fast_transient,51996,51995,0.9999807677513655,PRESERVED
195648,pinj_21l,cubic_spline,smooth_high_snr,51996,51995,0.9999807677513655,PRESERVED
195648,pinj_21r,pchip_careful,fast_transient,51996,51995,0.9999807677513655,PRESERVED
195648,pinj_30l,pchip_careful,fast_transient,51996,51995,0.9999807677513655,PRESERVED
195648,pinj_30r,cubic_spline,smooth_high_snr,51996,51995,0.9999807677513655,PRESERVED
195648,pinj_33l,pchip_careful,fast_transient,51996,51995,0.9999807677513655,PRESERVED
195648,pinj_33r,cubic_spline,smooth_high_snr,51996,51995,0.9999807677513655,PRESERVED
195648,prmtan_neped,pchip_careful,fast_transient,768,490,0.6380208333333334,DOWNSAMPLED
195648,prmtan_teped,cubic_spline_simple,slow_varying,725,490,0.6758620689655173,DOWNSAMPLED
195648,q95,cubic_spline,smooth_high_snr,252,254,1.007936507936508,PRESERVED
195648,rmaxis,cubic_spline,smooth_high_snr,252,254,1.007936507936508,PRESERVED
195648,rsurf,cubic_spline,smooth_high_snr,252,254,1.007936507936508,PRESERVED
195648,tinj,cubic_spline,smooth_high_snr,51996,51995,0.9999807677513655,PRESERVED
195648,tribot,pchip_careful,fast_transient,252,254,1.007936507936508,PRESERVED
195648,tritop,cubic_spline,smooth_high_snr,252,254,1.007936507936508,PRESERVED
195648,volume,cubic_spline,smooth_high_snr,252,254,1.007936507936508,PRESERVED
195648,vsurf,cubic_spline,smooth_high_snr,252,254,1.007936507936508,PRESERVED
195648,zcur,pchip_no_smoothing,noisy,252,254,1.007936507936508,PRESERVED
195648,zmaxis,cubic_spline_simple,slow_varying,252,254,1.007936507936508,PRESERVED
195648,zsurf,cubic_spline_simple,slow_varying,252,254,1.007936507936508,PRESERVED
195649,aminor,cubic_spline,smooth_high_snr,250,254,1.016,UPSAMPLED
195649,area,cubic_spline,smooth_high_snr,250,254,1.016,UPSAMPLED
195649,betan,cubic_spline,smooth_high_snr,250,254,1.016,UPSAMPLED
195649,bt,decimate_with_antialiasing,smooth_high_snr,103943,5198,0.05000817755885437,DOWNSAMPLED
195649,cerqrott10,cubic_spline_simple,slow_varying,892,479,0.5369955156950673,DOWNSAMPLED
195649,cerqrott11,cubic_spline_simple,slow_varying,892,479,0.5369955156950673,DOWNSAMPLED
195649,cerqrott12,cubic_spline_simple,slow_varying,892,479,0.5369955156950673,DOWNSAMPLED
195649,cerqrott13,cubic_spline_simple,slow_varying,892,479,0.5369955156950673,DOWNSAMPLED
195649,cerqrott3,cubic_spline,smooth_high_snr,807,480,0.5947955390334573,DOWNSAMPLED
195649,cerqrott6,cubic_spline,smooth_high_snr,807,480,0.5947955390334573,DOWNSAMPLED
195649,cerqrott8,cubic_spline,smooth_high_snr,892,479,0.5369955156950673,DOWNSAMPLED
195649,cerqtit10,cubic_spline,smooth_high_snr,892,479,0.5369955156950673,DOWNSAMPLED
195649,cerqtit11,cubic_spline_simple,slow_varying,892,479,0.5369955156950673,DOWNSAMPLED
195649,cerqtit12,cubic_spline_simple,slow_varying,892,479,0.5369955156950673,DOWNSAMPLED
195649,cerqtit13,cubic_spline_simple,slow_varying,892,479,0.5369955156950673,DOWNSAMPLED
195649,cerqtit3,cubic_spline,smooth_high_snr,807,480,0.5947955390334573,DOWNSAMPLED
195649,cerqtit6,cubic_spline,smooth_high_snr,807,480,0.5947955390334573,DOWNSAMPLED
195649,cerqtit8,cubic_spline,smooth_high_snr,892,479,0.5369955156950673,DOWNSAMPLED
195649,density,cubic_spline,smooth_high_snr,5097,5096,0.9998038061604866,PRESERVED
195649,drsep,pchip_careful,fast_transient,250,254,1.016,UPSAMPLED
195649,ece1,cubic_spline,smooth_high_snr,25986,25985,0.9999615177403217,PRESERVED
195649,ece2,cubic_spline,smooth_high_snr,25986,25985,0.9999615177403217,PRESERVED
195649,ece3,cubic_spline,smooth_high_snr,25986,25985,0.9999615177403217,PRESERVED
195649,ece4,cubic_spline,smooth_high_snr,25986,25985,0.9999615177403217,PRESERVED
195649,ece5,cubic_spline,smooth_high_snr,25986,25985,0.9999615177403217,PRESERVED
195649,ece6,cubic_spline,smooth_high_snr,25986,25985,0.9999615177403217,PRESERVED
195649,ece7,cubic_spline,smooth_high_snr,25986,25985,0.9999615177403217,PRESERVED
195649,ece8,cubic_spline,smooth_high_snr,25986,25985,0.9999615177403217,PRESERVED
195649,ece9,cubic_spline,smooth_high_snr,25986,25985,0.9999615177403217,PRESERVED
195649,ece10,cubic_spline,smooth_high_snr,25986,25985,0.9999615177403217,PRESERVED
195649,ece11,cubic_spline,smooth_high_snr,25986,25985,0.9999615177403217,PRESERVED
195649,ece12,cubic_spline,smooth_high_snr,25986,25985,0.9999615177403217,PRESERVED
195649,ece13,cubic_spline,smooth_high_snr,25986,25985,0.9999615177403217,PRESERVED
195649,ece14,cubic_spline,smooth_high_snr,25986,25985,0.9999615177403217,PRESERVED
195649,ece15,cubic_spline,smooth_high_snr,25986,25985,0.9999615177403217,PRESERVED
195649,ece16,cubic_spline,smooth_high_snr,25986,25985,0.9999615177403217,PRESERVED
195649,ece17,cubic_spline,smooth_high_snr,25986,25985,0.9999615177403217,PRESERVED
195649,ece18,cubic_spline,smooth_high_snr,25986,25985,0.9999615177403217,PRESERVED
195649,ece19,cubic_spline,smooth_high_snr,25986,25985,0.9999615177403217,PRESERVED
195649,ece20,cubic_spline,smooth_high_snr,25986,25985,0.9999615177403217,PRESERVED
195649,ece21,cubic_spline,smooth_high_snr,25986,25985,0.9999615177403217,PRESERVED
195649,ece22,cubic_spline,smooth_high_snr,25986,25985,0.9999615177403217,PRESERVED
195649,ece23,cubic_spline,smooth_high_snr,25986,25985,0.9999615177403217,PRESERVED
195649,ece24,cubic_spline,smooth_high_snr,25986,25985,0.9999615177403217,PRESERVED
195649,ece25,cubic_spline,smooth_high_snr,25986,25985,0.9999615177403217,PRESERVED
195649,ece26,cubic_spline,smooth_high_snr,25986,25985,0.9999615177403217,PRESERVED
195649,ece27,cubic_spline,smooth_high_snr,25986,25985,0.9999615177403217,PRESERVED
195649,ece28,cubic_spline,smooth_high_snr,25986,25985,0.9999615177403217,PRESERVED
195649,ece29,cubic_spline,smooth_high_snr,25986,25985,0.9999615177403217,PRESERVED
195649,ece30,cubic_spline,smooth_high_snr,25986,25985,0.9999615177403217,PRESERVED
195649,ece31,cubic_spline,smooth_high_snr,25986,25985,0.9999615177403217,PRESERVED
195649,ece32,cubic_spline,smooth_high_snr,25986,25985,0.9999615177403217,PRESERVED
195649,ece33,cubic_spline,smooth_high_snr,25986,25985,0.9999615177403217,PRESERVED
195649,ece34,cubic_spline,smooth_high_snr,25986,25985,0.9999615177403217,PRESERVED
195649,ece35,cubic_spline,smooth_high_snr,25986,25985,0.9999615177403217,PRESERVED
195649,ece36,cubic_spline,smooth_high_snr,25986,25985,0.9999615177403217,PRESERVED
195649,ece37,cubic_spline,smooth_high_snr,25986,25985,0.9999615177403217,PRESERVED
195649,ece38,cubic_spline,smooth_high_snr,25986,25985,0.9999615177403217,PRESERVED
195649,ece39,cubic_spline,smooth_high_snr,25986,25985,0.9999615177403217,PRESERVED
195649,ece40,cubic_spline,smooth_high_snr,25986,25985,0.9999615177403217,PRESERVED
195649,fs03da,pchip_no_smoothing,noisy,259859,259859,1.0,PRESERVED
195649,fs04,cubic_spline_simple,slow_varying,259859,259859,1.0,PRESERVED
195649,fs04da,cubic_spline_simple,slow_varying,259859,259859,1.0,PRESERVED
195649,fs05da,pchip_careful,fast_transient,259859,259859,1.0,PRESERVED
195649,gasa,decimate_with_antialiasing,smooth_high_snr,103944,2666,0.02564842607557916,DOWNSAMPLED
195649,gasb,decimate_with_antialiasing,fast_transient,103944,2666,0.02564842607557916,DOWNSAMPLED
195649,gasc,decimate_with_antialiasing,fast_transient,103944,2666,0.02564842607557916,DOWNSAMPLED
195649,gasd,decimate_with_antialiasing,noisy,103944,2666,0.02564842607557916,DOWNSAMPLED
195649,ip,decimate_with_antialiasing,smooth_high_snr,103943,5198,0.05000817755885437,DOWNSAMPLED
195649,kappa,cubic_spline,smooth_high_snr,250,254,1.016,UPSAMPLED
195649,li,cubic_spline,smooth_high_snr,250,254,1.016,UPSAMPLED
195649,pcbcoil,decimate_with_antialiasing,smooth_high_snr,103944,5198,0.05000769645193566,DOWNSAMPLED
195649,pcdiamag3,decimate_with_antialiasing,smooth_high_snr,103944,5198,0.05000769645193566,DOWNSAMPLED
195649,pinj,cubic_spline,smooth_high_snr,51972,51972,1.0,PRESERVED
195649,pinj_15l,pchip_careful,fast_transient,51972,51972,1.0,PRESERVED
195649,pinj_15r,pchip_careful,fast_transient,51972,51972,1.0,PRESERVED
195649,pinj_21l,cubic_spline,smooth_high_snr,51972,51972,1.0,PRESERVED
195649,pinj_21r,pchip_careful,fast_transient,51972,51972,1.0,PRESERVED
195649,pinj_30l,pchip_careful,fast_transient,51972,51972,1.0,PRESERVED
195649,pinj_30r,cubic_spline,smooth_high_snr,51972,51972,1.0,PRESERVED
195649,pinj_33l,pchip_careful,fast_transient,51972,51972,1.0,PRESERVED
195649,pinj_33r,cubic_spline,smooth_high_snr,51972,51972,1.0,PRESERVED
195649,prmtan_neped,pchip_careful,fast_transient,760,490,0.6447368421052632,DOWNSAMPLED
195649,prmtan_teped,cubic_spline_simple,slow_varying,728,490,0.6730769230769231,DOWNSAMPLED
195649,q95,cubic_spline,smooth_high_snr,250,254,1.016,UPSAMPLED
195649,rmaxis,cubic_spline,smooth_high_snr,250,254,1.016,UPSAMPLED
195649,rsurf,cubic_spline,smooth_high_snr,250,254,1.016,UPSAMPLED
195649,tinj,cubic_spline,smooth_high_snr,51972,51972,1.0,PRESERVED
195649,tribot,pchip_careful,fast_transient,250,254,1.016,UPSAMPLED
195649,tritop,cubic_spline,smooth_high_snr,250,254,1.016,UPSAMPLED
195649,volume,cubic_spline,smooth_high_snr,250,254,1.016,UPSAMPLED
195649,vsurf,cubic_spline,smooth_high_snr,250,254,1.016,UPSAMPLED
195649,zcur,pchip_no_smoothing,noisy,250,254,1.016,UPSAMPLED
195649,zmaxis,cubic_spline_simple,slow_varying,250,254,1.016,UPSAMPLED
195649,zsurf,cubic_spline_simple,slow_varying,250,254,1.016,UPSAMPLED
195650,aminor,cubic_spline,smooth_high_snr,251,254,1.0119521912350598,UPSAMPLED
195650,area,cubic_spline,smooth_high_snr,251,254,1.0119521912350598,UPSAMPLED
195650,betan,cubic_spline,smooth_high_snr,251,254,1.0119521912350598,UPSAMPLED
195650,bt,decimate_with_antialiasing,smooth_high_snr,103873,5194,0.050003369499292405,DOWNSAMPLED
195650,cerqrott10,cubic_spline_simple,slow_varying,915,478,0.5224043715846994,DOWNSAMPLED
195650,cerqrott11,cubic_spline_simple,slow_varying,915,478,0.5224043715846994,DOWNSAMPLED
195650,cerqrott12,cubic_spline_simple,slow_varying,915,478,0.5224043715846994,DOWNSAMPLED
195650,cerqrott13,cubic_spline_simple,slow_varying,915,478,0.5224043715846994,DOWNSAMPLED
195650,cerqrott3,cubic_spline,smooth_high_snr,806,479,0.5942928039702233,DOWNSAMPLED
195650,cerqrott6,cubic_spline,smooth_high_snr,806,479,0.5942928039702233,DOWNSAMPLED
195650,cerqrott8,cubic_spline,smooth_high_snr,915,478,0.5224043715846994,DOWNSAMPLED
195650,cerqtit10,cubic_spline,smooth_high_snr,915,478,0.5224043715846994,DOWNSAMPLED
195650,cerqtit11,cubic_spline_simple,slow_varying,915,478,0.5224043715846994,DOWNSAMPLED
195650,cerqtit12,cubic_spline_simple,slow_varying,915,478,0.5224043715846994,DOWNSAMPLED
195650,cerqtit13,cubic_spline_simple,slow_varying,915,478,0.5224043715846994,DOWNSAMPLED
195650,cerqtit3,cubic_spline,smooth_high_snr,806,479,0.5942928039702233,DOWNSAMPLED
195650,cerqtit6,cubic_spline,smooth_high_snr,806,479,0.5942928039702233,DOWNSAMPLED
195650,cerqtit8,cubic_spline,smooth_high_snr,915,478,0.5224043715846994,DOWNSAMPLED
195650,density,cubic_spline,smooth_high_snr,5094,5093,0.9998036906164115,PRESERVED
195650,drsep,pchip_careful,fast_transient,251,254,1.0119521912350598,UPSAMPLED
195650,ece1,cubic_spline,smooth_high_snr,25969,25968,0.9999614925488082,PRESERVED
195650,ece2,cubic_spline,smooth_high_snr,25969,25968,0.9999614925488082,PRESERVED
195650,ece3,cubic_spline,smooth_high_snr,25969,25968,0.9999614925488082,PRESERVED
195650,ece4,cubic_spline,smooth_high_snr,25969,25968,0.9999614925488082,PRESERVED
195650,ece5,cubic_spline,smooth_high_snr,25969,25968,0.9999614925488082,PRESERVED
195650,ece6,cubic_spline,smooth_high_snr,25969,25968,0.9999614925488082,PRESERVED
195650,ece7,cubic_spline,smooth_high_snr,25969,25968,0.9999614925488082,PRESERVED
195650,ece8,cubic_spline,smooth_high_snr,25969,25968,0.9999614925488082,PRESERVED
195650,ece9,cubic_spline,smooth_high_snr,25969,25968,0.9999614925488082,PRESERVED
195650,ece10,cubic_spline,smooth_high_snr,25969,25968,0.9999614925488082,PRESERVED
195650,ece11,cubic_spline,smooth_high_snr,25969,25968,0.9999614925488082,PRESERVED
195650,ece12,cubic_spline,smooth_high_snr,25969,25968,0.9999614925488082,PRESERVED
195650,ece13,cubic_spline,smooth_high_snr,25969,25968,0.9999614925488082,PRESERVED
195650,ece14,cubic_spline,smooth_high_snr,25969,25968,0.9999614925488082,PRESERVED
195650,ece15,cubic_spline,smooth_high_snr,25969,25968,0.9999614925488082,PRESERVED
195650,ece16,cubic_spline,smooth_high_snr,25969,25968,0.9999614925488082,PRESERVED
195650,ece17,cubic_spline,smooth_high_snr,25969,25968,0.9999614925488082,PRESERVED
195650,ece18,cubic_spline,smooth_high_snr,25969,25968,0.9999614925488082,PRESERVED
195650,ece19,cubic_spline,smooth_high_snr,25969,25968,0.9999614925488082,PRESERVED
195650,ece20,cubic_spline,smooth_high_snr,25969,25968,0.9999614925488082,PRESERVED
195650,ece21,cubic_spline,smooth_high_snr,25969,25968,0.9999614925488082,PRESERVED
195650,ece22,cubic_spline,smooth_high_snr,25969,25968,0.9999614925488082,PRESERVED
195650,ece23,cubic_spline,smooth_high_snr,25969,25968,0.9999614925488082,PRESERVED
195650,ece24,cubic_spline,smooth_high_snr,25969,25968,0.9999614925488082,PRESERVED
195650,ece25,cubic_spline,smooth_high_snr,25969,25968,0.9999614925488082,PRESERVED
195650,ece26,cubic_spline,smooth_high_snr,25969,25968,0.9999614925488082,PRESERVED
195650,ece27,cubic_spline,smooth_high_snr,25969,25968,0.9999614925488082,PRESERVED
195650,ece28,cubic_spline,smooth_high_snr,25969,25968,0.9999614925488082,PRESERVED
195650,ece29,cubic_spline,smooth_high_snr,25969,25968,0.9999614925488082,PRESERVED
195650,ece30,cubic_spline,smooth_high_snr,25969,25968,0.9999614925488082,PRESERVED
195650,ece31,cubic_spline,smooth_high_snr,25969,25968,0.9999614925488082,PRESERVED
195650,ece32,cubic_spline,smooth_high_snr,25969,25968,0.9999614925488082,PRESERVED
195650,ece33,cubic_spline,smooth_high_snr,25969,25968,0.9999614925488082,PRESERVED
195650,ece34,cubic_spline,smooth_high_snr,25969,25968,0.9999614925488082,PRESERVED
195650,ece35,cubic_spline,smooth_high_snr,25969,25968,0.9999614925488082,PRESERVED
195650,ece36,cubic_spline,smooth_high_snr,25969,25968,0.9999614925488082,PRESERVED
195650,ece37,cubic_spline,smooth_high_snr,25969,25968,0.9999614925488082,PRESERVED
195650,ece38,cubic_spline,smooth_high_snr,25969,25968,0.9999614925488082,PRESERVED
195650,ece39,cubic_spline,smooth_high_snr,25969,25968,0.9999614925488082,PRESERVED
195650,ece40,cubic_spline,smooth_high_snr,25969,25968,0.9999614925488082,PRESERVED
195650,fs03da,pchip_no_smoothing,noisy,259682,259682,1.0,PRESERVED
195650,fs04,cubic_spline_simple,slow_varying,259682,259682,1.0,PRESERVED
195650,fs04da,cubic_spline_simple,slow_varying,259682,259682,1.0,PRESERVED
195650,fs05da,pchip_careful,fast_transient,259682,259682,1.0,PRESERVED
195650,gasa,decimate_with_antialiasing,smooth_high_snr,103873,2597,0.025001684749646202,DOWNSAMPLED
195650,gasb,decimate_with_antialiasing,fast_transient,103873,2597,0.025001684749646202,DOWNSAMPLED
195650,gasc,decimate_with_antialiasing,fast_transient,103873,2597,0.025001684749646202,DOWNSAMPLED
195650,gasd,decimate_with_antialiasing,noisy,103873,2597,0.025001684749646202,DOWNSAMPLED
195650,ip,decimate_with_antialiasing,smooth_high_snr,103873,5194,0.050003369499292405,DOWNSAMPLED
195650,kappa,cubic_spline,smooth_high_snr,251,254,1.0119521912350598,UPSAMPLED
195650,li,cubic_spline,smooth_high_snr,251,254,1.0119521912350598,UPSAMPLED
195650,pcbcoil,decimate_with_antialiasing,smooth_high_snr,103873,5194,0.050003369499292405,DOWNSAMPLED
195650,pcdiamag3,decimate_with_antialiasing,smooth_high_snr,103873,5194,0.050003369499292405,DOWNSAMPLED
195650,pinj,cubic_spline,smooth_high_snr,51937,51937,1.0,PRESERVED
195650,pinj_15l,pchip_careful,fast_transient,51937,51937,1.0,PRESERVED
195650,pinj_15r,pchip_careful,fast_transient,51937,51937,1.0,PRESERVED
195650,pinj_21l,cubic_spline,smooth_high_snr,51937,51937,1.0,PRESERVED
195650,pinj_21r,pchip_careful,fast_transient,51937,51937,1.0,PRESERVED
195650,pinj_30l,pchip_careful,fast_transient,51937,51937,1.0,PRESERVED
195650,pinj_30r,cubic_spline,smooth_high_snr,51937,51937,1.0,PRESERVED
195650,pinj_33l,pchip_careful,fast_transient,51937,51937,1.0,PRESERVED
195650,pinj_33r,cubic_spline,smooth_high_snr,51937,51937,1.0,PRESERVED
195650,prmtan_neped,pchip_careful,fast_transient,762,487,0.6391076115485564,DOWNSAMPLED
195650,prmtan_teped,cubic_spline_simple,slow_varying,732,487,0.6653005464480874,DOWNSAMPLED
195650,q95,cubic_spline,smooth_high_snr,251,254,1.0119521912350598,UPSAMPLED
195650,rmaxis,cubic_spline,smooth_high_snr,251,254,1.0119521912350598,UPSAMPLED
195650,rsurf,cubic_spline,smooth_high_snr,251,254,1.0119521912350598,UPSAMPLED
195650,tinj,cubic_spline,smooth_high_snr,51937,51937,1.0,PRESERVED
195650,tribot,pchip_careful,fast_transient,251,254,1.0119521912350598,UPSAMPLED
195650,tritop,cubic_spline,smooth_high_snr,251,254,1.0119521912350598,UPSAMPLED
195650,volume,cubic_spline,smooth_high_snr,251,254,1.0119521912350598,UPSAMPLED
195650,vsurf,cubic_spline,smooth_high_snr,251,254,1.0119521912350598,UPSAMPLED
195650,zcur,pchip_no_smoothing,noisy,251,254,1.0119521912350598,UPSAMPLED
195650,zmaxis,cubic_spline_simple,slow_varying,251,254,1.0119521912350598,UPSAMPLED
195650,zsurf,cubic_spline_simple,slow_varying,251,254,1.0119521912350598,UPSAMPLED
195651,aminor,cubic_spline,smooth_high_snr,254,255,1.0039370078740157,PRESERVED
195651,area,cubic_spline,smooth_high_snr,254,255,1.0039370078740157,PRESERVED
195651,betan,cubic_spline,smooth_high_snr,254,255,1.0039370078740157,PRESERVED
195651,bt,decimate_with_antialiasing,smooth_high_snr,104195,5210,0.05000239934737751,DOWNSAMPLED
195651,cerqrott10,cubic_spline_simple,slow_varying,892,480,0.5381165919282511,DOWNSAMPLED
195651,cerqrott11,cubic_spline_simple,slow_varying,892,480,0.5381165919282511,DOWNSAMPLED
195651,cerqrott12,cubic_spline_simple,slow_varying,892,480,0.5381165919282511,DOWNSAMPLED
195651,cerqrott13,cubic_spline_simple,slow_varying,892,480,0.5381165919282511,DOWNSAMPLED
195651,cerqrott3,cubic_spline,smooth_high_snr,809,481,0.5945611866501854,DOWNSAMPLED
195651,cerqrott6,cubic_spline,smooth_high_snr,809,481,0.5945611866501854,DOWNSAMPLED
195651,cerqrott8,cubic_spline,smooth_high_snr,892,480,0.5381165919282511,DOWNSAMPLED
195651,cerqtit10,cubic_spline,smooth_high_snr,892,480,0.5381165919282511,DOWNSAMPLED
195651,cerqtit11,cubic_spline_simple,slow_varying,892,480,0.5381165919282511,DOWNSAMPLED
195651,cerqtit12,cubic_spline_simple,slow_varying,892,480,0.5381165919282511,DOWNSAMPLED
195651,cerqtit13,cubic_spline_simple,slow_varying,892,480,0.5381165919282511,DOWNSAMPLED
195651,cerqtit3,cubic_spline,smooth_high_snr,809,481,0.5945611866501854,DOWNSAMPLED
195651,cerqtit6,cubic_spline,smooth_high_snr,809,481,0.5945611866501854,DOWNSAMPLED
195651,cerqtit8,cubic_spline,smooth_high_snr,892,480,0.5381165919282511,DOWNSAMPLED
195651,density,cubic_spline,smooth_high_snr,5110,5109,0.9998043052837573,PRESERVED
195651,drsep,pchip_careful,fast_transient,254,255,1.0039370078740157,PRESERVED
195651,ece1,cubic_spline,smooth_high_snr,26049,26048,0.9999616108103958,PRESERVED
195651,ece2,cubic_spline,smooth_high_snr,26049,26048,0.9999616108103958,PRESERVED
195651,ece3,cubic_spline,smooth_high_snr,26049,26048,0.9999616108103958,PRESERVED
195651,ece4,cubic_spline,smooth_high_snr,26049,26048,0.9999616108103958,PRESERVED
195651,ece5,cubic_spline,smooth_high_snr,26049,26048,0.9999616108103958,PRESERVED
195651,ece6,cubic_spline,smooth_high_snr,26049,26048,0.9999616108103958,PRESERVED
195651,ece7,cubic_spline,smooth_high_snr,26049,26048,0.9999616108103958,PRESERVED
195651,ece8,cubic_spline,smooth_high_snr,26049,26048,0.9999616108103958,PRESERVED
195651,ece9,cubic_spline,smooth_high_snr,26049,26048,0.9999616108103958,PRESERVED
195651,ece10,cubic_spline,smooth_high_snr,26049,26048,0.9999616108103958,PRESERVED
195651,ece11,cubic_spline,smooth_high_snr,26049,26048,0.9999616108103958,PRESERVED
195651,ece12,cubic_spline,smooth_high_snr,26049,26048,0.9999616108103958,PRESERVED
195651,ece13,cubic_spline,smooth_high_snr,26049,26048,0.9999616108103958,PRESERVED
195651,ece14,cubic_spline,smooth_high_snr,26049,26048,0.9999616108103958,PRESERVED
195651,ece15,cubic_spline,smooth_high_snr,26049,26048,0.9999616108103958,PRESERVED
195651,ece16,cubic_spline,smooth_high_snr,26049,26048,0.9999616108103958,PRESERVED
195651,ece17,cubic_spline,smooth_high_snr,26049,26048,0.9999616108103958,PRESERVED
195651,ece18,cubic_spline,smooth_high_snr,26049,26048,0.9999616108103958,PRESERVED
195651,ece19,cubic_spline,smooth_high_snr,26049,26048,0.9999616108103958,PRESERVED
195651,ece20,cubic_spline,smooth_high_snr,26049,26048,0.9999616108103958,PRESERVED
195651,ece21,cubic_spline,smooth_high_snr,26049,26048,0.9999616108103958,PRESERVED
195651,ece22,cubic_spline,smooth_high_snr,26049,26048,0.9999616108103958,PRESERVED
195651,ece23,cubic_spline,smooth_high_snr,26049,26048,0.9999616108103958,PRESERVED
195651,ece24,cubic_spline,smooth_high_snr,26049,26048,0.9999616108103958,PRESERVED
195651,ece25,cubic_spline,smooth_high_snr,26049,26048,0.9999616108103958,PRESERVED
195651,ece26,cubic_spline,smooth_high_snr,26049,26048,0.9999616108103958,PRESERVED
195651,ece27,cubic_spline,smooth_high_snr,26049,26048,0.9999616108103958,PRESERVED
195651,ece28,cubic_spline,smooth_high_snr,26049,26048,0.9999616108103958,PRESERVED
195651,ece29,cubic_spline,smooth_high_snr,26049,26048,0.9999616108103958,PRESERVED
195651,ece30,cubic_spline,smooth_high_snr,26049,26048,0.9999616108103958,PRESERVED
195651,ece31,cubic_spline,smooth_high_snr,26049,26048,0.9999616108103958,PRESERVED
195651,ece32,cubic_spline,smooth_high_snr,26049,26048,0.9999616108103958,PRESERVED
195651,ece33,cubic_spline,smooth_high_snr,26049,26048,0.9999616108103958,PRESERVED
195651,ece34,cubic_spline,smooth_high_snr,26049,26048,0.9999616108103958,PRESERVED
195651,ece35,cubic_spline,smooth_high_snr,26049,26048,0.9999616108103958,PRESERVED
195651,ece36,cubic_spline,smooth_high_snr,26049,26048,0.9999616108103958,PRESERVED
195651,ece37,cubic_spline,smooth_high_snr,26049,26048,0.9999616108103958,PRESERVED
195651,ece38,cubic_spline,smooth_high_snr,26049,26048,0.9999616108103958,PRESERVED
195651,ece39,cubic_spline,smooth_high_snr,26049,26048,0.9999616108103958,PRESERVED
195651,ece40,cubic_spline,smooth_high_snr,26049,26048,0.9999616108103958,PRESERVED
195651,fs03da,pchip_no_smoothing,noisy,260487,260487,1.0,PRESERVED
195651,fs04,cubic_spline_simple,slow_varying,260487,260487,1.0,PRESERVED
195651,fs04da,cubic_spline_simple,slow_varying,260487,260487,1.0,PRESERVED
195651,fs05da,pchip_careful,fast_transient,260487,260487,1.0,PRESERVED
195651,gasa,decimate_with_antialiasing,smooth_high_snr,104195,2672,0.025644224770862326,DOWNSAMPLED
195651,gasb,decimate_with_antialiasing,fast_transient,104195,2672,0.025644224770862326,DOWNSAMPLED
195651,gasc,decimate_with_antialiasing,fast_transient,104195,2672,0.025644224770862326,DOWNSAMPLED
195651,gasd,decimate_with_antialiasing,noisy,104195,2672,0.025644224770862326,DOWNSAMPLED
195651,ip,decimate_with_antialiasing,smooth_high_snr,104195,5210,0.05000239934737751,DOWNSAMPLED
195651,kappa,cubic_spline,smooth_high_snr,254,255,1.0039370078740157,PRESERVED
195651,li,cubic_spline,smooth_high_snr,254,255,1.0039370078740157,PRESERVED
195651,pcbcoil,decimate_with_antialiasing,smooth_high_snr,104195,5210,0.05000239934737751,DOWNSAMPLED
195651,pcdiamag3,decimate_with_antialiasing,smooth_high_snr,104195,5210,0.05000239934737751,DOWNSAMPLED
195651,pinj,cubic_spline,smooth_high_snr,52098,52098,1.0,PRESERVED
195651,pinj_15l,pchip_careful,fast_transient,52098,52098,1.0,PRESERVED
195651,pinj_15r,pchip_careful,fast_transient,52098,52098,1.0,PRESERVED
195651,pinj_21l,cubic_spline,smooth_high_snr,52098,52098,1.0,PRESERVED
195651,pinj_21r,pchip_careful,fast_transient,52098,52098,1.0,PRESERVED
195651,pinj_30l,pchip_careful,fast_transient,52098,52098,1.0,PRESERVED
195651,pinj_30r,cubic_spline,smooth_high_snr,52098,52098,1.0,PRESERVED
195651,pinj_33l,pchip_careful,fast_transient,52098,52098,1.0,PRESERVED
195651,pinj_33r,cubic_spline,smooth_high_snr,52098,52098,1.0,PRESERVED
195651,prmtan_neped,pchip_careful,fast_transient,765,491,0.6418300653594772,DOWNSAMPLED
195651,prmtan_teped,cubic_spline_simple,slow_varying,738,491,0.6653116531165312,DOWNSAMPLED
195651,q95,cubic_spline,smooth_high_snr,254,255,1.0039370078740157,PRESERVED
195651,rmaxis,cubic_spline,smooth_high_snr,254,255,1.0039370078740157,PRESERVED
195651,rsurf,cubic_spline,smooth_high_snr,254,255,1.0039370078740157,PRESERVED
195651,tinj,cubic_spline,smooth_high_snr,52098,52098,1.0,PRESERVED
195651,tribot,pchip_careful,fast_transient,254,255,1.0039370078740157,PRESERVED
195651,tritop,cubic_spline,smooth_high_snr,254,255,1.0039370078740157,PRESERVED
195651,volume,cubic_spline,smooth_high_snr,254,255,1.0039370078740157,PRESERVED
195651,vsurf,cubic_spline,smooth_high_snr,254,255,1.0039370078740157,PRESERVED
195651,zcur,pchip_no_smoothing,noisy,254,255,1.0039370078740157,PRESERVED
195651,zmaxis,cubic_spline_simple,slow_varying,254,255,1.0039370078740157,PRESERVED
195651,zsurf,cubic_spline_simple,slow_varying,254,255,1.0039370078740157,PRESERVED
195652,aminor,cubic_spline,smooth_high_snr,252,255,1.0119047619047619,UPSAMPLED
195652,area,cubic_spline,smooth_high_snr,252,255,1.0119047619047619,UPSAMPLED
195652,betan,cubic_spline,smooth_high_snr,252,255,1.0119047619047619,UPSAMPLED
195652,bt,decimate_with_antialiasing,smooth_high_snr,104061,5204,0.050009129260722075,DOWNSAMPLED
195652,cerqrott10,cubic_spline_simple,slow_varying,888,479,0.5394144144144144,DOWNSAMPLED
195652,cerqrott11,cubic_spline_simple,slow_varying,888,479,0.5394144144144144,DOWNSAMPLED
195652,cerqrott12,cubic_spline_simple,slow_varying,888,479,0.5394144144144144,DOWNSAMPLED
195652,cerqrott13,cubic_spline_simple,slow_varying,888,479,0.5394144144144144,DOWNSAMPLED
195652,cerqrott3,cubic_spline,smooth_high_snr,807,480,0.5947955390334573,DOWNSAMPLED
195652,cerqrott6,cubic_spline,smooth_high_snr,807,480,0.5947955390334573,DOWNSAMPLED
195652,cerqrott8,cubic_spline,smooth_high_snr,888,479,0.5394144144144144,DOWNSAMPLED
195652,cerqtit10,cubic_spline,smooth_high_snr,888,479,0.5394144144144144,DOWNSAMPLED
195652,cerqtit11,cubic_spline_simple,slow_varying,888,479,0.5394144144144144,DOWNSAMPLED
195652,cerqtit12,cubic_spline_simple,slow_varying,888,479,0.5394144144144144,DOWNSAMPLED
195652,cerqtit13,cubic_spline_simple,slow_varying,888,479,0.5394144144144144,DOWNSAMPLED
195652,cerqtit3,cubic_spline,smooth_high_snr,807,480,0.5947955390334573,DOWNSAMPLED
195652,cerqtit6,cubic_spline,smooth_high_snr,807,480,0.5947955390334573,DOWNSAMPLED
195652,cerqtit8,cubic_spline,smooth_high_snr,888,479,0.5394144144144144,DOWNSAMPLED
195652,density,cubic_spline,smooth_high_snr,5103,5102,0.9998040368410739,PRESERVED
195652,drsep,pchip_careful,fast_transient,252,255,1.0119047619047619,UPSAMPLED
195652,ece1,cubic_spline,smooth_high_snr,26016,26015,0.9999615621156211,PRESERVED
195652,ece2,cubic_spline,smooth_high_snr,26016,26015,0.9999615621156211,PRESERVED
195652,ece3,cubic_spline,smooth_high_snr,26016,26015,0.9999615621156211,PRESERVED
195652,ece4,cubic_spline,smooth_high_snr,26016,26015,0.9999615621156211,PRESERVED
195652,ece5,cubic_spline,smooth_high_snr,26016,26015,0.9999615621156211,PRESERVED
195652,ece6,cubic_spline,smooth_high_snr,26016,26015,0.9999615621156211,PRESERVED
195652,ece7,cubic_spline,smooth_high_snr,26016,26015,0.9999615621156211,PRESERVED
195652,ece8,cubic_spline,smooth_high_snr,26016,26015,0.9999615621156211,PRESERVED
195652,ece9,cubic_spline,smooth_high_snr,26016,26015,0.9999615621156211,PRESERVED
195652,ece10,cubic_spline,smooth_high_snr,26016,26015,0.9999615621156211,PRESERVED
195652,ece11,cubic_spline,smooth_high_snr,26016,26015,0.9999615621156211,PRESERVED
195652,ece12,cubic_spline,smooth_high_snr,26016,26015,0.9999615621156211,PRESERVED
195652,ece13,cubic_spline,smooth_high_snr,26016,26015,0.9999615621156211,PRESERVED
195652,ece14,cubic_spline,smooth_high_snr,26016,26015,0.9999615621156211,PRESERVED
195652,ece15,cubic_spline,smooth_high_snr,26016,26015,0.9999615621156211,PRESERVED
195652,ece16,cubic_spline,smooth_high_snr,26016,26015,0.9999615621156211,PRESERVED
195652,ece17,cubic_spline,smooth_high_snr,26016,26015,0.9999615621156211,PRESERVED
195652,ece18,cubic_spline,smooth_high_snr,26016,26015,0.9999615621156211,PRESERVED
195652,ece19,cubic_spline,smooth_high_snr,26016,26015,0.9999615621156211,PRESERVED
195652,ece20,cubic_spline,smooth_high_snr,26016,26015,0.9999615621156211,PRESERVED
195652,ece21,cubic_spline,smooth_high_snr,26016,26015,0.9999615621156211,PRESERVED
195652,ece22,cubic_spline,smooth_high_snr,26016,26015,0.9999615621156211,PRESERVED
195652,ece23,cubic_spline,smooth_high_snr,26016,26015,0.9999615621156211,PRESERVED
195652,ece24,cubic_spline,smooth_high_snr,26016,26015,0.9999615621156211,PRESERVED
195652,ece25,cubic_spline,smooth_high_snr,26016,26015,0.9999615621156211,PRESERVED
195652,ece26,cubic_spline,smooth_high_snr,26016,26015,0.9999615621156211,PRESERVED
195652,ece27,cubic_spline,smooth_high_snr,26016,26015,0.9999615621156211,PRESERVED
195652,ece28,cubic_spline,smooth_high_snr,26016,26015,0.9999615621156211,PRESERVED
195652,ece29,cubic_spline,smooth_high_snr,26016,26015,0.9999615621156211,PRESERVED
195652,ece30,cubic_spline,smooth_high_snr,26016,26015,0.9999615621156211,PRESERVED
195652,ece31,cubic_spline,smooth_high_snr,26016,26015,0.9999615621156211,PRESERVED
195652,ece32,cubic_spline,smooth_high_snr,26016,26015,0.9999615621156211,PRESERVED
195652,ece33,cubic_spline,smooth_high_snr,26016,26015,0.9999615621156211,PRESERVED
195652,ece34,cubic_spline,smooth_high_snr,26016,26015,0.9999615621156211,PRESERVED
195652,ece35,cubic_spline,smooth_high_snr,26016,26015,0.9999615621156211,PRESERVED
195652,ece36,cubic_spline,smooth_high_snr,26016,26015,0.9999615621156211,PRESERVED
195652,ece37,cubic_spline,smooth_high_snr,26016,26015,0.9999615621156211,PRESERVED
195652,ece38,cubic_spline,smooth_high_snr,26016,26015,0.9999615621156211,PRESERVED
195652,ece39,cubic_spline,smooth_high_snr,26016,26015,0.9999615621156211,PRESERVED
195652,ece40,cubic_spline,smooth_high_snr,26016,26015,0.9999615621156211,PRESERVED
195652,fs03da,pchip_no_smoothing,noisy,260154,260154,1.0,PRESERVED
195652,fs04,cubic_spline_simple,slow_varying,260154,260154,1.0,PRESERVED
195652,fs04da,cubic_spline_simple,slow_varying,260154,260154,1.0,PRESERVED
195652,fs05da,pchip_careful,fast_transient,260154,260154,1.0,PRESERVED
195652,gasa,decimate_with_antialiasing,smooth_high_snr,104062,2669,0.02564817128250466,DOWNSAMPLED
195652,gasb,decimate_with_antialiasing,fast_transient,104062,2669,0.02564817128250466,DOWNSAMPLED
195652,gasc,decimate_with_antialiasing,fast_transient,104062,2669,0.02564817128250466,DOWNSAMPLED
195652,gasd,decimate_with_antialiasing,noisy,104062,2669,0.02564817128250466,DOWNSAMPLED
195652,ip,decimate_with_antialiasing,smooth_high_snr,104061,5204,0.050009129260722075,DOWNSAMPLED
195652,kappa,cubic_spline,smooth_high_snr,252,255,1.0119047619047619,UPSAMPLED
195652,li,cubic_spline,smooth_high_snr,252,255,1.0119047619047619,UPSAMPLED
195652,pcbcoil,decimate_with_antialiasing,smooth_high_snr,104062,5204,0.05000864869020392,DOWNSAMPLED
195652,pcdiamag3,decimate_with_antialiasing,smooth_high_snr,104062,5204,0.05000864869020392,DOWNSAMPLED
195652,pinj,cubic_spline,smooth_high_snr,52031,52030,0.9999807806884358,PRESERVED
195652,pinj_15l,pchip_careful,fast_transient,52031,52030,0.9999807806884358,PRESERVED
195652,pinj_15r,pchip_careful,fast_transient,52031,52030,0.9999807806884358,PRESERVED
195652,pinj_21l,cubic_spline,smooth_high_snr,52031,52030,0.9999807806884358,PRESERVED
195652,pinj_21r,pchip_careful,fast_transient,52031,52030,0.9999807806884358,PRESERVED
195652,pinj_30l,pchip_careful,fast_transient,52031,52030,0.9999807806884358,PRESERVED
195652,pinj_30r,cubic_spline,smooth_high_snr,52031,52030,0.9999807806884358,PRESERVED
195652,pinj_33l,pchip_careful,fast_transient,52031,52030,0.9999807806884358,PRESERVED
195652,pinj_33r,cubic_spline,smooth_high_snr,52031,52030,0.9999807806884358,PRESERVED
195652,prmtan_neped,pchip_careful,fast_transient,764,490,0.6413612565445026,DOWNSAMPLED
195652,prmtan_teped,cubic_spline_simple,slow_varying,721,487,0.6754507628294036,DOWNSAMPLED
195652,q95,cubic_spline,smooth_high_snr,252,255,1.0119047619047619,UPSAMPLED
195652,rmaxis,cubic_spline,smooth_high_snr,252,255,1.0119047619047619,UPSAMPLED
195652,rsurf,cubic_spline,smooth_high_snr,252,255,1.0119047619047619,UPSAMPLED
195652,tinj,cubic_spline,smooth_high_snr,52031,52030,0.9999807806884358,PRESERVED
195652,tribot,pchip_careful,fast_transient,252,255,1.0119047619047619,UPSAMPLED
195652,tritop,cubic_spline,smooth_high_snr,252,255,1.0119047619047619,UPSAMPLED
195652,volume,cubic_spline,smooth_high_snr,252,255,1.0119047619047619,UPSAMPLED
195652,vsurf,cubic_spline,smooth_high_snr,252,255,1.0119047619047619,UPSAMPLED
195652,zcur,pchip_no_smoothing,noisy,252,255,1.0119047619047619,UPSAMPLED
195652,zmaxis,cubic_spline_simple,slow_varying,252,255,1.0119047619047619,UPSAMPLED
195652,zsurf,cubic_spline_simple,slow_varying,252,255,1.0119047619047619,UPSAMPLED
195655,aminor,cubic_spline,smooth_high_snr,254,255,1.0039370078740157,PRESERVED
195655,area,cubic_spline,smooth_high_snr,254,255,1.0039370078740157,PRESERVED
195655,betan,cubic_spline,smooth_high_snr,254,255,1.0039370078740157,PRESERVED
195655,bt,decimate_with_antialiasing,smooth_high_snr,104263,5214,0.05000815246060443,DOWNSAMPLED
195655,cerqrott10,cubic_spline_simple,slow_varying,905,480,0.5303867403314917,DOWNSAMPLED
195655,cerqrott11,cubic_spline_simple,slow_varying,905,480,0.5303867403314917,DOWNSAMPLED
195655,cerqrott12,cubic_spline_simple,slow_varying,905,480,0.5303867403314917,DOWNSAMPLED
195655,cerqrott13,cubic_spline_simple,slow_varying,905,480,0.5303867403314917,DOWNSAMPLED
195655,cerqrott3,cubic_spline,smooth_high_snr,677,481,0.7104874446085672,DOWNSAMPLED
195655,cerqrott6,cubic_spline,smooth_high_snr,677,481,0.7104874446085672,DOWNSAMPLED
195655,cerqrott8,cubic_spline,smooth_high_snr,905,480,0.5303867403314917,DOWNSAMPLED
195655,cerqtit10,cubic_spline,smooth_high_snr,905,480,0.5303867403314917,DOWNSAMPLED
195655,cerqtit11,cubic_spline_simple,slow_varying,905,480,0.5303867403314917,DOWNSAMPLED
195655,cerqtit12,cubic_spline_simple,slow_varying,905,480,0.5303867403314917,DOWNSAMPLED
195655,cerqtit13,cubic_spline_simple,slow_varying,905,480,0.5303867403314917,DOWNSAMPLED
195655,cerqtit3,cubic_spline,smooth_high_snr,677,481,0.7104874446085672,DOWNSAMPLED
195655,cerqtit6,cubic_spline,smooth_high_snr,677,481,0.7104874446085672,DOWNSAMPLED
195655,cerqtit8,cubic_spline,smooth_high_snr,905,480,0.5303867403314917,DOWNSAMPLED
195655,density,cubic_spline,smooth_high_snr,5113,5112,0.9998044201056131,PRESERVED
195655,drsep,pchip_careful,fast_transient,254,255,1.0039370078740157,PRESERVED
195655,ece1,cubic_spline,smooth_high_snr,26066,26065,0.9999616358474641,PRESERVED
195655,ece2,cubic_spline,smooth_high_snr,26066,26065,0.9999616358474641,PRESERVED
195655,ece3,cubic_spline,smooth_high_snr,26066,26065,0.9999616358474641,PRESERVED
195655,ece4,cubic_spline,smooth_high_snr,26066,26065,0.9999616358474641,PRESERVED
195655,ece5,cubic_spline,smooth_high_snr,26066,26065,0.9999616358474641,PRESERVED
195655,ece6,cubic_spline,smooth_high_snr,26066,26065,0.9999616358474641,PRESERVED
195655,ece7,cubic_spline,smooth_high_snr,26066,26065,0.9999616358474641,PRESERVED
195655,ece8,cubic_spline,smooth_high_snr,26066,26065,0.9999616358474641,PRESERVED
195655,ece9,cubic_spline,smooth_high_snr,26066,26065,0.9999616358474641,PRESERVED
195655,ece10,cubic_spline,smooth_high_snr,26066,26065,0.9999616358474641,PRESERVED
195655,ece11,cubic_spline,smooth_high_snr,26066,26065,0.9999616358474641,PRESERVED
195655,ece12,cubic_spline,smooth_high_snr,26066,26065,0.9999616358474641,PRESERVED
195655,ece13,cubic_spline,smooth_high_snr,26066,26065,0.9999616358474641,PRESERVED
195655,ece14,cubic_spline,smooth_high_snr,26066,26065,0.9999616358474641,PRESERVED
195655,ece15,cubic_spline,smooth_high_snr,26066,26065,0.9999616358474641,PRESERVED
195655,ece16,cubic_spline,smooth_high_snr,26066,26065,0.9999616358474641,PRESERVED
195655,ece17,cubic_spline,smooth_high_snr,26066,26065,0.9999616358474641,PRESERVED
195655,ece18,cubic_spline,smooth_high_snr,26066,26065,0.9999616358474641,PRESERVED
195655,ece19,cubic_spline,smooth_high_snr,26066,26065,0.9999616358474641,PRESERVED
195655,ece20,cubic_spline,smooth_high_snr,26066,26065,0.9999616358474641,PRESERVED
195655,ece21,cubic_spline,smooth_high_snr,26066,26065,0.9999616358474641,PRESERVED
195655,ece22,cubic_spline,smooth_high_snr,26066,26065,0.9999616358474641,PRESERVED
195655,ece23,cubic_spline,smooth_high_snr,26066,26065,0.9999616358474641,PRESERVED
195655,ece24,cubic_spline,smooth_high_snr,26066,26065,0.9999616358474641,PRESERVED
195655,ece25,cubic_spline,smooth_high_snr,26066,26065,0.9999616358474641,PRESERVED
195655,ece26,cubic_spline,smooth_high_snr,26066,26065,0.9999616358474641,PRESERVED
195655,ece27,cubic_spline,smooth_high_snr,26066,26065,0.9999616358474641,PRESERVED
195655,ece28,cubic_spline,smooth_high_snr,26066,26065,0.9999616358474641,PRESERVED
195655,ece29,cubic_spline,smooth_high_snr,26066,26065,0.9999616358474641,PRESERVED
195655,ece30,cubic_spline,smooth_high_snr,26066,26065,0.9999616358474641,PRESERVED
195655,ece31,cubic_spline,smooth_high_snr,26066,26065,0.9999616358474641,PRESERVED
195655,ece32,cubic_spline,smooth_high_snr,26066,26065,0.9999616358474641,PRESERVED
195655,ece33,cubic_spline,smooth_high_snr,26066,26065,0.9999616358474641,PRESERVED
195655,ece34,cubic_spline,smooth_high_snr,26066,26065,0.9999616358474641,PRESERVED
195655,ece35,cubic_spline,smooth_high_snr,26066,26065,0.9999616358474641,PRESERVED
195655,ece36,cubic_spline,smooth_high_snr,26066,26065,0.9999616358474641,PRESERVED
195655,ece37,cubic_spline,smooth_high_snr,26066,26065,0.9999616358474641,PRESERVED
195655,ece38,cubic_spline,smooth_high_snr,26066,26065,0.9999616358474641,PRESERVED
195655,ece39,cubic_spline,smooth_high_snr,26066,26065,0.9999616358474641,PRESERVED
195655,ece40,cubic_spline,smooth_high_snr,26066,26065,0.9999616358474641,PRESERVED
195655,fs03da,pchip_no_smoothing,noisy,260659,260659,1.0,PRESERVED
195655,fs04,cubic_spline_simple,slow_varying,260659,260659,1.0,PRESERVED
195655,fs04da,cubic_spline_simple,slow_varying,260659,260659,1.0,PRESERVED
195655,fs05da,pchip_careful,fast_transient,260659,260659,1.0,PRESERVED
195655,gasa,decimate_with_antialiasing,smooth_high_snr,104264,2674,0.025646435970229416,DOWNSAMPLED
195655,gasb,decimate_with_antialiasing,fast_transient,104264,2674,0.025646435970229416,DOWNSAMPLED
195655,gasc,decimate_with_antialiasing,fast_transient,104264,2674,0.025646435970229416,DOWNSAMPLED
195655,gasd,decimate_with_antialiasing,noisy,104264,2674,0.025646435970229416,DOWNSAMPLED
195655,ip,decimate_with_antialiasing,smooth_high_snr,104263,5214,0.05000815246060443,DOWNSAMPLED
195655,kappa,cubic_spline,smooth_high_snr,254,255,1.0039370078740157,PRESERVED
195655,li,cubic_spline,smooth_high_snr,254,255,1.0039370078740157,PRESERVED
195655,pcbcoil,decimate_with_antialiasing,smooth_high_snr,104264,5214,0.05000767283050717,DOWNSAMPLED
195655,pcdiamag3,decimate_with_antialiasing,smooth_high_snr,104264,5214,0.05000767283050717,DOWNSAMPLED
195655,pinj,cubic_spline,smooth_high_snr,52132,52132,1.0,PRESERVED
195655,pinj_15l,pchip_careful,fast_transient,52132,52132,1.0,PRESERVED
195655,pinj_15r,pchip_careful,fast_transient,52132,52132,1.0,PRESERVED
195655,pinj_21l,cubic_spline,smooth_high_snr,52132,52132,1.0,PRESERVED
195655,pinj_21r,pchip_careful,fast_transient,52132,52132,1.0,PRESERVED
195655,pinj_30l,pchip_careful,fast_transient,52132,52132,1.0,PRESERVED
195655,pinj_30r,cubic_spline,smooth_high_snr,52132,52132,1.0,PRESERVED
195655,pinj_33l,pchip_careful,fast_transient,52132,52132,1.0,PRESERVED
195655,pinj_33r,cubic_spline,smooth_high_snr,52132,52132,1.0,PRESERVED
195655,prmtan_neped,pchip_careful,fast_transient,764,490,0.6413612565445026,DOWNSAMPLED
195655,prmtan_teped,cubic_spline_simple,slow_varying,732,490,0.6693989071038251,DOWNSAMPLED
195655,q95,cubic_spline,smooth_high_snr,254,255,1.0039370078740157,PRESERVED
195655,rmaxis,cubic_spline,smooth_high_snr,254,255,1.0039370078740157,PRESERVED
195655,rsurf,cubic_spline,smooth_high_snr,254,255,1.0039370078740157,PRESERVED
195655,tinj,cubic_spline,smooth_high_snr,52132,52132,1.0,PRESERVED
195655,tribot,pchip_careful,fast_transient,254,255,1.0039370078740157,PRESERVED
195655,tritop,cubic_spline,smooth_high_snr,254,255,1.0039370078740157,PRESERVED
195655,volume,cubic_spline,smooth_high_snr,254,255,1.0039370078740157,PRESERVED
195655,vsurf,cubic_spline,smooth_high_snr,254,255,1.0039370078740157,PRESERVED
195655,zcur,pchip_no_smoothing,noisy,254,255,1.0039370078740157,PRESERVED
195655,zmaxis,cubic_spline_simple,slow_varying,254,255,1.0039370078740157,PRESERVED
195655,zsurf,cubic_spline_simple,slow_varying,254,255,1.0039370078740157,PRESERVED
195659,aminor,cubic_spline,smooth_high_snr,204,205,1.0049019607843137,PRESERVED
195659,area,cubic_spline,smooth_high_snr,204,205,1.0049019607843137,PRESERVED
195659,betan,cubic_spline,smooth_high_snr,204,205,1.0049019607843137,PRESERVED
195659,bt,decimate_with_antialiasing,smooth_high_snr,84100,4205,0.05,DOWNSAMPLED
195659,cerqrott10,cubic_spline_simple,slow_varying,702,380,0.5413105413105413,DOWNSAMPLED
195659,cerqrott11,cubic_spline_simple,slow_varying,702,380,0.5413105413105413,DOWNSAMPLED
195659,cerqrott12,cubic_spline_simple,slow_varying,702,380,0.5413105413105413,DOWNSAMPLED
195659,cerqrott13,cubic_spline_simple,slow_varying,702,380,0.5413105413105413,DOWNSAMPLED
195659,cerqrott3,cubic_spline,smooth_high_snr,610,381,0.6245901639344262,DOWNSAMPLED
195659,cerqrott6,cubic_spline,smooth_high_snr,610,381,0.6245901639344262,DOWNSAMPLED
195659,cerqrott8,cubic_spline,smooth_high_snr,702,380,0.5413105413105413,DOWNSAMPLED
195659,cerqtit10,cubic_spline,smooth_high_snr,702,380,0.5413105413105413,DOWNSAMPLED
195659,cerqtit11,cubic_spline_simple,slow_varying,702,380,0.5413105413105413,DOWNSAMPLED
195659,cerqtit12,cubic_spline_simple,slow_varying,702,380,0.5413105413105413,DOWNSAMPLED
195659,cerqtit13,cubic_spline_simple,slow_varying,702,380,0.5413105413105413,DOWNSAMPLED
195659,cerqtit3,cubic_spline,smooth_high_snr,610,381,0.6245901639344262,DOWNSAMPLED
195659,cerqtit6,cubic_spline,smooth_high_snr,610,381,0.6245901639344262,DOWNSAMPLED
195659,cerqtit8,cubic_spline,smooth_high_snr,702,380,0.5413105413105413,DOWNSAMPLED
195659,density,cubic_spline,smooth_high_snr,4105,4104,0.9997563946406821,PRESERVED
195659,drsep,pchip_careful,fast_transient,204,205,1.0049019607843137,PRESERVED
195659,ece1,cubic_spline,smooth_high_snr,21026,21025,0.999952439836393,PRESERVED
195659,ece2,cubic_spline,smooth_high_snr,21026,21025,0.999952439836393,PRESERVED
195659,ece3,cubic_spline,smooth_high_snr,21026,21025,0.999952439836393,PRESERVED
195659,ece4,cubic_spline,smooth_high_snr,21026,21025,0.999952439836393,PRESERVED
195659,ece5,cubic_spline,smooth_high_snr,21026,21025,0.999952439836393,PRESERVED
195659,ece6,cubic_spline,smooth_high_snr,21026,21025,0.999952439836393,PRESERVED
195659,ece7,cubic_spline,smooth_high_snr,21026,21025,0.999952439836393,PRESERVED
195659,ece8,cubic_spline,smooth_high_snr,21026,21025,0.999952439836393,PRESERVED
195659,ece9,cubic_spline,smooth_high_snr,21026,21025,0.999952439836393,PRESERVED
195659,ece10,cubic_spline,smooth_high_snr,21026,21025,0.999952439836393,PRESERVED
195659,ece11,cubic_spline,smooth_high_snr,21026,21025,0.999952439836393,PRESERVED
195659,ece12,cubic_spline,smooth_high_snr,21026,21025,0.999952439836393,PRESERVED
195659,ece13,cubic_spline,smooth_high_snr,21026,21025,0.999952439836393,PRESERVED
195659,ece14,cubic_spline,smooth_high_snr,21026,21025,0.999952439836393,PRESERVED
195659,ece15,cubic_spline,smooth_high_snr,21026,21025,0.999952439836393,PRESERVED
195659,ece16,cubic_spline,smooth_high_snr,21026,21025,0.999952439836393,PRESERVED
195659,ece17,cubic_spline,smooth_high_snr,21026,21025,0.999952439836393,PRESERVED
195659,ece18,cubic_spline,smooth_high_snr,21026,21025,0.999952439836393,PRESERVED
195659,ece19,cubic_spline,smooth_high_snr,21026,21025,0.999952439836393,PRESERVED
195659,ece20,cubic_spline,smooth_high_snr,21026,21025,0.999952439836393,PRESERVED
195659,ece21,cubic_spline,smooth_high_snr,21026,21025,0.999952439836393,PRESERVED
195659,ece22,cubic_spline,smooth_high_snr,21026,21025,0.999952439836393,PRESERVED
195659,ece23,cubic_spline,smooth_high_snr,21026,21025,0.999952439836393,PRESERVED
195659,ece24,cubic_spline,smooth_high_snr,21026,21025,0.999952439836393,PRESERVED
195659,ece25,cubic_spline,smooth_high_snr,21026,21025,0.999952439836393,PRESERVED
195659,ece26,cubic_spline,smooth_high_snr,21026,21025,0.999952439836393,PRESERVED
195659,ece27,cubic_spline,smooth_high_snr,21026,21025,0.999952439836393,PRESERVED
195659,ece28,cubic_spline,smooth_high_snr,21026,21025,0.999952439836393,PRESERVED
195659,ece29,cubic_spline,smooth_high_snr,21026,21025,0.999952439836393,PRESERVED
195659,ece30,cubic_spline,smooth_high_snr,21026,21025,0.999952439836393,PRESERVED
195659,ece31,cubic_spline,smooth_high_snr,21026,21025,0.999952439836393,PRESERVED
195659,ece32,cubic_spline,smooth_high_snr,21026,21025,0.999952439836393,PRESERVED
195659,ece33,cubic_spline,smooth_high_snr,21026,21025,0.999952439836393,PRESERVED
195659,ece34,cubic_spline,smooth_high_snr,21026,21025,0.999952439836393,PRESERVED
195659,ece35,cubic_spline,smooth_high_snr,21026,21025,0.999952439836393,PRESERVED
195659,ece36,cubic_spline,smooth_high_snr,21026,21025,0.999952439836393,PRESERVED
195659,ece37,cubic_spline,smooth_high_snr,21026,21025,0.999952439836393,PRESERVED
195659,ece38,cubic_spline,smooth_high_snr,21026,21025,0.999952439836393,PRESERVED
195659,ece39,cubic_spline,smooth_high_snr,21026,21025,0.999952439836393,PRESERVED
195659,ece40,cubic_spline,smooth_high_snr,21026,21025,0.999952439836393,PRESERVED
195659,fs03da,pchip_no_smoothing,noisy,210251,210250,0.9999952437800533,PRESERVED
195659,fs04,cubic_spline_simple,slow_varying,210251,210250,0.9999952437800533,PRESERVED
195659,fs04da,cubic_spline_simple,slow_varying,210251,210250,0.9999952437800533,PRESERVED
195659,fs05da,pchip_careful,fast_transient,210251,210250,0.9999952437800533,PRESERVED
195659,gasa,decimate_with_antialiasing,smooth_high_snr,84101,2103,0.02500564797089214,DOWNSAMPLED
195659,gasb,decimate_with_antialiasing,fast_transient,84101,2103,0.02500564797089214,DOWNSAMPLED
195659,gasc,decimate_with_antialiasing,fast_transient,84101,2103,0.02500564797089214,DOWNSAMPLED
195659,gasd,decimate_with_antialiasing,noisy,84101,2103,0.02500564797089214,DOWNSAMPLED
195659,ip,decimate_with_antialiasing,smooth_high_snr,84100,4205,0.05,DOWNSAMPLED
195659,kappa,cubic_spline,smooth_high_snr,204,205,1.0049019607843137,PRESERVED
195659,li,cubic_spline,smooth_high_snr,204,205,1.0049019607843137,PRESERVED
195659,pcbcoil,decimate_with_antialiasing,smooth_high_snr,84101,4206,0.05001129594178428,DOWNSAMPLED
195659,pcdiamag3,decimate_with_antialiasing,smooth_high_snr,84101,4206,0.05001129594178428,DOWNSAMPLED
195659,pinj,cubic_spline,smooth_high_snr,42051,42050,0.9999762193526908,PRESERVED
195659,pinj_15l,pchip_careful,fast_transient,42051,42050,0.9999762193526908,PRESERVED
195659,pinj_15r,pchip_careful,fast_transient,42051,42050,0.9999762193526908,PRESERVED
195659,pinj_21l,cubic_spline,smooth_high_snr,42051,42050,0.9999762193526908,PRESERVED
195659,pinj_21r,pchip_careful,fast_transient,42051,42050,0.9999762193526908,PRESERVED
195659,pinj_30l,pchip_careful,fast_transient,42051,42050,0.9999762193526908,PRESERVED
195659,pinj_30r,cubic_spline,smooth_high_snr,42051,42050,0.9999762193526908,PRESERVED
195659,pinj_33l,pchip_careful,fast_transient,42051,42050,0.9999762193526908,PRESERVED
195659,pinj_33r,cubic_spline,smooth_high_snr,42051,42050,0.9999762193526908,PRESERVED
195659,prmtan_neped,pchip_careful,fast_transient,418,391,0.9354066985645934,DOWNSAMPLED
195659,prmtan_teped,cubic_spline_simple,slow_varying,392,391,0.9974489795918368,PRESERVED
195659,q95,cubic_spline,smooth_high_snr,204,205,1.0049019607843137,PRESERVED
195659,rmaxis,cubic_spline,smooth_high_snr,204,205,1.0049019607843137,PRESERVED
195659,rsurf,cubic_spline,smooth_high_snr,204,205,1.0049019607843137,PRESERVED
195659,tinj,cubic_spline,smooth_high_snr,42051,42050,0.9999762193526908,PRESERVED
195659,tribot,pchip_careful,fast_transient,204,205,1.0049019607843137,PRESERVED
195659,tritop,cubic_spline,smooth_high_snr,204,205,1.0049019607843137,PRESERVED
195659,volume,cubic_spline,smooth_high_snr,204,205,1.0049019607843137,PRESERVED
195659,vsurf,cubic_spline,smooth_high_snr,204,205,1.0049019607843137,PRESERVED
195659,zcur,pchip_no_smoothing,noisy,204,205,1.0049019607843137,PRESERVED
195659,zmaxis,cubic_spline_simple,slow_varying,204,205,1.0049019607843137,PRESERVED
195659,zsurf,cubic_spline_simple,slow_varying,204,205,1.0049019607843137,PRESERVED
