realization_index,feature,display_name,var_primary,var_short,var_long,var_ratio_short_over_primary,var_ratio_long_over_primary,interval_width_primary,interval_width_ratio_short,interval_width_ratio_long,sign_stability_primary,sign_stability_short,sign_stability_long,mc_se_var_short_B300,mc_se_var_long_B300,n_primary,n_sensitivity
0,d[pcdiamag3]/d[kappa],D_kappa W_dia,0.08120167513851405,0.06396403151751477,0.08738497468743972,0.7877181278391702,1.0761474383179679,0.8826911018777917,0.9368406593458112,1.0039689084935508,1.0,1.0,1.0,0.00523136752744265,0.007146874706312003,1000,300
0,d[kappa]/d[t],dot kappa,0.017695692329569624,0.013615826774296735,0.016836299111220757,0.7694430102372765,0.9514348914784863,0.4663827914548855,0.9628321144079367,0.9544170469336587,1.0,1.0,1.0,0.0011135851252095635,0.001376974939871237,1000,300
0,r[q95]/r[kappa],q95 / kappa,0.0005184519233137272,0.00043738436061489463,0.0005250329281585022,0.8436353323164804,1.0126935681957008,0.09538355422298517,0.8126865131221844,1.055145488438358,0.85,0.93,0.8533333333333334,3.5771953187558045e-05,4.2940386120822096e-05,1000,300
0,d[pcdiamag3]/d[betan],D_betaN W_dia,0.17670017983967506,0.13932723817702342,0.1921252112356923,0.7884951690679594,1.0872949388620474,1.3241219933511756,0.9296707503008081,1.0062061104694298,1.0,1.0,1.0,0.011395028927905629,0.01571316828249401,1000,300
0,d[kappa]/d[betan],D_betaN kappa,0.288606685323033,0.23039750476302262,0.2892569338267548,0.7983096597542162,1.0022530611270977,1.7059158340042957,0.9525232505206231,0.9227550372637271,1.0,1.0,1.0,0.01884330921966752,0.023657191312191794,1000,300
0,d[betan]/d[t],dot beta_N,0.021725562074360803,0.016314455370381807,0.022112623136128877,0.7509336381973354,1.017815928556567,0.4667574792526487,0.978007602864726,0.9598633776496678,0.997,1.0,0.9866666666666667,0.0013342953848860801,0.0018085048092887346,1000,300
0,d[li]/d[betan],D_betaN l_i,7.301627522591895e-05,5.933775067098642e-05,7.287606440826535e-05,0.8126647173851317,0.9980797319882482,0.03422857748211765,0.885720925469609,0.9469497820930303,0.747,0.8,0.6666666666666666,4.853002142722781e-06,5.960247780329888e-06,1000,300
1,d[pcdiamag3]/d[kappa],D_kappa W_dia,0.05766182464015698,0.03390571345202548,0.06456437443212383,0.5880097215725771,1.1197074465652577,0.9588821982108547,0.7578802668268048,1.0718537262790917,1.0,1.0,1.0,0.0027730154610272305,0.005280467222291561,1000,300
1,d[kappa]/d[t],dot kappa,0.02895610794208971,0.018181464754060322,0.03324207080181201,0.6278973952722529,1.1480158475819313,0.711609439579035,0.7897991006629911,1.0624472475510098,1.0,1.0,1.0,0.0014869907674548303,0.0027187387288109053,1000,300
1,r[q95]/r[kappa],q95 / kappa,0.0002582104130172808,0.00017618897501107524,0.00020943043358685525,0.6823465132650702,0.8110843832345331,0.07001193956005958,0.8086265161812569,0.9094626429321286,0.893,0.9666666666666667,0.8433333333333334,1.440980595968156e-05,1.7128494616924003e-05,1000,300
1,d[pcdiamag3]/d[betan],D_betaN W_dia,0.012141500090874852,0.007218147122047186,0.013454463462970903,0.594502085246625,1.1081384806052779,0.44484470500742024,0.7516934865874693,1.0733843772359855,1.0,1.0,1.0,0.000590343972490876,0.00110038785219591,1000,300
1,d[kappa]/d[betan],D_betaN kappa,0.012911585631537341,0.010682214630639246,0.015903713362151836,0.8273356143452498,1.2317397580747975,0.3591381413921301,0.986462752950097,1.0198752706488179,0.996,0.9966666666666667,0.9933333333333333,0.0008736564818400642,0.0013007024053156401,1000,300
1,d[betan]/d[t],dot beta_N,0.028964535452089223,0.01814779054134759,0.03328232067022495,0.6265521009776313,1.1490714472282095,0.7175641390651979,0.7783459109902265,1.053604905928285,1.0,1.0,1.0,0.0014842366855322522,0.0027220306078498562,1000,300
1,d[li]/d[betan],D_betaN l_i,2.3040215935385813e-05,2.3353766870458718e-05,2.525249125797836e-05,1.0136088540121424,1.0960179943103254,0.017944615358104425,1.0079221795719082,1.0270829020946393,0.993,0.9933333333333333,0.9966666666666667,1.9100130925320154e-06,2.0653023210058934e-06,1000,300
2,d[pcdiamag3]/d[kappa],D_kappa W_dia,0.04039289054920597,0.031061171963298526,0.039811732861623955,0.7689762119267078,0.9856123768395811,0.8056659318752345,0.8368108870643574,1.0015752186895424,1.0,1.0,1.0,0.0025403715575466495,0.003256045648818932,1000,300
2,d[kappa]/d[t],dot kappa,0.005668651759608363,0.005938679972736096,0.00449260909365607,1.047635350446433,0.7925357358636644,0.2955866448523431,1.0595018887743926,0.8195105648650636,1.0,1.0,1.0,0.0004857013672869989,0.00036743289577690887,1000,300
2,r[q95]/r[kappa],q95 / kappa,0.0024480858031447525,0.0010640288582244404,0.0044905938647848975,0.43463707720440775,1.8343286248449249,0.19736535916049494,0.7799875011863129,1.1692212213612918,0.511,0.58,0.5766666666666667,8.702275146076484e-05,0.0003672680781031803,1000,300
2,d[pcdiamag3]/d[betan],D_betaN W_dia,0.08486775406913435,0.06652499024371,0.08483214730927356,0.7838665105891444,0.9995804441834082,1.160912420601297,0.8310292726332571,0.9965606125163934,1.0,1.0,1.0,0.005440818307849919,0.006938088957001499,1000,300
2,d[kappa]/d[betan],D_betaN kappa,0.10713173425100311,0.09041263039427465,0.10393399297627934,0.84393882938965,0.9701513160682,1.3002938780101367,0.9389310474968874,0.9363968046686669,1.0,1.0,1.0,0.007394494804252134,0.008500354073283803,1000,300
2,d[betan]/d[t],dot beta_N,0.004793998097085614,0.004300324101401111,0.005030278953357052,0.897022488184837,1.0492868064372156,0.2787978588688015,1.0173293632046982,1.0068430054810422,0.996,1.0,0.9966666666666667,0.0003517066596308693,0.00041140680701723105,1000,300
2,d[li]/d[betan],D_betaN l_i,0.00026576437280734835,0.00022260006950546767,0.00027080663625073706,0.8375843125776293,1.0189726839234536,0.06518012632218956,0.9125905388321468,1.0326757579251087,0.63,0.71,0.6733333333333333,1.8205587540218032e-05,2.2148213761513118e-05,1000,300
3,d[pcdiamag3]/d[kappa],D_kappa W_dia,0.04223628409299138,0.03997763780757807,0.0581143712552703,0.9465235558970941,1.3759347561759987,0.8049175480582051,1.0666073805460672,1.3183878993829985,1.0,1.0,1.0,0.0032696143643347582,0.00475294673349851,1000,300
3,d[kappa]/d[t],dot kappa,0.008776828486935775,0.007947086710743628,0.007641877075638963,0.9054622318953583,0.870687753214481,0.38548024800856173,1.001142539435984,0.9813064994605681,1.0,1.0,1.0,0.0006499610854730336,0.0006249991852258304,1000,300
3,r[q95]/r[kappa],q95 / kappa,0.0008455834699056703,0.0003251298815496567,0.0023726041142292913,0.38450359204151285,2.8058780696055576,0.1283664887176277,0.6110673806330391,1.3811555070324992,0.962,0.9733333333333334,0.9666666666666667,2.659109915663168e-05,0.00019404599466588148,1000,300
3,d[pcdiamag3]/d[betan],D_betaN W_dia,0.09224959626965136,0.08593132306720491,0.12779620224053703,0.931508933827984,1.3853307484076214,1.201905894077508,1.0669708269794926,1.3186029551711091,0.989,0.9833333333333333,0.9666666666666667,0.007027986235684124,0.010451950677132905,1000,300
3,d[kappa]/d[betan],D_betaN kappa,0.12303621162993549,0.12116536028546873,0.15643980191929255,0.9847943030780739,1.271493976015999,1.4260187056485703,1.0384248692272393,1.2564187275944865,0.985,0.9833333333333333,0.9666666666666667,0.009909640093194021,0.012794598469548514,1000,300
3,d[betan]/d[t],dot beta_N,0.013835106143015247,0.013634766397720984,0.013597339627936054,0.9855194645257271,0.9828142615877774,0.467573442879578,1.024844234291137,1.1732547271014073,0.984,0.9833333333333333,0.9733333333333334,0.0011151341228041955,0.0011120731339411601,1000,300
3,d[li]/d[betan],D_betaN l_i,0.0005032652173071806,0.00044728039148499946,0.000541553022993571,0.8887568147035096,1.0760787838493127,0.08231220593474758,0.9444827442481889,1.0215993460976462,0.991,0.9966666666666667,1.0,3.658131077988336e-05,4.429149995183175e-05,1000,300
4,d[pcdiamag3]/d[kappa],D_kappa W_dia,0.016072230695748053,0.00970558086574092,0.010829311163409301,0.6038726701644815,0.6737901768840476,0.4811355994899471,0.7950550256516979,0.9018668209855825,1.0,1.0,1.0,0.0007937814326494238,0.0008856869309327227,1000,300
4,d[kappa]/d[t],dot kappa,0.013443878762139058,0.011547899269192112,0.01656085808181301,0.858970798049262,1.2318511922654387,0.4154235403756583,0.9364063125861245,1.1184360072516826,1.0,1.0,1.0,0.0009444574366843711,0.0013544476972509136,1000,300
4,r[q95]/r[kappa],q95 / kappa,0.000512373122769155,0.000205752206958179,0.0006982960932381902,0.4015671349936885,1.3628663608742826,0.10078154664542592,0.5965748700451113,1.0460400610875817,0.615,0.61,0.5666666666666667,1.6827666872216214e-05,5.7110901549506755e-05,1000,300
4,d[pcdiamag3]/d[betan],D_betaN W_dia,0.03471285960018515,0.02107202931213417,0.02365316212374906,0.6070381280838578,0.6813948028534906,0.7175446951629049,0.8115899516076491,0.9061323094771265,1.0,1.0,1.0,0.001723398717459412,0.0019344994572713095,1000,300
4,d[kappa]/d[betan],D_betaN kappa,0.0629026210774002,0.04355013157231967,0.06047018485021151,0.692342080924295,0.9613301292453992,1.0032839753851162,0.7689818303408594,0.9938209970591955,1.0,1.0,1.0,0.003561794632361533,0.004945619497376891,1000,300
4,d[betan]/d[t],dot beta_N,0.010593363593148185,0.008661047951370817,0.01216398298261907,0.8175918701565955,1.1482644653570435,0.38929180001719954,0.9037023824628599,1.0415773850951158,0.998,1.0,1.0,0.0007083531780516107,0.0009948445097963208,1000,300
4,d[li]/d[betan],D_betaN l_i,0.00024521358718791595,0.00022389125034310442,0.00019500075924641218,0.9130458589618385,0.795228198741598,0.060045705249907086,0.9443639853703931,0.9095630513089926,0.985,0.9933333333333333,0.9866666666666667,1.8311188162095962e-05,1.594834808792518e-05,1000,300
5,d[pcdiamag3]/d[kappa],D_kappa W_dia,0.06466267667583457,0.06668691150184676,0.06597143417451166,1.0313045319197045,1.0202397668323897,0.9645166576068646,1.0057574842845451,0.9456088335235443,1.0,1.0,1.0,0.005454061213147209,0.005395545125776803,1000,300
5,d[kappa]/d[t],dot kappa,0.012826530764290732,0.012832620900447792,0.011512643213981351,1.0004748077456778,0.897564854093886,0.4401282256527186,1.0313367129074875,0.9025905229472229,1.0,1.0,1.0,0.0010495297853794934,0.0009415739820615211,1000,300
5,r[q95]/r[kappa],q95 / kappa,0.0016928728304967569,0.0006054813442943558,0.0024660174273472106,0.3576649901792583,1.4567056561617697,0.1806273166697113,0.5749202777094855,1.0172533354397366,0.955,0.97,0.9766666666666667,4.951994688056029e-05,0.00020168590355345846,1000,300
5,d[pcdiamag3]/d[betan],D_betaN W_dia,0.12509247384590014,0.12416810797557573,0.13296334956574565,0.9926105396919153,1.0629204577850266,1.399312349592582,0.981016882130751,0.9573112043014136,0.984,0.99,0.9866666666666667,0.010155223062035312,0.010874551412035095,1000,300
5,d[kappa]/d[betan],D_betaN kappa,0.13807804548004426,0.14325227347352665,0.14037556573952054,1.0374732128883601,1.0166392872341774,1.465345658005802,1.062462572194222,1.027800088325027,0.986,0.9866666666666667,0.9866666666666667,0.011716042186561327,0.01148076753190636,1000,300
5,d[betan]/d[t],dot beta_N,0.014731937013766084,0.01541814783975735,0.012101339323398744,1.0465798099292745,0.8214357224098088,0.5173692900378365,1.023818955905889,0.8557798274117518,0.999,1.0,1.0,0.0012609899036793936,0.000989721130345861,1000,300
5,d[li]/d[betan],D_betaN l_i,0.0018461270337664002,0.0014859949880293704,0.002295404567603074,0.8049256420874236,1.243362198602376,0.18220579469551168,0.9281519674519372,1.018417735098561,0.999,1.0,1.0,0.0001215337079588353,0.00018773214621430127,1000,300
6,d[pcdiamag3]/d[kappa],D_kappa W_dia,0.02623879517145953,0.016438684317612282,0.028337456422174213,0.626503016247216,1.0799831408797855,0.6380708488157951,0.7294236137565672,0.9253394002058198,1.0,1.0,1.0,0.0013444555837524063,0.0023176095349257487,1000,300
6,d[kappa]/d[t],dot kappa,0.005193961507272429,0.00509116428603065,0.0050375964236259365,0.9802083205472653,0.9698948320222329,0.27849499929710986,1.018673513977003,1.0025088331026313,1.0,1.0,1.0,0.00041638637982853807,0.00041200527424075474,1000,300
6,r[q95]/r[kappa],q95 / kappa,0.0005317212510734655,0.0004325480562732796,0.0009642115292499646,0.8134864939101643,1.8133778315298967,0.09413219783003288,0.955381375560093,1.2491644403313698,0.603,0.6233333333333333,0.6133333333333333,3.537641080404479e-05,7.885908320714408e-05,1000,300
6,d[pcdiamag3]/d[betan],D_betaN W_dia,0.0614246924108991,0.03885119645332662,0.0649550541137786,0.632501278043566,1.0574746338046468,0.9767389389231438,0.7369263232524045,0.9218295707991299,0.999,1.0,0.9966666666666667,0.0031774871393554197,0.005312419382775391,1000,300
6,d[kappa]/d[betan],D_betaN kappa,0.0813368820926414,0.05745553338416628,0.08442001287344594,0.7063896710317141,1.0379056917536242,1.1285834577929221,0.8208954771515118,0.9626945941003332,0.999,1.0,0.9966666666666667,0.0046990629653404755,0.006904382096233364,1000,300
6,d[betan]/d[t],dot beta_N,0.0032303591193404936,0.002779579571100576,0.0033889238182620665,0.8604552832714314,1.0490857805784595,0.23616137668720544,0.8339706590645589,0.9216959799461859,0.992,0.9966666666666667,0.9933333333333333,0.00022733092275800147,0.00027716680132925357,1000,300
6,d[li]/d[betan],D_betaN l_i,0.0001770708687925735,0.00015166320585226916,0.0001353484012994312,0.8565113329281301,0.7643741865748829,0.05163472623906464,0.8692929357088833,0.9293609596790274,0.979,0.9933333333333333,0.9833333333333333,1.2403939391877743e-05,1.1069615448726667e-05,1000,300
7,d[pcdiamag3]/d[kappa],D_kappa W_dia,0.2659873135585388,0.2395580343726747,0.2858842596141456,0.9006370686170058,1.0748041167430638,1.4426541467030232,0.9571101266412751,0.9798162304875118,1.0,1.0,1.0,0.019592513045586287,0.02338135350244311,1000,300
7,d[kappa]/d[t],dot kappa,0.037525860330901765,0.03635830048323235,0.03996422668495962,0.9688865268544435,1.0649782931705343,0.5879937612762297,0.9932797372289152,0.9704471379521435,1.0,1.0,1.0,0.0029736029451005157,0.0032685175211604267,1000,300
7,r[q95]/r[kappa],q95 / kappa,0.0002096302641988782,6.937483405644404e-05,0.00014258487683318168,0.33093901933275954,0.6801731485579299,0.037466049044854004,0.9198306366209287,1.29674385940409,0.701,0.6066666666666667,0.7433333333333333,5.673895867636592e-06,1.166145843020024e-05,1000,300
7,d[pcdiamag3]/d[betan],D_betaN W_dia,0.45996332847852234,0.4127101688214636,0.49512505728708145,0.8972675499732471,1.0764446351079073,1.9141091756183313,0.9557668115683364,0.9764130755997411,0.838,0.8766666666666667,0.8066666666666666,0.03375394771398651,0.04049433854095908,1000,300
7,d[kappa]/d[betan],D_betaN kappa,0.6447615515298153,0.5948625690354548,0.6965832311273379,0.9226086258152862,1.0803734023447369,2.262188411801011,0.9769720231804677,0.9752362000672232,0.855,0.89,0.8066666666666666,0.04865147885637994,0.05697081326843513,1000,300
7,d[betan]/d[t],dot beta_N,0.0494292225847858,0.048401441195995466,0.05056563653985267,0.9792070088290913,1.0229907309004826,0.651804044242925,1.0044022534565105,0.9655361237741746,0.912,0.9333333333333333,0.88,0.003958564239104008,0.004135565296984435,1000,300
7,d[li]/d[betan],D_betaN l_i,3.1888163634698114e-05,3.578214860507275e-05,2.4099005305747613e-05,1.1221138041996723,0.7557351242241189,0.022023649262979096,1.1160302076447894,0.9111813993358631,0.747,0.71,0.7966666666666666,2.9264817403425898e-06,1.9709632243182674e-06,1000,300
8,d[pcdiamag3]/d[kappa],D_kappa W_dia,0.18751429794318228,0.1535190130911138,0.1887778178258938,0.818705638850168,1.0067382588771678,1.1190669637965087,0.9674366665794621,1.0030234928417576,1.0,1.0,1.0,0.01255571859491041,0.01543939809055731,1000,300
8,d[kappa]/d[t],dot kappa,0.021690362269574163,0.01871853363075667,0.022948136619678264,0.8629885198834978,1.0579877059899745,0.4572749103227608,0.9806708616026705,0.9366799378576963,1.0,1.0,1.0,0.0015309155266498482,0.001876838183575562,1000,300
8,r[q95]/r[kappa],q95 / kappa,2.6553182931784207e-05,3.472018068545522e-05,3.94831357889216e-05,1.3075713286294992,1.4869454969053904,0.02136712187807035,1.2366167293681312,1.4131341455373394,0.955,0.9166666666666666,0.9466666666666667,2.839627544975749e-06,3.229170981682338e-06,1000,300
8,d[pcdiamag3]/d[betan],D_betaN W_dia,0.314064744159135,0.25691950034945527,0.3174642419148459,0.8180462949998472,1.0108241941158107,1.4474896952751022,0.9676039959913301,1.006924354214576,0.999,1.0,1.0,0.021012439325793632,0.02596415652479263,1000,300
8,d[kappa]/d[betan],D_betaN kappa,0.423327648795249,0.361799989729473,0.42117732335041547,0.8546571214025875,0.9949204228664177,1.7586954295757526,0.9801130236286039,0.9898718451729231,0.999,1.0,1.0,0.029590203631576658,0.03444644310869078,1000,300
8,d[betan]/d[t],dot beta_N,0.028436145477677456,0.025127844648218767,0.029055988707648778,0.8836586051349425,1.021797723269418,0.49551314459037255,0.9895051348296784,0.9448249991721496,0.995,0.9933333333333333,0.9966666666666667,0.002055107963157708,0.0023763754753530894,1000,300
8,d[li]/d[betan],D_betaN l_i,1.9362150086480735e-05,2.2435752542240333e-05,1.3685293464683007e-05,1.1587428277351122,0.706806496363155,0.015800602786326536,1.0786966577661468,0.7882476311694779,0.894,0.8766666666666667,0.93,1.8349322973971167e-06,1.1192665336465244e-06,1000,300
9,d[pcdiamag3]/d[kappa],D_kappa W_dia,0.1902277342559273,0.14257879789340624,0.21924980485778992,0.7495163544427468,1.152564875544473,1.221601446877305,0.9870505593700611,1.0136013315619166,0.999,1.0,1.0,0.011660961257533225,0.017931582520984663,1000,300
9,d[kappa]/d[t],dot kappa,0.07978245410727006,0.058451261383674395,0.087281633779315,0.7326330336377571,1.093995349678791,0.8448909792930397,0.9385355693772003,1.0164985370698993,1.0,1.0,1.0,0.0047804996571688485,0.007138422858325028,1000,300
9,r[q95]/r[kappa],q95 / kappa,0.00010100006963464235,0.00014718206986578562,7.17657714634983e-05,1.4572472117910615,0.7105517028166792,0.03977914401943712,1.1572232070518644,0.8313956603514926,0.796,0.74,0.8066666666666666,1.2037444836584967e-05,5.869441270492987e-06,1000,300
9,d[pcdiamag3]/d[betan],D_betaN W_dia,0.3256681753493056,0.24404521862976727,0.3769800509613198,0.7493677218168737,1.1575587653198782,1.5969009438669033,0.9795946698130996,1.0145615486287198,0.986,0.99,0.98,0.01995950226523512,0.030831721364415768,1000,300
9,d[kappa]/d[betan],D_betaN kappa,0.5559638968470016,0.4324658774927822,0.6221174915244554,0.7778668362197528,1.1189890117912797,2.169685559853924,0.9852455696107665,1.0042701865237917,0.986,0.99,0.98,0.03536968972356347,0.05088055218226751,1000,300
9,d[betan]/d[t],dot beta_N,0.09170392737922713,0.06861320038137253,0.09821325984434211,0.7482035103865667,1.0709820468015145,0.8855190904128484,0.9388486824518788,1.0067166478170735,0.842,0.9033333333333333,0.81,0.00561160483342489,0.008032477724192407,1000,300
9,d[li]/d[betan],D_betaN l_i,5.113060830811545e-05,7.17141010013471e-05,3.301026751365035e-05,1.4025669432523578,0.6456067824331158,0.027813912349242985,1.2535339137142236,0.7688605536724562,0.606,0.5866666666666667,0.5966666666666667,5.865215345837945e-06,2.6997804460749073e-06,1000,300
10,d[pcdiamag3]/d[kappa],D_kappa W_dia,0.01573184934691924,0.008161015991906582,0.022250600395119672,0.5187575733748525,1.414366480662809,0.46149676463425826,0.780065645219425,1.2360039284319246,1.0,1.0,1.0,0.0006674575232067712,0.0018197894287082022,1000,300
10,d[kappa]/d[t],dot kappa,0.009272955704815974,0.004863034487535335,0.013791371148117182,0.524431976420386,1.4872680930584556,0.3714901253238507,0.775542272862989,1.2260079819689318,1.0,1.0,1.0,0.000397728537419658,0.0011279422117634037,1000,300
10,r[q95]/r[kappa],q95 / kappa,3.5422156253244454e-05,2.5467191616701664e-05,3.851149781436202e-05,0.7189622064401859,1.087214949282897,0.02456575628761942,0.7753884223807106,1.0667462958414489,0.965,0.99,0.9133333333333333,2.082861822152219e-06,3.1497045186100524e-06,1000,300
10,d[pcdiamag3]/d[betan],D_betaN W_dia,0.0033531157950393684,0.0017369331990304251,0.004738460305926474,0.51800573114715,1.4131514076956715,0.21298406283091303,0.7799400242306307,1.2466870666561767,1.0,1.0,1.0,0.00014205696106344941,0.0003875401031861484,1000,300
10,d[kappa]/d[betan],D_betaN kappa,0.0012867635541006321,0.00161036017671024,0.0010615571159879873,1.2514810289570113,0.8249822685799878,0.13786779570103846,1.0781267232257619,0.8966232164971962,1.0,1.0,1.0,0.00013170504947959658,8.682059734750435e-05,1000,300
10,d[betan]/d[t],dot beta_N,0.008653755901562338,0.004557052549410572,0.012696528524337801,0.5265982310164131,1.467169708593882,0.3610440679542291,0.7649726443339376,1.2150695810121965,1.0,1.0,1.0,0.0003727034735343158,0.0010383993231458963,1000,300
10,d[li]/d[betan],D_betaN l_i,1.0422513291393794e-05,1.0901025425243326e-05,1.1288366779765533e-05,1.0459113958861204,1.0830753067100143,0.01299019089495283,0.9560050014921799,1.019104083918981,0.578,0.5733333333333334,0.5,8.915521594324352e-07,9.232312912196221e-07,1000,300
11,d[pcdiamag3]/d[kappa],D_kappa W_dia,0.06662370199955707,0.040512487716191974,0.08442519945211764,0.6080792045518773,1.2671946607331865,0.9755308923293633,0.9402444298416556,1.0137219214477342,1.0,1.0,1.0,0.0033133576428242056,0.006904806286181964,1000,300
11,d[kappa]/d[t],dot kappa,0.019740377906838195,0.011527180576095404,0.02589372116990771,0.5839392047354024,1.3117135493610768,0.5384977654693142,0.9364809124469022,1.03555434639413,1.0,1.0,1.0,0.000942762935951604,0.0021177460031708236,1000,300
11,r[q95]/r[kappa],q95 / kappa,0.00027927474230228034,0.00014033441263274548,0.00028197084918508915,0.5024958987549646,1.0096539588957552,0.07117962928048908,0.6943232592914469,0.9728083494662431,0.877,0.96,0.8566666666666667,1.147740178054065e-05,2.306129099614978e-05,1000,300
11,d[pcdiamag3]/d[betan],D_betaN W_dia,0.03198554313280731,0.01952219929531937,0.04058289427593051,0.6103444676321788,1.2687886557819605,0.6811431656846874,0.9345528012284344,1.0192394840572745,1.0,1.0,1.0,0.0015966441926011602,0.0033191159194930903,1000,300
11,d[kappa]/d[betan],D_betaN kappa,0.012821116317715603,0.00978645048727739,0.01481378087065493,0.7633072070140213,1.1554205190530844,0.46614287329792914,1.0043585804063175,0.9968965921959705,0.998,0.9966666666666667,1.0,0.0008003954421486003,0.001211561097179672,1000,300
11,d[betan]/d[t],dot beta_N,0.017109259395971653,0.010193794985865312,0.022196208245820158,0.5958057417882988,1.297321393762153,0.5204318861566481,0.9060787602119285,1.0370321817522237,1.0,1.0,1.0,0.0008337105527168226,0.0018153409079248403,1000,300
11,d[li]/d[betan],D_betaN l_i,6.771800246619751e-05,5.486964082161319e-05,6.764921601117504e-05,0.8102666768560135,0.9989842220308136,0.03359925061687774,0.8972541156884903,1.0090856057971558,0.666,0.75,0.6166666666666667,4.487572944147995e-06,5.532764328666641e-06,1000,300
12,d[pcdiamag3]/d[kappa],D_kappa W_dia,0.12117227853585302,0.10379460270833325,0.13871125646918292,0.8565870342829447,1.1447441456516012,1.1763517436283009,0.9180862175115785,0.9871968921097185,1.0,1.0,1.0,0.008488953889398035,0.01134465019743094,1000,300
12,d[kappa]/d[t],dot kappa,0.03267027703818389,0.028231040336394092,0.04313555816403398,0.8641200165948586,1.3203303453355668,0.695577082619706,0.976418513458908,1.0086417605355926,1.0,1.0,1.0,0.0023089061802068515,0.0035278882975919193,1000,300
12,r[q95]/r[kappa],q95 / kappa,0.0015771066160526345,0.0010415772155274502,0.0013018781172692386,0.660435512048279,0.8254851663280256,0.165128316130519,0.7511404486967241,0.8456701442838889,0.914,0.96,0.86,8.518651956986818e-05,0.00010647551046724713,1000,300
12,d[pcdiamag3]/d[betan],D_betaN W_dia,0.04987035653167911,0.04498550079998714,0.05622894593877853,0.9020489109880543,1.1275023851706425,0.7377430227707666,0.9249535854897233,0.9959842124742663,0.976,0.9866666666666667,0.98,0.003679187857731543,0.0045987451839383875,1000,300
12,d[kappa]/d[betan],D_betaN kappa,0.030722343341005348,0.0370813076214151,0.02673299960048206,1.2069817464712203,0.8701484552710314,0.5675894824330127,1.0194981227042585,0.9687866535668483,0.985,0.9966666666666667,0.9933333333333333,0.0030327348661984346,0.0021863872977238015,1000,300
12,d[betan]/d[t],dot beta_N,0.03629284961922519,0.033511178048805615,0.04463281960449561,0.9233548316099695,1.2297965046220163,0.7036862722003127,0.9451176385840101,1.0270544482094563,0.975,0.9833333333333333,0.9733333333333334,0.0027407479561832662,0.003650343444553352,1000,300
12,d[li]/d[betan],D_betaN l_i,0.0005588317423013727,0.0005375767060098473,0.000543791045884187,0.9619652308868618,0.9730854651254324,0.07996840850996967,0.962676994206076,1.0313920378825496,0.862,0.8266666666666667,0.8933333333333333,4.3966292564899375e-05,4.4474539075506064e-05,1000,300
13,d[pcdiamag3]/d[kappa],D_kappa W_dia,0.06668687089767994,0.05301404240303701,0.10141884956561542,0.7949697097705838,1.5208218379480722,0.9563454094910981,0.9416454015400679,1.0476230559211435,1.0,1.0,1.0,0.004335810819706928,0.008294650348029935,1000,300
13,d[kappa]/d[t],dot kappa,0.03358398213901688,0.027135928642968158,0.05352666997829043,0.8080021163256408,1.5938154610946127,0.7362867039516134,0.9954756926915375,1.0295969215719794,1.0,1.0,1.0,0.002219341285437164,0.004377736620617681,1000,300
13,r[q95]/r[kappa],q95 / kappa,0.0002060480944554793,0.00018108994492268608,0.00036195787326115354,0.8788722137967362,1.7566669287463932,0.0596235493537491,0.8440925826970999,1.1504040221248328,0.923,0.9633333333333334,0.8333333333333334,1.4810637086805778e-05,2.960311630704686e-05,1000,300
13,d[pcdiamag3]/d[betan],D_betaN W_dia,0.019908755913572013,0.01602797075037072,0.029745725391110277,0.8050714379116115,1.4941026712187624,0.5391320472855231,0.9239520521374025,1.0364902147678399,1.0,1.0,1.0,0.0013108649302589767,0.002432786336312634,1000,300
13,d[kappa]/d[betan],D_betaN kappa,0.005509668791964958,0.00559357750865891,0.004647059921828313,1.0152293576732454,0.8434372549953214,0.2631137964274733,1.0766756093577479,0.9108816893378048,0.996,0.9933333333333333,0.9966666666666667,0.00045747678885780016,0.0003800648238764635,1000,300
13,d[betan]/d[t],dot beta_N,0.0323166977506812,0.025939359037231113,0.05075612323489857,0.8026611888798055,1.5705850773019865,0.7178610487818552,0.9821527871831759,1.0488691641588634,1.0,1.0,1.0,0.0021214785455305404,0.004151144457447456,1000,300
13,d[li]/d[betan],D_betaN l_i,0.00012006546717342753,0.0001312846921180864,0.00014766223698401706,1.0934425627016748,1.2298476861021796,0.04774414107456852,1.1343907919676368,1.0098050754020735,0.664,0.7133333333333334,0.5933333333333334,1.0737260596352539e-05,1.2076715823895605e-05,1000,300
14,d[pcdiamag3]/d[kappa],D_kappa W_dia,0.09170046816889102,0.06388137614712937,0.11733689143415353,0.6966308615728621,1.2795669834318202,1.014304331671266,0.9056437436454826,1.031232427730256,1.0,1.0,1.0,0.005224607468541664,0.009596524625743978,1000,300
14,d[kappa]/d[t],dot kappa,0.0300479973842391,0.021588372503996586,0.038309454372014475,0.7184629387421408,1.2749420163391225,0.6108877072253232,0.9663315489511594,0.996683202482413,1.0,1.0,1.0,0.0017656284040948689,0.0031331801770644405,1000,300
14,r[q95]/r[kappa],q95 / kappa,0.0009089148658705393,0.0006573211817818819,0.0006910248358012866,0.7231933445739317,0.7602745446785467,0.12169080426212658,0.9274211874429497,0.8375252302875605,0.851,0.92,0.8233333333333334,5.375972408074958e-05,5.6516213892449405e-05,1000,300
14,d[pcdiamag3]/d[betan],D_betaN W_dia,0.086148432325736,0.06054805012978706,0.1099090817659828,0.7028340330192976,1.2758105841137695,0.9948400195447912,0.9053162725614333,1.0306675011088473,1.0,1.0,0.9966666666666667,0.004951987793518063,0.008989033175061216,1000,300
14,d[kappa]/d[betan],D_betaN kappa,0.03918805005899974,0.03400332192319046,0.04333607842416456,0.8676961949368904,1.1058493178129492,0.7337845872748804,0.9494486811353865,1.021295692767866,0.998,1.0,0.9933333333333333,0.002780998475454893,0.0035442880640318163,1000,300
14,d[betan]/d[t],dot beta_N,0.019330511922837707,0.014248996653477956,0.02342674365222194,0.7371246405866634,1.2119049793267405,0.48783463479102346,0.9447760442368429,1.0085271082332559,0.963,0.9933333333333333,0.9233333333333333,0.001165369608875144,0.0019159815775901977,1000,300
14,d[li]/d[betan],D_betaN l_i,0.0003553436453343755,0.000255141102927975,0.0003460101622046496,0.7180122855099584,0.9737339241822007,0.07381264411696024,0.8257584949912046,0.9496308750923735,0.759,0.7933333333333333,0.7166666666666667,2.0866991168432384e-05,2.8298815502692646e-05,1000,300
15,d[pcdiamag3]/d[kappa],D_kappa W_dia,0.07097713896257093,0.05981879662532271,0.0866204507506301,0.8427896291630963,1.2203993006298621,1.0484120046031742,1.0084668417880858,0.9941899721404358,1.0,1.0,1.0,0.004892345006595166,0.007084347288916755,1000,300
15,d[kappa]/d[t],dot kappa,0.025669996106590313,0.021393791683612145,0.03057573585302055,0.8334162418559803,1.1911079271714722,0.6468463753799737,1.007935161080438,0.9884262993983526,1.0,1.0,1.0,0.0017497144011611487,0.0025006696400203766,1000,300
15,r[q95]/r[kappa],q95 / kappa,0.00013639415944141883,0.00013298305534513975,0.00015690914598113357,0.9749908345764311,1.1504095675630883,0.049127167968087374,1.040238114984192,0.9902075786013398,0.912,0.9233333333333333,0.8666666666666667,1.087616307052471e-05,1.2832984281481597e-05,1000,300
15,d[pcdiamag3]/d[betan],D_betaN W_dia,0.03100938412478411,0.02605211791514704,0.038062288315516855,0.8401365796338084,1.2274441879384421,0.6951884866933886,1.012023307154483,0.9959088320946865,0.999,1.0,1.0,0.0021307006523672354,0.0031129654336974023,1000,300
15,d[kappa]/d[betan],D_betaN kappa,0.011102634121732822,0.011138269674894353,0.012372449114348432,1.003209648518614,1.1143706059925018,0.44751120306123354,1.1114564756660865,0.9479881194340016,0.999,1.0,1.0,0.0009109554370910211,0.0010118941379424445,1000,300
15,d[betan]/d[t],dot beta_N,0.02254795330274964,0.018798645895886406,0.027542017552810643,0.8337185040024888,1.2214863665453837,0.6233818769230319,0.9986158308485538,0.9971427852434807,1.0,1.0,1.0,0.001537467594935832,0.00225255370632128,1000,300
15,d[li]/d[betan],D_betaN l_i,3.925989248520575e-05,3.361979423170043e-05,3.24605475482979e-05,0.8563394371079679,0.8268119318087781,0.025075232504900194,0.936963342326105,0.9082138992490643,0.786,0.8133333333333334,0.82,2.749631248225218e-06,2.6548210039055333e-06,1000,300
16,d[pcdiamag3]/d[kappa],D_kappa W_dia,0.05472367586909577,0.02820874477951985,0.06381043960630746,0.515476059155782,1.1660481243794385,1.0212564999551372,0.6870472917914459,0.9861980847578422,1.0,1.0,1.0,0.0023070827139638544,0.00521880584679643,1000,300
16,d[kappa]/d[t],dot kappa,0.02443759434815675,0.014221585476432803,0.030785166071212695,0.5819552151419312,1.2597461776565877,0.6775928903255981,0.7757904231076078,0.9736041748160889,1.0,1.0,1.0,0.0011631277561013123,0.0025177981170210113,1000,300
16,r[q95]/r[kappa],q95 / kappa,0.00037605248939169734,0.00010739132185912188,0.0007260247471301693,0.28557535154956193,1.9306473633629901,0.09205604311457477,0.32962088962251385,1.292492686216549,0.916,0.9866666666666667,0.8633333333333333,8.7831154568348e-06,5.9378719510769486e-05,1000,300
16,d[pcdiamag3]/d[betan],D_betaN W_dia,0.02111521513321589,0.011311354110881309,0.024746253902070945,0.5356968441722226,1.1719631434464122,0.6316155652768162,0.6987552468786681,0.986530360570955,1.0,1.0,1.0,0.0009251113349674698,0.002023899151098642,1000,300
16,d[kappa]/d[betan],D_betaN kappa,0.006807265275030443,0.005808705269419369,0.005402281986947202,0.8533096676467323,0.793605327349762,0.3746180804352677,0.8922758250695259,0.827515237678336,1.0,1.0,1.0,0.00047507124554218774,0.00044183147763075835,1000,300
16,d[betan]/d[t],dot beta_N,0.023285003783441838,0.014370641141309554,0.029567581865139036,0.6171629291951689,1.2698121993076417,0.643156961985287,0.7475932408304008,0.989846212432462,1.0,1.0,1.0,0.0011753184349331193,0.00241821667528783,1000,300
16,d[li]/d[betan],D_betaN l_i,7.738643112754092e-05,8.945820352282774e-05,7.071630333969854e-05,1.1559933985764415,0.913807528133074,0.03889384005003435,1.0445320315525535,0.9686334086300552,0.931,0.9333333333333333,0.94,7.31643596987052e-06,5.783609384452019e-06,1000,300
17,d[pcdiamag3]/d[kappa],D_kappa W_dia,0.10055643770785007,0.05771923031211261,0.12680441563150796,0.5739983598047317,1.2610273247737456,1.0758169178475516,0.9384772758137724,1.012225097457725,1.0,1.0,1.0,0.0047206297039155305,0.010370836336189489,1000,300
17,d[kappa]/d[t],dot kappa,0.051570814091476735,0.027630520181188924,0.068874042712589,0.535778243333093,1.335523666359419,0.8188015092335952,0.8429414363151727,1.0844879872130009,0.997,1.0,0.9866666666666667,0.002259791989544011,0.005632938105717689,1000,300
17,r[q95]/r[kappa],q95 / kappa,0.0002845700279064922,0.00018198625211457808,0.00040391405597812574,0.6395130697825195,1.419383688962666,0.07500404033305444,0.8166718144076883,1.059879821842135,0.87,0.9466666666666667,0.7833333333333333,1.4883942540308864e-05,3.303454810760368e-05,1000,300
17,d[pcdiamag3]/d[betan],D_betaN W_dia,0.030741346338211555,0.017510928728308714,0.03880018155636063,0.5696213996503658,1.262149716199382,0.6044467319385454,0.93522073416017,1.0147222337574227,1.0,1.0,1.0,0.0014321502530614107,0.003173314830808379,1000,300
17,d[kappa]/d[betan],D_betaN kappa,0.005184377396931663,0.0031452269733573193,0.005064622282039733,0.6066740000870305,0.9769007721230313,0.24222101939315963,0.9436611307191581,1.0337214627267126,0.995,1.0,0.9833333333333333,0.0002572357911860634,0.0004142156133134019,1000,300
17,d[betan]/d[t],dot beta_N,0.04863939903395191,0.026047978421154944,0.06513925012556877,0.5355324888568749,1.3392281035400833,0.8038350578802301,0.8529591676100279,1.0829710939939938,1.0,1.0,1.0,0.002130362099372114,0.005327484052901753,1000,300
17,d[li]/d[betan],D_betaN l_i,6.951758732382661e-05,5.3833588861875736e-05,4.825174915904136e-05,0.7743880496184121,0.69409412806971,0.03450393424579384,0.8492278618171476,0.8055276341715911,0.575,0.62,0.51,4.4028383136012985e-06,3.946321513893292e-06,1000,300
18,d[pcdiamag3]/d[kappa],D_kappa W_dia,0.05516941626130438,0.021484437978374505,0.08671713972307445,0.38942659600775237,1.5718335556125418,1.1152426224098795,0.5338524204490989,1.0477382349712632,0.848,0.8333333333333334,0.8566666666666667,0.001757128006458572,0.007092255101146643,1000,300
18,d[kappa]/d[t],dot kappa,0.02832463623379115,0.013823041742418444,0.045655188764073,0.48802186295785943,1.6118543725411232,0.7952344124018701,0.627072030177499,1.1290713999331545,1.0,1.0,1.0,0.0011305324255862625,0.003733959012484017,1000,300
18,r[q95]/r[kappa],q95 / kappa,0.00019595490097119967,8.602459429360894e-05,0.0003651405487183575,0.4390020043757535,1.863390744036679,0.05308396555963361,0.6199423771600333,1.403705448473765,0.926,0.9733333333333334,0.8766666666666667,7.035614523856066e-06,2.986341486300399e-05,1000,300
18,d[pcdiamag3]/d[betan],D_betaN W_dia,0.014687454950952111,0.005833824622294914,0.02311862473907035,0.3971977883014196,1.5740388526312852,0.5740814960558412,0.5458055071971591,1.0537528550853006,1.0,1.0,1.0,0.0004771256589965291,0.0018907817388900561,1000,300
18,d[kappa]/d[betan],D_betaN kappa,0.00486817526524027,0.002993255884447435,0.005130680322802025,0.614861980385109,1.0539226801130381,0.2973804841848414,0.7107908809187494,0.9340399716034822,0.997,1.0,1.0,0.0002448066712451858,0.0004196182416526696,1000,300
18,d[betan]/d[t],dot beta_N,0.02701941769172949,0.012974110158475771,0.04332948831454639,0.480177267567357,1.6036425658355076,0.8016155243613277,0.6061086740399033,1.1085430218343706,1.0,1.0,1.0,0.0010611016374402387,0.0035437490847861236,1000,300
18,d[li]/d[betan],D_betaN l_i,1.8547699412471926e-05,2.0643565925766304e-05,2.468067369369555e-05,1.1129987319012227,1.330659568328979,0.016869762025542908,1.0328319615975894,1.1985023613355765,0.695,0.7666666666666667,0.77,1.6883563758032393e-06,2.018535602798156e-06,1000,300
19,d[pcdiamag3]/d[kappa],D_kappa W_dia,0.03598311105681837,0.01805376712466721,0.05810204227916801,0.5017289109927097,1.6147031363525852,0.8648803497192392,0.5090839236356567,1.1267160872518978,1.0,1.0,1.0,0.0014765468786646807,0.004751938394847897,1000,300
19,d[kappa]/d[t],dot kappa,0.01723708685130389,0.009075743110542638,0.027712511748004542,0.5265241852544306,1.6077259450548191,0.5911603957642871,0.5895461292685301,1.1731277047237165,1.0,1.0,1.0,0.0007422694703491825,0.0022664977585518,1000,300
19,r[q95]/r[kappa],q95 / kappa,0.00012489725977959544,6.506477052134177e-05,0.00013017505584525676,0.5209463413061322,1.0422571005558887,0.04563299259955853,0.5161506615791808,1.0828501008093308,0.903,0.9733333333333334,0.8533333333333334,5.3213926578822995e-06,1.0646507793140565e-05,1000,300
19,d[pcdiamag3]/d[betan],D_betaN W_dia,0.008310155139606019,0.00421423667970023,0.01327672057226182,0.5071188935589505,1.5976501460225765,0.4207360549698925,0.5108172956145012,1.117928613006025,1.0,1.0,1.0,0.00034466590669952955,0.001085850957559513,1000,300
19,d[kappa]/d[betan],D_betaN kappa,0.002410948824962691,0.0018998783349926753,0.0031876020256047717,0.7880210128566605,1.3221359128823895,0.2158755183045558,0.7832010266201518,1.0909893274614253,1.0,1.0,1.0,0.00015538360531654392,0.000260701480684392,1000,300
19,d[betan]/d[t],dot beta_N,0.016273617516668896,0.008626159761911856,0.02643709255962876,0.530070204309286,1.624536925029086,0.6002219658036201,0.5699346192866733,1.140111937791408,1.0,1.0,1.0,0.0007054998097273064,0.002162186220212955,1000,300
19,d[li]/d[betan],D_betaN l_i,5.1214528418534143e-05,3.75037539928827e-05,5.5298297375992705e-05,0.7322874026369123,1.0797384860031374,0.028500159498911968,0.8025850119225699,1.0539130372943806,0.621,0.5833333333333334,0.6133333333333333,3.067285099780513e-06,4.52263108425901e-06,1000,300
20,d[pcdiamag3]/d[kappa],D_kappa W_dia,0.08747319082940695,0.06604747758131438,0.112493068538124,0.7550596583371734,1.286029096131998,1.06490386390091,0.9343224748082392,1.0192267238111477,0.998,1.0,0.9933333333333333,0.005401764418081962,0.009200367329122773,1000,300
20,d[kappa]/d[t],dot kappa,0.048313151430306844,0.035998029710752194,0.03431739874452897,0.745097942175857,0.7103117418045651,0.8474574217927275,0.9203130365631479,0.9434112187286788,0.999,1.0,1.0,0.002944137810156304,0.0028066855881226246,1000,300
20,r[q95]/r[kappa],q95 / kappa,0.00041625664688755643,0.0002845920770812768,0.00033911463090657287,0.6836937721216829,0.8146767948144694,0.08687821739388513,0.8110519641339163,0.8939824170716543,0.913,0.9533333333333334,0.8666666666666667,2.3275670955836782e-05,2.773485701443905e-05,1000,300
20,d[pcdiamag3]/d[betan],D_betaN W_dia,0.06811655487463397,0.05182480514868012,0.08740234931913696,0.7608254005808394,1.2831293285457226,0.9390607418599356,0.9335669513872966,1.0108614048547437,1.0,1.0,1.0,0.004238547764091615,0.0071482957093649034,1000,300
20,d[kappa]/d[betan],D_betaN kappa,0.16518033938180227,0.1349145331945377,0.2001545541793158,0.8167711345034389,1.2117335206381505,1.2365633771253863,0.993277199051195,1.002470742175443,0.989,0.9966666666666667,1.0,0.01103413107631791,0.01636985678297527,1000,300
20,d[betan]/d[t],dot beta_N,0.05321849010491283,0.039364772652720634,0.03827731815388322,0.7396822528245066,0.7192484807145944,0.8388447178707651,0.9207682794359388,0.9447420068921583,0.979,0.9833333333333333,0.97,0.0032194905245179323,0.003130551881692836,1000,300
20,d[li]/d[betan],D_betaN l_i,0.00029732099233638007,0.00029791087242801473,0.00019429877800470268,1.0019839839999165,0.6534983503111642,0.07265949887397342,0.9624557282110332,0.737752982437868,0.601,0.5433333333333333,0.56,2.436496304435219e-05,1.5890935792520576e-05,1000,300
21,d[pcdiamag3]/d[kappa],D_kappa W_dia,0.05874989783995477,0.041807151612976885,0.05915574142756044,0.711612328703397,1.006907987971507,0.9152151604690243,0.9547980523121735,1.0004773816063024,1.0,1.0,1.0,0.0034192431304632762,0.004838116319813192,1000,300
21,d[kappa]/d[t],dot kappa,0.01715800939595805,0.013388549319477153,0.017090384092498717,0.7803090096588432,0.9960586742961417,0.5503488561247809,0.9837280763421159,0.9915071816524689,1.0,1.0,1.0,0.0010949969926504484,0.0013977555549877878,1000,300
21,r[q95]/r[kappa],q95 / kappa,0.00014050823138171627,9.763102034635034e-05,0.00014870853585609848,0.6948419988371916,1.0583617372003251,0.049079020747723724,0.9275755378381688,0.9400919536887244,0.896,0.9433333333333334,0.9,7.984858636859637e-06,1.2162288509255625e-05,1000,300
21,d[pcdiamag3]/d[betan],D_betaN W_dia,0.030744906808012326,0.02197186024169014,0.031040695773360133,0.7146504095424393,1.0096207468506857,0.6650323825024389,0.960097581084266,0.9980808221863116,1.0,1.0,1.0,0.001796992363660069,0.0025386968901970762,1000,300
21,d[kappa]/d[betan],D_betaN kappa,0.019341918009466295,0.0155768401749166,0.01906602201471823,0.8053410301549724,0.985735851293908,0.5321803756211202,0.9563884458481581,1.0139439435164264,1.0,1.0,1.0,0.0012739687280172375,0.0015593352401183816,1000,300
21,d[betan]/d[t],dot beta_N,0.016489306508253358,0.012917414454123378,0.016507822119337597,0.7833813051906005,1.001122885979163,0.5449471387461481,0.9667970828284659,0.9948828396248207,0.998,1.0,1.0,0.0010564647179144052,0.0013501100936743698,1000,300
21,d[li]/d[betan],D_betaN l_i,1.9375100109210394e-05,1.5886362494561088e-05,1.6381774708243148e-05,0.8199370534869724,0.8455065840127298,0.01727460895908478,0.9041105312250598,0.8908527948797788,0.636,0.6733333333333333,0.7166666666666667,1.2992833458359021e-06,1.3398011697733309e-06,1000,300
22,d[pcdiamag3]/d[kappa],D_kappa W_dia,0.013378552517096074,0.00684749586015224,0.020619244541616528,0.511826361738463,1.5412163995520276,0.4451188810421949,0.817248604574922,1.1325141102898835,1.0,1.0,1.0,0.0005600298579880727,0.0016863672250845457,1000,300
22,d[kappa]/d[t],dot kappa,0.007412303074573408,0.004326447842966637,0.011157419603055285,0.583684692792413,1.5052567995133437,0.34537072654843437,0.7986470397138095,1.1055163504278467,1.0,1.0,1.0,0.00035384321810098037,0.0009125216346860949,1000,300
22,r[q95]/r[kappa],q95 / kappa,0.00010514017626031037,3.537682232273517e-05,0.00023165223168265667,0.3364729219698831,2.203270337964077,0.04043851727590406,0.6292165026138306,1.3464428811398454,0.813,0.86,0.7266666666666667,2.8933316917741337e-06,1.8945928418418058e-05,1000,300
22,d[pcdiamag3]/d[betan],D_betaN W_dia,0.0042002761558275585,0.002165241865788212,0.00654104963334334,0.5154998827360687,1.5572903758406786,0.24749384718341083,0.8350715111997788,1.1486696824962574,1.0,1.0,1.0,0.00017708664880890373,0.0005349668217503329,1000,300
22,d[kappa]/d[betan],D_betaN kappa,0.0018777664701662296,0.0007570361379221818,0.003657381864682175,0.4031577674593183,1.9477298816387987,0.18249392674572368,0.5640879007630412,1.4596033736992897,1.0,1.0,1.0,6.191501966135874e-05,0.00029912293313026883,1000,300
22,d[betan]/d[t],dot beta_N,0.007060829620314411,0.004169926553568325,0.010812355954240986,0.5905717568331075,1.531315232863461,0.33136632133017874,0.7874187633864161,1.1020798586794824,1.0,1.0,1.0,0.0003410419550897899,0.00088430023080517,1000,300
22,d[li]/d[betan],D_betaN l_i,1.684147421742949e-05,1.3679118885773561e-05,1.510063962739057e-05,0.8122281166821395,0.896634073266739,0.01671119288320384,0.8448838239293832,0.9385415251334279,0.795,0.8066666666666666,0.8666666666666667,1.1187615390294534e-06,1.235022150983613e-06,1000,300
23,d[pcdiamag3]/d[kappa],D_kappa W_dia,0.03514711184580998,0.027944728181873366,0.0538722200211564,0.7950789329281621,1.5327637803496708,0.7880121462198186,0.9602175136412356,1.2624495597842909,1.0,1.0,1.0,0.0022854898308564864,0.004405997804762405,1000,300
23,d[kappa]/d[t],dot kappa,0.014843164741599656,0.011392043338217193,0.02089077858600796,0.7674942329710657,1.4074342601250782,0.5091324128258923,0.9140446051032656,1.2400377139307404,1.0,1.0,1.0,0.0009317105907317629,0.0017085749307079092,1000,300
23,r[q95]/r[kappa],q95 / kappa,0.00016001071141523074,0.00010312579622509868,0.000258396106249008,0.6444930799506624,1.6148675545755518,0.0559337834314141,0.8278911068403211,1.1724223804149774,0.865,0.9133333333333333,0.81,8.434254827510755e-06,2.1133205136992312e-05,1000,300
23,d[pcdiamag3]/d[betan],D_betaN W_dia,0.013603472740789609,0.010777853775032906,0.02087150593570576,0.7922869388134863,1.5342777784325006,0.48919086948856483,0.9718961543165391,1.2688846187933291,1.0,1.0,1.0,0.0008814784327469013,0.0017069986961497253,1000,300
23,d[kappa]/d[betan],D_betaN kappa,0.004301165184326207,0.003929041616998681,0.007075212563711157,0.9134830792633646,1.6449525327448018,0.28876724639086454,0.9564577361555234,1.2990890962468016,1.0,1.0,1.0,0.00032134091991230175,0.0005786539149806062,1000,300
23,d[betan]/d[t],dot beta_N,0.014305678262275568,0.011396726272608392,0.019948027056082413,0.7966575274282411,1.3944132316106856,0.5039496775602123,0.9161832943057743,1.2293942487893328,1.0,1.0,1.0,0.0009320935895879334,0.001631470976765467,1000,300
23,d[li]/d[betan],D_betaN l_i,1.4237794841462345e-05,1.5821771780042923e-05,8.759620132321945e-06,1.1112515636176907,0.6152371367799717,0.014665909309729361,1.0671065554169632,0.7742986270017836,0.73,0.7166666666666667,0.8166666666666667,1.2940007243611735e-06,7.164150105268782e-07,1000,300
24,d[pcdiamag3]/d[kappa],D_kappa W_dia,0.2149632992304744,0.18359274087413083,0.20737277906520032,0.8540655150500394,0.9646892274520972,1.4687008644949855,0.960889965536093,1.0069103843680969,0.998,1.0,0.9933333333333333,0.01501533096174732,0.016960207115465725,1000,300
24,d[kappa]/d[t],dot kappa,0.050714470629591904,0.05553765607189337,0.03648273574430828,1.095104718286996,0.719375264917398,0.9464733833369106,0.9560461773930861,0.935893294888552,1.0,1.0,1.0,0.004542207294191977,0.0029837800175679255,1000,300
24,r[q95]/r[kappa],q95 / kappa,0.002509636415859311,0.0012893342984537251,0.00383212134389481,0.5137534227292646,1.526962758301654,0.20511756871623826,0.8526471602678423,1.2877513197761123,0.759,0.6866666666666666,0.83,0.00010544960067287101,0.00031341419050770464,1000,300
24,d[pcdiamag3]/d[betan],D_betaN W_dia,0.5008612361272169,0.43412203176566033,0.4761036035114746,0.8667511087949217,0.9505698767842877,2.345875516975598,0.9580255860407743,1.008399900614586,0.901,0.9266666666666666,0.9066666666666666,0.03550514009274787,0.038938648362499745,1000,300
24,d[kappa]/d[betan],D_betaN kappa,0.6589713190551137,0.6262794528249085,0.5511771638720334,0.9503895461230673,0.8364205663189647,2.9197150638251443,0.9880001275673161,0.9667719594427756,0.875,0.9033333333333333,0.8866666666666667,0.05122094269051278,0.045078620727002645,1000,300
24,d[betan]/d[t],dot beta_N,0.056298431201643476,0.06184680309340375,0.046479572936426385,1.098552868585054,0.8255926842783773,0.9337598981034042,1.0124279759575283,0.976531356174257,0.88,0.8933333333333333,0.88,0.005058207709912385,0.003801382164012643,1000,300
24,d[li]/d[betan],D_betaN l_i,0.00405554496484895,0.003487586255524053,0.004909782479006449,0.8599550210273526,1.210634457652799,0.21055926180364898,0.9549041498171819,0.9897239318027359,0.919,0.95,0.8633333333333333,0.0002852360155145629,0.00040155187248396186,1000,300
25,d[pcdiamag3]/d[kappa],D_kappa W_dia,0.06682346988517544,0.059356921903413656,0.06468901153924368,0.8882645873584273,0.9680582533412369,1.0421011368369333,0.865742798556107,0.9461623805967476,0.919,0.9133333333333333,0.9733333333333334,0.0048545700827103255,0.005290660802956073,1000,300
25,d[kappa]/d[t],dot kappa,0.011276472768941993,0.01141725782729671,0.00943926883957148,1.0124848488742395,0.83707636536572,0.40477816886500406,0.9412830948407964,0.9618995781141947,1.0,1.0,1.0,0.0009337727850034846,0.0007720008154366269,1000,300
25,r[q95]/r[kappa],q95 / kappa,0.0023315110974817107,0.0011616498668857089,0.003908476585857395,0.49823904683122416,1.6763705693183193,0.19500462032225988,0.7828722292624467,1.366664289546289,0.745,0.69,0.78,9.50067912811273e-05,0.00031965898658882274,1000,300
25,d[pcdiamag3]/d[betan],D_betaN W_dia,0.12047484013211601,0.10587555147551476,0.11817498414992281,0.8788187754340138,0.9809100723464657,1.4071411798163247,0.8760500285394213,0.9634432350343414,1.0,1.0,1.0,0.008659146535931334,0.009665068945328665,1000,300
25,d[kappa]/d[betan],D_betaN kappa,0.1548300918305189,0.1338821073723253,0.14186514821326568,0.8647034035145842,0.9162634119506627,1.5998563309818845,0.8868963971838546,0.9088717465209379,1.0,1.0,1.0,0.010949693013352222,0.01160259464626616,1000,300
25,d[betan]/d[t],dot beta_N,0.013389954632562956,0.01258661995694605,0.012927496265598123,0.9400046753210589,0.9654622902276172,0.4383945462605332,0.938303971032265,1.0218033323379057,0.992,0.9933333333333333,0.9833333333333333,0.0010294103320394883,0.0010572892697744975,1000,300
25,d[li]/d[betan],D_betaN l_i,0.0003363753107532754,0.0003505917915669348,0.0004448044932314514,1.0422637463546987,1.3223458411241917,0.0775656244344229,0.9501500760647268,1.1673956144649684,0.901,0.89,0.8866666666666667,2.8673529017460295e-05,3.63788167622679e-05,1000,300
26,d[pcdiamag3]/d[kappa],D_kappa W_dia,0.13535393040063587,0.1121526363101992,0.12829626962639312,0.8285879543965745,0.9478577330310787,1.0437289638976293,0.9812206140940954,0.944593584332379,1.0,1.0,1.0,0.009172524711010545,0.010492849229363535,1000,300
26,d[kappa]/d[t],dot kappa,0.04620419320910506,0.037970923720035715,0.05281978570005506,0.8218068768821856,1.143181647194011,0.7183779709922555,0.959310611269265,1.0004859269964568,1.0,1.0,1.0,0.0031054930813984843,0.004319923325065669,1000,300
26,r[q95]/r[kappa],q95 / kappa,0.00060796750874242,0.0003544311800789545,0.001170588344638805,0.5829771739152557,1.925412670588541,0.11090820179555227,0.7315954500391884,1.2970852141140872,0.583,0.5933333333333334,0.57,2.898753756117625e-05,9.573783435569511e-05,1000,300
26,d[pcdiamag3]/d[betan],D_betaN W_dia,0.317722323743226,0.26494275769854936,0.29724874080078684,0.833881467871513,0.9355613961863588,1.6150648301048325,0.9817352194114918,0.9358845287270342,0.993,0.99,0.9966666666666667,0.021668630109341624,0.024310809892785685,1000,300
26,d[kappa]/d[betan],D_betaN kappa,0.5255364987940611,0.4214563034372814,0.5449563517773202,0.8019543921390606,1.036952434374818,2.2137489835937307,0.9631248391815478,0.9313696867599648,0.997,0.9966666666666667,0.9966666666666667,0.034469259796954616,0.0445698448788497,1000,300
26,d[betan]/d[t],dot beta_N,0.043975454773173425,0.03610536104337291,0.05013594687551769,0.8210343981570022,1.1400893324269241,0.7062240103159877,0.9772681392042948,0.9838177322130363,0.998,0.9966666666666667,1.0,0.002952916019328367,0.004100422662857876,1000,300
26,d[li]/d[betan],D_betaN l_i,0.0002546041258878969,0.0002945536687416208,0.0002136909813244733,1.156908466091841,0.8393068281170046,0.0664791021715534,1.0767526051975564,0.8925248858582729,0.901,0.8733333333333333,0.9366666666666666,2.40903905083293e-05,1.7476948123604414e-05,1000,300
27,d[pcdiamag3]/d[kappa],D_kappa W_dia,0.08786193044941226,0.054943074205420044,0.09123943876189065,0.6253342480000971,1.0384410892772615,0.9886193238848994,0.891017386946322,0.9942567563071227,1.0,1.0,1.0,0.004493578772898364,0.007462116221213319,1000,300
27,d[kappa]/d[t],dot kappa,0.050517896730662606,0.0372627543017625,0.051829195988175016,0.7376149189351603,1.0259571229677995,0.7729275278945467,0.884842626114905,0.9877676530661875,1.0,1.0,1.0,0.003047574679277942,0.004238906873650641,1000,300
27,r[q95]/r[kappa],q95 / kappa,0.00036635023913262244,0.00043660904315473203,0.00037894406943426415,1.1917804235325618,1.0343764762688816,0.08601849640691148,0.9735866400782068,1.0086233471339565,0.773,0.8566666666666667,0.7066666666666667,3.5708543010176663e-05,3.0992350740315024e-05,1000,300
27,d[pcdiamag3]/d[betan],D_betaN W_dia,0.23489237836430893,0.14724959268135834,0.24317612950608578,0.6268811006416732,1.0352661555026237,1.6224681439332689,0.8959000053564768,0.9918249086124603,0.99,0.9966666666666667,0.9933333333333333,0.012042967263117007,0.019888422870890876,1000,300
27,d[kappa]/d[betan],D_betaN kappa,0.4272528472487167,0.26962327162315414,0.43512068399411724,0.6310625508042509,1.0184149428050984,2.287374218138213,0.9190147022135484,1.0182972000891009,0.986,0.9966666666666667,0.9933333333333333,0.02205143100503276,0.035586815945804866,1000,300
27,d[betan]/d[t],dot beta_N,0.05353064414443785,0.038835976019051976,0.05548375982867276,0.7254905417215545,1.0364859365219847,0.7736704936153904,0.9025787521240892,1.0163491601687693,0.985,0.9966666666666667,0.9933333333333333,0.0031762423196695917,0.004537799331623854,1000,300
27,d[li]/d[betan],D_betaN l_i,6.353555346559594e-05,7.569774166024098e-05,6.714703356936128e-05,1.1914233453751337,1.056841876819739,0.030235715351219924,1.0717942433780165,1.0445323275713299,0.996,0.9966666666666667,1.0,6.191021707468408e-06,5.491692794296e-06,1000,300
28,d[pcdiamag3]/d[kappa],D_kappa W_dia,0.09064027991515038,0.052637645206907134,0.11682028868140909,0.5807312737359369,1.288834156191554,1.0037365846845532,0.9120970461862482,1.0128258859503032,0.997,1.0,0.9966666666666667,0.004305026767755558,0.009554273710640937,1000,300
28,d[kappa]/d[t],dot kappa,0.006470013596894323,0.005015219813534405,0.007138894509395483,0.7751482649034563,1.1033816857544518,0.27624589898010654,1.0179457211742695,0.9926620791660851,1.0,1.0,1.0,0.0004101751789726816,0.0005838622118129616,1000,300
28,r[q95]/r[kappa],q95 / kappa,0.00031591607882932487,0.0002631736777908003,0.00040699774356219704,0.8330493299550641,1.2883096836045482,0.07545926344623174,0.9405152420055357,1.1110989263456725,0.894,0.9566666666666667,0.8066666666666666,2.1523943994922528e-05,3.3286750833250696e-05,1000,300
28,d[pcdiamag3]/d[betan],D_betaN W_dia,0.160100073330947,0.09335043451828129,0.2062514784029285,0.5830755263010666,1.2882659833426855,1.3328784389408883,0.9154511529422329,1.0105365385741798,1.0,1.0,1.0,0.007634766293270257,0.016868500327542228,1000,300
28,d[kappa]/d[betan],D_betaN kappa,0.19944262271550653,0.1164897038549278,0.25720915660923216,0.584076273510972,1.2896398628698655,1.5326439887850962,0.9447853170427595,1.0053970180170984,1.0,1.0,1.0,0.00952723647291076,0.021036129176410734,1000,300
28,d[betan]/d[t],dot beta_N,0.008208553013456316,0.005477601811737982,0.009693351256130819,0.6673041890280206,1.1808842849940138,0.31855746160245957,0.9614140524434527,0.976465559977131,0.975,0.9966666666666667,0.9733333333333334,0.0004479915909981477,0.0007927812207948901,1000,300
28,d[li]/d[betan],D_betaN l_i,0.00010023306883960795,7.470586063792285e-05,9.812120798266298e-05,0.7453214942212982,0.978930497874665,0.0390561628355498,0.8982020481571925,0.9367391314762974,0.934,0.9766666666666667,0.9066666666666666,6.1098996448319885e-06,8.024949163083857e-06,1000,300
29,d[pcdiamag3]/d[kappa],D_kappa W_dia,0.0889481821126872,0.04941252593961257,0.15397915618907018,0.5555203576506211,1.7311107718198913,1.0320136653841696,0.8620911036901017,1.1112940700352107,1.0,1.0,1.0,0.004041256898865499,0.012593351896056645,1000,300
29,d[kappa]/d[t],dot kappa,0.012920053934173531,0.00965483943687509,0.017963110886619425,0.7472754747051054,1.3903278560708645,0.3930687347624313,0.8947656625623235,1.0799455679134837,1.0,1.0,1.0,0.0007896314899868501,0.0014691324601449002,1000,300
29,r[q95]/r[kappa],q95 / kappa,0.00028452657916886755,0.00018333132315697406,0.000346670996187294,0.6443381271883435,1.21841339814353,0.07419356355814866,0.8130708250484827,1.0994696401430346,0.896,0.97,0.8266666666666667,1.499395063089282e-05,2.8352862524992823e-05,1000,300
29,d[pcdiamag3]/d[betan],D_betaN W_dia,0.1482118146458794,0.08246051187771984,0.2559992140507743,0.5563693560782701,1.727252410089101,1.3338146763805385,0.8603829953798515,1.1082597191601484,1.0,1.0,0.9933333333333333,0.006744122187096364,0.020937172715096156,1000,300
29,d[kappa]/d[betan],D_betaN kappa,0.19952691941384135,0.11226824467984188,0.33458687947757454,0.5626721697987271,1.6769009437949753,1.5678303438505548,0.8886761884114955,1.0913347315638486,1.0,1.0,0.9933333333333333,0.009181979866611293,0.02736454996474178,1000,300
29,d[betan]/d[t],dot beta_N,0.013701913081652412,0.009369471048937511,0.019802676938635046,0.6838075087108624,1.445249055414888,0.3997326041834643,0.9140602763393761,1.058956985715482,0.998,1.0,0.9466666666666667,0.0007662923276076537,0.001619583360139615,1000,300
29,d[li]/d[betan],D_betaN l_i,0.00011458348551699535,9.515171569524596e-05,0.0001000237666247949,0.8304138704275389,0.872933531158459,0.04384192073474832,0.8714112296139342,0.956656254950161,0.871,0.94,0.7666666666666667,7.782086023334277e-06,8.180551980219905e-06,1000,300
30,d[pcdiamag3]/d[kappa],D_kappa W_dia,0.08909278539279233,0.04505203080971307,0.12537685325655754,0.5056754103161961,1.407261572346133,1.0239203650645117,0.8555093011413412,1.011740515978512,1.0,1.0,1.0,0.0036846290865631772,0.010254081602716042,1000,300
30,d[kappa]/d[t],dot kappa,0.011934623640105977,0.00660171859573094,0.017779227175021946,0.5531568313177505,1.4897182945321659,0.3785189297810697,0.8951120479501744,1.0579569065820773,1.0,1.0,1.0,0.0005399286984836846,0.0014540933318277103,1000,300
30,r[q95]/r[kappa],q95 / kappa,0.00023236058590076403,0.00012564924852423939,0.0002825323492614143,0.5407511262598612,1.215922004010084,0.06984426501760507,0.8153744240674768,1.0221083665509176,0.877,0.94,0.7933333333333333,1.0276359744418067e-05,2.3107213887441264e-05,1000,300
30,d[pcdiamag3]/d[betan],D_betaN W_dia,0.16125287498907256,0.0816936636030518,0.22649657960641656,0.5066183384859826,1.4046049077994132,1.3732272302686028,0.8612162857740099,1.012989899372142,1.0,1.0,1.0,0.006681404671214406,0.018524267834890744,1000,300
30,d[kappa]/d[betan],D_betaN kappa,0.23638106099812775,0.11742733390148505,0.339434098527903,0.4967713293342698,1.4359614814090014,1.6813071081574011,0.8636518049550507,1.025620656936542,1.0,1.0,1.0,0.009603921560794426,0.027760985019517,1000,300
30,d[betan]/d[t],dot beta_N,0.013219270967288536,0.0068767805607567335,0.01943506867336846,0.5202087602087531,1.4702072997414983,0.3898968819564628,0.8975053796540459,1.039371758932173,0.962,0.9933333333333333,0.8966666666666666,0.000562424938913378,0.0015895181204086178,1000,300
30,d[li]/d[betan],D_betaN l_i,8.626964454294042e-05,7.00369551879164e-05,6.575979450447457e-05,0.8118377623899418,0.7622587858437606,0.03764516193903725,0.8458637293779291,0.8417937687573238,0.884,0.9433333333333334,0.8833333333333333,5.7280481607963756e-06,5.378235946366378e-06,1000,300
31,d[pcdiamag3]/d[kappa],D_kappa W_dia,0.07944763635240142,0.04871279434489914,0.08430056136618623,0.6131434059136327,1.0610833152072514,1.0618037847759219,0.8909542761679237,0.9860545773536453,1.0,1.0,1.0,0.003984028593274612,0.0068946126254642885,1000,300
31,d[kappa]/d[t],dot kappa,0.023722307736129766,0.016047585459782306,0.029513719828117468,0.6764765737922439,1.244133587524759,0.5511601564472459,0.8516626804417275,1.0159458458664588,1.0,1.0,1.0,0.0013124691404915337,0.002413811510310707,1000,300
31,r[q95]/r[kappa],q95 / kappa,0.00031619814549721357,0.0002845550829938873,0.0003192548930294302,0.8999264766288608,1.0096671899432235,0.07047577051017795,0.9553795576118695,1.1445213436174526,0.974,0.9866666666666667,0.9366666666666666,2.3272645354371624e-05,2.6110606863703027e-05,1000,300
31,d[pcdiamag3]/d[betan],D_betaN W_dia,0.15228715712982668,0.09487601380586329,0.15909770258466535,0.6230073211293866,1.0447217321749107,1.4758529965452787,0.9019612036245899,0.985800732603549,0.99,0.9966666666666667,0.9966666666666667,0.007759537445998651,0.01301197775134366,1000,300
31,d[kappa]/d[betan],D_betaN kappa,0.23441900126340512,0.13185479508032466,0.2792291544015518,0.5624748606968336,1.1911540996960215,1.8171279077218474,0.8450214170336698,0.9923485338161265,0.994,0.9966666666666667,0.9966666666666667,0.010783887083976844,0.022837058521734396,1000,300
31,d[betan]/d[t],dot beta_N,0.02510674812705484,0.016487867454253027,0.03180429873060989,0.6567105931367443,1.2667629662615612,0.5624801286011553,0.8682622769812949,1.052752170172282,0.993,0.9966666666666667,0.99,0.001348478079799262,0.0026011489842825107,1000,300
31,d[li]/d[betan],D_betaN l_i,0.00019703121442737748,0.00016591904290441965,0.00021579402853587733,0.8420952151496519,1.095227622501487,0.05369893627034142,0.9079964332990803,0.9867203901381446,0.979,0.9833333333333333,0.9733333333333334,1.3569868450159706e-05,1.764894811530921e-05,1000,300
32,d[pcdiamag3]/d[kappa],D_kappa W_dia,0.09521547174278143,0.05207772863381591,0.12321717399988147,0.5469460758909077,1.294087733270333,1.0884378814583233,0.8473551144147824,1.077600430487948,1.0,1.0,1.0,0.004259233384989427,0.010077449897912179,1000,300
32,d[kappa]/d[t],dot kappa,0.024112296460908154,0.01573724657705804,0.03170958986884774,0.6526647763547496,1.3150796283654123,0.5806308370960219,0.8475582226291584,1.0548422485513995,1.0,1.0,1.0,0.0012870877391778592,0.0025934031175472677,1000,300
32,r[q95]/r[kappa],q95 / kappa,0.0003335072768694981,0.00023740423956735278,0.00035560721500093006,0.7118412581451691,1.066265235166307,0.07933981047125947,0.8052745301443824,0.9521431956414127,0.896,0.9566666666666667,0.85,1.9416362607003463e-05,2.9083720849752687e-05,1000,300
32,d[pcdiamag3]/d[betan],D_betaN W_dia,0.16176508545978963,0.08905860617479325,0.20954736086110035,0.5505428190617238,1.2953806457400727,1.4166721224283676,0.8505031173634018,1.0791497323768418,0.979,1.0,0.9433333333333334,0.0072837544683928114,0.01713805764056473,1000,300
32,d[kappa]/d[betan],D_betaN kappa,0.258939470995017,0.14957255710765802,0.32107879653234805,0.5776352154150202,1.2399762589247232,1.8468843651335203,0.8452484345584218,1.0807664600274332,0.979,1.0,0.9433333333333334,0.01223295342219488,0.02625977678517273,1000,300
32,d[betan]/d[t],dot beta_N,0.02489669612967501,0.015170080036200122,0.033329421802527494,0.6093210101929354,1.3387086233824135,0.5962833732359702,0.8465156324030851,1.0375088426305015,0.973,1.0,0.9233333333333333,0.0012407014099533851,0.002725882824919161,1000,300
32,d[li]/d[betan],D_betaN l_i,0.0001162070281200188,0.00010990489285339911,0.00011314387228315576,0.945768036851344,0.973640528577158,0.04261115443950796,0.9329620337874179,0.9893089310501177,0.912,0.9266666666666666,0.8766666666666667,8.98869058031311e-06,9.253594017586976e-06,1000,300
33,d[pcdiamag3]/d[kappa],D_kappa W_dia,0.0931288009258207,0.05672908818648128,0.12831640195167135,0.6091465542616332,1.3778380122587255,0.9874090420432045,0.9331216015775368,1.0179584464207188,1.0,1.0,1.0,0.0046396498588261465,0.01049449577336981,1000,300
33,d[kappa]/d[t],dot kappa,0.018692931605197725,0.01258259424640758,0.026447994356471473,0.6731204346197299,1.4148660528516237,0.45887147443536913,0.9271302832080238,1.0253085171232434,1.0,1.0,1.0,0.0010290810849472366,0.0021630778354635996,1000,300
33,r[q95]/r[kappa],q95 / kappa,0.00011491597711870038,6.307856709022301e-05,0.0001223306522104848,0.5489103314595424,1.0645225779538519,0.042262397880342674,0.7610621253776927,0.9787931656872924,0.941,0.9866666666666667,0.8833333333333333,5.1589488611743846e-06,1.0004944754140086e-05,1000,300
33,d[pcdiamag3]/d[betan],D_betaN W_dia,0.1937337715383668,0.11879511042085057,0.26617785801868893,0.6131874142414274,1.3739362833081241,1.4257376142144322,0.9345116880298194,1.0221059208512469,0.999,1.0,1.0,0.00971578664337991,0.021769644125416314,1000,300
33,d[kappa]/d[betan],D_betaN kappa,0.3167116368499952,0.19403093271089275,0.4433112692025195,0.612642259187944,1.399731546373479,1.815308165970817,0.9460680500213519,1.0203970940102252,0.997,1.0,0.9966666666666667,0.01586902977535479,0.036256691819376956,1000,300
33,d[betan]/d[t],dot beta_N,0.022279250436863986,0.014154658346502952,0.03082191202842423,0.6353291995444418,1.3834357720323156,0.4815546289644078,0.9578889270460857,1.0125083123136565,0.974,1.0,0.9633333333333334,0.0011576540483641117,0.002520803424891085,1000,300
33,d[li]/d[betan],D_betaN l_i,5.706918015957513e-05,5.470666077774656e-05,5.1170226545885126e-05,0.9586025351122521,0.8966350384358855,0.03193964558806907,0.9059286576576245,0.8194179274802869,0.88,0.91,0.8833333333333333,4.4742434449141695e-06,4.185012344800808e-06,1000,300
34,d[pcdiamag3]/d[kappa],D_kappa W_dia,0.07312868498499513,0.05599432771135477,0.07146750501206532,0.7656958103765156,0.9772841536358728,1.036137345397126,0.9388726856365712,1.009259281553213,0.999,1.0,1.0,0.004579556678349043,0.005845047226034974,1000,300
34,d[kappa]/d[t],dot kappa,0.008595976079432785,0.006123082723143633,0.010038058714973536,0.7123196559136622,1.1677625230939346,0.3817522918562116,0.8754998597973835,1.1123810502736216,1.0,1.0,1.0,0.000500782945754875,0.0008209734932935877,1000,300
34,r[q95]/r[kappa],q95 / kappa,0.0008007791950761584,0.0006827670604123672,0.0007608587051798161,0.8526283707301267,0.9501479432260405,0.10507216897078771,0.8836157026406373,0.9256873779408724,0.894,0.9533333333333334,0.87,5.584084279726321e-05,6.2227652460584e-05,1000,300
34,d[pcdiamag3]/d[betan],D_betaN W_dia,0.1517867895732431,0.11930110895908708,0.1437456389274677,0.7859782086076706,0.9470233828096402,1.4931240499790923,0.9419027558382322,1.0042852686156691,0.994,0.9933333333333333,0.9966666666666667,0.009757170281325543,0.01175639261403872,1000,300
34,d[kappa]/d[betan],D_betaN kappa,0.17862662402070892,0.14292053743689626,0.15548494138922467,0.8001077007441337,0.8704466215025072,1.6719329017456932,0.9619616766870388,0.9969683279519505,0.992,0.9933333333333333,0.9933333333333333,0.011688910795863485,0.01271650416792736,1000,300
34,d[betan]/d[t],dot beta_N,0.010638967772135638,0.006966836679300823,0.01389846023141634,0.6548414121102577,1.3063729986867327,0.4354760766359423,0.8296728032149707,1.145479974044647,0.705,0.7166666666666667,0.6233333333333333,0.000569790276010213,0.0011367006083125865,1000,300
34,d[li]/d[betan],D_betaN l_i,0.00012379744335345479,0.00012118899658488862,0.00017402297041240833,0.9789297202114362,1.4057073045971906,0.04359662055448747,0.9827407734120102,1.215849744102209,0.861,0.9333333333333333,0.8,9.911573213516812e-06,1.4232656929938887e-05,1000,300
35,d[pcdiamag3]/d[kappa],D_kappa W_dia,0.009813325210959022,0.0057741287650830185,0.011803380524786435,0.5883967606244992,1.2027911305339214,0.3862575118949304,0.8102541291092239,1.0766513014182104,1.0,1.0,0.9966666666666667,0.0004722433687228829,0.0009653522476066697,1000,300
35,d[kappa]/d[t],dot kappa,0.00255217763695471,0.001877095048191115,0.007747851032785399,0.7354876169320597,3.0357804725654716,0.19992664655528247,0.8955350202460847,1.2678371691369852,1.0,1.0,1.0,0.00015352024955371245,0.000633666379976034,1000,300
35,r[q95]/r[kappa],q95 / kappa,5.700709975859014e-05,4.2108115270123623e-05,5.821654189885098e-05,0.7386468606268387,1.021215640602355,0.02929447030864058,0.8196281729368837,0.9663444046244614,0.865,0.9066666666666666,0.8333333333333334,3.443857768808996e-06,4.761302870133512e-06,1000,300
35,d[pcdiamag3]/d[betan],D_betaN W_dia,0.011764624319092488,0.006909402316691695,0.022014021548381457,0.5873032686201984,1.871204804445434,0.420394419435245,0.8167180300396022,1.2076243623909497,1.0,1.0,1.0,0.0005650929445196161,0.001800440571746814,1000,300
35,d[kappa]/d[betan],D_betaN kappa,0.005740127740963113,0.004075272094226776,0.012216540151149046,0.7099619169003027,2.1282697358751257,0.30710394849861666,0.9038937899244878,1.246948507749651,1.0,1.0,1.0,0.00033330053771537957,0.000999142954691977,1000,300
35,d[betan]/d[t],dot beta_N,0.0024425407423807107,0.0017530902970788573,0.003623902706841822,0.7177322640563795,1.4836611090915333,0.18955027312526518,0.8279096642419168,1.1761618659543955,1.0,1.0,1.0,0.0001433783868094975,0.0002963848039814801,1000,300
35,d[li]/d[betan],D_betaN l_i,9.595530918269942e-05,7.149159628867567e-05,9.457007443038544e-05,0.7450509710990071,0.9855637508324163,0.0425735865471693,0.7789170621637888,1.0053432494079,0.978,0.9966666666666667,0.9433333333333334,5.847017557159577e-06,7.73451586314544e-06,1000,300
36,d[pcdiamag3]/d[kappa],D_kappa W_dia,0.13705888978312178,0.09785949168413158,0.1417846878927925,0.7139959461147084,1.0344800553772813,1.071044180104532,0.9782619761521089,0.9614651602740079,0.53,0.51,0.56,0.008003544412428565,0.011596014111897313,1000,300
36,d[kappa]/d[t],dot kappa,0.0067996905525704475,0.007213504053980391,0.006358348900143901,1.060857696127585,0.9350938621376368,0.3065180239395504,1.027656333732505,0.9498451504575822,1.0,1.0,1.0,0.0005899642341451827,0.0005200244446014223,1000,300
36,r[q95]/r[kappa],q95 / kappa,0.00013609471558603112,0.00012147168305545533,0.00011811695771310197,0.8925525324946804,0.8679026015410226,0.046147680673133754,0.8978626157696415,0.9584753918942518,0.642,0.6133333333333333,0.6766666666666666,9.934693032381967e-06,9.660323190408034e-06,1000,300
36,d[pcdiamag3]/d[betan],D_betaN W_dia,0.1866734377532641,0.13417179151753159,0.19227904836729295,0.718751382801839,1.0300289675997616,1.2606133460227342,0.9844382642607322,0.9562565813878582,1.0,1.0,1.0,0.010973385144609335,0.015725750018755435,1000,300
36,d[kappa]/d[betan],D_betaN kappa,0.15473174881890886,0.11961416789696631,0.15263566498496495,0.773042176605639,0.9864534340887139,1.2927298742347948,0.9936503049917641,0.8985796733952631,1.0,1.0,1.0,0.009782774145293197,0.0124834730142567,1000,300
36,d[betan]/d[t],dot beta_N,0.009251855850057009,0.009728516250674618,0.00817424295828041,1.051520517433772,0.8835246777250686,0.3477934286369091,1.0587909597600615,0.9344005191112352,0.597,0.6466666666666666,0.5966666666666667,0.0007956572279225639,0.0006685393049633773,1000,300
36,d[li]/d[betan],D_betaN l_i,0.00017209533224126275,0.00017510667968039458,0.00015602614735456673,1.017498135480573,0.9066262595421913,0.052263492071857584,0.9603759292864329,0.8365670256563799,0.956,0.97,0.95,1.432128926500644e-05,1.2760767283393642e-05,1000,300
37,d[pcdiamag3]/d[kappa],D_kappa W_dia,0.02694227816627616,0.01990820229908356,0.032416185983451265,0.7389205239519351,1.2031716762551592,0.6251431323275336,0.9065528317163571,1.0740003583404358,1.0,1.0,1.0,0.0016282138659234925,0.0026511928453248523,1000,300
37,d[kappa]/d[t],dot kappa,0.014146682355523183,0.009473432536018157,0.017513943874224603,0.6696575421670874,1.2380248198183912,0.4455464485155384,0.8396904410533373,1.0923870110613116,1.0,1.0,1.0,0.0007747949303160121,0.0014323968500325624,1000,300
37,r[q95]/r[kappa],q95 / kappa,0.0001895154076277073,0.00015386601765007973,0.0003166608308648123,0.8118918644986436,1.6708975530204662,0.05267271672209078,0.9596213839401544,1.2010527445335815,0.857,0.9,0.8033333333333333,1.2584098738228174e-05,2.5898448682766076e-05,1000,300
37,d[pcdiamag3]/d[betan],D_betaN W_dia,0.036662406726097246,0.027300083748187584,0.04381729992868996,0.7446342503410907,1.1951561242568312,0.7294581918684832,0.9087976233806434,1.0784718926269243,1.0,1.0,1.0,0.002232766888335157,0.0035836452854663653,1000,300
37,d[kappa]/d[betan],D_betaN kappa,0.014412286158262184,0.012499224160243254,0.017037704175663113,0.8672617253771205,1.1821652712533637,0.44402798257470866,0.9520313920117124,1.2128905193931505,1.0,1.0,1.0,0.0010222625722429409,0.001393447070989141,1000,300
37,d[betan]/d[t],dot beta_N,0.012923573853570371,0.009020453615855155,0.016347325166752472,0.6979844521384533,1.2649229502593222,0.4361658970962384,0.8763749392649453,1.1160898586896408,0.633,0.6333333333333333,0.6533333333333333,0.0007377475592023279,0.0013369836767477348,1000,300
37,d[li]/d[betan],D_betaN l_i,0.0003354092992400774,0.0002915234669197507,0.00029040196381292034,0.8691573775093387,0.8658136923182266,0.07583219687396726,0.9129787279889746,0.9430037332688388,0.972,0.9933333333333333,0.9866666666666667,2.3842562173616096e-05,2.375083882854533e-05,1000,300
38,d[pcdiamag3]/d[kappa],D_kappa W_dia,0.11342065026503056,0.08615424236032834,0.12700678702922433,0.7595992630884352,1.1197853894546272,1.127571707481823,0.9577251485786332,1.030961282564683,1.0,1.0,1.0,0.007046217931273341,0.010387387499919791,1000,300
38,d[kappa]/d[t],dot kappa,0.007967901559020307,0.00713020853154383,0.010542703259293823,0.8948665440616368,1.3231467759988367,0.34611751503449706,0.9307654755450758,1.0999447241731748,1.0,1.0,1.0,0.0005831518197160409,0.0008622463933817468,1000,300
38,r[q95]/r[kappa],q95 / kappa,0.00024328119540209487,0.00019799018774161462,0.00028113798712298864,0.8138326820302599,1.1556091980653256,0.05765699199972665,0.9227794493906439,1.0433531622050467,0.835,0.87,0.7866666666666666,1.6192841731999687e-05,2.2993174471235018e-05,1000,300
38,d[pcdiamag3]/d[betan],D_betaN W_dia,0.17663347021948603,0.13407489673334844,0.19685611668516748,0.7590571400015297,1.1144893232327522,1.4069385943222197,0.9584292942764168,1.0268430445326784,1.0,1.0,1.0,0.0109654604998437,0.016100090503570853,1000,300
38,d[kappa]/d[betan],D_betaN kappa,0.12103418017228433,0.09977855182249934,0.13358898844387768,0.8243832583528968,1.1037294444736387,1.273154976680746,0.9668367493662766,1.0360848921473842,1.0,1.0,1.0,0.008160496822289061,0.010925719964631242,1000,300
38,d[betan]/d[t],dot beta_N,0.008109420465459316,0.007301205279460531,0.011284597231946325,0.9003362583749062,1.3915417605994325,0.3491144878165031,0.9676640348055188,1.1428910039449027,0.848,0.8633333333333333,0.85,0.0005971369737647625,0.0009229229946725361,1000,300
38,d[li]/d[betan],D_betaN l_i,0.0006248337322948213,0.0005641079764988922,0.000647176369811563,0.9028129362144034,1.0357577325966125,0.08568398793163046,0.9760149968625056,1.0170278237623882,0.972,0.99,0.95,4.613618122897118e-05,5.293001965695938e-05,1000,300
39,d[pcdiamag3]/d[kappa],D_kappa W_dia,0.0838291119503045,0.05001811359760188,0.11330348842904316,0.5966675828231793,1.3516007242950592,0.9794354445675587,0.8423545578002041,1.0860793768301522,1.0,1.0,1.0,0.004090785540726634,0.009266648396784795,1000,300
39,d[kappa]/d[t],dot kappa,0.005508651943351424,0.0036310642858405407,0.011251633558457076,0.6591566000503978,2.042538478408869,0.29925294980126227,0.7977086497262125,1.3730303036785254,1.0,1.0,1.0,0.0002969705214687972,0.0009202270249691622,1000,300
39,r[q95]/r[kappa],q95 / kappa,0.00014025085208934116,0.00019159113761004317,0.00016475575409622334,1.3660604178575524,1.1747219474379542,0.045419232910733395,1.0679029698147018,1.1787839597741074,0.524,0.5033333333333333,0.5266666666666666,1.5669488493146787e-05,1.3474727616290138e-05,1000,300
39,d[pcdiamag3]/d[betan],D_betaN W_dia,0.12251257433219791,0.07344479929074986,0.16514637136943128,0.5994878459708246,1.3479952753390854,1.1842150481446452,0.8443962792388482,1.0945804713047647,1.0,1.0,1.0,0.006006762378071255,0.013506674672631619,1000,300
39,d[kappa]/d[betan],D_betaN kappa,0.10641220314417894,0.06964185886146133,0.13535438318339868,0.6544536886159842,1.2719817763758325,1.1745642105394285,0.8630533373090509,1.0497016249700089,1.0,1.0,1.0,0.005695734780238695,0.01107010468357941,1000,300
39,d[betan]/d[t],dot beta_N,0.006442865804451678,0.003502764559240008,0.014036046558279756,0.5436656086829844,2.178540882937775,0.3340100912868771,0.6584045964783101,1.3639240920540052,0.798,0.8866666666666667,0.7633333333333333,0.00028647738950706315,0.0011479532549250237,1000,300
39,d[li]/d[betan],D_betaN l_i,0.00014213425170502827,0.00015671665798049983,0.00015624772476410286,1.102596004133715,1.0992967767429087,0.046346588889395426,0.9980597925969021,1.0345657238209685,0.934,0.9566666666666667,0.9233333333333333,1.2817241442075642e-05,1.2778889231581739e-05,1000,300
40,d[pcdiamag3]/d[kappa],D_kappa W_dia,0.042316616599455945,0.027643085395052877,0.04382320036119324,0.6532442245254617,1.035602651695851,0.8026660174817541,0.7529647493850118,1.0405010191014994,1.0,1.0,1.0,0.0022608196491555738,0.0035841278587229785,1000,300
40,d[kappa]/d[t],dot kappa,0.003697173157597146,0.0029041838643384032,0.0029385179009646925,0.785514700162402,0.7948012645624863,0.2612750133623838,0.8644555945064726,0.87921083606605,1.0,1.0,1.0,0.00023752181970366725,0.00024032986603895201,1000,300
40,r[q95]/r[kappa],q95 / kappa,0.00010947481019679343,0.00012322163543474502,9.786592075963435e-05,1.1255706697571806,0.8939583506352669,0.04270206480215616,1.0940543494390307,0.8812992347181362,0.772,0.8033333333333333,0.7633333333333333,1.0077814781189817e-05,8.00407022132489e-06,1000,300
40,d[pcdiamag3]/d[betan],D_betaN W_dia,0.061266969109733546,0.0398507853401126,0.06305032356659923,0.6504448631812841,1.0291079268777206,0.963341365709018,0.7579253645768117,1.0422738921452877,1.0,1.0,1.0,0.0032592395980273353,0.0051566389340350115,1000,300
40,d[kappa]/d[betan],D_betaN kappa,0.07717580127354319,0.04938577477174854,0.07900471222141653,0.6399126922790834,1.0236979845714969,1.1495435775407856,0.7965270954913682,0.997672470357408,1.0,1.0,1.0,0.0040390690256566835,0.006461485872992518,1000,300
40,d[betan]/d[t],dot beta_N,0.002797041358261411,0.0023399704017557036,0.002436666055385664,0.8365877018029457,0.8711583932031132,0.22280151183811078,0.8496086260766571,0.8552750384018121,0.94,0.9733333333333334,0.95,0.00019137701118119479,0.00019928536983907744,1000,300
40,d[li]/d[betan],D_betaN l_i,0.00010230966835280708,9.592360455146014e-05,8.01156296426928e-05,0.9375810331109169,0.7830699769881002,0.0384642760815266,0.967693921820518,0.8835660825128007,0.775,0.7933333333333333,0.79,7.84521578863195e-06,6.552343456316416e-06,1000,300
41,d[pcdiamag3]/d[kappa],D_kappa W_dia,0.024706512508256825,0.016986884631134774,0.02458002356277666,0.6875468411601119,0.9948803399331293,0.4670460396441042,0.913928599820261,1.0030869466779748,1.0,1.0,1.0,0.0013892907395525868,0.002010303822936411,1000,300
41,d[kappa]/d[t],dot kappa,0.017500197884003574,0.011861287215453509,0.01780940288931429,0.677780176777062,1.0176686576552,0.40407514242845854,0.9197872123153639,1.0095808282371606,1.0,1.0,1.0,0.0009700882089585498,0.0014565612852715632,1000,300
41,r[q95]/r[kappa],q95 / kappa,2.9154003720512338e-05,2.3597186651993613e-05,3.060820928195328e-05,0.8093978061541843,1.0498801322583966,0.022057750391687118,0.8819844790270283,1.05284679344979,0.974,0.9933333333333333,0.9333333333333333,1.9299214427477166e-06,2.5033255145422458e-06,1000,300
41,d[pcdiamag3]/d[betan],D_betaN W_dia,0.0025865749627275963,0.0017720560625268244,0.0025721531577006223,0.6850975085052841,0.9944243622416549,0.151926643275613,0.9147644032054739,1.0089011585133976,1.0,1.0,1.0,0.00014492952245782542,0.000210366329100435,1000,300
41,d[kappa]/d[betan],D_betaN kappa,0.003297920851654142,0.0023069738269235196,0.003637339229702225,0.6995237092383245,1.1029188974859239,0.20342582266032502,0.9388581829993352,1.0353776120155456,1.0,1.0,1.0,0.00018867835060588922,0.00029748372454208304,1000,300
41,d[betan]/d[t],dot beta_N,0.01768139488853669,0.011998169524200299,0.018038257600551857,0.6785759607676103,1.0201829501724735,0.4090709126382897,0.9288589550055901,1.0106676191713742,1.0,1.0,1.0,0.0009812832766875634,0.0014752784154534316,1000,300
41,d[li]/d[betan],D_betaN l_i,7.347549812476317e-06,6.16834650245197e-06,7.930865543369362e-06,0.8395106749705825,1.0793891495505836,0.010299890528881615,0.9783574967652554,1.0510816219684487,0.923,0.9333333333333333,0.8866666666666667,5.044848929215124e-07,6.486344197478485e-07,1000,300
42,d[pcdiamag3]/d[kappa],D_kappa W_dia,0.02815298732700606,0.018850407891445053,0.026687559833610208,0.6695704321708906,0.9479477088390501,0.6341987264931144,0.8557109302598586,0.9655751313726636,0.994,1.0,1.0,0.001541701005749642,0.0021826709572238616,1000,300
42,d[kappa]/d[t],dot kappa,0.025626490329654847,0.01720055149095268,0.02548807646548063,0.6712019972180228,0.9945987974789492,0.6134325996272753,0.8497765687257752,0.97760361210111,0.996,0.9966666666666667,0.99,0.0014067657148726768,0.002084569912107242,1000,300
42,r[q95]/r[kappa],q95 / kappa,4.133125095692859e-05,4.5329121002160785e-05,3.880549697560809e-05,1.0967275355250772,0.9388899701111734,0.023109982287248133,1.0371435925532613,0.929029832276123,0.981,0.98,0.98,3.707291207767137e-06,3.1737495581228746e-06,1000,300
42,d[pcdiamag3]/d[betan],D_betaN W_dia,0.004347226183646401,0.002979858695243666,0.004180864740980046,0.6854620784290999,0.9617315879969205,0.2496788686052328,0.8656934736896184,0.9732248439998266,1.0,1.0,1.0,0.00024371096763025008,0.0003419365465824961,1000,300
42,d[kappa]/d[betan],D_betaN kappa,0.009640280883072562,0.008125070504629468,0.010937451988447873,0.8428250798061638,1.134557397352708,0.3763223991658457,0.888472579700176,1.03531795655683,0.994,0.99,0.99,0.0006645176826364015,0.0008945313453180595,1000,300
42,d[betan]/d[t],dot beta_N,0.02546855793037638,0.017193266451862258,0.02482717852958721,0.6750781296241287,0.9748168152063217,0.6163111580453531,0.8608250137372686,0.9665968250475846,1.0,1.0,1.0,0.0014061699000681748,0.0020305176593213925,1000,300
42,d[li]/d[betan],D_betaN l_i,2.1792071317313824e-05,2.163195396382662e-05,1.913623147747375e-05,0.9926524949760058,0.8781281594957884,0.01800048392518197,0.9985725102089112,0.9701723036681562,0.933,0.9466666666666667,0.93,1.7691927609426853e-06,1.5650773969972496e-06,1000,300
43,d[pcdiamag3]/d[kappa],D_kappa W_dia,0.013281169075128527,0.011224308436116487,0.01838567394348348,0.845129549411136,1.3843415319449621,0.4423928095665779,0.9577100254304054,1.1198615371869107,0.999,1.0,0.9966666666666667,0.0009179922102724554,0.001503692236968383,1000,300
43,d[kappa]/d[t],dot kappa,0.009009275895029497,0.00769701890228599,0.012106240693765915,0.8543437887758003,1.3437529092038398,0.3732036164397136,0.9747033314094542,1.1136153330356857,1.0,1.0,1.0,0.0006295090191822179,0.0009901219942246766,1000,300
43,r[q95]/r[kappa],q95 / kappa,8.818388330087159e-05,6.786483631241254e-05,9.59700408236651e-05,0.7695832137587637,1.0882945639423498,0.0362209102358218,0.9440731888118107,1.0170215156189575,0.992,0.9966666666666667,1.0,5.550399068306877e-06,7.849013629398788e-06,1000,300
43,d[pcdiamag3]/d[betan],D_betaN W_dia,0.003010624878070785,0.0025121007021623666,0.004172764795606932,0.8344117264360502,1.3860128593240246,0.2086769308137723,0.9606942468927802,1.1326329425201669,1.0,1.0,1.0,0.0002054548740468241,0.00034127408378592636,1000,300
43,d[kappa]/d[betan],D_betaN kappa,0.002121803962164343,0.001873381506102866,0.0022586597760526884,0.8829192232216996,1.0644997447119224,0.1864319881177945,0.9389924875187075,1.0641376130344824,1.0,1.0,1.0,0.00015321653349593178,0.00018472693367908605,1000,300
43,d[betan]/d[t],dot beta_N,0.009601798786099963,0.008393272921678165,0.012629614145449459,0.8741354728062705,1.315338347199351,0.38888833825465985,0.9747962621060636,1.0923678486072748,1.0,1.0,1.0,0.000686452907512682,0.0010329266582664225,1000,300
43,d[li]/d[betan],D_betaN l_i,7.592957399608412e-06,6.4398899588556136e-06,6.945006898222204e-06,0.8481398775117236,0.9146642780559227,0.010382072085465951,0.913862918881023,0.9449044032287067,0.987,1.0,0.9866666666666667,5.266933683164784e-07,5.68004903744636e-07,1000,300
44,d[pcdiamag3]/d[kappa],D_kappa W_dia,0.07921640851887118,0.05955051100536433,0.10802289589377839,0.7517446463276357,1.3636429360218323,0.8542107439888743,0.9314643698201946,1.1189482789123542,0.946,0.9433333333333334,0.9366666666666666,0.0048704029768788905,0.008834769422629205,1000,300
44,d[kappa]/d[t],dot kappa,0.052190733282794936,0.04026532250169634,0.06930068889159487,0.7715032912743172,1.3278351257509609,0.7148307848188877,0.9416739349773807,1.1233154027448085,1.0,1.0,1.0,0.003293142968321211,0.005667831825103522,1000,300
44,r[q95]/r[kappa],q95 / kappa,3.741260524591666e-05,6.202646352447116e-05,3.197758090879281e-05,1.6579028142190375,0.85472745612344,0.023217083711541645,1.4554347091411621,0.7866539294639661,0.957,0.93,0.9466666666666667,5.072901432661787e-06,2.615321054718416e-06,1000,300
44,d[pcdiamag3]/d[betan],D_betaN W_dia,0.02053239864203004,0.015396367882153005,0.027986957922159484,0.7498572451557839,1.36306324507405,0.43249864661595605,0.9222875437445298,1.1237027259062822,1.0,1.0,1.0,0.0012592086062805695,0.002288943635858828,1000,300
44,d[kappa]/d[betan],D_betaN kappa,0.003532791698558707,0.002704457600756204,0.004260455358684965,0.7655298787810095,1.2059741196807974,0.2215356957435417,0.9052963065343541,1.1685501669697116,1.0,1.0,1.0,0.00022118699113059226,0.000348445951369413,1000,300
44,d[betan]/d[t],dot beta_N,0.04990634805060576,0.03804025212558881,0.06658497271666047,0.7622327341406636,1.3341984600664898,0.7135614508573574,0.9394661509495339,1.116319582245721,1.0,1.0,1.0,0.0031111631800607377,0.005445724039301866,1000,300
44,d[li]/d[betan],D_betaN l_i,1.2560420703128183e-05,1.1285160496963413e-05,1.4112668583330907e-05,0.8984699448922785,1.1235824752124852,0.01428608591736903,0.9217634161104565,1.0655199848839838,0.851,0.86,0.79,9.229690619114175e-07,1.1542198701497025e-06,1000,300
45,d[pcdiamag3]/d[kappa],D_kappa W_dia,0.09243652663605514,0.07683627384342906,0.11860763856445301,0.831232810661006,1.283125219875903,0.8910165297009474,0.9266754241248176,1.0342757929593174,1.0,1.0,1.0,0.006284137793974737,0.009700454054757834,1000,300
45,d[kappa]/d[t],dot kappa,0.032063077410276634,0.026744247673026217,0.042286960178975326,0.8341135609289436,1.3188677941881464,0.5508578056144233,0.9346922532542227,1.0309255754840052,1.0,1.0,1.0,0.002187307233507363,0.0034584847931915827,1000,300
45,r[q95]/r[kappa],q95 / kappa,8.054831629986201e-05,7.475655542629484e-05,6.423410192319285e-05,0.9280958170248297,0.7974605165434463,0.03769163076784668,0.9197292318195824,0.7530490381084776,0.998,0.9966666666666667,0.99,6.1140457729513085e-06,5.253455527790168e-06,1000,300
45,d[pcdiamag3]/d[betan],D_betaN W_dia,0.039400579757657574,0.03278275388348406,0.05046217843840267,0.8320373478035605,1.2807471044533363,0.5811366363921647,0.92917919079305,1.0374349748334555,1.0,1.0,1.0,0.002681172997659518,0.004127103864214549,1000,300
45,d[kappa]/d[betan],D_betaN kappa,0.011010459270835481,0.00863979425735078,0.012249116074057358,0.7846897249995628,1.1124981958293814,0.38073012614299995,0.8773258920266185,0.9772391305837229,1.0,1.0,1.0,0.0007066149216894523,0.0010018072117945387,1000,300
45,d[betan]/d[t],dot beta_N,0.030879314134926318,0.025644743287279052,0.0405806084037584,0.8304829302627982,1.3141680617141476,0.5420973239160979,0.9239821651355894,1.0321259513735428,1.0,1.0,1.0,0.002097383077643243,0.0033189289669641555,1000,300
45,d[li]/d[betan],D_betaN l_i,1.586573058958926e-05,1.6773301451920592e-05,1.3620263260058533e-05,1.0572032190516873,0.8584706000866954,0.015073371872657983,1.0508112868184518,0.9053039362596965,0.884,0.91,0.87,1.3718226081412156e-06,1.1139479679979182e-06,1000,300
46,d[pcdiamag3]/d[kappa],D_kappa W_dia,0.04312035265963996,0.03214244509627083,0.04993703563714178,0.7454123891327935,1.1580850470149828,0.657479349265286,0.8894520890486559,1.06319611287797,1.0,1.0,1.0,0.0026288046506761625,0.0040841544920031635,1000,300
46,d[kappa]/d[t],dot kappa,0.020314661774581827,0.015741187012863665,0.023138289579731464,0.7748682792523477,1.1389945762563778,0.4765977606897712,0.8849021920345761,0.992538662539075,1.0,1.0,1.0,0.001287410011983817,0.0018923900491610982,1000,300
46,r[q95]/r[kappa],q95 / kappa,0.00015378978740636698,0.00013233290661073734,0.00018586839026618344,0.8604791569226051,1.2085873412065617,0.0467606584458724,0.9501458231792971,1.0880743393310381,0.993,0.9966666666666667,0.9866666666666667,1.0822989952813557e-05,1.520144740955391e-05,1000,300
46,d[pcdiamag3]/d[betan],D_betaN W_dia,0.013679578687158267,0.010249975874211273,0.01575670268351171,0.7492903187020999,1.1518412258049546,0.3701936367990248,0.8938241047546387,1.0584355897273614,1.0,1.0,1.0,0.0008383053674585335,0.001288678977895893,1000,300
46,d[kappa]/d[betan],D_betaN kappa,0.0021278739262186935,0.0015424957923718073,0.0020147337428822955,0.7248999921310547,0.9468294705140488,0.17913867814892104,0.828639773714149,0.9525711166414504,1.0,1.0,1.0,0.00012615468737647067,0.00016477717912560585,1000,300
46,d[betan]/d[t],dot beta_N,0.020017876820805865,0.015739883435124932,0.02249148785058409,0.7862913522759547,1.1235700994626585,0.47073963331046864,0.8828718675357998,0.9756184227717238,1.0,1.0,1.0,0.0012873033974679694,0.001839490669896225,1000,300
46,d[li]/d[betan],D_betaN l_i,2.1913220585824334e-05,2.1556496206658728e-05,1.9758331184093414e-05,0.9837210428394824,0.9016625879664206,0.01851459410111562,1.0095362294857597,0.9379910378136911,0.97,0.97,0.9533333333333334,1.7630213666265893e-06,1.6159564946218355e-06,1000,300
47,d[pcdiamag3]/d[kappa],D_kappa W_dia,0.05267710885630317,0.03183991934833643,0.06537863237562486,0.6044355895687424,1.2411203612933641,0.7295857217448188,0.9134028328522054,1.0157988757344787,1.0,1.0,1.0,0.0026040622550451745,0.0053470621892368056,1000,300
47,d[kappa]/d[t],dot kappa,0.019402830039793352,0.012140114275642757,0.02291694520394957,0.6256878120740398,1.1811135363732561,0.47464230005518404,0.8948497753921087,0.9740736897238608,1.0,1.0,1.0,0.0009928923817700607,0.001874287159890737,1000,300
47,r[q95]/r[kappa],q95 / kappa,0.00011250132956748658,0.00011032193255801748,0.00010685948725679474,0.980627811085897,0.9498508832528291,0.04374940032147376,0.9406530717794641,1.0163053169435634,0.997,1.0,0.99,9.02279862379685e-06,8.739618788432609e-06,1000,300
47,d[pcdiamag3]/d[betan],D_betaN W_dia,0.025677908506261057,0.015542936050535573,0.03190040254410877,0.6053038177445694,1.2423286941898124,0.5089997067455753,0.9136994543346443,1.01256651014039,1.0,1.0,1.0,0.0012711958425201013,0.002609008938654896,1000,300
47,d[kappa]/d[betan],D_betaN kappa,0.007156406997554248,0.004941132770456212,0.009157839927312627,0.690448820496777,1.2796700817103306,0.2892123812794069,0.9458399806561673,1.1433655702506218,1.0,1.0,1.0,0.0004041158899915395,0.000748983847338371,1000,300
47,d[betan]/d[t],dot beta_N,0.018035826398603735,0.011505706966099366,0.02145266440610771,0.6379362227056086,1.18944726634586,0.4619731351817433,0.9056024518481871,0.9870739780871317,1.0,1.0,1.0,0.0009410066935233968,0.001754529370471379,1000,300
47,d[li]/d[betan],D_betaN l_i,7.033745347896385e-05,6.118549611560322e-05,6.626663763339939e-05,0.8698850056307803,0.9421244920846907,0.03067818534136041,1.0068054582254025,0.8893067575446439,0.971,0.9866666666666667,0.9766666666666667,5.0041220031915755e-06,5.419688660075311e-06,1000,300
48,d[pcdiamag3]/d[kappa],D_kappa W_dia,0.0828948784530247,0.04952284971129551,0.1120345267208161,0.5974174838721715,1.3515253150929512,0.9237161332232502,0.9541607827139897,1.007788911635479,1.0,1.0,0.9966666666666667,0.004050279847904118,0.009162864990446978,1000,300
48,d[kappa]/d[t],dot kappa,0.046002841022768484,0.02822752125746891,0.06148379755803155,0.6136038694544557,1.3365217493328505,0.7062445451503744,0.9660440050181942,0.9888223406945414,1.0,1.0,1.0,0.002308618368529273,0.005028518909426004,1000,300
48,r[q95]/r[kappa],q95 / kappa,0.00016737260130262593,0.00020263838152489015,0.0001050443942147199,1.2107022293242624,0.6276080636686134,0.052009775664382106,1.0164957311792366,0.8642289071968297,0.99,1.0,0.97,1.6572999289961464e-05,8.591169440035966e-06,1000,300
48,d[pcdiamag3]/d[betan],D_betaN W_dia,0.028388330081161626,0.0170717262121758,0.03827909447071108,0.6013642283067762,1.3484095176176962,0.5425275262808928,0.956440369009402,1.011241484475289,1.0,1.0,1.0,0.0013962296000575472,0.0031306971596865964,1000,300
48,d[kappa]/d[betan],D_betaN kappa,0.004694478746268961,0.0042013110416277664,0.005570971607626587,0.8949472920645023,1.1867071742638602,0.27719415427224703,0.9202295141445701,1.0962093380668876,1.0,1.0,1.0,0.0003436087694040912,0.00045562794078203914,1000,300
48,d[betan]/d[t],dot beta_N,0.044075781818404935,0.027036596728311102,0.058656014716450156,0.6134116200071873,1.3307991894078413,0.6983578677115773,0.9583736808712803,0.9953995155247294,1.0,1.0,1.0,0.002211217317318717,0.004797245630035262,1000,300
48,d[li]/d[betan],D_betaN l_i,0.00010623955175239063,0.0001283565761398726,9.860836505657175e-05,1.2081807012799664,0.9281700028855105,0.04163824074973212,1.0489989120441499,0.9159531184020839,0.834,0.8566666666666667,0.83,1.0497781462820762e-05,8.064791831482776e-06,1000,300
49,d[pcdiamag3]/d[kappa],D_kappa W_dia,0.041282084142077576,0.03602658602478922,0.0494212787101734,0.8726930040837839,1.1971604568239274,0.6378908927623327,0.9335275386842874,1.022412798581878,1.0,1.0,1.0,0.0029464733191980667,0.004041972753676411,1000,300
49,d[kappa]/d[t],dot kappa,0.02103568086703205,0.018161951712444255,0.024589524510812765,0.8633878706968018,1.1689435995081308,0.4873042514774293,0.9034838025861298,0.9842155745228374,1.0,1.0,1.0,0.0014853948722329353,0.0020110808682516734,1000,300
49,r[q95]/r[kappa],q95 / kappa,0.000178627579283956,0.00011808413526561405,0.00022874071497950665,0.6610632901087528,1.2805453440976666,0.055267736171224845,0.8007672817419524,1.129656868249962,0.938,0.9866666666666667,0.86,9.657638771025985e-06,1.870780687455797e-05,1000,300
49,d[pcdiamag3]/d[betan],D_betaN W_dia,0.014716032670388637,0.012758734240029672,0.017663216782630303,0.866995509306159,1.200270288756014,0.37577693251439553,0.9443669187854773,1.0375498654791058,1.0,1.0,1.0,0.0010434868849110218,0.0014446052963614446,1000,300
49,d[kappa]/d[betan],D_betaN kappa,0.0027586411886075823,0.0028525668679194923,0.002875359609723394,1.0340478057457407,1.04231011325352,0.2042075206146617,1.0153923939403524,0.9979827863294736,1.0,1.0,1.0,0.00023330026780139112,0.0002351643968518195,1000,300
49,d[betan]/d[t],dot beta_N,0.020092339016370888,0.017404663911175886,0.023508749201359525,0.8662338365381387,1.1700354638753112,0.47118253639430785,0.9157205547450434,1.001405140941239,1.0,1.0,1.0,0.0014234592700125062,0.0019226884901573176,1000,300
49,d[li]/d[betan],D_betaN l_i,1.7738736183005228e-05,1.9280425958821528e-05,1.5889881604957632e-05,1.0869109140533546,0.89577303822699,0.01564335886868671,1.05835413373641,0.9649313151392601,0.527,0.5033333333333333,0.57,1.5768704986742859e-06,1.2995711600873994e-06,1000,300
50,d[pcdiamag3]/d[kappa],D_kappa W_dia,0.03264412598019827,0.017164497464483137,0.04260029627644135,0.5258066175487441,1.3049911736734023,0.7019295029577092,0.7041607197839391,1.145898905315775,0.992,1.0,0.9966666666666667,0.0014038169973070139,0.003484111324955931,1000,300
50,d[kappa]/d[t],dot kappa,0.008452021380748761,0.006151784996318202,0.009928154406008954,0.7278477797429823,1.1746485200123125,0.3601834253907663,0.8533115164543142,1.1257892389163497,1.0,1.0,1.0,0.0005031303922226311,0.0008119848504672533,1000,300
50,r[q95]/r[kappa],q95 / kappa,0.0015112910807880513,0.000704877087447845,0.004035261477889541,0.4664072304855344,2.670075625527668,0.1502794426789816,0.6791687953075336,1.4307971811633609,0.596,0.55,0.6066666666666667,5.764913528165119e-05,0.0003300282261663137,1000,300
50,d[pcdiamag3]/d[betan],D_betaN W_dia,0.07812990622187528,0.0414302714981183,0.10178215265427643,0.5302741741486745,1.3027297430158549,1.1120629963124757,0.6869474257440303,1.1314346831044417,0.998,1.0,1.0,0.0033884195824811546,0.008324363484233996,1000,300
50,d[kappa]/d[betan],D_betaN kappa,0.1097783697618976,0.06299242231343183,0.14515693119872666,0.5738145178331436,1.3222726071954152,1.335718998425483,0.754912937999375,1.1672150050251033,0.997,1.0,0.9833333333333333,0.005151903417394925,0.01187181667947733,1000,300
50,d[betan]/d[t],dot beta_N,0.00947613657639952,0.006348878998105674,0.011201910639872224,0.6699860166555288,1.182117896841079,0.3858474141623776,0.8083700233882377,1.1281249008755743,0.991,1.0,0.9833333333333333,0.0005192499384166882,0.0009161603822719574,1000,300
50,d[li]/d[betan],D_betaN l_i,0.0002765075250026849,0.00022371488651475513,0.0003158606275066662,0.8090734113387433,1.1423219946856753,0.06686113122429996,0.8513189463543462,0.962597489830951,0.924,0.9366666666666666,0.94,1.829676405556682e-05,2.58330031852913e-05,1000,300
51,d[pcdiamag3]/d[kappa],D_kappa W_dia,0.05344311502067324,0.04435824602311319,0.05953164234955064,0.8300086176854441,1.1139253826526054,0.9384198784840188,0.9757730770675872,1.0461332259740326,1.0,1.0,1.0,0.0036278871471083682,0.004868859783447075,1000,300
51,d[kappa]/d[t],dot kappa,0.014023654624816952,0.012252282158819747,0.015912992432949562,0.8736868160698641,1.134725066944329,0.44804042386007825,0.9620162184850044,0.9776794133165788,1.0,1.0,1.0,0.0010020661534625688,0.0013014613041608886,1000,300
51,r[q95]/r[kappa],q95 / kappa,0.0004852771761415604,0.00018338670838982928,0.0006538485245713136,0.37790095517769307,1.3473712688696062,0.09690391937892978,0.6349178272427778,0.9213436083295357,0.671,0.74,0.6333333333333333,1.4998480372089313e-05,5.347570905333012e-05,1000,300
51,d[pcdiamag3]/d[betan],D_betaN W_dia,0.11361135314366107,0.09464439559582809,0.12592438568908038,0.8330540300505941,1.108378539685638,1.365779854967736,0.979840705224663,1.0346112245926664,0.997,1.0,0.9966666666666667,0.007740594300077481,0.010298862135146013,1000,300
51,d[kappa]/d[betan],D_betaN kappa,0.16974676745965556,0.1385143284447831,0.19488606245043008,0.8160056919947203,1.1480988142925872,1.7322093806725904,0.9561999463349323,1.0306865525811713,0.996,0.9966666666666667,0.9933333333333333,0.011328544225877119,0.015938967486362594,1000,300
51,d[betan]/d[t],dot beta_N,0.013799934948279136,0.012777093845444813,0.01596978307444885,0.9258807301144654,1.1572361126557555,0.4706376970795951,0.9622744266425931,1.0023001392260105,0.978,0.9866666666666667,0.96,0.001044988445105193,0.001306105988224004,1000,300
51,d[li]/d[betan],D_betaN l_i,0.00018093111903545405,0.00018185739513570056,0.0001318165321293099,1.0051194957793026,0.7285453869518157,0.05547546642642672,1.0276254799923321,0.784000337468883,0.972,0.9666666666666667,0.9966666666666667,1.4873403832866703e-05,1.078075770712717e-05,1000,300
52,d[pcdiamag3]/d[kappa],D_kappa W_dia,0.07697160963442237,0.05442045720880345,0.07452792881486635,0.7070198670298581,0.968252179847059,0.9341383339450657,0.9126430160325004,1.034553869017178,1.0,1.0,1.0,0.004450835976352761,0.006095347298159131,1000,300
52,d[kappa]/d[t],dot kappa,0.012552044301700422,0.009359745227389056,0.013387812862379764,0.7456749675525838,1.0665842583559175,0.3809917009941396,0.933341854140582,0.9941962107480489,1.0,1.0,1.0,0.0007654968907688679,0.0010949367607098837,1000,300
52,r[q95]/r[kappa],q95 / kappa,0.0001658711383800667,0.00013370529913612738,0.0001341945176768154,0.8060793483539219,0.8090287375331717,0.05677627646854007,0.7858683384890627,0.8975256606739475,0.819,0.83,0.76,1.0935232560446327e-05,1.0975243828136315e-05,1000,300
52,d[pcdiamag3]/d[betan],D_betaN W_dia,0.17682854097491454,0.1259192902519433,0.17086673732293797,0.7120982255336631,0.9662848337767921,1.4115757468186458,0.9166297509001465,1.0356588752345486,1.0,1.0,1.0,0.010298445399306437,0.013974520991637781,1000,300
52,d[kappa]/d[betan],D_betaN kappa,0.25186094336038883,0.1811823137608044,0.23650922874460667,0.7193743950269809,0.9390468628801436,1.7603143149808402,0.9114119136899788,1.0344082680466773,1.0,1.0,1.0,0.01481819157217538,0.019343163178453658,1000,300
52,d[betan]/d[t],dot beta_N,0.009629650311002224,0.006663825022343655,0.010235036351106902,0.6920111122550311,1.0628668768390273,0.39110306843095843,0.8859756315510263,1.0053288400991096,0.994,0.9966666666666667,0.9766666666666667,0.0005450081397840393,0.0008370835223967149,1000,300
52,d[li]/d[betan],D_betaN l_i,0.0002767633691774458,0.0002765765108825082,0.0002550763827086594,0.9993248445576705,0.9216406906259265,0.05211749071057917,1.0041572255473699,0.942762775553554,0.808,0.82,0.75,2.262010920134007e-05,2.0861697955267667e-05,1000,300
53,d[pcdiamag3]/d[kappa],D_kappa W_dia,0.06608224641982983,0.04441821763048012,0.07815592397154728,0.6721656728841348,1.182706826808091,0.8673554765385144,0.9641275927563451,1.0098056380904292,1.0,1.0,1.0,0.0036327919899068087,0.006392066807578778,1000,300
53,d[kappa]/d[t],dot kappa,0.011355398064901897,0.007812543139737279,0.011659172058059527,0.6880025777242336,1.026751505444495,0.3781812936688975,0.9525984246909299,0.947717055641414,1.0,1.0,1.0,0.0006389572939406619,0.0009535580021202689,1000,300
53,r[q95]/r[kappa],q95 / kappa,0.00030592285417907657,0.0002070883505416654,0.0004731598092250083,0.6769299766680494,1.546663816584416,0.05370897777398853,1.353654104488535,1.2678360756735207,0.753,0.8366666666666667,0.6833333333333333,1.6936944820913644e-05,3.869788696156344e-05,1000,300
53,d[pcdiamag3]/d[betan],D_betaN W_dia,0.16185602898588353,0.10874779939623261,0.1932656304368871,0.6718798186116205,1.1940588907796756,1.3793511081649068,0.9482257212476384,1.0192201526869404,1.0,1.0,1.0,0.008894056439930952,0.015806438700809795,1000,300
53,d[kappa]/d[betan],D_betaN kappa,0.24634570717094467,0.16614596325743486,0.2781302702664657,0.6744422915482045,1.1290242215321618,1.6698982817749628,0.9833219683169326,0.9536988447831223,1.0,1.0,1.0,0.013588427376761362,0.022747185093741705,1000,300
53,d[betan]/d[t],dot beta_N,0.014955767772701816,0.010026796820128574,0.0159425233466691,0.6704300957674736,1.0659782626317835,0.4353772611162845,0.9673946123189161,0.9221954456551017,0.982,0.9833333333333333,0.9866666666666667,0.000820052427038199,0.0013038765218922129,1000,300
53,d[li]/d[betan],D_betaN l_i,0.0001509410322521566,0.00018793848785922038,0.000125510712258265,1.2451119821763057,0.8315214914430382,0.05251324778287495,0.9966238020601061,1.0059598996985657,0.945,0.9466666666666667,0.9633333333333334,1.5370752581068705e-05,1.0265029406007593e-05,1000,300
54,d[pcdiamag3]/d[kappa],D_kappa W_dia,0.09057271630043487,0.07177704045082395,0.07990266038931604,0.7924797155551282,0.8821934866596509,1.0040900030499103,0.9856442813277283,1.0245899632356454,1.0,1.0,1.0,0.005870362916814583,0.006534925535493933,1000,300
54,d[kappa]/d[t],dot kappa,0.016821688695383998,0.015571838848817337,0.01444156916498381,0.92570009651233,0.8585088825800639,0.46416603437693826,0.9967600122833757,0.9585444594824909,1.0,1.0,1.0,0.0012735596891507196,0.0011811193600942168,1000,300
54,r[q95]/r[kappa],q95 / kappa,0.00019958744726792768,0.00010826286506332311,0.00011706317742721517,0.542433236885836,0.5865257511413966,0.05024548787670686,0.7766175237830693,0.8856715101482172,0.8,0.7733333333333333,0.7833333333333333,8.85439556080969e-06,9.57413862952497e-06,1000,300
54,d[pcdiamag3]/d[betan],D_betaN W_dia,0.20235299115354285,0.16065201731054135,0.17874501344067786,0.7939196569060878,0.8833326970939038,1.507879084324416,0.9838261779920955,1.0214781609412245,1.0,1.0,1.0,0.013139099062984987,0.014618854328308188,1000,300
54,d[kappa]/d[betan],D_betaN kappa,0.292819785445532,0.23963474954096906,0.25018521933564264,0.8183693911815395,0.8543999817327238,1.9181166778442933,0.9772573474608641,1.0017755014248548,1.0,1.0,1.0,0.019598787278631895,0.02046166886651315,1000,300
54,d[betan]/d[t],dot beta_N,0.014190103994928444,0.011839675656628947,0.011693087309850672,0.8343614437822624,0.824031121549905,0.47494413722066486,0.9750904361269741,0.9809922823285998,0.984,0.9866666666666667,0.9733333333333334,0.0009683206842361396,0.0009563317976846817,1000,300
54,d[li]/d[betan],D_betaN l_i,0.00019798095559304604,0.00018710767601316916,0.00019109904431417851,0.9450791640675422,0.9652395289321998,0.04745817760385451,1.0092998646472373,0.9593162643260693,0.974,0.98,0.9966666666666667,1.530280373529189e-05,1.5629242110494158e-05,1000,300
55,d[pcdiamag3]/d[kappa],D_kappa W_dia,0.0658167378644114,0.04733006420240308,0.07622459757343207,0.7191189618043272,1.15813393441744,0.9236793604935629,0.8911913610274144,1.02806188787521,1.0,1.0,1.0,0.003870940512441412,0.006234111188392609,1000,300
55,d[kappa]/d[t],dot kappa,0.01929902498102733,0.015381686379136391,0.02145501538551671,0.7970188335554758,1.111714991125661,0.5221102640947047,0.9373731951007197,1.0050782697441163,1.0,1.0,1.0,0.0012580078636708087,0.0017547216478661296,1000,300
55,r[q95]/r[kappa],q95 / kappa,0.00021660331706476726,8.607675662065658e-05,0.0005115316093662064,0.3973935292732313,2.3616056129613736,0.05503690293028034,0.6236565549497146,1.2433451031186624,0.746,0.7666666666666667,0.68,7.0398806762138664e-06,4.1836166154819365e-05,1000,300
55,d[pcdiamag3]/d[betan],D_betaN W_dia,0.1676770626901979,0.12078770470108353,0.19336942684031141,0.7203591401422168,1.1532252756453818,1.4735966774912712,0.8947675220647187,1.0257143916636164,1.0,1.0,1.0,0.0098787531225976,0.0158149278019727,1000,300
55,d[kappa]/d[betan],D_betaN kappa,0.2750837467866433,0.20300673317857076,0.3164816995204873,0.7379815621605011,1.1504921799903813,1.9848461687903316,0.9147243247754943,1.0291959422519705,1.0,1.0,1.0,0.016603125328518254,0.025883798231948384,1000,300
55,d[betan]/d[t],dot beta_N,0.016092342068020057,0.011987255901586252,0.017703847906550114,0.7449043682341461,1.1001411622819381,0.5262854309670828,0.8944938083177577,1.0143223065246025,0.967,0.99,0.94,0.0009803906942534143,0.0014479283567945475,1000,300
55,d[li]/d[betan],D_betaN l_i,0.0001765900793029338,0.0001799750763419979,0.00020198222228742246,1.0191686704735958,1.1437914467489951,0.04687620685368783,0.996544584635975,0.9518991681509391,0.708,0.74,0.7,1.471945635363418e-05,1.6519334596753684e-05,1000,300
56,d[pcdiamag3]/d[kappa],D_kappa W_dia,0.03774419696682697,0.03050114166459594,0.043344478371832036,0.8081014862073529,1.14837463385238,0.8141617858304361,0.9878354042962592,1.0056403784569548,1.0,1.0,1.0,0.002494568873608341,0.0035449750628406365,1000,300
56,d[kappa]/d[t],dot kappa,0.007220355761993151,0.007122345259344768,0.0057169317065322205,0.9864258069991101,0.7917797813544417,0.3441257595601642,1.0192321824492747,0.8820407947422618,1.0,1.0,1.0,0.000582508713491094,0.00046756544540146205,1000,300
56,r[q95]/r[kappa],q95 / kappa,0.00043754612410557985,8.182301088066276e-05,0.0004950312199254364,0.18700430965517792,1.1313806537250584,0.08368196898022905,0.38251713871084575,1.226498153584921,0.887,0.94,0.8333333333333334,6.69198347826899e-06,4.048666395080389e-05,1000,300
56,d[pcdiamag3]/d[betan],D_betaN W_dia,0.09690297330137441,0.0787412661100047,0.11070086518385916,0.8125784320891203,1.1423887359944305,1.3052705108217697,0.9922416644570414,1.0016461865271733,1.0,1.0,1.0,0.006439939647719124,0.009053790038610565,1000,300
56,d[kappa]/d[betan],D_betaN kappa,0.1351858841917281,0.11345926552428702,0.1477313590207448,0.8392833778663814,1.0928016627181578,1.5905542034998297,1.0200862641099433,0.9671993015642322,1.0,1.0,1.0,0.009279388795071838,0.012082369044460186,1000,300
56,d[betan]/d[t],dot beta_N,0.007131355979012746,0.006780916147233996,0.0065981225594054435,0.9508592990154919,0.9252269244199022,0.37191109534171196,1.0468987734629305,0.9365858227731214,0.977,0.9766666666666667,0.96,0.0005545845641270756,0.0005396345927618532,1000,300
56,d[li]/d[betan],D_betaN l_i,0.00031268834310254164,0.00026311109197122817,0.00029092355959451,0.8414483551276636,0.9303946437782805,0.0675606098012104,0.9555762347264779,0.8822328450493386,0.815,0.8133333333333334,0.83,2.151882534595028e-05,2.3793498103914988e-05,1000,300
57,d[pcdiamag3]/d[kappa],D_kappa W_dia,0.035736020772025874,0.0290118126854921,0.042540767154536446,0.8118366863107076,1.190417014415811,0.7787133878916086,0.9815078891829395,1.054492170054173,1.0,1.0,1.0,0.0023727624915820655,0.0034792426713097764,1000,300
57,d[kappa]/d[t],dot kappa,0.007193732659469336,0.008847025158571402,0.006285472671167798,1.2298240117285684,0.8737428771270827,0.35105885636739853,1.060401963066727,0.9328443411659826,1.0,1.0,1.0,0.0007235635251718858,0.0005140641833617337,1000,300
57,r[q95]/r[kappa],q95 / kappa,0.0006014596514936114,0.0002605384469023559,0.0008788764064181243,0.43317693257620504,1.4612391774503923,0.11348922831635827,0.4337265036472862,1.1220985487362105,0.731,0.7566666666666667,0.67,2.130841878536242e-05,7.187985785280444e-05,1000,300
57,d[pcdiamag3]/d[betan],D_betaN W_dia,0.08765095706644531,0.07130318146005235,0.10458498877518889,0.8134900501542699,1.1931984803760494,1.2228570506206828,0.9753985482473357,1.0481227236600366,1.0,1.0,1.0,0.00583160784653371,0.008553596469082204,1000,300
57,d[kappa]/d[betan],D_betaN kappa,0.11813853679487918,0.10214129615126875,0.13497752915557507,0.8645891418869863,1.1425359820558214,1.4872945464039047,1.0417629147688594,1.0450634861589085,1.0,1.0,1.0,0.008353736423732711,0.01103928326915367,1000,300
57,d[betan]/d[t],dot beta_N,0.00624835087907661,0.00745122874125426,0.0058770655230281545,1.192511253842296,0.9405786641573297,0.3608965907740122,1.0624918751922872,0.9397942011456651,0.979,0.9833333333333333,0.9433333333333334,0.0006094068049145915,0.00048066216285012545,1000,300
57,d[li]/d[betan],D_betaN l_i,0.0008078987600546219,0.0006081088559637179,0.0008918719369473773,0.752704281811998,1.103940222518819,0.0902781037020924,0.9233266457086124,0.9376113061542058,0.849,0.8266666666666667,0.8166666666666667,4.973484076543548e-05,7.294271137844577e-05,1000,300
58,d[pcdiamag3]/d[kappa],D_kappa W_dia,0.034684577311212696,0.02554727987144652,0.0318832791492842,0.7365602193222547,0.919235049722722,0.8575005858604633,0.9700703939248859,1.018385335890018,1.0,1.0,1.0,0.0020894119267228957,0.0026076084832814673,1000,300
58,d[kappa]/d[t],dot kappa,0.006390152058314565,0.0061415873275060635,0.00603975652338274,0.96110190672457,0.9451663228458067,0.32919466969718025,0.968852912801204,0.9513500318864349,1.0,1.0,1.0,0.000502296364844841,0.0004939680223475696,1000,300
58,r[q95]/r[kappa],q95 / kappa,0.0024938943710515983,0.0007667793449856685,0.004297701166170052,0.30746263911022875,1.723289172170449,0.2193799447591424,0.3951719998426811,1.1136560995142506,0.68,0.62,0.7733333333333333,6.271187839330276e-05,0.0003514921400349525,1000,300
58,d[pcdiamag3]/d[betan],D_betaN W_dia,0.08442351286206908,0.061907369451779194,0.07806348326872689,0.733295350466206,0.9246651865371537,1.3245520321686866,0.9797123203390641,1.0193900567331686,1.0,1.0,1.0,0.0050631611950655835,0.0063845064446767606,1000,300
58,d[kappa]/d[betan],D_betaN kappa,0.11568550260268108,0.08744665286932586,0.1055449469651009,0.7558998396684083,0.9123437646944608,1.6138170823082447,0.9932888535907939,0.9866774395902125,1.0,1.0,1.0,0.007151919123154029,0.008632107688329435,1000,300
58,d[betan]/d[t],dot beta_N,0.0052878142220673,0.004511145487749443,0.004652290102236018,0.8531210247370955,0.8798134554010825,0.3554504825266036,0.9313862279670277,0.9464832104735345,0.972,0.9866666666666667,0.9766666666666667,0.0003689489148244168,0.00038049257984022023,1000,300
58,d[li]/d[betan],D_betaN l_i,9.856253483670265e-05,9.010626810261532e-05,9.266530546806814e-05,0.9142040457046121,0.9401676369382649,0.03864775977180584,0.9118286891221429,0.9065651331471003,0.85,0.8466666666666667,0.85,7.369438632741421e-06,7.578732272581438e-06,1000,300
59,d[pcdiamag3]/d[kappa],D_kappa W_dia,0.04169053396595445,0.031772340817562104,0.05148968212750508,0.7620996373783124,1.2350449185791879,0.9358639262155005,0.8132341996766956,1.0503260593218648,1.0,1.0,1.0,0.002598535271785086,0.004211139365198035,1000,300
59,d[kappa]/d[t],dot kappa,0.011353258636832791,0.010592260929390784,0.01103898847855462,0.93297098817311,0.972318946627482,0.452303213488904,0.9635958380595749,0.9367548788500868,1.0,1.0,1.0,0.0008662995210525687,0.0009028356170250342,1000,300
59,r[q95]/r[kappa],q95 / kappa,0.0012496631930914107,0.0003906792806144367,0.0022269470502372353,0.31262766061627867,1.7820378023043348,0.15585522787529157,0.5068371016804881,1.2447818549650476,0.685,0.56,0.7133333333333334,3.1952127684312466e-05,0.00018213327408475255,1000,300
59,d[pcdiamag3]/d[betan],D_betaN W_dia,0.12259939255203593,0.09320889722351491,0.15123467673867744,0.7602720966496913,1.233567912455093,1.5794945782447751,0.8277682077254901,1.0586371176846845,1.0,1.0,1.0,0.007623190512472886,0.012368891674649449,1000,300
59,d[kappa]/d[betan],D_betaN kappa,0.17426642151957036,0.13896303737401208,0.20479174350204166,0.7974171740159727,1.1751646801276818,1.963798536680031,0.8930299495290891,1.0132336531428192,1.0,1.0,1.0,0.011365242371162088,0.016749114329224043,1000,300
59,d[betan]/d[t],dot beta_N,0.010157263851467951,0.008202658902332237,0.011331978565397883,0.807565799439853,1.115652672915468,0.4777097931793603,0.8926521128919419,0.9658222380496353,0.974,0.99,0.9633333333333334,0.0006708633336940185,0.0009267981282959936,1000,300
59,d[li]/d[betan],D_betaN l_i,0.00013832064839706452,0.00015647830066155074,0.00016378637539963533,1.1312721742914529,1.184106475046796,0.04413564154616122,1.138262276710716,1.028571496231589,0.965,0.9466666666666667,0.9333333333333333,1.2797747130840161e-05,1.3395445930711322e-05,1000,300
60,d[pcdiamag3]/d[kappa],D_kappa W_dia,0.039821542742275055,0.018485004508630762,0.0485983962220796,0.46419609175530124,1.2204046572632388,0.915044776093526,0.5463204671819806,1.0263294271398313,1.0,1.0,1.0,0.0015118160947157127,0.003974672419019794,1000,300
60,d[kappa]/d[t],dot kappa,0.008411491328269259,0.006585231363863379,0.012232493457166153,0.7828851159522446,1.4542597715170087,0.3769076693505885,0.839673176272721,1.10842775389172,1.0,1.0,1.0,0.0005385802723860306,0.0010004477130862379,1000,300
60,r[q95]/r[kappa],q95 / kappa,0.0005954587505338313,0.0004685241894935509,0.0012081062834792416,0.7868289601479818,2.0288664536312035,0.10080383655257087,0.7063784101911156,1.122512050332973,0.67,0.65,0.68,3.831875778603487e-05,9.880627957858096e-05,1000,300
60,d[pcdiamag3]/d[betan],D_betaN W_dia,0.0856105725868594,0.04010961165867828,0.10451100171476356,0.46851236297927545,1.2207721377955745,1.333442178064904,0.554909543472176,1.0287933716559672,1.0,1.0,1.0,0.0032804079885441415,0.00854754535729051,1000,300
60,d[kappa]/d[betan],D_betaN kappa,0.12383839802084053,0.06119695663350277,0.15921717420154263,0.4941678640190747,1.2856850277952423,1.6595771577209262,0.5954881612283568,1.0630329368027465,1.0,1.0,1.0,0.005005059314048396,0.013021748866799568,1000,300
60,d[betan]/d[t],dot beta_N,0.006035054185887951,0.003579822656048647,0.008409522293945558,0.5931715848416927,1.393446029632996,0.38693382688027056,0.5987368845677371,1.0835426630795377,0.981,1.0,0.9566666666666667,0.0002927796693322625,0.0006877818800055695,1000,300
60,d[li]/d[betan],D_betaN l_i,8.983034564945615e-05,7.911522771027252e-05,9.510701441836073e-05,0.8807182822050235,1.0587403814463285,0.03338877999457635,0.9684025702641542,0.9660650645275621,0.922,0.94,0.9066666666666666,6.470524501827575e-06,7.778430081036947e-06,1000,300
61,d[pcdiamag3]/d[kappa],D_kappa W_dia,0.09605183527840216,0.06539547828865945,0.1098706674893777,0.6808352812740479,1.1438684869573,1.0255690759369733,0.975668210205168,1.0006058487969611,1.0,1.0,1.0,0.005348439950461803,0.0089858914218844,1000,300
61,d[kappa]/d[t],dot kappa,0.015518455378764905,0.011645426317931497,0.018829934262470975,0.7504243195406438,1.213389722293974,0.44549093014069974,0.9986940183777036,0.9862061241216932,1.0,1.0,1.0,0.0009524337918908566,0.0015400265478513063,1000,300
61,r[q95]/r[kappa],q95 / kappa,0.00013649523813695646,0.00011576631971447457,0.00025713820991656245,0.8481344938811497,1.8838621290110895,0.04651396824865146,0.9022188192717366,0.9992708792125937,0.839,0.9066666666666666,0.7866666666666666,9.46807371827423e-06,2.103032672438564e-05,1000,300
61,d[pcdiamag3]/d[betan],D_betaN W_dia,0.19870668610765257,0.13527861627123278,0.22796706340098621,0.6807954926989391,1.14725411543264,1.4792253887691162,0.9771632749875759,1.003353299554,1.0,1.0,1.0,0.011063908004687295,0.018644532943109197,1000,300
61,d[kappa]/d[betan],D_betaN kappa,0.29958398358825045,0.20450064987039535,0.33956731870055795,0.6826154303077228,1.1334628595074054,1.8797553674595386,0.9724449393063945,0.991376531303972,0.996,1.0,0.9966666666666667,0.016725306921593353,0.02777188057548327,1000,300
61,d[betan]/d[t],dot beta_N,0.015972051631519362,0.011555076039049454,0.018057848285162967,0.7234559658100894,1.1305904026460496,0.4785076731430513,0.9700716388859605,0.9782505137151237,0.969,0.9833333333333333,0.9733333333333334,0.0009450443965724974,0.0014768806607916866,1000,300
61,d[li]/d[betan],D_betaN l_i,6.436098423619183e-05,6.188360630310511e-05,5.677960198165081e-05,0.96150807880757,0.8822053089381158,0.028488616798660136,0.9609847565929603,0.8682853183792828,0.941,0.9266666666666666,0.9566666666666667,5.061217700239287e-06,4.643781184220566e-06,1000,300
