support_id,support_size,FIT,BLOCK_WORST,b_star,SHOT_P90,block_worst_equivalent,in_E2
"ID(pcdiamag3)|PROD(ece37,ece39)|PROD(fs03da,ece39)|PROD(gasa,gasa)|PROD(ip,prmtan_neped)|PROD(prmtan_neped,ece39)|RATIO(cerqrott12,cerqtit10)|RATIO(cerqtit6,ece22)|RATIO(cerqtit8,ece22)|RATIO(ip,bt)|RATIO(prmtan_neped,cerqtit10)|RECIP(bt)",12,0.1712190138796965,0.18398976661264896,A,0.2690130511919657,True,False
"ID(pcdiamag3)|PROD(bt,bt)|PROD(ece37,ece39)|PROD(fs03da,ece39)|PROD(gasa,gasa)|PROD(ip,prmtan_neped)|PROD(prmtan_neped,ece39)|RATIO(cerqrott12,cerqtit10)|RATIO(cerqtit6,ece22)|RATIO(cerqtit8,ece22)|RATIO(ip,bt)|RATIO(prmtan_neped,cerqtit10)",12,0.17119855017711721,0.18399301152676345,A,0.2689729144175847,True,False
"ID(pcdiamag3)|LEVEL_RATE(cerqrott12|ece33)|PROD(ece37,ece39)|PROD(fs03da,ece39)|PROD(gasa,gasa)|PROD(ip,prmtan_neped)|PROD(prmtan_neped,ece39)|RATIO(cerqrott12,cerqtit10)|RATIO(cerqtit8,ece22)|RATIO(ip,bt)|RATIO(prmtan_neped,cerqtit10)|RECIP(bt)",12,0.17382308542728425,0.1849988516420126,A,0.25574650565783186,True,False
"ID(pcdiamag3)|LEVEL_RATE(cerqrott12|ece33)|PROD(bt,bt)|PROD(ece37,ece39)|PROD(fs03da,ece39)|PROD(gasa,gasa)|PROD(ip,prmtan_neped)|PROD(prmtan_neped,ece39)|RATIO(cerqrott12,cerqtit10)|RATIO(cerqtit8,ece22)|RATIO(ip,bt)|RATIO(prmtan_neped,cerqtit10)",12,0.17381595397988953,0.18501444384455681,A,0.2556438609957695,True,False
"ID(pcdiamag3)|LEVEL_RATE(cerqrott12|cerqtit8)|PROD(ece37,ece39)|PROD(fs03da,ece39)|PROD(gasa,gasa)|PROD(ip,prmtan_neped)|PROD(prmtan_neped,ece39)|RATIO(cerqrott12,cerqtit10)|RATIO(cerqtit8,ece22)|RATIO(ip,bt)|RATIO(prmtan_neped,cerqtit10)|RECIP(bt)",12,0.17509992035726707,0.1887953918427229,A,0.2584298317631086,True,False
"ID(pcdiamag3)|LEVEL_RATE(cerqrott12|cerqtit8)|PROD(bt,bt)|PROD(ece37,ece39)|PROD(fs03da,ece39)|PROD(gasa,gasa)|PROD(ip,prmtan_neped)|PROD(prmtan_neped,ece39)|RATIO(cerqrott12,cerqtit10)|RATIO(cerqtit8,ece22)|RATIO(ip,bt)|RATIO(prmtan_neped,cerqtit10)",12,0.1750855283190807,0.18881324846297504,A,0.25842654258012776,True,False
"ID(pcdiamag3)|PROD(bt,bt)|PROD(ece37,ece39)|PROD(fs03da,ece39)|PROD(gasa,gasa)|PROD(ip,prmtan_neped)|PROD(prmtan_neped,ece39)|RATIO(cerqrott12,cerqtit10)|RATIO(cerqtit8,ece22)|RATIO(gasc,cerqtit10)|RATIO(ip,bt)|RATIO(prmtan_neped,cerqtit10)",12,0.17538720984011888,0.18892441112548114,A,0.26215100636084876,True,False
"ID(pcdiamag3)|PROD(ece37,ece39)|PROD(fs03da,ece39)|PROD(gasa,gasa)|PROD(ip,prmtan_neped)|PROD(prmtan_neped,ece39)|RATIO(cerqrott12,cerqtit10)|RATIO(cerqtit8,ece22)|RATIO(gasc,cerqtit10)|RATIO(ip,bt)|RATIO(prmtan_neped,cerqtit10)|RECIP(bt)",12,0.1753921153023839,0.18892878200858831,A,0.26219854652881625,True,False
"ID(pcdiamag3)|LEVEL_RATE(prmtan_neped|ece9)|PROD(bt,bt)|PROD(fs03da,cerqtit11)|PROD(gasa,ece1)|PROD(ip,prmtan_neped)|PROD(prmtan_neped,ece39)|PROD(prmtan_neped,prmtan_neped)|RATIO(fs03da,prmtan_neped)|RATIO(gasd,bt)|RATIO(ip,ece22)|RATIO(prmtan_neped,cerqtit10)",12,0.17171198266247906,0.1893873143941164,A,0.22715379248062773,True,False
"ID(pcdiamag3)|PROD(bt,bt)|PROD(ece37,ece39)|PROD(fs03da,ece39)|PROD(gasa,gasa)|PROD(ip,prmtan_neped)|PROD(prmtan_neped,ece39)|RATIO(cerqrott12,cerqtit10)|RATIO(cerqrott12,cerqtit11)|RATIO(cerqtit8,ece22)|RATIO(ip,bt)|RATIO(prmtan_neped,cerqtit10)",12,0.17499321047216654,0.18940866310149432,A,0.26287571837504703,True,False
"ID(pcdiamag3)|PROD(ece37,ece39)|PROD(fs03da,ece39)|PROD(gasa,gasa)|PROD(ip,prmtan_neped)|PROD(prmtan_neped,ece39)|RATIO(cerqrott12,cerqtit10)|RATIO(cerqrott12,cerqtit11)|RATIO(cerqtit8,ece22)|RATIO(ip,bt)|RATIO(prmtan_neped,cerqtit10)|RECIP(bt)",12,0.1750028961027662,0.18941001519560813,A,0.2629209409157435,True,False
"ID(pcdiamag3)|PROD(ece37,ece39)|PROD(fs03da,ece39)|PROD(gasa,gasa)|PROD(ip,prmtan_neped)|PROD(prmtan_neped,ece39)|PROD(prmtan_neped,pinj)|RATIO(cerqrott12,cerqtit10)|RATIO(cerqtit8,ece22)|RATIO(ip,bt)|RATIO(prmtan_neped,cerqtit10)|RECIP(bt)",12,0.17544887829571962,0.19014628380537033,A,0.26629552245140076,True,False
"ID(pcdiamag3)|PROD(bt,bt)|PROD(ece37,ece39)|PROD(fs03da,ece39)|PROD(gasa,gasa)|PROD(ip,prmtan_neped)|PROD(prmtan_neped,ece39)|PROD(prmtan_neped,pinj)|RATIO(cerqrott12,cerqtit10)|RATIO(cerqtit8,ece22)|RATIO(ip,bt)|RATIO(prmtan_neped,cerqtit10)",12,0.17543680320183436,0.1901599258184433,A,0.26635744571685793,True,False
"ID(pcdiamag3)|PROD(ece37,ece39)|PROD(fs03da,ece39)|PROD(gasa,gasa)|PROD(ip,prmtan_neped)|PROD(prmtan_neped,ece39)|RATIO(cerqrott12,cerqtit10)|RATIO(cerqtit8,ece22)|RATIO(ip,bt)|RATIO(ip,ece22)|RATIO(prmtan_neped,cerqtit10)|RECIP(bt)",12,0.17483434497068326,0.1903953656554222,A,0.2602107269068559,True,False
"ID(pcdiamag3)|PROD(bt,bt)|PROD(ece37,ece39)|PROD(fs03da,ece39)|PROD(gasa,gasa)|PROD(ip,prmtan_neped)|PROD(prmtan_neped,ece39)|RATIO(cerqrott12,cerqtit10)|RATIO(cerqtit8,ece22)|RATIO(ip,bt)|RATIO(ip,ece22)|RATIO(prmtan_neped,cerqtit10)",12,0.17483523239692053,0.19040623679757118,A,0.2601174371937911,True,False
"ID(pcdiamag3)|PROD(ece37,ece39)|PROD(fs03da,ece39)|PROD(gasa,gasa)|PROD(ip,prmtan_neped)|PROD(prmtan_neped,ece39)|RATIO(cerqrott12,cerqtit10)|RATIO(cerqtit8,ece22)|RATIO(ip,bt)|RATIO(prmtan_neped,cerqtit10)|RECIP(bt)|RECIP(ip)",12,0.1757825857028365,0.1908109959214926,A,0.2654613013068835,True,False
"ID(pcdiamag3)|LEVEL_RATE(ece16|ip)|PROD(ece37,ece39)|PROD(fs03da,ece39)|PROD(gasa,gasa)|PROD(ip,prmtan_neped)|PROD(prmtan_neped,ece39)|RATIO(cerqrott12,cerqtit10)|RATIO(cerqtit8,ece22)|RATIO(ip,bt)|RATIO(prmtan_neped,cerqtit10)|RECIP(bt)",12,0.17614280444880326,0.1910465842112899,A,0.2619911327958107,True,False
"ID(pcdiamag3)|LEVEL_RATE(ece16|ip)|PROD(bt,bt)|PROD(ece37,ece39)|PROD(fs03da,ece39)|PROD(gasa,gasa)|PROD(ip,prmtan_neped)|PROD(prmtan_neped,ece39)|RATIO(cerqrott12,cerqtit10)|RATIO(cerqtit8,ece22)|RATIO(ip,bt)|RATIO(prmtan_neped,cerqtit10)",12,0.17613063485672079,0.1910530285909772,A,0.2620425820350647,True,False
"ID(pcdiamag3)|PROD(ece37,ece39)|PROD(fs03da,ece39)|PROD(gasa,gasa)|PROD(ip,prmtan_neped)|PROD(prmtan_neped,ece39)|RATIO(bt,ip)|RATIO(cerqrott12,cerqtit10)|RATIO(cerqtit8,ece22)|RATIO(ip,bt)|RATIO(prmtan_neped,cerqtit10)|RECIP(bt)",12,0.1760499349484841,0.1910860413685441,A,0.26544994513193765,True,False
"ID(pcdiamag3)|PROD(bt,bt)|PROD(ece37,ece39)|PROD(fs03da,ece39)|PROD(gasa,gasa)|PROD(ip,prmtan_neped)|PROD(prmtan_neped,ece39)|RATIO(bt,ip)|RATIO(cerqrott12,cerqtit10)|RATIO(cerqtit8,ece22)|RATIO(ip,bt)|RATIO(prmtan_neped,cerqtit10)",12,0.17604051244755586,0.19111107382923365,A,0.2650002270936966,True,False
"ID(pcdiamag3)|PROD(bt,cerqtit6)|PROD(ece37,ece39)|PROD(gasa,ece1)|PROD(ip,prmtan_neped)|PROD(pinj,cerqrott6)|PROD(prmtan_neped,ece39)|PROD(prmtan_neped,prmtan_neped)|RATIO(fs03da,prmtan_neped)|RATIO(gasa,ece6)|RATIO(ip,ece22)",11,0.17445041661461197,0.19145701974630355,A,0.24723201443751658,True,False
"ID(pcdiamag3)|PROD(ece37,ece39)|PROD(fs03da,ece39)|PROD(fs04,pinj)|PROD(gasa,gasa)|PROD(ip,prmtan_neped)|PROD(prmtan_neped,ece39)|RATIO(cerqrott12,cerqtit10)|RATIO(cerqtit8,ece22)|RATIO(ip,bt)|RATIO(prmtan_neped,cerqtit10)|RECIP(bt)",12,0.1751171825453639,0.1915074996650219,A,0.26143752137819926,True,False
"ID(pcdiamag3)|PROD(bt,bt)|PROD(ece37,ece39)|PROD(fs03da,ece39)|PROD(fs04,pinj)|PROD(gasa,gasa)|PROD(ip,prmtan_neped)|PROD(prmtan_neped,ece39)|RATIO(cerqrott12,cerqtit10)|RATIO(cerqtit8,ece22)|RATIO(ip,bt)|RATIO(prmtan_neped,cerqtit10)",12,0.17509041000157594,0.19153064507991074,A,0.2615235557158788,True,False
"ID(pcdiamag3)|PROD(ece37,ece39)|PROD(fs03da,ece39)|PROD(gasa,gasa)|PROD(ip,prmtan_neped)|PROD(pinj,pinj_30l)|PROD(prmtan_neped,ece39)|RATIO(cerqrott12,cerqtit10)|RATIO(cerqtit8,ece22)|RATIO(ip,bt)|RATIO(prmtan_neped,cerqtit10)|RECIP(bt)",12,0.174969979810218,0.1916486006230116,A,0.26600035429000857,True,False
"ID(pcdiamag3)|PROD(bt,bt)|PROD(fs03da,cerqtit11)|PROD(gasa,ece1)|PROD(ip,prmtan_neped)|PROD(pinj,pinj_30l)|PROD(prmtan_neped,ece39)|PROD(prmtan_neped,prmtan_neped)|RATIO(fs03da,prmtan_neped)|RATIO(gasd,bt)|RATIO(ip,ece22)|RATIO(prmtan_neped,cerqtit10)",12,0.16806449157496295,0.19166428223252296,A,0.23503690163294477,True,False
"ID(pcdiamag3)|PROD(bt,bt)|PROD(ece37,ece39)|PROD(fs03da,ece39)|PROD(gasa,gasa)|PROD(ip,prmtan_neped)|PROD(pinj,pinj_30l)|PROD(prmtan_neped,ece39)|RATIO(cerqrott12,cerqtit10)|RATIO(cerqtit8,ece22)|RATIO(ip,bt)|RATIO(prmtan_neped,cerqtit10)",12,0.1749529533088207,0.19166826419532298,A,0.26555084536472956,True,False
"ID(pcdiamag3)|LEVEL_RATE(prmtan_neped|cerqtit6)|PROD(ece37,ece39)|PROD(fs03da,ece39)|PROD(gasa,gasa)|PROD(ip,prmtan_neped)|PROD(prmtan_neped,ece39)|RATIO(cerqrott12,cerqtit10)|RATIO(cerqtit8,ece22)|RATIO(ip,bt)|RATIO(prmtan_neped,cerqtit10)|RECIP(bt)",12,0.17619227251658837,0.19168508108705282,A,0.2672331348061562,True,False
"ID(pcdiamag3)|LEVEL_RATE(prmtan_neped|cerqtit6)|PROD(bt,bt)|PROD(ece37,ece39)|PROD(fs03da,ece39)|PROD(gasa,gasa)|PROD(ip,prmtan_neped)|PROD(prmtan_neped,ece39)|RATIO(cerqrott12,cerqtit10)|RATIO(cerqtit8,ece22)|RATIO(ip,bt)|RATIO(prmtan_neped,cerqtit10)",12,0.17618186666319768,0.19170700572431087,A,0.26695094505945843,True,False
"ID(cerqtit6)|ID(pcdiamag3)|PROD(ece37,ece39)|PROD(gasa,ece1)|PROD(ip,prmtan_neped)|PROD(pinj,cerqrott6)|PROD(prmtan_neped,ece39)|PROD(prmtan_neped,prmtan_neped)|RATIO(fs03da,prmtan_neped)|RATIO(gasa,ece6)|RATIO(ip,ece22)",11,0.17462260375420252,0.19211308546364309,A,0.2474126892785232,True,False
"ID(pcdiamag3)|ID(prmtan_neped)|LEVEL_RATE(prmtan_neped|ece9)|PROD(ece37,ece39)|PROD(gasa,gasa)|PROD(pinj,cerqrott6)|PROD(prmtan_neped,prmtan_neped)|RATIO(ece21,prmtan_neped)|RATIO(fs03da,prmtan_neped)|RATIO(ip,ece22)|RECIP(cerqtit10)|RECIP(prmtan_neped)",12,0.16983597123374544,0.19287091121077538,A,0.23133019407590238,True,False
"ID(pcdiamag3)|ID(prmtan_neped)|PROD(bt,cerqtit6)|PROD(ece37,ece39)|PROD(gasa,gasa)|PROD(pinj,cerqrott6)|PROD(prmtan_neped,prmtan_neped)|RATIO(ece21,prmtan_neped)|RATIO(fs03da,prmtan_neped)|RATIO(ip,ece22)|RECIP(cerqtit10)|RECIP(prmtan_neped)",12,0.16628151489421725,0.19378954060375692,A,0.21160104374090832,True,False
"ID(pcdiamag3)|LEVEL_RATE(pinj_33r|ip)|PROD(bt,bt)|PROD(fs03da,cerqtit11)|PROD(gasa,ece1)|PROD(ip,prmtan_neped)|PROD(prmtan_neped,ece39)|PROD(prmtan_neped,prmtan_neped)|RATIO(fs03da,prmtan_neped)|RATIO(gasd,bt)|RATIO(ip,ece22)|RATIO(prmtan_neped,cerqtit10)",12,0.16995660339792568,0.1938739936798811,A,0.2345253457625707,True,False
"ID(pcdiamag3)|LEVEL_RATE(ece16|ip)|PROD(bt,bt)|PROD(fs03da,cerqtit11)|PROD(gasa,ece1)|PROD(ip,prmtan_neped)|PROD(prmtan_neped,ece39)|PROD(prmtan_neped,prmtan_neped)|RATIO(fs03da,prmtan_neped)|RATIO(gasd,bt)|RATIO(ip,ece22)|RATIO(prmtan_neped,cerqtit10)",12,0.17000108528882266,0.1939652856439352,A,0.23521317144234977,True,False
"ID(pcdiamag3)|PROD(bt,bt)|PROD(fs03da,cerqtit11)|PROD(gasa,ece1)|PROD(ip,prmtan_neped)|PROD(prmtan_neped,ece39)|PROD(prmtan_neped,prmtan_neped)|RATE_OVER_LEVEL(ip|ip)|RATIO(fs03da,prmtan_neped)|RATIO(gasd,bt)|RATIO(ip,ece22)|RATIO(prmtan_neped,cerqtit10)",12,0.17020880691707135,0.19402085095643998,A,0.23448078533013664,True,False
"ID(pcdiamag3)|LEVEL_RATE(gasa|ip)|PROD(bt,bt)|PROD(fs03da,cerqtit11)|PROD(gasa,ece1)|PROD(ip,prmtan_neped)|PROD(prmtan_neped,ece39)|PROD(prmtan_neped,prmtan_neped)|RATIO(fs03da,prmtan_neped)|RATIO(gasd,bt)|RATIO(ip,ece22)|RATIO(prmtan_neped,cerqtit10)",12,0.1706447615598639,0.19417921938002108,A,0.2352000450094541,True,False
"ID(cerqtit6)|ID(pcdiamag3)|ID(prmtan_neped)|PROD(ece37,ece39)|PROD(gasa,gasa)|PROD(pinj,cerqrott6)|PROD(prmtan_neped,prmtan_neped)|RATIO(ece21,prmtan_neped)|RATIO(fs03da,prmtan_neped)|RATIO(ip,ece22)|RECIP(cerqtit10)|RECIP(prmtan_neped)",12,0.16639756507550676,0.19425169937312603,A,0.21141211638847987,True,True
"ID(pcdiamag3)|PROD(ece37,ece39)|PROD(fs03da,ece39)|PROD(gasa,gasa)|PROD(ip,prmtan_neped)|PROD(prmtan_neped,ece39)|RATIO(cerqrott12,cerqtit10)|RATIO(cerqtit8,ece22)|RATIO(ip,bt)|RATIO(pinj_33r,cerqtit10)|RATIO(prmtan_neped,cerqtit10)|RECIP(bt)",12,0.17606577556580305,0.19432604648172855,A,0.2661438638965289,False,False
"ID(pcdiamag3)|PROD(bt,bt)|PROD(ece37,ece39)|PROD(fs03da,ece39)|PROD(gasa,gasa)|PROD(ip,prmtan_neped)|PROD(prmtan_neped,ece39)|RATIO(cerqrott12,cerqtit10)|RATIO(cerqtit8,ece22)|RATIO(ip,bt)|RATIO(pinj_33r,cerqtit10)|RATIO(prmtan_neped,cerqtit10)",12,0.1760640382145842,0.19433963540941476,A,0.2657413472731908,False,False
"ID(pcdiamag3)|ID(prmtan_neped)|PROD(ece37,ece39)|PROD(gasa,gasa)|PROD(pinj,cerqrott6)|PROD(prmtan_neped,prmtan_neped)|RATIO(ece21,prmtan_neped)|RATIO(fs03da,prmtan_neped)|RATIO(gasd,bt)|RATIO(ip,ece22)|RECIP(cerqtit10)|RECIP(prmtan_neped)",12,0.16893182707329593,0.19436351470649244,A,0.2288006943960985,True,False
"DOT(ip)|ID(pcdiamag3)|PROD(bt,bt)|PROD(fs03da,cerqtit11)|PROD(gasa,ece1)|PROD(ip,prmtan_neped)|PROD(prmtan_neped,ece39)|PROD(prmtan_neped,prmtan_neped)|RATIO(fs03da,prmtan_neped)|RATIO(gasd,bt)|RATIO(ip,ece22)|RATIO(prmtan_neped,cerqtit10)",12,0.17030279859900474,0.19440602734684945,A,0.23465488205353421,True,False
"ID(pcdiamag3)|LEVEL_RATE(bt|ip)|PROD(bt,bt)|PROD(fs03da,cerqtit11)|PROD(gasa,ece1)|PROD(ip,prmtan_neped)|PROD(prmtan_neped,ece39)|PROD(prmtan_neped,prmtan_neped)|RATIO(fs03da,prmtan_neped)|RATIO(gasd,bt)|RATIO(ip,ece22)|RATIO(prmtan_neped,cerqtit10)",12,0.17030377940585215,0.1944096252322197,A,0.23466131786505381,True,False
"ID(pcdiamag3)|PROD(bt,bt)|PROD(fs03da,cerqtit11)|PROD(gasa,ece1)|PROD(ip,prmtan_neped)|PROD(prmtan_neped,ece39)|PROD(prmtan_neped,prmtan_neped)|RATE_OVER_LEVEL(ip|prmtan_neped)|RATIO(fs03da,prmtan_neped)|RATIO(gasd,bt)|RATIO(ip,ece22)|RATIO(prmtan_neped,cerqtit10)",12,0.17050954091052214,0.19443487748503685,A,0.2347712278366089,True,False
"ID(gasd)|ID(pcdiamag3)|ID(prmtan_neped)|PROD(ece37,ece39)|PROD(gasa,gasa)|PROD(pinj,cerqrott6)|PROD(prmtan_neped,prmtan_neped)|RATIO(ece21,prmtan_neped)|RATIO(fs03da,prmtan_neped)|RATIO(ip,ece22)|RECIP(cerqtit10)|RECIP(prmtan_neped)",12,0.1689330932373802,0.1945916648954153,A,0.2305212957163652,True,False
"ID(pcdiamag3)|PROD(bt,bt)|PROD(fs03da,cerqtit11)|PROD(gasa,ece1)|PROD(ip,prmtan_neped)|PROD(prmtan_neped,ece39)|PROD(prmtan_neped,prmtan_neped)|RATE_OVER_LEVEL(ip|cerqtit10)|RATIO(fs03da,prmtan_neped)|RATIO(gasd,bt)|RATIO(ip,ece22)|RATIO(prmtan_neped,cerqtit10)",12,0.17074970720956723,0.19459404274821282,A,0.23300650368134182,True,False
"ID(pcdiamag3)|PROD(bt,bt)|PROD(fs03da,cerqtit11)|PROD(gasa,ece1)|PROD(ip,prmtan_neped)|PROD(prmtan_neped,ece39)|PROD(prmtan_neped,prmtan_neped)|RATE_OVER_LEVEL(ip|ece1)|RATIO(fs03da,prmtan_neped)|RATIO(gasd,bt)|RATIO(ip,ece22)|RATIO(prmtan_neped,cerqtit10)",12,0.17076989971101283,0.1946143377572298,A,0.23047972569863,True,False
"ID(pcdiamag3)|ID(prmtan_neped)|PROD(bt,gasd)|PROD(ece37,ece39)|PROD(gasa,gasa)|PROD(pinj,cerqrott6)|PROD(prmtan_neped,prmtan_neped)|RATIO(ece21,prmtan_neped)|RATIO(fs03da,prmtan_neped)|RATIO(ip,ece22)|RECIP(cerqtit10)|RECIP(prmtan_neped)",12,0.1690115082388123,0.1949176501482725,A,0.23183808624744418,True,False
"ID(pcdiamag3)|LEVEL_RATE(fs03da|ip)|PROD(bt,bt)|PROD(fs03da,cerqtit11)|PROD(gasa,ece1)|PROD(ip,prmtan_neped)|PROD(prmtan_neped,ece39)|PROD(prmtan_neped,prmtan_neped)|RATIO(fs03da,prmtan_neped)|RATIO(gasd,bt)|RATIO(ip,ece22)|RATIO(prmtan_neped,cerqtit10)",12,0.17065574874480566,0.19497491642832757,A,0.2347324714064598,True,False
"ID(pcdiamag3)|ID(prmtan_neped)|LEVEL_RATE(fs03da|ip)|PROD(ece37,ece39)|PROD(gasa,gasa)|PROD(pinj,cerqrott6)|PROD(prmtan_neped,prmtan_neped)|RATIO(ece21,prmtan_neped)|RATIO(fs03da,prmtan_neped)|RATIO(ip,ece22)|RECIP(cerqtit10)|RECIP(prmtan_neped)",12,0.16820699078962206,0.19506836272776126,A,0.22245762745539358,True,False
"ID(pcdiamag3)|PROD(bt,bt)|PROD(fs03da,cerqtit11)|PROD(gasa,ece1)|PROD(ip,prmtan_neped)|PROD(prmtan_neped,ece39)|PROD(prmtan_neped,prmtan_neped)|RATE_OVER_LEVEL(ece37|cerqtit10)|RATIO(fs03da,prmtan_neped)|RATIO(gasd,bt)|RATIO(ip,ece22)|RATIO(prmtan_neped,cerqtit10)",12,0.17355362549424175,0.19517230577766895,A,0.23193922688563665,True,False
"ID(pcdiamag3)|ID(prmtan_neped)|LEVEL_RATE(pinj_33r|ip)|PROD(ece37,ece39)|PROD(gasa,gasa)|PROD(pinj,cerqrott6)|PROD(prmtan_neped,prmtan_neped)|RATIO(ece21,prmtan_neped)|RATIO(fs03da,prmtan_neped)|RATIO(ip,ece22)|RECIP(cerqtit10)|RECIP(prmtan_neped)",12,0.16793839580689868,0.1951736394315958,A,0.22517401576042184,True,False
"ID(pcdiamag3)|ID(prmtan_neped)|PROD(ece37,ece39)|PROD(gasa,gasa)|PROD(pinj,cerqrott6)|PROD(prmtan_neped,prmtan_neped)|RATE_OVER_LEVEL(ip|ip)|RATIO(ece21,prmtan_neped)|RATIO(fs03da,prmtan_neped)|RATIO(ip,ece22)|RECIP(cerqtit10)|RECIP(prmtan_neped)",12,0.16790861304228505,0.19518574513494968,A,0.22538395424683896,True,False
"ID(pcdiamag3)|PROD(bt,bt)|PROD(fs03da,cerqtit11)|PROD(gasa,ece1)|PROD(ip,prmtan_neped)|PROD(pinj,cerqrott6)|PROD(prmtan_neped,ece39)|PROD(prmtan_neped,prmtan_neped)|RATIO(fs03da,prmtan_neped)|RATIO(gasd,bt)|RATIO(ip,ece22)|RATIO(prmtan_neped,cerqtit10)",12,0.16984188177933296,0.195348884165287,A,0.2381870781381925,True,False
"ID(pcdiamag3)|LEVEL_RATE(cerqrott12|ece33)|PROD(bt,bt)|PROD(fs03da,cerqtit11)|PROD(gasa,ece1)|PROD(ip,prmtan_neped)|PROD(prmtan_neped,ece39)|PROD(prmtan_neped,prmtan_neped)|RATIO(fs03da,prmtan_neped)|RATIO(gasd,bt)|RATIO(ip,ece22)|RATIO(prmtan_neped,cerqtit10)",12,0.17013734877109526,0.19540921933948993,A,0.23926900724569958,True,False
"ID(pcdiamag3)|ID(prmtan_neped)|LEVEL_RATE(bt|ip)|PROD(ece37,ece39)|PROD(gasa,gasa)|PROD(pinj,cerqrott6)|PROD(prmtan_neped,prmtan_neped)|RATIO(ece21,prmtan_neped)|RATIO(fs03da,prmtan_neped)|RATIO(ip,ece22)|RECIP(cerqtit10)|RECIP(prmtan_neped)",12,0.16802319002648194,0.1954102035611868,A,0.22540134688218444,True,False
"DOT(ip)|ID(pcdiamag3)|ID(prmtan_neped)|PROD(ece37,ece39)|PROD(gasa,gasa)|PROD(pinj,cerqrott6)|PROD(prmtan_neped,prmtan_neped)|RATIO(ece21,prmtan_neped)|RATIO(fs03da,prmtan_neped)|RATIO(ip,ece22)|RECIP(cerqtit10)|RECIP(prmtan_neped)",12,0.16802213368937374,0.19541108496487142,A,0.22541752358277647,True,False
"ID(pcdiamag3)|LEVEL_RATE(cerqrott12|ip)|PROD(bt,bt)|PROD(fs03da,cerqtit11)|PROD(gasa,ece1)|PROD(ip,prmtan_neped)|PROD(prmtan_neped,ece39)|PROD(prmtan_neped,prmtan_neped)|RATIO(fs03da,prmtan_neped)|RATIO(gasd,bt)|RATIO(ip,ece22)|RATIO(prmtan_neped,cerqtit10)",12,0.17067324370145798,0.1954915177077055,A,0.23558232237895332,True,False
"ID(pcdiamag3)|ID(prmtan_neped)|LEVEL_RATE(ece16|ip)|PROD(ece37,ece39)|PROD(gasa,gasa)|PROD(pinj,cerqrott6)|PROD(prmtan_neped,prmtan_neped)|RATIO(ece21,prmtan_neped)|RATIO(fs03da,prmtan_neped)|RATIO(ip,ece22)|RECIP(cerqtit10)|RECIP(prmtan_neped)",12,0.16784133818000554,0.19549494199454784,A,0.22542762110630682,True,False
"ID(pcdiamag3)|PROD(bt,bt)|PROD(fs03da,cerqtit11)|PROD(fs04,pinj)|PROD(gasa,ece1)|PROD(ip,prmtan_neped)|PROD(prmtan_neped,ece39)|PROD(prmtan_neped,prmtan_neped)|RATIO(fs03da,prmtan_neped)|RATIO(gasd,bt)|RATIO(ip,ece22)|RATIO(prmtan_neped,cerqtit10)",12,0.17005824682613213,0.195519507676363,A,0.22491411268711095,True,False
"ID(pcdiamag3)|ID(prmtan_neped)|LEVEL_RATE(prmtan_neped|ip)|PROD(ece37,ece39)|PROD(gasa,gasa)|PROD(pinj,cerqrott6)|PROD(prmtan_neped,prmtan_neped)|RATIO(ece21,prmtan_neped)|RATIO(fs03da,prmtan_neped)|RATIO(ip,ece22)|RECIP(cerqtit10)|RECIP(prmtan_neped)",12,0.16817926786219078,0.1957045741379261,A,0.22484840949376433,True,False
"ID(pcdiamag3)|PROD(ece37,ece39)|PROD(gasa,ece1)|PROD(ip,prmtan_neped)|PROD(pinj,cerqrott6)|PROD(prmtan_neped,ece39)|PROD(prmtan_neped,prmtan_neped)|RATIO(fs03da,prmtan_neped)|RATIO(gasa,ece6)|RATIO(gasd,bt)|RATIO(ip,ece22)",11,0.17588713535418116,0.19591353535652162,A,0.2837730792661508,True,False
"ID(pcdiamag3)|ID(prmtan_neped)|PROD(ece37,ece39)|PROD(gasa,gasa)|PROD(pinj,cerqrott6)|PROD(prmtan_neped,prmtan_neped)|RATE_OVER_LEVEL(ip|prmtan_neped)|RATIO(ece21,prmtan_neped)|RATIO(fs03da,prmtan_neped)|RATIO(ip,ece22)|RECIP(cerqtit10)|RECIP(prmtan_neped)",12,0.16811586171388626,0.1959170237183571,A,0.2281836996475856,True,False
"ID(pcdiamag3)|LEVEL_RATE(prmtan_neped|ip)|PROD(bt,bt)|PROD(fs03da,cerqtit11)|PROD(gasa,ece1)|PROD(ip,prmtan_neped)|PROD(prmtan_neped,ece39)|PROD(prmtan_neped,prmtan_neped)|RATIO(fs03da,prmtan_neped)|RATIO(gasd,bt)|RATIO(ip,ece22)|RATIO(prmtan_neped,cerqtit10)",12,0.1708159084742268,0.1959450364112854,A,0.23401923378308617,True,False
"ID(pcdiamag3)|ID(prmtan_neped)|PROD(ece37,ece39)|PROD(gasa,gasa)|PROD(pinj,cerqrott6)|PROD(prmtan_neped,prmtan_neped)|RATE_OVER_LEVEL(ece37|cerqtit10)|RATIO(ece21,prmtan_neped)|RATIO(fs03da,prmtan_neped)|RATIO(ip,ece22)|RECIP(cerqtit10)|RECIP(prmtan_neped)",12,0.16938585521032415,0.1960497409105301,A,0.22926118125518172,True,False
"ID(pcdiamag3)|ID(prmtan_neped)|PROD(ece37,ece39)|PROD(gasa,gasa)|PROD(pinj,cerqrott6)|PROD(prmtan_neped,prmtan_neped)|RATE_OVER_LEVEL(ip|cerqtit10)|RATIO(ece21,prmtan_neped)|RATIO(fs03da,prmtan_neped)|RATIO(ip,ece22)|RECIP(cerqtit10)|RECIP(prmtan_neped)",12,0.16805757662902274,0.1961726401001215,A,0.22800409893194842,True,False
"ID(pcdiamag3)|ID(prmtan_neped)|PROD(ece37,ece39)|PROD(gasa,gasa)|PROD(pinj,cerqrott6)|PROD(prmtan_neped,prmtan_neped)|RATE_OVER_LEVEL(ip|ece1)|RATIO(ece21,prmtan_neped)|RATIO(fs03da,prmtan_neped)|RATIO(ip,ece22)|RECIP(cerqtit10)|RECIP(prmtan_neped)",12,0.16865043789148332,0.19624948129057884,A,0.2279912695288659,True,False
"ID(pcdiamag3)|ID(prmtan_neped)|LEVEL_RATE(gasa|ip)|PROD(ece37,ece39)|PROD(gasa,gasa)|PROD(pinj,cerqrott6)|PROD(prmtan_neped,prmtan_neped)|RATIO(ece21,prmtan_neped)|RATIO(fs03da,prmtan_neped)|RATIO(ip,ece22)|RECIP(cerqtit10)|RECIP(prmtan_neped)",12,0.16862822255740562,0.1964045338332653,A,0.22675124704837807,True,False
"ID(pcdiamag3)|LEVEL_RATE(ece14|cerqtit8)|PROD(bt,bt)|PROD(fs03da,cerqtit11)|PROD(gasa,ece1)|PROD(ip,prmtan_neped)|PROD(prmtan_neped,ece39)|PROD(prmtan_neped,prmtan_neped)|RATIO(fs03da,prmtan_neped)|RATIO(gasd,bt)|RATIO(ip,ece22)|RATIO(prmtan_neped,cerqtit10)",12,0.17121608257293702,0.1965700972825289,A,0.2392686908443769,True,False
"ID(pcdiamag3)|PROD(bt,bt)|PROD(fs03da,cerqtit11)|PROD(gasa,ece1)|PROD(ip,prmtan_neped)|PROD(prmtan_neped,ece39)|PROD(prmtan_neped,gasc)|PROD(prmtan_neped,prmtan_neped)|RATIO(fs03da,prmtan_neped)|RATIO(gasd,bt)|RATIO(ip,ece22)|RATIO(prmtan_neped,cerqtit10)",12,0.17239798028022052,0.19667813256382943,A,0.23553340435028078,True,False
"ID(pcdiamag3)|ID(prmtan_neped)|PROD(ece37,ece39)|PROD(gasa,gasa)|PROD(pinj,cerqrott6)|PROD(prmtan_neped,prmtan_neped)|RATIO(ece21,prmtan_neped)|RATIO(fs03da,prmtan_neped)|RATIO(ip,ece22)|RECIP(bt)|RECIP(cerqtit10)|RECIP(prmtan_neped)",12,0.16802532958487668,0.19672186635434627,A,0.2308430999517441,True,False
"ID(bt)|ID(pcdiamag3)|ID(prmtan_neped)|PROD(ece37,ece39)|PROD(gasa,gasa)|PROD(pinj,cerqrott6)|PROD(prmtan_neped,prmtan_neped)|RATIO(ece21,prmtan_neped)|RATIO(fs03da,prmtan_neped)|RATIO(ip,ece22)|RECIP(cerqtit10)|RECIP(prmtan_neped)",12,0.16806127037853003,0.19675411395728587,A,0.23097423464059835,True,False
"ID(pcdiamag3)|PROD(bt,bt)|PROD(fs03da,cerqtit11)|PROD(gasa,ece1)|PROD(ip,prmtan_neped)|PROD(prmtan_neped,ece39)|PROD(prmtan_neped,prmtan_neped)|RATIO(fs03da,prmtan_neped)|RATIO(gasc,prmtan_neped)|RATIO(gasd,bt)|RATIO(ip,ece22)|RATIO(prmtan_neped,cerqtit10)",12,0.17081442375977834,0.196757784858346,A,0.23498162229855857,True,False
"ID(pcdiamag3)|ID(prmtan_neped)|PROD(bt,bt)|PROD(ece37,ece39)|PROD(gasa,gasa)|PROD(pinj,cerqrott6)|PROD(prmtan_neped,prmtan_neped)|RATIO(ece21,prmtan_neped)|RATIO(fs03da,prmtan_neped)|RATIO(ip,ece22)|RECIP(cerqtit10)|RECIP(prmtan_neped)",12,0.16807925595591464,0.19677039347589015,A,0.23103899111350382,True,False
"ID(gasd)|ID(pcdiamag3)|PROD(ece37,ece39)|PROD(gasa,ece1)|PROD(ip,prmtan_neped)|PROD(pinj,cerqrott6)|PROD(prmtan_neped,ece39)|PROD(prmtan_neped,prmtan_neped)|RATIO(fs03da,prmtan_neped)|RATIO(gasa,ece6)|RATIO(ip,ece22)",11,0.17641895699004334,0.19696027263998986,A,0.28417601883411414,True,False
"ID(pcdiamag3)|ID(prmtan_neped)|PROD(ece37,ece39)|PROD(prmtan_neped,cerqtit6)|PROD(prmtan_neped,ece39)|RATIO(cerqrott12,cerqtit10)|RATIO(fs03da,prmtan_neped)|RATIO(ip,bt)|RATIO(ip,ece22)|RATIO(pinj_33r,cerqtit10)|RATIO(prmtan_neped,cerqtit10)|RECIP(bt)",12,0.1751576755195856,0.19697985127568246,A,0.24400026674071953,True,False
"ID(pcdiamag3)|ID(prmtan_neped)|LEVEL_RATE(cerqrott12|ip)|PROD(ece37,ece39)|PROD(gasa,gasa)|PROD(pinj,cerqrott6)|PROD(prmtan_neped,prmtan_neped)|RATIO(ece21,prmtan_neped)|RATIO(fs03da,prmtan_neped)|RATIO(ip,ece22)|RECIP(cerqtit10)|RECIP(prmtan_neped)",12,0.16848299584041038,0.19704992026090623,A,0.22717751264572153,True,False
"ID(pcdiamag3)|PROD(bt,bt)|PROD(fs03da,cerqtit11)|PROD(fs04,fs03da)|PROD(gasa,ece1)|PROD(ip,prmtan_neped)|PROD(prmtan_neped,ece39)|PROD(prmtan_neped,prmtan_neped)|RATIO(fs03da,prmtan_neped)|RATIO(gasd,bt)|RATIO(ip,ece22)|RATIO(prmtan_neped,cerqtit10)",12,0.17493984767546258,0.1972937997430563,A,0.23625682443380355,False,False
"ID(pcdiamag3)|PROD(bt,bt)|PROD(fs03da,cerqtit11)|PROD(gasa,ece1)|PROD(ip,prmtan_neped)|PROD(prmtan_neped,ece39)|PROD(prmtan_neped,prmtan_neped)|RATIO(fs03da,prmtan_neped)|RATIO(gasd,bt)|RATIO(ip,ece22)|RATIO(prmtan_neped,cerqtit10)",11,0.17118272514392932,0.1975222449749708,A,0.23576047917207082,True,False
"ID(pcdiamag3)|LEVEL_RATE(cerqrott12|ece33)|PROD(ece37,ece39)|PROD(gasa,gasa)|PROD(pinj,cerqrott6)|PROD(prmtan_neped,prmtan_neped)|RATIO(ece21,prmtan_neped)|RATIO(fs03da,prmtan_neped)|RATIO(ip,ece22)|RECIP(cerqtit10)|RECIP(prmtan_neped)",11,0.17436399180442091,0.1975543562322855,A,0.23410189300775533,True,False
"ID(gasd)|ID(pcdiamag3)|PROD(bt,bt)|PROD(fs03da,cerqtit11)|PROD(gasa,ece1)|PROD(ip,prmtan_neped)|PROD(prmtan_neped,ece39)|PROD(prmtan_neped,prmtan_neped)|RATIO(fs03da,prmtan_neped)|RATIO(ip,ece22)|RATIO(prmtan_neped,cerqtit10)",11,0.17120427309225003,0.19756100177764893,A,0.2357837791244189,True,False
"ID(pcdiamag3)|PROD(bt,bt)|PROD(bt,gasd)|PROD(fs03da,cerqtit11)|PROD(gasa,ece1)|PROD(ip,prmtan_neped)|PROD(prmtan_neped,ece39)|PROD(prmtan_neped,prmtan_neped)|RATIO(fs03da,prmtan_neped)|RATIO(ip,ece22)|RATIO(prmtan_neped,cerqtit10)",11,0.171225861646235,0.19759894199669362,A,0.23580632408459984,True,False
"ID(pcdiamag3)|PROD(bt,bt)|PROD(fs03da,cerqtit11)|PROD(gasa,ece1)|PROD(ip,prmtan_neped)|PROD(prmtan_neped,ece39)|PROD(prmtan_neped,prmtan_neped)|RATE_OVER_LEVEL(gasc|ip)|RATIO(fs03da,prmtan_neped)|RATIO(gasd,bt)|RATIO(ip,ece22)|RATIO(prmtan_neped,cerqtit10)",12,0.17118042303870123,0.19760238714516162,A,0.23588361392418544,True,False
"ID(pcdiamag3)|PROD(bt,bt)|PROD(fs03da,cerqtit11)|PROD(gasa,ece1)|PROD(ip,prmtan_neped)|PROD(prmtan_neped,ece39)|PROD(prmtan_neped,prmtan_neped)|RATIO(fs03da,prmtan_neped)|RATIO(gasd,bt)|RATIO(ip,ece22)|RATIO(pinj,ece37)|RATIO(prmtan_neped,cerqtit10)",12,0.17100021398315826,0.1976031642407179,A,0.22667238538463913,False,False
"ID(pcdiamag3)|PROD(bt,bt)|PROD(fs03da,cerqtit11)|PROD(gasa,ece1)|PROD(gasc,pinj)|PROD(ip,prmtan_neped)|PROD(prmtan_neped,ece39)|PROD(prmtan_neped,prmtan_neped)|RATIO(fs03da,prmtan_neped)|RATIO(gasd,bt)|RATIO(ip,ece22)|RATIO(prmtan_neped,cerqtit10)",12,0.1711540909484029,0.19764441363513469,A,0.2322088956832886,False,False
"ID(pcdiamag3)|LEVEL_RATE(prmtan_neped|cerqtit6)|PROD(bt,bt)|PROD(fs03da,cerqtit11)|PROD(gasa,ece1)|PROD(ip,prmtan_neped)|PROD(prmtan_neped,ece39)|PROD(prmtan_neped,prmtan_neped)|RATIO(fs03da,prmtan_neped)|RATIO(gasd,bt)|RATIO(ip,ece22)|RATIO(prmtan_neped,cerqtit10)",12,0.17135139933476845,0.19766011983156204,A,0.2402129625280698,True,False
"DOT(gasc)|ID(pcdiamag3)|PROD(bt,bt)|PROD(fs03da,cerqtit11)|PROD(gasa,ece1)|PROD(ip,prmtan_neped)|PROD(prmtan_neped,ece39)|PROD(prmtan_neped,prmtan_neped)|RATIO(fs03da,prmtan_neped)|RATIO(gasd,bt)|RATIO(ip,ece22)|RATIO(prmtan_neped,cerqtit10)",12,0.17122259580840668,0.1977222841233015,A,0.2358867943286896,True,False
"ID(pcdiamag3)|LEVEL_RATE(bt|gasc)|PROD(bt,bt)|PROD(fs03da,cerqtit11)|PROD(gasa,ece1)|PROD(ip,prmtan_neped)|PROD(prmtan_neped,ece39)|PROD(prmtan_neped,prmtan_neped)|RATIO(fs03da,prmtan_neped)|RATIO(gasd,bt)|RATIO(ip,ece22)|RATIO(prmtan_neped,cerqtit10)",12,0.17122310766329368,0.1977238781750202,A,0.2358883728583654,True,False
"ID(pcdiamag3)|LEVEL_RATE(gasa|cerqrott3)|PROD(bt,bt)|PROD(fs03da,cerqtit11)|PROD(gasa,ece1)|PROD(ip,prmtan_neped)|PROD(prmtan_neped,ece39)|PROD(prmtan_neped,prmtan_neped)|RATIO(fs03da,prmtan_neped)|RATIO(gasd,bt)|RATIO(ip,ece22)|RATIO(prmtan_neped,cerqtit10)",12,0.1709234320248167,0.1977570179849863,A,0.23783559550841651,True,False
"ID(pcdiamag3)|LEVEL_RATE(prmtan_neped|gasc)|PROD(bt,bt)|PROD(fs03da,cerqtit11)|PROD(gasa,ece1)|PROD(ip,prmtan_neped)|PROD(prmtan_neped,ece39)|PROD(prmtan_neped,prmtan_neped)|RATIO(fs03da,prmtan_neped)|RATIO(gasd,bt)|RATIO(ip,ece22)|RATIO(prmtan_neped,cerqtit10)",12,0.17124944534152745,0.1978222642093897,A,0.23601130793492,True,False
"ID(pcdiamag3)|LEVEL_RATE(fs03da|gasd)|PROD(bt,bt)|PROD(fs03da,cerqtit11)|PROD(gasa,ece1)|PROD(ip,prmtan_neped)|PROD(prmtan_neped,ece39)|PROD(prmtan_neped,prmtan_neped)|RATIO(fs03da,prmtan_neped)|RATIO(gasd,bt)|RATIO(ip,ece22)|RATIO(prmtan_neped,cerqtit10)",12,0.17144972756505011,0.19790363870561123,A,0.23557815055052442,True,False
"ID(pcdiamag3)|PROD(bt,bt)|PROD(fs03da,cerqtit11)|PROD(gasa,ece1)|PROD(ip,prmtan_neped)|PROD(prmtan_neped,ece39)|PROD(prmtan_neped,prmtan_neped)|RATE_OVER_LEVEL(gasa|ece39)|RATIO(fs03da,prmtan_neped)|RATIO(gasd,bt)|RATIO(ip,ece22)|RATIO(prmtan_neped,cerqtit10)",12,0.17086334973573686,0.1979211661964655,A,0.23746579140424728,True,False
"ID(pcdiamag3)|PROD(bt,bt)|PROD(fs03da,cerqtit11)|PROD(gasa,ece1)|PROD(ip,prmtan_neped)|PROD(prmtan_neped,ece39)|PROD(prmtan_neped,prmtan_neped)|RATE_OVER_LEVEL(gasa|cerqtit3)|RATIO(fs03da,prmtan_neped)|RATIO(gasd,bt)|RATIO(ip,ece22)|RATIO(prmtan_neped,cerqtit10)",12,0.17094653596480688,0.19792491421103478,A,0.23838279843330384,True,False
"ID(pcdiamag3)|LEVEL_RATE(pinj_30r|ece39)|PROD(bt,bt)|PROD(fs03da,cerqtit11)|PROD(gasa,ece1)|PROD(ip,prmtan_neped)|PROD(prmtan_neped,ece39)|PROD(prmtan_neped,prmtan_neped)|RATIO(fs03da,prmtan_neped)|RATIO(gasd,bt)|RATIO(ip,ece22)|RATIO(prmtan_neped,cerqtit10)",12,0.17272410597652196,0.19796122312545777,A,0.23270475566387178,False,False
"ID(pcdiamag3)|ID(prmtan_neped)|PROD(ece37,ece39)|PROD(gasa,gasa)|PROD(prmtan_neped,cerqtit6)|PROD(prmtan_neped,ece39)|RATIO(cerqrott12,cerqtit10)|RATIO(ip,bt)|RATIO(ip,ece22)|RATIO(pinj_33r,cerqtit10)|RATIO(prmtan_neped,cerqtit10)|RECIP(bt)",12,0.17273219637572765,0.19797890000045298,A,0.26214100494980813,True,False
"ID(pcdiamag3)|PROD(bt,bt)|PROD(fs03da,cerqtit11)|PROD(gasa,ece1)|PROD(ip,prmtan_neped)|PROD(prmtan_neped,ece39)|PROD(prmtan_neped,prmtan_neped)|RATE_OVER_LEVEL(gasa|prmtan_neped)|RATIO(fs03da,prmtan_neped)|RATIO(gasd,bt)|RATIO(ip,ece22)|RATIO(prmtan_neped,cerqtit10)",12,0.1708122432231903,0.19799513518810272,A,0.23727674037218094,True,False
"ID(pcdiamag3)|PROD(bt,gasd)|PROD(ece37,ece39)|PROD(gasa,ece1)|PROD(ip,prmtan_neped)|PROD(pinj,cerqrott6)|PROD(prmtan_neped,ece39)|PROD(prmtan_neped,prmtan_neped)|RATIO(fs03da,prmtan_neped)|RATIO(gasa,ece6)|RATIO(ip,ece22)",11,0.1770454751327634,0.19810130428522826,A,0.284370605647564,True,False
"ID(pcdiamag3)|PROD(bt,bt)|PROD(fs03da,cerqtit11)|PROD(gasa,ece1)|PROD(ip,prmtan_neped)|PROD(prmtan_neped,ece39)|PROD(prmtan_neped,prmtan_neped)|RATIO(fs03da,prmtan_neped)|RATIO(gasd,bt)|RATIO(gasd,ip)|RATIO(ip,ece22)|RATIO(prmtan_neped,cerqtit10)",12,0.17016715388745068,0.19813242442905904,A,0.23192751705646517,False,False
"ID(pcdiamag3)|ID(prmtan_neped)|PROD(ece37,ece39)|PROD(gasa,gasa)|PROD(pinj,cerqrott6)|PROD(prmtan_neped,prmtan_neped)|RATIO(bt,prmtan_neped)|RATIO(ece21,prmtan_neped)|RATIO(fs03da,prmtan_neped)|RATIO(ip,ece22)|RECIP(cerqtit10)|RECIP(prmtan_neped)",12,0.16642642207443714,0.1981501504778862,A,0.2267417992154758,True,False
"ID(pcdiamag3)|LEVEL_RATE(fs03da|cerqrott6)|PROD(bt,bt)|PROD(fs03da,cerqtit11)|PROD(gasa,ece1)|PROD(ip,prmtan_neped)|PROD(prmtan_neped,ece39)|PROD(prmtan_neped,prmtan_neped)|RATIO(fs03da,prmtan_neped)|RATIO(gasd,bt)|RATIO(ip,ece22)|RATIO(prmtan_neped,cerqtit10)",12,0.17191231716424227,0.198238368332386,A,0.23844359616438549,True,False
"ID(pcdiamag3)|LEVEL_RATE(pinj|gasc)|PROD(bt,bt)|PROD(fs03da,cerqtit11)|PROD(gasa,ece1)|PROD(ip,prmtan_neped)|PROD(prmtan_neped,ece39)|PROD(prmtan_neped,prmtan_neped)|RATIO(fs03da,prmtan_neped)|RATIO(gasd,bt)|RATIO(ip,ece22)|RATIO(prmtan_neped,cerqtit10)",12,0.1713852339734634,0.19824704639613627,A,0.23598892788092296,True,False
"ID(pcdiamag3)|LEVEL_RATE(pinj_30r|cerqrott3)|PROD(bt,bt)|PROD(fs03da,cerqtit11)|PROD(gasa,ece1)|PROD(ip,prmtan_neped)|PROD(prmtan_neped,ece39)|PROD(prmtan_neped,prmtan_neped)|RATIO(fs03da,prmtan_neped)|RATIO(gasd,bt)|RATIO(ip,ece22)|RATIO(prmtan_neped,cerqtit10)",12,0.17152179386466743,0.19829205758869647,A,0.23772655228773754,True,False
"ID(pcdiamag3)|PROD(bt,bt)|PROD(fs03da,cerqtit11)|PROD(gasa,cerqtit6)|PROD(gasa,ece1)|PROD(ip,prmtan_neped)|PROD(prmtan_neped,ece39)|PROD(prmtan_neped,prmtan_neped)|RATIO(fs03da,prmtan_neped)|RATIO(gasd,bt)|RATIO(ip,ece22)|RATIO(prmtan_neped,cerqtit10)",12,0.17277483846992256,0.19839489869773388,A,0.2379842507342499,True,False
"ID(pcdiamag3)|PROD(bt,bt)|PROD(fs03da,cerqtit11)|PROD(gasa,ece1)|PROD(ip,prmtan_neped)|PROD(prmtan_neped,ece39)|PROD(prmtan_neped,prmtan_neped)|RATE_OVER_LEVEL(cerqrott3|cerqtit10)|RATIO(fs03da,prmtan_neped)|RATIO(gasd,bt)|RATIO(ip,ece22)|RATIO(prmtan_neped,cerqtit10)",12,0.1712568911413352,0.1984350297600031,A,0.2374604105949402,True,False
"ID(pcdiamag3)|ID(prmtan_neped)|LEVEL_RATE(cerqrott12|ece33)|PROD(ece37,ece39)|PROD(prmtan_neped,cerqtit6)|PROD(prmtan_neped,ece39)|RATIO(cerqrott12,cerqtit10)|RATIO(ip,bt)|RATIO(ip,ece22)|RATIO(pinj_33r,cerqtit10)|RATIO(prmtan_neped,cerqtit10)|RECIP(bt)",12,0.1730139682069421,0.1984978701919317,A,0.2550517082214356,True,False
"ID(pcdiamag3)|ID(prmtan_neped)|LEVEL_RATE(fs03da|gasd)|PROD(ece37,ece39)|PROD(gasa,gasa)|PROD(pinj,cerqrott6)|PROD(prmtan_neped,prmtan_neped)|RATIO(ece21,prmtan_neped)|RATIO(fs03da,prmtan_neped)|RATIO(ip,ece22)|RECIP(cerqtit10)|RECIP(prmtan_neped)",12,0.16868663920710486,0.198520740121603,A,0.22827750394741703,True,False
"ID(pcdiamag3)|PROD(bt,bt)|PROD(fs03da,cerqtit11)|PROD(gasa,ece1)|PROD(ip,prmtan_neped)|PROD(prmtan_neped,ece39)|PROD(prmtan_neped,pinj)|PROD(prmtan_neped,prmtan_neped)|RATIO(fs03da,prmtan_neped)|RATIO(gasd,bt)|RATIO(ip,ece22)|RATIO(prmtan_neped,cerqtit10)",12,0.17105870861560107,0.1985848292708397,A,0.23494739383459096,False,False
"ID(pcdiamag3)|LEVEL_RATE(cerqrott12|gasa)|PROD(bt,bt)|PROD(fs03da,cerqtit11)|PROD(gasa,ece1)|PROD(ip,prmtan_neped)|PROD(prmtan_neped,ece39)|PROD(prmtan_neped,prmtan_neped)|RATIO(fs03da,prmtan_neped)|RATIO(gasd,bt)|RATIO(ip,ece22)|RATIO(prmtan_neped,cerqtit10)",12,0.17126755366722743,0.198613191395998,A,0.23601713329553606,False,False
"ID(pcdiamag3)|PROD(ece37,ece39)|PROD(gasa,ece1)|PROD(ip,prmtan_neped)|PROD(pinj,cerqrott6)|PROD(prmtan_neped,ece39)|PROD(prmtan_neped,prmtan_neped)|RATIO(fs03da,prmtan_neped)|RATIO(gasa,ece6)|RATIO(ip,ece22)|RATIO(pinj,ece37)",11,0.17769932771722477,0.19872995167970658,A,0.2729215512673061,True,False
"ID(pcdiamag3)|ID(prmtan_neped)|LEVEL_RATE(ece14|pinj_33r)|PROD(ece37,ece39)|PROD(gasa,gasa)|PROD(pinj,cerqrott6)|PROD(prmtan_neped,prmtan_neped)|RATIO(ece21,prmtan_neped)|RATIO(fs03da,prmtan_neped)|RATIO(ip,ece22)|RECIP(cerqtit10)|RECIP(prmtan_neped)",12,0.16863482010861236,0.19878725707530975,A,0.2296271204948426,True,False
"ID(pcdiamag3)|ID(prmtan_neped)|PROD(ece37,ece39)|PROD(gasa,gasa)|PROD(pinj,cerqrott6)|PROD(prmtan_neped,prmtan_neped)|RATIO(ece21,prmtan_neped)|RATIO(fs03da,prmtan_neped)|RATIO(gasc,prmtan_neped)|RATIO(ip,ece22)|RECIP(cerqtit10)|RECIP(prmtan_neped)",12,0.16874826891968647,0.19881752952933313,A,0.2288843830426535,True,False
"ID(pcdiamag3)|ID(prmtan_neped)|PROD(ece37,ece39)|PROD(gasa,gasa)|PROD(pinj,cerqrott6)|PROD(prmtan_neped,prmtan_neped)|RATIO(ece21,prmtan_neped)|RATIO(fs03da,prmtan_neped)|RATIO(gasc,cerqtit10)|RATIO(ip,ece22)|RECIP(cerqtit10)|RECIP(prmtan_neped)",12,0.16873410791158677,0.19892176613211632,A,0.22888209869464246,True,False
"ID(pcdiamag3)|ID(prmtan_neped)|PROD(ece37,ece39)|PROD(gasa,gasa)|PROD(pinj,cerqrott6)|PROD(prmtan_neped,prmtan_neped)|RATE_OVER_LEVEL(pinj_33r|ece39)|RATIO(ece21,prmtan_neped)|RATIO(fs03da,prmtan_neped)|RATIO(ip,ece22)|RECIP(cerqtit10)|RECIP(prmtan_neped)",12,0.16867431265612445,0.19898910485208035,A,0.23155526717503874,True,False
"ID(pcdiamag3)|ID(prmtan_neped)|PROD(ece37,ece39)|PROD(gasa,gasa)|PROD(pinj,cerqrott6)|PROD(prmtan_neped,prmtan_neped)|RATE_OVER_LEVEL(pinj_33r|ip)|RATIO(ece21,prmtan_neped)|RATIO(fs03da,prmtan_neped)|RATIO(ip,ece22)|RECIP(cerqtit10)|RECIP(prmtan_neped)",12,0.16870385675380625,0.19899034425616263,A,0.2313878908753396,True,False
"DOT(pinj_33r)|ID(pcdiamag3)|ID(prmtan_neped)|PROD(ece37,ece39)|PROD(gasa,gasa)|PROD(pinj,cerqrott6)|PROD(prmtan_neped,prmtan_neped)|RATIO(ece21,prmtan_neped)|RATIO(fs03da,prmtan_neped)|RATIO(ip,ece22)|RECIP(cerqtit10)|RECIP(prmtan_neped)",12,0.16871311428646246,0.1990107536315918,A,0.2313757484157881,True,False
"ID(pcdiamag3)|ID(prmtan_neped)|LEVEL_RATE(bt|pinj_33r)|PROD(ece37,ece39)|PROD(gasa,gasa)|PROD(pinj,cerqrott6)|PROD(prmtan_neped,prmtan_neped)|RATIO(ece21,prmtan_neped)|RATIO(fs03da,prmtan_neped)|RATIO(ip,ece22)|RECIP(cerqtit10)|RECIP(prmtan_neped)",12,0.1687131102507313,0.19901260696351528,A,0.23137263407309858,True,False
"ID(pcdiamag3)|ID(prmtan_neped)|PROD(ece37,ece39)|PROD(fs04,gasc)|PROD(gasa,gasa)|PROD(pinj,cerqrott6)|PROD(prmtan_neped,prmtan_neped)|RATIO(ece21,prmtan_neped)|RATIO(fs03da,prmtan_neped)|RATIO(ip,ece22)|RECIP(cerqtit10)|RECIP(prmtan_neped)",12,0.1703513170282046,0.19907368160784245,A,0.22351240416367849,True,False
"ID(pcdiamag3)|ID(prmtan_neped)|PROD(ece37,ece39)|PROD(gasa,gasa)|PROD(pinj,cerqrott6)|PROD(prmtan_neped,prmtan_neped)|RATE_OVER_LEVEL(pinj_33r|cerqtit3)|RATIO(ece21,prmtan_neped)|RATIO(fs03da,prmtan_neped)|RATIO(ip,ece22)|RECIP(cerqtit10)|RECIP(prmtan_neped)",12,0.1687646615008513,0.19915219023823738,A,0.2320642103751501,True,False
"ID(pcdiamag3)|ID(prmtan_neped)|LEVEL_RATE(pinj_30r|ece39)|PROD(ece37,ece39)|PROD(gasa,gasa)|PROD(pinj,cerqrott6)|PROD(prmtan_neped,prmtan_neped)|RATIO(ece21,prmtan_neped)|RATIO(fs03da,prmtan_neped)|RATIO(ip,ece22)|RECIP(cerqtit10)|RECIP(prmtan_neped)",12,0.1706769549908737,0.199239407107234,A,0.22932907442251851,True,False
"ID(pcdiamag3)|LEVEL_RATE(gasa|gasb)|PROD(bt,bt)|PROD(fs03da,cerqtit11)|PROD(gasa,ece1)|PROD(ip,prmtan_neped)|PROD(prmtan_neped,ece39)|PROD(prmtan_neped,prmtan_neped)|RATIO(fs03da,prmtan_neped)|RATIO(gasd,bt)|RATIO(ip,ece22)|RATIO(prmtan_neped,cerqtit10)",12,0.17206708180407682,0.19924448616802692,A,0.23564793517192206,False,False
"ID(pcdiamag3)|PROD(bt,bt)|PROD(fs03da,cerqtit11)|PROD(gasa,ece1)|PROD(ip,prmtan_neped)|PROD(prmtan_neped,ece39)|PROD(prmtan_neped,prmtan_neped)|RATIO(fs03da,prmtan_neped)|RATIO(gasd,bt)|RATIO(ip,ece22)|RATIO(prmtan_neped,cerqtit10)|RATIO(prmtan_teped,prmtan_neped)",12,0.17108656248698634,0.19926304407417775,A,0.23525605003039043,False,False
"ID(pcdiamag3)|ID(prmtan_neped)|PROD(ece37,ece39)|PROD(gasa,gasa)|PROD(pinj,cerqrott6)|PROD(pinj_30l,cerqtit6)|PROD(prmtan_neped,prmtan_neped)|RATIO(ece21,prmtan_neped)|RATIO(fs03da,prmtan_neped)|RATIO(ip,ece22)|RECIP(cerqtit10)|RECIP(prmtan_neped)",12,0.17008602892359098,0.19937643148005008,A,0.26010520160198214,True,False
"ID(pcdiamag3)|ID(prmtan_neped)|PROD(ece37,ece39)|PROD(gasa,gasa)|PROD(pinj,cerqrott6)|PROD(prmtan_neped,prmtan_neped)|RATE_OVER_LEVEL(pinj_33r|prmtan_neped)|RATIO(ece21,prmtan_neped)|RATIO(fs03da,prmtan_neped)|RATIO(ip,ece22)|RECIP(cerqtit10)|RECIP(prmtan_neped)",12,0.1689124702786406,0.19942028261721134,A,0.2323534692327182,True,False
"ID(pcdiamag3)|ID(prmtan_neped)|PROD(ece37,ece39)|PROD(gasa,gasa)|PROD(pinj,cerqrott6)|PROD(prmtan_neped,prmtan_neped)|RATIO(ece21,prmtan_neped)|RATIO(fs03da,prmtan_neped)|RATIO(ip,ece22)|RECIP(cerqtit10)|RECIP(prmtan_neped)",11,0.16896292604506016,0.1994638741016388,A,0.22869857798020055,True,False
"ID(pcdiamag3)|ID(prmtan_neped)|PROD(ece37,ece39)|PROD(gasa,gasa)|PROD(pinj,cerqrott6)|PROD(prmtan_neped,gasc)|PROD(prmtan_neped,prmtan_neped)|RATIO(ece21,prmtan_neped)|RATIO(fs03da,prmtan_neped)|RATIO(ip,ece22)|RECIP(cerqtit10)|RECIP(prmtan_neped)",12,0.16907945896188417,0.1994660474359989,A,0.22907839318116516,True,False
"ID(pcdiamag3)|ID(prmtan_neped)|PROD(ece37,ece39)|PROD(gasa,gasa)|PROD(pinj,cerqrott6)|PROD(prmtan_neped,prmtan_neped)|RATIO(ece21,prmtan_neped)|RATIO(fs03da,prmtan_neped)|RATIO(ip,ece22)|RATIO(prmtan_teped,prmtan_neped)|RECIP(cerqtit10)|RECIP(prmtan_neped)",12,0.16883060603092112,0.1994864471256733,A,0.23190138091643658,True,False
"ID(pcdiamag3)|ID(prmtan_neped)|PROD(ece37,ece39)|PROD(gasa,gasa)|PROD(pinj,cerqrott6)|PROD(pinj,pinj_30l)|PROD(prmtan_neped,prmtan_neped)|RATIO(ece21,prmtan_neped)|RATIO(fs03da,prmtan_neped)|RATIO(ip,ece22)|RECIP(cerqtit10)|RECIP(prmtan_neped)",12,0.1683640299985806,0.1995137609541416,A,0.2330504015088082,True,False
"ID(pcdiamag3)|PROD(bt,bt)|PROD(fs03da,cerqtit11)|PROD(gasa,ece1)|PROD(ip,prmtan_neped)|PROD(prmtan_neped,ece39)|PROD(prmtan_neped,prmtan_neped)|RATE_OVER_LEVEL(cerqrott3|prmtan_neped)|RATIO(fs03da,prmtan_neped)|RATIO(gasd,bt)|RATIO(ip,ece22)|RATIO(prmtan_neped,cerqtit10)",12,0.1714823321749767,0.1995826207101345,A,0.24546559105316798,False,False
"ID(pcdiamag3)|LEVEL_RATE(ece14|pinj_33r)|PROD(bt,bt)|PROD(fs03da,cerqtit11)|PROD(gasa,ece1)|PROD(ip,prmtan_neped)|PROD(prmtan_neped,ece39)|PROD(prmtan_neped,prmtan_neped)|RATIO(fs03da,prmtan_neped)|RATIO(gasd,bt)|RATIO(ip,ece22)|RATIO(prmtan_neped,cerqtit10)",12,0.17188276859621204,0.1996059350669384,A,0.23356810162464778,False,False
"ID(pcdiamag3)|LEVEL_RATE(ece16|ece35)|PROD(bt,bt)|PROD(fs03da,cerqtit11)|PROD(gasa,ece1)|PROD(ip,prmtan_neped)|PROD(prmtan_neped,ece39)|PROD(prmtan_neped,prmtan_neped)|RATIO(fs03da,prmtan_neped)|RATIO(gasd,bt)|RATIO(ip,ece22)|RATIO(prmtan_neped,cerqtit10)",12,0.1720690021912257,0.1996599029749632,A,0.23871591885884605,False,False
"ID(pcdiamag3)|ID(prmtan_neped)|PROD(ece37,ece39)|PROD(pinj,cerqrott6)|PROD(prmtan_neped,cerqtit6)|PROD(prmtan_neped,ece39)|RATIO(cerqrott12,cerqtit10)|RATIO(ip,bt)|RATIO(ip,ece22)|RATIO(pinj_33r,cerqtit10)|RATIO(prmtan_neped,cerqtit10)|RECIP(bt)",12,0.17226665448397396,0.19971286244690417,A,0.2674153849482536,True,False
"ID(pcdiamag3)|PROD(ece37,ece39)|PROD(fs03da,cerqtit11)|PROD(ip,prmtan_neped)|PROD(pinj,cerqrott6)|RATIO(cerqrott12,cerqtit10)|RATIO(cerqtit6,ece22)|RATIO(cerqtit8,ece22)|RATIO(fs03da,prmtan_neped)|RATIO(ip,bt)|RATIO(ip,cerqtit10)|RECIP(bt)",12,0.1760942074159781,0.19975039828568697,A,0.24965726410349218,True,False
"ID(pcdiamag3)|ID(prmtan_neped)|LEVEL_RATE(prmtan_neped|gasc)|PROD(ece37,ece39)|PROD(gasa,gasa)|PROD(pinj,cerqrott6)|PROD(prmtan_neped,prmtan_neped)|RATIO(ece21,prmtan_neped)|RATIO(fs03da,prmtan_neped)|RATIO(ip,ece22)|RECIP(cerqtit10)|RECIP(prmtan_neped)",12,0.16922551530102886,0.19982329718768596,A,0.2288679078221322,True,False
"DOT(gasc)|ID(pcdiamag3)|ID(prmtan_neped)|PROD(ece37,ece39)|PROD(gasa,gasa)|PROD(pinj,cerqrott6)|PROD(prmtan_neped,prmtan_neped)|RATIO(ece21,prmtan_neped)|RATIO(fs03da,prmtan_neped)|RATIO(ip,ece22)|RECIP(cerqtit10)|RECIP(prmtan_neped)",12,0.16915931801001233,0.199842244759202,A,0.22871894538402565,True,False
"ID(pcdiamag3)|ID(prmtan_neped)|LEVEL_RATE(bt|gasc)|PROD(ece37,ece39)|PROD(gasa,gasa)|PROD(pinj,cerqrott6)|PROD(prmtan_neped,prmtan_neped)|RATIO(ece21,prmtan_neped)|RATIO(fs03da,prmtan_neped)|RATIO(ip,ece22)|RECIP(cerqtit10)|RECIP(prmtan_neped)",12,0.16916057728230954,0.1998443305492401,A,0.22871872435013463,True,False
"ID(pcdiamag3)|ID(prmtan_neped)|PROD(ece37,ece39)|PROD(gasa,gasa)|PROD(pinj,cerqrott6)|PROD(prmtan_neped,prmtan_neped)|RATE_OVER_LEVEL(gasc|ip)|RATIO(ece21,prmtan_neped)|RATIO(fs03da,prmtan_neped)|RATIO(ip,ece22)|RECIP(cerqtit10)|RECIP(prmtan_neped)",12,0.1691685713206728,0.19985407441854477,A,0.22871950914462416,True,False
"ID(pcdiamag3)|ID(prmtan_neped)|PROD(ece37,ece39)|PROD(gasa,gasa)|PROD(pinj,cerqrott6)|PROD(prmtan_neped,prmtan_neped)|RATE_OVER_LEVEL(gasa|prmtan_neped)|RATIO(ece21,prmtan_neped)|RATIO(fs03da,prmtan_neped)|RATIO(ip,ece22)|RECIP(cerqtit10)|RECIP(prmtan_neped)",12,0.16863656553129353,0.19992043897509576,A,0.2283923526604971,True,False
"ID(pcdiamag3)|PROD(bt,bt)|PROD(fs03da,cerqtit11)|PROD(gasa,ece1)|PROD(ip,prmtan_neped)|PROD(prmtan_neped,ece39)|PROD(prmtan_neped,prmtan_neped)|RATE_OVER_LEVEL(pinj_33r|prmtan_neped)|RATIO(fs03da,prmtan_neped)|RATIO(gasd,bt)|RATIO(ip,ece22)|RATIO(prmtan_neped,cerqtit10)",12,0.1720139602199197,0.19999571554362774,A,0.2332867239912351,False,False
"ID(pcdiamag3)|PROD(bt,bt)|PROD(fs03da,cerqtit11)|PROD(gasa,ece1)|PROD(ip,prmtan_neped)|PROD(prmtan_neped,ece39)|PROD(prmtan_neped,prmtan_neped)|RATE_OVER_LEVEL(pinj_33r|ip)|RATIO(fs03da,prmtan_neped)|RATIO(gasd,bt)|RATIO(ip,ece22)|RATIO(prmtan_neped,cerqtit10)",12,0.1720268620798985,0.20001198053359986,A,0.23336453735828402,False,False
"ID(pcdiamag3)|ID(prmtan_neped)|PROD(ece37,ece39)|PROD(gasa,gasa)|PROD(pinj,cerqrott6)|PROD(prmtan_neped,prmtan_neped)|RATE_OVER_LEVEL(cerqrott3|cerqtit10)|RATIO(ece21,prmtan_neped)|RATIO(fs03da,prmtan_neped)|RATIO(ip,ece22)|RECIP(cerqtit10)|RECIP(prmtan_neped)",12,0.16951455095161994,0.20002071931958199,A,0.2263576085368793,True,False
"DOT(pinj_33r)|ID(pcdiamag3)|PROD(bt,bt)|PROD(fs03da,cerqtit11)|PROD(gasa,ece1)|PROD(ip,prmtan_neped)|PROD(prmtan_neped,ece39)|PROD(prmtan_neped,prmtan_neped)|RATIO(fs03da,prmtan_neped)|RATIO(gasd,bt)|RATIO(ip,ece22)|RATIO(prmtan_neped,cerqtit10)",12,0.1720242162545522,0.20002090595662594,A,0.23337897459665938,False,False
"ID(pcdiamag3)|LEVEL_RATE(bt|pinj_33r)|PROD(bt,bt)|PROD(fs03da,cerqtit11)|PROD(gasa,ece1)|PROD(ip,prmtan_neped)|PROD(prmtan_neped,ece39)|PROD(prmtan_neped,prmtan_neped)|RATIO(fs03da,prmtan_neped)|RATIO(gasd,bt)|RATIO(ip,ece22)|RATIO(prmtan_neped,cerqtit10)",12,0.17202521941314142,0.2000227276235819,A,0.23338434646526976,False,False
"ID(pcdiamag3)|ID(prmtan_neped)|PROD(ece37,ece39)|PROD(prmtan_neped,cerqtit6)|PROD(prmtan_neped,ece39)|RATIO(cerqrott12,cerqtit10)|RATIO(cerqtit8,ece22)|RATIO(ip,bt)|RATIO(ip,ece22)|RATIO(pinj_33r,cerqtit10)|RATIO(prmtan_neped,cerqtit10)|RECIP(bt)",12,0.1725563401977221,0.2000546159222722,A,0.2601348221302032,True,False
"ID(pcdiamag3)|PROD(bt,bt)|PROD(fs03da,cerqtit11)|PROD(gasa,ece1)|PROD(ip,prmtan_neped)|PROD(prmtan_neped,ece39)|PROD(prmtan_neped,prmtan_neped)|RATE_OVER_LEVEL(pinj_33r|ece39)|RATIO(fs03da,prmtan_neped)|RATIO(gasd,bt)|RATIO(ip,ece22)|RATIO(prmtan_neped,cerqtit10)",12,0.17197541991869608,0.20005833432078363,A,0.23292519102493925,False,False
"ID(pcdiamag3)|ID(prmtan_neped)|LEVEL_RATE(prmtan_teped|pinj_15l)|PROD(ece37,ece39)|PROD(gasa,gasa)|PROD(pinj,cerqrott6)|PROD(prmtan_neped,prmtan_neped)|RATIO(ece21,prmtan_neped)|RATIO(fs03da,prmtan_neped)|RATIO(ip,ece22)|RECIP(cerqtit10)|RECIP(prmtan_neped)",12,0.16922585989038147,0.20006483756005763,A,0.23111967841784167,True,False
"ID(pcdiamag3)|ID(prmtan_neped)|LEVEL_RATE(pinj|gasc)|PROD(ece37,ece39)|PROD(gasa,gasa)|PROD(pinj,cerqrott6)|PROD(prmtan_neped,prmtan_neped)|RATIO(ece21,prmtan_neped)|RATIO(fs03da,prmtan_neped)|RATIO(ip,ece22)|RECIP(cerqtit10)|RECIP(prmtan_neped)",12,0.16926856599748136,0.20010284669697284,A,0.22887727270523717,True,False
"ID(pcdiamag3)|PROD(bt,bt)|PROD(fs03da,cerqtit11)|PROD(gasa,ece1)|PROD(ip,prmtan_neped)|PROD(prmtan_neped,ece39)|PROD(prmtan_neped,prmtan_neped)|RATIO(fs03da,prmtan_neped)|RATIO(gasd,bt)|RATIO(ip,ece22)|RATIO(pinj_33r,cerqtit10)|RATIO(prmtan_neped,cerqtit10)",12,0.17108279007176558,0.20010558925569058,A,0.23251587400833768,False,False
"ID(pcdiamag3)|LEVEL_RATE(gasa|pinj_33r)|PROD(bt,bt)|PROD(fs03da,cerqtit11)|PROD(gasa,ece1)|PROD(ip,prmtan_neped)|PROD(prmtan_neped,ece39)|PROD(prmtan_neped,prmtan_neped)|RATIO(fs03da,prmtan_neped)|RATIO(gasd,bt)|RATIO(ip,ece22)|RATIO(prmtan_neped,cerqtit10)",12,0.17205091311285894,0.20014534145593643,A,0.2350293591618538,False,False
"ID(pcdiamag3)|ID(prmtan_neped)|LEVEL_RATE(gasa|ece25)|PROD(ece37,ece39)|PROD(gasa,gasa)|PROD(pinj,cerqrott6)|PROD(prmtan_neped,prmtan_neped)|RATIO(ece21,prmtan_neped)|RATIO(fs03da,prmtan_neped)|RATIO(ip,ece22)|RECIP(cerqtit10)|RECIP(prmtan_neped)",12,0.17031421264012656,0.2001558717340231,A,0.22444998770952232,True,False
"ID(pcdiamag3)|ID(prmtan_neped)|LEVEL_RATE(cerqrott12|pinj_15l)|PROD(ece37,ece39)|PROD(gasa,gasa)|PROD(pinj,cerqrott6)|PROD(prmtan_neped,prmtan_neped)|RATIO(ece21,prmtan_neped)|RATIO(fs03da,prmtan_neped)|RATIO(ip,ece22)|RECIP(cerqtit10)|RECIP(prmtan_neped)",12,0.1692792092760404,0.20018081068992616,A,0.23353588233391454,True,False
"ID(pcdiamag3)|ID(prmtan_neped)|PROD(ece37,ece39)|PROD(gasa,gasa)|PROD(pinj,cerqrott6)|PROD(prmtan_neped,prmtan_neped)|RATE_OVER_LEVEL(cerqrott3|prmtan_neped)|RATIO(ece21,prmtan_neped)|RATIO(fs03da,prmtan_neped)|RATIO(ip,ece22)|RECIP(cerqtit10)|RECIP(prmtan_neped)",12,0.16987112083782752,0.20018887668848037,A,0.22719657321770995,True,False
"ID(pcdiamag3)|PROD(bt,bt)|PROD(fs03da,cerqtit11)|PROD(gasa,ece1)|PROD(ip,prmtan_neped)|PROD(prmtan_neped,ece39)|PROD(prmtan_neped,prmtan_neped)|RATE_OVER_LEVEL(cerqrott3|ece1)|RATIO(fs03da,prmtan_neped)|RATIO(gasd,bt)|RATIO(ip,ece22)|RATIO(prmtan_neped,cerqtit10)",12,0.17190942913293839,0.20025572143495082,A,0.24214169333378474,False,False
"ID(pcdiamag3)|PROD(bt,bt)|PROD(fs03da,cerqtit11)|PROD(gasa,ece1)|PROD(ip,prmtan_neped)|PROD(prmtan_neped,ece39)|PROD(prmtan_neped,prmtan_neped)|RATE_OVER_LEVEL(pinj_33r|cerqtit3)|RATIO(fs03da,prmtan_neped)|RATIO(gasd,bt)|RATIO(ip,ece22)|RATIO(prmtan_neped,cerqtit10)",12,0.17206168149908382,0.20028873383998871,A,0.23291899114847184,False,False
"ID(pcdiamag3)|ID(prmtan_neped)|PROD(ece37,ece39)|PROD(gasa,gasa)|PROD(pinj,cerqrott6)|PROD(prmtan_neped,prmtan_neped)|RATE_OVER_LEVEL(gasa|cerqtit3)|RATIO(ece21,prmtan_neped)|RATIO(fs03da,prmtan_neped)|RATIO(ip,ece22)|RECIP(cerqtit10)|RECIP(prmtan_neped)",12,0.16872107988844315,0.20036207586526872,A,0.2286960408091546,True,False
"ID(pcdiamag3)|LEVEL_RATE(prmtan_teped|pinj_15l)|PROD(bt,bt)|PROD(fs03da,cerqtit11)|PROD(gasa,ece1)|PROD(ip,prmtan_neped)|PROD(prmtan_neped,ece39)|PROD(prmtan_neped,prmtan_neped)|RATIO(fs03da,prmtan_neped)|RATIO(gasd,bt)|RATIO(ip,ece22)|RATIO(prmtan_neped,cerqtit10)",12,0.172174067919453,0.2003709476441145,A,0.23523701677719752,False,False
"ID(pcdiamag3)|ID(prmtan_neped)|PROD(ece37,ece39)|PROD(gasa,gasa)|PROD(pinj,cerqrott6)|PROD(prmtan_neped,prmtan_neped)|RATE_OVER_LEVEL(cerqrott3|ece1)|RATIO(ece21,prmtan_neped)|RATIO(fs03da,prmtan_neped)|RATIO(ip,ece22)|RECIP(cerqtit10)|RECIP(prmtan_neped)",12,0.16982269051174323,0.20042692720890046,A,0.22674249261617668,True,False
"ID(pcdiamag3)|PROD(bt,bt)|PROD(fs03da,cerqtit11)|PROD(gasa,ece1)|PROD(ip,prmtan_neped)|PROD(prmtan_neped,ece39)|PROD(prmtan_neped,prmtan_neped)|RATIO(fs03da,prmtan_neped)|RATIO(gasd,bt)|RATIO(ip,ece22)|RATIO(pinj,bt)|RATIO(prmtan_neped,cerqtit10)",12,0.17167827027539412,0.20044311173260212,A,0.23307669609785084,False,False
"ID(pcdiamag3)|ID(pinj)|PROD(bt,bt)|PROD(fs03da,cerqtit11)|PROD(gasa,ece1)|PROD(ip,prmtan_neped)|PROD(prmtan_neped,ece39)|PROD(prmtan_neped,prmtan_neped)|RATIO(fs03da,prmtan_neped)|RATIO(gasd,bt)|RATIO(ip,ece22)|RATIO(prmtan_neped,cerqtit10)",12,0.1716780741388599,0.20044494085013867,A,0.2330977593859037,False,False
"ID(pcdiamag3)|ID(prmtan_neped)|LEVEL_RATE(gasa|pinj_33r)|PROD(ece37,ece39)|PROD(gasa,gasa)|PROD(pinj,cerqrott6)|PROD(prmtan_neped,prmtan_neped)|RATIO(ece21,prmtan_neped)|RATIO(fs03da,prmtan_neped)|RATIO(ip,ece22)|RECIP(cerqtit10)|RECIP(prmtan_neped)",12,0.1692965387677153,0.200446742400527,A,0.23149854093790062,True,False
"ID(pcdiamag3)|PROD(bt,bt)|PROD(fs03da,cerqtit11)|PROD(gasa,ece1)|PROD(ip,prmtan_neped)|PROD(prmtan_neped,ece39)|PROD(prmtan_neped,prmtan_neped)|PROD(prmtan_neped,prmtan_teped)|RATIO(fs03da,prmtan_neped)|RATIO(gasd,bt)|RATIO(ip,ece22)|RATIO(prmtan_neped,cerqtit10)",12,0.172339120755593,0.20049363747239113,A,0.23734354575475058,False,False
"ID(pcdiamag3)|LEVEL_RATE(fs03da|ece1)|PROD(bt,bt)|PROD(fs03da,cerqtit11)|PROD(gasa,ece1)|PROD(ip,prmtan_neped)|PROD(prmtan_neped,ece39)|PROD(prmtan_neped,prmtan_neped)|RATIO(fs03da,prmtan_neped)|RATIO(gasd,bt)|RATIO(ip,ece22)|RATIO(prmtan_neped,cerqtit10)",12,0.17314874324947596,0.2005798563361168,A,0.2380260502298673,False,False
"ID(pcdiamag3)|PROD(ece37,ece39)|PROD(gasa,ece1)|PROD(ip,prmtan_neped)|PROD(pinj,cerqrott6)|PROD(prmtan_neped,ece39)|PROD(prmtan_neped,prmtan_neped)|RATIO(fs03da,prmtan_neped)|RATIO(gasa,ece6)|RATIO(ip,ece22)|RATIO(pinj_33r,cerqtit10)",11,0.17527855671942233,0.20060867667198182,A,0.2914528399705887,True,False
"ID(pcdiamag3)|LEVEL_RATE(gasa|ece25)|PROD(bt,bt)|PROD(fs03da,cerqtit11)|PROD(gasa,ece1)|PROD(ip,prmtan_neped)|PROD(prmtan_neped,ece39)|PROD(prmtan_neped,prmtan_neped)|RATIO(fs03da,prmtan_neped)|RATIO(gasd,bt)|RATIO(ip,ece22)|RATIO(prmtan_neped,cerqtit10)",12,0.17271255124360324,0.20068279206752776,A,0.2364761476715406,False,False
"ID(pcdiamag3)|ID(prmtan_neped)|LEVEL_RATE(pinj_15l|pinj_15l)|PROD(ece37,ece39)|PROD(gasa,gasa)|PROD(pinj,cerqrott6)|PROD(prmtan_neped,prmtan_neped)|RATIO(ece21,prmtan_neped)|RATIO(fs03da,prmtan_neped)|RATIO(ip,ece22)|RECIP(cerqtit10)|RECIP(prmtan_neped)",12,0.1694404302785794,0.20069351941347122,A,0.23345850805441545,True,False
"ID(pcdiamag3)|LEVEL_RATE(cerqrott12|pinj_15l)|PROD(bt,bt)|PROD(fs03da,cerqtit11)|PROD(gasa,ece1)|PROD(ip,prmtan_neped)|PROD(prmtan_neped,ece39)|PROD(prmtan_neped,prmtan_neped)|RATIO(fs03da,prmtan_neped)|RATIO(gasd,bt)|RATIO(ip,ece22)|RATIO(prmtan_neped,cerqtit10)",12,0.1722200767447551,0.2007390193641186,A,0.2344647452235222,False,False
"ID(pcdiamag3)|PROD(bt,bt)|PROD(fs03da,cerqtit11)|PROD(gasa,ece1)|PROD(ip,prmtan_neped)|PROD(prmtan_neped,ece39)|PROD(prmtan_neped,prmtan_neped)|RATIO(fs03da,prmtan_neped)|RATIO(gasa,ece6)|RATIO(gasd,bt)|RATIO(ip,ece22)|RATIO(prmtan_neped,cerqtit10)",12,0.17420868054032326,0.20091264732182026,A,0.2464447870850563,True,False
"ID(pcdiamag3)|ID(prmtan_neped)|PROD(ece37,ece39)|PROD(gasa,gasa)|PROD(pinj,cerqrott6)|PROD(prmtan_neped,prmtan_neped)|RATE_OVER_LEVEL(gasa|ece39)|RATIO(ece21,prmtan_neped)|RATIO(fs03da,prmtan_neped)|RATIO(ip,ece22)|RECIP(cerqtit10)|RECIP(prmtan_neped)",12,0.16890208634237447,0.200965404137969,A,0.22846783598264067,True,False
"ID(pcdiamag3)|ID(prmtan_neped)|ID(prmtan_teped)|PROD(ece37,ece39)|PROD(gasa,gasa)|PROD(pinj,cerqrott6)|PROD(prmtan_neped,prmtan_neped)|RATIO(ece21,prmtan_neped)|RATIO(fs03da,prmtan_neped)|RATIO(ip,ece22)|RECIP(cerqtit10)|RECIP(prmtan_neped)",12,0.16887458556642135,0.20099351927638054,A,0.2323692997296652,True,False
"ID(pcdiamag3)|ID(prmtan_neped)|PROD(ece37,ece39)|PROD(prmtan_neped,cerqtit6)|PROD(prmtan_neped,ece39)|RATE_OVER_LEVEL(gasa|cerqtit3)|RATIO(cerqrott12,cerqtit10)|RATIO(ip,bt)|RATIO(ip,ece22)|RATIO(pinj_33r,cerqtit10)|RATIO(prmtan_neped,cerqtit10)|RECIP(bt)",12,0.1747312348956863,0.2010217893868685,A,0.26149897997577987,True,False
"ID(pcdiamag3)|ID(prmtan_neped)|PROD(ece37,ece39)|PROD(gasa,gasa)|PROD(gasa,gasb)|PROD(pinj,cerqrott6)|PROD(prmtan_neped,prmtan_neped)|RATIO(ece21,prmtan_neped)|RATIO(fs03da,prmtan_neped)|RATIO(ip,ece22)|RECIP(cerqtit10)|RECIP(prmtan_neped)",12,0.17010416990766924,0.20103758983314038,A,0.2704360956947009,True,False
"ID(pcdiamag3)|LEVEL_RATE(fs04|pinj_15l)|PROD(bt,bt)|PROD(fs03da,cerqtit11)|PROD(gasa,ece1)|PROD(ip,prmtan_neped)|PROD(prmtan_neped,ece39)|PROD(prmtan_neped,prmtan_neped)|RATIO(fs03da,prmtan_neped)|RATIO(gasd,bt)|RATIO(ip,ece22)|RATIO(prmtan_neped,cerqtit10)",12,0.17231163159012794,0.20108786150813102,A,0.23486291666825612,False,False
"ID(pcdiamag3)|LEVEL_RATE(pinj_15l|pinj_15l)|PROD(bt,bt)|PROD(fs03da,cerqtit11)|PROD(gasa,ece1)|PROD(ip,prmtan_neped)|PROD(prmtan_neped,ece39)|PROD(prmtan_neped,prmtan_neped)|RATIO(fs03da,prmtan_neped)|RATIO(gasd,bt)|RATIO(ip,ece22)|RATIO(prmtan_neped,cerqtit10)",12,0.1723580992470185,0.20116326287388803,A,0.23449764202038448,False,False
"ID(pcdiamag3)|ID(prmtan_neped)|LEVEL_RATE(fs03da|ece1)|PROD(ece37,ece39)|PROD(gasa,gasa)|PROD(pinj,cerqrott6)|PROD(prmtan_neped,prmtan_neped)|RATIO(ece21,prmtan_neped)|RATIO(fs03da,prmtan_neped)|RATIO(ip,ece22)|RECIP(cerqtit10)|RECIP(prmtan_neped)",12,0.1698229423724115,0.20117922611534594,A,0.22845014035701763,True,False
"ID(pcdiamag3)|ID(prmtan_neped)|PROD(ece37,ece39)|PROD(gasa,gasa)|PROD(pinj,cerqrott6)|PROD(prmtan_neped,ece39)|PROD(prmtan_neped,prmtan_neped)|RATIO(ece21,prmtan_neped)|RATIO(fs03da,prmtan_neped)|RATIO(ip,ece22)|RECIP(cerqtit10)|RECIP(prmtan_neped)",12,0.1757591295366486,0.201190404035151,A,0.2520492613315583,True,False
"ID(pcdiamag3)|ID(prmtan_neped)|LEVEL_RATE(fs04|pinj_15l)|PROD(ece37,ece39)|PROD(gasa,gasa)|PROD(pinj,cerqrott6)|PROD(prmtan_neped,prmtan_neped)|RATIO(ece21,prmtan_neped)|RATIO(fs03da,prmtan_neped)|RATIO(ip,ece22)|RECIP(cerqtit10)|RECIP(prmtan_neped)",12,0.16961987391114236,0.20121962428092957,A,0.2337740033864976,True,False
"ID(pcdiamag3)|ID(prmtan_neped)|PROD(ece37,ece39)|PROD(gasa,gasa)|PROD(pinj,cerqrott6)|PROD(prmtan_neped,prmtan_neped)|RATE_OVER_LEVEL(ece33|ece39)|RATIO(ece21,prmtan_neped)|RATIO(fs03da,prmtan_neped)|RATIO(ip,ece22)|RECIP(cerqtit10)|RECIP(prmtan_neped)",12,0.16884533185511827,0.20128103569149972,A,0.22766964981953314,True,False
"ID(pcdiamag3)|ID(prmtan_neped)|LEVEL_RATE(pinj_30r|cerqrott3)|PROD(ece37,ece39)|PROD(gasa,gasa)|PROD(pinj,cerqrott6)|PROD(prmtan_neped,prmtan_neped)|RATIO(ece21,prmtan_neped)|RATIO(fs03da,prmtan_neped)|RATIO(ip,ece22)|RECIP(cerqtit10)|RECIP(prmtan_neped)",12,0.17036690963432194,0.20131109207868575,A,0.22867641349633544,True,False
"ID(pcdiamag3)|ID(prmtan_neped)|LEVEL_RATE(cerqrott12|gasa)|PROD(ece37,ece39)|PROD(gasa,gasa)|PROD(pinj,cerqrott6)|PROD(prmtan_neped,prmtan_neped)|RATIO(ece21,prmtan_neped)|RATIO(fs03da,prmtan_neped)|RATIO(ip,ece22)|RECIP(cerqtit10)|RECIP(prmtan_neped)",12,0.16917536618808907,0.2013234157115221,A,0.22836636553208042,True,False
"ID(pcdiamag3)|ID(prmtan_neped)|PROD(ece37,ece39)|PROD(gasa,gasa)|PROD(pinj,cerqrott6)|PROD(prmtan_neped,prmtan_neped)|RATIO(cerqrott12,cerqtit10)|RATIO(ece21,prmtan_neped)|RATIO(fs03da,prmtan_neped)|RATIO(ip,ece22)|RECIP(cerqtit10)|RECIP(prmtan_neped)",12,0.17584628363450366,0.20139408335089684,A,0.2967299302419027,True,False
"ID(pcdiamag3)|LEVEL_RATE(cerqrott12|cerqtit8)|PROD(bt,bt)|PROD(fs03da,cerqtit11)|PROD(gasa,ece1)|PROD(ip,prmtan_neped)|PROD(prmtan_neped,ece39)|PROD(prmtan_neped,prmtan_neped)|RATIO(fs03da,prmtan_neped)|RATIO(gasd,bt)|RATIO(ip,ece22)|RATIO(prmtan_neped,cerqtit10)",12,0.1729283407330513,0.20139923691749573,A,0.24524182627598448,True,False
"ID(pcdiamag3)|PROD(bt,bt)|PROD(fs03da,cerqtit11)|PROD(gasa,ece1)|PROD(ip,prmtan_neped)|PROD(pinj,ece36)|PROD(prmtan_neped,ece39)|PROD(prmtan_neped,prmtan_neped)|RATIO(fs03da,prmtan_neped)|RATIO(gasd,bt)|RATIO(ip,ece22)|RATIO(prmtan_neped,cerqtit10)",12,0.17134626402209202,0.20149169489741325,A,0.23488691498835884,False,False
"ID(pcdiamag3)|ID(prmtan_neped)|PROD(ece37,ece39)|PROD(prmtan_neped,cerqtit6)|PROD(prmtan_neped,ece39)|RATE_OVER_LEVEL(gasa|prmtan_neped)|RATIO(cerqrott12,cerqtit10)|RATIO(ip,bt)|RATIO(ip,ece22)|RATIO(pinj_33r,cerqtit10)|RATIO(prmtan_neped,cerqtit10)|RECIP(bt)",12,0.17496244329959154,0.20151820890605449,A,0.26142527659734094,True,False
"ID(pcdiamag3)|PROD(bt,bt)|PROD(fs03da,cerqtit11)|PROD(gasa,ece1)|PROD(ip,pinj)|PROD(ip,prmtan_neped)|PROD(prmtan_neped,ece39)|PROD(prmtan_neped,prmtan_neped)|RATIO(fs03da,prmtan_neped)|RATIO(gasd,bt)|RATIO(ip,ece22)|RATIO(prmtan_neped,cerqtit10)",12,0.17212752376993498,0.2015233937650919,A,0.23309387018283212,False,False
"ID(pcdiamag3)|PROD(bt,bt)|PROD(fs03da,cerqtit11)|PROD(gasa,ece1)|PROD(ip,prmtan_neped)|PROD(prmtan_neped,ece39)|PROD(prmtan_neped,prmtan_neped)|RATIO(fs03da,prmtan_neped)|RATIO(gasd,bt)|RATIO(ip,ece22)|RATIO(pinj_33r,prmtan_neped)|RATIO(prmtan_neped,cerqtit10)",12,0.17221536301076412,0.2016575511544943,A,0.22978296478589377,False,False
"ID(pcdiamag3)|ID(prmtan_neped)|PROD(ece37,ece39)|PROD(gasa,gasa)|PROD(pinj,cerqrott6)|PROD(prmtan_neped,prmtan_neped)|RATE_OVER_LEVEL(ece33|prmtan_neped)|RATIO(ece21,prmtan_neped)|RATIO(fs03da,prmtan_neped)|RATIO(ip,ece22)|RECIP(cerqtit10)|RECIP(prmtan_neped)",12,0.16912304169187944,0.20176688581705093,A,0.22756970425446837,True,False
"ID(pcdiamag3)|ID(prmtan_neped)|PROD(ece37,ece39)|PROD(gasa,gasa)|PROD(pinj,cerqrott6)|PROD(prmtan_neped,prmtan_neped)|RATIO(ece21,prmtan_neped)|RATIO(fs03da,prmtan_neped)|RATIO(ip,ece22)|RATIO(prmtan_neped,bt)|RECIP(cerqtit10)|RECIP(prmtan_neped)",12,0.17078100008269154,0.20177143923938273,A,0.22870346084237106,True,False
"ID(pcdiamag3)|ID(prmtan_neped)|PROD(ece37,ece39)|PROD(prmtan_neped,cerqtit6)|PROD(prmtan_neped,ece39)|RATE_OVER_LEVEL(gasa|ece39)|RATIO(cerqrott12,cerqtit10)|RATIO(ip,bt)|RATIO(ip,ece22)|RATIO(pinj_33r,cerqtit10)|RATIO(prmtan_neped,cerqtit10)|RECIP(bt)",12,0.17509591014434894,0.2018331229686737,A,0.2615239063898723,True,False
"ID(pcdiamag3)|ID(prmtan_neped)|LEVEL_RATE(gasa|cerqrott3)|PROD(ece37,ece39)|PROD(gasa,gasa)|PROD(pinj,cerqrott6)|PROD(prmtan_neped,prmtan_neped)|RATIO(ece21,prmtan_neped)|RATIO(fs03da,prmtan_neped)|RATIO(ip,ece22)|RECIP(cerqtit10)|RECIP(prmtan_neped)",12,0.16936506504813828,0.2018425740301609,A,0.2273724521199863,True,False
"ID(pcdiamag3)|ID(prmtan_neped)|LEVEL_RATE(gasa|gasb)|PROD(ece37,ece39)|PROD(gasa,gasa)|PROD(pinj,cerqrott6)|PROD(prmtan_neped,prmtan_neped)|RATIO(ece21,prmtan_neped)|RATIO(fs03da,prmtan_neped)|RATIO(ip,ece22)|RECIP(cerqtit10)|RECIP(prmtan_neped)",12,0.1698401981343826,0.20184727013111115,A,0.23266244232654582,True,False
"ID(pcdiamag3)|ID(prmtan_neped)|LEVEL_RATE(ece14|cerqtit8)|PROD(ece37,ece39)|PROD(gasa,gasa)|PROD(pinj,cerqrott6)|PROD(prmtan_neped,prmtan_neped)|RATIO(ece21,prmtan_neped)|RATIO(fs03da,prmtan_neped)|RATIO(ip,ece22)|RECIP(cerqtit10)|RECIP(prmtan_neped)",12,0.16971198078244926,0.20201493799686432,A,0.22964532176653554,True,False
"ID(pcdiamag3)|ID(prmtan_neped)|LEVEL_RATE(cerqrott12|cerqtit8)|PROD(ece37,ece39)|PROD(prmtan_neped,cerqtit6)|PROD(prmtan_neped,ece39)|RATIO(cerqrott12,cerqtit10)|RATIO(ip,bt)|RATIO(ip,ece22)|RATIO(pinj_33r,cerqtit10)|RATIO(prmtan_neped,cerqtit10)|RECIP(bt)",12,0.1738358112672965,0.20202244967222213,A,0.2562797809640567,True,False
"ID(pcdiamag3)|ID(prmtan_neped)|LEVEL_RATE(ece16|ece35)|PROD(ece37,ece39)|PROD(prmtan_neped,cerqtit6)|PROD(prmtan_neped,ece39)|RATIO(cerqrott12,cerqtit10)|RATIO(ip,bt)|RATIO(ip,ece22)|RATIO(pinj_33r,cerqtit10)|RATIO(prmtan_neped,cerqtit10)|RECIP(bt)",12,0.1753112046668927,0.20210629105567932,A,0.2581436946988106,True,False
"ID(pcdiamag3)|ID(prmtan_neped)|LEVEL_RATE(fs03da|ip)|PROD(ece37,ece39)|PROD(prmtan_neped,cerqtit6)|PROD(prmtan_neped,ece39)|RATIO(cerqrott12,cerqtit10)|RATIO(ip,bt)|RATIO(ip,ece22)|RATIO(pinj_33r,cerqtit10)|RATIO(prmtan_neped,cerqtit10)|RECIP(bt)",12,0.17584401157995067,0.2021890301257372,A,0.26107206294933955,True,False
"ID(pcdiamag3)|ID(prmtan_neped)|LEVEL_RATE(ece16|ip)|PROD(ece37,ece39)|PROD(prmtan_neped,cerqtit6)|PROD(prmtan_neped,ece39)|RATIO(cerqrott12,cerqtit10)|RATIO(ip,bt)|RATIO(ip,ece22)|RATIO(pinj_33r,cerqtit10)|RATIO(prmtan_neped,cerqtit10)|RECIP(bt)",12,0.17512579013903937,0.20223835445940494,A,0.2611066244542599,True,False
"ID(pcdiamag3)|ID(prmtan_neped)|LEVEL_RATE(gasa|ece25)|PROD(ece37,ece39)|PROD(prmtan_neped,cerqtit6)|PROD(prmtan_neped,ece39)|RATIO(cerqrott12,cerqtit10)|RATIO(ip,bt)|RATIO(ip,ece22)|RATIO(pinj_33r,cerqtit10)|RATIO(prmtan_neped,cerqtit10)|RECIP(bt)",12,0.17561100975920757,0.2022858526557684,A,0.2557814156015714,True,False
"ID(pcdiamag3)|PROD(ece37,ece39)|PROD(gasa,gasa)|PROD(pinj,cerqrott6)|PROD(prmtan_neped,prmtan_neped)|RATIO(ece21,prmtan_neped)|RATIO(fs03da,prmtan_neped)|RATIO(ip,ece22)|RATIO(prmtan_neped,bt)|RECIP(cerqtit10)|RECIP(prmtan_neped)",11,0.1707471875473857,0.20228686444461347,A,0.2545796434084575,True,False
"ID(pcdiamag3)|ID(prmtan_neped)|LEVEL_RATE(prmtan_neped|cerqtit6)|PROD(ece37,ece39)|PROD(gasa,gasa)|PROD(pinj,cerqrott6)|PROD(prmtan_neped,prmtan_neped)|RATIO(ece21,prmtan_neped)|RATIO(fs03da,prmtan_neped)|RATIO(ip,ece22)|RECIP(cerqtit10)|RECIP(prmtan_neped)",12,0.17019964698702097,0.20228938050568104,A,0.22983517497777947,True,False
"ID(pcdiamag3)|PROD(bt,bt)|PROD(fs03da,cerqtit11)|PROD(gasa,ece1)|PROD(ip,prmtan_neped)|PROD(prmtan_neped,ece39)|PROD(prmtan_neped,prmtan_neped)|RATIO(fs03da,prmtan_neped)|RATIO(gasa,ece6)|RATIO(ip,ece22)|RATIO(prmtan_neped,cerqtit10)",11,0.17448502574115993,0.202360774949193,A,0.24867624888817474,True,False
"ID(pcdiamag3)|ID(prmtan_neped)|PROD(ece37,ece39)|PROD(prmtan_neped,cerqtit6)|PROD(prmtan_neped,ece39)|RATIO(cerqrott12,cerqtit10)|RATIO(ip,bt)|RATIO(ip,ece22)|RATIO(pinj_33r,cerqtit10)|RATIO(pinj_33r,cerqtit11)|RATIO(prmtan_neped,cerqtit10)|RECIP(bt)",12,0.175030898116529,0.2023754045367241,A,0.25852120692531266,False,False
"ID(pcdiamag3)|ID(prmtan_neped)|LEVEL_RATE(cerqrott12|cerqtit8)|PROD(ece37,ece39)|PROD(gasa,gasa)|PROD(pinj,cerqrott6)|PROD(prmtan_neped,prmtan_neped)|RATIO(ece21,prmtan_neped)|RATIO(fs03da,prmtan_neped)|RATIO(ip,ece22)|RECIP(cerqtit10)|RECIP(prmtan_neped)",12,0.1695786173765858,0.2024749457836151,A,0.2225007394949596,True,False
"ID(pcdiamag3)|ID(prmtan_neped)|LEVEL_RATE(pinj_30r|ece39)|PROD(ece37,ece39)|PROD(prmtan_neped,cerqtit6)|PROD(prmtan_neped,ece39)|RATIO(cerqrott12,cerqtit10)|RATIO(ip,bt)|RATIO(ip,ece22)|RATIO(pinj_33r,cerqtit10)|RATIO(prmtan_neped,cerqtit10)|RECIP(bt)",12,0.17477790645013253,0.20250597931444644,A,0.26122800732652346,True,False
"ID(pcdiamag3)|ID(prmtan_neped)|PROD(ece37,ece39)|PROD(gasa,gasa)|PROD(pinj,cerqrott6)|PROD(prmtan_neped,cerqtit6)|PROD(prmtan_neped,prmtan_neped)|RATIO(ece21,prmtan_neped)|RATIO(fs03da,prmtan_neped)|RATIO(ip,ece22)|RECIP(cerqtit10)|RECIP(prmtan_neped)",12,0.1697752257809043,0.20253555960953235,A,0.21360456446806594,True,False
"ID(pcdiamag3)|ID(prmtan_neped)|PROD(ece37,ece39)|PROD(prmtan_neped,cerqtit6)|PROD(prmtan_neped,ece39)|RATE_OVER_LEVEL(ip|ip)|RATIO(cerqrott12,cerqtit10)|RATIO(ip,bt)|RATIO(ip,ece22)|RATIO(pinj_33r,cerqtit10)|RATIO(prmtan_neped,cerqtit10)|RECIP(bt)",12,0.17536715051780144,0.20255000069737433,A,0.26140960281093917,True,False
"ID(pcdiamag3)|ID(prmtan_neped)|LEVEL_RATE(bt|ip)|PROD(ece37,ece39)|PROD(prmtan_neped,cerqtit6)|PROD(prmtan_neped,ece39)|RATIO(cerqrott12,cerqtit10)|RATIO(ip,bt)|RATIO(ip,ece22)|RATIO(pinj_33r,cerqtit10)|RATIO(prmtan_neped,cerqtit10)|RECIP(bt)",12,0.17538590126981338,0.20263332389295102,A,0.26142136330405874,True,False
"DOT(ip)|ID(pcdiamag3)|ID(prmtan_neped)|PROD(ece37,ece39)|PROD(prmtan_neped,cerqtit6)|PROD(prmtan_neped,ece39)|RATIO(cerqrott12,cerqtit10)|RATIO(ip,bt)|RATIO(ip,ece22)|RATIO(pinj_33r,cerqtit10)|RATIO(prmtan_neped,cerqtit10)|RECIP(bt)",12,0.17538476766397557,0.20263575278222562,A,0.26142343158523246,True,False
"ID(pcdiamag3)|ID(prmtan_neped)|PROD(ece37,ece39)|PROD(prmtan_neped,cerqtit6)|PROD(prmtan_neped,ece39)|RATIO(cerqrott12,cerqtit10)|RATIO(cerqrott12,cerqtit11)|RATIO(ip,bt)|RATIO(ip,ece22)|RATIO(pinj_33r,cerqtit10)|RATIO(prmtan_neped,cerqtit10)|RECIP(bt)",12,0.17548509227732817,0.20272526405751706,A,0.26007409517963725,True,False
"ID(pcdiamag3)|PROD(bt,bt)|PROD(fs03da,cerqtit11)|PROD(gasa,ece1)|PROD(ip,prmtan_neped)|PROD(pinj,pinj_30l)|PROD(prmtan_neped,ece39)|PROD(prmtan_neped,prmtan_neped)|RATIO(fs03da,prmtan_neped)|RATIO(ip,ece22)|RATIO(prmtan_neped,cerqtit10)",11,0.1724242198591431,0.20279022343456746,A,0.2555855547388395,False,False
"ID(pcdiamag3)|ID(prmtan_neped)|PROD(ece36,ece39)|PROD(ece37,ece39)|PROD(gasa,gasa)|PROD(pinj,cerqrott6)|PROD(prmtan_neped,prmtan_neped)|RATIO(ece21,prmtan_neped)|RATIO(fs03da,prmtan_neped)|RATIO(ip,ece22)|RECIP(cerqtit10)|RECIP(prmtan_neped)",12,0.1673578631132841,0.2028536729514599,A,0.23524568428595868,True,False
"ID(pcdiamag3)|ID(prmtan_neped)|PROD(ece37,ece39)|PROD(prmtan_neped,cerqtit6)|PROD(prmtan_neped,ece39)|RATE_OVER_LEVEL(ece37|cerqtit10)|RATIO(cerqrott12,cerqtit10)|RATIO(ip,bt)|RATIO(ip,ece22)|RATIO(pinj_33r,cerqtit10)|RATIO(prmtan_neped,cerqtit10)|RECIP(bt)",12,0.17490017985304196,0.2028649877756834,A,0.2534707744916281,True,False
"ID(pcdiamag3)|ID(prmtan_neped)|LEVEL_RATE(pinj_33r|ip)|PROD(ece37,ece39)|PROD(prmtan_neped,cerqtit6)|PROD(prmtan_neped,ece39)|RATIO(cerqrott12,cerqtit10)|RATIO(ip,bt)|RATIO(ip,ece22)|RATIO(pinj_33r,cerqtit10)|RATIO(prmtan_neped,cerqtit10)|RECIP(bt)",12,0.1754948406169812,0.2028901644051075,A,0.2611319762965043,True,False
"DOT(ece33)|ID(pcdiamag3)|PROD(bt,bt)|PROD(fs03da,cerqtit11)|PROD(gasa,ece1)|PROD(ip,prmtan_neped)|PROD(prmtan_neped,ece39)|PROD(prmtan_neped,prmtan_neped)|RATIO(fs03da,prmtan_neped)|RATIO(gasd,bt)|RATIO(ip,ece22)|RATIO(prmtan_neped,cerqtit10)",12,0.17316873793800672,0.202911776676774,A,0.23758306552966435,False,False
"ID(pcdiamag3)|LEVEL_RATE(bt|ece33)|PROD(bt,bt)|PROD(fs03da,cerqtit11)|PROD(gasa,ece1)|PROD(ip,prmtan_neped)|PROD(prmtan_neped,ece39)|PROD(prmtan_neped,prmtan_neped)|RATIO(fs03da,prmtan_neped)|RATIO(gasd,bt)|RATIO(ip,ece22)|RATIO(prmtan_neped,cerqtit10)",12,0.17317651584744453,0.20293559692800045,A,0.23760132888952892,False,False
"ID(pcdiamag3)|ID(prmtan_neped)|LEVEL_RATE(fs03da|cerqrott6)|PROD(ece37,ece39)|PROD(gasa,gasa)|PROD(pinj,cerqrott6)|PROD(prmtan_neped,prmtan_neped)|RATIO(ece21,prmtan_neped)|RATIO(fs03da,prmtan_neped)|RATIO(ip,ece22)|RECIP(cerqtit10)|RECIP(prmtan_neped)",12,0.17093863605211176,0.2029793243855238,A,0.23018950223922738,True,False
"ID(pcdiamag3)|ID(prmtan_neped)|PROD(ece37,ece39)|PROD(gasa,gasa)|PROD(pinj,cerqrott6)|PROD(prmtan_neped,prmtan_neped)|RATIO(ece21,prmtan_neped)|RATIO(fs03da,prmtan_neped)|RATIO(ip,ece22)|RATIO(pinj_33r,cerqtit10)|RECIP(cerqtit10)|RECIP(prmtan_neped)",12,0.17028517387807368,0.20303377248346804,A,0.23407263159751907,True,False
"ID(pcdiamag3)|ID(prmtan_neped)|LEVEL_RATE(fs03da|gasd)|PROD(ece37,ece39)|PROD(prmtan_neped,cerqtit6)|PROD(prmtan_neped,ece39)|RATIO(cerqrott12,cerqtit10)|RATIO(ip,bt)|RATIO(ip,ece22)|RATIO(pinj_33r,cerqtit10)|RATIO(prmtan_neped,cerqtit10)|RECIP(bt)",12,0.1758770744005839,0.20305447466671467,A,0.2618028302987417,True,False
"ID(pcdiamag3)|ID(prmtan_neped)|LEVEL_RATE(ece16|ece35)|PROD(ece37,ece39)|PROD(gasa,gasa)|PROD(pinj,cerqrott6)|PROD(prmtan_neped,prmtan_neped)|RATIO(ece21,prmtan_neped)|RATIO(fs03da,prmtan_neped)|RATIO(ip,ece22)|RECIP(cerqtit10)|RECIP(prmtan_neped)",12,0.16994213685393333,0.20305659994482994,A,0.22936249872048706,True,False
"ID(pcdiamag3)|PROD(bt,bt)|PROD(fs03da,cerqtit11)|PROD(gasa,ece1)|PROD(ip,prmtan_neped)|PROD(prmtan_neped,ece39)|PROD(prmtan_neped,prmtan_neped)|RATE_OVER_LEVEL(ece33|prmtan_neped)|RATIO(fs03da,prmtan_neped)|RATIO(gasd,bt)|RATIO(ip,ece22)|RATIO(prmtan_neped,cerqtit10)",12,0.17390991101662318,0.2030578289180994,A,0.23447748521963757,False,False
"ID(pcdiamag3)|ID(prmtan_neped)|LEVEL_RATE(cerqrott12|ip)|PROD(ece37,ece39)|PROD(prmtan_neped,cerqtit6)|PROD(prmtan_neped,ece39)|RATIO(cerqrott12,cerqtit10)|RATIO(ip,bt)|RATIO(ip,ece22)|RATIO(pinj_33r,cerqtit10)|RATIO(prmtan_neped,cerqtit10)|RECIP(bt)",12,0.17569158524274825,0.2030832353979349,A,0.26111317897836367,True,False
"ID(pcdiamag3)|ID(prmtan_neped)|LEVEL_RATE(gasa|cerqrott3)|PROD(ece37,ece39)|PROD(prmtan_neped,cerqtit6)|PROD(prmtan_neped,ece39)|RATIO(cerqrott12,cerqtit10)|RATIO(ip,bt)|RATIO(ip,ece22)|RATIO(pinj_33r,cerqtit10)|RATIO(prmtan_neped,cerqtit10)|RECIP(bt)",12,0.17431368430455524,0.20309239774942398,A,0.258967308451732,True,False
"ID(pcdiamag3)|ID(prmtan_neped)|PROD(ece37,ece39)|PROD(prmtan_neped,cerqtit6)|PROD(prmtan_neped,ece39)|RATIO(cerqrott12,cerqtit10)|RATIO(gasc,prmtan_neped)|RATIO(ip,bt)|RATIO(ip,ece22)|RATIO(pinj_33r,cerqtit10)|RATIO(prmtan_neped,cerqtit10)|RECIP(bt)",12,0.1759350138405959,0.2031965244561434,A,0.2622475544611613,True,False
"ID(pcdiamag3)|PROD(bt,bt)|PROD(fs03da,cerqtit11)|PROD(gasa,ece1)|PROD(ip,prmtan_neped)|PROD(prmtan_neped,ece39)|PROD(prmtan_neped,prmtan_neped)|RATE_OVER_LEVEL(ece33|ip)|RATIO(fs03da,prmtan_neped)|RATIO(gasd,bt)|RATIO(ip,ece22)|RATIO(prmtan_neped,cerqtit10)",12,0.17320778587212166,0.2032001081854105,A,0.2376224185029666,False,False
"ID(pcdiamag3)|ID(prmtan_neped)|LEVEL_RATE(cerqrott12|gasa)|PROD(ece37,ece39)|PROD(prmtan_neped,cerqtit6)|PROD(prmtan_neped,ece39)|RATIO(cerqrott12,cerqtit10)|RATIO(ip,bt)|RATIO(ip,ece22)|RATIO(pinj_33r,cerqtit10)|RATIO(prmtan_neped,cerqtit10)|RECIP(bt)",12,0.1757345871378978,0.20322583764791488,A,0.26137547940015793,True,False
"ID(pcdiamag3)|ID(prmtan_neped)|PROD(ece37,ece39)|PROD(prmtan_neped,cerqtit6)|PROD(prmtan_neped,ece39)|RATIO(cerqrott12,cerqtit10)|RATIO(ip,bt)|RATIO(ip,ece22)|RATIO(pinj_33r,cerqtit10)|RATIO(prmtan_neped,cerqtit10)|RECIP(bt)",11,0.17582098164906107,0.20324909649789333,A,0.2613995837668578,True,False
"ID(pcdiamag3)|ID(prmtan_neped)|PROD(ece37,ece39)|PROD(prmtan_neped,cerqtit6)|PROD(prmtan_neped,ece39)|RATE_OVER_LEVEL(ip|prmtan_neped)|RATIO(cerqrott12,cerqtit10)|RATIO(ip,bt)|RATIO(ip,ece22)|RATIO(pinj_33r,cerqtit10)|RATIO(prmtan_neped,cerqtit10)|RECIP(bt)",12,0.17596242775519688,0.20326194688677787,A,0.26285545751452444,True,False
"ID(pcdiamag3)|ID(prmtan_neped)|LEVEL_RATE(prmtan_neped|ip)|PROD(ece37,ece39)|PROD(prmtan_neped,cerqtit6)|PROD(prmtan_neped,ece39)|RATIO(cerqrott12,cerqtit10)|RATIO(ip,bt)|RATIO(ip,ece22)|RATIO(pinj_33r,cerqtit10)|RATIO(prmtan_neped,cerqtit10)|RECIP(bt)",12,0.1755719166249037,0.20326998569071292,A,0.26116639946897824,False,False
"ID(bt)|ID(pcdiamag3)|ID(prmtan_neped)|PROD(ece37,ece39)|PROD(prmtan_neped,cerqtit6)|PROD(prmtan_neped,ece39)|RATIO(cerqrott12,cerqtit10)|RATIO(ip,bt)|RATIO(ip,ece22)|RATIO(pinj_33r,cerqtit10)|RATIO(prmtan_neped,cerqtit10)",11,0.17582370496044555,0.20328272506594658,A,0.26130712255835536,True,False
"ID(pcdiamag3)|ID(prmtan_neped)|PROD(ece37,ece39)|PROD(prmtan_neped,cerqtit6)|PROD(prmtan_neped,ece39)|RATE_OVER_LEVEL(gasc|ip)|RATIO(cerqrott12,cerqtit10)|RATIO(ip,bt)|RATIO(ip,ece22)|RATIO(pinj_33r,cerqtit10)|RATIO(prmtan_neped,cerqtit10)|RECIP(bt)",12,0.17583129685372115,0.2032838925719261,A,0.26038721849521,True,False
"ID(pcdiamag3)|ID(prmtan_neped)|PROD(bt,bt)|PROD(ece37,ece39)|PROD(prmtan_neped,cerqtit6)|PROD(prmtan_neped,ece39)|RATIO(cerqrott12,cerqtit10)|RATIO(ip,bt)|RATIO(ip,ece22)|RATIO(pinj_33r,cerqtit10)|RATIO(prmtan_neped,cerqtit10)",11,0.17582522487888733,0.20329952463507653,A,0.261261285841465,True,False
"DOT(gasc)|ID(pcdiamag3)|ID(prmtan_neped)|PROD(ece37,ece39)|PROD(prmtan_neped,cerqtit6)|PROD(prmtan_neped,ece39)|RATIO(cerqrott12,cerqtit10)|RATIO(ip,bt)|RATIO(ip,ece22)|RATIO(pinj_33r,cerqtit10)|RATIO(prmtan_neped,cerqtit10)|RECIP(bt)",12,0.17583799057950578,0.20330009683966638,A,0.26038968538244567,True,False
"ID(pcdiamag3)|ID(prmtan_neped)|LEVEL_RATE(bt|gasc)|PROD(ece37,ece39)|PROD(prmtan_neped,cerqtit6)|PROD(prmtan_neped,ece39)|RATIO(cerqrott12,cerqtit10)|RATIO(ip,bt)|RATIO(ip,ece22)|RATIO(pinj_33r,cerqtit10)|RATIO(prmtan_neped,cerqtit10)|RECIP(bt)",12,0.17583793302377065,0.20330059491097927,A,0.26038593078653016,True,False
"ID(pcdiamag3)|ID(prmtan_neped)|PROD(ece37,ece39)|PROD(prmtan_neped,cerqtit6)|PROD(prmtan_neped,ece39)|RATIO(cerqrott12,cerqtit10)|RATIO(ip,bt)|RATIO(ip,ece22)|RATIO(pinj,ece37)|RATIO(pinj_33r,cerqtit10)|RATIO(prmtan_neped,cerqtit10)|RECIP(bt)",12,0.17582767711331448,0.2033222012221813,A,0.26449301913380624,False,False
"ID(pcdiamag3)|ID(prmtan_neped)|LEVEL_RATE(prmtan_neped|gasc)|PROD(ece37,ece39)|PROD(prmtan_neped,cerqtit6)|PROD(prmtan_neped,ece39)|RATIO(cerqrott12,cerqtit10)|RATIO(ip,bt)|RATIO(ip,ece22)|RATIO(pinj_33r,cerqtit10)|RATIO(prmtan_neped,cerqtit10)|RECIP(bt)",12,0.1759047773977121,0.20337217897176743,A,0.260271376123031,True,False
"ID(pcdiamag3)|ID(prmtan_neped)|LEVEL_RATE(pinj|gasc)|PROD(ece37,ece39)|PROD(prmtan_neped,cerqtit6)|PROD(prmtan_neped,ece39)|RATIO(cerqrott12,cerqtit10)|RATIO(ip,bt)|RATIO(ip,ece22)|RATIO(pinj_33r,cerqtit10)|RATIO(prmtan_neped,cerqtit10)|RECIP(bt)",12,0.17585172603527705,0.20337842404842377,A,0.26032084276278816,True,False
"ID(pcdiamag3)|ID(prmtan_neped)|PROD(ece37,ece39)|PROD(gasa,gasa)|PROD(pinj,cerqrott6)|PROD(prmtan_neped,prmtan_neped)|PROD(prmtan_neped,prmtan_teped)|RATIO(ece21,prmtan_neped)|RATIO(fs03da,prmtan_neped)|RATIO(ip,ece22)|RECIP(cerqtit10)|RECIP(prmtan_neped)",12,0.17003555030872425,0.2034153040498495,A,0.23273951212565114,True,False
"ID(pcdiamag3)|ID(prmtan_neped)|LEVEL_RATE(fs03da|ece1)|PROD(ece37,ece39)|PROD(prmtan_neped,cerqtit6)|PROD(prmtan_neped,ece39)|RATIO(cerqrott12,cerqtit10)|RATIO(ip,bt)|RATIO(ip,ece22)|RATIO(pinj_33r,cerqtit10)|RATIO(prmtan_neped,cerqtit10)|RECIP(bt)",12,0.17543502648671466,0.2034383799880743,A,0.2616698975364367,False,False
"ID(pcdiamag3)|ID(prmtan_neped)|PROD(ece37,ece39)|PROD(gasa,gasa)|PROD(pinj,cerqrott6)|PROD(prmtan_neped,prmtan_neped)|RATIO(ece21,prmtan_neped)|RATIO(fs03da,prmtan_neped)|RATIO(ip,ece22)|RATIO(pinj_33r,prmtan_neped)|RECIP(cerqtit10)|RECIP(prmtan_neped)",12,0.1702140063668291,0.2035061813890934,A,0.2336426501472792,True,False
"ID(pcdiamag3)|ID(prmtan_neped)|PROD(ece37,ece39)|PROD(prmtan_neped,cerqtit6)|PROD(prmtan_neped,ece39)|PROD(prmtan_neped,gasc)|RATIO(cerqrott12,cerqtit10)|RATIO(ip,bt)|RATIO(ip,ece22)|RATIO(pinj_33r,cerqtit10)|RATIO(prmtan_neped,cerqtit10)|RECIP(bt)",12,0.17585688605904579,0.20356471613049507,A,0.26108113378286363,True,False
"ID(pcdiamag3)|ID(prmtan_neped)|LEVEL_RATE(cerqrott12|ece33)|PROD(ece37,ece39)|PROD(gasa,gasa)|PROD(pinj,cerqrott6)|PROD(prmtan_neped,prmtan_neped)|RATIO(ece21,prmtan_neped)|RATIO(fs03da,prmtan_neped)|RATIO(ip,ece22)|RECIP(cerqtit10)|RECIP(prmtan_neped)",12,0.1699482288211584,0.2035872895270586,A,0.22441047479709006,True,False
"ID(pcdiamag3)|ID(prmtan_neped)|PROD(ece37,ece39)|PROD(prmtan_neped,cerqtit6)|PROD(prmtan_neped,ece39)|RATE_OVER_LEVEL(ip|ece1)|RATIO(cerqrott12,cerqtit10)|RATIO(ip,bt)|RATIO(ip,ece22)|RATIO(pinj_33r,cerqtit10)|RATIO(prmtan_neped,cerqtit10)|RECIP(bt)",12,0.17606117812295755,0.20363146029412746,A,0.26350619544585546,False,False
"ID(pcdiamag3)|ID(prmtan_neped)|PROD(ece37,ece39)|PROD(prmtan_neped,cerqtit6)|PROD(prmtan_neped,ece39)|RATE_OVER_LEVEL(ip|cerqtit10)|RATIO(cerqrott12,cerqtit10)|RATIO(ip,bt)|RATIO(ip,ece22)|RATIO(pinj_33r,cerqtit10)|RATIO(prmtan_neped,cerqtit10)|RECIP(bt)",12,0.17606147304177283,0.20364949963986873,A,0.26316484808921814,False,False
"ID(pcdiamag3)|PROD(bt,bt)|PROD(fs03da,cerqtit11)|PROD(gasa,ece1)|PROD(ip,prmtan_neped)|PROD(prmtan_neped,ece39)|PROD(prmtan_neped,prmtan_neped)|RATE_OVER_LEVEL(ece33|ece39)|RATIO(fs03da,prmtan_neped)|RATIO(gasd,bt)|RATIO(ip,ece22)|RATIO(prmtan_neped,cerqtit10)",12,0.17361472720901172,0.2037122927606106,A,0.23603302687406538,False,False
"ID(pcdiamag3)|PROD(bt,bt)|PROD(fs03da,cerqtit11)|PROD(fs03da,ece39)|PROD(gasa,ece1)|PROD(ip,prmtan_neped)|PROD(prmtan_neped,ece39)|PROD(prmtan_neped,prmtan_neped)|RATIO(fs03da,prmtan_neped)|RATIO(gasd,bt)|RATIO(ip,ece22)|RATIO(prmtan_neped,cerqtit10)",12,0.1750850229834517,0.20372630469501019,A,0.23611527979373934,False,False
"ID(pcdiamag3)|ID(prmtan_neped)|PROD(ece37,ece39)|PROD(prmtan_neped,cerqtit6)|PROD(prmtan_neped,ece39)|RATE_OVER_LEVEL(cerqrott3|prmtan_neped)|RATIO(cerqrott12,cerqtit10)|RATIO(ip,bt)|RATIO(ip,ece22)|RATIO(pinj_33r,cerqtit10)|RATIO(prmtan_neped,cerqtit10)|RECIP(bt)",12,0.17501158347974222,0.203804587200284,A,0.2571259732047717,True,False
"ID(pcdiamag3)|ID(prmtan_neped)|LEVEL_RATE(ece14|cerqtit8)|PROD(ece37,ece39)|PROD(prmtan_neped,cerqtit6)|PROD(prmtan_neped,ece39)|RATIO(cerqrott12,cerqtit10)|RATIO(ip,bt)|RATIO(ip,ece22)|RATIO(pinj_33r,cerqtit10)|RATIO(prmtan_neped,cerqtit10)|RECIP(bt)",12,0.1751318254818519,0.20381454713642597,A,0.2656095169484615,False,False
"ID(pcdiamag3)|ID(prmtan_neped)|PROD(ece37,ece39)|PROD(prmtan_neped,cerqtit6)|PROD(prmtan_neped,ece39)|RATIO(bt,ip)|RATIO(cerqrott12,cerqtit10)|RATIO(ip,bt)|RATIO(ip,ece22)|RATIO(pinj_33r,cerqtit10)|RATIO(prmtan_neped,cerqtit10)|RECIP(bt)",12,0.1759728859489163,0.20401612259447574,A,0.25397344852487247,False,False
"ID(pcdiamag3)|ID(prmtan_neped)|PROD(ece37,ece39)|PROD(prmtan_neped,cerqtit6)|PROD(prmtan_neped,ece39)|RATE_OVER_LEVEL(cerqrott3|ece1)|RATIO(cerqrott12,cerqtit10)|RATIO(ip,bt)|RATIO(ip,ece22)|RATIO(pinj_33r,cerqtit10)|RATIO(prmtan_neped,cerqtit10)|RECIP(bt)",12,0.17571080171813566,0.20404457598924636,A,0.25522915795445444,True,False
"ID(pcdiamag3)|ID(prmtan_neped)|LEVEL_RATE(pinj_30r|cerqrott3)|PROD(ece37,ece39)|PROD(prmtan_neped,cerqtit6)|PROD(prmtan_neped,ece39)|RATIO(cerqrott12,cerqtit10)|RATIO(ip,bt)|RATIO(ip,ece22)|RATIO(pinj_33r,cerqtit10)|RATIO(prmtan_neped,cerqtit10)|RECIP(bt)",12,0.175520725051562,0.20405987165868283,A,0.26194273332754775,True,False
"ID(gasd)|ID(pcdiamag3)|PROD(bt,bt)|PROD(fs03da,cerqtit11)|PROD(gasa,ece1)|PROD(ip,prmtan_neped)|PROD(prmtan_neped,ece39)|PROD(prmtan_neped,prmtan_neped)|RATIO(fs03da,prmtan_neped)|RATIO(gasd,bt)|RATIO(ip,ece22)|RATIO(prmtan_neped,cerqtit10)",12,0.17315033338963987,0.20409563556313515,A,0.24662848313649496,False,False
"ID(pcdiamag3)|ID(prmtan_neped)|LEVEL_RATE(gasa|ip)|PROD(ece37,ece39)|PROD(prmtan_neped,cerqtit6)|PROD(prmtan_neped,ece39)|RATIO(cerqrott12,cerqtit10)|RATIO(ip,bt)|RATIO(ip,ece22)|RATIO(pinj_33r,cerqtit10)|RATIO(prmtan_neped,cerqtit10)|RECIP(bt)",12,0.17624220636983715,0.20410620868206025,A,0.26128497545917834,False,False
"ID(pcdiamag3)|PROD(bt,cerqtit6)|PROD(ece37,ece39)|PROD(gasa,ece1)|PROD(ip,prmtan_neped)|PROD(pinj,cerqrott6)|PROD(prmtan_neped,ece39)|PROD(prmtan_neped,prmtan_neped)|RATIO(fs03da,prmtan_neped)|RATIO(gasa,ece6)|RATIO(ip,bt)|RATIO(ip,ece22)",12,0.17003454826772213,0.20421723574399947,A,0.24688390791416173,False,False
"ID(pcdiamag3)|ID(prmtan_neped)|PROD(ece37,ece39)|PROD(pinj,pinj_30l)|PROD(prmtan_neped,cerqtit6)|PROD(prmtan_neped,ece39)|RATIO(cerqrott12,cerqtit10)|RATIO(ip,bt)|RATIO(ip,ece22)|RATIO(pinj_33r,cerqtit10)|RATIO(prmtan_neped,cerqtit10)|RECIP(bt)",12,0.17517667102317017,0.20422219187021257,A,0.26134183183312415,False,False
"ID(pcdiamag3)|ID(prmtan_neped)|PROD(ece37,ece39)|PROD(prmtan_neped,cerqtit6)|PROD(prmtan_neped,ece39)|RATE_OVER_LEVEL(cerqrott3|cerqtit10)|RATIO(cerqrott12,cerqtit10)|RATIO(ip,bt)|RATIO(ip,ece22)|RATIO(pinj_33r,cerqtit10)|RATIO(prmtan_neped,cerqtit10)|RECIP(bt)",12,0.17545842844992873,0.20422536730766297,A,0.2551176997522513,False,False
"ID(cerqtit6)|ID(pcdiamag3)|PROD(ece37,ece39)|PROD(gasa,ece1)|PROD(ip,prmtan_neped)|PROD(pinj,cerqrott6)|PROD(prmtan_neped,ece39)|PROD(prmtan_neped,prmtan_neped)|RATIO(fs03da,prmtan_neped)|RATIO(gasa,ece6)|RATIO(ip,bt)|RATIO(ip,ece22)",12,0.17005808514853318,0.204288824275136,A,0.24663588032126432,False,False
"ID(pcdiamag3)|ID(prmtan_neped)|PROD(ece37,ece39)|PROD(gasa,gasa)|PROD(pinj,cerqrott6)|PROD(prmtan_neped,prmtan_neped)|RATE_OVER_LEVEL(ece33|ip)|RATIO(ece21,prmtan_neped)|RATIO(fs03da,prmtan_neped)|RATIO(ip,ece22)|RECIP(cerqtit10)|RECIP(prmtan_neped)",12,0.16982223425681392,0.20430811420083045,A,0.2285749708612761,True,False
"ID(pcdiamag3)|ID(prmtan_neped)|PROD(ece37,ece39)|PROD(prmtan_neped,cerqtit6)|PROD(prmtan_neped,ece39)|RATIO(cerqrott12,cerqtit10)|RATIO(ip,bt)|RATIO(ip,ece22)|RATIO(pinj_33r,cerqtit10)|RATIO(prmtan_neped,cerqtit10)|RECIP(bt)|RECIP(ip)",12,0.17608854522307715,0.20449419729411603,A,0.2538938770691554,False,False
"ID(pcdiamag3)|PROD(ece37,ece39)|PROD(fs04,gasc)|PROD(gasa,ece1)|PROD(ip,prmtan_neped)|PROD(pinj,cerqrott6)|PROD(prmtan_neped,ece39)|PROD(prmtan_neped,prmtan_neped)|RATIO(fs03da,prmtan_neped)|RATIO(gasa,ece6)|RATIO(ip,ece22)",11,0.17729051603625218,0.20450412165373563,A,0.2899913740654787,True,False
"ID(pcdiamag3)|ID(prmtan_neped)|PROD(ece37,ece39)|PROD(gasa,gasa)|PROD(pinj,cerqrott6)|PROD(prmtan_neped,prmtan_neped)|RATE_OVER_LEVEL(cerqrott3|ip)|RATIO(ece21,prmtan_neped)|RATIO(fs03da,prmtan_neped)|RATIO(ip,ece22)|RECIP(cerqtit10)|RECIP(prmtan_neped)",12,0.17207291300098101,0.20451009906828405,A,0.2296673561135929,True,False
"ID(pcdiamag3)|ID(prmtan_neped)|PROD(ece37,ece39)|PROD(prmtan_neped,cerqtit6)|PROD(prmtan_neped,ece39)|RATIO(cerqrott12,cerqtit10)|RATIO(ip,bt)|RATIO(ip,ece22)|RATIO(pinj_33r,cerqtit10)|RATIO(pinj_33r,prmtan_neped)|RATIO(prmtan_neped,cerqtit10)|RECIP(bt)",12,0.17616695314645767,0.20455668196082116,A,0.26156703978776935,False,False
"DOT(ece33)|ID(pcdiamag3)|ID(prmtan_neped)|PROD(ece37,ece39)|PROD(gasa,gasa)|PROD(pinj,cerqrott6)|PROD(prmtan_neped,prmtan_neped)|RATIO(ece21,prmtan_neped)|RATIO(fs03da,prmtan_neped)|RATIO(ip,ece22)|RECIP(cerqtit10)|RECIP(prmtan_neped)",12,0.16994161047041417,0.20457536168396473,A,0.22850391318400712,True,False
"ID(pcdiamag3)|ID(prmtan_neped)|LEVEL_RATE(bt|ece33)|PROD(ece37,ece39)|PROD(gasa,gasa)|PROD(pinj,cerqrott6)|PROD(prmtan_neped,prmtan_neped)|RATIO(ece21,prmtan_neped)|RATIO(fs03da,prmtan_neped)|RATIO(ip,ece22)|RECIP(cerqtit10)|RECIP(prmtan_neped)",12,0.1699562773418923,0.20460063442587853,A,0.22853213946024586,True,False
"DOT(cerqrott3)|ID(pcdiamag3)|ID(prmtan_neped)|PROD(ece37,ece39)|PROD(gasa,gasa)|PROD(pinj,cerqrott6)|PROD(prmtan_neped,prmtan_neped)|RATIO(ece21,prmtan_neped)|RATIO(fs03da,prmtan_neped)|RATIO(ip,ece22)|RECIP(cerqtit10)|RECIP(prmtan_neped)",12,0.172196824165682,0.20468970872461795,A,0.2296950682997705,True,False
"ID(pcdiamag3)|ID(prmtan_neped)|LEVEL_RATE(bt|cerqrott3)|PROD(ece37,ece39)|PROD(gasa,gasa)|PROD(pinj,cerqrott6)|PROD(prmtan_neped,prmtan_neped)|RATIO(ece21,prmtan_neped)|RATIO(fs03da,prmtan_neped)|RATIO(ip,ece22)|RECIP(cerqtit10)|RECIP(prmtan_neped)",12,0.17220445020745195,0.20470098741352558,A,0.22969869871934268,True,False
"ID(pcdiamag3)|PROD(bt,bt)|PROD(bt,gasd)|PROD(fs03da,cerqtit11)|PROD(gasa,ece1)|PROD(ip,prmtan_neped)|PROD(prmtan_neped,ece39)|PROD(prmtan_neped,prmtan_neped)|RATIO(fs03da,prmtan_neped)|RATIO(gasd,bt)|RATIO(ip,ece22)|RATIO(prmtan_neped,cerqtit10)",12,0.1735434191301465,0.20484004206955433,A,0.24699428031841916,False,False
"ID(pcdiamag3)|ID(prmtan_neped)|PROD(ece37,ece39)|PROD(prmtan_neped,cerqtit6)|PROD(prmtan_neped,ece39)|RATIO(cerqrott12,cerqtit10)|RATIO(ip,bt)|RATIO(ip,ece22)|RATIO(pinj,bt)|RATIO(pinj_33r,cerqtit10)|RATIO(prmtan_neped,cerqtit10)|RECIP(bt)",12,0.1758790132900079,0.20489378422498702,A,0.2654244420429071,False,False
"ID(pcdiamag3)|ID(prmtan_neped)|PROD(ece37,ece39)|PROD(gasa,gasa)|PROD(pinj,cerqrott6)|PROD(prmtan_neped,prmtan_neped)|RATIO(ece21,prmtan_neped)|RATIO(fs03da,prmtan_neped)|RATIO(ip,ece22)|RECIP(cerqtit10)|RECIP(cerqtit11)|RECIP(prmtan_neped)",12,0.1708690197827915,0.20490408390760423,A,0.23148040920495996,False,False
"ID(pcdiamag3)|ID(pinj)|ID(prmtan_neped)|PROD(ece37,ece39)|PROD(prmtan_neped,cerqtit6)|PROD(prmtan_neped,ece39)|RATIO(cerqrott12,cerqtit10)|RATIO(ip,bt)|RATIO(ip,ece22)|RATIO(pinj_33r,cerqtit10)|RATIO(prmtan_neped,cerqtit10)|RECIP(bt)",12,0.1758838435014089,0.2049136206507683,A,0.265423725048701,False,False
"ID(pcdiamag3)|ID(prmtan_neped)|PROD(ece37,ece39)|PROD(prmtan_neped,cerqtit6)|PROD(prmtan_neped,ece39)|RATIO(cerqrott12,cerqtit10)|RATIO(ip,bt)|RATIO(ip,ece22)|RATIO(pinj_33r,cerqtit10)|RATIO(prmtan_neped,cerqtit10)|RATIO(prmtan_teped,prmtan_neped)|RECIP(bt)",12,0.17591099652151265,0.2049312934279442,A,0.2611999347805977,False,False
"ID(pcdiamag3)|PROD(ece37,ece39)|PROD(fs04,pinj)|PROD(gasa,ece1)|PROD(ip,prmtan_neped)|PROD(pinj,cerqrott6)|PROD(prmtan_neped,ece39)|PROD(prmtan_neped,prmtan_neped)|RATIO(fs03da,prmtan_neped)|RATIO(gasa,ece6)|RATIO(ip,bt)|RATIO(ip,ece22)",12,0.1681472617511948,0.20500482991337776,A,0.23796112189690274,False,False
"ID(pcdiamag3)|PROD(bt,bt)|PROD(fs03da,cerqtit11)|PROD(fs04,gasc)|PROD(gasa,ece1)|PROD(ip,prmtan_neped)|PROD(prmtan_neped,ece39)|PROD(prmtan_neped,prmtan_neped)|RATIO(fs03da,prmtan_neped)|RATIO(ip,ece22)|RATIO(prmtan_neped,cerqtit10)",11,0.17522579034169516,0.20506559051573275,A,0.24608744283517203,False,False
"ID(pcdiamag3)|PROD(ece37,ece39)|PROD(gasa,ece1)|PROD(ip,prmtan_neped)|PROD(pinj,cerqrott6)|PROD(prmtan_neped,ece39)|PROD(prmtan_neped,prmtan_neped)|RATE_OVER_LEVEL(gasa|cerqtit3)|RATIO(fs03da,prmtan_neped)|RATIO(gasa,ece6)|RATIO(ip,ece22)",11,0.17668836178878944,0.20507149919867515,A,0.29261862188577653,True,False
"ID(pcdiamag3)|LEVEL_RATE(cerqrott12|ece33)|PROD(bt,bt)|PROD(fs03da,cerqtit11)|PROD(gasa,ece1)|PROD(ip,prmtan_neped)|PROD(prmtan_neped,ece39)|PROD(prmtan_neped,prmtan_neped)|RATIO(fs03da,prmtan_neped)|RATIO(ip,ece22)|RATIO(prmtan_neped,cerqtit10)",11,0.17393726867934067,0.2050854153931141,A,0.25042753467957185,False,False
"DOT(ece33)|ID(pcdiamag3)|ID(prmtan_neped)|PROD(ece37,ece39)|PROD(prmtan_neped,cerqtit6)|PROD(prmtan_neped,ece39)|RATIO(cerqrott12,cerqtit10)|RATIO(ip,bt)|RATIO(ip,ece22)|RATIO(pinj_33r,cerqtit10)|RATIO(prmtan_neped,cerqtit10)|RECIP(bt)",12,0.17620322617391743,0.20511794239282607,A,0.2558233583966891,False,False
"ID(pcdiamag3)|ID(prmtan_neped)|LEVEL_RATE(bt|ece33)|PROD(ece37,ece39)|PROD(prmtan_neped,cerqtit6)|PROD(prmtan_neped,ece39)|RATIO(cerqrott12,cerqtit10)|RATIO(ip,bt)|RATIO(ip,ece22)|RATIO(pinj_33r,cerqtit10)|RATIO(prmtan_neped,cerqtit10)|RECIP(bt)",12,0.17620705695201955,0.20513075739145278,A,0.25583810309569044,False,False
"ID(pcdiamag3)|ID(prmtan_neped)|PROD(ece37,ece39)|PROD(ip,pinj)|PROD(prmtan_neped,cerqtit6)|PROD(prmtan_neped,ece39)|RATIO(cerqrott12,cerqtit10)|RATIO(ip,bt)|RATIO(ip,ece22)|RATIO(pinj_33r,cerqtit10)|RATIO(prmtan_neped,cerqtit10)|RECIP(bt)",12,0.17597895115613937,0.20513170175254344,A,0.265406809002161,False,False
"ID(pcdiamag3)|ID(prmtan_neped)|PROD(ece37,ece39)|PROD(prmtan_neped,cerqtit6)|PROD(prmtan_neped,ece39)|RATE_OVER_LEVEL(ece33|ip)|RATIO(cerqrott12,cerqtit10)|RATIO(ip,bt)|RATIO(ip,ece22)|RATIO(pinj_33r,cerqtit10)|RATIO(prmtan_neped,cerqtit10)|RECIP(bt)",12,0.17624566927552224,0.20513480231165887,A,0.2558348335325718,False,False
"ID(pcdiamag3)|ID(prmtan_neped)|LEVEL_RATE(prmtan_neped|cerqtit6)|PROD(ece37,ece39)|PROD(prmtan_neped,cerqtit6)|PROD(prmtan_neped,ece39)|RATIO(cerqrott12,cerqtit10)|RATIO(ip,bt)|RATIO(ip,ece22)|RATIO(pinj_33r,cerqtit10)|RATIO(prmtan_neped,cerqtit10)|RECIP(bt)",12,0.17553737858931223,0.20516764968633652,A,0.2614792595307033,False,False
"ID(pcdiamag3)|PROD(bt,bt)|PROD(fs03da,cerqtit11)|PROD(gasa,ece1)|PROD(ip,prmtan_neped)|PROD(prmtan_neped,ece39)|PROD(prmtan_neped,prmtan_neped)|RATE_OVER_LEVEL(cerqrott3|ip)|RATIO(fs03da,prmtan_neped)|RATIO(gasd,bt)|RATIO(ip,ece22)|RATIO(prmtan_neped,cerqtit10)",12,0.1737729527056217,0.20555023290216923,A,0.25584903409083687,False,False
"DOT(cerqrott3)|ID(pcdiamag3)|PROD(bt,bt)|PROD(fs03da,cerqtit11)|PROD(gasa,ece1)|PROD(ip,prmtan_neped)|PROD(prmtan_neped,ece39)|PROD(prmtan_neped,prmtan_neped)|RATIO(fs03da,prmtan_neped)|RATIO(gasd,bt)|RATIO(ip,ece22)|RATIO(prmtan_neped,cerqtit10)",12,0.17378864424924056,0.20557485073804854,A,0.2559618433316549,False,False
"ID(pcdiamag3)|LEVEL_RATE(bt|cerqrott3)|PROD(bt,bt)|PROD(fs03da,cerqtit11)|PROD(gasa,ece1)|PROD(ip,prmtan_neped)|PROD(prmtan_neped,ece39)|PROD(prmtan_neped,prmtan_neped)|RATIO(fs03da,prmtan_neped)|RATIO(gasd,bt)|RATIO(ip,ece22)|RATIO(prmtan_neped,cerqtit10)",12,0.1737943409010768,0.20558562129735947,A,0.2559639895955722,False,False
"ID(pcdiamag3)|ID(prmtan_neped)|PROD(ece37,ece39)|PROD(prmtan_neped,cerqtit6)|PROD(prmtan_neped,ece39)|RATE_OVER_LEVEL(cerqrott3|ip)|RATIO(cerqrott12,cerqtit10)|RATIO(ip,bt)|RATIO(ip,ece22)|RATIO(pinj_33r,cerqtit10)|RATIO(prmtan_neped,cerqtit10)|RECIP(bt)",12,0.17581639147053166,0.2056246928870678,A,0.2583159551024437,False,False
"ID(pcdiamag3)|PROD(ece37,ece39)|PROD(gasa,cerqtit6)|PROD(gasa,ece1)|PROD(ip,prmtan_neped)|PROD(pinj,cerqrott6)|PROD(prmtan_neped,ece39)|PROD(prmtan_neped,prmtan_neped)|RATIO(fs03da,prmtan_neped)|RATIO(gasa,ece6)|RATIO(ip,bt)|RATIO(ip,ece22)",12,0.16681676556666694,0.20568778701126575,A,0.28292800808946295,True,False
"ID(pcdiamag3)|PROD(ece37,ece39)|PROD(gasa,ece1)|PROD(ip,prmtan_neped)|PROD(pinj,cerqrott6)|PROD(prmtan_neped,ece39)|PROD(prmtan_neped,prmtan_neped)|RATE_OVER_LEVEL(gasa|ece39)|RATIO(fs03da,prmtan_neped)|RATIO(gasa,ece6)|RATIO(ip,ece22)",11,0.1769659591217836,0.20569197442382575,A,0.291650186230739,True,False
"ID(pcdiamag3)|ID(prmtan_neped)|PROD(ece37,ece39)|PROD(gasa,gasa)|PROD(pinj,cerqrott6)|PROD(prmtan_neped,prmtan_neped)|RATIO(ece21,prmtan_neped)|RATIO(ece39,bt)|RATIO(fs03da,prmtan_neped)|RATIO(ip,ece22)|RECIP(cerqtit10)|RECIP(prmtan_neped)",12,0.17179211936891078,0.20571104995906353,A,0.2249361485242844,False,False
"DOT(cerqrott3)|ID(pcdiamag3)|ID(prmtan_neped)|PROD(ece37,ece39)|PROD(prmtan_neped,cerqtit6)|PROD(prmtan_neped,ece39)|RATIO(cerqrott12,cerqtit10)|RATIO(ip,bt)|RATIO(ip,ece22)|RATIO(pinj_33r,cerqtit10)|RATIO(prmtan_neped,cerqtit10)|RECIP(bt)",12,0.17583645917475224,0.2057412713766098,A,0.25845549106597904,False,False
"ID(pcdiamag3)|ID(prmtan_neped)|LEVEL_RATE(bt|cerqrott3)|PROD(ece37,ece39)|PROD(prmtan_neped,cerqtit6)|PROD(prmtan_neped,ece39)|RATIO(cerqrott12,cerqtit10)|RATIO(ip,bt)|RATIO(ip,ece22)|RATIO(pinj_33r,cerqtit10)|RATIO(prmtan_neped,cerqtit10)|RECIP(bt)",12,0.17583871465176343,0.20574431754648687,A,0.2584588175018629,False,False
"ID(pcdiamag3)|LEVEL_RATE(ece6|gasb)|PROD(bt,bt)|PROD(fs03da,cerqtit11)|PROD(gasa,ece1)|PROD(ip,prmtan_neped)|PROD(prmtan_neped,ece39)|PROD(prmtan_neped,prmtan_neped)|RATIO(fs03da,prmtan_neped)|RATIO(gasd,bt)|RATIO(ip,ece22)|RATIO(prmtan_neped,cerqtit10)",12,0.17424593505760036,0.20586378760635854,A,0.24208386540412904,False,False
"ID(pcdiamag3)|PROD(ece37,ece39)|PROD(gasa,gasa)|PROD(ip,prmtan_neped)|PROD(pinj,cerqrott6)|PROD(prmtan_neped,prmtan_neped)|RATIO(ece21,prmtan_neped)|RATIO(fs03da,prmtan_neped)|RATIO(ip,ece22)|RECIP(cerqtit10)|RECIP(prmtan_neped)",11,0.1711255308861534,0.20594318062067032,A,0.23797707557678235,True,False
"ID(pcdiamag3)|ID(prmtan_neped)|PROD(ece37,ece39)|PROD(gasa,gasa)|PROD(ip,prmtan_neped)|PROD(pinj,cerqrott6)|PROD(prmtan_neped,prmtan_neped)|RATIO(ece21,prmtan_neped)|RATIO(fs03da,prmtan_neped)|RATIO(ip,ece22)|RECIP(cerqtit10)|RECIP(prmtan_neped)",12,0.16943356587241093,0.20603276006877422,A,0.22279486954212202,True,False
"ID(pcdiamag3)|PROD(ece37,ece39)|PROD(gasa,ece1)|PROD(ip,prmtan_neped)|PROD(pinj,cerqrott6)|PROD(pinj,pinj_30l)|PROD(prmtan_neped,ece39)|PROD(prmtan_neped,prmtan_neped)|RATIO(fs03da,prmtan_neped)|RATIO(gasa,ece6)|RATIO(ip,ece22)",11,0.17652857086310783,0.20618131347000598,A,0.3003882274031639,True,False
"ID(pcdiamag3)|PROD(ece37,ece39)|PROD(gasa,ece1)|PROD(ip,prmtan_neped)|PROD(pinj,cerqrott6)|PROD(prmtan_neped,ece39)|PROD(prmtan_neped,prmtan_neped)|RATE_OVER_LEVEL(gasa|prmtan_neped)|RATIO(fs03da,prmtan_neped)|RATIO(gasa,ece6)|RATIO(ip,ece22)",11,0.17726910983522734,0.2062432026490569,A,0.2919929737846057,True,False
"ID(pcdiamag3)|PROD(bt,bt)|PROD(fs03da,cerqtit11)|PROD(fs04,pinj)|PROD(gasa,ece1)|PROD(ip,prmtan_neped)|PROD(prmtan_neped,ece39)|PROD(prmtan_neped,prmtan_neped)|RATIO(fs03da,prmtan_neped)|RATIO(ip,ece22)|RATIO(prmtan_neped,cerqtit10)",11,0.17399837834139664,0.2065684862434864,A,0.2549910341699918,False,False
"ID(pcdiamag3)|PROD(bt,bt)|PROD(fs03da,cerqtit11)|PROD(gasa,ece1)|PROD(ip,prmtan_neped)|PROD(prmtan_neped,ece39)|PROD(prmtan_neped,prmtan_neped)|RATIO(fs03da,prmtan_neped)|RATIO(gasc,cerqtit10)|RATIO(gasd,bt)|RATIO(ip,ece22)|RATIO(prmtan_neped,cerqtit10)",12,0.17457872442901134,0.20661773309111595,A,0.24831921756267553,False,False
"ID(pcdiamag3)|ID(prmtan_neped)|PROD(ece37,ece39)|PROD(fs04,gasc)|PROD(prmtan_neped,cerqtit6)|PROD(prmtan_neped,ece39)|RATIO(cerqrott12,cerqtit10)|RATIO(ip,bt)|RATIO(ip,ece22)|RATIO(pinj_33r,cerqtit10)|RATIO(prmtan_neped,cerqtit10)|RECIP(bt)",12,0.17627503002683323,0.20663931407034397,A,0.2616603528459867,False,False
"ID(pcdiamag3)|LEVEL_RATE(pinj_33r|ip)|PROD(bt,bt)|PROD(fs03da,cerqtit11)|PROD(gasa,ece1)|PROD(ip,prmtan_neped)|PROD(prmtan_neped,ece39)|PROD(prmtan_neped,prmtan_neped)|RATIO(fs03da,prmtan_neped)|RATIO(ip,ece22)|RATIO(prmtan_neped,cerqtit10)",11,0.17473566314826408,0.2067644003778696,A,0.25527363767226535,False,False
"ID(pcdiamag3)|ID(prmtan_neped)|PROD(ece37,ece39)|PROD(gasa,gasa)|PROD(pinj,cerqrott6)|PROD(prmtan_neped,prmtan_neped)|RATIO(ece21,prmtan_neped)|RATIO(fs03da,prmtan_neped)|RATIO(ip,cerqtit10)|RATIO(ip,ece22)|RECIP(cerqtit10)|RECIP(prmtan_neped)",12,0.16911072190850973,0.20684302747249603,A,0.22543614854415267,False,False
"ID(pcdiamag3)|ID(prmtan_neped)|PROD(ece37,ece39)|PROD(gasa,gasa)|PROD(pinj,cerqrott6)|PROD(prmtan_neped,prmtan_neped)|RATIO(ece21,prmtan_neped)|RATIO(fs03da,bt)|RATIO(fs03da,prmtan_neped)|RATIO(ip,ece22)|RECIP(cerqtit10)|RECIP(prmtan_neped)",12,0.17516476828604938,0.20687326230108738,A,0.22300865004460033,False,False
"ID(pcdiamag3)|PROD(bt,bt)|PROD(fs03da,cerqtit11)|PROD(gasa,ece1)|PROD(ip,prmtan_neped)|PROD(prmtan_neped,ece39)|PROD(prmtan_neped,prmtan_neped)|RATIO(fs03da,prmtan_neped)|RATIO(gasc,prmtan_neped)|RATIO(ip,ece22)|RATIO(prmtan_neped,cerqtit10)",11,0.17482185401022435,0.20687411539256573,A,0.24729503095149996,False,False
"ID(pcdiamag3)|ID(prmtan_neped)|PROD(ece37,ece39)|PROD(pinj,ece36)|PROD(prmtan_neped,cerqtit6)|PROD(prmtan_neped,ece39)|RATIO(cerqrott12,cerqtit10)|RATIO(ip,bt)|RATIO(ip,ece22)|RATIO(pinj_33r,cerqtit10)|RATIO(prmtan_neped,cerqtit10)|RECIP(bt)",12,0.17596759051084518,0.20687980949878693,A,0.26480610991517706,False,False
"ID(pcdiamag3)|LEVEL_RATE(gasa|ip)|PROD(bt,bt)|PROD(fs03da,cerqtit11)|PROD(gasa,ece1)|PROD(ip,prmtan_neped)|PROD(prmtan_neped,ece39)|PROD(prmtan_neped,prmtan_neped)|RATIO(fs03da,prmtan_neped)|RATIO(ip,ece22)|RATIO(prmtan_neped,cerqtit10)",11,0.17542999585469563,0.20687989033758641,A,0.2550789336363475,False,False
"ID(fs03da)|ID(pcdiamag3)|ID(prmtan_neped)|PROD(ece37,ece39)|PROD(gasa,gasa)|PROD(pinj,cerqrott6)|PROD(prmtan_neped,prmtan_neped)|RATIO(ece21,prmtan_neped)|RATIO(fs03da,prmtan_neped)|RATIO(ip,ece22)|RECIP(cerqtit10)|RECIP(prmtan_neped)",12,0.17489128323892753,0.2070438250899315,A,0.22292365680138285,False,False
"ID(pcdiamag3)|PROD(ece37,ece39)|PROD(gasa,ece1)|PROD(ip,prmtan_neped)|PROD(pinj,cerqrott6)|PROD(prmtan_neped,ece39)|PROD(prmtan_neped,prmtan_neped)|RATE_OVER_LEVEL(ip|ece1)|RATIO(fs03da,prmtan_neped)|RATIO(gasa,ece6)|RATIO(ip,ece22)",11,0.1771397010112802,0.20709736365824938,A,0.29554834142327313,True,False
"ID(pcdiamag3)|PROD(bt,bt)|PROD(fs03da,cerqtit11)|PROD(gasa,ece1)|PROD(ip,prmtan_neped)|PROD(prmtan_neped,ece39)|PROD(prmtan_neped,prmtan_neped)|RATE_OVER_LEVEL(ip|prmtan_neped)|RATIO(fs03da,prmtan_neped)|RATIO(ip,ece22)|RATIO(prmtan_neped,cerqtit10)",11,0.1752061989158392,0.20716695860028267,A,0.25607731342315676,False,False
"ID(pcdiamag3)|PROD(fs03da,cerqtit11)|PROD(gasa,ece1)|PROD(ip,prmtan_neped)|PROD(pinj,cerqrott6)|PROD(pinj,pinj_30l)|PROD(prmtan_neped,ece39)|RATIO(fs03da,prmtan_neped)|RATIO(ip,ece22)|RATIO(pinj,ece37)|RECIP(bt)|RECIP(cerqtit10)",12,0.17011087021480004,0.2072427187114954,A,0.2254520505666733,False,False
"ID(pcdiamag3)|PROD(bt,bt)|PROD(fs03da,cerqtit11)|PROD(gasa,ece1)|PROD(ip,prmtan_neped)|PROD(prmtan_neped,ece39)|PROD(prmtan_neped,prmtan_neped)|RATE_OVER_LEVEL(ip|ip)|RATIO(fs03da,prmtan_neped)|RATIO(ip,ece22)|RATIO(prmtan_neped,cerqtit10)",11,0.17513249280552068,0.20730132050812244,A,0.2554091319441795,False,False
"ID(cerqtit6)|ID(pcdiamag3)|PROD(bt,cerqtit6)|PROD(ece37,ece39)|PROD(fs03da,cerqtit11)|PROD(pinj,cerqrott6)|PROD(prmtan_neped,prmtan_neped)|RATIO(cerqrott12,cerqtit10)|RATIO(ece25,ece39)|RATIO(ip,bt)|RATIO(ip,cerqtit10)|RATIO(prmtan_neped,ece22)",12,0.17321043262879052,0.20736437290906906,A,0.24467433666189511,False,False
"ID(pcdiamag3)|PROD(bt,bt)|PROD(fs03da,cerqtit11)|PROD(gasa,ece1)|PROD(ip,prmtan_neped)|PROD(prmtan_neped,ece39)|PROD(prmtan_neped,prmtan_neped)|RATE_OVER_LEVEL(ip|cerqtit10)|RATIO(fs03da,prmtan_neped)|RATIO(ip,ece22)|RATIO(prmtan_neped,cerqtit10)",11,0.17550106327980758,0.20739256218075752,A,0.2557512591282527,False,False
"ID(pcdiamag3)|LEVEL_RATE(pinj_33r|ip)|PROD(ece37,ece39)|PROD(gasa,ece1)|PROD(ip,prmtan_neped)|PROD(pinj,cerqrott6)|PROD(prmtan_neped,ece39)|PROD(prmtan_neped,prmtan_neped)|RATIO(fs03da,prmtan_neped)|RATIO(gasa,ece6)|RATIO(ip,ece22)",11,0.17720934233317773,0.20739705245941878,A,0.3074853787819545,True,False
"ID(pcdiamag3)|LEVEL_RATE(ece16|ip)|PROD(bt,bt)|PROD(fs03da,cerqtit11)|PROD(gasa,ece1)|PROD(ip,prmtan_neped)|PROD(prmtan_neped,ece39)|PROD(prmtan_neped,prmtan_neped)|RATIO(fs03da,prmtan_neped)|RATIO(ip,ece22)|RATIO(prmtan_neped,cerqtit10)",11,0.17499059637387596,0.20740677043795586,A,0.25547049989302956,False,False
"ID(pcdiamag3)|ID(prmtan_neped)|PROD(ece37,ece39)|PROD(prmtan_neped,cerqtit6)|PROD(prmtan_neped,ece39)|RATIO(cerqrott12,cerqtit10)|RATIO(ece21,prmtan_neped)|RATIO(ip,bt)|RATIO(ip,ece22)|RATIO(pinj_33r,cerqtit10)|RATIO(prmtan_neped,cerqtit10)|RECIP(bt)",12,0.176203775840501,0.207609667442739,A,0.2607889237503211,False,False
"ID(pcdiamag3)|PROD(ece37,ece39)|PROD(gasa,ece1)|PROD(ip,prmtan_neped)|PROD(pinj,cerqrott6)|PROD(prmtan_neped,ece39)|PROD(prmtan_neped,prmtan_neped)|RATE_OVER_LEVEL(ip|cerqtit10)|RATIO(fs03da,prmtan_neped)|RATIO(gasa,ece6)|RATIO(ip,ece22)",11,0.17699675442030033,0.20761463697999716,A,0.29613592152794205,True,False
"ID(pcdiamag3)|LEVEL_RATE(gasa|cerqrott3)|PROD(bt,bt)|PROD(fs03da,cerqtit11)|PROD(gasa,ece1)|PROD(ip,prmtan_neped)|PROD(prmtan_neped,ece39)|PROD(prmtan_neped,prmtan_neped)|RATIO(fs03da,prmtan_neped)|RATIO(ip,ece22)|RATIO(prmtan_neped,cerqtit10)",11,0.17484574535240732,0.2077009178698063,A,0.24725484500328707,False,False
"DOT(ip)|ID(pcdiamag3)|PROD(bt,bt)|PROD(fs03da,cerqtit11)|PROD(gasa,ece1)|PROD(ip,prmtan_neped)|PROD(prmtan_neped,ece39)|PROD(prmtan_neped,prmtan_neped)|RATIO(fs03da,prmtan_neped)|RATIO(ip,ece22)|RATIO(prmtan_neped,cerqtit10)",11,0.17524349844704074,0.20772546604275705,A,0.25540749778350197,False,False
"ID(pcdiamag3)|LEVEL_RATE(bt|ip)|PROD(bt,bt)|PROD(fs03da,cerqtit11)|PROD(gasa,ece1)|PROD(ip,prmtan_neped)|PROD(prmtan_neped,ece39)|PROD(prmtan_neped,prmtan_neped)|RATIO(fs03da,prmtan_neped)|RATIO(ip,ece22)|RATIO(prmtan_neped,cerqtit10)",11,0.1752440504108866,0.207728036865592,A,0.25540587852398555,False,False
"ID(pcdiamag3)|PROD(bt,bt)|PROD(fs03da,cerqtit11)|PROD(gasa,ece1)|PROD(ip,prmtan_neped)|PROD(prmtan_neped,ece39)|PROD(prmtan_neped,prmtan_neped)|RATE_OVER_LEVEL(ip|ece1)|RATIO(fs03da,prmtan_neped)|RATIO(ip,ece22)|RATIO(prmtan_neped,cerqtit10)",11,0.1756790085385243,0.20776386857032775,A,0.2559666693210602,False,False
"ID(pcdiamag3)|PROD(bt,bt)|PROD(fs03da,cerqtit11)|PROD(gasa,cerqtit6)|PROD(gasa,ece1)|PROD(ip,prmtan_neped)|PROD(prmtan_neped,ece39)|PROD(prmtan_neped,prmtan_neped)|RATIO(fs03da,prmtan_neped)|RATIO(ip,ece22)|RATIO(prmtan_neped,cerqtit10)",11,0.1751033041626215,0.20778517611324787,A,0.27261938701073335,True,False
"ID(pcdiamag3)|PROD(ece37,ece39)|PROD(gasa,ece1)|PROD(ip,prmtan_neped)|PROD(pinj,cerqrott6)|PROD(prmtan_neped,ece39)|PROD(prmtan_neped,prmtan_neped)|RATE_OVER_LEVEL(ip|prmtan_neped)|RATIO(fs03da,prmtan_neped)|RATIO(gasa,ece6)|RATIO(ip,ece22)",11,0.1773734717319409,0.20778652112931012,A,0.2993850767612458,True,False
"ID(pcdiamag3)|PROD(bt,bt)|PROD(fs03da,cerqtit11)|PROD(gasa,ece1)|PROD(gasa,gasa)|PROD(ip,prmtan_neped)|PROD(prmtan_neped,ece39)|PROD(prmtan_neped,prmtan_neped)|RATIO(fs03da,prmtan_neped)|RATIO(gasd,bt)|RATIO(ip,ece22)|RATIO(prmtan_neped,cerqtit10)",12,0.17473410560439032,0.2078254997730255,A,0.2602258374293646,False,False
"ID(pcdiamag3)|PROD(ece37,ece39)|PROD(gasa,ece1)|PROD(ip,prmtan_neped)|PROD(pinj,cerqrott6)|PROD(prmtan_neped,ece39)|PROD(prmtan_neped,prmtan_neped)|RATE_OVER_LEVEL(ip|ip)|RATIO(fs03da,prmtan_neped)|RATIO(gasa,ece6)|RATIO(ip,ece22)",11,0.17742245569825174,0.20802667066454889,A,0.3064716324210167,True,False
"ID(pcdiamag3)|LEVEL_RATE(fs03da|ip)|PROD(bt,bt)|PROD(fs03da,cerqtit11)|PROD(gasa,ece1)|PROD(ip,prmtan_neped)|PROD(prmtan_neped,ece39)|PROD(prmtan_neped,prmtan_neped)|RATIO(fs03da,prmtan_neped)|RATIO(ip,ece22)|RATIO(prmtan_neped,cerqtit10)",11,0.17552322621146838,0.20809068642556666,A,0.2556957989931107,False,False
"ID(pcdiamag3)|LEVEL_RATE(bt|ip)|PROD(ece37,ece39)|PROD(gasa,ece1)|PROD(ip,prmtan_neped)|PROD(pinj,cerqrott6)|PROD(prmtan_neped,ece39)|PROD(prmtan_neped,prmtan_neped)|RATIO(fs03da,prmtan_neped)|RATIO(gasa,ece6)|RATIO(ip,ece22)",11,0.17750362399965525,0.2081409366801381,A,0.30653228610754013,True,False
"DOT(ip)|ID(pcdiamag3)|PROD(ece37,ece39)|PROD(gasa,ece1)|PROD(ip,prmtan_neped)|PROD(pinj,cerqrott6)|PROD(prmtan_neped,ece39)|PROD(prmtan_neped,prmtan_neped)|RATIO(fs03da,prmtan_neped)|RATIO(gasa,ece6)|RATIO(ip,ece22)",11,0.177501844180127,0.2081426527351141,A,0.3065116122364998,True,False
"ID(ece39)|ID(pcdiamag3)|ID(prmtan_neped)|PROD(ece37,ece39)|PROD(gasa,gasa)|PROD(pinj,cerqrott6)|PROD(prmtan_neped,prmtan_neped)|RATIO(ece21,prmtan_neped)|RATIO(fs03da,prmtan_neped)|RATIO(ip,ece22)|RECIP(cerqtit10)|RECIP(prmtan_neped)",12,0.17262542061507702,0.20836957395076752,A,0.22440163542826974,False,False
"ID(pcdiamag3)|LEVEL_RATE(gasa|ip)|PROD(ece37,ece39)|PROD(gasa,ece1)|PROD(ip,prmtan_neped)|PROD(pinj,cerqrott6)|PROD(prmtan_neped,ece39)|PROD(prmtan_neped,prmtan_neped)|RATIO(fs03da,prmtan_neped)|RATIO(gasa,ece6)|RATIO(ip,ece22)",11,0.17828553039580583,0.20845074877142905,A,0.297443550080061,True,False
"ID(pcdiamag3)|LEVEL_RATE(cerqrott12|ip)|PROD(bt,bt)|PROD(fs03da,cerqtit11)|PROD(gasa,ece1)|PROD(ip,prmtan_neped)|PROD(prmtan_neped,ece39)|PROD(prmtan_neped,prmtan_neped)|RATIO(fs03da,prmtan_neped)|RATIO(ip,ece22)|RATIO(prmtan_neped,cerqtit10)",11,0.17548278998583555,0.20848319232463836,A,0.2554173370202383,False,False
"ID(pcdiamag3)|PROD(bt,bt)|PROD(fs03da,cerqtit11)|PROD(gasa,ece1)|PROD(ip,prmtan_neped)|PROD(pinj,cerqrott6)|PROD(prmtan_neped,ece39)|PROD(prmtan_neped,prmtan_neped)|RATIO(fs03da,prmtan_neped)|RATIO(ip,ece22)|RATIO(prmtan_neped,cerqtit10)",11,0.17458932039638358,0.2085114736109972,A,0.24847952226797748,False,False
"ID(pcdiamag3)|LEVEL_RATE(ece16|ip)|PROD(ece37,ece39)|PROD(gasa,ece1)|PROD(ip,prmtan_neped)|PROD(pinj,cerqrott6)|PROD(prmtan_neped,ece39)|PROD(prmtan_neped,prmtan_neped)|RATIO(fs03da,prmtan_neped)|RATIO(gasa,ece6)|RATIO(ip,ece22)",11,0.17751391939818859,0.2085239350795746,A,0.3092874512076378,True,False
"ID(pcdiamag3)|ID(prmtan_neped)|PROD(ece37,ece39)|PROD(gasa,ece1)|PROD(gasa,gasa)|PROD(pinj,cerqrott6)|PROD(prmtan_neped,prmtan_neped)|RATIO(ece21,prmtan_neped)|RATIO(fs03da,prmtan_neped)|RATIO(ip,ece22)|RECIP(cerqtit10)|RECIP(prmtan_neped)",12,0.17173512137184538,0.20858914218842983,A,0.23960925787687307,False,False
"ID(pcdiamag3)|LEVEL_RATE(cerqrott12|ece33)|PROD(bt,cerqtit6)|PROD(ece37,ece39)|PROD(fs03da,cerqtit11)|PROD(pinj,cerqrott6)|PROD(prmtan_neped,prmtan_neped)|RATIO(cerqrott12,cerqtit10)|RATIO(ece25,ece39)|RATIO(ip,bt)|RATIO(ip,cerqtit10)|RATIO(prmtan_neped,ece22)",12,0.1726407971854011,0.20860180258750916,A,0.2285423522194227,False,False
"ID(pcdiamag3)|ID(prmtan_neped)|PROD(ece37,ece39)|PROD(gasa,gasa)|PROD(pinj,cerqrott6)|PROD(prmtan_neped,prmtan_neped)|RATIO(ece21,prmtan_neped)|RATIO(fs03da,prmtan_neped)|RATIO(ip,ece22)|RATIO(pinj,ece37)|RECIP(cerqtit10)|RECIP(prmtan_neped)",12,0.17214513768752418,0.20895757786929609,A,0.2328841681281727,False,False
"ID(pcdiamag3)|ID(prmtan_neped)|PROD(ece37,ece39)|PROD(gasa,gasa)|PROD(ip,ece39)|PROD(pinj,cerqrott6)|PROD(prmtan_neped,prmtan_neped)|RATIO(ece21,prmtan_neped)|RATIO(fs03da,prmtan_neped)|RATIO(ip,ece22)|RECIP(cerqtit10)|RECIP(prmtan_neped)",12,0.17416438292711972,0.2089658785611391,A,0.2410638933380445,False,False
"ID(pcdiamag3)|ID(prmtan_neped)|PROD(ece37,ece39)|PROD(fs04,pinj)|PROD(gasa,gasa)|PROD(pinj,cerqrott6)|PROD(prmtan_neped,prmtan_neped)|RATIO(ece21,prmtan_neped)|RATIO(fs03da,prmtan_neped)|RATIO(ip,ece22)|RECIP(cerqtit10)|RECIP(prmtan_neped)",12,0.17287111803889274,0.2091506090015173,A,0.23215628266334534,False,False
"ID(pcdiamag3)|LEVEL_RATE(ece14|cerqtit8)|PROD(bt,bt)|PROD(fs03da,cerqtit11)|PROD(gasa,ece1)|PROD(ip,prmtan_neped)|PROD(prmtan_neped,ece39)|PROD(prmtan_neped,prmtan_neped)|RATIO(fs03da,prmtan_neped)|RATIO(ip,ece22)|RATIO(prmtan_neped,cerqtit10)",11,0.17571687667320174,0.2092300035059452,A,0.2502017865578334,False,False
"ID(pcdiamag3)|ID(prmtan_neped)|PROD(ece37,ece39)|PROD(gasa,gasa)|PROD(pinj,cerqrott6)|PROD(prmtan_neped,prmtan_neped)|RATIO(ece21,prmtan_neped)|RATIO(fs03da,prmtan_neped)|RATIO(fs04,prmtan_neped)|RATIO(ip,ece22)|RECIP(cerqtit10)|RECIP(prmtan_neped)",12,0.17438497009376683,0.20923588536679744,A,0.2293615281581879,False,False
"ID(pcdiamag3)|LEVEL_RATE(prmtan_neped|ip)|PROD(bt,bt)|PROD(fs03da,cerqtit11)|PROD(gasa,ece1)|PROD(ip,prmtan_neped)|PROD(prmtan_neped,ece39)|PROD(prmtan_neped,prmtan_neped)|RATIO(fs03da,prmtan_neped)|RATIO(ip,ece22)|RATIO(prmtan_neped,cerqtit10)",11,0.1757830362766981,0.2092480469495058,A,0.25523374527692794,False,False
"ID(pcdiamag3)|ID(prmtan_neped)|LEVEL_RATE(ece6|gasb)|PROD(ece37,ece39)|PROD(gasa,gasa)|PROD(pinj,cerqrott6)|PROD(prmtan_neped,prmtan_neped)|RATIO(ece21,prmtan_neped)|RATIO(fs03da,prmtan_neped)|RATIO(ip,ece22)|RECIP(cerqtit10)|RECIP(prmtan_neped)",12,0.1724799930428465,0.2095854166895151,A,0.23225885083278028,False,False
"ID(pcdiamag3)|LEVEL_RATE(cerqrott12|ece33)|PROD(fs03da,cerqtit11)|PROD(gasa,ece1)|PROD(ip,prmtan_neped)|PROD(pinj,cerqrott6)|PROD(pinj,pinj_30l)|PROD(prmtan_neped,ece39)|RATIO(fs03da,prmtan_neped)|RATIO(ip,ece22)|RECIP(bt)|RECIP(cerqtit10)",12,0.17511958461254834,0.2096854591742158,A,0.256729764242967,False,False
"ID(pcdiamag3)|LEVEL_RATE(cerqrott12|ip)|PROD(ece37,ece39)|PROD(gasa,ece1)|PROD(ip,prmtan_neped)|PROD(pinj,cerqrott6)|PROD(prmtan_neped,ece39)|PROD(prmtan_neped,prmtan_neped)|RATIO(fs03da,prmtan_neped)|RATIO(gasa,ece6)|RATIO(ip,ece22)",11,0.1784438965221246,0.20973962638527155,A,0.30942924122015636,True,False
"ID(pcdiamag3)|PROD(bt,bt)|PROD(fs03da,cerqtit11)|PROD(gasa,ece1)|PROD(gasc,pinj)|PROD(ip,prmtan_neped)|PROD(prmtan_neped,ece39)|PROD(prmtan_neped,prmtan_neped)|RATIO(fs03da,prmtan_neped)|RATIO(ip,ece22)|RATIO(prmtan_neped,cerqtit10)",11,0.17571856199453273,0.20975075364112855,A,0.25674161165952686,False,False
"ID(pcdiamag3)|PROD(ece37,ece39)|PROD(gasa,ece1)|PROD(ip,prmtan_neped)|PROD(pinj,cerqrott6)|PROD(prmtan_neped,ece39)|PROD(prmtan_neped,prmtan_neped)|RATIO(fs03da,prmtan_neped)|RATIO(gasa,ece6)|RATIO(gasd,bt)|RATIO(ip,bt)|RATIO(ip,ece22)",12,0.1718342022970319,0.2097583532333374,A,0.26681398799022044,False,False
"ID(pcdiamag3)|PROD(bt,bt)|PROD(fs03da,cerqtit11)|PROD(gasa,ece1)|PROD(ip,prmtan_neped)|PROD(prmtan_neped,ece39)|PROD(prmtan_neped,prmtan_neped)|RATIO(fs03da,prmtan_neped)|RATIO(ip,ece22)|RATIO(pinj,ece37)|RATIO(prmtan_neped,cerqtit10)",11,0.17579475765426955,0.20978070572018623,A,0.25611276750763257,False,False
"ID(pcdiamag3)|PROD(fs03da,cerqtit11)|PROD(gasa,ece1)|PROD(ip,prmtan_neped)|PROD(pinj,cerqrott6)|PROD(pinj,pinj_30l)|PROD(prmtan_neped,ece39)|RATIO(fs03da,prmtan_neped)|RATIO(gasd,bt)|RATIO(ip,ece22)|RECIP(bt)|RECIP(cerqtit10)",12,0.17585927291462816,0.20984974764287473,A,0.24939069946606954,False,False
"ID(gasd)|ID(pcdiamag3)|PROD(fs03da,cerqtit11)|PROD(gasa,ece1)|PROD(ip,prmtan_neped)|PROD(pinj,cerqrott6)|PROD(pinj,pinj_30l)|PROD(prmtan_neped,ece39)|RATIO(fs03da,prmtan_neped)|RATIO(ip,ece22)|RECIP(bt)|RECIP(cerqtit10)",12,0.1758699996396899,0.20986050441861154,A,0.24940340767304103,False,False
"ID(pcdiamag3)|PROD(bt,gasd)|PROD(fs03da,cerqtit11)|PROD(gasa,ece1)|PROD(ip,prmtan_neped)|PROD(pinj,cerqrott6)|PROD(pinj,pinj_30l)|PROD(prmtan_neped,ece39)|RATIO(fs03da,prmtan_neped)|RATIO(ip,ece22)|RECIP(bt)|RECIP(cerqtit10)",12,0.17588048775990806,0.20986863188445568,A,0.24941410471995673,False,False
"ID(pcdiamag3)|LEVEL_RATE(prmtan_neped|ip)|PROD(ece37,ece39)|PROD(gasa,ece1)|PROD(ip,prmtan_neped)|PROD(pinj,cerqrott6)|PROD(prmtan_neped,ece39)|PROD(prmtan_neped,prmtan_neped)|RATIO(fs03da,prmtan_neped)|RATIO(gasa,ece6)|RATIO(ip,ece22)",11,0.17837392929941415,0.21001166477799416,A,0.30934948176145555,True,False
"ID(pcdiamag3)|ID(prmtan_neped)|PROD(fs03da,cerqtit11)|PROD(gasa,cerqtit6)|PROD(gasa,ece1)|PROD(ip,prmtan_neped)|PROD(prmtan_neped,ece39)|RATIO(ece25,ece39)|RATIO(fs03da,prmtan_neped)|RATIO(ip,ece22)|RECIP(bt)|RECIP(cerqtit10)",12,0.17292448182900746,0.21003779619932175,A,0.21685785229007418,False,False
"ID(pcdiamag3)|PROD(fs03da,cerqtit11)|PROD(gasa,cerqtit6)|PROD(gasa,ece1)|PROD(ip,prmtan_neped)|PROD(prmtan_neped,ece39)|RATIO(ece25,ece39)|RATIO(fs03da,prmtan_neped)|RATIO(ip,ece22)|RATIO(prmtan_neped,bt)|RECIP(bt)|RECIP(cerqtit10)",12,0.17303425061206024,0.2100571993738413,A,0.21679406563440973,False,False
"ID(pcdiamag3)|PROD(fs03da,cerqtit11)|PROD(gasa,ece1)|PROD(ip,prmtan_neped)|PROD(prmtan_neped,ece39)|PROD(prmtan_neped,prmtan_neped)|RATIO(fs03da,prmtan_neped)|RATIO(ip,ece22)|RATIO(prmtan_neped,cerqtit10)|RECIP(bt)",10,0.1758963183189432,0.21016688495874405,A,0.25674373755852387,False,False
"ID(bt)|ID(pcdiamag3)|PROD(fs03da,cerqtit11)|PROD(gasa,ece1)|PROD(ip,prmtan_neped)|PROD(prmtan_neped,ece39)|PROD(prmtan_neped,prmtan_neped)|RATIO(fs03da,prmtan_neped)|RATIO(ip,ece22)|RATIO(prmtan_neped,cerqtit10)",10,0.17588255771746236,0.21018680483102797,A,0.2563907608389855,False,False
"ID(pcdiamag3)|PROD(bt,bt)|PROD(fs03da,cerqtit11)|PROD(gasa,ece1)|PROD(ip,prmtan_neped)|PROD(prmtan_neped,ece39)|PROD(prmtan_neped,prmtan_neped)|RATIO(fs03da,prmtan_neped)|RATIO(ip,ece22)|RATIO(prmtan_neped,cerqtit10)",10,0.17587577446053423,0.21019674725830556,A,0.25621526738007866,False,False
"ID(pcdiamag3)|ID(pinj)|PROD(fs03da,cerqtit11)|PROD(ip,prmtan_neped)|PROD(pinj,ece36)|PROD(prmtan_neped,ece39)|RATIO(cerqrott12,cerqtit10)|RATIO(ece25,ece39)|RATIO(fs03da,prmtan_neped)|RATIO(ip,ece22)|RECIP(bt)|RECIP(cerqtit10)",12,0.17397981410225233,0.21020059399306773,A,0.21170867507656427,True,False
"ID(pcdiamag3)|PROD(fs03da,cerqtit11)|PROD(ip,prmtan_neped)|PROD(pinj,ece36)|PROD(prmtan_neped,ece39)|RATIO(cerqrott12,cerqtit10)|RATIO(ece25,ece39)|RATIO(fs03da,prmtan_neped)|RATIO(ip,ece22)|RATIO(pinj,bt)|RECIP(bt)|RECIP(cerqtit10)",12,0.1739433590322733,0.21021124422550203,A,0.21176660979787518,False,False
"ID(pcdiamag3)|PROD(bt,bt)|PROD(fs03da,cerqtit11)|PROD(gasa,ece1)|PROD(ip,prmtan_neped)|PROD(prmtan_neped,ece39)|PROD(prmtan_neped,prmtan_neped)|RATE_OVER_LEVEL(gasc|ip)|RATIO(fs03da,prmtan_neped)|RATIO(ip,ece22)|RATIO(prmtan_neped,cerqtit10)",11,0.17584688241283097,0.21021600104868413,A,0.2554584880669912,False,False
"ID(gasd)|ID(pcdiamag3)|PROD(ece37,ece39)|PROD(gasa,ece1)|PROD(ip,prmtan_neped)|PROD(pinj,cerqrott6)|PROD(prmtan_neped,ece39)|PROD(prmtan_neped,prmtan_neped)|RATIO(fs03da,prmtan_neped)|RATIO(gasa,ece6)|RATIO(ip,bt)|RATIO(ip,ece22)",12,0.17211984427024923,0.2102892678231001,A,0.2669648724297683,False,False
"DOT(gasc)|ID(pcdiamag3)|PROD(bt,bt)|PROD(fs03da,cerqtit11)|PROD(gasa,ece1)|PROD(ip,prmtan_neped)|PROD(prmtan_neped,ece39)|PROD(prmtan_neped,prmtan_neped)|RATIO(fs03da,prmtan_neped)|RATIO(ip,ece22)|RATIO(prmtan_neped,cerqtit10)",11,0.17589012539635102,0.2103376615792513,A,0.25545997122923536,False,False
"ID(pcdiamag3)|LEVEL_RATE(bt|gasc)|PROD(bt,bt)|PROD(fs03da,cerqtit11)|PROD(gasa,ece1)|PROD(ip,prmtan_neped)|PROD(prmtan_neped,ece39)|PROD(prmtan_neped,prmtan_neped)|RATIO(fs03da,prmtan_neped)|RATIO(ip,ece22)|RATIO(prmtan_neped,cerqtit10)",11,0.17589066835741202,0.2103392504155636,A,0.2554547101259232,False,False
"ID(pcdiamag3)|LEVEL_RATE(prmtan_neped|gasc)|PROD(bt,bt)|PROD(fs03da,cerqtit11)|PROD(gasa,ece1)|PROD(ip,prmtan_neped)|PROD(prmtan_neped,ece39)|PROD(prmtan_neped,prmtan_neped)|RATIO(fs03da,prmtan_neped)|RATIO(ip,ece22)|RATIO(prmtan_neped,cerqtit10)",11,0.17590251602232457,0.21041943170130253,A,0.2553846006592115,False,False
"ID(pcdiamag3)|PROD(bt,bt)|PROD(fs03da,cerqtit11)|PROD(gasa,ece1)|PROD(gasa,gasa)|PROD(ip,prmtan_neped)|PROD(prmtan_neped,ece39)|PROD(prmtan_neped,prmtan_neped)|RATIO(fs03da,prmtan_neped)|RATIO(ip,ece22)|RATIO(prmtan_neped,cerqtit10)",11,0.17583937775343655,0.2104210939258337,A,0.28601647764444355,False,False
"ID(pcdiamag3)|LEVEL_RATE(fs03da|gasd)|PROD(bt,bt)|PROD(fs03da,cerqtit11)|PROD(gasa,ece1)|PROD(ip,prmtan_neped)|PROD(prmtan_neped,ece39)|PROD(prmtan_neped,prmtan_neped)|RATIO(fs03da,prmtan_neped)|RATIO(ip,ece22)|RATIO(prmtan_neped,cerqtit10)",11,0.17610760033130646,0.2104265347123146,A,0.2562579209605853,False,False
"ID(pcdiamag3)|ID(prmtan_neped)|PROD(ece37,ece39)|PROD(gasa,gasa)|PROD(pinj,cerqrott6)|PROD(prmtan_neped,prmtan_neped)|RATIO(bt,ece39)|RATIO(ece21,prmtan_neped)|RATIO(fs03da,prmtan_neped)|RATIO(ip,ece22)|RECIP(cerqtit10)|RECIP(prmtan_neped)",12,0.1726743129392465,0.2106800429522991,A,0.24213816473881408,True,False
"ID(pcdiamag3)|LEVEL_RATE(gasa|ip)|PROD(fs03da,cerqtit11)|PROD(gasa,ece1)|PROD(ip,prmtan_neped)|PROD(pinj,cerqrott6)|PROD(pinj,pinj_30l)|PROD(prmtan_neped,ece39)|RATIO(fs03da,prmtan_neped)|RATIO(ip,ece22)|RECIP(bt)|RECIP(cerqtit10)",12,0.17593437538792692,0.21069257594645024,A,0.25900027553240457,False,False
"ID(pcdiamag3)|LEVEL_RATE(prmtan_neped|cerqtit6)|PROD(bt,bt)|PROD(fs03da,cerqtit11)|PROD(gasa,ece1)|PROD(ip,prmtan_neped)|PROD(prmtan_neped,ece39)|PROD(prmtan_neped,prmtan_neped)|RATIO(fs03da,prmtan_neped)|RATIO(ip,ece22)|RATIO(prmtan_neped,cerqtit10)",11,0.17615449198832117,0.21077158860862255,A,0.2586085865894954,False,False
"ID(pcdiamag3)|PROD(bt,bt)|PROD(fs03da,cerqtit11)|PROD(gasa,ece1)|PROD(ip,prmtan_neped)|PROD(prmtan_neped,ece39)|PROD(prmtan_neped,pinj)|PROD(prmtan_neped,prmtan_neped)|RATIO(fs03da,prmtan_neped)|RATIO(ip,ece22)|RATIO(prmtan_neped,cerqtit10)",11,0.17569229224075872,0.2108290646225214,A,0.25762326021989185,False,False
"ID(pcdiamag3)|PROD(bt,gasd)|PROD(ece37,ece39)|PROD(gasa,ece1)|PROD(ip,prmtan_neped)|PROD(pinj,cerqrott6)|PROD(prmtan_neped,ece39)|PROD(prmtan_neped,prmtan_neped)|RATIO(fs03da,prmtan_neped)|RATIO(gasa,ece6)|RATIO(ip,bt)|RATIO(ip,ece22)",12,0.17242673753450316,0.21086310036480427,A,0.2670050804813704,False,False
"ID(pcdiamag3)|LEVEL_RATE(pinj|gasc)|PROD(bt,bt)|PROD(fs03da,cerqtit11)|PROD(gasa,ece1)|PROD(ip,prmtan_neped)|PROD(prmtan_neped,ece39)|PROD(prmtan_neped,prmtan_neped)|RATIO(fs03da,prmtan_neped)|RATIO(ip,ece22)|RATIO(prmtan_neped,cerqtit10)",11,0.17608397658914327,0.2109177816659212,A,0.2551225150624912,False,False
"ID(pcdiamag3)|PROD(ece37,ece39)|PROD(fs04,gasc)|PROD(gasa,ece1)|PROD(ip,prmtan_neped)|PROD(pinj,cerqrott6)|PROD(prmtan_neped,ece39)|PROD(prmtan_neped,prmtan_neped)|RATIO(fs03da,prmtan_neped)|RATIO(gasa,ece6)|RATIO(ip,bt)|RATIO(ip,ece22)",12,0.17068752218037844,0.21097167879343032,A,0.2553203520675501,False,False
"ID(pcdiamag3)|PROD(bt,cerqtit6)|PROD(ece37,ece39)|PROD(fs03da,cerqtit11)|PROD(pinj,cerqrott6)|PROD(prmtan_neped,prmtan_neped)|RATE_OVER_LEVEL(ece37|cerqtit10)|RATIO(cerqrott12,cerqtit10)|RATIO(ece25,ece39)|RATIO(ip,bt)|RATIO(ip,cerqtit10)|RATIO(prmtan_neped,ece22)",12,0.17403645242253937,0.21105245538055897,A,0.2335273072123528,False,False
"ID(pcdiamag3)|ID(prmtan_neped)|PROD(ece37,ece39)|PROD(gasa,gasa)|PROD(pinj,cerqrott6)|PROD(prmtan_neped,prmtan_neped)|RATIO(cerqtit8,ece22)|RATIO(ece21,prmtan_neped)|RATIO(fs03da,prmtan_neped)|RATIO(ip,ece22)|RECIP(cerqtit10)|RECIP(prmtan_neped)",12,0.17084673680365084,0.21111008245497942,A,0.2476382854084174,False,False
"ID(pcdiamag3)|LEVEL_RATE(pinj_30r|cerqrott3)|PROD(bt,bt)|PROD(fs03da,cerqtit11)|PROD(gasa,ece1)|PROD(ip,prmtan_neped)|PROD(prmtan_neped,ece39)|PROD(prmtan_neped,prmtan_neped)|RATIO(fs03da,prmtan_neped)|RATIO(ip,ece22)|RATIO(prmtan_neped,cerqtit10)",11,0.1762430059413115,0.21120729930698873,A,0.25447503179311753,False,False
"ID(pcdiamag3)|PROD(fs03da,cerqtit11)|PROD(gasa,cerqtit6)|PROD(gasa,ece1)|PROD(ip,prmtan_neped)|PROD(pinj,cerqrott6)|PROD(pinj,pinj_30l)|PROD(prmtan_neped,ece39)|RATIO(fs03da,prmtan_neped)|RATIO(ip,ece22)|RECIP(bt)|RECIP(cerqtit10)",12,0.17731557544320825,0.21126513481140136,A,0.2657902615765732,True,False
"ID(pcdiamag3)|ID(prmtan_neped)|PROD(ece37,ece39)|PROD(gasa,gasa)|PROD(pinj,cerqrott6)|PROD(prmtan_neped,prmtan_neped)|RATIO(ece21,prmtan_neped)|RATIO(fs03da,prmtan_neped)|RATIO(gasa,ece6)|RATIO(ip,ece22)|RECIP(cerqtit10)|RECIP(prmtan_neped)",12,0.17428664776186148,0.21144890412688255,A,0.2429665674765906,False,False
"ID(pcdiamag3)|PROD(bt,bt)|PROD(fs03da,cerqtit11)|PROD(gasa,ece1)|PROD(ip,prmtan_neped)|PROD(prmtan_neped,ece39)|PROD(prmtan_neped,prmtan_neped)|RATE_OVER_LEVEL(gasa|cerqtit3)|RATIO(fs03da,prmtan_neped)|RATIO(ip,ece22)|RATIO(prmtan_neped,cerqtit10)",11,0.1758412609497706,0.21148486994206905,A,0.2633541877071063,False,False
"ID(pcdiamag3)|PROD(fs03da,cerqtit11)|PROD(gasa,ece1)|PROD(ip,prmtan_neped)|PROD(pinj,cerqrott6)|PROD(pinj,pinj_30l)|PROD(prmtan_neped,ece39)|RATE_OVER_LEVEL(ip|prmtan_neped)|RATIO(fs03da,prmtan_neped)|RATIO(ip,ece22)|RECIP(bt)|RECIP(cerqtit10)",12,0.17597688840081294,0.2115580853074789,A,0.25777554760376614,False,False
"ID(pcdiamag3)|LEVEL_RATE(ece16|ip)|PROD(bt,cerqtit6)|PROD(ece37,ece39)|PROD(fs03da,cerqtit11)|PROD(pinj,cerqrott6)|PROD(prmtan_neped,prmtan_neped)|RATIO(cerqrott12,cerqtit10)|RATIO(ece25,ece39)|RATIO(ip,bt)|RATIO(ip,cerqtit10)|RATIO(prmtan_neped,ece22)",12,0.1744085356593132,0.21157898120582103,A,0.23707984065016116,False,False
"ID(pcdiamag3)|LEVEL_RATE(fs03da|ip)|PROD(ece37,ece39)|PROD(gasa,ece1)|PROD(ip,prmtan_neped)|PROD(pinj,cerqrott6)|PROD(prmtan_neped,ece39)|PROD(prmtan_neped,prmtan_neped)|RATIO(fs03da,prmtan_neped)|RATIO(gasa,ece6)|RATIO(ip,ece22)",11,0.17878247909247874,0.21160802915692328,A,0.30754465063412983,True,False
"ID(pcdiamag3)|LEVEL_RATE(fs03da|ip)|PROD(bt,cerqtit6)|PROD(ece37,ece39)|PROD(fs03da,cerqtit11)|PROD(pinj,cerqrott6)|PROD(prmtan_neped,prmtan_neped)|RATIO(cerqrott12,cerqtit10)|RATIO(ece25,ece39)|RATIO(ip,bt)|RATIO(ip,cerqtit10)|RATIO(prmtan_neped,ece22)",12,0.1756037293622891,0.21164629533886908,A,0.24123893777529404,False,False
"ID(pcdiamag3)|PROD(fs03da,cerqtit11)|PROD(gasa,ece1)|PROD(ip,prmtan_neped)|PROD(pinj,cerqrott6)|PROD(pinj,pinj_30l)|PROD(prmtan_neped,ece39)|RATE_OVER_LEVEL(ip|cerqtit10)|RATIO(fs03da,prmtan_neped)|RATIO(ip,ece22)|RECIP(bt)|RECIP(cerqtit10)",12,0.17599747174729904,0.21170083731412886,A,0.256185061732928,False,False
"ID(pcdiamag3)|PROD(bt,bt)|PROD(fs03da,cerqtit11)|PROD(gasa,ece1)|PROD(ip,prmtan_neped)|PROD(prmtan_neped,ece39)|PROD(prmtan_neped,prmtan_neped)|RATE_OVER_LEVEL(gasa|ece39)|RATIO(fs03da,prmtan_neped)|RATIO(ip,ece22)|RATIO(prmtan_neped,cerqtit10)",11,0.17582408674061295,0.2117781773209572,A,0.2644953285654386,False,False
"ID(pcdiamag3)|PROD(bt,bt)|PROD(fs03da,cerqtit11)|PROD(gasa,ece1)|PROD(ip,prmtan_neped)|PROD(prmtan_neped,ece39)|PROD(prmtan_neped,prmtan_neped)|RATE_OVER_LEVEL(gasa|prmtan_neped)|RATIO(fs03da,prmtan_neped)|RATIO(ip,ece22)|RATIO(prmtan_neped,cerqtit10)",11,0.17579099057863157,0.2118287891149521,A,0.2643260444204013,False,False
"ID(pcdiamag3)|ID(prmtan_neped)|PROD(ece37,ece39)|PROD(gasa,gasa)|PROD(pinj,cerqrott6)|PROD(prmtan_neped,pinj)|PROD(prmtan_neped,prmtan_neped)|RATIO(ece21,prmtan_neped)|RATIO(fs03da,prmtan_neped)|RATIO(ip,ece22)|RECIP(cerqtit10)|RECIP(prmtan_neped)",12,0.17277635969221591,0.21200198717415333,A,0.21704313158988953,False,False
"ID(pcdiamag3)|PROD(bt,cerqtit6)|PROD(ece37,ece39)|PROD(fs03da,cerqtit11)|PROD(pinj,cerqrott6)|PROD(prmtan_neped,prmtan_neped)|RATE_OVER_LEVEL(ip|ip)|RATIO(cerqrott12,cerqtit10)|RATIO(ece25,ece39)|RATIO(ip,bt)|RATIO(ip,cerqtit10)|RATIO(prmtan_neped,ece22)",12,0.17455721373359362,0.2120143037289381,A,0.237385201950868,False,False
"ID(pcdiamag3)|PROD(fs03da,cerqtit11)|PROD(gasa,ece1)|PROD(ip,prmtan_neped)|PROD(pinj,cerqrott6)|PROD(pinj,pinj_30l)|PROD(prmtan_neped,ece39)|RATE_OVER_LEVEL(ip|ece1)|RATIO(fs03da,prmtan_neped)|RATIO(ip,ece22)|RECIP(bt)|RECIP(cerqtit10)",12,0.17623247156540553,0.21201653219759464,A,0.2606858755151431,False,False
"ID(pcdiamag3)|LEVEL_RATE(cerqrott12|cerqtit8)|PROD(bt,cerqtit6)|PROD(ece37,ece39)|PROD(fs03da,cerqtit11)|PROD(pinj,cerqrott6)|PROD(prmtan_neped,prmtan_neped)|RATIO(cerqrott12,cerqtit10)|RATIO(ece25,ece39)|RATIO(ip,bt)|RATIO(ip,cerqtit10)|RATIO(prmtan_neped,ece22)",12,0.17354836110025645,0.21202424801886083,A,0.22564699550469725,False,False
"ID(pcdiamag3)|PROD(bt,bt)|PROD(fs03da,cerqtit11)|PROD(gasa,ece1)|PROD(ip,prmtan_neped)|PROD(prmtan_neped,ece39)|PROD(prmtan_neped,prmtan_neped)|RATE_OVER_LEVEL(cerqrott3|prmtan_neped)|RATIO(fs03da,prmtan_neped)|RATIO(ip,ece22)|RATIO(prmtan_neped,cerqtit10)",11,0.1761835809176167,0.2120354387909174,A,0.2527439360817274,False,False
"ID(pcdiamag3)|LEVEL_RATE(pinj_33r|ip)|PROD(bt,cerqtit6)|PROD(ece37,ece39)|PROD(fs03da,cerqtit11)|PROD(pinj,cerqrott6)|PROD(prmtan_neped,prmtan_neped)|RATIO(cerqrott12,cerqtit10)|RATIO(ece25,ece39)|RATIO(ip,bt)|RATIO(ip,cerqtit10)|RATIO(prmtan_neped,ece22)",12,0.1745848648250103,0.21206141859292985,A,0.23720393727223085,False,False
"ID(pcdiamag3)|PROD(bt,bt)|PROD(fs03da,cerqtit11)|PROD(gasa,ece1)|PROD(ip,prmtan_neped)|PROD(prmtan_neped,ece39)|PROD(prmtan_neped,prmtan_neped)|RATIO(fs03da,prmtan_neped)|RATIO(ip,ece22)|RATIO(prmtan_neped,cerqtit10)|RATIO(prmtan_teped,prmtan_neped)",11,0.175899095274508,0.21207003444433212,A,0.2511898557345073,False,False
"ID(pcdiamag3)|LEVEL_RATE(bt|ip)|PROD(bt,cerqtit6)|PROD(ece37,ece39)|PROD(fs03da,cerqtit11)|PROD(pinj,cerqrott6)|PROD(prmtan_neped,prmtan_neped)|RATIO(cerqrott12,cerqtit10)|RATIO(ece25,ece39)|RATIO(ip,bt)|RATIO(ip,cerqtit10)|RATIO(prmtan_neped,ece22)",12,0.1745907764881849,0.21215430088341236,A,0.2373729440073173,False,False
"DOT(ip)|ID(pcdiamag3)|PROD(bt,cerqtit6)|PROD(ece37,ece39)|PROD(fs03da,cerqtit11)|PROD(pinj,cerqrott6)|PROD(prmtan_neped,prmtan_neped)|RATIO(cerqrott12,cerqtit10)|RATIO(ece25,ece39)|RATIO(ip,bt)|RATIO(ip,cerqtit10)|RATIO(prmtan_neped,ece22)",12,0.17459187184770902,0.21216096095740794,A,0.23737796619534499,False,False
"ID(pcdiamag3)|PROD(bt,cerqtit6)|PROD(ece37,ece39)|PROD(fs03da,cerqtit11)|PROD(pinj,cerqrott6)|PROD(prmtan_neped,prmtan_neped)|RATIO(bt,ip)|RATIO(cerqrott12,cerqtit10)|RATIO(ece25,ece39)|RATIO(ip,bt)|RATIO(ip,cerqtit10)|RATIO(prmtan_neped,ece22)",12,0.17413581224779287,0.21221960484981536,A,0.2390108925600847,False,False
"ID(pcdiamag3)|PROD(bt,cerqtit6)|PROD(ece37,ece39)|PROD(fs03da,cerqtit11)|PROD(pinj,cerqrott6)|PROD(prmtan_neped,prmtan_neped)|RATE_OVER_LEVEL(gasa|cerqtit3)|RATIO(cerqrott12,cerqtit10)|RATIO(ece25,ece39)|RATIO(ip,bt)|RATIO(ip,cerqtit10)|RATIO(prmtan_neped,ece22)",12,0.17424935214221476,0.2122734125703573,A,0.236499647051096,False,False
"ID(pcdiamag3)|PROD(ece37,ece39)|PROD(gasa,ece1)|PROD(gasa,gasa)|PROD(ip,prmtan_neped)|PROD(pinj,cerqrott6)|PROD(prmtan_neped,ece39)|PROD(prmtan_neped,prmtan_neped)|RATIO(fs03da,prmtan_neped)|RATIO(gasa,ece6)|RATIO(ip,ece22)",11,0.1770621464898189,0.21228653527796268,A,0.29425505399703983,False,False
"ID(pcdiamag3)|LEVEL_RATE(cerqrott12|cerqtit8)|PROD(ece37,ece39)|PROD(fs03da,cerqtit11)|PROD(gasa,gasa)|PROD(ip,prmtan_neped)|PROD(prmtan_neped,ece39)|RATIO(ece25,ece39)|RATIO(ece39,bt)|RATIO(gasc,cerqtit10)|RATIO(ip,ece22)|RATIO(prmtan_neped,bt)",12,0.17513033021241425,0.21231986433267594,A,0.21154540379842127,True,False
"ID(pcdiamag3)|ID(prmtan_neped)|PROD(ece37,ece39)|PROD(gasa,gasa)|PROD(pinj,cerqrott6)|PROD(prmtan_neped,prmtan_neped)|RATIO(ece21,prmtan_neped)|RATIO(fs03da,prmtan_neped)|RATIO(ip,bt)|RATIO(ip,ece22)|RECIP(cerqtit10)|RECIP(prmtan_neped)",12,0.16969413869082928,0.2123927190899849,A,0.22750679403543483,False,False
"ID(pcdiamag3)|LEVEL_RATE(prmtan_neped|ip)|PROD(bt,cerqtit6)|PROD(ece37,ece39)|PROD(fs03da,cerqtit11)|PROD(pinj,cerqrott6)|PROD(prmtan_neped,prmtan_neped)|RATIO(cerqrott12,cerqtit10)|RATIO(ece25,ece39)|RATIO(ip,bt)|RATIO(ip,cerqtit10)|RATIO(prmtan_neped,ece22)",12,0.17477935571223496,0.21240678802132607,A,0.2378060308595499,False,False
"ID(pcdiamag3)|LEVEL_RATE(pinj_33r|ip)|PROD(fs03da,cerqtit11)|PROD(gasa,ece1)|PROD(ip,prmtan_neped)|PROD(pinj,cerqrott6)|PROD(pinj,pinj_30l)|PROD(prmtan_neped,ece39)|RATIO(fs03da,prmtan_neped)|RATIO(ip,ece22)|RECIP(bt)|RECIP(cerqtit10)",12,0.1760142038886746,0.21250182911753654,A,0.2597619965672493,False,False
"ID(pcdiamag3)|PROD(fs03da,cerqtit11)|PROD(gasa,ece1)|PROD(ip,pinj)|PROD(ip,prmtan_neped)|PROD(pinj,ece36)|PROD(prmtan_neped,ece39)|RATE_OVER_LEVEL(ip|ece1)|RATIO(ece25,ece39)|RATIO(fs03da,prmtan_neped)|RATIO(ip,ece22)|RECIP(cerqtit10)",12,0.1751543050010999,0.21257948502898216,A,0.2237444212039312,False,False
"ID(pcdiamag3)|PROD(bt,cerqtit6)|PROD(ece37,ece39)|PROD(fs03da,cerqtit11)|PROD(pinj,cerqrott6)|PROD(prmtan_neped,gasc)|PROD(prmtan_neped,prmtan_neped)|RATIO(cerqrott12,cerqtit10)|RATIO(ece25,ece39)|RATIO(ip,bt)|RATIO(ip,cerqtit10)|RATIO(prmtan_neped,ece22)",12,0.17539377007633447,0.21270260363817214,A,0.23781824509302785,False,False
"ID(pcdiamag3)|PROD(fs03da,cerqtit11)|PROD(gasa,ece1)|PROD(ip,pinj)|PROD(ip,prmtan_neped)|PROD(pinj,ece36)|PROD(prmtan_neped,ece39)|RATIO(ece25,ece39)|RATIO(fs03da,prmtan_neped)|RATIO(gasd,bt)|RATIO(ip,ece22)|RECIP(cerqtit10)",12,0.1751897582784295,0.21270472705364227,A,0.22663940091927845,False,False
"ID(pcdiamag3)|PROD(fs03da,cerqtit11)|PROD(gasa,cerqtit6)|PROD(gasa,ece1)|PROD(ip,prmtan_neped)|PROD(prmtan_neped,ece39)|RATIO(ece25,ece39)|RATIO(fs03da,prmtan_neped)|RATIO(ip,ece22)|RATIO(prmtan_teped,prmtan_neped)|RECIP(bt)|RECIP(cerqtit10)",12,0.17533619422465563,0.21271509379148484,A,0.21933392733335508,False,False
"ID(pcdiamag3)|PROD(bt,cerqtit6)|PROD(ece37,ece39)|PROD(fs03da,cerqtit11)|PROD(pinj,cerqrott6)|PROD(prmtan_neped,prmtan_neped)|RATE_OVER_LEVEL(gasa|prmtan_neped)|RATIO(cerqrott12,cerqtit10)|RATIO(ece25,ece39)|RATIO(ip,bt)|RATIO(ip,cerqtit10)|RATIO(prmtan_neped,ece22)",12,0.17440207650264103,0.21271875202655793,A,0.23644708121816324,False,False
"ID(pcdiamag3)|PROD(fs03da,cerqtit11)|PROD(gasa,ece1)|PROD(ip,pinj)|PROD(ip,prmtan_neped)|PROD(pinj,ece36)|PROD(prmtan_neped,ece39)|RATE_OVER_LEVEL(ip|cerqtit10)|RATIO(ece25,ece39)|RATIO(fs03da,prmtan_neped)|RATIO(ip,ece22)|RECIP(cerqtit10)",12,0.17528272463629643,0.2127374241128564,A,0.22344405005375545,False,False
"ID(pcdiamag3)|PROD(fs03da,cerqtit11)|PROD(gasa,ece1)|PROD(ip,pinj)|PROD(ip,prmtan_neped)|PROD(pinj,ece36)|PROD(pinj,pinj_30l)|PROD(prmtan_neped,ece39)|RATIO(ece25,ece39)|RATIO(fs03da,prmtan_neped)|RATIO(ip,ece22)|RECIP(cerqtit10)",12,0.17517700102180242,0.21275197807699442,A,0.22700460106134415,False,False
"ID(pcdiamag3)|PROD(ece37,ece39)|PROD(gasa,ece1)|PROD(ip,prmtan_neped)|PROD(pinj,cerqrott6)|PROD(prmtan_neped,ece39)|PROD(prmtan_neped,prmtan_neped)|RATIO(fs03da,prmtan_neped)|RATIO(fs04,prmtan_neped)|RATIO(gasa,ece6)|RATIO(ip,bt)|RATIO(ip,ece22)",12,0.172206220900019,0.2127692848443985,A,0.23858072509368267,False,False
"ID(pcdiamag3)|PROD(fs03da,cerqtit11)|PROD(gasa,ece1)|PROD(ip,prmtan_neped)|PROD(pinj,cerqrott6)|PROD(pinj,pinj_30l)|PROD(prmtan_neped,ece39)|RATIO(fs03da,prmtan_neped)|RATIO(gasc,prmtan_neped)|RATIO(ip,ece22)|RECIP(bt)|RECIP(cerqtit10)",12,0.17572196150819458,0.21278717257082463,A,0.2577478716770808,False,False
"ID(pcdiamag3)|PROD(bt,cerqtit6)|PROD(ece37,ece39)|PROD(fs03da,cerqtit11)|PROD(pinj,cerqrott6)|PROD(prmtan_neped,prmtan_neped)|RATE_OVER_LEVEL(ip|prmtan_neped)|RATIO(cerqrott12,cerqtit10)|RATIO(ece25,ece39)|RATIO(ip,bt)|RATIO(ip,cerqtit10)|RATIO(prmtan_neped,ece22)",12,0.17489421895394722,0.21287624463438987,A,0.23717541893323268,False,False
"ID(pcdiamag3)|LEVEL_RATE(cerqrott12|ece33)|PROD(fs03da,cerqtit11)|PROD(gasa,ece1)|PROD(ip,pinj)|PROD(ip,prmtan_neped)|PROD(pinj,ece36)|PROD(prmtan_neped,ece39)|RATIO(ece25,ece39)|RATIO(fs03da,prmtan_neped)|RATIO(ip,ece22)|RECIP(cerqtit10)",12,0.17358815440287195,0.212887523137033,A,0.22258240183194478,False,False
"ID(pcdiamag3)|PROD(fs03da,cerqtit11)|PROD(gasa,ece1)|PROD(ip,prmtan_neped)|PROD(pinj,cerqrott6)|PROD(pinj,pinj_30l)|PROD(prmtan_neped,ece39)|RATE_OVER_LEVEL(ip|ip)|RATIO(fs03da,prmtan_neped)|RATIO(ip,ece22)|RECIP(bt)|RECIP(cerqtit10)",12,0.1761633551369111,0.21292533166706562,A,0.25955823212862017,False,False
"ID(pcdiamag3)|PROD(ece37,ece39)|PROD(gasa,ece1)|PROD(gasa,ece2)|PROD(ip,prmtan_neped)|PROD(pinj,cerqrott6)|PROD(prmtan_neped,ece39)|PROD(prmtan_neped,prmtan_neped)|RATIO(fs03da,prmtan_neped)|RATIO(gasa,ece6)|RATIO(ip,bt)|RATIO(ip,ece22)",12,0.17448619958013295,0.21295317597687244,A,0.2853586494922638,False,False
"ID(pcdiamag3)|PROD(bt,cerqtit6)|PROD(ece37,ece39)|PROD(fs03da,cerqtit11)|PROD(pinj,cerqrott6)|PROD(prmtan_neped,prmtan_neped)|RATE_OVER_LEVEL(gasa|ece39)|RATIO(cerqrott12,cerqtit10)|RATIO(ece25,ece39)|RATIO(ip,bt)|RATIO(ip,cerqtit10)|RATIO(prmtan_neped,ece22)",12,0.17453903922190267,0.21303013823926448,A,0.2364894812305769,False,False
"ID(gasd)|ID(pcdiamag3)|PROD(fs03da,cerqtit11)|PROD(gasa,ece1)|PROD(ip,pinj)|PROD(ip,prmtan_neped)|PROD(pinj,ece36)|PROD(prmtan_neped,ece39)|RATIO(ece25,ece39)|RATIO(fs03da,prmtan_neped)|RATIO(ip,ece22)|RECIP(cerqtit10)",12,0.17545735128223897,0.21304537504911422,A,0.22705334772666294,False,False
"ID(pcdiamag3)|PROD(bt,cerqtit6)|PROD(ece37,ece39)|PROD(fs03da,cerqtit11)|PROD(pinj,cerqrott6)|PROD(prmtan_neped,prmtan_neped)|RATIO(cerqrott12,cerqtit10)|RATIO(ece25,ece39)|RATIO(fs03da,prmtan_neped)|RATIO(ip,bt)|RATIO(ip,cerqtit10)|RATIO(prmtan_neped,ece22)",12,0.17429548377792042,0.2130458142608404,A,0.2264669053256512,False,False
"ID(pcdiamag3)|LEVEL_RATE(gasa|ip)|PROD(bt,cerqtit6)|PROD(ece37,ece39)|PROD(fs03da,cerqtit11)|PROD(pinj,cerqrott6)|PROD(prmtan_neped,prmtan_neped)|RATIO(cerqrott12,cerqtit10)|RATIO(ece25,ece39)|RATIO(ip,bt)|RATIO(ip,cerqtit10)|RATIO(prmtan_neped,ece22)",12,0.17508449057737985,0.21319462321698665,A,0.23706800614794102,False,False
"ID(pcdiamag3)|LEVEL_RATE(gasa|ip)|PROD(fs03da,cerqtit11)|PROD(gasa,ece1)|PROD(ip,pinj)|PROD(ip,prmtan_neped)|PROD(pinj,ece36)|PROD(prmtan_neped,ece39)|RATIO(ece25,ece39)|RATIO(fs03da,prmtan_neped)|RATIO(ip,ece22)|RECIP(cerqtit10)",12,0.175363912495474,0.21320186834782362,A,0.22283909916877748,False,False
"ID(pcdiamag3)|LEVEL_RATE(ece16|ip)|PROD(fs03da,cerqtit11)|PROD(gasa,ece1)|PROD(ip,prmtan_neped)|PROD(pinj,cerqrott6)|PROD(pinj,pinj_30l)|PROD(prmtan_neped,ece39)|RATIO(fs03da,prmtan_neped)|RATIO(ip,ece22)|RECIP(bt)|RECIP(cerqtit10)",12,0.17597916945815087,0.21324467062950134,A,0.25951667577028276,False,False
"ID(pcdiamag3)|PROD(fs03da,cerqtit11)|PROD(gasa,ece1)|PROD(ip,pinj)|PROD(ip,prmtan_neped)|PROD(pinj,ece36)|PROD(prmtan_neped,ece39)|RATE_OVER_LEVEL(ip|prmtan_neped)|RATIO(ece25,ece39)|RATIO(fs03da,prmtan_neped)|RATIO(ip,ece22)|RECIP(cerqtit10)",12,0.17538217746963106,0.21327236369252206,A,0.22611479163169862,False,False
"ID(pcdiamag3)|PROD(bt,cerqtit6)|PROD(ece37,ece39)|PROD(fs03da,cerqtit11)|PROD(pinj,cerqrott6)|PROD(prmtan_neped,prmtan_neped)|RATIO(cerqrott12,cerqtit10)|RATIO(ece25,ece39)|RATIO(ip,bt)|RATIO(ip,cerqtit10)|RATIO(prmtan_neped,ece22)|RECIP(cerqtit10)",12,0.17350821606814862,0.2133620847016573,A,0.23678674697875982,False,False
"ID(pcdiamag3)|LEVEL_RATE(cerqrott12|cerqtit8)|PROD(ece37,ece39)|PROD(fs03da,cerqtit11)|PROD(gasa,gasa)|PROD(ip,prmtan_neped)|PROD(prmtan_neped,ece39)|RATE_OVER_LEVEL(ip|ece1)|RATIO(ece25,ece39)|RATIO(ece39,bt)|RATIO(ip,ece22)|RATIO(prmtan_neped,bt)",12,0.17609825761367878,0.21336397379636765,A,0.21146229306856795,False,False
"ID(pcdiamag3)|PROD(fs03da,cerqtit11)|PROD(fs04,gasc)|PROD(gasa,ece1)|PROD(ip,prmtan_neped)|PROD(pinj,cerqrott6)|PROD(pinj,pinj_30l)|PROD(prmtan_neped,ece39)|RATIO(fs03da,prmtan_neped)|RATIO(ip,ece22)|RECIP(bt)|RECIP(cerqtit10)",12,0.17588066092381877,0.21339883841574192,A,0.251087745030721,False,False
"ID(pcdiamag3)|PROD(bt,bt)|PROD(fs03da,cerqtit11)|PROD(gasa,ece1)|PROD(ip,prmtan_neped)|PROD(pinj,ece36)|PROD(prmtan_neped,ece39)|PROD(prmtan_neped,prmtan_neped)|RATIO(fs03da,prmtan_neped)|RATIO(ip,ece22)|RATIO(prmtan_neped,cerqtit10)",11,0.17579873042802013,0.21342122815549375,A,0.2519066800673803,False,False
"ID(pcdiamag3)|PROD(bt,gasd)|PROD(fs03da,cerqtit11)|PROD(gasa,ece1)|PROD(ip,pinj)|PROD(ip,prmtan_neped)|PROD(pinj,ece36)|PROD(prmtan_neped,ece39)|RATIO(ece25,ece39)|RATIO(fs03da,prmtan_neped)|RATIO(ip,ece22)|RECIP(cerqtit10)",12,0.17569695437947908,0.21342599149793387,A,0.22710035840670267,False,False
"ID(pcdiamag3)|PROD(bt,cerqtit6)|PROD(ece37,ece39)|PROD(fs03da,cerqtit11)|PROD(pinj,cerqrott6)|PROD(prmtan_neped,prmtan_neped)|RATIO(cerqrott12,cerqtit10)|RATIO(ece25,ece39)|RATIO(gasd,bt)|RATIO(ip,bt)|RATIO(ip,cerqtit10)|RATIO(prmtan_neped,ece22)",12,0.17564291451126338,0.21342779323458672,A,0.23972874457637475,False,False
"ID(pcdiamag3)|LEVEL_RATE(cerqrott12|ip)|PROD(bt,cerqtit6)|PROD(ece37,ece39)|PROD(fs03da,cerqtit11)|PROD(pinj,cerqrott6)|PROD(prmtan_neped,prmtan_neped)|RATIO(cerqrott12,cerqtit10)|RATIO(ece25,ece39)|RATIO(ip,bt)|RATIO(ip,cerqtit10)|RATIO(prmtan_neped,ece22)",12,0.17503488187988597,0.2134288378059864,A,0.23730508511265125,False,False
"ID(pcdiamag3)|ID(prmtan_neped)|PROD(ece37,ece39)|PROD(fs03da,ece39)|PROD(gasa,gasa)|PROD(pinj,cerqrott6)|PROD(prmtan_neped,prmtan_neped)|RATIO(ece21,prmtan_neped)|RATIO(fs03da,prmtan_neped)|RATIO(ip,ece22)|RECIP(cerqtit10)|RECIP(prmtan_neped)",12,0.17470548463364444,0.21353016421198845,A,0.21486090769370403,False,False
"ID(pcdiamag3)|LEVEL_RATE(cerqrott12|cerqtit8)|PROD(fs03da,cerqtit11)|PROD(gasa,ece1)|PROD(ip,prmtan_neped)|PROD(pinj,cerqrott6)|PROD(pinj,pinj_30l)|PROD(prmtan_neped,ece39)|RATIO(fs03da,prmtan_neped)|RATIO(ip,ece22)|RECIP(bt)|RECIP(cerqtit10)",12,0.17603661728401981,0.21355404667556285,A,0.25956141352653506,False,False
"ID(pcdiamag3)|PROD(fs03da,cerqtit11)|PROD(gasa,ece1)|PROD(ip,prmtan_neped)|PROD(pinj,cerqrott6)|PROD(pinj,pinj_30l)|PROD(prmtan_neped,ece39)|PROD(prmtan_neped,gasc)|RATIO(fs03da,prmtan_neped)|RATIO(ip,ece22)|RECIP(bt)|RECIP(cerqtit10)",12,0.17611668451378742,0.21362124532461166,A,0.2580181737740835,False,False
"ID(gasd)|ID(pcdiamag3)|PROD(bt,cerqtit6)|PROD(ece37,ece39)|PROD(fs03da,cerqtit11)|PROD(pinj,cerqrott6)|PROD(prmtan_neped,prmtan_neped)|RATIO(cerqrott12,cerqtit10)|RATIO(ece25,ece39)|RATIO(ip,bt)|RATIO(ip,cerqtit10)|RATIO(prmtan_neped,ece22)",12,0.17581125038365522,0.21368660852313043,A,0.23993533601363506,False,False
"ID(pcdiamag3)|PROD(bt,cerqtit6)|PROD(ece37,ece39)|PROD(fs03da,cerqtit11)|PROD(pinj,cerqrott6)|PROD(prmtan_neped,prmtan_neped)|RATE_OVER_LEVEL(ip|ece1)|RATIO(cerqrott12,cerqtit10)|RATIO(ece25,ece39)|RATIO(ip,bt)|RATIO(ip,cerqtit10)|RATIO(prmtan_neped,ece22)",12,0.17510049510747197,0.2136973101645708,A,0.2372432778278987,False,False
"ID(pcdiamag3)|LEVEL_RATE(bt|cerqrott3)|PROD(bt,cerqtit6)|PROD(ece37,ece39)|PROD(fs03da,cerqtit11)|PROD(pinj,cerqrott6)|PROD(prmtan_neped,prmtan_neped)|RATIO(cerqrott12,cerqtit10)|RATIO(ece25,ece39)|RATIO(ip,bt)|RATIO(ip,cerqtit10)|RATIO(prmtan_neped,ece22)",12,0.17545779533684253,0.21370364129543304,A,0.23503528162837034,False,False
"DOT(cerqrott3)|ID(pcdiamag3)|PROD(bt,cerqtit6)|PROD(ece37,ece39)|PROD(fs03da,cerqtit11)|PROD(pinj,cerqrott6)|PROD(prmtan_neped,prmtan_neped)|RATIO(cerqrott12,cerqtit10)|RATIO(ece25,ece39)|RATIO(ip,bt)|RATIO(ip,cerqtit10)|RATIO(prmtan_neped,ece22)",12,0.17545444251348574,0.21370720453560352,A,0.23505303884545967,False,False
"ID(pcdiamag3)|ID(prmtan_neped)|PROD(ece37,ece39)|PROD(gasa,gasa)|PROD(pinj,cerqrott6)|PROD(prmtan_neped,prmtan_neped)|RATIO(cerqrott3,prmtan_neped)|RATIO(ece21,prmtan_neped)|RATIO(fs03da,prmtan_neped)|RATIO(ip,ece22)|RECIP(cerqtit10)|RECIP(prmtan_neped)",12,0.17459338232874871,0.21380417384207248,A,0.22352497826019924,False,False
"ID(pcdiamag3)|PROD(bt,cerqtit6)|PROD(ece37,ece39)|PROD(fs03da,cerqtit11)|PROD(pinj,cerqrott6)|PROD(prmtan_neped,prmtan_neped)|RATE_OVER_LEVEL(ip|cerqtit10)|RATIO(cerqrott12,cerqtit10)|RATIO(ece25,ece39)|RATIO(ip,bt)|RATIO(ip,cerqtit10)|RATIO(prmtan_neped,ece22)",12,0.17506277511517207,0.21383897438645363,A,0.2370161429047585,False,False
"ID(pcdiamag3)|PROD(bt,cerqtit6)|PROD(ece37,ece39)|PROD(fs03da,cerqtit11)|PROD(pinj,cerqrott6)|PROD(prmtan_neped,prmtan_neped)|RATE_OVER_LEVEL(cerqrott3|ip)|RATIO(cerqrott12,cerqtit10)|RATIO(ece25,ece39)|RATIO(ip,bt)|RATIO(ip,cerqtit10)|RATIO(prmtan_neped,ece22)",12,0.17544838196287552,0.2138823889195919,A,0.23504427174727127,False,False
"ID(pcdiamag3)|LEVEL_RATE(ece14|cerqtit8)|PROD(bt,cerqtit6)|PROD(ece37,ece39)|PROD(fs03da,cerqtit11)|PROD(pinj,cerqrott6)|PROD(prmtan_neped,prmtan_neped)|RATIO(cerqrott12,cerqtit10)|RATIO(ece25,ece39)|RATIO(ip,bt)|RATIO(ip,cerqtit10)|RATIO(prmtan_neped,ece22)",12,0.17534831178685029,0.21389914602041243,A,0.23465323522686965,False,False
"ID(pcdiamag3)|PROD(bt,cerqtit6)|PROD(bt,gasd)|PROD(ece37,ece39)|PROD(fs03da,cerqtit11)|PROD(pinj,cerqrott6)|PROD(prmtan_neped,prmtan_neped)|RATIO(cerqrott12,cerqtit10)|RATIO(ece25,ece39)|RATIO(ip,bt)|RATIO(ip,cerqtit10)|RATIO(prmtan_neped,ece22)",12,0.17594407045592866,0.213899340108037,A,0.2401131061216196,False,False
"ID(pcdiamag3)|PROD(bt,cerqtit6)|PROD(ece37,ece39)|PROD(fs03da,cerqtit11)|PROD(gasc,pinj)|PROD(pinj,cerqrott6)|PROD(prmtan_neped,prmtan_neped)|RATIO(cerqrott12,cerqtit10)|RATIO(ece25,ece39)|RATIO(ip,bt)|RATIO(ip,cerqtit10)|RATIO(prmtan_neped,ece22)",12,0.17535763991375766,0.21391045227646827,A,0.23479685212175055,False,False
"ID(pcdiamag3)|LEVEL_RATE(cerqrott12|cerqtit8)|PROD(ece37,ece39)|PROD(fs03da,cerqtit11)|PROD(gasa,gasa)|PROD(ip,prmtan_neped)|PROD(prmtan_neped,ece39)|RATE_OVER_LEVEL(ip|cerqtit10)|RATIO(ece25,ece39)|RATIO(ece39,bt)|RATIO(ip,ece22)|RATIO(prmtan_neped,bt)",12,0.17603301585962375,0.21391799058765174,A,0.21073789199193324,False,False
"ID(pcdiamag3)|LEVEL_RATE(ece16|ece35)|PROD(bt,cerqtit6)|PROD(ece37,ece39)|PROD(fs03da,cerqtit11)|PROD(pinj,cerqrott6)|PROD(prmtan_neped,prmtan_neped)|RATIO(cerqrott12,cerqtit10)|RATIO(ece25,ece39)|RATIO(ip,bt)|RATIO(ip,cerqtit10)|RATIO(prmtan_neped,ece22)",12,0.17503540528317293,0.21392519138753413,A,0.23586793690919883,False,False
"ID(pcdiamag3)|PROD(fs03da,cerqtit11)|PROD(gasa,cerqtit6)|PROD(gasa,ece1)|PROD(ip,prmtan_neped)|PROD(pinj,cerqrott6)|PROD(prmtan_neped,ece39)|RATIO(ece25,ece39)|RATIO(fs03da,prmtan_neped)|RATIO(ip,ece22)|RECIP(bt)|RECIP(cerqtit10)",12,0.17505701364328463,0.2139305856078863,A,0.210865820447604,False,False
"ID(pcdiamag3)|LEVEL_RATE(pinj_33r|ip)|PROD(fs03da,cerqtit11)|PROD(gasa,ece1)|PROD(ip,pinj)|PROD(ip,prmtan_neped)|PROD(pinj,ece36)|PROD(prmtan_neped,ece39)|RATIO(ece25,ece39)|RATIO(fs03da,prmtan_neped)|RATIO(ip,ece22)|RECIP(cerqtit10)",12,0.17551003955304623,0.2139613164588809,A,0.22758463770151138,False,False
"ID(pcdiamag3)|ID(prmtan_neped)|PROD(ece37,ece39)|PROD(gasa,gasa)|PROD(pinj,cerqrott6)|PROD(prmtan_neped,prmtan_neped)|RATIO(ece21,prmtan_neped)|RATIO(fs03da,prmtan_neped)|RATIO(ip,ece22)|RECIP(cerqtit10)|RECIP(ece39)|RECIP(prmtan_neped)",12,0.17421712732563416,0.21396467685699463,A,0.24360622962315878,True,False
"ID(pcdiamag3)|PROD(bt,cerqtit6)|PROD(ece37,ece39)|PROD(fs03da,cerqtit11)|PROD(pinj,cerqrott6)|PROD(pinj_30l,cerqtit6)|PROD(prmtan_neped,prmtan_neped)|RATIO(cerqrott12,cerqtit10)|RATIO(ece25,ece39)|RATIO(ip,bt)|RATIO(ip,cerqtit10)|RATIO(prmtan_neped,ece22)",12,0.17426374902327857,0.21396725848317147,A,0.2360392053922018,False,False
"ID(pcdiamag3)|PROD(bt,cerqtit6)|PROD(ece37,ece39)|PROD(fs03da,cerqtit11)|PROD(pinj,cerqrott6)|PROD(pinj,pinj_30l)|PROD(prmtan_neped,prmtan_neped)|RATIO(cerqrott12,cerqtit10)|RATIO(ece25,ece39)|RATIO(ip,bt)|RATIO(ip,cerqtit10)|RATIO(prmtan_neped,ece22)",12,0.1746734498689572,0.2140113528817892,A,0.2362016322712104,False,False
"ID(pcdiamag3)|LEVEL_RATE(cerqrott12|cerqtit8)|LEVEL_RATE(gasa|ip)|PROD(ece37,ece39)|PROD(fs03da,cerqtit11)|PROD(gasa,gasa)|PROD(ip,prmtan_neped)|PROD(prmtan_neped,ece39)|RATIO(ece25,ece39)|RATIO(ece39,bt)|RATIO(ip,ece22)|RATIO(prmtan_neped,bt)",12,0.17622226439416408,0.2140478389337659,A,0.2103472193082174,False,False
"ID(pcdiamag3)|PROD(fs03da,cerqtit11)|PROD(gasa,ece1)|PROD(ip,pinj)|PROD(ip,prmtan_neped)|PROD(pinj,ece36)|PROD(prmtan_neped,ece39)|RATE_OVER_LEVEL(ip|ip)|RATIO(ece25,ece39)|RATIO(fs03da,prmtan_neped)|RATIO(ip,ece22)|RECIP(cerqtit10)",12,0.17559296439091363,0.21405204217880963,A,0.2282155379652977,False,False
"ID(pcdiamag3)|PROD(bt,cerqtit6)|PROD(ece37,ece39)|PROD(fs03da,cerqtit11)|PROD(pinj,cerqrott6)|PROD(prmtan_neped,prmtan_neped)|RATIO(cerqrott12,cerqtit10)|RATIO(ece25,ece39)|RATIO(ip,bt)|RATIO(ip,cerqtit10)|RATIO(pinj_33r,cerqtit10)|RATIO(prmtan_neped,ece22)",12,0.175049647440513,0.2141188632696867,A,0.2379298423727354,False,False
"ID(pcdiamag3)|PROD(bt,cerqtit6)|PROD(ece37,ece39)|PROD(fs03da,cerqtit11)|PROD(gasa,gasa)|PROD(pinj,cerqrott6)|PROD(prmtan_neped,prmtan_neped)|RATIO(cerqrott12,cerqtit10)|RATIO(ece25,ece39)|RATIO(ip,bt)|RATIO(ip,cerqtit10)|RATIO(prmtan_neped,ece22)",12,0.17594585604965687,0.21416969187557697,A,0.23669167011976247,False,False
"ID(pcdiamag3)|PROD(fs03da,cerqtit11)|PROD(gasa,ece1)|PROD(ip,pinj)|PROD(ip,prmtan_neped)|PROD(pinj,ece36)|PROD(pinj_30l,ece39)|PROD(prmtan_neped,ece39)|RATIO(ece25,ece39)|RATIO(fs03da,prmtan_neped)|RATIO(ip,ece22)|RECIP(cerqtit10)",12,0.17531849015504122,0.21419511083513498,A,0.22703824440638226,False,False
"ID(pcdiamag3)|PROD(bt,bt)|PROD(bt,cerqtit6)|PROD(ece37,ece39)|PROD(fs03da,cerqtit11)|PROD(pinj,cerqrott6)|PROD(prmtan_neped,prmtan_neped)|RATIO(cerqrott12,cerqtit10)|RATIO(ece25,ece39)|RATIO(ip,bt)|RATIO(ip,cerqtit10)|RATIO(prmtan_neped,ece22)",12,0.17425060775130988,0.2142237897962332,A,0.23229132940371833,False,False
"ID(bt)|ID(pcdiamag3)|PROD(bt,cerqtit6)|PROD(ece37,ece39)|PROD(fs03da,cerqtit11)|PROD(pinj,cerqrott6)|PROD(prmtan_neped,prmtan_neped)|RATIO(cerqrott12,cerqtit10)|RATIO(ece25,ece39)|RATIO(ip,bt)|RATIO(ip,cerqtit10)|RATIO(prmtan_neped,ece22)",12,0.17422683406621217,0.21422933749854564,A,0.2322592084606489,False,False
"ID(pcdiamag3)|PROD(bt,cerqtit6)|PROD(ece37,ece39)|PROD(fs03da,cerqtit11)|PROD(pinj,cerqrott6)|PROD(prmtan_neped,prmtan_neped)|RATIO(cerqrott12,cerqtit10)|RATIO(ece25,ece39)|RATIO(ip,bt)|RATIO(ip,cerqtit10)|RATIO(prmtan_neped,ece22)|RECIP(bt)",12,0.17417955317844946,0.21424015685915948,A,0.23219429279367132,False,False
"ID(pcdiamag3)|PROD(bt,cerqtit6)|PROD(ece37,ece39)|PROD(fs03da,cerqtit11)|PROD(pinj,cerqrott6)|PROD(prmtan_neped,prmtan_neped)|RATIO(cerqrott12,cerqtit10)|RATIO(ece25,ece39)|RATIO(gasc,cerqtit10)|RATIO(ip,bt)|RATIO(ip,cerqtit10)|RATIO(prmtan_neped,ece22)",12,0.17502611968666315,0.2143378097563982,A,0.2354625247418881,False,False
"DOT(ip)|ID(pcdiamag3)|PROD(fs03da,cerqtit11)|PROD(gasa,ece1)|PROD(ip,pinj)|PROD(ip,prmtan_neped)|PROD(pinj,ece36)|PROD(prmtan_neped,ece39)|RATIO(ece25,ece39)|RATIO(fs03da,prmtan_neped)|RATIO(ip,ece22)|RECIP(cerqtit10)",12,0.17569480730841555,0.21437753271311522,A,0.2286660701036453,False,False
"ID(pcdiamag3)|LEVEL_RATE(bt|ip)|PROD(fs03da,cerqtit11)|PROD(gasa,ece1)|PROD(ip,pinj)|PROD(ip,prmtan_neped)|PROD(pinj,ece36)|PROD(prmtan_neped,ece39)|RATIO(ece25,ece39)|RATIO(fs03da,prmtan_neped)|RATIO(ip,ece22)|RECIP(cerqtit10)",12,0.17569757550954818,0.21438239105045795,A,0.22867132176955543,False,False
"ID(pcdiamag3)|PROD(fs03da,cerqtit11)|PROD(gasa,ece1)|PROD(ip,prmtan_neped)|PROD(pinj,cerqrott6)|PROD(prmtan_neped,ece39)|RATIO(cerqrott12,cerqtit10)|RATIO(ece25,ece39)|RATIO(fs03da,prmtan_neped)|RATIO(ip,ece22)|RECIP(bt)|RECIP(cerqtit10)",12,0.17255494457979997,0.21438673026859761,A,0.20774881293376293,False,False
"ID(pcdiamag3)|PROD(bt,cerqtit6)|PROD(ece37,ece39)|PROD(fs03da,cerqtit11)|PROD(pinj,cerqrott6)|PROD(prmtan_neped,prmtan_neped)|RATE_OVER_LEVEL(ece33|ece39)|RATIO(cerqrott12,cerqtit10)|RATIO(ece25,ece39)|RATIO(ip,bt)|RATIO(ip,cerqtit10)|RATIO(prmtan_neped,ece22)",12,0.17456186221291622,0.21441578306257725,A,0.23379233231147137,False,False
"ID(pcdiamag3)|LEVEL_RATE(cerqrott12|cerqtit8)|PROD(ece37,ece39)|PROD(fs03da,cerqtit11)|PROD(gasa,gasa)|PROD(ip,prmtan_neped)|PROD(pinj,pinj_30l)|PROD(prmtan_neped,ece39)|RATIO(ece25,ece39)|RATIO(ece39,bt)|RATIO(ip,ece22)|RATIO(prmtan_neped,bt)",12,0.1758196718369921,0.21443068385124206,A,0.2212021792928378,False,False
"ID(pcdiamag3)|LEVEL_RATE(fs03da|gasd)|PROD(bt,cerqtit6)|PROD(ece37,ece39)|PROD(fs03da,cerqtit11)|PROD(pinj,cerqrott6)|PROD(prmtan_neped,prmtan_neped)|RATIO(cerqrott12,cerqtit10)|RATIO(ece25,ece39)|RATIO(ip,bt)|RATIO(ip,cerqtit10)|RATIO(prmtan_neped,ece22)",12,0.17522113708158332,0.21446389369666577,A,0.23821584184964503,False,False
"ID(pcdiamag3)|LEVEL_RATE(cerqrott12|cerqtit8)|PROD(ece37,ece39)|PROD(fs03da,cerqtit11)|PROD(gasa,gasa)|PROD(ip,prmtan_neped)|PROD(prmtan_neped,ece39)|RATE_OVER_LEVEL(ip|prmtan_neped)|RATIO(ece25,ece39)|RATIO(ece39,bt)|RATIO(ip,ece22)|RATIO(prmtan_neped,bt)",12,0.17621172927320003,0.21453573554754257,A,0.21076830327510837,False,False
"ID(pcdiamag3)|PROD(bt,prmtan_neped)|PROD(ece37,ece39)|PROD(gasa,ece1)|PROD(ip,prmtan_neped)|PROD(pinj,cerqrott6)|PROD(prmtan_neped,ece39)|PROD(prmtan_neped,prmtan_neped)|RATIO(fs03da,prmtan_neped)|RATIO(gasa,ece6)|RATIO(ip,ece22)",11,0.17508824560791253,0.21457168981432914,A,0.27973902001976975,False,False
"ID(pcdiamag3)|PROD(ece37,ece39)|PROD(fs03da,cerqtit11)|PROD(gasa,ece1)|PROD(ip,prmtan_neped)|PROD(pinj,cerqrott6)|PROD(pinj,pinj_30l)|PROD(prmtan_neped,ece39)|RATIO(fs03da,prmtan_neped)|RATIO(ip,ece22)|RECIP(bt)|RECIP(cerqtit10)",12,0.17400861866772174,0.21460930220782756,A,0.23087397615114846,False,False
"ID(pcdiamag3)|LEVEL_RATE(ece16|ip)|PROD(fs03da,cerqtit11)|PROD(gasa,ece1)|PROD(ip,pinj)|PROD(ip,prmtan_neped)|PROD(pinj,ece36)|PROD(prmtan_neped,ece39)|RATIO(ece25,ece39)|RATIO(fs03da,prmtan_neped)|RATIO(ip,ece22)|RECIP(cerqtit10)",12,0.17569137271493673,0.21461050268262624,A,0.23016362339258195,False,False
"ID(pcdiamag3)|PROD(bt,cerqtit6)|PROD(ece37,ece39)|PROD(fs03da,cerqtit11)|PROD(pinj,cerqrott6)|PROD(prmtan_neped,prmtan_neped)|RATIO(cerqrott12,cerqtit10)|RATIO(ece25,ece39)|RATIO(ip,bt)|RATIO(ip,cerqtit10)|RATIO(prmtan_neped,ece22)",11,0.1751483836521705,0.2146643243730068,A,0.2364855455855529,False,False
"ID(pcdiamag3)|LEVEL_RATE(prmtan_neped|gasc)|PROD(bt,cerqtit6)|PROD(ece37,ece39)|PROD(fs03da,cerqtit11)|PROD(pinj,cerqrott6)|PROD(prmtan_neped,prmtan_neped)|RATIO(cerqrott12,cerqtit10)|RATIO(ece25,ece39)|RATIO(ip,bt)|RATIO(ip,cerqtit10)|RATIO(prmtan_neped,ece22)",12,0.17525053676217794,0.21473573222756387,A,0.2363891447583835,False,False
"ID(pcdiamag3)|PROD(bt,cerqtit6)|PROD(ece37,ece39)|PROD(fs03da,cerqtit11)|PROD(pinj,cerqrott6)|PROD(prmtan_neped,prmtan_neped)|RATE_OVER_LEVEL(cerqrott3|prmtan_neped)|RATIO(cerqrott12,cerqtit10)|RATIO(ece25,ece39)|RATIO(ip,bt)|RATIO(ip,cerqtit10)|RATIO(prmtan_neped,ece22)",12,0.17518247254192829,0.21473955772817135,A,0.23652347475290303,False,False
"ID(pcdiamag3)|PROD(bt,cerqtit6)|PROD(ece37,ece39)|PROD(fs03da,cerqtit11)|PROD(pinj,cerqrott6)|PROD(prmtan_neped,prmtan_neped)|RATE_OVER_LEVEL(gasc|ip)|RATIO(cerqrott12,cerqtit10)|RATIO(ece25,ece39)|RATIO(ip,bt)|RATIO(ip,cerqtit10)|RATIO(prmtan_neped,ece22)",12,0.17525161933153866,0.2147900216281414,A,0.23642851884166405,False,False
"DOT(gasc)|ID(pcdiamag3)|PROD(bt,cerqtit6)|PROD(ece37,ece39)|PROD(fs03da,cerqtit11)|PROD(pinj,cerqrott6)|PROD(prmtan_neped,prmtan_neped)|RATIO(cerqrott12,cerqtit10)|RATIO(ece25,ece39)|RATIO(ip,bt)|RATIO(ip,cerqtit10)|RATIO(prmtan_neped,ece22)",12,0.17525529203315576,0.214795446023345,A,0.23642814084887512,False,False
"ID(pcdiamag3)|LEVEL_RATE(bt|gasc)|PROD(bt,cerqtit6)|PROD(ece37,ece39)|PROD(fs03da,cerqtit11)|PROD(pinj,cerqrott6)|PROD(prmtan_neped,prmtan_neped)|RATIO(cerqrott12,cerqtit10)|RATIO(ece25,ece39)|RATIO(ip,bt)|RATIO(ip,cerqtit10)|RATIO(prmtan_neped,ece22)",12,0.1752556602160136,0.21479663327336312,A,0.23642686456441886,False,False
"ID(pcdiamag3)|LEVEL_RATE(gasa|pinj_33r)|PROD(bt,cerqtit6)|PROD(ece37,ece39)|PROD(fs03da,cerqtit11)|PROD(pinj,cerqrott6)|PROD(prmtan_neped,prmtan_neped)|RATIO(cerqrott12,cerqtit10)|RATIO(ece25,ece39)|RATIO(ip,bt)|RATIO(ip,cerqtit10)|RATIO(prmtan_neped,ece22)",12,0.17547224164009095,0.21483509466052056,A,0.24044971019029623,False,False
"ID(pcdiamag3)|PROD(bt,cerqtit6)|PROD(ece37,ece39)|PROD(fs03da,cerqtit11)|PROD(pinj,cerqrott6)|PROD(prmtan_neped,prmtan_neped)|RATE_OVER_LEVEL(ece33|prmtan_neped)|RATIO(cerqrott12,cerqtit10)|RATIO(ece25,ece39)|RATIO(ip,bt)|RATIO(ip,cerqtit10)|RATIO(prmtan_neped,ece22)",12,0.17436999765535194,0.21484843604266643,A,0.23094763780633615,False,False
"ID(pcdiamag3)|PROD(bt,cerqtit6)|PROD(ece37,ece39)|PROD(fs03da,cerqtit11)|PROD(pinj,cerqrott6)|PROD(prmtan_neped,prmtan_neped)|RATE_OVER_LEVEL(cerqrott3|ece1)|RATIO(cerqrott12,cerqtit10)|RATIO(ece25,ece39)|RATIO(ip,bt)|RATIO(ip,cerqtit10)|RATIO(prmtan_neped,ece22)",12,0.17584441136568785,0.2148506987839937,A,0.2366108380258084,False,False
"ID(pcdiamag3)|PROD(bt,cerqtit6)|PROD(ece37,ece39)|PROD(fs03da,cerqtit11)|PROD(pinj,cerqrott6)|PROD(prmtan_neped,prmtan_neped)|RATE_OVER_LEVEL(pinj_33r|cerqtit3)|RATIO(cerqrott12,cerqtit10)|RATIO(ece25,ece39)|RATIO(ip,bt)|RATIO(ip,cerqtit10)|RATIO(prmtan_neped,ece22)",12,0.17538583390414714,0.21488884799182414,A,0.2407481454312802,False,False
"ID(pcdiamag3)|PROD(bt,cerqtit6)|PROD(ece37,ece39)|PROD(fs03da,cerqtit11)|PROD(pinj,cerqrott6)|PROD(prmtan_neped,prmtan_neped)|RATIO(cerqrott12,cerqtit10)|RATIO(ece25,ece39)|RATIO(ip,bt)|RATIO(ip,cerqtit10)|RATIO(prmtan_neped,ece22)|RATIO(prmtan_teped,prmtan_neped)",12,0.17502730482568343,0.2148930050432682,A,0.23512305890520419,False,False
"ID(pcdiamag3)|LEVEL_RATE(pinj|gasc)|PROD(bt,cerqtit6)|PROD(ece37,ece39)|PROD(fs03da,cerqtit11)|PROD(pinj,cerqrott6)|PROD(prmtan_neped,prmtan_neped)|RATIO(cerqrott12,cerqtit10)|RATIO(ece25,ece39)|RATIO(ip,bt)|RATIO(ip,cerqtit10)|RATIO(prmtan_neped,ece22)",12,0.17525577427198488,0.2149151336401701,A,0.2363618098199368,False,False
"ID(pcdiamag3)|PROD(bt,cerqtit6)|PROD(ece37,ece39)|PROD(fs03da,cerqtit11)|PROD(pinj,cerqrott6)|PROD(prmtan_neped,prmtan_neped)|RATE_OVER_LEVEL(pinj_33r|prmtan_neped)|RATIO(cerqrott12,cerqtit10)|RATIO(ece25,ece39)|RATIO(ip,bt)|RATIO(ip,cerqtit10)|RATIO(prmtan_neped,ece22)",12,0.17540909294039012,0.21491867937147618,A,0.24081978971759482,False,False
"ID(pcdiamag3)|PROD(bt,cerqtit6)|PROD(ece37,ece39)|PROD(fs03da,cerqtit11)|PROD(pinj,cerqrott6)|PROD(prmtan_neped,prmtan_neped)|RATE_OVER_LEVEL(pinj_33r|ece39)|RATIO(cerqrott12,cerqtit10)|RATIO(ece25,ece39)|RATIO(ip,bt)|RATIO(ip,cerqtit10)|RATIO(prmtan_neped,ece22)",12,0.1753898515055577,0.21493159979581833,A,0.24035172834992413,False,False
"ID(pcdiamag3)|PROD(ece37,ece39)|PROD(gasa,ece1)|PROD(ip,prmtan_neped)|PROD(pinj,cerqrott6)|PROD(prmtan_neped,ece39)|PROD(prmtan_neped,prmtan_neped)|RATIO(fs03da,prmtan_neped)|RATIO(gasa,ece6)|RATIO(ip,bt)|RATIO(ip,ece22)|RECIP(bt)",12,0.17520770883808534,0.21493845917284488,A,0.24207676947116863,False,False
"ID(pcdiamag3)|PROD(ece37,ece39)|PROD(gasa,ece1)|PROD(ip,prmtan_neped)|PROD(pinj,cerqrott6)|PROD(prmtan_neped,ece39)|PROD(prmtan_neped,prmtan_neped)|RATIO(fs03da,prmtan_neped)|RATIO(gasa,ece6)|RATIO(ip,bt)|RATIO(ip,ece22)|RATIO(pinj_33r,cerqtit10)",12,0.1716811867430806,0.21494917571544647,A,0.27583451867103576,False,False
"ID(pcdiamag3)|ID(prmtan_neped)|PROD(ece37,ece39)|PROD(gasa,gasa)|PROD(gasc,pinj)|PROD(pinj,cerqrott6)|PROD(prmtan_neped,prmtan_neped)|RATIO(ece21,prmtan_neped)|RATIO(fs03da,prmtan_neped)|RATIO(ip,ece22)|RECIP(cerqtit10)|RECIP(prmtan_neped)",12,0.17514343528697887,0.2150168489664793,A,0.23157235483328514,False,False
"ID(bt)|ID(pcdiamag3)|PROD(ece37,ece39)|PROD(gasa,ece1)|PROD(ip,prmtan_neped)|PROD(pinj,cerqrott6)|PROD(prmtan_neped,ece39)|PROD(prmtan_neped,prmtan_neped)|RATIO(fs03da,prmtan_neped)|RATIO(gasa,ece6)|RATIO(ip,bt)|RATIO(ip,ece22)",12,0.17524479453762373,0.21502381935715675,A,0.24207645803689967,False,False
"ID(pcdiamag3)|PROD(bt,cerqtit6)|PROD(ece37,ece39)|PROD(fs03da,cerqtit11)|PROD(pinj,cerqrott6)|PROD(prmtan_neped,prmtan_neped)|RATE_OVER_LEVEL(cerqrott3|cerqtit10)|RATIO(cerqrott12,cerqtit10)|RATIO(ece25,ece39)|RATIO(ip,bt)|RATIO(ip,cerqtit10)|RATIO(prmtan_neped,ece22)",12,0.17530607897788286,0.2150331623852253,A,0.23652661169568703,False,False
"ID(pcdiamag3)|PROD(bt,bt)|PROD(ece37,ece39)|PROD(gasa,ece1)|PROD(ip,prmtan_neped)|PROD(pinj,cerqrott6)|PROD(prmtan_neped,ece39)|PROD(prmtan_neped,prmtan_neped)|RATIO(fs03da,prmtan_neped)|RATIO(gasa,ece6)|RATIO(ip,bt)|RATIO(ip,ece22)",12,0.1752632087096572,0.2150666207075119,A,0.24207623526453984,False,False
"ID(pcdiamag3)|PROD(ece37,ece39)|PROD(gasa,ece1)|PROD(ip,prmtan_neped)|PROD(pinj,cerqrott6)|PROD(prmtan_neped,ece39)|PROD(prmtan_neped,prmtan_neped)|RATIO(bt,prmtan_neped)|RATIO(fs03da,prmtan_neped)|RATIO(gasa,ece6)|RATIO(ip,bt)|RATIO(ip,ece22)",12,0.17298709743966662,0.2150903631001711,A,0.2614568466941517,False,False
"ID(pcdiamag3)|PROD(bt,cerqtit6)|PROD(ece37,ece39)|PROD(fs03da,cerqtit11)|PROD(pinj,cerqrott6)|PROD(prmtan_neped,prmtan_neped)|RATIO(cerqrott12,cerqtit10)|RATIO(ece25,ece39)|RATIO(ip,bt)|RATIO(ip,cerqtit10)|RATIO(pinj,ece37)|RATIO(prmtan_neped,ece22)",12,0.17484779500712952,0.21509421728551387,A,0.24895614286263787,False,False
"ID(pcdiamag3)|LEVEL_RATE(ece14|pinj_33r)|PROD(bt,cerqtit6)|PROD(ece37,ece39)|PROD(fs03da,cerqtit11)|PROD(pinj,cerqrott6)|PROD(prmtan_neped,prmtan_neped)|RATIO(cerqrott12,cerqtit10)|RATIO(ece25,ece39)|RATIO(ip,bt)|RATIO(ip,cerqtit10)|RATIO(prmtan_neped,ece22)",12,0.17561878506094217,0.21510289944708347,A,0.2382255077362061,False,False
"ID(pcdiamag3)|PROD(fs03da,cerqtit11)|PROD(gasa,ece1)|PROD(ip,pinj)|PROD(ip,prmtan_neped)|PROD(pinj,ece36)|PROD(prmtan_neped,ece39)|RATE_OVER_LEVEL(cerqrott3|prmtan_neped)|RATIO(ece25,ece39)|RATIO(fs03da,prmtan_neped)|RATIO(ip,ece22)|RECIP(cerqtit10)",12,0.17535126147170862,0.21514448691159488,A,0.2276756137609482,False,False
"ID(pcdiamag3)|LEVEL_RATE(cerqrott12|gasa)|PROD(bt,cerqtit6)|PROD(ece37,ece39)|PROD(fs03da,cerqtit11)|PROD(pinj,cerqrott6)|PROD(prmtan_neped,prmtan_neped)|RATIO(cerqrott12,cerqtit10)|RATIO(ece25,ece39)|RATIO(ip,bt)|RATIO(ip,cerqtit10)|RATIO(prmtan_neped,ece22)",12,0.17521725986152886,0.21515591703355313,A,0.23656822318832085,False,False
"ID(pcdiamag3)|LEVEL_RATE(gasa|cerqrott3)|PROD(bt,cerqtit6)|PROD(ece37,ece39)|PROD(fs03da,cerqtit11)|PROD(pinj,cerqrott6)|PROD(prmtan_neped,prmtan_neped)|RATIO(cerqrott12,cerqtit10)|RATIO(ece25,ece39)|RATIO(ip,bt)|RATIO(ip,cerqtit10)|RATIO(prmtan_neped,ece22)",12,0.17560014228026072,0.21516462825238705,A,0.23673352872331943,False,False
"ID(pcdiamag3)|LEVEL_RATE(cerqrott12|ip)|PROD(fs03da,cerqtit11)|PROD(gasa,ece1)|PROD(ip,pinj)|PROD(ip,prmtan_neped)|PROD(pinj,ece36)|PROD(prmtan_neped,ece39)|RATIO(ece25,ece39)|RATIO(fs03da,prmtan_neped)|RATIO(ip,ece22)|RECIP(cerqtit10)",12,0.17613702776531381,0.21517992671579123,A,0.23023130744695663,False,False
"ID(pcdiamag3)|LEVEL_RATE(cerqrott12|cerqtit8)|PROD(ece37,ece39)|PROD(fs03da,cerqtit11)|PROD(gasa,gasa)|PROD(ip,prmtan_neped)|PROD(pinj,cerqrott6)|PROD(prmtan_neped,ece39)|RATIO(ece25,ece39)|RATIO(ece39,bt)|RATIO(ip,ece22)|RATIO(prmtan_neped,bt)",12,0.17537336349487304,0.21520784720778466,A,0.2139828532934189,False,False
"ID(pcdiamag3)|PROD(bt,bt)|PROD(fs03da,cerqtit11)|PROD(gasa,ece1)|PROD(ip,pinj)|PROD(ip,prmtan_neped)|PROD(pinj,ece36)|PROD(prmtan_neped,ece39)|RATIO(ece25,ece39)|RATIO(fs03da,prmtan_neped)|RATIO(ip,ece22)|RECIP(cerqtit10)",12,0.17016137881825366,0.2152134884148836,A,0.20182687441507977,False,False
"ID(bt)|ID(pcdiamag3)|PROD(fs03da,cerqtit11)|PROD(gasa,ece1)|PROD(ip,pinj)|PROD(ip,prmtan_neped)|PROD(pinj,ece36)|PROD(prmtan_neped,ece39)|RATIO(ece25,ece39)|RATIO(fs03da,prmtan_neped)|RATIO(ip,ece22)|RECIP(cerqtit10)",12,0.1701513458043337,0.21521372124552726,A,0.20190304567416512,False,False
"ID(pcdiamag3)|PROD(fs03da,cerqtit11)|PROD(gasa,ece1)|PROD(ip,pinj)|PROD(ip,prmtan_neped)|PROD(pinj,ece36)|PROD(prmtan_neped,ece39)|RATIO(ece25,ece39)|RATIO(fs03da,prmtan_neped)|RATIO(ip,ece22)|RECIP(bt)|RECIP(cerqtit10)",12,0.17013188091417156,0.21521472558379173,A,0.20205541451772058,False,False
"ID(pcdiamag3)|PROD(fs03da,cerqtit11)|PROD(gasa,ece1)|PROD(ip,prmtan_neped)|PROD(pinj,cerqrott6)|PROD(pinj,pinj_30l)|PROD(prmtan_neped,ece39)|RATIO(fs03da,prmtan_neped)|RATIO(ip,ece22)|RATIO(prmtan_teped,prmtan_neped)|RECIP(bt)|RECIP(cerqtit10)",12,0.1757406378785769,0.21525709815323352,A,0.25747071752945583,False,False
"ID(pcdiamag3)|LEVEL_RATE(prmtan_teped|pinj_15l)|PROD(bt,cerqtit6)|PROD(ece37,ece39)|PROD(fs03da,cerqtit11)|PROD(pinj,cerqrott6)|PROD(prmtan_neped,prmtan_neped)|RATIO(cerqrott12,cerqtit10)|RATIO(ece25,ece39)|RATIO(ip,bt)|RATIO(ip,cerqtit10)|RATIO(prmtan_neped,ece22)",12,0.17576450755198797,0.21527355462312697,A,0.23659187803665802,False,False
"ID(pcdiamag3)|PROD(ece37,ece39)|PROD(gasa,ece1)|PROD(ip,prmtan_neped)|PROD(pinj,cerqrott6)|PROD(prmtan_neped,ece39)|PROD(prmtan_neped,prmtan_neped)|RATIO(fs03da,prmtan_neped)|RATIO(gasa,ece6)|RATIO(ip,bt)|RATIO(ip,ece22)|RATIO(prmtan_neped,cerqtit10)",12,0.1745025838414828,0.21529860831797124,A,0.25807779977719,False,False
"ID(pcdiamag3)|LEVEL_RATE(gasa|cerqrott3)|PROD(fs03da,cerqtit11)|PROD(gasa,ece1)|PROD(ip,pinj)|PROD(ip,prmtan_neped)|PROD(pinj,ece36)|PROD(prmtan_neped,ece39)|RATIO(ece25,ece39)|RATIO(fs03da,prmtan_neped)|RATIO(ip,ece22)|RECIP(cerqtit10)",12,0.17544903724143904,0.21531346216797828,A,0.22839537461598713,False,False
"ID(pcdiamag3)|PROD(bt,cerqtit6)|PROD(ece37,ece39)|PROD(fs03da,cerqtit11)|PROD(pinj,cerqrott6)|PROD(prmtan_neped,prmtan_neped)|RATE_OVER_LEVEL(pinj_33r|ip)|RATIO(cerqrott12,cerqtit10)|RATIO(ece25,ece39)|RATIO(ip,bt)|RATIO(ip,cerqtit10)|RATIO(prmtan_neped,ece22)",12,0.17561352675159775,0.21531482711434363,A,0.23990616401036585,False,False
"ID(pcdiamag3)|PROD(ece37,ece39)|PROD(gasa,ece1)|PROD(ip,prmtan_neped)|PROD(pinj,cerqrott6)|PROD(prmtan_neped,ece39)|PROD(prmtan_neped,prmtan_neped)|RATIO(fs03da,prmtan_neped)|RATIO(gasa,ece6)|RATIO(ip,bt)|RATIO(ip,cerqtit10)|RATIO(ip,ece22)",12,0.17521106197188296,0.21531781144440174,A,0.2720972192784151,False,False
"ID(pcdiamag3)|PROD(fs03da,cerqtit11)|PROD(gasa,ece1)|PROD(ip,prmtan_neped)|PROD(pinj,cerqrott6)|PROD(prmtan_neped,ece39)|RATIO(ece25,ece39)|RATIO(fs03da,prmtan_neped)|RATIO(gasd,bt)|RATIO(ip,ece22)|RATIO(pinj,ece37)|RECIP(cerqtit10)",12,0.17568156446019806,0.2153972892090678,A,0.22711147268613183,False,False
"ID(pcdiamag3)|LEVEL_RATE(prmtan_neped|ip)|PROD(fs03da,cerqtit11)|PROD(gasa,ece1)|PROD(ip,pinj)|PROD(ip,prmtan_neped)|PROD(pinj,ece36)|PROD(prmtan_neped,ece39)|RATIO(ece25,ece39)|RATIO(fs03da,prmtan_neped)|RATIO(ip,ece22)|RECIP(cerqtit10)",12,0.17614196687936784,0.21539855375885963,A,0.22976609766483308,False,False
"ID(pcdiamag3)|LEVEL_RATE(cerqrott12|cerqtit8)|PROD(ece37,ece39)|PROD(fs03da,cerqtit11)|PROD(gasa,gasa)|PROD(ip,prmtan_neped)|PROD(prmtan_neped,ece39)|RATE_OVER_LEVEL(cerqrott3|cerqtit10)|RATIO(ece25,ece39)|RATIO(ece39,bt)|RATIO(ip,ece22)|RATIO(prmtan_neped,bt)",12,0.17563294029484194,0.2154132967814803,A,0.20845053891340895,False,False
"ID(pcdiamag3)|PROD(ece37,ece39)|PROD(gasa,ece1)|PROD(ip,prmtan_neped)|PROD(pinj,cerqrott6)|PROD(prmtan_neped,ece39)|PROD(prmtan_neped,prmtan_neped)|RATIO(fs03da,prmtan_neped)|RATIO(gasa,ece6)|RATIO(ip,bt)|RATIO(ip,ece22)|RECIP(prmtan_neped)",12,0.17293635439127683,0.21543231867253781,A,0.261368085940679,False,False
"DOT(pinj_33r)|ID(pcdiamag3)|PROD(bt,cerqtit6)|PROD(ece37,ece39)|PROD(fs03da,cerqtit11)|PROD(pinj,cerqrott6)|PROD(prmtan_neped,prmtan_neped)|RATIO(cerqrott12,cerqtit10)|RATIO(ece25,ece39)|RATIO(ip,bt)|RATIO(ip,cerqtit10)|RATIO(prmtan_neped,ece22)",12,0.1756653980662425,0.21543312668800355,A,0.2398833386600018,False,False
"ID(pcdiamag3)|LEVEL_RATE(bt|pinj_33r)|PROD(bt,cerqtit6)|PROD(ece37,ece39)|PROD(fs03da,cerqtit11)|PROD(pinj,cerqrott6)|PROD(prmtan_neped,prmtan_neped)|RATIO(cerqrott12,cerqtit10)|RATIO(ece25,ece39)|RATIO(ip,bt)|RATIO(ip,cerqtit10)|RATIO(prmtan_neped,ece22)",12,0.17566704824566842,0.2154365923255682,A,0.23988931030035024,False,False
"ID(pcdiamag3)|LEVEL_RATE(gasa|ece25)|PROD(bt,cerqtit6)|PROD(ece37,ece39)|PROD(fs03da,cerqtit11)|PROD(pinj,cerqrott6)|PROD(prmtan_neped,prmtan_neped)|RATIO(cerqrott12,cerqtit10)|RATIO(ece25,ece39)|RATIO(ip,bt)|RATIO(ip,cerqtit10)|RATIO(prmtan_neped,ece22)",12,0.17504929322749377,0.21546247750520706,A,0.23599027221401536,False,False
"ID(pcdiamag3)|LEVEL_RATE(gasa|gasb)|PROD(bt,cerqtit6)|PROD(ece37,ece39)|PROD(fs03da,cerqtit11)|PROD(pinj,cerqrott6)|PROD(prmtan_neped,prmtan_neped)|RATIO(cerqrott12,cerqtit10)|RATIO(ece25,ece39)|RATIO(ip,bt)|RATIO(ip,cerqtit10)|RATIO(prmtan_neped,ece22)",12,0.17582052145153285,0.21551483385264875,A,0.2368452496826649,False,False
"ID(pcdiamag3)|ID(pinj)|PROD(fs03da,cerqtit11)|PROD(gasa,gasa)|PROD(ip,prmtan_neped)|PROD(pinj,ece36)|PROD(prmtan_neped,ece39)|RATIO(ece25,ece39)|RATIO(fs03da,prmtan_neped)|RATIO(ip,ece22)|RECIP(bt)|RECIP(cerqtit10)",12,0.17111610068629185,0.2155412569642067,A,0.2005286996563276,False,False
"ID(pcdiamag3)|PROD(fs03da,cerqtit11)|PROD(gasa,gasa)|PROD(ip,prmtan_neped)|PROD(pinj,ece36)|PROD(prmtan_neped,ece39)|RATIO(ece25,ece39)|RATIO(fs03da,prmtan_neped)|RATIO(ip,ece22)|RATIO(pinj,bt)|RECIP(bt)|RECIP(cerqtit10)",12,0.1711035800476869,0.2155439980328083,A,0.20052139560381577,False,False
"ID(pcdiamag3)|PROD(bt,bt)|PROD(ece37,ece39)|PROD(fs03da,cerqtit11)|PROD(gasa,ece1)|PROD(ip,prmtan_neped)|PROD(prmtan_neped,ece39)|PROD(prmtan_neped,prmtan_neped)|RATIO(fs03da,prmtan_neped)|RATIO(gasd,bt)|RATIO(ip,ece22)|RATIO(prmtan_neped,cerqtit10)",12,0.1751735076929132,0.21554977521300317,A,0.23413250992695495,False,False
"ID(pcdiamag3)|PROD(bt,cerqtit6)|PROD(ece37,ece39)|PROD(fs03da,cerqtit11)|PROD(pinj,cerqrott6)|PROD(prmtan_neped,prmtan_neped)|RATIO(cerqrott12,cerqtit10)|RATIO(ece25,ece39)|RATIO(ip,bt)|RATIO(ip,cerqtit10)|RATIO(pinj_33r,prmtan_neped)|RATIO(prmtan_neped,ece22)",12,0.1762284580618143,0.2155847664922476,A,0.2454994507133961,False,False
"ID(pcdiamag3)|PROD(bt,cerqtit6)|PROD(ece37,ece39)|PROD(fs03da,cerqtit11)|PROD(pinj,cerqrott6)|PROD(prmtan_neped,prmtan_neped)|RATIO(cerqrott12,cerqtit10)|RATIO(cerqrott12,cerqtit11)|RATIO(ece25,ece39)|RATIO(ip,bt)|RATIO(ip,cerqtit10)|RATIO(prmtan_neped,ece22)",12,0.17496819514781237,0.21560248732566833,A,0.23674861143032716,False,False
"ID(pcdiamag3)|LEVEL_RATE(prmtan_neped|cerqtit6)|PROD(bt,cerqtit6)|PROD(ece37,ece39)|PROD(fs03da,cerqtit11)|PROD(pinj,cerqrott6)|PROD(prmtan_neped,prmtan_neped)|RATIO(cerqrott12,cerqtit10)|RATIO(ece25,ece39)|RATIO(ip,bt)|RATIO(ip,cerqtit10)|RATIO(prmtan_neped,ece22)",12,0.1756677562991778,0.2156287983059883,A,0.23415952175855642,False,False
"ID(pcdiamag3)|LEVEL_RATE(pinj_30r|ece39)|PROD(bt,cerqtit6)|PROD(ece37,ece39)|PROD(fs03da,cerqtit11)|PROD(pinj,cerqrott6)|PROD(prmtan_neped,prmtan_neped)|RATIO(cerqrott12,cerqtit10)|RATIO(ece25,ece39)|RATIO(ip,bt)|RATIO(ip,cerqtit10)|RATIO(prmtan_neped,ece22)",12,0.17602443049351374,0.21562977991998195,A,0.2393927358090878,False,False
"ID(pcdiamag3)|LEVEL_RATE(cerqrott12|pinj_15l)|PROD(bt,cerqtit6)|PROD(ece37,ece39)|PROD(fs03da,cerqtit11)|PROD(pinj,cerqrott6)|PROD(prmtan_neped,prmtan_neped)|RATIO(cerqrott12,cerqtit10)|RATIO(ece25,ece39)|RATIO(ip,bt)|RATIO(ip,cerqtit10)|RATIO(prmtan_neped,ece22)",12,0.1760110297550758,0.21563435345888138,A,0.24164073268572495,False,False
"ID(pcdiamag3)|LEVEL_RATE(pinj_30r|cerqrott3)|PROD(bt,cerqtit6)|PROD(ece37,ece39)|PROD(fs03da,cerqtit11)|PROD(pinj,cerqrott6)|PROD(prmtan_neped,prmtan_neped)|RATIO(cerqrott12,cerqtit10)|RATIO(ece25,ece39)|RATIO(ip,bt)|RATIO(ip,cerqtit10)|RATIO(prmtan_neped,ece22)",12,0.17604426164180037,0.21567507237195968,A,0.2345442175865174,False,False
"ID(pcdiamag3)|PROD(fs03da,cerqtit11)|PROD(gasa,ece1)|PROD(ip,pinj)|PROD(ip,prmtan_neped)|PROD(pinj,ece36)|PROD(prmtan_neped,ece39)|RATIO(ece25,ece39)|RATIO(fs03da,prmtan_neped)|RATIO(ip,ece22)|RECIP(cerqtit10)|RECIP(cerqtit11)",12,0.1752845791478952,0.21570321395993233,A,0.2291195054848989,False,False
"ID(gasd)|ID(pcdiamag3)|PROD(fs03da,cerqtit11)|PROD(gasa,ece1)|PROD(ip,prmtan_neped)|PROD(pinj,cerqrott6)|PROD(prmtan_neped,ece39)|RATIO(ece25,ece39)|RATIO(fs03da,prmtan_neped)|RATIO(ip,ece22)|RATIO(pinj,ece37)|RECIP(cerqtit10)",12,0.17599293117721876,0.2157630231231451,A,0.22803929795821512,False,False
"ID(pcdiamag3)|PROD(fs03da,cerqtit11)|PROD(gasa,ece1)|PROD(ip,pinj)|PROD(ip,prmtan_neped)|PROD(pinj,ece36)|PROD(prmtan_neped,ece39)|RATE_OVER_LEVEL(cerqrott3|cerqtit10)|RATIO(ece25,ece39)|RATIO(fs03da,prmtan_neped)|RATIO(ip,ece22)|RECIP(cerqtit10)",12,0.1756809294844667,0.21582329981029033,A,0.2296332155664762,False,False
"ID(pcdiamag3)|PROD(ece37,ece39)|PROD(gasa,ece1)|PROD(ip,prmtan_neped)|PROD(pinj,cerqrott6)|PROD(pinj,pinj_30l)|PROD(prmtan_neped,ece39)|PROD(prmtan_neped,prmtan_neped)|RATIO(fs03da,prmtan_neped)|RATIO(gasa,ece6)|RATIO(ip,bt)|RATIO(ip,ece22)",12,0.17187294960021973,0.21583001129329205,A,0.2762627564370632,False,False
"ID(pcdiamag3)|LEVEL_RATE(cerqrott12|cerqtit8)|PROD(ece37,ece39)|PROD(fs03da,cerqtit11)|PROD(gasa,gasa)|PROD(ip,prmtan_neped)|PROD(prmtan_neped,ece39)|PROD(prmtan_neped,pinj)|RATIO(ece25,ece39)|RATIO(ece39,bt)|RATIO(ip,ece22)|RATIO(prmtan_neped,bt)",12,0.17498374568919342,0.21585729271173476,A,0.21047043353319173,False,False
"ID(pcdiamag3)|ID(prmtan_neped)|PROD(ece37,ece39)|PROD(gasa,gasa)|PROD(pinj,cerqrott6)|PROD(prmtan_neped,prmtan_neped)|RATIO(cerqtit8,ip)|RATIO(ece21,prmtan_neped)|RATIO(fs03da,prmtan_neped)|RATIO(ip,ece22)|RECIP(cerqtit10)|RECIP(prmtan_neped)",12,0.1730071522295475,0.21588511876761912,A,0.242140539487203,False,False
"ID(pcdiamag3)|LEVEL_RATE(cerqrott12|cerqtit8)|PROD(ece37,ece39)|PROD(fs03da,cerqtit11)|PROD(gasa,gasa)|PROD(ip,prmtan_neped)|PROD(prmtan_neped,ece39)|RATE_OVER_LEVEL(cerqrott3|prmtan_neped)|RATIO(ece25,ece39)|RATIO(ece39,bt)|RATIO(ip,ece22)|RATIO(prmtan_neped,bt)",12,0.17561504145463308,0.21590532511472701,A,0.20770404214660332,False,False
"ID(pcdiamag3)|LEVEL_RATE(prmtan_neped|ece9)|PROD(ece37,ece39)|PROD(gasa,ece1)|PROD(ip,prmtan_neped)|PROD(pinj,cerqrott6)|PROD(prmtan_neped,ece39)|PROD(prmtan_neped,prmtan_neped)|RATIO(fs03da,prmtan_neped)|RATIO(gasa,ece6)|RATIO(ip,bt)|RATIO(ip,ece22)",12,0.1720252001658082,0.21599902734160423,A,0.27478147819638254,False,False
"ID(pcdiamag3)|PROD(bt,cerqtit6)|PROD(ece37,ece39)|PROD(fs03da,cerqtit11)|PROD(pinj,cerqrott6)|PROD(prmtan_neped,prmtan_neped)|RATE_OVER_LEVEL(ece33|ip)|RATIO(cerqrott12,cerqtit10)|RATIO(ece25,ece39)|RATIO(ip,bt)|RATIO(ip,cerqtit10)|RATIO(prmtan_neped,ece22)",12,0.17484014046688875,0.216125051304698,A,0.2349456449349722,False,False
"ID(pcdiamag3)|LEVEL_RATE(pinj_15l|pinj_15l)|PROD(bt,cerqtit6)|PROD(ece37,ece39)|PROD(fs03da,cerqtit11)|PROD(pinj,cerqrott6)|PROD(prmtan_neped,prmtan_neped)|RATIO(cerqrott12,cerqtit10)|RATIO(ece25,ece39)|RATIO(ip,bt)|RATIO(ip,cerqtit10)|RATIO(prmtan_neped,ece22)",12,0.17614371590316297,0.21616093888878823,A,0.24161006460587187,False,False
"ID(pcdiamag3)|PROD(bt,gasd)|PROD(fs03da,cerqtit11)|PROD(gasa,ece1)|PROD(ip,prmtan_neped)|PROD(pinj,cerqrott6)|PROD(prmtan_neped,ece39)|RATIO(ece25,ece39)|RATIO(fs03da,prmtan_neped)|RATIO(ip,ece22)|RATIO(pinj,ece37)|RECIP(cerqtit10)",12,0.1762584084644914,0.21617657206952573,A,0.22881987045208618,False,False
"ID(pcdiamag3)|LEVEL_RATE(cerqrott12|cerqtit8)|PROD(ece37,ece39)|PROD(fs03da,cerqtit11)|PROD(gasa,gasa)|PROD(ip,prmtan_neped)|PROD(prmtan_neped,ece39)|RATIO(ece25,ece39)|RATIO(ece39,bt)|RATIO(ip,ece22)|RATIO(pinj,ece37)|RATIO(prmtan_neped,bt)",12,0.17586252000182867,0.21631591767072678,A,0.2100801820556323,False,False
"DOT(ece33)|ID(pcdiamag3)|PROD(bt,cerqtit6)|PROD(ece37,ece39)|PROD(fs03da,cerqtit11)|PROD(pinj,cerqrott6)|PROD(prmtan_neped,prmtan_neped)|RATIO(cerqrott12,cerqtit10)|RATIO(ece25,ece39)|RATIO(ip,bt)|RATIO(ip,cerqtit10)|RATIO(prmtan_neped,ece22)",12,0.1748857115705808,0.21631719432771207,A,0.2349637366831303,False,False
"ID(pcdiamag3)|LEVEL_RATE(bt|ece33)|PROD(bt,cerqtit6)|PROD(ece37,ece39)|PROD(fs03da,cerqtit11)|PROD(pinj,cerqrott6)|PROD(prmtan_neped,prmtan_neped)|RATIO(cerqrott12,cerqtit10)|RATIO(ece25,ece39)|RATIO(ip,bt)|RATIO(ip,cerqtit10)|RATIO(prmtan_neped,ece22)",12,0.17489443980157376,0.21633600555360316,A,0.23497591689229017,False,False
"ID(pcdiamag3)|PROD(ece37,ece39)|PROD(gasa,ece1)|PROD(ip,prmtan_neped)|PROD(pinj,cerqrott6)|PROD(prmtan_neped,ece39)|PROD(prmtan_neped,prmtan_neped)|RATIO(bt,ip)|RATIO(fs03da,prmtan_neped)|RATIO(gasa,ece6)|RATIO(ip,bt)|RATIO(ip,ece22)",12,0.17335431861380735,0.2163939330726862,A,0.27735434770584105,False,False
"ID(pcdiamag3)|LEVEL_RATE(fs04|pinj_15l)|PROD(bt,cerqtit6)|PROD(ece37,ece39)|PROD(fs03da,cerqtit11)|PROD(pinj,cerqrott6)|PROD(prmtan_neped,prmtan_neped)|RATIO(cerqrott12,cerqtit10)|RATIO(ece25,ece39)|RATIO(ip,bt)|RATIO(ip,cerqtit10)|RATIO(prmtan_neped,ece22)",12,0.17607324502120417,0.21640527285635472,A,0.24158451780676846,False,False
"ID(pcdiamag3)|PROD(fs03da,cerqtit11)|PROD(gasa,ece1)|PROD(ip,prmtan_neped)|PROD(pinj,ece36)|PROD(prmtan_neped,ece39)|RATIO(ece25,ece39)|RATIO(fs03da,prmtan_neped)|RATIO(ip,ece22)|RATIO(pinj,bt)|RECIP(bt)|RECIP(cerqtit10)",12,0.16990383273611465,0.21641514599323272,A,0.20276797215143844,False,False
"ID(pcdiamag3)|LEVEL_RATE(cerqrott12|cerqtit8)|PROD(ece37,ece39)|PROD(fs03da,cerqtit11)|PROD(gasa,gasa)|PROD(ip,prmtan_neped)|PROD(prmtan_neped,ece39)|RATE_OVER_LEVEL(cerqrott3|ece1)|RATIO(ece25,ece39)|RATIO(ece39,bt)|RATIO(ip,ece22)|RATIO(prmtan_neped,bt)",12,0.1761475717027982,0.21642871368676425,A,0.20974413578708972,False,False
"ID(pcdiamag3)|ID(pinj)|PROD(fs03da,cerqtit11)|PROD(gasa,ece1)|PROD(ip,prmtan_neped)|PROD(pinj,ece36)|PROD(prmtan_neped,ece39)|RATIO(ece25,ece39)|RATIO(fs03da,prmtan_neped)|RATIO(ip,ece22)|RECIP(bt)|RECIP(cerqtit10)",12,0.1699183317522208,0.21642984673380852,A,0.20271201580762865,False,False
"ID(pcdiamag3)|PROD(fs03da,cerqtit11)|PROD(ip,prmtan_neped)|PROD(pinj,ece36)|PROD(prmtan_neped,ece39)|RATIO(ece25,ece39)|RATIO(fs03da,prmtan_neped)|RATIO(gasd,bt)|RATIO(ip,ece22)|RATIO(pinj,bt)|RECIP(bt)|RECIP(cerqtit10)",12,0.17471011796345312,0.21657694913446904,A,0.1992631793022157,False,False
"ID(pcdiamag3)|PROD(ece37,ece39)|PROD(gasa,ece1)|PROD(ip,prmtan_neped)|PROD(pinj,cerqrott6)|PROD(prmtan_neped,ece39)|PROD(prmtan_neped,prmtan_neped)|RATE_OVER_LEVEL(gasa|cerqtit3)|RATIO(fs03da,prmtan_neped)|RATIO(gasa,ece6)|RATIO(ip,bt)|RATIO(ip,ece22)",12,0.1719375212987264,0.21657741032540798,A,0.27883138234416643,False,False
"ID(pcdiamag3)|ID(pinj)|PROD(fs03da,cerqtit11)|PROD(ip,prmtan_neped)|PROD(pinj,ece36)|PROD(prmtan_neped,ece39)|RATIO(ece25,ece39)|RATIO(fs03da,prmtan_neped)|RATIO(gasd,bt)|RATIO(ip,ece22)|RECIP(bt)|RECIP(cerqtit10)",12,0.17474337983876467,0.21658020839095116,A,0.19931930278738352,False,False
"ID(gasd)|ID(pcdiamag3)|PROD(fs03da,cerqtit11)|PROD(ip,prmtan_neped)|PROD(pinj,ece36)|PROD(prmtan_neped,ece39)|RATIO(ece25,ece39)|RATIO(fs03da,prmtan_neped)|RATIO(ip,ece22)|RATIO(pinj,bt)|RECIP(bt)|RECIP(cerqtit10)",12,0.17472185560812553,0.21661006473004818,A,0.199261340002219,False,False
"ID(gasd)|ID(pcdiamag3)|ID(pinj)|PROD(fs03da,cerqtit11)|PROD(ip,prmtan_neped)|PROD(pinj,ece36)|PROD(prmtan_neped,ece39)|RATIO(ece25,ece39)|RATIO(fs03da,prmtan_neped)|RATIO(ip,ece22)|RECIP(bt)|RECIP(cerqtit10)",12,0.17475510258227586,0.2166133064776659,A,0.19931754047671968,False,False
"ID(pcdiamag3)|PROD(bt,gasd)|PROD(fs03da,cerqtit11)|PROD(ip,prmtan_neped)|PROD(pinj,ece36)|PROD(prmtan_neped,ece39)|RATIO(ece25,ece39)|RATIO(fs03da,prmtan_neped)|RATIO(ip,ece22)|RATIO(pinj,bt)|RECIP(bt)|RECIP(cerqtit10)",12,0.1747334909935792,0.21664344742894173,A,0.199261473119259,False,False
"ID(pcdiamag3)|ID(pinj)|PROD(bt,gasd)|PROD(fs03da,cerqtit11)|PROD(ip,prmtan_neped)|PROD(pinj,ece36)|PROD(prmtan_neped,ece39)|RATIO(ece25,ece39)|RATIO(fs03da,prmtan_neped)|RATIO(ip,ece22)|RECIP(bt)|RECIP(cerqtit10)",12,0.17476672486712533,0.21664668545126914,A,0.19931773568193129,False,False
"ID(pcdiamag3)|PROD(fs03da,cerqtit11)|PROD(gasa,ece1)|PROD(ip,pinj)|PROD(ip,prmtan_neped)|PROD(pinj,ece36)|PROD(prmtan_neped,ece39)|RATE_OVER_LEVEL(cerqrott3|ip)|RATIO(ece25,ece39)|RATIO(fs03da,prmtan_neped)|RATIO(ip,ece22)|RECIP(cerqtit10)",12,0.17599149787177643,0.21665227878838778,A,0.2298808827996254,False,False
"ID(pcdiamag3)|PROD(fs03da,cerqtit11)|PROD(gasa,ece1)|PROD(ip,pinj)|PROD(ip,prmtan_neped)|PROD(pinj,ece36)|PROD(prmtan_neped,ece39)|RATE_OVER_LEVEL(cerqrott3|ece1)|RATIO(ece25,ece39)|RATIO(fs03da,prmtan_neped)|RATIO(ip,ece22)|RECIP(cerqtit10)",12,0.17623730959991613,0.21666590683162212,A,0.2314210891723633,False,False
"ID(pcdiamag3)|LEVEL_RATE(cerqrott12|cerqtit8)|LEVEL_RATE(gasa|cerqrott3)|PROD(ece37,ece39)|PROD(fs03da,cerqtit11)|PROD(gasa,gasa)|PROD(ip,prmtan_neped)|PROD(prmtan_neped,ece39)|RATIO(ece25,ece39)|RATIO(ece39,bt)|RATIO(ip,ece22)|RATIO(prmtan_neped,bt)",12,0.17594112176448107,0.21673373971134424,A,0.20980210577448213,False,False
"ID(pcdiamag3)|ID(pinj)|LEVEL_RATE(cerqrott12|cerqtit8)|PROD(ece37,ece39)|PROD(fs03da,cerqtit11)|PROD(gasa,gasa)|PROD(ip,prmtan_neped)|PROD(prmtan_neped,ece39)|RATIO(ece25,ece39)|RATIO(ece39,bt)|RATIO(ip,ece22)|RATIO(prmtan_neped,bt)",12,0.17537704588224493,0.21674663797020913,A,0.21027700205643976,False,False
"DOT(cerqrott3)|ID(pcdiamag3)|PROD(fs03da,cerqtit11)|PROD(gasa,ece1)|PROD(ip,pinj)|PROD(ip,prmtan_neped)|PROD(pinj,ece36)|PROD(prmtan_neped,ece39)|RATIO(ece25,ece39)|RATIO(fs03da,prmtan_neped)|RATIO(ip,ece22)|RECIP(cerqtit10)",12,0.17606306113302708,0.21676264181733132,A,0.22984409977992376,False,False
"ID(pcdiamag3)|LEVEL_RATE(bt|cerqrott3)|PROD(fs03da,cerqtit11)|PROD(gasa,ece1)|PROD(ip,pinj)|PROD(ip,prmtan_neped)|PROD(pinj,ece36)|PROD(prmtan_neped,ece39)|RATIO(ece25,ece39)|RATIO(fs03da,prmtan_neped)|RATIO(ip,ece22)|RECIP(cerqtit10)",12,0.17607178868105017,0.2167731996625662,A,0.22986393471558889,False,False
"ID(pcdiamag3)|LEVEL_RATE(cerqrott12|cerqtit8)|PROD(ece37,ece39)|PROD(fs03da,cerqtit11)|PROD(gasa,gasa)|PROD(ip,prmtan_neped)|PROD(prmtan_neped,ece39)|RATIO(ece25,ece39)|RATIO(ece39,bt)|RATIO(ip,ece22)|RATIO(pinj,bt)|RATIO(prmtan_neped,bt)",12,0.1753845784192284,0.21677992343902588,A,0.21019468704859418,False,False
"ID(pcdiamag3)|PROD(fs03da,cerqtit11)|PROD(gasa,ece1)|PROD(ip,pinj)|PROD(ip,prmtan_neped)|PROD(pinj,ece36)|PROD(prmtan_neped,ece39)|RATIO(ece25,ece39)|RATIO(fs03da,prmtan_neped)|RATIO(ip,ece22)|RATIO(prmtan_teped,prmtan_neped)|RECIP(cerqtit10)",12,0.17560693714767694,0.21680956054478884,A,0.22813264032204947,False,False
"ID(pcdiamag3)|PROD(fs03da,cerqtit11)|PROD(gasa,ece1)|PROD(ip,pinj)|PROD(ip,prmtan_neped)|PROD(pinj,ece36)|PROD(prmtan_neped,ece39)|PROD(prmtan_neped,gasc)|RATIO(ece25,ece39)|RATIO(fs03da,prmtan_neped)|RATIO(ip,ece22)|RECIP(cerqtit10)",12,0.17571173844238125,0.21685987580567598,A,0.22697467704614005,False,False
"ID(pcdiamag3)|LEVEL_RATE(cerqrott12|cerqtit8)|PROD(ece37,ece39)|PROD(fs03da,cerqtit11)|PROD(gasa,gasa)|PROD(ip,pinj)|PROD(ip,prmtan_neped)|PROD(prmtan_neped,ece39)|RATIO(ece25,ece39)|RATIO(ece39,bt)|RATIO(ip,ece22)|RATIO(prmtan_neped,bt)",12,0.17535862115522224,0.21686628013849257,A,0.2101896425088247,False,False
"ID(pcdiamag3)|PROD(fs03da,cerqtit11)|PROD(gasa,cerqtit6)|PROD(ip,prmtan_neped)|PROD(pinj,ece36)|PROD(prmtan_neped,ece39)|RATIO(ece25,ece39)|RATIO(fs03da,prmtan_neped)|RATIO(ip,ece22)|RATIO(pinj,bt)|RECIP(bt)|RECIP(cerqtit10)",12,0.17159382595370215,0.21691329777240753,A,0.207124570508798,False,False
"ID(pcdiamag3)|ID(pinj)|PROD(fs03da,cerqtit11)|PROD(gasa,cerqtit6)|PROD(ip,prmtan_neped)|PROD(pinj,ece36)|PROD(prmtan_neped,ece39)|RATIO(ece25,ece39)|RATIO(fs03da,prmtan_neped)|RATIO(ip,ece22)|RECIP(bt)|RECIP(cerqtit10)",12,0.17162072509527207,0.2169151235371828,A,0.2070499146978061,False,False
"ID(pcdiamag3)|LEVEL_RATE(pinj_33r|ip)|PROD(ece37,ece39)|PROD(gasa,ece1)|PROD(ip,prmtan_neped)|PROD(pinj,cerqrott6)|PROD(prmtan_neped,ece39)|PROD(prmtan_neped,prmtan_neped)|RATIO(fs03da,prmtan_neped)|RATIO(gasa,ece6)|RATIO(ip,bt)|RATIO(ip,ece22)",12,0.17160814808060726,0.21709056459367276,A,0.27824530055125557,False,False
"ID(pcdiamag3)|PROD(fs03da,cerqtit11)|PROD(gasa,ece1)|PROD(ip,pinj)|PROD(ip,prmtan_neped)|PROD(pinj,ece36)|PROD(prmtan_neped,ece39)|RATE_OVER_LEVEL(pinj_33r|ece39)|RATIO(ece25,ece39)|RATIO(fs03da,prmtan_neped)|RATIO(ip,ece22)|RECIP(cerqtit10)",12,0.17627240599443514,0.21710399463772773,A,0.22517034113407136,False,False
"ID(pcdiamag3)|PROD(fs03da,cerqtit11)|PROD(gasa,ece1)|PROD(ip,pinj)|PROD(ip,prmtan_neped)|PROD(pinj,ece36)|PROD(prmtan_neped,ece39)|RATIO(ece25,ece39)|RATIO(fs03da,prmtan_neped)|RATIO(gasc,cerqtit10)|RATIO(ip,ece22)|RECIP(cerqtit10)",12,0.17623328001548844,0.2171260692179203,A,0.227348526318868,False,False
"ID(pcdiamag3)|PROD(fs03da,cerqtit11)|PROD(gasa,ece1)|PROD(ip,pinj)|PROD(ip,prmtan_neped)|PROD(pinj,ece36)|PROD(prmtan_neped,ece39)|RATIO(ece25,ece39)|RATIO(fs03da,prmtan_neped)|RATIO(ip,ece22)|RATIO(prmtan_neped,bt)|RECIP(cerqtit10)",12,0.17621391074111062,0.21720727123320102,A,0.22906781435012818,False,False
"ID(pcdiamag3)|PROD(ece37,ece39)|PROD(gasa,ece1)|PROD(gasa,gasa)|PROD(ip,prmtan_neped)|PROD(pinj,cerqrott6)|PROD(prmtan_neped,ece39)|PROD(prmtan_neped,prmtan_neped)|RATIO(fs03da,prmtan_neped)|RATIO(gasa,ece6)|RATIO(ip,bt)|RATIO(ip,ece22)",12,0.17204786085834106,0.21728022918105125,A,0.27964310720562935,False,False
"ID(pcdiamag3)|PROD(fs03da,cerqtit11)|PROD(gasa,ece1)|PROD(ip,prmtan_neped)|PROD(prmtan_neped,ece39)|RATIO(cerqrott12,cerqtit10)|RATIO(ece25,ece39)|RATIO(fs03da,prmtan_neped)|RATIO(ip,ece22)|RATIO(prmtan_neped,bt)|RECIP(bt)|RECIP(cerqtit10)",12,0.1732899429897467,0.21728372015058994,A,0.20897635196646064,False,False
"ID(gasd)|ID(pcdiamag3)|PROD(fs03da,cerqtit11)|PROD(gasa,ece1)|PROD(ip,prmtan_neped)|PROD(pinj,cerqrott6)|PROD(prmtan_neped,ece39)|RATIO(ece25,ece39)|RATIO(fs03da,prmtan_neped)|RATIO(gasd,bt)|RATIO(ip,ece22)|RECIP(cerqtit10)",12,0.17381108676393825,0.21735151782631873,A,0.20336788495381683,False,False
"ID(pcdiamag3)|PROD(bt,gasd)|PROD(fs03da,cerqtit11)|PROD(gasa,ece1)|PROD(ip,prmtan_neped)|PROD(pinj,cerqrott6)|PROD(prmtan_neped,ece39)|RATIO(ece25,ece39)|RATIO(fs03da,prmtan_neped)|RATIO(gasd,bt)|RATIO(ip,ece22)|RECIP(cerqtit10)",12,0.1738265188410878,0.21736163645982742,A,0.20341957161823918,False,False
"ID(gasd)|ID(pcdiamag3)|PROD(bt,gasd)|PROD(fs03da,cerqtit11)|PROD(gasa,ece1)|PROD(ip,prmtan_neped)|PROD(pinj,cerqrott6)|PROD(prmtan_neped,ece39)|RATIO(ece25,ece39)|RATIO(fs03da,prmtan_neped)|RATIO(ip,ece22)|RECIP(cerqtit10)",12,0.17384263897935548,0.2173727560788393,A,0.20347098012765258,False,False
"ID(pcdiamag3)|LEVEL_RATE(cerqrott12|cerqtit8)|PROD(ece37,ece39)|PROD(fs03da,cerqtit11)|PROD(gasa,gasa)|PROD(ip,prmtan_neped)|PROD(pinj,ece36)|PROD(prmtan_neped,ece39)|RATIO(ece25,ece39)|RATIO(ece39,bt)|RATIO(ip,ece22)|RATIO(prmtan_neped,bt)",12,0.17595978043973445,0.21738482918590307,A,0.2112228299180667,False,False
"ID(pcdiamag3)|ID(prmtan_neped)|PROD(ece37,ece39)|PROD(gasa,ece1)|PROD(prmtan_neped,cerqtit6)|PROD(prmtan_neped,ece39)|RATIO(cerqrott12,cerqtit10)|RATIO(ip,bt)|RATIO(ip,ece22)|RATIO(pinj_33r,cerqtit10)|RATIO(prmtan_neped,cerqtit10)|RECIP(bt)",12,0.17649240891138712,0.21742558144032956,A,0.26914526323477445,False,False
"ID(pcdiamag3)|PROD(ece37,ece39)|PROD(gasa,ece1)|PROD(ip,prmtan_neped)|PROD(pinj,cerqrott6)|PROD(prmtan_neped,ece39)|PROD(prmtan_neped,prmtan_neped)|RATE_OVER_LEVEL(gasa|ece39)|RATIO(fs03da,prmtan_neped)|RATIO(gasa,ece6)|RATIO(ip,bt)|RATIO(ip,ece22)",12,0.17222038457791009,0.21745212823152543,A,0.2805404541393121,False,False
"ID(pcdiamag3)|ID(pinj)|PROD(fs03da,cerqtit11)|PROD(ip,prmtan_neped)|PROD(pinj,ece36)|PROD(prmtan_neped,ece39)|RATIO(ece25,ece39)|RATIO(fs03da,prmtan_neped)|RATIO(ip,ece22)|RATIO(pinj,bt)|RECIP(bt)|RECIP(cerqtit10)",12,0.17438278117527564,0.21745629534125327,A,0.23249073401093492,False,False
"ID(pcdiamag3)|PROD(fs03da,cerqtit11)|PROD(gasa,ece1)|PROD(ip,prmtan_neped)|PROD(pinj,pinj_30l)|PROD(prmtan_neped,ece39)|RATIO(ece25,ece39)|RATIO(fs03da,prmtan_neped)|RATIO(ip,ece22)|RATIO(prmtan_teped,prmtan_neped)|RECIP(bt)|RECIP(cerqtit10)",12,0.1721142766997218,0.21745924800634384,A,0.19844658598303802,False,False
"ID(pcdiamag3)|ID(prmtan_neped)|PROD(ece37,ece39)|PROD(ece39,cerqtit10)|PROD(gasa,gasa)|PROD(pinj,cerqrott6)|PROD(prmtan_neped,prmtan_neped)|RATIO(ece21,prmtan_neped)|RATIO(fs03da,prmtan_neped)|RATIO(ip,ece22)|RECIP(cerqtit10)|RECIP(prmtan_neped)",12,0.17482887152582408,0.21749946512281895,A,0.23196761359771098,False,False
"ID(pcdiamag3)|ID(prmtan_neped)|PROD(ece37,ece39)|PROD(gasa,gasa)|PROD(pinj,cerqrott6)|PROD(prmtan_neped,prmtan_neped)|RATIO(ece21,prmtan_neped)|RATIO(ece25,ece39)|RATIO(fs03da,prmtan_neped)|RATIO(ip,ece22)|RECIP(cerqtit10)|RECIP(prmtan_neped)",12,0.17463155941416822,0.21756138727068902,A,0.2380698362986248,False,False
"ID(pcdiamag3)|LEVEL_RATE(gasa|ip)|PROD(fs03da,cerqtit11)|PROD(ip,prmtan_neped)|PROD(pinj,ece36)|PROD(prmtan_neped,ece39)|RATIO(ece25,ece39)|RATIO(fs03da,prmtan_neped)|RATIO(ip,ece22)|RATIO(pinj,bt)|RECIP(bt)|RECIP(cerqtit10)",12,0.17476540251324574,0.21765992492437364,A,0.20361093779404968,False,False
"ID(pcdiamag3)|ID(pinj)|LEVEL_RATE(gasa|ip)|PROD(fs03da,cerqtit11)|PROD(ip,prmtan_neped)|PROD(pinj,ece36)|PROD(prmtan_neped,ece39)|RATIO(ece25,ece39)|RATIO(fs03da,prmtan_neped)|RATIO(ip,ece22)|RECIP(bt)|RECIP(cerqtit10)",12,0.1748028963804245,0.21768341176211833,A,0.20356908142566693,False,False
"ID(pcdiamag3)|PROD(fs03da,cerqtit11)|PROD(gasa,ece1)|PROD(ip,prmtan_neped)|PROD(pinj,cerqrott6)|PROD(pinj,pinj_30l)|PROD(prmtan_neped,ece39)|RATIO(fs03da,prmtan_neped)|RATIO(ip,ece22)|RATIO(prmtan_neped,bt)|RECIP(bt)|RECIP(cerqtit10)",12,0.1760659534484148,0.21775058396160601,A,0.2528421168526014,False,False
"ID(pcdiamag3)|PROD(bt,pinj)|PROD(fs03da,cerqtit11)|PROD(gasa,ece1)|PROD(ip,pinj)|PROD(ip,prmtan_neped)|PROD(pinj,ece36)|PROD(prmtan_neped,ece39)|RATIO(ece25,ece39)|RATIO(fs03da,prmtan_neped)|RATIO(ip,ece22)|RECIP(cerqtit10)",12,0.1745771950731675,0.21778325624763967,A,0.2183242052793503,False,False
"ID(pcdiamag3)|LEVEL_RATE(cerqrott12|cerqtit8)|PROD(ece37,ece39)|PROD(fs03da,cerqtit11)|PROD(gasa,gasa)|PROD(ip,prmtan_neped)|PROD(prmtan_neped,ece39)|RATE_OVER_LEVEL(cerqrott3|ip)|RATIO(ece25,ece39)|RATIO(ece39,bt)|RATIO(ip,ece22)|RATIO(prmtan_neped,bt)",12,0.17600574158132076,0.21778573356568814,A,0.20914111634095514,False,False
"ID(pcdiamag3)|PROD(fs03da,cerqtit11)|PROD(ip,prmtan_neped)|PROD(pinj,ece36)|PROD(prmtan_neped,ece39)|RATE_OVER_LEVEL(ip|ece1)|RATIO(ece25,ece39)|RATIO(fs03da,prmtan_neped)|RATIO(ip,ece22)|RATIO(pinj,bt)|RECIP(bt)|RECIP(cerqtit10)",12,0.17487783829371134,0.217794281989336,A,0.20353191445271188,False,False
"ID(pcdiamag3)|PROD(bt,prmtan_neped)|PROD(fs03da,cerqtit11)|PROD(gasa,ece1)|PROD(ip,prmtan_neped)|PROD(pinj,cerqrott6)|PROD(prmtan_neped,ece39)|RATIO(ece25,ece39)|RATIO(fs03da,prmtan_neped)|RATIO(gasd,bt)|RATIO(ip,ece22)|RECIP(cerqtit10)",12,0.17612495850771664,0.21779679264873267,A,0.2116432319084804,False,False
"ID(pcdiamag3)|ID(pinj)|PROD(fs03da,cerqtit11)|PROD(ip,prmtan_neped)|PROD(pinj,ece36)|PROD(prmtan_neped,ece39)|RATE_OVER_LEVEL(ip|ece1)|RATIO(ece25,ece39)|RATIO(fs03da,prmtan_neped)|RATIO(ip,ece22)|RECIP(bt)|RECIP(cerqtit10)",12,0.17491670940071344,0.21782425232231617,A,0.20350108643372866,False,False
"ID(pcdiamag3)|LEVEL_RATE(cerqrott12|gasa)|PROD(fs03da,cerqtit11)|PROD(gasa,ece1)|PROD(ip,pinj)|PROD(ip,prmtan_neped)|PROD(pinj,ece36)|PROD(prmtan_neped,ece39)|RATIO(ece25,ece39)|RATIO(fs03da,prmtan_neped)|RATIO(ip,ece22)|RECIP(cerqtit10)",12,0.17600497379899024,0.21784817334264517,A,0.22715998341639837,False,False
"DOT(cerqrott3)|ID(pcdiamag3)|LEVEL_RATE(cerqrott12|cerqtit8)|PROD(ece37,ece39)|PROD(fs03da,cerqtit11)|PROD(gasa,gasa)|PROD(ip,prmtan_neped)|PROD(prmtan_neped,ece39)|RATIO(ece25,ece39)|RATIO(ece39,bt)|RATIO(ip,ece22)|RATIO(prmtan_neped,bt)",12,0.17604538432012,0.21786792241036892,A,0.20915562311808272,False,False
"ID(pcdiamag3)|LEVEL_RATE(bt|cerqrott3)|LEVEL_RATE(cerqrott12|cerqtit8)|PROD(ece37,ece39)|PROD(fs03da,cerqtit11)|PROD(gasa,gasa)|PROD(ip,prmtan_neped)|PROD(prmtan_neped,ece39)|RATIO(ece25,ece39)|RATIO(ece39,bt)|RATIO(ip,ece22)|RATIO(prmtan_neped,bt)",12,0.1760527435069283,0.2178741041570902,A,0.20915848066409432,False,False
"ID(pcdiamag3)|PROD(fs03da,cerqtit11)|PROD(ip,prmtan_neped)|PROD(pinj,ece36)|PROD(prmtan_neped,ece39)|RATE_OVER_LEVEL(ip|prmtan_neped)|RATIO(ece25,ece39)|RATIO(fs03da,prmtan_neped)|RATIO(ip,ece22)|RATIO(pinj,bt)|RECIP(bt)|RECIP(cerqtit10)",12,0.17500965415189662,0.21789460964500904,A,0.2038727328181268,False,False
"ID(ece39)|ID(pcdiamag3)|LEVEL_RATE(cerqrott12|cerqtit8)|PROD(ece37,ece39)|PROD(fs03da,cerqtit11)|PROD(gasa,gasa)|PROD(ip,prmtan_neped)|PROD(pinj,pinj_30l)|PROD(prmtan_neped,ece39)|RATIO(ece25,ece39)|RATIO(gasc,cerqtit10)|RATIO(ip,ece22)",12,0.17460753247141841,0.217912183329463,A,0.21245941718419395,False,False
"ID(pcdiamag3)|ID(pinj)|PROD(fs03da,cerqtit11)|PROD(ip,prmtan_neped)|PROD(pinj,ece36)|PROD(prmtan_neped,ece39)|RATE_OVER_LEVEL(ip|prmtan_neped)|RATIO(ece25,ece39)|RATIO(fs03da,prmtan_neped)|RATIO(ip,ece22)|RECIP(bt)|RECIP(cerqtit10)",12,0.17504869339366755,0.21792076006531716,A,0.20383859574794783,False,False
"ID(pcdiamag3)|PROD(ece37,ece39)|PROD(gasa,ece1)|PROD(ip,prmtan_neped)|PROD(pinj,cerqrott6)|PROD(prmtan_neped,ece39)|PROD(prmtan_neped,prmtan_neped)|RATIO(fs03da,prmtan_neped)|RATIO(gasa,ece6)|RATIO(ip,bt)|RATIO(ip,ece22)|RATIO(pinj_33r,prmtan_neped)",12,0.17311957366764547,0.21797360815107822,A,0.2744465587039788,False,False
"ID(pcdiamag3)|PROD(fs03da,cerqtit11)|PROD(gasa,ece1)|PROD(ip,prmtan_neped)|PROD(pinj,cerqrott6)|PROD(prmtan_neped,ece39)|RATIO(ece25,ece39)|RATIO(fs03da,prmtan_neped)|RATIO(ip,ece22)|RATIO(pinj,ece37)|RECIP(bt)|RECIP(cerqtit10)",12,0.17099139454464116,0.21797609180212021,A,0.19393335680166887,False,False
"ID(pcdiamag3)|PROD(fs03da,cerqtit11)|PROD(ip,prmtan_neped)|PROD(pinj,ece36)|PROD(prmtan_neped,ece39)|RATE_OVER_LEVEL(ip|cerqtit10)|RATIO(ece25,ece39)|RATIO(fs03da,prmtan_neped)|RATIO(ip,ece22)|RATIO(pinj,bt)|RECIP(bt)|RECIP(cerqtit10)",12,0.1750063487018148,0.2179855417460203,A,0.20347746958335253,False,False
"ID(pcdiamag3)|ID(prmtan_neped)|PROD(fs03da,cerqtit11)|PROD(gasa,ece1)|PROD(ip,pinj)|PROD(ip,prmtan_neped)|PROD(pinj,ece36)|PROD(prmtan_neped,ece39)|RATIO(ece25,ece39)|RATIO(fs03da,prmtan_neped)|RATIO(ip,ece22)|RECIP(cerqtit10)",12,0.17565152502308293,0.2179965263232589,A,0.22907102704048157,False,False
"ID(pcdiamag3)|ID(pinj)|PROD(fs03da,cerqtit11)|PROD(ip,prmtan_neped)|PROD(pinj,ece36)|PROD(prmtan_neped,ece39)|RATE_OVER_LEVEL(ip|cerqtit10)|RATIO(ece25,ece39)|RATIO(fs03da,prmtan_neped)|RATIO(ip,ece22)|RECIP(bt)|RECIP(cerqtit10)",12,0.1750474600121379,0.21801823191344738,A,0.20344709505637498,False,False
"ID(pcdiamag3)|ID(prmtan_neped)|PROD(fs03da,cerqtit11)|PROD(gasa,ece1)|PROD(ip,prmtan_neped)|PROD(pinj,cerqrott6)|PROD(pinj,pinj_30l)|PROD(prmtan_neped,ece39)|RATIO(fs03da,prmtan_neped)|RATIO(ip,ece22)|RECIP(bt)|RECIP(cerqtit10)",12,0.17601672460635504,0.2180215585976839,A,0.2532871142029762,False,False
"ID(pcdiamag3)|PROD(ece37,ece39)|PROD(gasa,ece1)|PROD(ip,prmtan_neped)|PROD(pinj,cerqrott6)|PROD(prmtan_neped,ece39)|PROD(prmtan_neped,prmtan_neped)|RATE_OVER_LEVEL(ip|ip)|RATIO(fs03da,prmtan_neped)|RATIO(gasa,ece6)|RATIO(ip,bt)|RATIO(ip,ece22)",12,0.1720045819878578,0.218041730299592,A,0.27964056779940927,False,False
"ID(pcdiamag3)|PROD(fs03da,cerqtit11)|PROD(gasa,ece1)|PROD(ip,prmtan_neped)|PROD(pinj,cerqrott6)|PROD(prmtan_neped,ece39)|RATIO(ece25,ece39)|RATIO(fs03da,prmtan_neped)|RATIO(gasd,bt)|RATIO(ip,ece22)|RECIP(bt)|RECIP(cerqtit10)",12,0.17279405978818735,0.2181118194013834,A,0.19594961578647305,False,False
"ID(bt)|ID(pcdiamag3)|PROD(fs03da,cerqtit11)|PROD(gasa,ece1)|PROD(ip,prmtan_neped)|PROD(pinj,cerqrott6)|PROD(prmtan_neped,ece39)|RATIO(ece25,ece39)|RATIO(fs03da,prmtan_neped)|RATIO(gasd,bt)|RATIO(ip,ece22)|RECIP(cerqtit10)",12,0.17282808901121222,0.21812830194830896,A,0.19598764528830853,False,False
"ID(pcdiamag3)|PROD(bt,bt)|PROD(fs03da,cerqtit11)|PROD(gasa,ece1)|PROD(ip,prmtan_neped)|PROD(pinj,cerqrott6)|PROD(prmtan_neped,ece39)|RATIO(ece25,ece39)|RATIO(fs03da,prmtan_neped)|RATIO(gasd,bt)|RATIO(ip,ece22)|RECIP(cerqtit10)",12,0.1728453435624639,0.2181367501616478,A,0.1960090046127638,False,False
"ID(gasd)|ID(pcdiamag3)|PROD(fs03da,cerqtit11)|PROD(gasa,ece1)|PROD(ip,prmtan_neped)|PROD(pinj,cerqrott6)|PROD(prmtan_neped,ece39)|RATIO(ece25,ece39)|RATIO(fs03da,prmtan_neped)|RATIO(ip,ece22)|RECIP(bt)|RECIP(cerqtit10)",12,0.1728035107254982,0.21813758760690688,A,0.19595375185211508,False,False
"ID(pcdiamag3)|LEVEL_RATE(bt|ip)|PROD(ece37,ece39)|PROD(gasa,ece1)|PROD(ip,prmtan_neped)|PROD(pinj,cerqrott6)|PROD(prmtan_neped,ece39)|PROD(prmtan_neped,prmtan_neped)|RATIO(fs03da,prmtan_neped)|RATIO(gasa,ece6)|RATIO(ip,bt)|RATIO(ip,ece22)",12,0.172020150658985,0.21814321652054786,A,0.27965702489018446,False,False
"DOT(ip)|ID(pcdiamag3)|PROD(ece37,ece39)|PROD(gasa,ece1)|PROD(ip,prmtan_neped)|PROD(pinj,cerqrott6)|PROD(prmtan_neped,ece39)|PROD(prmtan_neped,prmtan_neped)|RATIO(fs03da,prmtan_neped)|RATIO(gasa,ece6)|RATIO(ip,bt)|RATIO(ip,ece22)",12,0.1720216216519475,0.2181480385363102,A,0.2796453677117825,False,False
"ID(bt)|ID(gasd)|ID(pcdiamag3)|PROD(fs03da,cerqtit11)|PROD(gasa,ece1)|PROD(ip,prmtan_neped)|PROD(pinj,cerqrott6)|PROD(prmtan_neped,ece39)|RATIO(ece25,ece39)|RATIO(fs03da,prmtan_neped)|RATIO(ip,ece22)|RECIP(cerqtit10)",12,0.172837753718098,0.2181543789803982,A,0.1959925815463067,False,False
"ID(gasd)|ID(pcdiamag3)|PROD(bt,bt)|PROD(fs03da,cerqtit11)|PROD(gasa,ece1)|PROD(ip,prmtan_neped)|PROD(pinj,cerqrott6)|PROD(prmtan_neped,ece39)|RATIO(ece25,ece39)|RATIO(fs03da,prmtan_neped)|RATIO(ip,ece22)|RECIP(cerqtit10)",12,0.17285512102146944,0.2181629978120327,A,0.19601436207691836,False,False
"ID(pcdiamag3)|PROD(bt,gasd)|PROD(fs03da,cerqtit11)|PROD(gasa,ece1)|PROD(ip,prmtan_neped)|PROD(pinj,cerqrott6)|PROD(prmtan_neped,ece39)|RATIO(ece25,ece39)|RATIO(fs03da,prmtan_neped)|RATIO(ip,ece22)|RECIP(bt)|RECIP(cerqtit10)",12,0.17281277794390917,0.21816314160823821,A,0.19595694293578472,False,False
"ID(pcdiamag3)|ID(prmtan_neped)|PROD(fs03da,cerqtit11)|PROD(gasa,ece1)|PROD(ip,prmtan_neped)|PROD(prmtan_neped,ece39)|RATIO(cerqrott12,cerqtit10)|RATIO(ece25,ece39)|RATIO(fs03da,prmtan_neped)|RATIO(ip,ece22)|RECIP(bt)|RECIP(cerqtit10)",12,0.17353161256760358,0.218177043274045,A,0.20927299112081535,False,False
"ID(bt)|ID(pcdiamag3)|PROD(bt,gasd)|PROD(fs03da,cerqtit11)|PROD(gasa,ece1)|PROD(ip,prmtan_neped)|PROD(pinj,cerqrott6)|PROD(prmtan_neped,ece39)|RATIO(ece25,ece39)|RATIO(fs03da,prmtan_neped)|RATIO(ip,ece22)|RECIP(cerqtit10)",12,0.17284721707304318,0.21818018071353434,A,0.19599652911225962,False,False
"ID(pcdiamag3)|PROD(bt,bt)|PROD(bt,gasd)|PROD(fs03da,cerqtit11)|PROD(gasa,ece1)|PROD(ip,prmtan_neped)|PROD(pinj,cerqrott6)|PROD(prmtan_neped,ece39)|RATIO(ece25,ece39)|RATIO(fs03da,prmtan_neped)|RATIO(ip,ece22)|RECIP(cerqtit10)",12,0.17286468818783762,0.21818894185125828,A,0.19601871197422355,False,False
"ID(pcdiamag3)|PROD(bt,cerqtit6)|PROD(ece37,ece39)|PROD(fs03da,cerqtit11)|PROD(pinj,cerqrott6)|PROD(prmtan_neped,prmtan_neped)|RATIO(bt,cerqtit10)|RATIO(cerqrott12,cerqtit10)|RATIO(ece25,ece39)|RATIO(ip,bt)|RATIO(ip,cerqtit10)|RATIO(prmtan_neped,ece22)",12,0.17513689243545133,0.2182141538709402,A,0.23471610620617872,False,False
"ID(pcdiamag3)|PROD(bt,cerqtit6)|PROD(ece37,ece39)|PROD(fs03da,cerqtit10)|PROD(fs03da,cerqtit11)|PROD(pinj,cerqrott6)|PROD(prmtan_neped,prmtan_neped)|RATIO(cerqrott12,cerqtit10)|RATIO(ece25,ece39)|RATIO(ip,bt)|RATIO(ip,cerqtit10)|RATIO(prmtan_neped,ece22)",12,0.1761733663578828,0.2182485293596983,A,0.2322703652083874,False,False
"ID(pcdiamag3)|LEVEL_RATE(ece16|ip)|PROD(ece37,ece39)|PROD(gasa,ece1)|PROD(ip,prmtan_neped)|PROD(pinj,cerqrott6)|PROD(prmtan_neped,ece39)|PROD(prmtan_neped,prmtan_neped)|RATIO(fs03da,prmtan_neped)|RATIO(gasa,ece6)|RATIO(ip,bt)|RATIO(ip,ece22)",12,0.17208886283139388,0.21826555468142034,A,0.280527633925279,False,False
"ID(pcdiamag3)|LEVEL_RATE(cerqrott12|cerqtit8)|PROD(ece37,ece39)|PROD(fs03da,cerqtit11)|PROD(gasa,gasa)|PROD(ip,prmtan_neped)|PROD(prmtan_neped,ece39)|RATIO(bt,ece39)|RATIO(ece25,ece39)|RATIO(ece39,bt)|RATIO(ip,ece22)|RATIO(prmtan_neped,bt)",12,0.1760753552118937,0.2182669362053275,A,0.22913548847039544,False,False
"ID(pcdiamag3)|PROD(bt,prmtan_neped)|PROD(fs03da,cerqtit11)|PROD(gasa,ece1)|PROD(ip,pinj)|PROD(ip,prmtan_neped)|PROD(pinj,ece36)|PROD(prmtan_neped,ece39)|RATIO(ece25,ece39)|RATIO(fs03da,prmtan_neped)|RATIO(ip,ece22)|RECIP(cerqtit10)",12,0.17422308325767516,0.21826968658715487,A,0.22325786004463832,False,False
"ID(pcdiamag3)|LEVEL_RATE(cerqrott12|cerqtit8)|PROD(ece37,ece39)|PROD(fs03da,cerqtit11)|PROD(gasa,gasa)|PROD(ip,prmtan_neped)|PROD(prmtan_neped,ece39)|RATIO(ece25,ece39)|RATIO(ece39,bt)|RATIO(ip,ece22)|RATIO(prmtan_neped,bt)|RECIP(cerqtit10)",12,0.17607516559461753,0.2184104999527335,A,0.24017378687858582,False,False
"ID(pcdiamag3)|PROD(bt,prmtan_neped)|PROD(fs03da,cerqtit11)|PROD(gasa,ece1)|PROD(ip,prmtan_neped)|PROD(pinj,cerqrott6)|PROD(pinj,pinj_30l)|PROD(prmtan_neped,ece39)|RATIO(fs03da,prmtan_neped)|RATIO(ip,ece22)|RECIP(bt)|RECIP(cerqtit10)",12,0.17604293084392947,0.21843377761542798,A,0.2538390497366588,False,False
"ID(pcdiamag3)|PROD(fs03da,cerqtit11)|PROD(ip,prmtan_neped)|PROD(pinj,ece36)|PROD(prmtan_neped,ece39)|RATE_OVER_LEVEL(ip|ip)|RATIO(ece25,ece39)|RATIO(fs03da,prmtan_neped)|RATIO(ip,ece22)|RATIO(pinj,bt)|RECIP(bt)|RECIP(cerqtit10)",12,0.17516602793087563,0.21853230968117715,A,0.2035875861843428,False,False
"ID(pcdiamag3)|PROD(ece37,ece39)|PROD(gasa,ece1)|PROD(ip,prmtan_neped)|PROD(pinj,cerqrott6)|PROD(prmtan_neped,ece39)|PROD(prmtan_neped,prmtan_neped)|RATE_OVER_LEVEL(gasa|prmtan_neped)|RATIO(fs03da,prmtan_neped)|RATIO(gasa,ece6)|RATIO(ip,bt)|RATIO(ip,ece22)",12,0.17266393570850294,0.2185456559062004,A,0.2809554785490036,False,False
"ID(pcdiamag3)|ID(pinj)|PROD(fs03da,cerqtit11)|PROD(ip,prmtan_neped)|PROD(pinj,ece36)|PROD(prmtan_neped,ece39)|RATE_OVER_LEVEL(ip|ip)|RATIO(ece25,ece39)|RATIO(fs03da,prmtan_neped)|RATIO(ip,ece22)|RECIP(bt)|RECIP(cerqtit10)",12,0.1752059107646346,0.2185571264475584,A,0.2035482664903006,False,False
"ID(pcdiamag3)|LEVEL_RATE(ece16|ip)|PROD(fs03da,cerqtit11)|PROD(ip,prmtan_neped)|PROD(pinj,ece36)|PROD(prmtan_neped,ece39)|RATIO(ece25,ece39)|RATIO(fs03da,prmtan_neped)|RATIO(ip,ece22)|RATIO(pinj,bt)|RECIP(bt)|RECIP(cerqtit10)",12,0.17508089244365693,0.21867622770369052,A,0.20371566315492007,False,False
"ID(pcdiamag3)|ID(pinj)|LEVEL_RATE(ece16|ip)|PROD(fs03da,cerqtit11)|PROD(ip,prmtan_neped)|PROD(pinj,ece36)|PROD(prmtan_neped,ece39)|RATIO(ece25,ece39)|RATIO(fs03da,prmtan_neped)|RATIO(ip,ece22)|RECIP(bt)|RECIP(cerqtit10)",12,0.175121485752364,0.21869792528450488,A,0.2036724905172985,False,False
"DOT(ip)|ID(pcdiamag3)|PROD(fs03da,cerqtit11)|PROD(ip,prmtan_neped)|PROD(pinj,ece36)|PROD(prmtan_neped,ece39)|RATIO(ece25,ece39)|RATIO(fs03da,prmtan_neped)|RATIO(ip,ece22)|RATIO(pinj,bt)|RECIP(bt)|RECIP(cerqtit10)",12,0.17524245716631412,0.21872108690440656,A,0.20358253220717124,False,False
"ID(pcdiamag3)|LEVEL_RATE(bt|ip)|PROD(fs03da,cerqtit11)|PROD(ip,prmtan_neped)|PROD(pinj,ece36)|PROD(prmtan_neped,ece39)|RATIO(ece25,ece39)|RATIO(fs03da,prmtan_neped)|RATIO(ip,ece22)|RATIO(pinj,bt)|RECIP(bt)|RECIP(cerqtit10)",12,0.17524433887253207,0.21872322410345077,A,0.20358195851246527,False,False
"DOT(ip)|ID(pcdiamag3)|ID(pinj)|PROD(fs03da,cerqtit11)|PROD(ip,prmtan_neped)|PROD(pinj,ece36)|PROD(prmtan_neped,ece39)|RATIO(ece25,ece39)|RATIO(fs03da,prmtan_neped)|RATIO(ip,ece22)|RECIP(bt)|RECIP(cerqtit10)",12,0.17528278895964228,0.21874650977551938,A,0.20354320506254844,False,False
"ID(pcdiamag3)|ID(pinj)|LEVEL_RATE(bt|ip)|PROD(fs03da,cerqtit11)|PROD(ip,prmtan_neped)|PROD(pinj,ece36)|PROD(prmtan_neped,ece39)|RATIO(ece25,ece39)|RATIO(fs03da,prmtan_neped)|RATIO(ip,ece22)|RECIP(bt)|RECIP(cerqtit10)",12,0.1752847128237287,0.21874878779053689,A,0.20354258169730516,False,False
"ID(pcdiamag3)|LEVEL_RATE(cerqrott12|ece33)|PROD(fs03da,cerqtit11)|PROD(ip,prmtan_neped)|PROD(pinj,ece36)|PROD(prmtan_neped,ece39)|RATIO(ece25,ece39)|RATIO(fs03da,prmtan_neped)|RATIO(ip,ece22)|RATIO(pinj,bt)|RECIP(bt)|RECIP(cerqtit10)",12,0.17453529872000215,0.21878231316804886,A,0.20770243480801592,False,False
"ID(pcdiamag3)|ID(pinj)|LEVEL_RATE(cerqrott12|ece33)|PROD(fs03da,cerqtit11)|PROD(ip,prmtan_neped)|PROD(pinj,ece36)|PROD(prmtan_neped,ece39)|RATIO(ece25,ece39)|RATIO(fs03da,prmtan_neped)|RATIO(ip,ece22)|RECIP(bt)|RECIP(cerqtit10)",12,0.1745795367906491,0.21880468726158142,A,0.20772566075126342,False,False
"ID(pcdiamag3)|LEVEL_RATE(ece14|cerqtit8)|PROD(ece37,ece39)|PROD(gasa,ece1)|PROD(ip,prmtan_neped)|PROD(pinj,cerqrott6)|PROD(prmtan_neped,ece39)|PROD(prmtan_neped,prmtan_neped)|RATIO(fs03da,prmtan_neped)|RATIO(gasa,ece6)|RATIO(ip,bt)|RATIO(ip,ece22)",12,0.17259944298615057,0.21883593536913395,A,0.2795003540813923,False,False
"ID(pcdiamag3)|PROD(ece37,ece39)|PROD(gasa,ece1)|PROD(ip,prmtan_neped)|PROD(pinj,cerqrott6)|PROD(prmtan_neped,ece39)|PROD(prmtan_neped,prmtan_neped)|RATIO(fs03da,prmtan_neped)|RATIO(gasa,ece6)|RATIO(ip,bt)|RATIO(ip,ece22)|RATIO(pinj,ece37)",12,0.17622512746602298,0.21888036094605923,A,0.24998563081026093,False,False
"ID(pcdiamag3)|LEVEL_RATE(cerqrott12|ece33)|PROD(fs03da,cerqtit11)|PROD(gasa,ece1)|PROD(ip,prmtan_neped)|PROD(pinj,cerqrott6)|PROD(prmtan_neped,ece39)|RATIO(ece25,ece39)|RATIO(fs03da,prmtan_neped)|RATIO(ip,ece22)|RECIP(bt)|RECIP(cerqtit10)",12,0.17210798226296903,0.2189640300348401,A,0.2090470912555854,False,False
"ID(pcdiamag3)|LEVEL_RATE(pinj_33r|ip)|PROD(fs03da,cerqtit11)|PROD(ip,prmtan_neped)|PROD(pinj,ece36)|PROD(prmtan_neped,ece39)|RATIO(ece25,ece39)|RATIO(fs03da,prmtan_neped)|RATIO(ip,ece22)|RATIO(pinj,bt)|RECIP(bt)|RECIP(cerqtit10)",12,0.17517477466414372,0.2189948543906212,A,0.2033057679732642,False,False
"ID(pcdiamag3)|ID(pinj)|LEVEL_RATE(pinj_33r|ip)|PROD(fs03da,cerqtit11)|PROD(ip,prmtan_neped)|PROD(pinj,ece36)|PROD(prmtan_neped,ece39)|RATIO(ece25,ece39)|RATIO(fs03da,prmtan_neped)|RATIO(ip,ece22)|RECIP(bt)|RECIP(cerqtit10)",12,0.17521462912360825,0.21902011781930925,A,0.2032676989833515,False,False
"ID(pcdiamag3)|LEVEL_RATE(cerqrott12|cerqtit8)|PROD(ece37,ece39)|PROD(fs03da,cerqtit11)|PROD(fs04,pinj)|PROD(gasa,gasa)|PROD(ip,prmtan_neped)|PROD(prmtan_neped,ece39)|RATIO(ece25,ece39)|RATIO(ece39,bt)|RATIO(ip,ece22)|RATIO(prmtan_neped,bt)",12,0.1748177638898293,0.21919330656528474,A,0.22327340940634413,False,False
"ID(pcdiamag3)|PROD(fs03da,cerqtit10)|PROD(fs03da,cerqtit11)|PROD(gasa,ece1)|PROD(ip,prmtan_neped)|PROD(pinj,cerqrott6)|PROD(prmtan_neped,ece39)|RATIO(ece25,ece39)|RATIO(fs03da,prmtan_neped)|RATIO(ip,ece22)|RECIP(bt)|RECIP(cerqtit10)",12,0.17553811259567736,0.21922975201159717,A,0.24403330882390342,False,False
"ID(pcdiamag3)|LEVEL_RATE(cerqrott12|ece33)|PROD(fs03da,cerqtit11)|PROD(gasa,ece1)|PROD(ip,prmtan_neped)|PROD(prmtan_neped,ece39)|RATIO(ece25,ece39)|RATIO(fs03da,prmtan_neped)|RATIO(ip,ece22)|RATIO(prmtan_neped,bt)|RECIP(bt)|RECIP(cerqtit10)",12,0.1726145894577106,0.21923341117799283,A,0.19803783521056184,False,False
"ID(pcdiamag3)|LEVEL_RATE(prmtan_neped|ip)|PROD(fs03da,cerqtit11)|PROD(ip,prmtan_neped)|PROD(pinj,ece36)|PROD(prmtan_neped,ece39)|RATIO(ece25,ece39)|RATIO(fs03da,prmtan_neped)|RATIO(ip,ece22)|RATIO(pinj,bt)|RECIP(bt)|RECIP(cerqtit10)",12,0.17551955295105776,0.21932210102677346,A,0.20362828771273306,False,False
"ID(pcdiamag3)|LEVEL_RATE(cerqrott12|cerqrott3)|LEVEL_RATE(cerqrott12|cerqtit8)|PROD(ece37,ece39)|PROD(fs03da,cerqtit11)|PROD(gasa,gasa)|PROD(ip,prmtan_neped)|PROD(prmtan_neped,ece39)|RATIO(ece25,ece39)|RATIO(ece39,bt)|RATIO(ip,ece22)|RATIO(prmtan_neped,bt)",12,0.17621971300492684,0.21933845970779658,A,0.21028601874907818,False,False
"ID(pcdiamag3)|ID(pinj)|LEVEL_RATE(prmtan_neped|ip)|PROD(fs03da,cerqtit11)|PROD(ip,prmtan_neped)|PROD(pinj,ece36)|PROD(prmtan_neped,ece39)|RATIO(ece25,ece39)|RATIO(fs03da,prmtan_neped)|RATIO(ip,ece22)|RECIP(bt)|RECIP(cerqtit10)",12,0.17556199822574853,0.21935147233307362,A,0.2035851006706557,False,False
"ID(pcdiamag3)|PROD(fs03da,cerqtit11)|PROD(gasa,ece1)|PROD(ip,prmtan_neped)|PROD(pinj,cerqrott6)|PROD(pinj,pinj_30l)|PROD(prmtan_neped,ece39)|RATIO(ece25,ece39)|RATIO(fs03da,prmtan_neped)|RATIO(ip,ece22)|RECIP(bt)|RECIP(cerqtit10)",12,0.1725393938521544,0.21936429999768733,A,0.197809536010027,False,False
"ID(pcdiamag3)|PROD(fs03da,cerqtit11)|PROD(gasa,ece1)|PROD(ip,prmtan_neped)|PROD(pinj,cerqrott6)|PROD(pinj_30l,cerqtit6)|PROD(prmtan_neped,ece39)|RATIO(ece25,ece39)|RATIO(fs03da,prmtan_neped)|RATIO(ip,ece22)|RECIP(bt)|RECIP(cerqtit10)",12,0.17393592981000744,0.21941500045359136,A,0.2419565243025621,False,False
"ID(pcdiamag3)|PROD(bt,cerqtit6)|PROD(ece36,ece39)|PROD(ece37,ece39)|PROD(fs03da,cerqtit11)|PROD(pinj,cerqrott6)|PROD(prmtan_neped,prmtan_neped)|RATIO(cerqrott12,cerqtit10)|RATIO(ece25,ece39)|RATIO(ip,bt)|RATIO(ip,cerqtit10)|RATIO(prmtan_neped,ece22)",12,0.17594952608148257,0.2194150649011135,A,0.24367361913124727,False,False
"ID(pcdiamag3)|LEVEL_RATE(cerqrott12|cerqtit8)|PROD(ece37,ece39)|PROD(gasa,ece1)|PROD(ip,prmtan_neped)|PROD(pinj,cerqrott6)|PROD(prmtan_neped,ece39)|PROD(prmtan_neped,prmtan_neped)|RATIO(fs03da,prmtan_neped)|RATIO(gasa,ece6)|RATIO(ip,bt)|RATIO(ip,ece22)",12,0.1725439328700304,0.2194598898291588,A,0.278664105385542,False,False
"ID(pcdiamag3)|LEVEL_RATE(cerqrott12|ip)|PROD(fs03da,cerqtit11)|PROD(ip,prmtan_neped)|PROD(pinj,ece36)|PROD(prmtan_neped,ece39)|RATIO(ece25,ece39)|RATIO(fs03da,prmtan_neped)|RATIO(ip,ece22)|RATIO(pinj,bt)|RECIP(bt)|RECIP(cerqtit10)",12,0.17573935948312283,0.21950846575200558,A,0.20418329238891614,False,False
"ID(pcdiamag3)|PROD(fs03da,cerqtit11)|PROD(gasa,ece1)|PROD(ip,prmtan_neped)|PROD(prmtan_neped,ece39)|RATIO(cerqrott12,cerqtit10)|RATIO(ece25,ece39)|RATIO(fs03da,prmtan_neped)|RATIO(ip,ece22)|RATIO(prmtan_teped,prmtan_neped)|RECIP(bt)|RECIP(cerqtit10)",12,0.17464628263066212,0.21950986348092555,A,0.2074890467027824,False,False
"ID(pcdiamag3)|ID(pinj)|LEVEL_RATE(cerqrott12|ip)|PROD(fs03da,cerqtit11)|PROD(ip,prmtan_neped)|PROD(pinj,ece36)|PROD(prmtan_neped,ece39)|RATIO(ece25,ece39)|RATIO(fs03da,prmtan_neped)|RATIO(ip,ece22)|RECIP(bt)|RECIP(cerqtit10)",12,0.17577673457562923,0.21952439248561859,A,0.20414042323827755,False,False
"ID(pcdiamag3)|ID(prmtan_neped)|LEVEL_RATE(cerqrott12|ece33)|PROD(fs03da,cerqtit11)|PROD(gasa,ece1)|PROD(ip,prmtan_neped)|PROD(prmtan_neped,ece39)|RATIO(ece25,ece39)|RATIO(fs03da,prmtan_neped)|RATIO(ip,ece22)|RECIP(bt)|RECIP(cerqtit10)",12,0.17255899322529633,0.2195266827940941,A,0.1994049973785878,False,False
"ID(pcdiamag3)|PROD(ece37,ece39)|PROD(gasa,ece1)|PROD(ip,prmtan_neped)|PROD(pinj,cerqrott6)|PROD(prmtan_neped,ece39)|PROD(prmtan_neped,prmtan_neped)|RATE_OVER_LEVEL(ip|prmtan_neped)|RATIO(fs03da,prmtan_neped)|RATIO(gasa,ece6)|RATIO(ip,bt)|RATIO(ip,ece22)",12,0.17287789192050695,0.21954468451440334,A,0.2800328123072784,False,False
"ID(pcdiamag3)|LEVEL_RATE(prmtan_neped|ip)|PROD(ece37,ece39)|PROD(gasa,ece1)|PROD(ip,prmtan_neped)|PROD(pinj,cerqrott6)|PROD(prmtan_neped,ece39)|PROD(prmtan_neped,prmtan_neped)|RATIO(fs03da,prmtan_neped)|RATIO(gasa,ece6)|RATIO(ip,bt)|RATIO(ip,ece22)",12,0.17242241650819778,0.21961784064769746,A,0.28060386801759407,False,False
"ID(pcdiamag3)|LEVEL_RATE(gasa|ip)|PROD(fs03da,cerqtit11)|PROD(gasa,ece1)|PROD(ip,prmtan_neped)|PROD(pinj,cerqrott6)|PROD(prmtan_neped,ece39)|RATIO(ece25,ece39)|RATIO(fs03da,prmtan_neped)|RATIO(ip,ece22)|RECIP(bt)|RECIP(cerqtit10)",12,0.1728564231346051,0.2196178887039423,A,0.20240395764509844,False,False
"ID(pcdiamag3)|PROD(fs03da,cerqtit11)|PROD(gasa,ece1)|PROD(ip,prmtan_neped)|PROD(pinj,pinj_30l)|PROD(prmtan_neped,ece39)|RATIO(ece25,ece39)|RATIO(fs03da,prmtan_neped)|RATIO(ip,ece22)|RATIO(prmtan_neped,bt)|RECIP(bt)|RECIP(cerqtit10)",12,0.1718590139721831,0.21966542042791842,A,0.19566775262355815,False,False
"ID(pcdiamag3)|ID(prmtan_neped)|PROD(fs03da,cerqtit11)|PROD(gasa,ece1)|PROD(ip,prmtan_neped)|PROD(pinj,pinj_30l)|PROD(prmtan_neped,ece39)|RATIO(ece25,ece39)|RATIO(fs03da,prmtan_neped)|RATIO(ip,ece22)|RECIP(bt)|RECIP(cerqtit10)",12,0.17168534422914186,0.21967259384691715,A,0.19481514543294914,False,False
"ID(pcdiamag3)|PROD(fs03da,cerqtit11)|PROD(ip,prmtan_neped)|PROD(pinj,ece36)|PROD(pinj,pinj_30l)|PROD(prmtan_neped,ece39)|RATIO(ece25,ece39)|RATIO(fs03da,prmtan_neped)|RATIO(ip,ece22)|RATIO(pinj,bt)|RECIP(bt)|RECIP(cerqtit10)",12,0.17418411045024793,0.2196754865348339,A,0.2070770541826885,False,False
"ID(pcdiamag3)|PROD(fs03da,cerqtit11)|PROD(gasa,ece1)|PROD(ip,prmtan_neped)|PROD(pinj,cerqrott6)|PROD(prmtan_neped,ece39)|RATE_OVER_LEVEL(ip|ece1)|RATIO(ece25,ece39)|RATIO(fs03da,prmtan_neped)|RATIO(ip,ece22)|RECIP(bt)|RECIP(cerqtit10)",12,0.17261146381497383,0.21968799270689487,A,0.19783041899402945,False,False
"ID(pcdiamag3)|ID(pinj)|PROD(fs03da,cerqtit11)|PROD(ip,prmtan_neped)|PROD(pinj,ece36)|PROD(pinj,pinj_30l)|PROD(prmtan_neped,ece39)|RATIO(ece25,ece39)|RATIO(fs03da,prmtan_neped)|RATIO(ip,ece22)|RECIP(bt)|RECIP(cerqtit10)",12,0.17423734000573554,0.21970580741763115,A,0.20705522050460193,False,False
"ID(pcdiamag3)|PROD(ece37,ece39)|PROD(gasa,ece1)|PROD(ip,prmtan_neped)|PROD(pinj,cerqrott6)|PROD(prmtan_neped,ece39)|PROD(prmtan_neped,prmtan_neped)|RATE_OVER_LEVEL(ip|ece1)|RATIO(fs03da,prmtan_neped)|RATIO(gasa,ece6)|RATIO(ip,bt)|RATIO(ip,ece22)",12,0.17280151695013046,0.2197373565286398,A,0.2803297830124697,False,False
"ID(pcdiamag3)|PROD(fs03da,cerqtit11)|PROD(gasa,ece1)|PROD(ip,prmtan_neped)|PROD(pinj,cerqrott6)|PROD(prmtan_neped,ece39)|RATE_OVER_LEVEL(ip|cerqtit10)|RATIO(ece25,ece39)|RATIO(fs03da,prmtan_neped)|RATIO(ip,ece22)|RECIP(bt)|RECIP(cerqtit10)",12,0.1727193138872584,0.219787972047925,A,0.20120994398991274,False,False
"ID(pcdiamag3)|ID(prmtan_neped)|PROD(ece37,ece39)|PROD(gasa,gasa)|PROD(pinj,cerqrott6)|PROD(prmtan_neped,prmtan_neped)|RATIO(ece21,prmtan_neped)|RATIO(fs03da,prmtan_neped)|RATIO(ip,ece22)|RATIO(pinj,bt)|RECIP(cerqtit10)|RECIP(prmtan_neped)",12,0.17603599714736146,0.2198327101767063,A,0.23758608053127936,False,False
"ID(pcdiamag3)|LEVEL_RATE(fs03da|ip)|PROD(fs03da,cerqtit11)|PROD(ip,prmtan_neped)|PROD(pinj,ece36)|PROD(prmtan_neped,ece39)|RATIO(ece25,ece39)|RATIO(fs03da,prmtan_neped)|RATIO(ip,ece22)|RATIO(pinj,bt)|RECIP(bt)|RECIP(cerqtit10)",12,0.17606324466566248,0.2198900192975998,A,0.2038947716355325,False,False
"ID(pcdiamag3)|LEVEL_RATE(gasa|ip)|PROD(ece37,ece39)|PROD(gasa,ece1)|PROD(ip,prmtan_neped)|PROD(pinj,cerqrott6)|PROD(prmtan_neped,ece39)|PROD(prmtan_neped,prmtan_neped)|RATIO(fs03da,prmtan_neped)|RATIO(gasa,ece6)|RATIO(ip,bt)|RATIO(ip,ece22)",12,0.173185468899707,0.21990450024604796,A,0.2793521138528983,False,False
"ID(pcdiamag3)|ID(pinj)|LEVEL_RATE(fs03da|ip)|PROD(fs03da,cerqtit11)|PROD(ip,prmtan_neped)|PROD(pinj,ece36)|PROD(prmtan_neped,ece39)|RATIO(ece25,ece39)|RATIO(fs03da,prmtan_neped)|RATIO(ip,ece22)|RECIP(bt)|RECIP(cerqtit10)",12,0.17610498337695996,0.2199202910065651,A,0.20384426017602297,False,False
"ID(pcdiamag3)|PROD(fs03da,cerqtit11)|PROD(gasa,ece1)|PROD(ip,prmtan_neped)|PROD(pinj,cerqrott6)|PROD(prmtan_neped,ece39)|RATE_OVER_LEVEL(ip|prmtan_neped)|RATIO(ece25,ece39)|RATIO(fs03da,prmtan_neped)|RATIO(ip,ece22)|RECIP(bt)|RECIP(cerqtit10)",12,0.17272699903696775,0.22000389210879803,A,0.20257254640261338,False,False
"ID(pcdiamag3)|LEVEL_RATE(cerqrott12|ip)|PROD(ece37,ece39)|PROD(gasa,ece1)|PROD(ip,prmtan_neped)|PROD(pinj,cerqrott6)|PROD(prmtan_neped,ece39)|PROD(prmtan_neped,prmtan_neped)|RATIO(fs03da,prmtan_neped)|RATIO(gasa,ece6)|RATIO(ip,bt)|RATIO(ip,ece22)",12,0.17304641293982664,0.2200247250497341,A,0.2792406824727854,False,False
"ID(pcdiamag3)|PROD(fs03da,cerqtit11)|PROD(gasa,ece1)|PROD(ip,prmtan_neped)|PROD(prmtan_neped,ece39)|RATIO(ece25,ece39)|RATIO(fs03da,prmtan_neped)|RATIO(gasd,bt)|RATIO(ip,ece22)|RATIO(prmtan_teped,prmtan_neped)|RECIP(bt)|RECIP(cerqtit10)",12,0.17479412847508988,0.22009432204067708,A,0.19655330032110224,False,False
"ID(pcdiamag3)|PROD(ece37,ece39)|PROD(gasa,ece1)|PROD(ip,prmtan_neped)|PROD(pinj,cerqrott6)|PROD(prmtan_neped,ece39)|PROD(prmtan_neped,prmtan_neped)|RATIO(fs03da,prmtan_neped)|RATIO(gasa,ece6)|RATIO(ip,bt)|RATIO(ip,ece22)|RATIO(prmtan_teped,prmtan_neped)",12,0.17381101461748283,0.2201022744178772,A,0.2792717183629672,False,False
"ID(gasd)|ID(pcdiamag3)|PROD(fs03da,cerqtit11)|PROD(gasa,ece1)|PROD(ip,prmtan_neped)|PROD(prmtan_neped,ece39)|RATIO(ece25,ece39)|RATIO(fs03da,prmtan_neped)|RATIO(ip,ece22)|RATIO(prmtan_teped,prmtan_neped)|RECIP(bt)|RECIP(cerqtit10)",12,0.17480356128265462,0.2201178152114153,A,0.19655509814620026,False,False
"ID(pcdiamag3)|LEVEL_RATE(fs03da|gasd)|PROD(ece37,ece39)|PROD(gasa,ece1)|PROD(ip,prmtan_neped)|PROD(pinj,cerqrott6)|PROD(prmtan_neped,ece39)|PROD(prmtan_neped,prmtan_neped)|RATIO(fs03da,prmtan_neped)|RATIO(gasa,ece6)|RATIO(ip,bt)|RATIO(ip,ece22)",12,0.17336483914405107,0.22013743855059148,A,0.2780791002015273,False,False
"ID(pcdiamag3)|PROD(bt,gasd)|PROD(fs03da,cerqtit11)|PROD(gasa,ece1)|PROD(ip,prmtan_neped)|PROD(prmtan_neped,ece39)|RATIO(ece25,ece39)|RATIO(fs03da,prmtan_neped)|RATIO(ip,ece22)|RATIO(prmtan_teped,prmtan_neped)|RECIP(bt)|RECIP(cerqtit10)",12,0.17481262162327765,0.2201407715678215,A,0.1965557572742304,False,False
"ID(pcdiamag3)|PROD(fs03da,cerqtit11)|PROD(gasa,ece1)|PROD(ip,prmtan_neped)|PROD(pinj,cerqrott6)|PROD(prmtan_neped,ece39)|RATE_OVER_LEVEL(cerqrott3|prmtan_neped)|RATIO(ece25,ece39)|RATIO(fs03da,prmtan_neped)|RATIO(ip,ece22)|RECIP(bt)|RECIP(cerqtit10)",12,0.17234559301286936,0.22015090212225913,A,0.20570872649550445,False,False
"ID(pcdiamag3)|PROD(ece37,ece39)|PROD(gasa,ece1)|PROD(ip,prmtan_neped)|PROD(pinj,cerqrott6)|PROD(prmtan_neped,ece39)|PROD(prmtan_neped,prmtan_neped)|RATE_OVER_LEVEL(ip|cerqtit10)|RATIO(fs03da,prmtan_neped)|RATIO(gasa,ece6)|RATIO(ip,bt)|RATIO(ip,ece22)",12,0.17318658481041588,0.22016587443649768,A,0.2801696752508482,False,False
"ID(pcdiamag3)|ID(pinj)|ID(prmtan_neped)|PROD(ece37,ece39)|PROD(gasa,gasa)|PROD(pinj,cerqrott6)|PROD(prmtan_neped,prmtan_neped)|RATIO(ece21,prmtan_neped)|RATIO(fs03da,prmtan_neped)|RATIO(ip,ece22)|RECIP(cerqtit10)|RECIP(prmtan_neped)",12,0.17611808267732462,0.22017992176115514,A,0.23633178472518934,False,False
"ID(pcdiamag3)|PROD(ece37,ece39)|PROD(gasa,ece1)|PROD(ip,prmtan_neped)|PROD(pinj,cerqrott6)|PROD(prmtan_neped,ece39)|PROD(prmtan_neped,prmtan_neped)|RATE_OVER_LEVEL(gasc|ip)|RATIO(fs03da,prmtan_neped)|RATIO(gasa,ece6)|RATIO(ip,bt)|RATIO(ip,ece22)",12,0.1733474388718605,0.22019977048039435,A,0.27705437814195955,False,False
"ID(pcdiamag3)|LEVEL_RATE(pinj_33r|ip)|PROD(fs03da,cerqtit11)|PROD(gasa,ece1)|PROD(ip,prmtan_neped)|PROD(pinj,cerqrott6)|PROD(prmtan_neped,ece39)|RATIO(ece25,ece39)|RATIO(fs03da,prmtan_neped)|RATIO(ip,ece22)|RECIP(bt)|RECIP(cerqtit10)",12,0.17273484903077282,0.2202105659991503,A,0.20212742338577913,False,False
"ID(pcdiamag3)|PROD(ece37,ece39)|PROD(gasa,ece1)|PROD(ip,prmtan_neped)|PROD(pinj,cerqrott6)|PROD(prmtan_neped,ece39)|PROD(prmtan_neped,prmtan_neped)|RATE_OVER_LEVEL(pinj_33r|cerqtit3)|RATIO(fs03da,prmtan_neped)|RATIO(gasa,ece6)|RATIO(ip,bt)|RATIO(ip,ece22)",12,0.1734977213665843,0.2202520791441202,A,0.27464495723446214,False,False
"ID(pcdiamag3)|LEVEL_RATE(cerqrott12|cerqtit8)|PROD(ece37,ece39)|PROD(fs03da,cerqtit11)|PROD(gasa,gasa)|PROD(ip,prmtan_neped)|PROD(prmtan_neped,ece39)|RATIO(ece25,ece39)|RATIO(ece39,bt)|RATIO(ip,cerqtit10)|RATIO(ip,ece22)|RATIO(prmtan_neped,bt)",12,0.17554274524251617,0.22025832682847976,A,0.23964590579271317,False,False
"ID(pcdiamag3)|PROD(ece37,ece39)|PROD(gasa,ece1)|PROD(ip,prmtan_neped)|PROD(pinj,cerqrott6)|PROD(prmtan_neped,ece39)|PROD(prmtan_neped,prmtan_neped)|RATE_OVER_LEVEL(pinj_33r|ece39)|RATIO(fs03da,prmtan_neped)|RATIO(gasa,ece6)|RATIO(ip,bt)|RATIO(ip,ece22)",12,0.17338618642340103,0.22027685716748238,A,0.27473912884791696,False,False
"ID(pcdiamag3)|PROD(fs03da,cerqtit11)|PROD(gasa,ece1)|PROD(ip,prmtan_neped)|PROD(pinj,cerqrott6)|PROD(prmtan_neped,ece39)|RATE_OVER_LEVEL(ece37|cerqtit10)|RATIO(ece25,ece39)|RATIO(fs03da,prmtan_neped)|RATIO(ip,ece22)|RECIP(bt)|RECIP(cerqtit10)",12,0.17452585951735577,0.22032911144196987,A,0.20201754420995718,False,False
"DOT(gasc)|ID(pcdiamag3)|PROD(ece37,ece39)|PROD(gasa,ece1)|PROD(ip,prmtan_neped)|PROD(pinj,cerqrott6)|PROD(prmtan_neped,ece39)|PROD(prmtan_neped,prmtan_neped)|RATIO(fs03da,prmtan_neped)|RATIO(gasa,ece6)|RATIO(ip,bt)|RATIO(ip,ece22)",12,0.17339600666115682,0.22035233490169048,A,0.277062243471543,False,False
"ID(pcdiamag3)|LEVEL_RATE(bt|gasc)|PROD(ece37,ece39)|PROD(gasa,ece1)|PROD(ip,prmtan_neped)|PROD(pinj,cerqrott6)|PROD(prmtan_neped,ece39)|PROD(prmtan_neped,prmtan_neped)|RATIO(fs03da,prmtan_neped)|RATIO(gasa,ece6)|RATIO(ip,bt)|RATIO(ip,ece22)",12,0.17339757109681764,0.22035509608685971,A,0.2770726730426153,False,False
"ID(pcdiamag3)|PROD(ece37,ece39)|PROD(gasa,ece1)|PROD(ip,prmtan_neped)|PROD(pinj,cerqrott6)|PROD(prmtan_neped,ece39)|PROD(prmtan_neped,prmtan_neped)|RATIO(fs03da,prmtan_neped)|RATIO(gasa,ece6)|RATIO(ip,bt)|RATIO(ip,ece22)",11,0.17340726579229035,0.22036743871867656,A,0.27838541716337206,False,False
"ID(pcdiamag3)|LEVEL_RATE(gasa|cerqrott3)|PROD(fs03da,cerqtit11)|PROD(gasa,ece1)|PROD(ip,prmtan_neped)|PROD(pinj,cerqrott6)|PROD(prmtan_neped,ece39)|RATIO(ece25,ece39)|RATIO(fs03da,prmtan_neped)|RATIO(ip,ece22)|RECIP(bt)|RECIP(cerqtit10)",12,0.1724792903289199,0.22036942690610886,A,0.20619181195894884,False,False
"ID(pcdiamag3)|LEVEL_RATE(ece14|pinj_33r)|PROD(ece37,ece39)|PROD(gasa,ece1)|PROD(ip,prmtan_neped)|PROD(pinj,cerqrott6)|PROD(prmtan_neped,ece39)|PROD(prmtan_neped,prmtan_neped)|RATIO(fs03da,prmtan_neped)|RATIO(gasa,ece6)|RATIO(ip,bt)|RATIO(ip,ece22)",12,0.1733085100228588,0.22038244716823102,A,0.277323983112971,False,False
"ID(pcdiamag3)|ID(prmtan_neped)|PROD(fs03da,cerqtit11)|PROD(fs04,pinj)|PROD(gasa,ece1)|PROD(ip,prmtan_neped)|PROD(prmtan_neped,ece39)|RATIO(ece25,ece39)|RATIO(fs03da,prmtan_neped)|RATIO(ip,ece22)|RECIP(bt)|RECIP(cerqtit10)",12,0.17217391015340885,0.22038964442908765,A,0.19608907774090775,False,False
"ID(pcdiamag3)|LEVEL_RATE(fs03da|ip)|PROD(ece37,ece39)|PROD(gasa,ece1)|PROD(ip,prmtan_neped)|PROD(pinj,cerqrott6)|PROD(prmtan_neped,ece39)|PROD(prmtan_neped,prmtan_neped)|RATIO(fs03da,prmtan_neped)|RATIO(gasa,ece6)|RATIO(ip,bt)|RATIO(ip,ece22)",12,0.17286787622918687,0.2204119686037302,A,0.280981768667698,False,False
"ID(pcdiamag3)|LEVEL_RATE(cerqrott12|ece33)|PROD(fs03da,cerqtit11)|PROD(gasa,ece1)|PROD(ip,prmtan_neped)|PROD(prmtan_neped,ece39)|RATIO(ece25,ece39)|RATIO(fs03da,prmtan_neped)|RATIO(ip,ece22)|RATIO(prmtan_teped,prmtan_neped)|RECIP(bt)|RECIP(cerqtit10)",12,0.1737907325848937,0.22050229012966155,A,0.20322808971007672,False,False
"ID(pcdiamag3)|PROD(fs03da,cerqtit11)|PROD(ip,prmtan_neped)|PROD(pinj,ece36)|PROD(prmtan_neped,ece39)|RATE_OVER_LEVEL(cerqrott3|cerqtit10)|RATIO(ece25,ece39)|RATIO(fs03da,prmtan_neped)|RATIO(ip,ece22)|RATIO(pinj,bt)|RECIP(bt)|RECIP(cerqtit10)",12,0.17530857839932046,0.22052851058542727,A,0.20432732105255139,False,False
"ID(pcdiamag3)|ID(pinj)|PROD(fs03da,cerqtit11)|PROD(ip,prmtan_neped)|PROD(pinj,ece36)|PROD(prmtan_neped,ece39)|RATE_OVER_LEVEL(cerqrott3|cerqtit10)|RATIO(ece25,ece39)|RATIO(fs03da,prmtan_neped)|RATIO(ip,ece22)|RECIP(bt)|RECIP(cerqtit10)",12,0.17534799625476202,0.22055733539164066,A,0.20426738311847062,False,False
"ID(pcdiamag3)|PROD(ece37,ece39)|PROD(gasa,ece1)|PROD(ip,prmtan_neped)|PROD(pinj,cerqrott6)|PROD(prmtan_neped,ece39)|PROD(prmtan_neped,prmtan_neped)|RATE_OVER_LEVEL(pinj_33r|prmtan_neped)|RATIO(fs03da,prmtan_neped)|RATIO(gasa,ece6)|RATIO(ip,bt)|RATIO(ip,ece22)",12,0.1735292392472426,0.22055994011461735,A,0.27586014047265056,False,False
"ID(pcdiamag3)|PROD(fs03da,cerqtit11)|PROD(fs04,pinj)|PROD(gasa,ece1)|PROD(ip,prmtan_neped)|PROD(prmtan_neped,ece39)|RATIO(ece25,ece39)|RATIO(fs03da,prmtan_neped)|RATIO(ip,ece22)|RATIO(prmtan_neped,bt)|RECIP(bt)|RECIP(cerqtit10)",12,0.1723850024243196,0.2205619364976883,A,0.1958913872639339,False,False
"ID(pcdiamag3)|LEVEL_RATE(prmtan_neped|gasc)|PROD(ece37,ece39)|PROD(gasa,ece1)|PROD(ip,prmtan_neped)|PROD(pinj,cerqrott6)|PROD(prmtan_neped,ece39)|PROD(prmtan_neped,prmtan_neped)|RATIO(fs03da,prmtan_neped)|RATIO(gasa,ece6)|RATIO(ip,bt)|RATIO(ip,ece22)",12,0.1736213099832336,0.2205653291195631,A,0.27851165086030966,False,False
"ID(pcdiamag3)|PROD(fs03da,cerqtit11)|PROD(ip,prmtan_neped)|PROD(pinj,ece36)|PROD(prmtan_neped,ece39)|RATE_OVER_LEVEL(cerqrott3|prmtan_neped)|RATIO(ece25,ece39)|RATIO(fs03da,prmtan_neped)|RATIO(ip,ece22)|RATIO(pinj,bt)|RECIP(bt)|RECIP(cerqtit10)",12,0.17527004517614841,0.22056710068136454,A,0.20195844024419798,False,False
"ID(pcdiamag3)|LEVEL_RATE(pinj_30r|ece39)|PROD(fs03da,cerqtit11)|PROD(gasa,ece1)|PROD(ip,prmtan_neped)|PROD(pinj,cerqrott6)|PROD(prmtan_neped,ece39)|RATIO(ece25,ece39)|RATIO(fs03da,prmtan_neped)|RATIO(ip,ece22)|RECIP(bt)|RECIP(cerqtit10)",12,0.17337036070724327,0.22058393582701682,A,0.20000252376000094,False,False
"ID(pcdiamag3)|ID(pinj)|PROD(fs03da,cerqtit11)|PROD(ip,prmtan_neped)|PROD(pinj,ece36)|PROD(prmtan_neped,ece39)|RATE_OVER_LEVEL(cerqrott3|prmtan_neped)|RATIO(ece25,ece39)|RATIO(fs03da,prmtan_neped)|RATIO(ip,ece22)|RECIP(bt)|RECIP(cerqtit10)",12,0.17530937685320774,0.22060132268816232,A,0.20191027820110333,False,False
"ID(pcdiamag3)|PROD(fs03da,cerqtit11)|PROD(ip,prmtan_neped)|PROD(pinj,ece36)|PROD(pinj_30l,ece39)|PROD(prmtan_neped,ece39)|RATIO(ece25,ece39)|RATIO(fs03da,prmtan_neped)|RATIO(ip,ece22)|RATIO(pinj,bt)|RECIP(bt)|RECIP(cerqtit10)",12,0.1756151270121336,0.22060688100755216,A,0.20716216862201703,False,False
"DOT(pinj_33r)|ID(pcdiamag3)|PROD(ece37,ece39)|PROD(gasa,ece1)|PROD(ip,prmtan_neped)|PROD(pinj,cerqrott6)|PROD(prmtan_neped,ece39)|PROD(prmtan_neped,prmtan_neped)|RATIO(fs03da,prmtan_neped)|RATIO(gasa,ece6)|RATIO(ip,bt)|RATIO(ip,ece22)",12,0.17341295493145786,0.22062387876212597,A,0.27682003229856494,False,False
"ID(pcdiamag3)|LEVEL_RATE(bt|pinj_33r)|PROD(ece37,ece39)|PROD(gasa,ece1)|PROD(ip,prmtan_neped)|PROD(pinj,cerqrott6)|PROD(prmtan_neped,ece39)|PROD(prmtan_neped,prmtan_neped)|RATIO(fs03da,prmtan_neped)|RATIO(gasa,ece6)|RATIO(ip,bt)|RATIO(ip,ece22)",12,0.1734135345245401,0.22062496691942216,A,0.2768261606494586,False,False
"ID(pcdiamag3)|ID(pinj)|PROD(fs03da,cerqtit11)|PROD(ip,prmtan_neped)|PROD(pinj,ece36)|PROD(pinj_30l,ece39)|PROD(prmtan_neped,ece39)|RATIO(ece25,ece39)|RATIO(fs03da,prmtan_neped)|RATIO(ip,ece22)|RECIP(bt)|RECIP(cerqtit10)",12,0.1756765501573682,0.22063588127493858,A,0.20713259081045798,False,False
"ID(pcdiamag3)|PROD(fs03da,cerqtit11)|PROD(gasa,ece1)|PROD(ip,prmtan_neped)|PROD(pinj,cerqrott6)|PROD(prmtan_neped,ece39)|RATIO(ece25,ece39)|RATIO(fs03da,prmtan_neped)|RATIO(gasc,prmtan_neped)|RATIO(ip,ece22)|RECIP(bt)|RECIP(cerqtit10)",12,0.17530527990311384,0.22063909471035004,A,0.2150880431135496,False,False
"ID(pcdiamag3)|PROD(ece37,ece39)|PROD(gasa,ece1)|PROD(ip,prmtan_neped)|PROD(pinj,cerqrott6)|PROD(prmtan_neped,ece39)|PROD(prmtan_neped,prmtan_neped)|RATE_OVER_LEVEL(pinj_33r|ip)|RATIO(fs03da,prmtan_neped)|RATIO(gasa,ece6)|RATIO(ip,bt)|RATIO(ip,ece22)",12,0.17343652782340846,0.22064670436084272,A,0.2768039077520371,False,False
"ID(pcdiamag3)|PROD(ece37,ece39)|PROD(fs03da,cerqtit11)|PROD(gasa,ece1)|PROD(ip,prmtan_neped)|PROD(pinj,cerqrott6)|PROD(prmtan_neped,ece39)|RATIO(ece25,ece39)|RATIO(fs03da,prmtan_neped)|RATIO(ip,ece22)|RECIP(bt)|RECIP(cerqtit10)",12,0.17333170293519892,0.22066083624958993,A,0.214247690141201,False,False
"ID(pcdiamag3)|ID(prmtan_neped)|PROD(ece37,ece39)|PROD(gasa,ece1)|PROD(ip,prmtan_neped)|PROD(pinj,cerqrott6)|PROD(prmtan_neped,ece39)|PROD(prmtan_neped,prmtan_neped)|RATIO(fs03da,prmtan_neped)|RATIO(gasa,ece6)|RATIO(ip,bt)|RATIO(ip,ece22)",12,0.17583778034895658,0.2206683412194252,A,0.2692935508986315,False,False
"ID(pcdiamag3)|PROD(fs03da,cerqtit11)|PROD(gasa,ece1)|PROD(ip,prmtan_neped)|PROD(pinj,cerqrott6)|PROD(prmtan_neped,ece39)|RATE_OVER_LEVEL(ip|ip)|RATIO(ece25,ece39)|RATIO(fs03da,prmtan_neped)|RATIO(ip,ece22)|RECIP(bt)|RECIP(cerqtit10)",12,0.17283109202980995,0.22083674408495427,A,0.20194293161233273,False,False
"ID(pcdiamag3)|PROD(bt,prmtan_neped)|PROD(ece37,ece39)|PROD(gasa,ece1)|PROD(ip,prmtan_neped)|PROD(pinj,cerqrott6)|PROD(prmtan_neped,ece39)|PROD(prmtan_neped,prmtan_neped)|RATIO(fs03da,prmtan_neped)|RATIO(gasa,ece6)|RATIO(ip,bt)|RATIO(ip,ece22)",12,0.17413652104636032,0.22089771144092082,A,0.2718530188004176,False,False
"ID(pcdiamag3)|PROD(ece37,ece39)|PROD(gasa,ece1)|PROD(ip,prmtan_neped)|PROD(pinj,cerqrott6)|PROD(prmtan_neped,ece39)|PROD(prmtan_neped,prmtan_neped)|RATIO(fs03da,prmtan_neped)|RATIO(gasa,ece6)|RATIO(gasc,prmtan_neped)|RATIO(ip,bt)|RATIO(ip,ece22)",12,0.17266471050679683,0.22095292545855044,A,0.26648347824811935,False,False
"ID(pcdiamag3)|LEVEL_RATE(pinj|gasc)|PROD(ece37,ece39)|PROD(gasa,ece1)|PROD(ip,prmtan_neped)|PROD(pinj,cerqrott6)|PROD(prmtan_neped,ece39)|PROD(prmtan_neped,prmtan_neped)|RATIO(fs03da,prmtan_neped)|RATIO(gasa,ece6)|RATIO(ip,bt)|RATIO(ip,ece22)",12,0.17367633307973546,0.22097353711724282,A,0.27845338160792993,False,False
"ID(pcdiamag3)|LEVEL_RATE(cerqrott12|gasa)|PROD(ece37,ece39)|PROD(gasa,ece1)|PROD(ip,prmtan_neped)|PROD(pinj,cerqrott6)|PROD(prmtan_neped,ece39)|PROD(prmtan_neped,prmtan_neped)|RATIO(fs03da,prmtan_neped)|RATIO(gasa,ece6)|RATIO(ip,bt)|RATIO(ip,ece22)",12,0.173643193145593,0.22098463885486125,A,0.28388397345940275,False,False
"ID(pcdiamag3)|PROD(fs03da,cerqtit11)|PROD(ip,prmtan_neped)|PROD(pinj,ece36)|PROD(prmtan_neped,ece39)|PROD(prmtan_neped,gasc)|RATIO(ece25,ece39)|RATIO(fs03da,prmtan_neped)|RATIO(ip,ece22)|RATIO(pinj,bt)|RECIP(bt)|RECIP(cerqtit10)",12,0.17523573196182649,0.22099218890070915,A,0.2037225718299549,False,False
"ID(pcdiamag3)|LEVEL_RATE(ece16|ip)|PROD(fs03da,cerqtit11)|PROD(gasa,ece1)|PROD(ip,prmtan_neped)|PROD(pinj,cerqrott6)|PROD(prmtan_neped,ece39)|RATIO(ece25,ece39)|RATIO(fs03da,prmtan_neped)|RATIO(ip,ece22)|RECIP(bt)|RECIP(cerqtit10)",12,0.17283177934587002,0.22100264579057693,A,0.20246975595752406,False,False
"DOT(ip)|ID(pcdiamag3)|PROD(fs03da,cerqtit11)|PROD(gasa,ece1)|PROD(ip,prmtan_neped)|PROD(pinj,cerqrott6)|PROD(prmtan_neped,ece39)|RATIO(ece25,ece39)|RATIO(fs03da,prmtan_neped)|RATIO(ip,ece22)|RECIP(bt)|RECIP(cerqtit10)",12,0.17290214076638222,0.22100322805345057,A,0.20200598984956747,False,False
"ID(pcdiamag3)|LEVEL_RATE(bt|ip)|PROD(fs03da,cerqtit11)|PROD(gasa,ece1)|PROD(ip,prmtan_neped)|PROD(pinj,cerqrott6)|PROD(prmtan_neped,ece39)|RATIO(ece25,ece39)|RATIO(fs03da,prmtan_neped)|RATIO(ip,ece22)|RECIP(bt)|RECIP(cerqtit10)",12,0.17290449962019921,0.2210056595504284,A,0.20201199998458233,False,False
"ID(pcdiamag3)|ID(pinj)|PROD(fs03da,cerqtit11)|PROD(ip,prmtan_neped)|PROD(pinj,ece36)|PROD(prmtan_neped,ece39)|PROD(prmtan_neped,gasc)|RATIO(ece25,ece39)|RATIO(fs03da,prmtan_neped)|RATIO(ip,ece22)|RECIP(bt)|RECIP(cerqtit10)",12,0.17527359817177057,0.22101362515240908,A,0.20367480367422117,False,False
"ID(pcdiamag3)|PROD(fs03da,cerqtit11)|PROD(gasa,ece1)|PROD(ip,prmtan_neped)|PROD(pinj,cerqrott6)|PROD(prmtan_neped,ece39)|RATE_OVER_LEVEL(cerqrott3|cerqtit10)|RATIO(ece25,ece39)|RATIO(fs03da,prmtan_neped)|RATIO(ip,ece22)|RECIP(bt)|RECIP(cerqtit10)",12,0.17290620983888705,0.22105776891112328,A,0.20318460911512382,False,False
"ID(pcdiamag3)|LEVEL_RATE(fs03da|ece1)|PROD(fs03da,cerqtit11)|PROD(ip,prmtan_neped)|PROD(pinj,ece36)|PROD(prmtan_neped,ece39)|RATIO(ece25,ece39)|RATIO(fs03da,prmtan_neped)|RATIO(ip,ece22)|RATIO(pinj,bt)|RECIP(bt)|RECIP(cerqtit10)",12,0.17628052632013955,0.22108624055981635,A,0.20411749680837007,False,False
"ID(pcdiamag3)|LEVEL_RATE(cerqrott12|ip)|PROD(fs03da,cerqtit11)|PROD(gasa,ece1)|PROD(ip,prmtan_neped)|PROD(pinj,cerqrott6)|PROD(prmtan_neped,ece39)|RATIO(ece25,ece39)|RATIO(fs03da,prmtan_neped)|RATIO(ip,ece22)|RECIP(bt)|RECIP(cerqtit10)",12,0.17337382044643163,0.221105245500803,A,0.20338243469595915,False,False
"ID(pcdiamag3)|LEVEL_RATE(gasa|ip)|PROD(fs03da,cerqtit11)|PROD(gasa,ece1)|PROD(ip,prmtan_neped)|PROD(prmtan_neped,ece39)|RATIO(ece25,ece39)|RATIO(fs03da,prmtan_neped)|RATIO(ip,ece22)|RATIO(prmtan_teped,prmtan_neped)|RECIP(bt)|RECIP(cerqtit10)",12,0.17474838476628066,0.2212062668055296,A,0.20251565252741185,False,False
"ID(pcdiamag3)|PROD(bt,prmtan_neped)|PROD(fs03da,cerqtit11)|PROD(gasa,ece1)|PROD(ip,prmtan_neped)|PROD(pinj,cerqrott6)|PROD(prmtan_neped,ece39)|RATIO(ece25,ece39)|RATIO(fs03da,prmtan_neped)|RATIO(ip,ece22)|RECIP(cerqtit10)",11,0.17592087015509605,0.22122957948595284,A,0.2156165838241578,False,False
"ID(pcdiamag3)|PROD(fs03da,cerqtit11)|PROD(gasc,pinj)|PROD(ip,prmtan_neped)|PROD(pinj,ece36)|PROD(prmtan_neped,ece39)|RATIO(ece25,ece39)|RATIO(fs03da,prmtan_neped)|RATIO(ip,ece22)|RATIO(pinj,bt)|RECIP(bt)|RECIP(cerqtit10)",12,0.1758823899552226,0.2212394531816244,A,0.2037040983637175,False,False
"ID(pcdiamag3)|ID(pinj)|PROD(fs03da,cerqtit11)|PROD(gasc,pinj)|PROD(ip,prmtan_neped)|PROD(pinj,ece36)|PROD(prmtan_neped,ece39)|RATIO(ece25,ece39)|RATIO(fs03da,prmtan_neped)|RATIO(ip,ece22)|RECIP(bt)|RECIP(cerqtit10)",12,0.17587124022344747,0.22124442029744387,A,0.20372483879327785,False,False
"ID(pcdiamag3)|PROD(fs03da,cerqtit11)|PROD(ip,prmtan_neped)|PROD(pinj,ece36)|PROD(prmtan_neped,ece39)|RATIO(ece25,ece39)|RATIO(fs03da,prmtan_neped)|RATIO(gasc,cerqtit10)|RATIO(ip,ece22)|RATIO(pinj,bt)|RECIP(bt)|RECIP(cerqtit10)",12,0.17583452239632608,0.22127709202468396,A,0.20384149104356777,False,False
"ID(pcdiamag3)|ID(pinj)|PROD(fs03da,cerqtit11)|PROD(ip,prmtan_neped)|PROD(pinj,ece36)|PROD(prmtan_neped,ece39)|RATIO(ece25,ece39)|RATIO(fs03da,prmtan_neped)|RATIO(gasc,cerqtit10)|RATIO(ip,ece22)|RECIP(bt)|RECIP(cerqtit10)",12,0.17587281732509533,0.22129809968173503,A,0.2037950302163761,False,False
"ID(pcdiamag3)|PROD(ece37,ece39)|PROD(gasa,ece1)|PROD(ip,prmtan_neped)|PROD(pinj,cerqrott6)|PROD(prmtan_neped,ece39)|PROD(prmtan_neped,gasc)|PROD(prmtan_neped,prmtan_neped)|RATIO(fs03da,prmtan_neped)|RATIO(gasa,ece6)|RATIO(ip,bt)|RATIO(ip,ece22)",12,0.17387720923870803,0.22131830528378488,A,0.2796694643795491,False,False
"ID(pcdiamag3)|LEVEL_RATE(prmtan_neped|cerqtit6)|PROD(ece37,ece39)|PROD(gasa,ece1)|PROD(ip,prmtan_neped)|PROD(pinj,cerqrott6)|PROD(prmtan_neped,ece39)|PROD(prmtan_neped,prmtan_neped)|RATIO(fs03da,prmtan_neped)|RATIO(gasa,ece6)|RATIO(ip,bt)|RATIO(ip,ece22)",12,0.17356810346245766,0.22132209241390227,A,0.28030217289924625,False,False
"ID(pcdiamag3)|PROD(fs03da,cerqtit11)|PROD(gasa,ece1)|PROD(ip,prmtan_neped)|PROD(prmtan_neped,ece39)|RATE_OVER_LEVEL(ip|ece1)|RATIO(ece25,ece39)|RATIO(fs03da,prmtan_neped)|RATIO(ip,ece22)|RATIO(prmtan_teped,prmtan_neped)|RECIP(bt)|RECIP(cerqtit10)",12,0.17459930119415126,0.2213269356638193,A,0.19760038579503703,False,False
"ID(pcdiamag3)|PROD(fs03da,cerqtit11)|PROD(fs04,pinj)|PROD(gasa,ece1)|PROD(ip,prmtan_neped)|PROD(prmtan_neped,ece39)|RATIO(ece25,ece39)|RATIO(fs03da,prmtan_neped)|RATIO(ip,ece22)|RATIO(prmtan_teped,prmtan_neped)|RECIP(bt)|RECIP(cerqtit10)",12,0.17394640451918045,0.22133181244134903,A,0.19569606905182213,False,False
"ID(pcdiamag3)|PROD(fs03da,cerqtit11)|PROD(gasa,ece1)|PROD(ip,prmtan_neped)|PROD(prmtan_neped,ece39)|RATE_OVER_LEVEL(ip|cerqtit10)|RATIO(ece25,ece39)|RATIO(fs03da,prmtan_neped)|RATIO(ip,ece22)|RATIO(prmtan_teped,prmtan_neped)|RECIP(bt)|RECIP(cerqtit10)",12,0.1746806036060055,0.22133923470973968,A,0.20128103817502666,False,False
"ID(pcdiamag3)|LEVEL_RATE(gasa|pinj_33r)|PROD(ece37,ece39)|PROD(gasa,ece1)|PROD(ip,prmtan_neped)|PROD(pinj,cerqrott6)|PROD(prmtan_neped,ece39)|PROD(prmtan_neped,prmtan_neped)|RATIO(fs03da,prmtan_neped)|RATIO(gasa,ece6)|RATIO(ip,bt)|RATIO(ip,ece22)",12,0.17395413977404434,0.2214243646711111,A,0.2802254180113475,False,False
"ID(ece39)|ID(pcdiamag3)|LEVEL_RATE(cerqrott12|cerqtit8)|PROD(ece37,ece39)|PROD(fs03da,cerqtit11)|PROD(fs04,pinj)|PROD(gasa,gasa)|PROD(ip,prmtan_neped)|PROD(prmtan_neped,ece39)|RATIO(ece25,ece39)|RATIO(gasc,cerqtit10)|RATIO(ip,ece22)",12,0.17578513373931248,0.22143553458154203,A,0.20957208176453912,False,False
"ID(pcdiamag3)|PROD(fs03da,cerqtit11)|PROD(ip,prmtan_neped)|PROD(pinj,ece36)|PROD(prmtan_neped,ece39)|RATE_OVER_LEVEL(cerqrott3|ece1)|RATIO(ece25,ece39)|RATIO(fs03da,prmtan_neped)|RATIO(ip,ece22)|RATIO(pinj,bt)|RECIP(bt)|RECIP(cerqtit10)",12,0.17600955155988535,0.22145120687782766,A,0.2038664688666663,False,False
"ID(pcdiamag3)|ID(pinj)|PROD(fs03da,cerqtit11)|PROD(ip,prmtan_neped)|PROD(pinj,ece36)|PROD(prmtan_neped,ece39)|RATE_OVER_LEVEL(cerqrott3|ece1)|RATIO(ece25,ece39)|RATIO(fs03da,prmtan_neped)|RATIO(ip,ece22)|RECIP(bt)|RECIP(cerqtit10)",12,0.17604539717237158,0.2214756255969405,A,0.2038128197193147,False,False
"ID(pcdiamag3)|LEVEL_RATE(pinj_30r|cerqrott3)|PROD(fs03da,cerqtit11)|PROD(gasa,ece1)|PROD(ip,prmtan_neped)|PROD(pinj,cerqrott6)|PROD(prmtan_neped,ece39)|RATIO(ece25,ece39)|RATIO(fs03da,prmtan_neped)|RATIO(ip,ece22)|RECIP(bt)|RECIP(cerqtit10)",12,0.1731769205381473,0.22150583881884814,A,0.20246688524882006,False,False
"ID(pcdiamag3)|PROD(ece37,ece39)|PROD(gasa,ece1)|PROD(ip,prmtan_neped)|PROD(pinj,cerqrott6)|PROD(prmtan_neped,ece39)|PROD(prmtan_neped,prmtan_neped)|RATIO(fs03da,prmtan_neped)|RATIO(gasa,ece6)|RATIO(ip,bt)|RATIO(ip,ece22)|RATIO(prmtan_neped,bt)",12,0.17426862195134163,0.2215564765036106,A,0.24663364638884877,False,False
"ID(pcdiamag3)|PROD(ece37,ece39)|PROD(ece39,cerqtit10)|PROD(gasa,ece1)|PROD(ip,prmtan_neped)|PROD(pinj,cerqrott6)|PROD(prmtan_neped,ece39)|PROD(prmtan_neped,prmtan_neped)|RATIO(fs03da,prmtan_neped)|RATIO(gasa,ece6)|RATIO(ip,bt)|RATIO(ip,ece22)",12,0.1738994000479579,0.22157296538352966,A,0.2670165024697781,False,False
"ID(pcdiamag3)|LEVEL_RATE(gasa|gasb)|PROD(ece37,ece39)|PROD(gasa,ece1)|PROD(ip,prmtan_neped)|PROD(pinj,cerqrott6)|PROD(prmtan_neped,ece39)|PROD(prmtan_neped,prmtan_neped)|RATIO(fs03da,prmtan_neped)|RATIO(gasa,ece6)|RATIO(ip,bt)|RATIO(ip,ece22)",12,0.1738231693084041,0.2215783629566431,A,0.27910366182525953,False,False
"DOT(pinj_33r)|ID(pcdiamag3)|PROD(fs03da,cerqtit11)|PROD(ip,prmtan_neped)|PROD(pinj,ece36)|PROD(prmtan_neped,ece39)|RATIO(ece25,ece39)|RATIO(fs03da,prmtan_neped)|RATIO(ip,ece22)|RATIO(pinj,bt)|RECIP(bt)|RECIP(cerqtit10)",12,0.17576449892173213,0.2215792119503021,A,0.2035249079267185,False,False
"ID(pcdiamag3)|LEVEL_RATE(bt|pinj_33r)|PROD(fs03da,cerqtit11)|PROD(ip,prmtan_neped)|PROD(pinj,ece36)|PROD(prmtan_neped,ece39)|RATIO(ece25,ece39)|RATIO(fs03da,prmtan_neped)|RATIO(ip,ece22)|RATIO(pinj,bt)|RECIP(bt)|RECIP(cerqtit10)",12,0.17576501189420618,0.22157993726432323,A,0.20352642337481194,False,False
"ID(pcdiamag3)|PROD(fs03da,cerqtit11)|PROD(ip,prmtan_neped)|PROD(pinj,ece36)|PROD(prmtan_neped,ece39)|RATE_OVER_LEVEL(pinj_33r|ip)|RATIO(ece25,ece39)|RATIO(fs03da,prmtan_neped)|RATIO(ip,ece22)|RATIO(pinj,bt)|RECIP(bt)|RECIP(cerqtit10)",12,0.17575746029615402,0.22158469557762145,A,0.20350541571776085,False,False
"DOT(pinj_33r)|ID(pcdiamag3)|ID(pinj)|PROD(fs03da,cerqtit11)|PROD(ip,prmtan_neped)|PROD(pinj,ece36)|PROD(prmtan_neped,ece39)|RATIO(ece25,ece39)|RATIO(fs03da,prmtan_neped)|RATIO(ip,ece22)|RECIP(bt)|RECIP(cerqtit10)",12,0.175803511030972,0.22160545326769351,A,0.2034792681535086,False,False
"ID(pcdiamag3)|ID(pinj)|LEVEL_RATE(bt|pinj_33r)|PROD(fs03da,cerqtit11)|PROD(ip,prmtan_neped)|PROD(pinj,ece36)|PROD(prmtan_neped,ece39)|RATIO(ece25,ece39)|RATIO(fs03da,prmtan_neped)|RATIO(ip,ece22)|RECIP(bt)|RECIP(cerqtit10)",12,0.175804010219872,0.22160614356398584,A,0.20348078956206653,False,False
"ID(pcdiamag3)|ID(pinj)|PROD(fs03da,cerqtit11)|PROD(ip,prmtan_neped)|PROD(pinj,ece36)|PROD(prmtan_neped,ece39)|RATE_OVER_LEVEL(pinj_33r|ip)|RATIO(ece25,ece39)|RATIO(fs03da,prmtan_neped)|RATIO(ip,ece22)|RECIP(bt)|RECIP(cerqtit10)",12,0.17579635319610437,0.2216106981039047,A,0.2034596900145214,False,False
"ID(pcdiamag3)|PROD(fs03da,cerqtit11)|PROD(ip,prmtan_neped)|PROD(pinj,ece36)|PROD(prmtan_neped,ece39)|RATE_OVER_LEVEL(pinj_33r|ece39)|RATIO(ece25,ece39)|RATIO(fs03da,prmtan_neped)|RATIO(ip,ece22)|RATIO(pinj,bt)|RECIP(bt)|RECIP(cerqtit10)",12,0.1757279648135106,0.22162789665162563,A,0.20306290388107312,False,False
"ID(pcdiamag3)|ID(pinj)|PROD(fs03da,cerqtit11)|PROD(ip,prmtan_neped)|PROD(pinj,ece36)|PROD(prmtan_neped,ece39)|RATE_OVER_LEVEL(pinj_33r|ece39)|RATIO(ece25,ece39)|RATIO(fs03da,prmtan_neped)|RATIO(ip,ece22)|RECIP(bt)|RECIP(cerqtit10)",12,0.17576668001711368,0.22165383771061897,A,0.20301351696252834,False,False
"ID(pcdiamag3)|LEVEL_RATE(ece14|pinj_33r)|PROD(fs03da,cerqtit11)|PROD(ip,prmtan_neped)|PROD(pinj,ece36)|PROD(prmtan_neped,ece39)|RATIO(ece25,ece39)|RATIO(fs03da,prmtan_neped)|RATIO(ip,ece22)|RATIO(pinj,bt)|RECIP(bt)|RECIP(cerqtit10)",12,0.17582440556337436,0.2216549411416054,A,0.20366999655962004,False,False
"ID(pcdiamag3)|ID(pinj)|LEVEL_RATE(ece14|pinj_33r)|PROD(fs03da,cerqtit11)|PROD(ip,prmtan_neped)|PROD(pinj,ece36)|PROD(prmtan_neped,ece39)|RATIO(ece25,ece39)|RATIO(fs03da,prmtan_neped)|RATIO(ip,ece22)|RECIP(bt)|RECIP(cerqtit10)",12,0.175863861789306,0.22168119624257088,A,0.20362502386172626,False,False
"ID(pcdiamag3)|PROD(fs03da,cerqtit11)|PROD(gasa,ece1)|PROD(ip,prmtan_neped)|PROD(prmtan_neped,ece39)|RATIO(ece25,ece39)|RATIO(fs03da,prmtan_neped)|RATIO(gasd,bt)|RATIO(ip,ece22)|RATIO(prmtan_neped,bt)|RECIP(bt)|RECIP(cerqtit10)",12,0.174490223142008,0.22168603576719761,A,0.1930907256901265,False,False
"ID(pcdiamag3)|PROD(fs03da,cerqtit11)|PROD(gasa,ece1)|PROD(ip,prmtan_neped)|PROD(prmtan_neped,ece39)|RATE_OVER_LEVEL(ip|prmtan_neped)|RATIO(ece25,ece39)|RATIO(fs03da,prmtan_neped)|RATIO(ip,ece22)|RATIO(prmtan_teped,prmtan_neped)|RECIP(bt)|RECIP(cerqtit10)",12,0.17481876220554113,0.2217051975429058,A,0.20221619208653777,False,False
"ID(gasd)|ID(pcdiamag3)|PROD(fs03da,cerqtit11)|PROD(gasa,ece1)|PROD(ip,prmtan_neped)|PROD(prmtan_neped,ece39)|RATIO(ece25,ece39)|RATIO(fs03da,prmtan_neped)|RATIO(ip,ece22)|RATIO(prmtan_neped,bt)|RECIP(bt)|RECIP(cerqtit10)",12,0.17450090280423564,0.2217104271054268,A,0.19309555639823286,False,False
"ID(pcdiamag3)|PROD(fs03da,cerqtit11)|PROD(ip,prmtan_neped)|PROD(pinj,ece36)|PROD(prmtan_neped,ece39)|RATE_OVER_LEVEL(pinj_33r|prmtan_neped)|RATIO(ece25,ece39)|RATIO(fs03da,prmtan_neped)|RATIO(ip,ece22)|RATIO(pinj,bt)|RECIP(bt)|RECIP(cerqtit10)",12,0.17579378218700487,0.2217110849916935,A,0.20334357221921298,False,False
"ID(pcdiamag3)|PROD(bt,gasd)|PROD(fs03da,cerqtit11)|PROD(gasa,ece1)|PROD(ip,prmtan_neped)|PROD(prmtan_neped,ece39)|RATIO(ece25,ece39)|RATIO(fs03da,prmtan_neped)|RATIO(ip,ece22)|RATIO(prmtan_neped,bt)|RECIP(bt)|RECIP(cerqtit10)",12,0.1745113012070457,0.22173439785838128,A,0.19309958815574657,False,False
"ID(pcdiamag3)|ID(pinj)|PROD(fs03da,cerqtit11)|PROD(ip,prmtan_neped)|PROD(pinj,ece36)|PROD(prmtan_neped,ece39)|RATE_OVER_LEVEL(pinj_33r|prmtan_neped)|RATIO(ece25,ece39)|RATIO(fs03da,prmtan_neped)|RATIO(ip,ece22)|RECIP(bt)|RECIP(cerqtit10)",12,0.17583225512256226,0.22173642441630365,A,0.2032945548494658,False,False
"ID(pcdiamag3)|LEVEL_RATE(pinj_33r|ip)|PROD(fs03da,cerqtit11)|PROD(gasa,ece1)|PROD(ip,prmtan_neped)|PROD(prmtan_neped,ece39)|RATIO(ece25,ece39)|RATIO(fs03da,prmtan_neped)|RATIO(ip,ece22)|RATIO(prmtan_teped,prmtan_neped)|RECIP(bt)|RECIP(cerqtit10)",12,0.17468684787551564,0.2217751532793045,A,0.20101714034875243,False,False
"ID(pcdiamag3)|LEVEL_RATE(ece6|gasb)|PROD(ece37,ece39)|PROD(gasa,ece1)|PROD(ip,prmtan_neped)|PROD(pinj,cerqrott6)|PROD(prmtan_neped,ece39)|PROD(prmtan_neped,prmtan_neped)|RATIO(fs03da,prmtan_neped)|RATIO(gasa,ece6)|RATIO(ip,bt)|RATIO(ip,ece22)",12,0.173753632667164,0.22178153172135354,A,0.27891794517636304,False,False
"ID(pcdiamag3)|PROD(fs03da,cerqtit11)|PROD(gasa,ece1)|PROD(ip,prmtan_neped)|PROD(pinj,cerqrott6)|PROD(prmtan_neped,ece39)|RATIO(ece25,ece39)|RATIO(fs03da,prmtan_neped)|RATIO(ip,ece22)|RATIO(pinj_33r,cerqtit10)|RECIP(bt)|RECIP(cerqtit10)",12,0.17305581724892063,0.22180065382272005,A,0.19599664906660724,False,False
"ID(pcdiamag3)|LEVEL_RATE(pinj_15l|pinj_15l)|PROD(fs03da,cerqtit11)|PROD(ip,prmtan_neped)|PROD(pinj,ece36)|PROD(prmtan_neped,ece39)|RATIO(ece25,ece39)|RATIO(fs03da,prmtan_neped)|RATIO(ip,ece22)|RATIO(pinj,bt)|RECIP(bt)|RECIP(cerqtit10)",12,0.1758769808957974,0.22180758640170098,A,0.20399891187747332,False,False
"ID(pcdiamag3)|ID(prmtan_neped)|PROD(fs03da,cerqtit11)|PROD(gasa,ece1)|PROD(ip,prmtan_neped)|PROD(prmtan_neped,ece39)|RATIO(ece25,ece39)|RATIO(fs03da,prmtan_neped)|RATIO(gasd,bt)|RATIO(ip,ece22)|RECIP(bt)|RECIP(cerqtit10)",12,0.17438094448298216,0.22181314267218114,A,0.19341396714250259,False,False
"ID(pcdiamag3)|PROD(fs03da,cerqtit11)|PROD(gasa,ece1)|PROD(ip,prmtan_neped)|PROD(prmtan_neped,ece39)|RATE_OVER_LEVEL(ece37|cerqtit10)|RATIO(ece25,ece39)|RATIO(fs03da,prmtan_neped)|RATIO(ip,ece22)|RATIO(prmtan_teped,prmtan_neped)|RECIP(bt)|RECIP(cerqtit10)",12,0.1759278885399302,0.22181622199714185,A,0.20263352145751326,False,False
"ID(pcdiamag3)|ID(pinj)|LEVEL_RATE(pinj_15l|pinj_15l)|PROD(fs03da,cerqtit11)|PROD(ip,prmtan_neped)|PROD(pinj,ece36)|PROD(prmtan_neped,ece39)|RATIO(ece25,ece39)|RATIO(fs03da,prmtan_neped)|RATIO(ip,ece22)|RECIP(bt)|RECIP(cerqtit10)",12,0.175916509454449,0.22183340713381766,A,0.20395480742057176,False,False
"ID(gasd)|ID(pcdiamag3)|ID(prmtan_neped)|PROD(fs03da,cerqtit11)|PROD(gasa,ece1)|PROD(ip,prmtan_neped)|PROD(prmtan_neped,ece39)|RATIO(ece25,ece39)|RATIO(fs03da,prmtan_neped)|RATIO(ip,ece22)|RECIP(bt)|RECIP(cerqtit10)",12,0.17439136604468025,0.22183696404099465,A,0.19341792315244685,False,False
"ID(pcdiamag3)|PROD(fs03da,cerqtit11)|PROD(ip,prmtan_neped)|PROD(pinj,ece36)|PROD(prmtan_neped,ece39)|RATE_OVER_LEVEL(pinj_33r|cerqtit3)|RATIO(ece25,ece39)|RATIO(fs03da,prmtan_neped)|RATIO(ip,ece22)|RATIO(pinj,bt)|RECIP(bt)|RECIP(cerqtit10)",12,0.1758152462542057,0.22183927781879903,A,0.20311641693115245,False,False
"ID(pcdiamag3)|LEVEL_RATE(cerqrott12|pinj_15l)|PROD(fs03da,cerqtit11)|PROD(ip,prmtan_neped)|PROD(pinj,ece36)|PROD(prmtan_neped,ece39)|RATIO(ece25,ece39)|RATIO(fs03da,prmtan_neped)|RATIO(ip,ece22)|RATIO(pinj,bt)|RECIP(bt)|RECIP(cerqtit10)",12,0.1759111904228727,0.2218538247048855,A,0.20382478684186947,False,False
"ID(pcdiamag3)|ID(prmtan_neped)|PROD(bt,gasd)|PROD(fs03da,cerqtit11)|PROD(gasa,ece1)|PROD(ip,prmtan_neped)|PROD(prmtan_neped,ece39)|RATIO(ece25,ece39)|RATIO(fs03da,prmtan_neped)|RATIO(ip,ece22)|RECIP(bt)|RECIP(cerqtit10)",12,0.17440147511661053,0.2218603167682886,A,0.1934209187825522,False,False
"ID(pcdiamag3)|ID(pinj)|PROD(fs03da,cerqtit11)|PROD(ip,prmtan_neped)|PROD(pinj,ece36)|PROD(prmtan_neped,ece39)|RATE_OVER_LEVEL(pinj_33r|cerqtit3)|RATIO(ece25,ece39)|RATIO(fs03da,prmtan_neped)|RATIO(ip,ece22)|RECIP(bt)|RECIP(cerqtit10)",12,0.1758539934332172,0.22186578065156937,A,0.20306567897399277,False,False
"ID(pcdiamag3)|ID(pinj)|LEVEL_RATE(cerqrott12|pinj_15l)|PROD(fs03da,cerqtit11)|PROD(ip,prmtan_neped)|PROD(pinj,ece36)|PROD(prmtan_neped,ece39)|RATIO(ece25,ece39)|RATIO(fs03da,prmtan_neped)|RATIO(ip,ece22)|RECIP(bt)|RECIP(cerqtit10)",12,0.1759502377981941,0.22188180387020112,A,0.20377826144297928,False,False
"ID(pcdiamag3)|PROD(ece37,ece39)|PROD(gasa,ece1)|PROD(ip,prmtan_neped)|PROD(pinj,cerqrott6)|PROD(prmtan_neped,ece39)|PROD(prmtan_neped,prmtan_neped)|RATIO(fs03da,prmtan_neped)|RATIO(gasa,ece6)|RATIO(gasc,cerqtit10)|RATIO(ip,bt)|RATIO(ip,ece22)",12,0.17685647793114184,0.22190464250743389,A,0.2705773281554382,False,False
"ID(pcdiamag3)|PROD(ece37,ece39)|PROD(gasa,cerqtit6)|PROD(gasa,ece1)|PROD(ip,prmtan_neped)|PROD(pinj,cerqrott6)|PROD(prmtan_neped,ece39)|PROD(prmtan_neped,prmtan_neped)|RATIO(fs03da,prmtan_neped)|RATIO(gasa,ece6)|RATIO(ip,ece22)",11,0.18070072184006372,0.22193469144403935,A,0.30795413206020994,False,False
"ID(pcdiamag3)|LEVEL_RATE(fs03da|ip)|PROD(fs03da,cerqtit11)|PROD(gasa,ece1)|PROD(ip,prmtan_neped)|PROD(pinj,cerqrott6)|PROD(prmtan_neped,ece39)|RATIO(ece25,ece39)|RATIO(fs03da,prmtan_neped)|RATIO(ip,ece22)|RECIP(bt)|RECIP(cerqtit10)",12,0.17358299332360425,0.2219421997666359,A,0.20238088940580692,False,False
"ID(pcdiamag3)|LEVEL_RATE(cerqrott12|pinj_15l)|PROD(ece37,ece39)|PROD(gasa,ece1)|PROD(ip,prmtan_neped)|PROD(pinj,cerqrott6)|PROD(prmtan_neped,ece39)|PROD(prmtan_neped,prmtan_neped)|RATIO(fs03da,prmtan_neped)|RATIO(gasa,ece6)|RATIO(ip,bt)|RATIO(ip,ece22)",12,0.17405321312447392,0.22201788015663623,A,0.27785479451219247,False,False
"ID(pcdiamag3)|PROD(fs03da,cerqtit11)|PROD(ip,prmtan_neped)|PROD(pinj,ece36)|PROD(prmtan_neped,ece39)|RATIO(ece25,ece39)|RATIO(fs03da,prmtan_neped)|RATIO(gasa,ece6)|RATIO(ip,ece22)|RATIO(pinj,bt)|RECIP(bt)|RECIP(cerqtit10)",12,0.17557868069658675,0.2220400832593441,A,0.20420086085796368,False,False
"ID(pcdiamag3)|LEVEL_RATE(gasa|pinj_33r)|PROD(fs03da,cerqtit11)|PROD(ip,prmtan_neped)|PROD(pinj,ece36)|PROD(prmtan_neped,ece39)|RATIO(ece25,ece39)|RATIO(fs03da,prmtan_neped)|RATIO(ip,ece22)|RATIO(pinj,bt)|RECIP(bt)|RECIP(cerqtit10)",12,0.17591474497069917,0.22204596772789956,A,0.20331808080275865,False,False
"ID(pcdiamag3)|LEVEL_RATE(gasa|cerqrott3)|PROD(fs03da,cerqtit11)|PROD(ip,prmtan_neped)|PROD(pinj,ece36)|PROD(prmtan_neped,ece39)|RATIO(ece25,ece39)|RATIO(fs03da,prmtan_neped)|RATIO(ip,ece22)|RATIO(pinj,bt)|RECIP(bt)|RECIP(cerqtit10)",12,0.17571047569314638,0.22206137627363204,A,0.20357218682765973,False,False
"ID(pcdiamag3)|ID(pinj)|PROD(fs03da,cerqtit11)|PROD(ip,prmtan_neped)|PROD(pinj,ece36)|PROD(prmtan_neped,ece39)|RATIO(ece25,ece39)|RATIO(fs03da,prmtan_neped)|RATIO(gasa,ece6)|RATIO(ip,ece22)|RECIP(bt)|RECIP(cerqtit10)",12,0.17559788320213557,0.2220674641430378,A,0.20419868975877772,False,False
"ID(pcdiamag3)|ID(pinj)|LEVEL_RATE(gasa|pinj_33r)|PROD(fs03da,cerqtit11)|PROD(ip,prmtan_neped)|PROD(pinj,ece36)|PROD(prmtan_neped,ece39)|RATIO(ece25,ece39)|RATIO(fs03da,prmtan_neped)|RATIO(ip,ece22)|RECIP(bt)|RECIP(cerqtit10)",12,0.17595397202918925,0.22207391634583473,A,0.203268399834633,False,False
"ID(pcdiamag3)|ID(pinj)|LEVEL_RATE(gasa|cerqrott3)|PROD(fs03da,cerqtit11)|PROD(ip,prmtan_neped)|PROD(pinj,ece36)|PROD(prmtan_neped,ece39)|RATIO(ece25,ece39)|RATIO(fs03da,prmtan_neped)|RATIO(ip,ece22)|RECIP(bt)|RECIP(cerqtit10)",12,0.1757473344604174,0.2220860119909048,A,0.20355245222647997,False,False
"ID(pcdiamag3)|LEVEL_RATE(prmtan_teped|pinj_15l)|PROD(ece37,ece39)|PROD(gasa,ece1)|PROD(ip,prmtan_neped)|PROD(pinj,cerqrott6)|PROD(prmtan_neped,ece39)|PROD(prmtan_neped,prmtan_neped)|RATIO(fs03da,prmtan_neped)|RATIO(gasa,ece6)|RATIO(ip,bt)|RATIO(ip,ece22)",12,0.17403338520477213,0.22208875603973866,A,0.2778988880415758,False,False
"ID(pcdiamag3)|PROD(fs03da,cerqtit11)|PROD(ip,prmtan_neped)|PROD(pinj,ece36)|PROD(prmtan_neped,ece39)|RATIO(ece25,ece39)|RATIO(fs03da,prmtan_neped)|RATIO(ip,ece22)|RATIO(pinj,bt)|RECIP(bt)|RECIP(cerqtit10)",11,0.1759863102187713,0.22209456376731396,A,0.20378933747609468,False,False
"ID(pcdiamag3)|ID(pinj)|PROD(fs03da,cerqtit11)|PROD(ip,prmtan_neped)|PROD(pinj,ece36)|PROD(prmtan_neped,ece39)|RATIO(ece25,ece39)|RATIO(fs03da,prmtan_neped)|RATIO(ip,ece22)|RECIP(bt)|RECIP(cerqtit10)",11,0.17602367668102187,0.22211516089737415,A,0.20374299238125496,False,False
"ID(bt)|ID(pcdiamag3)|PROD(fs03da,cerqtit11)|PROD(ip,prmtan_neped)|PROD(pinj,ece36)|PROD(prmtan_neped,ece39)|RATIO(ece25,ece39)|RATIO(fs03da,prmtan_neped)|RATIO(ip,ece22)|RATIO(pinj,bt)|RECIP(cerqtit10)",11,0.17601806335151196,0.22212591394782066,A,0.20362644245227188,False,False
"ID(pcdiamag3)|PROD(bt,bt)|PROD(fs03da,cerqtit11)|PROD(ip,prmtan_neped)|PROD(pinj,ece36)|PROD(prmtan_neped,ece39)|RATIO(ece25,ece39)|RATIO(fs03da,prmtan_neped)|RATIO(ip,ece22)|RATIO(pinj,bt)|RECIP(cerqtit10)",11,0.17603425172468026,0.2221418760716915,A,0.20354506125052782,False,False
"ID(bt)|ID(pcdiamag3)|ID(pinj)|PROD(fs03da,cerqtit11)|PROD(ip,prmtan_neped)|PROD(pinj,ece36)|PROD(prmtan_neped,ece39)|RATIO(ece25,ece39)|RATIO(fs03da,prmtan_neped)|RATIO(ip,ece22)|RECIP(cerqtit10)",11,0.1760549632832408,0.22214770317077637,A,0.2035809541742008,False,False
"ID(pcdiamag3)|ID(pinj)|PROD(bt,bt)|PROD(fs03da,cerqtit11)|PROD(ip,prmtan_neped)|PROD(pinj,ece36)|PROD(prmtan_neped,ece39)|RATIO(ece25,ece39)|RATIO(fs03da,prmtan_neped)|RATIO(ip,ece22)|RECIP(cerqtit10)",11,0.17607092193017404,0.22216428071260452,A,0.20350000957647973,False,False
"ID(pcdiamag3)|LEVEL_RATE(fs04|pinj_15l)|PROD(fs03da,cerqtit11)|PROD(ip,prmtan_neped)|PROD(pinj,ece36)|PROD(prmtan_neped,ece39)|RATIO(ece25,ece39)|RATIO(fs03da,prmtan_neped)|RATIO(ip,ece22)|RATIO(pinj,bt)|RECIP(bt)|RECIP(cerqtit10)",12,0.17602098261316618,0.22228174321353436,A,0.20372272034486147,False,False
"ID(pcdiamag3)|ID(pinj)|LEVEL_RATE(fs04|pinj_15l)|PROD(fs03da,cerqtit11)|PROD(ip,prmtan_neped)|PROD(pinj,ece36)|PROD(prmtan_neped,ece39)|RATIO(ece25,ece39)|RATIO(fs03da,prmtan_neped)|RATIO(ip,ece22)|RECIP(bt)|RECIP(cerqtit10)",12,0.17606086942056817,0.22230816818773746,A,0.2036723499496779,False,False
"ID(pcdiamag3)|LEVEL_RATE(pinj_30r|ece39)|PROD(ece37,ece39)|PROD(gasa,ece1)|PROD(ip,prmtan_neped)|PROD(pinj,cerqrott6)|PROD(prmtan_neped,ece39)|PROD(prmtan_neped,prmtan_neped)|RATIO(fs03da,prmtan_neped)|RATIO(gasa,ece6)|RATIO(ip,bt)|RATIO(ip,ece22)",12,0.17469929326325656,0.22233904488384723,A,0.29657237281401955,False,False
"ID(pcdiamag3)|PROD(ece37,ece39)|PROD(gasa,ece1)|PROD(ip,prmtan_neped)|PROD(pinj,cerqrott6)|PROD(prmtan_neped,ece39)|PROD(prmtan_neped,prmtan_neped)|PROD(prmtan_neped,prmtan_teped)|RATIO(fs03da,prmtan_neped)|RATIO(gasa,ece6)|RATIO(ip,bt)|RATIO(ip,ece22)",12,0.17416962788750728,0.22234572544693948,A,0.2786907876531284,False,False
"ID(pcdiamag3)|LEVEL_RATE(fs03da|gasd)|PROD(fs03da,cerqtit11)|PROD(ip,prmtan_neped)|PROD(pinj,ece36)|PROD(prmtan_neped,ece39)|RATIO(ece25,ece39)|RATIO(fs03da,prmtan_neped)|RATIO(ip,ece22)|RATIO(pinj,bt)|RECIP(bt)|RECIP(cerqtit10)",12,0.176275686485072,0.22240946926176547,A,0.20391535957654328,False,False
"ID(pcdiamag3)|LEVEL_RATE(prmtan_teped|pinj_15l)|PROD(fs03da,cerqtit11)|PROD(ip,prmtan_neped)|PROD(pinj,ece36)|PROD(prmtan_neped,ece39)|RATIO(ece25,ece39)|RATIO(fs03da,prmtan_neped)|RATIO(ip,ece22)|RATIO(pinj,bt)|RECIP(bt)|RECIP(cerqtit10)",12,0.17612671957661707,0.22246807329356671,A,0.20375138769547158,False,False
"ID(pcdiamag3)|ID(pinj)|LEVEL_RATE(prmtan_teped|pinj_15l)|PROD(fs03da,cerqtit11)|PROD(ip,prmtan_neped)|PROD(pinj,ece36)|PROD(prmtan_neped,ece39)|RATIO(ece25,ece39)|RATIO(fs03da,prmtan_neped)|RATIO(ip,ece22)|RECIP(bt)|RECIP(cerqtit10)",12,0.1761668562889099,0.22248951755464078,A,0.20369955847660715,False,False
"ID(pcdiamag3)|LEVEL_RATE(pinj_15l|pinj_15l)|PROD(ece37,ece39)|PROD(gasa,ece1)|PROD(ip,prmtan_neped)|PROD(pinj,cerqrott6)|PROD(prmtan_neped,ece39)|PROD(prmtan_neped,prmtan_neped)|RATIO(fs03da,prmtan_neped)|RATIO(gasa,ece6)|RATIO(ip,bt)|RATIO(ip,ece22)",12,0.17434494706491627,0.22253364622592925,A,0.27800544475515687,False,False
"ID(pcdiamag3)|LEVEL_RATE(fs04|pinj_15l)|PROD(ece37,ece39)|PROD(gasa,ece1)|PROD(ip,prmtan_neped)|PROD(pinj,cerqrott6)|PROD(prmtan_neped,ece39)|PROD(prmtan_neped,prmtan_neped)|RATIO(fs03da,prmtan_neped)|RATIO(gasa,ece6)|RATIO(ip,bt)|RATIO(ip,ece22)",12,0.17425423432141543,0.22254844903945922,A,0.2776665938397249,False,False
"ID(pcdiamag3)|PROD(ece37,ece39)|PROD(gasa,ece1)|PROD(ip,prmtan_neped)|PROD(pinj,cerqrott6)|PROD(prmtan_neped,ece39)|PROD(prmtan_neped,prmtan_neped)|RATE_OVER_LEVEL(cerqrott3|prmtan_neped)|RATIO(fs03da,prmtan_neped)|RATIO(gasa,ece6)|RATIO(ip,bt)|RATIO(ip,ece22)",12,0.17380610002825655,0.22255297638475896,A,0.27568196629484504,False,False
"ID(pcdiamag3)|PROD(fs03da,cerqtit11)|PROD(gasa,ece1)|PROD(ip,prmtan_neped)|PROD(prmtan_neped,ece39)|RATIO(ece25,ece39)|RATIO(fs03da,prmtan_neped)|RATIO(ip,ece22)|RATIO(pinj,ece37)|RATIO(prmtan_teped,prmtan_neped)|RECIP(bt)|RECIP(cerqtit10)",12,0.1752163570995132,0.22256962396204472,A,0.19556011358896902,False,False
"ID(pcdiamag3)|LEVEL_RATE(bt|gasc)|PROD(fs03da,cerqtit11)|PROD(ip,prmtan_neped)|PROD(pinj,ece36)|PROD(prmtan_neped,ece39)|RATIO(ece25,ece39)|RATIO(fs03da,prmtan_neped)|RATIO(ip,ece22)|RATIO(pinj,bt)|RECIP(bt)|RECIP(cerqtit10)",12,0.17625954474012057,0.2225756522268057,A,0.2038544962803524,False,False
"DOT(gasc)|ID(pcdiamag3)|PROD(fs03da,cerqtit11)|PROD(ip,prmtan_neped)|PROD(pinj,ece36)|PROD(prmtan_neped,ece39)|RATIO(ece25,ece39)|RATIO(fs03da,prmtan_neped)|RATIO(ip,ece22)|RATIO(pinj,bt)|RECIP(bt)|RECIP(cerqtit10)",12,0.1762592935934663,0.22257673889398574,A,0.20385409196217869,False,False
"ID(pcdiamag3)|PROD(fs03da,cerqtit11)|PROD(ip,prmtan_neped)|PROD(pinj,ece36)|PROD(prmtan_neped,ece39)|RATE_OVER_LEVEL(gasc|ip)|RATIO(ece25,ece39)|RATIO(fs03da,prmtan_neped)|RATIO(ip,ece22)|RATIO(pinj,bt)|RECIP(bt)|RECIP(cerqtit10)",12,0.1762658912067612,0.22262610569596292,A,0.2038590714335443,False,False
"ID(pcdiamag3)|PROD(fs03da,cerqtit11)|PROD(gasa,ece1)|PROD(ip,prmtan_neped)|PROD(pinj,cerqrott6)|PROD(prmtan_neped,ece39)|RATIO(ece25,ece39)|RATIO(fs03da,prmtan_neped)|RATIO(gasc,cerqtit10)|RATIO(ip,ece22)|RECIP(bt)|RECIP(cerqtit10)",12,0.1737551549449563,0.2227412134408951,A,0.202599738786618,False,False
"ID(pcdiamag3)|PROD(fs03da,cerqtit11)|PROD(gasa,ece1)|PROD(ip,prmtan_neped)|PROD(pinj,cerqrott6)|PROD(prmtan_neped,ece39)|RATE_OVER_LEVEL(gasa|prmtan_neped)|RATIO(ece25,ece39)|RATIO(fs03da,prmtan_neped)|RATIO(ip,ece22)|RECIP(bt)|RECIP(cerqtit10)",12,0.17350115925073623,0.22274435684084892,A,0.20400786772370344,False,False
"ID(pcdiamag3)|PROD(fs03da,cerqtit11)|PROD(gasa,ece1)|PROD(ip,prmtan_neped)|PROD(pinj,cerqrott6)|PROD(prmtan_neped,ece39)|PROD(prmtan_neped,gasc)|RATIO(ece25,ece39)|RATIO(fs03da,prmtan_neped)|RATIO(ip,ece22)|RECIP(bt)|RECIP(cerqtit10)",12,0.1733138389264544,0.22274795677512885,A,0.20247672398885097,False,False
"ID(pcdiamag3)|PROD(ece37,ece39)|PROD(gasa,ece1)|PROD(ip,prmtan_neped)|PROD(pinj,cerqrott6)|PROD(prmtan_neped,ece39)|PROD(prmtan_neped,prmtan_neped)|RATE_OVER_LEVEL(cerqrott3|ece1)|RATIO(fs03da,prmtan_neped)|RATIO(gasa,ece6)|RATIO(ip,bt)|RATIO(ip,ece22)",12,0.1736923284207781,0.22278245054185392,A,0.2754202480117481,False,False
"ID(pcdiamag3)|PROD(fs03da,cerqtit11)|PROD(gasa,ece1)|PROD(ip,prmtan_neped)|PROD(prmtan_neped,ece39)|RATIO(ece25,ece39)|RATIO(fs03da,prmtan_neped)|RATIO(ip,ece22)|RATIO(pinj_33r,cerqtit10)|RATIO(prmtan_teped,prmtan_neped)|RECIP(bt)|RECIP(cerqtit10)",12,0.17524793054908513,0.22285232096910476,A,0.19619135508934665,False,False
"ID(pcdiamag3)|PROD(fs03da,cerqtit11)|PROD(gasa,ece1)|PROD(ip,prmtan_neped)|PROD(pinj,cerqrott6)|PROD(prmtan_neped,ece39)|RATE_OVER_LEVEL(cerqrott3|ece1)|RATIO(ece25,ece39)|RATIO(fs03da,prmtan_neped)|RATIO(ip,ece22)|RECIP(bt)|RECIP(cerqtit10)",12,0.1740202751631538,0.22285295315086842,A,0.20786144683758423,False,False
"ID(pcdiamag3)|LEVEL_RATE(cerqrott12|cerqtit8)|PROD(fs03da,cerqtit11)|PROD(ip,prmtan_neped)|PROD(pinj,ece36)|PROD(prmtan_neped,ece39)|RATIO(ece25,ece39)|RATIO(fs03da,prmtan_neped)|RATIO(ip,ece22)|RATIO(pinj,bt)|RECIP(bt)|RECIP(cerqtit10)",12,0.17609311062842609,0.22285398617386817,A,0.2106078937649728,False,False
"ID(pcdiamag3)|ID(pinj)|LEVEL_RATE(cerqrott12|cerqtit8)|PROD(fs03da,cerqtit11)|PROD(ip,prmtan_neped)|PROD(pinj,ece36)|PROD(prmtan_neped,ece39)|RATIO(ece25,ece39)|RATIO(fs03da,prmtan_neped)|RATIO(ip,ece22)|RECIP(bt)|RECIP(cerqtit10)",12,0.17611937659482163,0.2228627312928438,A,0.21063069626688968,False,False
"ID(pcdiamag3)|LEVEL_RATE(fs03da|cerqrott6)|PROD(ece37,ece39)|PROD(gasa,ece1)|PROD(ip,prmtan_neped)|PROD(pinj,cerqrott6)|PROD(prmtan_neped,ece39)|PROD(prmtan_neped,prmtan_neped)|RATIO(fs03da,prmtan_neped)|RATIO(gasa,ece6)|RATIO(ip,bt)|RATIO(ip,ece22)",12,0.1745777209599813,0.22287361845374107,A,0.2802599584062894,False,False
"ID(pcdiamag3)|PROD(fs03da,cerqtit11)|PROD(gasa,ece1)|PROD(ip,prmtan_neped)|PROD(prmtan_neped,ece39)|RATE_OVER_LEVEL(ip|ece1)|RATIO(ece25,ece39)|RATIO(fs03da,prmtan_neped)|RATIO(ip,ece22)|RATIO(prmtan_neped,bt)|RECIP(bt)|RECIP(cerqtit10)",12,0.17427549175918103,0.22287459298968315,A,0.19225134626030932,False,False
"ID(pcdiamag3)|PROD(fs03da,cerqtit11)|PROD(gasa,ece1)|PROD(ip,prmtan_neped)|PROD(pinj,cerqrott6)|PROD(prmtan_neped,ece39)|RATE_OVER_LEVEL(pinj_33r|ece39)|RATIO(ece25,ece39)|RATIO(fs03da,prmtan_neped)|RATIO(ip,ece22)|RECIP(bt)|RECIP(cerqtit10)",12,0.17372446997712054,0.22291074618697165,A,0.2012864088018736,False,False
"ID(pcdiamag3)|PROD(fs03da,cerqtit11)|PROD(gasa,ece1)|PROD(ip,prmtan_neped)|PROD(pinj,cerqrott6)|PROD(prmtan_neped,ece39)|RATE_OVER_LEVEL(gasa|ece39)|RATIO(ece25,ece39)|RATIO(fs03da,prmtan_neped)|RATIO(ip,ece22)|RECIP(bt)|RECIP(cerqtit10)",12,0.1736086055636406,0.2229172695428133,A,0.20410482560594884,False,False
"ID(pcdiamag3)|LEVEL_RATE(gasa|ip)|PROD(fs03da,cerqtit11)|PROD(gasa,ece1)|PROD(ip,prmtan_neped)|PROD(prmtan_neped,ece39)|RATIO(ece25,ece39)|RATIO(fs03da,prmtan_neped)|RATIO(ip,ece22)|RATIO(prmtan_neped,bt)|RECIP(bt)|RECIP(cerqtit10)",12,0.174425614438951,0.22291897572577,A,0.1979188342889151,False,False
"ID(pcdiamag3)|PROD(fs03da,cerqtit11)|PROD(gasa,ece1)|PROD(ip,prmtan_neped)|PROD(prmtan_neped,ece39)|RATE_OVER_LEVEL(ip|cerqtit10)|RATIO(ece25,ece39)|RATIO(fs03da,prmtan_neped)|RATIO(ip,ece22)|RATIO(prmtan_neped,bt)|RECIP(bt)|RECIP(cerqtit10)",12,0.17447183939317862,0.22292291671037673,A,0.19596540008982033,False,False
"ID(pcdiamag3)|PROD(fs03da,cerqtit11)|PROD(gasa,ece1)|PROD(ip,prmtan_neped)|PROD(prmtan_neped,ece39)|RATE_OVER_LEVEL(ip|ip)|RATIO(ece25,ece39)|RATIO(fs03da,prmtan_neped)|RATIO(ip,ece22)|RATIO(prmtan_teped,prmtan_neped)|RECIP(bt)|RECIP(cerqtit10)",12,0.17507859046260515,0.22293014228343963,A,0.20116804937521626,False,False
"ID(pcdiamag3)|LEVEL_RATE(pinj_33r|ip)|PROD(fs03da,cerqtit11)|PROD(gasa,ece1)|PROD(ip,prmtan_neped)|PROD(prmtan_neped,ece39)|RATIO(ece25,ece39)|RATIO(fs03da,prmtan_neped)|RATIO(ip,ece22)|RATIO(prmtan_neped,bt)|RECIP(bt)|RECIP(cerqtit10)",12,0.17430002099523942,0.2229588646441698,A,0.19560869261622438,False,False
"ID(pcdiamag3)|ID(prmtan_neped)|PROD(fs03da,cerqtit11)|PROD(gasa,ece1)|PROD(ip,prmtan_neped)|PROD(prmtan_neped,ece39)|RATE_OVER_LEVEL(ip|ece1)|RATIO(ece25,ece39)|RATIO(fs03da,prmtan_neped)|RATIO(ip,ece22)|RECIP(bt)|RECIP(cerqtit10)",12,0.17412733199695746,0.22297329306602479,A,0.19330405866106362,False,False
"ID(pcdiamag3)|ID(prmtan_neped)|LEVEL_RATE(gasa|ip)|PROD(fs03da,cerqtit11)|PROD(gasa,ece1)|PROD(ip,prmtan_neped)|PROD(prmtan_neped,ece39)|RATIO(ece25,ece39)|RATIO(fs03da,prmtan_neped)|RATIO(ip,ece22)|RECIP(bt)|RECIP(cerqtit10)",12,0.1742604756106933,0.22297558803111314,A,0.19881943787137676,False,False
"ID(pcdiamag3)|PROD(fs03da,cerqtit11)|PROD(gasa,ece1)|PROD(ip,prmtan_neped)|PROD(pinj,cerqrott6)|PROD(prmtan_neped,ece39)|RATE_OVER_LEVEL(pinj_33r|cerqtit3)|RATIO(ece25,ece39)|RATIO(fs03da,prmtan_neped)|RATIO(ip,ece22)|RECIP(bt)|RECIP(cerqtit10)",12,0.17382037856926522,0.22297756932675838,A,0.20114555706580486,False,False
"ID(pcdiamag3)|ID(prmtan_neped)|PROD(fs03da,cerqtit11)|PROD(gasa,ece1)|PROD(ip,prmtan_neped)|PROD(prmtan_neped,ece39)|RATE_OVER_LEVEL(ip|cerqtit10)|RATIO(ece25,ece39)|RATIO(fs03da,prmtan_neped)|RATIO(ip,ece22)|RECIP(bt)|RECIP(cerqtit10)",12,0.1743217060342431,0.22301150299608707,A,0.1968899553020796,False,False
"ID(pcdiamag3)|ID(prmtan_neped)|LEVEL_RATE(pinj_33r|ip)|PROD(fs03da,cerqtit11)|PROD(gasa,ece1)|PROD(ip,prmtan_neped)|PROD(prmtan_neped,ece39)|RATIO(ece25,ece39)|RATIO(fs03da,prmtan_neped)|RATIO(ip,ece22)|RECIP(bt)|RECIP(cerqtit10)",12,0.1741296545912822,0.2230153989046812,A,0.19659400482972472,False,False
"ID(pcdiamag3)|LEVEL_RATE(cerqrott12|ip)|PROD(fs03da,cerqtit11)|PROD(gasa,ece1)|PROD(ip,prmtan_neped)|PROD(prmtan_neped,ece39)|RATIO(ece25,ece39)|RATIO(fs03da,prmtan_neped)|RATIO(ip,ece22)|RATIO(prmtan_teped,prmtan_neped)|RECIP(bt)|RECIP(cerqtit10)",12,0.1754918004075686,0.22302952520549296,A,0.20255297794938096,False,False
"ID(pcdiamag3)|PROD(fs03da,cerqtit11)|PROD(gasa,ece1)|PROD(ip,prmtan_neped)|PROD(pinj,cerqrott6)|PROD(prmtan_neped,ece39)|RATE_OVER_LEVEL(pinj_33r|prmtan_neped)|RATIO(ece25,ece39)|RATIO(fs03da,prmtan_neped)|RATIO(ip,ece22)|RECIP(bt)|RECIP(cerqtit10)",12,0.17377975210547447,0.2230426650494337,A,0.2016364249090354,False,False
"ID(pcdiamag3)|PROD(fs03da,cerqtit11)|PROD(gasa,ece1)|PROD(ip,prmtan_neped)|PROD(pinj,cerqrott6)|PROD(prmtan_neped,ece39)|RATIO(ece25,ece39)|RATIO(fs03da,prmtan_neped)|RATIO(ip,ece22)|RECIP(bt)|RECIP(cerqtit10)|RECIP(cerqtit11)",12,0.17271503346661726,0.22305421959608793,A,0.20962586974104253,False,False
"ID(pcdiamag3)|PROD(ece37,ece39)|PROD(gasa,ece1)|PROD(ip,prmtan_neped)|PROD(pinj,cerqrott6)|PROD(prmtan_neped,ece39)|PROD(prmtan_neped,prmtan_neped)|RATIO(cerqtit8,ip)|RATIO(fs03da,prmtan_neped)|RATIO(gasa,ece6)|RATIO(ip,bt)|RATIO(ip,ece22)",12,0.1761813212186098,0.22306190580129623,A,0.27767772674560554,False,False
"DOT(ip)|ID(pcdiamag3)|PROD(fs03da,cerqtit11)|PROD(gasa,ece1)|PROD(ip,prmtan_neped)|PROD(prmtan_neped,ece39)|RATIO(ece25,ece39)|RATIO(fs03da,prmtan_neped)|RATIO(ip,ece22)|RATIO(prmtan_teped,prmtan_neped)|RECIP(bt)|RECIP(cerqtit10)",12,0.1751698632414142,0.22313357926905156,A,0.20124627302090334,False,False
"ID(pcdiamag3)|LEVEL_RATE(bt|ip)|PROD(fs03da,cerqtit11)|PROD(gasa,ece1)|PROD(ip,prmtan_neped)|PROD(prmtan_neped,ece39)|RATIO(ece25,ece39)|RATIO(fs03da,prmtan_neped)|RATIO(ip,ece22)|RATIO(prmtan_teped,prmtan_neped)|RECIP(bt)|RECIP(cerqtit10)",12,0.175171666406095,0.22313669919967652,A,0.20124921177824345,False,False
"ID(pcdiamag3)|LEVEL_RATE(ece16|ip)|PROD(fs03da,cerqtit11)|PROD(gasa,ece1)|PROD(ip,prmtan_neped)|PROD(prmtan_neped,ece39)|RATIO(ece25,ece39)|RATIO(fs03da,prmtan_neped)|RATIO(ip,ece22)|RATIO(prmtan_teped,prmtan_neped)|RECIP(bt)|RECIP(cerqtit10)",12,0.17521389269580445,0.2231884703040123,A,0.20178503890832275,False,False
"ID(pcdiamag3)|LEVEL_RATE(prmtan_neped|ip)|PROD(fs03da,cerqtit11)|PROD(gasa,ece1)|PROD(ip,prmtan_neped)|PROD(pinj,cerqrott6)|PROD(prmtan_neped,ece39)|RATIO(ece25,ece39)|RATIO(fs03da,prmtan_neped)|RATIO(ip,ece22)|RECIP(bt)|RECIP(cerqtit10)",12,0.1737789113695423,0.2232056375592947,A,0.19991300379236546,False,False
"ID(pcdiamag3)|LEVEL_RATE(gasa|ece25)|PROD(ece37,ece39)|PROD(gasa,ece1)|PROD(ip,prmtan_neped)|PROD(pinj,cerqrott6)|PROD(prmtan_neped,ece39)|PROD(prmtan_neped,prmtan_neped)|RATIO(fs03da,prmtan_neped)|RATIO(gasa,ece6)|RATIO(ip,bt)|RATIO(ip,ece22)",12,0.17488157556702694,0.22321995943784714,A,0.30430469761292145,False,False
"ID(pcdiamag3)|PROD(fs03da,cerqtit11)|PROD(gasa,ece1)|PROD(ip,prmtan_neped)|PROD(pinj,cerqrott6)|PROD(prmtan_neped,ece39)|RATE_OVER_LEVEL(pinj_33r|ip)|RATIO(ece25,ece39)|RATIO(fs03da,prmtan_neped)|RATIO(ip,ece22)|RECIP(bt)|RECIP(cerqtit10)",12,0.17381602469831706,0.22323958203196526,A,0.2013614140450955,False,False
"DOT(pinj_33r)|ID(pcdiamag3)|PROD(fs03da,cerqtit11)|PROD(gasa,ece1)|PROD(ip,prmtan_neped)|PROD(pinj,cerqrott6)|PROD(prmtan_neped,ece39)|RATIO(ece25,ece39)|RATIO(fs03da,prmtan_neped)|RATIO(ip,ece22)|RECIP(bt)|RECIP(cerqtit10)",12,0.17382707403351866,0.22327227517962456,A,0.20136922250191377,False,False
"ID(pcdiamag3)|LEVEL_RATE(bt|pinj_33r)|PROD(fs03da,cerqtit11)|PROD(gasa,ece1)|PROD(ip,prmtan_neped)|PROD(pinj,cerqrott6)|PROD(prmtan_neped,ece39)|RATIO(ece25,ece39)|RATIO(fs03da,prmtan_neped)|RATIO(ip,ece22)|RECIP(bt)|RECIP(cerqtit10)",12,0.17382796990374724,0.22327374145388604,A,0.2013720743358136,False,False
"ID(pcdiamag3)|PROD(fs03da,cerqtit11)|PROD(gasa,ece1)|PROD(ip,prmtan_neped)|PROD(pinj,cerqrott6)|PROD(prmtan_neped,ece39)|RATE_OVER_LEVEL(gasc|ip)|RATIO(ece25,ece39)|RATIO(fs03da,prmtan_neped)|RATIO(ip,ece22)|RECIP(bt)|RECIP(cerqtit10)",12,0.1739082730685671,0.22336964160203934,A,0.20315383623043703,False,False
"ID(pcdiamag3)|PROD(fs03da,cerqtit11)|PROD(gasa,ece1)|PROD(ip,prmtan_neped)|PROD(pinj,cerqrott6)|PROD(prmtan_neped,ece39)|RATE_OVER_LEVEL(gasa|cerqtit3)|RATIO(ece25,ece39)|RATIO(fs03da,prmtan_neped)|RATIO(ip,ece22)|RECIP(bt)|RECIP(cerqtit10)",12,0.17382212610294423,0.2233728151768446,A,0.2049543482561907,False,False
"ID(pcdiamag3)|PROD(fs03da,cerqtit11)|PROD(ip,prmtan_neped)|PROD(pinj,ece36)|PROD(prmtan_neped,ece39)|RATIO(ece25,ece39)|RATIO(fs03da,prmtan_neped)|RATIO(ip,ece22)|RATIO(pinj,bt)|RATIO(prmtan_teped,prmtan_neped)|RECIP(bt)|RECIP(cerqtit10)",12,0.1760768786072731,0.2234058752655983,A,0.20356949071089442,False,False
"ID(pcdiamag3)|LEVEL_RATE(cerqrott12|pinj_15l)|PROD(fs03da,cerqtit11)|PROD(gasa,ece1)|PROD(ip,prmtan_neped)|PROD(pinj,cerqrott6)|PROD(prmtan_neped,ece39)|RATIO(ece25,ece39)|RATIO(fs03da,prmtan_neped)|RATIO(ip,ece22)|RECIP(bt)|RECIP(cerqtit10)",12,0.17400762780259052,0.22341822274029255,A,0.2020830926795801,False,False
"ID(pcdiamag3)|LEVEL_RATE(pinj_15l|pinj_15l)|PROD(fs03da,cerqtit11)|PROD(gasa,ece1)|PROD(ip,prmtan_neped)|PROD(pinj,cerqrott6)|PROD(prmtan_neped,ece39)|RATIO(ece25,ece39)|RATIO(fs03da,prmtan_neped)|RATIO(ip,ece22)|RECIP(bt)|RECIP(cerqtit10)",12,0.17398544667909543,0.2234210517257452,A,0.20210060452421513,False,False
"ID(pcdiamag3)|ID(pinj)|PROD(fs03da,cerqtit11)|PROD(ip,prmtan_neped)|PROD(pinj,ece36)|PROD(prmtan_neped,ece39)|RATIO(ece25,ece39)|RATIO(fs03da,prmtan_neped)|RATIO(ip,ece22)|RATIO(prmtan_teped,prmtan_neped)|RECIP(bt)|RECIP(cerqtit10)",12,0.1761129834378759,0.22342349365353584,A,0.2035252188642821,False,False
"ID(pcdiamag3)|LEVEL_RATE(ece14|pinj_33r)|PROD(fs03da,cerqtit11)|PROD(gasa,ece1)|PROD(ip,prmtan_neped)|PROD(pinj,cerqrott6)|PROD(prmtan_neped,ece39)|RATIO(ece25,ece39)|RATIO(fs03da,prmtan_neped)|RATIO(ip,ece22)|RECIP(bt)|RECIP(cerqtit10)",12,0.17386242964615425,0.22343021333217622,A,0.20142770980795233,False,False
"ID(pcdiamag3)|LEVEL_RATE(cerqrott12|cerqtit8)|PROD(ece37,ece39)|PROD(fs03da,cerqtit11)|PROD(gasa,gasa)|PROD(ip,prmtan_neped)|PROD(prmtan_neped,ece39)|RATIO(ece25,ece39)|RATIO(ece39,bt)|RATIO(ip,ece22)|RATIO(prmtan_neped,bt)|RECIP(ece39)",12,0.17605641440798842,0.22343306113034486,A,0.22254498203595482,False,False
"ID(pcdiamag3)|LEVEL_RATE(cerqrott12|gasa)|PROD(fs03da,cerqtit11)|PROD(ip,prmtan_neped)|PROD(pinj,ece36)|PROD(prmtan_neped,ece39)|RATIO(ece25,ece39)|RATIO(fs03da,prmtan_neped)|RATIO(ip,ece22)|RATIO(pinj,bt)|RECIP(bt)|RECIP(cerqtit10)",12,0.17604230834792056,0.2234408874064684,A,0.20297144701083514,False,False
"ID(pcdiamag3)|PROD(fs03da,cerqtit11)|PROD(gasa,ece1)|PROD(ip,prmtan_neped)|PROD(pinj,cerqrott6)|PROD(prmtan_neped,ece39)|RATIO(ece25,ece39)|RATIO(fs03da,prmtan_neped)|RATIO(ip,ece22)|RECIP(bt)|RECIP(cerqtit10)",11,0.17389053143560887,0.22345481924712657,A,0.2025215777258079,False,False
"ID(pcdiamag3)|PROD(fs03da,cerqtit11)|PROD(gasa,ece1)|PROD(ip,prmtan_neped)|PROD(pinj,cerqrott6)|PROD(prmtan_neped,ece39)|RATE_OVER_LEVEL(cerqrott3|ip)|RATIO(ece25,ece39)|RATIO(fs03da,prmtan_neped)|RATIO(ip,ece22)|RECIP(bt)|RECIP(cerqtit10)",12,0.17386076059192418,0.22345953322947026,A,0.21810016458233203,False,False
"ID(bt)|ID(pcdiamag3)|PROD(fs03da,cerqtit11)|PROD(gasa,ece1)|PROD(ip,prmtan_neped)|PROD(pinj,cerqrott6)|PROD(prmtan_neped,ece39)|RATIO(ece25,ece39)|RATIO(fs03da,prmtan_neped)|RATIO(ip,ece22)|RECIP(cerqtit10)",11,0.1739230690523982,0.22346965223550797,A,0.20273860817154254,False,False
"ID(pcdiamag3)|ID(pinj)|LEVEL_RATE(cerqrott12|gasa)|PROD(fs03da,cerqtit11)|PROD(ip,prmtan_neped)|PROD(pinj,ece36)|PROD(prmtan_neped,ece39)|RATIO(ece25,ece39)|RATIO(fs03da,prmtan_neped)|RATIO(ip,ece22)|RECIP(bt)|RECIP(cerqtit10)",12,0.1760833396265904,0.22347522377967835,A,0.20290308048327776,False,False
"ID(pcdiamag3)|PROD(bt,bt)|PROD(fs03da,cerqtit11)|PROD(gasa,ece1)|PROD(ip,prmtan_neped)|PROD(pinj,cerqrott6)|PROD(prmtan_neped,ece39)|RATIO(ece25,ece39)|RATIO(fs03da,prmtan_neped)|RATIO(ip,ece22)|RECIP(cerqtit10)",11,0.17393958133955795,0.22347726598381995,A,0.20284997994701076,False,False
"ID(pcdiamag3)|LEVEL_RATE(gasa|cerqrott3)|PROD(fs03da,cerqtit11)|PROD(gasa,ece1)|PROD(ip,prmtan_neped)|PROD(prmtan_neped,ece39)|RATIO(ece25,ece39)|RATIO(fs03da,prmtan_neped)|RATIO(ip,ece22)|RATIO(prmtan_teped,prmtan_neped)|RECIP(bt)|RECIP(cerqtit10)",12,0.17495551872998474,0.22351941652595997,A,0.20621595084667213,False,False
"ID(pcdiamag3)|PROD(fs03da,cerqtit11)|PROD(gasa,ece1)|PROD(ip,prmtan_neped)|PROD(prmtan_neped,ece39)|RATE_OVER_LEVEL(ip|prmtan_neped)|RATIO(ece25,ece39)|RATIO(fs03da,prmtan_neped)|RATIO(ip,ece22)|RATIO(prmtan_neped,bt)|RECIP(bt)|RECIP(cerqtit10)",12,0.1746284779161215,0.22352257408201695,A,0.1968564160168172,False,False
"ID(pcdiamag3)|LEVEL_RATE(gasa|pinj_33r)|PROD(fs03da,cerqtit11)|PROD(gasa,ece1)|PROD(ip,prmtan_neped)|PROD(pinj,cerqrott6)|PROD(prmtan_neped,ece39)|RATIO(ece25,ece39)|RATIO(fs03da,prmtan_neped)|RATIO(ip,ece22)|RECIP(bt)|RECIP(cerqtit10)",12,0.1740394739434123,0.22352466844022273,A,0.20250732749700553,False,False
"ID(pcdiamag3)|PROD(fs03da,cerqtit11)|PROD(gasa,ece1)|PROD(ip,prmtan_neped)|PROD(prmtan_neped,ece39)|RATE_OVER_LEVEL(gasa|prmtan_neped)|RATIO(ece25,ece39)|RATIO(fs03da,prmtan_neped)|RATIO(ip,ece22)|RATIO(prmtan_teped,prmtan_neped)|RECIP(bt)|RECIP(cerqtit10)",12,0.17474498680482306,0.2235330544412136,A,0.20398275007804242,False,False
"DOT(gasc)|ID(pcdiamag3)|PROD(fs03da,cerqtit11)|PROD(gasa,ece1)|PROD(ip,prmtan_neped)|PROD(pinj,cerqrott6)|PROD(prmtan_neped,ece39)|RATIO(ece25,ece39)|RATIO(fs03da,prmtan_neped)|RATIO(ip,ece22)|RECIP(bt)|RECIP(cerqtit10)",12,0.17397767050812643,0.22355570942163466,A,0.20315213700135554,False,False
"ID(pcdiamag3)|LEVEL_RATE(bt|gasc)|PROD(fs03da,cerqtit11)|PROD(gasa,ece1)|PROD(ip,prmtan_neped)|PROD(pinj,cerqrott6)|PROD(prmtan_neped,ece39)|RATIO(ece25,ece39)|RATIO(fs03da,prmtan_neped)|RATIO(ip,ece22)|RECIP(bt)|RECIP(cerqtit10)",12,0.17397905501226585,0.22355763129889966,A,0.20315409774581597,False,False
"DOT(cerqrott3)|ID(pcdiamag3)|PROD(fs03da,cerqtit11)|PROD(gasa,ece1)|PROD(ip,prmtan_neped)|PROD(pinj,cerqrott6)|PROD(prmtan_neped,ece39)|RATIO(ece25,ece39)|RATIO(fs03da,prmtan_neped)|RATIO(ip,ece22)|RECIP(bt)|RECIP(cerqtit10)",12,0.17396603282541034,0.22356638237833976,A,0.21817114353179934,False,False
"ID(pcdiamag3)|LEVEL_RATE(bt|cerqrott3)|PROD(fs03da,cerqtit11)|PROD(gasa,ece1)|PROD(ip,prmtan_neped)|PROD(pinj,cerqrott6)|PROD(prmtan_neped,ece39)|RATIO(ece25,ece39)|RATIO(fs03da,prmtan_neped)|RATIO(ip,ece22)|RECIP(bt)|RECIP(cerqtit10)",12,0.17397410037616892,0.22357340715825558,A,0.2181838082770507,False,False
"ID(pcdiamag3)|LEVEL_RATE(pinj_30r|cerqrott3)|PROD(ece37,ece39)|PROD(gasa,ece1)|PROD(ip,prmtan_neped)|PROD(pinj,cerqrott6)|PROD(prmtan_neped,ece39)|PROD(prmtan_neped,prmtan_neped)|RATIO(fs03da,prmtan_neped)|RATIO(gasa,ece6)|RATIO(ip,bt)|RATIO(ip,ece22)",12,0.174286364701887,0.2235981147736311,A,0.2809421204030514,False,False
"ID(pcdiamag3)|ID(prmtan_neped)|PROD(fs03da,cerqtit11)|PROD(gasa,ece1)|PROD(ip,prmtan_neped)|PROD(prmtan_neped,ece39)|RATE_OVER_LEVEL(ip|prmtan_neped)|RATIO(ece25,ece39)|RATIO(fs03da,prmtan_neped)|RATIO(ip,ece22)|RECIP(bt)|RECIP(cerqtit10)",12,0.1744764856994152,0.22361066974699498,A,0.19781091064214715,False,False
"ID(pcdiamag3)|PROD(fs03da,cerqtit11)|PROD(gasa,ece1)|PROD(ip,prmtan_neped)|PROD(prmtan_neped,ece39)|RATIO(ece25,ece39)|RATIO(fs03da,prmtan_neped)|RATIO(ip,ece22)|RATIO(prmtan_neped,bt)|RECIP(bt)|RECIP(cerqtit10)|RECIP(cerqtit11)",12,0.17371530508001645,0.22365555707365276,A,0.20136088083187748,False,False
"ID(pcdiamag3)|PROD(ece37,ece39)|PROD(gasa,ece1)|PROD(ip,prmtan_neped)|PROD(pinj,cerqrott6)|PROD(prmtan_neped,ece39)|PROD(prmtan_neped,prmtan_neped)|RATE_OVER_LEVEL(cerqrott3|cerqtit10)|RATIO(fs03da,prmtan_neped)|RATIO(gasa,ece6)|RATIO(ip,bt)|RATIO(ip,ece22)",12,0.17404835193107526,0.22366948686540128,A,0.28952728559573493,False,False
"ID(pcdiamag3)|PROD(fs03da,cerqtit11)|PROD(gasa,ece1)|PROD(ip,prmtan_neped)|PROD(pinj,cerqrott6)|PROD(prmtan_neped,ece39)|RATIO(ece25,ece39)|RATIO(fs03da,prmtan_neped)|RATIO(ip,ece22)|RATIO(prmtan_teped,prmtan_neped)|RECIP(bt)|RECIP(cerqtit10)",12,0.173646796370546,0.22367631196975707,A,0.20234602565566706,False,False
"ID(pcdiamag3)|LEVEL_RATE(fs03da|gasd)|PROD(fs03da,cerqtit11)|PROD(gasa,ece1)|PROD(ip,prmtan_neped)|PROD(pinj,cerqrott6)|PROD(prmtan_neped,ece39)|RATIO(ece25,ece39)|RATIO(fs03da,prmtan_neped)|RATIO(ip,ece22)|RECIP(bt)|RECIP(cerqtit10)",12,0.174134946304063,0.22371538504958152,A,0.20154005065560346,False,False
"ID(pcdiamag3)|PROD(fs03da,cerqtit11)|PROD(gasa,ece1)|PROD(ip,prmtan_neped)|PROD(prmtan_neped,ece39)|RATE_OVER_LEVEL(ece37|cerqtit10)|RATIO(ece25,ece39)|RATIO(fs03da,prmtan_neped)|RATIO(ip,ece22)|RATIO(prmtan_neped,bt)|RECIP(bt)|RECIP(cerqtit10)",12,0.17586299839119118,0.22372147105634213,A,0.19839276497562733,False,False
"ID(pcdiamag3)|PROD(fs03da,cerqtit11)|PROD(ip,prmtan_neped)|PROD(pinj,ece36)|PROD(prmtan_neped,ece39)|RATIO(ece25,ece39)|RATIO(fs03da,prmtan_neped)|RATIO(ip,ece22)|RATIO(pinj,bt)|RATIO(pinj,ip)|RECIP(bt)|RECIP(cerqtit10)",12,0.17617443433652322,0.22372248135507106,A,0.20264277632037808,False,False
"ID(pcdiamag3)|LEVEL_RATE(prmtan_teped|pinj_15l)|PROD(fs03da,cerqtit11)|PROD(gasa,ece1)|PROD(ip,prmtan_neped)|PROD(pinj,cerqrott6)|PROD(prmtan_neped,ece39)|RATIO(ece25,ece39)|RATIO(fs03da,prmtan_neped)|RATIO(ip,ece22)|RECIP(bt)|RECIP(cerqtit10)",12,0.1742014016956091,0.2237340070307255,A,0.20250393673777586,False,False
"ID(pcdiamag3)|ID(prmtan_neped)|PROD(fs03da,cerqtit11)|PROD(gasa,ece1)|PROD(ip,prmtan_neped)|PROD(prmtan_neped,ece39)|RATE_OVER_LEVEL(ece37|cerqtit10)|RATIO(ece25,ece39)|RATIO(fs03da,prmtan_neped)|RATIO(ip,ece22)|RECIP(bt)|RECIP(cerqtit10)",12,0.17568894326686857,0.22377025820314883,A,0.19951383794347455,False,False
"ID(pcdiamag3)|LEVEL_RATE(prmtan_neped|gasc)|PROD(fs03da,cerqtit11)|PROD(gasa,ece1)|PROD(ip,prmtan_neped)|PROD(pinj,cerqrott6)|PROD(prmtan_neped,ece39)|RATIO(ece25,ece39)|RATIO(fs03da,prmtan_neped)|RATIO(ip,ece22)|RECIP(bt)|RECIP(cerqtit10)",12,0.17410566558440527,0.2238015752285719,A,0.20311082278688755,False,False
"ID(pcdiamag3)|PROD(fs03da,cerqtit11)|PROD(gasa,ece1)|PROD(ip,prmtan_neped)|PROD(prmtan_neped,ece39)|RATE_OVER_LEVEL(gasa|ece39)|RATIO(ece25,ece39)|RATIO(fs03da,prmtan_neped)|RATIO(ip,ece22)|RATIO(prmtan_teped,prmtan_neped)|RECIP(bt)|RECIP(cerqtit10)",12,0.17489850092679263,0.22382957190275193,A,0.2041811625162761,False,False
"ID(pcdiamag3)|LEVEL_RATE(fs03da|ece1)|PROD(fs03da,cerqtit11)|PROD(gasa,ece1)|PROD(ip,prmtan_neped)|PROD(pinj,cerqrott6)|PROD(prmtan_neped,ece39)|RATIO(ece25,ece39)|RATIO(fs03da,prmtan_neped)|RATIO(ip,ece22)|RECIP(bt)|RECIP(cerqtit10)",12,0.17435414493083953,0.22387255374342202,A,0.202616984397173,False,False
"ID(pcdiamag3)|ID(prmtan_neped)|PROD(fs03da,cerqtit11)|PROD(gasa,ece1)|PROD(ip,prmtan_neped)|PROD(prmtan_neped,ece39)|RATIO(ece25,ece39)|RATIO(fs03da,prmtan_neped)|RATIO(ip,ece22)|RECIP(bt)|RECIP(cerqtit10)|RECIP(cerqtit11)",12,0.17363709006458522,0.2238938570022583,A,0.2025666110217572,False,False
"ID(pcdiamag3)|PROD(fs03da,cerqtit11)|PROD(gasa,ece1)|PROD(ip,prmtan_neped)|PROD(pinj,cerqrott6)|PROD(prmtan_neped,ece39)|RATIO(ece25,ece39)|RATIO(fs03da,prmtan_neped)|RATIO(ip,ece22)|RATIO(prmtan_neped,bt)|RECIP(bt)|RECIP(cerqtit10)",12,0.17233073816945157,0.22389896530658007,A,0.19807245110472052,False,False
"ID(pcdiamag3)|PROD(ece37,ece39)|PROD(fs03da,cerqtit11)|PROD(gasa,ece1)|PROD(ip,prmtan_neped)|PROD(prmtan_neped,ece39)|RATIO(ece25,ece39)|RATIO(fs03da,prmtan_neped)|RATIO(ip,ece22)|RATIO(prmtan_teped,prmtan_neped)|RECIP(bt)|RECIP(cerqtit10)",12,0.1757391276458899,0.22397685572504997,A,0.21449747855464618,False,False
"ID(pcdiamag3)|PROD(ece37,ece39)|PROD(gasa,ece1)|PROD(gasc,pinj)|PROD(ip,prmtan_neped)|PROD(pinj,cerqrott6)|PROD(prmtan_neped,ece39)|PROD(prmtan_neped,prmtan_neped)|RATIO(fs03da,prmtan_neped)|RATIO(gasa,ece6)|RATIO(ip,bt)|RATIO(ip,ece22)",12,0.17601652337859072,0.22398905493319035,A,0.24679243365923584,False,False
"ID(pcdiamag3)|LEVEL_RATE(pinj|gasc)|PROD(fs03da,cerqtit11)|PROD(gasa,ece1)|PROD(ip,prmtan_neped)|PROD(pinj,cerqrott6)|PROD(prmtan_neped,ece39)|RATIO(ece25,ece39)|RATIO(fs03da,prmtan_neped)|RATIO(ip,ece22)|RECIP(bt)|RECIP(cerqtit10)",12,0.17416747187574705,0.224003079906106,A,0.20320295815666525,False,False
"ID(pcdiamag3)|PROD(fs03da,cerqtit11)|PROD(gasa,ece1)|PROD(ip,prmtan_neped)|PROD(prmtan_neped,ece39)|RATE_OVER_LEVEL(cerqrott3|cerqtit10)|RATIO(ece25,ece39)|RATIO(fs03da,prmtan_neped)|RATIO(ip,ece22)|RATIO(prmtan_teped,prmtan_neped)|RECIP(bt)|RECIP(cerqtit10)",12,0.17556468714028597,0.22402174733579158,A,0.20421623637278882,False,False
"ID(pcdiamag3)|ID(prmtan_neped)|PROD(fs03da,cerqtit11)|PROD(gasa,ece1)|PROD(ip,prmtan_neped)|PROD(pinj,cerqrott6)|PROD(prmtan_neped,ece39)|RATIO(ece25,ece39)|RATIO(fs03da,prmtan_neped)|RATIO(ip,ece22)|RECIP(bt)|RECIP(cerqtit10)",12,0.1722237425545851,0.2240583084523678,A,0.199606237312158,False,False
"ID(pcdiamag3)|LEVEL_RATE(cerqrott12|cerqtit8)|PROD(fs03da,cerqtit11)|PROD(gasa,ece1)|PROD(ip,prmtan_neped)|PROD(pinj,cerqrott6)|PROD(prmtan_neped,ece39)|RATIO(ece25,ece39)|RATIO(fs03da,prmtan_neped)|RATIO(ip,ece22)|RECIP(bt)|RECIP(cerqtit10)",12,0.17399473239978155,0.22409189976751803,A,0.21172584642966594,False,False
"ID(pcdiamag3)|LEVEL_RATE(fs03da|cerqrott6)|PROD(fs03da,cerqtit11)|PROD(gasa,ece1)|PROD(ip,prmtan_neped)|PROD(pinj,cerqrott6)|PROD(prmtan_neped,ece39)|RATIO(ece25,ece39)|RATIO(fs03da,prmtan_neped)|RATIO(ip,ece22)|RECIP(bt)|RECIP(cerqtit10)",12,0.17377005604406198,0.22412470318377017,A,0.20306815480192508,False,False
"ID(pcdiamag3)|PROD(fs03da,cerqtit11)|PROD(gasa,ece1)|PROD(ip,prmtan_neped)|PROD(prmtan_neped,ece39)|PROD(prmtan_neped,gasc)|RATIO(ece25,ece39)|RATIO(fs03da,prmtan_neped)|RATIO(ip,ece22)|RATIO(prmtan_teped,prmtan_neped)|RECIP(bt)|RECIP(cerqtit10)",12,0.1751554522042473,0.22413463108241558,A,0.20271356528004017,False,False
"ID(pcdiamag3)|PROD(fs03da,cerqtit11)|PROD(gasa,ece1)|PROD(ip,prmtan_neped)|PROD(prmtan_neped,ece39)|RATIO(ece25,ece39)|RATIO(fs03da,prmtan_neped)|RATIO(gasc,cerqtit10)|RATIO(ip,ece22)|RATIO(prmtan_teped,prmtan_neped)|RECIP(bt)|RECIP(cerqtit10)",12,0.17564609106630086,0.22414625212550163,A,0.202801646043857,False,False
"ID(pcdiamag3)|LEVEL_RATE(cerqrott12|gasa)|PROD(fs03da,cerqtit11)|PROD(gasa,ece1)|PROD(ip,prmtan_neped)|PROD(pinj,cerqrott6)|PROD(prmtan_neped,ece39)|RATIO(ece25,ece39)|RATIO(fs03da,prmtan_neped)|RATIO(ip,ece22)|RECIP(bt)|RECIP(cerqtit10)",12,0.17407512863477073,0.2241668224334717,A,0.20299914479255682,False,False
"ID(pcdiamag3)|PROD(fs03da,cerqtit11)|PROD(ip,prmtan_neped)|PROD(pinj,ece36)|PROD(prmtan_neped,ece39)|RATIO(ece25,ece39)|RATIO(fs03da,prmtan_neped)|RATIO(ip,ece22)|RATIO(pinj,bt)|RATIO(prmtan_neped,bt)|RECIP(bt)|RECIP(cerqtit10)",12,0.17541093907008568,0.22421498522162436,A,0.2038561746478082,False,False
"ID(pcdiamag3)|PROD(fs03da,cerqtit11)|PROD(gasa,ece1)|PROD(gasc,pinj)|PROD(ip,prmtan_neped)|PROD(prmtan_neped,ece39)|RATIO(ece25,ece39)|RATIO(fs03da,prmtan_neped)|RATIO(ip,ece22)|RATIO(prmtan_teped,prmtan_neped)|RECIP(bt)|RECIP(cerqtit10)",12,0.175902359187603,0.22422436624765396,A,0.19397888655463863,False,False
"ID(pcdiamag3)|ID(pinj)|PROD(fs03da,cerqtit11)|PROD(ip,prmtan_neped)|PROD(pinj,ece36)|PROD(prmtan_neped,ece39)|RATIO(ece25,ece39)|RATIO(fs03da,prmtan_neped)|RATIO(ip,ece22)|RATIO(prmtan_neped,bt)|RECIP(bt)|RECIP(cerqtit10)",12,0.17544333022087813,0.22423913646489382,A,0.20380773792664222,False,False
"ID(pcdiamag3)|PROD(fs03da,cerqtit11)|PROD(gasa,ece1)|PROD(ip,prmtan_neped)|PROD(prmtan_neped,ece39)|RATE_OVER_LEVEL(pinj_33r|ece39)|RATIO(ece25,ece39)|RATIO(fs03da,prmtan_neped)|RATIO(ip,ece22)|RATIO(prmtan_teped,prmtan_neped)|RECIP(bt)|RECIP(cerqtit10)",12,0.17571139329423507,0.22424160391092302,A,0.20148682917157817,False,False
"ID(pcdiamag3)|LEVEL_RATE(fs03da|ip)|PROD(fs03da,cerqtit11)|PROD(gasa,ece1)|PROD(ip,prmtan_neped)|PROD(prmtan_neped,ece39)|RATIO(ece25,ece39)|RATIO(fs03da,prmtan_neped)|RATIO(ip,ece22)|RATIO(prmtan_teped,prmtan_neped)|RECIP(bt)|RECIP(cerqtit10)",12,0.17583463719735543,0.22427252307534218,A,0.20218143860499072,False,False
"ID(pcdiamag3)|PROD(fs03da,cerqtit11)|PROD(gasa,ece1)|PROD(ip,prmtan_neped)|PROD(prmtan_neped,ece39)|RATE_OVER_LEVEL(ip|ip)|RATIO(ece25,ece39)|RATIO(fs03da,prmtan_neped)|RATIO(ip,ece22)|RATIO(prmtan_neped,bt)|RECIP(bt)|RECIP(cerqtit10)",12,0.17471819333732128,0.22427382245659827,A,0.1954374964038532,False,False
"ID(pcdiamag3)|PROD(fs03da,cerqtit11)|PROD(gasa,ece1)|PROD(ip,prmtan_neped)|PROD(prmtan_neped,ece39)|RATE_OVER_LEVEL(gasa|cerqtit3)|RATIO(ece25,ece39)|RATIO(fs03da,prmtan_neped)|RATIO(ip,ece22)|RATIO(prmtan_teped,prmtan_neped)|RECIP(bt)|RECIP(cerqtit10)",12,0.1751083767041564,0.22429162859916688,A,0.2051145645479362,False,False
"ID(pcdiamag3)|ID(prmtan_neped)|PROD(fs03da,cerqtit11)|PROD(gasa,ece1)|PROD(ip,prmtan_neped)|PROD(prmtan_neped,ece39)|RATE_OVER_LEVEL(ip|ip)|RATIO(ece25,ece39)|RATIO(fs03da,prmtan_neped)|RATIO(ip,ece22)|RECIP(bt)|RECIP(cerqtit10)",12,0.17453787848353386,0.2243242308497429,A,0.1964501567184926,False,False
"ID(pcdiamag3)|PROD(fs03da,cerqtit11)|PROD(gasa,ece1)|PROD(ip,prmtan_neped)|PROD(prmtan_neped,ece39)|RATE_OVER_LEVEL(pinj_33r|cerqtit3)|RATIO(ece25,ece39)|RATIO(fs03da,prmtan_neped)|RATIO(ip,ece22)|RATIO(prmtan_teped,prmtan_neped)|RECIP(bt)|RECIP(cerqtit10)",12,0.1757840392490228,0.2243551667779684,A,0.20139912168184926,False,False
"ID(pcdiamag3)|PROD(fs03da,cerqtit11)|PROD(gasa,ece1)|PROD(ip,prmtan_neped)|PROD(prmtan_neped,ece39)|RATE_OVER_LEVEL(cerqrott3|prmtan_neped)|RATIO(ece25,ece39)|RATIO(fs03da,prmtan_neped)|RATIO(ip,ece22)|RATIO(prmtan_teped,prmtan_neped)|RECIP(bt)|RECIP(cerqtit10)",12,0.17544757469246783,0.224358793720603,A,0.20810190613071133,False,False
"ID(pcdiamag3)|PROD(bt,prmtan_neped)|PROD(fs03da,cerqtit11)|PROD(gasa,ece1)|PROD(ip,prmtan_neped)|PROD(pinj,cerqrott6)|PROD(prmtan_neped,ece39)|RATIO(ece25,ece39)|RATIO(fs03da,prmtan_neped)|RATIO(ip,ece22)|RECIP(bt)|RECIP(cerqtit10)",12,0.1722097578768929,0.2243621464818716,A,0.20199948896964398,False,False
"ID(pcdiamag3)|LEVEL_RATE(fs04|pinj_15l)|PROD(fs03da,cerqtit11)|PROD(gasa,ece1)|PROD(ip,prmtan_neped)|PROD(pinj,cerqrott6)|PROD(prmtan_neped,ece39)|RATIO(ece25,ece39)|RATIO(fs03da,prmtan_neped)|RATIO(ip,ece22)|RECIP(bt)|RECIP(cerqtit10)",12,0.1742220659429828,0.2243660282343626,A,0.20245381842056917,False,False
"ID(pcdiamag3)|ID(prmtan_neped)|PROD(fs03da,cerqtit11)|PROD(ip,prmtan_neped)|PROD(pinj,ece36)|PROD(prmtan_neped,ece39)|RATIO(ece25,ece39)|RATIO(fs03da,prmtan_neped)|RATIO(ip,ece22)|RATIO(pinj,bt)|RECIP(bt)|RECIP(cerqtit10)",12,0.17529960280905166,0.22438400890678167,A,0.20292033453782413,False,False
"ID(pcdiamag3)|ID(pinj)|ID(prmtan_neped)|PROD(fs03da,cerqtit11)|PROD(ip,prmtan_neped)|PROD(pinj,ece36)|PROD(prmtan_neped,ece39)|RATIO(ece25,ece39)|RATIO(fs03da,prmtan_neped)|RATIO(ip,ece22)|RECIP(bt)|RECIP(cerqtit10)",12,0.1753333232055108,0.22441212516278028,A,0.20286265214284271,False,False
"ID(pcdiamag3)|LEVEL_RATE(fs03da|ece1)|PROD(ece37,ece39)|PROD(gasa,ece1)|PROD(ip,prmtan_neped)|PROD(pinj,cerqrott6)|PROD(prmtan_neped,ece39)|PROD(prmtan_neped,prmtan_neped)|RATIO(fs03da,prmtan_neped)|RATIO(gasa,ece6)|RATIO(ip,bt)|RATIO(ip,ece22)",12,0.1751689059038957,0.22443324103951454,A,0.2801576850314936,False,False
"ID(pcdiamag3)|PROD(fs03da,cerqtit11)|PROD(gasa,ece1)|PROD(ip,prmtan_neped)|PROD(prmtan_neped,ece39)|RATE_OVER_LEVEL(pinj_33r|prmtan_neped)|RATIO(ece25,ece39)|RATIO(fs03da,prmtan_neped)|RATIO(ip,ece22)|RATIO(prmtan_teped,prmtan_neped)|RECIP(bt)|RECIP(cerqtit10)",12,0.17577252232780058,0.2244429163634777,A,0.20194581821560867,False,False
"DOT(ip)|ID(pcdiamag3)|PROD(fs03da,cerqtit11)|PROD(gasa,ece1)|PROD(ip,prmtan_neped)|PROD(prmtan_neped,ece39)|RATIO(ece25,ece39)|RATIO(fs03da,prmtan_neped)|RATIO(ip,ece22)|RATIO(prmtan_neped,bt)|RECIP(bt)|RECIP(cerqtit10)",12,0.17480946040401854,0.2244549084454775,A,0.19552392214536676,False,False
"ID(pcdiamag3)|LEVEL_RATE(bt|ip)|PROD(fs03da,cerqtit11)|PROD(gasa,ece1)|PROD(ip,prmtan_neped)|PROD(prmtan_neped,ece39)|RATIO(ece25,ece39)|RATIO(fs03da,prmtan_neped)|RATIO(ip,ece22)|RATIO(prmtan_neped,bt)|RECIP(bt)|RECIP(cerqtit10)",12,0.1748109639932712,0.2244576595723629,A,0.19552504668633153,False,False
"ID(pcdiamag3)|LEVEL_RATE(ece14|cerqtit8)|PROD(fs03da,cerqtit11)|PROD(gasa,ece1)|PROD(ip,prmtan_neped)|PROD(pinj,cerqrott6)|PROD(prmtan_neped,ece39)|RATIO(ece25,ece39)|RATIO(fs03da,prmtan_neped)|RATIO(ip,ece22)|RECIP(bt)|RECIP(cerqtit10)",12,0.17407147996127606,0.22446466237306595,A,0.20381201381484673,False,False
"DOT(ip)|ID(pcdiamag3)|ID(prmtan_neped)|PROD(fs03da,cerqtit11)|PROD(gasa,ece1)|PROD(ip,prmtan_neped)|PROD(prmtan_neped,ece39)|RATIO(ece25,ece39)|RATIO(fs03da,prmtan_neped)|RATIO(ip,ece22)|RECIP(bt)|RECIP(cerqtit10)",12,0.17463176598151525,0.22451173216104509,A,0.19653695474068333,False,False
"ID(pcdiamag3)|ID(prmtan_neped)|LEVEL_RATE(bt|ip)|PROD(fs03da,cerqtit11)|PROD(gasa,ece1)|PROD(ip,prmtan_neped)|PROD(prmtan_neped,ece39)|RATIO(ece25,ece39)|RATIO(fs03da,prmtan_neped)|RATIO(ip,ece22)|RECIP(bt)|RECIP(cerqtit10)",12,0.1746334401269754,0.22451476864516734,A,0.19653864006201435,False,False
"ID(pcdiamag3)|PROD(fs03da,cerqtit11)|PROD(gasa,ece1)|PROD(ip,prmtan_neped)|PROD(prmtan_neped,ece39)|RATE_OVER_LEVEL(pinj_33r|ip)|RATIO(ece25,ece39)|RATIO(fs03da,prmtan_neped)|RATIO(ip,ece22)|RATIO(prmtan_teped,prmtan_neped)|RECIP(bt)|RECIP(cerqtit10)",12,0.17580261888603368,0.2245337251573801,A,0.201649229725202,False,False
"DOT(pinj_33r)|ID(pcdiamag3)|PROD(fs03da,cerqtit11)|PROD(gasa,ece1)|PROD(ip,prmtan_neped)|PROD(prmtan_neped,ece39)|RATIO(ece25,ece39)|RATIO(fs03da,prmtan_neped)|RATIO(ip,ece22)|RATIO(prmtan_teped,prmtan_neped)|RECIP(bt)|RECIP(cerqtit10)",12,0.17581187871595222,0.22456398755311965,A,0.20166032910346993,False,False
"ID(pcdiamag3)|LEVEL_RATE(bt|pinj_33r)|PROD(fs03da,cerqtit11)|PROD(gasa,ece1)|PROD(ip,prmtan_neped)|PROD(prmtan_neped,ece39)|RATIO(ece25,ece39)|RATIO(fs03da,prmtan_neped)|RATIO(ip,ece22)|RATIO(prmtan_teped,prmtan_neped)|RECIP(bt)|RECIP(cerqtit10)",12,0.1758127711713314,0.22456494085490702,A,0.20166304583350825,False,False
"ID(pcdiamag3)|LEVEL_RATE(ece16|ip)|PROD(fs03da,cerqtit11)|PROD(gasa,ece1)|PROD(ip,prmtan_neped)|PROD(prmtan_neped,ece39)|RATIO(ece25,ece39)|RATIO(fs03da,prmtan_neped)|RATIO(ip,ece22)|RATIO(prmtan_neped,bt)|RECIP(bt)|RECIP(cerqtit10)",12,0.17486727324624857,0.22458709590137005,A,0.1962045413752398,False,False
"ID(pcdiamag3)|LEVEL_RATE(prmtan_neped|cerqtit6)|PROD(fs03da,cerqtit11)|PROD(gasa,ece1)|PROD(ip,prmtan_neped)|PROD(pinj,cerqrott6)|PROD(prmtan_neped,ece39)|RATIO(ece25,ece39)|RATIO(fs03da,prmtan_neped)|RATIO(ip,ece22)|RECIP(bt)|RECIP(cerqtit10)",12,0.17449636328965426,0.2246063880622387,A,0.20538367057840035,False,False
"ID(pcdiamag3)|PROD(fs03da,cerqtit11)|PROD(gasa,ece1)|PROD(ip,prmtan_neped)|PROD(prmtan_neped,ece39)|RATE_OVER_LEVEL(gasc|ip)|RATIO(ece25,ece39)|RATIO(fs03da,prmtan_neped)|RATIO(ip,ece22)|RATIO(prmtan_teped,prmtan_neped)|RECIP(bt)|RECIP(cerqtit10)",12,0.17571175396442412,0.22460779510438442,A,0.20323806405067452,False,False
"ID(pcdiamag3)|PROD(fs03da,cerqtit11)|PROD(gasa,ece1)|PROD(ip,prmtan_neped)|PROD(prmtan_neped,ece39)|RATIO(ece25,ece39)|RATIO(fs03da,prmtan_neped)|RATIO(ip,ece22)|RATIO(pinj_33r,cerqtit10)|RATIO(prmtan_neped,bt)|RECIP(bt)|RECIP(cerqtit10)",12,0.1749995422239105,0.2246092338114977,A,0.19363855967919041,False,False
"ID(pcdiamag3)|PROD(bt,prmtan_neped)|PROD(fs03da,cerqtit11)|PROD(ip,prmtan_neped)|PROD(pinj,ece36)|PROD(prmtan_neped,ece39)|RATIO(ece25,ece39)|RATIO(fs03da,prmtan_neped)|RATIO(ip,ece22)|RATIO(pinj,bt)|RECIP(bt)|RECIP(cerqtit10)",12,0.17523123789578676,0.22462043799459935,A,0.20182854235172284,False,False
"ID(pcdiamag3)|ID(prmtan_neped)|LEVEL_RATE(ece16|ip)|PROD(fs03da,cerqtit11)|PROD(gasa,ece1)|PROD(ip,prmtan_neped)|PROD(prmtan_neped,ece39)|RATIO(ece25,ece39)|RATIO(fs03da,prmtan_neped)|RATIO(ip,ece22)|RECIP(bt)|RECIP(cerqtit10)",12,0.174689650349319,0.22464549914002419,A,0.19723464176058778,False,False
"ID(pcdiamag3)|ID(pinj)|PROD(bt,prmtan_neped)|PROD(fs03da,cerqtit11)|PROD(ip,prmtan_neped)|PROD(pinj,ece36)|PROD(prmtan_neped,ece39)|RATIO(ece25,ece39)|RATIO(fs03da,prmtan_neped)|RATIO(ip,ece22)|RECIP(bt)|RECIP(cerqtit10)",12,0.1752664198478063,0.22465264592319728,A,0.20176269859075557,False,False
"ID(pcdiamag3)|ID(prmtan_neped)|PROD(fs03da,cerqtit11)|PROD(gasa,ece1)|PROD(ip,prmtan_neped)|PROD(prmtan_neped,ece39)|RATIO(ece25,ece39)|RATIO(fs03da,prmtan_neped)|RATIO(ip,ece22)|RATIO(pinj_33r,cerqtit10)|RECIP(bt)|RECIP(cerqtit10)",12,0.17484842284272115,0.22465781569480897,A,0.19403757428129523,False,False
"ID(pcdiamag3)|LEVEL_RATE(pinj_30r|cerqrott3)|PROD(fs03da,cerqtit11)|PROD(gasa,ece1)|PROD(ip,prmtan_neped)|PROD(prmtan_neped,ece39)|RATIO(ece25,ece39)|RATIO(fs03da,prmtan_neped)|RATIO(ip,ece22)|RATIO(prmtan_teped,prmtan_neped)|RECIP(bt)|RECIP(cerqtit10)",12,0.1758568394308289,0.22475044317543508,A,0.20323610802491515,False,False
"ID(pcdiamag3)|LEVEL_RATE(cerqrott12|pinj_15l)|PROD(fs03da,cerqtit11)|PROD(gasa,ece1)|PROD(ip,prmtan_neped)|PROD(prmtan_neped,ece39)|RATIO(ece25,ece39)|RATIO(fs03da,prmtan_neped)|RATIO(ip,ece22)|RATIO(prmtan_teped,prmtan_neped)|RECIP(bt)|RECIP(cerqtit10)",12,0.1758472845579187,0.22477701716125012,A,0.2022064959009489,False,False
"ID(pcdiamag3)|LEVEL_RATE(ece14|pinj_33r)|PROD(fs03da,cerqtit11)|PROD(gasa,ece1)|PROD(ip,prmtan_neped)|PROD(prmtan_neped,ece39)|RATIO(ece25,ece39)|RATIO(fs03da,prmtan_neped)|RATIO(ip,ece22)|RATIO(prmtan_teped,prmtan_neped)|RECIP(bt)|RECIP(cerqtit10)",12,0.1759100727116068,0.22478255704045297,A,0.20174711694320052,False,False
"ID(pcdiamag3)|LEVEL_RATE(gasa|pinj_33r)|PROD(fs03da,cerqtit11)|PROD(gasa,ece1)|PROD(ip,prmtan_neped)|PROD(prmtan_neped,ece39)|RATIO(ece25,ece39)|RATIO(fs03da,prmtan_neped)|RATIO(ip,ece22)|RATIO(prmtan_teped,prmtan_neped)|RECIP(bt)|RECIP(cerqtit10)",12,0.1759722409769893,0.22481163181364536,A,0.20266911710302044,False,False
"DOT(gasc)|ID(pcdiamag3)|PROD(fs03da,cerqtit11)|PROD(gasa,ece1)|PROD(ip,prmtan_neped)|PROD(prmtan_neped,ece39)|RATIO(ece25,ece39)|RATIO(fs03da,prmtan_neped)|RATIO(ip,ece22)|RATIO(prmtan_teped,prmtan_neped)|RECIP(bt)|RECIP(cerqtit10)",12,0.17578992831210297,0.22481400445103644,A,0.20323651631673184,False,False
"ID(pcdiamag3)|LEVEL_RATE(bt|gasc)|PROD(fs03da,cerqtit11)|PROD(gasa,ece1)|PROD(ip,prmtan_neped)|PROD(prmtan_neped,ece39)|RATIO(ece25,ece39)|RATIO(fs03da,prmtan_neped)|RATIO(ip,ece22)|RATIO(prmtan_teped,prmtan_neped)|RECIP(bt)|RECIP(cerqtit10)",12,0.17579090986400842,0.22481469064950943,A,0.20323789591590571,False,False
"ID(pcdiamag3)|PROD(fs03da,cerqtit11)|PROD(gasa,ece1)|PROD(ip,prmtan_neped)|PROD(prmtan_neped,ece39)|RATIO(ece25,ece39)|RATIO(fs03da,prmtan_neped)|RATIO(ip,ece22)|RATIO(prmtan_teped,prmtan_neped)|RECIP(bt)|RECIP(cerqtit10)",11,0.17570883700003226,0.2248181752860546,A,0.2027234668533008,False,False
"ID(bt)|ID(pcdiamag3)|PROD(fs03da,cerqtit11)|PROD(gasa,ece1)|PROD(ip,prmtan_neped)|PROD(prmtan_neped,ece39)|RATIO(ece25,ece39)|RATIO(fs03da,prmtan_neped)|RATIO(ip,ece22)|RATIO(prmtan_teped,prmtan_neped)|RECIP(cerqtit10)",11,0.1757371025780837,0.2248285800218582,A,0.20293709461887685,False,False
"ID(pcdiamag3)|LEVEL_RATE(pinj_15l|pinj_15l)|PROD(fs03da,cerqtit11)|PROD(gasa,ece1)|PROD(ip,prmtan_neped)|PROD(prmtan_neped,ece39)|RATIO(ece25,ece39)|RATIO(fs03da,prmtan_neped)|RATIO(ip,ece22)|RATIO(prmtan_teped,prmtan_neped)|RECIP(bt)|RECIP(cerqtit10)",12,0.17587380819022655,0.22482952177524568,A,0.20221532881259927,False,False
"ID(pcdiamag3)|PROD(bt,bt)|PROD(fs03da,cerqtit11)|PROD(gasa,ece1)|PROD(ip,prmtan_neped)|PROD(prmtan_neped,ece39)|RATIO(ece25,ece39)|RATIO(fs03da,prmtan_neped)|RATIO(ip,ece22)|RATIO(prmtan_teped,prmtan_neped)|RECIP(cerqtit10)",11,0.17575146555900573,0.22483397498726845,A,0.20304679175217955,False,False
"ID(pcdiamag3)|PROD(fs03da,cerqtit11)|PROD(gasa,ece1)|PROD(ip,prmtan_neped)|PROD(prmtan_neped,ece39)|RATIO(ece25,ece39)|RATIO(fs03da,prmtan_neped)|RATIO(ip,ece22)|RATIO(pinj,ece37)|RATIO(prmtan_neped,bt)|RECIP(bt)|RECIP(cerqtit10)",12,0.17513924135516085,0.22484391778707505,A,0.19598964502414076,False,False
"ID(pcdiamag3)|LEVEL_RATE(cerqrott12|ip)|PROD(fs03da,cerqtit11)|PROD(gasa,ece1)|PROD(ip,prmtan_neped)|PROD(prmtan_neped,ece39)|RATIO(ece25,ece39)|RATIO(fs03da,prmtan_neped)|RATIO(ip,ece22)|RATIO(prmtan_neped,bt)|RECIP(bt)|RECIP(cerqtit10)",12,0.17527725460628668,0.22485541962087155,A,0.19747601971030243,False,False
"ID(pcdiamag3)|ID(prmtan_neped)|PROD(fs03da,cerqtit11)|PROD(gasa,ece1)|PROD(ip,prmtan_neped)|PROD(prmtan_neped,ece39)|RATIO(ece25,ece39)|RATIO(fs03da,prmtan_neped)|RATIO(ip,ece22)|RATIO(pinj,ece37)|RECIP(bt)|RECIP(cerqtit10)",12,0.17500225373854242,0.2248674791306257,A,0.19529243608315794,False,False
"ID(pcdiamag3)|LEVEL_RATE(prmtan_neped|ip)|PROD(fs03da,cerqtit11)|PROD(gasa,ece1)|PROD(ip,prmtan_neped)|PROD(prmtan_neped,ece39)|RATIO(ece25,ece39)|RATIO(fs03da,prmtan_neped)|RATIO(ip,ece22)|RATIO(prmtan_teped,prmtan_neped)|RECIP(bt)|RECIP(cerqtit10)",12,0.17589823231101037,0.22487785443663597,A,0.19900172700484603,False,False
"ID(pcdiamag3)|ID(prmtan_neped)|LEVEL_RATE(cerqrott12|ip)|PROD(fs03da,cerqtit11)|PROD(gasa,ece1)|PROD(ip,prmtan_neped)|PROD(prmtan_neped,ece39)|RATIO(ece25,ece39)|RATIO(fs03da,prmtan_neped)|RATIO(ip,ece22)|RECIP(bt)|RECIP(cerqtit10)",12,0.17511036060750482,0.2249385815113783,A,0.19844820102055877,False,False
"ID(pcdiamag3)|LEVEL_RATE(gasa|cerqrott3)|PROD(fs03da,cerqtit11)|PROD(gasa,ece1)|PROD(ip,prmtan_neped)|PROD(prmtan_neped,ece39)|RATIO(ece25,ece39)|RATIO(fs03da,prmtan_neped)|RATIO(ip,ece22)|RATIO(prmtan_neped,bt)|RECIP(bt)|RECIP(cerqtit10)",12,0.17462187986820937,0.22499137818813325,A,0.20193127120534587,False,False
"ID(pcdiamag3)|LEVEL_RATE(cerqrott12|ece33)|PROD(ece37,ece39)|PROD(gasa,ece1)|PROD(ip,prmtan_neped)|PROD(pinj,cerqrott6)|PROD(prmtan_neped,ece39)|PROD(prmtan_neped,prmtan_neped)|RATIO(fs03da,prmtan_neped)|RATIO(gasa,ece6)|RATIO(ip,bt)|RATIO(ip,ece22)",12,0.17218311366935574,0.22501940242946147,A,0.25516398176550886,False,False
"ID(pcdiamag3)|LEVEL_RATE(cerqrott12|gasa)|PROD(fs03da,cerqtit11)|PROD(gasa,ece1)|PROD(ip,prmtan_neped)|PROD(prmtan_neped,ece39)|RATIO(ece25,ece39)|RATIO(fs03da,prmtan_neped)|RATIO(ip,ece22)|RATIO(prmtan_teped,prmtan_neped)|RECIP(bt)|RECIP(cerqtit10)",12,0.1753262003262838,0.22503592036664485,A,0.20298748860756566,False,False
"ID(pcdiamag3)|LEVEL_RATE(prmtan_neped|gasc)|PROD(fs03da,cerqtit11)|PROD(gasa,ece1)|PROD(ip,prmtan_neped)|PROD(prmtan_neped,ece39)|RATIO(ece25,ece39)|RATIO(fs03da,prmtan_neped)|RATIO(ip,ece22)|RATIO(prmtan_teped,prmtan_neped)|RECIP(bt)|RECIP(cerqtit10)",12,0.17591984644532205,0.22507013380527496,A,0.2031590548654398,False,False
"ID(pcdiamag3)|PROD(ece37,ece39)|PROD(fs03da,cerqtit11)|PROD(gasa,ece1)|PROD(ip,prmtan_neped)|PROD(prmtan_neped,ece39)|RATIO(ece25,ece39)|RATIO(fs03da,prmtan_neped)|RATIO(ip,ece22)|RATIO(prmtan_neped,bt)|RECIP(bt)|RECIP(cerqtit10)",12,0.17587608539809782,0.2251145452260971,A,0.21526110122601191,False,False
"ID(pcdiamag3)|LEVEL_RATE(pinj|gasc)|PROD(fs03da,cerqtit11)|PROD(gasa,ece1)|PROD(ip,prmtan_neped)|PROD(prmtan_neped,ece39)|RATIO(ece25,ece39)|RATIO(fs03da,prmtan_neped)|RATIO(ip,ece22)|RATIO(prmtan_teped,prmtan_neped)|RECIP(bt)|RECIP(cerqtit10)",12,0.17593842335045337,0.22518174089491366,A,0.2032985617717108,False,False
"ID(pcdiamag3)|LEVEL_RATE(fs03da|gasd)|PROD(fs03da,cerqtit11)|PROD(gasa,ece1)|PROD(ip,prmtan_neped)|PROD(prmtan_neped,ece39)|RATIO(ece25,ece39)|RATIO(fs03da,prmtan_neped)|RATIO(ip,ece22)|RATIO(prmtan_teped,prmtan_neped)|RECIP(bt)|RECIP(cerqtit10)",12,0.1759804746756951,0.2251926578581333,A,0.20225703020890562,False,False
"ID(pcdiamag3)|PROD(ece37,ece39)|PROD(gasa,ece1)|PROD(ip,prmtan_neped)|PROD(pinj,cerqrott6)|PROD(prmtan_neped,ece39)|PROD(prmtan_neped,prmtan_neped)|RATE_OVER_LEVEL(ece33|ece39)|RATIO(fs03da,prmtan_neped)|RATIO(gasa,ece6)|RATIO(ip,bt)|RATIO(ip,ece22)",12,0.17386675781259933,0.22520243749022484,A,0.27851770917574575,False,False
"ID(pcdiamag3)|LEVEL_RATE(prmtan_teped|pinj_15l)|PROD(fs03da,cerqtit11)|PROD(gasa,ece1)|PROD(ip,prmtan_neped)|PROD(prmtan_neped,ece39)|RATIO(ece25,ece39)|RATIO(fs03da,prmtan_neped)|RATIO(ip,ece22)|RATIO(prmtan_teped,prmtan_neped)|RECIP(bt)|RECIP(cerqtit10)",12,0.17607000383237997,0.22521886304020883,A,0.20264537408947952,False,False
"ID(pcdiamag3)|ID(prmtan_neped)|LEVEL_RATE(gasa|cerqrott3)|PROD(fs03da,cerqtit11)|PROD(gasa,ece1)|PROD(ip,prmtan_neped)|PROD(prmtan_neped,ece39)|RATIO(ece25,ece39)|RATIO(fs03da,prmtan_neped)|RATIO(ip,ece22)|RECIP(bt)|RECIP(cerqtit10)",12,0.17451809998601675,0.2252236358821392,A,0.20324341977636026,False,False
"ID(pcdiamag3)|ID(pinj)|PROD(fs03da,cerqtit11)|PROD(ip,prmtan_neped)|PROD(pinj,ece36)|PROD(prmtan_neped,ece39)|RATIO(ece25,ece39)|RATIO(fs03da,prmtan_neped)|RATIO(ip,ece22)|RECIP(bt)|RECIP(cerqtit10)|RECIP(cerqtit11)",12,0.17617549678931632,0.22523196507245302,A,0.20523980508248024,False,False
"ID(pcdiamag3)|PROD(fs03da,cerqtit11)|PROD(ip,prmtan_neped)|PROD(pinj,ece36)|PROD(prmtan_neped,ece39)|RATIO(ece25,ece39)|RATIO(fs03da,prmtan_neped)|RATIO(ip,ece22)|RATIO(pinj,bt)|RECIP(bt)|RECIP(cerqtit10)|RECIP(cerqtit11)",12,0.17614933239916958,0.22523851804435252,A,0.20528616160154356,False,False
"ID(pcdiamag3)|PROD(fs03da,cerqtit11)|PROD(gasa,ece1)|PROD(ip,prmtan_neped)|PROD(prmtan_neped,ece39)|RATIO(ece25,ece39)|RATIO(fs03da,prmtan_neped)|RATIO(ip,ece22)|RATIO(prmtan_teped,prmtan_neped)|RECIP(bt)|RECIP(cerqtit10)|RECIP(cerqtit11)",12,0.17475248873233795,0.22528487965464591,A,0.20977134853601465,False,False
"ID(pcdiamag3)|PROD(ece37,ece39)|PROD(gasa,ece1)|PROD(ip,prmtan_neped)|PROD(pinj,cerqrott6)|PROD(prmtan_neped,ece39)|PROD(prmtan_neped,prmtan_neped)|RATE_OVER_LEVEL(ece33|prmtan_neped)|RATIO(fs03da,prmtan_neped)|RATIO(gasa,ece6)|RATIO(ip,bt)|RATIO(ip,ece22)",12,0.17442100973178945,0.22529918029904367,A,0.2845408546427886,False,False
"ID(pcdiamag3)|PROD(fs03da,cerqtit11)|PROD(gasa,ece1)|PROD(ip,prmtan_neped)|PROD(prmtan_neped,ece39)|RATE_OVER_LEVEL(gasa|prmtan_neped)|RATIO(ece25,ece39)|RATIO(fs03da,prmtan_neped)|RATIO(ip,ece22)|RATIO(prmtan_neped,bt)|RECIP(bt)|RECIP(cerqtit10)",12,0.17471088618040082,0.2253129966557026,A,0.1997337440649669,False,False
"ID(pcdiamag3)|PROD(fs03da,cerqtit11)|PROD(gasa,ece1)|PROD(gasc,pinj)|PROD(ip,prmtan_neped)|PROD(pinj,cerqrott6)|PROD(prmtan_neped,ece39)|RATIO(ece25,ece39)|RATIO(fs03da,prmtan_neped)|RATIO(ip,ece22)|RECIP(bt)|RECIP(cerqtit10)",12,0.17482597157359123,0.2253452217206359,A,0.1912470534443856,False,False
"ID(pcdiamag3)|PROD(fs03da,cerqtit11)|PROD(gasa,ece1)|PROD(ip,prmtan_neped)|PROD(prmtan_neped,ece39)|RATE_OVER_LEVEL(pinj_33r|ece39)|RATIO(ece25,ece39)|RATIO(fs03da,prmtan_neped)|RATIO(ip,ece22)|RATIO(prmtan_neped,bt)|RECIP(bt)|RECIP(cerqtit10)",12,0.17523998487740755,0.22535996548831463,A,0.1949932947754861,False,False
"ID(pcdiamag3)|ID(prmtan_neped)|PROD(ece37,ece39)|PROD(fs03da,cerqtit11)|PROD(gasa,ece1)|PROD(ip,prmtan_neped)|PROD(prmtan_neped,ece39)|RATIO(ece25,ece39)|RATIO(fs03da,prmtan_neped)|RATIO(ip,ece22)|RECIP(bt)|RECIP(cerqtit10)",12,0.17598188140739995,0.22536517605185508,A,0.2155620373785496,False,False
"ID(pcdiamag3)|ID(prmtan_neped)|PROD(fs03da,cerqtit11)|PROD(gasa,ece1)|PROD(ip,prmtan_neped)|PROD(prmtan_neped,ece39)|RATE_OVER_LEVEL(gasa|prmtan_neped)|RATIO(ece25,ece39)|RATIO(fs03da,prmtan_neped)|RATIO(ip,ece22)|RECIP(bt)|RECIP(cerqtit10)",12,0.1745667576789856,0.22540531642735004,A,0.20081205268700925,False,False
"ID(pcdiamag3)|PROD(fs03da,cerqtit11)|PROD(gasa,ece1)|PROD(ip,prmtan_neped)|PROD(prmtan_neped,ece39)|RATE_OVER_LEVEL(pinj_33r|cerqtit3)|RATIO(ece25,ece39)|RATIO(fs03da,prmtan_neped)|RATIO(ip,ece22)|RATIO(prmtan_neped,bt)|RECIP(bt)|RECIP(cerqtit10)",12,0.17531104994316893,0.22548231035470961,A,0.19490220770239838,False,False
"ID(pcdiamag3)|ID(prmtan_neped)|PROD(fs03da,cerqtit11)|PROD(gasa,ece1)|PROD(ip,prmtan_neped)|PROD(prmtan_neped,ece39)|RATE_OVER_LEVEL(pinj_33r|ece39)|RATIO(ece25,ece39)|RATIO(fs03da,prmtan_neped)|RATIO(ip,ece22)|RECIP(bt)|RECIP(cerqtit10)",12,0.17512100314100582,0.2255088772624731,A,0.19636825968821853,False,False
"ID(pcdiamag3)|PROD(fs03da,cerqtit11)|PROD(gasa,ece1)|PROD(ip,prmtan_neped)|PROD(prmtan_neped,ece39)|RATIO(ece25,ece39)|RATIO(fs03da,prmtan_neped)|RATIO(gasc,cerqtit10)|RATIO(ip,ece22)|RATIO(prmtan_neped,bt)|RECIP(bt)|RECIP(cerqtit10)",12,0.17523923447976508,0.22552405372262002,A,0.19818578213453303,False,False
"ID(pcdiamag3)|PROD(fs03da,cerqtit11)|PROD(gasa,ece1)|PROD(ip,prmtan_neped)|PROD(prmtan_neped,ece39)|RATE_OVER_LEVEL(gasa|ece39)|RATIO(ece25,ece39)|RATIO(fs03da,prmtan_neped)|RATIO(ip,ece22)|RATIO(prmtan_neped,bt)|RECIP(bt)|RECIP(cerqtit10)",12,0.17477515495071808,0.22557306587696074,A,0.1998639365037283,False,False
"ID(pcdiamag3)|ID(prmtan_neped)|PROD(fs03da,cerqtit11)|PROD(gasa,ece1)|PROD(ip,prmtan_neped)|PROD(prmtan_neped,ece39)|RATIO(ece25,ece39)|RATIO(fs03da,prmtan_neped)|RATIO(gasc,cerqtit10)|RATIO(ip,ece22)|RECIP(bt)|RECIP(cerqtit10)",12,0.17509199579556783,0.2256044328212738,A,0.19909893423318872,False,False
"ID(pcdiamag3)|ID(prmtan_neped)|PROD(fs03da,cerqtit11)|PROD(gasa,ece1)|PROD(ip,prmtan_neped)|PROD(prmtan_neped,ece39)|RATE_OVER_LEVEL(pinj_33r|cerqtit3)|RATIO(ece25,ece39)|RATIO(fs03da,prmtan_neped)|RATIO(ip,ece22)|RECIP(bt)|RECIP(cerqtit10)",12,0.17519471179693938,0.22563601061701774,A,0.1962638050317765,False,False
"ID(pcdiamag3)|PROD(fs03da,cerqtit11)|PROD(gasa,ece1)|PROD(ip,prmtan_neped)|PROD(prmtan_neped,ece39)|RATE_OVER_LEVEL(pinj_33r|prmtan_neped)|RATIO(ece25,ece39)|RATIO(fs03da,prmtan_neped)|RATIO(ip,ece22)|RATIO(prmtan_neped,bt)|RECIP(bt)|RECIP(cerqtit10)",12,0.17531720803429685,0.22564297243952752,A,0.19597165311376263,False,False
"ID(pcdiamag3)|PROD(fs03da,cerqtit11)|PROD(gasa,ece1)|PROD(ip,prmtan_neped)|PROD(prmtan_neped,ece39)|RATE_OVER_LEVEL(pinj_33r|ip)|RATIO(ece25,ece39)|RATIO(fs03da,prmtan_neped)|RATIO(ip,ece22)|RATIO(prmtan_neped,bt)|RECIP(bt)|RECIP(cerqtit10)",12,0.17532415129244328,0.22567082308232783,A,0.195264827211698,False,False
"ID(pcdiamag3)|ID(prmtan_neped)|PROD(fs03da,cerqtit11)|PROD(gasa,ece1)|PROD(ip,prmtan_neped)|PROD(prmtan_neped,ece39)|RATE_OVER_LEVEL(gasa|ece39)|RATIO(ece25,ece39)|RATIO(fs03da,prmtan_neped)|RATIO(ip,ece22)|RECIP(bt)|RECIP(cerqtit10)",12,0.17463544588536023,0.22568447664380073,A,0.20095898136496554,False,False
"ID(pcdiamag3)|LEVEL_RATE(fs04|pinj_15l)|PROD(fs03da,cerqtit11)|PROD(gasa,ece1)|PROD(ip,prmtan_neped)|PROD(prmtan_neped,ece39)|RATIO(ece25,ece39)|RATIO(fs03da,prmtan_neped)|RATIO(ip,ece22)|RATIO(prmtan_teped,prmtan_neped)|RECIP(bt)|RECIP(cerqtit10)",12,0.1760710196569562,0.22569077275693417,A,0.20248509024580327,False,False
"DOT(pinj_33r)|ID(pcdiamag3)|PROD(fs03da,cerqtit11)|PROD(gasa,ece1)|PROD(ip,prmtan_neped)|PROD(prmtan_neped,ece39)|RATIO(ece25,ece39)|RATIO(fs03da,prmtan_neped)|RATIO(ip,ece22)|RATIO(prmtan_neped,bt)|RECIP(bt)|RECIP(cerqtit10)",12,0.17533318145821492,0.22571856006979943,A,0.1952833503484727,False,False
"ID(pcdiamag3)|LEVEL_RATE(bt|pinj_33r)|PROD(fs03da,cerqtit11)|PROD(gasa,ece1)|PROD(ip,prmtan_neped)|PROD(prmtan_neped,ece39)|RATIO(ece25,ece39)|RATIO(fs03da,prmtan_neped)|RATIO(ip,ece22)|RATIO(prmtan_neped,bt)|RECIP(bt)|RECIP(cerqtit10)",12,0.17533420367787284,0.22572004310786725,A,0.19528635119398444,False,False
"ID(pcdiamag3)|ID(prmtan_neped)|PROD(fs03da,cerqtit11)|PROD(gasa,ece1)|PROD(ip,prmtan_neped)|PROD(prmtan_neped,ece39)|RATE_OVER_LEVEL(pinj_33r|prmtan_neped)|RATIO(ece25,ece39)|RATIO(fs03da,prmtan_neped)|RATIO(ip,ece22)|RECIP(bt)|RECIP(cerqtit10)",12,0.17520067549000182,0.22579493075609208,A,0.19733937581380215,False,False
"ID(pcdiamag3)|PROD(fs03da,cerqtit11)|PROD(gasa,ece1)|PROD(pinj,pinj_30l)|PROD(prmtan_neped,ece39)|RATIO(ece25,ece39)|RATIO(fs03da,prmtan_neped)|RATIO(ip,ece22)|RATIO(prmtan_neped,bt)|RECIP(bt)|RECIP(cerqtit10)",11,0.17586952416847149,0.22580293137580157,A,0.202961589396,False,False
"ID(pcdiamag3)|ID(prmtan_neped)|PROD(fs03da,cerqtit11)|PROD(gasa,ece1)|PROD(ip,prmtan_neped)|PROD(prmtan_neped,ece39)|RATE_OVER_LEVEL(pinj_33r|ip)|RATIO(ece25,ece39)|RATIO(fs03da,prmtan_neped)|RATIO(ip,ece22)|RECIP(bt)|RECIP(cerqtit10)",12,0.17520220695684355,0.22580729946494102,A,0.1965712030728659,False,False
"DOT(pinj_33r)|ID(pcdiamag3)|ID(prmtan_neped)|PROD(fs03da,cerqtit11)|PROD(gasa,ece1)|PROD(ip,prmtan_neped)|PROD(prmtan_neped,ece39)|RATIO(ece25,ece39)|RATIO(fs03da,prmtan_neped)|RATIO(ip,ece22)|RECIP(bt)|RECIP(cerqtit10)",12,0.17521065634985764,0.22585388235747814,A,0.19658971776564926,False,False
"ID(pcdiamag3)|ID(prmtan_neped)|LEVEL_RATE(bt|pinj_33r)|PROD(fs03da,cerqtit11)|PROD(gasa,ece1)|PROD(ip,prmtan_neped)|PROD(prmtan_neped,ece39)|RATIO(ece25,ece39)|RATIO(fs03da,prmtan_neped)|RATIO(ip,ece22)|RECIP(bt)|RECIP(cerqtit10)",12,0.1752116479600469,0.22585525847971438,A,0.19659229318300891,False,False
"ID(pcdiamag3)|LEVEL_RATE(ece16|ece35)|PROD(fs03da,cerqtit11)|PROD(gasa,ece1)|PROD(ip,prmtan_neped)|PROD(pinj,cerqrott6)|PROD(prmtan_neped,ece39)|RATIO(ece25,ece39)|RATIO(fs03da,prmtan_neped)|RATIO(ip,ece22)|RECIP(bt)|RECIP(cerqtit10)",12,0.17499195548395313,0.2259078998118639,A,0.21540582925081256,False,False
"ID(pcdiamag3)|PROD(fs03da,cerqtit11)|PROD(gasa,ece1)|PROD(gasc,pinj)|PROD(ip,prmtan_neped)|PROD(prmtan_neped,ece39)|RATIO(ece25,ece39)|RATIO(fs03da,prmtan_neped)|RATIO(ip,ece22)|RATIO(prmtan_neped,bt)|RECIP(bt)|RECIP(cerqtit10)",12,0.17544109063843885,0.22593652941286563,A,0.19431720276673642,False,False
"ID(pcdiamag3)|LEVEL_RATE(ece14|pinj_33r)|PROD(fs03da,cerqtit11)|PROD(gasa,ece1)|PROD(ip,prmtan_neped)|PROD(prmtan_neped,ece39)|RATIO(ece25,ece39)|RATIO(fs03da,prmtan_neped)|RATIO(ip,ece22)|RATIO(prmtan_neped,bt)|RECIP(bt)|RECIP(cerqtit10)",12,0.17542720281829435,0.22595376297831535,A,0.1955693053702514,False,False
"ID(pcdiamag3)|ID(prmtan_neped)|PROD(fs03da,cerqtit11)|PROD(gasa,ece1)|PROD(gasc,pinj)|PROD(ip,prmtan_neped)|PROD(prmtan_neped,ece39)|RATIO(ece25,ece39)|RATIO(fs03da,prmtan_neped)|RATIO(ip,ece22)|RECIP(bt)|RECIP(cerqtit10)",12,0.17529115689297517,0.2259639475494623,A,0.19349742531776437,False,False
"ID(pcdiamag3)|ID(prmtan_neped)|PROD(fs03da,cerqtit11)|PROD(gasa,ece1)|PROD(pinj,pinj_30l)|PROD(prmtan_neped,ece39)|RATIO(ece25,ece39)|RATIO(fs03da,prmtan_neped)|RATIO(ip,ece22)|RECIP(bt)|RECIP(cerqtit10)",11,0.1759809885174036,0.22597971688956023,A,0.20281245137254408,False,False
"ID(pcdiamag3)|PROD(fs03da,cerqtit11)|PROD(gasa,ece1)|PROD(ip,prmtan_neped)|PROD(prmtan_neped,ece39)|RATE_OVER_LEVEL(gasa|cerqtit3)|RATIO(ece25,ece39)|RATIO(fs03da,prmtan_neped)|RATIO(ip,ece22)|RATIO(prmtan_neped,bt)|RECIP(bt)|RECIP(cerqtit10)",12,0.17497506526609263,0.2260045539587736,A,0.20074349616964665,False,False
"ID(pcdiamag3)|LEVEL_RATE(fs03da|ip)|PROD(fs03da,cerqtit11)|PROD(gasa,ece1)|PROD(ip,prmtan_neped)|PROD(prmtan_neped,ece39)|RATIO(ece25,ece39)|RATIO(fs03da,prmtan_neped)|RATIO(ip,ece22)|RATIO(prmtan_neped,bt)|RECIP(bt)|RECIP(cerqtit10)",12,0.17561759694168963,0.2260069791227579,A,0.19769810785849898,False,False
"ID(pcdiamag3)|LEVEL_RATE(cerqrott12|cerqtit8)|PROD(fs03da,cerqtit11)|PROD(gasa,ece1)|PROD(ip,prmtan_neped)|PROD(prmtan_neped,ece39)|RATIO(ece25,ece39)|RATIO(fs03da,prmtan_neped)|RATIO(ip,ece22)|RATIO(prmtan_neped,bt)|RECIP(bt)|RECIP(cerqtit10)",12,0.1750679651275277,0.22603589817881584,A,0.21151584039131807,False,False
"ID(pcdiamag3)|PROD(fs03da,cerqtit11)|PROD(gasa,ece1)|PROD(ip,prmtan_neped)|PROD(prmtan_neped,ece39)|PROD(prmtan_neped,gasc)|RATIO(ece25,ece39)|RATIO(fs03da,prmtan_neped)|RATIO(ip,ece22)|RATIO(prmtan_neped,bt)|RECIP(bt)|RECIP(cerqtit10)",12,0.17542956937104465,0.22603829652071,A,0.1981588321427505,False,False
"ID(pcdiamag3)|ID(prmtan_neped)|PROD(fs03da,cerqtit11)|PROD(gasa,ece1)|PROD(ip,prmtan_neped)|PROD(prmtan_neped,ece39)|PROD(prmtan_neped,gasc)|RATIO(ece25,ece39)|RATIO(fs03da,prmtan_neped)|RATIO(ip,ece22)|RECIP(bt)|RECIP(cerqtit10)",12,0.17524752113968134,0.22605179138481618,A,0.1990433923900128,False,False
"ID(pcdiamag3)|PROD(fs03da,cerqtit11)|PROD(gasa,ece1)|PROD(ip,prmtan_neped)|PROD(prmtan_neped,ece39)|RATE_OVER_LEVEL(cerqrott3|cerqtit10)|RATIO(ece25,ece39)|RATIO(fs03da,prmtan_neped)|RATIO(ip,ece22)|RATIO(prmtan_neped,bt)|RECIP(bt)|RECIP(cerqtit10)",12,0.17540126194556555,0.226054366491735,A,0.19950011620918917,False,False
"ID(pcdiamag3)|PROD(fs03da,cerqtit11)|PROD(gasa,ece1)|PROD(ip,prmtan_neped)|PROD(prmtan_neped,ece39)|RATIO(ece25,ece39)|RATIO(fs03da,prmtan_neped)|RATIO(ip,ece22)|RATIO(prmtan_neped,bt)|RATIO(prmtan_teped,prmtan_neped)|RECIP(bt)|RECIP(cerqtit10)",12,0.17514595525960125,0.22605718933045865,A,0.19784695878624925,False,False
"ID(pcdiamag3)|ID(prmtan_neped)|LEVEL_RATE(ece14|pinj_33r)|PROD(fs03da,cerqtit11)|PROD(gasa,ece1)|PROD(ip,prmtan_neped)|PROD(prmtan_neped,ece39)|RATIO(ece25,ece39)|RATIO(fs03da,prmtan_neped)|RATIO(ip,ece22)|RECIP(bt)|RECIP(cerqtit10)",12,0.17530247252434492,0.22607880979776382,A,0.19684248715639124,False,False
"ID(pcdiamag3)|PROD(fs03da,cerqtit11)|PROD(gasa,ece1)|PROD(ip,prmtan_neped)|PROD(prmtan_neped,ece39)|RATE_OVER_LEVEL(gasc|ip)|RATIO(ece25,ece39)|RATIO(fs03da,prmtan_neped)|RATIO(ip,ece22)|RATIO(prmtan_neped,bt)|RECIP(bt)|RECIP(cerqtit10)",12,0.17533145621418952,0.22609577216207982,A,0.19857982198397328,False,False
"ID(pcdiamag3)|ID(prmtan_neped)|LEVEL_RATE(fs03da|ip)|PROD(fs03da,cerqtit11)|PROD(gasa,ece1)|PROD(ip,prmtan_neped)|PROD(prmtan_neped,ece39)|RATIO(ece25,ece39)|RATIO(fs03da,prmtan_neped)|RATIO(ip,ece22)|RECIP(bt)|RECIP(cerqtit10)",12,0.1754530907298128,0.22610013633966447,A,0.1987112022936345,False,False
"ID(pcdiamag3)|LEVEL_RATE(gasa|gasb)|PROD(fs03da,cerqtit11)|PROD(gasa,ece1)|PROD(ip,prmtan_neped)|PROD(pinj,cerqrott6)|PROD(prmtan_neped,ece39)|RATIO(ece25,ece39)|RATIO(fs03da,prmtan_neped)|RATIO(ip,ece22)|RECIP(bt)|RECIP(cerqtit10)",12,0.17505549682925142,0.22611917033791543,A,0.20279863004883136,False,False
"ID(pcdiamag3)|ID(prmtan_neped)|PROD(fs03da,cerqtit11)|PROD(gasa,ece1)|PROD(ip,prmtan_neped)|PROD(prmtan_neped,ece39)|RATIO(ece25,ece39)|RATIO(fs03da,prmtan_neped)|RATIO(ip,ece22)|RATIO(prmtan_teped,prmtan_neped)|RECIP(bt)|RECIP(cerqtit10)",12,0.17500408701598644,0.22612519823014737,A,0.1987265554567179,False,False
"ID(pcdiamag3)|LEVEL_RATE(pinj_30r|cerqrott3)|PROD(fs03da,cerqtit11)|PROD(gasa,ece1)|PROD(ip,prmtan_neped)|PROD(prmtan_neped,ece39)|RATIO(ece25,ece39)|RATIO(fs03da,prmtan_neped)|RATIO(ip,ece22)|RATIO(prmtan_neped,bt)|RECIP(bt)|RECIP(cerqtit10)",12,0.17537913614263137,0.2261278048157692,A,0.1964135244488717,False,False
"ID(pcdiamag3)|ID(prmtan_neped)|PROD(fs03da,cerqtit11)|PROD(gasa,ece1)|PROD(ip,prmtan_neped)|PROD(prmtan_neped,ece39)|RATE_OVER_LEVEL(gasa|cerqtit3)|RATIO(ece25,ece39)|RATIO(fs03da,prmtan_neped)|RATIO(ip,ece22)|RECIP(bt)|RECIP(cerqtit10)",12,0.17484262622892857,0.22612978480756282,A,0.20190536876519527,False,False
"ID(pcdiamag3)|PROD(fs03da,cerqtit11)|PROD(gasa,ece1)|PROD(ip,prmtan_neped)|PROD(prmtan_neped,ece39)|RATE_OVER_LEVEL(cerqrott3|prmtan_neped)|RATIO(ece25,ece39)|RATIO(fs03da,prmtan_neped)|RATIO(ip,ece22)|RATIO(prmtan_neped,bt)|RECIP(bt)|RECIP(cerqtit10)",12,0.17521375175565482,0.226145002245903,A,0.203601556022962,False,False
"ID(pcdiamag3)|ID(prmtan_neped)|PROD(fs03da,cerqtit11)|PROD(gasa,ece1)|PROD(ip,prmtan_neped)|PROD(prmtan_neped,ece39)|RATE_OVER_LEVEL(gasc|ip)|RATIO(ece25,ece39)|RATIO(fs03da,prmtan_neped)|RATIO(ip,ece22)|RECIP(bt)|RECIP(cerqtit10)",12,0.17517090601225696,0.22614871859550476,A,0.19946654861172047,False,False
"ID(pcdiamag3)|LEVEL_RATE(fs03da|cerqrott6)|PROD(fs03da,cerqtit11)|PROD(gasa,ece1)|PROD(ip,prmtan_neped)|PROD(prmtan_neped,ece39)|RATIO(ece25,ece39)|RATIO(fs03da,prmtan_neped)|RATIO(ip,ece22)|RATIO(prmtan_teped,prmtan_neped)|RECIP(bt)|RECIP(cerqtit10)",12,0.1760006074483196,0.22616721987724303,A,0.20363278860847164,False,False
"ID(pcdiamag3)|PROD(fs03da,cerqtit11)|PROD(gasa,ece1)|PROD(ip,prmtan_neped)|PROD(prmtan_neped,ece39)|RATIO(ece25,ece39)|RATIO(fs03da,prmtan_neped)|RATIO(ip,ece22)|RATIO(pinj,bt)|RATIO(prmtan_teped,prmtan_neped)|RECIP(bt)|RECIP(cerqtit10)",12,0.1752678738286098,0.22617115452885628,A,0.19447634567817063,False,False
"ID(pcdiamag3)|ID(pinj)|PROD(fs03da,cerqtit11)|PROD(gasa,ece1)|PROD(ip,prmtan_neped)|PROD(prmtan_neped,ece39)|RATIO(ece25,ece39)|RATIO(fs03da,prmtan_neped)|RATIO(ip,ece22)|RATIO(prmtan_teped,prmtan_neped)|RECIP(bt)|RECIP(cerqtit10)",12,0.17527156323194504,0.22618269845843314,A,0.19447831312815358,False,False
"ID(pcdiamag3)|ID(prmtan_neped)|PROD(fs03da,cerqtit11)|PROD(gasa,ece1)|PROD(ip,prmtan_neped)|PROD(prmtan_neped,ece39)|RATE_OVER_LEVEL(cerqrott3|cerqtit10)|RATIO(ece25,ece39)|RATIO(fs03da,prmtan_neped)|RATIO(ip,ece22)|RECIP(bt)|RECIP(cerqtit10)",12,0.17528873148063817,0.22618351727724076,A,0.2005211815238,False,False
"ID(pcdiamag3)|PROD(fs03da,cerqtit11)|PROD(gasa,ece1)|PROD(ip,prmtan_neped)|PROD(prmtan_neped,ece39)|RATIO(ece25,ece39)|RATIO(fs03da,prmtan_neped)|RATIO(ip,ece22)|RATIO(prmtan_neped,bt)|RECIP(bt)|RECIP(cerqtit10)",11,0.1753142542516192,0.22618695087730883,A,0.19805740291873622,False,False
"ID(pcdiamag3)|ID(prmtan_neped)|LEVEL_RATE(pinj_30r|cerqrott3)|PROD(fs03da,cerqtit11)|PROD(gasa,ece1)|PROD(ip,prmtan_neped)|PROD(prmtan_neped,ece39)|RATIO(ece25,ece39)|RATIO(fs03da,prmtan_neped)|RATIO(ip,ece22)|RECIP(bt)|RECIP(cerqtit10)",12,0.1752178772042195,0.22619383595883846,A,0.19737243304649998,False,False
"ID(pcdiamag3)|LEVEL_RATE(cerqrott12|cerqtit8)|PROD(fs03da,cerqtit11)|PROD(gasa,ece1)|PROD(ip,prmtan_neped)|PROD(prmtan_neped,ece39)|RATIO(ece25,ece39)|RATIO(fs03da,prmtan_neped)|RATIO(ip,ece22)|RATIO(prmtan_teped,prmtan_neped)|RECIP(bt)|RECIP(cerqtit10)",12,0.1758054764320453,0.2261956762522459,A,0.2128942082325618,False,False
"ID(pcdiamag3)|PROD(fs03da,cerqtit11)|PROD(gasa,ece1)|PROD(ip,prmtan_neped)|PROD(prmtan_neped,ece39)|PROD(prmtan_neped,pinj)|RATIO(ece25,ece39)|RATIO(fs03da,prmtan_neped)|RATIO(ip,ece22)|RATIO(prmtan_teped,prmtan_neped)|RECIP(bt)|RECIP(cerqtit10)",12,0.17520214213679236,0.22622273191809655,A,0.1959479699532192,False,False
"ID(pcdiamag3)|ID(prmtan_neped)|PROD(fs03da,cerqtit11)|PROD(gasa,ece1)|PROD(ip,prmtan_neped)|PROD(prmtan_neped,ece39)|RATIO(ece25,ece39)|RATIO(fs03da,prmtan_neped)|RATIO(ip,ece22)|RECIP(bt)|RECIP(cerqtit10)",11,0.1751681803415219,0.22626654542982577,A,0.19896485234300304,False,False
"DOT(gasc)|ID(pcdiamag3)|PROD(fs03da,cerqtit11)|PROD(gasa,ece1)|PROD(ip,prmtan_neped)|PROD(prmtan_neped,ece39)|RATIO(ece25,ece39)|RATIO(fs03da,prmtan_neped)|RATIO(ip,ece22)|RATIO(prmtan_neped,bt)|RECIP(bt)|RECIP(cerqtit10)",12,0.17540384773164988,0.22628542296588422,A,0.19857495327790586,False,False
"ID(pcdiamag3)|LEVEL_RATE(bt|gasc)|PROD(fs03da,cerqtit11)|PROD(gasa,ece1)|PROD(ip,prmtan_neped)|PROD(prmtan_neped,ece39)|RATIO(ece25,ece39)|RATIO(fs03da,prmtan_neped)|RATIO(ip,ece22)|RATIO(prmtan_neped,bt)|RECIP(bt)|RECIP(cerqtit10)",12,0.1754048469165961,0.2262867923825979,A,0.19857510675986617,False,False
"ID(pcdiamag3)|ID(prmtan_neped)|LEVEL_RATE(cerqrott12|cerqtit8)|PROD(fs03da,cerqtit11)|PROD(gasa,ece1)|PROD(ip,prmtan_neped)|PROD(prmtan_neped,ece39)|RATIO(ece25,ece39)|RATIO(fs03da,prmtan_neped)|RATIO(ip,ece22)|RECIP(bt)|RECIP(cerqtit10)",12,0.17496280713627738,0.2262960534542799,A,0.2136839186151823,False,False
"ID(pcdiamag3)|LEVEL_RATE(cerqrott12|pinj_15l)|PROD(fs03da,cerqtit11)|PROD(gasa,ece1)|PROD(ip,prmtan_neped)|PROD(prmtan_neped,ece39)|RATIO(ece25,ece39)|RATIO(fs03da,prmtan_neped)|RATIO(ip,ece22)|RATIO(prmtan_neped,bt)|RECIP(bt)|RECIP(cerqtit10)",12,0.1755252675463756,0.2262974351644516,A,0.1969351162513098,False,False
"ID(pcdiamag3)|PROD(bt,prmtan_neped)|PROD(fs03da,cerqtit11)|PROD(gasa,ece1)|PROD(ip,prmtan_neped)|PROD(prmtan_neped,ece39)|RATIO(ece25,ece39)|RATIO(fs03da,prmtan_neped)|RATIO(ip,ece22)|RATIO(prmtan_teped,prmtan_neped)|RECIP(bt)|RECIP(cerqtit10)",12,0.17494585538903873,0.22632073387503623,A,0.20033916383981712,False,False
"ID(pcdiamag3)|ID(prmtan_neped)|PROD(fs03da,cerqtit11)|PROD(gasa,ece1)|PROD(ip,prmtan_neped)|PROD(prmtan_neped,ece39)|RATE_OVER_LEVEL(cerqrott3|prmtan_neped)|RATIO(ece25,ece39)|RATIO(fs03da,prmtan_neped)|RATIO(ip,ece22)|RECIP(bt)|RECIP(cerqtit10)",12,0.17511763765166202,0.22633111532777547,A,0.2049622793992361,False,False
"DOT(gasc)|ID(pcdiamag3)|ID(prmtan_neped)|PROD(fs03da,cerqtit11)|PROD(gasa,ece1)|PROD(ip,prmtan_neped)|PROD(prmtan_neped,ece39)|RATIO(ece25,ece39)|RATIO(fs03da,prmtan_neped)|RATIO(ip,ece22)|RECIP(bt)|RECIP(cerqtit10)",12,0.17524339985102416,0.22633854858577251,A,0.19946144223213205,False,False
"ID(pcdiamag3)|ID(prmtan_neped)|LEVEL_RATE(bt|gasc)|PROD(fs03da,cerqtit11)|PROD(gasa,ece1)|PROD(ip,prmtan_neped)|PROD(prmtan_neped,ece39)|RATIO(ece25,ece39)|RATIO(fs03da,prmtan_neped)|RATIO(ip,ece22)|RECIP(bt)|RECIP(cerqtit10)",12,0.1752443534632524,0.22633985318243505,A,0.19946162601312012,False,False
"ID(pcdiamag3)|LEVEL_RATE(fs03da|gasd)|PROD(fs03da,cerqtit11)|PROD(gasa,ece1)|PROD(ip,prmtan_neped)|PROD(prmtan_neped,ece39)|RATIO(ece25,ece39)|RATIO(fs03da,prmtan_neped)|RATIO(ip,ece22)|RATIO(prmtan_neped,bt)|RECIP(bt)|RECIP(cerqtit10)",12,0.17552468795329332,0.22637085914611815,A,0.19717757006486267,False,False
"ID(pcdiamag3)|ID(prmtan_neped)|LEVEL_RATE(cerqrott12|pinj_15l)|PROD(fs03da,cerqtit11)|PROD(gasa,ece1)|PROD(ip,prmtan_neped)|PROD(prmtan_neped,ece39)|RATIO(ece25,ece39)|RATIO(fs03da,prmtan_neped)|RATIO(ip,ece22)|RECIP(bt)|RECIP(cerqtit10)",12,0.17538005045304694,0.22637300416827202,A,0.1979176769653957,False,False
"ID(pcdiamag3)|LEVEL_RATE(gasa|pinj_33r)|PROD(fs03da,cerqtit11)|PROD(gasa,ece1)|PROD(ip,prmtan_neped)|PROD(prmtan_neped,ece39)|RATIO(ece25,ece39)|RATIO(fs03da,prmtan_neped)|RATIO(ip,ece22)|RATIO(prmtan_neped,bt)|RECIP(bt)|RECIP(cerqtit10)",12,0.1756920483584205,0.2264655265957117,A,0.19783319582541792,False,False
"ID(pcdiamag3)|LEVEL_RATE(pinj_15l|pinj_15l)|PROD(fs03da,cerqtit11)|PROD(gasa,ece1)|PROD(ip,prmtan_neped)|PROD(prmtan_neped,ece39)|RATIO(ece25,ece39)|RATIO(fs03da,prmtan_neped)|RATIO(ip,ece22)|RATIO(prmtan_neped,bt)|RECIP(bt)|RECIP(cerqtit10)",12,0.17558800478776299,0.22646748200058936,A,0.19718732262651134,False,False
"ID(pcdiamag3)|ID(prmtan_neped)|LEVEL_RATE(fs03da|gasd)|PROD(fs03da,cerqtit11)|PROD(gasa,ece1)|PROD(ip,prmtan_neped)|PROD(prmtan_neped,ece39)|RATIO(ece25,ece39)|RATIO(fs03da,prmtan_neped)|RATIO(ip,ece22)|RECIP(bt)|RECIP(cerqtit10)",12,0.17538833214590946,0.2264810647815466,A,0.19825638631979633,False,False
"ID(pcdiamag3)|LEVEL_RATE(cerqrott12|gasa)|PROD(fs03da,cerqtit11)|PROD(gasa,ece1)|PROD(ip,prmtan_neped)|PROD(prmtan_neped,ece39)|RATIO(ece25,ece39)|RATIO(fs03da,prmtan_neped)|RATIO(ip,ece22)|RATIO(prmtan_neped,bt)|RECIP(bt)|RECIP(cerqtit10)",12,0.17514335544159015,0.22651223801076412,A,0.1986933874587219,False,False
"ID(pcdiamag3)|ID(prmtan_neped)|PROD(fs03da,cerqtit11)|PROD(gasa,ece1)|PROD(ip,prmtan_neped)|PROD(prmtan_neped,ece39)|RATIO(ece25,ece39)|RATIO(fs03da,prmtan_neped)|RATIO(gasc,cerqtit10)|RATIO(ip,cerqtit10)|RATIO(ip,ece22)|RECIP(bt)",12,0.1743565931916237,0.22654210198670627,A,0.1988444815079372,False,False
"ID(pcdiamag3)|ID(prmtan_neped)|LEVEL_RATE(gasa|pinj_33r)|PROD(fs03da,cerqtit11)|PROD(gasa,ece1)|PROD(ip,prmtan_neped)|PROD(prmtan_neped,ece39)|RATIO(ece25,ece39)|RATIO(fs03da,prmtan_neped)|RATIO(ip,ece22)|RECIP(bt)|RECIP(cerqtit10)",12,0.17554926592856646,0.22654458619654178,A,0.19879268010457365,False,False
"ID(pcdiamag3)|ID(prmtan_neped)|LEVEL_RATE(pinj_15l|pinj_15l)|PROD(fs03da,cerqtit11)|PROD(gasa,ece1)|PROD(ip,prmtan_neped)|PROD(prmtan_neped,ece39)|RATIO(ece25,ece39)|RATIO(fs03da,prmtan_neped)|RATIO(ip,ece22)|RECIP(bt)|RECIP(cerqtit10)",12,0.17544327806681395,0.2265514235943556,A,0.19825965538620957,False,False
"ID(pcdiamag3)|LEVEL_RATE(prmtan_neped|gasc)|PROD(fs03da,cerqtit11)|PROD(gasa,ece1)|PROD(ip,prmtan_neped)|PROD(prmtan_neped,ece39)|RATIO(ece25,ece39)|RATIO(fs03da,prmtan_neped)|RATIO(ip,ece22)|RATIO(prmtan_neped,bt)|RECIP(bt)|RECIP(cerqtit10)",12,0.17552731819450856,0.22656939513981342,A,0.19847304970026025,False,False
"ID(pcdiamag3)|ID(prmtan_neped)|LEVEL_RATE(cerqrott12|gasa)|PROD(fs03da,cerqtit11)|PROD(gasa,ece1)|PROD(ip,prmtan_neped)|PROD(prmtan_neped,ece39)|RATIO(ece25,ece39)|RATIO(fs03da,prmtan_neped)|RATIO(ip,ece22)|RECIP(bt)|RECIP(cerqtit10)",12,0.17499285116791724,0.22660207375884056,A,0.1997186002631983,False,False
"ID(pcdiamag3)|LEVEL_RATE(prmtan_neped|ip)|PROD(fs03da,cerqtit11)|PROD(gasa,ece1)|PROD(ip,prmtan_neped)|PROD(prmtan_neped,ece39)|RATIO(ece25,ece39)|RATIO(fs03da,prmtan_neped)|RATIO(ip,ece22)|RATIO(prmtan_neped,bt)|RECIP(bt)|RECIP(cerqtit10)",12,0.17565490677952766,0.22661681175231935,A,0.1967170660694441,False,False
"ID(pcdiamag3)|ID(prmtan_neped)|LEVEL_RATE(prmtan_neped|gasc)|PROD(fs03da,cerqtit11)|PROD(gasa,ece1)|PROD(ip,prmtan_neped)|PROD(prmtan_neped,ece39)|RATIO(ece25,ece39)|RATIO(fs03da,prmtan_neped)|RATIO(ip,ece22)|RECIP(bt)|RECIP(cerqtit10)",12,0.17536788638681172,0.22662804871797562,A,0.19938708369930594,False,False
"ID(pcdiamag3)|ID(prmtan_neped)|LEVEL_RATE(prmtan_neped|ip)|PROD(fs03da,cerqtit11)|PROD(gasa,ece1)|PROD(ip,prmtan_neped)|PROD(prmtan_neped,ece39)|RATIO(ece25,ece39)|RATIO(fs03da,prmtan_neped)|RATIO(ip,ece22)|RECIP(bt)|RECIP(cerqtit10)",12,0.175478370860219,0.2266726940870285,A,0.19476043780644745,False,False
"ID(pcdiamag3)|LEVEL_RATE(pinj|gasc)|PROD(fs03da,cerqtit11)|PROD(gasa,ece1)|PROD(ip,prmtan_neped)|PROD(prmtan_neped,ece39)|RATIO(ece25,ece39)|RATIO(fs03da,prmtan_neped)|RATIO(ip,ece22)|RATIO(prmtan_neped,bt)|RECIP(bt)|RECIP(cerqtit10)",12,0.17557219391067824,0.22673629485070707,A,0.1985116861760617,False,False
"ID(pcdiamag3)|ID(prmtan_neped)|LEVEL_RATE(pinj|gasc)|PROD(fs03da,cerqtit11)|PROD(gasa,ece1)|PROD(ip,prmtan_neped)|PROD(prmtan_neped,ece39)|RATIO(ece25,ece39)|RATIO(fs03da,prmtan_neped)|RATIO(ip,ece22)|RECIP(bt)|RECIP(cerqtit10)",12,0.1754099258532127,0.22678530029952526,A,0.19941507577896125,False,False
"ID(pcdiamag3)|PROD(fs03da,cerqtit11)|PROD(gasa,ece1)|PROD(ip,prmtan_neped)|PROD(pinj,cerqrott6)|PROD(prmtan_neped,ece39)|RATE_OVER_LEVEL(ece33|ece39)|RATIO(ece25,ece39)|RATIO(fs03da,prmtan_neped)|RATIO(ip,ece22)|RECIP(bt)|RECIP(cerqtit10)",12,0.174936150200665,0.2268627442419529,A,0.20457657277584082,False,False
"ID(pcdiamag3)|PROD(fs03da,cerqtit11)|PROD(gasa,ece1)|PROD(ip,prmtan_neped)|PROD(pinj,cerqrott6)|PROD(prmtan_neped,ece39)|RATE_OVER_LEVEL(ece33|prmtan_neped)|RATIO(ece25,ece39)|RATIO(fs03da,prmtan_neped)|RATIO(ip,ece22)|RECIP(bt)|RECIP(cerqtit10)",12,0.1753310764208436,0.22689612060785294,A,0.20315073604385064,False,False
"ID(pcdiamag3)|PROD(fs03da,cerqtit11)|PROD(gasa,ece1)|PROD(ip,pinj)|PROD(ip,prmtan_neped)|PROD(prmtan_neped,ece39)|RATIO(ece25,ece39)|RATIO(fs03da,prmtan_neped)|RATIO(ip,ece22)|RATIO(prmtan_teped,prmtan_neped)|RECIP(bt)|RECIP(cerqtit10)",12,0.17561367924014726,0.2269052628427744,A,0.19443520506223053,False,False
"ID(pcdiamag3)|PROD(fs03da,cerqtit11)|PROD(gasa,ece1)|PROD(prmtan_neped,ece39)|RATIO(ece25,ece39)|RATIO(fs03da,prmtan_neped)|RATIO(ip,ece22)|RATIO(prmtan_neped,bt)|RATIO(prmtan_neped,ip)|RECIP(bt)|RECIP(cerqtit10)",11,0.17554587181657552,0.22697935588657855,A,0.20108329529563593,False,False
"ID(pcdiamag3)|PROD(fs03da,cerqtit11)|PROD(gasa,ece1)|PROD(ip,prmtan_neped)|PROD(pinj,ece36)|PROD(prmtan_neped,ece39)|RATIO(ece25,ece39)|RATIO(fs03da,prmtan_neped)|RATIO(ip,ece22)|RATIO(prmtan_teped,prmtan_neped)|RECIP(bt)|RECIP(cerqtit10)",12,0.17437636498361825,0.2270136822015047,A,0.19422263751427343,False,False
"ID(pcdiamag3)|LEVEL_RATE(prmtan_teped|pinj_15l)|PROD(fs03da,cerqtit11)|PROD(gasa,ece1)|PROD(ip,prmtan_neped)|PROD(prmtan_neped,ece39)|RATIO(ece25,ece39)|RATIO(fs03da,prmtan_neped)|RATIO(ip,ece22)|RATIO(prmtan_neped,bt)|RECIP(bt)|RECIP(cerqtit10)",12,0.17583012785762547,0.22701480202376842,A,0.19780698468287794,False,False
"ID(pcdiamag3)|ID(prmtan_neped)|LEVEL_RATE(prmtan_teped|pinj_15l)|PROD(fs03da,cerqtit11)|PROD(gasa,ece1)|PROD(ip,prmtan_neped)|PROD(prmtan_neped,ece39)|RATIO(ece25,ece39)|RATIO(fs03da,prmtan_neped)|RATIO(ip,ece22)|RECIP(bt)|RECIP(cerqtit10)",12,0.17568779215216637,0.22709255069494247,A,0.19887170419096956,False,False
"ID(pcdiamag3)|PROD(ece37,ece39)|PROD(gasa,ece1)|PROD(ip,prmtan_neped)|PROD(pinj,cerqrott6)|PROD(prmtan_neped,ece39)|PROD(prmtan_neped,prmtan_neped)|RATE_OVER_LEVEL(ece37|cerqtit10)|RATIO(fs03da,prmtan_neped)|RATIO(gasa,ece6)|RATIO(ip,bt)|RATIO(ip,ece22)",12,0.17703973005215326,0.22709517143666744,A,0.311294144888719,False,False
"ID(pcdiamag3)|LEVEL_RATE(fs04|pinj_15l)|PROD(fs03da,cerqtit11)|PROD(gasa,ece1)|PROD(ip,prmtan_neped)|PROD(prmtan_neped,ece39)|RATIO(ece25,ece39)|RATIO(fs03da,prmtan_neped)|RATIO(ip,ece22)|RATIO(prmtan_neped,bt)|RECIP(bt)|RECIP(cerqtit10)",12,0.1757340847204129,0.22717697732150555,A,0.1975186285873255,False,False
"ID(pcdiamag3)|LEVEL_RATE(ece14|cerqtit8)|PROD(fs03da,cerqtit11)|PROD(gasa,ece1)|PROD(ip,prmtan_neped)|PROD(prmtan_neped,ece39)|RATIO(ece25,ece39)|RATIO(fs03da,prmtan_neped)|RATIO(ip,ece22)|RATIO(prmtan_neped,bt)|RECIP(bt)|RECIP(cerqtit10)",12,0.17556785984585682,0.22722015865147113,A,0.20075082406401643,False,False
"ID(pcdiamag3)|ID(prmtan_neped)|LEVEL_RATE(ece14|cerqtit8)|PROD(fs03da,cerqtit11)|PROD(gasa,ece1)|PROD(ip,prmtan_neped)|PROD(prmtan_neped,ece39)|RATIO(ece25,ece39)|RATIO(fs03da,prmtan_neped)|RATIO(ip,ece22)|RECIP(bt)|RECIP(cerqtit10)",12,0.17538963742554187,0.22724723853170872,A,0.20188741336266208,False,False
"ID(pcdiamag3)|LEVEL_RATE(fs03da|cerqrott6)|PROD(fs03da,cerqtit11)|PROD(gasa,ece1)|PROD(ip,prmtan_neped)|PROD(prmtan_neped,ece39)|RATIO(ece25,ece39)|RATIO(fs03da,prmtan_neped)|RATIO(ip,ece22)|RATIO(prmtan_neped,bt)|RECIP(bt)|RECIP(cerqtit10)",12,0.17579764779657125,0.22725904919207096,A,0.19878888304034878,False,False
"ID(pcdiamag3)|ID(prmtan_neped)|LEVEL_RATE(fs04|pinj_15l)|PROD(fs03da,cerqtit11)|PROD(gasa,ece1)|PROD(ip,prmtan_neped)|PROD(prmtan_neped,ece39)|RATIO(ece25,ece39)|RATIO(fs03da,prmtan_neped)|RATIO(ip,ece22)|RECIP(bt)|RECIP(cerqtit10)",12,0.17558946876476209,0.22726165167987347,A,0.1984751760959626,False,False
"ID(pcdiamag3)|PROD(fs03da,cerqtit11)|PROD(gasa,ece1)|PROD(ip,prmtan_neped)|PROD(pinj,ece36)|PROD(prmtan_neped,ece39)|RATIO(ece25,ece39)|RATIO(fs03da,prmtan_neped)|RATIO(ip,ece22)|RATIO(prmtan_neped,bt)|RECIP(bt)|RECIP(cerqtit10)",12,0.17339405547827483,0.22727195248007775,A,0.19402866313854863,False,False
"ID(pcdiamag3)|ID(prmtan_neped)|LEVEL_RATE(prmtan_neped|cerqtit6)|PROD(fs03da,cerqtit11)|PROD(gasa,ece1)|PROD(ip,prmtan_neped)|PROD(prmtan_neped,ece39)|RATIO(ece25,ece39)|RATIO(fs03da,prmtan_neped)|RATIO(ip,ece22)|RECIP(bt)|RECIP(cerqtit10)",12,0.1755888167768717,0.2272967431694269,A,0.2014808749159178,False,False
"ID(pcdiamag3)|LEVEL_RATE(prmtan_neped|cerqtit6)|PROD(fs03da,cerqtit11)|PROD(gasa,ece1)|PROD(ip,prmtan_neped)|PROD(prmtan_neped,ece39)|RATIO(ece25,ece39)|RATIO(fs03da,prmtan_neped)|RATIO(ip,ece22)|RATIO(prmtan_neped,bt)|RECIP(bt)|RECIP(cerqtit10)",12,0.17578817245860892,0.22730079032480716,A,0.20058674042423574,False,False
"ID(pcdiamag3)|ID(prmtan_neped)|LEVEL_RATE(fs03da|cerqrott6)|PROD(fs03da,cerqtit11)|PROD(gasa,ece1)|PROD(ip,prmtan_neped)|PROD(prmtan_neped,ece39)|RATIO(ece25,ece39)|RATIO(fs03da,prmtan_neped)|RATIO(ip,ece22)|RECIP(bt)|RECIP(cerqtit10)",12,0.1756445854281386,0.22731170561164618,A,0.19967318599422781,False,False
"ID(pcdiamag3)|ID(prmtan_neped)|PROD(fs03da,cerqtit11)|PROD(gasa,ece1)|PROD(ip,prmtan_neped)|PROD(pinj,ece36)|PROD(prmtan_neped,ece39)|RATIO(ece25,ece39)|RATIO(fs03da,prmtan_neped)|RATIO(ip,ece22)|RECIP(bt)|RECIP(cerqtit10)",12,0.17325701309988895,0.22731352783739567,A,0.19322251727183667,False,False
"ID(pcdiamag3)|PROD(fs03da,cerqtit11)|PROD(gasa,ece1)|PROD(ip,prmtan_neped)|PROD(prmtan_neped,ece39)|RATIO(ece25,ece39)|RATIO(fs03da,prmtan_neped)|RATIO(ip,ece22)|RATIO(pinj,bt)|RATIO(prmtan_neped,bt)|RECIP(bt)|RECIP(cerqtit10)",12,0.17470330509046714,0.22738585323095323,A,0.1948625256617865,False,False
"ID(pcdiamag3)|ID(prmtan_neped)|PROD(fs03da,cerqtit11)|PROD(gasa,ece1)|PROD(ip,prmtan_neped)|PROD(prmtan_neped,ece39)|RATIO(ece25,ece39)|RATIO(fs03da,prmtan_neped)|RATIO(ip,ece22)|RATIO(pinj,bt)|RECIP(bt)|RECIP(cerqtit10)",12,0.17456220295280217,0.2273874543607235,A,0.1940489987532299,False,False
"ID(pcdiamag3)|ID(pinj)|PROD(fs03da,cerqtit11)|PROD(gasa,ece1)|PROD(ip,prmtan_neped)|PROD(prmtan_neped,ece39)|RATIO(ece25,ece39)|RATIO(fs03da,prmtan_neped)|RATIO(ip,ece22)|RATIO(prmtan_neped,bt)|RECIP(bt)|RECIP(cerqtit10)",12,0.17470506951212886,0.22739396914839743,A,0.1948636700709662,False,False
"ID(pcdiamag3)|ID(pinj)|ID(prmtan_neped)|PROD(fs03da,cerqtit11)|PROD(gasa,ece1)|PROD(ip,prmtan_neped)|PROD(prmtan_neped,ece39)|RATIO(ece25,ece39)|RATIO(fs03da,prmtan_neped)|RATIO(ip,ece22)|RECIP(bt)|RECIP(cerqtit10)",12,0.17456423342227936,0.22739621475338936,A,0.19404796808958064,False,False
"ID(pcdiamag3)|ID(prmtan_neped)|ID(prmtan_teped)|PROD(fs03da,cerqtit11)|PROD(gasa,ece1)|PROD(ip,prmtan_neped)|PROD(prmtan_neped,ece39)|RATIO(ece25,ece39)|RATIO(fs03da,prmtan_neped)|RATIO(ip,ece22)|RECIP(bt)|RECIP(cerqtit10)",12,0.17581946315864722,0.22741744853556156,A,0.19796270430088053,False,False
"ID(pcdiamag3)|PROD(fs03da,cerqtit11)|PROD(gasa,ece1)|PROD(ip,prmtan_neped)|PROD(prmtan_neped,ece39)|PROD(prmtan_neped,pinj)|RATIO(ece25,ece39)|RATIO(fs03da,prmtan_neped)|RATIO(ip,ece22)|RATIO(prmtan_neped,bt)|RECIP(bt)|RECIP(cerqtit10)",12,0.1747284515450398,0.2275110375136137,A,0.1962495461106301,False,False
"ID(pcdiamag3)|ID(prmtan_neped)|PROD(fs03da,cerqtit11)|PROD(gasa,ece1)|PROD(ip,prmtan_neped)|PROD(prmtan_neped,ece39)|PROD(prmtan_neped,pinj)|RATIO(ece25,ece39)|RATIO(fs03da,prmtan_neped)|RATIO(ip,ece22)|RECIP(bt)|RECIP(cerqtit10)",12,0.17458379976451394,0.22752948366105558,A,0.19529170741637558,False,False
"ID(pcdiamag3)|ID(prmtan_neped)|PROD(fs03da,cerqtit11)|PROD(gasa,ece1)|PROD(ip,pinj)|PROD(ip,prmtan_neped)|PROD(prmtan_neped,ece39)|RATIO(ece25,ece39)|RATIO(fs03da,prmtan_neped)|RATIO(ip,ece22)|RECIP(bt)|RECIP(cerqtit10)",12,0.17472192868590355,0.22775275483727456,A,0.1940762514869373,False,False
"ID(pcdiamag3)|PROD(fs03da,cerqtit11)|PROD(gasa,ece1)|PROD(ip,pinj)|PROD(ip,prmtan_neped)|PROD(prmtan_neped,ece39)|RATIO(ece25,ece39)|RATIO(fs03da,prmtan_neped)|RATIO(ip,ece22)|RATIO(prmtan_neped,bt)|RECIP(bt)|RECIP(cerqtit10)",12,0.1748650673776865,0.22775352336466312,A,0.19489282766977956,False,False
"ID(pcdiamag3)|LEVEL_RATE(gasa|gasb)|PROD(fs03da,cerqtit11)|PROD(gasa,ece1)|PROD(ip,prmtan_neped)|PROD(prmtan_neped,ece39)|RATIO(ece25,ece39)|RATIO(fs03da,prmtan_neped)|RATIO(ip,ece22)|RATIO(prmtan_neped,bt)|RECIP(bt)|RECIP(cerqtit10)",12,0.17616588721672694,0.2278050545603037,A,0.19831364726026862,False,False
"ID(pcdiamag3)|PROD(fs03da,cerqtit11)|PROD(gasa,ece1)|PROD(ip,prmtan_neped)|PROD(pinj,cerqrott6)|PROD(prmtan_neped,ece39)|RATE_OVER_LEVEL(ece33|ip)|RATIO(ece25,ece39)|RATIO(fs03da,prmtan_neped)|RATIO(ip,ece22)|RECIP(bt)|RECIP(cerqtit10)",12,0.17555186549822488,0.22785393372178078,A,0.20950389827291177,False,False
"ID(pcdiamag3)|ID(prmtan_neped)|LEVEL_RATE(gasa|gasb)|PROD(fs03da,cerqtit11)|PROD(gasa,ece1)|PROD(ip,prmtan_neped)|PROD(prmtan_neped,ece39)|RATIO(ece25,ece39)|RATIO(fs03da,prmtan_neped)|RATIO(ip,ece22)|RECIP(bt)|RECIP(cerqtit10)",12,0.1760151737680038,0.22786565572023393,A,0.19919333060582486,False,False
"DOT(ece33)|ID(pcdiamag3)|PROD(fs03da,cerqtit11)|PROD(gasa,ece1)|PROD(ip,prmtan_neped)|PROD(pinj,cerqrott6)|PROD(prmtan_neped,ece39)|RATIO(ece25,ece39)|RATIO(fs03da,prmtan_neped)|RATIO(ip,ece22)|RECIP(bt)|RECIP(cerqtit10)",12,0.17562596586843332,0.2279080156236887,A,0.20940722251931831,False,False
"ID(pcdiamag3)|LEVEL_RATE(bt|ece33)|PROD(fs03da,cerqtit11)|PROD(gasa,ece1)|PROD(ip,prmtan_neped)|PROD(pinj,cerqrott6)|PROD(prmtan_neped,ece39)|RATIO(ece25,ece39)|RATIO(fs03da,prmtan_neped)|RATIO(ip,ece22)|RECIP(bt)|RECIP(cerqtit10)",12,0.17563501764088868,0.22793030142784118,A,0.20943935314814255,False,False
"ID(pcdiamag3)|PROD(ece37,ece39)|PROD(gasa,ece1)|PROD(ip,prmtan_neped)|PROD(pinj,cerqrott6)|PROD(prmtan_neped,ece39)|PROD(prmtan_neped,prmtan_neped)|RATE_OVER_LEVEL(cerqrott3|ip)|RATIO(fs03da,prmtan_neped)|RATIO(gasa,ece6)|RATIO(ip,bt)|RATIO(ip,ece22)",12,0.17533451231817404,0.22800689600408078,A,0.2817086669305961,False,False
"ID(pcdiamag3)|LEVEL_RATE(gasa|ece25)|PROD(fs03da,cerqtit11)|PROD(gasa,ece1)|PROD(ip,prmtan_neped)|PROD(pinj,cerqrott6)|PROD(prmtan_neped,ece39)|RATIO(ece25,ece39)|RATIO(fs03da,prmtan_neped)|RATIO(ip,ece22)|RECIP(bt)|RECIP(cerqtit10)",12,0.17590608286360898,0.22808370254933835,A,0.20661125828822458,False,False
"ID(pcdiamag3)|ID(prmtan_neped)|LEVEL_RATE(ece16|ece35)|PROD(fs03da,cerqtit11)|PROD(gasa,ece1)|PROD(ip,prmtan_neped)|PROD(prmtan_neped,ece39)|RATIO(ece25,ece39)|RATIO(fs03da,prmtan_neped)|RATIO(ip,ece22)|RECIP(bt)|RECIP(cerqtit10)",12,0.1762448890134692,0.22815816923975946,A,0.20450785532593735,False,False
"ID(pcdiamag3)|PROD(fs03da,cerqtit11)|PROD(gasa,ece1)|PROD(ip,prmtan_neped)|PROD(pinj,cerqrott6)|PROD(prmtan_neped,ece39)|RATIO(ece25,ece39)|RATIO(fs03da,prmtan_neped)|RATIO(ip,ece22)|RATIO(pinj_33r,prmtan_neped)|RECIP(bt)|RECIP(cerqtit10)",12,0.17463027704507111,0.22822604272514582,A,0.19863055994113293,False,False
"ID(pcdiamag3)|LEVEL_RATE(bt|cerqrott3)|PROD(ece37,ece39)|PROD(gasa,ece1)|PROD(ip,prmtan_neped)|PROD(pinj,cerqrott6)|PROD(prmtan_neped,ece39)|PROD(prmtan_neped,prmtan_neped)|RATIO(fs03da,prmtan_neped)|RATIO(gasa,ece6)|RATIO(ip,bt)|RATIO(ip,ece22)",12,0.1754407800734043,0.22833312936127187,A,0.2816424729923408,False,False
"DOT(cerqrott3)|ID(pcdiamag3)|PROD(ece37,ece39)|PROD(gasa,ece1)|PROD(ip,prmtan_neped)|PROD(pinj,cerqrott6)|PROD(prmtan_neped,ece39)|PROD(prmtan_neped,prmtan_neped)|RATIO(fs03da,prmtan_neped)|RATIO(gasa,ece6)|RATIO(ip,bt)|RATIO(ip,ece22)",12,0.1754379420230786,0.22833514846861364,A,0.28164787466327357,False,False
"DOT(ece33)|ID(pcdiamag3)|ID(prmtan_neped)|PROD(fs03da,cerqtit11)|PROD(gasa,ece1)|PROD(ip,prmtan_neped)|PROD(prmtan_neped,ece39)|RATIO(ece25,ece39)|RATIO(fs03da,prmtan_neped)|RATIO(ip,ece22)|RECIP(bt)|RECIP(cerqtit10)",12,0.17625721866885818,0.22862983606755732,A,0.19904327740271896,False,False
"ID(pcdiamag3)|ID(prmtan_neped)|LEVEL_RATE(bt|ece33)|PROD(fs03da,cerqtit11)|PROD(gasa,ece1)|PROD(ip,prmtan_neped)|PROD(prmtan_neped,ece39)|RATIO(ece25,ece39)|RATIO(fs03da,prmtan_neped)|RATIO(ip,ece22)|RECIP(bt)|RECIP(cerqtit10)",12,0.17626580521464347,0.2286489624530077,A,0.19905271381139764,False,False
"ID(pcdiamag3)|ID(prmtan_neped)|PROD(fs03da,cerqtit11)|PROD(gasa,ece1)|PROD(ip,prmtan_neped)|PROD(prmtan_neped,ece39)|RATE_OVER_LEVEL(ece33|ip)|RATIO(ece25,ece39)|RATIO(fs03da,prmtan_neped)|RATIO(ip,ece22)|RECIP(bt)|RECIP(cerqtit10)",12,0.17625580448657274,0.22879364788532258,A,0.19905078957478214,False,False
"ID(pcdiamag3)|ID(prmtan_neped)|PROD(fs03da,cerqtit11)|PROD(gasa,ece1)|PROD(ip,prmtan_neped)|PROD(prmtan_neped,ece39)|RATE_OVER_LEVEL(ece33|ece39)|RATIO(ece25,ece39)|RATIO(fs03da,prmtan_neped)|RATIO(ip,ece22)|RECIP(bt)|RECIP(cerqtit10)",12,0.1762440290302038,0.22959251701831818,A,0.1972570754587651,False,False
"ID(pcdiamag3)|PROD(ece37,ece39)|PROD(gasa,ece1)|PROD(ip,prmtan_neped)|PROD(pinj,cerqrott6)|PROD(prmtan_neped,ece39)|PROD(prmtan_neped,prmtan_neped)|RATE_OVER_LEVEL(ece33|ip)|RATIO(fs03da,prmtan_neped)|RATIO(gasa,ece6)|RATIO(ip,bt)|RATIO(ip,ece22)",12,0.1757093065728744,0.22988603711128236,A,0.2828406775991123,False,False
"ID(pcdiamag3)|LEVEL_RATE(gasa|cerqrott3)|PROD(ece37,ece39)|PROD(gasa,ece1)|PROD(ip,prmtan_neped)|PROD(pinj,cerqrott6)|PROD(prmtan_neped,ece39)|PROD(prmtan_neped,prmtan_neped)|RATIO(fs03da,prmtan_neped)|RATIO(gasa,ece6)|RATIO(ip,bt)|RATIO(ip,ece22)",12,0.1763128144045671,0.2298923347145319,A,0.3050792550047239,False,False
"DOT(ece33)|ID(pcdiamag3)|PROD(ece37,ece39)|PROD(gasa,ece1)|PROD(ip,prmtan_neped)|PROD(pinj,cerqrott6)|PROD(prmtan_neped,ece39)|PROD(prmtan_neped,prmtan_neped)|RATIO(fs03da,prmtan_neped)|RATIO(gasa,ece6)|RATIO(ip,bt)|RATIO(ip,ece22)",12,0.17605755229791006,0.2307709638029337,A,0.28276523798704156,False,False
"ID(pcdiamag3)|LEVEL_RATE(ece16|ece35)|PROD(ece37,ece39)|PROD(gasa,ece1)|PROD(ip,prmtan_neped)|PROD(pinj,cerqrott6)|PROD(prmtan_neped,ece39)|PROD(prmtan_neped,prmtan_neped)|RATIO(fs03da,prmtan_neped)|RATIO(gasa,ece6)|RATIO(ip,bt)|RATIO(ip,ece22)",12,0.17545829055209955,0.23078573904931546,A,0.26927592232823383,False,False
"ID(pcdiamag3)|LEVEL_RATE(bt|ece33)|PROD(ece37,ece39)|PROD(gasa,ece1)|PROD(ip,prmtan_neped)|PROD(pinj,cerqrott6)|PROD(prmtan_neped,ece39)|PROD(prmtan_neped,prmtan_neped)|RATIO(fs03da,prmtan_neped)|RATIO(gasa,ece6)|RATIO(ip,bt)|RATIO(ip,ece22)",12,0.17607634402811528,0.23080403469502925,A,0.2828193580110869,False,False
"ID(pcdiamag3)|PROD(fs03da,cerqtit11)|PROD(ip,prmtan_neped)|PROD(pinj,ece36)|PROD(prmtan_neped,ece39)|RATIO(ece25,ece39)|RATIO(fs03da,prmtan_neped)|RATIO(ip,bt)|RATIO(ip,ece22)|RATIO(pinj,bt)|RECIP(bt)|RECIP(cerqtit10)",12,0.17604169597228367,0.23109358735382557,A,0.20185889850060154,False,False
"ID(pcdiamag3)|ID(pinj)|PROD(fs03da,cerqtit11)|PROD(ip,prmtan_neped)|PROD(pinj,ece36)|PROD(prmtan_neped,ece39)|RATIO(ece25,ece39)|RATIO(fs03da,prmtan_neped)|RATIO(ip,bt)|RATIO(ip,ece22)|RECIP(bt)|RECIP(cerqtit10)",12,0.17606657991806668,0.23112420383840798,A,0.20194209118684142,False,False
"ID(pcdiamag3)|PROD(fs03da,cerqtit11)|PROD(gasa,ece1)|PROD(ip,prmtan_neped)|PROD(pinj,cerqrott6)|PROD(prmtan_neped,ece39)|RATIO(ece25,ece39)|RATIO(fs03da,prmtan_neped)|RATIO(ip,bt)|RATIO(ip,ece22)|RECIP(bt)|RECIP(cerqtit10)",12,0.1738400150090456,0.2313004955649376,A,0.1997328348457814,False,False
"ID(pcdiamag3)|PROD(fs03da,cerqtit11)|PROD(gasa,ece1)|PROD(ip,prmtan_neped)|PROD(pinj,cerqrott6)|PROD(prmtan_neped,ece39)|RATIO(ece25,ece39)|RATIO(fs03da,prmtan_neped)|RATIO(ip,ece22)|RECIP(bt)|RECIP(cerqtit10)|RECIP(ip)",12,0.17537979409098625,0.23262274228036403,A,0.199767320851485,False,False
"ID(pcdiamag3)|PROD(fs03da,cerqtit11)|PROD(gasa,ece1)|PROD(ip,prmtan_neped)|PROD(pinj,cerqrott6)|PROD(prmtan_neped,ece39)|RATIO(ece25,ece39)|RATIO(fs03da,prmtan_neped)|RATIO(ip,cerqtit10)|RATIO(ip,ece22)|RECIP(bt)|RECIP(cerqtit10)",12,0.17620003391057254,0.23428805209696293,A,0.2012982937196891,False,False
"ID(pcdiamag3)|PROD(ece37,ece39)|PROD(gasa,ece1)|PROD(ip,prmtan_neped)|PROD(pinj,cerqrott6)|PROD(prmtan_neped,ece39)|PROD(prmtan_neped,prmtan_neped)|RATIO(fs03da,prmtan_neped)|RATIO(gasa,ece6)|RATIO(ip,bt)|RATIO(ip,ece22)|RATIO(pinj,bt)",12,0.17881312780082226,0.23553206995129586,A,0.24647188161810257,False,False
"ID(pcdiamag3)|ID(pinj)|PROD(ece37,ece39)|PROD(gasa,ece1)|PROD(ip,prmtan_neped)|PROD(pinj,cerqrott6)|PROD(prmtan_neped,ece39)|PROD(prmtan_neped,prmtan_neped)|RATIO(fs03da,prmtan_neped)|RATIO(gasa,ece6)|RATIO(ip,bt)|RATIO(ip,ece22)",12,0.17901495527476072,0.23601984307169915,A,0.24638479351997394,False,False
"ID(pcdiamag3)|PROD(ece36,ece39)|PROD(ece37,ece39)|PROD(gasa,ece1)|PROD(ip,prmtan_neped)|PROD(pinj,cerqrott6)|PROD(prmtan_neped,ece39)|PROD(prmtan_neped,prmtan_neped)|RATIO(fs03da,prmtan_neped)|RATIO(gasa,ece6)|RATIO(ip,bt)|RATIO(ip,ece22)",12,0.1770647066955765,0.24093692041933537,A,0.295760822792848,False,False
"ID(pcdiamag3)|PROD(ece37,ece39)|PROD(gasa,ece1)|PROD(ip,prmtan_neped)|PROD(pinj,cerqrott6)|PROD(prmtan_neped,ece39)|PROD(prmtan_neped,prmtan_neped)|RATIO(ece21,prmtan_neped)|RATIO(fs03da,prmtan_neped)|RATIO(gasa,ece6)|RATIO(ip,bt)|RATIO(ip,ece22)",12,0.1763626263787349,0.2427958957850933,A,0.37973425487677254,False,False
