dependency_group_id,constructor_family,linear_context,exact_relation,aggregate_coordinate,component_coordinates,n_members,linearity_argument,evidence_class,all_members_admissible,n_inadmissible_members,inadmissible_members,status,vacuous_reason
DEP_C0_LEVEL,C0,ID(pinj_b),ID(pinj) = sum_b ID(pinj_b),ID(pinj),ID(pinj_15l)|ID(pinj_15r)|ID(pinj_21l)|ID(pinj_21r)|ID(pinj_30l)|ID(pinj_30r)|ID(pinj_33l)|ID(pinj_33r),9,aggregate enters linearly: sum_b (a_b) = (sum_b a_b),LOCAL_DOCUMENTED,False,4,ID(pinj_15r)|ID(pinj_21l)|ID(pinj_21r)|ID(pinj_33l),VACUOUS,"at least one member is inadmissible, so no admissible support can contain the complete exact set; the constraint is well defined but has no binding instance"
DEP_C1_DERIV,C1,DOT(pinj_b),DOT(pinj) = sum_b DOT(pinj_b),DOT(pinj),DOT(pinj_15l)|DOT(pinj_15r)|DOT(pinj_21l)|DOT(pinj_21r)|DOT(pinj_30l)|DOT(pinj_30r)|DOT(pinj_33l)|DOT(pinj_33r),9,"d/dt is linear and FD2_PHYSICAL_TIME_V1 is a fixed linear stencil on the shared grid, so dot(pinj) = sum_b dot(pinj_b)",LOCAL_DOCUMENTED,False,4,DOT(pinj_15r)|DOT(pinj_21l)|DOT(pinj_21r)|DOT(pinj_33l),VACUOUS,"at least one member is inadmissible, so no admissible support can contain the complete exact set; the constraint is well defined but has no binding instance"
DEP_C2_PROD_bt,C2,"PROD(pinj_b,bt)","PROD(pinj,bt) = sum_b PROD(pinj_b,bt)","PROD(bt,pinj)","PROD(bt,pinj_15l)|PROD(bt,pinj_15r)|PROD(bt,pinj_21l)|PROD(bt,pinj_21r)|PROD(bt,pinj_30l)|PROD(bt,pinj_30r)|PROD(bt,pinj_33l)|PROD(bt,pinj_33r)",9,aggregate enters linearly: sum_b (a_b) = (sum_b a_b),LOCAL_DOCUMENTED,False,4,"PROD(bt,pinj_15r)|PROD(bt,pinj_21l)|PROD(bt,pinj_21r)|PROD(bt,pinj_33l)",VACUOUS,"at least one member is inadmissible, so no admissible support can contain the complete exact set; the constraint is well defined but has no binding instance"
DEP_C3_RATIO_bt,C3,"RATIO(pinj_b,bt)","RATIO(pinj,bt) = sum_b RATIO(pinj_b,bt)","RATIO(pinj,bt)","RATIO(pinj_15l,bt)|RATIO(pinj_15r,bt)|RATIO(pinj_21l,bt)|RATIO(pinj_21r,bt)|RATIO(pinj_30l,bt)|RATIO(pinj_30r,bt)|RATIO(pinj_33l,bt)|RATIO(pinj_33r,bt)",9,aggregate enters linearly: sum_b (a_b) = (sum_b a_b) (aggregate in NUMERATOR only),LOCAL_DOCUMENTED,False,4,"RATIO(pinj_15r,bt)|RATIO(pinj_21l,bt)|RATIO(pinj_21r,bt)|RATIO(pinj_33l,bt)",VACUOUS,"at least one member is inadmissible, so no admissible support can contain the complete exact set; the constraint is well defined but has no binding instance"
DEP_C6_RATE_bt,C6,LEVEL_RATE(bt|pinj_b),LEVEL_RATE(bt|pinj) = sum_b LEVEL_RATE(bt|pinj_b),LEVEL_RATE(bt|pinj),LEVEL_RATE(bt|pinj_15l)|LEVEL_RATE(bt|pinj_15r)|LEVEL_RATE(bt|pinj_21l)|LEVEL_RATE(bt|pinj_21r)|LEVEL_RATE(bt|pinj_30l)|LEVEL_RATE(bt|pinj_30r)|LEVEL_RATE(bt|pinj_33l)|LEVEL_RATE(bt|pinj_33r),9,"d/dt is linear and FD2_PHYSICAL_TIME_V1 is a fixed linear stencil on the shared grid, so dot(pinj) = sum_b dot(pinj_b); x_z * dot(pinj) = sum_b x_z * dot(pinj_b)",LOCAL_DOCUMENTED,False,4,LEVEL_RATE(bt|pinj_15r)|LEVEL_RATE(bt|pinj_21l)|LEVEL_RATE(bt|pinj_21r)|LEVEL_RATE(bt|pinj_33l),VACUOUS,"at least one member is inadmissible, so no admissible support can contain the complete exact set; the constraint is well defined but has no binding instance"
DEP_C7_RATE_OVER_LEVEL_bt,C7,RATE_OVER_LEVEL(pinj_b|bt),RATE_OVER_LEVEL(pinj|bt) = sum_b RATE_OVER_LEVEL(pinj_b|bt),RATE_OVER_LEVEL(pinj|bt),RATE_OVER_LEVEL(pinj_15l|bt)|RATE_OVER_LEVEL(pinj_15r|bt)|RATE_OVER_LEVEL(pinj_21l|bt)|RATE_OVER_LEVEL(pinj_21r|bt)|RATE_OVER_LEVEL(pinj_30l|bt)|RATE_OVER_LEVEL(pinj_30r|bt)|RATE_OVER_LEVEL(pinj_33l|bt)|RATE_OVER_LEVEL(pinj_33r|bt),9,"d/dt is linear and FD2_PHYSICAL_TIME_V1 is a fixed linear stencil on the shared grid, so dot(pinj) = sum_b dot(pinj_b); aggregate rate in NUMERATOR only",LOCAL_DOCUMENTED,False,4,RATE_OVER_LEVEL(pinj_15r|bt)|RATE_OVER_LEVEL(pinj_21l|bt)|RATE_OVER_LEVEL(pinj_21r|bt)|RATE_OVER_LEVEL(pinj_33l|bt),VACUOUS,"at least one member is inadmissible, so no admissible support can contain the complete exact set; the constraint is well defined but has no binding instance"
DEP_C2_PROD_ip,C2,"PROD(pinj_b,ip)","PROD(pinj,ip) = sum_b PROD(pinj_b,ip)","PROD(ip,pinj)","PROD(ip,pinj_15l)|PROD(ip,pinj_15r)|PROD(ip,pinj_21l)|PROD(ip,pinj_21r)|PROD(ip,pinj_30l)|PROD(ip,pinj_30r)|PROD(ip,pinj_33l)|PROD(ip,pinj_33r)",9,aggregate enters linearly: sum_b (a_b) = (sum_b a_b),LOCAL_DOCUMENTED,False,4,"PROD(ip,pinj_15r)|PROD(ip,pinj_21l)|PROD(ip,pinj_21r)|PROD(ip,pinj_33l)",VACUOUS,"at least one member is inadmissible, so no admissible support can contain the complete exact set; the constraint is well defined but has no binding instance"
DEP_C3_RATIO_ip,C3,"RATIO(pinj_b,ip)","RATIO(pinj,ip) = sum_b RATIO(pinj_b,ip)","RATIO(pinj,ip)","RATIO(pinj_15l,ip)|RATIO(pinj_15r,ip)|RATIO(pinj_21l,ip)|RATIO(pinj_21r,ip)|RATIO(pinj_30l,ip)|RATIO(pinj_30r,ip)|RATIO(pinj_33l,ip)|RATIO(pinj_33r,ip)",9,aggregate enters linearly: sum_b (a_b) = (sum_b a_b) (aggregate in NUMERATOR only),LOCAL_DOCUMENTED,False,4,"RATIO(pinj_15r,ip)|RATIO(pinj_21l,ip)|RATIO(pinj_21r,ip)|RATIO(pinj_33l,ip)",VACUOUS,"at least one member is inadmissible, so no admissible support can contain the complete exact set; the constraint is well defined but has no binding instance"
DEP_C6_RATE_ip,C6,LEVEL_RATE(ip|pinj_b),LEVEL_RATE(ip|pinj) = sum_b LEVEL_RATE(ip|pinj_b),LEVEL_RATE(ip|pinj),LEVEL_RATE(ip|pinj_15l)|LEVEL_RATE(ip|pinj_15r)|LEVEL_RATE(ip|pinj_21l)|LEVEL_RATE(ip|pinj_21r)|LEVEL_RATE(ip|pinj_30l)|LEVEL_RATE(ip|pinj_30r)|LEVEL_RATE(ip|pinj_33l)|LEVEL_RATE(ip|pinj_33r),9,"d/dt is linear and FD2_PHYSICAL_TIME_V1 is a fixed linear stencil on the shared grid, so dot(pinj) = sum_b dot(pinj_b); x_z * dot(pinj) = sum_b x_z * dot(pinj_b)",LOCAL_DOCUMENTED,False,4,LEVEL_RATE(ip|pinj_15r)|LEVEL_RATE(ip|pinj_21l)|LEVEL_RATE(ip|pinj_21r)|LEVEL_RATE(ip|pinj_33l),VACUOUS,"at least one member is inadmissible, so no admissible support can contain the complete exact set; the constraint is well defined but has no binding instance"
DEP_C7_RATE_OVER_LEVEL_ip,C7,RATE_OVER_LEVEL(pinj_b|ip),RATE_OVER_LEVEL(pinj|ip) = sum_b RATE_OVER_LEVEL(pinj_b|ip),RATE_OVER_LEVEL(pinj|ip),RATE_OVER_LEVEL(pinj_15l|ip)|RATE_OVER_LEVEL(pinj_15r|ip)|RATE_OVER_LEVEL(pinj_21l|ip)|RATE_OVER_LEVEL(pinj_21r|ip)|RATE_OVER_LEVEL(pinj_30l|ip)|RATE_OVER_LEVEL(pinj_30r|ip)|RATE_OVER_LEVEL(pinj_33l|ip)|RATE_OVER_LEVEL(pinj_33r|ip),9,"d/dt is linear and FD2_PHYSICAL_TIME_V1 is a fixed linear stencil on the shared grid, so dot(pinj) = sum_b dot(pinj_b); aggregate rate in NUMERATOR only",LOCAL_DOCUMENTED,False,4,RATE_OVER_LEVEL(pinj_15r|ip)|RATE_OVER_LEVEL(pinj_21l|ip)|RATE_OVER_LEVEL(pinj_21r|ip)|RATE_OVER_LEVEL(pinj_33l|ip),VACUOUS,"at least one member is inadmissible, so no admissible support can contain the complete exact set; the constraint is well defined but has no binding instance"
DEP_C2_PROD_prmtan_neped,C2,"PROD(pinj_b,prmtan_neped)","PROD(pinj,prmtan_neped) = sum_b PROD(pinj_b,prmtan_neped)","PROD(prmtan_neped,pinj)","PROD(prmtan_neped,pinj_15l)|PROD(prmtan_neped,pinj_15r)|PROD(prmtan_neped,pinj_21l)|PROD(prmtan_neped,pinj_21r)|PROD(prmtan_neped,pinj_30l)|PROD(prmtan_neped,pinj_30r)|PROD(prmtan_neped,pinj_33l)|PROD(prmtan_neped,pinj_33r)",9,aggregate enters linearly: sum_b (a_b) = (sum_b a_b),LOCAL_DOCUMENTED,False,4,"PROD(prmtan_neped,pinj_15r)|PROD(prmtan_neped,pinj_21l)|PROD(prmtan_neped,pinj_21r)|PROD(prmtan_neped,pinj_33l)",VACUOUS,"at least one member is inadmissible, so no admissible support can contain the complete exact set; the constraint is well defined but has no binding instance"
DEP_C3_RATIO_prmtan_neped,C3,"RATIO(pinj_b,prmtan_neped)","RATIO(pinj,prmtan_neped) = sum_b RATIO(pinj_b,prmtan_neped)","RATIO(pinj,prmtan_neped)","RATIO(pinj_15l,prmtan_neped)|RATIO(pinj_15r,prmtan_neped)|RATIO(pinj_21l,prmtan_neped)|RATIO(pinj_21r,prmtan_neped)|RATIO(pinj_30l,prmtan_neped)|RATIO(pinj_30r,prmtan_neped)|RATIO(pinj_33l,prmtan_neped)|RATIO(pinj_33r,prmtan_neped)",9,aggregate enters linearly: sum_b (a_b) = (sum_b a_b) (aggregate in NUMERATOR only),LOCAL_DOCUMENTED,False,4,"RATIO(pinj_15r,prmtan_neped)|RATIO(pinj_21l,prmtan_neped)|RATIO(pinj_21r,prmtan_neped)|RATIO(pinj_33l,prmtan_neped)",VACUOUS,"at least one member is inadmissible, so no admissible support can contain the complete exact set; the constraint is well defined but has no binding instance"
DEP_C6_RATE_prmtan_neped,C6,LEVEL_RATE(prmtan_neped|pinj_b),LEVEL_RATE(prmtan_neped|pinj) = sum_b LEVEL_RATE(prmtan_neped|pinj_b),LEVEL_RATE(prmtan_neped|pinj),LEVEL_RATE(prmtan_neped|pinj_15l)|LEVEL_RATE(prmtan_neped|pinj_15r)|LEVEL_RATE(prmtan_neped|pinj_21l)|LEVEL_RATE(prmtan_neped|pinj_21r)|LEVEL_RATE(prmtan_neped|pinj_30l)|LEVEL_RATE(prmtan_neped|pinj_30r)|LEVEL_RATE(prmtan_neped|pinj_33l)|LEVEL_RATE(prmtan_neped|pinj_33r),9,"d/dt is linear and FD2_PHYSICAL_TIME_V1 is a fixed linear stencil on the shared grid, so dot(pinj) = sum_b dot(pinj_b); x_z * dot(pinj) = sum_b x_z * dot(pinj_b)",LOCAL_DOCUMENTED,False,4,LEVEL_RATE(prmtan_neped|pinj_15r)|LEVEL_RATE(prmtan_neped|pinj_21l)|LEVEL_RATE(prmtan_neped|pinj_21r)|LEVEL_RATE(prmtan_neped|pinj_33l),VACUOUS,"at least one member is inadmissible, so no admissible support can contain the complete exact set; the constraint is well defined but has no binding instance"
DEP_C7_RATE_OVER_LEVEL_prmtan_neped,C7,RATE_OVER_LEVEL(pinj_b|prmtan_neped),RATE_OVER_LEVEL(pinj|prmtan_neped) = sum_b RATE_OVER_LEVEL(pinj_b|prmtan_neped),RATE_OVER_LEVEL(pinj|prmtan_neped),RATE_OVER_LEVEL(pinj_15l|prmtan_neped)|RATE_OVER_LEVEL(pinj_15r|prmtan_neped)|RATE_OVER_LEVEL(pinj_21l|prmtan_neped)|RATE_OVER_LEVEL(pinj_21r|prmtan_neped)|RATE_OVER_LEVEL(pinj_30l|prmtan_neped)|RATE_OVER_LEVEL(pinj_30r|prmtan_neped)|RATE_OVER_LEVEL(pinj_33l|prmtan_neped)|RATE_OVER_LEVEL(pinj_33r|prmtan_neped),9,"d/dt is linear and FD2_PHYSICAL_TIME_V1 is a fixed linear stencil on the shared grid, so dot(pinj) = sum_b dot(pinj_b); aggregate rate in NUMERATOR only",LOCAL_DOCUMENTED,False,4,RATE_OVER_LEVEL(pinj_15r|prmtan_neped)|RATE_OVER_LEVEL(pinj_21l|prmtan_neped)|RATE_OVER_LEVEL(pinj_21r|prmtan_neped)|RATE_OVER_LEVEL(pinj_33l|prmtan_neped),VACUOUS,"at least one member is inadmissible, so no admissible support can contain the complete exact set; the constraint is well defined but has no binding instance"
DEP_C2_PROD_prmtan_teped,C2,"PROD(pinj_b,prmtan_teped)","PROD(pinj,prmtan_teped) = sum_b PROD(pinj_b,prmtan_teped)","PROD(prmtan_teped,pinj)","PROD(prmtan_teped,pinj_15l)|PROD(prmtan_teped,pinj_15r)|PROD(prmtan_teped,pinj_21l)|PROD(prmtan_teped,pinj_21r)|PROD(prmtan_teped,pinj_30l)|PROD(prmtan_teped,pinj_30r)|PROD(prmtan_teped,pinj_33l)|PROD(prmtan_teped,pinj_33r)",9,aggregate enters linearly: sum_b (a_b) = (sum_b a_b),LOCAL_DOCUMENTED,False,4,"PROD(prmtan_teped,pinj_15r)|PROD(prmtan_teped,pinj_21l)|PROD(prmtan_teped,pinj_21r)|PROD(prmtan_teped,pinj_33l)",VACUOUS,"at least one member is inadmissible, so no admissible support can contain the complete exact set; the constraint is well defined but has no binding instance"
DEP_C3_RATIO_prmtan_teped,C3,"RATIO(pinj_b,prmtan_teped)","RATIO(pinj,prmtan_teped) = sum_b RATIO(pinj_b,prmtan_teped)","RATIO(pinj,prmtan_teped)","RATIO(pinj_15l,prmtan_teped)|RATIO(pinj_15r,prmtan_teped)|RATIO(pinj_21l,prmtan_teped)|RATIO(pinj_21r,prmtan_teped)|RATIO(pinj_30l,prmtan_teped)|RATIO(pinj_30r,prmtan_teped)|RATIO(pinj_33l,prmtan_teped)|RATIO(pinj_33r,prmtan_teped)",9,aggregate enters linearly: sum_b (a_b) = (sum_b a_b) (aggregate in NUMERATOR only),LOCAL_DOCUMENTED,False,9,"RATIO(pinj,prmtan_teped)|RATIO(pinj_15l,prmtan_teped)|RATIO(pinj_15r,prmtan_teped)|RATIO(pinj_21l,prmtan_teped)|RATIO(pinj_21r,prmtan_teped)|RATIO(pinj_30l,prmtan_teped)|RATIO(pinj_30r,prmtan_teped)|RATIO(pinj_33l,prmtan_teped)|RATIO(pinj_33r,prmtan_teped)",VACUOUS,"at least one member is inadmissible, so no admissible support can contain the complete exact set; the constraint is well defined but has no binding instance"
DEP_C6_RATE_prmtan_teped,C6,LEVEL_RATE(prmtan_teped|pinj_b),LEVEL_RATE(prmtan_teped|pinj) = sum_b LEVEL_RATE(prmtan_teped|pinj_b),LEVEL_RATE(prmtan_teped|pinj),LEVEL_RATE(prmtan_teped|pinj_15l)|LEVEL_RATE(prmtan_teped|pinj_15r)|LEVEL_RATE(prmtan_teped|pinj_21l)|LEVEL_RATE(prmtan_teped|pinj_21r)|LEVEL_RATE(prmtan_teped|pinj_30l)|LEVEL_RATE(prmtan_teped|pinj_30r)|LEVEL_RATE(prmtan_teped|pinj_33l)|LEVEL_RATE(prmtan_teped|pinj_33r),9,"d/dt is linear and FD2_PHYSICAL_TIME_V1 is a fixed linear stencil on the shared grid, so dot(pinj) = sum_b dot(pinj_b); x_z * dot(pinj) = sum_b x_z * dot(pinj_b)",LOCAL_DOCUMENTED,False,4,LEVEL_RATE(prmtan_teped|pinj_15r)|LEVEL_RATE(prmtan_teped|pinj_21l)|LEVEL_RATE(prmtan_teped|pinj_21r)|LEVEL_RATE(prmtan_teped|pinj_33l),VACUOUS,"at least one member is inadmissible, so no admissible support can contain the complete exact set; the constraint is well defined but has no binding instance"
DEP_C7_RATE_OVER_LEVEL_prmtan_teped,C7,RATE_OVER_LEVEL(pinj_b|prmtan_teped),RATE_OVER_LEVEL(pinj|prmtan_teped) = sum_b RATE_OVER_LEVEL(pinj_b|prmtan_teped),RATE_OVER_LEVEL(pinj|prmtan_teped),RATE_OVER_LEVEL(pinj_15l|prmtan_teped)|RATE_OVER_LEVEL(pinj_15r|prmtan_teped)|RATE_OVER_LEVEL(pinj_21l|prmtan_teped)|RATE_OVER_LEVEL(pinj_21r|prmtan_teped)|RATE_OVER_LEVEL(pinj_30l|prmtan_teped)|RATE_OVER_LEVEL(pinj_30r|prmtan_teped)|RATE_OVER_LEVEL(pinj_33l|prmtan_teped)|RATE_OVER_LEVEL(pinj_33r|prmtan_teped),9,"d/dt is linear and FD2_PHYSICAL_TIME_V1 is a fixed linear stencil on the shared grid, so dot(pinj) = sum_b dot(pinj_b); aggregate rate in NUMERATOR only",LOCAL_DOCUMENTED,False,9,RATE_OVER_LEVEL(pinj|prmtan_teped)|RATE_OVER_LEVEL(pinj_15l|prmtan_teped)|RATE_OVER_LEVEL(pinj_15r|prmtan_teped)|RATE_OVER_LEVEL(pinj_21l|prmtan_teped)|RATE_OVER_LEVEL(pinj_21r|prmtan_teped)|RATE_OVER_LEVEL(pinj_30l|prmtan_teped)|RATE_OVER_LEVEL(pinj_30r|prmtan_teped)|RATE_OVER_LEVEL(pinj_33l|prmtan_teped)|RATE_OVER_LEVEL(pinj_33r|prmtan_teped),VACUOUS,"at least one member is inadmissible, so no admissible support can contain the complete exact set; the constraint is well defined but has no binding instance"
DEP_C2_PROD_fs04,C2,"PROD(pinj_b,fs04)","PROD(pinj,fs04) = sum_b PROD(pinj_b,fs04)","PROD(fs04,pinj)","PROD(fs04,pinj_15l)|PROD(fs04,pinj_15r)|PROD(fs04,pinj_21l)|PROD(fs04,pinj_21r)|PROD(fs04,pinj_30l)|PROD(fs04,pinj_30r)|PROD(fs04,pinj_33l)|PROD(fs04,pinj_33r)",9,aggregate enters linearly: sum_b (a_b) = (sum_b a_b),LOCAL_DOCUMENTED,False,4,"PROD(fs04,pinj_15r)|PROD(fs04,pinj_21l)|PROD(fs04,pinj_21r)|PROD(fs04,pinj_33l)",VACUOUS,"at least one member is inadmissible, so no admissible support can contain the complete exact set; the constraint is well defined but has no binding instance"
DEP_C3_RATIO_fs04,C3,"RATIO(pinj_b,fs04)","RATIO(pinj,fs04) = sum_b RATIO(pinj_b,fs04)","RATIO(pinj,fs04)","RATIO(pinj_15l,fs04)|RATIO(pinj_15r,fs04)|RATIO(pinj_21l,fs04)|RATIO(pinj_21r,fs04)|RATIO(pinj_30l,fs04)|RATIO(pinj_30r,fs04)|RATIO(pinj_33l,fs04)|RATIO(pinj_33r,fs04)",9,aggregate enters linearly: sum_b (a_b) = (sum_b a_b) (aggregate in NUMERATOR only),LOCAL_DOCUMENTED,False,9,"RATIO(pinj,fs04)|RATIO(pinj_15l,fs04)|RATIO(pinj_15r,fs04)|RATIO(pinj_21l,fs04)|RATIO(pinj_21r,fs04)|RATIO(pinj_30l,fs04)|RATIO(pinj_30r,fs04)|RATIO(pinj_33l,fs04)|RATIO(pinj_33r,fs04)",VACUOUS,"at least one member is inadmissible, so no admissible support can contain the complete exact set; the constraint is well defined but has no binding instance"
DEP_C6_RATE_fs04,C6,LEVEL_RATE(fs04|pinj_b),LEVEL_RATE(fs04|pinj) = sum_b LEVEL_RATE(fs04|pinj_b),LEVEL_RATE(fs04|pinj),LEVEL_RATE(fs04|pinj_15l)|LEVEL_RATE(fs04|pinj_15r)|LEVEL_RATE(fs04|pinj_21l)|LEVEL_RATE(fs04|pinj_21r)|LEVEL_RATE(fs04|pinj_30l)|LEVEL_RATE(fs04|pinj_30r)|LEVEL_RATE(fs04|pinj_33l)|LEVEL_RATE(fs04|pinj_33r),9,"d/dt is linear and FD2_PHYSICAL_TIME_V1 is a fixed linear stencil on the shared grid, so dot(pinj) = sum_b dot(pinj_b); x_z * dot(pinj) = sum_b x_z * dot(pinj_b)",LOCAL_DOCUMENTED,False,4,LEVEL_RATE(fs04|pinj_15r)|LEVEL_RATE(fs04|pinj_21l)|LEVEL_RATE(fs04|pinj_21r)|LEVEL_RATE(fs04|pinj_33l),VACUOUS,"at least one member is inadmissible, so no admissible support can contain the complete exact set; the constraint is well defined but has no binding instance"
DEP_C7_RATE_OVER_LEVEL_fs04,C7,RATE_OVER_LEVEL(pinj_b|fs04),RATE_OVER_LEVEL(pinj|fs04) = sum_b RATE_OVER_LEVEL(pinj_b|fs04),RATE_OVER_LEVEL(pinj|fs04),RATE_OVER_LEVEL(pinj_15l|fs04)|RATE_OVER_LEVEL(pinj_15r|fs04)|RATE_OVER_LEVEL(pinj_21l|fs04)|RATE_OVER_LEVEL(pinj_21r|fs04)|RATE_OVER_LEVEL(pinj_30l|fs04)|RATE_OVER_LEVEL(pinj_30r|fs04)|RATE_OVER_LEVEL(pinj_33l|fs04)|RATE_OVER_LEVEL(pinj_33r|fs04),9,"d/dt is linear and FD2_PHYSICAL_TIME_V1 is a fixed linear stencil on the shared grid, so dot(pinj) = sum_b dot(pinj_b); aggregate rate in NUMERATOR only",LOCAL_DOCUMENTED,False,9,RATE_OVER_LEVEL(pinj|fs04)|RATE_OVER_LEVEL(pinj_15l|fs04)|RATE_OVER_LEVEL(pinj_15r|fs04)|RATE_OVER_LEVEL(pinj_21l|fs04)|RATE_OVER_LEVEL(pinj_21r|fs04)|RATE_OVER_LEVEL(pinj_30l|fs04)|RATE_OVER_LEVEL(pinj_30r|fs04)|RATE_OVER_LEVEL(pinj_33l|fs04)|RATE_OVER_LEVEL(pinj_33r|fs04),VACUOUS,"at least one member is inadmissible, so no admissible support can contain the complete exact set; the constraint is well defined but has no binding instance"
DEP_C2_PROD_fs03da,C2,"PROD(pinj_b,fs03da)","PROD(pinj,fs03da) = sum_b PROD(pinj_b,fs03da)","PROD(fs03da,pinj)","PROD(fs03da,pinj_15l)|PROD(fs03da,pinj_15r)|PROD(fs03da,pinj_21l)|PROD(fs03da,pinj_21r)|PROD(fs03da,pinj_30l)|PROD(fs03da,pinj_30r)|PROD(fs03da,pinj_33l)|PROD(fs03da,pinj_33r)",9,aggregate enters linearly: sum_b (a_b) = (sum_b a_b),LOCAL_DOCUMENTED,False,4,"PROD(fs03da,pinj_15r)|PROD(fs03da,pinj_21l)|PROD(fs03da,pinj_21r)|PROD(fs03da,pinj_33l)",VACUOUS,"at least one member is inadmissible, so no admissible support can contain the complete exact set; the constraint is well defined but has no binding instance"
DEP_C3_RATIO_fs03da,C3,"RATIO(pinj_b,fs03da)","RATIO(pinj,fs03da) = sum_b RATIO(pinj_b,fs03da)","RATIO(pinj,fs03da)","RATIO(pinj_15l,fs03da)|RATIO(pinj_15r,fs03da)|RATIO(pinj_21l,fs03da)|RATIO(pinj_21r,fs03da)|RATIO(pinj_30l,fs03da)|RATIO(pinj_30r,fs03da)|RATIO(pinj_33l,fs03da)|RATIO(pinj_33r,fs03da)",9,aggregate enters linearly: sum_b (a_b) = (sum_b a_b) (aggregate in NUMERATOR only),LOCAL_DOCUMENTED,False,9,"RATIO(pinj,fs03da)|RATIO(pinj_15l,fs03da)|RATIO(pinj_15r,fs03da)|RATIO(pinj_21l,fs03da)|RATIO(pinj_21r,fs03da)|RATIO(pinj_30l,fs03da)|RATIO(pinj_30r,fs03da)|RATIO(pinj_33l,fs03da)|RATIO(pinj_33r,fs03da)",VACUOUS,"at least one member is inadmissible, so no admissible support can contain the complete exact set; the constraint is well defined but has no binding instance"
DEP_C6_RATE_fs03da,C6,LEVEL_RATE(fs03da|pinj_b),LEVEL_RATE(fs03da|pinj) = sum_b LEVEL_RATE(fs03da|pinj_b),LEVEL_RATE(fs03da|pinj),LEVEL_RATE(fs03da|pinj_15l)|LEVEL_RATE(fs03da|pinj_15r)|LEVEL_RATE(fs03da|pinj_21l)|LEVEL_RATE(fs03da|pinj_21r)|LEVEL_RATE(fs03da|pinj_30l)|LEVEL_RATE(fs03da|pinj_30r)|LEVEL_RATE(fs03da|pinj_33l)|LEVEL_RATE(fs03da|pinj_33r),9,"d/dt is linear and FD2_PHYSICAL_TIME_V1 is a fixed linear stencil on the shared grid, so dot(pinj) = sum_b dot(pinj_b); x_z * dot(pinj) = sum_b x_z * dot(pinj_b)",LOCAL_DOCUMENTED,False,4,LEVEL_RATE(fs03da|pinj_15r)|LEVEL_RATE(fs03da|pinj_21l)|LEVEL_RATE(fs03da|pinj_21r)|LEVEL_RATE(fs03da|pinj_33l),VACUOUS,"at least one member is inadmissible, so no admissible support can contain the complete exact set; the constraint is well defined but has no binding instance"
DEP_C7_RATE_OVER_LEVEL_fs03da,C7,RATE_OVER_LEVEL(pinj_b|fs03da),RATE_OVER_LEVEL(pinj|fs03da) = sum_b RATE_OVER_LEVEL(pinj_b|fs03da),RATE_OVER_LEVEL(pinj|fs03da),RATE_OVER_LEVEL(pinj_15l|fs03da)|RATE_OVER_LEVEL(pinj_15r|fs03da)|RATE_OVER_LEVEL(pinj_21l|fs03da)|RATE_OVER_LEVEL(pinj_21r|fs03da)|RATE_OVER_LEVEL(pinj_30l|fs03da)|RATE_OVER_LEVEL(pinj_30r|fs03da)|RATE_OVER_LEVEL(pinj_33l|fs03da)|RATE_OVER_LEVEL(pinj_33r|fs03da),9,"d/dt is linear and FD2_PHYSICAL_TIME_V1 is a fixed linear stencil on the shared grid, so dot(pinj) = sum_b dot(pinj_b); aggregate rate in NUMERATOR only",LOCAL_DOCUMENTED,False,9,RATE_OVER_LEVEL(pinj|fs03da)|RATE_OVER_LEVEL(pinj_15l|fs03da)|RATE_OVER_LEVEL(pinj_15r|fs03da)|RATE_OVER_LEVEL(pinj_21l|fs03da)|RATE_OVER_LEVEL(pinj_21r|fs03da)|RATE_OVER_LEVEL(pinj_30l|fs03da)|RATE_OVER_LEVEL(pinj_30r|fs03da)|RATE_OVER_LEVEL(pinj_33l|fs03da)|RATE_OVER_LEVEL(pinj_33r|fs03da),VACUOUS,"at least one member is inadmissible, so no admissible support can contain the complete exact set; the constraint is well defined but has no binding instance"
DEP_C2_PROD_fs05da,C2,"PROD(pinj_b,fs05da)","PROD(pinj,fs05da) = sum_b PROD(pinj_b,fs05da)","PROD(fs05da,pinj)","PROD(fs05da,pinj_15l)|PROD(fs05da,pinj_15r)|PROD(fs05da,pinj_21l)|PROD(fs05da,pinj_21r)|PROD(fs05da,pinj_30l)|PROD(fs05da,pinj_30r)|PROD(fs05da,pinj_33l)|PROD(fs05da,pinj_33r)",9,aggregate enters linearly: sum_b (a_b) = (sum_b a_b),LOCAL_DOCUMENTED,False,4,"PROD(fs05da,pinj_15r)|PROD(fs05da,pinj_21l)|PROD(fs05da,pinj_21r)|PROD(fs05da,pinj_33l)",VACUOUS,"at least one member is inadmissible, so no admissible support can contain the complete exact set; the constraint is well defined but has no binding instance"
DEP_C3_RATIO_fs05da,C3,"RATIO(pinj_b,fs05da)","RATIO(pinj,fs05da) = sum_b RATIO(pinj_b,fs05da)","RATIO(pinj,fs05da)","RATIO(pinj_15l,fs05da)|RATIO(pinj_15r,fs05da)|RATIO(pinj_21l,fs05da)|RATIO(pinj_21r,fs05da)|RATIO(pinj_30l,fs05da)|RATIO(pinj_30r,fs05da)|RATIO(pinj_33l,fs05da)|RATIO(pinj_33r,fs05da)",9,aggregate enters linearly: sum_b (a_b) = (sum_b a_b) (aggregate in NUMERATOR only),LOCAL_DOCUMENTED,False,9,"RATIO(pinj,fs05da)|RATIO(pinj_15l,fs05da)|RATIO(pinj_15r,fs05da)|RATIO(pinj_21l,fs05da)|RATIO(pinj_21r,fs05da)|RATIO(pinj_30l,fs05da)|RATIO(pinj_30r,fs05da)|RATIO(pinj_33l,fs05da)|RATIO(pinj_33r,fs05da)",VACUOUS,"at least one member is inadmissible, so no admissible support can contain the complete exact set; the constraint is well defined but has no binding instance"
DEP_C6_RATE_fs05da,C6,LEVEL_RATE(fs05da|pinj_b),LEVEL_RATE(fs05da|pinj) = sum_b LEVEL_RATE(fs05da|pinj_b),LEVEL_RATE(fs05da|pinj),LEVEL_RATE(fs05da|pinj_15l)|LEVEL_RATE(fs05da|pinj_15r)|LEVEL_RATE(fs05da|pinj_21l)|LEVEL_RATE(fs05da|pinj_21r)|LEVEL_RATE(fs05da|pinj_30l)|LEVEL_RATE(fs05da|pinj_30r)|LEVEL_RATE(fs05da|pinj_33l)|LEVEL_RATE(fs05da|pinj_33r),9,"d/dt is linear and FD2_PHYSICAL_TIME_V1 is a fixed linear stencil on the shared grid, so dot(pinj) = sum_b dot(pinj_b); x_z * dot(pinj) = sum_b x_z * dot(pinj_b)",LOCAL_DOCUMENTED,False,4,LEVEL_RATE(fs05da|pinj_15r)|LEVEL_RATE(fs05da|pinj_21l)|LEVEL_RATE(fs05da|pinj_21r)|LEVEL_RATE(fs05da|pinj_33l),VACUOUS,"at least one member is inadmissible, so no admissible support can contain the complete exact set; the constraint is well defined but has no binding instance"
DEP_C7_RATE_OVER_LEVEL_fs05da,C7,RATE_OVER_LEVEL(pinj_b|fs05da),RATE_OVER_LEVEL(pinj|fs05da) = sum_b RATE_OVER_LEVEL(pinj_b|fs05da),RATE_OVER_LEVEL(pinj|fs05da),RATE_OVER_LEVEL(pinj_15l|fs05da)|RATE_OVER_LEVEL(pinj_15r|fs05da)|RATE_OVER_LEVEL(pinj_21l|fs05da)|RATE_OVER_LEVEL(pinj_21r|fs05da)|RATE_OVER_LEVEL(pinj_30l|fs05da)|RATE_OVER_LEVEL(pinj_30r|fs05da)|RATE_OVER_LEVEL(pinj_33l|fs05da)|RATE_OVER_LEVEL(pinj_33r|fs05da),9,"d/dt is linear and FD2_PHYSICAL_TIME_V1 is a fixed linear stencil on the shared grid, so dot(pinj) = sum_b dot(pinj_b); aggregate rate in NUMERATOR only",LOCAL_DOCUMENTED,False,9,RATE_OVER_LEVEL(pinj|fs05da)|RATE_OVER_LEVEL(pinj_15l|fs05da)|RATE_OVER_LEVEL(pinj_15r|fs05da)|RATE_OVER_LEVEL(pinj_21l|fs05da)|RATE_OVER_LEVEL(pinj_21r|fs05da)|RATE_OVER_LEVEL(pinj_30l|fs05da)|RATE_OVER_LEVEL(pinj_30r|fs05da)|RATE_OVER_LEVEL(pinj_33l|fs05da)|RATE_OVER_LEVEL(pinj_33r|fs05da),VACUOUS,"at least one member is inadmissible, so no admissible support can contain the complete exact set; the constraint is well defined but has no binding instance"
DEP_C2_PROD_gasa,C2,"PROD(pinj_b,gasa)","PROD(pinj,gasa) = sum_b PROD(pinj_b,gasa)","PROD(gasa,pinj)","PROD(gasa,pinj_15l)|PROD(gasa,pinj_15r)|PROD(gasa,pinj_21l)|PROD(gasa,pinj_21r)|PROD(gasa,pinj_30l)|PROD(gasa,pinj_30r)|PROD(gasa,pinj_33l)|PROD(gasa,pinj_33r)",9,aggregate enters linearly: sum_b (a_b) = (sum_b a_b),LOCAL_DOCUMENTED,False,4,"PROD(gasa,pinj_15r)|PROD(gasa,pinj_21l)|PROD(gasa,pinj_21r)|PROD(gasa,pinj_33l)",VACUOUS,"at least one member is inadmissible, so no admissible support can contain the complete exact set; the constraint is well defined but has no binding instance"
DEP_C3_RATIO_gasa,C3,"RATIO(pinj_b,gasa)","RATIO(pinj,gasa) = sum_b RATIO(pinj_b,gasa)","RATIO(pinj,gasa)","RATIO(pinj_15l,gasa)|RATIO(pinj_15r,gasa)|RATIO(pinj_21l,gasa)|RATIO(pinj_21r,gasa)|RATIO(pinj_30l,gasa)|RATIO(pinj_30r,gasa)|RATIO(pinj_33l,gasa)|RATIO(pinj_33r,gasa)",9,aggregate enters linearly: sum_b (a_b) = (sum_b a_b) (aggregate in NUMERATOR only),LOCAL_DOCUMENTED,False,9,"RATIO(pinj,gasa)|RATIO(pinj_15l,gasa)|RATIO(pinj_15r,gasa)|RATIO(pinj_21l,gasa)|RATIO(pinj_21r,gasa)|RATIO(pinj_30l,gasa)|RATIO(pinj_30r,gasa)|RATIO(pinj_33l,gasa)|RATIO(pinj_33r,gasa)",VACUOUS,"at least one member is inadmissible, so no admissible support can contain the complete exact set; the constraint is well defined but has no binding instance"
DEP_C6_RATE_gasa,C6,LEVEL_RATE(gasa|pinj_b),LEVEL_RATE(gasa|pinj) = sum_b LEVEL_RATE(gasa|pinj_b),LEVEL_RATE(gasa|pinj),LEVEL_RATE(gasa|pinj_15l)|LEVEL_RATE(gasa|pinj_15r)|LEVEL_RATE(gasa|pinj_21l)|LEVEL_RATE(gasa|pinj_21r)|LEVEL_RATE(gasa|pinj_30l)|LEVEL_RATE(gasa|pinj_30r)|LEVEL_RATE(gasa|pinj_33l)|LEVEL_RATE(gasa|pinj_33r),9,"d/dt is linear and FD2_PHYSICAL_TIME_V1 is a fixed linear stencil on the shared grid, so dot(pinj) = sum_b dot(pinj_b); x_z * dot(pinj) = sum_b x_z * dot(pinj_b)",LOCAL_DOCUMENTED,False,4,LEVEL_RATE(gasa|pinj_15r)|LEVEL_RATE(gasa|pinj_21l)|LEVEL_RATE(gasa|pinj_21r)|LEVEL_RATE(gasa|pinj_33l),VACUOUS,"at least one member is inadmissible, so no admissible support can contain the complete exact set; the constraint is well defined but has no binding instance"
DEP_C7_RATE_OVER_LEVEL_gasa,C7,RATE_OVER_LEVEL(pinj_b|gasa),RATE_OVER_LEVEL(pinj|gasa) = sum_b RATE_OVER_LEVEL(pinj_b|gasa),RATE_OVER_LEVEL(pinj|gasa),RATE_OVER_LEVEL(pinj_15l|gasa)|RATE_OVER_LEVEL(pinj_15r|gasa)|RATE_OVER_LEVEL(pinj_21l|gasa)|RATE_OVER_LEVEL(pinj_21r|gasa)|RATE_OVER_LEVEL(pinj_30l|gasa)|RATE_OVER_LEVEL(pinj_30r|gasa)|RATE_OVER_LEVEL(pinj_33l|gasa)|RATE_OVER_LEVEL(pinj_33r|gasa),9,"d/dt is linear and FD2_PHYSICAL_TIME_V1 is a fixed linear stencil on the shared grid, so dot(pinj) = sum_b dot(pinj_b); aggregate rate in NUMERATOR only",LOCAL_DOCUMENTED,False,9,RATE_OVER_LEVEL(pinj|gasa)|RATE_OVER_LEVEL(pinj_15l|gasa)|RATE_OVER_LEVEL(pinj_15r|gasa)|RATE_OVER_LEVEL(pinj_21l|gasa)|RATE_OVER_LEVEL(pinj_21r|gasa)|RATE_OVER_LEVEL(pinj_30l|gasa)|RATE_OVER_LEVEL(pinj_30r|gasa)|RATE_OVER_LEVEL(pinj_33l|gasa)|RATE_OVER_LEVEL(pinj_33r|gasa),VACUOUS,"at least one member is inadmissible, so no admissible support can contain the complete exact set; the constraint is well defined but has no binding instance"
DEP_C2_PROD_gasb,C2,"PROD(pinj_b,gasb)","PROD(pinj,gasb) = sum_b PROD(pinj_b,gasb)","PROD(gasb,pinj)","PROD(gasb,pinj_15l)|PROD(gasb,pinj_15r)|PROD(gasb,pinj_21l)|PROD(gasb,pinj_21r)|PROD(gasb,pinj_30l)|PROD(gasb,pinj_30r)|PROD(gasb,pinj_33l)|PROD(gasb,pinj_33r)",9,aggregate enters linearly: sum_b (a_b) = (sum_b a_b),LOCAL_DOCUMENTED,False,4,"PROD(gasb,pinj_15r)|PROD(gasb,pinj_21l)|PROD(gasb,pinj_21r)|PROD(gasb,pinj_33l)",VACUOUS,"at least one member is inadmissible, so no admissible support can contain the complete exact set; the constraint is well defined but has no binding instance"
DEP_C3_RATIO_gasb,C3,"RATIO(pinj_b,gasb)","RATIO(pinj,gasb) = sum_b RATIO(pinj_b,gasb)","RATIO(pinj,gasb)","RATIO(pinj_15l,gasb)|RATIO(pinj_15r,gasb)|RATIO(pinj_21l,gasb)|RATIO(pinj_21r,gasb)|RATIO(pinj_30l,gasb)|RATIO(pinj_30r,gasb)|RATIO(pinj_33l,gasb)|RATIO(pinj_33r,gasb)",9,aggregate enters linearly: sum_b (a_b) = (sum_b a_b) (aggregate in NUMERATOR only),LOCAL_DOCUMENTED,False,9,"RATIO(pinj,gasb)|RATIO(pinj_15l,gasb)|RATIO(pinj_15r,gasb)|RATIO(pinj_21l,gasb)|RATIO(pinj_21r,gasb)|RATIO(pinj_30l,gasb)|RATIO(pinj_30r,gasb)|RATIO(pinj_33l,gasb)|RATIO(pinj_33r,gasb)",VACUOUS,"at least one member is inadmissible, so no admissible support can contain the complete exact set; the constraint is well defined but has no binding instance"
DEP_C6_RATE_gasb,C6,LEVEL_RATE(gasb|pinj_b),LEVEL_RATE(gasb|pinj) = sum_b LEVEL_RATE(gasb|pinj_b),LEVEL_RATE(gasb|pinj),LEVEL_RATE(gasb|pinj_15l)|LEVEL_RATE(gasb|pinj_15r)|LEVEL_RATE(gasb|pinj_21l)|LEVEL_RATE(gasb|pinj_21r)|LEVEL_RATE(gasb|pinj_30l)|LEVEL_RATE(gasb|pinj_30r)|LEVEL_RATE(gasb|pinj_33l)|LEVEL_RATE(gasb|pinj_33r),9,"d/dt is linear and FD2_PHYSICAL_TIME_V1 is a fixed linear stencil on the shared grid, so dot(pinj) = sum_b dot(pinj_b); x_z * dot(pinj) = sum_b x_z * dot(pinj_b)",LOCAL_DOCUMENTED,False,4,LEVEL_RATE(gasb|pinj_15r)|LEVEL_RATE(gasb|pinj_21l)|LEVEL_RATE(gasb|pinj_21r)|LEVEL_RATE(gasb|pinj_33l),VACUOUS,"at least one member is inadmissible, so no admissible support can contain the complete exact set; the constraint is well defined but has no binding instance"
DEP_C7_RATE_OVER_LEVEL_gasb,C7,RATE_OVER_LEVEL(pinj_b|gasb),RATE_OVER_LEVEL(pinj|gasb) = sum_b RATE_OVER_LEVEL(pinj_b|gasb),RATE_OVER_LEVEL(pinj|gasb),RATE_OVER_LEVEL(pinj_15l|gasb)|RATE_OVER_LEVEL(pinj_15r|gasb)|RATE_OVER_LEVEL(pinj_21l|gasb)|RATE_OVER_LEVEL(pinj_21r|gasb)|RATE_OVER_LEVEL(pinj_30l|gasb)|RATE_OVER_LEVEL(pinj_30r|gasb)|RATE_OVER_LEVEL(pinj_33l|gasb)|RATE_OVER_LEVEL(pinj_33r|gasb),9,"d/dt is linear and FD2_PHYSICAL_TIME_V1 is a fixed linear stencil on the shared grid, so dot(pinj) = sum_b dot(pinj_b); aggregate rate in NUMERATOR only",LOCAL_DOCUMENTED,False,9,RATE_OVER_LEVEL(pinj|gasb)|RATE_OVER_LEVEL(pinj_15l|gasb)|RATE_OVER_LEVEL(pinj_15r|gasb)|RATE_OVER_LEVEL(pinj_21l|gasb)|RATE_OVER_LEVEL(pinj_21r|gasb)|RATE_OVER_LEVEL(pinj_30l|gasb)|RATE_OVER_LEVEL(pinj_30r|gasb)|RATE_OVER_LEVEL(pinj_33l|gasb)|RATE_OVER_LEVEL(pinj_33r|gasb),VACUOUS,"at least one member is inadmissible, so no admissible support can contain the complete exact set; the constraint is well defined but has no binding instance"
DEP_C2_PROD_gasc,C2,"PROD(pinj_b,gasc)","PROD(pinj,gasc) = sum_b PROD(pinj_b,gasc)","PROD(gasc,pinj)","PROD(gasc,pinj_15l)|PROD(gasc,pinj_15r)|PROD(gasc,pinj_21l)|PROD(gasc,pinj_21r)|PROD(gasc,pinj_30l)|PROD(gasc,pinj_30r)|PROD(gasc,pinj_33l)|PROD(gasc,pinj_33r)",9,aggregate enters linearly: sum_b (a_b) = (sum_b a_b),LOCAL_DOCUMENTED,False,4,"PROD(gasc,pinj_15r)|PROD(gasc,pinj_21l)|PROD(gasc,pinj_21r)|PROD(gasc,pinj_33l)",VACUOUS,"at least one member is inadmissible, so no admissible support can contain the complete exact set; the constraint is well defined but has no binding instance"
DEP_C3_RATIO_gasc,C3,"RATIO(pinj_b,gasc)","RATIO(pinj,gasc) = sum_b RATIO(pinj_b,gasc)","RATIO(pinj,gasc)","RATIO(pinj_15l,gasc)|RATIO(pinj_15r,gasc)|RATIO(pinj_21l,gasc)|RATIO(pinj_21r,gasc)|RATIO(pinj_30l,gasc)|RATIO(pinj_30r,gasc)|RATIO(pinj_33l,gasc)|RATIO(pinj_33r,gasc)",9,aggregate enters linearly: sum_b (a_b) = (sum_b a_b) (aggregate in NUMERATOR only),LOCAL_DOCUMENTED,False,9,"RATIO(pinj,gasc)|RATIO(pinj_15l,gasc)|RATIO(pinj_15r,gasc)|RATIO(pinj_21l,gasc)|RATIO(pinj_21r,gasc)|RATIO(pinj_30l,gasc)|RATIO(pinj_30r,gasc)|RATIO(pinj_33l,gasc)|RATIO(pinj_33r,gasc)",VACUOUS,"at least one member is inadmissible, so no admissible support can contain the complete exact set; the constraint is well defined but has no binding instance"
DEP_C6_RATE_gasc,C6,LEVEL_RATE(gasc|pinj_b),LEVEL_RATE(gasc|pinj) = sum_b LEVEL_RATE(gasc|pinj_b),LEVEL_RATE(gasc|pinj),LEVEL_RATE(gasc|pinj_15l)|LEVEL_RATE(gasc|pinj_15r)|LEVEL_RATE(gasc|pinj_21l)|LEVEL_RATE(gasc|pinj_21r)|LEVEL_RATE(gasc|pinj_30l)|LEVEL_RATE(gasc|pinj_30r)|LEVEL_RATE(gasc|pinj_33l)|LEVEL_RATE(gasc|pinj_33r),9,"d/dt is linear and FD2_PHYSICAL_TIME_V1 is a fixed linear stencil on the shared grid, so dot(pinj) = sum_b dot(pinj_b); x_z * dot(pinj) = sum_b x_z * dot(pinj_b)",LOCAL_DOCUMENTED,False,4,LEVEL_RATE(gasc|pinj_15r)|LEVEL_RATE(gasc|pinj_21l)|LEVEL_RATE(gasc|pinj_21r)|LEVEL_RATE(gasc|pinj_33l),VACUOUS,"at least one member is inadmissible, so no admissible support can contain the complete exact set; the constraint is well defined but has no binding instance"
DEP_C7_RATE_OVER_LEVEL_gasc,C7,RATE_OVER_LEVEL(pinj_b|gasc),RATE_OVER_LEVEL(pinj|gasc) = sum_b RATE_OVER_LEVEL(pinj_b|gasc),RATE_OVER_LEVEL(pinj|gasc),RATE_OVER_LEVEL(pinj_15l|gasc)|RATE_OVER_LEVEL(pinj_15r|gasc)|RATE_OVER_LEVEL(pinj_21l|gasc)|RATE_OVER_LEVEL(pinj_21r|gasc)|RATE_OVER_LEVEL(pinj_30l|gasc)|RATE_OVER_LEVEL(pinj_30r|gasc)|RATE_OVER_LEVEL(pinj_33l|gasc)|RATE_OVER_LEVEL(pinj_33r|gasc),9,"d/dt is linear and FD2_PHYSICAL_TIME_V1 is a fixed linear stencil on the shared grid, so dot(pinj) = sum_b dot(pinj_b); aggregate rate in NUMERATOR only",LOCAL_DOCUMENTED,False,9,RATE_OVER_LEVEL(pinj|gasc)|RATE_OVER_LEVEL(pinj_15l|gasc)|RATE_OVER_LEVEL(pinj_15r|gasc)|RATE_OVER_LEVEL(pinj_21l|gasc)|RATE_OVER_LEVEL(pinj_21r|gasc)|RATE_OVER_LEVEL(pinj_30l|gasc)|RATE_OVER_LEVEL(pinj_30r|gasc)|RATE_OVER_LEVEL(pinj_33l|gasc)|RATE_OVER_LEVEL(pinj_33r|gasc),VACUOUS,"at least one member is inadmissible, so no admissible support can contain the complete exact set; the constraint is well defined but has no binding instance"
DEP_C2_PROD_gasd,C2,"PROD(pinj_b,gasd)","PROD(pinj,gasd) = sum_b PROD(pinj_b,gasd)","PROD(gasd,pinj)","PROD(gasd,pinj_15l)|PROD(gasd,pinj_15r)|PROD(gasd,pinj_21l)|PROD(gasd,pinj_21r)|PROD(gasd,pinj_30l)|PROD(gasd,pinj_30r)|PROD(gasd,pinj_33l)|PROD(gasd,pinj_33r)",9,aggregate enters linearly: sum_b (a_b) = (sum_b a_b),LOCAL_DOCUMENTED,False,4,"PROD(gasd,pinj_15r)|PROD(gasd,pinj_21l)|PROD(gasd,pinj_21r)|PROD(gasd,pinj_33l)",VACUOUS,"at least one member is inadmissible, so no admissible support can contain the complete exact set; the constraint is well defined but has no binding instance"
DEP_C3_RATIO_gasd,C3,"RATIO(pinj_b,gasd)","RATIO(pinj,gasd) = sum_b RATIO(pinj_b,gasd)","RATIO(pinj,gasd)","RATIO(pinj_15l,gasd)|RATIO(pinj_15r,gasd)|RATIO(pinj_21l,gasd)|RATIO(pinj_21r,gasd)|RATIO(pinj_30l,gasd)|RATIO(pinj_30r,gasd)|RATIO(pinj_33l,gasd)|RATIO(pinj_33r,gasd)",9,aggregate enters linearly: sum_b (a_b) = (sum_b a_b) (aggregate in NUMERATOR only),LOCAL_DOCUMENTED,False,9,"RATIO(pinj,gasd)|RATIO(pinj_15l,gasd)|RATIO(pinj_15r,gasd)|RATIO(pinj_21l,gasd)|RATIO(pinj_21r,gasd)|RATIO(pinj_30l,gasd)|RATIO(pinj_30r,gasd)|RATIO(pinj_33l,gasd)|RATIO(pinj_33r,gasd)",VACUOUS,"at least one member is inadmissible, so no admissible support can contain the complete exact set; the constraint is well defined but has no binding instance"
DEP_C6_RATE_gasd,C6,LEVEL_RATE(gasd|pinj_b),LEVEL_RATE(gasd|pinj) = sum_b LEVEL_RATE(gasd|pinj_b),LEVEL_RATE(gasd|pinj),LEVEL_RATE(gasd|pinj_15l)|LEVEL_RATE(gasd|pinj_15r)|LEVEL_RATE(gasd|pinj_21l)|LEVEL_RATE(gasd|pinj_21r)|LEVEL_RATE(gasd|pinj_30l)|LEVEL_RATE(gasd|pinj_30r)|LEVEL_RATE(gasd|pinj_33l)|LEVEL_RATE(gasd|pinj_33r),9,"d/dt is linear and FD2_PHYSICAL_TIME_V1 is a fixed linear stencil on the shared grid, so dot(pinj) = sum_b dot(pinj_b); x_z * dot(pinj) = sum_b x_z * dot(pinj_b)",LOCAL_DOCUMENTED,False,4,LEVEL_RATE(gasd|pinj_15r)|LEVEL_RATE(gasd|pinj_21l)|LEVEL_RATE(gasd|pinj_21r)|LEVEL_RATE(gasd|pinj_33l),VACUOUS,"at least one member is inadmissible, so no admissible support can contain the complete exact set; the constraint is well defined but has no binding instance"
DEP_C7_RATE_OVER_LEVEL_gasd,C7,RATE_OVER_LEVEL(pinj_b|gasd),RATE_OVER_LEVEL(pinj|gasd) = sum_b RATE_OVER_LEVEL(pinj_b|gasd),RATE_OVER_LEVEL(pinj|gasd),RATE_OVER_LEVEL(pinj_15l|gasd)|RATE_OVER_LEVEL(pinj_15r|gasd)|RATE_OVER_LEVEL(pinj_21l|gasd)|RATE_OVER_LEVEL(pinj_21r|gasd)|RATE_OVER_LEVEL(pinj_30l|gasd)|RATE_OVER_LEVEL(pinj_30r|gasd)|RATE_OVER_LEVEL(pinj_33l|gasd)|RATE_OVER_LEVEL(pinj_33r|gasd),9,"d/dt is linear and FD2_PHYSICAL_TIME_V1 is a fixed linear stencil on the shared grid, so dot(pinj) = sum_b dot(pinj_b); aggregate rate in NUMERATOR only",LOCAL_DOCUMENTED,False,9,RATE_OVER_LEVEL(pinj|gasd)|RATE_OVER_LEVEL(pinj_15l|gasd)|RATE_OVER_LEVEL(pinj_15r|gasd)|RATE_OVER_LEVEL(pinj_21l|gasd)|RATE_OVER_LEVEL(pinj_21r|gasd)|RATE_OVER_LEVEL(pinj_30l|gasd)|RATE_OVER_LEVEL(pinj_30r|gasd)|RATE_OVER_LEVEL(pinj_33l|gasd)|RATE_OVER_LEVEL(pinj_33r|gasd),VACUOUS,"at least one member is inadmissible, so no admissible support can contain the complete exact set; the constraint is well defined but has no binding instance"
DEP_C2_PROD_tinj,C2,"PROD(pinj_b,tinj)","PROD(pinj,tinj) = sum_b PROD(pinj_b,tinj)","PROD(pinj,tinj)","PROD(pinj_15l,tinj)|PROD(pinj_15r,tinj)|PROD(pinj_21l,tinj)|PROD(pinj_21r,tinj)|PROD(pinj_30l,tinj)|PROD(pinj_30r,tinj)|PROD(pinj_33l,tinj)|PROD(pinj_33r,tinj)",9,aggregate enters linearly: sum_b (a_b) = (sum_b a_b),LOCAL_DOCUMENTED,False,4,"PROD(pinj_15r,tinj)|PROD(pinj_21l,tinj)|PROD(pinj_21r,tinj)|PROD(pinj_33l,tinj)",VACUOUS,"at least one member is inadmissible, so no admissible support can contain the complete exact set; the constraint is well defined but has no binding instance"
DEP_C3_RATIO_tinj,C3,"RATIO(pinj_b,tinj)","RATIO(pinj,tinj) = sum_b RATIO(pinj_b,tinj)","RATIO(pinj,tinj)","RATIO(pinj_15l,tinj)|RATIO(pinj_15r,tinj)|RATIO(pinj_21l,tinj)|RATIO(pinj_21r,tinj)|RATIO(pinj_30l,tinj)|RATIO(pinj_30r,tinj)|RATIO(pinj_33l,tinj)|RATIO(pinj_33r,tinj)",9,aggregate enters linearly: sum_b (a_b) = (sum_b a_b) (aggregate in NUMERATOR only),LOCAL_DOCUMENTED,False,9,"RATIO(pinj,tinj)|RATIO(pinj_15l,tinj)|RATIO(pinj_15r,tinj)|RATIO(pinj_21l,tinj)|RATIO(pinj_21r,tinj)|RATIO(pinj_30l,tinj)|RATIO(pinj_30r,tinj)|RATIO(pinj_33l,tinj)|RATIO(pinj_33r,tinj)",VACUOUS,"at least one member is inadmissible, so no admissible support can contain the complete exact set; the constraint is well defined but has no binding instance"
DEP_C6_RATE_tinj,C6,LEVEL_RATE(tinj|pinj_b),LEVEL_RATE(tinj|pinj) = sum_b LEVEL_RATE(tinj|pinj_b),LEVEL_RATE(tinj|pinj),LEVEL_RATE(tinj|pinj_15l)|LEVEL_RATE(tinj|pinj_15r)|LEVEL_RATE(tinj|pinj_21l)|LEVEL_RATE(tinj|pinj_21r)|LEVEL_RATE(tinj|pinj_30l)|LEVEL_RATE(tinj|pinj_30r)|LEVEL_RATE(tinj|pinj_33l)|LEVEL_RATE(tinj|pinj_33r),9,"d/dt is linear and FD2_PHYSICAL_TIME_V1 is a fixed linear stencil on the shared grid, so dot(pinj) = sum_b dot(pinj_b); x_z * dot(pinj) = sum_b x_z * dot(pinj_b)",LOCAL_DOCUMENTED,False,4,LEVEL_RATE(tinj|pinj_15r)|LEVEL_RATE(tinj|pinj_21l)|LEVEL_RATE(tinj|pinj_21r)|LEVEL_RATE(tinj|pinj_33l),VACUOUS,"at least one member is inadmissible, so no admissible support can contain the complete exact set; the constraint is well defined but has no binding instance"
DEP_C7_RATE_OVER_LEVEL_tinj,C7,RATE_OVER_LEVEL(pinj_b|tinj),RATE_OVER_LEVEL(pinj|tinj) = sum_b RATE_OVER_LEVEL(pinj_b|tinj),RATE_OVER_LEVEL(pinj|tinj),RATE_OVER_LEVEL(pinj_15l|tinj)|RATE_OVER_LEVEL(pinj_15r|tinj)|RATE_OVER_LEVEL(pinj_21l|tinj)|RATE_OVER_LEVEL(pinj_21r|tinj)|RATE_OVER_LEVEL(pinj_30l|tinj)|RATE_OVER_LEVEL(pinj_30r|tinj)|RATE_OVER_LEVEL(pinj_33l|tinj)|RATE_OVER_LEVEL(pinj_33r|tinj),9,"d/dt is linear and FD2_PHYSICAL_TIME_V1 is a fixed linear stencil on the shared grid, so dot(pinj) = sum_b dot(pinj_b); aggregate rate in NUMERATOR only",LOCAL_DOCUMENTED,False,9,RATE_OVER_LEVEL(pinj|tinj)|RATE_OVER_LEVEL(pinj_15l|tinj)|RATE_OVER_LEVEL(pinj_15r|tinj)|RATE_OVER_LEVEL(pinj_21l|tinj)|RATE_OVER_LEVEL(pinj_21r|tinj)|RATE_OVER_LEVEL(pinj_30l|tinj)|RATE_OVER_LEVEL(pinj_30r|tinj)|RATE_OVER_LEVEL(pinj_33l|tinj)|RATE_OVER_LEVEL(pinj_33r|tinj),VACUOUS,"at least one member is inadmissible, so no admissible support can contain the complete exact set; the constraint is well defined but has no binding instance"
DEP_C2_PROD_ece1,C2,"PROD(pinj_b,ece1)","PROD(pinj,ece1) = sum_b PROD(pinj_b,ece1)","PROD(pinj,ece1)","PROD(pinj_15l,ece1)|PROD(pinj_15r,ece1)|PROD(pinj_21l,ece1)|PROD(pinj_21r,ece1)|PROD(pinj_30l,ece1)|PROD(pinj_30r,ece1)|PROD(pinj_33l,ece1)|PROD(pinj_33r,ece1)",9,aggregate enters linearly: sum_b (a_b) = (sum_b a_b),LOCAL_DOCUMENTED,False,4,"PROD(pinj_15r,ece1)|PROD(pinj_21l,ece1)|PROD(pinj_21r,ece1)|PROD(pinj_33l,ece1)",VACUOUS,"at least one member is inadmissible, so no admissible support can contain the complete exact set; the constraint is well defined but has no binding instance"
DEP_C3_RATIO_ece1,C3,"RATIO(pinj_b,ece1)","RATIO(pinj,ece1) = sum_b RATIO(pinj_b,ece1)","RATIO(pinj,ece1)","RATIO(pinj_15l,ece1)|RATIO(pinj_15r,ece1)|RATIO(pinj_21l,ece1)|RATIO(pinj_21r,ece1)|RATIO(pinj_30l,ece1)|RATIO(pinj_30r,ece1)|RATIO(pinj_33l,ece1)|RATIO(pinj_33r,ece1)",9,aggregate enters linearly: sum_b (a_b) = (sum_b a_b) (aggregate in NUMERATOR only),LOCAL_DOCUMENTED,False,4,"RATIO(pinj_15r,ece1)|RATIO(pinj_21l,ece1)|RATIO(pinj_21r,ece1)|RATIO(pinj_33l,ece1)",VACUOUS,"at least one member is inadmissible, so no admissible support can contain the complete exact set; the constraint is well defined but has no binding instance"
DEP_C6_RATE_ece1,C6,LEVEL_RATE(ece1|pinj_b),LEVEL_RATE(ece1|pinj) = sum_b LEVEL_RATE(ece1|pinj_b),LEVEL_RATE(ece1|pinj),LEVEL_RATE(ece1|pinj_15l)|LEVEL_RATE(ece1|pinj_15r)|LEVEL_RATE(ece1|pinj_21l)|LEVEL_RATE(ece1|pinj_21r)|LEVEL_RATE(ece1|pinj_30l)|LEVEL_RATE(ece1|pinj_30r)|LEVEL_RATE(ece1|pinj_33l)|LEVEL_RATE(ece1|pinj_33r),9,"d/dt is linear and FD2_PHYSICAL_TIME_V1 is a fixed linear stencil on the shared grid, so dot(pinj) = sum_b dot(pinj_b); x_z * dot(pinj) = sum_b x_z * dot(pinj_b)",LOCAL_DOCUMENTED,False,4,LEVEL_RATE(ece1|pinj_15r)|LEVEL_RATE(ece1|pinj_21l)|LEVEL_RATE(ece1|pinj_21r)|LEVEL_RATE(ece1|pinj_33l),VACUOUS,"at least one member is inadmissible, so no admissible support can contain the complete exact set; the constraint is well defined but has no binding instance"
DEP_C7_RATE_OVER_LEVEL_ece1,C7,RATE_OVER_LEVEL(pinj_b|ece1),RATE_OVER_LEVEL(pinj|ece1) = sum_b RATE_OVER_LEVEL(pinj_b|ece1),RATE_OVER_LEVEL(pinj|ece1),RATE_OVER_LEVEL(pinj_15l|ece1)|RATE_OVER_LEVEL(pinj_15r|ece1)|RATE_OVER_LEVEL(pinj_21l|ece1)|RATE_OVER_LEVEL(pinj_21r|ece1)|RATE_OVER_LEVEL(pinj_30l|ece1)|RATE_OVER_LEVEL(pinj_30r|ece1)|RATE_OVER_LEVEL(pinj_33l|ece1)|RATE_OVER_LEVEL(pinj_33r|ece1),9,"d/dt is linear and FD2_PHYSICAL_TIME_V1 is a fixed linear stencil on the shared grid, so dot(pinj) = sum_b dot(pinj_b); aggregate rate in NUMERATOR only",LOCAL_DOCUMENTED,False,4,RATE_OVER_LEVEL(pinj_15r|ece1)|RATE_OVER_LEVEL(pinj_21l|ece1)|RATE_OVER_LEVEL(pinj_21r|ece1)|RATE_OVER_LEVEL(pinj_33l|ece1),VACUOUS,"at least one member is inadmissible, so no admissible support can contain the complete exact set; the constraint is well defined but has no binding instance"
DEP_C2_PROD_ece2,C2,"PROD(pinj_b,ece2)","PROD(pinj,ece2) = sum_b PROD(pinj_b,ece2)","PROD(pinj,ece2)","PROD(pinj_15l,ece2)|PROD(pinj_15r,ece2)|PROD(pinj_21l,ece2)|PROD(pinj_21r,ece2)|PROD(pinj_30l,ece2)|PROD(pinj_30r,ece2)|PROD(pinj_33l,ece2)|PROD(pinj_33r,ece2)",9,aggregate enters linearly: sum_b (a_b) = (sum_b a_b),LOCAL_DOCUMENTED,False,4,"PROD(pinj_15r,ece2)|PROD(pinj_21l,ece2)|PROD(pinj_21r,ece2)|PROD(pinj_33l,ece2)",VACUOUS,"at least one member is inadmissible, so no admissible support can contain the complete exact set; the constraint is well defined but has no binding instance"
DEP_C3_RATIO_ece2,C3,"RATIO(pinj_b,ece2)","RATIO(pinj,ece2) = sum_b RATIO(pinj_b,ece2)","RATIO(pinj,ece2)","RATIO(pinj_15l,ece2)|RATIO(pinj_15r,ece2)|RATIO(pinj_21l,ece2)|RATIO(pinj_21r,ece2)|RATIO(pinj_30l,ece2)|RATIO(pinj_30r,ece2)|RATIO(pinj_33l,ece2)|RATIO(pinj_33r,ece2)",9,aggregate enters linearly: sum_b (a_b) = (sum_b a_b) (aggregate in NUMERATOR only),LOCAL_DOCUMENTED,False,4,"RATIO(pinj_15r,ece2)|RATIO(pinj_21l,ece2)|RATIO(pinj_21r,ece2)|RATIO(pinj_33l,ece2)",VACUOUS,"at least one member is inadmissible, so no admissible support can contain the complete exact set; the constraint is well defined but has no binding instance"
DEP_C6_RATE_ece2,C6,LEVEL_RATE(ece2|pinj_b),LEVEL_RATE(ece2|pinj) = sum_b LEVEL_RATE(ece2|pinj_b),LEVEL_RATE(ece2|pinj),LEVEL_RATE(ece2|pinj_15l)|LEVEL_RATE(ece2|pinj_15r)|LEVEL_RATE(ece2|pinj_21l)|LEVEL_RATE(ece2|pinj_21r)|LEVEL_RATE(ece2|pinj_30l)|LEVEL_RATE(ece2|pinj_30r)|LEVEL_RATE(ece2|pinj_33l)|LEVEL_RATE(ece2|pinj_33r),9,"d/dt is linear and FD2_PHYSICAL_TIME_V1 is a fixed linear stencil on the shared grid, so dot(pinj) = sum_b dot(pinj_b); x_z * dot(pinj) = sum_b x_z * dot(pinj_b)",LOCAL_DOCUMENTED,False,4,LEVEL_RATE(ece2|pinj_15r)|LEVEL_RATE(ece2|pinj_21l)|LEVEL_RATE(ece2|pinj_21r)|LEVEL_RATE(ece2|pinj_33l),VACUOUS,"at least one member is inadmissible, so no admissible support can contain the complete exact set; the constraint is well defined but has no binding instance"
DEP_C7_RATE_OVER_LEVEL_ece2,C7,RATE_OVER_LEVEL(pinj_b|ece2),RATE_OVER_LEVEL(pinj|ece2) = sum_b RATE_OVER_LEVEL(pinj_b|ece2),RATE_OVER_LEVEL(pinj|ece2),RATE_OVER_LEVEL(pinj_15l|ece2)|RATE_OVER_LEVEL(pinj_15r|ece2)|RATE_OVER_LEVEL(pinj_21l|ece2)|RATE_OVER_LEVEL(pinj_21r|ece2)|RATE_OVER_LEVEL(pinj_30l|ece2)|RATE_OVER_LEVEL(pinj_30r|ece2)|RATE_OVER_LEVEL(pinj_33l|ece2)|RATE_OVER_LEVEL(pinj_33r|ece2),9,"d/dt is linear and FD2_PHYSICAL_TIME_V1 is a fixed linear stencil on the shared grid, so dot(pinj) = sum_b dot(pinj_b); aggregate rate in NUMERATOR only",LOCAL_DOCUMENTED,False,4,RATE_OVER_LEVEL(pinj_15r|ece2)|RATE_OVER_LEVEL(pinj_21l|ece2)|RATE_OVER_LEVEL(pinj_21r|ece2)|RATE_OVER_LEVEL(pinj_33l|ece2),VACUOUS,"at least one member is inadmissible, so no admissible support can contain the complete exact set; the constraint is well defined but has no binding instance"
DEP_C2_PROD_ece3,C2,"PROD(pinj_b,ece3)","PROD(pinj,ece3) = sum_b PROD(pinj_b,ece3)","PROD(pinj,ece3)","PROD(pinj_15l,ece3)|PROD(pinj_15r,ece3)|PROD(pinj_21l,ece3)|PROD(pinj_21r,ece3)|PROD(pinj_30l,ece3)|PROD(pinj_30r,ece3)|PROD(pinj_33l,ece3)|PROD(pinj_33r,ece3)",9,aggregate enters linearly: sum_b (a_b) = (sum_b a_b),LOCAL_DOCUMENTED,False,4,"PROD(pinj_15r,ece3)|PROD(pinj_21l,ece3)|PROD(pinj_21r,ece3)|PROD(pinj_33l,ece3)",VACUOUS,"at least one member is inadmissible, so no admissible support can contain the complete exact set; the constraint is well defined but has no binding instance"
DEP_C3_RATIO_ece3,C3,"RATIO(pinj_b,ece3)","RATIO(pinj,ece3) = sum_b RATIO(pinj_b,ece3)","RATIO(pinj,ece3)","RATIO(pinj_15l,ece3)|RATIO(pinj_15r,ece3)|RATIO(pinj_21l,ece3)|RATIO(pinj_21r,ece3)|RATIO(pinj_30l,ece3)|RATIO(pinj_30r,ece3)|RATIO(pinj_33l,ece3)|RATIO(pinj_33r,ece3)",9,aggregate enters linearly: sum_b (a_b) = (sum_b a_b) (aggregate in NUMERATOR only),LOCAL_DOCUMENTED,False,4,"RATIO(pinj_15r,ece3)|RATIO(pinj_21l,ece3)|RATIO(pinj_21r,ece3)|RATIO(pinj_33l,ece3)",VACUOUS,"at least one member is inadmissible, so no admissible support can contain the complete exact set; the constraint is well defined but has no binding instance"
DEP_C6_RATE_ece3,C6,LEVEL_RATE(ece3|pinj_b),LEVEL_RATE(ece3|pinj) = sum_b LEVEL_RATE(ece3|pinj_b),LEVEL_RATE(ece3|pinj),LEVEL_RATE(ece3|pinj_15l)|LEVEL_RATE(ece3|pinj_15r)|LEVEL_RATE(ece3|pinj_21l)|LEVEL_RATE(ece3|pinj_21r)|LEVEL_RATE(ece3|pinj_30l)|LEVEL_RATE(ece3|pinj_30r)|LEVEL_RATE(ece3|pinj_33l)|LEVEL_RATE(ece3|pinj_33r),9,"d/dt is linear and FD2_PHYSICAL_TIME_V1 is a fixed linear stencil on the shared grid, so dot(pinj) = sum_b dot(pinj_b); x_z * dot(pinj) = sum_b x_z * dot(pinj_b)",LOCAL_DOCUMENTED,False,4,LEVEL_RATE(ece3|pinj_15r)|LEVEL_RATE(ece3|pinj_21l)|LEVEL_RATE(ece3|pinj_21r)|LEVEL_RATE(ece3|pinj_33l),VACUOUS,"at least one member is inadmissible, so no admissible support can contain the complete exact set; the constraint is well defined but has no binding instance"
DEP_C7_RATE_OVER_LEVEL_ece3,C7,RATE_OVER_LEVEL(pinj_b|ece3),RATE_OVER_LEVEL(pinj|ece3) = sum_b RATE_OVER_LEVEL(pinj_b|ece3),RATE_OVER_LEVEL(pinj|ece3),RATE_OVER_LEVEL(pinj_15l|ece3)|RATE_OVER_LEVEL(pinj_15r|ece3)|RATE_OVER_LEVEL(pinj_21l|ece3)|RATE_OVER_LEVEL(pinj_21r|ece3)|RATE_OVER_LEVEL(pinj_30l|ece3)|RATE_OVER_LEVEL(pinj_30r|ece3)|RATE_OVER_LEVEL(pinj_33l|ece3)|RATE_OVER_LEVEL(pinj_33r|ece3),9,"d/dt is linear and FD2_PHYSICAL_TIME_V1 is a fixed linear stencil on the shared grid, so dot(pinj) = sum_b dot(pinj_b); aggregate rate in NUMERATOR only",LOCAL_DOCUMENTED,False,4,RATE_OVER_LEVEL(pinj_15r|ece3)|RATE_OVER_LEVEL(pinj_21l|ece3)|RATE_OVER_LEVEL(pinj_21r|ece3)|RATE_OVER_LEVEL(pinj_33l|ece3),VACUOUS,"at least one member is inadmissible, so no admissible support can contain the complete exact set; the constraint is well defined but has no binding instance"
DEP_C2_PROD_ece4,C2,"PROD(pinj_b,ece4)","PROD(pinj,ece4) = sum_b PROD(pinj_b,ece4)","PROD(pinj,ece4)","PROD(pinj_15l,ece4)|PROD(pinj_15r,ece4)|PROD(pinj_21l,ece4)|PROD(pinj_21r,ece4)|PROD(pinj_30l,ece4)|PROD(pinj_30r,ece4)|PROD(pinj_33l,ece4)|PROD(pinj_33r,ece4)",9,aggregate enters linearly: sum_b (a_b) = (sum_b a_b),LOCAL_DOCUMENTED,False,4,"PROD(pinj_15r,ece4)|PROD(pinj_21l,ece4)|PROD(pinj_21r,ece4)|PROD(pinj_33l,ece4)",VACUOUS,"at least one member is inadmissible, so no admissible support can contain the complete exact set; the constraint is well defined but has no binding instance"
DEP_C3_RATIO_ece4,C3,"RATIO(pinj_b,ece4)","RATIO(pinj,ece4) = sum_b RATIO(pinj_b,ece4)","RATIO(pinj,ece4)","RATIO(pinj_15l,ece4)|RATIO(pinj_15r,ece4)|RATIO(pinj_21l,ece4)|RATIO(pinj_21r,ece4)|RATIO(pinj_30l,ece4)|RATIO(pinj_30r,ece4)|RATIO(pinj_33l,ece4)|RATIO(pinj_33r,ece4)",9,aggregate enters linearly: sum_b (a_b) = (sum_b a_b) (aggregate in NUMERATOR only),LOCAL_DOCUMENTED,False,4,"RATIO(pinj_15r,ece4)|RATIO(pinj_21l,ece4)|RATIO(pinj_21r,ece4)|RATIO(pinj_33l,ece4)",VACUOUS,"at least one member is inadmissible, so no admissible support can contain the complete exact set; the constraint is well defined but has no binding instance"
DEP_C6_RATE_ece4,C6,LEVEL_RATE(ece4|pinj_b),LEVEL_RATE(ece4|pinj) = sum_b LEVEL_RATE(ece4|pinj_b),LEVEL_RATE(ece4|pinj),LEVEL_RATE(ece4|pinj_15l)|LEVEL_RATE(ece4|pinj_15r)|LEVEL_RATE(ece4|pinj_21l)|LEVEL_RATE(ece4|pinj_21r)|LEVEL_RATE(ece4|pinj_30l)|LEVEL_RATE(ece4|pinj_30r)|LEVEL_RATE(ece4|pinj_33l)|LEVEL_RATE(ece4|pinj_33r),9,"d/dt is linear and FD2_PHYSICAL_TIME_V1 is a fixed linear stencil on the shared grid, so dot(pinj) = sum_b dot(pinj_b); x_z * dot(pinj) = sum_b x_z * dot(pinj_b)",LOCAL_DOCUMENTED,False,4,LEVEL_RATE(ece4|pinj_15r)|LEVEL_RATE(ece4|pinj_21l)|LEVEL_RATE(ece4|pinj_21r)|LEVEL_RATE(ece4|pinj_33l),VACUOUS,"at least one member is inadmissible, so no admissible support can contain the complete exact set; the constraint is well defined but has no binding instance"
DEP_C7_RATE_OVER_LEVEL_ece4,C7,RATE_OVER_LEVEL(pinj_b|ece4),RATE_OVER_LEVEL(pinj|ece4) = sum_b RATE_OVER_LEVEL(pinj_b|ece4),RATE_OVER_LEVEL(pinj|ece4),RATE_OVER_LEVEL(pinj_15l|ece4)|RATE_OVER_LEVEL(pinj_15r|ece4)|RATE_OVER_LEVEL(pinj_21l|ece4)|RATE_OVER_LEVEL(pinj_21r|ece4)|RATE_OVER_LEVEL(pinj_30l|ece4)|RATE_OVER_LEVEL(pinj_30r|ece4)|RATE_OVER_LEVEL(pinj_33l|ece4)|RATE_OVER_LEVEL(pinj_33r|ece4),9,"d/dt is linear and FD2_PHYSICAL_TIME_V1 is a fixed linear stencil on the shared grid, so dot(pinj) = sum_b dot(pinj_b); aggregate rate in NUMERATOR only",LOCAL_DOCUMENTED,False,4,RATE_OVER_LEVEL(pinj_15r|ece4)|RATE_OVER_LEVEL(pinj_21l|ece4)|RATE_OVER_LEVEL(pinj_21r|ece4)|RATE_OVER_LEVEL(pinj_33l|ece4),VACUOUS,"at least one member is inadmissible, so no admissible support can contain the complete exact set; the constraint is well defined but has no binding instance"
DEP_C2_PROD_ece5,C2,"PROD(pinj_b,ece5)","PROD(pinj,ece5) = sum_b PROD(pinj_b,ece5)","PROD(pinj,ece5)","PROD(pinj_15l,ece5)|PROD(pinj_15r,ece5)|PROD(pinj_21l,ece5)|PROD(pinj_21r,ece5)|PROD(pinj_30l,ece5)|PROD(pinj_30r,ece5)|PROD(pinj_33l,ece5)|PROD(pinj_33r,ece5)",9,aggregate enters linearly: sum_b (a_b) = (sum_b a_b),LOCAL_DOCUMENTED,False,4,"PROD(pinj_15r,ece5)|PROD(pinj_21l,ece5)|PROD(pinj_21r,ece5)|PROD(pinj_33l,ece5)",VACUOUS,"at least one member is inadmissible, so no admissible support can contain the complete exact set; the constraint is well defined but has no binding instance"
DEP_C3_RATIO_ece5,C3,"RATIO(pinj_b,ece5)","RATIO(pinj,ece5) = sum_b RATIO(pinj_b,ece5)","RATIO(pinj,ece5)","RATIO(pinj_15l,ece5)|RATIO(pinj_15r,ece5)|RATIO(pinj_21l,ece5)|RATIO(pinj_21r,ece5)|RATIO(pinj_30l,ece5)|RATIO(pinj_30r,ece5)|RATIO(pinj_33l,ece5)|RATIO(pinj_33r,ece5)",9,aggregate enters linearly: sum_b (a_b) = (sum_b a_b) (aggregate in NUMERATOR only),LOCAL_DOCUMENTED,False,4,"RATIO(pinj_15r,ece5)|RATIO(pinj_21l,ece5)|RATIO(pinj_21r,ece5)|RATIO(pinj_33l,ece5)",VACUOUS,"at least one member is inadmissible, so no admissible support can contain the complete exact set; the constraint is well defined but has no binding instance"
DEP_C6_RATE_ece5,C6,LEVEL_RATE(ece5|pinj_b),LEVEL_RATE(ece5|pinj) = sum_b LEVEL_RATE(ece5|pinj_b),LEVEL_RATE(ece5|pinj),LEVEL_RATE(ece5|pinj_15l)|LEVEL_RATE(ece5|pinj_15r)|LEVEL_RATE(ece5|pinj_21l)|LEVEL_RATE(ece5|pinj_21r)|LEVEL_RATE(ece5|pinj_30l)|LEVEL_RATE(ece5|pinj_30r)|LEVEL_RATE(ece5|pinj_33l)|LEVEL_RATE(ece5|pinj_33r),9,"d/dt is linear and FD2_PHYSICAL_TIME_V1 is a fixed linear stencil on the shared grid, so dot(pinj) = sum_b dot(pinj_b); x_z * dot(pinj) = sum_b x_z * dot(pinj_b)",LOCAL_DOCUMENTED,False,4,LEVEL_RATE(ece5|pinj_15r)|LEVEL_RATE(ece5|pinj_21l)|LEVEL_RATE(ece5|pinj_21r)|LEVEL_RATE(ece5|pinj_33l),VACUOUS,"at least one member is inadmissible, so no admissible support can contain the complete exact set; the constraint is well defined but has no binding instance"
DEP_C7_RATE_OVER_LEVEL_ece5,C7,RATE_OVER_LEVEL(pinj_b|ece5),RATE_OVER_LEVEL(pinj|ece5) = sum_b RATE_OVER_LEVEL(pinj_b|ece5),RATE_OVER_LEVEL(pinj|ece5),RATE_OVER_LEVEL(pinj_15l|ece5)|RATE_OVER_LEVEL(pinj_15r|ece5)|RATE_OVER_LEVEL(pinj_21l|ece5)|RATE_OVER_LEVEL(pinj_21r|ece5)|RATE_OVER_LEVEL(pinj_30l|ece5)|RATE_OVER_LEVEL(pinj_30r|ece5)|RATE_OVER_LEVEL(pinj_33l|ece5)|RATE_OVER_LEVEL(pinj_33r|ece5),9,"d/dt is linear and FD2_PHYSICAL_TIME_V1 is a fixed linear stencil on the shared grid, so dot(pinj) = sum_b dot(pinj_b); aggregate rate in NUMERATOR only",LOCAL_DOCUMENTED,False,4,RATE_OVER_LEVEL(pinj_15r|ece5)|RATE_OVER_LEVEL(pinj_21l|ece5)|RATE_OVER_LEVEL(pinj_21r|ece5)|RATE_OVER_LEVEL(pinj_33l|ece5),VACUOUS,"at least one member is inadmissible, so no admissible support can contain the complete exact set; the constraint is well defined but has no binding instance"
DEP_C2_PROD_ece6,C2,"PROD(pinj_b,ece6)","PROD(pinj,ece6) = sum_b PROD(pinj_b,ece6)","PROD(pinj,ece6)","PROD(pinj_15l,ece6)|PROD(pinj_15r,ece6)|PROD(pinj_21l,ece6)|PROD(pinj_21r,ece6)|PROD(pinj_30l,ece6)|PROD(pinj_30r,ece6)|PROD(pinj_33l,ece6)|PROD(pinj_33r,ece6)",9,aggregate enters linearly: sum_b (a_b) = (sum_b a_b),LOCAL_DOCUMENTED,False,4,"PROD(pinj_15r,ece6)|PROD(pinj_21l,ece6)|PROD(pinj_21r,ece6)|PROD(pinj_33l,ece6)",VACUOUS,"at least one member is inadmissible, so no admissible support can contain the complete exact set; the constraint is well defined but has no binding instance"
DEP_C3_RATIO_ece6,C3,"RATIO(pinj_b,ece6)","RATIO(pinj,ece6) = sum_b RATIO(pinj_b,ece6)","RATIO(pinj,ece6)","RATIO(pinj_15l,ece6)|RATIO(pinj_15r,ece6)|RATIO(pinj_21l,ece6)|RATIO(pinj_21r,ece6)|RATIO(pinj_30l,ece6)|RATIO(pinj_30r,ece6)|RATIO(pinj_33l,ece6)|RATIO(pinj_33r,ece6)",9,aggregate enters linearly: sum_b (a_b) = (sum_b a_b) (aggregate in NUMERATOR only),LOCAL_DOCUMENTED,False,4,"RATIO(pinj_15r,ece6)|RATIO(pinj_21l,ece6)|RATIO(pinj_21r,ece6)|RATIO(pinj_33l,ece6)",VACUOUS,"at least one member is inadmissible, so no admissible support can contain the complete exact set; the constraint is well defined but has no binding instance"
DEP_C6_RATE_ece6,C6,LEVEL_RATE(ece6|pinj_b),LEVEL_RATE(ece6|pinj) = sum_b LEVEL_RATE(ece6|pinj_b),LEVEL_RATE(ece6|pinj),LEVEL_RATE(ece6|pinj_15l)|LEVEL_RATE(ece6|pinj_15r)|LEVEL_RATE(ece6|pinj_21l)|LEVEL_RATE(ece6|pinj_21r)|LEVEL_RATE(ece6|pinj_30l)|LEVEL_RATE(ece6|pinj_30r)|LEVEL_RATE(ece6|pinj_33l)|LEVEL_RATE(ece6|pinj_33r),9,"d/dt is linear and FD2_PHYSICAL_TIME_V1 is a fixed linear stencil on the shared grid, so dot(pinj) = sum_b dot(pinj_b); x_z * dot(pinj) = sum_b x_z * dot(pinj_b)",LOCAL_DOCUMENTED,False,4,LEVEL_RATE(ece6|pinj_15r)|LEVEL_RATE(ece6|pinj_21l)|LEVEL_RATE(ece6|pinj_21r)|LEVEL_RATE(ece6|pinj_33l),VACUOUS,"at least one member is inadmissible, so no admissible support can contain the complete exact set; the constraint is well defined but has no binding instance"
DEP_C7_RATE_OVER_LEVEL_ece6,C7,RATE_OVER_LEVEL(pinj_b|ece6),RATE_OVER_LEVEL(pinj|ece6) = sum_b RATE_OVER_LEVEL(pinj_b|ece6),RATE_OVER_LEVEL(pinj|ece6),RATE_OVER_LEVEL(pinj_15l|ece6)|RATE_OVER_LEVEL(pinj_15r|ece6)|RATE_OVER_LEVEL(pinj_21l|ece6)|RATE_OVER_LEVEL(pinj_21r|ece6)|RATE_OVER_LEVEL(pinj_30l|ece6)|RATE_OVER_LEVEL(pinj_30r|ece6)|RATE_OVER_LEVEL(pinj_33l|ece6)|RATE_OVER_LEVEL(pinj_33r|ece6),9,"d/dt is linear and FD2_PHYSICAL_TIME_V1 is a fixed linear stencil on the shared grid, so dot(pinj) = sum_b dot(pinj_b); aggregate rate in NUMERATOR only",LOCAL_DOCUMENTED,False,4,RATE_OVER_LEVEL(pinj_15r|ece6)|RATE_OVER_LEVEL(pinj_21l|ece6)|RATE_OVER_LEVEL(pinj_21r|ece6)|RATE_OVER_LEVEL(pinj_33l|ece6),VACUOUS,"at least one member is inadmissible, so no admissible support can contain the complete exact set; the constraint is well defined but has no binding instance"
DEP_C2_PROD_ece7,C2,"PROD(pinj_b,ece7)","PROD(pinj,ece7) = sum_b PROD(pinj_b,ece7)","PROD(pinj,ece7)","PROD(pinj_15l,ece7)|PROD(pinj_15r,ece7)|PROD(pinj_21l,ece7)|PROD(pinj_21r,ece7)|PROD(pinj_30l,ece7)|PROD(pinj_30r,ece7)|PROD(pinj_33l,ece7)|PROD(pinj_33r,ece7)",9,aggregate enters linearly: sum_b (a_b) = (sum_b a_b),LOCAL_DOCUMENTED,False,4,"PROD(pinj_15r,ece7)|PROD(pinj_21l,ece7)|PROD(pinj_21r,ece7)|PROD(pinj_33l,ece7)",VACUOUS,"at least one member is inadmissible, so no admissible support can contain the complete exact set; the constraint is well defined but has no binding instance"
DEP_C3_RATIO_ece7,C3,"RATIO(pinj_b,ece7)","RATIO(pinj,ece7) = sum_b RATIO(pinj_b,ece7)","RATIO(pinj,ece7)","RATIO(pinj_15l,ece7)|RATIO(pinj_15r,ece7)|RATIO(pinj_21l,ece7)|RATIO(pinj_21r,ece7)|RATIO(pinj_30l,ece7)|RATIO(pinj_30r,ece7)|RATIO(pinj_33l,ece7)|RATIO(pinj_33r,ece7)",9,aggregate enters linearly: sum_b (a_b) = (sum_b a_b) (aggregate in NUMERATOR only),LOCAL_DOCUMENTED,False,4,"RATIO(pinj_15r,ece7)|RATIO(pinj_21l,ece7)|RATIO(pinj_21r,ece7)|RATIO(pinj_33l,ece7)",VACUOUS,"at least one member is inadmissible, so no admissible support can contain the complete exact set; the constraint is well defined but has no binding instance"
DEP_C6_RATE_ece7,C6,LEVEL_RATE(ece7|pinj_b),LEVEL_RATE(ece7|pinj) = sum_b LEVEL_RATE(ece7|pinj_b),LEVEL_RATE(ece7|pinj),LEVEL_RATE(ece7|pinj_15l)|LEVEL_RATE(ece7|pinj_15r)|LEVEL_RATE(ece7|pinj_21l)|LEVEL_RATE(ece7|pinj_21r)|LEVEL_RATE(ece7|pinj_30l)|LEVEL_RATE(ece7|pinj_30r)|LEVEL_RATE(ece7|pinj_33l)|LEVEL_RATE(ece7|pinj_33r),9,"d/dt is linear and FD2_PHYSICAL_TIME_V1 is a fixed linear stencil on the shared grid, so dot(pinj) = sum_b dot(pinj_b); x_z * dot(pinj) = sum_b x_z * dot(pinj_b)",LOCAL_DOCUMENTED,False,4,LEVEL_RATE(ece7|pinj_15r)|LEVEL_RATE(ece7|pinj_21l)|LEVEL_RATE(ece7|pinj_21r)|LEVEL_RATE(ece7|pinj_33l),VACUOUS,"at least one member is inadmissible, so no admissible support can contain the complete exact set; the constraint is well defined but has no binding instance"
DEP_C7_RATE_OVER_LEVEL_ece7,C7,RATE_OVER_LEVEL(pinj_b|ece7),RATE_OVER_LEVEL(pinj|ece7) = sum_b RATE_OVER_LEVEL(pinj_b|ece7),RATE_OVER_LEVEL(pinj|ece7),RATE_OVER_LEVEL(pinj_15l|ece7)|RATE_OVER_LEVEL(pinj_15r|ece7)|RATE_OVER_LEVEL(pinj_21l|ece7)|RATE_OVER_LEVEL(pinj_21r|ece7)|RATE_OVER_LEVEL(pinj_30l|ece7)|RATE_OVER_LEVEL(pinj_30r|ece7)|RATE_OVER_LEVEL(pinj_33l|ece7)|RATE_OVER_LEVEL(pinj_33r|ece7),9,"d/dt is linear and FD2_PHYSICAL_TIME_V1 is a fixed linear stencil on the shared grid, so dot(pinj) = sum_b dot(pinj_b); aggregate rate in NUMERATOR only",LOCAL_DOCUMENTED,False,4,RATE_OVER_LEVEL(pinj_15r|ece7)|RATE_OVER_LEVEL(pinj_21l|ece7)|RATE_OVER_LEVEL(pinj_21r|ece7)|RATE_OVER_LEVEL(pinj_33l|ece7),VACUOUS,"at least one member is inadmissible, so no admissible support can contain the complete exact set; the constraint is well defined but has no binding instance"
DEP_C2_PROD_ece8,C2,"PROD(pinj_b,ece8)","PROD(pinj,ece8) = sum_b PROD(pinj_b,ece8)","PROD(pinj,ece8)","PROD(pinj_15l,ece8)|PROD(pinj_15r,ece8)|PROD(pinj_21l,ece8)|PROD(pinj_21r,ece8)|PROD(pinj_30l,ece8)|PROD(pinj_30r,ece8)|PROD(pinj_33l,ece8)|PROD(pinj_33r,ece8)",9,aggregate enters linearly: sum_b (a_b) = (sum_b a_b),LOCAL_DOCUMENTED,False,4,"PROD(pinj_15r,ece8)|PROD(pinj_21l,ece8)|PROD(pinj_21r,ece8)|PROD(pinj_33l,ece8)",VACUOUS,"at least one member is inadmissible, so no admissible support can contain the complete exact set; the constraint is well defined but has no binding instance"
DEP_C3_RATIO_ece8,C3,"RATIO(pinj_b,ece8)","RATIO(pinj,ece8) = sum_b RATIO(pinj_b,ece8)","RATIO(pinj,ece8)","RATIO(pinj_15l,ece8)|RATIO(pinj_15r,ece8)|RATIO(pinj_21l,ece8)|RATIO(pinj_21r,ece8)|RATIO(pinj_30l,ece8)|RATIO(pinj_30r,ece8)|RATIO(pinj_33l,ece8)|RATIO(pinj_33r,ece8)",9,aggregate enters linearly: sum_b (a_b) = (sum_b a_b) (aggregate in NUMERATOR only),LOCAL_DOCUMENTED,False,4,"RATIO(pinj_15r,ece8)|RATIO(pinj_21l,ece8)|RATIO(pinj_21r,ece8)|RATIO(pinj_33l,ece8)",VACUOUS,"at least one member is inadmissible, so no admissible support can contain the complete exact set; the constraint is well defined but has no binding instance"
DEP_C6_RATE_ece8,C6,LEVEL_RATE(ece8|pinj_b),LEVEL_RATE(ece8|pinj) = sum_b LEVEL_RATE(ece8|pinj_b),LEVEL_RATE(ece8|pinj),LEVEL_RATE(ece8|pinj_15l)|LEVEL_RATE(ece8|pinj_15r)|LEVEL_RATE(ece8|pinj_21l)|LEVEL_RATE(ece8|pinj_21r)|LEVEL_RATE(ece8|pinj_30l)|LEVEL_RATE(ece8|pinj_30r)|LEVEL_RATE(ece8|pinj_33l)|LEVEL_RATE(ece8|pinj_33r),9,"d/dt is linear and FD2_PHYSICAL_TIME_V1 is a fixed linear stencil on the shared grid, so dot(pinj) = sum_b dot(pinj_b); x_z * dot(pinj) = sum_b x_z * dot(pinj_b)",LOCAL_DOCUMENTED,False,4,LEVEL_RATE(ece8|pinj_15r)|LEVEL_RATE(ece8|pinj_21l)|LEVEL_RATE(ece8|pinj_21r)|LEVEL_RATE(ece8|pinj_33l),VACUOUS,"at least one member is inadmissible, so no admissible support can contain the complete exact set; the constraint is well defined but has no binding instance"
DEP_C7_RATE_OVER_LEVEL_ece8,C7,RATE_OVER_LEVEL(pinj_b|ece8),RATE_OVER_LEVEL(pinj|ece8) = sum_b RATE_OVER_LEVEL(pinj_b|ece8),RATE_OVER_LEVEL(pinj|ece8),RATE_OVER_LEVEL(pinj_15l|ece8)|RATE_OVER_LEVEL(pinj_15r|ece8)|RATE_OVER_LEVEL(pinj_21l|ece8)|RATE_OVER_LEVEL(pinj_21r|ece8)|RATE_OVER_LEVEL(pinj_30l|ece8)|RATE_OVER_LEVEL(pinj_30r|ece8)|RATE_OVER_LEVEL(pinj_33l|ece8)|RATE_OVER_LEVEL(pinj_33r|ece8),9,"d/dt is linear and FD2_PHYSICAL_TIME_V1 is a fixed linear stencil on the shared grid, so dot(pinj) = sum_b dot(pinj_b); aggregate rate in NUMERATOR only",LOCAL_DOCUMENTED,False,4,RATE_OVER_LEVEL(pinj_15r|ece8)|RATE_OVER_LEVEL(pinj_21l|ece8)|RATE_OVER_LEVEL(pinj_21r|ece8)|RATE_OVER_LEVEL(pinj_33l|ece8),VACUOUS,"at least one member is inadmissible, so no admissible support can contain the complete exact set; the constraint is well defined but has no binding instance"
DEP_C2_PROD_ece9,C2,"PROD(pinj_b,ece9)","PROD(pinj,ece9) = sum_b PROD(pinj_b,ece9)","PROD(pinj,ece9)","PROD(pinj_15l,ece9)|PROD(pinj_15r,ece9)|PROD(pinj_21l,ece9)|PROD(pinj_21r,ece9)|PROD(pinj_30l,ece9)|PROD(pinj_30r,ece9)|PROD(pinj_33l,ece9)|PROD(pinj_33r,ece9)",9,aggregate enters linearly: sum_b (a_b) = (sum_b a_b),LOCAL_DOCUMENTED,False,4,"PROD(pinj_15r,ece9)|PROD(pinj_21l,ece9)|PROD(pinj_21r,ece9)|PROD(pinj_33l,ece9)",VACUOUS,"at least one member is inadmissible, so no admissible support can contain the complete exact set; the constraint is well defined but has no binding instance"
DEP_C3_RATIO_ece9,C3,"RATIO(pinj_b,ece9)","RATIO(pinj,ece9) = sum_b RATIO(pinj_b,ece9)","RATIO(pinj,ece9)","RATIO(pinj_15l,ece9)|RATIO(pinj_15r,ece9)|RATIO(pinj_21l,ece9)|RATIO(pinj_21r,ece9)|RATIO(pinj_30l,ece9)|RATIO(pinj_30r,ece9)|RATIO(pinj_33l,ece9)|RATIO(pinj_33r,ece9)",9,aggregate enters linearly: sum_b (a_b) = (sum_b a_b) (aggregate in NUMERATOR only),LOCAL_DOCUMENTED,False,4,"RATIO(pinj_15r,ece9)|RATIO(pinj_21l,ece9)|RATIO(pinj_21r,ece9)|RATIO(pinj_33l,ece9)",VACUOUS,"at least one member is inadmissible, so no admissible support can contain the complete exact set; the constraint is well defined but has no binding instance"
DEP_C6_RATE_ece9,C6,LEVEL_RATE(ece9|pinj_b),LEVEL_RATE(ece9|pinj) = sum_b LEVEL_RATE(ece9|pinj_b),LEVEL_RATE(ece9|pinj),LEVEL_RATE(ece9|pinj_15l)|LEVEL_RATE(ece9|pinj_15r)|LEVEL_RATE(ece9|pinj_21l)|LEVEL_RATE(ece9|pinj_21r)|LEVEL_RATE(ece9|pinj_30l)|LEVEL_RATE(ece9|pinj_30r)|LEVEL_RATE(ece9|pinj_33l)|LEVEL_RATE(ece9|pinj_33r),9,"d/dt is linear and FD2_PHYSICAL_TIME_V1 is a fixed linear stencil on the shared grid, so dot(pinj) = sum_b dot(pinj_b); x_z * dot(pinj) = sum_b x_z * dot(pinj_b)",LOCAL_DOCUMENTED,False,4,LEVEL_RATE(ece9|pinj_15r)|LEVEL_RATE(ece9|pinj_21l)|LEVEL_RATE(ece9|pinj_21r)|LEVEL_RATE(ece9|pinj_33l),VACUOUS,"at least one member is inadmissible, so no admissible support can contain the complete exact set; the constraint is well defined but has no binding instance"
DEP_C7_RATE_OVER_LEVEL_ece9,C7,RATE_OVER_LEVEL(pinj_b|ece9),RATE_OVER_LEVEL(pinj|ece9) = sum_b RATE_OVER_LEVEL(pinj_b|ece9),RATE_OVER_LEVEL(pinj|ece9),RATE_OVER_LEVEL(pinj_15l|ece9)|RATE_OVER_LEVEL(pinj_15r|ece9)|RATE_OVER_LEVEL(pinj_21l|ece9)|RATE_OVER_LEVEL(pinj_21r|ece9)|RATE_OVER_LEVEL(pinj_30l|ece9)|RATE_OVER_LEVEL(pinj_30r|ece9)|RATE_OVER_LEVEL(pinj_33l|ece9)|RATE_OVER_LEVEL(pinj_33r|ece9),9,"d/dt is linear and FD2_PHYSICAL_TIME_V1 is a fixed linear stencil on the shared grid, so dot(pinj) = sum_b dot(pinj_b); aggregate rate in NUMERATOR only",LOCAL_DOCUMENTED,False,4,RATE_OVER_LEVEL(pinj_15r|ece9)|RATE_OVER_LEVEL(pinj_21l|ece9)|RATE_OVER_LEVEL(pinj_21r|ece9)|RATE_OVER_LEVEL(pinj_33l|ece9),VACUOUS,"at least one member is inadmissible, so no admissible support can contain the complete exact set; the constraint is well defined but has no binding instance"
DEP_C2_PROD_ece10,C2,"PROD(pinj_b,ece10)","PROD(pinj,ece10) = sum_b PROD(pinj_b,ece10)","PROD(pinj,ece10)","PROD(pinj_15l,ece10)|PROD(pinj_15r,ece10)|PROD(pinj_21l,ece10)|PROD(pinj_21r,ece10)|PROD(pinj_30l,ece10)|PROD(pinj_30r,ece10)|PROD(pinj_33l,ece10)|PROD(pinj_33r,ece10)",9,aggregate enters linearly: sum_b (a_b) = (sum_b a_b),LOCAL_DOCUMENTED,False,4,"PROD(pinj_15r,ece10)|PROD(pinj_21l,ece10)|PROD(pinj_21r,ece10)|PROD(pinj_33l,ece10)",VACUOUS,"at least one member is inadmissible, so no admissible support can contain the complete exact set; the constraint is well defined but has no binding instance"
DEP_C3_RATIO_ece10,C3,"RATIO(pinj_b,ece10)","RATIO(pinj,ece10) = sum_b RATIO(pinj_b,ece10)","RATIO(pinj,ece10)","RATIO(pinj_15l,ece10)|RATIO(pinj_15r,ece10)|RATIO(pinj_21l,ece10)|RATIO(pinj_21r,ece10)|RATIO(pinj_30l,ece10)|RATIO(pinj_30r,ece10)|RATIO(pinj_33l,ece10)|RATIO(pinj_33r,ece10)",9,aggregate enters linearly: sum_b (a_b) = (sum_b a_b) (aggregate in NUMERATOR only),LOCAL_DOCUMENTED,False,4,"RATIO(pinj_15r,ece10)|RATIO(pinj_21l,ece10)|RATIO(pinj_21r,ece10)|RATIO(pinj_33l,ece10)",VACUOUS,"at least one member is inadmissible, so no admissible support can contain the complete exact set; the constraint is well defined but has no binding instance"
DEP_C6_RATE_ece10,C6,LEVEL_RATE(ece10|pinj_b),LEVEL_RATE(ece10|pinj) = sum_b LEVEL_RATE(ece10|pinj_b),LEVEL_RATE(ece10|pinj),LEVEL_RATE(ece10|pinj_15l)|LEVEL_RATE(ece10|pinj_15r)|LEVEL_RATE(ece10|pinj_21l)|LEVEL_RATE(ece10|pinj_21r)|LEVEL_RATE(ece10|pinj_30l)|LEVEL_RATE(ece10|pinj_30r)|LEVEL_RATE(ece10|pinj_33l)|LEVEL_RATE(ece10|pinj_33r),9,"d/dt is linear and FD2_PHYSICAL_TIME_V1 is a fixed linear stencil on the shared grid, so dot(pinj) = sum_b dot(pinj_b); x_z * dot(pinj) = sum_b x_z * dot(pinj_b)",LOCAL_DOCUMENTED,False,4,LEVEL_RATE(ece10|pinj_15r)|LEVEL_RATE(ece10|pinj_21l)|LEVEL_RATE(ece10|pinj_21r)|LEVEL_RATE(ece10|pinj_33l),VACUOUS,"at least one member is inadmissible, so no admissible support can contain the complete exact set; the constraint is well defined but has no binding instance"
DEP_C7_RATE_OVER_LEVEL_ece10,C7,RATE_OVER_LEVEL(pinj_b|ece10),RATE_OVER_LEVEL(pinj|ece10) = sum_b RATE_OVER_LEVEL(pinj_b|ece10),RATE_OVER_LEVEL(pinj|ece10),RATE_OVER_LEVEL(pinj_15l|ece10)|RATE_OVER_LEVEL(pinj_15r|ece10)|RATE_OVER_LEVEL(pinj_21l|ece10)|RATE_OVER_LEVEL(pinj_21r|ece10)|RATE_OVER_LEVEL(pinj_30l|ece10)|RATE_OVER_LEVEL(pinj_30r|ece10)|RATE_OVER_LEVEL(pinj_33l|ece10)|RATE_OVER_LEVEL(pinj_33r|ece10),9,"d/dt is linear and FD2_PHYSICAL_TIME_V1 is a fixed linear stencil on the shared grid, so dot(pinj) = sum_b dot(pinj_b); aggregate rate in NUMERATOR only",LOCAL_DOCUMENTED,False,4,RATE_OVER_LEVEL(pinj_15r|ece10)|RATE_OVER_LEVEL(pinj_21l|ece10)|RATE_OVER_LEVEL(pinj_21r|ece10)|RATE_OVER_LEVEL(pinj_33l|ece10),VACUOUS,"at least one member is inadmissible, so no admissible support can contain the complete exact set; the constraint is well defined but has no binding instance"
DEP_C2_PROD_ece11,C2,"PROD(pinj_b,ece11)","PROD(pinj,ece11) = sum_b PROD(pinj_b,ece11)","PROD(pinj,ece11)","PROD(pinj_15l,ece11)|PROD(pinj_15r,ece11)|PROD(pinj_21l,ece11)|PROD(pinj_21r,ece11)|PROD(pinj_30l,ece11)|PROD(pinj_30r,ece11)|PROD(pinj_33l,ece11)|PROD(pinj_33r,ece11)",9,aggregate enters linearly: sum_b (a_b) = (sum_b a_b),LOCAL_DOCUMENTED,False,4,"PROD(pinj_15r,ece11)|PROD(pinj_21l,ece11)|PROD(pinj_21r,ece11)|PROD(pinj_33l,ece11)",VACUOUS,"at least one member is inadmissible, so no admissible support can contain the complete exact set; the constraint is well defined but has no binding instance"
DEP_C3_RATIO_ece11,C3,"RATIO(pinj_b,ece11)","RATIO(pinj,ece11) = sum_b RATIO(pinj_b,ece11)","RATIO(pinj,ece11)","RATIO(pinj_15l,ece11)|RATIO(pinj_15r,ece11)|RATIO(pinj_21l,ece11)|RATIO(pinj_21r,ece11)|RATIO(pinj_30l,ece11)|RATIO(pinj_30r,ece11)|RATIO(pinj_33l,ece11)|RATIO(pinj_33r,ece11)",9,aggregate enters linearly: sum_b (a_b) = (sum_b a_b) (aggregate in NUMERATOR only),LOCAL_DOCUMENTED,False,4,"RATIO(pinj_15r,ece11)|RATIO(pinj_21l,ece11)|RATIO(pinj_21r,ece11)|RATIO(pinj_33l,ece11)",VACUOUS,"at least one member is inadmissible, so no admissible support can contain the complete exact set; the constraint is well defined but has no binding instance"
DEP_C6_RATE_ece11,C6,LEVEL_RATE(ece11|pinj_b),LEVEL_RATE(ece11|pinj) = sum_b LEVEL_RATE(ece11|pinj_b),LEVEL_RATE(ece11|pinj),LEVEL_RATE(ece11|pinj_15l)|LEVEL_RATE(ece11|pinj_15r)|LEVEL_RATE(ece11|pinj_21l)|LEVEL_RATE(ece11|pinj_21r)|LEVEL_RATE(ece11|pinj_30l)|LEVEL_RATE(ece11|pinj_30r)|LEVEL_RATE(ece11|pinj_33l)|LEVEL_RATE(ece11|pinj_33r),9,"d/dt is linear and FD2_PHYSICAL_TIME_V1 is a fixed linear stencil on the shared grid, so dot(pinj) = sum_b dot(pinj_b); x_z * dot(pinj) = sum_b x_z * dot(pinj_b)",LOCAL_DOCUMENTED,False,4,LEVEL_RATE(ece11|pinj_15r)|LEVEL_RATE(ece11|pinj_21l)|LEVEL_RATE(ece11|pinj_21r)|LEVEL_RATE(ece11|pinj_33l),VACUOUS,"at least one member is inadmissible, so no admissible support can contain the complete exact set; the constraint is well defined but has no binding instance"
DEP_C7_RATE_OVER_LEVEL_ece11,C7,RATE_OVER_LEVEL(pinj_b|ece11),RATE_OVER_LEVEL(pinj|ece11) = sum_b RATE_OVER_LEVEL(pinj_b|ece11),RATE_OVER_LEVEL(pinj|ece11),RATE_OVER_LEVEL(pinj_15l|ece11)|RATE_OVER_LEVEL(pinj_15r|ece11)|RATE_OVER_LEVEL(pinj_21l|ece11)|RATE_OVER_LEVEL(pinj_21r|ece11)|RATE_OVER_LEVEL(pinj_30l|ece11)|RATE_OVER_LEVEL(pinj_30r|ece11)|RATE_OVER_LEVEL(pinj_33l|ece11)|RATE_OVER_LEVEL(pinj_33r|ece11),9,"d/dt is linear and FD2_PHYSICAL_TIME_V1 is a fixed linear stencil on the shared grid, so dot(pinj) = sum_b dot(pinj_b); aggregate rate in NUMERATOR only",LOCAL_DOCUMENTED,False,4,RATE_OVER_LEVEL(pinj_15r|ece11)|RATE_OVER_LEVEL(pinj_21l|ece11)|RATE_OVER_LEVEL(pinj_21r|ece11)|RATE_OVER_LEVEL(pinj_33l|ece11),VACUOUS,"at least one member is inadmissible, so no admissible support can contain the complete exact set; the constraint is well defined but has no binding instance"
DEP_C2_PROD_ece12,C2,"PROD(pinj_b,ece12)","PROD(pinj,ece12) = sum_b PROD(pinj_b,ece12)","PROD(pinj,ece12)","PROD(pinj_15l,ece12)|PROD(pinj_15r,ece12)|PROD(pinj_21l,ece12)|PROD(pinj_21r,ece12)|PROD(pinj_30l,ece12)|PROD(pinj_30r,ece12)|PROD(pinj_33l,ece12)|PROD(pinj_33r,ece12)",9,aggregate enters linearly: sum_b (a_b) = (sum_b a_b),LOCAL_DOCUMENTED,False,4,"PROD(pinj_15r,ece12)|PROD(pinj_21l,ece12)|PROD(pinj_21r,ece12)|PROD(pinj_33l,ece12)",VACUOUS,"at least one member is inadmissible, so no admissible support can contain the complete exact set; the constraint is well defined but has no binding instance"
DEP_C3_RATIO_ece12,C3,"RATIO(pinj_b,ece12)","RATIO(pinj,ece12) = sum_b RATIO(pinj_b,ece12)","RATIO(pinj,ece12)","RATIO(pinj_15l,ece12)|RATIO(pinj_15r,ece12)|RATIO(pinj_21l,ece12)|RATIO(pinj_21r,ece12)|RATIO(pinj_30l,ece12)|RATIO(pinj_30r,ece12)|RATIO(pinj_33l,ece12)|RATIO(pinj_33r,ece12)",9,aggregate enters linearly: sum_b (a_b) = (sum_b a_b) (aggregate in NUMERATOR only),LOCAL_DOCUMENTED,False,4,"RATIO(pinj_15r,ece12)|RATIO(pinj_21l,ece12)|RATIO(pinj_21r,ece12)|RATIO(pinj_33l,ece12)",VACUOUS,"at least one member is inadmissible, so no admissible support can contain the complete exact set; the constraint is well defined but has no binding instance"
DEP_C6_RATE_ece12,C6,LEVEL_RATE(ece12|pinj_b),LEVEL_RATE(ece12|pinj) = sum_b LEVEL_RATE(ece12|pinj_b),LEVEL_RATE(ece12|pinj),LEVEL_RATE(ece12|pinj_15l)|LEVEL_RATE(ece12|pinj_15r)|LEVEL_RATE(ece12|pinj_21l)|LEVEL_RATE(ece12|pinj_21r)|LEVEL_RATE(ece12|pinj_30l)|LEVEL_RATE(ece12|pinj_30r)|LEVEL_RATE(ece12|pinj_33l)|LEVEL_RATE(ece12|pinj_33r),9,"d/dt is linear and FD2_PHYSICAL_TIME_V1 is a fixed linear stencil on the shared grid, so dot(pinj) = sum_b dot(pinj_b); x_z * dot(pinj) = sum_b x_z * dot(pinj_b)",LOCAL_DOCUMENTED,False,4,LEVEL_RATE(ece12|pinj_15r)|LEVEL_RATE(ece12|pinj_21l)|LEVEL_RATE(ece12|pinj_21r)|LEVEL_RATE(ece12|pinj_33l),VACUOUS,"at least one member is inadmissible, so no admissible support can contain the complete exact set; the constraint is well defined but has no binding instance"
DEP_C7_RATE_OVER_LEVEL_ece12,C7,RATE_OVER_LEVEL(pinj_b|ece12),RATE_OVER_LEVEL(pinj|ece12) = sum_b RATE_OVER_LEVEL(pinj_b|ece12),RATE_OVER_LEVEL(pinj|ece12),RATE_OVER_LEVEL(pinj_15l|ece12)|RATE_OVER_LEVEL(pinj_15r|ece12)|RATE_OVER_LEVEL(pinj_21l|ece12)|RATE_OVER_LEVEL(pinj_21r|ece12)|RATE_OVER_LEVEL(pinj_30l|ece12)|RATE_OVER_LEVEL(pinj_30r|ece12)|RATE_OVER_LEVEL(pinj_33l|ece12)|RATE_OVER_LEVEL(pinj_33r|ece12),9,"d/dt is linear and FD2_PHYSICAL_TIME_V1 is a fixed linear stencil on the shared grid, so dot(pinj) = sum_b dot(pinj_b); aggregate rate in NUMERATOR only",LOCAL_DOCUMENTED,False,4,RATE_OVER_LEVEL(pinj_15r|ece12)|RATE_OVER_LEVEL(pinj_21l|ece12)|RATE_OVER_LEVEL(pinj_21r|ece12)|RATE_OVER_LEVEL(pinj_33l|ece12),VACUOUS,"at least one member is inadmissible, so no admissible support can contain the complete exact set; the constraint is well defined but has no binding instance"
DEP_C2_PROD_ece13,C2,"PROD(pinj_b,ece13)","PROD(pinj,ece13) = sum_b PROD(pinj_b,ece13)","PROD(pinj,ece13)","PROD(pinj_15l,ece13)|PROD(pinj_15r,ece13)|PROD(pinj_21l,ece13)|PROD(pinj_21r,ece13)|PROD(pinj_30l,ece13)|PROD(pinj_30r,ece13)|PROD(pinj_33l,ece13)|PROD(pinj_33r,ece13)",9,aggregate enters linearly: sum_b (a_b) = (sum_b a_b),LOCAL_DOCUMENTED,False,4,"PROD(pinj_15r,ece13)|PROD(pinj_21l,ece13)|PROD(pinj_21r,ece13)|PROD(pinj_33l,ece13)",VACUOUS,"at least one member is inadmissible, so no admissible support can contain the complete exact set; the constraint is well defined but has no binding instance"
DEP_C3_RATIO_ece13,C3,"RATIO(pinj_b,ece13)","RATIO(pinj,ece13) = sum_b RATIO(pinj_b,ece13)","RATIO(pinj,ece13)","RATIO(pinj_15l,ece13)|RATIO(pinj_15r,ece13)|RATIO(pinj_21l,ece13)|RATIO(pinj_21r,ece13)|RATIO(pinj_30l,ece13)|RATIO(pinj_30r,ece13)|RATIO(pinj_33l,ece13)|RATIO(pinj_33r,ece13)",9,aggregate enters linearly: sum_b (a_b) = (sum_b a_b) (aggregate in NUMERATOR only),LOCAL_DOCUMENTED,False,4,"RATIO(pinj_15r,ece13)|RATIO(pinj_21l,ece13)|RATIO(pinj_21r,ece13)|RATIO(pinj_33l,ece13)",VACUOUS,"at least one member is inadmissible, so no admissible support can contain the complete exact set; the constraint is well defined but has no binding instance"
DEP_C6_RATE_ece13,C6,LEVEL_RATE(ece13|pinj_b),LEVEL_RATE(ece13|pinj) = sum_b LEVEL_RATE(ece13|pinj_b),LEVEL_RATE(ece13|pinj),LEVEL_RATE(ece13|pinj_15l)|LEVEL_RATE(ece13|pinj_15r)|LEVEL_RATE(ece13|pinj_21l)|LEVEL_RATE(ece13|pinj_21r)|LEVEL_RATE(ece13|pinj_30l)|LEVEL_RATE(ece13|pinj_30r)|LEVEL_RATE(ece13|pinj_33l)|LEVEL_RATE(ece13|pinj_33r),9,"d/dt is linear and FD2_PHYSICAL_TIME_V1 is a fixed linear stencil on the shared grid, so dot(pinj) = sum_b dot(pinj_b); x_z * dot(pinj) = sum_b x_z * dot(pinj_b)",LOCAL_DOCUMENTED,False,4,LEVEL_RATE(ece13|pinj_15r)|LEVEL_RATE(ece13|pinj_21l)|LEVEL_RATE(ece13|pinj_21r)|LEVEL_RATE(ece13|pinj_33l),VACUOUS,"at least one member is inadmissible, so no admissible support can contain the complete exact set; the constraint is well defined but has no binding instance"
DEP_C7_RATE_OVER_LEVEL_ece13,C7,RATE_OVER_LEVEL(pinj_b|ece13),RATE_OVER_LEVEL(pinj|ece13) = sum_b RATE_OVER_LEVEL(pinj_b|ece13),RATE_OVER_LEVEL(pinj|ece13),RATE_OVER_LEVEL(pinj_15l|ece13)|RATE_OVER_LEVEL(pinj_15r|ece13)|RATE_OVER_LEVEL(pinj_21l|ece13)|RATE_OVER_LEVEL(pinj_21r|ece13)|RATE_OVER_LEVEL(pinj_30l|ece13)|RATE_OVER_LEVEL(pinj_30r|ece13)|RATE_OVER_LEVEL(pinj_33l|ece13)|RATE_OVER_LEVEL(pinj_33r|ece13),9,"d/dt is linear and FD2_PHYSICAL_TIME_V1 is a fixed linear stencil on the shared grid, so dot(pinj) = sum_b dot(pinj_b); aggregate rate in NUMERATOR only",LOCAL_DOCUMENTED,False,4,RATE_OVER_LEVEL(pinj_15r|ece13)|RATE_OVER_LEVEL(pinj_21l|ece13)|RATE_OVER_LEVEL(pinj_21r|ece13)|RATE_OVER_LEVEL(pinj_33l|ece13),VACUOUS,"at least one member is inadmissible, so no admissible support can contain the complete exact set; the constraint is well defined but has no binding instance"
DEP_C2_PROD_ece14,C2,"PROD(pinj_b,ece14)","PROD(pinj,ece14) = sum_b PROD(pinj_b,ece14)","PROD(pinj,ece14)","PROD(pinj_15l,ece14)|PROD(pinj_15r,ece14)|PROD(pinj_21l,ece14)|PROD(pinj_21r,ece14)|PROD(pinj_30l,ece14)|PROD(pinj_30r,ece14)|PROD(pinj_33l,ece14)|PROD(pinj_33r,ece14)",9,aggregate enters linearly: sum_b (a_b) = (sum_b a_b),LOCAL_DOCUMENTED,False,4,"PROD(pinj_15r,ece14)|PROD(pinj_21l,ece14)|PROD(pinj_21r,ece14)|PROD(pinj_33l,ece14)",VACUOUS,"at least one member is inadmissible, so no admissible support can contain the complete exact set; the constraint is well defined but has no binding instance"
DEP_C3_RATIO_ece14,C3,"RATIO(pinj_b,ece14)","RATIO(pinj,ece14) = sum_b RATIO(pinj_b,ece14)","RATIO(pinj,ece14)","RATIO(pinj_15l,ece14)|RATIO(pinj_15r,ece14)|RATIO(pinj_21l,ece14)|RATIO(pinj_21r,ece14)|RATIO(pinj_30l,ece14)|RATIO(pinj_30r,ece14)|RATIO(pinj_33l,ece14)|RATIO(pinj_33r,ece14)",9,aggregate enters linearly: sum_b (a_b) = (sum_b a_b) (aggregate in NUMERATOR only),LOCAL_DOCUMENTED,False,4,"RATIO(pinj_15r,ece14)|RATIO(pinj_21l,ece14)|RATIO(pinj_21r,ece14)|RATIO(pinj_33l,ece14)",VACUOUS,"at least one member is inadmissible, so no admissible support can contain the complete exact set; the constraint is well defined but has no binding instance"
DEP_C6_RATE_ece14,C6,LEVEL_RATE(ece14|pinj_b),LEVEL_RATE(ece14|pinj) = sum_b LEVEL_RATE(ece14|pinj_b),LEVEL_RATE(ece14|pinj),LEVEL_RATE(ece14|pinj_15l)|LEVEL_RATE(ece14|pinj_15r)|LEVEL_RATE(ece14|pinj_21l)|LEVEL_RATE(ece14|pinj_21r)|LEVEL_RATE(ece14|pinj_30l)|LEVEL_RATE(ece14|pinj_30r)|LEVEL_RATE(ece14|pinj_33l)|LEVEL_RATE(ece14|pinj_33r),9,"d/dt is linear and FD2_PHYSICAL_TIME_V1 is a fixed linear stencil on the shared grid, so dot(pinj) = sum_b dot(pinj_b); x_z * dot(pinj) = sum_b x_z * dot(pinj_b)",LOCAL_DOCUMENTED,False,4,LEVEL_RATE(ece14|pinj_15r)|LEVEL_RATE(ece14|pinj_21l)|LEVEL_RATE(ece14|pinj_21r)|LEVEL_RATE(ece14|pinj_33l),VACUOUS,"at least one member is inadmissible, so no admissible support can contain the complete exact set; the constraint is well defined but has no binding instance"
DEP_C7_RATE_OVER_LEVEL_ece14,C7,RATE_OVER_LEVEL(pinj_b|ece14),RATE_OVER_LEVEL(pinj|ece14) = sum_b RATE_OVER_LEVEL(pinj_b|ece14),RATE_OVER_LEVEL(pinj|ece14),RATE_OVER_LEVEL(pinj_15l|ece14)|RATE_OVER_LEVEL(pinj_15r|ece14)|RATE_OVER_LEVEL(pinj_21l|ece14)|RATE_OVER_LEVEL(pinj_21r|ece14)|RATE_OVER_LEVEL(pinj_30l|ece14)|RATE_OVER_LEVEL(pinj_30r|ece14)|RATE_OVER_LEVEL(pinj_33l|ece14)|RATE_OVER_LEVEL(pinj_33r|ece14),9,"d/dt is linear and FD2_PHYSICAL_TIME_V1 is a fixed linear stencil on the shared grid, so dot(pinj) = sum_b dot(pinj_b); aggregate rate in NUMERATOR only",LOCAL_DOCUMENTED,False,4,RATE_OVER_LEVEL(pinj_15r|ece14)|RATE_OVER_LEVEL(pinj_21l|ece14)|RATE_OVER_LEVEL(pinj_21r|ece14)|RATE_OVER_LEVEL(pinj_33l|ece14),VACUOUS,"at least one member is inadmissible, so no admissible support can contain the complete exact set; the constraint is well defined but has no binding instance"
DEP_C2_PROD_ece15,C2,"PROD(pinj_b,ece15)","PROD(pinj,ece15) = sum_b PROD(pinj_b,ece15)","PROD(pinj,ece15)","PROD(pinj_15l,ece15)|PROD(pinj_15r,ece15)|PROD(pinj_21l,ece15)|PROD(pinj_21r,ece15)|PROD(pinj_30l,ece15)|PROD(pinj_30r,ece15)|PROD(pinj_33l,ece15)|PROD(pinj_33r,ece15)",9,aggregate enters linearly: sum_b (a_b) = (sum_b a_b),LOCAL_DOCUMENTED,False,4,"PROD(pinj_15r,ece15)|PROD(pinj_21l,ece15)|PROD(pinj_21r,ece15)|PROD(pinj_33l,ece15)",VACUOUS,"at least one member is inadmissible, so no admissible support can contain the complete exact set; the constraint is well defined but has no binding instance"
DEP_C3_RATIO_ece15,C3,"RATIO(pinj_b,ece15)","RATIO(pinj,ece15) = sum_b RATIO(pinj_b,ece15)","RATIO(pinj,ece15)","RATIO(pinj_15l,ece15)|RATIO(pinj_15r,ece15)|RATIO(pinj_21l,ece15)|RATIO(pinj_21r,ece15)|RATIO(pinj_30l,ece15)|RATIO(pinj_30r,ece15)|RATIO(pinj_33l,ece15)|RATIO(pinj_33r,ece15)",9,aggregate enters linearly: sum_b (a_b) = (sum_b a_b) (aggregate in NUMERATOR only),LOCAL_DOCUMENTED,False,4,"RATIO(pinj_15r,ece15)|RATIO(pinj_21l,ece15)|RATIO(pinj_21r,ece15)|RATIO(pinj_33l,ece15)",VACUOUS,"at least one member is inadmissible, so no admissible support can contain the complete exact set; the constraint is well defined but has no binding instance"
DEP_C6_RATE_ece15,C6,LEVEL_RATE(ece15|pinj_b),LEVEL_RATE(ece15|pinj) = sum_b LEVEL_RATE(ece15|pinj_b),LEVEL_RATE(ece15|pinj),LEVEL_RATE(ece15|pinj_15l)|LEVEL_RATE(ece15|pinj_15r)|LEVEL_RATE(ece15|pinj_21l)|LEVEL_RATE(ece15|pinj_21r)|LEVEL_RATE(ece15|pinj_30l)|LEVEL_RATE(ece15|pinj_30r)|LEVEL_RATE(ece15|pinj_33l)|LEVEL_RATE(ece15|pinj_33r),9,"d/dt is linear and FD2_PHYSICAL_TIME_V1 is a fixed linear stencil on the shared grid, so dot(pinj) = sum_b dot(pinj_b); x_z * dot(pinj) = sum_b x_z * dot(pinj_b)",LOCAL_DOCUMENTED,False,4,LEVEL_RATE(ece15|pinj_15r)|LEVEL_RATE(ece15|pinj_21l)|LEVEL_RATE(ece15|pinj_21r)|LEVEL_RATE(ece15|pinj_33l),VACUOUS,"at least one member is inadmissible, so no admissible support can contain the complete exact set; the constraint is well defined but has no binding instance"
DEP_C7_RATE_OVER_LEVEL_ece15,C7,RATE_OVER_LEVEL(pinj_b|ece15),RATE_OVER_LEVEL(pinj|ece15) = sum_b RATE_OVER_LEVEL(pinj_b|ece15),RATE_OVER_LEVEL(pinj|ece15),RATE_OVER_LEVEL(pinj_15l|ece15)|RATE_OVER_LEVEL(pinj_15r|ece15)|RATE_OVER_LEVEL(pinj_21l|ece15)|RATE_OVER_LEVEL(pinj_21r|ece15)|RATE_OVER_LEVEL(pinj_30l|ece15)|RATE_OVER_LEVEL(pinj_30r|ece15)|RATE_OVER_LEVEL(pinj_33l|ece15)|RATE_OVER_LEVEL(pinj_33r|ece15),9,"d/dt is linear and FD2_PHYSICAL_TIME_V1 is a fixed linear stencil on the shared grid, so dot(pinj) = sum_b dot(pinj_b); aggregate rate in NUMERATOR only",LOCAL_DOCUMENTED,False,4,RATE_OVER_LEVEL(pinj_15r|ece15)|RATE_OVER_LEVEL(pinj_21l|ece15)|RATE_OVER_LEVEL(pinj_21r|ece15)|RATE_OVER_LEVEL(pinj_33l|ece15),VACUOUS,"at least one member is inadmissible, so no admissible support can contain the complete exact set; the constraint is well defined but has no binding instance"
DEP_C2_PROD_ece16,C2,"PROD(pinj_b,ece16)","PROD(pinj,ece16) = sum_b PROD(pinj_b,ece16)","PROD(pinj,ece16)","PROD(pinj_15l,ece16)|PROD(pinj_15r,ece16)|PROD(pinj_21l,ece16)|PROD(pinj_21r,ece16)|PROD(pinj_30l,ece16)|PROD(pinj_30r,ece16)|PROD(pinj_33l,ece16)|PROD(pinj_33r,ece16)",9,aggregate enters linearly: sum_b (a_b) = (sum_b a_b),LOCAL_DOCUMENTED,False,4,"PROD(pinj_15r,ece16)|PROD(pinj_21l,ece16)|PROD(pinj_21r,ece16)|PROD(pinj_33l,ece16)",VACUOUS,"at least one member is inadmissible, so no admissible support can contain the complete exact set; the constraint is well defined but has no binding instance"
DEP_C3_RATIO_ece16,C3,"RATIO(pinj_b,ece16)","RATIO(pinj,ece16) = sum_b RATIO(pinj_b,ece16)","RATIO(pinj,ece16)","RATIO(pinj_15l,ece16)|RATIO(pinj_15r,ece16)|RATIO(pinj_21l,ece16)|RATIO(pinj_21r,ece16)|RATIO(pinj_30l,ece16)|RATIO(pinj_30r,ece16)|RATIO(pinj_33l,ece16)|RATIO(pinj_33r,ece16)",9,aggregate enters linearly: sum_b (a_b) = (sum_b a_b) (aggregate in NUMERATOR only),LOCAL_DOCUMENTED,False,4,"RATIO(pinj_15r,ece16)|RATIO(pinj_21l,ece16)|RATIO(pinj_21r,ece16)|RATIO(pinj_33l,ece16)",VACUOUS,"at least one member is inadmissible, so no admissible support can contain the complete exact set; the constraint is well defined but has no binding instance"
DEP_C6_RATE_ece16,C6,LEVEL_RATE(ece16|pinj_b),LEVEL_RATE(ece16|pinj) = sum_b LEVEL_RATE(ece16|pinj_b),LEVEL_RATE(ece16|pinj),LEVEL_RATE(ece16|pinj_15l)|LEVEL_RATE(ece16|pinj_15r)|LEVEL_RATE(ece16|pinj_21l)|LEVEL_RATE(ece16|pinj_21r)|LEVEL_RATE(ece16|pinj_30l)|LEVEL_RATE(ece16|pinj_30r)|LEVEL_RATE(ece16|pinj_33l)|LEVEL_RATE(ece16|pinj_33r),9,"d/dt is linear and FD2_PHYSICAL_TIME_V1 is a fixed linear stencil on the shared grid, so dot(pinj) = sum_b dot(pinj_b); x_z * dot(pinj) = sum_b x_z * dot(pinj_b)",LOCAL_DOCUMENTED,False,4,LEVEL_RATE(ece16|pinj_15r)|LEVEL_RATE(ece16|pinj_21l)|LEVEL_RATE(ece16|pinj_21r)|LEVEL_RATE(ece16|pinj_33l),VACUOUS,"at least one member is inadmissible, so no admissible support can contain the complete exact set; the constraint is well defined but has no binding instance"
DEP_C7_RATE_OVER_LEVEL_ece16,C7,RATE_OVER_LEVEL(pinj_b|ece16),RATE_OVER_LEVEL(pinj|ece16) = sum_b RATE_OVER_LEVEL(pinj_b|ece16),RATE_OVER_LEVEL(pinj|ece16),RATE_OVER_LEVEL(pinj_15l|ece16)|RATE_OVER_LEVEL(pinj_15r|ece16)|RATE_OVER_LEVEL(pinj_21l|ece16)|RATE_OVER_LEVEL(pinj_21r|ece16)|RATE_OVER_LEVEL(pinj_30l|ece16)|RATE_OVER_LEVEL(pinj_30r|ece16)|RATE_OVER_LEVEL(pinj_33l|ece16)|RATE_OVER_LEVEL(pinj_33r|ece16),9,"d/dt is linear and FD2_PHYSICAL_TIME_V1 is a fixed linear stencil on the shared grid, so dot(pinj) = sum_b dot(pinj_b); aggregate rate in NUMERATOR only",LOCAL_DOCUMENTED,False,4,RATE_OVER_LEVEL(pinj_15r|ece16)|RATE_OVER_LEVEL(pinj_21l|ece16)|RATE_OVER_LEVEL(pinj_21r|ece16)|RATE_OVER_LEVEL(pinj_33l|ece16),VACUOUS,"at least one member is inadmissible, so no admissible support can contain the complete exact set; the constraint is well defined but has no binding instance"
DEP_C2_PROD_ece18,C2,"PROD(pinj_b,ece18)","PROD(pinj,ece18) = sum_b PROD(pinj_b,ece18)","PROD(pinj,ece18)","PROD(pinj_15l,ece18)|PROD(pinj_15r,ece18)|PROD(pinj_21l,ece18)|PROD(pinj_21r,ece18)|PROD(pinj_30l,ece18)|PROD(pinj_30r,ece18)|PROD(pinj_33l,ece18)|PROD(pinj_33r,ece18)",9,aggregate enters linearly: sum_b (a_b) = (sum_b a_b),LOCAL_DOCUMENTED,False,4,"PROD(pinj_15r,ece18)|PROD(pinj_21l,ece18)|PROD(pinj_21r,ece18)|PROD(pinj_33l,ece18)",VACUOUS,"at least one member is inadmissible, so no admissible support can contain the complete exact set; the constraint is well defined but has no binding instance"
DEP_C3_RATIO_ece18,C3,"RATIO(pinj_b,ece18)","RATIO(pinj,ece18) = sum_b RATIO(pinj_b,ece18)","RATIO(pinj,ece18)","RATIO(pinj_15l,ece18)|RATIO(pinj_15r,ece18)|RATIO(pinj_21l,ece18)|RATIO(pinj_21r,ece18)|RATIO(pinj_30l,ece18)|RATIO(pinj_30r,ece18)|RATIO(pinj_33l,ece18)|RATIO(pinj_33r,ece18)",9,aggregate enters linearly: sum_b (a_b) = (sum_b a_b) (aggregate in NUMERATOR only),LOCAL_DOCUMENTED,False,4,"RATIO(pinj_15r,ece18)|RATIO(pinj_21l,ece18)|RATIO(pinj_21r,ece18)|RATIO(pinj_33l,ece18)",VACUOUS,"at least one member is inadmissible, so no admissible support can contain the complete exact set; the constraint is well defined but has no binding instance"
DEP_C6_RATE_ece18,C6,LEVEL_RATE(ece18|pinj_b),LEVEL_RATE(ece18|pinj) = sum_b LEVEL_RATE(ece18|pinj_b),LEVEL_RATE(ece18|pinj),LEVEL_RATE(ece18|pinj_15l)|LEVEL_RATE(ece18|pinj_15r)|LEVEL_RATE(ece18|pinj_21l)|LEVEL_RATE(ece18|pinj_21r)|LEVEL_RATE(ece18|pinj_30l)|LEVEL_RATE(ece18|pinj_30r)|LEVEL_RATE(ece18|pinj_33l)|LEVEL_RATE(ece18|pinj_33r),9,"d/dt is linear and FD2_PHYSICAL_TIME_V1 is a fixed linear stencil on the shared grid, so dot(pinj) = sum_b dot(pinj_b); x_z * dot(pinj) = sum_b x_z * dot(pinj_b)",LOCAL_DOCUMENTED,False,4,LEVEL_RATE(ece18|pinj_15r)|LEVEL_RATE(ece18|pinj_21l)|LEVEL_RATE(ece18|pinj_21r)|LEVEL_RATE(ece18|pinj_33l),VACUOUS,"at least one member is inadmissible, so no admissible support can contain the complete exact set; the constraint is well defined but has no binding instance"
DEP_C7_RATE_OVER_LEVEL_ece18,C7,RATE_OVER_LEVEL(pinj_b|ece18),RATE_OVER_LEVEL(pinj|ece18) = sum_b RATE_OVER_LEVEL(pinj_b|ece18),RATE_OVER_LEVEL(pinj|ece18),RATE_OVER_LEVEL(pinj_15l|ece18)|RATE_OVER_LEVEL(pinj_15r|ece18)|RATE_OVER_LEVEL(pinj_21l|ece18)|RATE_OVER_LEVEL(pinj_21r|ece18)|RATE_OVER_LEVEL(pinj_30l|ece18)|RATE_OVER_LEVEL(pinj_30r|ece18)|RATE_OVER_LEVEL(pinj_33l|ece18)|RATE_OVER_LEVEL(pinj_33r|ece18),9,"d/dt is linear and FD2_PHYSICAL_TIME_V1 is a fixed linear stencil on the shared grid, so dot(pinj) = sum_b dot(pinj_b); aggregate rate in NUMERATOR only",LOCAL_DOCUMENTED,False,4,RATE_OVER_LEVEL(pinj_15r|ece18)|RATE_OVER_LEVEL(pinj_21l|ece18)|RATE_OVER_LEVEL(pinj_21r|ece18)|RATE_OVER_LEVEL(pinj_33l|ece18),VACUOUS,"at least one member is inadmissible, so no admissible support can contain the complete exact set; the constraint is well defined but has no binding instance"
DEP_C2_PROD_ece19,C2,"PROD(pinj_b,ece19)","PROD(pinj,ece19) = sum_b PROD(pinj_b,ece19)","PROD(pinj,ece19)","PROD(pinj_15l,ece19)|PROD(pinj_15r,ece19)|PROD(pinj_21l,ece19)|PROD(pinj_21r,ece19)|PROD(pinj_30l,ece19)|PROD(pinj_30r,ece19)|PROD(pinj_33l,ece19)|PROD(pinj_33r,ece19)",9,aggregate enters linearly: sum_b (a_b) = (sum_b a_b),LOCAL_DOCUMENTED,False,4,"PROD(pinj_15r,ece19)|PROD(pinj_21l,ece19)|PROD(pinj_21r,ece19)|PROD(pinj_33l,ece19)",VACUOUS,"at least one member is inadmissible, so no admissible support can contain the complete exact set; the constraint is well defined but has no binding instance"
DEP_C3_RATIO_ece19,C3,"RATIO(pinj_b,ece19)","RATIO(pinj,ece19) = sum_b RATIO(pinj_b,ece19)","RATIO(pinj,ece19)","RATIO(pinj_15l,ece19)|RATIO(pinj_15r,ece19)|RATIO(pinj_21l,ece19)|RATIO(pinj_21r,ece19)|RATIO(pinj_30l,ece19)|RATIO(pinj_30r,ece19)|RATIO(pinj_33l,ece19)|RATIO(pinj_33r,ece19)",9,aggregate enters linearly: sum_b (a_b) = (sum_b a_b) (aggregate in NUMERATOR only),LOCAL_DOCUMENTED,False,4,"RATIO(pinj_15r,ece19)|RATIO(pinj_21l,ece19)|RATIO(pinj_21r,ece19)|RATIO(pinj_33l,ece19)",VACUOUS,"at least one member is inadmissible, so no admissible support can contain the complete exact set; the constraint is well defined but has no binding instance"
DEP_C6_RATE_ece19,C6,LEVEL_RATE(ece19|pinj_b),LEVEL_RATE(ece19|pinj) = sum_b LEVEL_RATE(ece19|pinj_b),LEVEL_RATE(ece19|pinj),LEVEL_RATE(ece19|pinj_15l)|LEVEL_RATE(ece19|pinj_15r)|LEVEL_RATE(ece19|pinj_21l)|LEVEL_RATE(ece19|pinj_21r)|LEVEL_RATE(ece19|pinj_30l)|LEVEL_RATE(ece19|pinj_30r)|LEVEL_RATE(ece19|pinj_33l)|LEVEL_RATE(ece19|pinj_33r),9,"d/dt is linear and FD2_PHYSICAL_TIME_V1 is a fixed linear stencil on the shared grid, so dot(pinj) = sum_b dot(pinj_b); x_z * dot(pinj) = sum_b x_z * dot(pinj_b)",LOCAL_DOCUMENTED,False,4,LEVEL_RATE(ece19|pinj_15r)|LEVEL_RATE(ece19|pinj_21l)|LEVEL_RATE(ece19|pinj_21r)|LEVEL_RATE(ece19|pinj_33l),VACUOUS,"at least one member is inadmissible, so no admissible support can contain the complete exact set; the constraint is well defined but has no binding instance"
DEP_C7_RATE_OVER_LEVEL_ece19,C7,RATE_OVER_LEVEL(pinj_b|ece19),RATE_OVER_LEVEL(pinj|ece19) = sum_b RATE_OVER_LEVEL(pinj_b|ece19),RATE_OVER_LEVEL(pinj|ece19),RATE_OVER_LEVEL(pinj_15l|ece19)|RATE_OVER_LEVEL(pinj_15r|ece19)|RATE_OVER_LEVEL(pinj_21l|ece19)|RATE_OVER_LEVEL(pinj_21r|ece19)|RATE_OVER_LEVEL(pinj_30l|ece19)|RATE_OVER_LEVEL(pinj_30r|ece19)|RATE_OVER_LEVEL(pinj_33l|ece19)|RATE_OVER_LEVEL(pinj_33r|ece19),9,"d/dt is linear and FD2_PHYSICAL_TIME_V1 is a fixed linear stencil on the shared grid, so dot(pinj) = sum_b dot(pinj_b); aggregate rate in NUMERATOR only",LOCAL_DOCUMENTED,False,4,RATE_OVER_LEVEL(pinj_15r|ece19)|RATE_OVER_LEVEL(pinj_21l|ece19)|RATE_OVER_LEVEL(pinj_21r|ece19)|RATE_OVER_LEVEL(pinj_33l|ece19),VACUOUS,"at least one member is inadmissible, so no admissible support can contain the complete exact set; the constraint is well defined but has no binding instance"
DEP_C2_PROD_ece20,C2,"PROD(pinj_b,ece20)","PROD(pinj,ece20) = sum_b PROD(pinj_b,ece20)","PROD(pinj,ece20)","PROD(pinj_15l,ece20)|PROD(pinj_15r,ece20)|PROD(pinj_21l,ece20)|PROD(pinj_21r,ece20)|PROD(pinj_30l,ece20)|PROD(pinj_30r,ece20)|PROD(pinj_33l,ece20)|PROD(pinj_33r,ece20)",9,aggregate enters linearly: sum_b (a_b) = (sum_b a_b),LOCAL_DOCUMENTED,False,4,"PROD(pinj_15r,ece20)|PROD(pinj_21l,ece20)|PROD(pinj_21r,ece20)|PROD(pinj_33l,ece20)",VACUOUS,"at least one member is inadmissible, so no admissible support can contain the complete exact set; the constraint is well defined but has no binding instance"
DEP_C3_RATIO_ece20,C3,"RATIO(pinj_b,ece20)","RATIO(pinj,ece20) = sum_b RATIO(pinj_b,ece20)","RATIO(pinj,ece20)","RATIO(pinj_15l,ece20)|RATIO(pinj_15r,ece20)|RATIO(pinj_21l,ece20)|RATIO(pinj_21r,ece20)|RATIO(pinj_30l,ece20)|RATIO(pinj_30r,ece20)|RATIO(pinj_33l,ece20)|RATIO(pinj_33r,ece20)",9,aggregate enters linearly: sum_b (a_b) = (sum_b a_b) (aggregate in NUMERATOR only),LOCAL_DOCUMENTED,False,4,"RATIO(pinj_15r,ece20)|RATIO(pinj_21l,ece20)|RATIO(pinj_21r,ece20)|RATIO(pinj_33l,ece20)",VACUOUS,"at least one member is inadmissible, so no admissible support can contain the complete exact set; the constraint is well defined but has no binding instance"
DEP_C6_RATE_ece20,C6,LEVEL_RATE(ece20|pinj_b),LEVEL_RATE(ece20|pinj) = sum_b LEVEL_RATE(ece20|pinj_b),LEVEL_RATE(ece20|pinj),LEVEL_RATE(ece20|pinj_15l)|LEVEL_RATE(ece20|pinj_15r)|LEVEL_RATE(ece20|pinj_21l)|LEVEL_RATE(ece20|pinj_21r)|LEVEL_RATE(ece20|pinj_30l)|LEVEL_RATE(ece20|pinj_30r)|LEVEL_RATE(ece20|pinj_33l)|LEVEL_RATE(ece20|pinj_33r),9,"d/dt is linear and FD2_PHYSICAL_TIME_V1 is a fixed linear stencil on the shared grid, so dot(pinj) = sum_b dot(pinj_b); x_z * dot(pinj) = sum_b x_z * dot(pinj_b)",LOCAL_DOCUMENTED,False,4,LEVEL_RATE(ece20|pinj_15r)|LEVEL_RATE(ece20|pinj_21l)|LEVEL_RATE(ece20|pinj_21r)|LEVEL_RATE(ece20|pinj_33l),VACUOUS,"at least one member is inadmissible, so no admissible support can contain the complete exact set; the constraint is well defined but has no binding instance"
DEP_C7_RATE_OVER_LEVEL_ece20,C7,RATE_OVER_LEVEL(pinj_b|ece20),RATE_OVER_LEVEL(pinj|ece20) = sum_b RATE_OVER_LEVEL(pinj_b|ece20),RATE_OVER_LEVEL(pinj|ece20),RATE_OVER_LEVEL(pinj_15l|ece20)|RATE_OVER_LEVEL(pinj_15r|ece20)|RATE_OVER_LEVEL(pinj_21l|ece20)|RATE_OVER_LEVEL(pinj_21r|ece20)|RATE_OVER_LEVEL(pinj_30l|ece20)|RATE_OVER_LEVEL(pinj_30r|ece20)|RATE_OVER_LEVEL(pinj_33l|ece20)|RATE_OVER_LEVEL(pinj_33r|ece20),9,"d/dt is linear and FD2_PHYSICAL_TIME_V1 is a fixed linear stencil on the shared grid, so dot(pinj) = sum_b dot(pinj_b); aggregate rate in NUMERATOR only",LOCAL_DOCUMENTED,False,4,RATE_OVER_LEVEL(pinj_15r|ece20)|RATE_OVER_LEVEL(pinj_21l|ece20)|RATE_OVER_LEVEL(pinj_21r|ece20)|RATE_OVER_LEVEL(pinj_33l|ece20),VACUOUS,"at least one member is inadmissible, so no admissible support can contain the complete exact set; the constraint is well defined but has no binding instance"
DEP_C2_PROD_ece21,C2,"PROD(pinj_b,ece21)","PROD(pinj,ece21) = sum_b PROD(pinj_b,ece21)","PROD(pinj,ece21)","PROD(pinj_15l,ece21)|PROD(pinj_15r,ece21)|PROD(pinj_21l,ece21)|PROD(pinj_21r,ece21)|PROD(pinj_30l,ece21)|PROD(pinj_30r,ece21)|PROD(pinj_33l,ece21)|PROD(pinj_33r,ece21)",9,aggregate enters linearly: sum_b (a_b) = (sum_b a_b),LOCAL_DOCUMENTED,False,4,"PROD(pinj_15r,ece21)|PROD(pinj_21l,ece21)|PROD(pinj_21r,ece21)|PROD(pinj_33l,ece21)",VACUOUS,"at least one member is inadmissible, so no admissible support can contain the complete exact set; the constraint is well defined but has no binding instance"
DEP_C3_RATIO_ece21,C3,"RATIO(pinj_b,ece21)","RATIO(pinj,ece21) = sum_b RATIO(pinj_b,ece21)","RATIO(pinj,ece21)","RATIO(pinj_15l,ece21)|RATIO(pinj_15r,ece21)|RATIO(pinj_21l,ece21)|RATIO(pinj_21r,ece21)|RATIO(pinj_30l,ece21)|RATIO(pinj_30r,ece21)|RATIO(pinj_33l,ece21)|RATIO(pinj_33r,ece21)",9,aggregate enters linearly: sum_b (a_b) = (sum_b a_b) (aggregate in NUMERATOR only),LOCAL_DOCUMENTED,False,4,"RATIO(pinj_15r,ece21)|RATIO(pinj_21l,ece21)|RATIO(pinj_21r,ece21)|RATIO(pinj_33l,ece21)",VACUOUS,"at least one member is inadmissible, so no admissible support can contain the complete exact set; the constraint is well defined but has no binding instance"
DEP_C6_RATE_ece21,C6,LEVEL_RATE(ece21|pinj_b),LEVEL_RATE(ece21|pinj) = sum_b LEVEL_RATE(ece21|pinj_b),LEVEL_RATE(ece21|pinj),LEVEL_RATE(ece21|pinj_15l)|LEVEL_RATE(ece21|pinj_15r)|LEVEL_RATE(ece21|pinj_21l)|LEVEL_RATE(ece21|pinj_21r)|LEVEL_RATE(ece21|pinj_30l)|LEVEL_RATE(ece21|pinj_30r)|LEVEL_RATE(ece21|pinj_33l)|LEVEL_RATE(ece21|pinj_33r),9,"d/dt is linear and FD2_PHYSICAL_TIME_V1 is a fixed linear stencil on the shared grid, so dot(pinj) = sum_b dot(pinj_b); x_z * dot(pinj) = sum_b x_z * dot(pinj_b)",LOCAL_DOCUMENTED,False,4,LEVEL_RATE(ece21|pinj_15r)|LEVEL_RATE(ece21|pinj_21l)|LEVEL_RATE(ece21|pinj_21r)|LEVEL_RATE(ece21|pinj_33l),VACUOUS,"at least one member is inadmissible, so no admissible support can contain the complete exact set; the constraint is well defined but has no binding instance"
DEP_C7_RATE_OVER_LEVEL_ece21,C7,RATE_OVER_LEVEL(pinj_b|ece21),RATE_OVER_LEVEL(pinj|ece21) = sum_b RATE_OVER_LEVEL(pinj_b|ece21),RATE_OVER_LEVEL(pinj|ece21),RATE_OVER_LEVEL(pinj_15l|ece21)|RATE_OVER_LEVEL(pinj_15r|ece21)|RATE_OVER_LEVEL(pinj_21l|ece21)|RATE_OVER_LEVEL(pinj_21r|ece21)|RATE_OVER_LEVEL(pinj_30l|ece21)|RATE_OVER_LEVEL(pinj_30r|ece21)|RATE_OVER_LEVEL(pinj_33l|ece21)|RATE_OVER_LEVEL(pinj_33r|ece21),9,"d/dt is linear and FD2_PHYSICAL_TIME_V1 is a fixed linear stencil on the shared grid, so dot(pinj) = sum_b dot(pinj_b); aggregate rate in NUMERATOR only",LOCAL_DOCUMENTED,False,4,RATE_OVER_LEVEL(pinj_15r|ece21)|RATE_OVER_LEVEL(pinj_21l|ece21)|RATE_OVER_LEVEL(pinj_21r|ece21)|RATE_OVER_LEVEL(pinj_33l|ece21),VACUOUS,"at least one member is inadmissible, so no admissible support can contain the complete exact set; the constraint is well defined but has no binding instance"
DEP_C2_PROD_ece22,C2,"PROD(pinj_b,ece22)","PROD(pinj,ece22) = sum_b PROD(pinj_b,ece22)","PROD(pinj,ece22)","PROD(pinj_15l,ece22)|PROD(pinj_15r,ece22)|PROD(pinj_21l,ece22)|PROD(pinj_21r,ece22)|PROD(pinj_30l,ece22)|PROD(pinj_30r,ece22)|PROD(pinj_33l,ece22)|PROD(pinj_33r,ece22)",9,aggregate enters linearly: sum_b (a_b) = (sum_b a_b),LOCAL_DOCUMENTED,False,4,"PROD(pinj_15r,ece22)|PROD(pinj_21l,ece22)|PROD(pinj_21r,ece22)|PROD(pinj_33l,ece22)",VACUOUS,"at least one member is inadmissible, so no admissible support can contain the complete exact set; the constraint is well defined but has no binding instance"
DEP_C3_RATIO_ece22,C3,"RATIO(pinj_b,ece22)","RATIO(pinj,ece22) = sum_b RATIO(pinj_b,ece22)","RATIO(pinj,ece22)","RATIO(pinj_15l,ece22)|RATIO(pinj_15r,ece22)|RATIO(pinj_21l,ece22)|RATIO(pinj_21r,ece22)|RATIO(pinj_30l,ece22)|RATIO(pinj_30r,ece22)|RATIO(pinj_33l,ece22)|RATIO(pinj_33r,ece22)",9,aggregate enters linearly: sum_b (a_b) = (sum_b a_b) (aggregate in NUMERATOR only),LOCAL_DOCUMENTED,False,4,"RATIO(pinj_15r,ece22)|RATIO(pinj_21l,ece22)|RATIO(pinj_21r,ece22)|RATIO(pinj_33l,ece22)",VACUOUS,"at least one member is inadmissible, so no admissible support can contain the complete exact set; the constraint is well defined but has no binding instance"
DEP_C6_RATE_ece22,C6,LEVEL_RATE(ece22|pinj_b),LEVEL_RATE(ece22|pinj) = sum_b LEVEL_RATE(ece22|pinj_b),LEVEL_RATE(ece22|pinj),LEVEL_RATE(ece22|pinj_15l)|LEVEL_RATE(ece22|pinj_15r)|LEVEL_RATE(ece22|pinj_21l)|LEVEL_RATE(ece22|pinj_21r)|LEVEL_RATE(ece22|pinj_30l)|LEVEL_RATE(ece22|pinj_30r)|LEVEL_RATE(ece22|pinj_33l)|LEVEL_RATE(ece22|pinj_33r),9,"d/dt is linear and FD2_PHYSICAL_TIME_V1 is a fixed linear stencil on the shared grid, so dot(pinj) = sum_b dot(pinj_b); x_z * dot(pinj) = sum_b x_z * dot(pinj_b)",LOCAL_DOCUMENTED,False,4,LEVEL_RATE(ece22|pinj_15r)|LEVEL_RATE(ece22|pinj_21l)|LEVEL_RATE(ece22|pinj_21r)|LEVEL_RATE(ece22|pinj_33l),VACUOUS,"at least one member is inadmissible, so no admissible support can contain the complete exact set; the constraint is well defined but has no binding instance"
DEP_C7_RATE_OVER_LEVEL_ece22,C7,RATE_OVER_LEVEL(pinj_b|ece22),RATE_OVER_LEVEL(pinj|ece22) = sum_b RATE_OVER_LEVEL(pinj_b|ece22),RATE_OVER_LEVEL(pinj|ece22),RATE_OVER_LEVEL(pinj_15l|ece22)|RATE_OVER_LEVEL(pinj_15r|ece22)|RATE_OVER_LEVEL(pinj_21l|ece22)|RATE_OVER_LEVEL(pinj_21r|ece22)|RATE_OVER_LEVEL(pinj_30l|ece22)|RATE_OVER_LEVEL(pinj_30r|ece22)|RATE_OVER_LEVEL(pinj_33l|ece22)|RATE_OVER_LEVEL(pinj_33r|ece22),9,"d/dt is linear and FD2_PHYSICAL_TIME_V1 is a fixed linear stencil on the shared grid, so dot(pinj) = sum_b dot(pinj_b); aggregate rate in NUMERATOR only",LOCAL_DOCUMENTED,False,4,RATE_OVER_LEVEL(pinj_15r|ece22)|RATE_OVER_LEVEL(pinj_21l|ece22)|RATE_OVER_LEVEL(pinj_21r|ece22)|RATE_OVER_LEVEL(pinj_33l|ece22),VACUOUS,"at least one member is inadmissible, so no admissible support can contain the complete exact set; the constraint is well defined but has no binding instance"
DEP_C2_PROD_ece25,C2,"PROD(pinj_b,ece25)","PROD(pinj,ece25) = sum_b PROD(pinj_b,ece25)","PROD(pinj,ece25)","PROD(pinj_15l,ece25)|PROD(pinj_15r,ece25)|PROD(pinj_21l,ece25)|PROD(pinj_21r,ece25)|PROD(pinj_30l,ece25)|PROD(pinj_30r,ece25)|PROD(pinj_33l,ece25)|PROD(pinj_33r,ece25)",9,aggregate enters linearly: sum_b (a_b) = (sum_b a_b),LOCAL_DOCUMENTED,False,4,"PROD(pinj_15r,ece25)|PROD(pinj_21l,ece25)|PROD(pinj_21r,ece25)|PROD(pinj_33l,ece25)",VACUOUS,"at least one member is inadmissible, so no admissible support can contain the complete exact set; the constraint is well defined but has no binding instance"
DEP_C3_RATIO_ece25,C3,"RATIO(pinj_b,ece25)","RATIO(pinj,ece25) = sum_b RATIO(pinj_b,ece25)","RATIO(pinj,ece25)","RATIO(pinj_15l,ece25)|RATIO(pinj_15r,ece25)|RATIO(pinj_21l,ece25)|RATIO(pinj_21r,ece25)|RATIO(pinj_30l,ece25)|RATIO(pinj_30r,ece25)|RATIO(pinj_33l,ece25)|RATIO(pinj_33r,ece25)",9,aggregate enters linearly: sum_b (a_b) = (sum_b a_b) (aggregate in NUMERATOR only),LOCAL_DOCUMENTED,False,4,"RATIO(pinj_15r,ece25)|RATIO(pinj_21l,ece25)|RATIO(pinj_21r,ece25)|RATIO(pinj_33l,ece25)",VACUOUS,"at least one member is inadmissible, so no admissible support can contain the complete exact set; the constraint is well defined but has no binding instance"
DEP_C6_RATE_ece25,C6,LEVEL_RATE(ece25|pinj_b),LEVEL_RATE(ece25|pinj) = sum_b LEVEL_RATE(ece25|pinj_b),LEVEL_RATE(ece25|pinj),LEVEL_RATE(ece25|pinj_15l)|LEVEL_RATE(ece25|pinj_15r)|LEVEL_RATE(ece25|pinj_21l)|LEVEL_RATE(ece25|pinj_21r)|LEVEL_RATE(ece25|pinj_30l)|LEVEL_RATE(ece25|pinj_30r)|LEVEL_RATE(ece25|pinj_33l)|LEVEL_RATE(ece25|pinj_33r),9,"d/dt is linear and FD2_PHYSICAL_TIME_V1 is a fixed linear stencil on the shared grid, so dot(pinj) = sum_b dot(pinj_b); x_z * dot(pinj) = sum_b x_z * dot(pinj_b)",LOCAL_DOCUMENTED,False,4,LEVEL_RATE(ece25|pinj_15r)|LEVEL_RATE(ece25|pinj_21l)|LEVEL_RATE(ece25|pinj_21r)|LEVEL_RATE(ece25|pinj_33l),VACUOUS,"at least one member is inadmissible, so no admissible support can contain the complete exact set; the constraint is well defined but has no binding instance"
DEP_C7_RATE_OVER_LEVEL_ece25,C7,RATE_OVER_LEVEL(pinj_b|ece25),RATE_OVER_LEVEL(pinj|ece25) = sum_b RATE_OVER_LEVEL(pinj_b|ece25),RATE_OVER_LEVEL(pinj|ece25),RATE_OVER_LEVEL(pinj_15l|ece25)|RATE_OVER_LEVEL(pinj_15r|ece25)|RATE_OVER_LEVEL(pinj_21l|ece25)|RATE_OVER_LEVEL(pinj_21r|ece25)|RATE_OVER_LEVEL(pinj_30l|ece25)|RATE_OVER_LEVEL(pinj_30r|ece25)|RATE_OVER_LEVEL(pinj_33l|ece25)|RATE_OVER_LEVEL(pinj_33r|ece25),9,"d/dt is linear and FD2_PHYSICAL_TIME_V1 is a fixed linear stencil on the shared grid, so dot(pinj) = sum_b dot(pinj_b); aggregate rate in NUMERATOR only",LOCAL_DOCUMENTED,False,4,RATE_OVER_LEVEL(pinj_15r|ece25)|RATE_OVER_LEVEL(pinj_21l|ece25)|RATE_OVER_LEVEL(pinj_21r|ece25)|RATE_OVER_LEVEL(pinj_33l|ece25),VACUOUS,"at least one member is inadmissible, so no admissible support can contain the complete exact set; the constraint is well defined but has no binding instance"
DEP_C2_PROD_ece27,C2,"PROD(pinj_b,ece27)","PROD(pinj,ece27) = sum_b PROD(pinj_b,ece27)","PROD(pinj,ece27)","PROD(pinj_15l,ece27)|PROD(pinj_15r,ece27)|PROD(pinj_21l,ece27)|PROD(pinj_21r,ece27)|PROD(pinj_30l,ece27)|PROD(pinj_30r,ece27)|PROD(pinj_33l,ece27)|PROD(pinj_33r,ece27)",9,aggregate enters linearly: sum_b (a_b) = (sum_b a_b),LOCAL_DOCUMENTED,False,4,"PROD(pinj_15r,ece27)|PROD(pinj_21l,ece27)|PROD(pinj_21r,ece27)|PROD(pinj_33l,ece27)",VACUOUS,"at least one member is inadmissible, so no admissible support can contain the complete exact set; the constraint is well defined but has no binding instance"
DEP_C3_RATIO_ece27,C3,"RATIO(pinj_b,ece27)","RATIO(pinj,ece27) = sum_b RATIO(pinj_b,ece27)","RATIO(pinj,ece27)","RATIO(pinj_15l,ece27)|RATIO(pinj_15r,ece27)|RATIO(pinj_21l,ece27)|RATIO(pinj_21r,ece27)|RATIO(pinj_30l,ece27)|RATIO(pinj_30r,ece27)|RATIO(pinj_33l,ece27)|RATIO(pinj_33r,ece27)",9,aggregate enters linearly: sum_b (a_b) = (sum_b a_b) (aggregate in NUMERATOR only),LOCAL_DOCUMENTED,False,4,"RATIO(pinj_15r,ece27)|RATIO(pinj_21l,ece27)|RATIO(pinj_21r,ece27)|RATIO(pinj_33l,ece27)",VACUOUS,"at least one member is inadmissible, so no admissible support can contain the complete exact set; the constraint is well defined but has no binding instance"
DEP_C6_RATE_ece27,C6,LEVEL_RATE(ece27|pinj_b),LEVEL_RATE(ece27|pinj) = sum_b LEVEL_RATE(ece27|pinj_b),LEVEL_RATE(ece27|pinj),LEVEL_RATE(ece27|pinj_15l)|LEVEL_RATE(ece27|pinj_15r)|LEVEL_RATE(ece27|pinj_21l)|LEVEL_RATE(ece27|pinj_21r)|LEVEL_RATE(ece27|pinj_30l)|LEVEL_RATE(ece27|pinj_30r)|LEVEL_RATE(ece27|pinj_33l)|LEVEL_RATE(ece27|pinj_33r),9,"d/dt is linear and FD2_PHYSICAL_TIME_V1 is a fixed linear stencil on the shared grid, so dot(pinj) = sum_b dot(pinj_b); x_z * dot(pinj) = sum_b x_z * dot(pinj_b)",LOCAL_DOCUMENTED,False,4,LEVEL_RATE(ece27|pinj_15r)|LEVEL_RATE(ece27|pinj_21l)|LEVEL_RATE(ece27|pinj_21r)|LEVEL_RATE(ece27|pinj_33l),VACUOUS,"at least one member is inadmissible, so no admissible support can contain the complete exact set; the constraint is well defined but has no binding instance"
DEP_C7_RATE_OVER_LEVEL_ece27,C7,RATE_OVER_LEVEL(pinj_b|ece27),RATE_OVER_LEVEL(pinj|ece27) = sum_b RATE_OVER_LEVEL(pinj_b|ece27),RATE_OVER_LEVEL(pinj|ece27),RATE_OVER_LEVEL(pinj_15l|ece27)|RATE_OVER_LEVEL(pinj_15r|ece27)|RATE_OVER_LEVEL(pinj_21l|ece27)|RATE_OVER_LEVEL(pinj_21r|ece27)|RATE_OVER_LEVEL(pinj_30l|ece27)|RATE_OVER_LEVEL(pinj_30r|ece27)|RATE_OVER_LEVEL(pinj_33l|ece27)|RATE_OVER_LEVEL(pinj_33r|ece27),9,"d/dt is linear and FD2_PHYSICAL_TIME_V1 is a fixed linear stencil on the shared grid, so dot(pinj) = sum_b dot(pinj_b); aggregate rate in NUMERATOR only",LOCAL_DOCUMENTED,False,4,RATE_OVER_LEVEL(pinj_15r|ece27)|RATE_OVER_LEVEL(pinj_21l|ece27)|RATE_OVER_LEVEL(pinj_21r|ece27)|RATE_OVER_LEVEL(pinj_33l|ece27),VACUOUS,"at least one member is inadmissible, so no admissible support can contain the complete exact set; the constraint is well defined but has no binding instance"
DEP_C2_PROD_ece28,C2,"PROD(pinj_b,ece28)","PROD(pinj,ece28) = sum_b PROD(pinj_b,ece28)","PROD(pinj,ece28)","PROD(pinj_15l,ece28)|PROD(pinj_15r,ece28)|PROD(pinj_21l,ece28)|PROD(pinj_21r,ece28)|PROD(pinj_30l,ece28)|PROD(pinj_30r,ece28)|PROD(pinj_33l,ece28)|PROD(pinj_33r,ece28)",9,aggregate enters linearly: sum_b (a_b) = (sum_b a_b),LOCAL_DOCUMENTED,False,4,"PROD(pinj_15r,ece28)|PROD(pinj_21l,ece28)|PROD(pinj_21r,ece28)|PROD(pinj_33l,ece28)",VACUOUS,"at least one member is inadmissible, so no admissible support can contain the complete exact set; the constraint is well defined but has no binding instance"
DEP_C3_RATIO_ece28,C3,"RATIO(pinj_b,ece28)","RATIO(pinj,ece28) = sum_b RATIO(pinj_b,ece28)","RATIO(pinj,ece28)","RATIO(pinj_15l,ece28)|RATIO(pinj_15r,ece28)|RATIO(pinj_21l,ece28)|RATIO(pinj_21r,ece28)|RATIO(pinj_30l,ece28)|RATIO(pinj_30r,ece28)|RATIO(pinj_33l,ece28)|RATIO(pinj_33r,ece28)",9,aggregate enters linearly: sum_b (a_b) = (sum_b a_b) (aggregate in NUMERATOR only),LOCAL_DOCUMENTED,False,4,"RATIO(pinj_15r,ece28)|RATIO(pinj_21l,ece28)|RATIO(pinj_21r,ece28)|RATIO(pinj_33l,ece28)",VACUOUS,"at least one member is inadmissible, so no admissible support can contain the complete exact set; the constraint is well defined but has no binding instance"
DEP_C6_RATE_ece28,C6,LEVEL_RATE(ece28|pinj_b),LEVEL_RATE(ece28|pinj) = sum_b LEVEL_RATE(ece28|pinj_b),LEVEL_RATE(ece28|pinj),LEVEL_RATE(ece28|pinj_15l)|LEVEL_RATE(ece28|pinj_15r)|LEVEL_RATE(ece28|pinj_21l)|LEVEL_RATE(ece28|pinj_21r)|LEVEL_RATE(ece28|pinj_30l)|LEVEL_RATE(ece28|pinj_30r)|LEVEL_RATE(ece28|pinj_33l)|LEVEL_RATE(ece28|pinj_33r),9,"d/dt is linear and FD2_PHYSICAL_TIME_V1 is a fixed linear stencil on the shared grid, so dot(pinj) = sum_b dot(pinj_b); x_z * dot(pinj) = sum_b x_z * dot(pinj_b)",LOCAL_DOCUMENTED,False,4,LEVEL_RATE(ece28|pinj_15r)|LEVEL_RATE(ece28|pinj_21l)|LEVEL_RATE(ece28|pinj_21r)|LEVEL_RATE(ece28|pinj_33l),VACUOUS,"at least one member is inadmissible, so no admissible support can contain the complete exact set; the constraint is well defined but has no binding instance"
DEP_C7_RATE_OVER_LEVEL_ece28,C7,RATE_OVER_LEVEL(pinj_b|ece28),RATE_OVER_LEVEL(pinj|ece28) = sum_b RATE_OVER_LEVEL(pinj_b|ece28),RATE_OVER_LEVEL(pinj|ece28),RATE_OVER_LEVEL(pinj_15l|ece28)|RATE_OVER_LEVEL(pinj_15r|ece28)|RATE_OVER_LEVEL(pinj_21l|ece28)|RATE_OVER_LEVEL(pinj_21r|ece28)|RATE_OVER_LEVEL(pinj_30l|ece28)|RATE_OVER_LEVEL(pinj_30r|ece28)|RATE_OVER_LEVEL(pinj_33l|ece28)|RATE_OVER_LEVEL(pinj_33r|ece28),9,"d/dt is linear and FD2_PHYSICAL_TIME_V1 is a fixed linear stencil on the shared grid, so dot(pinj) = sum_b dot(pinj_b); aggregate rate in NUMERATOR only",LOCAL_DOCUMENTED,False,4,RATE_OVER_LEVEL(pinj_15r|ece28)|RATE_OVER_LEVEL(pinj_21l|ece28)|RATE_OVER_LEVEL(pinj_21r|ece28)|RATE_OVER_LEVEL(pinj_33l|ece28),VACUOUS,"at least one member is inadmissible, so no admissible support can contain the complete exact set; the constraint is well defined but has no binding instance"
DEP_C2_PROD_ece29,C2,"PROD(pinj_b,ece29)","PROD(pinj,ece29) = sum_b PROD(pinj_b,ece29)","PROD(pinj,ece29)","PROD(pinj_15l,ece29)|PROD(pinj_15r,ece29)|PROD(pinj_21l,ece29)|PROD(pinj_21r,ece29)|PROD(pinj_30l,ece29)|PROD(pinj_30r,ece29)|PROD(pinj_33l,ece29)|PROD(pinj_33r,ece29)",9,aggregate enters linearly: sum_b (a_b) = (sum_b a_b),LOCAL_DOCUMENTED,False,4,"PROD(pinj_15r,ece29)|PROD(pinj_21l,ece29)|PROD(pinj_21r,ece29)|PROD(pinj_33l,ece29)",VACUOUS,"at least one member is inadmissible, so no admissible support can contain the complete exact set; the constraint is well defined but has no binding instance"
DEP_C3_RATIO_ece29,C3,"RATIO(pinj_b,ece29)","RATIO(pinj,ece29) = sum_b RATIO(pinj_b,ece29)","RATIO(pinj,ece29)","RATIO(pinj_15l,ece29)|RATIO(pinj_15r,ece29)|RATIO(pinj_21l,ece29)|RATIO(pinj_21r,ece29)|RATIO(pinj_30l,ece29)|RATIO(pinj_30r,ece29)|RATIO(pinj_33l,ece29)|RATIO(pinj_33r,ece29)",9,aggregate enters linearly: sum_b (a_b) = (sum_b a_b) (aggregate in NUMERATOR only),LOCAL_DOCUMENTED,False,4,"RATIO(pinj_15r,ece29)|RATIO(pinj_21l,ece29)|RATIO(pinj_21r,ece29)|RATIO(pinj_33l,ece29)",VACUOUS,"at least one member is inadmissible, so no admissible support can contain the complete exact set; the constraint is well defined but has no binding instance"
DEP_C6_RATE_ece29,C6,LEVEL_RATE(ece29|pinj_b),LEVEL_RATE(ece29|pinj) = sum_b LEVEL_RATE(ece29|pinj_b),LEVEL_RATE(ece29|pinj),LEVEL_RATE(ece29|pinj_15l)|LEVEL_RATE(ece29|pinj_15r)|LEVEL_RATE(ece29|pinj_21l)|LEVEL_RATE(ece29|pinj_21r)|LEVEL_RATE(ece29|pinj_30l)|LEVEL_RATE(ece29|pinj_30r)|LEVEL_RATE(ece29|pinj_33l)|LEVEL_RATE(ece29|pinj_33r),9,"d/dt is linear and FD2_PHYSICAL_TIME_V1 is a fixed linear stencil on the shared grid, so dot(pinj) = sum_b dot(pinj_b); x_z * dot(pinj) = sum_b x_z * dot(pinj_b)",LOCAL_DOCUMENTED,False,4,LEVEL_RATE(ece29|pinj_15r)|LEVEL_RATE(ece29|pinj_21l)|LEVEL_RATE(ece29|pinj_21r)|LEVEL_RATE(ece29|pinj_33l),VACUOUS,"at least one member is inadmissible, so no admissible support can contain the complete exact set; the constraint is well defined but has no binding instance"
DEP_C7_RATE_OVER_LEVEL_ece29,C7,RATE_OVER_LEVEL(pinj_b|ece29),RATE_OVER_LEVEL(pinj|ece29) = sum_b RATE_OVER_LEVEL(pinj_b|ece29),RATE_OVER_LEVEL(pinj|ece29),RATE_OVER_LEVEL(pinj_15l|ece29)|RATE_OVER_LEVEL(pinj_15r|ece29)|RATE_OVER_LEVEL(pinj_21l|ece29)|RATE_OVER_LEVEL(pinj_21r|ece29)|RATE_OVER_LEVEL(pinj_30l|ece29)|RATE_OVER_LEVEL(pinj_30r|ece29)|RATE_OVER_LEVEL(pinj_33l|ece29)|RATE_OVER_LEVEL(pinj_33r|ece29),9,"d/dt is linear and FD2_PHYSICAL_TIME_V1 is a fixed linear stencil on the shared grid, so dot(pinj) = sum_b dot(pinj_b); aggregate rate in NUMERATOR only",LOCAL_DOCUMENTED,False,4,RATE_OVER_LEVEL(pinj_15r|ece29)|RATE_OVER_LEVEL(pinj_21l|ece29)|RATE_OVER_LEVEL(pinj_21r|ece29)|RATE_OVER_LEVEL(pinj_33l|ece29),VACUOUS,"at least one member is inadmissible, so no admissible support can contain the complete exact set; the constraint is well defined but has no binding instance"
DEP_C2_PROD_ece30,C2,"PROD(pinj_b,ece30)","PROD(pinj,ece30) = sum_b PROD(pinj_b,ece30)","PROD(pinj,ece30)","PROD(pinj_15l,ece30)|PROD(pinj_15r,ece30)|PROD(pinj_21l,ece30)|PROD(pinj_21r,ece30)|PROD(pinj_30l,ece30)|PROD(pinj_30r,ece30)|PROD(pinj_33l,ece30)|PROD(pinj_33r,ece30)",9,aggregate enters linearly: sum_b (a_b) = (sum_b a_b),LOCAL_DOCUMENTED,False,4,"PROD(pinj_15r,ece30)|PROD(pinj_21l,ece30)|PROD(pinj_21r,ece30)|PROD(pinj_33l,ece30)",VACUOUS,"at least one member is inadmissible, so no admissible support can contain the complete exact set; the constraint is well defined but has no binding instance"
DEP_C3_RATIO_ece30,C3,"RATIO(pinj_b,ece30)","RATIO(pinj,ece30) = sum_b RATIO(pinj_b,ece30)","RATIO(pinj,ece30)","RATIO(pinj_15l,ece30)|RATIO(pinj_15r,ece30)|RATIO(pinj_21l,ece30)|RATIO(pinj_21r,ece30)|RATIO(pinj_30l,ece30)|RATIO(pinj_30r,ece30)|RATIO(pinj_33l,ece30)|RATIO(pinj_33r,ece30)",9,aggregate enters linearly: sum_b (a_b) = (sum_b a_b) (aggregate in NUMERATOR only),LOCAL_DOCUMENTED,False,4,"RATIO(pinj_15r,ece30)|RATIO(pinj_21l,ece30)|RATIO(pinj_21r,ece30)|RATIO(pinj_33l,ece30)",VACUOUS,"at least one member is inadmissible, so no admissible support can contain the complete exact set; the constraint is well defined but has no binding instance"
DEP_C6_RATE_ece30,C6,LEVEL_RATE(ece30|pinj_b),LEVEL_RATE(ece30|pinj) = sum_b LEVEL_RATE(ece30|pinj_b),LEVEL_RATE(ece30|pinj),LEVEL_RATE(ece30|pinj_15l)|LEVEL_RATE(ece30|pinj_15r)|LEVEL_RATE(ece30|pinj_21l)|LEVEL_RATE(ece30|pinj_21r)|LEVEL_RATE(ece30|pinj_30l)|LEVEL_RATE(ece30|pinj_30r)|LEVEL_RATE(ece30|pinj_33l)|LEVEL_RATE(ece30|pinj_33r),9,"d/dt is linear and FD2_PHYSICAL_TIME_V1 is a fixed linear stencil on the shared grid, so dot(pinj) = sum_b dot(pinj_b); x_z * dot(pinj) = sum_b x_z * dot(pinj_b)",LOCAL_DOCUMENTED,False,4,LEVEL_RATE(ece30|pinj_15r)|LEVEL_RATE(ece30|pinj_21l)|LEVEL_RATE(ece30|pinj_21r)|LEVEL_RATE(ece30|pinj_33l),VACUOUS,"at least one member is inadmissible, so no admissible support can contain the complete exact set; the constraint is well defined but has no binding instance"
DEP_C7_RATE_OVER_LEVEL_ece30,C7,RATE_OVER_LEVEL(pinj_b|ece30),RATE_OVER_LEVEL(pinj|ece30) = sum_b RATE_OVER_LEVEL(pinj_b|ece30),RATE_OVER_LEVEL(pinj|ece30),RATE_OVER_LEVEL(pinj_15l|ece30)|RATE_OVER_LEVEL(pinj_15r|ece30)|RATE_OVER_LEVEL(pinj_21l|ece30)|RATE_OVER_LEVEL(pinj_21r|ece30)|RATE_OVER_LEVEL(pinj_30l|ece30)|RATE_OVER_LEVEL(pinj_30r|ece30)|RATE_OVER_LEVEL(pinj_33l|ece30)|RATE_OVER_LEVEL(pinj_33r|ece30),9,"d/dt is linear and FD2_PHYSICAL_TIME_V1 is a fixed linear stencil on the shared grid, so dot(pinj) = sum_b dot(pinj_b); aggregate rate in NUMERATOR only",LOCAL_DOCUMENTED,False,4,RATE_OVER_LEVEL(pinj_15r|ece30)|RATE_OVER_LEVEL(pinj_21l|ece30)|RATE_OVER_LEVEL(pinj_21r|ece30)|RATE_OVER_LEVEL(pinj_33l|ece30),VACUOUS,"at least one member is inadmissible, so no admissible support can contain the complete exact set; the constraint is well defined but has no binding instance"
DEP_C2_PROD_ece31,C2,"PROD(pinj_b,ece31)","PROD(pinj,ece31) = sum_b PROD(pinj_b,ece31)","PROD(pinj,ece31)","PROD(pinj_15l,ece31)|PROD(pinj_15r,ece31)|PROD(pinj_21l,ece31)|PROD(pinj_21r,ece31)|PROD(pinj_30l,ece31)|PROD(pinj_30r,ece31)|PROD(pinj_33l,ece31)|PROD(pinj_33r,ece31)",9,aggregate enters linearly: sum_b (a_b) = (sum_b a_b),LOCAL_DOCUMENTED,False,4,"PROD(pinj_15r,ece31)|PROD(pinj_21l,ece31)|PROD(pinj_21r,ece31)|PROD(pinj_33l,ece31)",VACUOUS,"at least one member is inadmissible, so no admissible support can contain the complete exact set; the constraint is well defined but has no binding instance"
DEP_C3_RATIO_ece31,C3,"RATIO(pinj_b,ece31)","RATIO(pinj,ece31) = sum_b RATIO(pinj_b,ece31)","RATIO(pinj,ece31)","RATIO(pinj_15l,ece31)|RATIO(pinj_15r,ece31)|RATIO(pinj_21l,ece31)|RATIO(pinj_21r,ece31)|RATIO(pinj_30l,ece31)|RATIO(pinj_30r,ece31)|RATIO(pinj_33l,ece31)|RATIO(pinj_33r,ece31)",9,aggregate enters linearly: sum_b (a_b) = (sum_b a_b) (aggregate in NUMERATOR only),LOCAL_DOCUMENTED,False,4,"RATIO(pinj_15r,ece31)|RATIO(pinj_21l,ece31)|RATIO(pinj_21r,ece31)|RATIO(pinj_33l,ece31)",VACUOUS,"at least one member is inadmissible, so no admissible support can contain the complete exact set; the constraint is well defined but has no binding instance"
DEP_C6_RATE_ece31,C6,LEVEL_RATE(ece31|pinj_b),LEVEL_RATE(ece31|pinj) = sum_b LEVEL_RATE(ece31|pinj_b),LEVEL_RATE(ece31|pinj),LEVEL_RATE(ece31|pinj_15l)|LEVEL_RATE(ece31|pinj_15r)|LEVEL_RATE(ece31|pinj_21l)|LEVEL_RATE(ece31|pinj_21r)|LEVEL_RATE(ece31|pinj_30l)|LEVEL_RATE(ece31|pinj_30r)|LEVEL_RATE(ece31|pinj_33l)|LEVEL_RATE(ece31|pinj_33r),9,"d/dt is linear and FD2_PHYSICAL_TIME_V1 is a fixed linear stencil on the shared grid, so dot(pinj) = sum_b dot(pinj_b); x_z * dot(pinj) = sum_b x_z * dot(pinj_b)",LOCAL_DOCUMENTED,False,4,LEVEL_RATE(ece31|pinj_15r)|LEVEL_RATE(ece31|pinj_21l)|LEVEL_RATE(ece31|pinj_21r)|LEVEL_RATE(ece31|pinj_33l),VACUOUS,"at least one member is inadmissible, so no admissible support can contain the complete exact set; the constraint is well defined but has no binding instance"
DEP_C7_RATE_OVER_LEVEL_ece31,C7,RATE_OVER_LEVEL(pinj_b|ece31),RATE_OVER_LEVEL(pinj|ece31) = sum_b RATE_OVER_LEVEL(pinj_b|ece31),RATE_OVER_LEVEL(pinj|ece31),RATE_OVER_LEVEL(pinj_15l|ece31)|RATE_OVER_LEVEL(pinj_15r|ece31)|RATE_OVER_LEVEL(pinj_21l|ece31)|RATE_OVER_LEVEL(pinj_21r|ece31)|RATE_OVER_LEVEL(pinj_30l|ece31)|RATE_OVER_LEVEL(pinj_30r|ece31)|RATE_OVER_LEVEL(pinj_33l|ece31)|RATE_OVER_LEVEL(pinj_33r|ece31),9,"d/dt is linear and FD2_PHYSICAL_TIME_V1 is a fixed linear stencil on the shared grid, so dot(pinj) = sum_b dot(pinj_b); aggregate rate in NUMERATOR only",LOCAL_DOCUMENTED,False,4,RATE_OVER_LEVEL(pinj_15r|ece31)|RATE_OVER_LEVEL(pinj_21l|ece31)|RATE_OVER_LEVEL(pinj_21r|ece31)|RATE_OVER_LEVEL(pinj_33l|ece31),VACUOUS,"at least one member is inadmissible, so no admissible support can contain the complete exact set; the constraint is well defined but has no binding instance"
DEP_C2_PROD_ece33,C2,"PROD(pinj_b,ece33)","PROD(pinj,ece33) = sum_b PROD(pinj_b,ece33)","PROD(pinj,ece33)","PROD(pinj_15l,ece33)|PROD(pinj_15r,ece33)|PROD(pinj_21l,ece33)|PROD(pinj_21r,ece33)|PROD(pinj_30l,ece33)|PROD(pinj_30r,ece33)|PROD(pinj_33l,ece33)|PROD(pinj_33r,ece33)",9,aggregate enters linearly: sum_b (a_b) = (sum_b a_b),LOCAL_DOCUMENTED,False,4,"PROD(pinj_15r,ece33)|PROD(pinj_21l,ece33)|PROD(pinj_21r,ece33)|PROD(pinj_33l,ece33)",VACUOUS,"at least one member is inadmissible, so no admissible support can contain the complete exact set; the constraint is well defined but has no binding instance"
DEP_C3_RATIO_ece33,C3,"RATIO(pinj_b,ece33)","RATIO(pinj,ece33) = sum_b RATIO(pinj_b,ece33)","RATIO(pinj,ece33)","RATIO(pinj_15l,ece33)|RATIO(pinj_15r,ece33)|RATIO(pinj_21l,ece33)|RATIO(pinj_21r,ece33)|RATIO(pinj_30l,ece33)|RATIO(pinj_30r,ece33)|RATIO(pinj_33l,ece33)|RATIO(pinj_33r,ece33)",9,aggregate enters linearly: sum_b (a_b) = (sum_b a_b) (aggregate in NUMERATOR only),LOCAL_DOCUMENTED,False,4,"RATIO(pinj_15r,ece33)|RATIO(pinj_21l,ece33)|RATIO(pinj_21r,ece33)|RATIO(pinj_33l,ece33)",VACUOUS,"at least one member is inadmissible, so no admissible support can contain the complete exact set; the constraint is well defined but has no binding instance"
DEP_C6_RATE_ece33,C6,LEVEL_RATE(ece33|pinj_b),LEVEL_RATE(ece33|pinj) = sum_b LEVEL_RATE(ece33|pinj_b),LEVEL_RATE(ece33|pinj),LEVEL_RATE(ece33|pinj_15l)|LEVEL_RATE(ece33|pinj_15r)|LEVEL_RATE(ece33|pinj_21l)|LEVEL_RATE(ece33|pinj_21r)|LEVEL_RATE(ece33|pinj_30l)|LEVEL_RATE(ece33|pinj_30r)|LEVEL_RATE(ece33|pinj_33l)|LEVEL_RATE(ece33|pinj_33r),9,"d/dt is linear and FD2_PHYSICAL_TIME_V1 is a fixed linear stencil on the shared grid, so dot(pinj) = sum_b dot(pinj_b); x_z * dot(pinj) = sum_b x_z * dot(pinj_b)",LOCAL_DOCUMENTED,False,4,LEVEL_RATE(ece33|pinj_15r)|LEVEL_RATE(ece33|pinj_21l)|LEVEL_RATE(ece33|pinj_21r)|LEVEL_RATE(ece33|pinj_33l),VACUOUS,"at least one member is inadmissible, so no admissible support can contain the complete exact set; the constraint is well defined but has no binding instance"
DEP_C7_RATE_OVER_LEVEL_ece33,C7,RATE_OVER_LEVEL(pinj_b|ece33),RATE_OVER_LEVEL(pinj|ece33) = sum_b RATE_OVER_LEVEL(pinj_b|ece33),RATE_OVER_LEVEL(pinj|ece33),RATE_OVER_LEVEL(pinj_15l|ece33)|RATE_OVER_LEVEL(pinj_15r|ece33)|RATE_OVER_LEVEL(pinj_21l|ece33)|RATE_OVER_LEVEL(pinj_21r|ece33)|RATE_OVER_LEVEL(pinj_30l|ece33)|RATE_OVER_LEVEL(pinj_30r|ece33)|RATE_OVER_LEVEL(pinj_33l|ece33)|RATE_OVER_LEVEL(pinj_33r|ece33),9,"d/dt is linear and FD2_PHYSICAL_TIME_V1 is a fixed linear stencil on the shared grid, so dot(pinj) = sum_b dot(pinj_b); aggregate rate in NUMERATOR only",LOCAL_DOCUMENTED,False,4,RATE_OVER_LEVEL(pinj_15r|ece33)|RATE_OVER_LEVEL(pinj_21l|ece33)|RATE_OVER_LEVEL(pinj_21r|ece33)|RATE_OVER_LEVEL(pinj_33l|ece33),VACUOUS,"at least one member is inadmissible, so no admissible support can contain the complete exact set; the constraint is well defined but has no binding instance"
DEP_C2_PROD_ece35,C2,"PROD(pinj_b,ece35)","PROD(pinj,ece35) = sum_b PROD(pinj_b,ece35)","PROD(pinj,ece35)","PROD(pinj_15l,ece35)|PROD(pinj_15r,ece35)|PROD(pinj_21l,ece35)|PROD(pinj_21r,ece35)|PROD(pinj_30l,ece35)|PROD(pinj_30r,ece35)|PROD(pinj_33l,ece35)|PROD(pinj_33r,ece35)",9,aggregate enters linearly: sum_b (a_b) = (sum_b a_b),LOCAL_DOCUMENTED,False,4,"PROD(pinj_15r,ece35)|PROD(pinj_21l,ece35)|PROD(pinj_21r,ece35)|PROD(pinj_33l,ece35)",VACUOUS,"at least one member is inadmissible, so no admissible support can contain the complete exact set; the constraint is well defined but has no binding instance"
DEP_C3_RATIO_ece35,C3,"RATIO(pinj_b,ece35)","RATIO(pinj,ece35) = sum_b RATIO(pinj_b,ece35)","RATIO(pinj,ece35)","RATIO(pinj_15l,ece35)|RATIO(pinj_15r,ece35)|RATIO(pinj_21l,ece35)|RATIO(pinj_21r,ece35)|RATIO(pinj_30l,ece35)|RATIO(pinj_30r,ece35)|RATIO(pinj_33l,ece35)|RATIO(pinj_33r,ece35)",9,aggregate enters linearly: sum_b (a_b) = (sum_b a_b) (aggregate in NUMERATOR only),LOCAL_DOCUMENTED,False,4,"RATIO(pinj_15r,ece35)|RATIO(pinj_21l,ece35)|RATIO(pinj_21r,ece35)|RATIO(pinj_33l,ece35)",VACUOUS,"at least one member is inadmissible, so no admissible support can contain the complete exact set; the constraint is well defined but has no binding instance"
DEP_C6_RATE_ece35,C6,LEVEL_RATE(ece35|pinj_b),LEVEL_RATE(ece35|pinj) = sum_b LEVEL_RATE(ece35|pinj_b),LEVEL_RATE(ece35|pinj),LEVEL_RATE(ece35|pinj_15l)|LEVEL_RATE(ece35|pinj_15r)|LEVEL_RATE(ece35|pinj_21l)|LEVEL_RATE(ece35|pinj_21r)|LEVEL_RATE(ece35|pinj_30l)|LEVEL_RATE(ece35|pinj_30r)|LEVEL_RATE(ece35|pinj_33l)|LEVEL_RATE(ece35|pinj_33r),9,"d/dt is linear and FD2_PHYSICAL_TIME_V1 is a fixed linear stencil on the shared grid, so dot(pinj) = sum_b dot(pinj_b); x_z * dot(pinj) = sum_b x_z * dot(pinj_b)",LOCAL_DOCUMENTED,False,4,LEVEL_RATE(ece35|pinj_15r)|LEVEL_RATE(ece35|pinj_21l)|LEVEL_RATE(ece35|pinj_21r)|LEVEL_RATE(ece35|pinj_33l),VACUOUS,"at least one member is inadmissible, so no admissible support can contain the complete exact set; the constraint is well defined but has no binding instance"
DEP_C7_RATE_OVER_LEVEL_ece35,C7,RATE_OVER_LEVEL(pinj_b|ece35),RATE_OVER_LEVEL(pinj|ece35) = sum_b RATE_OVER_LEVEL(pinj_b|ece35),RATE_OVER_LEVEL(pinj|ece35),RATE_OVER_LEVEL(pinj_15l|ece35)|RATE_OVER_LEVEL(pinj_15r|ece35)|RATE_OVER_LEVEL(pinj_21l|ece35)|RATE_OVER_LEVEL(pinj_21r|ece35)|RATE_OVER_LEVEL(pinj_30l|ece35)|RATE_OVER_LEVEL(pinj_30r|ece35)|RATE_OVER_LEVEL(pinj_33l|ece35)|RATE_OVER_LEVEL(pinj_33r|ece35),9,"d/dt is linear and FD2_PHYSICAL_TIME_V1 is a fixed linear stencil on the shared grid, so dot(pinj) = sum_b dot(pinj_b); aggregate rate in NUMERATOR only",LOCAL_DOCUMENTED,False,4,RATE_OVER_LEVEL(pinj_15r|ece35)|RATE_OVER_LEVEL(pinj_21l|ece35)|RATE_OVER_LEVEL(pinj_21r|ece35)|RATE_OVER_LEVEL(pinj_33l|ece35),VACUOUS,"at least one member is inadmissible, so no admissible support can contain the complete exact set; the constraint is well defined but has no binding instance"
DEP_C2_PROD_ece36,C2,"PROD(pinj_b,ece36)","PROD(pinj,ece36) = sum_b PROD(pinj_b,ece36)","PROD(pinj,ece36)","PROD(pinj_15l,ece36)|PROD(pinj_15r,ece36)|PROD(pinj_21l,ece36)|PROD(pinj_21r,ece36)|PROD(pinj_30l,ece36)|PROD(pinj_30r,ece36)|PROD(pinj_33l,ece36)|PROD(pinj_33r,ece36)",9,aggregate enters linearly: sum_b (a_b) = (sum_b a_b),LOCAL_DOCUMENTED,False,4,"PROD(pinj_15r,ece36)|PROD(pinj_21l,ece36)|PROD(pinj_21r,ece36)|PROD(pinj_33l,ece36)",VACUOUS,"at least one member is inadmissible, so no admissible support can contain the complete exact set; the constraint is well defined but has no binding instance"
DEP_C3_RATIO_ece36,C3,"RATIO(pinj_b,ece36)","RATIO(pinj,ece36) = sum_b RATIO(pinj_b,ece36)","RATIO(pinj,ece36)","RATIO(pinj_15l,ece36)|RATIO(pinj_15r,ece36)|RATIO(pinj_21l,ece36)|RATIO(pinj_21r,ece36)|RATIO(pinj_30l,ece36)|RATIO(pinj_30r,ece36)|RATIO(pinj_33l,ece36)|RATIO(pinj_33r,ece36)",9,aggregate enters linearly: sum_b (a_b) = (sum_b a_b) (aggregate in NUMERATOR only),LOCAL_DOCUMENTED,False,4,"RATIO(pinj_15r,ece36)|RATIO(pinj_21l,ece36)|RATIO(pinj_21r,ece36)|RATIO(pinj_33l,ece36)",VACUOUS,"at least one member is inadmissible, so no admissible support can contain the complete exact set; the constraint is well defined but has no binding instance"
DEP_C6_RATE_ece36,C6,LEVEL_RATE(ece36|pinj_b),LEVEL_RATE(ece36|pinj) = sum_b LEVEL_RATE(ece36|pinj_b),LEVEL_RATE(ece36|pinj),LEVEL_RATE(ece36|pinj_15l)|LEVEL_RATE(ece36|pinj_15r)|LEVEL_RATE(ece36|pinj_21l)|LEVEL_RATE(ece36|pinj_21r)|LEVEL_RATE(ece36|pinj_30l)|LEVEL_RATE(ece36|pinj_30r)|LEVEL_RATE(ece36|pinj_33l)|LEVEL_RATE(ece36|pinj_33r),9,"d/dt is linear and FD2_PHYSICAL_TIME_V1 is a fixed linear stencil on the shared grid, so dot(pinj) = sum_b dot(pinj_b); x_z * dot(pinj) = sum_b x_z * dot(pinj_b)",LOCAL_DOCUMENTED,False,4,LEVEL_RATE(ece36|pinj_15r)|LEVEL_RATE(ece36|pinj_21l)|LEVEL_RATE(ece36|pinj_21r)|LEVEL_RATE(ece36|pinj_33l),VACUOUS,"at least one member is inadmissible, so no admissible support can contain the complete exact set; the constraint is well defined but has no binding instance"
DEP_C7_RATE_OVER_LEVEL_ece36,C7,RATE_OVER_LEVEL(pinj_b|ece36),RATE_OVER_LEVEL(pinj|ece36) = sum_b RATE_OVER_LEVEL(pinj_b|ece36),RATE_OVER_LEVEL(pinj|ece36),RATE_OVER_LEVEL(pinj_15l|ece36)|RATE_OVER_LEVEL(pinj_15r|ece36)|RATE_OVER_LEVEL(pinj_21l|ece36)|RATE_OVER_LEVEL(pinj_21r|ece36)|RATE_OVER_LEVEL(pinj_30l|ece36)|RATE_OVER_LEVEL(pinj_30r|ece36)|RATE_OVER_LEVEL(pinj_33l|ece36)|RATE_OVER_LEVEL(pinj_33r|ece36),9,"d/dt is linear and FD2_PHYSICAL_TIME_V1 is a fixed linear stencil on the shared grid, so dot(pinj) = sum_b dot(pinj_b); aggregate rate in NUMERATOR only",LOCAL_DOCUMENTED,False,4,RATE_OVER_LEVEL(pinj_15r|ece36)|RATE_OVER_LEVEL(pinj_21l|ece36)|RATE_OVER_LEVEL(pinj_21r|ece36)|RATE_OVER_LEVEL(pinj_33l|ece36),VACUOUS,"at least one member is inadmissible, so no admissible support can contain the complete exact set; the constraint is well defined but has no binding instance"
DEP_C2_PROD_ece37,C2,"PROD(pinj_b,ece37)","PROD(pinj,ece37) = sum_b PROD(pinj_b,ece37)","PROD(pinj,ece37)","PROD(pinj_15l,ece37)|PROD(pinj_15r,ece37)|PROD(pinj_21l,ece37)|PROD(pinj_21r,ece37)|PROD(pinj_30l,ece37)|PROD(pinj_30r,ece37)|PROD(pinj_33l,ece37)|PROD(pinj_33r,ece37)",9,aggregate enters linearly: sum_b (a_b) = (sum_b a_b),LOCAL_DOCUMENTED,False,4,"PROD(pinj_15r,ece37)|PROD(pinj_21l,ece37)|PROD(pinj_21r,ece37)|PROD(pinj_33l,ece37)",VACUOUS,"at least one member is inadmissible, so no admissible support can contain the complete exact set; the constraint is well defined but has no binding instance"
DEP_C3_RATIO_ece37,C3,"RATIO(pinj_b,ece37)","RATIO(pinj,ece37) = sum_b RATIO(pinj_b,ece37)","RATIO(pinj,ece37)","RATIO(pinj_15l,ece37)|RATIO(pinj_15r,ece37)|RATIO(pinj_21l,ece37)|RATIO(pinj_21r,ece37)|RATIO(pinj_30l,ece37)|RATIO(pinj_30r,ece37)|RATIO(pinj_33l,ece37)|RATIO(pinj_33r,ece37)",9,aggregate enters linearly: sum_b (a_b) = (sum_b a_b) (aggregate in NUMERATOR only),LOCAL_DOCUMENTED,False,4,"RATIO(pinj_15r,ece37)|RATIO(pinj_21l,ece37)|RATIO(pinj_21r,ece37)|RATIO(pinj_33l,ece37)",VACUOUS,"at least one member is inadmissible, so no admissible support can contain the complete exact set; the constraint is well defined but has no binding instance"
DEP_C6_RATE_ece37,C6,LEVEL_RATE(ece37|pinj_b),LEVEL_RATE(ece37|pinj) = sum_b LEVEL_RATE(ece37|pinj_b),LEVEL_RATE(ece37|pinj),LEVEL_RATE(ece37|pinj_15l)|LEVEL_RATE(ece37|pinj_15r)|LEVEL_RATE(ece37|pinj_21l)|LEVEL_RATE(ece37|pinj_21r)|LEVEL_RATE(ece37|pinj_30l)|LEVEL_RATE(ece37|pinj_30r)|LEVEL_RATE(ece37|pinj_33l)|LEVEL_RATE(ece37|pinj_33r),9,"d/dt is linear and FD2_PHYSICAL_TIME_V1 is a fixed linear stencil on the shared grid, so dot(pinj) = sum_b dot(pinj_b); x_z * dot(pinj) = sum_b x_z * dot(pinj_b)",LOCAL_DOCUMENTED,False,4,LEVEL_RATE(ece37|pinj_15r)|LEVEL_RATE(ece37|pinj_21l)|LEVEL_RATE(ece37|pinj_21r)|LEVEL_RATE(ece37|pinj_33l),VACUOUS,"at least one member is inadmissible, so no admissible support can contain the complete exact set; the constraint is well defined but has no binding instance"
DEP_C7_RATE_OVER_LEVEL_ece37,C7,RATE_OVER_LEVEL(pinj_b|ece37),RATE_OVER_LEVEL(pinj|ece37) = sum_b RATE_OVER_LEVEL(pinj_b|ece37),RATE_OVER_LEVEL(pinj|ece37),RATE_OVER_LEVEL(pinj_15l|ece37)|RATE_OVER_LEVEL(pinj_15r|ece37)|RATE_OVER_LEVEL(pinj_21l|ece37)|RATE_OVER_LEVEL(pinj_21r|ece37)|RATE_OVER_LEVEL(pinj_30l|ece37)|RATE_OVER_LEVEL(pinj_30r|ece37)|RATE_OVER_LEVEL(pinj_33l|ece37)|RATE_OVER_LEVEL(pinj_33r|ece37),9,"d/dt is linear and FD2_PHYSICAL_TIME_V1 is a fixed linear stencil on the shared grid, so dot(pinj) = sum_b dot(pinj_b); aggregate rate in NUMERATOR only",LOCAL_DOCUMENTED,False,4,RATE_OVER_LEVEL(pinj_15r|ece37)|RATE_OVER_LEVEL(pinj_21l|ece37)|RATE_OVER_LEVEL(pinj_21r|ece37)|RATE_OVER_LEVEL(pinj_33l|ece37),VACUOUS,"at least one member is inadmissible, so no admissible support can contain the complete exact set; the constraint is well defined but has no binding instance"
DEP_C2_PROD_ece38,C2,"PROD(pinj_b,ece38)","PROD(pinj,ece38) = sum_b PROD(pinj_b,ece38)","PROD(pinj,ece38)","PROD(pinj_15l,ece38)|PROD(pinj_15r,ece38)|PROD(pinj_21l,ece38)|PROD(pinj_21r,ece38)|PROD(pinj_30l,ece38)|PROD(pinj_30r,ece38)|PROD(pinj_33l,ece38)|PROD(pinj_33r,ece38)",9,aggregate enters linearly: sum_b (a_b) = (sum_b a_b),LOCAL_DOCUMENTED,False,4,"PROD(pinj_15r,ece38)|PROD(pinj_21l,ece38)|PROD(pinj_21r,ece38)|PROD(pinj_33l,ece38)",VACUOUS,"at least one member is inadmissible, so no admissible support can contain the complete exact set; the constraint is well defined but has no binding instance"
DEP_C3_RATIO_ece38,C3,"RATIO(pinj_b,ece38)","RATIO(pinj,ece38) = sum_b RATIO(pinj_b,ece38)","RATIO(pinj,ece38)","RATIO(pinj_15l,ece38)|RATIO(pinj_15r,ece38)|RATIO(pinj_21l,ece38)|RATIO(pinj_21r,ece38)|RATIO(pinj_30l,ece38)|RATIO(pinj_30r,ece38)|RATIO(pinj_33l,ece38)|RATIO(pinj_33r,ece38)",9,aggregate enters linearly: sum_b (a_b) = (sum_b a_b) (aggregate in NUMERATOR only),LOCAL_DOCUMENTED,False,4,"RATIO(pinj_15r,ece38)|RATIO(pinj_21l,ece38)|RATIO(pinj_21r,ece38)|RATIO(pinj_33l,ece38)",VACUOUS,"at least one member is inadmissible, so no admissible support can contain the complete exact set; the constraint is well defined but has no binding instance"
DEP_C6_RATE_ece38,C6,LEVEL_RATE(ece38|pinj_b),LEVEL_RATE(ece38|pinj) = sum_b LEVEL_RATE(ece38|pinj_b),LEVEL_RATE(ece38|pinj),LEVEL_RATE(ece38|pinj_15l)|LEVEL_RATE(ece38|pinj_15r)|LEVEL_RATE(ece38|pinj_21l)|LEVEL_RATE(ece38|pinj_21r)|LEVEL_RATE(ece38|pinj_30l)|LEVEL_RATE(ece38|pinj_30r)|LEVEL_RATE(ece38|pinj_33l)|LEVEL_RATE(ece38|pinj_33r),9,"d/dt is linear and FD2_PHYSICAL_TIME_V1 is a fixed linear stencil on the shared grid, so dot(pinj) = sum_b dot(pinj_b); x_z * dot(pinj) = sum_b x_z * dot(pinj_b)",LOCAL_DOCUMENTED,False,4,LEVEL_RATE(ece38|pinj_15r)|LEVEL_RATE(ece38|pinj_21l)|LEVEL_RATE(ece38|pinj_21r)|LEVEL_RATE(ece38|pinj_33l),VACUOUS,"at least one member is inadmissible, so no admissible support can contain the complete exact set; the constraint is well defined but has no binding instance"
DEP_C7_RATE_OVER_LEVEL_ece38,C7,RATE_OVER_LEVEL(pinj_b|ece38),RATE_OVER_LEVEL(pinj|ece38) = sum_b RATE_OVER_LEVEL(pinj_b|ece38),RATE_OVER_LEVEL(pinj|ece38),RATE_OVER_LEVEL(pinj_15l|ece38)|RATE_OVER_LEVEL(pinj_15r|ece38)|RATE_OVER_LEVEL(pinj_21l|ece38)|RATE_OVER_LEVEL(pinj_21r|ece38)|RATE_OVER_LEVEL(pinj_30l|ece38)|RATE_OVER_LEVEL(pinj_30r|ece38)|RATE_OVER_LEVEL(pinj_33l|ece38)|RATE_OVER_LEVEL(pinj_33r|ece38),9,"d/dt is linear and FD2_PHYSICAL_TIME_V1 is a fixed linear stencil on the shared grid, so dot(pinj) = sum_b dot(pinj_b); aggregate rate in NUMERATOR only",LOCAL_DOCUMENTED,False,4,RATE_OVER_LEVEL(pinj_15r|ece38)|RATE_OVER_LEVEL(pinj_21l|ece38)|RATE_OVER_LEVEL(pinj_21r|ece38)|RATE_OVER_LEVEL(pinj_33l|ece38),VACUOUS,"at least one member is inadmissible, so no admissible support can contain the complete exact set; the constraint is well defined but has no binding instance"
DEP_C2_PROD_ece39,C2,"PROD(pinj_b,ece39)","PROD(pinj,ece39) = sum_b PROD(pinj_b,ece39)","PROD(pinj,ece39)","PROD(pinj_15l,ece39)|PROD(pinj_15r,ece39)|PROD(pinj_21l,ece39)|PROD(pinj_21r,ece39)|PROD(pinj_30l,ece39)|PROD(pinj_30r,ece39)|PROD(pinj_33l,ece39)|PROD(pinj_33r,ece39)",9,aggregate enters linearly: sum_b (a_b) = (sum_b a_b),LOCAL_DOCUMENTED,False,4,"PROD(pinj_15r,ece39)|PROD(pinj_21l,ece39)|PROD(pinj_21r,ece39)|PROD(pinj_33l,ece39)",VACUOUS,"at least one member is inadmissible, so no admissible support can contain the complete exact set; the constraint is well defined but has no binding instance"
DEP_C3_RATIO_ece39,C3,"RATIO(pinj_b,ece39)","RATIO(pinj,ece39) = sum_b RATIO(pinj_b,ece39)","RATIO(pinj,ece39)","RATIO(pinj_15l,ece39)|RATIO(pinj_15r,ece39)|RATIO(pinj_21l,ece39)|RATIO(pinj_21r,ece39)|RATIO(pinj_30l,ece39)|RATIO(pinj_30r,ece39)|RATIO(pinj_33l,ece39)|RATIO(pinj_33r,ece39)",9,aggregate enters linearly: sum_b (a_b) = (sum_b a_b) (aggregate in NUMERATOR only),LOCAL_DOCUMENTED,False,4,"RATIO(pinj_15r,ece39)|RATIO(pinj_21l,ece39)|RATIO(pinj_21r,ece39)|RATIO(pinj_33l,ece39)",VACUOUS,"at least one member is inadmissible, so no admissible support can contain the complete exact set; the constraint is well defined but has no binding instance"
DEP_C6_RATE_ece39,C6,LEVEL_RATE(ece39|pinj_b),LEVEL_RATE(ece39|pinj) = sum_b LEVEL_RATE(ece39|pinj_b),LEVEL_RATE(ece39|pinj),LEVEL_RATE(ece39|pinj_15l)|LEVEL_RATE(ece39|pinj_15r)|LEVEL_RATE(ece39|pinj_21l)|LEVEL_RATE(ece39|pinj_21r)|LEVEL_RATE(ece39|pinj_30l)|LEVEL_RATE(ece39|pinj_30r)|LEVEL_RATE(ece39|pinj_33l)|LEVEL_RATE(ece39|pinj_33r),9,"d/dt is linear and FD2_PHYSICAL_TIME_V1 is a fixed linear stencil on the shared grid, so dot(pinj) = sum_b dot(pinj_b); x_z * dot(pinj) = sum_b x_z * dot(pinj_b)",LOCAL_DOCUMENTED,False,4,LEVEL_RATE(ece39|pinj_15r)|LEVEL_RATE(ece39|pinj_21l)|LEVEL_RATE(ece39|pinj_21r)|LEVEL_RATE(ece39|pinj_33l),VACUOUS,"at least one member is inadmissible, so no admissible support can contain the complete exact set; the constraint is well defined but has no binding instance"
DEP_C7_RATE_OVER_LEVEL_ece39,C7,RATE_OVER_LEVEL(pinj_b|ece39),RATE_OVER_LEVEL(pinj|ece39) = sum_b RATE_OVER_LEVEL(pinj_b|ece39),RATE_OVER_LEVEL(pinj|ece39),RATE_OVER_LEVEL(pinj_15l|ece39)|RATE_OVER_LEVEL(pinj_15r|ece39)|RATE_OVER_LEVEL(pinj_21l|ece39)|RATE_OVER_LEVEL(pinj_21r|ece39)|RATE_OVER_LEVEL(pinj_30l|ece39)|RATE_OVER_LEVEL(pinj_30r|ece39)|RATE_OVER_LEVEL(pinj_33l|ece39)|RATE_OVER_LEVEL(pinj_33r|ece39),9,"d/dt is linear and FD2_PHYSICAL_TIME_V1 is a fixed linear stencil on the shared grid, so dot(pinj) = sum_b dot(pinj_b); aggregate rate in NUMERATOR only",LOCAL_DOCUMENTED,False,4,RATE_OVER_LEVEL(pinj_15r|ece39)|RATE_OVER_LEVEL(pinj_21l|ece39)|RATE_OVER_LEVEL(pinj_21r|ece39)|RATE_OVER_LEVEL(pinj_33l|ece39),VACUOUS,"at least one member is inadmissible, so no admissible support can contain the complete exact set; the constraint is well defined but has no binding instance"
DEP_C2_PROD_cerqrott3,C2,"PROD(pinj_b,cerqrott3)","PROD(pinj,cerqrott3) = sum_b PROD(pinj_b,cerqrott3)","PROD(pinj,cerqrott3)","PROD(pinj_15l,cerqrott3)|PROD(pinj_15r,cerqrott3)|PROD(pinj_21l,cerqrott3)|PROD(pinj_21r,cerqrott3)|PROD(pinj_30l,cerqrott3)|PROD(pinj_30r,cerqrott3)|PROD(pinj_33l,cerqrott3)|PROD(pinj_33r,cerqrott3)",9,aggregate enters linearly: sum_b (a_b) = (sum_b a_b),LOCAL_DOCUMENTED,False,4,"PROD(pinj_15r,cerqrott3)|PROD(pinj_21l,cerqrott3)|PROD(pinj_21r,cerqrott3)|PROD(pinj_33l,cerqrott3)",VACUOUS,"at least one member is inadmissible, so no admissible support can contain the complete exact set; the constraint is well defined but has no binding instance"
DEP_C3_RATIO_cerqrott3,C3,"RATIO(pinj_b,cerqrott3)","RATIO(pinj,cerqrott3) = sum_b RATIO(pinj_b,cerqrott3)","RATIO(pinj,cerqrott3)","RATIO(pinj_15l,cerqrott3)|RATIO(pinj_15r,cerqrott3)|RATIO(pinj_21l,cerqrott3)|RATIO(pinj_21r,cerqrott3)|RATIO(pinj_30l,cerqrott3)|RATIO(pinj_30r,cerqrott3)|RATIO(pinj_33l,cerqrott3)|RATIO(pinj_33r,cerqrott3)",9,aggregate enters linearly: sum_b (a_b) = (sum_b a_b) (aggregate in NUMERATOR only),LOCAL_DOCUMENTED,False,9,"RATIO(pinj,cerqrott3)|RATIO(pinj_15l,cerqrott3)|RATIO(pinj_15r,cerqrott3)|RATIO(pinj_21l,cerqrott3)|RATIO(pinj_21r,cerqrott3)|RATIO(pinj_30l,cerqrott3)|RATIO(pinj_30r,cerqrott3)|RATIO(pinj_33l,cerqrott3)|RATIO(pinj_33r,cerqrott3)",VACUOUS,"at least one member is inadmissible, so no admissible support can contain the complete exact set; the constraint is well defined but has no binding instance"
DEP_C6_RATE_cerqrott3,C6,LEVEL_RATE(cerqrott3|pinj_b),LEVEL_RATE(cerqrott3|pinj) = sum_b LEVEL_RATE(cerqrott3|pinj_b),LEVEL_RATE(cerqrott3|pinj),LEVEL_RATE(cerqrott3|pinj_15l)|LEVEL_RATE(cerqrott3|pinj_15r)|LEVEL_RATE(cerqrott3|pinj_21l)|LEVEL_RATE(cerqrott3|pinj_21r)|LEVEL_RATE(cerqrott3|pinj_30l)|LEVEL_RATE(cerqrott3|pinj_30r)|LEVEL_RATE(cerqrott3|pinj_33l)|LEVEL_RATE(cerqrott3|pinj_33r),9,"d/dt is linear and FD2_PHYSICAL_TIME_V1 is a fixed linear stencil on the shared grid, so dot(pinj) = sum_b dot(pinj_b); x_z * dot(pinj) = sum_b x_z * dot(pinj_b)",LOCAL_DOCUMENTED,False,4,LEVEL_RATE(cerqrott3|pinj_15r)|LEVEL_RATE(cerqrott3|pinj_21l)|LEVEL_RATE(cerqrott3|pinj_21r)|LEVEL_RATE(cerqrott3|pinj_33l),VACUOUS,"at least one member is inadmissible, so no admissible support can contain the complete exact set; the constraint is well defined but has no binding instance"
DEP_C7_RATE_OVER_LEVEL_cerqrott3,C7,RATE_OVER_LEVEL(pinj_b|cerqrott3),RATE_OVER_LEVEL(pinj|cerqrott3) = sum_b RATE_OVER_LEVEL(pinj_b|cerqrott3),RATE_OVER_LEVEL(pinj|cerqrott3),RATE_OVER_LEVEL(pinj_15l|cerqrott3)|RATE_OVER_LEVEL(pinj_15r|cerqrott3)|RATE_OVER_LEVEL(pinj_21l|cerqrott3)|RATE_OVER_LEVEL(pinj_21r|cerqrott3)|RATE_OVER_LEVEL(pinj_30l|cerqrott3)|RATE_OVER_LEVEL(pinj_30r|cerqrott3)|RATE_OVER_LEVEL(pinj_33l|cerqrott3)|RATE_OVER_LEVEL(pinj_33r|cerqrott3),9,"d/dt is linear and FD2_PHYSICAL_TIME_V1 is a fixed linear stencil on the shared grid, so dot(pinj) = sum_b dot(pinj_b); aggregate rate in NUMERATOR only",LOCAL_DOCUMENTED,False,9,RATE_OVER_LEVEL(pinj|cerqrott3)|RATE_OVER_LEVEL(pinj_15l|cerqrott3)|RATE_OVER_LEVEL(pinj_15r|cerqrott3)|RATE_OVER_LEVEL(pinj_21l|cerqrott3)|RATE_OVER_LEVEL(pinj_21r|cerqrott3)|RATE_OVER_LEVEL(pinj_30l|cerqrott3)|RATE_OVER_LEVEL(pinj_30r|cerqrott3)|RATE_OVER_LEVEL(pinj_33l|cerqrott3)|RATE_OVER_LEVEL(pinj_33r|cerqrott3),VACUOUS,"at least one member is inadmissible, so no admissible support can contain the complete exact set; the constraint is well defined but has no binding instance"
DEP_C2_PROD_cerqrott6,C2,"PROD(pinj_b,cerqrott6)","PROD(pinj,cerqrott6) = sum_b PROD(pinj_b,cerqrott6)","PROD(pinj,cerqrott6)","PROD(pinj_15l,cerqrott6)|PROD(pinj_15r,cerqrott6)|PROD(pinj_21l,cerqrott6)|PROD(pinj_21r,cerqrott6)|PROD(pinj_30l,cerqrott6)|PROD(pinj_30r,cerqrott6)|PROD(pinj_33l,cerqrott6)|PROD(pinj_33r,cerqrott6)",9,aggregate enters linearly: sum_b (a_b) = (sum_b a_b),LOCAL_DOCUMENTED,False,4,"PROD(pinj_15r,cerqrott6)|PROD(pinj_21l,cerqrott6)|PROD(pinj_21r,cerqrott6)|PROD(pinj_33l,cerqrott6)",VACUOUS,"at least one member is inadmissible, so no admissible support can contain the complete exact set; the constraint is well defined but has no binding instance"
DEP_C3_RATIO_cerqrott6,C3,"RATIO(pinj_b,cerqrott6)","RATIO(pinj,cerqrott6) = sum_b RATIO(pinj_b,cerqrott6)","RATIO(pinj,cerqrott6)","RATIO(pinj_15l,cerqrott6)|RATIO(pinj_15r,cerqrott6)|RATIO(pinj_21l,cerqrott6)|RATIO(pinj_21r,cerqrott6)|RATIO(pinj_30l,cerqrott6)|RATIO(pinj_30r,cerqrott6)|RATIO(pinj_33l,cerqrott6)|RATIO(pinj_33r,cerqrott6)",9,aggregate enters linearly: sum_b (a_b) = (sum_b a_b) (aggregate in NUMERATOR only),LOCAL_DOCUMENTED,False,9,"RATIO(pinj,cerqrott6)|RATIO(pinj_15l,cerqrott6)|RATIO(pinj_15r,cerqrott6)|RATIO(pinj_21l,cerqrott6)|RATIO(pinj_21r,cerqrott6)|RATIO(pinj_30l,cerqrott6)|RATIO(pinj_30r,cerqrott6)|RATIO(pinj_33l,cerqrott6)|RATIO(pinj_33r,cerqrott6)",VACUOUS,"at least one member is inadmissible, so no admissible support can contain the complete exact set; the constraint is well defined but has no binding instance"
DEP_C6_RATE_cerqrott6,C6,LEVEL_RATE(cerqrott6|pinj_b),LEVEL_RATE(cerqrott6|pinj) = sum_b LEVEL_RATE(cerqrott6|pinj_b),LEVEL_RATE(cerqrott6|pinj),LEVEL_RATE(cerqrott6|pinj_15l)|LEVEL_RATE(cerqrott6|pinj_15r)|LEVEL_RATE(cerqrott6|pinj_21l)|LEVEL_RATE(cerqrott6|pinj_21r)|LEVEL_RATE(cerqrott6|pinj_30l)|LEVEL_RATE(cerqrott6|pinj_30r)|LEVEL_RATE(cerqrott6|pinj_33l)|LEVEL_RATE(cerqrott6|pinj_33r),9,"d/dt is linear and FD2_PHYSICAL_TIME_V1 is a fixed linear stencil on the shared grid, so dot(pinj) = sum_b dot(pinj_b); x_z * dot(pinj) = sum_b x_z * dot(pinj_b)",LOCAL_DOCUMENTED,False,4,LEVEL_RATE(cerqrott6|pinj_15r)|LEVEL_RATE(cerqrott6|pinj_21l)|LEVEL_RATE(cerqrott6|pinj_21r)|LEVEL_RATE(cerqrott6|pinj_33l),VACUOUS,"at least one member is inadmissible, so no admissible support can contain the complete exact set; the constraint is well defined but has no binding instance"
DEP_C7_RATE_OVER_LEVEL_cerqrott6,C7,RATE_OVER_LEVEL(pinj_b|cerqrott6),RATE_OVER_LEVEL(pinj|cerqrott6) = sum_b RATE_OVER_LEVEL(pinj_b|cerqrott6),RATE_OVER_LEVEL(pinj|cerqrott6),RATE_OVER_LEVEL(pinj_15l|cerqrott6)|RATE_OVER_LEVEL(pinj_15r|cerqrott6)|RATE_OVER_LEVEL(pinj_21l|cerqrott6)|RATE_OVER_LEVEL(pinj_21r|cerqrott6)|RATE_OVER_LEVEL(pinj_30l|cerqrott6)|RATE_OVER_LEVEL(pinj_30r|cerqrott6)|RATE_OVER_LEVEL(pinj_33l|cerqrott6)|RATE_OVER_LEVEL(pinj_33r|cerqrott6),9,"d/dt is linear and FD2_PHYSICAL_TIME_V1 is a fixed linear stencil on the shared grid, so dot(pinj) = sum_b dot(pinj_b); aggregate rate in NUMERATOR only",LOCAL_DOCUMENTED,False,9,RATE_OVER_LEVEL(pinj|cerqrott6)|RATE_OVER_LEVEL(pinj_15l|cerqrott6)|RATE_OVER_LEVEL(pinj_15r|cerqrott6)|RATE_OVER_LEVEL(pinj_21l|cerqrott6)|RATE_OVER_LEVEL(pinj_21r|cerqrott6)|RATE_OVER_LEVEL(pinj_30l|cerqrott6)|RATE_OVER_LEVEL(pinj_30r|cerqrott6)|RATE_OVER_LEVEL(pinj_33l|cerqrott6)|RATE_OVER_LEVEL(pinj_33r|cerqrott6),VACUOUS,"at least one member is inadmissible, so no admissible support can contain the complete exact set; the constraint is well defined but has no binding instance"
DEP_C2_PROD_cerqrott8,C2,"PROD(pinj_b,cerqrott8)","PROD(pinj,cerqrott8) = sum_b PROD(pinj_b,cerqrott8)","PROD(pinj,cerqrott8)","PROD(pinj_15l,cerqrott8)|PROD(pinj_15r,cerqrott8)|PROD(pinj_21l,cerqrott8)|PROD(pinj_21r,cerqrott8)|PROD(pinj_30l,cerqrott8)|PROD(pinj_30r,cerqrott8)|PROD(pinj_33l,cerqrott8)|PROD(pinj_33r,cerqrott8)",9,aggregate enters linearly: sum_b (a_b) = (sum_b a_b),LOCAL_DOCUMENTED,False,4,"PROD(pinj_15r,cerqrott8)|PROD(pinj_21l,cerqrott8)|PROD(pinj_21r,cerqrott8)|PROD(pinj_33l,cerqrott8)",VACUOUS,"at least one member is inadmissible, so no admissible support can contain the complete exact set; the constraint is well defined but has no binding instance"
DEP_C3_RATIO_cerqrott8,C3,"RATIO(pinj_b,cerqrott8)","RATIO(pinj,cerqrott8) = sum_b RATIO(pinj_b,cerqrott8)","RATIO(pinj,cerqrott8)","RATIO(pinj_15l,cerqrott8)|RATIO(pinj_15r,cerqrott8)|RATIO(pinj_21l,cerqrott8)|RATIO(pinj_21r,cerqrott8)|RATIO(pinj_30l,cerqrott8)|RATIO(pinj_30r,cerqrott8)|RATIO(pinj_33l,cerqrott8)|RATIO(pinj_33r,cerqrott8)",9,aggregate enters linearly: sum_b (a_b) = (sum_b a_b) (aggregate in NUMERATOR only),LOCAL_DOCUMENTED,False,9,"RATIO(pinj,cerqrott8)|RATIO(pinj_15l,cerqrott8)|RATIO(pinj_15r,cerqrott8)|RATIO(pinj_21l,cerqrott8)|RATIO(pinj_21r,cerqrott8)|RATIO(pinj_30l,cerqrott8)|RATIO(pinj_30r,cerqrott8)|RATIO(pinj_33l,cerqrott8)|RATIO(pinj_33r,cerqrott8)",VACUOUS,"at least one member is inadmissible, so no admissible support can contain the complete exact set; the constraint is well defined but has no binding instance"
DEP_C6_RATE_cerqrott8,C6,LEVEL_RATE(cerqrott8|pinj_b),LEVEL_RATE(cerqrott8|pinj) = sum_b LEVEL_RATE(cerqrott8|pinj_b),LEVEL_RATE(cerqrott8|pinj),LEVEL_RATE(cerqrott8|pinj_15l)|LEVEL_RATE(cerqrott8|pinj_15r)|LEVEL_RATE(cerqrott8|pinj_21l)|LEVEL_RATE(cerqrott8|pinj_21r)|LEVEL_RATE(cerqrott8|pinj_30l)|LEVEL_RATE(cerqrott8|pinj_30r)|LEVEL_RATE(cerqrott8|pinj_33l)|LEVEL_RATE(cerqrott8|pinj_33r),9,"d/dt is linear and FD2_PHYSICAL_TIME_V1 is a fixed linear stencil on the shared grid, so dot(pinj) = sum_b dot(pinj_b); x_z * dot(pinj) = sum_b x_z * dot(pinj_b)",LOCAL_DOCUMENTED,False,4,LEVEL_RATE(cerqrott8|pinj_15r)|LEVEL_RATE(cerqrott8|pinj_21l)|LEVEL_RATE(cerqrott8|pinj_21r)|LEVEL_RATE(cerqrott8|pinj_33l),VACUOUS,"at least one member is inadmissible, so no admissible support can contain the complete exact set; the constraint is well defined but has no binding instance"
DEP_C7_RATE_OVER_LEVEL_cerqrott8,C7,RATE_OVER_LEVEL(pinj_b|cerqrott8),RATE_OVER_LEVEL(pinj|cerqrott8) = sum_b RATE_OVER_LEVEL(pinj_b|cerqrott8),RATE_OVER_LEVEL(pinj|cerqrott8),RATE_OVER_LEVEL(pinj_15l|cerqrott8)|RATE_OVER_LEVEL(pinj_15r|cerqrott8)|RATE_OVER_LEVEL(pinj_21l|cerqrott8)|RATE_OVER_LEVEL(pinj_21r|cerqrott8)|RATE_OVER_LEVEL(pinj_30l|cerqrott8)|RATE_OVER_LEVEL(pinj_30r|cerqrott8)|RATE_OVER_LEVEL(pinj_33l|cerqrott8)|RATE_OVER_LEVEL(pinj_33r|cerqrott8),9,"d/dt is linear and FD2_PHYSICAL_TIME_V1 is a fixed linear stencil on the shared grid, so dot(pinj) = sum_b dot(pinj_b); aggregate rate in NUMERATOR only",LOCAL_DOCUMENTED,False,9,RATE_OVER_LEVEL(pinj|cerqrott8)|RATE_OVER_LEVEL(pinj_15l|cerqrott8)|RATE_OVER_LEVEL(pinj_15r|cerqrott8)|RATE_OVER_LEVEL(pinj_21l|cerqrott8)|RATE_OVER_LEVEL(pinj_21r|cerqrott8)|RATE_OVER_LEVEL(pinj_30l|cerqrott8)|RATE_OVER_LEVEL(pinj_30r|cerqrott8)|RATE_OVER_LEVEL(pinj_33l|cerqrott8)|RATE_OVER_LEVEL(pinj_33r|cerqrott8),VACUOUS,"at least one member is inadmissible, so no admissible support can contain the complete exact set; the constraint is well defined but has no binding instance"
DEP_C2_PROD_cerqrott10,C2,"PROD(pinj_b,cerqrott10)","PROD(pinj,cerqrott10) = sum_b PROD(pinj_b,cerqrott10)","PROD(pinj,cerqrott10)","PROD(pinj_15l,cerqrott10)|PROD(pinj_15r,cerqrott10)|PROD(pinj_21l,cerqrott10)|PROD(pinj_21r,cerqrott10)|PROD(pinj_30l,cerqrott10)|PROD(pinj_30r,cerqrott10)|PROD(pinj_33l,cerqrott10)|PROD(pinj_33r,cerqrott10)",9,aggregate enters linearly: sum_b (a_b) = (sum_b a_b),LOCAL_DOCUMENTED,False,4,"PROD(pinj_15r,cerqrott10)|PROD(pinj_21l,cerqrott10)|PROD(pinj_21r,cerqrott10)|PROD(pinj_33l,cerqrott10)",VACUOUS,"at least one member is inadmissible, so no admissible support can contain the complete exact set; the constraint is well defined but has no binding instance"
DEP_C3_RATIO_cerqrott10,C3,"RATIO(pinj_b,cerqrott10)","RATIO(pinj,cerqrott10) = sum_b RATIO(pinj_b,cerqrott10)","RATIO(pinj,cerqrott10)","RATIO(pinj_15l,cerqrott10)|RATIO(pinj_15r,cerqrott10)|RATIO(pinj_21l,cerqrott10)|RATIO(pinj_21r,cerqrott10)|RATIO(pinj_30l,cerqrott10)|RATIO(pinj_30r,cerqrott10)|RATIO(pinj_33l,cerqrott10)|RATIO(pinj_33r,cerqrott10)",9,aggregate enters linearly: sum_b (a_b) = (sum_b a_b) (aggregate in NUMERATOR only),LOCAL_DOCUMENTED,False,9,"RATIO(pinj,cerqrott10)|RATIO(pinj_15l,cerqrott10)|RATIO(pinj_15r,cerqrott10)|RATIO(pinj_21l,cerqrott10)|RATIO(pinj_21r,cerqrott10)|RATIO(pinj_30l,cerqrott10)|RATIO(pinj_30r,cerqrott10)|RATIO(pinj_33l,cerqrott10)|RATIO(pinj_33r,cerqrott10)",VACUOUS,"at least one member is inadmissible, so no admissible support can contain the complete exact set; the constraint is well defined but has no binding instance"
DEP_C6_RATE_cerqrott10,C6,LEVEL_RATE(cerqrott10|pinj_b),LEVEL_RATE(cerqrott10|pinj) = sum_b LEVEL_RATE(cerqrott10|pinj_b),LEVEL_RATE(cerqrott10|pinj),LEVEL_RATE(cerqrott10|pinj_15l)|LEVEL_RATE(cerqrott10|pinj_15r)|LEVEL_RATE(cerqrott10|pinj_21l)|LEVEL_RATE(cerqrott10|pinj_21r)|LEVEL_RATE(cerqrott10|pinj_30l)|LEVEL_RATE(cerqrott10|pinj_30r)|LEVEL_RATE(cerqrott10|pinj_33l)|LEVEL_RATE(cerqrott10|pinj_33r),9,"d/dt is linear and FD2_PHYSICAL_TIME_V1 is a fixed linear stencil on the shared grid, so dot(pinj) = sum_b dot(pinj_b); x_z * dot(pinj) = sum_b x_z * dot(pinj_b)",LOCAL_DOCUMENTED,False,4,LEVEL_RATE(cerqrott10|pinj_15r)|LEVEL_RATE(cerqrott10|pinj_21l)|LEVEL_RATE(cerqrott10|pinj_21r)|LEVEL_RATE(cerqrott10|pinj_33l),VACUOUS,"at least one member is inadmissible, so no admissible support can contain the complete exact set; the constraint is well defined but has no binding instance"
DEP_C7_RATE_OVER_LEVEL_cerqrott10,C7,RATE_OVER_LEVEL(pinj_b|cerqrott10),RATE_OVER_LEVEL(pinj|cerqrott10) = sum_b RATE_OVER_LEVEL(pinj_b|cerqrott10),RATE_OVER_LEVEL(pinj|cerqrott10),RATE_OVER_LEVEL(pinj_15l|cerqrott10)|RATE_OVER_LEVEL(pinj_15r|cerqrott10)|RATE_OVER_LEVEL(pinj_21l|cerqrott10)|RATE_OVER_LEVEL(pinj_21r|cerqrott10)|RATE_OVER_LEVEL(pinj_30l|cerqrott10)|RATE_OVER_LEVEL(pinj_30r|cerqrott10)|RATE_OVER_LEVEL(pinj_33l|cerqrott10)|RATE_OVER_LEVEL(pinj_33r|cerqrott10),9,"d/dt is linear and FD2_PHYSICAL_TIME_V1 is a fixed linear stencil on the shared grid, so dot(pinj) = sum_b dot(pinj_b); aggregate rate in NUMERATOR only",LOCAL_DOCUMENTED,False,9,RATE_OVER_LEVEL(pinj|cerqrott10)|RATE_OVER_LEVEL(pinj_15l|cerqrott10)|RATE_OVER_LEVEL(pinj_15r|cerqrott10)|RATE_OVER_LEVEL(pinj_21l|cerqrott10)|RATE_OVER_LEVEL(pinj_21r|cerqrott10)|RATE_OVER_LEVEL(pinj_30l|cerqrott10)|RATE_OVER_LEVEL(pinj_30r|cerqrott10)|RATE_OVER_LEVEL(pinj_33l|cerqrott10)|RATE_OVER_LEVEL(pinj_33r|cerqrott10),VACUOUS,"at least one member is inadmissible, so no admissible support can contain the complete exact set; the constraint is well defined but has no binding instance"
DEP_C2_PROD_cerqrott11,C2,"PROD(pinj_b,cerqrott11)","PROD(pinj,cerqrott11) = sum_b PROD(pinj_b,cerqrott11)","PROD(pinj,cerqrott11)","PROD(pinj_15l,cerqrott11)|PROD(pinj_15r,cerqrott11)|PROD(pinj_21l,cerqrott11)|PROD(pinj_21r,cerqrott11)|PROD(pinj_30l,cerqrott11)|PROD(pinj_30r,cerqrott11)|PROD(pinj_33l,cerqrott11)|PROD(pinj_33r,cerqrott11)",9,aggregate enters linearly: sum_b (a_b) = (sum_b a_b),LOCAL_DOCUMENTED,False,4,"PROD(pinj_15r,cerqrott11)|PROD(pinj_21l,cerqrott11)|PROD(pinj_21r,cerqrott11)|PROD(pinj_33l,cerqrott11)",VACUOUS,"at least one member is inadmissible, so no admissible support can contain the complete exact set; the constraint is well defined but has no binding instance"
DEP_C3_RATIO_cerqrott11,C3,"RATIO(pinj_b,cerqrott11)","RATIO(pinj,cerqrott11) = sum_b RATIO(pinj_b,cerqrott11)","RATIO(pinj,cerqrott11)","RATIO(pinj_15l,cerqrott11)|RATIO(pinj_15r,cerqrott11)|RATIO(pinj_21l,cerqrott11)|RATIO(pinj_21r,cerqrott11)|RATIO(pinj_30l,cerqrott11)|RATIO(pinj_30r,cerqrott11)|RATIO(pinj_33l,cerqrott11)|RATIO(pinj_33r,cerqrott11)",9,aggregate enters linearly: sum_b (a_b) = (sum_b a_b) (aggregate in NUMERATOR only),LOCAL_DOCUMENTED,False,9,"RATIO(pinj,cerqrott11)|RATIO(pinj_15l,cerqrott11)|RATIO(pinj_15r,cerqrott11)|RATIO(pinj_21l,cerqrott11)|RATIO(pinj_21r,cerqrott11)|RATIO(pinj_30l,cerqrott11)|RATIO(pinj_30r,cerqrott11)|RATIO(pinj_33l,cerqrott11)|RATIO(pinj_33r,cerqrott11)",VACUOUS,"at least one member is inadmissible, so no admissible support can contain the complete exact set; the constraint is well defined but has no binding instance"
DEP_C6_RATE_cerqrott11,C6,LEVEL_RATE(cerqrott11|pinj_b),LEVEL_RATE(cerqrott11|pinj) = sum_b LEVEL_RATE(cerqrott11|pinj_b),LEVEL_RATE(cerqrott11|pinj),LEVEL_RATE(cerqrott11|pinj_15l)|LEVEL_RATE(cerqrott11|pinj_15r)|LEVEL_RATE(cerqrott11|pinj_21l)|LEVEL_RATE(cerqrott11|pinj_21r)|LEVEL_RATE(cerqrott11|pinj_30l)|LEVEL_RATE(cerqrott11|pinj_30r)|LEVEL_RATE(cerqrott11|pinj_33l)|LEVEL_RATE(cerqrott11|pinj_33r),9,"d/dt is linear and FD2_PHYSICAL_TIME_V1 is a fixed linear stencil on the shared grid, so dot(pinj) = sum_b dot(pinj_b); x_z * dot(pinj) = sum_b x_z * dot(pinj_b)",LOCAL_DOCUMENTED,False,4,LEVEL_RATE(cerqrott11|pinj_15r)|LEVEL_RATE(cerqrott11|pinj_21l)|LEVEL_RATE(cerqrott11|pinj_21r)|LEVEL_RATE(cerqrott11|pinj_33l),VACUOUS,"at least one member is inadmissible, so no admissible support can contain the complete exact set; the constraint is well defined but has no binding instance"
DEP_C7_RATE_OVER_LEVEL_cerqrott11,C7,RATE_OVER_LEVEL(pinj_b|cerqrott11),RATE_OVER_LEVEL(pinj|cerqrott11) = sum_b RATE_OVER_LEVEL(pinj_b|cerqrott11),RATE_OVER_LEVEL(pinj|cerqrott11),RATE_OVER_LEVEL(pinj_15l|cerqrott11)|RATE_OVER_LEVEL(pinj_15r|cerqrott11)|RATE_OVER_LEVEL(pinj_21l|cerqrott11)|RATE_OVER_LEVEL(pinj_21r|cerqrott11)|RATE_OVER_LEVEL(pinj_30l|cerqrott11)|RATE_OVER_LEVEL(pinj_30r|cerqrott11)|RATE_OVER_LEVEL(pinj_33l|cerqrott11)|RATE_OVER_LEVEL(pinj_33r|cerqrott11),9,"d/dt is linear and FD2_PHYSICAL_TIME_V1 is a fixed linear stencil on the shared grid, so dot(pinj) = sum_b dot(pinj_b); aggregate rate in NUMERATOR only",LOCAL_DOCUMENTED,False,9,RATE_OVER_LEVEL(pinj|cerqrott11)|RATE_OVER_LEVEL(pinj_15l|cerqrott11)|RATE_OVER_LEVEL(pinj_15r|cerqrott11)|RATE_OVER_LEVEL(pinj_21l|cerqrott11)|RATE_OVER_LEVEL(pinj_21r|cerqrott11)|RATE_OVER_LEVEL(pinj_30l|cerqrott11)|RATE_OVER_LEVEL(pinj_30r|cerqrott11)|RATE_OVER_LEVEL(pinj_33l|cerqrott11)|RATE_OVER_LEVEL(pinj_33r|cerqrott11),VACUOUS,"at least one member is inadmissible, so no admissible support can contain the complete exact set; the constraint is well defined but has no binding instance"
DEP_C2_PROD_cerqrott12,C2,"PROD(pinj_b,cerqrott12)","PROD(pinj,cerqrott12) = sum_b PROD(pinj_b,cerqrott12)","PROD(pinj,cerqrott12)","PROD(pinj_15l,cerqrott12)|PROD(pinj_15r,cerqrott12)|PROD(pinj_21l,cerqrott12)|PROD(pinj_21r,cerqrott12)|PROD(pinj_30l,cerqrott12)|PROD(pinj_30r,cerqrott12)|PROD(pinj_33l,cerqrott12)|PROD(pinj_33r,cerqrott12)",9,aggregate enters linearly: sum_b (a_b) = (sum_b a_b),LOCAL_DOCUMENTED,False,4,"PROD(pinj_15r,cerqrott12)|PROD(pinj_21l,cerqrott12)|PROD(pinj_21r,cerqrott12)|PROD(pinj_33l,cerqrott12)",VACUOUS,"at least one member is inadmissible, so no admissible support can contain the complete exact set; the constraint is well defined but has no binding instance"
DEP_C3_RATIO_cerqrott12,C3,"RATIO(pinj_b,cerqrott12)","RATIO(pinj,cerqrott12) = sum_b RATIO(pinj_b,cerqrott12)","RATIO(pinj,cerqrott12)","RATIO(pinj_15l,cerqrott12)|RATIO(pinj_15r,cerqrott12)|RATIO(pinj_21l,cerqrott12)|RATIO(pinj_21r,cerqrott12)|RATIO(pinj_30l,cerqrott12)|RATIO(pinj_30r,cerqrott12)|RATIO(pinj_33l,cerqrott12)|RATIO(pinj_33r,cerqrott12)",9,aggregate enters linearly: sum_b (a_b) = (sum_b a_b) (aggregate in NUMERATOR only),LOCAL_DOCUMENTED,False,9,"RATIO(pinj,cerqrott12)|RATIO(pinj_15l,cerqrott12)|RATIO(pinj_15r,cerqrott12)|RATIO(pinj_21l,cerqrott12)|RATIO(pinj_21r,cerqrott12)|RATIO(pinj_30l,cerqrott12)|RATIO(pinj_30r,cerqrott12)|RATIO(pinj_33l,cerqrott12)|RATIO(pinj_33r,cerqrott12)",VACUOUS,"at least one member is inadmissible, so no admissible support can contain the complete exact set; the constraint is well defined but has no binding instance"
DEP_C6_RATE_cerqrott12,C6,LEVEL_RATE(cerqrott12|pinj_b),LEVEL_RATE(cerqrott12|pinj) = sum_b LEVEL_RATE(cerqrott12|pinj_b),LEVEL_RATE(cerqrott12|pinj),LEVEL_RATE(cerqrott12|pinj_15l)|LEVEL_RATE(cerqrott12|pinj_15r)|LEVEL_RATE(cerqrott12|pinj_21l)|LEVEL_RATE(cerqrott12|pinj_21r)|LEVEL_RATE(cerqrott12|pinj_30l)|LEVEL_RATE(cerqrott12|pinj_30r)|LEVEL_RATE(cerqrott12|pinj_33l)|LEVEL_RATE(cerqrott12|pinj_33r),9,"d/dt is linear and FD2_PHYSICAL_TIME_V1 is a fixed linear stencil on the shared grid, so dot(pinj) = sum_b dot(pinj_b); x_z * dot(pinj) = sum_b x_z * dot(pinj_b)",LOCAL_DOCUMENTED,False,4,LEVEL_RATE(cerqrott12|pinj_15r)|LEVEL_RATE(cerqrott12|pinj_21l)|LEVEL_RATE(cerqrott12|pinj_21r)|LEVEL_RATE(cerqrott12|pinj_33l),VACUOUS,"at least one member is inadmissible, so no admissible support can contain the complete exact set; the constraint is well defined but has no binding instance"
DEP_C7_RATE_OVER_LEVEL_cerqrott12,C7,RATE_OVER_LEVEL(pinj_b|cerqrott12),RATE_OVER_LEVEL(pinj|cerqrott12) = sum_b RATE_OVER_LEVEL(pinj_b|cerqrott12),RATE_OVER_LEVEL(pinj|cerqrott12),RATE_OVER_LEVEL(pinj_15l|cerqrott12)|RATE_OVER_LEVEL(pinj_15r|cerqrott12)|RATE_OVER_LEVEL(pinj_21l|cerqrott12)|RATE_OVER_LEVEL(pinj_21r|cerqrott12)|RATE_OVER_LEVEL(pinj_30l|cerqrott12)|RATE_OVER_LEVEL(pinj_30r|cerqrott12)|RATE_OVER_LEVEL(pinj_33l|cerqrott12)|RATE_OVER_LEVEL(pinj_33r|cerqrott12),9,"d/dt is linear and FD2_PHYSICAL_TIME_V1 is a fixed linear stencil on the shared grid, so dot(pinj) = sum_b dot(pinj_b); aggregate rate in NUMERATOR only",LOCAL_DOCUMENTED,False,9,RATE_OVER_LEVEL(pinj|cerqrott12)|RATE_OVER_LEVEL(pinj_15l|cerqrott12)|RATE_OVER_LEVEL(pinj_15r|cerqrott12)|RATE_OVER_LEVEL(pinj_21l|cerqrott12)|RATE_OVER_LEVEL(pinj_21r|cerqrott12)|RATE_OVER_LEVEL(pinj_30l|cerqrott12)|RATE_OVER_LEVEL(pinj_30r|cerqrott12)|RATE_OVER_LEVEL(pinj_33l|cerqrott12)|RATE_OVER_LEVEL(pinj_33r|cerqrott12),VACUOUS,"at least one member is inadmissible, so no admissible support can contain the complete exact set; the constraint is well defined but has no binding instance"
DEP_C2_PROD_cerqrott13,C2,"PROD(pinj_b,cerqrott13)","PROD(pinj,cerqrott13) = sum_b PROD(pinj_b,cerqrott13)","PROD(pinj,cerqrott13)","PROD(pinj_15l,cerqrott13)|PROD(pinj_15r,cerqrott13)|PROD(pinj_21l,cerqrott13)|PROD(pinj_21r,cerqrott13)|PROD(pinj_30l,cerqrott13)|PROD(pinj_30r,cerqrott13)|PROD(pinj_33l,cerqrott13)|PROD(pinj_33r,cerqrott13)",9,aggregate enters linearly: sum_b (a_b) = (sum_b a_b),LOCAL_DOCUMENTED,False,4,"PROD(pinj_15r,cerqrott13)|PROD(pinj_21l,cerqrott13)|PROD(pinj_21r,cerqrott13)|PROD(pinj_33l,cerqrott13)",VACUOUS,"at least one member is inadmissible, so no admissible support can contain the complete exact set; the constraint is well defined but has no binding instance"
DEP_C3_RATIO_cerqrott13,C3,"RATIO(pinj_b,cerqrott13)","RATIO(pinj,cerqrott13) = sum_b RATIO(pinj_b,cerqrott13)","RATIO(pinj,cerqrott13)","RATIO(pinj_15l,cerqrott13)|RATIO(pinj_15r,cerqrott13)|RATIO(pinj_21l,cerqrott13)|RATIO(pinj_21r,cerqrott13)|RATIO(pinj_30l,cerqrott13)|RATIO(pinj_30r,cerqrott13)|RATIO(pinj_33l,cerqrott13)|RATIO(pinj_33r,cerqrott13)",9,aggregate enters linearly: sum_b (a_b) = (sum_b a_b) (aggregate in NUMERATOR only),LOCAL_DOCUMENTED,False,9,"RATIO(pinj,cerqrott13)|RATIO(pinj_15l,cerqrott13)|RATIO(pinj_15r,cerqrott13)|RATIO(pinj_21l,cerqrott13)|RATIO(pinj_21r,cerqrott13)|RATIO(pinj_30l,cerqrott13)|RATIO(pinj_30r,cerqrott13)|RATIO(pinj_33l,cerqrott13)|RATIO(pinj_33r,cerqrott13)",VACUOUS,"at least one member is inadmissible, so no admissible support can contain the complete exact set; the constraint is well defined but has no binding instance"
DEP_C6_RATE_cerqrott13,C6,LEVEL_RATE(cerqrott13|pinj_b),LEVEL_RATE(cerqrott13|pinj) = sum_b LEVEL_RATE(cerqrott13|pinj_b),LEVEL_RATE(cerqrott13|pinj),LEVEL_RATE(cerqrott13|pinj_15l)|LEVEL_RATE(cerqrott13|pinj_15r)|LEVEL_RATE(cerqrott13|pinj_21l)|LEVEL_RATE(cerqrott13|pinj_21r)|LEVEL_RATE(cerqrott13|pinj_30l)|LEVEL_RATE(cerqrott13|pinj_30r)|LEVEL_RATE(cerqrott13|pinj_33l)|LEVEL_RATE(cerqrott13|pinj_33r),9,"d/dt is linear and FD2_PHYSICAL_TIME_V1 is a fixed linear stencil on the shared grid, so dot(pinj) = sum_b dot(pinj_b); x_z * dot(pinj) = sum_b x_z * dot(pinj_b)",LOCAL_DOCUMENTED,False,4,LEVEL_RATE(cerqrott13|pinj_15r)|LEVEL_RATE(cerqrott13|pinj_21l)|LEVEL_RATE(cerqrott13|pinj_21r)|LEVEL_RATE(cerqrott13|pinj_33l),VACUOUS,"at least one member is inadmissible, so no admissible support can contain the complete exact set; the constraint is well defined but has no binding instance"
DEP_C7_RATE_OVER_LEVEL_cerqrott13,C7,RATE_OVER_LEVEL(pinj_b|cerqrott13),RATE_OVER_LEVEL(pinj|cerqrott13) = sum_b RATE_OVER_LEVEL(pinj_b|cerqrott13),RATE_OVER_LEVEL(pinj|cerqrott13),RATE_OVER_LEVEL(pinj_15l|cerqrott13)|RATE_OVER_LEVEL(pinj_15r|cerqrott13)|RATE_OVER_LEVEL(pinj_21l|cerqrott13)|RATE_OVER_LEVEL(pinj_21r|cerqrott13)|RATE_OVER_LEVEL(pinj_30l|cerqrott13)|RATE_OVER_LEVEL(pinj_30r|cerqrott13)|RATE_OVER_LEVEL(pinj_33l|cerqrott13)|RATE_OVER_LEVEL(pinj_33r|cerqrott13),9,"d/dt is linear and FD2_PHYSICAL_TIME_V1 is a fixed linear stencil on the shared grid, so dot(pinj) = sum_b dot(pinj_b); aggregate rate in NUMERATOR only",LOCAL_DOCUMENTED,False,9,RATE_OVER_LEVEL(pinj|cerqrott13)|RATE_OVER_LEVEL(pinj_15l|cerqrott13)|RATE_OVER_LEVEL(pinj_15r|cerqrott13)|RATE_OVER_LEVEL(pinj_21l|cerqrott13)|RATE_OVER_LEVEL(pinj_21r|cerqrott13)|RATE_OVER_LEVEL(pinj_30l|cerqrott13)|RATE_OVER_LEVEL(pinj_30r|cerqrott13)|RATE_OVER_LEVEL(pinj_33l|cerqrott13)|RATE_OVER_LEVEL(pinj_33r|cerqrott13),VACUOUS,"at least one member is inadmissible, so no admissible support can contain the complete exact set; the constraint is well defined but has no binding instance"
DEP_C2_PROD_cerqtit3,C2,"PROD(pinj_b,cerqtit3)","PROD(pinj,cerqtit3) = sum_b PROD(pinj_b,cerqtit3)","PROD(pinj,cerqtit3)","PROD(pinj_15l,cerqtit3)|PROD(pinj_15r,cerqtit3)|PROD(pinj_21l,cerqtit3)|PROD(pinj_21r,cerqtit3)|PROD(pinj_30l,cerqtit3)|PROD(pinj_30r,cerqtit3)|PROD(pinj_33l,cerqtit3)|PROD(pinj_33r,cerqtit3)",9,aggregate enters linearly: sum_b (a_b) = (sum_b a_b),LOCAL_DOCUMENTED,False,4,"PROD(pinj_15r,cerqtit3)|PROD(pinj_21l,cerqtit3)|PROD(pinj_21r,cerqtit3)|PROD(pinj_33l,cerqtit3)",VACUOUS,"at least one member is inadmissible, so no admissible support can contain the complete exact set; the constraint is well defined but has no binding instance"
DEP_C3_RATIO_cerqtit3,C3,"RATIO(pinj_b,cerqtit3)","RATIO(pinj,cerqtit3) = sum_b RATIO(pinj_b,cerqtit3)","RATIO(pinj,cerqtit3)","RATIO(pinj_15l,cerqtit3)|RATIO(pinj_15r,cerqtit3)|RATIO(pinj_21l,cerqtit3)|RATIO(pinj_21r,cerqtit3)|RATIO(pinj_30l,cerqtit3)|RATIO(pinj_30r,cerqtit3)|RATIO(pinj_33l,cerqtit3)|RATIO(pinj_33r,cerqtit3)",9,aggregate enters linearly: sum_b (a_b) = (sum_b a_b) (aggregate in NUMERATOR only),LOCAL_DOCUMENTED,False,4,"RATIO(pinj_15r,cerqtit3)|RATIO(pinj_21l,cerqtit3)|RATIO(pinj_21r,cerqtit3)|RATIO(pinj_33l,cerqtit3)",VACUOUS,"at least one member is inadmissible, so no admissible support can contain the complete exact set; the constraint is well defined but has no binding instance"
DEP_C6_RATE_cerqtit3,C6,LEVEL_RATE(cerqtit3|pinj_b),LEVEL_RATE(cerqtit3|pinj) = sum_b LEVEL_RATE(cerqtit3|pinj_b),LEVEL_RATE(cerqtit3|pinj),LEVEL_RATE(cerqtit3|pinj_15l)|LEVEL_RATE(cerqtit3|pinj_15r)|LEVEL_RATE(cerqtit3|pinj_21l)|LEVEL_RATE(cerqtit3|pinj_21r)|LEVEL_RATE(cerqtit3|pinj_30l)|LEVEL_RATE(cerqtit3|pinj_30r)|LEVEL_RATE(cerqtit3|pinj_33l)|LEVEL_RATE(cerqtit3|pinj_33r),9,"d/dt is linear and FD2_PHYSICAL_TIME_V1 is a fixed linear stencil on the shared grid, so dot(pinj) = sum_b dot(pinj_b); x_z * dot(pinj) = sum_b x_z * dot(pinj_b)",LOCAL_DOCUMENTED,False,4,LEVEL_RATE(cerqtit3|pinj_15r)|LEVEL_RATE(cerqtit3|pinj_21l)|LEVEL_RATE(cerqtit3|pinj_21r)|LEVEL_RATE(cerqtit3|pinj_33l),VACUOUS,"at least one member is inadmissible, so no admissible support can contain the complete exact set; the constraint is well defined but has no binding instance"
DEP_C7_RATE_OVER_LEVEL_cerqtit3,C7,RATE_OVER_LEVEL(pinj_b|cerqtit3),RATE_OVER_LEVEL(pinj|cerqtit3) = sum_b RATE_OVER_LEVEL(pinj_b|cerqtit3),RATE_OVER_LEVEL(pinj|cerqtit3),RATE_OVER_LEVEL(pinj_15l|cerqtit3)|RATE_OVER_LEVEL(pinj_15r|cerqtit3)|RATE_OVER_LEVEL(pinj_21l|cerqtit3)|RATE_OVER_LEVEL(pinj_21r|cerqtit3)|RATE_OVER_LEVEL(pinj_30l|cerqtit3)|RATE_OVER_LEVEL(pinj_30r|cerqtit3)|RATE_OVER_LEVEL(pinj_33l|cerqtit3)|RATE_OVER_LEVEL(pinj_33r|cerqtit3),9,"d/dt is linear and FD2_PHYSICAL_TIME_V1 is a fixed linear stencil on the shared grid, so dot(pinj) = sum_b dot(pinj_b); aggregate rate in NUMERATOR only",LOCAL_DOCUMENTED,False,4,RATE_OVER_LEVEL(pinj_15r|cerqtit3)|RATE_OVER_LEVEL(pinj_21l|cerqtit3)|RATE_OVER_LEVEL(pinj_21r|cerqtit3)|RATE_OVER_LEVEL(pinj_33l|cerqtit3),VACUOUS,"at least one member is inadmissible, so no admissible support can contain the complete exact set; the constraint is well defined but has no binding instance"
DEP_C2_PROD_cerqtit6,C2,"PROD(pinj_b,cerqtit6)","PROD(pinj,cerqtit6) = sum_b PROD(pinj_b,cerqtit6)","PROD(pinj,cerqtit6)","PROD(pinj_15l,cerqtit6)|PROD(pinj_15r,cerqtit6)|PROD(pinj_21l,cerqtit6)|PROD(pinj_21r,cerqtit6)|PROD(pinj_30l,cerqtit6)|PROD(pinj_30r,cerqtit6)|PROD(pinj_33l,cerqtit6)|PROD(pinj_33r,cerqtit6)",9,aggregate enters linearly: sum_b (a_b) = (sum_b a_b),LOCAL_DOCUMENTED,False,4,"PROD(pinj_15r,cerqtit6)|PROD(pinj_21l,cerqtit6)|PROD(pinj_21r,cerqtit6)|PROD(pinj_33l,cerqtit6)",VACUOUS,"at least one member is inadmissible, so no admissible support can contain the complete exact set; the constraint is well defined but has no binding instance"
DEP_C3_RATIO_cerqtit6,C3,"RATIO(pinj_b,cerqtit6)","RATIO(pinj,cerqtit6) = sum_b RATIO(pinj_b,cerqtit6)","RATIO(pinj,cerqtit6)","RATIO(pinj_15l,cerqtit6)|RATIO(pinj_15r,cerqtit6)|RATIO(pinj_21l,cerqtit6)|RATIO(pinj_21r,cerqtit6)|RATIO(pinj_30l,cerqtit6)|RATIO(pinj_30r,cerqtit6)|RATIO(pinj_33l,cerqtit6)|RATIO(pinj_33r,cerqtit6)",9,aggregate enters linearly: sum_b (a_b) = (sum_b a_b) (aggregate in NUMERATOR only),LOCAL_DOCUMENTED,False,9,"RATIO(pinj,cerqtit6)|RATIO(pinj_15l,cerqtit6)|RATIO(pinj_15r,cerqtit6)|RATIO(pinj_21l,cerqtit6)|RATIO(pinj_21r,cerqtit6)|RATIO(pinj_30l,cerqtit6)|RATIO(pinj_30r,cerqtit6)|RATIO(pinj_33l,cerqtit6)|RATIO(pinj_33r,cerqtit6)",VACUOUS,"at least one member is inadmissible, so no admissible support can contain the complete exact set; the constraint is well defined but has no binding instance"
DEP_C6_RATE_cerqtit6,C6,LEVEL_RATE(cerqtit6|pinj_b),LEVEL_RATE(cerqtit6|pinj) = sum_b LEVEL_RATE(cerqtit6|pinj_b),LEVEL_RATE(cerqtit6|pinj),LEVEL_RATE(cerqtit6|pinj_15l)|LEVEL_RATE(cerqtit6|pinj_15r)|LEVEL_RATE(cerqtit6|pinj_21l)|LEVEL_RATE(cerqtit6|pinj_21r)|LEVEL_RATE(cerqtit6|pinj_30l)|LEVEL_RATE(cerqtit6|pinj_30r)|LEVEL_RATE(cerqtit6|pinj_33l)|LEVEL_RATE(cerqtit6|pinj_33r),9,"d/dt is linear and FD2_PHYSICAL_TIME_V1 is a fixed linear stencil on the shared grid, so dot(pinj) = sum_b dot(pinj_b); x_z * dot(pinj) = sum_b x_z * dot(pinj_b)",LOCAL_DOCUMENTED,False,4,LEVEL_RATE(cerqtit6|pinj_15r)|LEVEL_RATE(cerqtit6|pinj_21l)|LEVEL_RATE(cerqtit6|pinj_21r)|LEVEL_RATE(cerqtit6|pinj_33l),VACUOUS,"at least one member is inadmissible, so no admissible support can contain the complete exact set; the constraint is well defined but has no binding instance"
DEP_C7_RATE_OVER_LEVEL_cerqtit6,C7,RATE_OVER_LEVEL(pinj_b|cerqtit6),RATE_OVER_LEVEL(pinj|cerqtit6) = sum_b RATE_OVER_LEVEL(pinj_b|cerqtit6),RATE_OVER_LEVEL(pinj|cerqtit6),RATE_OVER_LEVEL(pinj_15l|cerqtit6)|RATE_OVER_LEVEL(pinj_15r|cerqtit6)|RATE_OVER_LEVEL(pinj_21l|cerqtit6)|RATE_OVER_LEVEL(pinj_21r|cerqtit6)|RATE_OVER_LEVEL(pinj_30l|cerqtit6)|RATE_OVER_LEVEL(pinj_30r|cerqtit6)|RATE_OVER_LEVEL(pinj_33l|cerqtit6)|RATE_OVER_LEVEL(pinj_33r|cerqtit6),9,"d/dt is linear and FD2_PHYSICAL_TIME_V1 is a fixed linear stencil on the shared grid, so dot(pinj) = sum_b dot(pinj_b); aggregate rate in NUMERATOR only",LOCAL_DOCUMENTED,False,9,RATE_OVER_LEVEL(pinj|cerqtit6)|RATE_OVER_LEVEL(pinj_15l|cerqtit6)|RATE_OVER_LEVEL(pinj_15r|cerqtit6)|RATE_OVER_LEVEL(pinj_21l|cerqtit6)|RATE_OVER_LEVEL(pinj_21r|cerqtit6)|RATE_OVER_LEVEL(pinj_30l|cerqtit6)|RATE_OVER_LEVEL(pinj_30r|cerqtit6)|RATE_OVER_LEVEL(pinj_33l|cerqtit6)|RATE_OVER_LEVEL(pinj_33r|cerqtit6),VACUOUS,"at least one member is inadmissible, so no admissible support can contain the complete exact set; the constraint is well defined but has no binding instance"
DEP_C2_PROD_cerqtit8,C2,"PROD(pinj_b,cerqtit8)","PROD(pinj,cerqtit8) = sum_b PROD(pinj_b,cerqtit8)","PROD(pinj,cerqtit8)","PROD(pinj_15l,cerqtit8)|PROD(pinj_15r,cerqtit8)|PROD(pinj_21l,cerqtit8)|PROD(pinj_21r,cerqtit8)|PROD(pinj_30l,cerqtit8)|PROD(pinj_30r,cerqtit8)|PROD(pinj_33l,cerqtit8)|PROD(pinj_33r,cerqtit8)",9,aggregate enters linearly: sum_b (a_b) = (sum_b a_b),LOCAL_DOCUMENTED,False,4,"PROD(pinj_15r,cerqtit8)|PROD(pinj_21l,cerqtit8)|PROD(pinj_21r,cerqtit8)|PROD(pinj_33l,cerqtit8)",VACUOUS,"at least one member is inadmissible, so no admissible support can contain the complete exact set; the constraint is well defined but has no binding instance"
DEP_C3_RATIO_cerqtit8,C3,"RATIO(pinj_b,cerqtit8)","RATIO(pinj,cerqtit8) = sum_b RATIO(pinj_b,cerqtit8)","RATIO(pinj,cerqtit8)","RATIO(pinj_15l,cerqtit8)|RATIO(pinj_15r,cerqtit8)|RATIO(pinj_21l,cerqtit8)|RATIO(pinj_21r,cerqtit8)|RATIO(pinj_30l,cerqtit8)|RATIO(pinj_30r,cerqtit8)|RATIO(pinj_33l,cerqtit8)|RATIO(pinj_33r,cerqtit8)",9,aggregate enters linearly: sum_b (a_b) = (sum_b a_b) (aggregate in NUMERATOR only),LOCAL_DOCUMENTED,False,9,"RATIO(pinj,cerqtit8)|RATIO(pinj_15l,cerqtit8)|RATIO(pinj_15r,cerqtit8)|RATIO(pinj_21l,cerqtit8)|RATIO(pinj_21r,cerqtit8)|RATIO(pinj_30l,cerqtit8)|RATIO(pinj_30r,cerqtit8)|RATIO(pinj_33l,cerqtit8)|RATIO(pinj_33r,cerqtit8)",VACUOUS,"at least one member is inadmissible, so no admissible support can contain the complete exact set; the constraint is well defined but has no binding instance"
DEP_C6_RATE_cerqtit8,C6,LEVEL_RATE(cerqtit8|pinj_b),LEVEL_RATE(cerqtit8|pinj) = sum_b LEVEL_RATE(cerqtit8|pinj_b),LEVEL_RATE(cerqtit8|pinj),LEVEL_RATE(cerqtit8|pinj_15l)|LEVEL_RATE(cerqtit8|pinj_15r)|LEVEL_RATE(cerqtit8|pinj_21l)|LEVEL_RATE(cerqtit8|pinj_21r)|LEVEL_RATE(cerqtit8|pinj_30l)|LEVEL_RATE(cerqtit8|pinj_30r)|LEVEL_RATE(cerqtit8|pinj_33l)|LEVEL_RATE(cerqtit8|pinj_33r),9,"d/dt is linear and FD2_PHYSICAL_TIME_V1 is a fixed linear stencil on the shared grid, so dot(pinj) = sum_b dot(pinj_b); x_z * dot(pinj) = sum_b x_z * dot(pinj_b)",LOCAL_DOCUMENTED,False,4,LEVEL_RATE(cerqtit8|pinj_15r)|LEVEL_RATE(cerqtit8|pinj_21l)|LEVEL_RATE(cerqtit8|pinj_21r)|LEVEL_RATE(cerqtit8|pinj_33l),VACUOUS,"at least one member is inadmissible, so no admissible support can contain the complete exact set; the constraint is well defined but has no binding instance"
DEP_C7_RATE_OVER_LEVEL_cerqtit8,C7,RATE_OVER_LEVEL(pinj_b|cerqtit8),RATE_OVER_LEVEL(pinj|cerqtit8) = sum_b RATE_OVER_LEVEL(pinj_b|cerqtit8),RATE_OVER_LEVEL(pinj|cerqtit8),RATE_OVER_LEVEL(pinj_15l|cerqtit8)|RATE_OVER_LEVEL(pinj_15r|cerqtit8)|RATE_OVER_LEVEL(pinj_21l|cerqtit8)|RATE_OVER_LEVEL(pinj_21r|cerqtit8)|RATE_OVER_LEVEL(pinj_30l|cerqtit8)|RATE_OVER_LEVEL(pinj_30r|cerqtit8)|RATE_OVER_LEVEL(pinj_33l|cerqtit8)|RATE_OVER_LEVEL(pinj_33r|cerqtit8),9,"d/dt is linear and FD2_PHYSICAL_TIME_V1 is a fixed linear stencil on the shared grid, so dot(pinj) = sum_b dot(pinj_b); aggregate rate in NUMERATOR only",LOCAL_DOCUMENTED,False,9,RATE_OVER_LEVEL(pinj|cerqtit8)|RATE_OVER_LEVEL(pinj_15l|cerqtit8)|RATE_OVER_LEVEL(pinj_15r|cerqtit8)|RATE_OVER_LEVEL(pinj_21l|cerqtit8)|RATE_OVER_LEVEL(pinj_21r|cerqtit8)|RATE_OVER_LEVEL(pinj_30l|cerqtit8)|RATE_OVER_LEVEL(pinj_30r|cerqtit8)|RATE_OVER_LEVEL(pinj_33l|cerqtit8)|RATE_OVER_LEVEL(pinj_33r|cerqtit8),VACUOUS,"at least one member is inadmissible, so no admissible support can contain the complete exact set; the constraint is well defined but has no binding instance"
DEP_C2_PROD_cerqtit10,C2,"PROD(pinj_b,cerqtit10)","PROD(pinj,cerqtit10) = sum_b PROD(pinj_b,cerqtit10)","PROD(pinj,cerqtit10)","PROD(pinj_15l,cerqtit10)|PROD(pinj_15r,cerqtit10)|PROD(pinj_21l,cerqtit10)|PROD(pinj_21r,cerqtit10)|PROD(pinj_30l,cerqtit10)|PROD(pinj_30r,cerqtit10)|PROD(pinj_33l,cerqtit10)|PROD(pinj_33r,cerqtit10)",9,aggregate enters linearly: sum_b (a_b) = (sum_b a_b),LOCAL_DOCUMENTED,False,4,"PROD(pinj_15r,cerqtit10)|PROD(pinj_21l,cerqtit10)|PROD(pinj_21r,cerqtit10)|PROD(pinj_33l,cerqtit10)",VACUOUS,"at least one member is inadmissible, so no admissible support can contain the complete exact set; the constraint is well defined but has no binding instance"
DEP_C3_RATIO_cerqtit10,C3,"RATIO(pinj_b,cerqtit10)","RATIO(pinj,cerqtit10) = sum_b RATIO(pinj_b,cerqtit10)","RATIO(pinj,cerqtit10)","RATIO(pinj_15l,cerqtit10)|RATIO(pinj_15r,cerqtit10)|RATIO(pinj_21l,cerqtit10)|RATIO(pinj_21r,cerqtit10)|RATIO(pinj_30l,cerqtit10)|RATIO(pinj_30r,cerqtit10)|RATIO(pinj_33l,cerqtit10)|RATIO(pinj_33r,cerqtit10)",9,aggregate enters linearly: sum_b (a_b) = (sum_b a_b) (aggregate in NUMERATOR only),LOCAL_DOCUMENTED,False,4,"RATIO(pinj_15r,cerqtit10)|RATIO(pinj_21l,cerqtit10)|RATIO(pinj_21r,cerqtit10)|RATIO(pinj_33l,cerqtit10)",VACUOUS,"at least one member is inadmissible, so no admissible support can contain the complete exact set; the constraint is well defined but has no binding instance"
DEP_C6_RATE_cerqtit10,C6,LEVEL_RATE(cerqtit10|pinj_b),LEVEL_RATE(cerqtit10|pinj) = sum_b LEVEL_RATE(cerqtit10|pinj_b),LEVEL_RATE(cerqtit10|pinj),LEVEL_RATE(cerqtit10|pinj_15l)|LEVEL_RATE(cerqtit10|pinj_15r)|LEVEL_RATE(cerqtit10|pinj_21l)|LEVEL_RATE(cerqtit10|pinj_21r)|LEVEL_RATE(cerqtit10|pinj_30l)|LEVEL_RATE(cerqtit10|pinj_30r)|LEVEL_RATE(cerqtit10|pinj_33l)|LEVEL_RATE(cerqtit10|pinj_33r),9,"d/dt is linear and FD2_PHYSICAL_TIME_V1 is a fixed linear stencil on the shared grid, so dot(pinj) = sum_b dot(pinj_b); x_z * dot(pinj) = sum_b x_z * dot(pinj_b)",LOCAL_DOCUMENTED,False,4,LEVEL_RATE(cerqtit10|pinj_15r)|LEVEL_RATE(cerqtit10|pinj_21l)|LEVEL_RATE(cerqtit10|pinj_21r)|LEVEL_RATE(cerqtit10|pinj_33l),VACUOUS,"at least one member is inadmissible, so no admissible support can contain the complete exact set; the constraint is well defined but has no binding instance"
DEP_C7_RATE_OVER_LEVEL_cerqtit10,C7,RATE_OVER_LEVEL(pinj_b|cerqtit10),RATE_OVER_LEVEL(pinj|cerqtit10) = sum_b RATE_OVER_LEVEL(pinj_b|cerqtit10),RATE_OVER_LEVEL(pinj|cerqtit10),RATE_OVER_LEVEL(pinj_15l|cerqtit10)|RATE_OVER_LEVEL(pinj_15r|cerqtit10)|RATE_OVER_LEVEL(pinj_21l|cerqtit10)|RATE_OVER_LEVEL(pinj_21r|cerqtit10)|RATE_OVER_LEVEL(pinj_30l|cerqtit10)|RATE_OVER_LEVEL(pinj_30r|cerqtit10)|RATE_OVER_LEVEL(pinj_33l|cerqtit10)|RATE_OVER_LEVEL(pinj_33r|cerqtit10),9,"d/dt is linear and FD2_PHYSICAL_TIME_V1 is a fixed linear stencil on the shared grid, so dot(pinj) = sum_b dot(pinj_b); aggregate rate in NUMERATOR only",LOCAL_DOCUMENTED,False,4,RATE_OVER_LEVEL(pinj_15r|cerqtit10)|RATE_OVER_LEVEL(pinj_21l|cerqtit10)|RATE_OVER_LEVEL(pinj_21r|cerqtit10)|RATE_OVER_LEVEL(pinj_33l|cerqtit10),VACUOUS,"at least one member is inadmissible, so no admissible support can contain the complete exact set; the constraint is well defined but has no binding instance"
DEP_C2_PROD_cerqtit11,C2,"PROD(pinj_b,cerqtit11)","PROD(pinj,cerqtit11) = sum_b PROD(pinj_b,cerqtit11)","PROD(pinj,cerqtit11)","PROD(pinj_15l,cerqtit11)|PROD(pinj_15r,cerqtit11)|PROD(pinj_21l,cerqtit11)|PROD(pinj_21r,cerqtit11)|PROD(pinj_30l,cerqtit11)|PROD(pinj_30r,cerqtit11)|PROD(pinj_33l,cerqtit11)|PROD(pinj_33r,cerqtit11)",9,aggregate enters linearly: sum_b (a_b) = (sum_b a_b),LOCAL_DOCUMENTED,False,4,"PROD(pinj_15r,cerqtit11)|PROD(pinj_21l,cerqtit11)|PROD(pinj_21r,cerqtit11)|PROD(pinj_33l,cerqtit11)",VACUOUS,"at least one member is inadmissible, so no admissible support can contain the complete exact set; the constraint is well defined but has no binding instance"
DEP_C3_RATIO_cerqtit11,C3,"RATIO(pinj_b,cerqtit11)","RATIO(pinj,cerqtit11) = sum_b RATIO(pinj_b,cerqtit11)","RATIO(pinj,cerqtit11)","RATIO(pinj_15l,cerqtit11)|RATIO(pinj_15r,cerqtit11)|RATIO(pinj_21l,cerqtit11)|RATIO(pinj_21r,cerqtit11)|RATIO(pinj_30l,cerqtit11)|RATIO(pinj_30r,cerqtit11)|RATIO(pinj_33l,cerqtit11)|RATIO(pinj_33r,cerqtit11)",9,aggregate enters linearly: sum_b (a_b) = (sum_b a_b) (aggregate in NUMERATOR only),LOCAL_DOCUMENTED,False,4,"RATIO(pinj_15r,cerqtit11)|RATIO(pinj_21l,cerqtit11)|RATIO(pinj_21r,cerqtit11)|RATIO(pinj_33l,cerqtit11)",VACUOUS,"at least one member is inadmissible, so no admissible support can contain the complete exact set; the constraint is well defined but has no binding instance"
DEP_C6_RATE_cerqtit11,C6,LEVEL_RATE(cerqtit11|pinj_b),LEVEL_RATE(cerqtit11|pinj) = sum_b LEVEL_RATE(cerqtit11|pinj_b),LEVEL_RATE(cerqtit11|pinj),LEVEL_RATE(cerqtit11|pinj_15l)|LEVEL_RATE(cerqtit11|pinj_15r)|LEVEL_RATE(cerqtit11|pinj_21l)|LEVEL_RATE(cerqtit11|pinj_21r)|LEVEL_RATE(cerqtit11|pinj_30l)|LEVEL_RATE(cerqtit11|pinj_30r)|LEVEL_RATE(cerqtit11|pinj_33l)|LEVEL_RATE(cerqtit11|pinj_33r),9,"d/dt is linear and FD2_PHYSICAL_TIME_V1 is a fixed linear stencil on the shared grid, so dot(pinj) = sum_b dot(pinj_b); x_z * dot(pinj) = sum_b x_z * dot(pinj_b)",LOCAL_DOCUMENTED,False,4,LEVEL_RATE(cerqtit11|pinj_15r)|LEVEL_RATE(cerqtit11|pinj_21l)|LEVEL_RATE(cerqtit11|pinj_21r)|LEVEL_RATE(cerqtit11|pinj_33l),VACUOUS,"at least one member is inadmissible, so no admissible support can contain the complete exact set; the constraint is well defined but has no binding instance"
DEP_C7_RATE_OVER_LEVEL_cerqtit11,C7,RATE_OVER_LEVEL(pinj_b|cerqtit11),RATE_OVER_LEVEL(pinj|cerqtit11) = sum_b RATE_OVER_LEVEL(pinj_b|cerqtit11),RATE_OVER_LEVEL(pinj|cerqtit11),RATE_OVER_LEVEL(pinj_15l|cerqtit11)|RATE_OVER_LEVEL(pinj_15r|cerqtit11)|RATE_OVER_LEVEL(pinj_21l|cerqtit11)|RATE_OVER_LEVEL(pinj_21r|cerqtit11)|RATE_OVER_LEVEL(pinj_30l|cerqtit11)|RATE_OVER_LEVEL(pinj_30r|cerqtit11)|RATE_OVER_LEVEL(pinj_33l|cerqtit11)|RATE_OVER_LEVEL(pinj_33r|cerqtit11),9,"d/dt is linear and FD2_PHYSICAL_TIME_V1 is a fixed linear stencil on the shared grid, so dot(pinj) = sum_b dot(pinj_b); aggregate rate in NUMERATOR only",LOCAL_DOCUMENTED,False,4,RATE_OVER_LEVEL(pinj_15r|cerqtit11)|RATE_OVER_LEVEL(pinj_21l|cerqtit11)|RATE_OVER_LEVEL(pinj_21r|cerqtit11)|RATE_OVER_LEVEL(pinj_33l|cerqtit11),VACUOUS,"at least one member is inadmissible, so no admissible support can contain the complete exact set; the constraint is well defined but has no binding instance"
DEP_C2_PROD_cerqtit12,C2,"PROD(pinj_b,cerqtit12)","PROD(pinj,cerqtit12) = sum_b PROD(pinj_b,cerqtit12)","PROD(pinj,cerqtit12)","PROD(pinj_15l,cerqtit12)|PROD(pinj_15r,cerqtit12)|PROD(pinj_21l,cerqtit12)|PROD(pinj_21r,cerqtit12)|PROD(pinj_30l,cerqtit12)|PROD(pinj_30r,cerqtit12)|PROD(pinj_33l,cerqtit12)|PROD(pinj_33r,cerqtit12)",9,aggregate enters linearly: sum_b (a_b) = (sum_b a_b),LOCAL_DOCUMENTED,False,4,"PROD(pinj_15r,cerqtit12)|PROD(pinj_21l,cerqtit12)|PROD(pinj_21r,cerqtit12)|PROD(pinj_33l,cerqtit12)",VACUOUS,"at least one member is inadmissible, so no admissible support can contain the complete exact set; the constraint is well defined but has no binding instance"
DEP_C3_RATIO_cerqtit12,C3,"RATIO(pinj_b,cerqtit12)","RATIO(pinj,cerqtit12) = sum_b RATIO(pinj_b,cerqtit12)","RATIO(pinj,cerqtit12)","RATIO(pinj_15l,cerqtit12)|RATIO(pinj_15r,cerqtit12)|RATIO(pinj_21l,cerqtit12)|RATIO(pinj_21r,cerqtit12)|RATIO(pinj_30l,cerqtit12)|RATIO(pinj_30r,cerqtit12)|RATIO(pinj_33l,cerqtit12)|RATIO(pinj_33r,cerqtit12)",9,aggregate enters linearly: sum_b (a_b) = (sum_b a_b) (aggregate in NUMERATOR only),LOCAL_DOCUMENTED,False,9,"RATIO(pinj,cerqtit12)|RATIO(pinj_15l,cerqtit12)|RATIO(pinj_15r,cerqtit12)|RATIO(pinj_21l,cerqtit12)|RATIO(pinj_21r,cerqtit12)|RATIO(pinj_30l,cerqtit12)|RATIO(pinj_30r,cerqtit12)|RATIO(pinj_33l,cerqtit12)|RATIO(pinj_33r,cerqtit12)",VACUOUS,"at least one member is inadmissible, so no admissible support can contain the complete exact set; the constraint is well defined but has no binding instance"
DEP_C6_RATE_cerqtit12,C6,LEVEL_RATE(cerqtit12|pinj_b),LEVEL_RATE(cerqtit12|pinj) = sum_b LEVEL_RATE(cerqtit12|pinj_b),LEVEL_RATE(cerqtit12|pinj),LEVEL_RATE(cerqtit12|pinj_15l)|LEVEL_RATE(cerqtit12|pinj_15r)|LEVEL_RATE(cerqtit12|pinj_21l)|LEVEL_RATE(cerqtit12|pinj_21r)|LEVEL_RATE(cerqtit12|pinj_30l)|LEVEL_RATE(cerqtit12|pinj_30r)|LEVEL_RATE(cerqtit12|pinj_33l)|LEVEL_RATE(cerqtit12|pinj_33r),9,"d/dt is linear and FD2_PHYSICAL_TIME_V1 is a fixed linear stencil on the shared grid, so dot(pinj) = sum_b dot(pinj_b); x_z * dot(pinj) = sum_b x_z * dot(pinj_b)",LOCAL_DOCUMENTED,False,4,LEVEL_RATE(cerqtit12|pinj_15r)|LEVEL_RATE(cerqtit12|pinj_21l)|LEVEL_RATE(cerqtit12|pinj_21r)|LEVEL_RATE(cerqtit12|pinj_33l),VACUOUS,"at least one member is inadmissible, so no admissible support can contain the complete exact set; the constraint is well defined but has no binding instance"
DEP_C7_RATE_OVER_LEVEL_cerqtit12,C7,RATE_OVER_LEVEL(pinj_b|cerqtit12),RATE_OVER_LEVEL(pinj|cerqtit12) = sum_b RATE_OVER_LEVEL(pinj_b|cerqtit12),RATE_OVER_LEVEL(pinj|cerqtit12),RATE_OVER_LEVEL(pinj_15l|cerqtit12)|RATE_OVER_LEVEL(pinj_15r|cerqtit12)|RATE_OVER_LEVEL(pinj_21l|cerqtit12)|RATE_OVER_LEVEL(pinj_21r|cerqtit12)|RATE_OVER_LEVEL(pinj_30l|cerqtit12)|RATE_OVER_LEVEL(pinj_30r|cerqtit12)|RATE_OVER_LEVEL(pinj_33l|cerqtit12)|RATE_OVER_LEVEL(pinj_33r|cerqtit12),9,"d/dt is linear and FD2_PHYSICAL_TIME_V1 is a fixed linear stencil on the shared grid, so dot(pinj) = sum_b dot(pinj_b); aggregate rate in NUMERATOR only",LOCAL_DOCUMENTED,False,9,RATE_OVER_LEVEL(pinj|cerqtit12)|RATE_OVER_LEVEL(pinj_15l|cerqtit12)|RATE_OVER_LEVEL(pinj_15r|cerqtit12)|RATE_OVER_LEVEL(pinj_21l|cerqtit12)|RATE_OVER_LEVEL(pinj_21r|cerqtit12)|RATE_OVER_LEVEL(pinj_30l|cerqtit12)|RATE_OVER_LEVEL(pinj_30r|cerqtit12)|RATE_OVER_LEVEL(pinj_33l|cerqtit12)|RATE_OVER_LEVEL(pinj_33r|cerqtit12),VACUOUS,"at least one member is inadmissible, so no admissible support can contain the complete exact set; the constraint is well defined but has no binding instance"
DEP_C2_PROD_cerqtit13,C2,"PROD(pinj_b,cerqtit13)","PROD(pinj,cerqtit13) = sum_b PROD(pinj_b,cerqtit13)","PROD(pinj,cerqtit13)","PROD(pinj_15l,cerqtit13)|PROD(pinj_15r,cerqtit13)|PROD(pinj_21l,cerqtit13)|PROD(pinj_21r,cerqtit13)|PROD(pinj_30l,cerqtit13)|PROD(pinj_30r,cerqtit13)|PROD(pinj_33l,cerqtit13)|PROD(pinj_33r,cerqtit13)",9,aggregate enters linearly: sum_b (a_b) = (sum_b a_b),LOCAL_DOCUMENTED,False,4,"PROD(pinj_15r,cerqtit13)|PROD(pinj_21l,cerqtit13)|PROD(pinj_21r,cerqtit13)|PROD(pinj_33l,cerqtit13)",VACUOUS,"at least one member is inadmissible, so no admissible support can contain the complete exact set; the constraint is well defined but has no binding instance"
DEP_C3_RATIO_cerqtit13,C3,"RATIO(pinj_b,cerqtit13)","RATIO(pinj,cerqtit13) = sum_b RATIO(pinj_b,cerqtit13)","RATIO(pinj,cerqtit13)","RATIO(pinj_15l,cerqtit13)|RATIO(pinj_15r,cerqtit13)|RATIO(pinj_21l,cerqtit13)|RATIO(pinj_21r,cerqtit13)|RATIO(pinj_30l,cerqtit13)|RATIO(pinj_30r,cerqtit13)|RATIO(pinj_33l,cerqtit13)|RATIO(pinj_33r,cerqtit13)",9,aggregate enters linearly: sum_b (a_b) = (sum_b a_b) (aggregate in NUMERATOR only),LOCAL_DOCUMENTED,False,9,"RATIO(pinj,cerqtit13)|RATIO(pinj_15l,cerqtit13)|RATIO(pinj_15r,cerqtit13)|RATIO(pinj_21l,cerqtit13)|RATIO(pinj_21r,cerqtit13)|RATIO(pinj_30l,cerqtit13)|RATIO(pinj_30r,cerqtit13)|RATIO(pinj_33l,cerqtit13)|RATIO(pinj_33r,cerqtit13)",VACUOUS,"at least one member is inadmissible, so no admissible support can contain the complete exact set; the constraint is well defined but has no binding instance"
DEP_C6_RATE_cerqtit13,C6,LEVEL_RATE(cerqtit13|pinj_b),LEVEL_RATE(cerqtit13|pinj) = sum_b LEVEL_RATE(cerqtit13|pinj_b),LEVEL_RATE(cerqtit13|pinj),LEVEL_RATE(cerqtit13|pinj_15l)|LEVEL_RATE(cerqtit13|pinj_15r)|LEVEL_RATE(cerqtit13|pinj_21l)|LEVEL_RATE(cerqtit13|pinj_21r)|LEVEL_RATE(cerqtit13|pinj_30l)|LEVEL_RATE(cerqtit13|pinj_30r)|LEVEL_RATE(cerqtit13|pinj_33l)|LEVEL_RATE(cerqtit13|pinj_33r),9,"d/dt is linear and FD2_PHYSICAL_TIME_V1 is a fixed linear stencil on the shared grid, so dot(pinj) = sum_b dot(pinj_b); x_z * dot(pinj) = sum_b x_z * dot(pinj_b)",LOCAL_DOCUMENTED,False,4,LEVEL_RATE(cerqtit13|pinj_15r)|LEVEL_RATE(cerqtit13|pinj_21l)|LEVEL_RATE(cerqtit13|pinj_21r)|LEVEL_RATE(cerqtit13|pinj_33l),VACUOUS,"at least one member is inadmissible, so no admissible support can contain the complete exact set; the constraint is well defined but has no binding instance"
DEP_C7_RATE_OVER_LEVEL_cerqtit13,C7,RATE_OVER_LEVEL(pinj_b|cerqtit13),RATE_OVER_LEVEL(pinj|cerqtit13) = sum_b RATE_OVER_LEVEL(pinj_b|cerqtit13),RATE_OVER_LEVEL(pinj|cerqtit13),RATE_OVER_LEVEL(pinj_15l|cerqtit13)|RATE_OVER_LEVEL(pinj_15r|cerqtit13)|RATE_OVER_LEVEL(pinj_21l|cerqtit13)|RATE_OVER_LEVEL(pinj_21r|cerqtit13)|RATE_OVER_LEVEL(pinj_30l|cerqtit13)|RATE_OVER_LEVEL(pinj_30r|cerqtit13)|RATE_OVER_LEVEL(pinj_33l|cerqtit13)|RATE_OVER_LEVEL(pinj_33r|cerqtit13),9,"d/dt is linear and FD2_PHYSICAL_TIME_V1 is a fixed linear stencil on the shared grid, so dot(pinj) = sum_b dot(pinj_b); aggregate rate in NUMERATOR only",LOCAL_DOCUMENTED,False,9,RATE_OVER_LEVEL(pinj|cerqtit13)|RATE_OVER_LEVEL(pinj_15l|cerqtit13)|RATE_OVER_LEVEL(pinj_15r|cerqtit13)|RATE_OVER_LEVEL(pinj_21l|cerqtit13)|RATE_OVER_LEVEL(pinj_21r|cerqtit13)|RATE_OVER_LEVEL(pinj_30l|cerqtit13)|RATE_OVER_LEVEL(pinj_30r|cerqtit13)|RATE_OVER_LEVEL(pinj_33l|cerqtit13)|RATE_OVER_LEVEL(pinj_33r|cerqtit13),VACUOUS,"at least one member is inadmissible, so no admissible support can contain the complete exact set; the constraint is well defined but has no binding instance"
DEP_C4_PHASE_bt,C4,PHASE(pinj_b|bt),PHASE(pinj|bt) = sum_b PHASE(pinj_b|bt),PHASE(pinj|bt),PHASE(pinj_15l|bt)|PHASE(pinj_15r|bt)|PHASE(pinj_21l|bt)|PHASE(pinj_21r|bt)|PHASE(pinj_30l|bt)|PHASE(pinj_30r|bt)|PHASE(pinj_33l|bt)|PHASE(pinj_33r|bt),9,"d/dt is linear and FD2_PHYSICAL_TIME_V1 is a fixed linear stencil on the shared grid, so dot(pinj) = sum_b dot(pinj_b); aggregate rate in NUMERATOR only",LOCAL_DOCUMENTED,False,9,PHASE(pinj|bt)|PHASE(pinj_15l|bt)|PHASE(pinj_15r|bt)|PHASE(pinj_21l|bt)|PHASE(pinj_21r|bt)|PHASE(pinj_30l|bt)|PHASE(pinj_30r|bt)|PHASE(pinj_33l|bt)|PHASE(pinj_33r|bt),VACUOUS,"at least one member is inadmissible, so no admissible support can contain the complete exact set; the constraint is well defined but has no binding instance"
DEP_C6_LEVEL_bt,C6,LEVEL_RATE(pinj_b|bt),LEVEL_RATE(pinj|bt) = sum_b LEVEL_RATE(pinj_b|bt),LEVEL_RATE(pinj|bt),LEVEL_RATE(pinj_15l|bt)|LEVEL_RATE(pinj_15r|bt)|LEVEL_RATE(pinj_21l|bt)|LEVEL_RATE(pinj_21r|bt)|LEVEL_RATE(pinj_30l|bt)|LEVEL_RATE(pinj_30r|bt)|LEVEL_RATE(pinj_33l|bt)|LEVEL_RATE(pinj_33r|bt),9,aggregate enters linearly: sum_b (a_b) = (sum_b a_b); pinj * dot(x_z) = sum_b pinj_b * dot(x_z),LOCAL_DOCUMENTED,False,4,LEVEL_RATE(pinj_15r|bt)|LEVEL_RATE(pinj_21l|bt)|LEVEL_RATE(pinj_21r|bt)|LEVEL_RATE(pinj_33l|bt),VACUOUS,"at least one member is inadmissible, so no admissible support can contain the complete exact set; the constraint is well defined but has no binding instance"
DEP_C8_LEVEL_OVER_RATE_bt,C8,LEVEL_OVER_RATE(pinj_b|bt),LEVEL_OVER_RATE(pinj|bt) = sum_b LEVEL_OVER_RATE(pinj_b|bt),LEVEL_OVER_RATE(pinj|bt),LEVEL_OVER_RATE(pinj_15l|bt)|LEVEL_OVER_RATE(pinj_15r|bt)|LEVEL_OVER_RATE(pinj_21l|bt)|LEVEL_OVER_RATE(pinj_21r|bt)|LEVEL_OVER_RATE(pinj_30l|bt)|LEVEL_OVER_RATE(pinj_30r|bt)|LEVEL_OVER_RATE(pinj_33l|bt)|LEVEL_OVER_RATE(pinj_33r|bt),9,aggregate enters linearly: sum_b (a_b) = (sum_b a_b); aggregate level in NUMERATOR only,LOCAL_DOCUMENTED,False,9,LEVEL_OVER_RATE(pinj|bt)|LEVEL_OVER_RATE(pinj_15l|bt)|LEVEL_OVER_RATE(pinj_15r|bt)|LEVEL_OVER_RATE(pinj_21l|bt)|LEVEL_OVER_RATE(pinj_21r|bt)|LEVEL_OVER_RATE(pinj_30l|bt)|LEVEL_OVER_RATE(pinj_30r|bt)|LEVEL_OVER_RATE(pinj_33l|bt)|LEVEL_OVER_RATE(pinj_33r|bt),VACUOUS,"at least one member is inadmissible, so no admissible support can contain the complete exact set; the constraint is well defined but has no binding instance"
DEP_C4_PHASE_ip,C4,PHASE(pinj_b|ip),PHASE(pinj|ip) = sum_b PHASE(pinj_b|ip),PHASE(pinj|ip),PHASE(pinj_15l|ip)|PHASE(pinj_15r|ip)|PHASE(pinj_21l|ip)|PHASE(pinj_21r|ip)|PHASE(pinj_30l|ip)|PHASE(pinj_30r|ip)|PHASE(pinj_33l|ip)|PHASE(pinj_33r|ip),9,"d/dt is linear and FD2_PHYSICAL_TIME_V1 is a fixed linear stencil on the shared grid, so dot(pinj) = sum_b dot(pinj_b); aggregate rate in NUMERATOR only",LOCAL_DOCUMENTED,False,9,PHASE(pinj|ip)|PHASE(pinj_15l|ip)|PHASE(pinj_15r|ip)|PHASE(pinj_21l|ip)|PHASE(pinj_21r|ip)|PHASE(pinj_30l|ip)|PHASE(pinj_30r|ip)|PHASE(pinj_33l|ip)|PHASE(pinj_33r|ip),VACUOUS,"at least one member is inadmissible, so no admissible support can contain the complete exact set; the constraint is well defined but has no binding instance"
DEP_C6_LEVEL_ip,C6,LEVEL_RATE(pinj_b|ip),LEVEL_RATE(pinj|ip) = sum_b LEVEL_RATE(pinj_b|ip),LEVEL_RATE(pinj|ip),LEVEL_RATE(pinj_15l|ip)|LEVEL_RATE(pinj_15r|ip)|LEVEL_RATE(pinj_21l|ip)|LEVEL_RATE(pinj_21r|ip)|LEVEL_RATE(pinj_30l|ip)|LEVEL_RATE(pinj_30r|ip)|LEVEL_RATE(pinj_33l|ip)|LEVEL_RATE(pinj_33r|ip),9,aggregate enters linearly: sum_b (a_b) = (sum_b a_b); pinj * dot(x_z) = sum_b pinj_b * dot(x_z),LOCAL_DOCUMENTED,False,4,LEVEL_RATE(pinj_15r|ip)|LEVEL_RATE(pinj_21l|ip)|LEVEL_RATE(pinj_21r|ip)|LEVEL_RATE(pinj_33l|ip),VACUOUS,"at least one member is inadmissible, so no admissible support can contain the complete exact set; the constraint is well defined but has no binding instance"
DEP_C8_LEVEL_OVER_RATE_ip,C8,LEVEL_OVER_RATE(pinj_b|ip),LEVEL_OVER_RATE(pinj|ip) = sum_b LEVEL_OVER_RATE(pinj_b|ip),LEVEL_OVER_RATE(pinj|ip),LEVEL_OVER_RATE(pinj_15l|ip)|LEVEL_OVER_RATE(pinj_15r|ip)|LEVEL_OVER_RATE(pinj_21l|ip)|LEVEL_OVER_RATE(pinj_21r|ip)|LEVEL_OVER_RATE(pinj_30l|ip)|LEVEL_OVER_RATE(pinj_30r|ip)|LEVEL_OVER_RATE(pinj_33l|ip)|LEVEL_OVER_RATE(pinj_33r|ip),9,aggregate enters linearly: sum_b (a_b) = (sum_b a_b); aggregate level in NUMERATOR only,LOCAL_DOCUMENTED,False,9,LEVEL_OVER_RATE(pinj|ip)|LEVEL_OVER_RATE(pinj_15l|ip)|LEVEL_OVER_RATE(pinj_15r|ip)|LEVEL_OVER_RATE(pinj_21l|ip)|LEVEL_OVER_RATE(pinj_21r|ip)|LEVEL_OVER_RATE(pinj_30l|ip)|LEVEL_OVER_RATE(pinj_30r|ip)|LEVEL_OVER_RATE(pinj_33l|ip)|LEVEL_OVER_RATE(pinj_33r|ip),VACUOUS,"at least one member is inadmissible, so no admissible support can contain the complete exact set; the constraint is well defined but has no binding instance"
DEP_C4_PHASE_gasa,C4,PHASE(pinj_b|gasa),PHASE(pinj|gasa) = sum_b PHASE(pinj_b|gasa),PHASE(pinj|gasa),PHASE(pinj_15l|gasa)|PHASE(pinj_15r|gasa)|PHASE(pinj_21l|gasa)|PHASE(pinj_21r|gasa)|PHASE(pinj_30l|gasa)|PHASE(pinj_30r|gasa)|PHASE(pinj_33l|gasa)|PHASE(pinj_33r|gasa),9,"d/dt is linear and FD2_PHYSICAL_TIME_V1 is a fixed linear stencil on the shared grid, so dot(pinj) = sum_b dot(pinj_b); aggregate rate in NUMERATOR only",LOCAL_DOCUMENTED,False,9,PHASE(pinj|gasa)|PHASE(pinj_15l|gasa)|PHASE(pinj_15r|gasa)|PHASE(pinj_21l|gasa)|PHASE(pinj_21r|gasa)|PHASE(pinj_30l|gasa)|PHASE(pinj_30r|gasa)|PHASE(pinj_33l|gasa)|PHASE(pinj_33r|gasa),VACUOUS,"at least one member is inadmissible, so no admissible support can contain the complete exact set; the constraint is well defined but has no binding instance"
DEP_C6_LEVEL_gasa,C6,LEVEL_RATE(pinj_b|gasa),LEVEL_RATE(pinj|gasa) = sum_b LEVEL_RATE(pinj_b|gasa),LEVEL_RATE(pinj|gasa),LEVEL_RATE(pinj_15l|gasa)|LEVEL_RATE(pinj_15r|gasa)|LEVEL_RATE(pinj_21l|gasa)|LEVEL_RATE(pinj_21r|gasa)|LEVEL_RATE(pinj_30l|gasa)|LEVEL_RATE(pinj_30r|gasa)|LEVEL_RATE(pinj_33l|gasa)|LEVEL_RATE(pinj_33r|gasa),9,aggregate enters linearly: sum_b (a_b) = (sum_b a_b); pinj * dot(x_z) = sum_b pinj_b * dot(x_z),LOCAL_DOCUMENTED,False,4,LEVEL_RATE(pinj_15r|gasa)|LEVEL_RATE(pinj_21l|gasa)|LEVEL_RATE(pinj_21r|gasa)|LEVEL_RATE(pinj_33l|gasa),VACUOUS,"at least one member is inadmissible, so no admissible support can contain the complete exact set; the constraint is well defined but has no binding instance"
DEP_C8_LEVEL_OVER_RATE_gasa,C8,LEVEL_OVER_RATE(pinj_b|gasa),LEVEL_OVER_RATE(pinj|gasa) = sum_b LEVEL_OVER_RATE(pinj_b|gasa),LEVEL_OVER_RATE(pinj|gasa),LEVEL_OVER_RATE(pinj_15l|gasa)|LEVEL_OVER_RATE(pinj_15r|gasa)|LEVEL_OVER_RATE(pinj_21l|gasa)|LEVEL_OVER_RATE(pinj_21r|gasa)|LEVEL_OVER_RATE(pinj_30l|gasa)|LEVEL_OVER_RATE(pinj_30r|gasa)|LEVEL_OVER_RATE(pinj_33l|gasa)|LEVEL_OVER_RATE(pinj_33r|gasa),9,aggregate enters linearly: sum_b (a_b) = (sum_b a_b); aggregate level in NUMERATOR only,LOCAL_DOCUMENTED,False,9,LEVEL_OVER_RATE(pinj|gasa)|LEVEL_OVER_RATE(pinj_15l|gasa)|LEVEL_OVER_RATE(pinj_15r|gasa)|LEVEL_OVER_RATE(pinj_21l|gasa)|LEVEL_OVER_RATE(pinj_21r|gasa)|LEVEL_OVER_RATE(pinj_30l|gasa)|LEVEL_OVER_RATE(pinj_30r|gasa)|LEVEL_OVER_RATE(pinj_33l|gasa)|LEVEL_OVER_RATE(pinj_33r|gasa),VACUOUS,"at least one member is inadmissible, so no admissible support can contain the complete exact set; the constraint is well defined but has no binding instance"
DEP_C4_PHASE_gasb,C4,PHASE(pinj_b|gasb),PHASE(pinj|gasb) = sum_b PHASE(pinj_b|gasb),PHASE(pinj|gasb),PHASE(pinj_15l|gasb)|PHASE(pinj_15r|gasb)|PHASE(pinj_21l|gasb)|PHASE(pinj_21r|gasb)|PHASE(pinj_30l|gasb)|PHASE(pinj_30r|gasb)|PHASE(pinj_33l|gasb)|PHASE(pinj_33r|gasb),9,"d/dt is linear and FD2_PHYSICAL_TIME_V1 is a fixed linear stencil on the shared grid, so dot(pinj) = sum_b dot(pinj_b); aggregate rate in NUMERATOR only",LOCAL_DOCUMENTED,False,9,PHASE(pinj|gasb)|PHASE(pinj_15l|gasb)|PHASE(pinj_15r|gasb)|PHASE(pinj_21l|gasb)|PHASE(pinj_21r|gasb)|PHASE(pinj_30l|gasb)|PHASE(pinj_30r|gasb)|PHASE(pinj_33l|gasb)|PHASE(pinj_33r|gasb),VACUOUS,"at least one member is inadmissible, so no admissible support can contain the complete exact set; the constraint is well defined but has no binding instance"
DEP_C6_LEVEL_gasb,C6,LEVEL_RATE(pinj_b|gasb),LEVEL_RATE(pinj|gasb) = sum_b LEVEL_RATE(pinj_b|gasb),LEVEL_RATE(pinj|gasb),LEVEL_RATE(pinj_15l|gasb)|LEVEL_RATE(pinj_15r|gasb)|LEVEL_RATE(pinj_21l|gasb)|LEVEL_RATE(pinj_21r|gasb)|LEVEL_RATE(pinj_30l|gasb)|LEVEL_RATE(pinj_30r|gasb)|LEVEL_RATE(pinj_33l|gasb)|LEVEL_RATE(pinj_33r|gasb),9,aggregate enters linearly: sum_b (a_b) = (sum_b a_b); pinj * dot(x_z) = sum_b pinj_b * dot(x_z),LOCAL_DOCUMENTED,False,4,LEVEL_RATE(pinj_15r|gasb)|LEVEL_RATE(pinj_21l|gasb)|LEVEL_RATE(pinj_21r|gasb)|LEVEL_RATE(pinj_33l|gasb),VACUOUS,"at least one member is inadmissible, so no admissible support can contain the complete exact set; the constraint is well defined but has no binding instance"
DEP_C8_LEVEL_OVER_RATE_gasb,C8,LEVEL_OVER_RATE(pinj_b|gasb),LEVEL_OVER_RATE(pinj|gasb) = sum_b LEVEL_OVER_RATE(pinj_b|gasb),LEVEL_OVER_RATE(pinj|gasb),LEVEL_OVER_RATE(pinj_15l|gasb)|LEVEL_OVER_RATE(pinj_15r|gasb)|LEVEL_OVER_RATE(pinj_21l|gasb)|LEVEL_OVER_RATE(pinj_21r|gasb)|LEVEL_OVER_RATE(pinj_30l|gasb)|LEVEL_OVER_RATE(pinj_30r|gasb)|LEVEL_OVER_RATE(pinj_33l|gasb)|LEVEL_OVER_RATE(pinj_33r|gasb),9,aggregate enters linearly: sum_b (a_b) = (sum_b a_b); aggregate level in NUMERATOR only,LOCAL_DOCUMENTED,False,9,LEVEL_OVER_RATE(pinj|gasb)|LEVEL_OVER_RATE(pinj_15l|gasb)|LEVEL_OVER_RATE(pinj_15r|gasb)|LEVEL_OVER_RATE(pinj_21l|gasb)|LEVEL_OVER_RATE(pinj_21r|gasb)|LEVEL_OVER_RATE(pinj_30l|gasb)|LEVEL_OVER_RATE(pinj_30r|gasb)|LEVEL_OVER_RATE(pinj_33l|gasb)|LEVEL_OVER_RATE(pinj_33r|gasb),VACUOUS,"at least one member is inadmissible, so no admissible support can contain the complete exact set; the constraint is well defined but has no binding instance"
DEP_C4_PHASE_gasc,C4,PHASE(pinj_b|gasc),PHASE(pinj|gasc) = sum_b PHASE(pinj_b|gasc),PHASE(pinj|gasc),PHASE(pinj_15l|gasc)|PHASE(pinj_15r|gasc)|PHASE(pinj_21l|gasc)|PHASE(pinj_21r|gasc)|PHASE(pinj_30l|gasc)|PHASE(pinj_30r|gasc)|PHASE(pinj_33l|gasc)|PHASE(pinj_33r|gasc),9,"d/dt is linear and FD2_PHYSICAL_TIME_V1 is a fixed linear stencil on the shared grid, so dot(pinj) = sum_b dot(pinj_b); aggregate rate in NUMERATOR only",LOCAL_DOCUMENTED,False,9,PHASE(pinj|gasc)|PHASE(pinj_15l|gasc)|PHASE(pinj_15r|gasc)|PHASE(pinj_21l|gasc)|PHASE(pinj_21r|gasc)|PHASE(pinj_30l|gasc)|PHASE(pinj_30r|gasc)|PHASE(pinj_33l|gasc)|PHASE(pinj_33r|gasc),VACUOUS,"at least one member is inadmissible, so no admissible support can contain the complete exact set; the constraint is well defined but has no binding instance"
DEP_C6_LEVEL_gasc,C6,LEVEL_RATE(pinj_b|gasc),LEVEL_RATE(pinj|gasc) = sum_b LEVEL_RATE(pinj_b|gasc),LEVEL_RATE(pinj|gasc),LEVEL_RATE(pinj_15l|gasc)|LEVEL_RATE(pinj_15r|gasc)|LEVEL_RATE(pinj_21l|gasc)|LEVEL_RATE(pinj_21r|gasc)|LEVEL_RATE(pinj_30l|gasc)|LEVEL_RATE(pinj_30r|gasc)|LEVEL_RATE(pinj_33l|gasc)|LEVEL_RATE(pinj_33r|gasc),9,aggregate enters linearly: sum_b (a_b) = (sum_b a_b); pinj * dot(x_z) = sum_b pinj_b * dot(x_z),LOCAL_DOCUMENTED,False,4,LEVEL_RATE(pinj_15r|gasc)|LEVEL_RATE(pinj_21l|gasc)|LEVEL_RATE(pinj_21r|gasc)|LEVEL_RATE(pinj_33l|gasc),VACUOUS,"at least one member is inadmissible, so no admissible support can contain the complete exact set; the constraint is well defined but has no binding instance"
DEP_C8_LEVEL_OVER_RATE_gasc,C8,LEVEL_OVER_RATE(pinj_b|gasc),LEVEL_OVER_RATE(pinj|gasc) = sum_b LEVEL_OVER_RATE(pinj_b|gasc),LEVEL_OVER_RATE(pinj|gasc),LEVEL_OVER_RATE(pinj_15l|gasc)|LEVEL_OVER_RATE(pinj_15r|gasc)|LEVEL_OVER_RATE(pinj_21l|gasc)|LEVEL_OVER_RATE(pinj_21r|gasc)|LEVEL_OVER_RATE(pinj_30l|gasc)|LEVEL_OVER_RATE(pinj_30r|gasc)|LEVEL_OVER_RATE(pinj_33l|gasc)|LEVEL_OVER_RATE(pinj_33r|gasc),9,aggregate enters linearly: sum_b (a_b) = (sum_b a_b); aggregate level in NUMERATOR only,LOCAL_DOCUMENTED,False,9,LEVEL_OVER_RATE(pinj|gasc)|LEVEL_OVER_RATE(pinj_15l|gasc)|LEVEL_OVER_RATE(pinj_15r|gasc)|LEVEL_OVER_RATE(pinj_21l|gasc)|LEVEL_OVER_RATE(pinj_21r|gasc)|LEVEL_OVER_RATE(pinj_30l|gasc)|LEVEL_OVER_RATE(pinj_30r|gasc)|LEVEL_OVER_RATE(pinj_33l|gasc)|LEVEL_OVER_RATE(pinj_33r|gasc),VACUOUS,"at least one member is inadmissible, so no admissible support can contain the complete exact set; the constraint is well defined but has no binding instance"
DEP_C4_PHASE_gasd,C4,PHASE(pinj_b|gasd),PHASE(pinj|gasd) = sum_b PHASE(pinj_b|gasd),PHASE(pinj|gasd),PHASE(pinj_15l|gasd)|PHASE(pinj_15r|gasd)|PHASE(pinj_21l|gasd)|PHASE(pinj_21r|gasd)|PHASE(pinj_30l|gasd)|PHASE(pinj_30r|gasd)|PHASE(pinj_33l|gasd)|PHASE(pinj_33r|gasd),9,"d/dt is linear and FD2_PHYSICAL_TIME_V1 is a fixed linear stencil on the shared grid, so dot(pinj) = sum_b dot(pinj_b); aggregate rate in NUMERATOR only",LOCAL_DOCUMENTED,False,9,PHASE(pinj|gasd)|PHASE(pinj_15l|gasd)|PHASE(pinj_15r|gasd)|PHASE(pinj_21l|gasd)|PHASE(pinj_21r|gasd)|PHASE(pinj_30l|gasd)|PHASE(pinj_30r|gasd)|PHASE(pinj_33l|gasd)|PHASE(pinj_33r|gasd),VACUOUS,"at least one member is inadmissible, so no admissible support can contain the complete exact set; the constraint is well defined but has no binding instance"
DEP_C6_LEVEL_gasd,C6,LEVEL_RATE(pinj_b|gasd),LEVEL_RATE(pinj|gasd) = sum_b LEVEL_RATE(pinj_b|gasd),LEVEL_RATE(pinj|gasd),LEVEL_RATE(pinj_15l|gasd)|LEVEL_RATE(pinj_15r|gasd)|LEVEL_RATE(pinj_21l|gasd)|LEVEL_RATE(pinj_21r|gasd)|LEVEL_RATE(pinj_30l|gasd)|LEVEL_RATE(pinj_30r|gasd)|LEVEL_RATE(pinj_33l|gasd)|LEVEL_RATE(pinj_33r|gasd),9,aggregate enters linearly: sum_b (a_b) = (sum_b a_b); pinj * dot(x_z) = sum_b pinj_b * dot(x_z),LOCAL_DOCUMENTED,False,4,LEVEL_RATE(pinj_15r|gasd)|LEVEL_RATE(pinj_21l|gasd)|LEVEL_RATE(pinj_21r|gasd)|LEVEL_RATE(pinj_33l|gasd),VACUOUS,"at least one member is inadmissible, so no admissible support can contain the complete exact set; the constraint is well defined but has no binding instance"
DEP_C8_LEVEL_OVER_RATE_gasd,C8,LEVEL_OVER_RATE(pinj_b|gasd),LEVEL_OVER_RATE(pinj|gasd) = sum_b LEVEL_OVER_RATE(pinj_b|gasd),LEVEL_OVER_RATE(pinj|gasd),LEVEL_OVER_RATE(pinj_15l|gasd)|LEVEL_OVER_RATE(pinj_15r|gasd)|LEVEL_OVER_RATE(pinj_21l|gasd)|LEVEL_OVER_RATE(pinj_21r|gasd)|LEVEL_OVER_RATE(pinj_30l|gasd)|LEVEL_OVER_RATE(pinj_30r|gasd)|LEVEL_OVER_RATE(pinj_33l|gasd)|LEVEL_OVER_RATE(pinj_33r|gasd),9,aggregate enters linearly: sum_b (a_b) = (sum_b a_b); aggregate level in NUMERATOR only,LOCAL_DOCUMENTED,False,9,LEVEL_OVER_RATE(pinj|gasd)|LEVEL_OVER_RATE(pinj_15l|gasd)|LEVEL_OVER_RATE(pinj_15r|gasd)|LEVEL_OVER_RATE(pinj_21l|gasd)|LEVEL_OVER_RATE(pinj_21r|gasd)|LEVEL_OVER_RATE(pinj_30l|gasd)|LEVEL_OVER_RATE(pinj_30r|gasd)|LEVEL_OVER_RATE(pinj_33l|gasd)|LEVEL_OVER_RATE(pinj_33r|gasd),VACUOUS,"at least one member is inadmissible, so no admissible support can contain the complete exact set; the constraint is well defined but has no binding instance"
DEP_C4_PHASE_tinj,C4,PHASE(pinj_b|tinj),PHASE(pinj|tinj) = sum_b PHASE(pinj_b|tinj),PHASE(pinj|tinj),PHASE(pinj_15l|tinj)|PHASE(pinj_15r|tinj)|PHASE(pinj_21l|tinj)|PHASE(pinj_21r|tinj)|PHASE(pinj_30l|tinj)|PHASE(pinj_30r|tinj)|PHASE(pinj_33l|tinj)|PHASE(pinj_33r|tinj),9,"d/dt is linear and FD2_PHYSICAL_TIME_V1 is a fixed linear stencil on the shared grid, so dot(pinj) = sum_b dot(pinj_b); aggregate rate in NUMERATOR only",LOCAL_DOCUMENTED,False,9,PHASE(pinj|tinj)|PHASE(pinj_15l|tinj)|PHASE(pinj_15r|tinj)|PHASE(pinj_21l|tinj)|PHASE(pinj_21r|tinj)|PHASE(pinj_30l|tinj)|PHASE(pinj_30r|tinj)|PHASE(pinj_33l|tinj)|PHASE(pinj_33r|tinj),VACUOUS,"at least one member is inadmissible, so no admissible support can contain the complete exact set; the constraint is well defined but has no binding instance"
DEP_C6_LEVEL_tinj,C6,LEVEL_RATE(pinj_b|tinj),LEVEL_RATE(pinj|tinj) = sum_b LEVEL_RATE(pinj_b|tinj),LEVEL_RATE(pinj|tinj),LEVEL_RATE(pinj_15l|tinj)|LEVEL_RATE(pinj_15r|tinj)|LEVEL_RATE(pinj_21l|tinj)|LEVEL_RATE(pinj_21r|tinj)|LEVEL_RATE(pinj_30l|tinj)|LEVEL_RATE(pinj_30r|tinj)|LEVEL_RATE(pinj_33l|tinj)|LEVEL_RATE(pinj_33r|tinj),9,aggregate enters linearly: sum_b (a_b) = (sum_b a_b); pinj * dot(x_z) = sum_b pinj_b * dot(x_z),LOCAL_DOCUMENTED,False,4,LEVEL_RATE(pinj_15r|tinj)|LEVEL_RATE(pinj_21l|tinj)|LEVEL_RATE(pinj_21r|tinj)|LEVEL_RATE(pinj_33l|tinj),VACUOUS,"at least one member is inadmissible, so no admissible support can contain the complete exact set; the constraint is well defined but has no binding instance"
DEP_C8_LEVEL_OVER_RATE_tinj,C8,LEVEL_OVER_RATE(pinj_b|tinj),LEVEL_OVER_RATE(pinj|tinj) = sum_b LEVEL_OVER_RATE(pinj_b|tinj),LEVEL_OVER_RATE(pinj|tinj),LEVEL_OVER_RATE(pinj_15l|tinj)|LEVEL_OVER_RATE(pinj_15r|tinj)|LEVEL_OVER_RATE(pinj_21l|tinj)|LEVEL_OVER_RATE(pinj_21r|tinj)|LEVEL_OVER_RATE(pinj_30l|tinj)|LEVEL_OVER_RATE(pinj_30r|tinj)|LEVEL_OVER_RATE(pinj_33l|tinj)|LEVEL_OVER_RATE(pinj_33r|tinj),9,aggregate enters linearly: sum_b (a_b) = (sum_b a_b); aggregate level in NUMERATOR only,LOCAL_DOCUMENTED,False,9,LEVEL_OVER_RATE(pinj|tinj)|LEVEL_OVER_RATE(pinj_15l|tinj)|LEVEL_OVER_RATE(pinj_15r|tinj)|LEVEL_OVER_RATE(pinj_21l|tinj)|LEVEL_OVER_RATE(pinj_21r|tinj)|LEVEL_OVER_RATE(pinj_30l|tinj)|LEVEL_OVER_RATE(pinj_30r|tinj)|LEVEL_OVER_RATE(pinj_33l|tinj)|LEVEL_OVER_RATE(pinj_33r|tinj),VACUOUS,"at least one member is inadmissible, so no admissible support can contain the complete exact set; the constraint is well defined but has no binding instance"
DEP_C4_PHASE_ece1,C4,PHASE(pinj_b|ece1),PHASE(pinj|ece1) = sum_b PHASE(pinj_b|ece1),PHASE(pinj|ece1),PHASE(pinj_15l|ece1)|PHASE(pinj_15r|ece1)|PHASE(pinj_21l|ece1)|PHASE(pinj_21r|ece1)|PHASE(pinj_30l|ece1)|PHASE(pinj_30r|ece1)|PHASE(pinj_33l|ece1)|PHASE(pinj_33r|ece1),9,"d/dt is linear and FD2_PHYSICAL_TIME_V1 is a fixed linear stencil on the shared grid, so dot(pinj) = sum_b dot(pinj_b); aggregate rate in NUMERATOR only",LOCAL_DOCUMENTED,False,9,PHASE(pinj|ece1)|PHASE(pinj_15l|ece1)|PHASE(pinj_15r|ece1)|PHASE(pinj_21l|ece1)|PHASE(pinj_21r|ece1)|PHASE(pinj_30l|ece1)|PHASE(pinj_30r|ece1)|PHASE(pinj_33l|ece1)|PHASE(pinj_33r|ece1),VACUOUS,"at least one member is inadmissible, so no admissible support can contain the complete exact set; the constraint is well defined but has no binding instance"
DEP_C6_LEVEL_ece1,C6,LEVEL_RATE(pinj_b|ece1),LEVEL_RATE(pinj|ece1) = sum_b LEVEL_RATE(pinj_b|ece1),LEVEL_RATE(pinj|ece1),LEVEL_RATE(pinj_15l|ece1)|LEVEL_RATE(pinj_15r|ece1)|LEVEL_RATE(pinj_21l|ece1)|LEVEL_RATE(pinj_21r|ece1)|LEVEL_RATE(pinj_30l|ece1)|LEVEL_RATE(pinj_30r|ece1)|LEVEL_RATE(pinj_33l|ece1)|LEVEL_RATE(pinj_33r|ece1),9,aggregate enters linearly: sum_b (a_b) = (sum_b a_b); pinj * dot(x_z) = sum_b pinj_b * dot(x_z),LOCAL_DOCUMENTED,False,4,LEVEL_RATE(pinj_15r|ece1)|LEVEL_RATE(pinj_21l|ece1)|LEVEL_RATE(pinj_21r|ece1)|LEVEL_RATE(pinj_33l|ece1),VACUOUS,"at least one member is inadmissible, so no admissible support can contain the complete exact set; the constraint is well defined but has no binding instance"
DEP_C8_LEVEL_OVER_RATE_ece1,C8,LEVEL_OVER_RATE(pinj_b|ece1),LEVEL_OVER_RATE(pinj|ece1) = sum_b LEVEL_OVER_RATE(pinj_b|ece1),LEVEL_OVER_RATE(pinj|ece1),LEVEL_OVER_RATE(pinj_15l|ece1)|LEVEL_OVER_RATE(pinj_15r|ece1)|LEVEL_OVER_RATE(pinj_21l|ece1)|LEVEL_OVER_RATE(pinj_21r|ece1)|LEVEL_OVER_RATE(pinj_30l|ece1)|LEVEL_OVER_RATE(pinj_30r|ece1)|LEVEL_OVER_RATE(pinj_33l|ece1)|LEVEL_OVER_RATE(pinj_33r|ece1),9,aggregate enters linearly: sum_b (a_b) = (sum_b a_b); aggregate level in NUMERATOR only,LOCAL_DOCUMENTED,False,9,LEVEL_OVER_RATE(pinj|ece1)|LEVEL_OVER_RATE(pinj_15l|ece1)|LEVEL_OVER_RATE(pinj_15r|ece1)|LEVEL_OVER_RATE(pinj_21l|ece1)|LEVEL_OVER_RATE(pinj_21r|ece1)|LEVEL_OVER_RATE(pinj_30l|ece1)|LEVEL_OVER_RATE(pinj_30r|ece1)|LEVEL_OVER_RATE(pinj_33l|ece1)|LEVEL_OVER_RATE(pinj_33r|ece1),VACUOUS,"at least one member is inadmissible, so no admissible support can contain the complete exact set; the constraint is well defined but has no binding instance"
DEP_C4_PHASE_ece2,C4,PHASE(pinj_b|ece2),PHASE(pinj|ece2) = sum_b PHASE(pinj_b|ece2),PHASE(pinj|ece2),PHASE(pinj_15l|ece2)|PHASE(pinj_15r|ece2)|PHASE(pinj_21l|ece2)|PHASE(pinj_21r|ece2)|PHASE(pinj_30l|ece2)|PHASE(pinj_30r|ece2)|PHASE(pinj_33l|ece2)|PHASE(pinj_33r|ece2),9,"d/dt is linear and FD2_PHYSICAL_TIME_V1 is a fixed linear stencil on the shared grid, so dot(pinj) = sum_b dot(pinj_b); aggregate rate in NUMERATOR only",LOCAL_DOCUMENTED,False,9,PHASE(pinj|ece2)|PHASE(pinj_15l|ece2)|PHASE(pinj_15r|ece2)|PHASE(pinj_21l|ece2)|PHASE(pinj_21r|ece2)|PHASE(pinj_30l|ece2)|PHASE(pinj_30r|ece2)|PHASE(pinj_33l|ece2)|PHASE(pinj_33r|ece2),VACUOUS,"at least one member is inadmissible, so no admissible support can contain the complete exact set; the constraint is well defined but has no binding instance"
DEP_C6_LEVEL_ece2,C6,LEVEL_RATE(pinj_b|ece2),LEVEL_RATE(pinj|ece2) = sum_b LEVEL_RATE(pinj_b|ece2),LEVEL_RATE(pinj|ece2),LEVEL_RATE(pinj_15l|ece2)|LEVEL_RATE(pinj_15r|ece2)|LEVEL_RATE(pinj_21l|ece2)|LEVEL_RATE(pinj_21r|ece2)|LEVEL_RATE(pinj_30l|ece2)|LEVEL_RATE(pinj_30r|ece2)|LEVEL_RATE(pinj_33l|ece2)|LEVEL_RATE(pinj_33r|ece2),9,aggregate enters linearly: sum_b (a_b) = (sum_b a_b); pinj * dot(x_z) = sum_b pinj_b * dot(x_z),LOCAL_DOCUMENTED,False,4,LEVEL_RATE(pinj_15r|ece2)|LEVEL_RATE(pinj_21l|ece2)|LEVEL_RATE(pinj_21r|ece2)|LEVEL_RATE(pinj_33l|ece2),VACUOUS,"at least one member is inadmissible, so no admissible support can contain the complete exact set; the constraint is well defined but has no binding instance"
DEP_C8_LEVEL_OVER_RATE_ece2,C8,LEVEL_OVER_RATE(pinj_b|ece2),LEVEL_OVER_RATE(pinj|ece2) = sum_b LEVEL_OVER_RATE(pinj_b|ece2),LEVEL_OVER_RATE(pinj|ece2),LEVEL_OVER_RATE(pinj_15l|ece2)|LEVEL_OVER_RATE(pinj_15r|ece2)|LEVEL_OVER_RATE(pinj_21l|ece2)|LEVEL_OVER_RATE(pinj_21r|ece2)|LEVEL_OVER_RATE(pinj_30l|ece2)|LEVEL_OVER_RATE(pinj_30r|ece2)|LEVEL_OVER_RATE(pinj_33l|ece2)|LEVEL_OVER_RATE(pinj_33r|ece2),9,aggregate enters linearly: sum_b (a_b) = (sum_b a_b); aggregate level in NUMERATOR only,LOCAL_DOCUMENTED,False,9,LEVEL_OVER_RATE(pinj|ece2)|LEVEL_OVER_RATE(pinj_15l|ece2)|LEVEL_OVER_RATE(pinj_15r|ece2)|LEVEL_OVER_RATE(pinj_21l|ece2)|LEVEL_OVER_RATE(pinj_21r|ece2)|LEVEL_OVER_RATE(pinj_30l|ece2)|LEVEL_OVER_RATE(pinj_30r|ece2)|LEVEL_OVER_RATE(pinj_33l|ece2)|LEVEL_OVER_RATE(pinj_33r|ece2),VACUOUS,"at least one member is inadmissible, so no admissible support can contain the complete exact set; the constraint is well defined but has no binding instance"
DEP_C4_PHASE_ece3,C4,PHASE(pinj_b|ece3),PHASE(pinj|ece3) = sum_b PHASE(pinj_b|ece3),PHASE(pinj|ece3),PHASE(pinj_15l|ece3)|PHASE(pinj_15r|ece3)|PHASE(pinj_21l|ece3)|PHASE(pinj_21r|ece3)|PHASE(pinj_30l|ece3)|PHASE(pinj_30r|ece3)|PHASE(pinj_33l|ece3)|PHASE(pinj_33r|ece3),9,"d/dt is linear and FD2_PHYSICAL_TIME_V1 is a fixed linear stencil on the shared grid, so dot(pinj) = sum_b dot(pinj_b); aggregate rate in NUMERATOR only",LOCAL_DOCUMENTED,False,9,PHASE(pinj|ece3)|PHASE(pinj_15l|ece3)|PHASE(pinj_15r|ece3)|PHASE(pinj_21l|ece3)|PHASE(pinj_21r|ece3)|PHASE(pinj_30l|ece3)|PHASE(pinj_30r|ece3)|PHASE(pinj_33l|ece3)|PHASE(pinj_33r|ece3),VACUOUS,"at least one member is inadmissible, so no admissible support can contain the complete exact set; the constraint is well defined but has no binding instance"
DEP_C6_LEVEL_ece3,C6,LEVEL_RATE(pinj_b|ece3),LEVEL_RATE(pinj|ece3) = sum_b LEVEL_RATE(pinj_b|ece3),LEVEL_RATE(pinj|ece3),LEVEL_RATE(pinj_15l|ece3)|LEVEL_RATE(pinj_15r|ece3)|LEVEL_RATE(pinj_21l|ece3)|LEVEL_RATE(pinj_21r|ece3)|LEVEL_RATE(pinj_30l|ece3)|LEVEL_RATE(pinj_30r|ece3)|LEVEL_RATE(pinj_33l|ece3)|LEVEL_RATE(pinj_33r|ece3),9,aggregate enters linearly: sum_b (a_b) = (sum_b a_b); pinj * dot(x_z) = sum_b pinj_b * dot(x_z),LOCAL_DOCUMENTED,False,4,LEVEL_RATE(pinj_15r|ece3)|LEVEL_RATE(pinj_21l|ece3)|LEVEL_RATE(pinj_21r|ece3)|LEVEL_RATE(pinj_33l|ece3),VACUOUS,"at least one member is inadmissible, so no admissible support can contain the complete exact set; the constraint is well defined but has no binding instance"
DEP_C8_LEVEL_OVER_RATE_ece3,C8,LEVEL_OVER_RATE(pinj_b|ece3),LEVEL_OVER_RATE(pinj|ece3) = sum_b LEVEL_OVER_RATE(pinj_b|ece3),LEVEL_OVER_RATE(pinj|ece3),LEVEL_OVER_RATE(pinj_15l|ece3)|LEVEL_OVER_RATE(pinj_15r|ece3)|LEVEL_OVER_RATE(pinj_21l|ece3)|LEVEL_OVER_RATE(pinj_21r|ece3)|LEVEL_OVER_RATE(pinj_30l|ece3)|LEVEL_OVER_RATE(pinj_30r|ece3)|LEVEL_OVER_RATE(pinj_33l|ece3)|LEVEL_OVER_RATE(pinj_33r|ece3),9,aggregate enters linearly: sum_b (a_b) = (sum_b a_b); aggregate level in NUMERATOR only,LOCAL_DOCUMENTED,False,9,LEVEL_OVER_RATE(pinj|ece3)|LEVEL_OVER_RATE(pinj_15l|ece3)|LEVEL_OVER_RATE(pinj_15r|ece3)|LEVEL_OVER_RATE(pinj_21l|ece3)|LEVEL_OVER_RATE(pinj_21r|ece3)|LEVEL_OVER_RATE(pinj_30l|ece3)|LEVEL_OVER_RATE(pinj_30r|ece3)|LEVEL_OVER_RATE(pinj_33l|ece3)|LEVEL_OVER_RATE(pinj_33r|ece3),VACUOUS,"at least one member is inadmissible, so no admissible support can contain the complete exact set; the constraint is well defined but has no binding instance"
DEP_C4_PHASE_ece4,C4,PHASE(pinj_b|ece4),PHASE(pinj|ece4) = sum_b PHASE(pinj_b|ece4),PHASE(pinj|ece4),PHASE(pinj_15l|ece4)|PHASE(pinj_15r|ece4)|PHASE(pinj_21l|ece4)|PHASE(pinj_21r|ece4)|PHASE(pinj_30l|ece4)|PHASE(pinj_30r|ece4)|PHASE(pinj_33l|ece4)|PHASE(pinj_33r|ece4),9,"d/dt is linear and FD2_PHYSICAL_TIME_V1 is a fixed linear stencil on the shared grid, so dot(pinj) = sum_b dot(pinj_b); aggregate rate in NUMERATOR only",LOCAL_DOCUMENTED,False,9,PHASE(pinj|ece4)|PHASE(pinj_15l|ece4)|PHASE(pinj_15r|ece4)|PHASE(pinj_21l|ece4)|PHASE(pinj_21r|ece4)|PHASE(pinj_30l|ece4)|PHASE(pinj_30r|ece4)|PHASE(pinj_33l|ece4)|PHASE(pinj_33r|ece4),VACUOUS,"at least one member is inadmissible, so no admissible support can contain the complete exact set; the constraint is well defined but has no binding instance"
DEP_C6_LEVEL_ece4,C6,LEVEL_RATE(pinj_b|ece4),LEVEL_RATE(pinj|ece4) = sum_b LEVEL_RATE(pinj_b|ece4),LEVEL_RATE(pinj|ece4),LEVEL_RATE(pinj_15l|ece4)|LEVEL_RATE(pinj_15r|ece4)|LEVEL_RATE(pinj_21l|ece4)|LEVEL_RATE(pinj_21r|ece4)|LEVEL_RATE(pinj_30l|ece4)|LEVEL_RATE(pinj_30r|ece4)|LEVEL_RATE(pinj_33l|ece4)|LEVEL_RATE(pinj_33r|ece4),9,aggregate enters linearly: sum_b (a_b) = (sum_b a_b); pinj * dot(x_z) = sum_b pinj_b * dot(x_z),LOCAL_DOCUMENTED,False,4,LEVEL_RATE(pinj_15r|ece4)|LEVEL_RATE(pinj_21l|ece4)|LEVEL_RATE(pinj_21r|ece4)|LEVEL_RATE(pinj_33l|ece4),VACUOUS,"at least one member is inadmissible, so no admissible support can contain the complete exact set; the constraint is well defined but has no binding instance"
DEP_C8_LEVEL_OVER_RATE_ece4,C8,LEVEL_OVER_RATE(pinj_b|ece4),LEVEL_OVER_RATE(pinj|ece4) = sum_b LEVEL_OVER_RATE(pinj_b|ece4),LEVEL_OVER_RATE(pinj|ece4),LEVEL_OVER_RATE(pinj_15l|ece4)|LEVEL_OVER_RATE(pinj_15r|ece4)|LEVEL_OVER_RATE(pinj_21l|ece4)|LEVEL_OVER_RATE(pinj_21r|ece4)|LEVEL_OVER_RATE(pinj_30l|ece4)|LEVEL_OVER_RATE(pinj_30r|ece4)|LEVEL_OVER_RATE(pinj_33l|ece4)|LEVEL_OVER_RATE(pinj_33r|ece4),9,aggregate enters linearly: sum_b (a_b) = (sum_b a_b); aggregate level in NUMERATOR only,LOCAL_DOCUMENTED,False,9,LEVEL_OVER_RATE(pinj|ece4)|LEVEL_OVER_RATE(pinj_15l|ece4)|LEVEL_OVER_RATE(pinj_15r|ece4)|LEVEL_OVER_RATE(pinj_21l|ece4)|LEVEL_OVER_RATE(pinj_21r|ece4)|LEVEL_OVER_RATE(pinj_30l|ece4)|LEVEL_OVER_RATE(pinj_30r|ece4)|LEVEL_OVER_RATE(pinj_33l|ece4)|LEVEL_OVER_RATE(pinj_33r|ece4),VACUOUS,"at least one member is inadmissible, so no admissible support can contain the complete exact set; the constraint is well defined but has no binding instance"
DEP_C4_PHASE_ece5,C4,PHASE(pinj_b|ece5),PHASE(pinj|ece5) = sum_b PHASE(pinj_b|ece5),PHASE(pinj|ece5),PHASE(pinj_15l|ece5)|PHASE(pinj_15r|ece5)|PHASE(pinj_21l|ece5)|PHASE(pinj_21r|ece5)|PHASE(pinj_30l|ece5)|PHASE(pinj_30r|ece5)|PHASE(pinj_33l|ece5)|PHASE(pinj_33r|ece5),9,"d/dt is linear and FD2_PHYSICAL_TIME_V1 is a fixed linear stencil on the shared grid, so dot(pinj) = sum_b dot(pinj_b); aggregate rate in NUMERATOR only",LOCAL_DOCUMENTED,False,9,PHASE(pinj|ece5)|PHASE(pinj_15l|ece5)|PHASE(pinj_15r|ece5)|PHASE(pinj_21l|ece5)|PHASE(pinj_21r|ece5)|PHASE(pinj_30l|ece5)|PHASE(pinj_30r|ece5)|PHASE(pinj_33l|ece5)|PHASE(pinj_33r|ece5),VACUOUS,"at least one member is inadmissible, so no admissible support can contain the complete exact set; the constraint is well defined but has no binding instance"
DEP_C6_LEVEL_ece5,C6,LEVEL_RATE(pinj_b|ece5),LEVEL_RATE(pinj|ece5) = sum_b LEVEL_RATE(pinj_b|ece5),LEVEL_RATE(pinj|ece5),LEVEL_RATE(pinj_15l|ece5)|LEVEL_RATE(pinj_15r|ece5)|LEVEL_RATE(pinj_21l|ece5)|LEVEL_RATE(pinj_21r|ece5)|LEVEL_RATE(pinj_30l|ece5)|LEVEL_RATE(pinj_30r|ece5)|LEVEL_RATE(pinj_33l|ece5)|LEVEL_RATE(pinj_33r|ece5),9,aggregate enters linearly: sum_b (a_b) = (sum_b a_b); pinj * dot(x_z) = sum_b pinj_b * dot(x_z),LOCAL_DOCUMENTED,False,4,LEVEL_RATE(pinj_15r|ece5)|LEVEL_RATE(pinj_21l|ece5)|LEVEL_RATE(pinj_21r|ece5)|LEVEL_RATE(pinj_33l|ece5),VACUOUS,"at least one member is inadmissible, so no admissible support can contain the complete exact set; the constraint is well defined but has no binding instance"
DEP_C8_LEVEL_OVER_RATE_ece5,C8,LEVEL_OVER_RATE(pinj_b|ece5),LEVEL_OVER_RATE(pinj|ece5) = sum_b LEVEL_OVER_RATE(pinj_b|ece5),LEVEL_OVER_RATE(pinj|ece5),LEVEL_OVER_RATE(pinj_15l|ece5)|LEVEL_OVER_RATE(pinj_15r|ece5)|LEVEL_OVER_RATE(pinj_21l|ece5)|LEVEL_OVER_RATE(pinj_21r|ece5)|LEVEL_OVER_RATE(pinj_30l|ece5)|LEVEL_OVER_RATE(pinj_30r|ece5)|LEVEL_OVER_RATE(pinj_33l|ece5)|LEVEL_OVER_RATE(pinj_33r|ece5),9,aggregate enters linearly: sum_b (a_b) = (sum_b a_b); aggregate level in NUMERATOR only,LOCAL_DOCUMENTED,False,9,LEVEL_OVER_RATE(pinj|ece5)|LEVEL_OVER_RATE(pinj_15l|ece5)|LEVEL_OVER_RATE(pinj_15r|ece5)|LEVEL_OVER_RATE(pinj_21l|ece5)|LEVEL_OVER_RATE(pinj_21r|ece5)|LEVEL_OVER_RATE(pinj_30l|ece5)|LEVEL_OVER_RATE(pinj_30r|ece5)|LEVEL_OVER_RATE(pinj_33l|ece5)|LEVEL_OVER_RATE(pinj_33r|ece5),VACUOUS,"at least one member is inadmissible, so no admissible support can contain the complete exact set; the constraint is well defined but has no binding instance"
DEP_C4_PHASE_ece6,C4,PHASE(pinj_b|ece6),PHASE(pinj|ece6) = sum_b PHASE(pinj_b|ece6),PHASE(pinj|ece6),PHASE(pinj_15l|ece6)|PHASE(pinj_15r|ece6)|PHASE(pinj_21l|ece6)|PHASE(pinj_21r|ece6)|PHASE(pinj_30l|ece6)|PHASE(pinj_30r|ece6)|PHASE(pinj_33l|ece6)|PHASE(pinj_33r|ece6),9,"d/dt is linear and FD2_PHYSICAL_TIME_V1 is a fixed linear stencil on the shared grid, so dot(pinj) = sum_b dot(pinj_b); aggregate rate in NUMERATOR only",LOCAL_DOCUMENTED,False,9,PHASE(pinj|ece6)|PHASE(pinj_15l|ece6)|PHASE(pinj_15r|ece6)|PHASE(pinj_21l|ece6)|PHASE(pinj_21r|ece6)|PHASE(pinj_30l|ece6)|PHASE(pinj_30r|ece6)|PHASE(pinj_33l|ece6)|PHASE(pinj_33r|ece6),VACUOUS,"at least one member is inadmissible, so no admissible support can contain the complete exact set; the constraint is well defined but has no binding instance"
DEP_C6_LEVEL_ece6,C6,LEVEL_RATE(pinj_b|ece6),LEVEL_RATE(pinj|ece6) = sum_b LEVEL_RATE(pinj_b|ece6),LEVEL_RATE(pinj|ece6),LEVEL_RATE(pinj_15l|ece6)|LEVEL_RATE(pinj_15r|ece6)|LEVEL_RATE(pinj_21l|ece6)|LEVEL_RATE(pinj_21r|ece6)|LEVEL_RATE(pinj_30l|ece6)|LEVEL_RATE(pinj_30r|ece6)|LEVEL_RATE(pinj_33l|ece6)|LEVEL_RATE(pinj_33r|ece6),9,aggregate enters linearly: sum_b (a_b) = (sum_b a_b); pinj * dot(x_z) = sum_b pinj_b * dot(x_z),LOCAL_DOCUMENTED,False,4,LEVEL_RATE(pinj_15r|ece6)|LEVEL_RATE(pinj_21l|ece6)|LEVEL_RATE(pinj_21r|ece6)|LEVEL_RATE(pinj_33l|ece6),VACUOUS,"at least one member is inadmissible, so no admissible support can contain the complete exact set; the constraint is well defined but has no binding instance"
DEP_C8_LEVEL_OVER_RATE_ece6,C8,LEVEL_OVER_RATE(pinj_b|ece6),LEVEL_OVER_RATE(pinj|ece6) = sum_b LEVEL_OVER_RATE(pinj_b|ece6),LEVEL_OVER_RATE(pinj|ece6),LEVEL_OVER_RATE(pinj_15l|ece6)|LEVEL_OVER_RATE(pinj_15r|ece6)|LEVEL_OVER_RATE(pinj_21l|ece6)|LEVEL_OVER_RATE(pinj_21r|ece6)|LEVEL_OVER_RATE(pinj_30l|ece6)|LEVEL_OVER_RATE(pinj_30r|ece6)|LEVEL_OVER_RATE(pinj_33l|ece6)|LEVEL_OVER_RATE(pinj_33r|ece6),9,aggregate enters linearly: sum_b (a_b) = (sum_b a_b); aggregate level in NUMERATOR only,LOCAL_DOCUMENTED,False,9,LEVEL_OVER_RATE(pinj|ece6)|LEVEL_OVER_RATE(pinj_15l|ece6)|LEVEL_OVER_RATE(pinj_15r|ece6)|LEVEL_OVER_RATE(pinj_21l|ece6)|LEVEL_OVER_RATE(pinj_21r|ece6)|LEVEL_OVER_RATE(pinj_30l|ece6)|LEVEL_OVER_RATE(pinj_30r|ece6)|LEVEL_OVER_RATE(pinj_33l|ece6)|LEVEL_OVER_RATE(pinj_33r|ece6),VACUOUS,"at least one member is inadmissible, so no admissible support can contain the complete exact set; the constraint is well defined but has no binding instance"
DEP_C4_PHASE_ece7,C4,PHASE(pinj_b|ece7),PHASE(pinj|ece7) = sum_b PHASE(pinj_b|ece7),PHASE(pinj|ece7),PHASE(pinj_15l|ece7)|PHASE(pinj_15r|ece7)|PHASE(pinj_21l|ece7)|PHASE(pinj_21r|ece7)|PHASE(pinj_30l|ece7)|PHASE(pinj_30r|ece7)|PHASE(pinj_33l|ece7)|PHASE(pinj_33r|ece7),9,"d/dt is linear and FD2_PHYSICAL_TIME_V1 is a fixed linear stencil on the shared grid, so dot(pinj) = sum_b dot(pinj_b); aggregate rate in NUMERATOR only",LOCAL_DOCUMENTED,False,9,PHASE(pinj|ece7)|PHASE(pinj_15l|ece7)|PHASE(pinj_15r|ece7)|PHASE(pinj_21l|ece7)|PHASE(pinj_21r|ece7)|PHASE(pinj_30l|ece7)|PHASE(pinj_30r|ece7)|PHASE(pinj_33l|ece7)|PHASE(pinj_33r|ece7),VACUOUS,"at least one member is inadmissible, so no admissible support can contain the complete exact set; the constraint is well defined but has no binding instance"
DEP_C6_LEVEL_ece7,C6,LEVEL_RATE(pinj_b|ece7),LEVEL_RATE(pinj|ece7) = sum_b LEVEL_RATE(pinj_b|ece7),LEVEL_RATE(pinj|ece7),LEVEL_RATE(pinj_15l|ece7)|LEVEL_RATE(pinj_15r|ece7)|LEVEL_RATE(pinj_21l|ece7)|LEVEL_RATE(pinj_21r|ece7)|LEVEL_RATE(pinj_30l|ece7)|LEVEL_RATE(pinj_30r|ece7)|LEVEL_RATE(pinj_33l|ece7)|LEVEL_RATE(pinj_33r|ece7),9,aggregate enters linearly: sum_b (a_b) = (sum_b a_b); pinj * dot(x_z) = sum_b pinj_b * dot(x_z),LOCAL_DOCUMENTED,False,4,LEVEL_RATE(pinj_15r|ece7)|LEVEL_RATE(pinj_21l|ece7)|LEVEL_RATE(pinj_21r|ece7)|LEVEL_RATE(pinj_33l|ece7),VACUOUS,"at least one member is inadmissible, so no admissible support can contain the complete exact set; the constraint is well defined but has no binding instance"
DEP_C8_LEVEL_OVER_RATE_ece7,C8,LEVEL_OVER_RATE(pinj_b|ece7),LEVEL_OVER_RATE(pinj|ece7) = sum_b LEVEL_OVER_RATE(pinj_b|ece7),LEVEL_OVER_RATE(pinj|ece7),LEVEL_OVER_RATE(pinj_15l|ece7)|LEVEL_OVER_RATE(pinj_15r|ece7)|LEVEL_OVER_RATE(pinj_21l|ece7)|LEVEL_OVER_RATE(pinj_21r|ece7)|LEVEL_OVER_RATE(pinj_30l|ece7)|LEVEL_OVER_RATE(pinj_30r|ece7)|LEVEL_OVER_RATE(pinj_33l|ece7)|LEVEL_OVER_RATE(pinj_33r|ece7),9,aggregate enters linearly: sum_b (a_b) = (sum_b a_b); aggregate level in NUMERATOR only,LOCAL_DOCUMENTED,False,9,LEVEL_OVER_RATE(pinj|ece7)|LEVEL_OVER_RATE(pinj_15l|ece7)|LEVEL_OVER_RATE(pinj_15r|ece7)|LEVEL_OVER_RATE(pinj_21l|ece7)|LEVEL_OVER_RATE(pinj_21r|ece7)|LEVEL_OVER_RATE(pinj_30l|ece7)|LEVEL_OVER_RATE(pinj_30r|ece7)|LEVEL_OVER_RATE(pinj_33l|ece7)|LEVEL_OVER_RATE(pinj_33r|ece7),VACUOUS,"at least one member is inadmissible, so no admissible support can contain the complete exact set; the constraint is well defined but has no binding instance"
DEP_C4_PHASE_ece8,C4,PHASE(pinj_b|ece8),PHASE(pinj|ece8) = sum_b PHASE(pinj_b|ece8),PHASE(pinj|ece8),PHASE(pinj_15l|ece8)|PHASE(pinj_15r|ece8)|PHASE(pinj_21l|ece8)|PHASE(pinj_21r|ece8)|PHASE(pinj_30l|ece8)|PHASE(pinj_30r|ece8)|PHASE(pinj_33l|ece8)|PHASE(pinj_33r|ece8),9,"d/dt is linear and FD2_PHYSICAL_TIME_V1 is a fixed linear stencil on the shared grid, so dot(pinj) = sum_b dot(pinj_b); aggregate rate in NUMERATOR only",LOCAL_DOCUMENTED,False,9,PHASE(pinj|ece8)|PHASE(pinj_15l|ece8)|PHASE(pinj_15r|ece8)|PHASE(pinj_21l|ece8)|PHASE(pinj_21r|ece8)|PHASE(pinj_30l|ece8)|PHASE(pinj_30r|ece8)|PHASE(pinj_33l|ece8)|PHASE(pinj_33r|ece8),VACUOUS,"at least one member is inadmissible, so no admissible support can contain the complete exact set; the constraint is well defined but has no binding instance"
DEP_C6_LEVEL_ece8,C6,LEVEL_RATE(pinj_b|ece8),LEVEL_RATE(pinj|ece8) = sum_b LEVEL_RATE(pinj_b|ece8),LEVEL_RATE(pinj|ece8),LEVEL_RATE(pinj_15l|ece8)|LEVEL_RATE(pinj_15r|ece8)|LEVEL_RATE(pinj_21l|ece8)|LEVEL_RATE(pinj_21r|ece8)|LEVEL_RATE(pinj_30l|ece8)|LEVEL_RATE(pinj_30r|ece8)|LEVEL_RATE(pinj_33l|ece8)|LEVEL_RATE(pinj_33r|ece8),9,aggregate enters linearly: sum_b (a_b) = (sum_b a_b); pinj * dot(x_z) = sum_b pinj_b * dot(x_z),LOCAL_DOCUMENTED,False,4,LEVEL_RATE(pinj_15r|ece8)|LEVEL_RATE(pinj_21l|ece8)|LEVEL_RATE(pinj_21r|ece8)|LEVEL_RATE(pinj_33l|ece8),VACUOUS,"at least one member is inadmissible, so no admissible support can contain the complete exact set; the constraint is well defined but has no binding instance"
DEP_C8_LEVEL_OVER_RATE_ece8,C8,LEVEL_OVER_RATE(pinj_b|ece8),LEVEL_OVER_RATE(pinj|ece8) = sum_b LEVEL_OVER_RATE(pinj_b|ece8),LEVEL_OVER_RATE(pinj|ece8),LEVEL_OVER_RATE(pinj_15l|ece8)|LEVEL_OVER_RATE(pinj_15r|ece8)|LEVEL_OVER_RATE(pinj_21l|ece8)|LEVEL_OVER_RATE(pinj_21r|ece8)|LEVEL_OVER_RATE(pinj_30l|ece8)|LEVEL_OVER_RATE(pinj_30r|ece8)|LEVEL_OVER_RATE(pinj_33l|ece8)|LEVEL_OVER_RATE(pinj_33r|ece8),9,aggregate enters linearly: sum_b (a_b) = (sum_b a_b); aggregate level in NUMERATOR only,LOCAL_DOCUMENTED,False,9,LEVEL_OVER_RATE(pinj|ece8)|LEVEL_OVER_RATE(pinj_15l|ece8)|LEVEL_OVER_RATE(pinj_15r|ece8)|LEVEL_OVER_RATE(pinj_21l|ece8)|LEVEL_OVER_RATE(pinj_21r|ece8)|LEVEL_OVER_RATE(pinj_30l|ece8)|LEVEL_OVER_RATE(pinj_30r|ece8)|LEVEL_OVER_RATE(pinj_33l|ece8)|LEVEL_OVER_RATE(pinj_33r|ece8),VACUOUS,"at least one member is inadmissible, so no admissible support can contain the complete exact set; the constraint is well defined but has no binding instance"
DEP_C4_PHASE_ece9,C4,PHASE(pinj_b|ece9),PHASE(pinj|ece9) = sum_b PHASE(pinj_b|ece9),PHASE(pinj|ece9),PHASE(pinj_15l|ece9)|PHASE(pinj_15r|ece9)|PHASE(pinj_21l|ece9)|PHASE(pinj_21r|ece9)|PHASE(pinj_30l|ece9)|PHASE(pinj_30r|ece9)|PHASE(pinj_33l|ece9)|PHASE(pinj_33r|ece9),9,"d/dt is linear and FD2_PHYSICAL_TIME_V1 is a fixed linear stencil on the shared grid, so dot(pinj) = sum_b dot(pinj_b); aggregate rate in NUMERATOR only",LOCAL_DOCUMENTED,False,9,PHASE(pinj|ece9)|PHASE(pinj_15l|ece9)|PHASE(pinj_15r|ece9)|PHASE(pinj_21l|ece9)|PHASE(pinj_21r|ece9)|PHASE(pinj_30l|ece9)|PHASE(pinj_30r|ece9)|PHASE(pinj_33l|ece9)|PHASE(pinj_33r|ece9),VACUOUS,"at least one member is inadmissible, so no admissible support can contain the complete exact set; the constraint is well defined but has no binding instance"
DEP_C6_LEVEL_ece9,C6,LEVEL_RATE(pinj_b|ece9),LEVEL_RATE(pinj|ece9) = sum_b LEVEL_RATE(pinj_b|ece9),LEVEL_RATE(pinj|ece9),LEVEL_RATE(pinj_15l|ece9)|LEVEL_RATE(pinj_15r|ece9)|LEVEL_RATE(pinj_21l|ece9)|LEVEL_RATE(pinj_21r|ece9)|LEVEL_RATE(pinj_30l|ece9)|LEVEL_RATE(pinj_30r|ece9)|LEVEL_RATE(pinj_33l|ece9)|LEVEL_RATE(pinj_33r|ece9),9,aggregate enters linearly: sum_b (a_b) = (sum_b a_b); pinj * dot(x_z) = sum_b pinj_b * dot(x_z),LOCAL_DOCUMENTED,False,4,LEVEL_RATE(pinj_15r|ece9)|LEVEL_RATE(pinj_21l|ece9)|LEVEL_RATE(pinj_21r|ece9)|LEVEL_RATE(pinj_33l|ece9),VACUOUS,"at least one member is inadmissible, so no admissible support can contain the complete exact set; the constraint is well defined but has no binding instance"
DEP_C8_LEVEL_OVER_RATE_ece9,C8,LEVEL_OVER_RATE(pinj_b|ece9),LEVEL_OVER_RATE(pinj|ece9) = sum_b LEVEL_OVER_RATE(pinj_b|ece9),LEVEL_OVER_RATE(pinj|ece9),LEVEL_OVER_RATE(pinj_15l|ece9)|LEVEL_OVER_RATE(pinj_15r|ece9)|LEVEL_OVER_RATE(pinj_21l|ece9)|LEVEL_OVER_RATE(pinj_21r|ece9)|LEVEL_OVER_RATE(pinj_30l|ece9)|LEVEL_OVER_RATE(pinj_30r|ece9)|LEVEL_OVER_RATE(pinj_33l|ece9)|LEVEL_OVER_RATE(pinj_33r|ece9),9,aggregate enters linearly: sum_b (a_b) = (sum_b a_b); aggregate level in NUMERATOR only,LOCAL_DOCUMENTED,False,9,LEVEL_OVER_RATE(pinj|ece9)|LEVEL_OVER_RATE(pinj_15l|ece9)|LEVEL_OVER_RATE(pinj_15r|ece9)|LEVEL_OVER_RATE(pinj_21l|ece9)|LEVEL_OVER_RATE(pinj_21r|ece9)|LEVEL_OVER_RATE(pinj_30l|ece9)|LEVEL_OVER_RATE(pinj_30r|ece9)|LEVEL_OVER_RATE(pinj_33l|ece9)|LEVEL_OVER_RATE(pinj_33r|ece9),VACUOUS,"at least one member is inadmissible, so no admissible support can contain the complete exact set; the constraint is well defined but has no binding instance"
DEP_C4_PHASE_ece10,C4,PHASE(pinj_b|ece10),PHASE(pinj|ece10) = sum_b PHASE(pinj_b|ece10),PHASE(pinj|ece10),PHASE(pinj_15l|ece10)|PHASE(pinj_15r|ece10)|PHASE(pinj_21l|ece10)|PHASE(pinj_21r|ece10)|PHASE(pinj_30l|ece10)|PHASE(pinj_30r|ece10)|PHASE(pinj_33l|ece10)|PHASE(pinj_33r|ece10),9,"d/dt is linear and FD2_PHYSICAL_TIME_V1 is a fixed linear stencil on the shared grid, so dot(pinj) = sum_b dot(pinj_b); aggregate rate in NUMERATOR only",LOCAL_DOCUMENTED,False,9,PHASE(pinj|ece10)|PHASE(pinj_15l|ece10)|PHASE(pinj_15r|ece10)|PHASE(pinj_21l|ece10)|PHASE(pinj_21r|ece10)|PHASE(pinj_30l|ece10)|PHASE(pinj_30r|ece10)|PHASE(pinj_33l|ece10)|PHASE(pinj_33r|ece10),VACUOUS,"at least one member is inadmissible, so no admissible support can contain the complete exact set; the constraint is well defined but has no binding instance"
DEP_C6_LEVEL_ece10,C6,LEVEL_RATE(pinj_b|ece10),LEVEL_RATE(pinj|ece10) = sum_b LEVEL_RATE(pinj_b|ece10),LEVEL_RATE(pinj|ece10),LEVEL_RATE(pinj_15l|ece10)|LEVEL_RATE(pinj_15r|ece10)|LEVEL_RATE(pinj_21l|ece10)|LEVEL_RATE(pinj_21r|ece10)|LEVEL_RATE(pinj_30l|ece10)|LEVEL_RATE(pinj_30r|ece10)|LEVEL_RATE(pinj_33l|ece10)|LEVEL_RATE(pinj_33r|ece10),9,aggregate enters linearly: sum_b (a_b) = (sum_b a_b); pinj * dot(x_z) = sum_b pinj_b * dot(x_z),LOCAL_DOCUMENTED,False,4,LEVEL_RATE(pinj_15r|ece10)|LEVEL_RATE(pinj_21l|ece10)|LEVEL_RATE(pinj_21r|ece10)|LEVEL_RATE(pinj_33l|ece10),VACUOUS,"at least one member is inadmissible, so no admissible support can contain the complete exact set; the constraint is well defined but has no binding instance"
DEP_C8_LEVEL_OVER_RATE_ece10,C8,LEVEL_OVER_RATE(pinj_b|ece10),LEVEL_OVER_RATE(pinj|ece10) = sum_b LEVEL_OVER_RATE(pinj_b|ece10),LEVEL_OVER_RATE(pinj|ece10),LEVEL_OVER_RATE(pinj_15l|ece10)|LEVEL_OVER_RATE(pinj_15r|ece10)|LEVEL_OVER_RATE(pinj_21l|ece10)|LEVEL_OVER_RATE(pinj_21r|ece10)|LEVEL_OVER_RATE(pinj_30l|ece10)|LEVEL_OVER_RATE(pinj_30r|ece10)|LEVEL_OVER_RATE(pinj_33l|ece10)|LEVEL_OVER_RATE(pinj_33r|ece10),9,aggregate enters linearly: sum_b (a_b) = (sum_b a_b); aggregate level in NUMERATOR only,LOCAL_DOCUMENTED,False,9,LEVEL_OVER_RATE(pinj|ece10)|LEVEL_OVER_RATE(pinj_15l|ece10)|LEVEL_OVER_RATE(pinj_15r|ece10)|LEVEL_OVER_RATE(pinj_21l|ece10)|LEVEL_OVER_RATE(pinj_21r|ece10)|LEVEL_OVER_RATE(pinj_30l|ece10)|LEVEL_OVER_RATE(pinj_30r|ece10)|LEVEL_OVER_RATE(pinj_33l|ece10)|LEVEL_OVER_RATE(pinj_33r|ece10),VACUOUS,"at least one member is inadmissible, so no admissible support can contain the complete exact set; the constraint is well defined but has no binding instance"
DEP_C4_PHASE_ece11,C4,PHASE(pinj_b|ece11),PHASE(pinj|ece11) = sum_b PHASE(pinj_b|ece11),PHASE(pinj|ece11),PHASE(pinj_15l|ece11)|PHASE(pinj_15r|ece11)|PHASE(pinj_21l|ece11)|PHASE(pinj_21r|ece11)|PHASE(pinj_30l|ece11)|PHASE(pinj_30r|ece11)|PHASE(pinj_33l|ece11)|PHASE(pinj_33r|ece11),9,"d/dt is linear and FD2_PHYSICAL_TIME_V1 is a fixed linear stencil on the shared grid, so dot(pinj) = sum_b dot(pinj_b); aggregate rate in NUMERATOR only",LOCAL_DOCUMENTED,False,9,PHASE(pinj|ece11)|PHASE(pinj_15l|ece11)|PHASE(pinj_15r|ece11)|PHASE(pinj_21l|ece11)|PHASE(pinj_21r|ece11)|PHASE(pinj_30l|ece11)|PHASE(pinj_30r|ece11)|PHASE(pinj_33l|ece11)|PHASE(pinj_33r|ece11),VACUOUS,"at least one member is inadmissible, so no admissible support can contain the complete exact set; the constraint is well defined but has no binding instance"
DEP_C6_LEVEL_ece11,C6,LEVEL_RATE(pinj_b|ece11),LEVEL_RATE(pinj|ece11) = sum_b LEVEL_RATE(pinj_b|ece11),LEVEL_RATE(pinj|ece11),LEVEL_RATE(pinj_15l|ece11)|LEVEL_RATE(pinj_15r|ece11)|LEVEL_RATE(pinj_21l|ece11)|LEVEL_RATE(pinj_21r|ece11)|LEVEL_RATE(pinj_30l|ece11)|LEVEL_RATE(pinj_30r|ece11)|LEVEL_RATE(pinj_33l|ece11)|LEVEL_RATE(pinj_33r|ece11),9,aggregate enters linearly: sum_b (a_b) = (sum_b a_b); pinj * dot(x_z) = sum_b pinj_b * dot(x_z),LOCAL_DOCUMENTED,False,4,LEVEL_RATE(pinj_15r|ece11)|LEVEL_RATE(pinj_21l|ece11)|LEVEL_RATE(pinj_21r|ece11)|LEVEL_RATE(pinj_33l|ece11),VACUOUS,"at least one member is inadmissible, so no admissible support can contain the complete exact set; the constraint is well defined but has no binding instance"
DEP_C8_LEVEL_OVER_RATE_ece11,C8,LEVEL_OVER_RATE(pinj_b|ece11),LEVEL_OVER_RATE(pinj|ece11) = sum_b LEVEL_OVER_RATE(pinj_b|ece11),LEVEL_OVER_RATE(pinj|ece11),LEVEL_OVER_RATE(pinj_15l|ece11)|LEVEL_OVER_RATE(pinj_15r|ece11)|LEVEL_OVER_RATE(pinj_21l|ece11)|LEVEL_OVER_RATE(pinj_21r|ece11)|LEVEL_OVER_RATE(pinj_30l|ece11)|LEVEL_OVER_RATE(pinj_30r|ece11)|LEVEL_OVER_RATE(pinj_33l|ece11)|LEVEL_OVER_RATE(pinj_33r|ece11),9,aggregate enters linearly: sum_b (a_b) = (sum_b a_b); aggregate level in NUMERATOR only,LOCAL_DOCUMENTED,False,9,LEVEL_OVER_RATE(pinj|ece11)|LEVEL_OVER_RATE(pinj_15l|ece11)|LEVEL_OVER_RATE(pinj_15r|ece11)|LEVEL_OVER_RATE(pinj_21l|ece11)|LEVEL_OVER_RATE(pinj_21r|ece11)|LEVEL_OVER_RATE(pinj_30l|ece11)|LEVEL_OVER_RATE(pinj_30r|ece11)|LEVEL_OVER_RATE(pinj_33l|ece11)|LEVEL_OVER_RATE(pinj_33r|ece11),VACUOUS,"at least one member is inadmissible, so no admissible support can contain the complete exact set; the constraint is well defined but has no binding instance"
DEP_C4_PHASE_ece12,C4,PHASE(pinj_b|ece12),PHASE(pinj|ece12) = sum_b PHASE(pinj_b|ece12),PHASE(pinj|ece12),PHASE(pinj_15l|ece12)|PHASE(pinj_15r|ece12)|PHASE(pinj_21l|ece12)|PHASE(pinj_21r|ece12)|PHASE(pinj_30l|ece12)|PHASE(pinj_30r|ece12)|PHASE(pinj_33l|ece12)|PHASE(pinj_33r|ece12),9,"d/dt is linear and FD2_PHYSICAL_TIME_V1 is a fixed linear stencil on the shared grid, so dot(pinj) = sum_b dot(pinj_b); aggregate rate in NUMERATOR only",LOCAL_DOCUMENTED,False,9,PHASE(pinj|ece12)|PHASE(pinj_15l|ece12)|PHASE(pinj_15r|ece12)|PHASE(pinj_21l|ece12)|PHASE(pinj_21r|ece12)|PHASE(pinj_30l|ece12)|PHASE(pinj_30r|ece12)|PHASE(pinj_33l|ece12)|PHASE(pinj_33r|ece12),VACUOUS,"at least one member is inadmissible, so no admissible support can contain the complete exact set; the constraint is well defined but has no binding instance"
DEP_C6_LEVEL_ece12,C6,LEVEL_RATE(pinj_b|ece12),LEVEL_RATE(pinj|ece12) = sum_b LEVEL_RATE(pinj_b|ece12),LEVEL_RATE(pinj|ece12),LEVEL_RATE(pinj_15l|ece12)|LEVEL_RATE(pinj_15r|ece12)|LEVEL_RATE(pinj_21l|ece12)|LEVEL_RATE(pinj_21r|ece12)|LEVEL_RATE(pinj_30l|ece12)|LEVEL_RATE(pinj_30r|ece12)|LEVEL_RATE(pinj_33l|ece12)|LEVEL_RATE(pinj_33r|ece12),9,aggregate enters linearly: sum_b (a_b) = (sum_b a_b); pinj * dot(x_z) = sum_b pinj_b * dot(x_z),LOCAL_DOCUMENTED,False,4,LEVEL_RATE(pinj_15r|ece12)|LEVEL_RATE(pinj_21l|ece12)|LEVEL_RATE(pinj_21r|ece12)|LEVEL_RATE(pinj_33l|ece12),VACUOUS,"at least one member is inadmissible, so no admissible support can contain the complete exact set; the constraint is well defined but has no binding instance"
DEP_C8_LEVEL_OVER_RATE_ece12,C8,LEVEL_OVER_RATE(pinj_b|ece12),LEVEL_OVER_RATE(pinj|ece12) = sum_b LEVEL_OVER_RATE(pinj_b|ece12),LEVEL_OVER_RATE(pinj|ece12),LEVEL_OVER_RATE(pinj_15l|ece12)|LEVEL_OVER_RATE(pinj_15r|ece12)|LEVEL_OVER_RATE(pinj_21l|ece12)|LEVEL_OVER_RATE(pinj_21r|ece12)|LEVEL_OVER_RATE(pinj_30l|ece12)|LEVEL_OVER_RATE(pinj_30r|ece12)|LEVEL_OVER_RATE(pinj_33l|ece12)|LEVEL_OVER_RATE(pinj_33r|ece12),9,aggregate enters linearly: sum_b (a_b) = (sum_b a_b); aggregate level in NUMERATOR only,LOCAL_DOCUMENTED,False,9,LEVEL_OVER_RATE(pinj|ece12)|LEVEL_OVER_RATE(pinj_15l|ece12)|LEVEL_OVER_RATE(pinj_15r|ece12)|LEVEL_OVER_RATE(pinj_21l|ece12)|LEVEL_OVER_RATE(pinj_21r|ece12)|LEVEL_OVER_RATE(pinj_30l|ece12)|LEVEL_OVER_RATE(pinj_30r|ece12)|LEVEL_OVER_RATE(pinj_33l|ece12)|LEVEL_OVER_RATE(pinj_33r|ece12),VACUOUS,"at least one member is inadmissible, so no admissible support can contain the complete exact set; the constraint is well defined but has no binding instance"
DEP_C4_PHASE_ece13,C4,PHASE(pinj_b|ece13),PHASE(pinj|ece13) = sum_b PHASE(pinj_b|ece13),PHASE(pinj|ece13),PHASE(pinj_15l|ece13)|PHASE(pinj_15r|ece13)|PHASE(pinj_21l|ece13)|PHASE(pinj_21r|ece13)|PHASE(pinj_30l|ece13)|PHASE(pinj_30r|ece13)|PHASE(pinj_33l|ece13)|PHASE(pinj_33r|ece13),9,"d/dt is linear and FD2_PHYSICAL_TIME_V1 is a fixed linear stencil on the shared grid, so dot(pinj) = sum_b dot(pinj_b); aggregate rate in NUMERATOR only",LOCAL_DOCUMENTED,False,9,PHASE(pinj|ece13)|PHASE(pinj_15l|ece13)|PHASE(pinj_15r|ece13)|PHASE(pinj_21l|ece13)|PHASE(pinj_21r|ece13)|PHASE(pinj_30l|ece13)|PHASE(pinj_30r|ece13)|PHASE(pinj_33l|ece13)|PHASE(pinj_33r|ece13),VACUOUS,"at least one member is inadmissible, so no admissible support can contain the complete exact set; the constraint is well defined but has no binding instance"
DEP_C6_LEVEL_ece13,C6,LEVEL_RATE(pinj_b|ece13),LEVEL_RATE(pinj|ece13) = sum_b LEVEL_RATE(pinj_b|ece13),LEVEL_RATE(pinj|ece13),LEVEL_RATE(pinj_15l|ece13)|LEVEL_RATE(pinj_15r|ece13)|LEVEL_RATE(pinj_21l|ece13)|LEVEL_RATE(pinj_21r|ece13)|LEVEL_RATE(pinj_30l|ece13)|LEVEL_RATE(pinj_30r|ece13)|LEVEL_RATE(pinj_33l|ece13)|LEVEL_RATE(pinj_33r|ece13),9,aggregate enters linearly: sum_b (a_b) = (sum_b a_b); pinj * dot(x_z) = sum_b pinj_b * dot(x_z),LOCAL_DOCUMENTED,False,4,LEVEL_RATE(pinj_15r|ece13)|LEVEL_RATE(pinj_21l|ece13)|LEVEL_RATE(pinj_21r|ece13)|LEVEL_RATE(pinj_33l|ece13),VACUOUS,"at least one member is inadmissible, so no admissible support can contain the complete exact set; the constraint is well defined but has no binding instance"
DEP_C8_LEVEL_OVER_RATE_ece13,C8,LEVEL_OVER_RATE(pinj_b|ece13),LEVEL_OVER_RATE(pinj|ece13) = sum_b LEVEL_OVER_RATE(pinj_b|ece13),LEVEL_OVER_RATE(pinj|ece13),LEVEL_OVER_RATE(pinj_15l|ece13)|LEVEL_OVER_RATE(pinj_15r|ece13)|LEVEL_OVER_RATE(pinj_21l|ece13)|LEVEL_OVER_RATE(pinj_21r|ece13)|LEVEL_OVER_RATE(pinj_30l|ece13)|LEVEL_OVER_RATE(pinj_30r|ece13)|LEVEL_OVER_RATE(pinj_33l|ece13)|LEVEL_OVER_RATE(pinj_33r|ece13),9,aggregate enters linearly: sum_b (a_b) = (sum_b a_b); aggregate level in NUMERATOR only,LOCAL_DOCUMENTED,False,9,LEVEL_OVER_RATE(pinj|ece13)|LEVEL_OVER_RATE(pinj_15l|ece13)|LEVEL_OVER_RATE(pinj_15r|ece13)|LEVEL_OVER_RATE(pinj_21l|ece13)|LEVEL_OVER_RATE(pinj_21r|ece13)|LEVEL_OVER_RATE(pinj_30l|ece13)|LEVEL_OVER_RATE(pinj_30r|ece13)|LEVEL_OVER_RATE(pinj_33l|ece13)|LEVEL_OVER_RATE(pinj_33r|ece13),VACUOUS,"at least one member is inadmissible, so no admissible support can contain the complete exact set; the constraint is well defined but has no binding instance"
DEP_C4_PHASE_ece14,C4,PHASE(pinj_b|ece14),PHASE(pinj|ece14) = sum_b PHASE(pinj_b|ece14),PHASE(pinj|ece14),PHASE(pinj_15l|ece14)|PHASE(pinj_15r|ece14)|PHASE(pinj_21l|ece14)|PHASE(pinj_21r|ece14)|PHASE(pinj_30l|ece14)|PHASE(pinj_30r|ece14)|PHASE(pinj_33l|ece14)|PHASE(pinj_33r|ece14),9,"d/dt is linear and FD2_PHYSICAL_TIME_V1 is a fixed linear stencil on the shared grid, so dot(pinj) = sum_b dot(pinj_b); aggregate rate in NUMERATOR only",LOCAL_DOCUMENTED,False,9,PHASE(pinj|ece14)|PHASE(pinj_15l|ece14)|PHASE(pinj_15r|ece14)|PHASE(pinj_21l|ece14)|PHASE(pinj_21r|ece14)|PHASE(pinj_30l|ece14)|PHASE(pinj_30r|ece14)|PHASE(pinj_33l|ece14)|PHASE(pinj_33r|ece14),VACUOUS,"at least one member is inadmissible, so no admissible support can contain the complete exact set; the constraint is well defined but has no binding instance"
DEP_C6_LEVEL_ece14,C6,LEVEL_RATE(pinj_b|ece14),LEVEL_RATE(pinj|ece14) = sum_b LEVEL_RATE(pinj_b|ece14),LEVEL_RATE(pinj|ece14),LEVEL_RATE(pinj_15l|ece14)|LEVEL_RATE(pinj_15r|ece14)|LEVEL_RATE(pinj_21l|ece14)|LEVEL_RATE(pinj_21r|ece14)|LEVEL_RATE(pinj_30l|ece14)|LEVEL_RATE(pinj_30r|ece14)|LEVEL_RATE(pinj_33l|ece14)|LEVEL_RATE(pinj_33r|ece14),9,aggregate enters linearly: sum_b (a_b) = (sum_b a_b); pinj * dot(x_z) = sum_b pinj_b * dot(x_z),LOCAL_DOCUMENTED,False,4,LEVEL_RATE(pinj_15r|ece14)|LEVEL_RATE(pinj_21l|ece14)|LEVEL_RATE(pinj_21r|ece14)|LEVEL_RATE(pinj_33l|ece14),VACUOUS,"at least one member is inadmissible, so no admissible support can contain the complete exact set; the constraint is well defined but has no binding instance"
DEP_C8_LEVEL_OVER_RATE_ece14,C8,LEVEL_OVER_RATE(pinj_b|ece14),LEVEL_OVER_RATE(pinj|ece14) = sum_b LEVEL_OVER_RATE(pinj_b|ece14),LEVEL_OVER_RATE(pinj|ece14),LEVEL_OVER_RATE(pinj_15l|ece14)|LEVEL_OVER_RATE(pinj_15r|ece14)|LEVEL_OVER_RATE(pinj_21l|ece14)|LEVEL_OVER_RATE(pinj_21r|ece14)|LEVEL_OVER_RATE(pinj_30l|ece14)|LEVEL_OVER_RATE(pinj_30r|ece14)|LEVEL_OVER_RATE(pinj_33l|ece14)|LEVEL_OVER_RATE(pinj_33r|ece14),9,aggregate enters linearly: sum_b (a_b) = (sum_b a_b); aggregate level in NUMERATOR only,LOCAL_DOCUMENTED,False,9,LEVEL_OVER_RATE(pinj|ece14)|LEVEL_OVER_RATE(pinj_15l|ece14)|LEVEL_OVER_RATE(pinj_15r|ece14)|LEVEL_OVER_RATE(pinj_21l|ece14)|LEVEL_OVER_RATE(pinj_21r|ece14)|LEVEL_OVER_RATE(pinj_30l|ece14)|LEVEL_OVER_RATE(pinj_30r|ece14)|LEVEL_OVER_RATE(pinj_33l|ece14)|LEVEL_OVER_RATE(pinj_33r|ece14),VACUOUS,"at least one member is inadmissible, so no admissible support can contain the complete exact set; the constraint is well defined but has no binding instance"
DEP_C4_PHASE_ece15,C4,PHASE(pinj_b|ece15),PHASE(pinj|ece15) = sum_b PHASE(pinj_b|ece15),PHASE(pinj|ece15),PHASE(pinj_15l|ece15)|PHASE(pinj_15r|ece15)|PHASE(pinj_21l|ece15)|PHASE(pinj_21r|ece15)|PHASE(pinj_30l|ece15)|PHASE(pinj_30r|ece15)|PHASE(pinj_33l|ece15)|PHASE(pinj_33r|ece15),9,"d/dt is linear and FD2_PHYSICAL_TIME_V1 is a fixed linear stencil on the shared grid, so dot(pinj) = sum_b dot(pinj_b); aggregate rate in NUMERATOR only",LOCAL_DOCUMENTED,False,9,PHASE(pinj|ece15)|PHASE(pinj_15l|ece15)|PHASE(pinj_15r|ece15)|PHASE(pinj_21l|ece15)|PHASE(pinj_21r|ece15)|PHASE(pinj_30l|ece15)|PHASE(pinj_30r|ece15)|PHASE(pinj_33l|ece15)|PHASE(pinj_33r|ece15),VACUOUS,"at least one member is inadmissible, so no admissible support can contain the complete exact set; the constraint is well defined but has no binding instance"
DEP_C6_LEVEL_ece15,C6,LEVEL_RATE(pinj_b|ece15),LEVEL_RATE(pinj|ece15) = sum_b LEVEL_RATE(pinj_b|ece15),LEVEL_RATE(pinj|ece15),LEVEL_RATE(pinj_15l|ece15)|LEVEL_RATE(pinj_15r|ece15)|LEVEL_RATE(pinj_21l|ece15)|LEVEL_RATE(pinj_21r|ece15)|LEVEL_RATE(pinj_30l|ece15)|LEVEL_RATE(pinj_30r|ece15)|LEVEL_RATE(pinj_33l|ece15)|LEVEL_RATE(pinj_33r|ece15),9,aggregate enters linearly: sum_b (a_b) = (sum_b a_b); pinj * dot(x_z) = sum_b pinj_b * dot(x_z),LOCAL_DOCUMENTED,False,4,LEVEL_RATE(pinj_15r|ece15)|LEVEL_RATE(pinj_21l|ece15)|LEVEL_RATE(pinj_21r|ece15)|LEVEL_RATE(pinj_33l|ece15),VACUOUS,"at least one member is inadmissible, so no admissible support can contain the complete exact set; the constraint is well defined but has no binding instance"
DEP_C8_LEVEL_OVER_RATE_ece15,C8,LEVEL_OVER_RATE(pinj_b|ece15),LEVEL_OVER_RATE(pinj|ece15) = sum_b LEVEL_OVER_RATE(pinj_b|ece15),LEVEL_OVER_RATE(pinj|ece15),LEVEL_OVER_RATE(pinj_15l|ece15)|LEVEL_OVER_RATE(pinj_15r|ece15)|LEVEL_OVER_RATE(pinj_21l|ece15)|LEVEL_OVER_RATE(pinj_21r|ece15)|LEVEL_OVER_RATE(pinj_30l|ece15)|LEVEL_OVER_RATE(pinj_30r|ece15)|LEVEL_OVER_RATE(pinj_33l|ece15)|LEVEL_OVER_RATE(pinj_33r|ece15),9,aggregate enters linearly: sum_b (a_b) = (sum_b a_b); aggregate level in NUMERATOR only,LOCAL_DOCUMENTED,False,9,LEVEL_OVER_RATE(pinj|ece15)|LEVEL_OVER_RATE(pinj_15l|ece15)|LEVEL_OVER_RATE(pinj_15r|ece15)|LEVEL_OVER_RATE(pinj_21l|ece15)|LEVEL_OVER_RATE(pinj_21r|ece15)|LEVEL_OVER_RATE(pinj_30l|ece15)|LEVEL_OVER_RATE(pinj_30r|ece15)|LEVEL_OVER_RATE(pinj_33l|ece15)|LEVEL_OVER_RATE(pinj_33r|ece15),VACUOUS,"at least one member is inadmissible, so no admissible support can contain the complete exact set; the constraint is well defined but has no binding instance"
DEP_C4_PHASE_ece16,C4,PHASE(pinj_b|ece16),PHASE(pinj|ece16) = sum_b PHASE(pinj_b|ece16),PHASE(pinj|ece16),PHASE(pinj_15l|ece16)|PHASE(pinj_15r|ece16)|PHASE(pinj_21l|ece16)|PHASE(pinj_21r|ece16)|PHASE(pinj_30l|ece16)|PHASE(pinj_30r|ece16)|PHASE(pinj_33l|ece16)|PHASE(pinj_33r|ece16),9,"d/dt is linear and FD2_PHYSICAL_TIME_V1 is a fixed linear stencil on the shared grid, so dot(pinj) = sum_b dot(pinj_b); aggregate rate in NUMERATOR only",LOCAL_DOCUMENTED,False,9,PHASE(pinj|ece16)|PHASE(pinj_15l|ece16)|PHASE(pinj_15r|ece16)|PHASE(pinj_21l|ece16)|PHASE(pinj_21r|ece16)|PHASE(pinj_30l|ece16)|PHASE(pinj_30r|ece16)|PHASE(pinj_33l|ece16)|PHASE(pinj_33r|ece16),VACUOUS,"at least one member is inadmissible, so no admissible support can contain the complete exact set; the constraint is well defined but has no binding instance"
DEP_C6_LEVEL_ece16,C6,LEVEL_RATE(pinj_b|ece16),LEVEL_RATE(pinj|ece16) = sum_b LEVEL_RATE(pinj_b|ece16),LEVEL_RATE(pinj|ece16),LEVEL_RATE(pinj_15l|ece16)|LEVEL_RATE(pinj_15r|ece16)|LEVEL_RATE(pinj_21l|ece16)|LEVEL_RATE(pinj_21r|ece16)|LEVEL_RATE(pinj_30l|ece16)|LEVEL_RATE(pinj_30r|ece16)|LEVEL_RATE(pinj_33l|ece16)|LEVEL_RATE(pinj_33r|ece16),9,aggregate enters linearly: sum_b (a_b) = (sum_b a_b); pinj * dot(x_z) = sum_b pinj_b * dot(x_z),LOCAL_DOCUMENTED,False,4,LEVEL_RATE(pinj_15r|ece16)|LEVEL_RATE(pinj_21l|ece16)|LEVEL_RATE(pinj_21r|ece16)|LEVEL_RATE(pinj_33l|ece16),VACUOUS,"at least one member is inadmissible, so no admissible support can contain the complete exact set; the constraint is well defined but has no binding instance"
DEP_C8_LEVEL_OVER_RATE_ece16,C8,LEVEL_OVER_RATE(pinj_b|ece16),LEVEL_OVER_RATE(pinj|ece16) = sum_b LEVEL_OVER_RATE(pinj_b|ece16),LEVEL_OVER_RATE(pinj|ece16),LEVEL_OVER_RATE(pinj_15l|ece16)|LEVEL_OVER_RATE(pinj_15r|ece16)|LEVEL_OVER_RATE(pinj_21l|ece16)|LEVEL_OVER_RATE(pinj_21r|ece16)|LEVEL_OVER_RATE(pinj_30l|ece16)|LEVEL_OVER_RATE(pinj_30r|ece16)|LEVEL_OVER_RATE(pinj_33l|ece16)|LEVEL_OVER_RATE(pinj_33r|ece16),9,aggregate enters linearly: sum_b (a_b) = (sum_b a_b); aggregate level in NUMERATOR only,LOCAL_DOCUMENTED,False,9,LEVEL_OVER_RATE(pinj|ece16)|LEVEL_OVER_RATE(pinj_15l|ece16)|LEVEL_OVER_RATE(pinj_15r|ece16)|LEVEL_OVER_RATE(pinj_21l|ece16)|LEVEL_OVER_RATE(pinj_21r|ece16)|LEVEL_OVER_RATE(pinj_30l|ece16)|LEVEL_OVER_RATE(pinj_30r|ece16)|LEVEL_OVER_RATE(pinj_33l|ece16)|LEVEL_OVER_RATE(pinj_33r|ece16),VACUOUS,"at least one member is inadmissible, so no admissible support can contain the complete exact set; the constraint is well defined but has no binding instance"
DEP_C4_PHASE_ece18,C4,PHASE(pinj_b|ece18),PHASE(pinj|ece18) = sum_b PHASE(pinj_b|ece18),PHASE(pinj|ece18),PHASE(pinj_15l|ece18)|PHASE(pinj_15r|ece18)|PHASE(pinj_21l|ece18)|PHASE(pinj_21r|ece18)|PHASE(pinj_30l|ece18)|PHASE(pinj_30r|ece18)|PHASE(pinj_33l|ece18)|PHASE(pinj_33r|ece18),9,"d/dt is linear and FD2_PHYSICAL_TIME_V1 is a fixed linear stencil on the shared grid, so dot(pinj) = sum_b dot(pinj_b); aggregate rate in NUMERATOR only",LOCAL_DOCUMENTED,False,9,PHASE(pinj|ece18)|PHASE(pinj_15l|ece18)|PHASE(pinj_15r|ece18)|PHASE(pinj_21l|ece18)|PHASE(pinj_21r|ece18)|PHASE(pinj_30l|ece18)|PHASE(pinj_30r|ece18)|PHASE(pinj_33l|ece18)|PHASE(pinj_33r|ece18),VACUOUS,"at least one member is inadmissible, so no admissible support can contain the complete exact set; the constraint is well defined but has no binding instance"
DEP_C6_LEVEL_ece18,C6,LEVEL_RATE(pinj_b|ece18),LEVEL_RATE(pinj|ece18) = sum_b LEVEL_RATE(pinj_b|ece18),LEVEL_RATE(pinj|ece18),LEVEL_RATE(pinj_15l|ece18)|LEVEL_RATE(pinj_15r|ece18)|LEVEL_RATE(pinj_21l|ece18)|LEVEL_RATE(pinj_21r|ece18)|LEVEL_RATE(pinj_30l|ece18)|LEVEL_RATE(pinj_30r|ece18)|LEVEL_RATE(pinj_33l|ece18)|LEVEL_RATE(pinj_33r|ece18),9,aggregate enters linearly: sum_b (a_b) = (sum_b a_b); pinj * dot(x_z) = sum_b pinj_b * dot(x_z),LOCAL_DOCUMENTED,False,4,LEVEL_RATE(pinj_15r|ece18)|LEVEL_RATE(pinj_21l|ece18)|LEVEL_RATE(pinj_21r|ece18)|LEVEL_RATE(pinj_33l|ece18),VACUOUS,"at least one member is inadmissible, so no admissible support can contain the complete exact set; the constraint is well defined but has no binding instance"
DEP_C8_LEVEL_OVER_RATE_ece18,C8,LEVEL_OVER_RATE(pinj_b|ece18),LEVEL_OVER_RATE(pinj|ece18) = sum_b LEVEL_OVER_RATE(pinj_b|ece18),LEVEL_OVER_RATE(pinj|ece18),LEVEL_OVER_RATE(pinj_15l|ece18)|LEVEL_OVER_RATE(pinj_15r|ece18)|LEVEL_OVER_RATE(pinj_21l|ece18)|LEVEL_OVER_RATE(pinj_21r|ece18)|LEVEL_OVER_RATE(pinj_30l|ece18)|LEVEL_OVER_RATE(pinj_30r|ece18)|LEVEL_OVER_RATE(pinj_33l|ece18)|LEVEL_OVER_RATE(pinj_33r|ece18),9,aggregate enters linearly: sum_b (a_b) = (sum_b a_b); aggregate level in NUMERATOR only,LOCAL_DOCUMENTED,False,9,LEVEL_OVER_RATE(pinj|ece18)|LEVEL_OVER_RATE(pinj_15l|ece18)|LEVEL_OVER_RATE(pinj_15r|ece18)|LEVEL_OVER_RATE(pinj_21l|ece18)|LEVEL_OVER_RATE(pinj_21r|ece18)|LEVEL_OVER_RATE(pinj_30l|ece18)|LEVEL_OVER_RATE(pinj_30r|ece18)|LEVEL_OVER_RATE(pinj_33l|ece18)|LEVEL_OVER_RATE(pinj_33r|ece18),VACUOUS,"at least one member is inadmissible, so no admissible support can contain the complete exact set; the constraint is well defined but has no binding instance"
DEP_C4_PHASE_ece19,C4,PHASE(pinj_b|ece19),PHASE(pinj|ece19) = sum_b PHASE(pinj_b|ece19),PHASE(pinj|ece19),PHASE(pinj_15l|ece19)|PHASE(pinj_15r|ece19)|PHASE(pinj_21l|ece19)|PHASE(pinj_21r|ece19)|PHASE(pinj_30l|ece19)|PHASE(pinj_30r|ece19)|PHASE(pinj_33l|ece19)|PHASE(pinj_33r|ece19),9,"d/dt is linear and FD2_PHYSICAL_TIME_V1 is a fixed linear stencil on the shared grid, so dot(pinj) = sum_b dot(pinj_b); aggregate rate in NUMERATOR only",LOCAL_DOCUMENTED,False,9,PHASE(pinj|ece19)|PHASE(pinj_15l|ece19)|PHASE(pinj_15r|ece19)|PHASE(pinj_21l|ece19)|PHASE(pinj_21r|ece19)|PHASE(pinj_30l|ece19)|PHASE(pinj_30r|ece19)|PHASE(pinj_33l|ece19)|PHASE(pinj_33r|ece19),VACUOUS,"at least one member is inadmissible, so no admissible support can contain the complete exact set; the constraint is well defined but has no binding instance"
DEP_C6_LEVEL_ece19,C6,LEVEL_RATE(pinj_b|ece19),LEVEL_RATE(pinj|ece19) = sum_b LEVEL_RATE(pinj_b|ece19),LEVEL_RATE(pinj|ece19),LEVEL_RATE(pinj_15l|ece19)|LEVEL_RATE(pinj_15r|ece19)|LEVEL_RATE(pinj_21l|ece19)|LEVEL_RATE(pinj_21r|ece19)|LEVEL_RATE(pinj_30l|ece19)|LEVEL_RATE(pinj_30r|ece19)|LEVEL_RATE(pinj_33l|ece19)|LEVEL_RATE(pinj_33r|ece19),9,aggregate enters linearly: sum_b (a_b) = (sum_b a_b); pinj * dot(x_z) = sum_b pinj_b * dot(x_z),LOCAL_DOCUMENTED,False,4,LEVEL_RATE(pinj_15r|ece19)|LEVEL_RATE(pinj_21l|ece19)|LEVEL_RATE(pinj_21r|ece19)|LEVEL_RATE(pinj_33l|ece19),VACUOUS,"at least one member is inadmissible, so no admissible support can contain the complete exact set; the constraint is well defined but has no binding instance"
DEP_C8_LEVEL_OVER_RATE_ece19,C8,LEVEL_OVER_RATE(pinj_b|ece19),LEVEL_OVER_RATE(pinj|ece19) = sum_b LEVEL_OVER_RATE(pinj_b|ece19),LEVEL_OVER_RATE(pinj|ece19),LEVEL_OVER_RATE(pinj_15l|ece19)|LEVEL_OVER_RATE(pinj_15r|ece19)|LEVEL_OVER_RATE(pinj_21l|ece19)|LEVEL_OVER_RATE(pinj_21r|ece19)|LEVEL_OVER_RATE(pinj_30l|ece19)|LEVEL_OVER_RATE(pinj_30r|ece19)|LEVEL_OVER_RATE(pinj_33l|ece19)|LEVEL_OVER_RATE(pinj_33r|ece19),9,aggregate enters linearly: sum_b (a_b) = (sum_b a_b); aggregate level in NUMERATOR only,LOCAL_DOCUMENTED,False,9,LEVEL_OVER_RATE(pinj|ece19)|LEVEL_OVER_RATE(pinj_15l|ece19)|LEVEL_OVER_RATE(pinj_15r|ece19)|LEVEL_OVER_RATE(pinj_21l|ece19)|LEVEL_OVER_RATE(pinj_21r|ece19)|LEVEL_OVER_RATE(pinj_30l|ece19)|LEVEL_OVER_RATE(pinj_30r|ece19)|LEVEL_OVER_RATE(pinj_33l|ece19)|LEVEL_OVER_RATE(pinj_33r|ece19),VACUOUS,"at least one member is inadmissible, so no admissible support can contain the complete exact set; the constraint is well defined but has no binding instance"
DEP_C4_PHASE_ece20,C4,PHASE(pinj_b|ece20),PHASE(pinj|ece20) = sum_b PHASE(pinj_b|ece20),PHASE(pinj|ece20),PHASE(pinj_15l|ece20)|PHASE(pinj_15r|ece20)|PHASE(pinj_21l|ece20)|PHASE(pinj_21r|ece20)|PHASE(pinj_30l|ece20)|PHASE(pinj_30r|ece20)|PHASE(pinj_33l|ece20)|PHASE(pinj_33r|ece20),9,"d/dt is linear and FD2_PHYSICAL_TIME_V1 is a fixed linear stencil on the shared grid, so dot(pinj) = sum_b dot(pinj_b); aggregate rate in NUMERATOR only",LOCAL_DOCUMENTED,False,9,PHASE(pinj|ece20)|PHASE(pinj_15l|ece20)|PHASE(pinj_15r|ece20)|PHASE(pinj_21l|ece20)|PHASE(pinj_21r|ece20)|PHASE(pinj_30l|ece20)|PHASE(pinj_30r|ece20)|PHASE(pinj_33l|ece20)|PHASE(pinj_33r|ece20),VACUOUS,"at least one member is inadmissible, so no admissible support can contain the complete exact set; the constraint is well defined but has no binding instance"
DEP_C6_LEVEL_ece20,C6,LEVEL_RATE(pinj_b|ece20),LEVEL_RATE(pinj|ece20) = sum_b LEVEL_RATE(pinj_b|ece20),LEVEL_RATE(pinj|ece20),LEVEL_RATE(pinj_15l|ece20)|LEVEL_RATE(pinj_15r|ece20)|LEVEL_RATE(pinj_21l|ece20)|LEVEL_RATE(pinj_21r|ece20)|LEVEL_RATE(pinj_30l|ece20)|LEVEL_RATE(pinj_30r|ece20)|LEVEL_RATE(pinj_33l|ece20)|LEVEL_RATE(pinj_33r|ece20),9,aggregate enters linearly: sum_b (a_b) = (sum_b a_b); pinj * dot(x_z) = sum_b pinj_b * dot(x_z),LOCAL_DOCUMENTED,False,4,LEVEL_RATE(pinj_15r|ece20)|LEVEL_RATE(pinj_21l|ece20)|LEVEL_RATE(pinj_21r|ece20)|LEVEL_RATE(pinj_33l|ece20),VACUOUS,"at least one member is inadmissible, so no admissible support can contain the complete exact set; the constraint is well defined but has no binding instance"
DEP_C8_LEVEL_OVER_RATE_ece20,C8,LEVEL_OVER_RATE(pinj_b|ece20),LEVEL_OVER_RATE(pinj|ece20) = sum_b LEVEL_OVER_RATE(pinj_b|ece20),LEVEL_OVER_RATE(pinj|ece20),LEVEL_OVER_RATE(pinj_15l|ece20)|LEVEL_OVER_RATE(pinj_15r|ece20)|LEVEL_OVER_RATE(pinj_21l|ece20)|LEVEL_OVER_RATE(pinj_21r|ece20)|LEVEL_OVER_RATE(pinj_30l|ece20)|LEVEL_OVER_RATE(pinj_30r|ece20)|LEVEL_OVER_RATE(pinj_33l|ece20)|LEVEL_OVER_RATE(pinj_33r|ece20),9,aggregate enters linearly: sum_b (a_b) = (sum_b a_b); aggregate level in NUMERATOR only,LOCAL_DOCUMENTED,False,9,LEVEL_OVER_RATE(pinj|ece20)|LEVEL_OVER_RATE(pinj_15l|ece20)|LEVEL_OVER_RATE(pinj_15r|ece20)|LEVEL_OVER_RATE(pinj_21l|ece20)|LEVEL_OVER_RATE(pinj_21r|ece20)|LEVEL_OVER_RATE(pinj_30l|ece20)|LEVEL_OVER_RATE(pinj_30r|ece20)|LEVEL_OVER_RATE(pinj_33l|ece20)|LEVEL_OVER_RATE(pinj_33r|ece20),VACUOUS,"at least one member is inadmissible, so no admissible support can contain the complete exact set; the constraint is well defined but has no binding instance"
DEP_C4_PHASE_ece21,C4,PHASE(pinj_b|ece21),PHASE(pinj|ece21) = sum_b PHASE(pinj_b|ece21),PHASE(pinj|ece21),PHASE(pinj_15l|ece21)|PHASE(pinj_15r|ece21)|PHASE(pinj_21l|ece21)|PHASE(pinj_21r|ece21)|PHASE(pinj_30l|ece21)|PHASE(pinj_30r|ece21)|PHASE(pinj_33l|ece21)|PHASE(pinj_33r|ece21),9,"d/dt is linear and FD2_PHYSICAL_TIME_V1 is a fixed linear stencil on the shared grid, so dot(pinj) = sum_b dot(pinj_b); aggregate rate in NUMERATOR only",LOCAL_DOCUMENTED,False,9,PHASE(pinj|ece21)|PHASE(pinj_15l|ece21)|PHASE(pinj_15r|ece21)|PHASE(pinj_21l|ece21)|PHASE(pinj_21r|ece21)|PHASE(pinj_30l|ece21)|PHASE(pinj_30r|ece21)|PHASE(pinj_33l|ece21)|PHASE(pinj_33r|ece21),VACUOUS,"at least one member is inadmissible, so no admissible support can contain the complete exact set; the constraint is well defined but has no binding instance"
DEP_C6_LEVEL_ece21,C6,LEVEL_RATE(pinj_b|ece21),LEVEL_RATE(pinj|ece21) = sum_b LEVEL_RATE(pinj_b|ece21),LEVEL_RATE(pinj|ece21),LEVEL_RATE(pinj_15l|ece21)|LEVEL_RATE(pinj_15r|ece21)|LEVEL_RATE(pinj_21l|ece21)|LEVEL_RATE(pinj_21r|ece21)|LEVEL_RATE(pinj_30l|ece21)|LEVEL_RATE(pinj_30r|ece21)|LEVEL_RATE(pinj_33l|ece21)|LEVEL_RATE(pinj_33r|ece21),9,aggregate enters linearly: sum_b (a_b) = (sum_b a_b); pinj * dot(x_z) = sum_b pinj_b * dot(x_z),LOCAL_DOCUMENTED,False,4,LEVEL_RATE(pinj_15r|ece21)|LEVEL_RATE(pinj_21l|ece21)|LEVEL_RATE(pinj_21r|ece21)|LEVEL_RATE(pinj_33l|ece21),VACUOUS,"at least one member is inadmissible, so no admissible support can contain the complete exact set; the constraint is well defined but has no binding instance"
DEP_C8_LEVEL_OVER_RATE_ece21,C8,LEVEL_OVER_RATE(pinj_b|ece21),LEVEL_OVER_RATE(pinj|ece21) = sum_b LEVEL_OVER_RATE(pinj_b|ece21),LEVEL_OVER_RATE(pinj|ece21),LEVEL_OVER_RATE(pinj_15l|ece21)|LEVEL_OVER_RATE(pinj_15r|ece21)|LEVEL_OVER_RATE(pinj_21l|ece21)|LEVEL_OVER_RATE(pinj_21r|ece21)|LEVEL_OVER_RATE(pinj_30l|ece21)|LEVEL_OVER_RATE(pinj_30r|ece21)|LEVEL_OVER_RATE(pinj_33l|ece21)|LEVEL_OVER_RATE(pinj_33r|ece21),9,aggregate enters linearly: sum_b (a_b) = (sum_b a_b); aggregate level in NUMERATOR only,LOCAL_DOCUMENTED,False,9,LEVEL_OVER_RATE(pinj|ece21)|LEVEL_OVER_RATE(pinj_15l|ece21)|LEVEL_OVER_RATE(pinj_15r|ece21)|LEVEL_OVER_RATE(pinj_21l|ece21)|LEVEL_OVER_RATE(pinj_21r|ece21)|LEVEL_OVER_RATE(pinj_30l|ece21)|LEVEL_OVER_RATE(pinj_30r|ece21)|LEVEL_OVER_RATE(pinj_33l|ece21)|LEVEL_OVER_RATE(pinj_33r|ece21),VACUOUS,"at least one member is inadmissible, so no admissible support can contain the complete exact set; the constraint is well defined but has no binding instance"
DEP_C4_PHASE_ece22,C4,PHASE(pinj_b|ece22),PHASE(pinj|ece22) = sum_b PHASE(pinj_b|ece22),PHASE(pinj|ece22),PHASE(pinj_15l|ece22)|PHASE(pinj_15r|ece22)|PHASE(pinj_21l|ece22)|PHASE(pinj_21r|ece22)|PHASE(pinj_30l|ece22)|PHASE(pinj_30r|ece22)|PHASE(pinj_33l|ece22)|PHASE(pinj_33r|ece22),9,"d/dt is linear and FD2_PHYSICAL_TIME_V1 is a fixed linear stencil on the shared grid, so dot(pinj) = sum_b dot(pinj_b); aggregate rate in NUMERATOR only",LOCAL_DOCUMENTED,False,9,PHASE(pinj|ece22)|PHASE(pinj_15l|ece22)|PHASE(pinj_15r|ece22)|PHASE(pinj_21l|ece22)|PHASE(pinj_21r|ece22)|PHASE(pinj_30l|ece22)|PHASE(pinj_30r|ece22)|PHASE(pinj_33l|ece22)|PHASE(pinj_33r|ece22),VACUOUS,"at least one member is inadmissible, so no admissible support can contain the complete exact set; the constraint is well defined but has no binding instance"
DEP_C6_LEVEL_ece22,C6,LEVEL_RATE(pinj_b|ece22),LEVEL_RATE(pinj|ece22) = sum_b LEVEL_RATE(pinj_b|ece22),LEVEL_RATE(pinj|ece22),LEVEL_RATE(pinj_15l|ece22)|LEVEL_RATE(pinj_15r|ece22)|LEVEL_RATE(pinj_21l|ece22)|LEVEL_RATE(pinj_21r|ece22)|LEVEL_RATE(pinj_30l|ece22)|LEVEL_RATE(pinj_30r|ece22)|LEVEL_RATE(pinj_33l|ece22)|LEVEL_RATE(pinj_33r|ece22),9,aggregate enters linearly: sum_b (a_b) = (sum_b a_b); pinj * dot(x_z) = sum_b pinj_b * dot(x_z),LOCAL_DOCUMENTED,False,4,LEVEL_RATE(pinj_15r|ece22)|LEVEL_RATE(pinj_21l|ece22)|LEVEL_RATE(pinj_21r|ece22)|LEVEL_RATE(pinj_33l|ece22),VACUOUS,"at least one member is inadmissible, so no admissible support can contain the complete exact set; the constraint is well defined but has no binding instance"
DEP_C8_LEVEL_OVER_RATE_ece22,C8,LEVEL_OVER_RATE(pinj_b|ece22),LEVEL_OVER_RATE(pinj|ece22) = sum_b LEVEL_OVER_RATE(pinj_b|ece22),LEVEL_OVER_RATE(pinj|ece22),LEVEL_OVER_RATE(pinj_15l|ece22)|LEVEL_OVER_RATE(pinj_15r|ece22)|LEVEL_OVER_RATE(pinj_21l|ece22)|LEVEL_OVER_RATE(pinj_21r|ece22)|LEVEL_OVER_RATE(pinj_30l|ece22)|LEVEL_OVER_RATE(pinj_30r|ece22)|LEVEL_OVER_RATE(pinj_33l|ece22)|LEVEL_OVER_RATE(pinj_33r|ece22),9,aggregate enters linearly: sum_b (a_b) = (sum_b a_b); aggregate level in NUMERATOR only,LOCAL_DOCUMENTED,False,9,LEVEL_OVER_RATE(pinj|ece22)|LEVEL_OVER_RATE(pinj_15l|ece22)|LEVEL_OVER_RATE(pinj_15r|ece22)|LEVEL_OVER_RATE(pinj_21l|ece22)|LEVEL_OVER_RATE(pinj_21r|ece22)|LEVEL_OVER_RATE(pinj_30l|ece22)|LEVEL_OVER_RATE(pinj_30r|ece22)|LEVEL_OVER_RATE(pinj_33l|ece22)|LEVEL_OVER_RATE(pinj_33r|ece22),VACUOUS,"at least one member is inadmissible, so no admissible support can contain the complete exact set; the constraint is well defined but has no binding instance"
DEP_C4_PHASE_ece25,C4,PHASE(pinj_b|ece25),PHASE(pinj|ece25) = sum_b PHASE(pinj_b|ece25),PHASE(pinj|ece25),PHASE(pinj_15l|ece25)|PHASE(pinj_15r|ece25)|PHASE(pinj_21l|ece25)|PHASE(pinj_21r|ece25)|PHASE(pinj_30l|ece25)|PHASE(pinj_30r|ece25)|PHASE(pinj_33l|ece25)|PHASE(pinj_33r|ece25),9,"d/dt is linear and FD2_PHYSICAL_TIME_V1 is a fixed linear stencil on the shared grid, so dot(pinj) = sum_b dot(pinj_b); aggregate rate in NUMERATOR only",LOCAL_DOCUMENTED,False,9,PHASE(pinj|ece25)|PHASE(pinj_15l|ece25)|PHASE(pinj_15r|ece25)|PHASE(pinj_21l|ece25)|PHASE(pinj_21r|ece25)|PHASE(pinj_30l|ece25)|PHASE(pinj_30r|ece25)|PHASE(pinj_33l|ece25)|PHASE(pinj_33r|ece25),VACUOUS,"at least one member is inadmissible, so no admissible support can contain the complete exact set; the constraint is well defined but has no binding instance"
DEP_C6_LEVEL_ece25,C6,LEVEL_RATE(pinj_b|ece25),LEVEL_RATE(pinj|ece25) = sum_b LEVEL_RATE(pinj_b|ece25),LEVEL_RATE(pinj|ece25),LEVEL_RATE(pinj_15l|ece25)|LEVEL_RATE(pinj_15r|ece25)|LEVEL_RATE(pinj_21l|ece25)|LEVEL_RATE(pinj_21r|ece25)|LEVEL_RATE(pinj_30l|ece25)|LEVEL_RATE(pinj_30r|ece25)|LEVEL_RATE(pinj_33l|ece25)|LEVEL_RATE(pinj_33r|ece25),9,aggregate enters linearly: sum_b (a_b) = (sum_b a_b); pinj * dot(x_z) = sum_b pinj_b * dot(x_z),LOCAL_DOCUMENTED,False,4,LEVEL_RATE(pinj_15r|ece25)|LEVEL_RATE(pinj_21l|ece25)|LEVEL_RATE(pinj_21r|ece25)|LEVEL_RATE(pinj_33l|ece25),VACUOUS,"at least one member is inadmissible, so no admissible support can contain the complete exact set; the constraint is well defined but has no binding instance"
DEP_C8_LEVEL_OVER_RATE_ece25,C8,LEVEL_OVER_RATE(pinj_b|ece25),LEVEL_OVER_RATE(pinj|ece25) = sum_b LEVEL_OVER_RATE(pinj_b|ece25),LEVEL_OVER_RATE(pinj|ece25),LEVEL_OVER_RATE(pinj_15l|ece25)|LEVEL_OVER_RATE(pinj_15r|ece25)|LEVEL_OVER_RATE(pinj_21l|ece25)|LEVEL_OVER_RATE(pinj_21r|ece25)|LEVEL_OVER_RATE(pinj_30l|ece25)|LEVEL_OVER_RATE(pinj_30r|ece25)|LEVEL_OVER_RATE(pinj_33l|ece25)|LEVEL_OVER_RATE(pinj_33r|ece25),9,aggregate enters linearly: sum_b (a_b) = (sum_b a_b); aggregate level in NUMERATOR only,LOCAL_DOCUMENTED,False,9,LEVEL_OVER_RATE(pinj|ece25)|LEVEL_OVER_RATE(pinj_15l|ece25)|LEVEL_OVER_RATE(pinj_15r|ece25)|LEVEL_OVER_RATE(pinj_21l|ece25)|LEVEL_OVER_RATE(pinj_21r|ece25)|LEVEL_OVER_RATE(pinj_30l|ece25)|LEVEL_OVER_RATE(pinj_30r|ece25)|LEVEL_OVER_RATE(pinj_33l|ece25)|LEVEL_OVER_RATE(pinj_33r|ece25),VACUOUS,"at least one member is inadmissible, so no admissible support can contain the complete exact set; the constraint is well defined but has no binding instance"
DEP_C4_PHASE_ece27,C4,PHASE(pinj_b|ece27),PHASE(pinj|ece27) = sum_b PHASE(pinj_b|ece27),PHASE(pinj|ece27),PHASE(pinj_15l|ece27)|PHASE(pinj_15r|ece27)|PHASE(pinj_21l|ece27)|PHASE(pinj_21r|ece27)|PHASE(pinj_30l|ece27)|PHASE(pinj_30r|ece27)|PHASE(pinj_33l|ece27)|PHASE(pinj_33r|ece27),9,"d/dt is linear and FD2_PHYSICAL_TIME_V1 is a fixed linear stencil on the shared grid, so dot(pinj) = sum_b dot(pinj_b); aggregate rate in NUMERATOR only",LOCAL_DOCUMENTED,False,9,PHASE(pinj|ece27)|PHASE(pinj_15l|ece27)|PHASE(pinj_15r|ece27)|PHASE(pinj_21l|ece27)|PHASE(pinj_21r|ece27)|PHASE(pinj_30l|ece27)|PHASE(pinj_30r|ece27)|PHASE(pinj_33l|ece27)|PHASE(pinj_33r|ece27),VACUOUS,"at least one member is inadmissible, so no admissible support can contain the complete exact set; the constraint is well defined but has no binding instance"
DEP_C6_LEVEL_ece27,C6,LEVEL_RATE(pinj_b|ece27),LEVEL_RATE(pinj|ece27) = sum_b LEVEL_RATE(pinj_b|ece27),LEVEL_RATE(pinj|ece27),LEVEL_RATE(pinj_15l|ece27)|LEVEL_RATE(pinj_15r|ece27)|LEVEL_RATE(pinj_21l|ece27)|LEVEL_RATE(pinj_21r|ece27)|LEVEL_RATE(pinj_30l|ece27)|LEVEL_RATE(pinj_30r|ece27)|LEVEL_RATE(pinj_33l|ece27)|LEVEL_RATE(pinj_33r|ece27),9,aggregate enters linearly: sum_b (a_b) = (sum_b a_b); pinj * dot(x_z) = sum_b pinj_b * dot(x_z),LOCAL_DOCUMENTED,False,4,LEVEL_RATE(pinj_15r|ece27)|LEVEL_RATE(pinj_21l|ece27)|LEVEL_RATE(pinj_21r|ece27)|LEVEL_RATE(pinj_33l|ece27),VACUOUS,"at least one member is inadmissible, so no admissible support can contain the complete exact set; the constraint is well defined but has no binding instance"
DEP_C8_LEVEL_OVER_RATE_ece27,C8,LEVEL_OVER_RATE(pinj_b|ece27),LEVEL_OVER_RATE(pinj|ece27) = sum_b LEVEL_OVER_RATE(pinj_b|ece27),LEVEL_OVER_RATE(pinj|ece27),LEVEL_OVER_RATE(pinj_15l|ece27)|LEVEL_OVER_RATE(pinj_15r|ece27)|LEVEL_OVER_RATE(pinj_21l|ece27)|LEVEL_OVER_RATE(pinj_21r|ece27)|LEVEL_OVER_RATE(pinj_30l|ece27)|LEVEL_OVER_RATE(pinj_30r|ece27)|LEVEL_OVER_RATE(pinj_33l|ece27)|LEVEL_OVER_RATE(pinj_33r|ece27),9,aggregate enters linearly: sum_b (a_b) = (sum_b a_b); aggregate level in NUMERATOR only,LOCAL_DOCUMENTED,False,9,LEVEL_OVER_RATE(pinj|ece27)|LEVEL_OVER_RATE(pinj_15l|ece27)|LEVEL_OVER_RATE(pinj_15r|ece27)|LEVEL_OVER_RATE(pinj_21l|ece27)|LEVEL_OVER_RATE(pinj_21r|ece27)|LEVEL_OVER_RATE(pinj_30l|ece27)|LEVEL_OVER_RATE(pinj_30r|ece27)|LEVEL_OVER_RATE(pinj_33l|ece27)|LEVEL_OVER_RATE(pinj_33r|ece27),VACUOUS,"at least one member is inadmissible, so no admissible support can contain the complete exact set; the constraint is well defined but has no binding instance"
DEP_C4_PHASE_ece28,C4,PHASE(pinj_b|ece28),PHASE(pinj|ece28) = sum_b PHASE(pinj_b|ece28),PHASE(pinj|ece28),PHASE(pinj_15l|ece28)|PHASE(pinj_15r|ece28)|PHASE(pinj_21l|ece28)|PHASE(pinj_21r|ece28)|PHASE(pinj_30l|ece28)|PHASE(pinj_30r|ece28)|PHASE(pinj_33l|ece28)|PHASE(pinj_33r|ece28),9,"d/dt is linear and FD2_PHYSICAL_TIME_V1 is a fixed linear stencil on the shared grid, so dot(pinj) = sum_b dot(pinj_b); aggregate rate in NUMERATOR only",LOCAL_DOCUMENTED,False,9,PHASE(pinj|ece28)|PHASE(pinj_15l|ece28)|PHASE(pinj_15r|ece28)|PHASE(pinj_21l|ece28)|PHASE(pinj_21r|ece28)|PHASE(pinj_30l|ece28)|PHASE(pinj_30r|ece28)|PHASE(pinj_33l|ece28)|PHASE(pinj_33r|ece28),VACUOUS,"at least one member is inadmissible, so no admissible support can contain the complete exact set; the constraint is well defined but has no binding instance"
DEP_C6_LEVEL_ece28,C6,LEVEL_RATE(pinj_b|ece28),LEVEL_RATE(pinj|ece28) = sum_b LEVEL_RATE(pinj_b|ece28),LEVEL_RATE(pinj|ece28),LEVEL_RATE(pinj_15l|ece28)|LEVEL_RATE(pinj_15r|ece28)|LEVEL_RATE(pinj_21l|ece28)|LEVEL_RATE(pinj_21r|ece28)|LEVEL_RATE(pinj_30l|ece28)|LEVEL_RATE(pinj_30r|ece28)|LEVEL_RATE(pinj_33l|ece28)|LEVEL_RATE(pinj_33r|ece28),9,aggregate enters linearly: sum_b (a_b) = (sum_b a_b); pinj * dot(x_z) = sum_b pinj_b * dot(x_z),LOCAL_DOCUMENTED,False,4,LEVEL_RATE(pinj_15r|ece28)|LEVEL_RATE(pinj_21l|ece28)|LEVEL_RATE(pinj_21r|ece28)|LEVEL_RATE(pinj_33l|ece28),VACUOUS,"at least one member is inadmissible, so no admissible support can contain the complete exact set; the constraint is well defined but has no binding instance"
DEP_C8_LEVEL_OVER_RATE_ece28,C8,LEVEL_OVER_RATE(pinj_b|ece28),LEVEL_OVER_RATE(pinj|ece28) = sum_b LEVEL_OVER_RATE(pinj_b|ece28),LEVEL_OVER_RATE(pinj|ece28),LEVEL_OVER_RATE(pinj_15l|ece28)|LEVEL_OVER_RATE(pinj_15r|ece28)|LEVEL_OVER_RATE(pinj_21l|ece28)|LEVEL_OVER_RATE(pinj_21r|ece28)|LEVEL_OVER_RATE(pinj_30l|ece28)|LEVEL_OVER_RATE(pinj_30r|ece28)|LEVEL_OVER_RATE(pinj_33l|ece28)|LEVEL_OVER_RATE(pinj_33r|ece28),9,aggregate enters linearly: sum_b (a_b) = (sum_b a_b); aggregate level in NUMERATOR only,LOCAL_DOCUMENTED,False,9,LEVEL_OVER_RATE(pinj|ece28)|LEVEL_OVER_RATE(pinj_15l|ece28)|LEVEL_OVER_RATE(pinj_15r|ece28)|LEVEL_OVER_RATE(pinj_21l|ece28)|LEVEL_OVER_RATE(pinj_21r|ece28)|LEVEL_OVER_RATE(pinj_30l|ece28)|LEVEL_OVER_RATE(pinj_30r|ece28)|LEVEL_OVER_RATE(pinj_33l|ece28)|LEVEL_OVER_RATE(pinj_33r|ece28),VACUOUS,"at least one member is inadmissible, so no admissible support can contain the complete exact set; the constraint is well defined but has no binding instance"
DEP_C4_PHASE_ece29,C4,PHASE(pinj_b|ece29),PHASE(pinj|ece29) = sum_b PHASE(pinj_b|ece29),PHASE(pinj|ece29),PHASE(pinj_15l|ece29)|PHASE(pinj_15r|ece29)|PHASE(pinj_21l|ece29)|PHASE(pinj_21r|ece29)|PHASE(pinj_30l|ece29)|PHASE(pinj_30r|ece29)|PHASE(pinj_33l|ece29)|PHASE(pinj_33r|ece29),9,"d/dt is linear and FD2_PHYSICAL_TIME_V1 is a fixed linear stencil on the shared grid, so dot(pinj) = sum_b dot(pinj_b); aggregate rate in NUMERATOR only",LOCAL_DOCUMENTED,False,9,PHASE(pinj|ece29)|PHASE(pinj_15l|ece29)|PHASE(pinj_15r|ece29)|PHASE(pinj_21l|ece29)|PHASE(pinj_21r|ece29)|PHASE(pinj_30l|ece29)|PHASE(pinj_30r|ece29)|PHASE(pinj_33l|ece29)|PHASE(pinj_33r|ece29),VACUOUS,"at least one member is inadmissible, so no admissible support can contain the complete exact set; the constraint is well defined but has no binding instance"
DEP_C6_LEVEL_ece29,C6,LEVEL_RATE(pinj_b|ece29),LEVEL_RATE(pinj|ece29) = sum_b LEVEL_RATE(pinj_b|ece29),LEVEL_RATE(pinj|ece29),LEVEL_RATE(pinj_15l|ece29)|LEVEL_RATE(pinj_15r|ece29)|LEVEL_RATE(pinj_21l|ece29)|LEVEL_RATE(pinj_21r|ece29)|LEVEL_RATE(pinj_30l|ece29)|LEVEL_RATE(pinj_30r|ece29)|LEVEL_RATE(pinj_33l|ece29)|LEVEL_RATE(pinj_33r|ece29),9,aggregate enters linearly: sum_b (a_b) = (sum_b a_b); pinj * dot(x_z) = sum_b pinj_b * dot(x_z),LOCAL_DOCUMENTED,False,4,LEVEL_RATE(pinj_15r|ece29)|LEVEL_RATE(pinj_21l|ece29)|LEVEL_RATE(pinj_21r|ece29)|LEVEL_RATE(pinj_33l|ece29),VACUOUS,"at least one member is inadmissible, so no admissible support can contain the complete exact set; the constraint is well defined but has no binding instance"
DEP_C8_LEVEL_OVER_RATE_ece29,C8,LEVEL_OVER_RATE(pinj_b|ece29),LEVEL_OVER_RATE(pinj|ece29) = sum_b LEVEL_OVER_RATE(pinj_b|ece29),LEVEL_OVER_RATE(pinj|ece29),LEVEL_OVER_RATE(pinj_15l|ece29)|LEVEL_OVER_RATE(pinj_15r|ece29)|LEVEL_OVER_RATE(pinj_21l|ece29)|LEVEL_OVER_RATE(pinj_21r|ece29)|LEVEL_OVER_RATE(pinj_30l|ece29)|LEVEL_OVER_RATE(pinj_30r|ece29)|LEVEL_OVER_RATE(pinj_33l|ece29)|LEVEL_OVER_RATE(pinj_33r|ece29),9,aggregate enters linearly: sum_b (a_b) = (sum_b a_b); aggregate level in NUMERATOR only,LOCAL_DOCUMENTED,False,9,LEVEL_OVER_RATE(pinj|ece29)|LEVEL_OVER_RATE(pinj_15l|ece29)|LEVEL_OVER_RATE(pinj_15r|ece29)|LEVEL_OVER_RATE(pinj_21l|ece29)|LEVEL_OVER_RATE(pinj_21r|ece29)|LEVEL_OVER_RATE(pinj_30l|ece29)|LEVEL_OVER_RATE(pinj_30r|ece29)|LEVEL_OVER_RATE(pinj_33l|ece29)|LEVEL_OVER_RATE(pinj_33r|ece29),VACUOUS,"at least one member is inadmissible, so no admissible support can contain the complete exact set; the constraint is well defined but has no binding instance"
DEP_C4_PHASE_ece30,C4,PHASE(pinj_b|ece30),PHASE(pinj|ece30) = sum_b PHASE(pinj_b|ece30),PHASE(pinj|ece30),PHASE(pinj_15l|ece30)|PHASE(pinj_15r|ece30)|PHASE(pinj_21l|ece30)|PHASE(pinj_21r|ece30)|PHASE(pinj_30l|ece30)|PHASE(pinj_30r|ece30)|PHASE(pinj_33l|ece30)|PHASE(pinj_33r|ece30),9,"d/dt is linear and FD2_PHYSICAL_TIME_V1 is a fixed linear stencil on the shared grid, so dot(pinj) = sum_b dot(pinj_b); aggregate rate in NUMERATOR only",LOCAL_DOCUMENTED,False,9,PHASE(pinj|ece30)|PHASE(pinj_15l|ece30)|PHASE(pinj_15r|ece30)|PHASE(pinj_21l|ece30)|PHASE(pinj_21r|ece30)|PHASE(pinj_30l|ece30)|PHASE(pinj_30r|ece30)|PHASE(pinj_33l|ece30)|PHASE(pinj_33r|ece30),VACUOUS,"at least one member is inadmissible, so no admissible support can contain the complete exact set; the constraint is well defined but has no binding instance"
DEP_C6_LEVEL_ece30,C6,LEVEL_RATE(pinj_b|ece30),LEVEL_RATE(pinj|ece30) = sum_b LEVEL_RATE(pinj_b|ece30),LEVEL_RATE(pinj|ece30),LEVEL_RATE(pinj_15l|ece30)|LEVEL_RATE(pinj_15r|ece30)|LEVEL_RATE(pinj_21l|ece30)|LEVEL_RATE(pinj_21r|ece30)|LEVEL_RATE(pinj_30l|ece30)|LEVEL_RATE(pinj_30r|ece30)|LEVEL_RATE(pinj_33l|ece30)|LEVEL_RATE(pinj_33r|ece30),9,aggregate enters linearly: sum_b (a_b) = (sum_b a_b); pinj * dot(x_z) = sum_b pinj_b * dot(x_z),LOCAL_DOCUMENTED,False,4,LEVEL_RATE(pinj_15r|ece30)|LEVEL_RATE(pinj_21l|ece30)|LEVEL_RATE(pinj_21r|ece30)|LEVEL_RATE(pinj_33l|ece30),VACUOUS,"at least one member is inadmissible, so no admissible support can contain the complete exact set; the constraint is well defined but has no binding instance"
DEP_C8_LEVEL_OVER_RATE_ece30,C8,LEVEL_OVER_RATE(pinj_b|ece30),LEVEL_OVER_RATE(pinj|ece30) = sum_b LEVEL_OVER_RATE(pinj_b|ece30),LEVEL_OVER_RATE(pinj|ece30),LEVEL_OVER_RATE(pinj_15l|ece30)|LEVEL_OVER_RATE(pinj_15r|ece30)|LEVEL_OVER_RATE(pinj_21l|ece30)|LEVEL_OVER_RATE(pinj_21r|ece30)|LEVEL_OVER_RATE(pinj_30l|ece30)|LEVEL_OVER_RATE(pinj_30r|ece30)|LEVEL_OVER_RATE(pinj_33l|ece30)|LEVEL_OVER_RATE(pinj_33r|ece30),9,aggregate enters linearly: sum_b (a_b) = (sum_b a_b); aggregate level in NUMERATOR only,LOCAL_DOCUMENTED,False,9,LEVEL_OVER_RATE(pinj|ece30)|LEVEL_OVER_RATE(pinj_15l|ece30)|LEVEL_OVER_RATE(pinj_15r|ece30)|LEVEL_OVER_RATE(pinj_21l|ece30)|LEVEL_OVER_RATE(pinj_21r|ece30)|LEVEL_OVER_RATE(pinj_30l|ece30)|LEVEL_OVER_RATE(pinj_30r|ece30)|LEVEL_OVER_RATE(pinj_33l|ece30)|LEVEL_OVER_RATE(pinj_33r|ece30),VACUOUS,"at least one member is inadmissible, so no admissible support can contain the complete exact set; the constraint is well defined but has no binding instance"
DEP_C4_PHASE_ece31,C4,PHASE(pinj_b|ece31),PHASE(pinj|ece31) = sum_b PHASE(pinj_b|ece31),PHASE(pinj|ece31),PHASE(pinj_15l|ece31)|PHASE(pinj_15r|ece31)|PHASE(pinj_21l|ece31)|PHASE(pinj_21r|ece31)|PHASE(pinj_30l|ece31)|PHASE(pinj_30r|ece31)|PHASE(pinj_33l|ece31)|PHASE(pinj_33r|ece31),9,"d/dt is linear and FD2_PHYSICAL_TIME_V1 is a fixed linear stencil on the shared grid, so dot(pinj) = sum_b dot(pinj_b); aggregate rate in NUMERATOR only",LOCAL_DOCUMENTED,False,9,PHASE(pinj|ece31)|PHASE(pinj_15l|ece31)|PHASE(pinj_15r|ece31)|PHASE(pinj_21l|ece31)|PHASE(pinj_21r|ece31)|PHASE(pinj_30l|ece31)|PHASE(pinj_30r|ece31)|PHASE(pinj_33l|ece31)|PHASE(pinj_33r|ece31),VACUOUS,"at least one member is inadmissible, so no admissible support can contain the complete exact set; the constraint is well defined but has no binding instance"
DEP_C6_LEVEL_ece31,C6,LEVEL_RATE(pinj_b|ece31),LEVEL_RATE(pinj|ece31) = sum_b LEVEL_RATE(pinj_b|ece31),LEVEL_RATE(pinj|ece31),LEVEL_RATE(pinj_15l|ece31)|LEVEL_RATE(pinj_15r|ece31)|LEVEL_RATE(pinj_21l|ece31)|LEVEL_RATE(pinj_21r|ece31)|LEVEL_RATE(pinj_30l|ece31)|LEVEL_RATE(pinj_30r|ece31)|LEVEL_RATE(pinj_33l|ece31)|LEVEL_RATE(pinj_33r|ece31),9,aggregate enters linearly: sum_b (a_b) = (sum_b a_b); pinj * dot(x_z) = sum_b pinj_b * dot(x_z),LOCAL_DOCUMENTED,False,4,LEVEL_RATE(pinj_15r|ece31)|LEVEL_RATE(pinj_21l|ece31)|LEVEL_RATE(pinj_21r|ece31)|LEVEL_RATE(pinj_33l|ece31),VACUOUS,"at least one member is inadmissible, so no admissible support can contain the complete exact set; the constraint is well defined but has no binding instance"
DEP_C8_LEVEL_OVER_RATE_ece31,C8,LEVEL_OVER_RATE(pinj_b|ece31),LEVEL_OVER_RATE(pinj|ece31) = sum_b LEVEL_OVER_RATE(pinj_b|ece31),LEVEL_OVER_RATE(pinj|ece31),LEVEL_OVER_RATE(pinj_15l|ece31)|LEVEL_OVER_RATE(pinj_15r|ece31)|LEVEL_OVER_RATE(pinj_21l|ece31)|LEVEL_OVER_RATE(pinj_21r|ece31)|LEVEL_OVER_RATE(pinj_30l|ece31)|LEVEL_OVER_RATE(pinj_30r|ece31)|LEVEL_OVER_RATE(pinj_33l|ece31)|LEVEL_OVER_RATE(pinj_33r|ece31),9,aggregate enters linearly: sum_b (a_b) = (sum_b a_b); aggregate level in NUMERATOR only,LOCAL_DOCUMENTED,False,9,LEVEL_OVER_RATE(pinj|ece31)|LEVEL_OVER_RATE(pinj_15l|ece31)|LEVEL_OVER_RATE(pinj_15r|ece31)|LEVEL_OVER_RATE(pinj_21l|ece31)|LEVEL_OVER_RATE(pinj_21r|ece31)|LEVEL_OVER_RATE(pinj_30l|ece31)|LEVEL_OVER_RATE(pinj_30r|ece31)|LEVEL_OVER_RATE(pinj_33l|ece31)|LEVEL_OVER_RATE(pinj_33r|ece31),VACUOUS,"at least one member is inadmissible, so no admissible support can contain the complete exact set; the constraint is well defined but has no binding instance"
DEP_C4_PHASE_ece33,C4,PHASE(pinj_b|ece33),PHASE(pinj|ece33) = sum_b PHASE(pinj_b|ece33),PHASE(pinj|ece33),PHASE(pinj_15l|ece33)|PHASE(pinj_15r|ece33)|PHASE(pinj_21l|ece33)|PHASE(pinj_21r|ece33)|PHASE(pinj_30l|ece33)|PHASE(pinj_30r|ece33)|PHASE(pinj_33l|ece33)|PHASE(pinj_33r|ece33),9,"d/dt is linear and FD2_PHYSICAL_TIME_V1 is a fixed linear stencil on the shared grid, so dot(pinj) = sum_b dot(pinj_b); aggregate rate in NUMERATOR only",LOCAL_DOCUMENTED,False,9,PHASE(pinj|ece33)|PHASE(pinj_15l|ece33)|PHASE(pinj_15r|ece33)|PHASE(pinj_21l|ece33)|PHASE(pinj_21r|ece33)|PHASE(pinj_30l|ece33)|PHASE(pinj_30r|ece33)|PHASE(pinj_33l|ece33)|PHASE(pinj_33r|ece33),VACUOUS,"at least one member is inadmissible, so no admissible support can contain the complete exact set; the constraint is well defined but has no binding instance"
DEP_C6_LEVEL_ece33,C6,LEVEL_RATE(pinj_b|ece33),LEVEL_RATE(pinj|ece33) = sum_b LEVEL_RATE(pinj_b|ece33),LEVEL_RATE(pinj|ece33),LEVEL_RATE(pinj_15l|ece33)|LEVEL_RATE(pinj_15r|ece33)|LEVEL_RATE(pinj_21l|ece33)|LEVEL_RATE(pinj_21r|ece33)|LEVEL_RATE(pinj_30l|ece33)|LEVEL_RATE(pinj_30r|ece33)|LEVEL_RATE(pinj_33l|ece33)|LEVEL_RATE(pinj_33r|ece33),9,aggregate enters linearly: sum_b (a_b) = (sum_b a_b); pinj * dot(x_z) = sum_b pinj_b * dot(x_z),LOCAL_DOCUMENTED,False,4,LEVEL_RATE(pinj_15r|ece33)|LEVEL_RATE(pinj_21l|ece33)|LEVEL_RATE(pinj_21r|ece33)|LEVEL_RATE(pinj_33l|ece33),VACUOUS,"at least one member is inadmissible, so no admissible support can contain the complete exact set; the constraint is well defined but has no binding instance"
DEP_C8_LEVEL_OVER_RATE_ece33,C8,LEVEL_OVER_RATE(pinj_b|ece33),LEVEL_OVER_RATE(pinj|ece33) = sum_b LEVEL_OVER_RATE(pinj_b|ece33),LEVEL_OVER_RATE(pinj|ece33),LEVEL_OVER_RATE(pinj_15l|ece33)|LEVEL_OVER_RATE(pinj_15r|ece33)|LEVEL_OVER_RATE(pinj_21l|ece33)|LEVEL_OVER_RATE(pinj_21r|ece33)|LEVEL_OVER_RATE(pinj_30l|ece33)|LEVEL_OVER_RATE(pinj_30r|ece33)|LEVEL_OVER_RATE(pinj_33l|ece33)|LEVEL_OVER_RATE(pinj_33r|ece33),9,aggregate enters linearly: sum_b (a_b) = (sum_b a_b); aggregate level in NUMERATOR only,LOCAL_DOCUMENTED,False,9,LEVEL_OVER_RATE(pinj|ece33)|LEVEL_OVER_RATE(pinj_15l|ece33)|LEVEL_OVER_RATE(pinj_15r|ece33)|LEVEL_OVER_RATE(pinj_21l|ece33)|LEVEL_OVER_RATE(pinj_21r|ece33)|LEVEL_OVER_RATE(pinj_30l|ece33)|LEVEL_OVER_RATE(pinj_30r|ece33)|LEVEL_OVER_RATE(pinj_33l|ece33)|LEVEL_OVER_RATE(pinj_33r|ece33),VACUOUS,"at least one member is inadmissible, so no admissible support can contain the complete exact set; the constraint is well defined but has no binding instance"
DEP_C4_PHASE_ece35,C4,PHASE(pinj_b|ece35),PHASE(pinj|ece35) = sum_b PHASE(pinj_b|ece35),PHASE(pinj|ece35),PHASE(pinj_15l|ece35)|PHASE(pinj_15r|ece35)|PHASE(pinj_21l|ece35)|PHASE(pinj_21r|ece35)|PHASE(pinj_30l|ece35)|PHASE(pinj_30r|ece35)|PHASE(pinj_33l|ece35)|PHASE(pinj_33r|ece35),9,"d/dt is linear and FD2_PHYSICAL_TIME_V1 is a fixed linear stencil on the shared grid, so dot(pinj) = sum_b dot(pinj_b); aggregate rate in NUMERATOR only",LOCAL_DOCUMENTED,False,9,PHASE(pinj|ece35)|PHASE(pinj_15l|ece35)|PHASE(pinj_15r|ece35)|PHASE(pinj_21l|ece35)|PHASE(pinj_21r|ece35)|PHASE(pinj_30l|ece35)|PHASE(pinj_30r|ece35)|PHASE(pinj_33l|ece35)|PHASE(pinj_33r|ece35),VACUOUS,"at least one member is inadmissible, so no admissible support can contain the complete exact set; the constraint is well defined but has no binding instance"
DEP_C6_LEVEL_ece35,C6,LEVEL_RATE(pinj_b|ece35),LEVEL_RATE(pinj|ece35) = sum_b LEVEL_RATE(pinj_b|ece35),LEVEL_RATE(pinj|ece35),LEVEL_RATE(pinj_15l|ece35)|LEVEL_RATE(pinj_15r|ece35)|LEVEL_RATE(pinj_21l|ece35)|LEVEL_RATE(pinj_21r|ece35)|LEVEL_RATE(pinj_30l|ece35)|LEVEL_RATE(pinj_30r|ece35)|LEVEL_RATE(pinj_33l|ece35)|LEVEL_RATE(pinj_33r|ece35),9,aggregate enters linearly: sum_b (a_b) = (sum_b a_b); pinj * dot(x_z) = sum_b pinj_b * dot(x_z),LOCAL_DOCUMENTED,False,4,LEVEL_RATE(pinj_15r|ece35)|LEVEL_RATE(pinj_21l|ece35)|LEVEL_RATE(pinj_21r|ece35)|LEVEL_RATE(pinj_33l|ece35),VACUOUS,"at least one member is inadmissible, so no admissible support can contain the complete exact set; the constraint is well defined but has no binding instance"
DEP_C8_LEVEL_OVER_RATE_ece35,C8,LEVEL_OVER_RATE(pinj_b|ece35),LEVEL_OVER_RATE(pinj|ece35) = sum_b LEVEL_OVER_RATE(pinj_b|ece35),LEVEL_OVER_RATE(pinj|ece35),LEVEL_OVER_RATE(pinj_15l|ece35)|LEVEL_OVER_RATE(pinj_15r|ece35)|LEVEL_OVER_RATE(pinj_21l|ece35)|LEVEL_OVER_RATE(pinj_21r|ece35)|LEVEL_OVER_RATE(pinj_30l|ece35)|LEVEL_OVER_RATE(pinj_30r|ece35)|LEVEL_OVER_RATE(pinj_33l|ece35)|LEVEL_OVER_RATE(pinj_33r|ece35),9,aggregate enters linearly: sum_b (a_b) = (sum_b a_b); aggregate level in NUMERATOR only,LOCAL_DOCUMENTED,False,9,LEVEL_OVER_RATE(pinj|ece35)|LEVEL_OVER_RATE(pinj_15l|ece35)|LEVEL_OVER_RATE(pinj_15r|ece35)|LEVEL_OVER_RATE(pinj_21l|ece35)|LEVEL_OVER_RATE(pinj_21r|ece35)|LEVEL_OVER_RATE(pinj_30l|ece35)|LEVEL_OVER_RATE(pinj_30r|ece35)|LEVEL_OVER_RATE(pinj_33l|ece35)|LEVEL_OVER_RATE(pinj_33r|ece35),VACUOUS,"at least one member is inadmissible, so no admissible support can contain the complete exact set; the constraint is well defined but has no binding instance"
DEP_C4_PHASE_ece36,C4,PHASE(pinj_b|ece36),PHASE(pinj|ece36) = sum_b PHASE(pinj_b|ece36),PHASE(pinj|ece36),PHASE(pinj_15l|ece36)|PHASE(pinj_15r|ece36)|PHASE(pinj_21l|ece36)|PHASE(pinj_21r|ece36)|PHASE(pinj_30l|ece36)|PHASE(pinj_30r|ece36)|PHASE(pinj_33l|ece36)|PHASE(pinj_33r|ece36),9,"d/dt is linear and FD2_PHYSICAL_TIME_V1 is a fixed linear stencil on the shared grid, so dot(pinj) = sum_b dot(pinj_b); aggregate rate in NUMERATOR only",LOCAL_DOCUMENTED,False,9,PHASE(pinj|ece36)|PHASE(pinj_15l|ece36)|PHASE(pinj_15r|ece36)|PHASE(pinj_21l|ece36)|PHASE(pinj_21r|ece36)|PHASE(pinj_30l|ece36)|PHASE(pinj_30r|ece36)|PHASE(pinj_33l|ece36)|PHASE(pinj_33r|ece36),VACUOUS,"at least one member is inadmissible, so no admissible support can contain the complete exact set; the constraint is well defined but has no binding instance"
DEP_C6_LEVEL_ece36,C6,LEVEL_RATE(pinj_b|ece36),LEVEL_RATE(pinj|ece36) = sum_b LEVEL_RATE(pinj_b|ece36),LEVEL_RATE(pinj|ece36),LEVEL_RATE(pinj_15l|ece36)|LEVEL_RATE(pinj_15r|ece36)|LEVEL_RATE(pinj_21l|ece36)|LEVEL_RATE(pinj_21r|ece36)|LEVEL_RATE(pinj_30l|ece36)|LEVEL_RATE(pinj_30r|ece36)|LEVEL_RATE(pinj_33l|ece36)|LEVEL_RATE(pinj_33r|ece36),9,aggregate enters linearly: sum_b (a_b) = (sum_b a_b); pinj * dot(x_z) = sum_b pinj_b * dot(x_z),LOCAL_DOCUMENTED,False,4,LEVEL_RATE(pinj_15r|ece36)|LEVEL_RATE(pinj_21l|ece36)|LEVEL_RATE(pinj_21r|ece36)|LEVEL_RATE(pinj_33l|ece36),VACUOUS,"at least one member is inadmissible, so no admissible support can contain the complete exact set; the constraint is well defined but has no binding instance"
DEP_C8_LEVEL_OVER_RATE_ece36,C8,LEVEL_OVER_RATE(pinj_b|ece36),LEVEL_OVER_RATE(pinj|ece36) = sum_b LEVEL_OVER_RATE(pinj_b|ece36),LEVEL_OVER_RATE(pinj|ece36),LEVEL_OVER_RATE(pinj_15l|ece36)|LEVEL_OVER_RATE(pinj_15r|ece36)|LEVEL_OVER_RATE(pinj_21l|ece36)|LEVEL_OVER_RATE(pinj_21r|ece36)|LEVEL_OVER_RATE(pinj_30l|ece36)|LEVEL_OVER_RATE(pinj_30r|ece36)|LEVEL_OVER_RATE(pinj_33l|ece36)|LEVEL_OVER_RATE(pinj_33r|ece36),9,aggregate enters linearly: sum_b (a_b) = (sum_b a_b); aggregate level in NUMERATOR only,LOCAL_DOCUMENTED,False,9,LEVEL_OVER_RATE(pinj|ece36)|LEVEL_OVER_RATE(pinj_15l|ece36)|LEVEL_OVER_RATE(pinj_15r|ece36)|LEVEL_OVER_RATE(pinj_21l|ece36)|LEVEL_OVER_RATE(pinj_21r|ece36)|LEVEL_OVER_RATE(pinj_30l|ece36)|LEVEL_OVER_RATE(pinj_30r|ece36)|LEVEL_OVER_RATE(pinj_33l|ece36)|LEVEL_OVER_RATE(pinj_33r|ece36),VACUOUS,"at least one member is inadmissible, so no admissible support can contain the complete exact set; the constraint is well defined but has no binding instance"
DEP_C4_PHASE_ece37,C4,PHASE(pinj_b|ece37),PHASE(pinj|ece37) = sum_b PHASE(pinj_b|ece37),PHASE(pinj|ece37),PHASE(pinj_15l|ece37)|PHASE(pinj_15r|ece37)|PHASE(pinj_21l|ece37)|PHASE(pinj_21r|ece37)|PHASE(pinj_30l|ece37)|PHASE(pinj_30r|ece37)|PHASE(pinj_33l|ece37)|PHASE(pinj_33r|ece37),9,"d/dt is linear and FD2_PHYSICAL_TIME_V1 is a fixed linear stencil on the shared grid, so dot(pinj) = sum_b dot(pinj_b); aggregate rate in NUMERATOR only",LOCAL_DOCUMENTED,False,9,PHASE(pinj|ece37)|PHASE(pinj_15l|ece37)|PHASE(pinj_15r|ece37)|PHASE(pinj_21l|ece37)|PHASE(pinj_21r|ece37)|PHASE(pinj_30l|ece37)|PHASE(pinj_30r|ece37)|PHASE(pinj_33l|ece37)|PHASE(pinj_33r|ece37),VACUOUS,"at least one member is inadmissible, so no admissible support can contain the complete exact set; the constraint is well defined but has no binding instance"
DEP_C6_LEVEL_ece37,C6,LEVEL_RATE(pinj_b|ece37),LEVEL_RATE(pinj|ece37) = sum_b LEVEL_RATE(pinj_b|ece37),LEVEL_RATE(pinj|ece37),LEVEL_RATE(pinj_15l|ece37)|LEVEL_RATE(pinj_15r|ece37)|LEVEL_RATE(pinj_21l|ece37)|LEVEL_RATE(pinj_21r|ece37)|LEVEL_RATE(pinj_30l|ece37)|LEVEL_RATE(pinj_30r|ece37)|LEVEL_RATE(pinj_33l|ece37)|LEVEL_RATE(pinj_33r|ece37),9,aggregate enters linearly: sum_b (a_b) = (sum_b a_b); pinj * dot(x_z) = sum_b pinj_b * dot(x_z),LOCAL_DOCUMENTED,False,4,LEVEL_RATE(pinj_15r|ece37)|LEVEL_RATE(pinj_21l|ece37)|LEVEL_RATE(pinj_21r|ece37)|LEVEL_RATE(pinj_33l|ece37),VACUOUS,"at least one member is inadmissible, so no admissible support can contain the complete exact set; the constraint is well defined but has no binding instance"
DEP_C8_LEVEL_OVER_RATE_ece37,C8,LEVEL_OVER_RATE(pinj_b|ece37),LEVEL_OVER_RATE(pinj|ece37) = sum_b LEVEL_OVER_RATE(pinj_b|ece37),LEVEL_OVER_RATE(pinj|ece37),LEVEL_OVER_RATE(pinj_15l|ece37)|LEVEL_OVER_RATE(pinj_15r|ece37)|LEVEL_OVER_RATE(pinj_21l|ece37)|LEVEL_OVER_RATE(pinj_21r|ece37)|LEVEL_OVER_RATE(pinj_30l|ece37)|LEVEL_OVER_RATE(pinj_30r|ece37)|LEVEL_OVER_RATE(pinj_33l|ece37)|LEVEL_OVER_RATE(pinj_33r|ece37),9,aggregate enters linearly: sum_b (a_b) = (sum_b a_b); aggregate level in NUMERATOR only,LOCAL_DOCUMENTED,False,9,LEVEL_OVER_RATE(pinj|ece37)|LEVEL_OVER_RATE(pinj_15l|ece37)|LEVEL_OVER_RATE(pinj_15r|ece37)|LEVEL_OVER_RATE(pinj_21l|ece37)|LEVEL_OVER_RATE(pinj_21r|ece37)|LEVEL_OVER_RATE(pinj_30l|ece37)|LEVEL_OVER_RATE(pinj_30r|ece37)|LEVEL_OVER_RATE(pinj_33l|ece37)|LEVEL_OVER_RATE(pinj_33r|ece37),VACUOUS,"at least one member is inadmissible, so no admissible support can contain the complete exact set; the constraint is well defined but has no binding instance"
DEP_C4_PHASE_ece38,C4,PHASE(pinj_b|ece38),PHASE(pinj|ece38) = sum_b PHASE(pinj_b|ece38),PHASE(pinj|ece38),PHASE(pinj_15l|ece38)|PHASE(pinj_15r|ece38)|PHASE(pinj_21l|ece38)|PHASE(pinj_21r|ece38)|PHASE(pinj_30l|ece38)|PHASE(pinj_30r|ece38)|PHASE(pinj_33l|ece38)|PHASE(pinj_33r|ece38),9,"d/dt is linear and FD2_PHYSICAL_TIME_V1 is a fixed linear stencil on the shared grid, so dot(pinj) = sum_b dot(pinj_b); aggregate rate in NUMERATOR only",LOCAL_DOCUMENTED,False,9,PHASE(pinj|ece38)|PHASE(pinj_15l|ece38)|PHASE(pinj_15r|ece38)|PHASE(pinj_21l|ece38)|PHASE(pinj_21r|ece38)|PHASE(pinj_30l|ece38)|PHASE(pinj_30r|ece38)|PHASE(pinj_33l|ece38)|PHASE(pinj_33r|ece38),VACUOUS,"at least one member is inadmissible, so no admissible support can contain the complete exact set; the constraint is well defined but has no binding instance"
DEP_C6_LEVEL_ece38,C6,LEVEL_RATE(pinj_b|ece38),LEVEL_RATE(pinj|ece38) = sum_b LEVEL_RATE(pinj_b|ece38),LEVEL_RATE(pinj|ece38),LEVEL_RATE(pinj_15l|ece38)|LEVEL_RATE(pinj_15r|ece38)|LEVEL_RATE(pinj_21l|ece38)|LEVEL_RATE(pinj_21r|ece38)|LEVEL_RATE(pinj_30l|ece38)|LEVEL_RATE(pinj_30r|ece38)|LEVEL_RATE(pinj_33l|ece38)|LEVEL_RATE(pinj_33r|ece38),9,aggregate enters linearly: sum_b (a_b) = (sum_b a_b); pinj * dot(x_z) = sum_b pinj_b * dot(x_z),LOCAL_DOCUMENTED,False,4,LEVEL_RATE(pinj_15r|ece38)|LEVEL_RATE(pinj_21l|ece38)|LEVEL_RATE(pinj_21r|ece38)|LEVEL_RATE(pinj_33l|ece38),VACUOUS,"at least one member is inadmissible, so no admissible support can contain the complete exact set; the constraint is well defined but has no binding instance"
DEP_C8_LEVEL_OVER_RATE_ece38,C8,LEVEL_OVER_RATE(pinj_b|ece38),LEVEL_OVER_RATE(pinj|ece38) = sum_b LEVEL_OVER_RATE(pinj_b|ece38),LEVEL_OVER_RATE(pinj|ece38),LEVEL_OVER_RATE(pinj_15l|ece38)|LEVEL_OVER_RATE(pinj_15r|ece38)|LEVEL_OVER_RATE(pinj_21l|ece38)|LEVEL_OVER_RATE(pinj_21r|ece38)|LEVEL_OVER_RATE(pinj_30l|ece38)|LEVEL_OVER_RATE(pinj_30r|ece38)|LEVEL_OVER_RATE(pinj_33l|ece38)|LEVEL_OVER_RATE(pinj_33r|ece38),9,aggregate enters linearly: sum_b (a_b) = (sum_b a_b); aggregate level in NUMERATOR only,LOCAL_DOCUMENTED,False,9,LEVEL_OVER_RATE(pinj|ece38)|LEVEL_OVER_RATE(pinj_15l|ece38)|LEVEL_OVER_RATE(pinj_15r|ece38)|LEVEL_OVER_RATE(pinj_21l|ece38)|LEVEL_OVER_RATE(pinj_21r|ece38)|LEVEL_OVER_RATE(pinj_30l|ece38)|LEVEL_OVER_RATE(pinj_30r|ece38)|LEVEL_OVER_RATE(pinj_33l|ece38)|LEVEL_OVER_RATE(pinj_33r|ece38),VACUOUS,"at least one member is inadmissible, so no admissible support can contain the complete exact set; the constraint is well defined but has no binding instance"
DEP_C4_PHASE_ece39,C4,PHASE(pinj_b|ece39),PHASE(pinj|ece39) = sum_b PHASE(pinj_b|ece39),PHASE(pinj|ece39),PHASE(pinj_15l|ece39)|PHASE(pinj_15r|ece39)|PHASE(pinj_21l|ece39)|PHASE(pinj_21r|ece39)|PHASE(pinj_30l|ece39)|PHASE(pinj_30r|ece39)|PHASE(pinj_33l|ece39)|PHASE(pinj_33r|ece39),9,"d/dt is linear and FD2_PHYSICAL_TIME_V1 is a fixed linear stencil on the shared grid, so dot(pinj) = sum_b dot(pinj_b); aggregate rate in NUMERATOR only",LOCAL_DOCUMENTED,False,9,PHASE(pinj|ece39)|PHASE(pinj_15l|ece39)|PHASE(pinj_15r|ece39)|PHASE(pinj_21l|ece39)|PHASE(pinj_21r|ece39)|PHASE(pinj_30l|ece39)|PHASE(pinj_30r|ece39)|PHASE(pinj_33l|ece39)|PHASE(pinj_33r|ece39),VACUOUS,"at least one member is inadmissible, so no admissible support can contain the complete exact set; the constraint is well defined but has no binding instance"
DEP_C6_LEVEL_ece39,C6,LEVEL_RATE(pinj_b|ece39),LEVEL_RATE(pinj|ece39) = sum_b LEVEL_RATE(pinj_b|ece39),LEVEL_RATE(pinj|ece39),LEVEL_RATE(pinj_15l|ece39)|LEVEL_RATE(pinj_15r|ece39)|LEVEL_RATE(pinj_21l|ece39)|LEVEL_RATE(pinj_21r|ece39)|LEVEL_RATE(pinj_30l|ece39)|LEVEL_RATE(pinj_30r|ece39)|LEVEL_RATE(pinj_33l|ece39)|LEVEL_RATE(pinj_33r|ece39),9,aggregate enters linearly: sum_b (a_b) = (sum_b a_b); pinj * dot(x_z) = sum_b pinj_b * dot(x_z),LOCAL_DOCUMENTED,False,4,LEVEL_RATE(pinj_15r|ece39)|LEVEL_RATE(pinj_21l|ece39)|LEVEL_RATE(pinj_21r|ece39)|LEVEL_RATE(pinj_33l|ece39),VACUOUS,"at least one member is inadmissible, so no admissible support can contain the complete exact set; the constraint is well defined but has no binding instance"
DEP_C8_LEVEL_OVER_RATE_ece39,C8,LEVEL_OVER_RATE(pinj_b|ece39),LEVEL_OVER_RATE(pinj|ece39) = sum_b LEVEL_OVER_RATE(pinj_b|ece39),LEVEL_OVER_RATE(pinj|ece39),LEVEL_OVER_RATE(pinj_15l|ece39)|LEVEL_OVER_RATE(pinj_15r|ece39)|LEVEL_OVER_RATE(pinj_21l|ece39)|LEVEL_OVER_RATE(pinj_21r|ece39)|LEVEL_OVER_RATE(pinj_30l|ece39)|LEVEL_OVER_RATE(pinj_30r|ece39)|LEVEL_OVER_RATE(pinj_33l|ece39)|LEVEL_OVER_RATE(pinj_33r|ece39),9,aggregate enters linearly: sum_b (a_b) = (sum_b a_b); aggregate level in NUMERATOR only,LOCAL_DOCUMENTED,False,9,LEVEL_OVER_RATE(pinj|ece39)|LEVEL_OVER_RATE(pinj_15l|ece39)|LEVEL_OVER_RATE(pinj_15r|ece39)|LEVEL_OVER_RATE(pinj_21l|ece39)|LEVEL_OVER_RATE(pinj_21r|ece39)|LEVEL_OVER_RATE(pinj_30l|ece39)|LEVEL_OVER_RATE(pinj_30r|ece39)|LEVEL_OVER_RATE(pinj_33l|ece39)|LEVEL_OVER_RATE(pinj_33r|ece39),VACUOUS,"at least one member is inadmissible, so no admissible support can contain the complete exact set; the constraint is well defined but has no binding instance"
DEP_C4_PHASE_cerqrott3,C4,PHASE(pinj_b|cerqrott3),PHASE(pinj|cerqrott3) = sum_b PHASE(pinj_b|cerqrott3),PHASE(pinj|cerqrott3),PHASE(pinj_15l|cerqrott3)|PHASE(pinj_15r|cerqrott3)|PHASE(pinj_21l|cerqrott3)|PHASE(pinj_21r|cerqrott3)|PHASE(pinj_30l|cerqrott3)|PHASE(pinj_30r|cerqrott3)|PHASE(pinj_33l|cerqrott3)|PHASE(pinj_33r|cerqrott3),9,"d/dt is linear and FD2_PHYSICAL_TIME_V1 is a fixed linear stencil on the shared grid, so dot(pinj) = sum_b dot(pinj_b); aggregate rate in NUMERATOR only",LOCAL_DOCUMENTED,False,9,PHASE(pinj|cerqrott3)|PHASE(pinj_15l|cerqrott3)|PHASE(pinj_15r|cerqrott3)|PHASE(pinj_21l|cerqrott3)|PHASE(pinj_21r|cerqrott3)|PHASE(pinj_30l|cerqrott3)|PHASE(pinj_30r|cerqrott3)|PHASE(pinj_33l|cerqrott3)|PHASE(pinj_33r|cerqrott3),VACUOUS,"at least one member is inadmissible, so no admissible support can contain the complete exact set; the constraint is well defined but has no binding instance"
DEP_C6_LEVEL_cerqrott3,C6,LEVEL_RATE(pinj_b|cerqrott3),LEVEL_RATE(pinj|cerqrott3) = sum_b LEVEL_RATE(pinj_b|cerqrott3),LEVEL_RATE(pinj|cerqrott3),LEVEL_RATE(pinj_15l|cerqrott3)|LEVEL_RATE(pinj_15r|cerqrott3)|LEVEL_RATE(pinj_21l|cerqrott3)|LEVEL_RATE(pinj_21r|cerqrott3)|LEVEL_RATE(pinj_30l|cerqrott3)|LEVEL_RATE(pinj_30r|cerqrott3)|LEVEL_RATE(pinj_33l|cerqrott3)|LEVEL_RATE(pinj_33r|cerqrott3),9,aggregate enters linearly: sum_b (a_b) = (sum_b a_b); pinj * dot(x_z) = sum_b pinj_b * dot(x_z),LOCAL_DOCUMENTED,False,4,LEVEL_RATE(pinj_15r|cerqrott3)|LEVEL_RATE(pinj_21l|cerqrott3)|LEVEL_RATE(pinj_21r|cerqrott3)|LEVEL_RATE(pinj_33l|cerqrott3),VACUOUS,"at least one member is inadmissible, so no admissible support can contain the complete exact set; the constraint is well defined but has no binding instance"
DEP_C8_LEVEL_OVER_RATE_cerqrott3,C8,LEVEL_OVER_RATE(pinj_b|cerqrott3),LEVEL_OVER_RATE(pinj|cerqrott3) = sum_b LEVEL_OVER_RATE(pinj_b|cerqrott3),LEVEL_OVER_RATE(pinj|cerqrott3),LEVEL_OVER_RATE(pinj_15l|cerqrott3)|LEVEL_OVER_RATE(pinj_15r|cerqrott3)|LEVEL_OVER_RATE(pinj_21l|cerqrott3)|LEVEL_OVER_RATE(pinj_21r|cerqrott3)|LEVEL_OVER_RATE(pinj_30l|cerqrott3)|LEVEL_OVER_RATE(pinj_30r|cerqrott3)|LEVEL_OVER_RATE(pinj_33l|cerqrott3)|LEVEL_OVER_RATE(pinj_33r|cerqrott3),9,aggregate enters linearly: sum_b (a_b) = (sum_b a_b); aggregate level in NUMERATOR only,LOCAL_DOCUMENTED,False,9,LEVEL_OVER_RATE(pinj|cerqrott3)|LEVEL_OVER_RATE(pinj_15l|cerqrott3)|LEVEL_OVER_RATE(pinj_15r|cerqrott3)|LEVEL_OVER_RATE(pinj_21l|cerqrott3)|LEVEL_OVER_RATE(pinj_21r|cerqrott3)|LEVEL_OVER_RATE(pinj_30l|cerqrott3)|LEVEL_OVER_RATE(pinj_30r|cerqrott3)|LEVEL_OVER_RATE(pinj_33l|cerqrott3)|LEVEL_OVER_RATE(pinj_33r|cerqrott3),VACUOUS,"at least one member is inadmissible, so no admissible support can contain the complete exact set; the constraint is well defined but has no binding instance"
DEP_C4_PHASE_cerqrott6,C4,PHASE(pinj_b|cerqrott6),PHASE(pinj|cerqrott6) = sum_b PHASE(pinj_b|cerqrott6),PHASE(pinj|cerqrott6),PHASE(pinj_15l|cerqrott6)|PHASE(pinj_15r|cerqrott6)|PHASE(pinj_21l|cerqrott6)|PHASE(pinj_21r|cerqrott6)|PHASE(pinj_30l|cerqrott6)|PHASE(pinj_30r|cerqrott6)|PHASE(pinj_33l|cerqrott6)|PHASE(pinj_33r|cerqrott6),9,"d/dt is linear and FD2_PHYSICAL_TIME_V1 is a fixed linear stencil on the shared grid, so dot(pinj) = sum_b dot(pinj_b); aggregate rate in NUMERATOR only",LOCAL_DOCUMENTED,False,9,PHASE(pinj|cerqrott6)|PHASE(pinj_15l|cerqrott6)|PHASE(pinj_15r|cerqrott6)|PHASE(pinj_21l|cerqrott6)|PHASE(pinj_21r|cerqrott6)|PHASE(pinj_30l|cerqrott6)|PHASE(pinj_30r|cerqrott6)|PHASE(pinj_33l|cerqrott6)|PHASE(pinj_33r|cerqrott6),VACUOUS,"at least one member is inadmissible, so no admissible support can contain the complete exact set; the constraint is well defined but has no binding instance"
DEP_C6_LEVEL_cerqrott6,C6,LEVEL_RATE(pinj_b|cerqrott6),LEVEL_RATE(pinj|cerqrott6) = sum_b LEVEL_RATE(pinj_b|cerqrott6),LEVEL_RATE(pinj|cerqrott6),LEVEL_RATE(pinj_15l|cerqrott6)|LEVEL_RATE(pinj_15r|cerqrott6)|LEVEL_RATE(pinj_21l|cerqrott6)|LEVEL_RATE(pinj_21r|cerqrott6)|LEVEL_RATE(pinj_30l|cerqrott6)|LEVEL_RATE(pinj_30r|cerqrott6)|LEVEL_RATE(pinj_33l|cerqrott6)|LEVEL_RATE(pinj_33r|cerqrott6),9,aggregate enters linearly: sum_b (a_b) = (sum_b a_b); pinj * dot(x_z) = sum_b pinj_b * dot(x_z),LOCAL_DOCUMENTED,False,4,LEVEL_RATE(pinj_15r|cerqrott6)|LEVEL_RATE(pinj_21l|cerqrott6)|LEVEL_RATE(pinj_21r|cerqrott6)|LEVEL_RATE(pinj_33l|cerqrott6),VACUOUS,"at least one member is inadmissible, so no admissible support can contain the complete exact set; the constraint is well defined but has no binding instance"
DEP_C8_LEVEL_OVER_RATE_cerqrott6,C8,LEVEL_OVER_RATE(pinj_b|cerqrott6),LEVEL_OVER_RATE(pinj|cerqrott6) = sum_b LEVEL_OVER_RATE(pinj_b|cerqrott6),LEVEL_OVER_RATE(pinj|cerqrott6),LEVEL_OVER_RATE(pinj_15l|cerqrott6)|LEVEL_OVER_RATE(pinj_15r|cerqrott6)|LEVEL_OVER_RATE(pinj_21l|cerqrott6)|LEVEL_OVER_RATE(pinj_21r|cerqrott6)|LEVEL_OVER_RATE(pinj_30l|cerqrott6)|LEVEL_OVER_RATE(pinj_30r|cerqrott6)|LEVEL_OVER_RATE(pinj_33l|cerqrott6)|LEVEL_OVER_RATE(pinj_33r|cerqrott6),9,aggregate enters linearly: sum_b (a_b) = (sum_b a_b); aggregate level in NUMERATOR only,LOCAL_DOCUMENTED,False,9,LEVEL_OVER_RATE(pinj|cerqrott6)|LEVEL_OVER_RATE(pinj_15l|cerqrott6)|LEVEL_OVER_RATE(pinj_15r|cerqrott6)|LEVEL_OVER_RATE(pinj_21l|cerqrott6)|LEVEL_OVER_RATE(pinj_21r|cerqrott6)|LEVEL_OVER_RATE(pinj_30l|cerqrott6)|LEVEL_OVER_RATE(pinj_30r|cerqrott6)|LEVEL_OVER_RATE(pinj_33l|cerqrott6)|LEVEL_OVER_RATE(pinj_33r|cerqrott6),VACUOUS,"at least one member is inadmissible, so no admissible support can contain the complete exact set; the constraint is well defined but has no binding instance"
DEP_C4_PHASE_cerqrott8,C4,PHASE(pinj_b|cerqrott8),PHASE(pinj|cerqrott8) = sum_b PHASE(pinj_b|cerqrott8),PHASE(pinj|cerqrott8),PHASE(pinj_15l|cerqrott8)|PHASE(pinj_15r|cerqrott8)|PHASE(pinj_21l|cerqrott8)|PHASE(pinj_21r|cerqrott8)|PHASE(pinj_30l|cerqrott8)|PHASE(pinj_30r|cerqrott8)|PHASE(pinj_33l|cerqrott8)|PHASE(pinj_33r|cerqrott8),9,"d/dt is linear and FD2_PHYSICAL_TIME_V1 is a fixed linear stencil on the shared grid, so dot(pinj) = sum_b dot(pinj_b); aggregate rate in NUMERATOR only",LOCAL_DOCUMENTED,False,9,PHASE(pinj|cerqrott8)|PHASE(pinj_15l|cerqrott8)|PHASE(pinj_15r|cerqrott8)|PHASE(pinj_21l|cerqrott8)|PHASE(pinj_21r|cerqrott8)|PHASE(pinj_30l|cerqrott8)|PHASE(pinj_30r|cerqrott8)|PHASE(pinj_33l|cerqrott8)|PHASE(pinj_33r|cerqrott8),VACUOUS,"at least one member is inadmissible, so no admissible support can contain the complete exact set; the constraint is well defined but has no binding instance"
DEP_C6_LEVEL_cerqrott8,C6,LEVEL_RATE(pinj_b|cerqrott8),LEVEL_RATE(pinj|cerqrott8) = sum_b LEVEL_RATE(pinj_b|cerqrott8),LEVEL_RATE(pinj|cerqrott8),LEVEL_RATE(pinj_15l|cerqrott8)|LEVEL_RATE(pinj_15r|cerqrott8)|LEVEL_RATE(pinj_21l|cerqrott8)|LEVEL_RATE(pinj_21r|cerqrott8)|LEVEL_RATE(pinj_30l|cerqrott8)|LEVEL_RATE(pinj_30r|cerqrott8)|LEVEL_RATE(pinj_33l|cerqrott8)|LEVEL_RATE(pinj_33r|cerqrott8),9,aggregate enters linearly: sum_b (a_b) = (sum_b a_b); pinj * dot(x_z) = sum_b pinj_b * dot(x_z),LOCAL_DOCUMENTED,False,4,LEVEL_RATE(pinj_15r|cerqrott8)|LEVEL_RATE(pinj_21l|cerqrott8)|LEVEL_RATE(pinj_21r|cerqrott8)|LEVEL_RATE(pinj_33l|cerqrott8),VACUOUS,"at least one member is inadmissible, so no admissible support can contain the complete exact set; the constraint is well defined but has no binding instance"
DEP_C8_LEVEL_OVER_RATE_cerqrott8,C8,LEVEL_OVER_RATE(pinj_b|cerqrott8),LEVEL_OVER_RATE(pinj|cerqrott8) = sum_b LEVEL_OVER_RATE(pinj_b|cerqrott8),LEVEL_OVER_RATE(pinj|cerqrott8),LEVEL_OVER_RATE(pinj_15l|cerqrott8)|LEVEL_OVER_RATE(pinj_15r|cerqrott8)|LEVEL_OVER_RATE(pinj_21l|cerqrott8)|LEVEL_OVER_RATE(pinj_21r|cerqrott8)|LEVEL_OVER_RATE(pinj_30l|cerqrott8)|LEVEL_OVER_RATE(pinj_30r|cerqrott8)|LEVEL_OVER_RATE(pinj_33l|cerqrott8)|LEVEL_OVER_RATE(pinj_33r|cerqrott8),9,aggregate enters linearly: sum_b (a_b) = (sum_b a_b); aggregate level in NUMERATOR only,LOCAL_DOCUMENTED,False,9,LEVEL_OVER_RATE(pinj|cerqrott8)|LEVEL_OVER_RATE(pinj_15l|cerqrott8)|LEVEL_OVER_RATE(pinj_15r|cerqrott8)|LEVEL_OVER_RATE(pinj_21l|cerqrott8)|LEVEL_OVER_RATE(pinj_21r|cerqrott8)|LEVEL_OVER_RATE(pinj_30l|cerqrott8)|LEVEL_OVER_RATE(pinj_30r|cerqrott8)|LEVEL_OVER_RATE(pinj_33l|cerqrott8)|LEVEL_OVER_RATE(pinj_33r|cerqrott8),VACUOUS,"at least one member is inadmissible, so no admissible support can contain the complete exact set; the constraint is well defined but has no binding instance"
DEP_C4_PHASE_cerqrott10,C4,PHASE(pinj_b|cerqrott10),PHASE(pinj|cerqrott10) = sum_b PHASE(pinj_b|cerqrott10),PHASE(pinj|cerqrott10),PHASE(pinj_15l|cerqrott10)|PHASE(pinj_15r|cerqrott10)|PHASE(pinj_21l|cerqrott10)|PHASE(pinj_21r|cerqrott10)|PHASE(pinj_30l|cerqrott10)|PHASE(pinj_30r|cerqrott10)|PHASE(pinj_33l|cerqrott10)|PHASE(pinj_33r|cerqrott10),9,"d/dt is linear and FD2_PHYSICAL_TIME_V1 is a fixed linear stencil on the shared grid, so dot(pinj) = sum_b dot(pinj_b); aggregate rate in NUMERATOR only",LOCAL_DOCUMENTED,False,9,PHASE(pinj|cerqrott10)|PHASE(pinj_15l|cerqrott10)|PHASE(pinj_15r|cerqrott10)|PHASE(pinj_21l|cerqrott10)|PHASE(pinj_21r|cerqrott10)|PHASE(pinj_30l|cerqrott10)|PHASE(pinj_30r|cerqrott10)|PHASE(pinj_33l|cerqrott10)|PHASE(pinj_33r|cerqrott10),VACUOUS,"at least one member is inadmissible, so no admissible support can contain the complete exact set; the constraint is well defined but has no binding instance"
DEP_C6_LEVEL_cerqrott10,C6,LEVEL_RATE(pinj_b|cerqrott10),LEVEL_RATE(pinj|cerqrott10) = sum_b LEVEL_RATE(pinj_b|cerqrott10),LEVEL_RATE(pinj|cerqrott10),LEVEL_RATE(pinj_15l|cerqrott10)|LEVEL_RATE(pinj_15r|cerqrott10)|LEVEL_RATE(pinj_21l|cerqrott10)|LEVEL_RATE(pinj_21r|cerqrott10)|LEVEL_RATE(pinj_30l|cerqrott10)|LEVEL_RATE(pinj_30r|cerqrott10)|LEVEL_RATE(pinj_33l|cerqrott10)|LEVEL_RATE(pinj_33r|cerqrott10),9,aggregate enters linearly: sum_b (a_b) = (sum_b a_b); pinj * dot(x_z) = sum_b pinj_b * dot(x_z),LOCAL_DOCUMENTED,False,4,LEVEL_RATE(pinj_15r|cerqrott10)|LEVEL_RATE(pinj_21l|cerqrott10)|LEVEL_RATE(pinj_21r|cerqrott10)|LEVEL_RATE(pinj_33l|cerqrott10),VACUOUS,"at least one member is inadmissible, so no admissible support can contain the complete exact set; the constraint is well defined but has no binding instance"
DEP_C8_LEVEL_OVER_RATE_cerqrott10,C8,LEVEL_OVER_RATE(pinj_b|cerqrott10),LEVEL_OVER_RATE(pinj|cerqrott10) = sum_b LEVEL_OVER_RATE(pinj_b|cerqrott10),LEVEL_OVER_RATE(pinj|cerqrott10),LEVEL_OVER_RATE(pinj_15l|cerqrott10)|LEVEL_OVER_RATE(pinj_15r|cerqrott10)|LEVEL_OVER_RATE(pinj_21l|cerqrott10)|LEVEL_OVER_RATE(pinj_21r|cerqrott10)|LEVEL_OVER_RATE(pinj_30l|cerqrott10)|LEVEL_OVER_RATE(pinj_30r|cerqrott10)|LEVEL_OVER_RATE(pinj_33l|cerqrott10)|LEVEL_OVER_RATE(pinj_33r|cerqrott10),9,aggregate enters linearly: sum_b (a_b) = (sum_b a_b); aggregate level in NUMERATOR only,LOCAL_DOCUMENTED,False,9,LEVEL_OVER_RATE(pinj|cerqrott10)|LEVEL_OVER_RATE(pinj_15l|cerqrott10)|LEVEL_OVER_RATE(pinj_15r|cerqrott10)|LEVEL_OVER_RATE(pinj_21l|cerqrott10)|LEVEL_OVER_RATE(pinj_21r|cerqrott10)|LEVEL_OVER_RATE(pinj_30l|cerqrott10)|LEVEL_OVER_RATE(pinj_30r|cerqrott10)|LEVEL_OVER_RATE(pinj_33l|cerqrott10)|LEVEL_OVER_RATE(pinj_33r|cerqrott10),VACUOUS,"at least one member is inadmissible, so no admissible support can contain the complete exact set; the constraint is well defined but has no binding instance"
DEP_C4_PHASE_cerqrott11,C4,PHASE(pinj_b|cerqrott11),PHASE(pinj|cerqrott11) = sum_b PHASE(pinj_b|cerqrott11),PHASE(pinj|cerqrott11),PHASE(pinj_15l|cerqrott11)|PHASE(pinj_15r|cerqrott11)|PHASE(pinj_21l|cerqrott11)|PHASE(pinj_21r|cerqrott11)|PHASE(pinj_30l|cerqrott11)|PHASE(pinj_30r|cerqrott11)|PHASE(pinj_33l|cerqrott11)|PHASE(pinj_33r|cerqrott11),9,"d/dt is linear and FD2_PHYSICAL_TIME_V1 is a fixed linear stencil on the shared grid, so dot(pinj) = sum_b dot(pinj_b); aggregate rate in NUMERATOR only",LOCAL_DOCUMENTED,False,9,PHASE(pinj|cerqrott11)|PHASE(pinj_15l|cerqrott11)|PHASE(pinj_15r|cerqrott11)|PHASE(pinj_21l|cerqrott11)|PHASE(pinj_21r|cerqrott11)|PHASE(pinj_30l|cerqrott11)|PHASE(pinj_30r|cerqrott11)|PHASE(pinj_33l|cerqrott11)|PHASE(pinj_33r|cerqrott11),VACUOUS,"at least one member is inadmissible, so no admissible support can contain the complete exact set; the constraint is well defined but has no binding instance"
DEP_C6_LEVEL_cerqrott11,C6,LEVEL_RATE(pinj_b|cerqrott11),LEVEL_RATE(pinj|cerqrott11) = sum_b LEVEL_RATE(pinj_b|cerqrott11),LEVEL_RATE(pinj|cerqrott11),LEVEL_RATE(pinj_15l|cerqrott11)|LEVEL_RATE(pinj_15r|cerqrott11)|LEVEL_RATE(pinj_21l|cerqrott11)|LEVEL_RATE(pinj_21r|cerqrott11)|LEVEL_RATE(pinj_30l|cerqrott11)|LEVEL_RATE(pinj_30r|cerqrott11)|LEVEL_RATE(pinj_33l|cerqrott11)|LEVEL_RATE(pinj_33r|cerqrott11),9,aggregate enters linearly: sum_b (a_b) = (sum_b a_b); pinj * dot(x_z) = sum_b pinj_b * dot(x_z),LOCAL_DOCUMENTED,False,4,LEVEL_RATE(pinj_15r|cerqrott11)|LEVEL_RATE(pinj_21l|cerqrott11)|LEVEL_RATE(pinj_21r|cerqrott11)|LEVEL_RATE(pinj_33l|cerqrott11),VACUOUS,"at least one member is inadmissible, so no admissible support can contain the complete exact set; the constraint is well defined but has no binding instance"
DEP_C8_LEVEL_OVER_RATE_cerqrott11,C8,LEVEL_OVER_RATE(pinj_b|cerqrott11),LEVEL_OVER_RATE(pinj|cerqrott11) = sum_b LEVEL_OVER_RATE(pinj_b|cerqrott11),LEVEL_OVER_RATE(pinj|cerqrott11),LEVEL_OVER_RATE(pinj_15l|cerqrott11)|LEVEL_OVER_RATE(pinj_15r|cerqrott11)|LEVEL_OVER_RATE(pinj_21l|cerqrott11)|LEVEL_OVER_RATE(pinj_21r|cerqrott11)|LEVEL_OVER_RATE(pinj_30l|cerqrott11)|LEVEL_OVER_RATE(pinj_30r|cerqrott11)|LEVEL_OVER_RATE(pinj_33l|cerqrott11)|LEVEL_OVER_RATE(pinj_33r|cerqrott11),9,aggregate enters linearly: sum_b (a_b) = (sum_b a_b); aggregate level in NUMERATOR only,LOCAL_DOCUMENTED,False,9,LEVEL_OVER_RATE(pinj|cerqrott11)|LEVEL_OVER_RATE(pinj_15l|cerqrott11)|LEVEL_OVER_RATE(pinj_15r|cerqrott11)|LEVEL_OVER_RATE(pinj_21l|cerqrott11)|LEVEL_OVER_RATE(pinj_21r|cerqrott11)|LEVEL_OVER_RATE(pinj_30l|cerqrott11)|LEVEL_OVER_RATE(pinj_30r|cerqrott11)|LEVEL_OVER_RATE(pinj_33l|cerqrott11)|LEVEL_OVER_RATE(pinj_33r|cerqrott11),VACUOUS,"at least one member is inadmissible, so no admissible support can contain the complete exact set; the constraint is well defined but has no binding instance"
DEP_C4_PHASE_cerqrott12,C4,PHASE(pinj_b|cerqrott12),PHASE(pinj|cerqrott12) = sum_b PHASE(pinj_b|cerqrott12),PHASE(pinj|cerqrott12),PHASE(pinj_15l|cerqrott12)|PHASE(pinj_15r|cerqrott12)|PHASE(pinj_21l|cerqrott12)|PHASE(pinj_21r|cerqrott12)|PHASE(pinj_30l|cerqrott12)|PHASE(pinj_30r|cerqrott12)|PHASE(pinj_33l|cerqrott12)|PHASE(pinj_33r|cerqrott12),9,"d/dt is linear and FD2_PHYSICAL_TIME_V1 is a fixed linear stencil on the shared grid, so dot(pinj) = sum_b dot(pinj_b); aggregate rate in NUMERATOR only",LOCAL_DOCUMENTED,False,9,PHASE(pinj|cerqrott12)|PHASE(pinj_15l|cerqrott12)|PHASE(pinj_15r|cerqrott12)|PHASE(pinj_21l|cerqrott12)|PHASE(pinj_21r|cerqrott12)|PHASE(pinj_30l|cerqrott12)|PHASE(pinj_30r|cerqrott12)|PHASE(pinj_33l|cerqrott12)|PHASE(pinj_33r|cerqrott12),VACUOUS,"at least one member is inadmissible, so no admissible support can contain the complete exact set; the constraint is well defined but has no binding instance"
DEP_C6_LEVEL_cerqrott12,C6,LEVEL_RATE(pinj_b|cerqrott12),LEVEL_RATE(pinj|cerqrott12) = sum_b LEVEL_RATE(pinj_b|cerqrott12),LEVEL_RATE(pinj|cerqrott12),LEVEL_RATE(pinj_15l|cerqrott12)|LEVEL_RATE(pinj_15r|cerqrott12)|LEVEL_RATE(pinj_21l|cerqrott12)|LEVEL_RATE(pinj_21r|cerqrott12)|LEVEL_RATE(pinj_30l|cerqrott12)|LEVEL_RATE(pinj_30r|cerqrott12)|LEVEL_RATE(pinj_33l|cerqrott12)|LEVEL_RATE(pinj_33r|cerqrott12),9,aggregate enters linearly: sum_b (a_b) = (sum_b a_b); pinj * dot(x_z) = sum_b pinj_b * dot(x_z),LOCAL_DOCUMENTED,False,4,LEVEL_RATE(pinj_15r|cerqrott12)|LEVEL_RATE(pinj_21l|cerqrott12)|LEVEL_RATE(pinj_21r|cerqrott12)|LEVEL_RATE(pinj_33l|cerqrott12),VACUOUS,"at least one member is inadmissible, so no admissible support can contain the complete exact set; the constraint is well defined but has no binding instance"
DEP_C8_LEVEL_OVER_RATE_cerqrott12,C8,LEVEL_OVER_RATE(pinj_b|cerqrott12),LEVEL_OVER_RATE(pinj|cerqrott12) = sum_b LEVEL_OVER_RATE(pinj_b|cerqrott12),LEVEL_OVER_RATE(pinj|cerqrott12),LEVEL_OVER_RATE(pinj_15l|cerqrott12)|LEVEL_OVER_RATE(pinj_15r|cerqrott12)|LEVEL_OVER_RATE(pinj_21l|cerqrott12)|LEVEL_OVER_RATE(pinj_21r|cerqrott12)|LEVEL_OVER_RATE(pinj_30l|cerqrott12)|LEVEL_OVER_RATE(pinj_30r|cerqrott12)|LEVEL_OVER_RATE(pinj_33l|cerqrott12)|LEVEL_OVER_RATE(pinj_33r|cerqrott12),9,aggregate enters linearly: sum_b (a_b) = (sum_b a_b); aggregate level in NUMERATOR only,LOCAL_DOCUMENTED,False,9,LEVEL_OVER_RATE(pinj|cerqrott12)|LEVEL_OVER_RATE(pinj_15l|cerqrott12)|LEVEL_OVER_RATE(pinj_15r|cerqrott12)|LEVEL_OVER_RATE(pinj_21l|cerqrott12)|LEVEL_OVER_RATE(pinj_21r|cerqrott12)|LEVEL_OVER_RATE(pinj_30l|cerqrott12)|LEVEL_OVER_RATE(pinj_30r|cerqrott12)|LEVEL_OVER_RATE(pinj_33l|cerqrott12)|LEVEL_OVER_RATE(pinj_33r|cerqrott12),VACUOUS,"at least one member is inadmissible, so no admissible support can contain the complete exact set; the constraint is well defined but has no binding instance"
DEP_C4_PHASE_cerqrott13,C4,PHASE(pinj_b|cerqrott13),PHASE(pinj|cerqrott13) = sum_b PHASE(pinj_b|cerqrott13),PHASE(pinj|cerqrott13),PHASE(pinj_15l|cerqrott13)|PHASE(pinj_15r|cerqrott13)|PHASE(pinj_21l|cerqrott13)|PHASE(pinj_21r|cerqrott13)|PHASE(pinj_30l|cerqrott13)|PHASE(pinj_30r|cerqrott13)|PHASE(pinj_33l|cerqrott13)|PHASE(pinj_33r|cerqrott13),9,"d/dt is linear and FD2_PHYSICAL_TIME_V1 is a fixed linear stencil on the shared grid, so dot(pinj) = sum_b dot(pinj_b); aggregate rate in NUMERATOR only",LOCAL_DOCUMENTED,False,9,PHASE(pinj|cerqrott13)|PHASE(pinj_15l|cerqrott13)|PHASE(pinj_15r|cerqrott13)|PHASE(pinj_21l|cerqrott13)|PHASE(pinj_21r|cerqrott13)|PHASE(pinj_30l|cerqrott13)|PHASE(pinj_30r|cerqrott13)|PHASE(pinj_33l|cerqrott13)|PHASE(pinj_33r|cerqrott13),VACUOUS,"at least one member is inadmissible, so no admissible support can contain the complete exact set; the constraint is well defined but has no binding instance"
DEP_C6_LEVEL_cerqrott13,C6,LEVEL_RATE(pinj_b|cerqrott13),LEVEL_RATE(pinj|cerqrott13) = sum_b LEVEL_RATE(pinj_b|cerqrott13),LEVEL_RATE(pinj|cerqrott13),LEVEL_RATE(pinj_15l|cerqrott13)|LEVEL_RATE(pinj_15r|cerqrott13)|LEVEL_RATE(pinj_21l|cerqrott13)|LEVEL_RATE(pinj_21r|cerqrott13)|LEVEL_RATE(pinj_30l|cerqrott13)|LEVEL_RATE(pinj_30r|cerqrott13)|LEVEL_RATE(pinj_33l|cerqrott13)|LEVEL_RATE(pinj_33r|cerqrott13),9,aggregate enters linearly: sum_b (a_b) = (sum_b a_b); pinj * dot(x_z) = sum_b pinj_b * dot(x_z),LOCAL_DOCUMENTED,False,4,LEVEL_RATE(pinj_15r|cerqrott13)|LEVEL_RATE(pinj_21l|cerqrott13)|LEVEL_RATE(pinj_21r|cerqrott13)|LEVEL_RATE(pinj_33l|cerqrott13),VACUOUS,"at least one member is inadmissible, so no admissible support can contain the complete exact set; the constraint is well defined but has no binding instance"
DEP_C8_LEVEL_OVER_RATE_cerqrott13,C8,LEVEL_OVER_RATE(pinj_b|cerqrott13),LEVEL_OVER_RATE(pinj|cerqrott13) = sum_b LEVEL_OVER_RATE(pinj_b|cerqrott13),LEVEL_OVER_RATE(pinj|cerqrott13),LEVEL_OVER_RATE(pinj_15l|cerqrott13)|LEVEL_OVER_RATE(pinj_15r|cerqrott13)|LEVEL_OVER_RATE(pinj_21l|cerqrott13)|LEVEL_OVER_RATE(pinj_21r|cerqrott13)|LEVEL_OVER_RATE(pinj_30l|cerqrott13)|LEVEL_OVER_RATE(pinj_30r|cerqrott13)|LEVEL_OVER_RATE(pinj_33l|cerqrott13)|LEVEL_OVER_RATE(pinj_33r|cerqrott13),9,aggregate enters linearly: sum_b (a_b) = (sum_b a_b); aggregate level in NUMERATOR only,LOCAL_DOCUMENTED,False,9,LEVEL_OVER_RATE(pinj|cerqrott13)|LEVEL_OVER_RATE(pinj_15l|cerqrott13)|LEVEL_OVER_RATE(pinj_15r|cerqrott13)|LEVEL_OVER_RATE(pinj_21l|cerqrott13)|LEVEL_OVER_RATE(pinj_21r|cerqrott13)|LEVEL_OVER_RATE(pinj_30l|cerqrott13)|LEVEL_OVER_RATE(pinj_30r|cerqrott13)|LEVEL_OVER_RATE(pinj_33l|cerqrott13)|LEVEL_OVER_RATE(pinj_33r|cerqrott13),VACUOUS,"at least one member is inadmissible, so no admissible support can contain the complete exact set; the constraint is well defined but has no binding instance"
DEP_C4_PHASE_cerqtit3,C4,PHASE(pinj_b|cerqtit3),PHASE(pinj|cerqtit3) = sum_b PHASE(pinj_b|cerqtit3),PHASE(pinj|cerqtit3),PHASE(pinj_15l|cerqtit3)|PHASE(pinj_15r|cerqtit3)|PHASE(pinj_21l|cerqtit3)|PHASE(pinj_21r|cerqtit3)|PHASE(pinj_30l|cerqtit3)|PHASE(pinj_30r|cerqtit3)|PHASE(pinj_33l|cerqtit3)|PHASE(pinj_33r|cerqtit3),9,"d/dt is linear and FD2_PHYSICAL_TIME_V1 is a fixed linear stencil on the shared grid, so dot(pinj) = sum_b dot(pinj_b); aggregate rate in NUMERATOR only",LOCAL_DOCUMENTED,False,9,PHASE(pinj|cerqtit3)|PHASE(pinj_15l|cerqtit3)|PHASE(pinj_15r|cerqtit3)|PHASE(pinj_21l|cerqtit3)|PHASE(pinj_21r|cerqtit3)|PHASE(pinj_30l|cerqtit3)|PHASE(pinj_30r|cerqtit3)|PHASE(pinj_33l|cerqtit3)|PHASE(pinj_33r|cerqtit3),VACUOUS,"at least one member is inadmissible, so no admissible support can contain the complete exact set; the constraint is well defined but has no binding instance"
DEP_C6_LEVEL_cerqtit3,C6,LEVEL_RATE(pinj_b|cerqtit3),LEVEL_RATE(pinj|cerqtit3) = sum_b LEVEL_RATE(pinj_b|cerqtit3),LEVEL_RATE(pinj|cerqtit3),LEVEL_RATE(pinj_15l|cerqtit3)|LEVEL_RATE(pinj_15r|cerqtit3)|LEVEL_RATE(pinj_21l|cerqtit3)|LEVEL_RATE(pinj_21r|cerqtit3)|LEVEL_RATE(pinj_30l|cerqtit3)|LEVEL_RATE(pinj_30r|cerqtit3)|LEVEL_RATE(pinj_33l|cerqtit3)|LEVEL_RATE(pinj_33r|cerqtit3),9,aggregate enters linearly: sum_b (a_b) = (sum_b a_b); pinj * dot(x_z) = sum_b pinj_b * dot(x_z),LOCAL_DOCUMENTED,False,4,LEVEL_RATE(pinj_15r|cerqtit3)|LEVEL_RATE(pinj_21l|cerqtit3)|LEVEL_RATE(pinj_21r|cerqtit3)|LEVEL_RATE(pinj_33l|cerqtit3),VACUOUS,"at least one member is inadmissible, so no admissible support can contain the complete exact set; the constraint is well defined but has no binding instance"
DEP_C8_LEVEL_OVER_RATE_cerqtit3,C8,LEVEL_OVER_RATE(pinj_b|cerqtit3),LEVEL_OVER_RATE(pinj|cerqtit3) = sum_b LEVEL_OVER_RATE(pinj_b|cerqtit3),LEVEL_OVER_RATE(pinj|cerqtit3),LEVEL_OVER_RATE(pinj_15l|cerqtit3)|LEVEL_OVER_RATE(pinj_15r|cerqtit3)|LEVEL_OVER_RATE(pinj_21l|cerqtit3)|LEVEL_OVER_RATE(pinj_21r|cerqtit3)|LEVEL_OVER_RATE(pinj_30l|cerqtit3)|LEVEL_OVER_RATE(pinj_30r|cerqtit3)|LEVEL_OVER_RATE(pinj_33l|cerqtit3)|LEVEL_OVER_RATE(pinj_33r|cerqtit3),9,aggregate enters linearly: sum_b (a_b) = (sum_b a_b); aggregate level in NUMERATOR only,LOCAL_DOCUMENTED,False,9,LEVEL_OVER_RATE(pinj|cerqtit3)|LEVEL_OVER_RATE(pinj_15l|cerqtit3)|LEVEL_OVER_RATE(pinj_15r|cerqtit3)|LEVEL_OVER_RATE(pinj_21l|cerqtit3)|LEVEL_OVER_RATE(pinj_21r|cerqtit3)|LEVEL_OVER_RATE(pinj_30l|cerqtit3)|LEVEL_OVER_RATE(pinj_30r|cerqtit3)|LEVEL_OVER_RATE(pinj_33l|cerqtit3)|LEVEL_OVER_RATE(pinj_33r|cerqtit3),VACUOUS,"at least one member is inadmissible, so no admissible support can contain the complete exact set; the constraint is well defined but has no binding instance"
DEP_C4_PHASE_cerqtit6,C4,PHASE(pinj_b|cerqtit6),PHASE(pinj|cerqtit6) = sum_b PHASE(pinj_b|cerqtit6),PHASE(pinj|cerqtit6),PHASE(pinj_15l|cerqtit6)|PHASE(pinj_15r|cerqtit6)|PHASE(pinj_21l|cerqtit6)|PHASE(pinj_21r|cerqtit6)|PHASE(pinj_30l|cerqtit6)|PHASE(pinj_30r|cerqtit6)|PHASE(pinj_33l|cerqtit6)|PHASE(pinj_33r|cerqtit6),9,"d/dt is linear and FD2_PHYSICAL_TIME_V1 is a fixed linear stencil on the shared grid, so dot(pinj) = sum_b dot(pinj_b); aggregate rate in NUMERATOR only",LOCAL_DOCUMENTED,False,9,PHASE(pinj|cerqtit6)|PHASE(pinj_15l|cerqtit6)|PHASE(pinj_15r|cerqtit6)|PHASE(pinj_21l|cerqtit6)|PHASE(pinj_21r|cerqtit6)|PHASE(pinj_30l|cerqtit6)|PHASE(pinj_30r|cerqtit6)|PHASE(pinj_33l|cerqtit6)|PHASE(pinj_33r|cerqtit6),VACUOUS,"at least one member is inadmissible, so no admissible support can contain the complete exact set; the constraint is well defined but has no binding instance"
DEP_C6_LEVEL_cerqtit6,C6,LEVEL_RATE(pinj_b|cerqtit6),LEVEL_RATE(pinj|cerqtit6) = sum_b LEVEL_RATE(pinj_b|cerqtit6),LEVEL_RATE(pinj|cerqtit6),LEVEL_RATE(pinj_15l|cerqtit6)|LEVEL_RATE(pinj_15r|cerqtit6)|LEVEL_RATE(pinj_21l|cerqtit6)|LEVEL_RATE(pinj_21r|cerqtit6)|LEVEL_RATE(pinj_30l|cerqtit6)|LEVEL_RATE(pinj_30r|cerqtit6)|LEVEL_RATE(pinj_33l|cerqtit6)|LEVEL_RATE(pinj_33r|cerqtit6),9,aggregate enters linearly: sum_b (a_b) = (sum_b a_b); pinj * dot(x_z) = sum_b pinj_b * dot(x_z),LOCAL_DOCUMENTED,False,4,LEVEL_RATE(pinj_15r|cerqtit6)|LEVEL_RATE(pinj_21l|cerqtit6)|LEVEL_RATE(pinj_21r|cerqtit6)|LEVEL_RATE(pinj_33l|cerqtit6),VACUOUS,"at least one member is inadmissible, so no admissible support can contain the complete exact set; the constraint is well defined but has no binding instance"
DEP_C8_LEVEL_OVER_RATE_cerqtit6,C8,LEVEL_OVER_RATE(pinj_b|cerqtit6),LEVEL_OVER_RATE(pinj|cerqtit6) = sum_b LEVEL_OVER_RATE(pinj_b|cerqtit6),LEVEL_OVER_RATE(pinj|cerqtit6),LEVEL_OVER_RATE(pinj_15l|cerqtit6)|LEVEL_OVER_RATE(pinj_15r|cerqtit6)|LEVEL_OVER_RATE(pinj_21l|cerqtit6)|LEVEL_OVER_RATE(pinj_21r|cerqtit6)|LEVEL_OVER_RATE(pinj_30l|cerqtit6)|LEVEL_OVER_RATE(pinj_30r|cerqtit6)|LEVEL_OVER_RATE(pinj_33l|cerqtit6)|LEVEL_OVER_RATE(pinj_33r|cerqtit6),9,aggregate enters linearly: sum_b (a_b) = (sum_b a_b); aggregate level in NUMERATOR only,LOCAL_DOCUMENTED,False,9,LEVEL_OVER_RATE(pinj|cerqtit6)|LEVEL_OVER_RATE(pinj_15l|cerqtit6)|LEVEL_OVER_RATE(pinj_15r|cerqtit6)|LEVEL_OVER_RATE(pinj_21l|cerqtit6)|LEVEL_OVER_RATE(pinj_21r|cerqtit6)|LEVEL_OVER_RATE(pinj_30l|cerqtit6)|LEVEL_OVER_RATE(pinj_30r|cerqtit6)|LEVEL_OVER_RATE(pinj_33l|cerqtit6)|LEVEL_OVER_RATE(pinj_33r|cerqtit6),VACUOUS,"at least one member is inadmissible, so no admissible support can contain the complete exact set; the constraint is well defined but has no binding instance"
DEP_C4_PHASE_cerqtit8,C4,PHASE(pinj_b|cerqtit8),PHASE(pinj|cerqtit8) = sum_b PHASE(pinj_b|cerqtit8),PHASE(pinj|cerqtit8),PHASE(pinj_15l|cerqtit8)|PHASE(pinj_15r|cerqtit8)|PHASE(pinj_21l|cerqtit8)|PHASE(pinj_21r|cerqtit8)|PHASE(pinj_30l|cerqtit8)|PHASE(pinj_30r|cerqtit8)|PHASE(pinj_33l|cerqtit8)|PHASE(pinj_33r|cerqtit8),9,"d/dt is linear and FD2_PHYSICAL_TIME_V1 is a fixed linear stencil on the shared grid, so dot(pinj) = sum_b dot(pinj_b); aggregate rate in NUMERATOR only",LOCAL_DOCUMENTED,False,9,PHASE(pinj|cerqtit8)|PHASE(pinj_15l|cerqtit8)|PHASE(pinj_15r|cerqtit8)|PHASE(pinj_21l|cerqtit8)|PHASE(pinj_21r|cerqtit8)|PHASE(pinj_30l|cerqtit8)|PHASE(pinj_30r|cerqtit8)|PHASE(pinj_33l|cerqtit8)|PHASE(pinj_33r|cerqtit8),VACUOUS,"at least one member is inadmissible, so no admissible support can contain the complete exact set; the constraint is well defined but has no binding instance"
DEP_C6_LEVEL_cerqtit8,C6,LEVEL_RATE(pinj_b|cerqtit8),LEVEL_RATE(pinj|cerqtit8) = sum_b LEVEL_RATE(pinj_b|cerqtit8),LEVEL_RATE(pinj|cerqtit8),LEVEL_RATE(pinj_15l|cerqtit8)|LEVEL_RATE(pinj_15r|cerqtit8)|LEVEL_RATE(pinj_21l|cerqtit8)|LEVEL_RATE(pinj_21r|cerqtit8)|LEVEL_RATE(pinj_30l|cerqtit8)|LEVEL_RATE(pinj_30r|cerqtit8)|LEVEL_RATE(pinj_33l|cerqtit8)|LEVEL_RATE(pinj_33r|cerqtit8),9,aggregate enters linearly: sum_b (a_b) = (sum_b a_b); pinj * dot(x_z) = sum_b pinj_b * dot(x_z),LOCAL_DOCUMENTED,False,4,LEVEL_RATE(pinj_15r|cerqtit8)|LEVEL_RATE(pinj_21l|cerqtit8)|LEVEL_RATE(pinj_21r|cerqtit8)|LEVEL_RATE(pinj_33l|cerqtit8),VACUOUS,"at least one member is inadmissible, so no admissible support can contain the complete exact set; the constraint is well defined but has no binding instance"
DEP_C8_LEVEL_OVER_RATE_cerqtit8,C8,LEVEL_OVER_RATE(pinj_b|cerqtit8),LEVEL_OVER_RATE(pinj|cerqtit8) = sum_b LEVEL_OVER_RATE(pinj_b|cerqtit8),LEVEL_OVER_RATE(pinj|cerqtit8),LEVEL_OVER_RATE(pinj_15l|cerqtit8)|LEVEL_OVER_RATE(pinj_15r|cerqtit8)|LEVEL_OVER_RATE(pinj_21l|cerqtit8)|LEVEL_OVER_RATE(pinj_21r|cerqtit8)|LEVEL_OVER_RATE(pinj_30l|cerqtit8)|LEVEL_OVER_RATE(pinj_30r|cerqtit8)|LEVEL_OVER_RATE(pinj_33l|cerqtit8)|LEVEL_OVER_RATE(pinj_33r|cerqtit8),9,aggregate enters linearly: sum_b (a_b) = (sum_b a_b); aggregate level in NUMERATOR only,LOCAL_DOCUMENTED,False,9,LEVEL_OVER_RATE(pinj|cerqtit8)|LEVEL_OVER_RATE(pinj_15l|cerqtit8)|LEVEL_OVER_RATE(pinj_15r|cerqtit8)|LEVEL_OVER_RATE(pinj_21l|cerqtit8)|LEVEL_OVER_RATE(pinj_21r|cerqtit8)|LEVEL_OVER_RATE(pinj_30l|cerqtit8)|LEVEL_OVER_RATE(pinj_30r|cerqtit8)|LEVEL_OVER_RATE(pinj_33l|cerqtit8)|LEVEL_OVER_RATE(pinj_33r|cerqtit8),VACUOUS,"at least one member is inadmissible, so no admissible support can contain the complete exact set; the constraint is well defined but has no binding instance"
DEP_C4_PHASE_cerqtit10,C4,PHASE(pinj_b|cerqtit10),PHASE(pinj|cerqtit10) = sum_b PHASE(pinj_b|cerqtit10),PHASE(pinj|cerqtit10),PHASE(pinj_15l|cerqtit10)|PHASE(pinj_15r|cerqtit10)|PHASE(pinj_21l|cerqtit10)|PHASE(pinj_21r|cerqtit10)|PHASE(pinj_30l|cerqtit10)|PHASE(pinj_30r|cerqtit10)|PHASE(pinj_33l|cerqtit10)|PHASE(pinj_33r|cerqtit10),9,"d/dt is linear and FD2_PHYSICAL_TIME_V1 is a fixed linear stencil on the shared grid, so dot(pinj) = sum_b dot(pinj_b); aggregate rate in NUMERATOR only",LOCAL_DOCUMENTED,False,9,PHASE(pinj|cerqtit10)|PHASE(pinj_15l|cerqtit10)|PHASE(pinj_15r|cerqtit10)|PHASE(pinj_21l|cerqtit10)|PHASE(pinj_21r|cerqtit10)|PHASE(pinj_30l|cerqtit10)|PHASE(pinj_30r|cerqtit10)|PHASE(pinj_33l|cerqtit10)|PHASE(pinj_33r|cerqtit10),VACUOUS,"at least one member is inadmissible, so no admissible support can contain the complete exact set; the constraint is well defined but has no binding instance"
DEP_C6_LEVEL_cerqtit10,C6,LEVEL_RATE(pinj_b|cerqtit10),LEVEL_RATE(pinj|cerqtit10) = sum_b LEVEL_RATE(pinj_b|cerqtit10),LEVEL_RATE(pinj|cerqtit10),LEVEL_RATE(pinj_15l|cerqtit10)|LEVEL_RATE(pinj_15r|cerqtit10)|LEVEL_RATE(pinj_21l|cerqtit10)|LEVEL_RATE(pinj_21r|cerqtit10)|LEVEL_RATE(pinj_30l|cerqtit10)|LEVEL_RATE(pinj_30r|cerqtit10)|LEVEL_RATE(pinj_33l|cerqtit10)|LEVEL_RATE(pinj_33r|cerqtit10),9,aggregate enters linearly: sum_b (a_b) = (sum_b a_b); pinj * dot(x_z) = sum_b pinj_b * dot(x_z),LOCAL_DOCUMENTED,False,4,LEVEL_RATE(pinj_15r|cerqtit10)|LEVEL_RATE(pinj_21l|cerqtit10)|LEVEL_RATE(pinj_21r|cerqtit10)|LEVEL_RATE(pinj_33l|cerqtit10),VACUOUS,"at least one member is inadmissible, so no admissible support can contain the complete exact set; the constraint is well defined but has no binding instance"
DEP_C8_LEVEL_OVER_RATE_cerqtit10,C8,LEVEL_OVER_RATE(pinj_b|cerqtit10),LEVEL_OVER_RATE(pinj|cerqtit10) = sum_b LEVEL_OVER_RATE(pinj_b|cerqtit10),LEVEL_OVER_RATE(pinj|cerqtit10),LEVEL_OVER_RATE(pinj_15l|cerqtit10)|LEVEL_OVER_RATE(pinj_15r|cerqtit10)|LEVEL_OVER_RATE(pinj_21l|cerqtit10)|LEVEL_OVER_RATE(pinj_21r|cerqtit10)|LEVEL_OVER_RATE(pinj_30l|cerqtit10)|LEVEL_OVER_RATE(pinj_30r|cerqtit10)|LEVEL_OVER_RATE(pinj_33l|cerqtit10)|LEVEL_OVER_RATE(pinj_33r|cerqtit10),9,aggregate enters linearly: sum_b (a_b) = (sum_b a_b); aggregate level in NUMERATOR only,LOCAL_DOCUMENTED,False,9,LEVEL_OVER_RATE(pinj|cerqtit10)|LEVEL_OVER_RATE(pinj_15l|cerqtit10)|LEVEL_OVER_RATE(pinj_15r|cerqtit10)|LEVEL_OVER_RATE(pinj_21l|cerqtit10)|LEVEL_OVER_RATE(pinj_21r|cerqtit10)|LEVEL_OVER_RATE(pinj_30l|cerqtit10)|LEVEL_OVER_RATE(pinj_30r|cerqtit10)|LEVEL_OVER_RATE(pinj_33l|cerqtit10)|LEVEL_OVER_RATE(pinj_33r|cerqtit10),VACUOUS,"at least one member is inadmissible, so no admissible support can contain the complete exact set; the constraint is well defined but has no binding instance"
DEP_C4_PHASE_cerqtit11,C4,PHASE(pinj_b|cerqtit11),PHASE(pinj|cerqtit11) = sum_b PHASE(pinj_b|cerqtit11),PHASE(pinj|cerqtit11),PHASE(pinj_15l|cerqtit11)|PHASE(pinj_15r|cerqtit11)|PHASE(pinj_21l|cerqtit11)|PHASE(pinj_21r|cerqtit11)|PHASE(pinj_30l|cerqtit11)|PHASE(pinj_30r|cerqtit11)|PHASE(pinj_33l|cerqtit11)|PHASE(pinj_33r|cerqtit11),9,"d/dt is linear and FD2_PHYSICAL_TIME_V1 is a fixed linear stencil on the shared grid, so dot(pinj) = sum_b dot(pinj_b); aggregate rate in NUMERATOR only",LOCAL_DOCUMENTED,False,9,PHASE(pinj|cerqtit11)|PHASE(pinj_15l|cerqtit11)|PHASE(pinj_15r|cerqtit11)|PHASE(pinj_21l|cerqtit11)|PHASE(pinj_21r|cerqtit11)|PHASE(pinj_30l|cerqtit11)|PHASE(pinj_30r|cerqtit11)|PHASE(pinj_33l|cerqtit11)|PHASE(pinj_33r|cerqtit11),VACUOUS,"at least one member is inadmissible, so no admissible support can contain the complete exact set; the constraint is well defined but has no binding instance"
DEP_C6_LEVEL_cerqtit11,C6,LEVEL_RATE(pinj_b|cerqtit11),LEVEL_RATE(pinj|cerqtit11) = sum_b LEVEL_RATE(pinj_b|cerqtit11),LEVEL_RATE(pinj|cerqtit11),LEVEL_RATE(pinj_15l|cerqtit11)|LEVEL_RATE(pinj_15r|cerqtit11)|LEVEL_RATE(pinj_21l|cerqtit11)|LEVEL_RATE(pinj_21r|cerqtit11)|LEVEL_RATE(pinj_30l|cerqtit11)|LEVEL_RATE(pinj_30r|cerqtit11)|LEVEL_RATE(pinj_33l|cerqtit11)|LEVEL_RATE(pinj_33r|cerqtit11),9,aggregate enters linearly: sum_b (a_b) = (sum_b a_b); pinj * dot(x_z) = sum_b pinj_b * dot(x_z),LOCAL_DOCUMENTED,False,4,LEVEL_RATE(pinj_15r|cerqtit11)|LEVEL_RATE(pinj_21l|cerqtit11)|LEVEL_RATE(pinj_21r|cerqtit11)|LEVEL_RATE(pinj_33l|cerqtit11),VACUOUS,"at least one member is inadmissible, so no admissible support can contain the complete exact set; the constraint is well defined but has no binding instance"
DEP_C8_LEVEL_OVER_RATE_cerqtit11,C8,LEVEL_OVER_RATE(pinj_b|cerqtit11),LEVEL_OVER_RATE(pinj|cerqtit11) = sum_b LEVEL_OVER_RATE(pinj_b|cerqtit11),LEVEL_OVER_RATE(pinj|cerqtit11),LEVEL_OVER_RATE(pinj_15l|cerqtit11)|LEVEL_OVER_RATE(pinj_15r|cerqtit11)|LEVEL_OVER_RATE(pinj_21l|cerqtit11)|LEVEL_OVER_RATE(pinj_21r|cerqtit11)|LEVEL_OVER_RATE(pinj_30l|cerqtit11)|LEVEL_OVER_RATE(pinj_30r|cerqtit11)|LEVEL_OVER_RATE(pinj_33l|cerqtit11)|LEVEL_OVER_RATE(pinj_33r|cerqtit11),9,aggregate enters linearly: sum_b (a_b) = (sum_b a_b); aggregate level in NUMERATOR only,LOCAL_DOCUMENTED,False,9,LEVEL_OVER_RATE(pinj|cerqtit11)|LEVEL_OVER_RATE(pinj_15l|cerqtit11)|LEVEL_OVER_RATE(pinj_15r|cerqtit11)|LEVEL_OVER_RATE(pinj_21l|cerqtit11)|LEVEL_OVER_RATE(pinj_21r|cerqtit11)|LEVEL_OVER_RATE(pinj_30l|cerqtit11)|LEVEL_OVER_RATE(pinj_30r|cerqtit11)|LEVEL_OVER_RATE(pinj_33l|cerqtit11)|LEVEL_OVER_RATE(pinj_33r|cerqtit11),VACUOUS,"at least one member is inadmissible, so no admissible support can contain the complete exact set; the constraint is well defined but has no binding instance"
DEP_C4_PHASE_cerqtit12,C4,PHASE(pinj_b|cerqtit12),PHASE(pinj|cerqtit12) = sum_b PHASE(pinj_b|cerqtit12),PHASE(pinj|cerqtit12),PHASE(pinj_15l|cerqtit12)|PHASE(pinj_15r|cerqtit12)|PHASE(pinj_21l|cerqtit12)|PHASE(pinj_21r|cerqtit12)|PHASE(pinj_30l|cerqtit12)|PHASE(pinj_30r|cerqtit12)|PHASE(pinj_33l|cerqtit12)|PHASE(pinj_33r|cerqtit12),9,"d/dt is linear and FD2_PHYSICAL_TIME_V1 is a fixed linear stencil on the shared grid, so dot(pinj) = sum_b dot(pinj_b); aggregate rate in NUMERATOR only",LOCAL_DOCUMENTED,False,9,PHASE(pinj|cerqtit12)|PHASE(pinj_15l|cerqtit12)|PHASE(pinj_15r|cerqtit12)|PHASE(pinj_21l|cerqtit12)|PHASE(pinj_21r|cerqtit12)|PHASE(pinj_30l|cerqtit12)|PHASE(pinj_30r|cerqtit12)|PHASE(pinj_33l|cerqtit12)|PHASE(pinj_33r|cerqtit12),VACUOUS,"at least one member is inadmissible, so no admissible support can contain the complete exact set; the constraint is well defined but has no binding instance"
DEP_C6_LEVEL_cerqtit12,C6,LEVEL_RATE(pinj_b|cerqtit12),LEVEL_RATE(pinj|cerqtit12) = sum_b LEVEL_RATE(pinj_b|cerqtit12),LEVEL_RATE(pinj|cerqtit12),LEVEL_RATE(pinj_15l|cerqtit12)|LEVEL_RATE(pinj_15r|cerqtit12)|LEVEL_RATE(pinj_21l|cerqtit12)|LEVEL_RATE(pinj_21r|cerqtit12)|LEVEL_RATE(pinj_30l|cerqtit12)|LEVEL_RATE(pinj_30r|cerqtit12)|LEVEL_RATE(pinj_33l|cerqtit12)|LEVEL_RATE(pinj_33r|cerqtit12),9,aggregate enters linearly: sum_b (a_b) = (sum_b a_b); pinj * dot(x_z) = sum_b pinj_b * dot(x_z),LOCAL_DOCUMENTED,False,4,LEVEL_RATE(pinj_15r|cerqtit12)|LEVEL_RATE(pinj_21l|cerqtit12)|LEVEL_RATE(pinj_21r|cerqtit12)|LEVEL_RATE(pinj_33l|cerqtit12),VACUOUS,"at least one member is inadmissible, so no admissible support can contain the complete exact set; the constraint is well defined but has no binding instance"
DEP_C8_LEVEL_OVER_RATE_cerqtit12,C8,LEVEL_OVER_RATE(pinj_b|cerqtit12),LEVEL_OVER_RATE(pinj|cerqtit12) = sum_b LEVEL_OVER_RATE(pinj_b|cerqtit12),LEVEL_OVER_RATE(pinj|cerqtit12),LEVEL_OVER_RATE(pinj_15l|cerqtit12)|LEVEL_OVER_RATE(pinj_15r|cerqtit12)|LEVEL_OVER_RATE(pinj_21l|cerqtit12)|LEVEL_OVER_RATE(pinj_21r|cerqtit12)|LEVEL_OVER_RATE(pinj_30l|cerqtit12)|LEVEL_OVER_RATE(pinj_30r|cerqtit12)|LEVEL_OVER_RATE(pinj_33l|cerqtit12)|LEVEL_OVER_RATE(pinj_33r|cerqtit12),9,aggregate enters linearly: sum_b (a_b) = (sum_b a_b); aggregate level in NUMERATOR only,LOCAL_DOCUMENTED,False,9,LEVEL_OVER_RATE(pinj|cerqtit12)|LEVEL_OVER_RATE(pinj_15l|cerqtit12)|LEVEL_OVER_RATE(pinj_15r|cerqtit12)|LEVEL_OVER_RATE(pinj_21l|cerqtit12)|LEVEL_OVER_RATE(pinj_21r|cerqtit12)|LEVEL_OVER_RATE(pinj_30l|cerqtit12)|LEVEL_OVER_RATE(pinj_30r|cerqtit12)|LEVEL_OVER_RATE(pinj_33l|cerqtit12)|LEVEL_OVER_RATE(pinj_33r|cerqtit12),VACUOUS,"at least one member is inadmissible, so no admissible support can contain the complete exact set; the constraint is well defined but has no binding instance"
DEP_C4_PHASE_cerqtit13,C4,PHASE(pinj_b|cerqtit13),PHASE(pinj|cerqtit13) = sum_b PHASE(pinj_b|cerqtit13),PHASE(pinj|cerqtit13),PHASE(pinj_15l|cerqtit13)|PHASE(pinj_15r|cerqtit13)|PHASE(pinj_21l|cerqtit13)|PHASE(pinj_21r|cerqtit13)|PHASE(pinj_30l|cerqtit13)|PHASE(pinj_30r|cerqtit13)|PHASE(pinj_33l|cerqtit13)|PHASE(pinj_33r|cerqtit13),9,"d/dt is linear and FD2_PHYSICAL_TIME_V1 is a fixed linear stencil on the shared grid, so dot(pinj) = sum_b dot(pinj_b); aggregate rate in NUMERATOR only",LOCAL_DOCUMENTED,False,9,PHASE(pinj|cerqtit13)|PHASE(pinj_15l|cerqtit13)|PHASE(pinj_15r|cerqtit13)|PHASE(pinj_21l|cerqtit13)|PHASE(pinj_21r|cerqtit13)|PHASE(pinj_30l|cerqtit13)|PHASE(pinj_30r|cerqtit13)|PHASE(pinj_33l|cerqtit13)|PHASE(pinj_33r|cerqtit13),VACUOUS,"at least one member is inadmissible, so no admissible support can contain the complete exact set; the constraint is well defined but has no binding instance"
DEP_C6_LEVEL_cerqtit13,C6,LEVEL_RATE(pinj_b|cerqtit13),LEVEL_RATE(pinj|cerqtit13) = sum_b LEVEL_RATE(pinj_b|cerqtit13),LEVEL_RATE(pinj|cerqtit13),LEVEL_RATE(pinj_15l|cerqtit13)|LEVEL_RATE(pinj_15r|cerqtit13)|LEVEL_RATE(pinj_21l|cerqtit13)|LEVEL_RATE(pinj_21r|cerqtit13)|LEVEL_RATE(pinj_30l|cerqtit13)|LEVEL_RATE(pinj_30r|cerqtit13)|LEVEL_RATE(pinj_33l|cerqtit13)|LEVEL_RATE(pinj_33r|cerqtit13),9,aggregate enters linearly: sum_b (a_b) = (sum_b a_b); pinj * dot(x_z) = sum_b pinj_b * dot(x_z),LOCAL_DOCUMENTED,False,4,LEVEL_RATE(pinj_15r|cerqtit13)|LEVEL_RATE(pinj_21l|cerqtit13)|LEVEL_RATE(pinj_21r|cerqtit13)|LEVEL_RATE(pinj_33l|cerqtit13),VACUOUS,"at least one member is inadmissible, so no admissible support can contain the complete exact set; the constraint is well defined but has no binding instance"
DEP_C8_LEVEL_OVER_RATE_cerqtit13,C8,LEVEL_OVER_RATE(pinj_b|cerqtit13),LEVEL_OVER_RATE(pinj|cerqtit13) = sum_b LEVEL_OVER_RATE(pinj_b|cerqtit13),LEVEL_OVER_RATE(pinj|cerqtit13),LEVEL_OVER_RATE(pinj_15l|cerqtit13)|LEVEL_OVER_RATE(pinj_15r|cerqtit13)|LEVEL_OVER_RATE(pinj_21l|cerqtit13)|LEVEL_OVER_RATE(pinj_21r|cerqtit13)|LEVEL_OVER_RATE(pinj_30l|cerqtit13)|LEVEL_OVER_RATE(pinj_30r|cerqtit13)|LEVEL_OVER_RATE(pinj_33l|cerqtit13)|LEVEL_OVER_RATE(pinj_33r|cerqtit13),9,aggregate enters linearly: sum_b (a_b) = (sum_b a_b); aggregate level in NUMERATOR only,LOCAL_DOCUMENTED,False,9,LEVEL_OVER_RATE(pinj|cerqtit13)|LEVEL_OVER_RATE(pinj_15l|cerqtit13)|LEVEL_OVER_RATE(pinj_15r|cerqtit13)|LEVEL_OVER_RATE(pinj_21l|cerqtit13)|LEVEL_OVER_RATE(pinj_21r|cerqtit13)|LEVEL_OVER_RATE(pinj_30l|cerqtit13)|LEVEL_OVER_RATE(pinj_30r|cerqtit13)|LEVEL_OVER_RATE(pinj_33l|cerqtit13)|LEVEL_OVER_RATE(pinj_33r|cerqtit13),VACUOUS,"at least one member is inadmissible, so no admissible support can contain the complete exact set; the constraint is well defined but has no binding instance"
